Time (s),HB (mM),Glu (mM),pH,label
0.1,0.10655,2.53575,7.57838,3
0.2,0.10657,2.53599,7.57839,3
0.3,0.10659,2.53623,7.5784,3
0.4,0.10662,2.53647,7.57841,3
0.5,0.10664,2.5367,7.57842,3
0.6,0.10666,2.53694,7.57843,3
0.7,0.10668,2.53718,7.57844,3
0.8,0.1067,2.53741,7.57845,3
0.9,0.10673,2.53764,7.57846,3
1,0.10675,2.53788,7.57847,3
1.1,0.10677,2.53811,7.57848,3
1.2,0.10679,2.53834,7.57849,3
1.3,0.10681,2.53857,7.57849,3
1.4,0.10683,2.5388,7.5785,3
1.5,0.10686,2.53902,7.57851,3
1.6,0.10688,2.53925,7.57852,3
1.7,0.1069,2.53948,7.57852,3
1.8,0.10692,2.5397,7.57853,3
1.9,0.10694,2.53993,7.57854,3
2,0.10696,2.54015,7.57854,3
2.1,0.10699,2.54037,7.57855,3
2.2,0.10701,2.54059,7.57855,3
2.3,0.10703,2.54081,7.57856,3
2.4,0.10705,2.54103,7.57856,3
2.5,0.10707,2.54125,7.57857,3
2.6,0.10709,2.54147,7.57857,3
2.7,0.10711,2.54168,7.57858,3
2.8,0.10713,2.5419,7.57858,3
2.9,0.10716,2.54211,7.57858,3
3,0.10718,2.54233,7.57859,3
3.1,0.1072,2.54254,7.57859,3
3.2,0.10722,2.54275,7.57859,3
3.3,0.10724,2.54296,7.5786,3
3.4,0.10726,2.54317,7.5786,3
3.5,0.10728,2.54338,7.5786,3
3.6,0.1073,2.54359,7.57861,3
3.7,0.10732,2.5438,7.57861,3
3.8,0.10734,2.544,7.57861,3
3.9,0.10737,2.54421,7.57861,3
4,0.10739,2.54441,7.57861,3
4.1,0.10741,2.54462,7.57861,3
4.2,0.10743,2.54482,7.57861,3
4.3,0.10745,2.54502,7.57861,3
4.4,0.10747,2.54522,7.57862,3
4.5,0.10749,2.54542,7.57862,3
4.6,0.10751,2.54562,7.57862,3
4.7,0.10753,2.54582,7.57862,3
4.8,0.10755,2.54602,7.57861,3
4.9,0.10757,2.54621,7.57861,3
5,0.10759,2.54641,7.57861,3
5.1,0.10761,2.5466,7.57861,3
5.2,0.10763,2.5468,7.57861,3
5.3,0.10765,2.54699,7.57861,3
5.4,0.10767,2.54718,7.57861,3
5.5,0.10769,2.54737,7.57861,3
5.6,0.10771,2.54756,7.5786,3
5.7,0.10773,2.54775,7.5786,3
5.8,0.10775,2.54794,7.5786,3
5.9,0.10777,2.54813,7.5786,3
6,0.10779,2.54832,7.57859,3
6.1,0.10781,2.5485,7.57859,3
6.2,0.10783,2.54869,7.57859,3
6.3,0.10785,2.54887,7.57858,3
6.4,0.10787,2.54906,7.57858,3
6.5,0.10789,2.54924,7.57858,3
6.6,0.10791,2.54942,7.57857,3
6.7,0.10793,2.5496,7.57857,3
6.8,0.10795,2.54978,7.57856,3
6.9,0.10797,2.54996,7.57856,3
7,0.10799,2.55014,7.57856,3
7.1,0.10801,2.55032,7.57855,3
7.2,0.10803,2.55049,7.57855,3
7.3,0.10805,2.55067,7.57854,3
7.4,0.10807,2.55085,7.57853,3
7.5,0.10809,2.55102,7.57853,3
7.6,0.10811,2.55119,7.57852,3
7.7,0.10813,2.55137,7.57852,3
7.8,0.10815,2.55154,7.57851,3
7.9,0.10817,2.55171,7.5785,3
8,0.10818,2.55188,7.5785,3
8.1,0.1082,2.55205,7.57849,3
8.2,0.10822,2.55222,7.57848,3
8.3,0.10824,2.55238,7.57848,3
8.4,0.10826,2.55255,7.57847,3
8.5,0.10828,2.55272,7.57846,3
8.6,0.1083,2.55288,7.57846,3
8.7,0.10832,2.55305,7.57845,3
8.8,0.10834,2.55321,7.57844,3
8.9,0.10836,2.55337,7.57843,3
9,0.10837,2.55354,7.57842,3
9.1,0.10839,2.5537,7.57842,3
9.2,0.10841,2.55386,7.57841,3
9.3,0.10843,2.55402,7.5784,3
9.4,0.10845,2.55418,7.57839,3
9.5,0.10847,2.55433,7.57838,3
9.6,0.10849,2.55449,7.57837,3
9.7,0.1085,2.55465,7.57836,3
9.8,0.10852,2.5548,7.57835,3
9.9,0.10854,2.55496,7.57834,3
10,0.10856,2.55511,7.57833,3
10.1,0.10858,2.55527,7.57832,3
10.2,0.1086,2.55542,7.57831,3
10.3,0.10861,2.55557,7.5783,3
10.4,0.10863,2.55572,7.57829,3
10.5,0.10865,2.55587,7.57828,3
10.6,0.10867,2.55602,7.57827,3
10.7,0.10869,2.55617,7.57826,3
10.8,0.10871,2.55632,7.57825,3
10.9,0.10872,2.55646,7.57824,3
11,0.10874,2.55661,7.57823,3
11.1,0.10876,2.55676,7.57822,3
11.2,0.10878,2.5569,7.57821,3
11.3,0.10879,2.55704,7.5782,3
11.4,0.10881,2.55719,7.57818,3
11.5,0.10883,2.55733,7.57817,3
11.6,0.10885,2.55747,7.57816,3
11.7,0.10887,2.55761,7.57815,3
11.8,0.10888,2.55775,7.57814,3
11.9,0.1089,2.55789,7.57812,3
12,0.10892,2.55803,7.57811,3
12.1,0.10894,2.55817,7.5781,3
12.2,0.10895,2.55831,7.57809,3
12.3,0.10897,2.55844,7.57807,3
12.4,0.10899,2.55858,7.57806,3
12.5,0.109,2.55871,7.57805,3
12.6,0.10902,2.55885,7.57803,3
12.7,0.10904,2.55898,7.57802,3
12.8,0.10906,2.55912,7.57801,3
12.9,0.10907,2.55925,7.57799,3
13,0.10909,2.55938,7.57798,3
13.1,0.10911,2.55951,7.57797,3
13.2,0.10912,2.55964,7.57795,3
13.3,0.10914,2.55977,7.57794,3
13.4,0.10916,2.5599,7.57792,3
13.5,0.10917,2.56002,7.57791,3
13.6,0.10919,2.56015,7.57789,3
13.7,0.10921,2.56028,7.57788,3
13.8,0.10922,2.5604,7.57787,3
13.9,0.10924,2.56053,7.57785,3
14,0.10926,2.56065,7.57784,3
14.1,0.10927,2.56078,7.57782,3
14.2,0.10929,2.5609,7.57781,3
14.3,0.10931,2.56102,7.57779,3
14.4,0.10932,2.56114,7.57778,3
14.5,0.10934,2.56126,7.57776,3
14.6,0.10936,2.56138,7.57775,3
14.7,0.10937,2.5615,7.57773,3
14.8,0.10939,2.56162,7.57771,3
14.9,0.10941,2.56174,7.5777,3
15,0.10942,2.56185,7.57768,3
15.1,0.10944,2.56197,7.57767,3
15.2,0.10945,2.56209,7.57765,3
15.3,0.10947,2.5622,7.57763,3
15.4,0.10949,2.56232,7.57762,3
15.5,0.1095,2.56243,7.5776,3
15.6,0.10952,2.56254,7.57759,3
15.7,0.10953,2.56265,7.57757,3
15.8,0.10955,2.56277,7.57755,3
15.9,0.10956,2.56288,7.57754,3
16,0.10958,2.56299,7.57752,3
16.1,0.1096,2.5631,7.5775,3
16.2,0.10961,2.56321,7.57749,3
16.3,0.10963,2.56331,7.57747,3
16.4,0.10964,2.56342,7.57745,3
16.5,0.10966,2.56353,7.57743,3
16.6,0.10967,2.56363,7.57742,3
16.7,0.10969,2.56374,7.5774,3
16.8,0.1097,2.56384,7.57738,3
16.9,0.10972,2.56395,7.57737,3
17,0.10973,2.56405,7.57735,3
17.1,0.10975,2.56416,7.57733,3
17.2,0.10976,2.56426,7.57731,3
17.3,0.10978,2.56436,7.57729,3
17.4,0.10979,2.56446,7.57728,3
17.5,0.10981,2.56456,7.57726,3
17.6,0.10982,2.56466,7.57724,3
17.7,0.10984,2.56476,7.57722,3
17.8,0.10985,2.56486,7.5772,3
17.9,0.10987,2.56495,7.57719,3
18,0.10988,2.56505,7.57717,3
18.1,0.1099,2.56515,7.57715,3
18.2,0.10991,2.56524,7.57713,3
18.3,0.10993,2.56534,7.57711,3
18.4,0.10994,2.56543,7.57709,3
18.5,0.10996,2.56553,7.57708,3
18.6,0.10997,2.56562,7.57706,3
18.7,0.10998,2.56571,7.57704,3
18.8,0.11,2.5658,7.57702,3
18.9,0.11001,2.5659,7.577,3
19,0.11003,2.56599,7.57698,3
19.1,0.11004,2.56608,7.57696,3
19.2,0.11006,2.56617,7.57694,3
19.3,0.11007,2.56625,7.57692,3
19.4,0.11008,2.56634,7.5769,3
19.5,0.1101,2.56643,7.57689,3
19.6,0.11011,2.56652,7.57687,3
19.7,0.11013,2.5666,7.57685,3
19.8,0.11014,2.56669,7.57683,3
19.9,0.11015,2.56677,7.57681,3
20,0.11017,2.56686,7.57679,3
20.1,0.11018,2.56694,7.57677,3
20.2,0.11019,2.56702,7.57675,3
20.3,0.11021,2.56711,7.57673,3
20.4,0.11022,2.56719,7.57671,3
20.5,0.11023,2.56727,7.57669,3
20.6,0.11025,2.56735,7.57667,3
20.7,0.11026,2.56743,7.57665,3
20.8,0.11028,2.56751,7.57663,3
20.9,0.11029,2.56759,7.57661,3
21,0.1103,2.56767,7.57659,3
21.1,0.11031,2.56775,7.57657,3
21.2,0.11033,2.56782,7.57655,3
21.3,0.11034,2.5679,7.57653,3
21.4,0.11035,2.56798,7.57651,3
21.5,0.11037,2.56805,7.57649,3
21.6,0.11038,2.56813,7.57647,3
21.7,0.11039,2.5682,7.57645,3
21.8,0.11041,2.56827,7.57643,3
21.9,0.11042,2.56835,7.57641,3
22,0.11043,2.56842,7.57639,3
22.1,0.11044,2.56849,7.57637,3
22.2,0.11046,2.56856,7.57635,3
22.3,0.11047,2.56863,7.57633,3
22.4,0.11048,2.5687,7.5763,3
22.5,0.11049,2.56877,7.57628,3
22.6,0.11051,2.56884,7.57626,3
22.7,0.11052,2.56891,7.57624,3
22.8,0.11053,2.56898,7.57622,3
22.9,0.11054,2.56905,7.5762,3
23,0.11056,2.56911,7.57618,3
23.1,0.11057,2.56918,7.57616,3
23.2,0.11058,2.56925,7.57614,3
23.3,0.11059,2.56931,7.57612,3
23.4,0.1106,2.56938,7.5761,3
23.5,0.11062,2.56944,7.57608,3
23.6,0.11063,2.5695,7.57606,3
23.7,0.11064,2.56957,7.57603,3
23.8,0.11065,2.56963,7.57601,3
23.9,0.11066,2.56969,7.57599,3
24,0.11068,2.56975,7.57597,3
24.1,0.11069,2.56981,7.57595,3
24.2,0.1107,2.56987,7.57593,3
24.3,0.11071,2.56993,7.57591,3
24.4,0.11072,2.56999,7.57589,3
24.5,0.11073,2.57005,7.57587,3
24.6,0.11075,2.57011,7.57584,3
24.7,0.11076,2.57016,7.57582,3
24.8,0.11077,2.57022,7.5758,3
24.9,0.11078,2.57028,7.57578,3
25,0.11079,2.57033,7.57576,3
25.1,0.1108,2.57039,7.57574,3
25.2,0.11081,2.57044,7.57572,3
25.3,0.11083,2.5705,7.5757,3
25.4,0.11084,2.57055,7.57567,3
25.5,0.11085,2.57061,7.57565,3
25.6,0.11086,2.57066,7.57563,3
25.7,0.11087,2.57071,7.57561,3
25.8,0.11088,2.57076,7.57559,3
25.9,0.11089,2.57081,7.57557,3
26,0.1109,2.57086,7.57555,3
26.1,0.11091,2.57091,7.57552,3
26.2,0.11092,2.57096,7.5755,3
26.3,0.11093,2.57101,7.57548,3
26.4,0.11094,2.57106,7.57546,3
26.5,0.11095,2.57111,7.57544,3
26.6,0.11097,2.57116,7.57542,3
26.7,0.11098,2.5712,7.5754,3
26.8,0.11099,2.57125,7.57537,3
26.9,0.111,2.5713,7.57535,3
27,0.11101,2.57134,7.57533,3
27.1,0.11102,2.57139,7.57531,3
27.2,0.11103,2.57143,7.57529,3
27.3,0.11104,2.57148,7.57527,3
27.4,0.11105,2.57152,7.57524,3
27.5,0.11106,2.57156,7.57522,3
27.6,0.11107,2.5716,7.5752,3
27.7,0.11108,2.57165,7.57518,3
27.8,0.11109,2.57169,7.57516,3
27.9,0.1111,2.57173,7.57514,3
28,0.11111,2.57177,7.57512,3
28.1,0.11112,2.57181,7.57509,3
28.2,0.11113,2.57185,7.57507,3
28.3,0.11114,2.57189,7.57505,3
28.4,0.11115,2.57193,7.57503,3
28.5,0.11116,2.57197,7.57501,3
28.6,0.11117,2.572,7.57499,3
28.7,0.11117,2.57204,7.57497,3
28.8,0.11118,2.57208,7.57494,3
28.9,0.11119,2.57211,7.57492,3
29,0.1112,2.57215,7.5749,3
29.1,0.11121,2.57219,7.57488,3
29.2,0.11122,2.57222,7.57486,3
29.3,0.11123,2.57225,7.57484,3
29.4,0.11124,2.57229,7.57481,3
29.5,0.11125,2.57232,7.57479,3
29.6,0.11126,2.57235,7.57477,3
29.7,0.11127,2.57239,7.57475,3
29.8,0.11128,2.57242,7.57473,3
29.9,0.11128,2.57245,7.57471,3
30,0.11129,2.57248,7.57469,3
30.1,0.1113,2.57251,7.57467,3
30.2,0.11131,2.57254,7.57464,3
30.3,0.11132,2.57257,7.57462,3
30.4,0.11133,2.5726,7.5746,3
30.5,0.11134,2.57263,7.57458,3
30.6,0.11135,2.57266,7.57456,3
30.7,0.11135,2.57269,7.57454,3
30.8,0.11136,2.57272,7.57452,3
30.9,0.11137,2.57274,7.57449,3
31,0.11138,2.57277,7.57447,3
31.1,0.11139,2.5728,7.57445,3
31.2,0.1114,2.57282,7.57443,3
31.3,0.1114,2.57285,7.57441,3
31.4,0.11141,2.57287,7.57439,3
31.5,0.11142,2.5729,7.57437,3
31.6,0.11143,2.57292,7.57435,3
31.7,0.11144,2.57294,7.57433,3
31.8,0.11144,2.57297,7.5743,3
31.9,0.11145,2.57299,7.57428,3
32,0.11146,2.57301,7.57426,3
32.1,0.11147,2.57303,7.57424,3
32.2,0.11148,2.57306,7.57422,3
32.3,0.11148,2.57308,7.5742,3
32.4,0.11149,2.5731,7.57418,3
32.5,0.1115,2.57312,7.57416,3
32.6,0.11151,2.57314,7.57414,3
32.7,0.11151,2.57316,7.57412,3
32.8,0.11152,2.57318,7.5741,3
32.9,0.11153,2.5732,7.57407,3
33,0.11154,2.57321,7.57405,3
33.1,0.11154,2.57323,7.57403,3
33.2,0.11155,2.57325,7.57401,3
33.3,0.11156,2.57327,7.57399,3
33.4,0.11156,2.57328,7.57397,3
33.5,0.11157,2.5733,7.57395,3
33.6,0.11158,2.57331,7.57393,3
33.7,0.11159,2.57333,7.57391,3
33.8,0.11159,2.57334,7.57389,3
33.9,0.1116,2.57336,7.57387,3
34,0.11161,2.57337,7.57385,3
34.1,0.11161,2.57339,7.57383,3
34.2,0.11162,2.5734,7.57381,3
34.3,0.11163,2.57341,7.57379,3
34.4,0.11163,2.57343,7.57377,3
34.5,0.11164,2.57344,7.57375,3
34.6,0.11165,2.57345,7.57373,3
34.7,0.11165,2.57346,7.57371,3
34.8,0.11166,2.57347,7.57368,3
34.9,0.11167,2.57348,7.57366,3
35,0.11167,2.57349,7.57364,3
35.1,0.11168,2.5735,7.57362,3
35.2,0.11169,2.57351,7.5736,3
35.3,0.11169,2.57352,7.57358,3
35.4,0.1117,2.57353,7.57356,3
35.5,0.1117,2.57354,7.57354,3
35.6,0.11171,2.57355,7.57352,3
35.7,0.11172,2.57355,7.5735,3
35.8,0.11172,2.57356,7.57348,3
35.9,0.11173,2.57357,7.57347,3
36,0.11173,2.57357,7.57345,3
36.1,0.11174,2.57358,7.57343,3
36.2,0.11175,2.57359,7.57341,3
36.3,0.11175,2.57359,7.57339,3
36.4,0.11176,2.5736,7.57337,3
36.5,0.11176,2.5736,7.57335,3
36.6,0.11177,2.5736,7.57333,3
36.7,0.11177,2.57361,7.57331,3
36.8,0.11178,2.57361,7.57329,3
36.9,0.11179,2.57361,7.57327,3
37,0.11179,2.57362,7.57325,3
37.1,0.1118,2.57362,7.57323,3
37.2,0.1118,2.57362,7.57321,3
37.3,0.11181,2.57362,7.57319,3
37.4,0.11181,2.57362,7.57317,3
37.5,0.11182,2.57363,7.57315,3
37.6,0.11182,2.57363,7.57313,3
37.7,0.11183,2.57363,7.57312,3
37.8,0.11183,2.57363,7.5731,3
37.9,0.11184,2.57363,7.57308,3
38,0.11184,2.57363,7.57306,3
38.1,0.11185,2.57362,7.57304,3
38.2,0.11185,2.57362,7.57302,3
38.3,0.11186,2.57362,7.573,3
38.4,0.11186,2.57362,7.57298,3
38.5,0.11187,2.57362,7.57297,3
38.6,0.11187,2.57361,7.57295,3
38.7,0.11188,2.57361,7.57293,3
38.8,0.11188,2.57361,7.57291,3
38.9,0.11189,2.5736,7.57289,3
39,0.11189,2.5736,7.57287,3
39.1,0.1119,2.5736,7.57285,3
39.2,0.1119,2.57359,7.57284,3
39.3,0.1119,2.57359,7.57282,3
39.4,0.11191,2.57358,7.5728,3
39.5,0.11191,2.57357,7.57278,3
39.6,0.11192,2.57357,7.57276,3
39.7,0.11192,2.57356,7.57275,3
39.8,0.11193,2.57355,7.57273,3
39.9,0.11193,2.57355,7.57271,3
40,0.11193,2.57354,7.57269,3
40.1,0.11194,2.57353,7.57267,3
40.2,0.11194,2.57352,7.57266,3
40.3,0.11195,2.57352,7.57264,3
40.4,0.11195,2.57351,7.57262,3
40.5,0.11195,2.5735,7.5726,3
40.6,0.11196,2.57349,7.57259,3
40.7,0.11196,2.57348,7.57257,3
40.8,0.11197,2.57347,7.57255,3
40.9,0.11197,2.57346,7.57253,3
41,0.11197,2.57345,7.57252,3
41.1,0.11198,2.57344,7.5725,3
41.2,0.11198,2.57343,7.57248,3
41.3,0.11198,2.57342,7.57246,3
41.4,0.11199,2.5734,7.57245,3
41.5,0.11199,2.57339,7.57243,3
41.6,0.11199,2.57338,7.57241,3
41.7,0.112,2.57337,7.5724,3
41.8,0.112,2.57335,7.57238,3
41.9,0.112,2.57334,7.57236,3
42,0.11201,2.57333,7.57235,3
42.1,0.11201,2.57331,7.57233,3
42.2,0.11201,2.5733,7.57231,3
42.3,0.11202,2.57329,7.5723,3
42.4,0.11202,2.57327,7.57228,3
42.5,0.11202,2.57326,7.57226,3
42.6,0.11202,2.57324,7.57225,3
42.7,0.11203,2.57323,7.57223,3
42.8,0.11203,2.57321,7.57221,3
42.9,0.11203,2.57319,7.5722,3
43,0.11204,2.57318,7.57218,3
43.1,0.11204,2.57316,7.57217,3
43.2,0.11204,2.57314,7.57215,3
43.3,0.11204,2.57313,7.57213,3
43.4,0.11205,2.57311,7.57212,3
43.5,0.11205,2.57309,7.5721,3
43.6,0.11205,2.57307,7.57209,3
43.7,0.11205,2.57306,7.57207,3
43.8,0.11206,2.57304,7.57205,3
43.9,0.11206,2.57302,7.57204,3
44,0.11206,2.573,7.57202,3
44.1,0.11206,2.57298,7.57201,3
44.2,0.11207,2.57296,7.57199,3
44.3,0.11207,2.57294,7.57198,3
44.4,0.11207,2.57292,7.57196,3
44.5,0.11207,2.5729,7.57195,3
44.6,0.11207,2.57288,7.57193,3
44.7,0.11208,2.57286,7.57192,3
44.8,0.11208,2.57284,7.5719,3
44.9,0.11208,2.57281,7.57189,3
45,0.11208,2.57279,7.57187,3
45.1,0.11208,2.57277,7.57186,3
45.2,0.11209,2.57275,7.57184,3
45.3,0.11209,2.57273,7.57183,3
45.4,0.11209,2.5727,7.57181,3
45.5,0.11209,2.57268,7.5718,3
45.6,0.11209,2.57266,7.57178,3
45.7,0.11209,2.57263,7.57177,3
45.8,0.1121,2.57261,7.57176,3
45.9,0.1121,2.57259,7.57174,3
46,0.1121,2.57256,7.57173,3
46.1,0.1121,2.57254,7.57171,3
46.2,0.1121,2.57251,7.5717,3
46.3,0.1121,2.57249,7.57168,3
46.4,0.1121,2.57246,7.57167,3
46.5,0.11211,2.57244,7.57166,3
46.6,0.11211,2.57241,7.57164,3
46.7,0.11211,2.57239,7.57163,3
46.8,0.11211,2.57236,7.57162,3
46.9,0.11211,2.57233,7.5716,3
47,0.11211,2.57231,7.57159,3
47.1,0.11211,2.57228,7.57158,3
47.2,0.11211,2.57225,7.57156,3
47.3,0.11212,2.57222,7.57155,3
47.4,0.11212,2.5722,7.57154,3
47.5,0.11212,2.57217,7.57152,3
47.6,0.11212,2.57214,7.57151,3
47.7,0.11212,2.57211,7.5715,3
47.8,0.11212,2.57208,7.57148,3
47.9,0.11212,2.57206,7.57147,3
48,0.11212,2.57203,7.57146,3
48.1,0.11212,2.572,7.57144,3
48.2,0.11212,2.57197,7.57143,3
48.3,0.11212,2.57194,7.57142,3
48.4,0.11212,2.57191,7.57141,3
48.5,0.11212,2.57188,7.57139,3
48.6,0.11212,2.57185,7.57138,3
48.7,0.11212,2.57182,7.57137,3
48.8,0.11212,2.57179,7.57136,3
48.9,0.11212,2.57176,7.57134,3
49,0.11213,2.57173,7.57133,3
49.1,0.11213,2.5717,7.57132,3
49.2,0.11213,2.57166,7.57131,3
49.3,0.11213,2.57163,7.5713,3
49.4,0.11213,2.5716,7.57128,3
49.5,0.11213,2.57157,7.57127,3
49.6,0.11213,2.57154,7.57126,3
49.7,0.11213,2.5715,7.57125,3
49.8,0.11213,2.57147,7.57124,3
49.9,0.11213,2.57144,7.57123,3
50,0.11213,2.5714,7.57122,3
50.1,0.11213,2.57137,7.5712,3
50.2,0.11213,2.57134,7.57119,3
50.3,0.11213,2.5713,7.57118,3
50.4,0.11213,2.57127,7.57117,3
50.5,0.11212,2.57124,7.57116,3
50.6,0.11212,2.5712,7.57115,3
50.7,0.11212,2.57117,7.57114,3
50.8,0.11212,2.57113,7.57113,3
50.9,0.11212,2.5711,7.57112,3
51,0.11212,2.57106,7.57111,3
51.1,0.11212,2.57103,7.5711,3
51.2,0.11212,2.57099,7.57108,3
51.3,0.11212,2.57096,7.57107,3
51.4,0.11212,2.57092,7.57106,3
51.5,0.11212,2.57088,7.57105,3
51.6,0.11212,2.57085,7.57104,3
51.7,0.11212,2.57081,7.57103,3
51.8,0.11212,2.57078,7.57102,3
51.9,0.11212,2.57074,7.57101,3
52,0.11212,2.5707,7.571,3
52.1,0.11212,2.57067,7.57099,3
52.2,0.11211,2.57063,7.57098,3
52.3,0.11211,2.57059,7.57097,3
52.4,0.11211,2.57055,7.57096,3
52.5,0.11211,2.57052,7.57095,3
52.6,0.11211,2.57048,7.57095,3
52.7,0.11211,2.57044,7.57094,3
52.8,0.11211,2.5704,7.57093,3
52.9,0.11211,2.57036,7.57092,3
53,0.11211,2.57032,7.57091,3
53.1,0.1121,2.57029,7.5709,3
53.2,0.1121,2.57025,7.57089,3
53.3,0.1121,2.57021,7.57088,3
53.4,0.1121,2.57017,7.57087,3
53.5,0.1121,2.57013,7.57086,3
53.6,0.1121,2.57009,7.57086,3
53.7,0.1121,2.57005,7.57085,3
53.8,0.11209,2.57001,7.57084,3
53.9,0.11209,2.56997,7.57083,3
54,0.11209,2.56993,7.57082,3
54.1,0.11209,2.56989,7.57081,3
54.2,0.11209,2.56985,7.5708,3
54.3,0.11209,2.56981,7.5708,3
54.4,0.11209,2.56977,7.57079,3
54.5,0.11208,2.56973,7.57078,3
54.6,0.11208,2.56968,7.57077,3
54.7,0.11208,2.56964,7.57076,3
54.8,0.11208,2.5696,7.57076,3
54.9,0.11208,2.56956,7.57075,3
55,0.11207,2.56952,7.57074,3
55.1,0.11207,2.56948,7.57073,3
55.2,0.11207,2.56943,7.57073,3
55.3,0.11207,2.56939,7.57072,3
55.4,0.11207,2.56935,7.57071,3
55.5,0.11206,2.56931,7.5707,3
55.6,0.11206,2.56927,7.5707,3
55.7,0.11206,2.56922,7.57069,3
55.8,0.11206,2.56918,7.57068,3
55.9,0.11206,2.56914,7.57068,3
56,0.11205,2.56909,7.57067,3
56.1,0.11205,2.56905,7.57066,3
56.2,0.11205,2.56901,7.57066,3
56.3,0.11205,2.56896,7.57065,3
56.4,0.11204,2.56892,7.57064,3
56.5,0.11204,2.56888,7.57064,3
56.6,0.11204,2.56883,7.57063,3
56.7,0.11204,2.56879,7.57062,3
56.8,0.11203,2.56874,7.57062,3
56.9,0.11203,2.5687,7.57061,3
57,0.11203,2.56866,7.5706,3
57.1,0.11203,2.56861,7.5706,3
57.2,0.11202,2.56857,7.57059,3
57.3,0.11202,2.56852,7.57059,3
57.4,0.11202,2.56848,7.57058,3
57.5,0.11202,2.56843,7.57058,3
57.6,0.11201,2.56839,7.57057,3
57.7,0.11201,2.56834,7.57056,3
57.8,0.11201,2.5683,7.57056,3
57.9,0.112,2.56825,7.57055,3
58,0.112,2.5682,7.57055,3
58.1,0.112,2.56816,7.57054,3
58.2,0.112,2.56811,7.57054,3
58.3,0.11199,2.56807,7.57053,3
58.4,0.11199,2.56802,7.57053,3
58.5,0.11199,2.56797,7.57052,3
58.6,0.11198,2.56793,7.57052,3
58.7,0.11198,2.56788,7.57051,3
58.8,0.11198,2.56783,7.57051,3
58.9,0.11197,2.56779,7.5705,3
59,0.11197,2.56774,7.5705,3
59.1,0.11197,2.56769,7.57049,3
59.2,0.11197,2.56765,7.57049,3
59.3,0.11196,2.5676,7.57048,3
59.4,0.11196,2.56755,7.57048,3
59.5,0.11196,2.56751,7.57048,3
59.6,0.11195,2.56746,7.57047,3
59.7,0.11195,2.56741,7.57047,3
59.8,0.11195,2.56736,7.57046,3
59.9,0.11194,2.56732,7.57046,3
60,0.11194,2.56727,7.57046,3
60.1,0.11193,2.56722,7.57045,3
60.2,0.11193,2.56717,7.57045,3
60.3,0.11193,2.56712,7.57045,3
60.4,0.11192,2.56708,7.57044,3
60.5,0.11192,2.56703,7.57044,3
60.6,0.11192,2.56698,7.57044,3
60.7,0.11191,2.56693,7.57043,3
60.8,0.11191,2.56688,7.57043,3
60.9,0.11191,2.56683,7.57043,3
61,0.1119,2.56679,7.57042,3
61.1,0.1119,2.56674,7.57042,3
61.2,0.11189,2.56669,7.57042,3
61.3,0.11189,2.56664,7.57041,3
61.4,0.11189,2.56659,7.57041,3
61.5,0.11188,2.56654,7.57041,3
61.6,0.11188,2.56649,7.57041,3
61.7,0.11188,2.56644,7.5704,3
61.8,0.11187,2.56639,7.5704,3
61.9,0.11187,2.56634,7.5704,3
62,0.11186,2.56629,7.5704,3
62.1,0.11186,2.56624,7.57039,3
62.2,0.11186,2.56619,7.57039,3
62.3,0.11185,2.56614,7.57039,3
62.4,0.11185,2.56609,7.57039,3
62.5,0.11184,2.56604,7.57038,3
62.6,0.11184,2.56599,7.57038,3
62.7,0.11183,2.56594,7.57038,3
62.8,0.11183,2.56589,7.57038,3
62.9,0.11183,2.56584,7.57038,3
63,0.11182,2.56579,7.57038,3
63.1,0.11182,2.56574,7.57037,3
63.2,0.11181,2.56569,7.57037,3
63.3,0.11181,2.56564,7.57037,3
63.4,0.1118,2.56559,7.57037,3
63.5,0.1118,2.56554,7.57037,3
63.6,0.1118,2.56549,7.57037,3
63.7,0.11179,2.56544,7.57037,3
63.8,0.11179,2.56539,7.57037,3
63.9,0.11178,2.56534,7.57037,3
64,0.11178,2.56529,7.57036,3
64.1,0.11177,2.56524,7.57036,3
64.2,0.11177,2.56518,7.57036,3
64.3,0.11176,2.56513,7.57036,3
64.4,0.11176,2.56508,7.57036,3
64.5,0.11175,2.56503,7.57036,3
64.6,0.11175,2.56498,7.57036,3
64.7,0.11175,2.56493,7.57036,3
64.8,0.11174,2.56488,7.57036,3
64.9,0.11174,2.56483,7.57036,3
65,0.11173,2.56477,7.57036,3
65.1,0.11173,2.56472,7.57036,3
65.2,0.11172,2.56467,7.57036,3
65.3,0.11172,2.56462,7.57036,3
65.4,0.11171,2.56457,7.57036,3
65.5,0.11171,2.56452,7.57036,3
65.6,0.1117,2.56446,7.57036,3
65.7,0.1117,2.56441,7.57036,3
65.8,0.11169,2.56436,7.57036,3
65.9,0.11169,2.56431,7.57036,3
66,0.11168,2.56426,7.57036,3
66.1,0.11168,2.5642,7.57036,3
66.2,0.11167,2.56415,7.57036,3
66.3,0.11167,2.5641,7.57036,3
66.4,0.11166,2.56405,7.57036,3
66.5,0.11166,2.564,7.57037,3
66.6,0.11165,2.56394,7.57037,3
66.7,0.11165,2.56389,7.57037,3
66.8,0.11164,2.56384,7.57037,3
66.9,0.11164,2.56379,7.57037,3
67,0.11163,2.56373,7.57037,3
67.1,0.11163,2.56368,7.57037,3
67.2,0.11162,2.56363,7.57037,3
67.3,0.11161,2.56358,7.57038,3
67.4,0.11161,2.56352,7.57038,3
67.5,0.1116,2.56347,7.57038,3
67.6,0.1116,2.56342,7.57038,3
67.7,0.11159,2.56337,7.57038,3
67.8,0.11159,2.56331,7.57038,3
67.9,0.11158,2.56326,7.57039,3
68,0.11158,2.56321,7.57039,3
68.1,0.11157,2.56315,7.57039,3
68.2,0.11157,2.5631,7.57039,3
68.3,0.11156,2.56305,7.57039,3
68.4,0.11156,2.563,7.5704,3
68.5,0.11155,2.56294,7.5704,3
68.6,0.11154,2.56289,7.5704,3
68.7,0.11154,2.56284,7.5704,3
68.8,0.11153,2.56278,7.57041,3
68.9,0.11153,2.56273,7.57041,3
69,0.11152,2.56268,7.57041,3
69.1,0.11152,2.56263,7.57041,3
69.2,0.11151,2.56257,7.57042,3
69.3,0.11151,2.56252,7.57042,3
69.4,0.1115,2.56247,7.57042,3
69.5,0.11149,2.56241,7.57042,3
69.6,0.11149,2.56236,7.57043,3
69.7,0.11148,2.56231,7.57043,3
69.8,0.11148,2.56225,7.57043,3
69.9,0.11147,2.5622,7.57044,3
70,0.11146,2.56215,7.57044,3
70.1,0.11146,2.56209,7.57044,3
70.2,0.11145,2.56204,7.57045,3
70.3,0.11145,2.56199,7.57045,3
70.4,0.11144,2.56193,7.57045,3
70.5,0.11144,2.56188,7.57046,3
70.6,0.11143,2.56183,7.57046,3
70.7,0.11142,2.56177,7.57046,3
70.8,0.11142,2.56172,7.57047,3
70.9,0.11141,2.56167,7.57047,3
71,0.11141,2.56161,7.57048,3
71.1,0.1114,2.56156,7.57048,3
71.2,0.11139,2.56151,7.57048,3
71.3,0.11139,2.56146,7.57049,3
71.4,0.11138,2.5614,7.57049,3
71.5,0.11138,2.56135,7.5705,3
71.6,0.11137,2.5613,7.5705,3
71.7,0.11136,2.56124,7.5705,3
71.8,0.11136,2.56119,7.57051,3
71.9,0.11135,2.56114,7.57051,3
72,0.11135,2.56108,7.57052,3
72.1,0.11134,2.56103,7.57052,3
72.2,0.11133,2.56098,7.57053,3
72.3,0.11133,2.56092,7.57053,3
72.4,0.11132,2.56087,7.57054,3
72.5,0.11131,2.56082,7.57054,3
72.6,0.11131,2.56076,7.57055,3
72.7,0.1113,2.56071,7.57055,3
72.8,0.1113,2.56066,7.57056,3
72.9,0.11129,2.5606,7.57056,3
73,0.11128,2.56055,7.57057,3
73.1,0.11128,2.5605,7.57057,3
73.2,0.11127,2.56044,7.57058,3
73.3,0.11126,2.56039,7.57058,3
73.4,0.11126,2.56034,7.57059,3
73.5,0.11125,2.56028,7.57059,3
73.6,0.11125,2.56023,7.5706,3
73.7,0.11124,2.56018,7.5706,3
73.8,0.11123,2.56012,7.57061,3
73.9,0.11123,2.56007,7.57061,3
74,0.11122,2.56002,7.57062,3
74.1,0.11121,2.55996,7.57063,3
74.2,0.11121,2.55991,7.57063,3
74.3,0.1112,2.55986,7.57064,3
74.4,0.11119,2.55981,7.57064,3
74.5,0.11119,2.55975,7.57065,3
74.6,0.11118,2.5597,7.57066,3
74.7,0.11117,2.55965,7.57066,3
74.8,0.11117,2.55959,7.57067,3
74.9,0.11116,2.55954,7.57067,3
75,0.11115,2.55949,7.57068,3
75.1,0.11115,2.55943,7.57069,3
75.2,0.11114,2.55938,7.57069,3
75.3,0.11114,2.55933,7.5707,3
75.4,0.11113,2.55928,7.57071,3
75.5,0.11112,2.55922,7.57071,3
75.6,0.11112,2.55917,7.57072,3
75.7,0.11111,2.55912,7.57072,3
75.8,0.1111,2.55906,7.57073,3
75.9,0.1111,2.55901,7.57074,3
76,0.11109,2.55896,7.57075,3
76.1,0.11108,2.55891,7.57075,3
76.2,0.11108,2.55885,7.57076,3
76.3,0.11107,2.5588,7.57077,3
76.4,0.11106,2.55875,7.57077,3
76.5,0.11106,2.5587,7.57078,3
76.6,0.11105,2.55864,7.57079,3
76.7,0.11104,2.55859,7.57079,3
76.8,0.11104,2.55854,7.5708,3
76.9,0.11103,2.55849,7.57081,3
77,0.11102,2.55843,7.57082,3
77.1,0.11101,2.55838,7.57082,3
77.2,0.11101,2.55833,7.57083,3
77.3,0.111,2.55828,7.57084,3
77.4,0.11099,2.55823,7.57085,3
77.5,0.11099,2.55817,7.57085,3
77.6,0.11098,2.55812,7.57086,3
77.7,0.11097,2.55807,7.57087,3
77.8,0.11097,2.55802,7.57088,3
77.9,0.11096,2.55796,7.57088,3
78,0.11095,2.55791,7.57089,3
78.1,0.11095,2.55786,7.5709,3
78.2,0.11094,2.55781,7.57091,3
78.3,0.11093,2.55776,7.57091,3
78.4,0.11093,2.55771,7.57092,3
78.5,0.11092,2.55765,7.57093,3
78.6,0.11091,2.5576,7.57094,3
78.7,0.11091,2.55755,7.57095,3
78.8,0.1109,2.5575,7.57095,3
78.9,0.11089,2.55745,7.57096,3
79,0.11088,2.5574,7.57097,3
79.1,0.11088,2.55734,7.57098,3
79.2,0.11087,2.55729,7.57099,3
79.3,0.11086,2.55724,7.571,3
79.4,0.11086,2.55719,7.571,3
79.5,0.11085,2.55714,7.57101,3
79.6,0.11084,2.55709,7.57102,3
79.7,0.11084,2.55704,7.57103,3
79.8,0.11083,2.55698,7.57104,3
79.9,0.11082,2.55693,7.57105,3
80,0.11081,2.55688,7.57106,3
80.1,0.11081,2.55683,7.57106,3
80.2,0.1108,2.55678,7.57107,3
80.3,0.11079,2.55673,7.57108,3
80.4,0.11079,2.55668,7.57109,3
80.5,0.11078,2.55663,7.5711,3
80.6,0.11077,2.55658,7.57111,3
80.7,0.11077,2.55653,7.57112,3
80.8,0.11076,2.55648,7.57113,3
80.9,0.11075,2.55643,7.57114,3
81,0.11074,2.55638,7.57115,3
81.1,0.11074,2.55632,7.57115,3
81.2,0.11073,2.55627,7.57116,3
81.3,0.11072,2.55622,7.57117,3
81.4,0.11072,2.55617,7.57118,3
81.5,0.11071,2.55612,7.57119,3
81.6,0.1107,2.55607,7.5712,3
81.7,0.1107,2.55602,7.57121,3
81.8,0.11069,2.55597,7.57122,3
81.9,0.11068,2.55592,7.57123,3
82,0.11067,2.55587,7.57124,3
82.1,0.11067,2.55582,7.57125,3
82.2,0.11066,2.55577,7.57126,3
82.3,0.11065,2.55572,7.57127,3
82.4,0.11065,2.55568,7.57128,3
82.5,0.11064,2.55563,7.57129,3
82.6,0.11063,2.55558,7.5713,3
82.7,0.11062,2.55553,7.57131,3
82.8,0.11062,2.55548,7.57132,3
82.9,0.11061,2.55543,7.57133,3
83,0.1106,2.55538,7.57134,3
83.1,0.1106,2.55533,7.57135,3
83.2,0.11059,2.55528,7.57136,3
83.3,0.11058,2.55523,7.57137,3
83.4,0.11057,2.55518,7.57138,3
83.5,0.11057,2.55513,7.57139,3
83.6,0.11056,2.55509,7.5714,3
83.7,0.11055,2.55504,7.57141,3
83.8,0.11055,2.55499,7.57142,3
83.9,0.11054,2.55494,7.57143,3
84,0.11053,2.55489,7.57144,3
84.1,0.11052,2.55484,7.57145,3
84.2,0.11052,2.55479,7.57146,3
84.3,0.11051,2.55475,7.57147,3
84.4,0.1105,2.5547,7.57148,3
84.5,0.1105,2.55465,7.57149,3
84.6,0.11049,2.5546,7.5715,3
84.7,0.11048,2.55455,7.57151,3
84.8,0.11047,2.55451,7.57152,3
84.9,0.11047,2.55446,7.57153,3
85,0.11046,2.55441,7.57154,3
85.1,0.11045,2.55436,7.57155,3
85.2,0.11045,2.55432,7.57156,3
85.3,0.11044,2.55427,7.57157,3
85.4,0.11043,2.55422,7.57158,3
85.5,0.11042,2.55417,7.57159,3
85.6,0.11042,2.55413,7.5716,3
85.7,0.11041,2.55408,7.57161,3
85.8,0.1104,2.55403,7.57163,3
85.9,0.1104,2.55399,7.57164,3
86,0.11039,2.55394,7.57165,3
86.1,0.11038,2.55389,7.57166,3
86.2,0.11037,2.55385,7.57167,3
86.3,0.11037,2.5538,7.57168,3
86.4,0.11036,2.55375,7.57169,3
86.5,0.11035,2.55371,7.5717,3
86.6,0.11035,2.55366,7.57171,3
86.7,0.11034,2.55361,7.57172,3
86.8,0.11033,2.55357,7.57173,3
86.9,0.11032,2.55352,7.57175,3
87,0.11032,2.55348,7.57176,3
87.1,0.11031,2.55343,7.57177,3
87.2,0.1103,2.55338,7.57178,3
87.3,0.1103,2.55334,7.57179,3
87.4,0.11029,2.55329,7.5718,3
87.5,0.11028,2.55325,7.57181,3
87.6,0.11027,2.5532,7.57182,3
87.7,0.11027,2.55316,7.57184,3
87.8,0.11026,2.55311,7.57185,3
87.9,0.11025,2.55307,7.57186,3
88,0.11025,2.55302,7.57187,3
88.1,0.11024,2.55298,7.57188,3
88.2,0.11023,2.55293,7.57189,3
88.3,0.11022,2.55289,7.5719,3
88.4,0.11022,2.55284,7.57191,3
88.5,0.11021,2.5528,7.57193,3
88.6,0.1102,2.55275,7.57194,3
88.7,0.1102,2.55271,7.57195,3
88.8,0.11019,2.55266,7.57196,3
88.9,0.11018,2.55262,7.57197,3
89,0.11018,2.55258,7.57198,3
89.1,0.11017,2.55253,7.572,3
89.2,0.11016,2.55249,7.57201,3
89.3,0.11015,2.55244,7.57202,3
89.4,0.11015,2.5524,7.57203,3
89.5,0.11014,2.55236,7.57204,3
89.6,0.11013,2.55231,7.57205,3
89.7,0.11013,2.55227,7.57207,3
89.8,0.11012,2.55223,7.57208,3
89.9,0.11011,2.55218,7.57209,3
90,0.1101,2.55214,7.5721,3
90.1,0.1101,2.5521,7.57211,3
90.2,0.11009,2.55205,7.57212,3
90.3,0.11008,2.55201,7.57214,3
90.4,0.11008,2.55197,7.57215,3
90.5,0.11007,2.55193,7.57216,3
90.6,0.11006,2.55188,7.57217,3
90.7,0.11006,2.55184,7.57218,3
90.8,0.11005,2.5518,7.57219,3
90.9,0.11004,2.55176,7.57221,3
91,0.11004,2.55172,7.57222,3
91.1,0.11003,2.55167,7.57223,3
91.2,0.11002,2.55163,7.57224,3
91.3,0.11001,2.55159,7.57225,3
91.4,0.11001,2.55155,7.57227,3
91.5,0.11,2.55151,7.57228,3
91.6,0.10999,2.55147,7.57229,3
91.7,0.10999,2.55142,7.5723,3
91.8,0.10998,2.55138,7.57231,3
91.9,0.10997,2.55134,7.57233,3
92,0.10997,2.5513,7.57234,3
92.1,0.10996,2.55126,7.57235,3
92.2,0.10995,2.55122,7.57236,3
92.3,0.10995,2.55118,7.57237,3
92.4,0.10994,2.55114,7.57239,3
92.5,0.10993,2.5511,7.5724,3
92.6,0.10992,2.55106,7.57241,3
92.7,0.10992,2.55102,7.57242,3
92.8,0.10991,2.55098,7.57243,3
92.9,0.1099,2.55094,7.57245,3
93,0.1099,2.5509,7.57246,3
93.1,0.10989,2.55086,7.57247,3
93.2,0.10988,2.55082,7.57248,3
93.3,0.10988,2.55078,7.57249,3
93.4,0.10987,2.55074,7.57251,3
93.5,0.10986,2.5507,7.57252,3
93.6,0.10986,2.55066,7.57253,3
93.7,0.10985,2.55062,7.57254,3
93.8,0.10984,2.55058,7.57256,3
93.9,0.10984,2.55055,7.57257,3
94,0.10983,2.55051,7.57258,3
94.1,0.10982,2.55047,7.57259,3
94.2,0.10982,2.55043,7.5726,3
94.3,0.10981,2.55039,7.57262,3
94.4,0.1098,2.55035,7.57263,3
94.5,0.1098,2.55031,7.57264,3
94.6,0.10979,2.55028,7.57265,3
94.7,0.10978,2.55024,7.57267,3
94.8,0.10978,2.5502,7.57268,3
94.9,0.10977,2.55016,7.57269,3
95,0.10976,2.55013,7.5727,3
95.1,0.10976,2.55009,7.57271,3
95.2,0.10975,2.55005,7.57273,3
95.3,0.10974,2.55001,7.57274,3
95.4,0.10974,2.54998,7.57275,3
95.5,0.10973,2.54994,7.57276,3
95.6,0.10972,2.5499,7.57278,3
95.7,0.10972,2.54987,7.57279,3
95.8,0.10971,2.54983,7.5728,3
95.9,0.1097,2.5498,7.57281,3
96,0.1097,2.54976,7.57282,3
96.1,0.10969,2.54972,7.57284,3
96.2,0.10969,2.54969,7.57285,3
96.3,0.10968,2.54965,7.57286,3
96.4,0.10967,2.54962,7.57287,3
96.5,0.10967,2.54958,7.57289,3
96.6,0.10966,2.54954,7.5729,3
96.7,0.10965,2.54951,7.57291,3
96.8,0.10965,2.54947,7.57292,3
96.9,0.10964,2.54944,7.57293,3
97,0.10963,2.5494,7.57295,3
97.1,0.10963,2.54937,7.57296,3
97.2,0.10962,2.54933,7.57297,3
97.3,0.10962,2.5493,7.57298,3
97.4,0.10961,2.54927,7.573,3
97.5,0.1096,2.54923,7.57301,3
97.6,0.1096,2.5492,7.57302,3
97.7,0.10959,2.54916,7.57303,3
97.8,0.10958,2.54913,7.57304,3
97.9,0.10958,2.54909,7.57306,3
98,0.10957,2.54906,7.57307,3
98.1,0.10956,2.54903,7.57308,3
98.2,0.10956,2.54899,7.57309,3
98.3,0.10955,2.54896,7.5731,3
98.4,0.10955,2.54893,7.57312,3
98.5,0.10954,2.54889,7.57313,3
98.6,0.10953,2.54886,7.57314,3
98.7,0.10953,2.54883,7.57315,3
98.8,0.10952,2.5488,7.57317,3
98.9,0.10952,2.54876,7.57318,3
99,0.10951,2.54873,7.57319,3
99.1,0.1095,2.5487,7.5732,3
99.2,0.1095,2.54867,7.57321,3
99.3,0.10949,2.54864,7.57323,3
99.4,0.10949,2.5486,7.57324,3
99.5,0.10948,2.54857,7.57325,3
99.6,0.10947,2.54854,7.57326,3
99.7,0.10947,2.54851,7.57327,3
99.8,0.10946,2.54848,7.57329,3
99.9,0.10946,2.54845,7.5733,3
100,0.10945,2.54842,7.57331,3
100.1,0.10944,2.54838,7.57332,3
100.2,0.10944,2.54836,7.57333,3
100.3,0.10944,2.54833,7.57334,3
100.4,0.10943,2.54831,7.57335,3
100.5,0.10943,2.54828,7.57336,3
100.6,0.10943,2.54826,7.57337,3
100.7,0.10942,2.54823,7.57338,3
100.8,0.10942,2.5482,7.57338,3
100.9,0.10941,2.54818,7.57339,3
101,0.10941,2.54815,7.5734,3
101.1,0.1094,2.54813,7.57341,3
101.2,0.1094,2.5481,7.57342,3
101.3,0.10939,2.54807,7.57343,3
101.4,0.10939,2.54805,7.57344,3
101.5,0.10939,2.54802,7.57345,3
101.6,0.10938,2.548,7.57345,3
101.7,0.10938,2.54797,7.57346,3
101.8,0.10937,2.54795,7.57347,3
101.9,0.10937,2.54792,7.57348,3
102,0.10936,2.5479,7.57349,3
102.1,0.10936,2.54787,7.5735,3
102.2,0.10935,2.54785,7.57351,3
102.3,0.10935,2.54782,7.57351,3
102.4,0.10934,2.5478,7.57352,3
102.5,0.10934,2.54777,7.57353,3
102.6,0.10934,2.54775,7.57354,3
102.7,0.10933,2.54773,7.57355,3
102.8,0.10933,2.5477,7.57356,3
102.9,0.10932,2.54768,7.57356,3
103,0.10932,2.54765,7.57357,3
103.1,0.10931,2.54763,7.57358,3
103.2,0.10931,2.54761,7.57359,3
103.3,0.10931,2.54758,7.5736,3
103.4,0.1093,2.54756,7.57361,3
103.5,0.1093,2.54753,7.57361,3
103.6,0.10929,2.54751,7.57362,3
103.7,0.10929,2.54749,7.57363,3
103.8,0.10928,2.54746,7.57364,3
103.9,0.10928,2.54744,7.57365,3
104,0.10928,2.54742,7.57365,3
104.1,0.10927,2.5474,7.57366,3
104.2,0.10927,2.54737,7.57367,3
104.3,0.10926,2.54735,7.57368,3
104.4,0.10926,2.54733,7.57369,3
104.5,0.10925,2.54731,7.57369,3
104.6,0.10925,2.54729,7.5737,3
104.7,0.10925,2.54727,7.57371,3
104.8,0.10924,2.54725,7.57372,3
104.9,0.10924,2.54723,7.57373,3
105,0.10923,2.54721,7.57373,3
105.1,0.10923,2.54719,7.57374,3
105.2,0.10923,2.54717,7.57375,3
105.3,0.10922,2.54715,7.57376,3
105.4,0.10922,2.54713,7.57376,3
105.5,0.10921,2.54711,7.57377,3
105.6,0.10921,2.54709,7.57378,3
105.7,0.10921,2.54707,7.57379,3
105.8,0.1092,2.54706,7.57379,3
105.9,0.1092,2.54704,7.5738,3
106,0.10919,2.54702,7.57381,3
106.1,0.10919,2.547,7.57382,3
106.2,0.10919,2.54698,7.57382,3
106.3,0.10918,2.54697,7.57383,3
106.4,0.10918,2.54695,7.57384,3
106.5,0.10917,2.54693,7.57385,3
106.6,0.10917,2.54691,7.57385,3
106.7,0.10917,2.5469,7.57386,3
106.8,0.10916,2.54688,7.57387,3
106.9,0.10916,2.54687,7.57387,3
107,0.10916,2.54685,7.57388,3
107.1,0.10915,2.54683,7.57389,3
107.2,0.10915,2.54682,7.5739,3
107.3,0.10914,2.5468,7.5739,3
107.4,0.10914,2.54679,7.57391,3
107.5,0.10914,2.54677,7.57392,3
107.6,0.10913,2.54676,7.57392,3
107.7,0.10913,2.54674,7.57393,3
107.8,0.10913,2.54673,7.57394,3
107.9,0.10913,2.54672,7.57394,3
108,0.10912,2.5467,7.57395,3
108.1,0.10912,2.54669,7.57396,3
108.2,0.10912,2.54668,7.57396,3
108.3,0.10911,2.54666,7.57397,3
108.4,0.10911,2.54665,7.57398,3
108.5,0.10911,2.54664,7.57398,3
108.6,0.1091,2.54663,7.57399,3
108.7,0.1091,2.54662,7.574,3
108.8,0.1091,2.54661,7.574,3
108.9,0.10909,2.5466,7.57401,3
109,0.10909,2.54659,7.57402,3
109.1,0.10909,2.54658,7.57402,3
109.2,0.10908,2.54657,7.57403,3
109.3,0.10908,2.54656,7.57403,3
109.4,0.10908,2.54655,7.57404,3
109.5,0.10908,2.54654,7.57405,3
109.6,0.10907,2.54653,7.57405,3
109.7,0.10907,2.54652,7.57406,3
109.8,0.10907,2.54651,7.57407,3
109.9,0.10906,2.5465,7.57407,3
110,0.10906,2.5465,7.57408,3
110.1,0.10906,2.54649,7.57408,3
110.2,0.10906,2.54648,7.57409,3
110.3,0.10905,2.54647,7.5741,3
110.4,0.10905,2.54646,7.5741,3
110.5,0.10905,2.54646,7.57411,3
110.6,0.10904,2.54645,7.57411,3
110.7,0.10904,2.54644,7.57412,3
110.8,0.10904,2.54644,7.57412,3
110.9,0.10904,2.54643,7.57413,3
111,0.10903,2.54642,7.57414,3
111.1,0.10903,2.54642,7.57414,3
111.2,0.10903,2.54641,7.57415,3
111.3,0.10903,2.54641,7.57415,3
111.4,0.10902,2.5464,7.57416,3
111.5,0.10902,2.54639,7.57416,3
111.6,0.10902,2.54639,7.57417,3
111.7,0.10902,2.54638,7.57417,3
111.8,0.10901,2.54638,7.57418,3
111.9,0.10901,2.54637,7.57419,3
112,0.10901,2.54637,7.57419,3
112.1,0.10901,2.54637,7.5742,3
112.2,0.109,2.54636,7.5742,3
112.3,0.109,2.54636,7.57421,3
112.4,0.109,2.54635,7.57421,3
112.5,0.109,2.54635,7.57422,3
112.6,0.10899,2.54635,7.57422,3
112.7,0.10899,2.54634,7.57423,3
112.8,0.10899,2.54634,7.57423,3
112.9,0.10899,2.54634,7.57424,3
113,0.10899,2.54634,7.57424,3
113.1,0.10899,2.54634,7.57425,3
113.2,0.10898,2.54633,7.57425,3
113.3,0.10898,2.54633,7.57426,3
113.4,0.10898,2.54633,7.57426,3
113.5,0.10898,2.54633,7.57426,3
113.6,0.10898,2.54633,7.57427,3
113.7,0.10898,2.54633,7.57427,3
113.8,0.10897,2.54632,7.57428,3
113.9,0.10897,2.54632,7.57428,3
114,0.10897,2.54632,7.57429,3
114.1,0.10897,2.54632,7.57429,3
114.2,0.10897,2.54632,7.5743,3
114.3,0.10897,2.54632,7.5743,3
114.4,0.10896,2.54632,7.5743,3
114.5,0.10896,2.54632,7.57431,3
114.6,0.10896,2.54632,7.57431,3
114.7,0.10896,2.54632,7.57432,3
114.8,0.10896,2.54632,7.57432,3
114.9,0.10896,2.54632,7.57432,3
115,0.10896,2.54632,7.57433,3
115.1,0.10895,2.54632,7.57433,3
115.2,0.10895,2.54632,7.57434,3
115.3,0.10895,2.54632,7.57434,3
115.4,0.10895,2.54632,7.57434,3
115.5,0.10895,2.54632,7.57435,3
115.6,0.10895,2.54632,7.57435,3
115.7,0.10895,2.54632,7.57435,3
115.8,0.10895,2.54632,7.57436,3
115.9,0.10895,2.54632,7.57436,3
116,0.10894,2.54632,7.57437,3
116.1,0.10894,2.54632,7.57437,3
116.2,0.10894,2.54632,7.57437,3
116.3,0.10894,2.54632,7.57438,3
116.4,0.10894,2.54632,7.57438,3
116.5,0.10894,2.54632,7.57438,3
116.6,0.10894,2.54632,7.57438,3
116.7,0.10894,2.54633,7.57439,3
116.8,0.10894,2.54633,7.57439,3
116.9,0.10894,2.54633,7.57439,3
117,0.10894,2.54633,7.5744,3
117.1,0.10893,2.54633,7.5744,3
117.2,0.10893,2.54633,7.5744,3
117.3,0.10893,2.54634,7.57441,3
117.4,0.10893,2.54634,7.57441,3
117.5,0.10893,2.54634,7.57441,3
117.6,0.10893,2.54635,7.57441,3
117.7,0.10893,2.54635,7.57442,3
117.8,0.10893,2.54635,7.57442,3
117.9,0.10893,2.54636,7.57442,3
118,0.10893,2.54636,7.57442,3
118.1,0.10893,2.54636,7.57443,3
118.2,0.10893,2.54636,7.57443,3
118.3,0.10893,2.54637,7.57443,3
118.4,0.10892,2.54637,7.57443,3
118.5,0.10892,2.54637,7.57444,3
118.6,0.10892,2.54638,7.57444,3
118.7,0.10892,2.54638,7.57444,3
118.8,0.10892,2.54638,7.57444,3
118.9,0.10892,2.54639,7.57444,3
119,0.10892,2.54639,7.57445,3
119.1,0.10892,2.54639,7.57445,3
119.2,0.10892,2.5464,7.57445,3
119.3,0.10892,2.5464,7.57445,3
119.4,0.10892,2.54641,7.57445,3
119.5,0.10892,2.54641,7.57446,3
119.6,0.10892,2.54641,7.57446,3
119.7,0.10892,2.54642,7.57446,3
119.8,0.10892,2.54642,7.57446,3
119.9,0.10892,2.54642,7.57446,3
120,0.10892,2.54643,7.57446,3
120.1,0.10892,2.54643,7.57447,3
120.2,0.10892,2.54644,7.57447,3
120.3,0.10892,2.54644,7.57447,3
120.4,0.10892,2.54644,7.57447,3
120.5,0.10892,2.54645,7.57447,3
120.6,0.10892,2.54645,7.57447,3
120.7,0.10892,2.54646,7.57447,3
120.8,0.10892,2.54646,7.57448,3
120.9,0.10892,2.54646,7.57448,3
121,0.10892,2.54647,7.57448,3
121.1,0.10892,2.54647,7.57448,3
121.2,0.10892,2.54648,7.57448,3
121.3,0.10892,2.54648,7.57448,3
121.4,0.10892,2.54649,7.57448,3
121.5,0.10892,2.54649,7.57448,3
121.6,0.10892,2.5465,7.57448,3
121.7,0.10892,2.54651,7.57448,3
121.8,0.10892,2.54651,7.57449,3
121.9,0.10892,2.54652,7.57449,3
122,0.10892,2.54652,7.57449,3
122.1,0.10892,2.54653,7.57449,3
122.2,0.10892,2.54654,7.57449,3
122.3,0.10892,2.54655,7.57449,3
122.4,0.10892,2.54655,7.57449,3
122.5,0.10892,2.54656,7.57449,3
122.6,0.10892,2.54657,7.57449,3
122.7,0.10892,2.54657,7.57449,3
122.8,0.10892,2.54658,7.57449,3
122.9,0.10892,2.54659,7.57449,3
123,0.10892,2.54659,7.57449,3
123.1,0.10892,2.5466,7.57449,3
123.2,0.10892,2.54661,7.57449,3
123.3,0.10892,2.54662,7.57449,3
123.4,0.10892,2.54662,7.57449,3
123.5,0.10892,2.54663,7.57449,3
123.6,0.10892,2.54664,7.57449,3
123.7,0.10892,2.54665,7.57449,3
123.8,0.10892,2.54665,7.57449,3
123.9,0.10893,2.54666,7.57449,3
124,0.10893,2.54667,7.57449,3
124.1,0.10893,2.54668,7.57449,3
124.2,0.10893,2.54669,7.57449,3
124.3,0.10893,2.5467,7.57449,3
124.4,0.10893,2.5467,7.57449,3
124.5,0.10893,2.54671,7.57449,3
124.6,0.10893,2.54672,7.57449,3
124.7,0.10893,2.54673,7.57449,3
124.8,0.10893,2.54674,7.57449,3
124.9,0.10893,2.54675,7.57449,3
125,0.10893,2.54675,7.57449,3
125.1,0.10893,2.54676,7.57449,3
125.2,0.10893,2.54677,7.57449,3
125.3,0.10893,2.54678,7.57449,3
125.4,0.10893,2.54678,7.57449,3
125.5,0.10894,2.54679,7.57449,3
125.6,0.10894,2.5468,7.57449,3
125.7,0.10894,2.54681,7.57448,3
125.8,0.10894,2.54682,7.57448,3
125.9,0.10894,2.54683,7.57448,3
126,0.10894,2.54683,7.57448,3
126.1,0.10894,2.54684,7.57448,3
126.2,0.10894,2.54685,7.57448,3
126.3,0.10894,2.54686,7.57448,3
126.4,0.10894,2.54687,7.57448,3
126.5,0.10894,2.54687,7.57448,3
126.6,0.10894,2.54688,7.57448,3
126.7,0.10894,2.54689,7.57448,3
126.8,0.10895,2.5469,7.57447,3
126.9,0.10895,2.54691,7.57447,3
127,0.10895,2.54692,7.57447,3
127.1,0.10895,2.54692,7.57447,3
127.2,0.10895,2.54693,7.57447,3
127.3,0.10895,2.54694,7.57447,3
127.4,0.10895,2.54695,7.57447,3
127.5,0.10895,2.54695,7.57447,3
127.6,0.10896,2.54696,7.57446,3
127.7,0.10896,2.54697,7.57446,3
127.8,0.10896,2.54698,7.57446,3
127.9,0.10896,2.54698,7.57446,3
128,0.10896,2.54699,7.57446,3
128.1,0.10896,2.547,7.57446,3
128.2,0.10896,2.54701,7.57445,3
128.3,0.10897,2.54702,7.57445,3
128.4,0.10897,2.54702,7.57445,3
128.5,0.10897,2.54703,7.57445,3
128.6,0.10897,2.54704,7.57445,3
128.7,0.10897,2.54705,7.57445,3
128.8,0.10897,2.54706,7.57444,3
128.9,0.10898,2.54707,7.57444,3
129,0.10898,2.54707,7.57444,3
129.1,0.10898,2.54708,7.57444,3
129.2,0.10898,2.54709,7.57444,3
129.3,0.10898,2.5471,7.57443,3
129.4,0.10898,2.54711,7.57443,3
129.5,0.10899,2.54712,7.57443,3
129.6,0.10899,2.54713,7.57443,3
129.7,0.10899,2.54714,7.57443,3
129.8,0.10899,2.54715,7.57442,3
129.9,0.10899,2.54716,7.57442,3
130,0.109,2.54717,7.57442,3
130.1,0.109,2.54718,7.57442,3
130.2,0.109,2.54719,7.57442,3
130.3,0.109,2.5472,7.57441,3
130.4,0.109,2.54721,7.57441,3
130.5,0.10901,2.54722,7.57441,3
130.6,0.10901,2.54723,7.57441,3
130.7,0.10901,2.54724,7.5744,3
130.8,0.10901,2.54726,7.5744,3
130.9,0.10901,2.54727,7.5744,3
131,0.10902,2.54728,7.5744,3
131.1,0.10902,2.54729,7.57439,3
131.2,0.10902,2.5473,7.57439,3
131.3,0.10902,2.54731,7.57439,3
131.4,0.10903,2.54732,7.57438,3
131.5,0.10903,2.54733,7.57438,3
131.6,0.10903,2.54735,7.57438,3
131.7,0.10903,2.54736,7.57438,3
131.8,0.10904,2.54737,7.57437,3
131.9,0.10904,2.54738,7.57437,3
132,0.10904,2.54739,7.57437,3
132.1,0.10905,2.5474,7.57436,3
132.2,0.10905,2.54742,7.57436,3
132.3,0.10905,2.54743,7.57436,3
132.4,0.10905,2.54744,7.57436,3
132.5,0.10906,2.54745,7.57435,3
132.6,0.10906,2.54746,7.57435,3
132.7,0.10906,2.54748,7.57435,3
132.8,0.10907,2.54749,7.57434,3
132.9,0.10907,2.5475,7.57434,3
133,0.10907,2.54751,7.57434,3
133.1,0.10907,2.54752,7.57433,3
133.2,0.10908,2.54753,7.57433,3
133.3,0.10908,2.54755,7.57433,3
133.4,0.10908,2.54756,7.57432,3
133.5,0.10909,2.54757,7.57432,3
133.6,0.10909,2.54759,7.57432,3
133.7,0.10909,2.5476,7.57431,3
133.8,0.1091,2.54761,7.57431,3
133.9,0.1091,2.54762,7.57431,3
134,0.1091,2.54764,7.5743,3
134.1,0.10911,2.54765,7.5743,3
134.2,0.10911,2.54766,7.5743,3
134.3,0.10911,2.54767,7.57429,3
134.4,0.10912,2.54769,7.57429,3
134.5,0.10912,2.5477,7.57428,3
134.6,0.10912,2.54771,7.57428,3
134.7,0.10913,2.54773,7.57428,3
134.8,0.10913,2.54774,7.57427,3
134.9,0.10913,2.54776,7.57427,3
135,0.10914,2.54777,7.57427,3
135.1,0.10914,2.54778,7.57426,3
135.2,0.10914,2.54779,7.57426,3
135.3,0.10915,2.54781,7.57425,3
135.4,0.10915,2.54782,7.57425,3
135.5,0.10915,2.54783,7.57424,3
135.6,0.10916,2.54784,7.57424,3
135.7,0.10916,2.54786,7.57424,3
135.8,0.10917,2.54787,7.57423,3
135.9,0.10917,2.54788,7.57423,3
136,0.10917,2.54789,7.57422,3
136.1,0.10918,2.54791,7.57422,3
136.2,0.10918,2.54792,7.57422,3
136.3,0.10918,2.54793,7.57421,3
136.4,0.10919,2.54794,7.57421,3
136.5,0.10919,2.54795,7.5742,3
136.6,0.1092,2.54796,7.5742,3
136.7,0.1092,2.54797,7.57419,3
136.8,0.1092,2.54799,7.57419,3
136.9,0.10921,2.548,7.57419,3
137,0.10921,2.54801,7.57418,3
137.1,0.10922,2.54802,7.57418,3
137.2,0.10922,2.54803,7.57417,3
137.3,0.10922,2.54804,7.57417,3
137.4,0.10923,2.54805,7.57416,3
137.5,0.10923,2.54806,7.57416,3
137.6,0.10924,2.54807,7.57415,3
137.7,0.10924,2.54808,7.57415,3
137.8,0.10924,2.54809,7.57414,3
137.9,0.10925,2.5481,7.57414,3
138,0.10925,2.54811,7.57413,3
138.1,0.10926,2.54812,7.57413,3
138.2,0.10926,2.54813,7.57413,3
138.3,0.10927,2.54814,7.57412,3
138.4,0.10927,2.54815,7.57412,3
138.5,0.10927,2.54817,7.57411,3
138.6,0.10928,2.54818,7.57411,3
138.7,0.10928,2.54819,7.5741,3
138.8,0.10929,2.5482,7.5741,3
138.9,0.10929,2.54821,7.57409,3
139,0.1093,2.54822,7.57409,3
139.1,0.1093,2.54823,7.57408,3
139.2,0.1093,2.54824,7.57408,3
139.3,0.10931,2.54825,7.57407,3
139.4,0.10931,2.54826,7.57407,3
139.5,0.10932,2.54827,7.57406,3
139.6,0.10932,2.54828,7.57406,3
139.7,0.10933,2.54829,7.57405,3
139.8,0.10933,2.5483,7.57405,3
139.9,0.10934,2.54831,7.57404,3
140,0.10934,2.54832,7.57404,3
140.1,0.10935,2.54834,7.57403,3
140.2,0.10935,2.54835,7.57403,3
140.3,0.10936,2.54836,7.57402,3
140.4,0.10936,2.54837,7.57402,3
140.5,0.10936,2.54838,7.57401,3
140.6,0.10937,2.54839,7.57401,3
140.7,0.10937,2.5484,7.574,3
140.8,0.10938,2.54842,7.574,3
140.9,0.10938,2.54843,7.57399,3
141,0.10939,2.54844,7.57399,3
141.1,0.10939,2.54845,7.57398,3
141.2,0.1094,2.54846,7.57398,3
141.3,0.1094,2.54848,7.57397,3
141.4,0.10941,2.54849,7.57396,3
141.5,0.10941,2.5485,7.57396,3
141.6,0.10942,2.54851,7.57395,3
141.7,0.10942,2.54852,7.57395,3
141.8,0.10943,2.54853,7.57394,3
141.9,0.10943,2.54854,7.57394,3
142,0.10944,2.54856,7.57393,3
142.1,0.10944,2.54857,7.57393,3
142.2,0.10945,2.54858,7.57392,3
142.3,0.10945,2.54859,7.57391,3
142.4,0.10946,2.5486,7.57391,3
142.5,0.10946,2.54861,7.5739,3
142.6,0.10947,2.54862,7.5739,3
142.7,0.10947,2.54863,7.57389,3
142.8,0.10948,2.54865,7.57389,3
142.9,0.10949,2.54866,7.57388,3
143,0.10949,2.54867,7.57388,3
143.1,0.1095,2.54868,7.57387,3
143.2,0.1095,2.54869,7.57386,3
143.3,0.10951,2.5487,7.57386,3
143.4,0.10951,2.54871,7.57385,3
143.5,0.10952,2.54872,7.57385,3
143.6,0.10952,2.54873,7.57384,3
143.7,0.10953,2.54875,7.57383,3
143.8,0.10953,2.54876,7.57383,3
143.9,0.10954,2.54877,7.57382,3
144,0.10955,2.54878,7.57382,3
144.1,0.10955,2.54879,7.57381,3
144.2,0.10956,2.5488,7.5738,3
144.3,0.10956,2.54882,7.5738,3
144.4,0.10957,2.54883,7.57379,3
144.5,0.10957,2.54884,7.57378,3
144.6,0.10958,2.54885,7.57378,3
144.7,0.10958,2.54886,7.57377,3
144.8,0.10959,2.54888,7.57377,3
144.9,0.1096,2.54889,7.57376,3
145,0.1096,2.5489,7.57375,3
145.1,0.10961,2.54891,7.57375,3
145.2,0.10961,2.54893,7.57374,3
145.3,0.10962,2.54894,7.57373,3
145.4,0.10963,2.54895,7.57373,3
145.5,0.10963,2.54896,7.57372,3
145.6,0.10964,2.54898,7.57372,3
145.7,0.10964,2.54899,7.57371,3
145.8,0.10965,2.549,7.5737,3
145.9,0.10966,2.54901,7.5737,3
146,0.10966,2.54903,7.57369,3
146.1,0.10967,2.54904,7.57368,3
146.2,0.10967,2.54905,7.57368,3
146.3,0.10968,2.54906,7.57367,3
146.4,0.10969,2.54908,7.57366,3
146.5,0.10969,2.54909,7.57366,3
146.6,0.1097,2.5491,7.57365,3
146.7,0.10971,2.54912,7.57364,3
146.8,0.10971,2.54913,7.57364,3
146.9,0.10972,2.54914,7.57363,3
147,0.10972,2.54916,7.57362,3
147.1,0.10973,2.54917,7.57362,3
147.2,0.10974,2.54918,7.57361,3
147.3,0.10974,2.5492,7.5736,3
147.4,0.10975,2.54921,7.5736,3
147.5,0.10976,2.54922,7.57359,3
147.6,0.10976,2.54924,7.57358,3
147.7,0.10977,2.54925,7.57357,3
147.8,0.10978,2.54927,7.57357,3
147.9,0.10978,2.54928,7.57356,3
148,0.10979,2.54929,7.57355,3
148.1,0.10979,2.54931,7.57355,3
148.2,0.1098,2.54932,7.57354,3
148.3,0.10981,2.54934,7.57353,3
148.4,0.10981,2.54935,7.57353,3
148.5,0.10982,2.54937,7.57352,3
148.6,0.10983,2.54938,7.57351,3
148.7,0.10983,2.5494,7.5735,3
148.8,0.10984,2.54941,7.5735,3
148.9,0.10985,2.54943,7.57349,3
149,0.10985,2.54944,7.57348,3
149.1,0.10986,2.54946,7.57348,3
149.2,0.10987,2.54948,7.57347,3
149.3,0.10987,2.54949,7.57346,3
149.4,0.10988,2.54951,7.57345,3
149.5,0.10989,2.54953,7.57345,3
149.6,0.10989,2.54954,7.57344,3
149.7,0.1099,2.54956,7.57343,3
149.8,0.10991,2.54958,7.57342,3
149.9,0.10991,2.54959,7.57342,3
150,0.10992,2.54961,7.57341,3
150.1,0.10993,2.54963,7.5734,3
150.2,0.10993,2.54964,7.57339,3
150.3,0.10994,2.54966,7.57339,3
150.4,0.10995,2.54968,7.57338,3
150.5,0.10995,2.54969,7.57337,3
150.6,0.10996,2.54971,7.57336,3
150.7,0.10997,2.54973,7.57336,3
150.8,0.10997,2.54975,7.57335,3
150.9,0.10998,2.54976,7.57334,3
151,0.10999,2.54978,7.57333,3
151.1,0.10999,2.5498,7.57333,3
151.2,0.11,2.54982,7.57332,3
151.3,0.11001,2.54984,7.57331,3
151.4,0.11001,2.54986,7.5733,3
151.5,0.11002,2.54988,7.57329,3
151.6,0.11003,2.5499,7.57329,3
151.7,0.11004,2.54992,7.57328,3
151.8,0.11004,2.54994,7.57327,3
151.9,0.11005,2.54996,7.57326,3
152,0.11006,2.54998,7.57326,3
152.1,0.11006,2.55,7.57325,3
152.2,0.11007,2.55002,7.57324,3
152.3,0.11008,2.55004,7.57323,3
152.4,0.11008,2.55006,7.57322,3
152.5,0.11009,2.55009,7.57322,3
152.6,0.1101,2.55011,7.57321,3
152.7,0.1101,2.55013,7.5732,3
152.8,0.11011,2.55015,7.57319,3
152.9,0.11012,2.55017,7.57318,3
153,0.11013,2.5502,7.57318,3
153.1,0.11013,2.55022,7.57317,3
153.2,0.11014,2.55024,7.57316,3
153.3,0.11015,2.55026,7.57315,3
153.4,0.11015,2.55028,7.57314,3
153.5,0.11016,2.55031,7.57313,3
153.6,0.11017,2.55033,7.57313,3
153.7,0.11018,2.55035,7.57312,3
153.8,0.11018,2.55037,7.57311,3
153.9,0.11019,2.55039,7.5731,3
154,0.1102,2.55041,7.57309,3
154.1,0.11021,2.55043,7.57309,3
154.2,0.11021,2.55046,7.57308,3
154.3,0.11022,2.55048,7.57307,3
154.4,0.11023,2.5505,7.57306,3
154.5,0.11024,2.55052,7.57305,3
154.6,0.11024,2.55054,7.57304,3
154.7,0.11025,2.55056,7.57304,3
154.8,0.11026,2.55059,7.57303,3
154.9,0.11027,2.55061,7.57302,3
155,0.11027,2.55063,7.57301,3
155.1,0.11028,2.55065,7.573,3
155.2,0.11029,2.55068,7.57299,3
155.3,0.1103,2.5507,7.57299,3
155.4,0.1103,2.55072,7.57298,3
155.5,0.11031,2.55074,7.57297,3
155.6,0.11032,2.55077,7.57296,3
155.7,0.11033,2.55079,7.57295,3
155.8,0.11033,2.55081,7.57294,3
155.9,0.11034,2.55083,7.57293,3
156,0.11035,2.55085,7.57293,3
156.1,0.11036,2.55088,7.57292,3
156.2,0.11036,2.5509,7.57291,3
156.3,0.11037,2.55092,7.5729,3
156.4,0.11038,2.55095,7.57289,3
156.5,0.11039,2.55097,7.57288,3
156.6,0.1104,2.55099,7.57287,3
156.7,0.1104,2.55102,7.57287,3
156.8,0.11041,2.55104,7.57286,3
156.9,0.11042,2.55106,7.57285,3
157,0.11043,2.55109,7.57284,3
157.1,0.11044,2.55111,7.57283,3
157.2,0.11044,2.55113,7.57282,3
157.3,0.11045,2.55116,7.57281,3
157.4,0.11046,2.55118,7.5728,3
157.5,0.11047,2.5512,7.5728,3
157.6,0.11048,2.55123,7.57279,3
157.7,0.11048,2.55125,7.57278,3
157.8,0.11049,2.55128,7.57277,3
157.9,0.1105,2.5513,7.57276,3
158,0.11051,2.55132,7.57275,3
158.1,0.11052,2.55135,7.57274,3
158.2,0.11052,2.55137,7.57273,3
158.3,0.11053,2.5514,7.57273,3
158.4,0.11054,2.55142,7.57272,3
158.5,0.11055,2.55145,7.57271,3
158.6,0.11056,2.55147,7.5727,3
158.7,0.11057,2.5515,7.57269,3
158.8,0.11057,2.55152,7.57268,3
158.9,0.11058,2.55155,7.57267,3
159,0.11059,2.55157,7.57266,3
159.1,0.1106,2.55159,7.57265,3
159.2,0.11061,2.55161,7.57265,3
159.3,0.11062,2.55164,7.57264,3
159.4,0.11062,2.55166,7.57263,3
159.5,0.11063,2.55168,7.57262,3
159.6,0.11064,2.55171,7.57261,3
159.7,0.11065,2.55173,7.5726,3
159.8,0.11066,2.55176,7.57259,3
159.9,0.11067,2.55178,7.57258,3
160,0.11068,2.5518,7.57257,3
160.1,0.11068,2.55183,7.57256,3
160.2,0.11069,2.55185,7.57255,3
160.3,0.1107,2.55188,7.57255,3
160.4,0.11071,2.5519,7.57254,3
160.5,0.11072,2.55193,7.57253,3
160.6,0.11073,2.55195,7.57252,3
160.7,0.11074,2.55198,7.57251,3
160.8,0.11074,2.552,7.5725,3
160.9,0.11075,2.55203,7.57249,3
161,0.11076,2.55205,7.57248,3
161.1,0.11077,2.55208,7.57247,3
161.2,0.11078,2.5521,7.57246,3
161.3,0.11079,2.55213,7.57246,3
161.4,0.1108,2.55215,7.57245,3
161.5,0.1108,2.55218,7.57244,3
161.6,0.11081,2.55221,7.57243,3
161.7,0.11082,2.55223,7.57242,3
161.8,0.11083,2.55226,7.57241,3
161.9,0.11084,2.55228,7.5724,3
162,0.11085,2.55231,7.57239,3
162.1,0.11085,2.55234,7.57238,3
162.2,0.11086,2.55236,7.57237,3
162.3,0.11087,2.55239,7.57236,3
162.4,0.11088,2.55241,7.57236,3
162.5,0.11089,2.55244,7.57235,3
162.6,0.1109,2.55247,7.57234,3
162.7,0.11091,2.55249,7.57233,3
162.8,0.11091,2.55252,7.57232,3
162.9,0.11092,2.55255,7.57231,3
163,0.11093,2.55257,7.5723,3
163.1,0.11094,2.5526,7.57229,3
163.2,0.11095,2.55263,7.57228,3
163.3,0.11096,2.55265,7.57227,3
163.4,0.11097,2.55268,7.57226,3
163.5,0.11097,2.55271,7.57225,3
163.6,0.11098,2.55273,7.57225,3
163.7,0.11099,2.55276,7.57224,3
163.8,0.111,2.55279,7.57223,3
163.9,0.11101,2.55282,7.57222,3
164,0.11102,2.55285,7.57221,3
164.1,0.11103,2.55288,7.5722,3
164.2,0.11103,2.5529,7.57219,3
164.3,0.11104,2.55293,7.57218,3
164.4,0.11105,2.55296,7.57217,3
164.5,0.11106,2.55299,7.57217,3
164.6,0.11107,2.55302,7.57216,3
164.7,0.11108,2.55304,7.57215,3
164.8,0.11109,2.55307,7.57214,3
164.9,0.11109,2.5531,7.57213,3
165,0.1111,2.55313,7.57212,3
165.1,0.11111,2.55316,7.57211,3
165.2,0.11112,2.55318,7.5721,3
165.3,0.11113,2.55321,7.57209,3
165.4,0.11114,2.55324,7.57209,3
165.5,0.11114,2.55327,7.57208,3
165.6,0.11115,2.5533,7.57207,3
165.7,0.11116,2.55333,7.57206,3
165.8,0.11117,2.55336,7.57205,3
165.9,0.11118,2.55338,7.57204,3
166,0.11119,2.55341,7.57203,3
166.1,0.11119,2.55344,7.57202,3
166.2,0.1112,2.55347,7.57201,3
166.3,0.11121,2.5535,7.57201,3
166.4,0.11122,2.55353,7.572,3
166.5,0.11123,2.55356,7.57199,3
166.6,0.11124,2.55359,7.57198,3
166.7,0.11124,2.55361,7.57197,3
166.8,0.11125,2.55364,7.57196,3
166.9,0.11126,2.55367,7.57195,3
167,0.11127,2.5537,7.57194,3
167.1,0.11128,2.55373,7.57194,3
167.2,0.11128,2.55376,7.57193,3
167.3,0.11129,2.55379,7.57192,3
167.4,0.1113,2.55382,7.57191,3
167.5,0.11131,2.55385,7.5719,3
167.6,0.11132,2.55388,7.57189,3
167.7,0.11133,2.55391,7.57189,3
167.8,0.11133,2.55394,7.57188,3
167.9,0.11134,2.55397,7.57187,3
168,0.11135,2.554,7.57186,3
168.1,0.11136,2.55403,7.57185,3
168.2,0.11137,2.55406,7.57184,3
168.3,0.11138,2.55409,7.57183,3
168.4,0.11138,2.55412,7.57183,3
168.5,0.11139,2.55415,7.57182,3
168.6,0.1114,2.55418,7.57181,3
168.7,0.11141,2.55421,7.5718,3
168.8,0.11142,2.55424,7.57179,3
168.9,0.11142,2.55427,7.57178,3
169,0.11143,2.55429,7.57178,3
169.1,0.11144,2.55432,7.57177,3
169.2,0.11145,2.55435,7.57176,3
169.3,0.11146,2.55438,7.57175,3
169.4,0.11147,2.5544,7.57174,3
169.5,0.11147,2.55443,7.57173,3
169.6,0.11148,2.55446,7.57173,3
169.7,0.11149,2.55448,7.57172,3
169.8,0.1115,2.55451,7.57171,3
169.9,0.11151,2.55454,7.5717,3
170,0.11152,2.55456,7.57169,3
170.1,0.11152,2.55459,7.57169,3
170.2,0.11153,2.55462,7.57168,3
170.3,0.11154,2.55464,7.57167,3
170.4,0.11155,2.55467,7.57166,3
170.5,0.11156,2.5547,7.57165,3
170.6,0.11157,2.55473,7.57165,3
170.7,0.11157,2.55475,7.57164,3
170.8,0.11158,2.55478,7.57163,3
170.9,0.11159,2.55481,7.57162,3
171,0.1116,2.55484,7.57161,3
171.1,0.11161,2.55487,7.57161,3
171.2,0.11162,2.55489,7.5716,3
171.3,0.11163,2.55492,7.57159,3
171.4,0.11163,2.55495,7.57158,3
171.5,0.11164,2.55498,7.57158,3
171.6,0.11165,2.55501,7.57157,3
171.7,0.11166,2.55503,7.57156,3
171.8,0.11167,2.55506,7.57155,3
171.9,0.11168,2.55509,7.57154,3
172,0.11168,2.55511,7.57154,3
172.1,0.11169,2.55514,7.57153,3
172.2,0.1117,2.55517,7.57152,3
172.3,0.11171,2.5552,7.57151,3
172.4,0.11172,2.55523,7.57151,3
172.5,0.11173,2.55525,7.5715,3
172.6,0.11173,2.55528,7.57149,3
172.7,0.11174,2.55531,7.57148,3
172.8,0.11175,2.55534,7.57148,3
172.9,0.11176,2.55537,7.57147,3
173,0.11177,2.55539,7.57146,3
173.1,0.11178,2.55542,7.57145,3
173.2,0.11178,2.55544,7.57145,3
173.3,0.11179,2.55547,7.57144,3
173.4,0.1118,2.5555,7.57143,3
173.5,0.11181,2.55553,7.57142,3
173.6,0.11182,2.55555,7.57142,3
173.7,0.11183,2.55558,7.57141,3
173.8,0.11183,2.55561,7.5714,3
173.9,0.11184,2.55564,7.5714,3
174,0.11185,2.55566,7.57139,3
174.1,0.11186,2.55569,7.57138,3
174.2,0.11187,2.55572,7.57137,3
174.3,0.11187,2.55574,7.57137,3
174.4,0.11188,2.55577,7.57136,3
174.5,0.11189,2.5558,7.57135,3
174.6,0.1119,2.55582,7.57134,3
174.7,0.11191,2.55585,7.57134,3
174.8,0.11192,2.55587,7.57133,3
174.9,0.11192,2.5559,7.57132,3
175,0.11193,2.55592,7.57131,3
175.1,0.11194,2.55595,7.57131,3
175.2,0.11195,2.55597,7.5713,3
175.3,0.11196,2.556,7.57129,3
175.4,0.11196,2.55602,7.57129,3
175.5,0.11197,2.55604,7.57128,3
175.6,0.11198,2.55607,7.57127,3
175.7,0.11199,2.55609,7.57126,3
175.8,0.112,2.55611,7.57126,3
175.9,0.112,2.55613,7.57125,3
176,0.11201,2.55615,7.57124,3
176.1,0.11202,2.55618,7.57124,3
176.2,0.11203,2.5562,7.57123,3
176.3,0.11204,2.55622,7.57122,3
176.4,0.11205,2.55624,7.57122,3
176.5,0.11205,2.55627,7.57121,3
176.6,0.11206,2.55629,7.5712,3
176.7,0.11207,2.55631,7.57119,3
176.8,0.11208,2.55633,7.57119,3
176.9,0.11209,2.55635,7.57118,3
177,0.11209,2.55638,7.57117,3
177.1,0.1121,2.5564,7.57117,3
177.2,0.11211,2.55642,7.57116,3
177.3,0.11212,2.55644,7.57115,3
177.4,0.11213,2.55646,7.57115,3
177.5,0.11213,2.55649,7.57114,3
177.6,0.11214,2.55651,7.57114,3
177.7,0.11215,2.55653,7.57113,3
177.8,0.11216,2.55655,7.57112,3
177.9,0.11217,2.55657,7.57112,3
178,0.11218,2.5566,7.57111,3
178.1,0.11218,2.55662,7.5711,3
178.2,0.11219,2.55664,7.5711,3
178.3,0.1122,2.55666,7.57109,3
178.4,0.11221,2.55668,7.57108,3
178.5,0.11221,2.5567,7.57108,3
178.6,0.11222,2.55672,7.57107,3
178.7,0.11223,2.55674,7.57106,3
178.8,0.11224,2.55676,7.57106,3
178.9,0.11225,2.55679,7.57105,3
179,0.11225,2.55681,7.57104,3
179.1,0.11226,2.55683,7.57104,3
179.2,0.11227,2.55685,7.57103,3
179.3,0.11228,2.55687,7.57103,3
179.4,0.11229,2.55689,7.57102,3
179.5,0.11229,2.55691,7.57101,3
179.6,0.1123,2.55693,7.57101,3
179.7,0.11231,2.55695,7.571,3
179.8,0.11232,2.55697,7.571,3
179.9,0.11233,2.55699,7.57099,3
180,0.11233,2.55701,7.57098,3
180.1,0.11234,2.55703,7.57098,3
180.2,0.11235,2.55705,7.57097,3
180.3,0.11236,2.55707,7.57097,3
180.4,0.11237,2.55709,7.57096,3
180.5,0.11237,2.55711,7.57096,3
180.6,0.11238,2.55713,7.57095,3
180.7,0.11239,2.55716,7.57094,3
180.8,0.1124,2.55718,7.57094,3
180.9,0.1124,2.5572,7.57093,3
181,0.11241,2.55722,7.57093,3
181.1,0.11242,2.55724,7.57092,3
181.2,0.11243,2.55726,7.57092,3
181.3,0.11243,2.55728,7.57091,3
181.4,0.11244,2.5573,7.57091,3
181.5,0.11245,2.55732,7.5709,3
181.6,0.11246,2.55734,7.5709,3
181.7,0.11246,2.55736,7.57089,3
181.8,0.11247,2.55738,7.57089,3
181.9,0.11248,2.5574,7.57088,3
182,0.11249,2.55742,7.57088,3
182.1,0.11249,2.55744,7.57087,3
182.2,0.1125,2.55746,7.57087,3
182.3,0.11251,2.55748,7.57086,3
182.4,0.11252,2.5575,7.57086,3
182.5,0.11252,2.55752,7.57085,3
182.6,0.11253,2.55755,7.57085,3
182.7,0.11254,2.55757,7.57084,3
182.8,0.11254,2.55759,7.57084,3
182.9,0.11255,2.55761,7.57083,3
183,0.11256,2.55763,7.57083,3
183.1,0.11257,2.55765,7.57083,3
183.2,0.11257,2.55767,7.57082,3
183.3,0.11258,2.55769,7.57082,3
183.4,0.11259,2.55772,7.57081,3
183.5,0.11259,2.55774,7.57081,3
183.6,0.1126,2.55776,7.5708,3
183.7,0.11261,2.55778,7.5708,3
183.8,0.11262,2.5578,7.5708,3
183.9,0.11262,2.55782,7.57079,3
184,0.11263,2.55785,7.57079,3
184.1,0.11264,2.55787,7.57078,3
184.2,0.11265,2.55789,7.57078,3
184.3,0.11265,2.55791,7.57077,3
184.4,0.11266,2.55793,7.57077,3
184.5,0.11267,2.55795,7.57077,3
184.6,0.11267,2.55798,7.57076,3
184.7,0.11268,2.558,7.57076,3
184.8,0.11269,2.55802,7.57076,3
184.9,0.1127,2.55804,7.57075,3
185,0.1127,2.55806,7.57075,3
185.1,0.11271,2.55808,7.57074,3
185.2,0.11272,2.5581,7.57074,3
185.3,0.11272,2.55812,7.57074,3
185.4,0.11273,2.55814,7.57073,3
185.5,0.11274,2.55817,7.57073,3
185.6,0.11275,2.55819,7.57073,3
185.7,0.11275,2.55821,7.57072,3
185.8,0.11276,2.55823,7.57072,3
185.9,0.11277,2.55825,7.57072,3
186,0.11277,2.55827,7.57071,3
186.1,0.11278,2.55829,7.57071,3
186.2,0.11279,2.55831,7.57071,3
186.3,0.11279,2.55833,7.5707,3
186.4,0.1128,2.55835,7.5707,3
186.5,0.11281,2.55837,7.5707,3
186.6,0.11281,2.55839,7.57069,3
186.7,0.11282,2.55841,7.57069,3
186.8,0.11283,2.55843,7.57069,3
186.9,0.11284,2.55845,7.57068,3
187,0.11284,2.55847,7.57068,3
187.1,0.11285,2.55849,7.57068,3
187.2,0.11286,2.55851,7.57068,3
187.3,0.11286,2.55853,7.57067,3
187.4,0.11287,2.55855,7.57067,3
187.5,0.11288,2.55857,7.57067,3
187.6,0.11288,2.55859,7.57066,3
187.7,0.11289,2.55861,7.57066,3
187.8,0.11289,2.55863,7.57066,3
187.9,0.1129,2.55865,7.57066,3
188,0.11291,2.55866,7.57065,3
188.1,0.11291,2.55868,7.57065,3
188.2,0.11292,2.5587,7.57065,3
188.3,0.11293,2.55872,7.57065,3
188.4,0.11293,2.55874,7.57064,3
188.5,0.11294,2.55876,7.57064,3
188.6,0.11295,2.55877,7.57064,3
188.7,0.11295,2.55879,7.57064,3
188.8,0.11296,2.55881,7.57063,3
188.9,0.11297,2.55882,7.57063,3
189,0.11297,2.55884,7.57063,3
189.1,0.11298,2.55885,7.57063,3
189.2,0.11299,2.55887,7.57063,3
189.3,0.11299,2.55888,7.57062,3
189.4,0.113,2.5589,7.57062,3
189.5,0.113,2.55892,7.57062,3
189.6,0.11301,2.55893,7.57062,3
189.7,0.11302,2.55895,7.57062,3
189.8,0.11302,2.55896,7.57062,3
189.9,0.11303,2.55898,7.57061,3
190,0.11304,2.55899,7.57061,3
190.1,0.11304,2.55901,7.57061,3
190.2,0.11305,2.55903,7.57061,3
190.3,0.11305,2.55904,7.57061,3
190.4,0.11306,2.55906,7.57061,3
190.5,0.11307,2.55907,7.5706,3
190.6,0.11307,2.55908,7.5706,3
190.7,0.11308,2.5591,7.5706,3
190.8,0.11308,2.55911,7.5706,3
190.9,0.11309,2.55913,7.5706,3
191,0.1131,2.55914,7.5706,3
191.1,0.1131,2.55916,7.5706,3
191.2,0.11311,2.55917,7.5706,3
191.3,0.11311,2.55918,7.57059,3
191.4,0.11312,2.5592,7.57059,3
191.5,0.11313,2.55921,7.57059,3
191.6,0.11313,2.55923,7.57059,3
191.7,0.11314,2.55924,7.57059,3
191.8,0.11314,2.55925,7.57059,3
191.9,0.11315,2.55927,7.57059,3
192,0.11316,2.55928,7.57059,3
192.1,0.11316,2.55929,7.57059,3
192.2,0.11317,2.55931,7.57059,3
192.3,0.11317,2.55932,7.57058,3
192.4,0.11318,2.55933,7.57058,3
192.5,0.11319,2.55935,7.57058,3
192.6,0.11319,2.55936,7.57058,3
192.7,0.1132,2.55938,7.57058,3
192.8,0.1132,2.55939,7.57058,3
192.9,0.11321,2.5594,7.57058,3
193,0.11322,2.55942,7.57058,3
193.1,0.11322,2.55943,7.57058,3
193.2,0.11323,2.55944,7.57058,3
193.3,0.11323,2.55945,7.57058,3
193.4,0.11324,2.55947,7.57058,3
193.5,0.11324,2.55948,7.57058,3
193.6,0.11325,2.55949,7.57058,3
193.7,0.11326,2.5595,7.57058,3
193.8,0.11326,2.55952,7.57058,3
193.9,0.11327,2.55953,7.57058,3
194,0.11327,2.55954,7.57058,3
194.1,0.11328,2.55955,7.57058,3
194.2,0.11328,2.55957,7.57058,3
194.3,0.11329,2.55958,7.57058,3
194.4,0.11329,2.55959,7.57058,3
194.5,0.1133,2.5596,7.57058,3
194.6,0.1133,2.55962,7.57058,3
194.7,0.11331,2.55963,7.57058,3
194.8,0.11331,2.55964,7.57058,3
194.9,0.11332,2.55965,7.57058,3
195,0.11332,2.55966,7.57058,3
195.1,0.11333,2.55967,7.57058,3
195.2,0.11333,2.55969,7.57058,3
195.3,0.11334,2.5597,7.57058,3
195.4,0.11334,2.55971,7.57058,3
195.5,0.11335,2.55972,7.57058,3
195.6,0.11335,2.55973,7.57058,3
195.7,0.11336,2.55974,7.57058,3
195.8,0.11336,2.55976,7.57058,3
195.9,0.11337,2.55977,7.57058,3
196,0.11337,2.55978,7.57058,3
196.1,0.11338,2.55979,7.57058,3
196.2,0.11338,2.5598,7.57058,3
196.3,0.11339,2.55981,7.57058,3
196.4,0.11339,2.55982,7.57058,3
196.5,0.1134,2.55983,7.57059,3
196.6,0.1134,2.55984,7.57059,3
196.7,0.11341,2.55985,7.57059,3
196.8,0.11341,2.55987,7.57059,3
196.9,0.11342,2.55988,7.57059,3
197,0.11342,2.55989,7.57059,3
197.1,0.11343,2.5599,7.57059,3
197.2,0.11343,2.55991,7.57059,3
197.3,0.11344,2.55992,7.57059,3
197.4,0.11344,2.55993,7.5706,3
197.5,0.11345,2.55994,7.5706,3
197.6,0.11345,2.55994,7.5706,3
197.7,0.11346,2.55995,7.5706,3
197.8,0.11346,2.55996,7.5706,3
197.9,0.11347,2.55997,7.5706,3
198,0.11347,2.55998,7.5706,3
198.1,0.11348,2.55999,7.57061,3
198.2,0.11348,2.56,7.57061,3
198.3,0.11348,2.56,7.57061,3
198.4,0.11349,2.56001,7.57061,3
198.5,0.11349,2.56002,7.57061,3
198.6,0.1135,2.56003,7.57061,3
198.7,0.1135,2.56003,7.57062,3
198.8,0.11351,2.56004,7.57062,3
198.9,0.11351,2.56005,7.57062,3
199,0.11352,2.56005,7.57062,3
199.1,0.11352,2.56006,7.57062,3
199.2,0.11352,2.56007,7.57063,3
199.3,0.11353,2.56007,7.57063,3
199.4,0.11353,2.56008,7.57063,3
199.5,0.11354,2.56009,7.57063,3
199.6,0.11354,2.56009,7.57063,3
199.7,0.11355,2.5601,7.57064,3
199.8,0.11355,2.5601,7.57064,3
199.9,0.11355,2.56011,7.57064,3
200,0.11356,2.56012,7.57064,3
200.1,0.11356,2.56012,7.57064,3
200.2,0.11357,2.56013,7.57065,3
200.3,0.11357,2.56013,7.57065,3
200.4,0.11358,2.56014,7.57065,3
200.5,0.11358,2.56014,7.57065,3
200.6,0.11358,2.56015,7.57066,3
200.7,0.11359,2.56015,7.57066,3
200.8,0.11359,2.56016,7.57066,3
200.9,0.11359,2.56016,7.57066,3
201,0.1136,2.56017,7.57066,3
201.1,0.1136,2.56017,7.57067,3
201.2,0.11361,2.56017,7.57067,3
201.3,0.11361,2.56017,7.57067,3
201.4,0.11361,2.56018,7.57067,3
201.5,0.11362,2.56018,7.57068,3
201.6,0.11362,2.56018,7.57068,3
201.7,0.11362,2.56019,7.57068,3
201.8,0.11363,2.56019,7.57068,3
201.9,0.11363,2.56019,7.57069,3
202,0.11363,2.56019,7.57069,3
202.1,0.11363,2.5602,7.57069,3
202.2,0.11364,2.5602,7.5707,3
202.3,0.11364,2.5602,7.5707,3
202.4,0.11364,2.5602,7.5707,3
202.5,0.11365,2.56021,7.5707,3
202.6,0.11365,2.56021,7.5707,3
202.7,0.11365,2.56021,7.57071,3
202.8,0.11366,2.56021,7.57071,3
202.9,0.11366,2.56022,7.57071,3
203,0.11366,2.56022,7.57071,3
203.1,0.11366,2.56022,7.57071,3
203.2,0.11367,2.56022,7.57072,3
203.3,0.11367,2.56023,7.57072,3
203.4,0.11367,2.56023,7.57072,3
203.5,0.11368,2.56023,7.57072,3
203.6,0.11368,2.56023,7.57073,3
203.7,0.11368,2.56024,7.57073,3
203.8,0.11368,2.56024,7.57073,3
203.9,0.11369,2.56024,7.57073,3
204,0.11369,2.56024,7.57074,3
204.1,0.11369,2.56025,7.57074,3
204.2,0.11369,2.56025,7.57074,3
204.3,0.1137,2.56025,7.57075,3
204.4,0.1137,2.56025,7.57075,3
204.5,0.1137,2.56025,7.57075,3
204.6,0.1137,2.56025,7.57075,3
204.7,0.11371,2.56025,7.57076,3
204.8,0.11371,2.56026,7.57076,3
204.9,0.11371,2.56026,7.57076,3
205,0.11371,2.56026,7.57076,3
205.1,0.11372,2.56026,7.57077,3
205.2,0.11372,2.56026,7.57077,3
205.3,0.11372,2.56026,7.57077,3
205.4,0.11372,2.56026,7.57077,3
205.5,0.11373,2.56026,7.57078,3
205.6,0.11373,2.56026,7.57078,3
205.7,0.11373,2.56026,7.57078,3
205.8,0.11373,2.56026,7.57079,3
205.9,0.11374,2.56026,7.57079,3
206,0.11374,2.56026,7.57079,3
206.1,0.11374,2.56026,7.5708,3
206.2,0.11375,2.56027,7.5708,3
206.3,0.11375,2.56027,7.5708,3
206.4,0.11375,2.56027,7.57081,3
206.5,0.11375,2.56027,7.57081,3
206.6,0.11376,2.56027,7.57081,3
206.7,0.11376,2.56028,7.57081,3
206.8,0.11376,2.56028,7.57082,3
206.9,0.11376,2.56028,7.57082,3
207,0.11376,2.56028,7.57082,3
207.1,0.11377,2.56028,7.57083,3
207.2,0.11377,2.56028,7.57083,3
207.3,0.11377,2.56028,7.57083,3
207.4,0.11377,2.56028,7.57084,3
207.5,0.11377,2.56028,7.57084,3
207.6,0.11378,2.56028,7.57084,3
207.7,0.11378,2.56028,7.57085,3
207.8,0.11378,2.56028,7.57085,3
207.9,0.11378,2.56029,7.57085,3
208,0.11378,2.56029,7.57086,3
208.1,0.11379,2.56029,7.57086,3
208.2,0.11379,2.56029,7.57086,3
208.3,0.11379,2.56029,7.57087,3
208.4,0.11379,2.56029,7.57087,3
208.5,0.11379,2.56029,7.57087,3
208.6,0.1138,2.56029,7.57088,3
208.7,0.1138,2.56029,7.57088,3
208.8,0.1138,2.56029,7.57089,3
208.9,0.1138,2.56029,7.57089,3
209,0.1138,2.56029,7.57089,3
209.1,0.11381,2.56029,7.5709,3
209.2,0.11381,2.56029,7.5709,3
209.3,0.11381,2.56029,7.5709,3
209.4,0.11381,2.56029,7.57091,3
209.5,0.11381,2.56029,7.57091,3
209.6,0.11382,2.56029,7.57091,3
209.7,0.11382,2.56029,7.57092,3
209.8,0.11382,2.56029,7.57092,3
209.9,0.11382,2.56029,7.57093,3
210,0.11382,2.56029,7.57093,3
210.1,0.11383,2.56029,7.57093,3
210.2,0.11383,2.56029,7.57094,3
210.3,0.11383,2.56029,7.57094,3
210.4,0.11383,2.56029,7.57094,3
210.5,0.11383,2.56029,7.57095,3
210.6,0.11384,2.56029,7.57095,3
210.7,0.11384,2.56029,7.57096,3
210.8,0.11384,2.56029,7.57096,3
210.9,0.11384,2.56029,7.57096,3
211,0.11384,2.56028,7.57097,3
211.1,0.11384,2.56028,7.57097,3
211.2,0.11385,2.56028,7.57097,3
211.3,0.11385,2.56028,7.57098,3
211.4,0.11385,2.56028,7.57098,3
211.5,0.11385,2.56028,7.57099,3
211.6,0.11385,2.56028,7.57099,3
211.7,0.11386,2.56028,7.57099,3
211.8,0.11386,2.56028,7.571,3
211.9,0.11386,2.56028,7.571,3
212,0.11386,2.56027,7.571,3
212.1,0.11386,2.56027,7.57101,3
212.2,0.11386,2.56027,7.57101,3
212.3,0.11387,2.56027,7.57102,3
212.4,0.11387,2.56027,7.57102,3
212.5,0.11387,2.56027,7.57102,3
212.6,0.11387,2.56027,7.57103,3
212.7,0.11387,2.56026,7.57103,3
212.8,0.11387,2.56026,7.57103,3
212.9,0.11387,2.56026,7.57104,3
213,0.11388,2.56026,7.57104,3
213.1,0.11388,2.56025,7.57105,3
213.2,0.11388,2.56025,7.57105,3
213.3,0.11388,2.56025,7.57106,3
213.4,0.11388,2.56025,7.57106,3
213.5,0.11388,2.56024,7.57106,3
213.6,0.11389,2.56024,7.57107,3
213.7,0.11389,2.56024,7.57107,3
213.8,0.11389,2.56023,7.57108,3
213.9,0.11389,2.56023,7.57108,3
214,0.11389,2.56023,7.57108,3
214.1,0.11389,2.56022,7.57109,3
214.2,0.1139,2.56022,7.57109,3
214.3,0.1139,2.56022,7.5711,3
214.4,0.1139,2.56021,7.5711,3
214.5,0.1139,2.56021,7.5711,3
214.6,0.1139,2.56021,7.57111,3
214.7,0.1139,2.5602,7.57111,3
214.8,0.1139,2.5602,7.57112,3
214.9,0.11391,2.5602,7.57112,3
215,0.11391,2.56019,7.57113,3
215.1,0.11391,2.56019,7.57113,3
215.2,0.11391,2.56019,7.57113,3
215.3,0.11391,2.56019,7.57114,3
215.4,0.11391,2.56018,7.57114,3
215.5,0.11391,2.56018,7.57115,3
215.6,0.11392,2.56017,7.57115,3
215.7,0.11392,2.56017,7.57115,3
215.8,0.11392,2.56017,7.57116,3
215.9,0.11392,2.56016,7.57116,3
216,0.11392,2.56016,7.57117,3
216.1,0.11392,2.56016,7.57117,3
216.2,0.11392,2.56015,7.57118,3
216.3,0.11392,2.56015,7.57118,3
216.4,0.11393,2.56014,7.57119,3
216.5,0.11393,2.56014,7.57119,3
216.6,0.11393,2.56013,7.57119,3
216.7,0.11393,2.56013,7.5712,3
216.8,0.11393,2.56012,7.5712,3
216.9,0.11393,2.56012,7.57121,3
217,0.11393,2.56011,7.57121,3
217.1,0.11394,2.56011,7.57121,3
217.2,0.11394,2.5601,7.57122,3
217.3,0.11394,2.56009,7.57122,3
217.4,0.11394,2.56009,7.57123,3
217.5,0.11394,2.56008,7.57123,3
217.6,0.11394,2.56008,7.57124,3
217.7,0.11394,2.56007,7.57124,3
217.8,0.11394,2.56007,7.57124,3
217.9,0.11394,2.56006,7.57125,3
218,0.11395,2.56006,7.57125,3
218.1,0.11395,2.56005,7.57126,3
218.2,0.11395,2.56005,7.57126,3
218.3,0.11395,2.56004,7.57127,3
218.4,0.11395,2.56003,7.57127,3
218.5,0.11395,2.56003,7.57127,3
218.6,0.11395,2.56002,7.57128,3
218.7,0.11395,2.56001,7.57128,3
218.8,0.11395,2.56001,7.57129,3
218.9,0.11396,2.56,7.57129,3
219,0.11396,2.56,7.57129,3
219.1,0.11396,2.55999,7.5713,3
219.2,0.11396,2.55998,7.5713,3
219.3,0.11396,2.55998,7.57131,3
219.4,0.11396,2.55997,7.57131,3
219.5,0.11396,2.55997,7.57131,3
219.6,0.11396,2.55996,7.57132,3
219.7,0.11396,2.55995,7.57132,3
219.8,0.11396,2.55994,7.57133,3
219.9,0.11397,2.55994,7.57133,3
220,0.11397,2.55993,7.57133,3
220.1,0.11397,2.55992,7.57134,3
220.2,0.11397,2.55991,7.57134,3
220.3,0.11397,2.55991,7.57135,3
220.4,0.11397,2.5599,7.57135,3
220.5,0.11397,2.5599,7.57135,3
220.6,0.11397,2.55989,7.57136,3
220.7,0.11397,2.55988,7.57136,3
220.8,0.11397,2.55988,7.57137,3
220.9,0.11397,2.55987,7.57137,3
221,0.11397,2.55986,7.57137,3
221.1,0.11397,2.55986,7.57138,3
221.2,0.11397,2.55985,7.57138,3
221.3,0.11397,2.55984,7.57139,3
221.4,0.11398,2.55983,7.57139,3
221.5,0.11398,2.55983,7.57139,3
221.6,0.11398,2.55982,7.5714,3
221.7,0.11398,2.55981,7.5714,3
221.8,0.11398,2.55981,7.5714,3
221.9,0.11398,2.5598,7.57141,3
222,0.11398,2.55979,7.57141,3
222.1,0.11398,2.55978,7.57141,3
222.2,0.11398,2.55978,7.57142,3
222.3,0.11398,2.55977,7.57142,3
222.4,0.11398,2.55976,7.57143,3
222.5,0.11398,2.55975,7.57143,3
222.6,0.11398,2.55974,7.57143,3
222.7,0.11398,2.55974,7.57144,3
222.8,0.11398,2.55973,7.57144,3
222.9,0.11398,2.55973,7.57144,3
223,0.11399,2.55972,7.57145,3
223.1,0.11399,2.55971,7.57145,3
223.2,0.11399,2.55971,7.57145,3
223.3,0.11399,2.5597,7.57146,3
223.4,0.11399,2.55969,7.57146,3
223.5,0.11399,2.55968,7.57146,3
223.6,0.11399,2.55968,7.57147,3
223.7,0.11399,2.55967,7.57147,3
223.8,0.11399,2.55966,7.57147,3
223.9,0.11399,2.55966,7.57148,3
224,0.11399,2.55965,7.57148,3
224.1,0.11399,2.55964,7.57148,3
224.2,0.11399,2.55963,7.57149,3
224.3,0.11399,2.55963,7.57149,3
224.4,0.11399,2.55962,7.57149,3
224.5,0.11399,2.55962,7.5715,3
224.6,0.114,2.55961,7.5715,3
224.7,0.114,2.5596,7.57151,3
224.8,0.114,2.55959,7.57151,3
224.9,0.114,2.55959,7.57151,3
225,0.114,2.55958,7.57152,3
225.1,0.114,2.55957,7.57152,3
225.2,0.114,2.55957,7.57152,3
225.3,0.114,2.55956,7.57153,3
225.4,0.114,2.55956,7.57153,3
225.5,0.114,2.55955,7.57153,3
225.6,0.114,2.55955,7.57154,3
225.7,0.114,2.55954,7.57154,3
225.8,0.114,2.55954,7.57154,3
225.9,0.114,2.55953,7.57154,3
226,0.114,2.55953,7.57155,3
226.1,0.114,2.55952,7.57155,3
226.2,0.114,2.55951,7.57155,3
226.3,0.114,2.55951,7.57156,3
226.4,0.114,2.5595,7.57156,3
226.5,0.114,2.5595,7.57156,3
226.6,0.114,2.55949,7.57157,3
226.7,0.114,2.55949,7.57157,3
226.8,0.114,2.55948,7.57157,3
226.9,0.114,2.55948,7.57157,3
227,0.114,2.55947,7.57158,3
227.1,0.11401,2.55946,7.57158,3
227.2,0.11401,2.55946,7.57158,3
227.3,0.11401,2.55945,7.57158,3
227.4,0.11401,2.55945,7.57159,3
227.5,0.11401,2.55944,7.57159,3
227.6,0.11401,2.55944,7.57159,3
227.7,0.11401,2.55943,7.5716,3
227.8,0.11401,2.55942,7.5716,3
227.9,0.11401,2.55942,7.5716,3
228,0.11401,2.55941,7.5716,3
228.1,0.11401,2.5594,7.57161,3
228.2,0.11401,2.5594,7.57161,3
228.3,0.11401,2.55939,7.57161,3
228.4,0.11401,2.55938,7.57161,3
228.5,0.11401,2.55938,7.57162,3
228.6,0.11402,2.55937,7.57162,3
228.7,0.11402,2.55936,7.57162,3
228.8,0.11402,2.55936,7.57162,3
228.9,0.11402,2.55935,7.57163,3
229,0.11402,2.55935,7.57163,3
229.1,0.11402,2.55934,7.57163,3
229.2,0.11402,2.55934,7.57163,3
229.3,0.11402,2.55933,7.57164,3
229.4,0.11402,2.55932,7.57164,3
229.5,0.11402,2.55932,7.57164,3
229.6,0.11402,2.55931,7.57164,3
229.7,0.11402,2.5593,7.57164,3
229.8,0.11402,2.5593,7.57165,3
229.9,0.11403,2.55929,7.57165,3
230,0.11403,2.55929,7.57165,3
230.1,0.11403,2.55928,7.57165,3
230.2,0.11403,2.55927,7.57165,3
230.3,0.11403,2.55927,7.57166,3
230.4,0.11403,2.55926,7.57166,3
230.5,0.11403,2.55926,7.57166,3
230.6,0.11403,2.55926,7.57166,3
230.7,0.11403,2.55925,7.57166,3
230.8,0.11403,2.55925,7.57166,3
230.9,0.11403,2.55924,7.57167,3
231,0.11403,2.55924,7.57167,3
231.1,0.11404,2.55923,7.57167,3
231.2,0.11404,2.55923,7.57167,3
231.3,0.11404,2.55922,7.57167,3
231.4,0.11404,2.55922,7.57167,3
231.5,0.11404,2.55921,7.57168,3
231.6,0.11404,2.55921,7.57168,3
231.7,0.11404,2.5592,7.57168,3
231.8,0.11404,2.5592,7.57168,3
231.9,0.11404,2.55919,7.57168,3
232,0.11404,2.55919,7.57168,3
232.1,0.11404,2.55918,7.57168,3
232.2,0.11404,2.55918,7.57168,3
232.3,0.11404,2.55917,7.57168,3
232.4,0.11404,2.55916,7.57168,3
232.5,0.11405,2.55916,7.57169,3
232.6,0.11405,2.55915,7.57169,3
232.7,0.11405,2.55915,7.57169,3
232.8,0.11405,2.55914,7.57169,3
232.9,0.11405,2.55914,7.57169,3
233,0.11405,2.55914,7.57169,3
233.1,0.11405,2.55913,7.57169,3
233.2,0.11405,2.55913,7.57169,3
233.3,0.11405,2.55913,7.57169,3
233.4,0.11405,2.55912,7.57169,3
233.5,0.11405,2.55912,7.57169,3
233.6,0.11405,2.55911,7.57169,3
233.7,0.11406,2.55911,7.57169,3
233.8,0.11406,2.5591,7.57169,3
233.9,0.11406,2.5591,7.57169,3
234,0.11406,2.55909,7.57169,3
234.1,0.11406,2.55909,7.57169,3
234.2,0.11406,2.55909,7.57169,3
234.3,0.11406,2.55908,7.57169,3
234.4,0.11406,2.55908,7.57169,3
234.5,0.11406,2.55908,7.57169,3
234.6,0.11406,2.55908,7.57169,3
234.7,0.11406,2.55908,7.57169,3
234.8,0.11407,2.55907,7.57169,3
234.9,0.11407,2.55907,7.57169,3
235,0.11407,2.55907,7.57169,3
235.1,0.11407,2.55906,7.57169,3
235.2,0.11407,2.55906,7.57169,3
235.3,0.11407,2.55906,7.57169,3
235.4,0.11407,2.55906,7.57168,3
235.5,0.11407,2.55906,7.57168,3
235.6,0.11407,2.55906,7.57168,3
235.7,0.11408,2.55905,7.57168,3
235.8,0.11408,2.55905,7.57168,3
235.9,0.11408,2.55905,7.57168,3
236,0.11408,2.55905,7.57168,3
236.1,0.11408,2.55904,7.57168,3
236.2,0.11408,2.55904,7.57168,3
236.3,0.11408,2.55904,7.57167,3
236.4,0.11409,2.55904,7.57167,3
236.5,0.11409,2.55904,7.57167,3
236.6,0.11409,2.55904,7.57167,3
236.7,0.11409,2.55904,7.57167,3
236.8,0.11409,2.55904,7.57167,3
236.9,0.11409,2.55904,7.57167,3
237,0.11409,2.55904,7.57166,3
237.1,0.1141,2.55904,7.57166,3
237.2,0.1141,2.55904,7.57166,3
237.3,0.1141,2.55904,7.57166,3
237.4,0.1141,2.55904,7.57166,3
237.5,0.1141,2.55903,7.57165,3
237.6,0.1141,2.55904,7.57165,3
237.7,0.11411,2.55904,7.57165,3
237.8,0.11411,2.55904,7.57165,3
237.9,0.11411,2.55904,7.57164,3
238,0.11411,2.55904,7.57164,3
238.1,0.11411,2.55905,7.57164,3
238.2,0.11411,2.55905,7.57164,3
238.3,0.11412,2.55905,7.57163,3
238.4,0.11412,2.55906,7.57163,3
238.5,0.11412,2.55906,7.57163,3
238.6,0.11412,2.55906,7.57163,3
238.7,0.11412,2.55907,7.57162,3
238.8,0.11412,2.55907,7.57162,3
238.9,0.11413,2.55907,7.57162,3
239,0.11413,2.55907,7.57161,3
239.1,0.11413,2.55908,7.57161,3
239.2,0.11413,2.55908,7.57161,3
239.3,0.11413,2.55908,7.5716,3
239.4,0.11414,2.55909,7.5716,3
239.5,0.11414,2.55909,7.5716,3
239.6,0.11414,2.55909,7.57159,3
239.7,0.11414,2.5591,7.57159,3
239.8,0.11414,2.5591,7.57159,3
239.9,0.11415,2.5591,7.57159,3
240,0.11415,2.55911,7.57158,3
240.1,0.11415,2.55911,7.57158,3
240.2,0.11415,2.55912,7.57158,3
240.3,0.11415,2.55912,7.57158,3
240.4,0.11415,2.55913,7.57158,3
240.5,0.11416,2.55914,7.57157,3
240.6,0.11416,2.55914,7.57157,3
240.7,0.11416,2.55915,7.57157,3
240.8,0.11416,2.55915,7.57157,3
240.9,0.11417,2.55916,7.57157,3
241,0.11417,2.55916,7.57157,3
241.1,0.11417,2.55917,7.57157,3
241.2,0.11417,2.55917,7.57157,3
241.3,0.11418,2.55918,7.57157,3
241.4,0.11418,2.55918,7.57157,3
241.5,0.11418,2.55919,7.57157,3
241.6,0.11418,2.5592,7.57157,3
241.7,0.11419,2.5592,7.57157,3
241.8,0.11419,2.55921,7.57156,3
241.9,0.11419,2.55922,7.57156,3
242,0.11419,2.55923,7.57156,3
242.1,0.1142,2.55924,7.57156,3
242.2,0.1142,2.55925,7.57156,3
242.3,0.1142,2.55926,7.57156,3
242.4,0.1142,2.55926,7.57156,3
242.5,0.11421,2.55927,7.57156,3
242.6,0.11421,2.55928,7.57156,3
242.7,0.11421,2.55929,7.57156,3
242.8,0.11421,2.5593,7.57155,3
242.9,0.11422,2.55931,7.57155,3
243,0.11422,2.55932,7.57155,3
243.1,0.11422,2.55932,7.57155,3
243.2,0.11423,2.55933,7.57155,3
243.3,0.11423,2.55934,7.57155,3
243.4,0.11423,2.55935,7.57155,3
243.5,0.11424,2.55936,7.57155,3
243.6,0.11424,2.55936,7.57155,3
243.7,0.11424,2.55937,7.57154,3
243.8,0.11424,2.55937,7.57154,3
243.9,0.11425,2.55937,7.57154,3
244,0.11425,2.55937,7.57154,3
244.1,0.11425,2.55937,7.57154,3
244.2,0.11426,2.55936,7.57154,3
244.3,0.11426,2.55936,7.57154,3
244.4,0.11426,2.55936,7.57154,3
244.5,0.11427,2.55936,7.57153,3
244.6,0.11427,2.55936,7.57153,3
244.7,0.11427,2.55935,7.57153,3
244.8,0.11428,2.55935,7.57153,3
244.9,0.11428,2.55935,7.57153,3
245,0.11428,2.55934,7.57153,3
245.1,0.11429,2.55934,7.57153,3
245.2,0.11429,2.55933,7.57152,3
245.3,0.11429,2.55933,7.57152,3
245.4,0.1143,2.55933,7.57152,3
245.5,0.1143,2.55932,7.57152,3
245.6,0.1143,2.55932,7.57152,3
245.7,0.11431,2.55932,7.57152,3
245.8,0.11431,2.55931,7.57152,3
245.9,0.11432,2.55931,7.57151,3
246,0.11432,2.5593,7.57151,3
246.1,0.11432,2.5593,7.57151,3
246.2,0.11433,2.5593,7.57151,3
246.3,0.11433,2.55929,7.57151,3
246.4,0.11433,2.55929,7.57151,3
246.5,0.11434,2.55928,7.57151,3
246.6,0.11434,2.55928,7.57151,3
246.7,0.11434,2.55927,7.57151,3
246.8,0.11435,2.55927,7.57151,3
246.9,0.11435,2.55927,7.57151,3
247,0.11435,2.55926,7.57151,3
247.1,0.11435,2.55926,7.57151,3
247.2,0.11435,2.55925,7.57151,3
247.3,0.11435,2.55925,7.57151,3
247.4,0.11436,2.55924,7.57151,3
247.5,0.11436,2.55924,7.57151,3
247.6,0.11436,2.55923,7.57151,3
247.7,0.11436,2.55922,7.57151,3
247.8,0.11436,2.55922,7.57151,3
247.9,0.11437,2.55921,7.5715,3
248,0.11437,2.55921,7.5715,3
248.1,0.11437,2.5592,7.5715,3
248.2,0.11437,2.5592,7.5715,3
248.3,0.11437,2.55919,7.5715,3
248.4,0.11438,2.55918,7.5715,3
248.5,0.11438,2.55918,7.5715,3
248.6,0.11438,2.55917,7.5715,3
248.7,0.11438,2.55917,7.5715,3
248.8,0.11438,2.55916,7.5715,3
248.9,0.11439,2.55916,7.5715,3
249,0.11439,2.55915,7.5715,3
249.1,0.11439,2.55915,7.5715,3
249.2,0.11439,2.55914,7.5715,3
249.3,0.11439,2.55913,7.5715,3
249.4,0.1144,2.55912,7.5715,3
249.5,0.1144,2.55911,7.5715,3
249.6,0.1144,2.5591,7.5715,3
249.7,0.1144,2.55909,7.5715,3
249.8,0.11441,2.55908,7.5715,3
249.9,0.11441,2.55907,7.5715,3
250,0.11441,2.55906,7.5715,3
250.1,0.11441,2.55905,7.5715,3
250.2,0.11442,2.55904,7.5715,3
250.3,0.11442,2.55902,7.5715,3
250.4,0.11442,2.55901,7.5715,3
250.5,0.11442,2.559,7.5715,3
250.6,0.11442,2.55899,7.5715,3
250.7,0.11443,2.55898,7.5715,3
250.8,0.11443,2.55896,7.5715,3
250.9,0.11443,2.55895,7.5715,3
251,0.11443,2.55894,7.57149,3
251.1,0.11444,2.55893,7.57149,3
251.2,0.11444,2.55891,7.57149,3
251.3,0.11444,2.5589,7.57149,3
251.4,0.11444,2.55889,7.57149,3
251.5,0.11445,2.55887,7.57149,3
251.6,0.11445,2.55886,7.57149,3
251.7,0.11445,2.55884,7.57149,3
251.8,0.11445,2.55883,7.57149,3
251.9,0.11446,2.55882,7.57149,3
252,0.11446,2.5588,7.57149,3
252.1,0.11446,2.55879,7.57149,3
252.2,0.11446,2.55877,7.57149,3
252.3,0.11446,2.55876,7.57149,3
252.4,0.11447,2.55874,7.57149,3
252.5,0.11447,2.55873,7.57149,3
252.6,0.11447,2.55871,7.57149,3
252.7,0.11447,2.5587,7.57149,3
252.8,0.11447,2.55868,7.57149,3
252.9,0.11447,2.55867,7.57149,3
253,0.11448,2.55865,7.57149,3
253.1,0.11448,2.55864,7.57149,3
253.2,0.11448,2.55862,7.57149,3
253.3,0.11448,2.55861,7.57148,3
253.4,0.11448,2.55859,7.57148,3
253.5,0.11448,2.55858,7.57148,3
253.6,0.11449,2.55856,7.57148,3
253.7,0.11449,2.55855,7.57148,3
253.8,0.11449,2.55853,7.57148,3
253.9,0.11449,2.55851,7.57148,3
254,0.11449,2.5585,7.57148,3
254.1,0.11449,2.55848,7.57148,3
254.2,0.1145,2.55846,7.57148,3
254.3,0.1145,2.55845,7.57148,3
254.4,0.1145,2.55843,7.57148,3
254.5,0.1145,2.55841,7.57148,3
254.6,0.1145,2.55839,7.57147,3
254.7,0.1145,2.55838,7.57147,3
254.8,0.11451,2.55836,7.57147,3
254.9,0.11451,2.55834,7.57147,3
255,0.11451,2.55832,7.57147,3
255.1,0.11451,2.55831,7.57147,3
255.2,0.11451,2.55829,7.57147,3
255.3,0.11451,2.55827,7.57147,3
255.4,0.11451,2.55825,7.57147,3
255.5,0.11452,2.55823,7.57147,3
255.6,0.11452,2.55821,7.57147,3
255.7,0.11452,2.55819,7.57147,3
255.8,0.11452,2.55817,7.57147,3
255.9,0.11452,2.55815,7.57147,3
256,0.11452,2.55813,7.57147,3
256.1,0.11453,2.55811,7.57146,3
256.2,0.11453,2.55809,7.57146,3
256.3,0.11453,2.55807,7.57146,3
256.4,0.11453,2.55805,7.57146,3
256.5,0.11453,2.55803,7.57146,3
256.6,0.11453,2.55801,7.57146,3
256.7,0.11454,2.55799,7.57146,3
256.8,0.11454,2.55797,7.57146,3
256.9,0.11454,2.55795,7.57146,3
257,0.11454,2.55793,7.57146,3
257.1,0.11454,2.55791,7.57146,3
257.2,0.11454,2.55789,7.57146,3
257.3,0.11454,2.55787,7.57146,3
257.4,0.11455,2.55784,7.57146,3
257.5,0.11455,2.55782,7.57145,3
257.6,0.11455,2.5578,7.57145,3
257.7,0.11455,2.55778,7.57145,3
257.8,0.11455,2.55776,7.57145,3
257.9,0.11455,2.55774,7.57145,3
258,0.11456,2.55772,7.57145,3
258.1,0.11456,2.55769,7.57145,3
258.2,0.11456,2.55767,7.57145,3
258.3,0.11456,2.55765,7.57145,3
258.4,0.11456,2.55763,7.57145,3
258.5,0.11456,2.55761,7.57145,3
258.6,0.11456,2.55758,7.57145,3
258.7,0.11457,2.55756,7.57145,3
258.8,0.11457,2.55754,7.57145,3
258.9,0.11457,2.55752,7.57145,3
259,0.11457,2.55749,7.57144,3
259.1,0.11457,2.55747,7.57144,3
259.2,0.11457,2.55745,7.57144,3
259.3,0.11457,2.55743,7.57144,3
259.4,0.11458,2.5574,7.57144,3
259.5,0.11458,2.55738,7.57144,3
259.6,0.11458,2.55736,7.57144,3
259.7,0.11458,2.55734,7.57144,3
259.8,0.11458,2.55731,7.57144,3
259.9,0.11458,2.55729,7.57144,3
260,0.11459,2.55727,7.57144,3
260.1,0.11459,2.55725,7.57144,3
260.2,0.11459,2.55722,7.57144,3
260.3,0.11459,2.5572,7.57144,3
260.4,0.11459,2.55718,7.57144,3
260.5,0.11459,2.55715,7.57144,3
260.6,0.1146,2.55713,7.57144,3
260.7,0.1146,2.55711,7.57144,3
260.8,0.1146,2.55708,7.57144,3
260.9,0.1146,2.55706,7.57143,3
261,0.1146,2.55703,7.57143,3
261.1,0.1146,2.55701,7.57143,3
261.2,0.11461,2.55698,7.57143,3
261.3,0.11461,2.55696,7.57143,3
261.4,0.11461,2.55694,7.57143,3
261.5,0.11461,2.55691,7.57143,3
261.6,0.11461,2.55689,7.57143,3
261.7,0.11461,2.55686,7.57143,3
261.8,0.11462,2.55684,7.57143,3
261.9,0.11462,2.55681,7.57143,3
262,0.11462,2.55679,7.57143,3
262.1,0.11462,2.55676,7.57143,3
262.2,0.11462,2.55674,7.57143,3
262.3,0.11462,2.55671,7.57143,3
262.4,0.11463,2.55668,7.57142,3
262.5,0.11463,2.55666,7.57142,3
262.6,0.11463,2.55663,7.57142,3
262.7,0.11463,2.55661,7.57142,3
262.8,0.11463,2.55658,7.57142,3
262.9,0.11464,2.55655,7.57142,3
263,0.11464,2.55653,7.57142,3
263.1,0.11464,2.5565,7.57142,3
263.2,0.11464,2.55648,7.57142,3
263.3,0.11464,2.55645,7.57142,3
263.4,0.11464,2.55642,7.57142,3
263.5,0.11465,2.5564,7.57142,3
263.6,0.11465,2.55637,7.57142,3
263.7,0.11465,2.55634,7.57142,3
263.8,0.11465,2.55632,7.57142,3
263.9,0.11465,2.55629,7.57142,3
264,0.11466,2.55627,7.57141,3
264.1,0.11466,2.55624,7.57141,3
264.2,0.11466,2.55621,7.57141,3
264.3,0.11466,2.55619,7.57141,3
264.4,0.11466,2.55616,7.57141,3
264.5,0.11466,2.55613,7.57141,3
264.6,0.11467,2.55611,7.57141,3
264.7,0.11467,2.55608,7.57141,3
264.8,0.11467,2.55605,7.57141,3
264.9,0.11467,2.55603,7.57141,3
265,0.11467,2.556,7.57141,3
265.1,0.11467,2.55597,7.57141,3
265.2,0.11468,2.55594,7.57141,3
265.3,0.11468,2.55592,7.57141,3
265.4,0.11468,2.55589,7.57141,3
265.5,0.11468,2.55586,7.5714,3
265.6,0.11468,2.55583,7.5714,3
265.7,0.11468,2.55581,7.5714,3
265.8,0.11469,2.55578,7.5714,3
265.9,0.11469,2.55575,7.5714,3
266,0.11469,2.55572,7.5714,3
266.1,0.11469,2.5557,7.5714,3
266.2,0.11469,2.55567,7.5714,3
266.3,0.11469,2.55564,7.5714,3
266.4,0.1147,2.55561,7.5714,3
266.5,0.1147,2.55558,7.5714,3
266.6,0.1147,2.55556,7.5714,3
266.7,0.1147,2.55553,7.5714,3
266.8,0.1147,2.5555,7.5714,3
266.9,0.11471,2.55547,7.5714,3
267,0.11471,2.55544,7.57139,3
267.1,0.11471,2.55541,7.57139,3
267.2,0.11471,2.55539,7.57139,3
267.3,0.11471,2.55536,7.57139,3
267.4,0.11471,2.55533,7.57139,3
267.5,0.11472,2.5553,7.57139,3
267.6,0.11472,2.55527,7.57139,3
267.7,0.11472,2.55524,7.57139,3
267.8,0.11472,2.55521,7.57139,3
267.9,0.11472,2.55518,7.57139,3
268,0.11472,2.55516,7.57139,3
268.1,0.11473,2.55513,7.57139,3
268.2,0.11473,2.5551,7.57139,3
268.3,0.11473,2.55507,7.57139,3
268.4,0.11473,2.55504,7.57139,3
268.5,0.11473,2.55501,7.57138,3
268.6,0.11473,2.55498,7.57138,3
268.7,0.11474,2.55495,7.57138,3
268.8,0.11474,2.55492,7.57138,3
268.9,0.11474,2.55489,7.57138,3
269,0.11474,2.55486,7.57138,3
269.1,0.11474,2.55483,7.57138,3
269.2,0.11474,2.5548,7.57138,3
269.3,0.11475,2.55477,7.57138,3
269.4,0.11475,2.55474,7.57138,3
269.5,0.11475,2.55471,7.57138,3
269.6,0.11475,2.55468,7.57138,3
269.7,0.11475,2.55466,7.57138,3
269.8,0.11475,2.55463,7.57138,3
269.9,0.11476,2.5546,7.57138,3
270,0.11476,2.55457,7.57137,3
270.1,0.11476,2.55454,7.57137,3
270.2,0.11476,2.55451,7.57137,3
270.3,0.11476,2.55448,7.57137,3
270.4,0.11476,2.55445,7.57137,3
270.5,0.11477,2.55442,7.57137,3
270.6,0.11477,2.55439,7.57137,3
270.7,0.11477,2.55436,7.57137,3
270.8,0.11477,2.55433,7.57137,3
270.9,0.11477,2.5543,7.57137,3
271,0.11477,2.55427,7.57137,3
271.1,0.11477,2.55424,7.57137,3
271.2,0.11478,2.55421,7.57137,3
271.3,0.11478,2.55418,7.57137,3
271.4,0.11478,2.55415,7.57137,3
271.5,0.11478,2.55412,7.57137,3
271.6,0.11478,2.55409,7.57137,3
271.7,0.11478,2.55406,7.57137,3
271.8,0.11478,2.55403,7.57137,3
271.9,0.11479,2.554,7.57137,3
272,0.11479,2.55397,7.57137,3
272.1,0.11479,2.55394,7.57137,3
272.2,0.11479,2.55391,7.57137,3
272.3,0.11479,2.55388,7.57137,3
272.4,0.11479,2.55385,7.57137,3
272.5,0.1148,2.55382,7.57137,3
272.6,0.1148,2.55379,7.57137,3
272.7,0.1148,2.55376,7.57136,3
272.8,0.1148,2.55373,7.57136,3
272.9,0.1148,2.5537,7.57136,3
273,0.11481,2.55367,7.57136,3
273.1,0.11481,2.55364,7.57136,3
273.2,0.11481,2.55361,7.57136,3
273.3,0.11481,2.55359,7.57136,3
273.4,0.11481,2.55356,7.57136,3
273.5,0.11481,2.55353,7.57136,3
273.6,0.11481,2.5535,7.57136,3
273.7,0.11482,2.55347,7.57136,3
273.8,0.11482,2.55344,7.57136,3
273.9,0.11482,2.55341,7.57136,3
274,0.11482,2.55338,7.57136,3
274.1,0.11482,2.55335,7.57135,3
274.2,0.11482,2.55332,7.57135,3
274.3,0.11483,2.55329,7.57135,3
274.4,0.11483,2.55326,7.57135,3
274.5,0.11483,2.55322,7.57135,3
274.6,0.11483,2.55319,7.57135,3
274.7,0.11483,2.55316,7.57135,3
274.8,0.11483,2.55313,7.57135,3
274.9,0.11483,2.5531,7.57135,3
275,0.11484,2.55307,7.57135,3
275.1,0.11484,2.55304,7.57135,3
275.2,0.11484,2.55301,7.57135,3
275.3,0.11484,2.55298,7.57135,3
275.4,0.11484,2.55295,7.57134,3
275.5,0.11485,2.55292,7.57134,3
275.6,0.11485,2.55289,7.57134,3
275.7,0.11485,2.55286,7.57134,3
275.8,0.11485,2.55282,7.57134,3
275.9,0.11485,2.55279,7.57134,3
276,0.11485,2.55276,7.57134,3
276.1,0.11485,2.55273,7.57134,3
276.2,0.11486,2.5527,7.57134,3
276.3,0.11486,2.55267,7.57134,3
276.4,0.11486,2.55264,7.57134,3
276.5,0.11486,2.5526,7.57134,3
276.6,0.11486,2.55257,7.57134,3
276.7,0.11486,2.55254,7.57134,3
276.8,0.11487,2.55251,7.57134,3
276.9,0.11487,2.55248,7.57134,3
277,0.11487,2.55245,7.57133,3
277.1,0.11487,2.55242,7.57133,3
277.2,0.11487,2.55238,7.57133,3
277.3,0.11488,2.55235,7.57133,3
277.4,0.11488,2.55232,7.57133,3
277.5,0.11488,2.55229,7.57133,3
277.6,0.11488,2.55226,7.57133,3
277.7,0.11488,2.55223,7.57133,3
277.8,0.11488,2.5522,7.57133,3
277.9,0.11489,2.55217,7.57133,3
278,0.11489,2.55214,7.57133,3
278.1,0.11489,2.55211,7.57133,3
278.2,0.11489,2.55207,7.57133,3
278.3,0.11489,2.55204,7.57133,3
278.4,0.11489,2.55201,7.57133,3
278.5,0.1149,2.55198,7.57133,3
278.6,0.1149,2.55194,7.57133,3
278.7,0.1149,2.55191,7.57133,3
278.8,0.1149,2.55188,7.57133,3
278.9,0.1149,2.55185,7.57133,3
279,0.1149,2.55181,7.57133,3
279.1,0.11491,2.55178,7.57132,3
279.2,0.11491,2.55175,7.57132,3
279.3,0.11491,2.55172,7.57132,3
279.4,0.11491,2.55169,7.57132,3
279.5,0.11491,2.55165,7.57132,3
279.6,0.11491,2.55162,7.57132,3
279.7,0.11492,2.55159,7.57132,3
279.8,0.11492,2.55155,7.57132,3
279.9,0.11492,2.55152,7.57132,3
280,0.11492,2.55149,7.57132,3
280.1,0.11492,2.55146,7.57132,3
280.2,0.11492,2.55143,7.57132,3
280.3,0.11493,2.55139,7.57132,3
280.4,0.11493,2.55136,7.57132,3
280.5,0.11493,2.55133,7.57132,3
280.6,0.11493,2.5513,7.57132,3
280.7,0.11493,2.55126,7.57132,3
280.8,0.11493,2.55123,7.57132,3
280.9,0.11494,2.5512,7.57132,3
281,0.11494,2.55117,7.57132,3
281.1,0.11494,2.55114,7.57132,3
281.2,0.11494,2.5511,7.57132,3
281.3,0.11494,2.55107,7.57132,3
281.4,0.11495,2.55104,7.57132,3
281.5,0.11495,2.55101,7.57132,3
281.6,0.11495,2.55098,7.57132,3
281.7,0.11495,2.55094,7.57132,3
281.8,0.11495,2.55091,7.57132,3
281.9,0.11495,2.55088,7.57131,3
282,0.11496,2.55084,7.57131,3
282.1,0.11496,2.55081,7.57131,3
282.2,0.11496,2.55078,7.57131,3
282.3,0.11496,2.55075,7.57131,3
282.4,0.11496,2.55071,7.57131,3
282.5,0.11496,2.55068,7.57131,3
282.6,0.11497,2.55065,7.57131,3
282.7,0.11497,2.55062,7.57131,3
282.8,0.11497,2.55058,7.57131,3
282.9,0.11497,2.55055,7.57131,3
283,0.11497,2.55052,7.57131,3
283.1,0.11497,2.55049,7.57131,3
283.2,0.11498,2.55046,7.57131,3
283.3,0.11498,2.55042,7.57131,3
283.4,0.11498,2.55039,7.57131,3
283.5,0.11498,2.55036,7.57131,3
283.6,0.11498,2.55033,7.57131,3
283.7,0.11499,2.5503,7.57131,3
283.8,0.11499,2.55026,7.57131,3
283.9,0.11499,2.55023,7.57131,3
284,0.11499,2.5502,7.57131,3
284.1,0.11499,2.55017,7.57131,3
284.2,0.115,2.55014,7.57131,3
284.3,0.115,2.5501,7.57131,3
284.4,0.115,2.55007,7.57131,3
284.5,0.115,2.55004,7.57131,3
284.6,0.115,2.55001,7.57131,3
284.7,0.11501,2.54997,7.57131,3
284.8,0.11501,2.54994,7.57131,3
284.9,0.11501,2.54991,7.57131,3
285,0.11501,2.54988,7.57131,3
285.1,0.11501,2.54984,7.5713,3
285.2,0.11502,2.54981,7.5713,3
285.3,0.11502,2.54978,7.5713,3
285.4,0.11502,2.54975,7.5713,3
285.5,0.11502,2.54972,7.5713,3
285.6,0.11502,2.54969,7.5713,3
285.7,0.11503,2.54966,7.5713,3
285.8,0.11503,2.54963,7.5713,3
285.9,0.11503,2.54959,7.5713,3
286,0.11503,2.54956,7.5713,3
286.1,0.11503,2.54953,7.5713,3
286.2,0.11504,2.5495,7.5713,3
286.3,0.11504,2.54947,7.5713,3
286.4,0.11504,2.54944,7.5713,3
286.5,0.11504,2.54941,7.57129,3
286.6,0.11504,2.54938,7.57129,3
286.7,0.11505,2.54935,7.57129,3
286.8,0.11505,2.54931,7.57129,3
286.9,0.11505,2.54928,7.57129,3
287,0.11505,2.54925,7.57129,3
287.1,0.11505,2.54922,7.57129,3
287.2,0.11506,2.54919,7.57129,3
287.3,0.11506,2.54916,7.57129,3
287.4,0.11506,2.54912,7.57129,3
287.5,0.11506,2.54909,7.57129,3
287.6,0.11506,2.54906,7.57128,3
287.7,0.11507,2.54903,7.57128,3
287.8,0.11507,2.549,7.57128,3
287.9,0.11507,2.54897,7.57128,3
288,0.11507,2.54894,7.57128,3
288.1,0.11507,2.5489,7.57128,3
288.2,0.11507,2.54887,7.57128,3
288.3,0.11508,2.54884,7.57128,3
288.4,0.11508,2.54881,7.57128,3
288.5,0.11508,2.54878,7.57128,3
288.6,0.11508,2.54875,7.57127,3
288.7,0.11508,2.54872,7.57127,3
288.8,0.11509,2.54868,7.57127,3
288.9,0.11509,2.54865,7.57127,3
289,0.11509,2.54862,7.57127,3
289.1,0.11509,2.54859,7.57127,3
289.2,0.11509,2.54856,7.57127,3
289.3,0.11509,2.54852,7.57127,3
289.4,0.1151,2.54849,7.57127,3
289.5,0.1151,2.54846,7.57126,3
289.6,0.1151,2.54843,7.57126,3
289.7,0.1151,2.5484,7.57126,3
289.8,0.1151,2.54837,7.57126,3
289.9,0.11511,2.54834,7.57126,3
290,0.11511,2.54831,7.57126,3
290.1,0.11511,2.54827,7.57126,3
290.2,0.11511,2.54824,7.57126,3
290.3,0.11511,2.54821,7.57126,3
290.4,0.11512,2.54818,7.57125,3
290.5,0.11512,2.54815,7.57125,3
290.6,0.11512,2.54812,7.57125,3
290.7,0.11512,2.54809,7.57125,3
290.8,0.11512,2.54806,7.57125,3
290.9,0.11512,2.54803,7.57125,3
291,0.11513,2.54799,7.57125,3
291.1,0.11513,2.54796,7.57125,3
291.2,0.11513,2.54793,7.57125,3
291.3,0.11513,2.5479,7.57124,3
291.4,0.11513,2.54787,7.57124,3
291.5,0.11514,2.54784,7.57124,3
291.6,0.11514,2.54781,7.57124,3
291.7,0.11514,2.54778,7.57124,3
291.8,0.11514,2.54775,7.57124,3
291.9,0.11514,2.54772,7.57124,3
292,0.11514,2.54769,7.57124,3
292.1,0.11515,2.54765,7.57124,3
292.2,0.11515,2.54762,7.57123,3
292.3,0.11515,2.54759,7.57123,3
292.4,0.11515,2.54756,7.57123,3
292.5,0.11515,2.54753,7.57123,3
292.6,0.11515,2.5475,7.57123,3
292.7,0.11516,2.54747,7.57123,3
292.8,0.11516,2.54744,7.57123,3
292.9,0.11516,2.54741,7.57122,3
293,0.11516,2.54738,7.57122,3
293.1,0.11516,2.54735,7.57122,3
293.2,0.11516,2.54732,7.57122,3
293.3,0.11517,2.54729,7.57122,3
293.4,0.11517,2.54726,7.57122,3
293.5,0.11517,2.54723,7.57122,3
293.6,0.11517,2.5472,7.57122,3
293.7,0.11517,2.54717,7.57121,3
293.8,0.11517,2.54714,7.57121,3
293.9,0.11517,2.5471,7.57121,3
294,0.11518,2.54707,7.57121,3
294.1,0.11518,2.54704,7.57121,3
294.2,0.11518,2.54701,7.57121,3
294.3,0.11518,2.54698,7.57121,3
294.4,0.11518,2.54695,7.5712,3
294.5,0.11518,2.54691,7.5712,3
294.6,0.11519,2.54688,7.5712,3
294.7,0.11519,2.54685,7.5712,3
294.8,0.11519,2.54682,7.5712,3
294.9,0.11519,2.54679,7.5712,3
295,0.11519,2.54675,7.5712,3
295.1,0.11519,2.54672,7.57119,3
295.2,0.1152,2.54669,7.57119,3
295.3,0.1152,2.54666,7.57119,3
295.4,0.1152,2.54663,7.57119,3
295.5,0.1152,2.54659,7.57119,3
295.6,0.1152,2.54656,7.57119,3
295.7,0.1152,2.54653,7.57119,3
295.8,0.1152,2.5465,7.57118,3
295.9,0.11521,2.54647,7.57118,3
296,0.11521,2.54643,7.57118,3
296.1,0.11521,2.5464,7.57118,3
296.2,0.11521,2.54637,7.57118,3
296.3,0.11521,2.54634,7.57118,3
296.4,0.11521,2.54631,7.57117,3
296.5,0.11522,2.54628,7.57117,3
296.6,0.11522,2.54624,7.57117,3
296.7,0.11522,2.54621,7.57117,3
296.8,0.11522,2.54618,7.57117,3
296.9,0.11522,2.54615,7.57117,3
297,0.11522,2.54612,7.57116,3
297.1,0.11523,2.54609,7.57116,3
297.2,0.11523,2.54606,7.57116,3
297.3,0.11523,2.54603,7.57116,3
297.4,0.11523,2.546,7.57116,3
297.5,0.11523,2.54597,7.57116,3
297.6,0.11523,2.54593,7.57115,3
297.7,0.11523,2.5459,7.57115,3
297.8,0.11524,2.54587,7.57115,3
297.9,0.11524,2.54584,7.57115,3
298,0.11524,2.54581,7.57115,3
298.1,0.11524,2.54578,7.57114,3
298.2,0.11524,2.54575,7.57114,3
298.3,0.11524,2.54572,7.57114,3
298.4,0.11525,2.54569,7.57114,3
298.5,0.11525,2.54566,7.57114,3
298.6,0.11525,2.54563,7.57114,3
298.7,0.11525,2.5456,7.57113,3
298.8,0.11525,2.54557,7.57113,3
298.9,0.11525,2.54554,7.57113,3
299,0.11525,2.54551,7.57113,3
299.1,0.11526,2.54548,7.57112,3
299.2,0.11526,2.54545,7.57112,3
299.3,0.11526,2.54542,7.57112,3
299.4,0.11526,2.54539,7.57112,3
299.5,0.11526,2.54536,7.57112,3
299.6,0.11526,2.54533,7.57111,3
299.7,0.11527,2.5453,7.57111,3
299.8,0.11527,2.54527,7.57111,3
299.9,0.11527,2.54525,7.57111,3
300,0.11527,2.54522,7.57111,3
300.1,0.11527,2.54519,7.5711,3
300.2,0.11527,2.54516,7.5711,3
300.3,0.11527,2.54513,7.5711,3
300.4,0.11528,2.5451,7.5711,3
300.5,0.11528,2.54507,7.57109,3
300.6,0.11528,2.54504,7.57109,3
300.7,0.11528,2.54501,7.57109,3
300.8,0.11528,2.54499,7.57109,3
300.9,0.11528,2.54496,7.57108,3
301,0.11529,2.54493,7.57108,3
301.1,0.11529,2.5449,7.57108,3
301.2,0.11529,2.54488,7.57108,3
301.3,0.11529,2.54485,7.57108,3
301.4,0.11529,2.54482,7.57107,3
301.5,0.11529,2.5448,7.57107,3
301.6,0.11529,2.54477,7.57107,3
301.7,0.1153,2.54474,7.57107,3
301.8,0.1153,2.54472,7.57106,3
301.9,0.1153,2.54469,7.57106,3
302,0.1153,2.54467,7.57106,3
302.1,0.1153,2.54464,7.57106,3
302.2,0.1153,2.54461,7.57105,3
302.3,0.1153,2.54459,7.57105,3
302.4,0.11531,2.54456,7.57105,3
302.5,0.11531,2.54454,7.57105,3
302.6,0.11531,2.54451,7.57105,3
302.7,0.11531,2.54448,7.57104,3
302.8,0.11531,2.54446,7.57104,3
302.9,0.11531,2.54443,7.57104,3
303,0.11531,2.54441,7.57104,3
303.1,0.11531,2.54438,7.57103,3
303.2,0.11532,2.54436,7.57103,3
303.3,0.11532,2.54433,7.57103,3
303.4,0.11532,2.54431,7.57102,3
303.5,0.11532,2.54428,7.57102,3
303.6,0.11532,2.54426,7.57102,3
303.7,0.11532,2.54423,7.57102,3
303.8,0.11532,2.54421,7.57101,3
303.9,0.11533,2.54418,7.57101,3
304,0.11533,2.54416,7.57101,3
304.1,0.11533,2.54413,7.57101,3
304.2,0.11533,2.54411,7.571,3
304.3,0.11533,2.54409,7.571,3
304.4,0.11533,2.54406,7.571,3
304.5,0.11533,2.54404,7.571,3
304.6,0.11534,2.54401,7.57099,3
304.7,0.11534,2.54399,7.57099,3
304.8,0.11534,2.54396,7.57099,3
304.9,0.11534,2.54394,7.57098,3
305,0.11534,2.54392,7.57098,3
305.1,0.11534,2.54389,7.57098,3
305.2,0.11535,2.54387,7.57098,3
305.3,0.11535,2.54384,7.57097,3
305.4,0.11535,2.54382,7.57097,3
305.5,0.11535,2.5438,7.57097,3
305.6,0.11535,2.54377,7.57096,3
305.7,0.11535,2.54375,7.57096,3
305.8,0.11535,2.54373,7.57096,3
305.9,0.11536,2.5437,7.57096,3
306,0.11536,2.54368,7.57095,3
306.1,0.11536,2.54366,7.57095,3
306.2,0.11536,2.54363,7.57095,3
306.3,0.11536,2.54361,7.57095,3
306.4,0.11536,2.54359,7.57094,3
306.5,0.11536,2.54356,7.57094,3
306.6,0.11536,2.54354,7.57094,3
306.7,0.11537,2.54352,7.57093,3
306.8,0.11537,2.5435,7.57093,3
306.9,0.11537,2.54347,7.57093,3
307,0.11537,2.54345,7.57093,3
307.1,0.11537,2.54343,7.57092,3
307.2,0.11537,2.54341,7.57092,3
307.3,0.11537,2.54339,7.57092,3
307.4,0.11537,2.54336,7.57091,3
307.5,0.11538,2.54334,7.57091,3
307.6,0.11538,2.54332,7.57091,3
307.7,0.11538,2.5433,7.5709,3
307.8,0.11538,2.54328,7.5709,3
307.9,0.11538,2.54325,7.5709,3
308,0.11538,2.54323,7.5709,3
308.1,0.11538,2.54321,7.57089,3
308.2,0.11538,2.54319,7.57089,3
308.3,0.11539,2.54317,7.57089,3
308.4,0.11539,2.54315,7.57088,3
308.5,0.11539,2.54313,7.57088,3
308.6,0.11539,2.54311,7.57088,3
308.7,0.11539,2.54309,7.57088,3
308.8,0.11539,2.54307,7.57087,3
308.9,0.11539,2.54305,7.57087,3
309,0.11539,2.54303,7.57087,3
309.1,0.11539,2.54301,7.57086,3
309.2,0.11539,2.54299,7.57086,3
309.3,0.1154,2.54297,7.57086,3
309.4,0.1154,2.54294,7.57085,3
309.5,0.1154,2.54292,7.57085,3
309.6,0.1154,2.5429,7.57085,3
309.7,0.1154,2.54288,7.57084,3
309.8,0.1154,2.54286,7.57084,3
309.9,0.1154,2.54285,7.57084,3
310,0.1154,2.54283,7.57083,3
310.1,0.1154,2.54281,7.57083,3
310.2,0.1154,2.54279,7.57083,3
310.3,0.11541,2.54277,7.57083,3
310.4,0.11541,2.54275,7.57082,3
310.5,0.11541,2.54273,7.57082,3
310.6,0.11541,2.54271,7.57082,3
310.7,0.11541,2.54269,7.57081,3
310.8,0.11541,2.54267,7.57081,3
310.9,0.11541,2.54266,7.57081,3
311,0.11541,2.54264,7.5708,3
311.1,0.11541,2.54262,7.5708,3
311.2,0.11541,2.5426,7.5708,3
311.3,0.11542,2.54258,7.57079,3
311.4,0.11542,2.54257,7.57079,3
311.5,0.11542,2.54255,7.57079,3
311.6,0.11542,2.54253,7.57078,3
311.7,0.11542,2.54251,7.57078,3
311.8,0.11542,2.5425,7.57078,3
311.9,0.11542,2.54248,7.57077,3
312,0.11542,2.54246,7.57077,3
312.1,0.11542,2.54245,7.57077,3
312.2,0.11542,2.54243,7.57076,3
312.3,0.11543,2.54242,7.57076,3
312.4,0.11543,2.5424,7.57076,3
312.5,0.11543,2.54238,7.57075,3
312.6,0.11543,2.54237,7.57075,3
312.7,0.11543,2.54235,7.57075,3
312.8,0.11543,2.54234,7.57074,3
312.9,0.11543,2.54232,7.57074,3
313,0.11543,2.54231,7.57074,3
313.1,0.11543,2.54229,7.57073,3
313.2,0.11543,2.54228,7.57073,3
313.3,0.11543,2.54226,7.57073,3
313.4,0.11544,2.54225,7.57072,3
313.5,0.11544,2.54223,7.57072,3
313.6,0.11544,2.54222,7.57072,3
313.7,0.11544,2.54221,7.57071,3
313.8,0.11544,2.54219,7.57071,3
313.9,0.11544,2.54218,7.5707,3
314,0.11544,2.54217,7.5707,3
314.1,0.11544,2.54215,7.5707,3
314.2,0.11544,2.54214,7.57069,3
314.3,0.11544,2.54213,7.57069,3
314.4,0.11544,2.54211,7.57069,3
314.5,0.11544,2.5421,7.57068,3
314.6,0.11544,2.54209,7.57068,3
314.7,0.11545,2.54208,7.57068,3
314.8,0.11545,2.54206,7.57067,3
314.9,0.11545,2.54205,7.57067,3
315,0.11545,2.54204,7.57067,3
315.1,0.11545,2.54203,7.57066,3
315.2,0.11545,2.54202,7.57066,3
315.3,0.11545,2.54201,7.57066,3
315.4,0.11545,2.54199,7.57065,3
315.5,0.11545,2.54198,7.57065,3
315.6,0.11545,2.54197,7.57065,3
315.7,0.11545,2.54196,7.57064,3
315.8,0.11545,2.54195,7.57064,3
315.9,0.11545,2.54194,7.57064,3
316,0.11546,2.54193,7.57063,3
316.1,0.11546,2.54192,7.57063,3
316.2,0.11546,2.54191,7.57063,3
316.3,0.11546,2.5419,7.57062,3
316.4,0.11546,2.54189,7.57062,3
316.5,0.11546,2.54188,7.57062,3
316.6,0.11546,2.54187,7.57061,3
316.7,0.11546,2.54186,7.57061,3
316.8,0.11546,2.54185,7.57061,3
316.9,0.11546,2.54184,7.5706,3
317,0.11546,2.54183,7.5706,3
317.1,0.11546,2.54183,7.5706,3
317.2,0.11547,2.54182,7.57059,3
317.3,0.11547,2.54181,7.57059,3
317.4,0.11547,2.5418,7.57059,3
317.5,0.11547,2.54179,7.57058,3
317.6,0.11547,2.54178,7.57058,3
317.7,0.11547,2.54177,7.57057,3
317.8,0.11547,2.54176,7.57057,3
317.9,0.11547,2.54175,7.57057,3
318,0.11547,2.54174,7.57056,3
318.1,0.11547,2.54173,7.57056,3
318.2,0.11547,2.54173,7.57056,3
318.3,0.11547,2.54172,7.57055,3
318.4,0.11548,2.54171,7.57055,3
318.5,0.11548,2.5417,7.57055,3
318.6,0.11548,2.54169,7.57055,3
318.7,0.11548,2.54168,7.57054,3
318.8,0.11548,2.54167,7.57054,3
318.9,0.11548,2.54167,7.57054,3
319,0.11548,2.54166,7.57053,3
319.1,0.11548,2.54165,7.57053,3
319.2,0.11548,2.54164,7.57053,3
319.3,0.11548,2.54164,7.57052,3
319.4,0.11548,2.54163,7.57052,3
319.5,0.11548,2.54162,7.57052,3
319.6,0.11548,2.54162,7.57051,3
319.7,0.11549,2.54161,7.57051,3
319.8,0.11549,2.5416,7.57051,3
319.9,0.11549,2.5416,7.5705,3
320,0.11549,2.54159,7.5705,3
320.1,0.11549,2.54158,7.5705,3
320.2,0.11549,2.54158,7.57049,3
320.3,0.11549,2.54157,7.57049,3
320.4,0.11549,2.54157,7.57049,3
320.5,0.11549,2.54156,7.57048,3
320.6,0.11549,2.54155,7.57048,3
320.7,0.11549,2.54155,7.57048,3
320.8,0.11549,2.54154,7.57047,3
320.9,0.11549,2.54154,7.57047,3
321,0.11549,2.54154,7.57047,3
321.1,0.11549,2.54153,7.57046,3
321.2,0.11549,2.54153,7.57046,3
321.3,0.1155,2.54152,7.57046,3
321.4,0.1155,2.54152,7.57046,3
321.5,0.1155,2.54151,7.57045,3
321.6,0.1155,2.54151,7.57045,3
321.7,0.1155,2.5415,7.57045,3
321.8,0.1155,2.5415,7.57044,3
321.9,0.1155,2.54149,7.57044,3
322,0.1155,2.54149,7.57044,3
322.1,0.1155,2.54148,7.57043,3
322.2,0.1155,2.54148,7.57043,3
322.3,0.1155,2.54147,7.57043,3
322.4,0.1155,2.54147,7.57042,3
322.5,0.1155,2.54146,7.57042,3
322.6,0.1155,2.54146,7.57042,3
322.7,0.1155,2.54146,7.57042,3
322.8,0.1155,2.54145,7.57041,3
322.9,0.1155,2.54145,7.57041,3
323,0.1155,2.54144,7.57041,3
323.1,0.1155,2.54144,7.5704,3
323.2,0.1155,2.54144,7.5704,3
323.3,0.1155,2.54143,7.5704,3
323.4,0.1155,2.54143,7.57039,3
323.5,0.1155,2.54143,7.57039,3
323.6,0.1155,2.54142,7.57039,3
323.7,0.1155,2.54142,7.57039,3
323.8,0.11551,2.54142,7.57038,3
323.9,0.11551,2.54142,7.57038,3
324,0.11551,2.54142,7.57038,3
324.1,0.11551,2.54141,7.57038,3
324.2,0.11551,2.54141,7.57037,3
324.3,0.11551,2.54141,7.57037,3
324.4,0.11551,2.54141,7.57037,3
324.5,0.11551,2.54141,7.57037,3
324.6,0.11551,2.54141,7.57036,3
324.7,0.11551,2.5414,7.57036,3
324.8,0.11551,2.5414,7.57036,3
324.9,0.11551,2.5414,7.57036,3
325,0.11551,2.5414,7.57035,3
325.1,0.11551,2.5414,7.57035,3
325.2,0.11551,2.5414,7.57035,3
325.3,0.11551,2.5414,7.57034,3
325.4,0.11551,2.5414,7.57034,3
325.5,0.11551,2.5414,7.57034,3
325.6,0.11551,2.5414,7.57034,3
325.7,0.11551,2.5414,7.57033,3
325.8,0.11551,2.5414,7.57033,3
325.9,0.11551,2.5414,7.57033,3
326,0.11551,2.5414,7.57033,3
326.1,0.11551,2.5414,7.57032,3
326.2,0.11551,2.5414,7.57032,3
326.3,0.11551,2.5414,7.57032,3
326.4,0.11551,2.5414,7.57032,3
326.5,0.11551,2.5414,7.57031,3
326.6,0.11551,2.5414,7.57031,3
326.7,0.11551,2.54141,7.57031,3
326.8,0.11552,2.54141,7.57031,3
326.9,0.11552,2.54141,7.5703,3
327,0.11552,2.54141,7.5703,3
327.1,0.11552,2.54141,7.5703,3
327.2,0.11552,2.54142,7.5703,3
327.3,0.11552,2.54142,7.57029,3
327.4,0.11552,2.54142,7.57029,3
327.5,0.11552,2.54142,7.57029,3
327.6,0.11552,2.54142,7.57028,3
327.7,0.11552,2.54143,7.57028,3
327.8,0.11552,2.54143,7.57028,3
327.9,0.11552,2.54143,7.57028,3
328,0.11552,2.54144,7.57027,3
328.1,0.11552,2.54144,7.57027,3
328.2,0.11552,2.54144,7.57027,3
328.3,0.11552,2.54144,7.57026,3
328.4,0.11552,2.54145,7.57026,3
328.5,0.11552,2.54145,7.57026,3
328.6,0.11552,2.54146,7.57026,3
328.7,0.11552,2.54146,7.57025,3
328.8,0.11552,2.54146,7.57025,3
328.9,0.11552,2.54147,7.57025,3
329,0.11552,2.54147,7.57024,3
329.1,0.11552,2.54148,7.57024,3
329.2,0.11552,2.54148,7.57024,3
329.3,0.11552,2.54148,7.57024,3
329.4,0.11552,2.54149,7.57023,3
329.5,0.11552,2.54149,7.57023,3
329.6,0.11552,2.5415,7.57023,3
329.7,0.11552,2.5415,7.57022,3
329.8,0.11552,2.54151,7.57022,3
329.9,0.11552,2.54151,7.57022,3
330,0.11552,2.54152,7.57021,3
330.1,0.11552,2.54152,7.57021,3
330.2,0.11552,2.54153,7.57021,3
330.3,0.11552,2.54153,7.5702,3
330.4,0.11552,2.54154,7.5702,3
330.5,0.11552,2.54155,7.5702,3
330.6,0.11552,2.54155,7.5702,3
330.7,0.11552,2.54156,7.57019,3
330.8,0.11552,2.54156,7.57019,3
330.9,0.11553,2.54157,7.57019,3
331,0.11553,2.54157,7.57018,3
331.1,0.11553,2.54158,7.57018,3
331.2,0.11553,2.54159,7.57018,3
331.3,0.11553,2.54159,7.57018,3
331.4,0.11553,2.5416,7.57017,3
331.5,0.11553,2.54161,7.57017,3
331.6,0.11553,2.54161,7.57017,3
331.7,0.11553,2.54162,7.57016,3
331.8,0.11553,2.54163,7.57016,3
331.9,0.11553,2.54163,7.57016,3
332,0.11553,2.54164,7.57015,3
332.1,0.11553,2.54165,7.57015,3
332.2,0.11553,2.54165,7.57015,3
332.3,0.11553,2.54166,7.57015,3
332.4,0.11553,2.54167,7.57014,3
332.5,0.11553,2.54167,7.57014,3
332.6,0.11553,2.54168,7.57014,3
332.7,0.11553,2.54169,7.57013,3
332.8,0.11553,2.5417,7.57013,3
332.9,0.11553,2.5417,7.57013,3
333,0.11553,2.54171,7.57013,3
333.1,0.11553,2.54172,7.57012,3
333.2,0.11553,2.54173,7.57012,3
333.3,0.11553,2.54173,7.57012,3
333.4,0.11553,2.54174,7.57011,3
333.5,0.11553,2.54175,7.57011,3
333.6,0.11553,2.54175,7.57011,3
333.7,0.11553,2.54176,7.57011,3
333.8,0.11553,2.54177,7.5701,3
333.9,0.11553,2.54178,7.5701,3
334,0.11553,2.54179,7.5701,3
334.1,0.11553,2.54179,7.57009,3
334.2,0.11553,2.5418,7.57009,3
334.3,0.11553,2.54181,7.57009,3
334.4,0.11553,2.54182,7.57009,3
334.5,0.11553,2.54183,7.57008,3
334.6,0.11553,2.54184,7.57008,3
334.7,0.11553,2.54184,7.57008,3
334.8,0.11553,2.54185,7.57008,3
334.9,0.11553,2.54186,7.57007,3
335,0.11553,2.54187,7.57007,3
335.1,0.11553,2.54188,7.57007,3
335.2,0.11553,2.54188,7.57006,3
335.3,0.11553,2.54189,7.57006,3
335.4,0.11554,2.5419,7.57006,3
335.5,0.11554,2.54191,7.57006,3
335.6,0.11554,2.54192,7.57005,3
335.7,0.11554,2.54193,7.57005,3
335.8,0.11554,2.54194,7.57005,3
335.9,0.11554,2.54195,7.57005,3
336,0.11554,2.54196,7.57004,3
336.1,0.11554,2.54197,7.57004,3
336.2,0.11554,2.54198,7.57004,3
336.3,0.11554,2.54199,7.57004,3
336.4,0.11554,2.542,7.57003,3
336.5,0.11554,2.54201,7.57003,3
336.6,0.11554,2.54202,7.57003,3
336.7,0.11554,2.54203,7.57002,3
336.8,0.11554,2.54204,7.57002,3
336.9,0.11554,2.54205,7.57002,3
337,0.11554,2.54207,7.57002,3
337.1,0.11554,2.54208,7.57001,3
337.2,0.11554,2.54209,7.57001,3
337.3,0.11554,2.5421,7.57001,3
337.4,0.11554,2.54212,7.57001,3
337.5,0.11554,2.54213,7.57,3
337.6,0.11554,2.54214,7.57,3
337.7,0.11554,2.54216,7.57,3
337.8,0.11554,2.54217,7.57,3
337.9,0.11554,2.54218,7.56999,3
338,0.11554,2.5422,7.56999,3
338.1,0.11554,2.54221,7.56999,3
338.2,0.11554,2.54222,7.56999,3
338.3,0.11554,2.54224,7.56999,3
338.4,0.11554,2.54225,7.56998,3
338.5,0.11554,2.54227,7.56998,3
338.6,0.11554,2.54228,7.56998,3
338.7,0.11554,2.54229,7.56998,3
338.8,0.11554,2.54231,7.56998,3
338.9,0.11554,2.54233,7.56997,3
339,0.11554,2.54234,7.56997,3
339.1,0.11554,2.54236,7.56997,3
339.2,0.11554,2.54237,7.56997,3
339.3,0.11554,2.54239,7.56996,3
339.4,0.11554,2.5424,7.56996,3
339.5,0.11554,2.54242,7.56996,3
339.6,0.11554,2.54244,7.56996,3
339.7,0.11554,2.54245,7.56996,3
339.8,0.11554,2.54247,7.56995,3
339.9,0.11554,2.54248,7.56995,3
340,0.11554,2.5425,7.56995,3
340.1,0.11554,2.54252,7.56995,3
340.2,0.11554,2.54253,7.56994,3
340.3,0.11554,2.54255,7.56994,3
340.4,0.11554,2.54257,7.56994,3
340.5,0.11554,2.54258,7.56994,3
340.6,0.11554,2.5426,7.56994,3
340.7,0.11554,2.54262,7.56993,3
340.8,0.11554,2.54263,7.56993,3
340.9,0.11554,2.54265,7.56993,3
341,0.11554,2.54267,7.56993,3
341.1,0.11554,2.54268,7.56993,3
341.2,0.11554,2.5427,7.56992,3
341.3,0.11554,2.54272,7.56992,3
341.4,0.11554,2.54274,7.56992,3
341.5,0.11554,2.54276,7.56992,3
341.6,0.11554,2.54277,7.56992,3
341.7,0.11554,2.54279,7.56991,3
341.8,0.11553,2.54281,7.56991,3
341.9,0.11553,2.54283,7.56991,3
342,0.11553,2.54285,7.56991,3
342.1,0.11553,2.54287,7.5699,3
342.2,0.11553,2.54289,7.5699,3
342.3,0.11553,2.54291,7.5699,3
342.4,0.11553,2.54293,7.5699,3
342.5,0.11553,2.54295,7.5699,3
342.6,0.11553,2.54297,7.56989,3
342.7,0.11553,2.54299,7.56989,3
342.8,0.11553,2.54301,7.56989,3
342.9,0.11553,2.54303,7.56989,3
343,0.11553,2.54305,7.56988,3
343.1,0.11553,2.54307,7.56988,3
343.2,0.11553,2.54309,7.56988,3
343.3,0.11553,2.54311,7.56988,3
343.4,0.11553,2.54313,7.56987,3
343.5,0.11553,2.54315,7.56987,3
343.6,0.11553,2.54317,7.56987,3
343.7,0.11553,2.5432,7.56987,3
343.8,0.11553,2.54322,7.56987,3
343.9,0.11553,2.54324,7.56986,3
344,0.11553,2.54326,7.56986,3
344.1,0.11553,2.54328,7.56986,3
344.2,0.11553,2.5433,7.56986,3
344.3,0.11553,2.54332,7.56985,3
344.4,0.11553,2.54334,7.56985,3
344.5,0.11553,2.54336,7.56985,3
344.6,0.11553,2.54339,7.56985,3
344.7,0.11553,2.54341,7.56984,3
344.8,0.11553,2.54343,7.56984,3
344.9,0.11553,2.54345,7.56984,3
345,0.11553,2.54347,7.56984,3
345.1,0.11553,2.54349,7.56984,3
345.2,0.11553,2.54352,7.56983,3
345.3,0.11553,2.54354,7.56983,3
345.4,0.11553,2.54356,7.56983,3
345.5,0.11553,2.54358,7.56983,3
345.6,0.11553,2.54361,7.56982,3
345.7,0.11553,2.54363,7.56982,3
345.8,0.11553,2.54365,7.56982,3
345.9,0.11552,2.54367,7.56982,3
346,0.11552,2.5437,7.56981,3
346.1,0.11552,2.54372,7.56981,3
346.2,0.11552,2.54375,7.56981,3
346.3,0.11552,2.54377,7.56981,3
346.4,0.11552,2.54379,7.5698,3
346.5,0.11552,2.54382,7.5698,3
346.6,0.11552,2.54384,7.5698,3
346.7,0.11552,2.54386,7.5698,3
346.8,0.11552,2.54389,7.5698,3
346.9,0.11552,2.54391,7.56979,3
347,0.11552,2.54394,7.56979,3
347.1,0.11552,2.54396,7.56979,3
347.2,0.11552,2.54398,7.56979,3
347.3,0.11552,2.54401,7.56978,3
347.4,0.11552,2.54403,7.56978,3
347.5,0.11552,2.54406,7.56978,3
347.6,0.11552,2.54408,7.56978,3
347.7,0.11552,2.54411,7.56977,3
347.8,0.11552,2.54413,7.56977,3
347.9,0.11552,2.54416,7.56977,3
348,0.11552,2.54418,7.56977,3
348.1,0.11552,2.54421,7.56977,3
348.2,0.11552,2.54423,7.56976,3
348.3,0.11551,2.54426,7.56976,3
348.4,0.11551,2.54428,7.56976,3
348.5,0.11551,2.54431,7.56976,3
348.6,0.11551,2.54433,7.56975,3
348.7,0.11551,2.54436,7.56975,3
348.8,0.11551,2.54439,7.56975,3
348.9,0.11551,2.54441,7.56975,3
349,0.11551,2.54444,7.56974,3
349.1,0.11551,2.54446,7.56974,3
349.2,0.11551,2.54449,7.56974,3
349.3,0.11551,2.54451,7.56974,3
349.4,0.11551,2.54454,7.56973,3
349.5,0.11551,2.54457,7.56973,3
349.6,0.11551,2.54459,7.56973,3
349.7,0.11551,2.54462,7.56973,3
349.8,0.11551,2.54464,7.56972,3
349.9,0.11551,2.54467,7.56972,3
350,0.11551,2.54469,7.56972,3
350.1,0.11551,2.54472,7.56972,3
350.2,0.11551,2.54475,7.56971,3
350.3,0.11551,2.54477,7.56971,3
350.4,0.11551,2.5448,7.56971,3
350.5,0.11551,2.54483,7.56971,3
350.6,0.11551,2.54485,7.5697,3
350.7,0.11551,2.54488,7.5697,3
350.8,0.11551,2.5449,7.5697,3
350.9,0.11551,2.54493,7.5697,3
351,0.11551,2.54496,7.56969,3
351.1,0.11551,2.54498,7.56969,3
351.2,0.11551,2.54501,7.56969,3
351.3,0.11551,2.54503,7.56969,3
351.4,0.11551,2.54506,7.56968,3
351.5,0.11551,2.54509,7.56968,3
351.6,0.11551,2.54511,7.56968,3
351.7,0.11551,2.54514,7.56967,3
351.8,0.11551,2.54517,7.56967,3
351.9,0.11551,2.54519,7.56967,3
352,0.11551,2.54522,7.56967,3
352.1,0.11551,2.54525,7.56966,3
352.2,0.11551,2.54527,7.56966,3
352.3,0.11551,2.5453,7.56966,3
352.4,0.11551,2.54533,7.56966,3
352.5,0.11551,2.54535,7.56965,3
352.6,0.11551,2.54538,7.56965,3
352.7,0.11551,2.54541,7.56965,3
352.8,0.11551,2.54544,7.56964,3
352.9,0.11551,2.54546,7.56964,3
353,0.11551,2.54549,7.56964,3
353.1,0.11551,2.54552,7.56964,3
353.2,0.11551,2.54554,7.56963,3
353.3,0.11551,2.54557,7.56963,3
353.4,0.11551,2.5456,7.56963,3
353.5,0.11551,2.54562,7.56963,3
353.6,0.11551,2.54565,7.56962,3
353.7,0.11551,2.54568,7.56962,3
353.8,0.11551,2.5457,7.56962,3
353.9,0.11551,2.54573,7.56961,3
354,0.11551,2.54575,7.56961,3
354.1,0.11551,2.54578,7.56961,3
354.2,0.11551,2.54581,7.56961,3
354.3,0.11551,2.54584,7.5696,3
354.4,0.11551,2.54586,7.5696,3
354.5,0.11551,2.54589,7.5696,3
354.6,0.11551,2.54592,7.5696,3
354.7,0.11551,2.54594,7.56959,3
354.8,0.11551,2.54597,7.56959,3
354.9,0.11551,2.546,7.56959,3
355,0.11551,2.54603,7.56959,3
355.1,0.11551,2.54605,7.56958,3
355.2,0.11551,2.54608,7.56958,3
355.3,0.11551,2.54611,7.56958,3
355.4,0.11551,2.54614,7.56957,3
355.5,0.11551,2.54616,7.56957,3
355.6,0.11551,2.54619,7.56957,3
355.7,0.11551,2.54622,7.56957,3
355.8,0.11551,2.54624,7.56956,3
355.9,0.11551,2.54627,7.56956,3
356,0.11551,2.5463,7.56956,3
356.1,0.11551,2.54633,7.56955,3
356.2,0.11551,2.54635,7.56955,3
356.3,0.11551,2.54638,7.56955,3
356.4,0.11551,2.54641,7.56955,3
356.5,0.11551,2.54644,7.56954,3
356.6,0.11551,2.54647,7.56954,3
356.7,0.11551,2.5465,7.56954,3
356.8,0.11551,2.54653,7.56953,3
356.9,0.11551,2.54656,7.56953,3
357,0.11551,2.54659,7.56953,3
357.1,0.11551,2.54662,7.56952,3
357.2,0.11551,2.54665,7.56952,3
357.3,0.11551,2.54668,7.56952,3
357.4,0.11551,2.54671,7.56952,3
357.5,0.11551,2.54674,7.56951,3
357.6,0.11551,2.54677,7.56951,3
357.7,0.11551,2.54679,7.56951,3
357.8,0.11551,2.54682,7.5695,3
357.9,0.11551,2.54685,7.5695,3
358,0.11551,2.54688,7.5695,3
358.1,0.11551,2.54691,7.56949,3
358.2,0.11551,2.54694,7.56949,3
358.3,0.11551,2.54697,7.56949,3
358.4,0.11551,2.547,7.56948,3
358.5,0.11551,2.54703,7.56948,3
358.6,0.11551,2.54706,7.56948,3
358.7,0.11551,2.54709,7.56948,3
358.8,0.11551,2.54711,7.56947,3
358.9,0.11551,2.54714,7.56947,3
359,0.11551,2.54717,7.56947,3
359.1,0.11551,2.5472,7.56946,3
359.2,0.11551,2.54723,7.56946,3
359.3,0.1155,2.54726,7.56946,3
359.4,0.1155,2.54729,7.56945,3
359.5,0.1155,2.54732,7.56945,3
359.6,0.1155,2.54735,7.56945,3
359.7,0.1155,2.54738,7.56944,3
359.8,0.1155,2.5474,7.56944,3
359.9,0.1155,2.54743,7.56944,3
360,0.1155,2.54746,7.56943,3
360.1,0.1155,2.54749,7.56943,3
360.2,0.1155,2.54752,7.56943,3
360.3,0.1155,2.54754,7.56942,3
360.4,0.1155,2.54757,7.56942,3
360.5,0.1155,2.5476,7.56942,3
360.6,0.1155,2.54763,7.56942,3
360.7,0.1155,2.54766,7.56941,3
360.8,0.1155,2.54769,7.56941,3
360.9,0.1155,2.54772,7.5694,3
361,0.1155,2.54775,7.5694,3
361.1,0.1155,2.54777,7.5694,3
361.2,0.1155,2.5478,7.56939,3
361.3,0.11549,2.54783,7.56939,3
361.4,0.11549,2.54786,7.56939,3
361.5,0.11549,2.54789,7.56939,3
361.6,0.11549,2.54792,7.56938,3
361.7,0.11549,2.54795,7.56938,3
361.8,0.11549,2.54797,7.56937,3
361.9,0.11549,2.548,7.56937,3
362,0.11549,2.54803,7.56937,3
362.1,0.11549,2.54806,7.56936,3
362.2,0.11549,2.54809,7.56936,3
362.3,0.11549,2.54812,7.56936,3
362.4,0.11549,2.54814,7.56935,3
362.5,0.11549,2.54817,7.56935,3
362.6,0.11549,2.5482,7.56935,3
362.7,0.11549,2.54823,7.56934,3
362.8,0.11549,2.54825,7.56934,3
362.9,0.11549,2.54828,7.56934,3
363,0.11549,2.54831,7.56933,3
363.1,0.11549,2.54834,7.56933,3
363.2,0.11549,2.54837,7.56933,3
363.3,0.11549,2.54839,7.56932,3
363.4,0.11549,2.54842,7.56932,3
363.5,0.11549,2.54845,7.56932,3
363.6,0.11548,2.54847,7.56931,3
363.7,0.11548,2.5485,7.56931,3
363.8,0.11548,2.54853,7.56931,3
363.9,0.11548,2.54856,7.5693,3
364,0.11548,2.54858,7.5693,3
364.1,0.11548,2.54861,7.5693,3
364.2,0.11548,2.54864,7.56929,3
364.3,0.11548,2.54866,7.56929,3
364.4,0.11548,2.54869,7.56929,3
364.5,0.11548,2.54872,7.56928,3
364.6,0.11548,2.54874,7.56928,3
364.7,0.11548,2.54877,7.56928,3
364.8,0.11548,2.54879,7.56927,3
364.9,0.11548,2.54882,7.56927,3
365,0.11548,2.54885,7.56927,3
365.1,0.11548,2.54887,7.56926,3
365.2,0.11548,2.5489,7.56926,3
365.3,0.11548,2.54893,7.56926,3
365.4,0.11548,2.54895,7.56925,3
365.5,0.11548,2.54898,7.56925,3
365.6,0.11548,2.549,7.56925,3
365.7,0.11548,2.54903,7.56924,3
365.8,0.11548,2.54906,7.56924,3
365.9,0.11548,2.54908,7.56923,3
366,0.11548,2.54911,7.56923,3
366.1,0.11547,2.54913,7.56923,3
366.2,0.11547,2.54916,7.56922,3
366.3,0.11547,2.54918,7.56922,3
366.4,0.11547,2.54921,7.56922,3
366.5,0.11547,2.54923,7.56921,3
366.6,0.11547,2.54926,7.56921,3
366.7,0.11547,2.54928,7.5692,3
366.8,0.11547,2.54931,7.5692,3
366.9,0.11547,2.54934,7.5692,3
367,0.11547,2.54936,7.56919,3
367.1,0.11547,2.54939,7.56919,3
367.2,0.11547,2.54941,7.56919,3
367.3,0.11547,2.54944,7.56918,3
367.4,0.11547,2.54946,7.56918,3
367.5,0.11547,2.54949,7.56917,3
367.6,0.11547,2.54951,7.56917,3
367.7,0.11547,2.54954,7.56917,3
367.8,0.11547,2.54956,7.56916,3
367.9,0.11547,2.54959,7.56916,3
368,0.11547,2.54961,7.56916,3
368.1,0.11547,2.54964,7.56915,3
368.2,0.11547,2.54966,7.56915,3
368.3,0.11547,2.54969,7.56915,3
368.4,0.11547,2.54971,7.56914,3
368.5,0.11547,2.54973,7.56914,3
368.6,0.11547,2.54976,7.56913,3
368.7,0.11547,2.54978,7.56913,3
368.8,0.11547,2.54981,7.56913,3
368.9,0.11547,2.54983,7.56912,3
369,0.11547,2.54985,7.56912,3
369.1,0.11547,2.54988,7.56912,3
369.2,0.11547,2.5499,7.56911,3
369.3,0.11547,2.54992,7.56911,3
369.4,0.11547,2.54995,7.56911,3
369.5,0.11547,2.54997,7.5691,3
369.6,0.11547,2.54999,7.5691,3
369.7,0.11547,2.55001,7.56909,3
369.8,0.11547,2.55004,7.56909,3
369.9,0.11547,2.55006,7.56909,3
370,0.11547,2.55008,7.56908,3
370.1,0.11547,2.55011,7.56908,3
370.2,0.11547,2.55013,7.56908,3
370.3,0.11547,2.55015,7.56907,3
370.4,0.11547,2.55017,7.56907,3
370.5,0.11547,2.55019,7.56906,3
370.6,0.11546,2.55022,7.56906,3
370.7,0.11546,2.55024,7.56906,3
370.8,0.11546,2.55026,7.56905,3
370.9,0.11546,2.55028,7.56905,3
371,0.11546,2.5503,7.56904,3
371.1,0.11546,2.55032,7.56904,3
371.2,0.11546,2.55034,7.56904,3
371.3,0.11546,2.55036,7.56903,3
371.4,0.11546,2.55038,7.56903,3
371.5,0.11546,2.5504,7.56903,3
371.6,0.11546,2.55042,7.56902,3
371.7,0.11546,2.55044,7.56902,3
371.8,0.11546,2.55046,7.56901,3
371.9,0.11546,2.55048,7.56901,3
372,0.11546,2.5505,7.56901,3
372.1,0.11546,2.55052,7.569,3
372.2,0.11546,2.55054,7.569,3
372.3,0.11546,2.55056,7.56899,3
372.4,0.11546,2.55058,7.56899,3
372.5,0.11546,2.5506,7.56899,3
372.6,0.11546,2.55062,7.56898,3
372.7,0.11546,2.55064,7.56898,3
372.8,0.11546,2.55066,7.56898,3
372.9,0.11546,2.55068,7.56897,3
373,0.11546,2.5507,7.56897,3
373.1,0.11546,2.55072,7.56896,3
373.2,0.11546,2.55074,7.56896,3
373.3,0.11546,2.55076,7.56896,3
373.4,0.11546,2.55078,7.56895,3
373.5,0.11546,2.55079,7.56895,3
373.6,0.11546,2.55081,7.56894,3
373.7,0.11546,2.55083,7.56894,3
373.8,0.11546,2.55085,7.56894,3
373.9,0.11546,2.55087,7.56893,3
374,0.11546,2.55089,7.56893,3
374.1,0.11546,2.55091,7.56892,3
374.2,0.11546,2.55093,7.56892,3
374.3,0.11546,2.55095,7.56892,3
374.4,0.11546,2.55097,7.56891,3
374.5,0.11546,2.55098,7.56891,3
374.6,0.11546,2.551,7.5689,3
374.7,0.11546,2.55102,7.5689,3
374.8,0.11546,2.55104,7.5689,3
374.9,0.11546,2.55106,7.56889,3
375,0.11546,2.55107,7.56889,3
375.1,0.11546,2.55109,7.56888,3
375.2,0.11546,2.55111,7.56888,3
375.3,0.11546,2.55113,7.56887,3
375.4,0.11546,2.55115,7.56887,3
375.5,0.11546,2.55117,7.56887,3
375.6,0.11546,2.55119,7.56886,3
375.7,0.11546,2.55121,7.56886,3
375.8,0.11546,2.55123,7.56885,3
375.9,0.11546,2.55125,7.56885,3
376,0.11546,2.55127,7.56885,3
376.1,0.11546,2.55129,7.56884,3
376.2,0.11546,2.55131,7.56884,3
376.3,0.11546,2.55133,7.56883,3
376.4,0.11546,2.55135,7.56883,3
376.5,0.11546,2.55137,7.56883,3
376.6,0.11546,2.55139,7.56882,3
376.7,0.11546,2.55141,7.56882,3
376.8,0.11546,2.55144,7.56881,3
376.9,0.11546,2.55146,7.56881,3
377,0.11546,2.55148,7.5688,3
377.1,0.11546,2.5515,7.5688,3
377.2,0.11546,2.55152,7.5688,3
377.3,0.11547,2.55154,7.56879,3
377.4,0.11547,2.55156,7.56879,3
377.5,0.11547,2.55158,7.56878,3
377.6,0.11547,2.5516,7.56878,3
377.7,0.11547,2.55162,7.56877,3
377.8,0.11547,2.55164,7.56877,3
377.9,0.11547,2.55166,7.56877,3
378,0.11547,2.55168,7.56876,3
378.1,0.11547,2.5517,7.56876,3
378.2,0.11547,2.55172,7.56875,3
378.3,0.11547,2.55174,7.56875,3
378.4,0.11547,2.55177,7.56875,3
378.5,0.11547,2.55179,7.56874,3
378.6,0.11547,2.55181,7.56874,3
378.7,0.11547,2.55183,7.56873,3
378.8,0.11547,2.55185,7.56873,3
378.9,0.11547,2.55187,7.56873,3
379,0.11547,2.55189,7.56872,3
379.1,0.11547,2.55191,7.56872,3
379.2,0.11547,2.55193,7.56871,3
379.3,0.11547,2.55195,7.56871,3
379.4,0.11547,2.55197,7.56871,3
379.5,0.11547,2.55199,7.5687,3
379.6,0.11547,2.55201,7.5687,3
379.7,0.11547,2.55203,7.56869,3
379.8,0.11547,2.55206,7.56869,3
379.9,0.11547,2.55208,7.56869,3
380,0.11547,2.5521,7.56868,3
380.1,0.11547,2.55212,7.56868,3
380.2,0.11547,2.55214,7.56867,3
380.3,0.11547,2.55216,7.56867,3
380.4,0.11548,2.55219,7.56867,3
380.5,0.11548,2.55221,7.56866,3
380.6,0.11548,2.55223,7.56866,3
380.7,0.11548,2.55226,7.56865,3
380.8,0.11548,2.55228,7.56865,3
380.9,0.11548,2.5523,7.56865,3
381,0.11548,2.55232,7.56864,3
381.1,0.11548,2.55234,7.56864,3
381.2,0.11548,2.55237,7.56863,3
381.3,0.11548,2.55239,7.56863,3
381.4,0.11548,2.55241,7.56863,3
381.5,0.11548,2.55243,7.56862,3
381.6,0.11548,2.55245,7.56862,3
381.7,0.11548,2.55248,7.56861,3
381.8,0.11548,2.5525,7.56861,3
381.9,0.11548,2.55252,7.56861,3
382,0.11548,2.55254,7.5686,3
382.1,0.11548,2.55256,7.5686,3
382.2,0.11548,2.55259,7.56859,3
382.3,0.11548,2.55261,7.56859,3
382.4,0.11548,2.55263,7.56859,3
382.5,0.11548,2.55265,7.56858,3
382.6,0.11549,2.55267,7.56858,3
382.7,0.11549,2.55269,7.56858,3
382.8,0.11549,2.55271,7.56857,3
382.9,0.11549,2.55274,7.56857,3
383,0.11549,2.55276,7.56856,3
383.1,0.11549,2.55278,7.56856,3
383.2,0.11549,2.5528,7.56856,3
383.3,0.11549,2.55282,7.56855,3
383.4,0.11549,2.55285,7.56855,3
383.5,0.11549,2.55287,7.56855,3
383.6,0.11549,2.55289,7.56854,3
383.7,0.11549,2.55291,7.56854,3
383.8,0.11549,2.55294,7.56853,3
383.9,0.11549,2.55296,7.56853,3
384,0.11549,2.55298,7.56853,3
384.1,0.1155,2.553,7.56852,3
384.2,0.1155,2.55302,7.56852,3
384.3,0.1155,2.55304,7.56851,3
384.4,0.1155,2.55307,7.56851,3
384.5,0.1155,2.55309,7.56851,3
384.6,0.1155,2.55311,7.5685,3
384.7,0.1155,2.55313,7.5685,3
384.8,0.1155,2.55315,7.5685,3
384.9,0.1155,2.55317,7.56849,3
385,0.1155,2.55319,7.56849,3
385.1,0.1155,2.55321,7.56848,3
385.2,0.1155,2.55323,7.56848,3
385.3,0.1155,2.55325,7.56848,3
385.4,0.1155,2.55327,7.56847,3
385.5,0.1155,2.55329,7.56847,3
385.6,0.11551,2.55331,7.56847,3
385.7,0.11551,2.55333,7.56846,3
385.8,0.11551,2.55336,7.56846,3
385.9,0.11551,2.55338,7.56845,3
386,0.11551,2.5534,7.56845,3
386.1,0.11551,2.55342,7.56845,3
386.2,0.11551,2.55344,7.56844,3
386.3,0.11551,2.55346,7.56844,3
386.4,0.11551,2.55348,7.56844,3
386.5,0.11551,2.55351,7.56843,3
386.6,0.11551,2.55353,7.56843,3
386.7,0.11551,2.55355,7.56842,3
386.8,0.11551,2.55357,7.56842,3
386.9,0.11552,2.55359,7.56842,3
387,0.11552,2.55361,7.56841,3
387.1,0.11552,2.55363,7.56841,3
387.2,0.11552,2.55365,7.56841,3
387.3,0.11552,2.55367,7.5684,3
387.4,0.11552,2.55369,7.5684,3
387.5,0.11552,2.55371,7.56839,3
387.6,0.11552,2.55373,7.56839,3
387.7,0.11552,2.55375,7.56839,3
387.8,0.11552,2.55378,7.56838,3
387.9,0.11553,2.5538,7.56838,3
388,0.11553,2.55382,7.56838,3
388.1,0.11553,2.55384,7.56837,3
388.2,0.11553,2.55386,7.56837,3
388.3,0.11553,2.55388,7.56836,3
388.4,0.11553,2.5539,7.56836,3
388.5,0.11553,2.55392,7.56836,3
388.6,0.11553,2.55394,7.56835,3
388.7,0.11553,2.55396,7.56835,3
388.8,0.11553,2.55398,7.56835,3
388.9,0.11554,2.554,7.56834,3
389,0.11554,2.55402,7.56834,3
389.1,0.11554,2.55404,7.56833,3
389.2,0.11554,2.55406,7.56833,3
389.3,0.11554,2.55408,7.56833,3
389.4,0.11554,2.5541,7.56832,3
389.5,0.11554,2.55412,7.56832,3
389.6,0.11554,2.55414,7.56832,3
389.7,0.11554,2.55416,7.56831,3
389.8,0.11554,2.55418,7.56831,3
389.9,0.11555,2.5542,7.5683,3
390,0.11555,2.55422,7.5683,3
390.1,0.11555,2.55424,7.5683,3
390.2,0.11555,2.55426,7.56829,3
390.3,0.11555,2.55429,7.56829,3
390.4,0.11555,2.55431,7.56829,3
390.5,0.11555,2.55433,7.56828,3
390.6,0.11555,2.55435,7.56828,3
390.7,0.11555,2.55437,7.56827,3
390.8,0.11556,2.55439,7.56827,3
390.9,0.11556,2.55442,7.56827,3
391,0.11556,2.55444,7.56827,3
391.1,0.11556,2.55446,7.56826,3
391.2,0.11556,2.55448,7.56826,3
391.3,0.11556,2.5545,7.56826,3
391.4,0.11556,2.55453,7.56825,3
391.5,0.11556,2.55455,7.56825,3
391.6,0.11556,2.55457,7.56825,3
391.7,0.11557,2.55459,7.56824,3
391.8,0.11557,2.55461,7.56824,3
391.9,0.11557,2.55463,7.56824,3
392,0.11557,2.55465,7.56823,3
392.1,0.11557,2.55468,7.56823,3
392.2,0.11557,2.5547,7.56823,3
392.3,0.11557,2.55472,7.56822,3
392.4,0.11558,2.55474,7.56822,3
392.5,0.11558,2.55476,7.56822,3
392.6,0.11558,2.55478,7.56821,3
392.7,0.11558,2.55481,7.56821,3
392.8,0.11558,2.55483,7.56821,3
392.9,0.11558,2.55485,7.5682,3
393,0.11558,2.55487,7.5682,3
393.1,0.11558,2.55489,7.5682,3
393.2,0.11559,2.55491,7.5682,3
393.3,0.11559,2.55494,7.56819,3
393.4,0.11559,2.55496,7.56819,3
393.5,0.11559,2.55498,7.56819,3
393.6,0.11559,2.555,7.56818,3
393.7,0.11559,2.55502,7.56818,3
393.8,0.1156,2.55504,7.56818,3
393.9,0.1156,2.55506,7.56817,3
394,0.1156,2.55509,7.56817,3
394.1,0.1156,2.55511,7.56817,3
394.2,0.1156,2.55513,7.56817,3
394.3,0.1156,2.55515,7.56816,3
394.4,0.11561,2.55517,7.56816,3
394.5,0.11561,2.55519,7.56816,3
394.6,0.11561,2.55522,7.56816,3
394.7,0.11561,2.55524,7.56815,3
394.8,0.11561,2.55526,7.56815,3
394.9,0.11561,2.55528,7.56815,3
395,0.11562,2.55531,7.56814,3
395.1,0.11562,2.55533,7.56814,3
395.2,0.11562,2.55535,7.56814,3
395.3,0.11562,2.55537,7.56814,3
395.4,0.11562,2.5554,7.56813,3
395.5,0.11562,2.55542,7.56813,3
395.6,0.11563,2.55544,7.56813,3
395.7,0.11563,2.55546,7.56813,3
395.8,0.11563,2.55549,7.56812,3
395.9,0.11563,2.55551,7.56812,3
396,0.11563,2.55553,7.56812,3
396.1,0.11564,2.55555,7.56812,3
396.2,0.11564,2.55557,7.56811,3
396.3,0.11564,2.5556,7.56811,3
396.4,0.11564,2.55562,7.56811,3
396.5,0.11564,2.55564,7.56811,3
396.6,0.11565,2.55566,7.5681,3
396.7,0.11565,2.55569,7.5681,3
396.8,0.11565,2.55571,7.5681,3
396.9,0.11565,2.55573,7.5681,3
397,0.11565,2.55575,7.56809,3
397.1,0.11565,2.55577,7.56809,3
397.2,0.11566,2.5558,7.56809,3
397.3,0.11566,2.55582,7.56809,3
397.4,0.11566,2.55584,7.56808,3
397.5,0.11566,2.55586,7.56808,3
397.6,0.11566,2.55589,7.56808,3
397.7,0.11566,2.55591,7.56808,3
397.8,0.11567,2.55593,7.56807,3
397.9,0.11567,2.55595,7.56807,3
398,0.11567,2.55598,7.56807,3
398.1,0.11567,2.556,7.56807,3
398.2,0.11567,2.55602,7.56806,3
398.3,0.11568,2.55604,7.56806,3
398.4,0.11568,2.55607,7.56806,3
398.5,0.11568,2.55609,7.56806,3
398.6,0.11568,2.55611,7.56806,3
398.7,0.11568,2.55614,7.56805,3
398.8,0.11569,2.55616,7.56805,3
398.9,0.11569,2.55618,7.56805,3
399,0.11569,2.5562,7.56805,3
399.1,0.11569,2.55623,7.56804,3
399.2,0.1157,2.55625,7.56804,3
399.3,0.1157,2.55627,7.56804,3
399.4,0.1157,2.5563,7.56804,3
399.5,0.1157,2.55632,7.56804,3
399.6,0.1157,2.55634,7.56803,3
399.7,0.11571,2.55636,7.56803,3
399.8,0.11571,2.55639,7.56803,3
399.9,0.11571,2.55641,7.56803,3
400,0.11571,2.55643,7.56803,3
400.1,0.11571,2.55645,7.56802,3
400.2,0.11572,2.55648,7.56802,3
400.3,0.11572,2.5565,7.56802,3
400.4,0.11572,2.55652,7.56802,3
400.5,0.11572,2.55655,7.56802,3
400.6,0.11573,2.55657,7.56801,3
400.7,0.11573,2.55659,7.56801,3
400.8,0.11573,2.55662,7.56801,3
400.9,0.11573,2.55664,7.56801,3
401,0.11573,2.55666,7.56801,3
401.1,0.11574,2.55669,7.568,3
401.2,0.11574,2.55671,7.568,3
401.3,0.11574,2.55673,7.568,3
401.4,0.11574,2.55676,7.568,3
401.5,0.11575,2.55678,7.568,3
401.6,0.11575,2.5568,7.56799,3
401.7,0.11575,2.55683,7.56799,3
401.8,0.11575,2.55685,7.56799,3
401.9,0.11576,2.55687,7.56799,3
402,0.11576,2.5569,7.56799,3
402.1,0.11576,2.55692,7.56799,3
402.2,0.11576,2.55694,7.56798,3
402.3,0.11577,2.55697,7.56798,3
402.4,0.11577,2.55699,7.56798,3
402.5,0.11577,2.55702,7.56798,3
402.6,0.11577,2.55704,7.56798,3
402.7,0.11578,2.55706,7.56797,3
402.8,0.11578,2.55709,7.56797,3
402.9,0.11578,2.55711,7.56797,3
403,0.11579,2.55714,7.56797,3
403.1,0.11579,2.55716,7.56797,3
403.2,0.11579,2.55718,7.56797,3
403.3,0.11579,2.55721,7.56797,3
403.4,0.1158,2.55723,7.56796,3
403.5,0.1158,2.55726,7.56796,3
403.6,0.1158,2.55728,7.56796,3
403.7,0.1158,2.5573,7.56796,3
403.8,0.11581,2.55733,7.56796,3
403.9,0.11581,2.55735,7.56796,3
404,0.11581,2.55737,7.56796,3
404.1,0.11581,2.5574,7.56795,3
404.2,0.11582,2.55742,7.56795,3
404.3,0.11582,2.55745,7.56795,3
404.4,0.11582,2.55747,7.56795,3
404.5,0.11583,2.55749,7.56795,3
404.6,0.11583,2.55752,7.56795,3
404.7,0.11583,2.55754,7.56795,3
404.8,0.11583,2.55756,7.56794,3
404.9,0.11584,2.55759,7.56794,3
405,0.11584,2.55761,7.56794,3
405.1,0.11584,2.55764,7.56794,3
405.2,0.11585,2.55766,7.56794,3
405.3,0.11585,2.55768,7.56794,3
405.4,0.11585,2.55771,7.56793,3
405.5,0.11585,2.55773,7.56793,3
405.6,0.11586,2.55775,7.56793,3
405.7,0.11586,2.55778,7.56793,3
405.8,0.11586,2.5578,7.56793,3
405.9,0.11587,2.55783,7.56793,3
406,0.11587,2.55785,7.56793,3
406.1,0.11587,2.55787,7.56792,3
406.2,0.11587,2.5579,7.56792,3
406.3,0.11588,2.55792,7.56792,3
406.4,0.11588,2.55795,7.56792,3
406.5,0.11588,2.55797,7.56792,3
406.6,0.11589,2.55799,7.56792,3
406.7,0.11589,2.55802,7.56791,3
406.8,0.11589,2.55804,7.56791,3
406.9,0.11589,2.55806,7.56791,3
407,0.1159,2.55809,7.56791,3
407.1,0.1159,2.55811,7.56791,3
407.2,0.1159,2.55813,7.56791,3
407.3,0.11591,2.55816,7.56791,3
407.4,0.11591,2.55818,7.5679,3
407.5,0.11591,2.55821,7.5679,3
407.6,0.11592,2.55823,7.5679,3
407.7,0.11592,2.55825,7.5679,3
407.8,0.11592,2.55828,7.5679,3
407.9,0.11593,2.5583,7.5679,3
408,0.11593,2.55833,7.5679,3
408.1,0.11593,2.55835,7.56789,3
408.2,0.11594,2.55837,7.56789,3
408.3,0.11594,2.5584,7.56789,3
408.4,0.11594,2.55842,7.56789,3
408.5,0.11595,2.55845,7.56789,3
408.6,0.11595,2.55847,7.56789,3
408.7,0.11595,2.55849,7.56789,3
408.8,0.11596,2.55852,7.56788,3
408.9,0.11596,2.55854,7.56788,3
409,0.11596,2.55857,7.56788,3
409.1,0.11597,2.55859,7.56788,3
409.2,0.11597,2.55861,7.56788,3
409.3,0.11597,2.55864,7.56788,3
409.4,0.11598,2.55866,7.56788,3
409.5,0.11598,2.55869,7.56787,3
409.6,0.11599,2.55871,7.56787,3
409.7,0.11599,2.55874,7.56787,3
409.8,0.11599,2.55876,7.56787,3
409.9,0.116,2.55879,7.56787,3
410,0.116,2.55881,7.56787,3
410.1,0.116,2.55884,7.56787,3
410.2,0.11601,2.55886,7.56787,3
410.3,0.11601,2.55889,7.56787,3
410.4,0.11601,2.55891,7.56786,3
410.5,0.11602,2.55894,7.56786,3
410.6,0.11602,2.55896,7.56786,3
410.7,0.11603,2.55898,7.56786,3
410.8,0.11603,2.55901,7.56786,3
410.9,0.11603,2.55903,7.56786,3
411,0.11604,2.55906,7.56786,3
411.1,0.11604,2.55908,7.56786,3
411.2,0.11604,2.55911,7.56786,3
411.3,0.11605,2.55913,7.56786,3
411.4,0.11605,2.55916,7.56785,3
411.5,0.11605,2.55918,7.56785,3
411.6,0.11606,2.55921,7.56785,3
411.7,0.11606,2.55923,7.56785,3
411.8,0.11607,2.55926,7.56785,3
411.9,0.11607,2.55928,7.56785,3
412,0.11607,2.5593,7.56785,3
412.1,0.11608,2.55933,7.56785,3
412.2,0.11608,2.55935,7.56785,3
412.3,0.11608,2.55938,7.56785,3
412.4,0.11609,2.5594,7.56785,3
412.5,0.11609,2.55943,7.56785,3
412.6,0.1161,2.55945,7.56784,3
412.7,0.1161,2.55948,7.56784,3
412.8,0.1161,2.5595,7.56784,3
412.9,0.11611,2.55953,7.56784,3
413,0.11611,2.55955,7.56784,3
413.1,0.11612,2.55958,7.56784,3
413.2,0.11612,2.5596,7.56784,3
413.3,0.11612,2.55962,7.56784,3
413.4,0.11613,2.55965,7.56784,3
413.5,0.11613,2.55967,7.56784,3
413.6,0.11614,2.55969,7.56784,3
413.7,0.11614,2.55972,7.56784,3
413.8,0.11614,2.55974,7.56784,3
413.9,0.11615,2.55977,7.56784,3
414,0.11615,2.55979,7.56784,3
414.1,0.11616,2.55982,7.56784,3
414.2,0.11616,2.55984,7.56784,3
414.3,0.11616,2.55987,7.56784,3
414.4,0.11617,2.55989,7.56784,3
414.5,0.11617,2.55992,7.56784,3
414.6,0.11617,2.55994,7.56784,3
414.7,0.11618,2.55997,7.56784,3
414.8,0.11618,2.55999,7.56784,3
414.9,0.11619,2.56002,7.56784,3
415,0.11619,2.56004,7.56783,3
415.1,0.11619,2.56007,7.56783,3
415.2,0.1162,2.56009,7.56783,3
415.3,0.1162,2.56012,7.56783,3
415.4,0.11621,2.56014,7.56783,3
415.5,0.11621,2.56017,7.56783,3
415.6,0.11621,2.5602,7.56783,3
415.7,0.11622,2.56022,7.56783,3
415.8,0.11622,2.56025,7.56783,3
415.9,0.11623,2.56027,7.56783,3
416,0.11623,2.5603,7.56783,3
416.1,0.11623,2.56032,7.56783,3
416.2,0.11624,2.56035,7.56783,3
416.3,0.11624,2.56037,7.56783,3
416.4,0.11625,2.5604,7.56783,3
416.5,0.11625,2.56043,7.56783,3
416.6,0.11625,2.56045,7.56783,3
416.7,0.11626,2.56048,7.56783,3
416.8,0.11626,2.5605,7.56783,3
416.9,0.11627,2.56053,7.56783,3
417,0.11627,2.56056,7.56783,3
417.1,0.11627,2.56058,7.56783,3
417.2,0.11628,2.56061,7.56783,3
417.3,0.11628,2.56064,7.56783,3
417.4,0.11629,2.56066,7.56783,3
417.5,0.11629,2.56069,7.56783,3
417.6,0.1163,2.56071,7.56783,3
417.7,0.1163,2.56074,7.56784,3
417.8,0.1163,2.56077,7.56784,3
417.9,0.11631,2.5608,7.56784,3
418,0.11631,2.56082,7.56784,3
418.1,0.11632,2.56085,7.56784,3
418.2,0.11632,2.56088,7.56784,3
418.3,0.11633,2.5609,7.56784,3
418.4,0.11633,2.56093,7.56784,3
418.5,0.11634,2.56096,7.56784,3
418.6,0.11634,2.56099,7.56784,3
418.7,0.11634,2.56102,7.56784,3
418.8,0.11635,2.56104,7.56784,3
418.9,0.11635,2.56107,7.56784,3
419,0.11636,2.5611,7.56784,3
419.1,0.11636,2.56113,7.56784,3
419.2,0.11637,2.56116,7.56784,3
419.3,0.11637,2.56118,7.56784,3
419.4,0.11637,2.56121,7.56784,3
419.5,0.11638,2.56124,7.56784,3
419.6,0.11638,2.56127,7.56784,3
419.7,0.11639,2.5613,7.56784,3
419.8,0.11639,2.56132,7.56784,3
419.9,0.1164,2.56135,7.56785,3
420,0.1164,2.56138,7.56785,3
420.1,0.11641,2.56141,7.56785,3
420.2,0.11641,2.56143,7.56785,3
420.3,0.11641,2.56146,7.56785,3
420.4,0.11642,2.56149,7.56785,3
420.5,0.11642,2.56152,7.56785,3
420.6,0.11643,2.56155,7.56785,3
420.7,0.11643,2.56158,7.56785,3
420.8,0.11644,2.56161,7.56785,3
420.9,0.11644,2.56163,7.56785,3
421,0.11645,2.56166,7.56786,3
421.1,0.11645,2.56169,7.56786,3
421.2,0.11646,2.56172,7.56786,3
421.3,0.11646,2.56175,7.56786,3
421.4,0.11647,2.56178,7.56786,3
421.5,0.11647,2.56181,7.56786,3
421.6,0.11648,2.56184,7.56786,3
421.7,0.11648,2.56187,7.56786,3
421.8,0.11649,2.5619,7.56786,3
421.9,0.11649,2.56192,7.56786,3
422,0.1165,2.56195,7.56787,3
422.1,0.1165,2.56198,7.56787,3
422.2,0.11651,2.56201,7.56787,3
422.3,0.11651,2.56204,7.56787,3
422.4,0.11652,2.56207,7.56787,3
422.5,0.11652,2.5621,7.56787,3
422.6,0.11652,2.56213,7.56787,3
422.7,0.11653,2.56216,7.56787,3
422.8,0.11653,2.56219,7.56787,3
422.9,0.11654,2.56221,7.56788,3
423,0.11654,2.56224,7.56788,3
423.1,0.11655,2.56227,7.56788,3
423.2,0.11655,2.5623,7.56788,3
423.3,0.11656,2.56233,7.56788,3
423.4,0.11657,2.56236,7.56788,3
423.5,0.11657,2.56239,7.56788,3
423.6,0.11658,2.56241,7.56789,3
423.7,0.11658,2.56244,7.56789,3
423.8,0.11659,2.56247,7.56789,3
423.9,0.11659,2.5625,7.56789,3
424,0.1166,2.56253,7.56789,3
424.1,0.1166,2.56256,7.56789,3
424.2,0.11661,2.56259,7.56789,3
424.3,0.11661,2.56263,7.5679,3
424.4,0.11662,2.56266,7.5679,3
424.5,0.11662,2.56269,7.5679,3
424.6,0.11663,2.56272,7.5679,3
424.7,0.11663,2.56275,7.5679,3
424.8,0.11664,2.56279,7.5679,3
424.9,0.11664,2.56282,7.56791,3
425,0.11665,2.56285,7.56791,3
425.1,0.11665,2.56288,7.56791,3
425.2,0.11666,2.56291,7.56791,3
425.3,0.11667,2.56295,7.56791,3
425.4,0.11667,2.56298,7.56791,3
425.5,0.11668,2.56301,7.56792,3
425.6,0.11668,2.56304,7.56792,3
425.7,0.11669,2.56308,7.56792,3
425.8,0.11669,2.56311,7.56792,3
425.9,0.1167,2.56314,7.56792,3
426,0.1167,2.56317,7.56792,3
426.1,0.11671,2.5632,7.56793,3
426.2,0.11671,2.56324,7.56793,3
426.3,0.11672,2.56327,7.56793,3
426.4,0.11672,2.5633,7.56793,3
426.5,0.11673,2.56333,7.56793,3
426.6,0.11674,2.56336,7.56794,3
426.7,0.11674,2.5634,7.56794,3
426.8,0.11675,2.56343,7.56794,3
426.9,0.11675,2.56346,7.56794,3
427,0.11676,2.56349,7.56794,3
427.1,0.11676,2.56353,7.56795,3
427.2,0.11677,2.56356,7.56795,3
427.3,0.11677,2.56359,7.56795,3
427.4,0.11678,2.56362,7.56795,3
427.5,0.11678,2.56365,7.56796,3
427.6,0.11679,2.56369,7.56796,3
427.7,0.11679,2.56372,7.56796,3
427.8,0.1168,2.56375,7.56796,3
427.9,0.1168,2.56378,7.56796,3
428,0.11681,2.56382,7.56797,3
428.1,0.11681,2.56385,7.56797,3
428.2,0.11682,2.56388,7.56797,3
428.3,0.11683,2.56391,7.56797,3
428.4,0.11683,2.56394,7.56798,3
428.5,0.11684,2.56397,7.56798,3
428.6,0.11684,2.56401,7.56798,3
428.7,0.11685,2.56404,7.56798,3
428.8,0.11685,2.56407,7.56799,3
428.9,0.11686,2.5641,7.56799,3
429,0.11686,2.56413,7.56799,3
429.1,0.11687,2.56417,7.56799,3
429.2,0.11687,2.5642,7.56799,3
429.3,0.11688,2.56423,7.568,3
429.4,0.11689,2.56426,7.568,3
429.5,0.11689,2.56429,7.568,3
429.6,0.1169,2.56432,7.568,3
429.7,0.1169,2.56435,7.56801,3
429.8,0.11691,2.56439,7.56801,3
429.9,0.11691,2.56442,7.56801,3
430,0.11692,2.56445,7.56801,3
430.1,0.11692,2.56448,7.56801,3
430.2,0.11693,2.56451,7.56802,3
430.3,0.11694,2.56454,7.56802,3
430.4,0.11694,2.56458,7.56802,3
430.5,0.11695,2.56461,7.56802,3
430.6,0.11695,2.56464,7.56803,3
430.7,0.11696,2.56467,7.56803,3
430.8,0.11696,2.5647,7.56803,3
430.9,0.11697,2.56473,7.56803,3
431,0.11698,2.56476,7.56804,3
431.1,0.11698,2.5648,7.56804,3
431.2,0.11699,2.56483,7.56804,3
431.3,0.11699,2.56486,7.56804,3
431.4,0.117,2.56489,7.56805,3
431.5,0.117,2.56492,7.56805,3
431.6,0.11701,2.56495,7.56805,3
431.7,0.11701,2.56499,7.56805,3
431.8,0.11702,2.56502,7.56806,3
431.9,0.11703,2.56505,7.56806,3
432,0.11703,2.56508,7.56806,3
432.1,0.11704,2.56511,7.56806,3
432.2,0.11704,2.56515,7.56807,3
432.3,0.11705,2.56518,7.56807,3
432.4,0.11705,2.56521,7.56807,3
432.5,0.11706,2.56524,7.56807,3
432.6,0.11707,2.56527,7.56807,3
432.7,0.11707,2.5653,7.56808,3
432.8,0.11708,2.56533,7.56808,3
432.9,0.11708,2.56536,7.56808,3
433,0.11709,2.5654,7.56809,3
433.1,0.11709,2.56543,7.56809,3
433.2,0.1171,2.56546,7.56809,3
433.3,0.11711,2.56549,7.56809,3
433.4,0.11711,2.56552,7.5681,3
433.5,0.11712,2.56555,7.5681,3
433.6,0.11712,2.56558,7.5681,3
433.7,0.11713,2.56561,7.5681,3
433.8,0.11713,2.56565,7.56811,3
433.9,0.11714,2.56568,7.56811,3
434,0.11714,2.56571,7.56811,3
434.1,0.11715,2.56574,7.56811,3
434.2,0.11716,2.56577,7.56812,3
434.3,0.11716,2.5658,7.56812,3
434.4,0.11717,2.56583,7.56812,3
434.5,0.11717,2.56586,7.56813,3
434.6,0.11718,2.5659,7.56813,3
434.7,0.11718,2.56593,7.56813,3
434.8,0.11719,2.56596,7.56813,3
434.9,0.1172,2.56599,7.56814,3
435,0.1172,2.56602,7.56814,3
435.1,0.11721,2.56605,7.56814,3
435.2,0.11721,2.56608,7.56815,3
435.3,0.11722,2.56611,7.56815,3
435.4,0.11722,2.56614,7.56815,3
435.5,0.11723,2.56618,7.56815,3
435.6,0.11723,2.56621,7.56816,3
435.7,0.11724,2.56624,7.56816,3
435.8,0.11725,2.56627,7.56816,3
435.9,0.11725,2.5663,7.56817,3
436,0.11726,2.56633,7.56817,3
436.1,0.11726,2.56636,7.56817,3
436.2,0.11727,2.56639,7.56817,3
436.3,0.11727,2.56643,7.56818,3
436.4,0.11728,2.56646,7.56818,3
436.5,0.11729,2.56649,7.56818,3
436.6,0.11729,2.56652,7.56819,3
436.7,0.1173,2.56655,7.56819,3
436.8,0.1173,2.56658,7.56819,3
436.9,0.11731,2.56662,7.5682,3
437,0.11731,2.56665,7.5682,3
437.1,0.11732,2.56668,7.5682,3
437.2,0.11732,2.56671,7.5682,3
437.3,0.11733,2.56675,7.56821,3
437.4,0.11733,2.56678,7.56821,3
437.5,0.11734,2.56681,7.56821,3
437.6,0.11735,2.56684,7.56822,3
437.7,0.11735,2.56688,7.56822,3
437.8,0.11736,2.56691,7.56822,3
437.9,0.11736,2.56694,7.56823,3
438,0.11737,2.56698,7.56823,3
438.1,0.11737,2.56701,7.56823,3
438.2,0.11738,2.56704,7.56823,3
438.3,0.11739,2.56707,7.56824,3
438.4,0.11739,2.56711,7.56824,3
438.5,0.1174,2.56714,7.56824,3
438.6,0.1174,2.56717,7.56825,3
438.7,0.11741,2.56721,7.56825,3
438.8,0.11741,2.56724,7.56825,3
438.9,0.11742,2.56727,7.56826,3
439,0.11743,2.56731,7.56826,3
439.1,0.11743,2.56734,7.56826,3
439.2,0.11744,2.56737,7.56827,3
439.3,0.11744,2.5674,7.56827,3
439.4,0.11745,2.56744,7.56827,3
439.5,0.11745,2.56747,7.56827,3
439.6,0.11746,2.5675,7.56828,3
439.7,0.11747,2.56754,7.56828,3
439.8,0.11747,2.56757,7.56828,3
439.9,0.11748,2.5676,7.56828,3
440,0.11748,2.56764,7.56829,3
440.1,0.11749,2.56767,7.56829,3
440.2,0.11749,2.5677,7.56829,3
440.3,0.1175,2.56774,7.5683,3
440.4,0.11751,2.56777,7.5683,3
440.5,0.11751,2.5678,7.5683,3
440.6,0.11752,2.56783,7.5683,3
440.7,0.11752,2.56787,7.56831,3
440.8,0.11753,2.5679,7.56831,3
440.9,0.11754,2.56793,7.56831,3
441,0.11754,2.56797,7.56831,3
441.1,0.11755,2.568,7.56832,3
441.2,0.11755,2.56803,7.56832,3
441.3,0.11756,2.56806,7.56832,3
441.4,0.11757,2.5681,7.56832,3
441.5,0.11757,2.56813,7.56832,3
441.6,0.11758,2.56816,7.56833,3
441.7,0.11758,2.56819,7.56833,3
441.8,0.11759,2.56822,7.56833,3
441.9,0.11759,2.56826,7.56833,3
442,0.1176,2.56829,7.56834,3
442.1,0.11761,2.56832,7.56834,3
442.2,0.11761,2.56835,7.56834,3
442.3,0.11762,2.56839,7.56834,3
442.4,0.11762,2.56842,7.56834,3
442.5,0.11763,2.56845,7.56835,3
442.6,0.11764,2.56848,7.56835,3
442.7,0.11764,2.56851,7.56835,3
442.8,0.11765,2.56855,7.56835,3
442.9,0.11765,2.56858,7.56836,3
443,0.11766,2.56861,7.56836,3
443.1,0.11767,2.56864,7.56836,3
443.2,0.11767,2.56867,7.56836,3
443.3,0.11768,2.56871,7.56836,3
443.4,0.11768,2.56874,7.56837,3
443.5,0.11769,2.56877,7.56837,3
443.6,0.1177,2.5688,7.56837,3
443.7,0.1177,2.56883,7.56837,3
443.8,0.11771,2.56887,7.56838,3
443.9,0.11771,2.5689,7.56838,3
444,0.11772,2.56893,7.56838,3
444.1,0.11773,2.56896,7.56838,3
444.2,0.11773,2.56899,7.56839,3
444.3,0.11774,2.56903,7.56839,3
444.4,0.11774,2.56906,7.56839,3
444.5,0.11775,2.56909,7.56839,3
444.6,0.11775,2.56912,7.56839,3
444.7,0.11776,2.56915,7.5684,3
444.8,0.11777,2.56919,7.5684,3
444.9,0.11777,2.56922,7.5684,3
445,0.11778,2.56925,7.5684,3
445.1,0.11778,2.56928,7.56841,3
445.2,0.11779,2.56932,7.56841,3
445.3,0.11779,2.56935,7.56841,3
445.4,0.1178,2.56938,7.56842,3
445.5,0.11781,2.56941,7.56842,3
445.6,0.11781,2.56944,7.56842,3
445.7,0.11782,2.56948,7.56842,3
445.8,0.11782,2.56951,7.56843,3
445.9,0.11783,2.56954,7.56843,3
446,0.11783,2.56957,7.56843,3
446.1,0.11784,2.56961,7.56843,3
446.2,0.11785,2.56964,7.56844,3
446.3,0.11785,2.56967,7.56844,3
446.4,0.11786,2.5697,7.56844,3
446.5,0.11786,2.56974,7.56845,3
446.6,0.11787,2.56977,7.56845,3
446.7,0.11787,2.5698,7.56845,3
446.8,0.11788,2.56983,7.56845,3
446.9,0.11789,2.56987,7.56846,3
447,0.11789,2.5699,7.56846,3
447.1,0.1179,2.56993,7.56846,3
447.2,0.1179,2.56997,7.56846,3
447.3,0.11791,2.57,7.56847,3
447.4,0.11791,2.57003,7.56847,3
447.5,0.11792,2.57006,7.56847,3
447.6,0.11793,2.5701,7.56848,3
447.7,0.11793,2.57013,7.56848,3
447.8,0.11794,2.57016,7.56848,3
447.9,0.11794,2.5702,7.56849,3
448,0.11795,2.57023,7.56849,3
448.1,0.11795,2.57026,7.56849,3
448.2,0.11796,2.5703,7.5685,3
448.3,0.11796,2.57033,7.5685,3
448.4,0.11797,2.57036,7.5685,3
448.5,0.11798,2.5704,7.56851,3
448.6,0.11798,2.57043,7.56851,3
448.7,0.11799,2.57046,7.56852,3
448.8,0.11799,2.5705,7.56852,3
448.9,0.118,2.57053,7.56852,3
449,0.118,2.57057,7.56853,3
449.1,0.11801,2.5706,7.56853,3
449.2,0.11802,2.57064,7.56853,3
449.3,0.11802,2.57067,7.56853,3
449.4,0.11803,2.57071,7.56854,3
449.5,0.11803,2.57074,7.56854,3
449.6,0.11804,2.57078,7.56854,3
449.7,0.11804,2.57081,7.56855,3
449.8,0.11805,2.57084,7.56855,3
449.9,0.11806,2.57088,7.56856,3
450,0.11806,2.57091,7.56856,3
450.1,0.11807,2.57095,7.56856,3
450.2,0.11807,2.57098,7.56857,3
450.3,0.11808,2.57102,7.56857,3
450.4,0.11808,2.57105,7.56857,3
450.5,0.11809,2.57109,7.56858,3
450.6,0.11809,2.57112,7.56858,3
450.7,0.1181,2.57116,7.56858,3
450.8,0.11811,2.57119,7.56859,3
450.9,0.11811,2.57122,7.56859,3
451,0.11812,2.57126,7.56859,3
451.1,0.11812,2.57129,7.5686,3
451.2,0.11813,2.57133,7.5686,3
451.3,0.11813,2.57136,7.5686,3
451.4,0.11814,2.5714,7.56861,3
451.5,0.11814,2.57143,7.56861,3
451.6,0.11815,2.57147,7.56861,3
451.7,0.11816,2.5715,7.56862,3
451.8,0.11816,2.57153,7.56862,3
451.9,0.11817,2.57157,7.56862,3
452,0.11817,2.5716,7.56863,3
452.1,0.11818,2.57164,7.56863,3
452.2,0.11818,2.57167,7.56863,3
452.3,0.11819,2.57171,7.56864,3
452.4,0.11819,2.57174,7.56864,3
452.5,0.1182,2.57178,7.56864,3
452.6,0.11821,2.57181,7.56865,3
452.7,0.11821,2.57185,7.56865,3
452.8,0.11822,2.57188,7.56865,3
452.9,0.11822,2.57191,7.56866,3
453,0.11823,2.57195,7.56866,3
453.1,0.11823,2.57198,7.56867,3
453.2,0.11824,2.57202,7.56867,3
453.3,0.11825,2.57205,7.56867,3
453.4,0.11825,2.57208,7.56868,3
453.5,0.11826,2.57212,7.56868,3
453.6,0.11826,2.57215,7.56868,3
453.7,0.11827,2.57218,7.56869,3
453.8,0.11827,2.57222,7.56869,3
453.9,0.11828,2.57225,7.5687,3
454,0.11828,2.57228,7.5687,3
454.1,0.11829,2.57232,7.5687,3
454.2,0.1183,2.57235,7.56871,3
454.3,0.1183,2.57239,7.56871,3
454.4,0.11831,2.57242,7.56872,3
454.5,0.11831,2.57246,7.56872,3
454.6,0.11832,2.57249,7.56872,3
454.7,0.11832,2.57253,7.56873,3
454.8,0.11833,2.57256,7.56873,3
454.9,0.11833,2.57259,7.56874,3
455,0.11834,2.57263,7.56874,3
455.1,0.11835,2.57266,7.56874,3
455.2,0.11835,2.5727,7.56875,3
455.3,0.11836,2.57273,7.56875,3
455.4,0.11836,2.57277,7.56875,3
455.5,0.11837,2.5728,7.56876,3
455.6,0.11837,2.57284,7.56876,3
455.7,0.11838,2.57287,7.56877,3
455.8,0.11838,2.57291,7.56877,3
455.9,0.11839,2.57294,7.56877,3
456,0.11839,2.57298,7.56878,3
456.1,0.1184,2.57301,7.56878,3
456.2,0.1184,2.57304,7.56878,3
456.3,0.11841,2.57308,7.56879,3
456.4,0.11841,2.57311,7.56879,3
456.5,0.11842,2.57315,7.5688,3
456.6,0.11843,2.57318,7.5688,3
456.7,0.11843,2.57321,7.5688,3
456.8,0.11844,2.57325,7.56881,3
456.9,0.11844,2.57328,7.56881,3
457,0.11845,2.57331,7.56881,3
457.1,0.11845,2.57335,7.56882,3
457.2,0.11846,2.57338,7.56882,3
457.3,0.11846,2.57341,7.56883,3
457.4,0.11847,2.57345,7.56883,3
457.5,0.11847,2.57348,7.56883,3
457.6,0.11848,2.57351,7.56884,3
457.7,0.11848,2.57355,7.56884,3
457.8,0.11849,2.57358,7.56885,3
457.9,0.11849,2.57361,7.56885,3
458,0.1185,2.57365,7.56885,3
458.1,0.1185,2.57368,7.56886,3
458.2,0.11851,2.57371,7.56886,3
458.3,0.11851,2.57375,7.56887,3
458.4,0.11852,2.57378,7.56887,3
458.5,0.11853,2.57381,7.56887,3
458.6,0.11853,2.57385,7.56888,3
458.7,0.11854,2.57388,7.56888,3
458.8,0.11854,2.57391,7.56889,3
458.9,0.11855,2.57394,7.56889,3
459,0.11855,2.57398,7.56889,3
459.1,0.11856,2.57401,7.5689,3
459.2,0.11856,2.57404,7.5689,3
459.3,0.11857,2.57408,7.56891,3
459.4,0.11857,2.57411,7.56891,3
459.5,0.11858,2.57414,7.56891,3
459.6,0.11858,2.57418,7.56892,3
459.7,0.11859,2.57421,7.56892,3
459.8,0.11859,2.57424,7.56893,3
459.9,0.1186,2.57427,7.56893,3
460,0.1186,2.57431,7.56893,3
460.1,0.11861,2.57434,7.56894,3
460.2,0.11861,2.57437,7.56894,3
460.3,0.11862,2.5744,7.56894,3
460.4,0.11862,2.57443,7.56895,3
460.5,0.11863,2.57447,7.56895,3
460.6,0.11863,2.5745,7.56896,3
460.7,0.11864,2.57453,7.56896,3
460.8,0.11864,2.57456,7.56896,3
460.9,0.11865,2.57459,7.56897,3
461,0.11865,2.57462,7.56897,3
461.1,0.11866,2.57465,7.56898,3
461.2,0.11866,2.57469,7.56898,3
461.3,0.11867,2.57472,7.56899,3
461.4,0.11867,2.57475,7.56899,3
461.5,0.11868,2.57478,7.56899,3
461.6,0.11868,2.57481,7.569,3
461.7,0.11869,2.57484,7.569,3
461.8,0.11869,2.57488,7.56901,3
461.9,0.1187,2.57491,7.56901,3
462,0.1187,2.57494,7.56901,3
462.1,0.11871,2.57497,7.56902,3
462.2,0.11871,2.575,7.56902,3
462.3,0.11872,2.57503,7.56903,3
462.4,0.11872,2.57506,7.56903,3
462.5,0.11873,2.5751,7.56904,3
462.6,0.11873,2.57513,7.56904,3
462.7,0.11874,2.57516,7.56904,3
462.8,0.11874,2.57519,7.56905,3
462.9,0.11875,2.57522,7.56905,3
463,0.11875,2.57525,7.56906,3
463.1,0.11876,2.57529,7.56906,3
463.2,0.11876,2.57532,7.56907,3
463.3,0.11877,2.57535,7.56907,3
463.4,0.11877,2.57538,7.56907,3
463.5,0.11878,2.57541,7.56908,3
463.6,0.11878,2.57545,7.56908,3
463.7,0.11878,2.57548,7.56909,3
463.8,0.11879,2.57551,7.56909,3
463.9,0.11879,2.57554,7.56909,3
464,0.1188,2.57557,7.5691,3
464.1,0.1188,2.5756,7.5691,3
464.2,0.11881,2.57564,7.56911,3
464.3,0.11881,2.57567,7.56911,3
464.4,0.11882,2.5757,7.56911,3
464.5,0.11882,2.57573,7.56912,3
464.6,0.11883,2.57576,7.56912,3
464.7,0.11883,2.57579,7.56913,3
464.8,0.11884,2.57582,7.56913,3
464.9,0.11884,2.57585,7.56913,3
465,0.11885,2.57588,7.56914,3
465.1,0.11885,2.57592,7.56914,3
465.2,0.11886,2.57595,7.56915,3
465.3,0.11886,2.57598,7.56915,3
465.4,0.11886,2.57601,7.56915,3
465.5,0.11887,2.57604,7.56916,3
465.6,0.11887,2.57607,7.56916,3
465.7,0.11888,2.5761,7.56917,3
465.8,0.11888,2.57613,7.56917,3
465.9,0.11889,2.57617,7.56918,3
466,0.11889,2.5762,7.56918,3
466.1,0.1189,2.57623,7.56918,3
466.2,0.1189,2.57626,7.56919,3
466.3,0.11891,2.57629,7.56919,3
466.4,0.11891,2.57632,7.5692,3
466.5,0.11892,2.57635,7.5692,3
466.6,0.11892,2.57638,7.56921,3
466.7,0.11893,2.57642,7.56921,3
466.8,0.11893,2.57645,7.56921,3
466.9,0.11893,2.57648,7.56922,3
467,0.11894,2.57651,7.56922,3
467.1,0.11894,2.57654,7.56923,3
467.2,0.11895,2.57657,7.56923,3
467.3,0.11895,2.5766,7.56924,3
467.4,0.11896,2.57664,7.56924,3
467.5,0.11896,2.57667,7.56924,3
467.6,0.11896,2.5767,7.56925,3
467.7,0.11897,2.57673,7.56925,3
467.8,0.11897,2.57676,7.56926,3
467.9,0.11898,2.57679,7.56926,3
468,0.11898,2.57682,7.56927,3
468.1,0.11898,2.57685,7.56927,3
468.2,0.11899,2.57688,7.56928,3
468.3,0.11899,2.57692,7.56928,3
468.4,0.119,2.57695,7.56928,3
468.5,0.119,2.57698,7.56929,3
468.6,0.119,2.57701,7.56929,3
468.7,0.11901,2.57704,7.5693,3
468.8,0.11901,2.57707,7.5693,3
468.9,0.11902,2.5771,7.56931,3
469,0.11902,2.57713,7.56931,3
469.1,0.11903,2.57716,7.56932,3
469.2,0.11903,2.57719,7.56932,3
469.3,0.11903,2.57723,7.56933,3
469.4,0.11904,2.57726,7.56933,3
469.5,0.11904,2.57729,7.56934,3
469.6,0.11905,2.57733,7.56934,3
469.7,0.11905,2.57736,7.56934,3
469.8,0.11905,2.57739,7.56935,3
469.9,0.11906,2.57743,7.56935,3
470,0.11906,2.57746,7.56936,3
470.1,0.11907,2.57749,7.56936,3
470.2,0.11907,2.57752,7.56937,3
470.3,0.11908,2.57756,7.56937,3
470.4,0.11908,2.57759,7.56938,3
470.5,0.11908,2.57762,7.56938,3
470.6,0.11909,2.57766,7.56938,3
470.7,0.11909,2.57769,7.56939,3
470.8,0.1191,2.57772,7.56939,3
470.9,0.1191,2.57775,7.5694,3
471,0.11911,2.57778,7.5694,3
471.1,0.11911,2.57782,7.56941,3
471.2,0.11911,2.57785,7.56941,3
471.3,0.11912,2.57788,7.56941,3
471.4,0.11912,2.57791,7.56942,3
471.5,0.11913,2.57794,7.56942,3
471.6,0.11913,2.57797,7.56943,3
471.7,0.11914,2.57801,7.56943,3
471.8,0.11914,2.57804,7.56943,3
471.9,0.11914,2.57807,7.56944,3
472,0.11915,2.5781,7.56944,3
472.1,0.11915,2.57813,7.56945,3
472.2,0.11916,2.57817,7.56945,3
472.3,0.11916,2.5782,7.56945,3
472.4,0.11916,2.57823,7.56946,3
472.5,0.11917,2.57826,7.56946,3
472.6,0.11917,2.57829,7.56947,3
472.7,0.11918,2.57832,7.56947,3
472.8,0.11918,2.57835,7.56947,3
472.9,0.11919,2.57838,7.56948,3
473,0.11919,2.57841,7.56948,3
473.1,0.11919,2.57844,7.56949,3
473.2,0.1192,2.57847,7.56949,3
473.3,0.1192,2.5785,7.5695,3
473.4,0.11921,2.57853,7.5695,3
473.5,0.11921,2.57856,7.5695,3
473.6,0.11922,2.57859,7.56951,3
473.7,0.11922,2.57862,7.56951,3
473.8,0.11922,2.57865,7.56952,3
473.9,0.11923,2.57868,7.56952,3
474,0.11923,2.57872,7.56953,3
474.1,0.11924,2.57875,7.56953,3
474.2,0.11924,2.57878,7.56954,3
474.3,0.11924,2.57881,7.56954,3
474.4,0.11925,2.57884,7.56954,3
474.5,0.11925,2.57887,7.56955,3
474.6,0.11926,2.5789,7.56955,3
474.7,0.11926,2.57893,7.56956,3
474.8,0.11926,2.57896,7.56956,3
474.9,0.11927,2.57899,7.56957,3
475,0.11927,2.57902,7.56957,3
475.1,0.11927,2.57905,7.56958,3
475.2,0.11928,2.57908,7.56958,3
475.3,0.11928,2.57911,7.56959,3
475.4,0.11929,2.57914,7.56959,3
475.5,0.11929,2.57918,7.56959,3
475.6,0.11929,2.57921,7.5696,3
475.7,0.1193,2.57924,7.5696,3
475.8,0.1193,2.57927,7.56961,3
475.9,0.1193,2.5793,7.56961,3
476,0.11931,2.57933,7.56962,3
476.1,0.11931,2.57936,7.56962,3
476.2,0.11932,2.57939,7.56963,3
476.3,0.11932,2.57942,7.56963,3
476.4,0.11932,2.57945,7.56963,3
476.5,0.11933,2.57948,7.56964,3
476.6,0.11933,2.57951,7.56964,3
476.7,0.11934,2.57954,7.56965,3
476.8,0.11934,2.57957,7.56965,3
476.9,0.11934,2.5796,7.56966,3
477,0.11935,2.57963,7.56966,3
477.1,0.11935,2.57966,7.56966,3
477.2,0.11935,2.57969,7.56967,3
477.3,0.11936,2.57972,7.56967,3
477.4,0.11936,2.57975,7.56968,3
477.5,0.11936,2.57978,7.56968,3
477.6,0.11937,2.5798,7.56968,3
477.7,0.11937,2.57983,7.56969,3
477.8,0.11938,2.57986,7.56969,3
477.9,0.11938,2.57989,7.5697,3
478,0.11938,2.57992,7.5697,3
478.1,0.11939,2.57995,7.5697,3
478.2,0.11939,2.57998,7.56971,3
478.3,0.11939,2.58001,7.56971,3
478.4,0.1194,2.58004,7.56972,3
478.5,0.1194,2.58007,7.56972,3
478.6,0.11941,2.5801,7.56972,3
478.7,0.11941,2.58013,7.56973,3
478.8,0.11941,2.58016,7.56973,3
478.9,0.11942,2.58019,7.56974,3
479,0.11942,2.58022,7.56974,3
479.1,0.11942,2.58025,7.56974,3
479.2,0.11943,2.58028,7.56975,3
479.3,0.11943,2.58031,7.56975,3
479.4,0.11944,2.58034,7.56976,3
479.5,0.11944,2.58037,7.56976,3
479.6,0.11944,2.5804,7.56976,3
479.7,0.11945,2.58043,7.56977,3
479.8,0.11945,2.58046,7.56977,3
479.9,0.11945,2.58049,7.56977,3
480,0.11946,2.58051,7.56978,3
480.1,0.11946,2.58054,7.56978,3
480.2,0.11947,2.58057,7.56978,3
480.3,0.11947,2.5806,7.56979,3
480.4,0.11947,2.58063,7.56979,3
480.5,0.11948,2.58066,7.5698,3
480.6,0.11948,2.58069,7.5698,3
480.7,0.11948,2.58071,7.5698,3
480.8,0.11949,2.58074,7.56981,3
480.9,0.11949,2.58077,7.56981,3
481,0.1195,2.5808,7.56981,3
481.1,0.1195,2.58082,7.56982,3
481.2,0.1195,2.58085,7.56982,3
481.3,0.11951,2.58088,7.56982,3
481.4,0.11951,2.58091,7.56983,3
481.5,0.11952,2.58093,7.56983,3
481.6,0.11952,2.58096,7.56983,3
481.7,0.11952,2.58099,7.56984,3
481.8,0.11953,2.58102,7.56984,3
481.9,0.11953,2.58104,7.56984,3
482,0.11953,2.58107,7.56985,3
482.1,0.11954,2.5811,7.56985,3
482.2,0.11954,2.58112,7.56985,3
482.3,0.11955,2.58115,7.56985,3
482.4,0.11955,2.58118,7.56986,3
482.5,0.11955,2.5812,7.56986,3
482.6,0.11956,2.58123,7.56986,3
482.7,0.11956,2.58126,7.56987,3
482.8,0.11956,2.58128,7.56987,3
482.9,0.11957,2.58131,7.56987,3
483,0.11957,2.58134,7.56987,3
483.1,0.11957,2.58136,7.56988,3
483.2,0.11958,2.58139,7.56988,3
483.3,0.11958,2.58141,7.56988,3
483.4,0.11959,2.58144,7.56989,3
483.5,0.11959,2.58146,7.56989,3
483.6,0.11959,2.58149,7.56989,3
483.7,0.1196,2.58151,7.56989,3
483.8,0.1196,2.58154,7.5699,3
483.9,0.1196,2.58156,7.5699,3
484,0.11961,2.58159,7.5699,3
484.1,0.11961,2.58161,7.5699,3
484.2,0.11961,2.58164,7.56991,3
484.3,0.11962,2.58166,7.56991,3
484.4,0.11962,2.58168,7.56991,3
484.5,0.11962,2.58171,7.56991,3
484.6,0.11963,2.58173,7.56992,3
484.7,0.11963,2.58176,7.56992,3
484.8,0.11963,2.58178,7.56992,3
484.9,0.11964,2.5818,7.56992,3
485,0.11964,2.58183,7.56993,3
485.1,0.11964,2.58185,7.56993,3
485.2,0.11965,2.58187,7.56993,3
485.3,0.11965,2.5819,7.56993,3
485.4,0.11965,2.58192,7.56994,3
485.5,0.11966,2.58195,7.56994,3
485.6,0.11966,2.58197,7.56994,3
485.7,0.11966,2.58199,7.56994,3
485.8,0.11967,2.58202,7.56995,3
485.9,0.11967,2.58204,7.56995,3
486,0.11967,2.58206,7.56995,3
486.1,0.11967,2.58208,7.56995,3
486.2,0.11968,2.5821,7.56996,3
486.3,0.11968,2.58212,7.56996,3
486.4,0.11968,2.58214,7.56996,3
486.5,0.11969,2.58216,7.56996,3
486.6,0.11969,2.58219,7.56997,3
486.7,0.11969,2.58221,7.56997,3
486.8,0.1197,2.58223,7.56997,3
486.9,0.1197,2.58225,7.56997,3
487,0.1197,2.58228,7.56998,3
487.1,0.11971,2.5823,7.56998,3
487.2,0.11971,2.58232,7.56998,3
487.3,0.11971,2.58234,7.56998,3
487.4,0.11972,2.58236,7.56998,3
487.5,0.11972,2.58239,7.56999,3
487.6,0.11972,2.58241,7.56999,3
487.7,0.11972,2.58243,7.56999,3
487.8,0.11973,2.58245,7.56999,3
487.9,0.11973,2.58247,7.57,3
488,0.11973,2.58249,7.57,3
488.1,0.11974,2.58251,7.57,3
488.2,0.11974,2.58253,7.57,3
488.3,0.11974,2.58255,7.57,3
488.4,0.11975,2.58257,7.57001,3
488.5,0.11975,2.58259,7.57001,3
488.6,0.11975,2.58262,7.57001,3
488.7,0.11975,2.58264,7.57001,3
488.8,0.11976,2.58266,7.57002,3
488.9,0.11976,2.58268,7.57002,3
489,0.11976,2.5827,7.57002,3
489.1,0.11977,2.58273,7.57002,3
489.2,0.11977,2.58275,7.57002,3
489.3,0.11977,2.58277,7.57003,3
489.4,0.11977,2.58279,7.57003,3
489.5,0.11978,2.58281,7.57003,3
489.6,0.11978,2.58283,7.57003,3
489.7,0.11978,2.58285,7.57003,3
489.8,0.11979,2.58287,7.57004,3
489.9,0.11979,2.58289,7.57004,3
490,0.11979,2.58291,7.57004,3
490.1,0.11979,2.58294,7.57004,3
490.2,0.1198,2.58296,7.57004,3
490.3,0.1198,2.58298,7.57005,3
490.4,0.1198,2.583,7.57005,3
490.5,0.11981,2.58301,7.57005,3
490.6,0.11981,2.58303,7.57005,3
490.7,0.11981,2.58305,7.57005,3
490.8,0.11981,2.58307,7.57005,3
490.9,0.11982,2.58309,7.57006,3
491,0.11982,2.58311,7.57006,3
491.1,0.11982,2.58313,7.57006,3
491.2,0.11983,2.58314,7.57006,3
491.3,0.11983,2.58316,7.57006,3
491.4,0.11983,2.58318,7.57006,3
491.5,0.11984,2.5832,7.57007,3
491.6,0.11984,2.58321,7.57007,3
491.7,0.11984,2.58323,7.57007,3
491.8,0.11984,2.58325,7.57007,3
491.9,0.11985,2.58326,7.57007,3
492,0.11985,2.58328,7.57007,3
492.1,0.11985,2.5833,7.57007,3
492.2,0.11986,2.58332,7.57007,3
492.3,0.11986,2.58333,7.57008,3
492.4,0.11986,2.58335,7.57008,3
492.5,0.11987,2.58337,7.57008,3
492.6,0.11987,2.58339,7.57008,3
492.7,0.11987,2.5834,7.57008,3
492.8,0.11987,2.58342,7.57008,3
492.9,0.11988,2.58344,7.57008,3
493,0.11988,2.58346,7.57008,3
493.1,0.11988,2.58348,7.57008,3
493.2,0.11989,2.5835,7.57008,3
493.3,0.11989,2.58352,7.57009,3
493.4,0.11989,2.58354,7.57009,3
493.5,0.11989,2.58356,7.57009,3
493.6,0.1199,2.58358,7.57009,3
493.7,0.1199,2.58359,7.57009,3
493.8,0.1199,2.58361,7.57009,3
493.9,0.11991,2.58363,7.57009,3
494,0.11991,2.58365,7.57009,3
494.1,0.11991,2.58366,7.57009,3
494.2,0.11991,2.58368,7.57009,3
494.3,0.11992,2.5837,7.5701,3
494.4,0.11992,2.58371,7.5701,3
494.5,0.11992,2.58373,7.5701,3
494.6,0.11993,2.58375,7.5701,3
494.7,0.11993,2.58377,7.5701,3
494.8,0.11993,2.58378,7.5701,3
494.9,0.11993,2.5838,7.5701,3
495,0.11994,2.58382,7.5701,3
495.1,0.11994,2.58383,7.5701,3
495.2,0.11994,2.58385,7.57011,3
495.3,0.11995,2.58387,7.57011,3
495.4,0.11995,2.58388,7.57011,3
495.5,0.11995,2.5839,7.57011,3
495.6,0.11995,2.58391,7.57011,3
495.7,0.11996,2.58393,7.57011,3
495.8,0.11996,2.58395,7.57011,3
495.9,0.11996,2.58396,7.57011,3
496,0.11996,2.58398,7.57011,3
496.1,0.11997,2.58399,7.57011,3
496.2,0.11997,2.58401,7.57011,3
496.3,0.11997,2.58403,7.57011,3
496.4,0.11997,2.58404,7.57012,3
496.5,0.11998,2.58406,7.57012,3
496.6,0.11998,2.58408,7.57012,3
496.7,0.11998,2.5841,7.57012,3
496.8,0.11998,2.58412,7.57012,3
496.9,0.11999,2.58413,7.57012,3
497,0.11999,2.58415,7.57012,3
497.1,0.11999,2.58417,7.57012,3
497.2,0.11999,2.58418,7.57012,3
497.3,0.12,2.5842,7.57012,3
497.4,0.12,2.58422,7.57012,3
497.5,0.12,2.58423,7.57012,3
497.6,0.12,2.58425,7.57012,3
497.7,0.12001,2.58427,7.57012,3
497.8,0.12001,2.58428,7.57012,3
497.9,0.12001,2.5843,7.57012,3
498,0.12002,2.58432,7.57012,3
498.1,0.12002,2.58433,7.57012,3
498.2,0.12002,2.58435,7.57012,3
498.3,0.12002,2.58437,7.57012,3
498.4,0.12003,2.58438,7.57012,3
498.5,0.12003,2.5844,7.57012,3
498.6,0.12003,2.58441,7.57012,3
498.7,0.12003,2.58443,7.57012,3
498.8,0.12004,2.58445,7.57012,3
498.9,0.12004,2.58446,7.57012,3
499,0.12004,2.58448,7.57012,3
499.1,0.12004,2.58449,7.57012,3
499.2,0.12005,2.58451,7.57012,3
499.3,0.12005,2.58453,7.57013,3
499.4,0.12005,2.58454,7.57013,3
499.5,0.12005,2.58456,7.57013,3
499.6,0.12006,2.58458,7.57013,3
499.7,0.12006,2.58459,7.57013,3
499.8,0.12006,2.58461,7.57013,3
499.9,0.12007,2.58462,7.57013,3
500,0.12007,2.58464,7.57013,3
500.1,0.12007,2.58466,7.57013,3
500.2,0.12007,2.58467,7.57013,3
500.3,0.12008,2.58469,7.57013,3
500.4,0.12008,2.5847,7.57013,3
500.5,0.12008,2.58472,7.57013,3
500.6,0.12008,2.58473,7.57013,3
500.7,0.12009,2.58475,7.57013,3
500.8,0.12009,2.58476,7.57013,3
500.9,0.12009,2.58478,7.57013,3
501,0.12009,2.58479,7.57013,3
501.1,0.1201,2.58481,7.57012,3
501.2,0.1201,2.58482,7.57012,3
501.3,0.1201,2.58484,7.57012,3
501.4,0.1201,2.58485,7.57012,3
501.5,0.12011,2.58486,7.57012,3
501.6,0.12011,2.58488,7.57012,3
501.7,0.12011,2.58489,7.57012,3
501.8,0.12011,2.5849,7.57012,3
501.9,0.12012,2.58492,7.57012,3
502,0.12012,2.58493,7.57012,3
502.1,0.12012,2.58494,7.57012,3
502.2,0.12013,2.58495,7.57012,3
502.3,0.12013,2.58496,7.57012,3
502.4,0.12013,2.58498,7.57012,3
502.5,0.12013,2.58499,7.57012,3
502.6,0.12014,2.585,7.57012,3
502.7,0.12014,2.58501,7.57012,3
502.8,0.12014,2.58503,7.57012,3
502.9,0.12014,2.58504,7.57012,3
503,0.12015,2.58505,7.57012,3
503.1,0.12015,2.58506,7.57011,3
503.2,0.12015,2.58508,7.57011,3
503.3,0.12015,2.58509,7.57011,3
503.4,0.12016,2.5851,7.57011,3
503.5,0.12016,2.58512,7.57011,3
503.6,0.12016,2.58513,7.57011,3
503.7,0.12016,2.58514,7.57011,3
503.8,0.12017,2.58515,7.57011,3
503.9,0.12017,2.58516,7.57011,3
504,0.12017,2.58518,7.57011,3
504.1,0.12017,2.58519,7.57011,3
504.2,0.12018,2.5852,7.57011,3
504.3,0.12018,2.58521,7.57011,3
504.4,0.12018,2.58522,7.5701,3
504.5,0.12018,2.58523,7.5701,3
504.6,0.12019,2.58524,7.5701,3
504.7,0.12019,2.58525,7.5701,3
504.8,0.12019,2.58526,7.5701,3
504.9,0.12019,2.58527,7.5701,3
505,0.12019,2.58528,7.5701,3
505.1,0.1202,2.58529,7.5701,3
505.2,0.1202,2.5853,7.5701,3
505.3,0.1202,2.58531,7.5701,3
505.4,0.1202,2.58532,7.57009,3
505.5,0.12021,2.58533,7.57009,3
505.6,0.12021,2.58534,7.57009,3
505.7,0.12021,2.58535,7.57009,3
505.8,0.12021,2.58536,7.57009,3
505.9,0.12021,2.58537,7.57009,3
506,0.12022,2.58538,7.57009,3
506.1,0.12022,2.58539,7.57009,3
506.2,0.12022,2.5854,7.57008,3
506.3,0.12022,2.58541,7.57008,3
506.4,0.12023,2.58542,7.57008,3
506.5,0.12023,2.58543,7.57008,3
506.6,0.12023,2.58544,7.57008,3
506.7,0.12023,2.58545,7.57008,3
506.8,0.12023,2.58546,7.57008,3
506.9,0.12024,2.58547,7.57007,3
507,0.12024,2.58548,7.57007,3
507.1,0.12024,2.58548,7.57007,3
507.2,0.12024,2.58549,7.57007,3
507.3,0.12024,2.5855,7.57007,3
507.4,0.12025,2.58551,7.57007,3
507.5,0.12025,2.58552,7.57007,3
507.6,0.12025,2.58553,7.57006,3
507.7,0.12025,2.58554,7.57006,3
507.8,0.12026,2.58555,7.57006,3
507.9,0.12026,2.58556,7.57006,3
508,0.12026,2.58557,7.57006,3
508.1,0.12026,2.58558,7.57006,3
508.2,0.12026,2.58559,7.57005,3
508.3,0.12027,2.58559,7.57005,3
508.4,0.12027,2.5856,7.57005,3
508.5,0.12027,2.58561,7.57005,3
508.6,0.12027,2.58562,7.57005,3
508.7,0.12028,2.58563,7.57005,3
508.8,0.12028,2.58564,7.57004,3
508.9,0.12028,2.58564,7.57004,3
509,0.12028,2.58565,7.57004,3
509.1,0.12028,2.58566,7.57004,3
509.2,0.12029,2.58567,7.57004,3
509.3,0.12029,2.58568,7.57003,3
509.4,0.12029,2.58569,7.57003,3
509.5,0.12029,2.5857,7.57003,3
509.6,0.1203,2.58571,7.57003,3
509.7,0.1203,2.58571,7.57003,3
509.8,0.1203,2.58572,7.57002,3
509.9,0.1203,2.58573,7.57002,3
510,0.12031,2.58574,7.57002,3
510.1,0.12031,2.58575,7.57002,3
510.2,0.12031,2.58576,7.57002,3
510.3,0.12031,2.58577,7.57001,3
510.4,0.12031,2.58578,7.57001,3
510.5,0.12032,2.58578,7.57001,3
510.6,0.12032,2.58579,7.57001,3
510.7,0.12032,2.5858,7.57001,3
510.8,0.12032,2.58581,7.57,3
510.9,0.12033,2.58582,7.57,3
511,0.12033,2.58583,7.57,3
511.1,0.12033,2.58584,7.57,3
511.2,0.12033,2.58585,7.56999,3
511.3,0.12033,2.58585,7.56999,3
511.4,0.12034,2.58586,7.56999,3
511.5,0.12034,2.58587,7.56999,3
511.6,0.12034,2.58588,7.56998,3
511.7,0.12034,2.58589,7.56998,3
511.8,0.12035,2.58589,7.56998,3
511.9,0.12035,2.5859,7.56998,3
512,0.12035,2.58591,7.56998,3
512.1,0.12035,2.58591,7.56997,3
512.2,0.12035,2.58592,7.56997,3
512.3,0.12036,2.58593,7.56997,3
512.4,0.12036,2.58593,7.56997,3
512.5,0.12036,2.58594,7.56996,3
512.6,0.12036,2.58595,7.56996,3
512.7,0.12036,2.58596,7.56996,3
512.8,0.12037,2.58596,7.56996,3
512.9,0.12037,2.58597,7.56996,3
513,0.12037,2.58598,7.56995,3
513.1,0.12037,2.58599,7.56995,3
513.2,0.12037,2.586,7.56995,3
513.3,0.12038,2.586,7.56995,3
513.4,0.12038,2.58601,7.56994,3
513.5,0.12038,2.58602,7.56994,3
513.6,0.12038,2.58602,7.56994,3
513.7,0.12039,2.58603,7.56994,3
513.8,0.12039,2.58603,7.56994,3
513.9,0.12039,2.58604,7.56993,3
514,0.12039,2.58604,7.56993,3
514.1,0.12039,2.58604,7.56993,3
514.2,0.1204,2.58605,7.56993,3
514.3,0.1204,2.58605,7.56992,3
514.4,0.1204,2.58606,7.56992,3
514.5,0.1204,2.58606,7.56992,3
514.6,0.1204,2.58607,7.56992,3
514.7,0.12041,2.58608,7.56991,3
514.8,0.12041,2.58608,7.56991,3
514.9,0.12041,2.58609,7.56991,3
515,0.12041,2.58609,7.56991,3
515.1,0.12041,2.5861,7.5699,3
515.2,0.12042,2.58611,7.5699,3
515.3,0.12042,2.58611,7.5699,3
515.4,0.12042,2.58612,7.5699,3
515.5,0.12042,2.58612,7.56989,3
515.6,0.12042,2.58613,7.56989,3
515.7,0.12042,2.58613,7.56989,3
515.8,0.12043,2.58613,7.56989,3
515.9,0.12043,2.58614,7.56988,3
516,0.12043,2.58614,7.56988,3
516.1,0.12043,2.58615,7.56988,3
516.2,0.12043,2.58615,7.56988,3
516.3,0.12044,2.58615,7.56987,3
516.4,0.12044,2.58615,7.56987,3
516.5,0.12044,2.58616,7.56987,3
516.6,0.12044,2.58616,7.56987,3
516.7,0.12044,2.58616,7.56986,3
516.8,0.12044,2.58617,7.56986,3
516.9,0.12045,2.58617,7.56986,3
517,0.12045,2.58618,7.56986,3
517.1,0.12045,2.58618,7.56985,3
517.2,0.12045,2.58619,7.56985,3
517.3,0.12045,2.58619,7.56985,3
517.4,0.12046,2.58619,7.56985,3
517.5,0.12046,2.5862,7.56984,3
517.6,0.12046,2.5862,7.56984,3
517.7,0.12046,2.5862,7.56984,3
517.8,0.12046,2.58621,7.56984,3
517.9,0.12046,2.58621,7.56983,3
518,0.12047,2.58621,7.56983,3
518.1,0.12047,2.58622,7.56983,3
518.2,0.12047,2.58622,7.56983,3
518.3,0.12047,2.58622,7.56982,3
518.4,0.12047,2.58622,7.56982,3
518.5,0.12047,2.58623,7.56982,3
518.6,0.12048,2.58623,7.56982,3
518.7,0.12048,2.58623,7.56981,3
518.8,0.12048,2.58624,7.56981,3
518.9,0.12048,2.58625,7.56981,3
519,0.12048,2.58625,7.56981,3
519.1,0.12048,2.58626,7.5698,3
519.2,0.12049,2.58626,7.5698,3
519.3,0.12049,2.58627,7.5698,3
519.4,0.12049,2.58627,7.5698,3
519.5,0.12049,2.58628,7.56979,3
519.6,0.12049,2.58628,7.56979,3
519.7,0.12049,2.58629,7.56979,3
519.8,0.1205,2.58629,7.56979,3
519.9,0.1205,2.5863,7.56979,3
520,0.1205,2.5863,7.56978,3
520.1,0.1205,2.5863,7.56978,3
520.2,0.1205,2.58631,7.56978,3
520.3,0.1205,2.58631,7.56978,3
520.4,0.12051,2.58632,7.56977,3
520.5,0.12051,2.58632,7.56977,3
520.6,0.12051,2.58632,7.56977,3
520.7,0.12051,2.58633,7.56977,3
520.8,0.12051,2.58633,7.56976,3
520.9,0.12051,2.58633,7.56976,3
521,0.12052,2.58634,7.56976,3
521.1,0.12052,2.58634,7.56976,3
521.2,0.12052,2.58634,7.56975,3
521.3,0.12052,2.58634,7.56975,3
521.4,0.12052,2.58635,7.56975,3
521.5,0.12052,2.58635,7.56975,3
521.6,0.12053,2.58635,7.56975,3
521.7,0.12053,2.58635,7.56974,3
521.8,0.12053,2.58635,7.56974,3
521.9,0.12053,2.58636,7.56974,3
522,0.12053,2.58636,7.56974,3
522.1,0.12054,2.58637,7.56973,3
522.2,0.12054,2.58637,7.56973,3
522.3,0.12054,2.58638,7.56973,3
522.4,0.12054,2.58638,7.56973,3
522.5,0.12054,2.58639,7.56972,3
522.6,0.12054,2.58639,7.56972,3
522.7,0.12055,2.5864,7.56972,3
522.8,0.12055,2.5864,7.56972,3
522.9,0.12055,2.58641,7.56971,3
523,0.12055,2.58641,7.56971,3
523.1,0.12055,2.58642,7.56971,3
523.2,0.12056,2.58642,7.56971,3
523.3,0.12056,2.58642,7.5697,3
523.4,0.12056,2.58643,7.5697,3
523.5,0.12056,2.58643,7.5697,3
523.6,0.12056,2.58643,7.5697,3
523.7,0.12056,2.58644,7.56969,3
523.8,0.12057,2.58644,7.56969,3
523.9,0.12057,2.58644,7.56969,3
524,0.12057,2.58645,7.56968,3
524.1,0.12057,2.58645,7.56968,3
524.2,0.12057,2.58645,7.56968,3
524.3,0.12058,2.58646,7.56968,3
524.4,0.12058,2.58646,7.56967,3
524.5,0.12058,2.58646,7.56967,3
524.6,0.12058,2.58647,7.56967,3
524.7,0.12058,2.58647,7.56967,3
524.8,0.12058,2.58647,7.56966,3
524.9,0.12059,2.58647,7.56966,3
525,0.12059,2.58648,7.56966,3
525.1,0.12059,2.58648,7.56965,3
525.2,0.12059,2.58648,7.56965,3
525.3,0.12059,2.58649,7.56965,3
525.4,0.1206,2.58649,7.56965,3
525.5,0.1206,2.5865,7.56964,3
525.6,0.1206,2.5865,7.56964,3
525.7,0.1206,2.5865,7.56964,3
525.8,0.1206,2.58651,7.56963,3
525.9,0.12061,2.58651,7.56963,3
526,0.12061,2.58652,7.56963,3
526.1,0.12061,2.58652,7.56963,3
526.2,0.12061,2.58652,7.56962,3
526.3,0.12061,2.58653,7.56962,3
526.4,0.12061,2.58653,7.56962,3
526.5,0.12062,2.58653,7.56962,3
526.6,0.12062,2.58653,7.56961,3
526.7,0.12062,2.58654,7.56961,3
526.8,0.12062,2.58654,7.56961,3
526.9,0.12062,2.58655,7.5696,3
527,0.12063,2.58655,7.5696,3
527.1,0.12063,2.58656,7.5696,3
527.2,0.12063,2.58656,7.5696,3
527.3,0.12063,2.58657,7.56959,3
527.4,0.12063,2.58657,7.56959,3
527.5,0.12064,2.58658,7.56959,3
527.6,0.12064,2.58658,7.56959,3
527.7,0.12064,2.58658,7.56958,3
527.8,0.12064,2.58659,7.56958,3
527.9,0.12064,2.58659,7.56958,3
528,0.12065,2.58659,7.56958,3
528.1,0.12065,2.5866,7.56957,3
528.2,0.12065,2.5866,7.56957,3
528.3,0.12065,2.58661,7.56957,3
528.4,0.12065,2.58661,7.56957,3
528.5,0.12066,2.58661,7.56956,3
528.6,0.12066,2.58662,7.56956,3
528.7,0.12066,2.58662,7.56956,3
528.8,0.12066,2.58663,7.56956,3
528.9,0.12066,2.58663,7.56955,3
529,0.12067,2.58664,7.56955,3
529.1,0.12067,2.58664,7.56955,3
529.2,0.12067,2.58665,7.56955,3
529.3,0.12067,2.58665,7.56954,3
529.4,0.12067,2.58665,7.56954,3
529.5,0.12068,2.58666,7.56954,3
529.6,0.12068,2.58666,7.56954,3
529.7,0.12068,2.58666,7.56953,3
529.8,0.12068,2.58667,7.56953,3
529.9,0.12068,2.58667,7.56953,3
530,0.12069,2.58667,7.56953,3
530.1,0.12069,2.58668,7.56953,3
530.2,0.12069,2.58668,7.56952,3
530.3,0.12069,2.58668,7.56952,3
530.4,0.12069,2.58668,7.56952,3
530.5,0.1207,2.58669,7.56952,3
530.6,0.1207,2.58669,7.56951,3
530.7,0.1207,2.5867,7.56951,3
530.8,0.1207,2.5867,7.56951,3
530.9,0.12071,2.58671,7.56951,3
531,0.12071,2.58671,7.56951,3
531.1,0.12071,2.58672,7.5695,3
531.2,0.12071,2.58672,7.5695,3
531.3,0.12071,2.58673,7.5695,3
531.4,0.12072,2.58673,7.5695,3
531.5,0.12072,2.58674,7.5695,3
531.6,0.12072,2.58675,7.56949,3
531.7,0.12072,2.58675,7.56949,3
531.8,0.12072,2.58676,7.56949,3
531.9,0.12073,2.58676,7.56949,3
532,0.12073,2.58677,7.56948,3
532.1,0.12073,2.58677,7.56948,3
532.2,0.12073,2.58678,7.56948,3
532.3,0.12073,2.58678,7.56948,3
532.4,0.12074,2.58679,7.56948,3
532.5,0.12074,2.58679,7.56948,3
532.6,0.12074,2.5868,7.56947,3
532.7,0.12074,2.5868,7.56947,3
532.8,0.12074,2.58681,7.56947,3
532.9,0.12074,2.58681,7.56947,3
533,0.12075,2.58682,7.56947,3
533.1,0.12075,2.58682,7.56946,3
533.2,0.12075,2.58682,7.56946,3
533.3,0.12075,2.58683,7.56946,3
533.4,0.12075,2.58683,7.56946,3
533.5,0.12076,2.58684,7.56946,3
533.6,0.12076,2.58685,7.56946,3
533.7,0.12076,2.58685,7.56946,3
533.8,0.12076,2.58686,7.56945,3
533.9,0.12076,2.58686,7.56945,3
534,0.12077,2.58687,7.56945,3
534.1,0.12077,2.58688,7.56945,3
534.2,0.12077,2.58688,7.56945,3
534.3,0.12077,2.58689,7.56945,3
534.4,0.12077,2.58689,7.56945,3
534.5,0.12077,2.5869,7.56945,3
534.6,0.12078,2.58691,7.56944,3
534.7,0.12078,2.58691,7.56944,3
534.8,0.12078,2.58692,7.56944,3
534.9,0.12078,2.58692,7.56944,3
535,0.12078,2.58692,7.56944,3
535.1,0.12079,2.58693,7.56944,3
535.2,0.12079,2.58693,7.56944,3
535.3,0.12079,2.58694,7.56944,3
535.4,0.12079,2.58694,7.56943,3
535.5,0.12079,2.58695,7.56943,3
535.6,0.1208,2.58695,7.56943,3
535.7,0.1208,2.58696,7.56943,3
535.8,0.1208,2.58696,7.56943,3
535.9,0.1208,2.58697,7.56943,3
536,0.1208,2.58697,7.56943,3
536.1,0.1208,2.58698,7.56943,3
536.2,0.12081,2.58699,7.56942,3
536.3,0.12081,2.58699,7.56942,3
536.4,0.12081,2.587,7.56942,3
536.5,0.12081,2.587,7.56942,3
536.6,0.12081,2.58701,7.56942,3
536.7,0.12082,2.58702,7.56942,3
536.8,0.12082,2.58702,7.56942,3
536.9,0.12082,2.58703,7.56942,3
537,0.12082,2.58704,7.56942,3
537.1,0.12082,2.58704,7.56942,3
537.2,0.12083,2.58705,7.56942,3
537.3,0.12083,2.58705,7.56941,3
537.4,0.12083,2.58706,7.56941,3
537.5,0.12083,2.58707,7.56941,3
537.6,0.12083,2.58707,7.56941,3
537.7,0.12084,2.58708,7.56941,3
537.8,0.12084,2.58708,7.56941,3
537.9,0.12084,2.58709,7.56941,3
538,0.12084,2.5871,7.56941,3
538.1,0.12084,2.5871,7.56941,3
538.2,0.12085,2.58711,7.56941,3
538.3,0.12085,2.58712,7.56941,3
538.4,0.12085,2.58713,7.56941,3
538.5,0.12085,2.58713,7.56941,3
538.6,0.12085,2.58714,7.5694,3
538.7,0.12086,2.58715,7.5694,3
538.8,0.12086,2.58715,7.5694,3
538.9,0.12086,2.58716,7.5694,3
539,0.12086,2.58717,7.5694,3
539.1,0.12086,2.58717,7.5694,3
539.2,0.12087,2.58718,7.5694,3
539.3,0.12087,2.58719,7.5694,3
539.4,0.12087,2.58719,7.5694,3
539.5,0.12087,2.5872,7.56939,3
539.6,0.12087,2.58721,7.56939,3
539.7,0.12088,2.58721,7.56939,3
539.8,0.12088,2.58722,7.56939,3
539.9,0.12088,2.58723,7.56939,3
540,0.12088,2.58723,7.56939,3
540.1,0.12088,2.58724,7.56939,3
540.2,0.12089,2.58725,7.56939,3
540.3,0.12089,2.58725,7.56939,3
540.4,0.12089,2.58726,7.56939,3
540.5,0.12089,2.58727,7.56939,3
540.6,0.12089,2.58727,7.56938,3
540.7,0.1209,2.58728,7.56938,3
540.8,0.1209,2.58728,7.56938,3
540.9,0.1209,2.58729,7.56938,3
541,0.1209,2.58729,7.56938,3
541.1,0.1209,2.5873,7.56938,3
541.2,0.12091,2.5873,7.56938,3
541.3,0.12091,2.5873,7.56938,3
541.4,0.12091,2.58731,7.56937,3
541.5,0.12091,2.58731,7.56937,3
541.6,0.12092,2.58732,7.56937,3
541.7,0.12092,2.58733,7.56937,3
541.8,0.12092,2.58733,7.56937,3
541.9,0.12092,2.58734,7.56937,3
542,0.12092,2.58734,7.56937,3
542.1,0.12093,2.58735,7.56937,3
542.2,0.12093,2.58736,7.56937,3
542.3,0.12093,2.58736,7.56936,3
542.4,0.12093,2.58737,7.56936,3
542.5,0.12093,2.58737,7.56936,3
542.6,0.12094,2.58738,7.56936,3
542.7,0.12094,2.58738,7.56936,3
542.8,0.12094,2.58739,7.56936,3
542.9,0.12094,2.5874,7.56936,3
543,0.12094,2.5874,7.56936,3
543.1,0.12095,2.58741,7.56936,3
543.2,0.12095,2.58741,7.56936,3
543.3,0.12095,2.58742,7.56935,3
543.4,0.12095,2.58742,7.56935,3
543.5,0.12096,2.58743,7.56935,3
543.6,0.12096,2.58744,7.56935,3
543.7,0.12096,2.58744,7.56935,3
543.8,0.12096,2.58744,7.56935,3
543.9,0.12096,2.58745,7.56935,3
544,0.12097,2.58745,7.56935,3
544.1,0.12097,2.58746,7.56934,3
544.2,0.12097,2.58746,7.56934,3
544.3,0.12097,2.58746,7.56934,3
544.4,0.12097,2.58747,7.56934,3
544.5,0.12098,2.58747,7.56934,3
544.6,0.12098,2.58748,7.56934,3
544.7,0.12098,2.58748,7.56934,3
544.8,0.12098,2.58748,7.56934,3
544.9,0.12098,2.58749,7.56934,3
545,0.12099,2.58749,7.56934,3
545.1,0.12099,2.5875,7.56934,3
545.2,0.12099,2.58751,7.56934,3
545.3,0.12099,2.58752,7.56934,3
545.4,0.12099,2.58752,7.56933,3
545.5,0.121,2.58753,7.56933,3
545.6,0.121,2.58754,7.56933,3
545.7,0.121,2.58754,7.56933,3
545.8,0.121,2.58755,7.56933,3
545.9,0.121,2.58756,7.56933,3
546,0.12101,2.58756,7.56933,3
546.1,0.12101,2.58757,7.56933,3
546.2,0.12101,2.58758,7.56933,3
546.3,0.12101,2.58758,7.56933,3
546.4,0.12101,2.58759,7.56933,3
546.5,0.12102,2.5876,7.56933,3
546.6,0.12102,2.5876,7.56933,3
546.7,0.12102,2.58761,7.56933,3
546.8,0.12102,2.58762,7.56933,3
546.9,0.12103,2.58762,7.56933,3
547,0.12103,2.58763,7.56932,3
547.1,0.12103,2.58764,7.56932,3
547.2,0.12103,2.58764,7.56932,3
547.3,0.12103,2.58765,7.56932,3
547.4,0.12104,2.58765,7.56932,3
547.5,0.12104,2.58766,7.56932,3
547.6,0.12104,2.58766,7.56932,3
547.7,0.12104,2.58767,7.56932,3
547.8,0.12105,2.58767,7.56932,3
547.9,0.12105,2.58768,7.56932,3
548,0.12105,2.58768,7.56932,3
548.1,0.12105,2.58769,7.56932,3
548.2,0.12105,2.58769,7.56932,3
548.3,0.12106,2.5877,7.56932,3
548.4,0.12106,2.58771,7.56932,3
548.5,0.12106,2.58772,7.56932,3
548.6,0.12106,2.58772,7.56931,3
548.7,0.12106,2.58773,7.56931,3
548.8,0.12107,2.58774,7.56931,3
548.9,0.12107,2.58775,7.56931,3
549,0.12107,2.58776,7.56931,3
549.1,0.12107,2.58777,7.56931,3
549.2,0.12108,2.58777,7.56931,3
549.3,0.12108,2.58778,7.56931,3
549.4,0.12108,2.58779,7.56931,3
549.5,0.12108,2.5878,7.56931,3
549.6,0.12108,2.58781,7.56931,3
549.7,0.12109,2.58782,7.56931,3
549.8,0.12109,2.58783,7.56931,3
549.9,0.12109,2.58784,7.56931,3
550,0.12109,2.58785,7.56931,3
550.1,0.12109,2.58786,7.5693,3
550.2,0.1211,2.58787,7.5693,3
550.3,0.1211,2.58787,7.5693,3
550.4,0.1211,2.58788,7.5693,3
550.5,0.1211,2.58789,7.5693,3
550.6,0.12111,2.5879,7.5693,3
550.7,0.12111,2.58791,7.5693,3
550.8,0.12111,2.58791,7.5693,3
550.9,0.12111,2.58792,7.5693,3
551,0.12111,2.58793,7.5693,3
551.1,0.12112,2.58794,7.5693,3
551.2,0.12112,2.58794,7.5693,3
551.3,0.12112,2.58795,7.5693,3
551.4,0.12112,2.58796,7.56929,3
551.5,0.12113,2.58796,7.56929,3
551.6,0.12113,2.58797,7.56929,3
551.7,0.12113,2.58798,7.56929,3
551.8,0.12113,2.58799,7.56929,3
551.9,0.12113,2.588,7.56929,3
552,0.12114,2.58801,7.56929,3
552.1,0.12114,2.58802,7.56929,3
552.2,0.12114,2.58802,7.56929,3
552.3,0.12114,2.58803,7.56929,3
552.4,0.12115,2.58804,7.56929,3
552.5,0.12115,2.58805,7.56928,3
552.6,0.12115,2.58806,7.56928,3
552.7,0.12115,2.58807,7.56928,3
552.8,0.12115,2.58808,7.56928,3
552.9,0.12116,2.58808,7.56928,3
553,0.12116,2.58809,7.56928,3
553.1,0.12116,2.5881,7.56928,3
553.2,0.12116,2.58811,7.56928,3
553.3,0.12116,2.58812,7.56928,3
553.4,0.12117,2.58813,7.56928,3
553.5,0.12117,2.58814,7.56928,3
553.6,0.12117,2.58815,7.56928,3
553.7,0.12117,2.58816,7.56928,3
553.8,0.12117,2.58817,7.56927,3
553.9,0.12118,2.58818,7.56927,3
554,0.12118,2.58819,7.56927,3
554.1,0.12118,2.5882,7.56927,3
554.2,0.12118,2.58821,7.56927,3
554.3,0.12118,2.58822,7.56927,3
554.4,0.12119,2.58823,7.56927,3
554.5,0.12119,2.58824,7.56927,3
554.6,0.12119,2.58824,7.56927,3
554.7,0.12119,2.58825,7.56927,3
554.8,0.12119,2.58826,7.56926,3
554.9,0.1212,2.58827,7.56926,3
555,0.1212,2.58828,7.56926,3
555.1,0.1212,2.58829,7.56926,3
555.2,0.1212,2.5883,7.56926,3
555.3,0.1212,2.5883,7.56926,3
555.4,0.12121,2.58831,7.56926,3
555.5,0.12121,2.58832,7.56926,3
555.6,0.12121,2.58833,7.56926,3
555.7,0.12121,2.58834,7.56926,3
555.8,0.12121,2.58835,7.56925,3
555.9,0.12122,2.58836,7.56925,3
556,0.12122,2.58837,7.56925,3
556.1,0.12122,2.58838,7.56925,3
556.2,0.12122,2.58838,7.56925,3
556.3,0.12122,2.58839,7.56925,3
556.4,0.12123,2.5884,7.56925,3
556.5,0.12123,2.58841,7.56925,3
556.6,0.12123,2.58842,7.56925,3
556.7,0.12123,2.58843,7.56925,3
556.8,0.12123,2.58843,7.56925,3
556.9,0.12123,2.58844,7.56924,3
557,0.12124,2.58845,7.56924,3
557.1,0.12124,2.58846,7.56924,3
557.2,0.12124,2.58846,7.56924,3
557.3,0.12124,2.58847,7.56924,3
557.4,0.12124,2.58848,7.56924,3
557.5,0.12125,2.58848,7.56924,3
557.6,0.12125,2.58849,7.56924,3
557.7,0.12125,2.58849,7.56924,3
557.8,0.12125,2.5885,7.56923,3
557.9,0.12125,2.58851,7.56923,3
558,0.12125,2.58851,7.56923,3
558.1,0.12126,2.58852,7.56923,3
558.2,0.12126,2.58853,7.56923,3
558.3,0.12126,2.58854,7.56923,3
558.4,0.12126,2.58854,7.56923,3
558.5,0.12126,2.58855,7.56923,3
558.6,0.12127,2.58856,7.56923,3
558.7,0.12127,2.58857,7.56923,3
558.8,0.12127,2.58857,7.56922,3
558.9,0.12127,2.58858,7.56922,3
559,0.12127,2.58859,7.56922,3
559.1,0.12127,2.58859,7.56922,3
559.2,0.12128,2.5886,7.56922,3
559.3,0.12128,2.58861,7.56922,3
559.4,0.12128,2.58861,7.56922,3
559.5,0.12128,2.58862,7.56922,3
559.6,0.12128,2.58863,7.56922,3
559.7,0.12128,2.58864,7.56921,3
559.8,0.12129,2.58864,7.56921,3
559.9,0.12129,2.58865,7.56921,3
560,0.12129,2.58866,7.56921,3
560.1,0.12129,2.58867,7.56921,3
560.2,0.12129,2.58867,7.56921,3
560.3,0.1213,2.58868,7.56921,3
560.4,0.1213,2.58869,7.56921,3
560.5,0.1213,2.5887,7.56921,3
560.6,0.1213,2.5887,7.5692,3
560.7,0.1213,2.58871,7.5692,3
560.8,0.1213,2.58872,7.5692,3
560.9,0.12131,2.58872,7.5692,3
561,0.12131,2.58873,7.5692,3
561.1,0.12131,2.58873,7.5692,3
561.2,0.12131,2.58874,7.5692,3
561.3,0.12131,2.58874,7.5692,3
561.4,0.12132,2.58875,7.5692,3
561.5,0.12132,2.58875,7.56919,3
561.6,0.12132,2.58876,7.56919,3
561.7,0.12132,2.58876,7.56919,3
561.8,0.12132,2.58876,7.56919,3
561.9,0.12132,2.58877,7.56919,3
562,0.12133,2.58877,7.56919,3
562.1,0.12133,2.58877,7.56919,3
562.2,0.12133,2.58878,7.56919,3
562.3,0.12133,2.58878,7.56919,3
562.4,0.12133,2.58879,7.56919,3
562.5,0.12133,2.58879,7.56918,3
562.6,0.12134,2.5888,7.56918,3
562.7,0.12134,2.58881,7.56918,3
562.8,0.12134,2.58882,7.56918,3
562.9,0.12134,2.58882,7.56918,3
563,0.12134,2.58883,7.56918,3
563.1,0.12134,2.58884,7.56918,3
563.2,0.12135,2.58884,7.56918,3
563.3,0.12135,2.58885,7.56918,3
563.4,0.12135,2.58886,7.56918,3
563.5,0.12135,2.58886,7.56917,3
563.6,0.12135,2.58887,7.56917,3
563.7,0.12135,2.58887,7.56917,3
563.8,0.12136,2.58888,7.56917,3
563.9,0.12136,2.58888,7.56917,3
564,0.12136,2.58889,7.56917,3
564.1,0.12136,2.5889,7.56917,3
564.2,0.12136,2.5889,7.56917,3
564.3,0.12136,2.58891,7.56917,3
564.4,0.12137,2.58891,7.56917,3
564.5,0.12137,2.58892,7.56917,3
564.6,0.12137,2.58893,7.56916,3
564.7,0.12137,2.58893,7.56916,3
564.8,0.12137,2.58894,7.56916,3
564.9,0.12137,2.58894,7.56916,3
565,0.12138,2.58895,7.56916,3
565.1,0.12138,2.58896,7.56916,3
565.2,0.12138,2.58897,7.56916,3
565.3,0.12138,2.58898,7.56916,3
565.4,0.12138,2.58898,7.56916,3
565.5,0.12138,2.58899,7.56915,3
565.6,0.12138,2.589,7.56915,3
565.7,0.12139,2.58901,7.56915,3
565.8,0.12139,2.58901,7.56915,3
565.9,0.12139,2.58902,7.56915,3
566,0.12139,2.58903,7.56915,3
566.1,0.12139,2.58904,7.56915,3
566.2,0.12139,2.58904,7.56915,3
566.3,0.1214,2.58905,7.56915,3
566.4,0.1214,2.58906,7.56914,3
566.5,0.1214,2.58906,7.56914,3
566.6,0.1214,2.58907,7.56914,3
566.7,0.1214,2.58907,7.56914,3
566.8,0.1214,2.58908,7.56914,3
566.9,0.1214,2.58909,7.56914,3
567,0.12141,2.58909,7.56914,3
567.1,0.12141,2.5891,7.56914,3
567.2,0.12141,2.5891,7.56914,3
567.3,0.12141,2.58911,7.56914,3
567.4,0.12141,2.58912,7.56914,3
567.5,0.12141,2.58912,7.56913,3
567.6,0.12142,2.58913,7.56913,3
567.7,0.12142,2.58914,7.56913,3
567.8,0.12142,2.58915,7.56913,3
567.9,0.12142,2.58916,7.56913,3
568,0.12142,2.58917,7.56913,3
568.1,0.12142,2.58918,7.56913,3
568.2,0.12143,2.58918,7.56913,3
568.3,0.12143,2.58919,7.56913,3
568.4,0.12143,2.5892,7.56912,3
568.5,0.12143,2.58921,7.56912,3
568.6,0.12143,2.58922,7.56912,3
568.7,0.12143,2.58923,7.56912,3
568.8,0.12144,2.58924,7.56912,3
568.9,0.12144,2.58925,7.56912,3
569,0.12144,2.58926,7.56912,3
569.1,0.12144,2.58926,7.56912,3
569.2,0.12144,2.58927,7.56912,3
569.3,0.12144,2.58928,7.56911,3
569.4,0.12145,2.58929,7.56911,3
569.5,0.12145,2.58929,7.56911,3
569.6,0.12145,2.5893,7.56911,3
569.7,0.12145,2.58931,7.56911,3
569.8,0.12145,2.58931,7.56911,3
569.9,0.12145,2.58932,7.56911,3
570,0.12146,2.58933,7.56911,3
570.1,0.12146,2.58933,7.56911,3
570.2,0.12146,2.58934,7.56911,3
570.3,0.12146,2.58935,7.56911,3
570.4,0.12146,2.58935,7.5691,3
570.5,0.12147,2.58936,7.5691,3
570.6,0.12147,2.58937,7.5691,3
570.7,0.12147,2.58938,7.5691,3
570.8,0.12147,2.58938,7.5691,3
570.9,0.12147,2.58939,7.5691,3
571,0.12147,2.5894,7.5691,3
571.1,0.12147,2.58941,7.5691,3
571.2,0.12148,2.58942,7.5691,3
571.3,0.12148,2.58943,7.5691,3
571.4,0.12148,2.58944,7.5691,3
571.5,0.12148,2.58945,7.56909,3
571.6,0.12148,2.58946,7.56909,3
571.7,0.12148,2.58947,7.56909,3
571.8,0.12149,2.58948,7.56909,3
571.9,0.12149,2.58949,7.56909,3
572,0.12149,2.5895,7.56909,3
572.1,0.12149,2.58951,7.56909,3
572.2,0.12149,2.58951,7.56909,3
572.3,0.12149,2.58952,7.56909,3
572.4,0.1215,2.58953,7.56909,3
572.5,0.1215,2.58954,7.56909,3
572.6,0.1215,2.58955,7.56909,3
572.7,0.1215,2.58956,7.56908,3
572.8,0.1215,2.58957,7.56908,3
572.9,0.1215,2.58958,7.56908,3
573,0.1215,2.58959,7.56908,3
573.1,0.12151,2.5896,7.56908,3
573.2,0.12151,2.58961,7.56908,3
573.3,0.12151,2.58962,7.56908,3
573.4,0.12151,2.58963,7.56908,3
573.5,0.12151,2.58964,7.56908,3
573.6,0.12151,2.58965,7.56908,3
573.7,0.12151,2.58966,7.56908,3
573.8,0.12152,2.58967,7.56908,3
573.9,0.12152,2.58967,7.56908,3
574,0.12152,2.58968,7.56908,3
574.1,0.12152,2.58969,7.56908,3
574.2,0.12152,2.5897,7.56907,3
574.3,0.12152,2.58971,7.56907,3
574.4,0.12152,2.58972,7.56907,3
574.5,0.12153,2.58974,7.56907,3
574.6,0.12153,2.58975,7.56907,3
574.7,0.12153,2.58976,7.56907,3
574.8,0.12153,2.58977,7.56907,3
574.9,0.12153,2.58978,7.56907,3
575,0.12153,2.58979,7.56907,3
575.1,0.12153,2.5898,7.56907,3
575.2,0.12154,2.58981,7.56907,3
575.3,0.12154,2.58982,7.56907,3
575.4,0.12154,2.58983,7.56907,3
575.5,0.12154,2.58984,7.56907,3
575.6,0.12154,2.58985,7.56907,3
575.7,0.12154,2.58986,7.56907,3
575.8,0.12154,2.58987,7.56907,3
575.9,0.12155,2.58988,7.56907,3
576,0.12155,2.58989,7.56906,3
576.1,0.12155,2.58991,7.56906,3
576.2,0.12155,2.58992,7.56906,3
576.3,0.12155,2.58993,7.56906,3
576.4,0.12155,2.58994,7.56906,3
576.5,0.12155,2.58995,7.56906,3
576.6,0.12156,2.58996,7.56906,3
576.7,0.12156,2.58997,7.56906,3
576.8,0.12156,2.58998,7.56906,3
576.9,0.12156,2.58999,7.56906,3
577,0.12156,2.59,7.56906,3
577.1,0.12156,2.59001,7.56906,3
577.2,0.12156,2.59002,7.56906,3
577.3,0.12157,2.59003,7.56906,3
577.4,0.12157,2.59004,7.56906,3
577.5,0.12157,2.59005,7.56906,3
577.6,0.12157,2.59006,7.56906,3
577.7,0.12157,2.59008,7.56906,3
577.8,0.12157,2.59009,7.56906,3
577.9,0.12157,2.5901,7.56906,3
578,0.12157,2.59012,7.56906,3
578.1,0.12158,2.59013,7.56906,3
578.2,0.12158,2.59014,7.56906,3
578.3,0.12158,2.59015,7.56906,3
578.4,0.12158,2.59017,7.56906,3
578.5,0.12158,2.59018,7.56906,3
578.6,0.12158,2.59019,7.56906,3
578.7,0.12158,2.5902,7.56906,3
578.8,0.12159,2.5902,7.56906,3
578.9,0.12159,2.59022,7.56906,3
579,0.12159,2.59023,7.56906,3
579.1,0.12159,2.59024,7.56906,3
579.2,0.12159,2.59025,7.56906,3
579.3,0.12159,2.59027,7.56906,3
579.4,0.12159,2.59028,7.56906,3
579.5,0.12159,2.5903,7.56906,3
579.6,0.1216,2.59031,7.56905,3
579.7,0.1216,2.59033,7.56905,3
579.8,0.1216,2.59034,7.56905,3
579.9,0.1216,2.59035,7.56905,3
580,0.1216,2.59037,7.56905,3
580.1,0.1216,2.59038,7.56905,3
580.2,0.1216,2.59039,7.56905,3
580.3,0.12161,2.5904,7.56905,3
580.4,0.12161,2.5904,7.56905,3
580.5,0.12161,2.59041,7.56905,3
580.6,0.12161,2.59042,7.56905,3
580.7,0.12161,2.59043,7.56905,3
580.8,0.12161,2.59044,7.56905,3
580.9,0.12161,2.59045,7.56905,3
581,0.12162,2.59046,7.56905,3
581.1,0.12162,2.59048,7.56905,3
581.2,0.12162,2.59049,7.56905,3
581.3,0.12162,2.59051,7.56905,3
581.4,0.12162,2.59052,7.56905,3
581.5,0.12162,2.59053,7.56905,3
581.6,0.12163,2.59054,7.56905,3
581.7,0.12163,2.59055,7.56905,3
581.8,0.12163,2.59056,7.56905,3
581.9,0.12163,2.59057,7.56905,3
582,0.12163,2.59058,7.56905,3
582.1,0.12163,2.59059,7.56905,3
582.2,0.12164,2.5906,7.56905,3
582.3,0.12164,2.59061,7.56905,3
582.4,0.12164,2.59062,7.56905,3
582.5,0.12164,2.59063,7.56905,3
582.6,0.12164,2.59064,7.56905,3
582.7,0.12164,2.59065,7.56905,3
582.8,0.12165,2.59066,7.56905,3
582.9,0.12165,2.59067,7.56905,3
583,0.12165,2.59068,7.56905,3
583.1,0.12165,2.5907,7.56905,3
583.2,0.12165,2.59071,7.56905,3
583.3,0.12165,2.59072,7.56905,3
583.4,0.12165,2.59072,7.56905,3
583.5,0.12166,2.59073,7.56905,3
583.6,0.12166,2.59074,7.56905,3
583.7,0.12166,2.59075,7.56905,3
583.8,0.12166,2.59076,7.56905,3
583.9,0.12166,2.59077,7.56905,3
584,0.12166,2.59078,7.56905,3
584.1,0.12167,2.5908,7.56905,3
584.2,0.12167,2.59081,7.56905,3
584.3,0.12167,2.59082,7.56905,3
584.4,0.12167,2.59083,7.56906,3
584.5,0.12167,2.59085,7.56906,3
584.6,0.12167,2.59086,7.56906,3
584.7,0.12167,2.59087,7.56906,3
584.8,0.12168,2.59088,7.56906,3
584.9,0.12168,2.59089,7.56906,3
585,0.12168,2.5909,7.56906,3
585.1,0.12168,2.59092,7.56906,3
585.2,0.12168,2.59093,7.56906,3
585.3,0.12168,2.59095,7.56906,3
585.4,0.12169,2.59096,7.56906,3
585.5,0.12169,2.59097,7.56906,3
585.6,0.12169,2.59099,7.56906,3
585.7,0.12169,2.591,7.56906,3
585.8,0.12169,2.59101,7.56906,3
585.9,0.12169,2.59102,7.56906,3
586,0.1217,2.59103,7.56906,3
586.1,0.1217,2.59104,7.56906,3
586.2,0.1217,2.59105,7.56906,3
586.3,0.1217,2.59106,7.56906,3
586.4,0.1217,2.59107,7.56907,3
586.5,0.1217,2.59108,7.56907,3
586.6,0.1217,2.59109,7.56907,3
586.7,0.12171,2.59111,7.56907,3
586.8,0.12171,2.59112,7.56907,3
586.9,0.12171,2.59114,7.56907,3
587,0.12171,2.59115,7.56907,3
587.1,0.12171,2.59116,7.56907,3
587.2,0.12171,2.59118,7.56907,3
587.3,0.12171,2.59119,7.56907,3
587.4,0.12172,2.5912,7.56907,3
587.5,0.12172,2.59122,7.56907,3
587.6,0.12172,2.59123,7.56907,3
587.7,0.12172,2.59124,7.56907,3
587.8,0.12172,2.59125,7.56907,3
587.9,0.12172,2.59126,7.56907,3
588,0.12172,2.59127,7.56908,3
588.1,0.12173,2.59128,7.56908,3
588.2,0.12173,2.59129,7.56908,3
588.3,0.12173,2.5913,7.56908,3
588.4,0.12173,2.59131,7.56908,3
588.5,0.12173,2.59132,7.56908,3
588.6,0.12173,2.59134,7.56908,3
588.7,0.12174,2.59135,7.56908,3
588.8,0.12174,2.59136,7.56908,3
588.9,0.12174,2.59138,7.56908,3
589,0.12174,2.59139,7.56909,3
589.1,0.12174,2.59141,7.56909,3
589.2,0.12174,2.59142,7.56909,3
589.3,0.12175,2.59143,7.56909,3
589.4,0.12175,2.59145,7.56909,3
589.5,0.12175,2.59146,7.56909,3
589.6,0.12175,2.59147,7.56909,3
589.7,0.12175,2.59149,7.56909,3
589.8,0.12175,2.5915,7.56909,3
589.9,0.12176,2.59151,7.56909,3
590,0.12176,2.59152,7.5691,3
590.1,0.12176,2.59153,7.5691,3
590.2,0.12176,2.59154,7.5691,3
590.3,0.12176,2.59155,7.5691,3
590.4,0.12176,2.59156,7.5691,3
590.5,0.12177,2.59157,7.5691,3
590.6,0.12177,2.59159,7.5691,3
590.7,0.12177,2.5916,7.56911,3
590.8,0.12177,2.59161,7.56911,3
590.9,0.12177,2.59163,7.56911,3
591,0.12178,2.59164,7.56911,3
591.1,0.12178,2.59166,7.56911,3
591.2,0.12178,2.59167,7.56911,3
591.3,0.12178,2.59168,7.56911,3
591.4,0.12178,2.5917,7.56911,3
591.5,0.12178,2.59171,7.56911,3
591.6,0.12179,2.59172,7.56912,3
591.7,0.12179,2.59173,7.56912,3
591.8,0.12179,2.59174,7.56912,3
591.9,0.12179,2.59175,7.56912,3
592,0.12179,2.59176,7.56912,3
592.1,0.12179,2.59177,7.56912,3
592.2,0.1218,2.59178,7.56912,3
592.3,0.1218,2.5918,7.56912,3
592.4,0.1218,2.59181,7.56912,3
592.5,0.1218,2.59182,7.56913,3
592.6,0.1218,2.59184,7.56913,3
592.7,0.1218,2.59185,7.56913,3
592.8,0.12181,2.59187,7.56913,3
592.9,0.12181,2.59188,7.56913,3
593,0.12181,2.5919,7.56913,3
593.1,0.12181,2.59191,7.56913,3
593.2,0.12181,2.59193,7.56914,3
593.3,0.12182,2.59194,7.56914,3
593.4,0.12182,2.59195,7.56914,3
593.5,0.12182,2.59196,7.56914,3
593.6,0.12182,2.59198,7.56914,3
593.7,0.12182,2.59199,7.56914,3
593.8,0.12183,2.592,7.56914,3
593.9,0.12183,2.59201,7.56914,3
594,0.12183,2.59202,7.56915,3
594.1,0.12183,2.59204,7.56915,3
594.2,0.12183,2.59205,7.56915,3
594.3,0.12183,2.59207,7.56915,3
594.4,0.12184,2.59208,7.56915,3
594.5,0.12184,2.5921,7.56915,3
594.6,0.12184,2.59211,7.56915,3
594.7,0.12184,2.59213,7.56916,3
594.8,0.12184,2.59215,7.56916,3
594.9,0.12185,2.59216,7.56916,3
595,0.12185,2.59217,7.56916,3
595.1,0.12185,2.59218,7.56916,3
595.2,0.12185,2.5922,7.56916,3
595.3,0.12185,2.59221,7.56917,3
595.4,0.12185,2.59222,7.56917,3
595.5,0.12186,2.59223,7.56917,3
595.6,0.12186,2.59224,7.56917,3
595.7,0.12186,2.59225,7.56917,3
595.8,0.12186,2.59226,7.56917,3
595.9,0.12186,2.59227,7.56918,3
596,0.12186,2.59228,7.56918,3
596.1,0.12187,2.5923,7.56918,3
596.2,0.12187,2.59232,7.56918,3
596.3,0.12187,2.59233,7.56918,3
596.4,0.12187,2.59235,7.56918,3
596.5,0.12187,2.59236,7.56919,3
596.6,0.12188,2.59238,7.56919,3
596.7,0.12188,2.59239,7.56919,3
596.8,0.12188,2.59241,7.56919,3
596.9,0.12188,2.59242,7.56919,3
597,0.12188,2.59243,7.56919,3
597.1,0.12189,2.59245,7.5692,3
597.2,0.12189,2.59246,7.5692,3
597.3,0.12189,2.59247,7.5692,3
597.4,0.12189,2.59248,7.5692,3
597.5,0.12189,2.59249,7.5692,3
597.6,0.1219,2.5925,7.5692,3
597.7,0.1219,2.59252,7.5692,3
597.8,0.1219,2.59253,7.56921,3
597.9,0.1219,2.59254,7.56921,3
598,0.1219,2.59255,7.56921,3
598.1,0.12191,2.59256,7.56921,3
598.2,0.12191,2.59258,7.56921,3
598.3,0.12191,2.59259,7.56922,3
598.4,0.12191,2.59261,7.56922,3
598.5,0.12191,2.59262,7.56922,3
598.6,0.12192,2.59264,7.56922,3
598.7,0.12192,2.59265,7.56922,3
598.8,0.12192,2.59267,7.56922,3
598.9,0.12192,2.59268,7.56923,3
599,0.12192,2.5927,7.56923,3
599.1,0.12193,2.59271,7.56923,3
599.2,0.12193,2.59273,7.56923,3
599.3,0.12193,2.59274,7.56923,3
599.4,0.12193,2.59275,7.56924,3
599.5,0.12193,2.59277,7.56924,3
599.6,0.12194,2.59278,7.56924,3
599.7,0.12194,2.59279,7.56924,3
599.8,0.12194,2.5928,7.56924,3
599.9,0.12194,2.59281,7.56924,3
600,0.12194,2.59282,7.56924,3
600.1,0.12195,2.59283,7.56925,3
600.2,0.12195,2.59285,7.56925,3
600.3,0.12195,2.59286,7.56925,3
600.4,0.12195,2.59287,7.56925,3
600.5,0.12196,2.59288,7.56925,3
600.6,0.12196,2.59289,7.56925,3
600.7,0.12196,2.5929,7.56925,3
600.8,0.12196,2.59291,7.56925,3
600.9,0.12196,2.59292,7.56926,3
601,0.12197,2.59294,7.56926,3
601.1,0.12197,2.59296,7.56926,3
601.2,0.12197,2.59297,7.56926,3
601.3,0.12197,2.59299,7.56926,3
601.4,0.12197,2.593,7.56926,3
601.5,0.12198,2.59302,7.56927,3
601.6,0.12198,2.59303,7.56927,3
601.7,0.12198,2.59304,7.56927,3
601.8,0.12198,2.59306,7.56927,3
601.9,0.12199,2.59307,7.56927,3
602,0.12199,2.59309,7.56927,3
602.1,0.12199,2.5931,7.56927,3
602.2,0.12199,2.59311,7.56928,3
602.3,0.122,2.59312,7.56928,3
602.4,0.122,2.59313,7.56928,3
602.5,0.122,2.59314,7.56928,3
602.6,0.122,2.59315,7.56928,3
602.7,0.122,2.59316,7.56928,3
602.8,0.12201,2.59317,7.56929,3
602.9,0.12201,2.59318,7.56929,3
603,0.12201,2.59319,7.56929,3
603.1,0.12201,2.5932,7.56929,3
603.2,0.12202,2.59322,7.56929,3
603.3,0.12202,2.59323,7.56929,3
603.4,0.12202,2.59325,7.56929,3
603.5,0.12202,2.59326,7.5693,3
603.6,0.12202,2.59327,7.5693,3
603.7,0.12203,2.59329,7.5693,3
603.8,0.12203,2.5933,7.5693,3
603.9,0.12203,2.59332,7.5693,3
604,0.12203,2.59333,7.5693,3
604.1,0.12204,2.59334,7.56931,3
604.2,0.12204,2.59336,7.56931,3
604.3,0.12204,2.59337,7.56931,3
604.4,0.12204,2.59338,7.56931,3
604.5,0.12204,2.59339,7.56931,3
604.6,0.12205,2.5934,7.56931,3
604.7,0.12205,2.59341,7.56931,3
604.8,0.12205,2.59342,7.56932,3
604.9,0.12205,2.59344,7.56932,3
605,0.12206,2.59345,7.56932,3
605.1,0.12206,2.59346,7.56932,3
605.2,0.12206,2.59348,7.56932,3
605.3,0.12206,2.59349,7.56932,3
605.4,0.12206,2.59351,7.56933,3
605.5,0.12207,2.59352,7.56933,3
605.6,0.12207,2.59354,7.56933,3
605.7,0.12207,2.59355,7.56933,3
605.8,0.12207,2.59357,7.56933,3
605.9,0.12207,2.59358,7.56933,3
606,0.12208,2.5936,7.56934,3
606.1,0.12208,2.59361,7.56934,3
606.2,0.12208,2.59362,7.56934,3
606.3,0.12208,2.59364,7.56934,3
606.4,0.12209,2.59365,7.56934,3
606.5,0.12209,2.59366,7.56935,3
606.6,0.12209,2.59367,7.56935,3
606.7,0.12209,2.59369,7.56935,3
606.8,0.12209,2.5937,7.56935,3
606.9,0.1221,2.59372,7.56935,3
607,0.1221,2.59373,7.56935,3
607.1,0.1221,2.59375,7.56936,3
607.2,0.1221,2.59376,7.56936,3
607.3,0.12211,2.59378,7.56936,3
607.4,0.12211,2.59379,7.56936,3
607.5,0.12211,2.5938,7.56936,3
607.6,0.12211,2.59382,7.56937,3
607.7,0.12212,2.59383,7.56937,3
607.8,0.12212,2.59385,7.56937,3
607.9,0.12212,2.59386,7.56937,3
608,0.12212,2.59387,7.56937,3
608.1,0.12212,2.59389,7.56938,3
608.2,0.12213,2.5939,7.56938,3
608.3,0.12213,2.59391,7.56938,3
608.4,0.12213,2.59393,7.56938,3
608.5,0.12213,2.59394,7.56938,3
608.6,0.12214,2.59396,7.56938,3
608.7,0.12214,2.59397,7.56939,3
608.8,0.12214,2.59399,7.56939,3
608.9,0.12214,2.594,7.56939,3
609,0.12214,2.59401,7.56939,3
609.1,0.12215,2.59403,7.56939,3
609.2,0.12215,2.59404,7.5694,3
609.3,0.12215,2.59406,7.5694,3
609.4,0.12215,2.59407,7.5694,3
609.5,0.12216,2.59408,7.5694,3
609.6,0.12216,2.5941,7.5694,3
609.7,0.12216,2.59411,7.56941,3
609.8,0.12216,2.59412,7.56941,3
609.9,0.12217,2.59413,7.56941,3
610,0.12217,2.59415,7.56941,3
610.1,0.12217,2.59416,7.56941,3
610.2,0.12217,2.59417,7.56942,3
610.3,0.12218,2.59418,7.56942,3
610.4,0.12218,2.5942,7.56942,3
610.5,0.12218,2.59421,7.56942,3
610.6,0.12218,2.59422,7.56943,3
610.7,0.12219,2.59424,7.56943,3
610.8,0.12219,2.59425,7.56943,3
610.9,0.12219,2.59427,7.56943,3
611,0.12219,2.59428,7.56944,3
611.1,0.1222,2.59429,7.56944,3
611.2,0.1222,2.59431,7.56944,3
611.3,0.1222,2.59432,7.56945,3
611.4,0.1222,2.59433,7.56945,3
611.5,0.1222,2.59435,7.56945,3
611.6,0.12221,2.59436,7.56945,3
611.7,0.12221,2.59437,7.56946,3
611.8,0.12221,2.59438,7.56946,3
611.9,0.12221,2.5944,7.56946,3
612,0.12222,2.59441,7.56946,3
612.1,0.12222,2.59442,7.56947,3
612.2,0.12222,2.59443,7.56947,3
612.3,0.12222,2.59445,7.56947,3
612.4,0.12223,2.59446,7.56947,3
612.5,0.12223,2.59447,7.56948,3
612.6,0.12223,2.59448,7.56948,3
612.7,0.12224,2.59449,7.56948,3
612.8,0.12224,2.5945,7.56948,3
612.9,0.12224,2.59451,7.56949,3
613,0.12224,2.59452,7.56949,3
613.1,0.12225,2.59453,7.56949,3
613.2,0.12225,2.59454,7.56949,3
613.3,0.12225,2.59455,7.5695,3
613.4,0.12225,2.59456,7.5695,3
613.5,0.12226,2.59457,7.5695,3
613.6,0.12226,2.59458,7.56951,3
613.7,0.12226,2.59459,7.56951,3
613.8,0.12227,2.5946,7.56951,3
613.9,0.12227,2.59461,7.56951,3
614,0.12227,2.59462,7.56952,3
614.1,0.12227,2.59464,7.56952,3
614.2,0.12228,2.59465,7.56952,3
614.3,0.12228,2.59466,7.56952,3
614.4,0.12228,2.59467,7.56953,3
614.5,0.12229,2.59468,7.56953,3
614.6,0.12229,2.5947,7.56953,3
614.7,0.12229,2.59471,7.56953,3
614.8,0.12229,2.59472,7.56954,3
614.9,0.1223,2.59474,7.56954,3
615,0.1223,2.59475,7.56954,3
615.1,0.1223,2.59477,7.56954,3
615.2,0.12231,2.59478,7.56955,3
615.3,0.12231,2.5948,7.56955,3
615.4,0.12231,2.59481,7.56955,3
615.5,0.12232,2.59482,7.56956,3
615.6,0.12232,2.59484,7.56956,3
615.7,0.12232,2.59485,7.56956,3
615.8,0.12233,2.59486,7.56956,3
615.9,0.12233,2.59487,7.56957,3
616,0.12233,2.59488,7.56957,3
616.1,0.12234,2.59489,7.56957,3
616.2,0.12234,2.5949,7.56958,3
616.3,0.12234,2.59491,7.56958,3
616.4,0.12235,2.59493,7.56958,3
616.5,0.12235,2.59494,7.56958,3
616.6,0.12235,2.59495,7.56959,3
616.7,0.12236,2.59496,7.56959,3
616.8,0.12236,2.59497,7.56959,3
616.9,0.12236,2.59498,7.5696,3
617,0.12237,2.59499,7.5696,3
617.1,0.12237,2.595,7.5696,3
617.2,0.12237,2.59501,7.56961,3
617.3,0.12238,2.59502,7.56961,3
617.4,0.12238,2.59503,7.56961,3
617.5,0.12238,2.59505,7.56962,3
617.6,0.12239,2.59506,7.56962,3
617.7,0.12239,2.59508,7.56962,3
617.8,0.12239,2.59509,7.56963,3
617.9,0.1224,2.59511,7.56963,3
618,0.1224,2.59512,7.56963,3
618.1,0.1224,2.59514,7.56964,3
618.2,0.12241,2.59515,7.56964,3
618.3,0.12241,2.59517,7.56964,3
618.4,0.12241,2.59518,7.56965,3
618.5,0.12242,2.5952,7.56965,3
618.6,0.12242,2.59521,7.56965,3
618.7,0.12242,2.59522,7.56965,3
618.8,0.12243,2.59524,7.56966,3
618.9,0.12243,2.59525,7.56966,3
619,0.12243,2.59526,7.56966,3
619.1,0.12244,2.59527,7.56967,3
619.2,0.12244,2.59529,7.56967,3
619.3,0.12244,2.5953,7.56967,3
619.4,0.12245,2.59531,7.56968,3
619.5,0.12245,2.59532,7.56968,3
619.6,0.12245,2.59533,7.56968,3
619.7,0.12246,2.59534,7.56969,3
619.8,0.12246,2.59535,7.56969,3
619.9,0.12246,2.59536,7.56969,3
620,0.12247,2.59537,7.5697,3
620.1,0.12247,2.59539,7.5697,3
620.2,0.12247,2.5954,7.5697,3
620.3,0.12248,2.59541,7.56971,3
620.4,0.12248,2.59543,7.56971,3
620.5,0.12249,2.59544,7.56971,3
620.6,0.12249,2.59546,7.56972,3
620.7,0.12249,2.59547,7.56972,3
620.8,0.1225,2.59549,7.56972,3
620.9,0.1225,2.5955,7.56972,3
621,0.1225,2.59551,7.56973,3
621.1,0.12251,2.59553,7.56973,3
621.2,0.12251,2.59554,7.56973,3
621.3,0.12251,2.59556,7.56974,3
621.4,0.12252,2.59557,7.56974,3
621.5,0.12252,2.59558,7.56974,3
621.6,0.12252,2.59559,7.56975,3
621.7,0.12253,2.59561,7.56975,3
621.8,0.12253,2.59562,7.56975,3
621.9,0.12253,2.59563,7.56976,3
622,0.12254,2.59564,7.56976,3
622.1,0.12254,2.59565,7.56976,3
622.2,0.12254,2.59565,7.56977,3
622.3,0.12255,2.59566,7.56977,3
622.4,0.12255,2.59567,7.56977,3
622.5,0.12256,2.59568,7.56977,3
622.6,0.12256,2.59569,7.56978,3
622.7,0.12256,2.59571,7.56978,3
622.8,0.12257,2.59572,7.56978,3
622.9,0.12257,2.59573,7.56979,3
623,0.12257,2.59574,7.56979,3
623.1,0.12258,2.59574,7.56979,3
623.2,0.12258,2.59575,7.56979,3
623.3,0.12258,2.59576,7.5698,3
623.4,0.12259,2.59578,7.5698,3
623.5,0.12259,2.59579,7.5698,3
623.6,0.12259,2.59581,7.56981,3
623.7,0.1226,2.59582,7.56981,3
623.8,0.1226,2.59584,7.56981,3
623.9,0.1226,2.59585,7.56981,3
624,0.12261,2.59587,7.56982,3
624.1,0.12261,2.59588,7.56982,3
624.2,0.12261,2.59589,7.56982,3
624.3,0.12262,2.5959,7.56982,3
624.4,0.12262,2.59592,7.56983,3
624.5,0.12262,2.59593,7.56983,3
624.6,0.12263,2.59594,7.56983,3
624.7,0.12263,2.59595,7.56984,3
624.8,0.12263,2.59596,7.56984,3
624.9,0.12264,2.59597,7.56984,3
625,0.12264,2.59597,7.56984,3
625.1,0.12264,2.59598,7.56985,3
625.2,0.12265,2.59598,7.56985,3
625.3,0.12265,2.59599,7.56985,3
625.4,0.12265,2.596,7.56985,3
625.5,0.12266,2.596,7.56986,3
625.6,0.12266,2.59601,7.56986,3
625.7,0.12266,2.59602,7.56986,3
625.8,0.12267,2.59602,7.56986,3
625.9,0.12267,2.59603,7.56986,3
626,0.12267,2.59603,7.56987,3
626.1,0.12268,2.59604,7.56987,3
626.2,0.12268,2.59604,7.56987,3
626.3,0.12268,2.59605,7.56987,3
626.4,0.12269,2.59606,7.56988,3
626.5,0.12269,2.59606,7.56988,3
626.6,0.12269,2.59607,7.56988,3
626.7,0.1227,2.59608,7.56988,3
626.8,0.1227,2.59609,7.56988,3
626.9,0.1227,2.5961,7.56988,3
627,0.12271,2.59611,7.56989,3
627.1,0.12271,2.59612,7.56989,3
627.2,0.12271,2.59613,7.56989,3
627.3,0.12272,2.59613,7.56989,3
627.4,0.12272,2.59614,7.56989,3
627.5,0.12272,2.59615,7.5699,3
627.6,0.12273,2.59616,7.5699,3
627.7,0.12273,2.59617,7.5699,3
627.8,0.12273,2.59618,7.5699,3
627.9,0.12274,2.59619,7.5699,3
628,0.12274,2.5962,7.5699,3
628.1,0.12274,2.5962,7.56991,3
628.2,0.12275,2.59621,7.56991,3
628.3,0.12275,2.59622,7.56991,3
628.4,0.12275,2.59622,7.56991,3
628.5,0.12276,2.59623,7.56991,3
628.6,0.12276,2.59623,7.56992,3
628.7,0.12276,2.59624,7.56992,3
628.8,0.12277,2.59624,7.56992,3
628.9,0.12277,2.59625,7.56992,3
629,0.12277,2.59625,7.56992,3
629.1,0.12278,2.59626,7.56992,3
629.2,0.12278,2.59627,7.56993,3
629.3,0.12278,2.59627,7.56993,3
629.4,0.12279,2.59628,7.56993,3
629.5,0.12279,2.59628,7.56993,3
629.6,0.12279,2.59629,7.56993,3
629.7,0.1228,2.5963,7.56994,3
629.8,0.1228,2.59631,7.56994,3
629.9,0.1228,2.59632,7.56994,3
630,0.12281,2.59633,7.56994,3
630.1,0.12281,2.59634,7.56994,3
630.2,0.12281,2.59636,7.56995,3
630.3,0.12282,2.59637,7.56995,3
630.4,0.12282,2.59638,7.56995,3
630.5,0.12282,2.59639,7.56995,3
630.6,0.12282,2.59639,7.56995,3
630.7,0.12283,2.5964,7.56995,3
630.8,0.12283,2.59641,7.56995,3
630.9,0.12283,2.59642,7.56996,3
631,0.12284,2.59643,7.56996,3
631.1,0.12284,2.59644,7.56996,3
631.2,0.12284,2.59645,7.56996,3
631.3,0.12285,2.59646,7.56996,3
631.4,0.12285,2.59647,7.56996,3
631.5,0.12285,2.59648,7.56996,3
631.6,0.12286,2.59649,7.56997,3
631.7,0.12286,2.59649,7.56997,3
631.8,0.12286,2.5965,7.56997,3
631.9,0.12286,2.59651,7.56997,3
632,0.12287,2.59651,7.56997,3
632.1,0.12287,2.59652,7.56997,3
632.2,0.12287,2.59652,7.56997,3
632.3,0.12288,2.59652,7.56998,3
632.4,0.12288,2.59653,7.56998,3
632.5,0.12288,2.59653,7.56998,3
632.6,0.12289,2.59654,7.56998,3
632.7,0.12289,2.59654,7.56998,3
632.8,0.12289,2.59654,7.56998,3
632.9,0.1229,2.59655,7.56998,3
633,0.1229,2.59655,7.56999,3
633.1,0.1229,2.59656,7.56999,3
633.2,0.1229,2.59656,7.56999,3
633.3,0.12291,2.59656,7.56999,3
633.4,0.12291,2.59657,7.56999,3
633.5,0.12291,2.59657,7.56999,3
633.6,0.12292,2.59657,7.56999,3
633.7,0.12292,2.59658,7.56999,3
633.8,0.12292,2.59658,7.57,3
633.9,0.12293,2.59659,7.57,3
634,0.12293,2.59659,7.57,3
634.1,0.12293,2.5966,7.57,3
634.2,0.12294,2.5966,7.57,3
634.3,0.12294,2.59661,7.57,3
634.4,0.12294,2.59662,7.57,3
634.5,0.12294,2.59663,7.57,3
634.6,0.12295,2.59664,7.57,3
634.7,0.12295,2.59664,7.57001,3
634.8,0.12295,2.59665,7.57001,3
634.9,0.12296,2.59666,7.57001,3
635,0.12296,2.59667,7.57001,3
635.1,0.12296,2.59667,7.57001,3
635.2,0.12297,2.59668,7.57001,3
635.3,0.12297,2.59669,7.57001,3
635.4,0.12297,2.59669,7.57001,3
635.5,0.12298,2.5967,7.57001,3
635.6,0.12298,2.59671,7.57001,3
635.7,0.12298,2.59671,7.57001,3
635.8,0.12299,2.59672,7.57001,3
635.9,0.12299,2.59673,7.57001,3
636,0.12299,2.59673,7.57001,3
636.1,0.123,2.59674,7.57002,3
636.2,0.123,2.59674,7.57002,3
636.3,0.123,2.59674,7.57002,3
636.4,0.12301,2.59675,7.57002,3
636.5,0.12301,2.59675,7.57002,3
636.6,0.12301,2.59675,7.57002,3
636.7,0.12302,2.59675,7.57002,3
636.8,0.12302,2.59675,7.57002,3
636.9,0.12302,2.59675,7.57002,3
637,0.12303,2.59675,7.57002,3
637.1,0.12303,2.59675,7.57002,3
637.2,0.12303,2.59675,7.57002,3
637.3,0.12304,2.59675,7.57002,3
637.4,0.12304,2.59675,7.57002,3
637.5,0.12304,2.59675,7.57002,3
637.6,0.12304,2.59675,7.57002,3
637.7,0.12305,2.59675,7.57002,3
637.8,0.12305,2.59675,7.57002,3
637.9,0.12305,2.59676,7.57002,3
638,0.12306,2.59676,7.57002,3
638.1,0.12306,2.59677,7.57002,3
638.2,0.12306,2.59677,7.57003,3
638.3,0.12307,2.59677,7.57003,3
638.4,0.12307,2.59678,7.57003,3
638.5,0.12307,2.59678,7.57003,3
638.6,0.12308,2.59679,7.57003,3
638.7,0.12308,2.59679,7.57003,3
638.8,0.12308,2.5968,7.57003,3
638.9,0.12309,2.5968,7.57003,3
639,0.12309,2.5968,7.57003,3
639.1,0.12309,2.59681,7.57003,3
639.2,0.1231,2.59681,7.57003,3
639.3,0.1231,2.59681,7.57003,3
639.4,0.1231,2.59682,7.57003,3
639.5,0.12311,2.59682,7.57003,3
639.6,0.12311,2.59682,7.57003,3
639.7,0.12311,2.59682,7.57003,3
639.8,0.12312,2.59683,7.57003,3
639.9,0.12312,2.59683,7.57003,3
640,0.12312,2.59683,7.57003,3
640.1,0.12312,2.59683,7.57003,3
640.2,0.12313,2.59683,7.57003,3
640.3,0.12313,2.59683,7.57003,3
640.4,0.12313,2.59683,7.57003,3
640.5,0.12314,2.59683,7.57003,3
640.6,0.12314,2.59683,7.57003,3
640.7,0.12314,2.59683,7.57003,3
640.8,0.12315,2.59683,7.57003,3
640.9,0.12315,2.59683,7.57003,3
641,0.12315,2.59683,7.57003,3
641.1,0.12316,2.59683,7.57003,3
641.2,0.12316,2.59683,7.57003,3
641.3,0.12316,2.59683,7.57003,3
641.4,0.12317,2.59683,7.57003,3
641.5,0.12317,2.59683,7.57003,3
641.6,0.12317,2.59684,7.57003,3
641.7,0.12318,2.59684,7.57003,3
641.8,0.12318,2.59684,7.57003,3
641.9,0.12318,2.59684,7.57003,3
642,0.12319,2.59685,7.57003,3
642.1,0.12319,2.59685,7.57004,3
642.2,0.12319,2.59685,7.57004,3
642.3,0.1232,2.59685,7.57004,3
642.4,0.1232,2.59686,7.57004,3
642.5,0.1232,2.59686,7.57004,3
642.6,0.1232,2.59686,7.57004,3
642.7,0.12321,2.59687,7.57004,3
642.8,0.12321,2.59687,7.57004,3
642.9,0.12321,2.59687,7.57004,3
643,0.12322,2.59688,7.57004,3
643.1,0.12322,2.59689,7.57004,3
643.2,0.12322,2.59689,7.57004,3
643.3,0.12323,2.5969,7.57004,3
643.4,0.12323,2.59691,7.57004,3
643.5,0.12323,2.59691,7.57004,3
643.6,0.12324,2.59692,7.57004,3
643.7,0.12324,2.59693,7.57005,3
643.8,0.12324,2.59693,7.57005,3
643.9,0.12325,2.59694,7.57005,3
644,0.12325,2.59694,7.57005,3
644.1,0.12325,2.59695,7.57005,3
644.2,0.12325,2.59696,7.57005,3
644.3,0.12326,2.59696,7.57005,3
644.4,0.12326,2.59697,7.57005,3
644.5,0.12326,2.59698,7.57005,3
644.6,0.12327,2.59698,7.57005,3
644.7,0.12327,2.59699,7.57005,3
644.8,0.12327,2.59699,7.57005,3
644.9,0.12328,2.597,7.57005,3
645,0.12328,2.597,7.57005,3
645.1,0.12328,2.597,7.57005,3
645.2,0.12329,2.597,7.57005,3
645.3,0.12329,2.597,7.57006,3
645.4,0.12329,2.59701,7.57006,3
645.5,0.1233,2.59701,7.57006,3
645.6,0.1233,2.59701,7.57006,3
645.7,0.1233,2.59701,7.57006,3
645.8,0.12331,2.59701,7.57006,3
645.9,0.12331,2.59701,7.57006,3
646,0.12331,2.59702,7.57006,3
646.1,0.12332,2.59702,7.57006,3
646.2,0.12332,2.59702,7.57006,3
646.3,0.12332,2.59702,7.57006,3
646.4,0.12333,2.59703,7.57006,3
646.5,0.12333,2.59703,7.57006,3
646.6,0.12333,2.59703,7.57006,3
646.7,0.12334,2.59703,7.57006,3
646.8,0.12334,2.59703,7.57006,3
646.9,0.12334,2.59703,7.57006,3
647,0.12334,2.59703,7.57006,3
647.1,0.12335,2.59703,7.57007,3
647.2,0.12335,2.59703,7.57007,3
647.3,0.12335,2.59704,7.57007,3
647.4,0.12336,2.59704,7.57007,3
647.5,0.12336,2.59704,7.57007,3
647.6,0.12336,2.59705,7.57007,3
647.7,0.12337,2.59705,7.57007,3
647.8,0.12337,2.59705,7.57007,3
647.9,0.12337,2.59705,7.57007,3
648,0.12338,2.59706,7.57007,3
648.1,0.12338,2.59706,7.57007,3
648.2,0.12338,2.59706,7.57007,3
648.3,0.12339,2.59706,7.57007,3
648.4,0.12339,2.59706,7.57007,3
648.5,0.12339,2.59706,7.57007,3
648.6,0.1234,2.59706,7.57007,3
648.7,0.1234,2.59706,7.57007,3
648.8,0.1234,2.59706,7.57007,3
648.9,0.12341,2.59706,7.57007,3
649,0.12341,2.59706,7.57007,3
649.1,0.12341,2.59706,7.57007,3
649.2,0.12342,2.59706,7.57007,3
649.3,0.12342,2.59706,7.57007,3
649.4,0.12342,2.59706,7.57007,3
649.5,0.12343,2.59705,7.57007,3
649.6,0.12343,2.59705,7.57007,3
649.7,0.12343,2.59705,7.57007,3
649.8,0.12344,2.59705,7.57007,3
649.9,0.12344,2.59705,7.57007,3
650,0.12344,2.59705,7.57007,3
650.1,0.12345,2.59705,7.57007,3
650.2,0.12345,2.59704,7.57007,3
650.3,0.12345,2.59704,7.57007,3
650.4,0.12346,2.59704,7.57007,3
650.5,0.12346,2.59704,7.57007,3
650.6,0.12346,2.59704,7.57007,3
650.7,0.12346,2.59704,7.57007,3
650.8,0.12347,2.59704,7.57007,3
650.9,0.12347,2.59704,7.57007,3
651,0.12348,2.59704,7.57007,3
651.1,0.12348,2.59704,7.57007,3
651.2,0.12348,2.59704,7.57007,3
651.3,0.12349,2.59704,7.57007,3
651.4,0.12349,2.59704,7.57007,3
651.5,0.12349,2.59704,7.57007,3
651.6,0.1235,2.59705,7.57007,3
651.7,0.1235,2.59705,7.57007,3
651.8,0.1235,2.59706,7.57008,3
651.9,0.1235,2.59706,7.57008,3
652,0.12351,2.59706,7.57008,3
652.1,0.12351,2.59707,7.57008,3
652.2,0.12351,2.59707,7.57008,3
652.3,0.12352,2.59708,7.57008,3
652.4,0.12352,2.59708,7.57008,3
652.5,0.12352,2.59709,7.57008,3
652.6,0.12353,2.59709,7.57008,3
652.7,0.12353,2.5971,7.57008,3
652.8,0.12353,2.5971,7.57008,3
652.9,0.12354,2.59711,7.57008,3
653,0.12354,2.59711,7.57008,3
653.1,0.12354,2.59712,7.57008,3
653.2,0.12355,2.59712,7.57008,3
653.3,0.12355,2.59712,7.57008,3
653.4,0.12355,2.59713,7.57008,3
653.5,0.12356,2.59713,7.57008,3
653.6,0.12356,2.59714,7.57008,3
653.7,0.12356,2.59714,7.57008,3
653.8,0.12357,2.59715,7.57008,3
653.9,0.12357,2.59715,7.57008,3
654,0.12357,2.59716,7.57008,3
654.1,0.12358,2.59716,7.57008,3
654.2,0.12358,2.59717,7.57008,3
654.3,0.12358,2.59717,7.57008,3
654.4,0.12358,2.59718,7.57008,3
654.5,0.12359,2.59718,7.57008,3
654.6,0.12359,2.59718,7.57008,3
654.7,0.12359,2.59719,7.57008,3
654.8,0.1236,2.59719,7.57008,3
654.9,0.1236,2.59719,7.57008,3
655,0.1236,2.5972,7.57008,3
655.1,0.12361,2.5972,7.57008,3
655.2,0.12361,2.59721,7.57008,3
655.3,0.12361,2.59721,7.57008,3
655.4,0.12362,2.59721,7.57008,3
655.5,0.12362,2.59721,7.57008,3
655.6,0.12362,2.59722,7.57008,3
655.7,0.12363,2.59722,7.57008,3
655.8,0.12363,2.59722,7.57008,3
655.9,0.12363,2.59722,7.57008,3
656,0.12364,2.59723,7.57008,3
656.1,0.12364,2.59723,7.57008,3
656.2,0.12364,2.59723,7.57008,3
656.3,0.12364,2.59723,7.57008,3
656.4,0.12365,2.59723,7.57008,3
656.5,0.12365,2.59723,7.57008,3
656.6,0.12365,2.59723,7.57008,3
656.7,0.12366,2.59723,7.57008,3
656.8,0.12366,2.59723,7.57008,3
656.9,0.12366,2.59723,7.57008,3
657,0.12367,2.59723,7.57008,3
657.1,0.12367,2.59723,7.57008,3
657.2,0.12367,2.59723,7.57008,3
657.3,0.12368,2.59723,7.57008,3
657.4,0.12368,2.59723,7.57008,3
657.5,0.12368,2.59723,7.57009,3
657.6,0.12369,2.59723,7.57009,3
657.7,0.12369,2.59723,7.57009,3
657.8,0.12369,2.59723,7.57009,3
657.9,0.1237,2.59723,7.57009,3
658,0.1237,2.59723,7.57009,3
658.1,0.1237,2.59723,7.57009,3
658.2,0.12371,2.59723,7.57009,3
658.3,0.12371,2.59723,7.57009,3
658.4,0.12371,2.59723,7.57009,3
658.5,0.12372,2.59723,7.57009,3
658.6,0.12372,2.59723,7.57009,3
658.7,0.12372,2.59723,7.57009,3
658.8,0.12373,2.59723,7.57009,3
658.9,0.12373,2.59723,7.57009,3
659,0.12373,2.59723,7.57009,3
659.1,0.12374,2.59723,7.57009,3
659.2,0.12374,2.59723,7.57009,3
659.3,0.12374,2.59723,7.57009,3
659.4,0.12375,2.59723,7.57009,3
659.5,0.12375,2.59723,7.57009,3
659.6,0.12375,2.59723,7.57009,3
659.7,0.12376,2.59723,7.57009,3
659.8,0.12376,2.59723,7.57009,3
659.9,0.12376,2.59723,7.57009,3
660,0.12377,2.59723,7.57009,3
660.1,0.12377,2.59723,7.57009,3
660.2,0.12377,2.59723,7.57009,3
660.3,0.12378,2.59723,7.57009,3
660.4,0.12378,2.59723,7.57009,3
660.5,0.12378,2.59723,7.57009,3
660.6,0.12379,2.59723,7.57009,3
660.7,0.12379,2.59723,7.57009,3
660.8,0.12379,2.59724,7.57009,3
660.9,0.1238,2.59724,7.5701,3
661,0.1238,2.59724,7.5701,3
661.1,0.1238,2.59724,7.5701,3
661.2,0.12381,2.59724,7.5701,3
661.3,0.12381,2.59724,7.5701,3
661.4,0.12381,2.59725,7.5701,3
661.5,0.12382,2.59725,7.5701,3
661.6,0.12382,2.59725,7.5701,3
661.7,0.12382,2.59725,7.5701,3
661.8,0.12383,2.59725,7.5701,3
661.9,0.12383,2.59726,7.5701,3
662,0.12383,2.59726,7.5701,3
662.1,0.12384,2.59726,7.5701,3
662.2,0.12384,2.59726,7.5701,3
662.3,0.12384,2.59726,7.5701,3
662.4,0.12385,2.59727,7.5701,3
662.5,0.12385,2.59727,7.5701,3
662.6,0.12385,2.59728,7.5701,3
662.7,0.12386,2.59729,7.5701,3
662.8,0.12386,2.59729,7.5701,3
662.9,0.12386,2.5973,7.5701,3
663,0.12387,2.5973,7.5701,3
663.1,0.12387,2.59731,7.5701,3
663.2,0.12387,2.59731,7.5701,3
663.3,0.12388,2.59732,7.5701,3
663.4,0.12388,2.59732,7.5701,3
663.5,0.12388,2.59733,7.5701,3
663.6,0.12389,2.59733,7.5701,3
663.7,0.12389,2.59734,7.5701,3
663.8,0.12389,2.59734,7.5701,3
663.9,0.1239,2.59734,7.5701,3
664,0.1239,2.59735,7.5701,3
664.1,0.1239,2.59735,7.5701,3
664.2,0.12391,2.59736,7.5701,3
664.3,0.12391,2.59736,7.5701,3
664.4,0.12391,2.59736,7.5701,3
664.5,0.12392,2.59736,7.5701,3
664.6,0.12392,2.59736,7.5701,3
664.7,0.12392,2.59736,7.5701,3
664.8,0.12393,2.59737,7.5701,3
664.9,0.12393,2.59737,7.57009,3
665,0.12393,2.59737,7.57009,3
665.1,0.12394,2.59737,7.57009,3
665.2,0.12394,2.59737,7.57009,3
665.3,0.12394,2.59737,7.57009,3
665.4,0.12395,2.59737,7.57009,3
665.5,0.12395,2.59738,7.57009,3
665.6,0.12395,2.59738,7.57009,3
665.7,0.12396,2.59738,7.57009,3
665.8,0.12396,2.59738,7.57009,3
665.9,0.12396,2.59739,7.57009,3
666,0.12396,2.59739,7.57008,3
666.1,0.12397,2.5974,7.57008,3
666.2,0.12397,2.5974,7.57008,3
666.3,0.12397,2.59741,7.57008,3
666.4,0.12398,2.59741,7.57008,3
666.5,0.12398,2.59742,7.57008,3
666.6,0.12398,2.59742,7.57008,3
666.7,0.12399,2.59743,7.57008,3
666.8,0.12399,2.59743,7.57008,3
666.9,0.12399,2.59744,7.57007,3
667,0.124,2.59744,7.57007,3
667.1,0.124,2.59745,7.57007,3
667.2,0.124,2.59745,7.57007,3
667.3,0.124,2.59745,7.57007,3
667.4,0.12401,2.59745,7.57007,3
667.5,0.12401,2.59745,7.57007,3
667.6,0.12401,2.59746,7.57007,3
667.7,0.12402,2.59746,7.57007,3
667.8,0.12402,2.59746,7.57006,3
667.9,0.12402,2.59747,7.57006,3
668,0.12403,2.59747,7.57006,3
668.1,0.12403,2.59748,7.57006,3
668.2,0.12403,2.59748,7.57006,3
668.3,0.12403,2.59748,7.57006,3
668.4,0.12404,2.59748,7.57006,3
668.5,0.12404,2.59748,7.57006,3
668.6,0.12404,2.59749,7.57006,3
668.7,0.12405,2.59749,7.57006,3
668.8,0.12405,2.59749,7.57005,3
668.9,0.12405,2.59749,7.57005,3
669,0.12405,2.59749,7.57005,3
669.1,0.12406,2.5975,7.57005,3
669.2,0.12406,2.5975,7.57005,3
669.3,0.12406,2.59751,7.57005,3
669.4,0.12407,2.59751,7.57005,3
669.5,0.12407,2.59752,7.57005,3
669.6,0.12407,2.59752,7.57004,3
669.7,0.12408,2.59752,7.57004,3
669.8,0.12408,2.59752,7.57004,3
669.9,0.12408,2.59752,7.57004,3
670,0.12408,2.59753,7.57004,3
670.1,0.12409,2.59753,7.57004,3
670.2,0.12409,2.59753,7.57004,3
670.3,0.12409,2.59753,7.57004,3
670.4,0.1241,2.59753,7.57004,3
670.5,0.1241,2.59753,7.57003,3
670.6,0.1241,2.59753,7.57003,3
670.7,0.12411,2.59754,7.57003,3
670.8,0.12411,2.59754,7.57003,3
670.9,0.12411,2.59755,7.57003,3
671,0.12411,2.59755,7.57003,3
671.1,0.12412,2.59755,7.57003,3
671.2,0.12412,2.59756,7.57003,3
671.3,0.12412,2.59756,7.57003,3
671.4,0.12413,2.59756,7.57003,3
671.5,0.12413,2.59757,7.57003,3
671.6,0.12413,2.59757,7.57002,3
671.7,0.12414,2.59758,7.57002,3
671.8,0.12414,2.59759,7.57002,3
671.9,0.12414,2.59759,7.57002,3
672,0.12415,2.59759,7.57002,3
672.1,0.12415,2.5976,7.57002,3
672.2,0.12415,2.5976,7.57002,3
672.3,0.12416,2.5976,7.57002,3
672.4,0.12416,2.5976,7.57002,3
672.5,0.12416,2.5976,7.57002,3
672.6,0.12416,2.5976,7.57002,3
672.7,0.12417,2.5976,7.57002,3
672.8,0.12417,2.59761,7.57002,3
672.9,0.12417,2.59761,7.57002,3
673,0.12418,2.59761,7.57001,3
673.1,0.12418,2.59762,7.57001,3
673.2,0.12418,2.59763,7.57001,3
673.3,0.12419,2.59763,7.57001,3
673.4,0.12419,2.59764,7.57001,3
673.5,0.12419,2.59764,7.57001,3
673.6,0.1242,2.59764,7.57001,3
673.7,0.1242,2.59765,7.57001,3
673.8,0.1242,2.59765,7.57001,3
673.9,0.12421,2.59765,7.57001,3
674,0.12421,2.59765,7.57001,3
674.1,0.12421,2.59766,7.57001,3
674.2,0.12422,2.59766,7.57001,3
674.3,0.12422,2.59767,7.57,3
674.4,0.12422,2.59767,7.57,3
674.5,0.12423,2.59768,7.57,3
674.6,0.12423,2.59768,7.57,3
674.7,0.12423,2.59769,7.57,3
674.8,0.12424,2.59769,7.57,3
674.9,0.12424,2.59769,7.57,3
675,0.12424,2.59769,7.57,3
675.1,0.12424,2.59769,7.57,3
675.2,0.12425,2.5977,7.57,3
675.3,0.12425,2.5977,7.57,3
675.4,0.12426,2.5977,7.57,3
675.5,0.12426,2.59771,7.56999,3
675.6,0.12426,2.59771,7.56999,3
675.7,0.12427,2.59772,7.56999,3
675.8,0.12427,2.59772,7.56999,3
675.9,0.12427,2.59772,7.56999,3
676,0.12428,2.59773,7.56999,3
676.1,0.12428,2.59773,7.56999,3
676.2,0.12428,2.59773,7.56999,3
676.3,0.12429,2.59773,7.56999,3
676.4,0.12429,2.59774,7.56999,3
676.5,0.12429,2.59774,7.56999,3
676.6,0.1243,2.59775,7.56998,3
676.7,0.1243,2.59775,7.56998,3
676.8,0.1243,2.59776,7.56998,3
676.9,0.12431,2.59776,7.56998,3
677,0.12431,2.59777,7.56998,3
677.1,0.12431,2.59777,7.56998,3
677.2,0.12432,2.59777,7.56998,3
677.3,0.12432,2.59778,7.56998,3
677.4,0.12432,2.59778,7.56998,3
677.5,0.12433,2.59778,7.56998,3
677.6,0.12433,2.59778,7.56998,3
677.7,0.12433,2.59779,7.56998,3
677.8,0.12434,2.59779,7.56998,3
677.9,0.12434,2.59779,7.56998,3
678,0.12434,2.5978,7.56998,3
678.1,0.12435,2.5978,7.56998,3
678.2,0.12435,2.59781,7.56998,3
678.3,0.12435,2.59781,7.56998,3
678.4,0.12436,2.59781,7.56998,3
678.5,0.12436,2.59782,7.56998,3
678.6,0.12436,2.59782,7.56998,3
678.7,0.12437,2.59782,7.56998,3
678.8,0.12437,2.59783,7.56998,3
678.9,0.12437,2.59783,7.56998,3
679,0.12438,2.59784,7.56998,3
679.1,0.12438,2.59784,7.56997,3
679.2,0.12438,2.59784,7.56997,3
679.3,0.12439,2.59785,7.56997,3
679.4,0.12439,2.59785,7.56997,3
679.5,0.12439,2.59785,7.56997,3
679.6,0.1244,2.59785,7.56997,3
679.7,0.1244,2.59785,7.56997,3
679.8,0.1244,2.59786,7.56997,3
679.9,0.12441,2.59786,7.56997,3
680,0.12441,2.59786,7.56997,3
680.1,0.12441,2.59787,7.56997,3
680.2,0.12442,2.59787,7.56997,3
680.3,0.12442,2.59787,7.56997,3
680.4,0.12442,2.59787,7.56997,3
680.5,0.12443,2.59788,7.56997,3
680.6,0.12443,2.59788,7.56997,3
680.7,0.12443,2.59788,7.56997,3
680.8,0.12444,2.59788,7.56997,3
680.9,0.12444,2.59788,7.56997,3
681,0.12445,2.59789,7.56997,3
681.1,0.12445,2.59789,7.56997,3
681.2,0.12445,2.59789,7.56997,3
681.3,0.12446,2.5979,7.56997,3
681.4,0.12446,2.5979,7.56997,3
681.5,0.12446,2.5979,7.56997,3
681.6,0.12447,2.59791,7.56997,3
681.7,0.12447,2.59791,7.56997,3
681.8,0.12447,2.59791,7.56997,3
681.9,0.12448,2.59791,7.56997,3
682,0.12448,2.59791,7.56997,3
682.1,0.12448,2.59792,7.56997,3
682.2,0.12449,2.59792,7.56996,3
682.3,0.12449,2.59792,7.56996,3
682.4,0.12449,2.59793,7.56996,3
682.5,0.1245,2.59794,7.56996,3
682.6,0.1245,2.59794,7.56997,3
682.7,0.1245,2.59794,7.56996,3
682.8,0.12451,2.59795,7.56996,3
682.9,0.12451,2.59795,7.56996,3
683,0.12452,2.59795,7.56996,3
683.1,0.12452,2.59796,7.56996,3
683.2,0.12452,2.59796,7.56996,3
683.3,0.12453,2.59796,7.56996,3
683.4,0.12453,2.59797,7.56996,3
683.5,0.12453,2.59797,7.56996,3
683.6,0.12454,2.59798,7.56996,3
683.7,0.12454,2.59798,7.56996,3
683.8,0.12454,2.59798,7.56996,3
683.9,0.12455,2.59799,7.56996,3
684,0.12455,2.59799,7.56996,3
684.1,0.12455,2.598,7.56996,3
684.2,0.12456,2.598,7.56996,3
684.3,0.12456,2.598,7.56996,3
684.4,0.12457,2.59801,7.56996,3
684.5,0.12457,2.59801,7.56996,3
684.6,0.12457,2.59801,7.56996,3
684.7,0.12458,2.59802,7.56996,3
684.8,0.12458,2.59802,7.56996,3
684.9,0.12458,2.59803,7.56996,3
685,0.12459,2.59803,7.56996,3
685.1,0.12459,2.59804,7.56996,3
685.2,0.12459,2.59804,7.56996,3
685.3,0.1246,2.59805,7.56996,3
685.4,0.1246,2.59805,7.56996,3
685.5,0.1246,2.59805,7.56996,3
685.6,0.12461,2.59806,7.56996,3
685.7,0.12461,2.59806,7.56996,3
685.8,0.12462,2.59807,7.56996,3
685.9,0.12462,2.59807,7.56996,3
686,0.12462,2.59807,7.56996,3
686.1,0.12463,2.59808,7.56996,3
686.2,0.12463,2.59808,7.56996,3
686.3,0.12463,2.59809,7.56996,3
686.4,0.12464,2.59809,7.56996,3
686.5,0.12464,2.5981,7.56996,3
686.6,0.12465,2.5981,7.56996,3
686.7,0.12465,2.5981,7.56996,3
686.8,0.12465,2.59811,7.56996,3
686.9,0.12466,2.59811,7.56996,3
687,0.12466,2.59811,7.56996,3
687.1,0.12466,2.59811,7.56996,3
687.2,0.12467,2.59812,7.56996,3
687.3,0.12467,2.59812,7.56996,3
687.4,0.12468,2.59812,7.56996,3
687.5,0.12468,2.59813,7.56996,3
687.6,0.12468,2.59813,7.56996,3
687.7,0.12469,2.59814,7.56996,3
687.8,0.12469,2.59814,7.56996,3
687.9,0.12469,2.59814,7.56996,3
688,0.1247,2.59815,7.56996,3
688.1,0.1247,2.59815,7.56996,3
688.2,0.1247,2.59815,7.56996,3
688.3,0.12471,2.59816,7.56996,3
688.4,0.12471,2.59816,7.56996,3
688.5,0.12472,2.59817,7.56996,3
688.6,0.12472,2.59817,7.56996,3
688.7,0.12472,2.59817,7.56996,3
688.8,0.12473,2.59818,7.56996,3
688.9,0.12473,2.59818,7.56996,3
689,0.12474,2.59818,7.56996,3
689.1,0.12474,2.59818,7.56996,3
689.2,0.12474,2.59819,7.56996,3
689.3,0.12475,2.59819,7.56996,3
689.4,0.12475,2.59819,7.56996,3
689.5,0.12475,2.59819,7.56996,3
689.6,0.12476,2.59819,7.56996,3
689.7,0.12476,2.5982,7.56996,3
689.8,0.12477,2.5982,7.56996,3
689.9,0.12477,2.5982,7.56996,3
690,0.12477,2.5982,7.56996,3
690.1,0.12478,2.59821,7.56996,3
690.2,0.12478,2.59821,7.56996,3
690.3,0.12478,2.59821,7.56996,3
690.4,0.12479,2.59822,7.56996,3
690.5,0.12479,2.59822,7.56996,3
690.6,0.1248,2.59823,7.56996,3
690.7,0.1248,2.59823,7.56996,3
690.8,0.1248,2.59823,7.56996,3
690.9,0.12481,2.59824,7.56996,3
691,0.12481,2.59824,7.56996,3
691.1,0.12481,2.59825,7.56996,3
691.2,0.12482,2.59825,7.56996,3
691.3,0.12482,2.59826,7.56996,3
691.4,0.12482,2.59826,7.56996,3
691.5,0.12483,2.59827,7.56996,3
691.6,0.12483,2.59827,7.56997,3
691.7,0.12484,2.59828,7.56997,3
691.8,0.12484,2.59829,7.56997,3
691.9,0.12484,2.59829,7.56997,3
692,0.12485,2.5983,7.56997,3
692.1,0.12485,2.59831,7.56997,3
692.2,0.12485,2.59831,7.56997,3
692.3,0.12486,2.59832,7.56997,3
692.4,0.12486,2.59832,7.56997,3
692.5,0.12486,2.59833,7.56997,3
692.6,0.12487,2.59834,7.56997,3
692.7,0.12487,2.59834,7.56997,3
692.8,0.12487,2.59835,7.56997,3
692.9,0.12488,2.59835,7.56997,3
693,0.12488,2.59835,7.56997,3
693.1,0.12489,2.59836,7.56997,3
693.2,0.12489,2.59836,7.56997,3
693.3,0.12489,2.59836,7.56997,3
693.4,0.1249,2.59837,7.56997,3
693.5,0.1249,2.59837,7.56997,3
693.6,0.12491,2.59838,7.56997,3
693.7,0.12491,2.59839,7.56997,3
693.8,0.12491,2.59839,7.56997,3
693.9,0.12492,2.5984,7.56997,3
694,0.12492,2.5984,7.56997,3
694.1,0.12493,2.59841,7.56997,3
694.2,0.12493,2.59841,7.56997,3
694.3,0.12493,2.59842,7.56997,3
694.4,0.12494,2.59842,7.56997,3
694.5,0.12494,2.59843,7.56997,3
694.6,0.12494,2.59843,7.56997,3
694.7,0.12495,2.59844,7.56997,3
694.8,0.12495,2.59844,7.56997,3
694.9,0.12496,2.59845,7.56997,3
695,0.12496,2.59845,7.56997,3
695.1,0.12496,2.59846,7.56997,3
695.2,0.12497,2.59846,7.56997,3
695.3,0.12497,2.59847,7.56997,3
695.4,0.12497,2.59847,7.56996,3
695.5,0.12498,2.59848,7.56996,3
695.6,0.12498,2.59849,7.56996,3
695.7,0.12499,2.59849,7.56996,3
695.8,0.12499,2.5985,7.56996,3
695.9,0.12499,2.5985,7.56996,3
696,0.125,2.59851,7.56996,3
696.1,0.125,2.59852,7.56996,3
696.2,0.125,2.59852,7.56996,3
696.3,0.12501,2.59853,7.56996,3
696.4,0.12501,2.59853,7.56996,3
696.5,0.12502,2.59854,7.56996,3
696.6,0.12502,2.59854,7.56996,3
696.7,0.12502,2.59854,7.56996,3
696.8,0.12503,2.59855,7.56996,3
696.9,0.12503,2.59855,7.56996,3
697,0.12503,2.59856,7.56995,3
697.1,0.12504,2.59856,7.56995,3
697.2,0.12504,2.59856,7.56995,3
697.3,0.12505,2.59857,7.56995,3
697.4,0.12505,2.59857,7.56995,3
697.5,0.12505,2.59857,7.56995,3
697.6,0.12506,2.59858,7.56995,3
697.7,0.12506,2.59858,7.56995,3
697.8,0.12507,2.59858,7.56995,3
697.9,0.12507,2.59859,7.56995,3
698,0.12507,2.59859,7.56994,3
698.1,0.12508,2.59859,7.56994,3
698.2,0.12508,2.59859,7.56994,3
698.3,0.12508,2.5986,7.56994,3
698.4,0.12509,2.5986,7.56994,3
698.5,0.12509,2.59861,7.56994,3
698.6,0.1251,2.59862,7.56994,3
698.7,0.1251,2.59862,7.56994,3
698.8,0.1251,2.59863,7.56994,3
698.9,0.12511,2.59863,7.56993,3
699,0.12511,2.59864,7.56993,3
699.1,0.12511,2.59864,7.56993,3
699.2,0.12512,2.59865,7.56993,3
699.3,0.12512,2.59865,7.56993,3
699.4,0.12512,2.59865,7.56993,3
699.5,0.12513,2.59865,7.56993,3
699.6,0.12513,2.59866,7.56993,3
699.7,0.12513,2.59866,7.56992,3
699.8,0.12514,2.59866,7.56992,3
699.9,0.12514,2.59866,7.56992,3
700,0.12515,2.59867,7.56992,3
700.1,0.12515,2.59867,7.56992,3
700.2,0.12515,2.59867,7.56992,3
700.3,0.12516,2.59867,7.56992,3
700.4,0.12516,2.59868,7.56991,3
700.5,0.12516,2.59868,7.56991,3
700.6,0.12517,2.59868,7.56991,3
700.7,0.12517,2.59868,7.56991,3
700.8,0.12517,2.59868,7.56991,3
700.9,0.12518,2.59869,7.5699,3
701,0.12518,2.5987,7.5699,3
701.1,0.12518,2.5987,7.5699,3
701.2,0.12519,2.59871,7.5699,3
701.3,0.12519,2.59871,7.5699,3
701.4,0.12519,2.59872,7.56989,3
701.5,0.1252,2.59872,7.56989,3
701.6,0.1252,2.59872,7.56989,3
701.7,0.1252,2.59873,7.56989,3
701.8,0.12521,2.59873,7.56989,3
701.9,0.12521,2.59873,7.56988,3
702,0.12521,2.59873,7.56988,3
702.1,0.12522,2.59874,7.56988,3
702.2,0.12522,2.59874,7.56988,3
702.3,0.12522,2.59874,7.56987,3
702.4,0.12523,2.59875,7.56987,3
702.5,0.12523,2.59875,7.56987,3
702.6,0.12523,2.59875,7.56987,3
702.7,0.12524,2.59876,7.56986,3
702.8,0.12524,2.59876,7.56986,3
702.9,0.12524,2.59876,7.56986,3
703,0.12525,2.59876,7.56986,3
703.1,0.12525,2.59877,7.56985,3
703.2,0.12525,2.59877,7.56985,3
703.3,0.12526,2.59877,7.56985,3
703.4,0.12526,2.59878,7.56985,3
703.5,0.12526,2.59878,7.56984,3
703.6,0.12527,2.59879,7.56984,3
703.7,0.12527,2.5988,7.56984,3
703.8,0.12527,2.5988,7.56984,3
703.9,0.12527,2.59881,7.56984,3
704,0.12528,2.59881,7.56983,3
704.1,0.12528,2.59881,7.56983,3
704.2,0.12528,2.59882,7.56983,3
704.3,0.12529,2.59882,7.56983,3
704.4,0.12529,2.59883,7.56982,3
704.5,0.12529,2.59883,7.56982,3
704.6,0.12529,2.59883,7.56982,3
704.7,0.1253,2.59884,7.56982,3
704.8,0.1253,2.59884,7.56981,3
704.9,0.1253,2.59884,7.56981,3
705,0.12531,2.59885,7.56981,3
705.1,0.12531,2.59885,7.56981,3
705.2,0.12531,2.59885,7.5698,3
705.3,0.12532,2.59886,7.5698,3
705.4,0.12532,2.59886,7.5698,3
705.5,0.12532,2.59886,7.5698,3
705.6,0.12532,2.59887,7.56979,3
705.7,0.12533,2.59887,7.56979,3
705.8,0.12533,2.59887,7.56979,3
705.9,0.12533,2.59887,7.56979,3
706,0.12533,2.59887,7.56978,3
706.1,0.12534,2.59887,7.56978,3
706.2,0.12534,2.59888,7.56978,3
706.3,0.12534,2.59888,7.56977,3
706.4,0.12535,2.59889,7.56977,3
706.5,0.12535,2.5989,7.56977,3
706.6,0.12535,2.5989,7.56977,3
706.7,0.12535,2.59891,7.56977,3
706.8,0.12536,2.59891,7.56976,3
706.9,0.12536,2.59892,7.56976,3
707,0.12536,2.59892,7.56976,3
707.1,0.12537,2.59893,7.56976,3
707.2,0.12537,2.59893,7.56975,3
707.3,0.12537,2.59894,7.56975,3
707.4,0.12538,2.59894,7.56975,3
707.5,0.12538,2.59894,7.56975,3
707.6,0.12538,2.59895,7.56974,3
707.7,0.12538,2.59895,7.56974,3
707.8,0.12539,2.59895,7.56974,3
707.9,0.12539,2.59895,7.56974,3
708,0.12539,2.59896,7.56973,3
708.1,0.1254,2.59896,7.56973,3
708.2,0.1254,2.59896,7.56973,3
708.3,0.1254,2.59896,7.56973,3
708.4,0.12541,2.59897,7.56972,3
708.5,0.12541,2.59897,7.56972,3
708.6,0.12541,2.59897,7.56972,3
708.7,0.12541,2.59897,7.56971,3
708.8,0.12542,2.59898,7.56971,3
708.9,0.12542,2.59899,7.56971,3
709,0.12542,2.59899,7.5697,3
709.1,0.12543,2.599,7.5697,3
709.2,0.12543,2.59901,7.5697,3
709.3,0.12543,2.59902,7.56969,3
709.4,0.12543,2.59902,7.56969,3
709.5,0.12544,2.59903,7.56969,3
709.6,0.12544,2.59904,7.56968,3
709.7,0.12544,2.59904,7.56968,3
709.8,0.12545,2.59905,7.56968,3
709.9,0.12545,2.59905,7.56967,3
710,0.12545,2.59905,7.56967,3
710.1,0.12546,2.59906,7.56967,3
710.2,0.12546,2.59906,7.56966,3
710.3,0.12546,2.59906,7.56966,3
710.4,0.12546,2.59907,7.56966,3
710.5,0.12547,2.59907,7.56965,3
710.6,0.12547,2.59907,7.56965,3
710.7,0.12547,2.59908,7.56965,3
710.8,0.12548,2.59908,7.56964,3
710.9,0.12548,2.59908,7.56964,3
711,0.12548,2.59908,7.56963,3
711.1,0.12548,2.59908,7.56963,3
711.2,0.12549,2.59908,7.56963,3
711.3,0.12549,2.59909,7.56962,3
711.4,0.12549,2.59909,7.56962,3
711.5,0.12549,2.59909,7.56961,3
711.6,0.1255,2.59909,7.56961,3
711.7,0.1255,2.59909,7.56961,3
711.8,0.1255,2.5991,7.5696,3
711.9,0.1255,2.5991,7.5696,3
712,0.12551,2.59911,7.5696,3
712.1,0.12551,2.59911,7.56959,3
712.2,0.12551,2.59912,7.56959,3
712.3,0.12551,2.59913,7.56959,3
712.4,0.12552,2.59913,7.56958,3
712.5,0.12552,2.59913,7.56958,3
712.6,0.12552,2.59914,7.56957,3
712.7,0.12552,2.59914,7.56957,3
712.8,0.12553,2.59914,7.56957,3
712.9,0.12553,2.59914,7.56956,3
713,0.12553,2.59914,7.56956,3
713.1,0.12554,2.59914,7.56955,3
713.2,0.12554,2.59915,7.56955,3
713.3,0.12554,2.59915,7.56955,3
713.4,0.12554,2.59915,7.56954,3
713.5,0.12555,2.59915,7.56954,3
713.6,0.12555,2.59916,7.56953,3
713.7,0.12555,2.59916,7.56953,3
713.8,0.12555,2.59916,7.56953,3
713.9,0.12556,2.59917,7.56952,3
714,0.12556,2.59917,7.56952,3
714.1,0.12556,2.59917,7.56951,3
714.2,0.12556,2.59918,7.56951,3
714.3,0.12557,2.59918,7.5695,3
714.4,0.12557,2.59918,7.5695,3
714.5,0.12557,2.59919,7.5695,3
714.6,0.12557,2.59919,7.56949,3
714.7,0.12558,2.59919,7.56949,3
714.8,0.12558,2.59919,7.56948,3
714.9,0.12558,2.5992,7.56948,3
715,0.12558,2.5992,7.56947,3
715.1,0.12559,2.5992,7.56947,3
715.2,0.12559,2.59921,7.56947,3
715.3,0.12559,2.59921,7.56946,3
715.4,0.12559,2.59921,7.56946,3
715.5,0.1256,2.59921,7.56946,3
715.6,0.1256,2.59922,7.56945,3
715.7,0.1256,2.59922,7.56945,3
715.8,0.1256,2.59922,7.56944,3
715.9,0.1256,2.59922,7.56944,3
716,0.12561,2.59923,7.56943,3
716.1,0.12561,2.59923,7.56943,3
716.2,0.12561,2.59923,7.56943,3
716.3,0.12561,2.59924,7.56942,3
716.4,0.12562,2.59924,7.56942,3
716.5,0.12562,2.59925,7.56941,3
716.6,0.12562,2.59925,7.56941,3
716.7,0.12562,2.59926,7.5694,3
716.8,0.12563,2.59927,7.5694,3
716.9,0.12563,2.59928,7.56939,3
717,0.12563,2.59929,7.56939,3
717.1,0.12563,2.59929,7.56939,3
717.2,0.12563,2.5993,7.56938,3
717.3,0.12564,2.59931,7.56938,3
717.4,0.12564,2.59931,7.56937,3
717.5,0.12564,2.59932,7.56937,3
717.6,0.12564,2.59932,7.56937,3
717.7,0.12565,2.59933,7.56936,3
717.8,0.12565,2.59933,7.56936,3
717.9,0.12565,2.59934,7.56935,3
718,0.12566,2.59934,7.56935,3
718.1,0.12566,2.59935,7.56934,3
718.2,0.12566,2.59935,7.56934,3
718.3,0.12566,2.59936,7.56933,3
718.4,0.12566,2.59936,7.56933,3
718.5,0.12567,2.59937,7.56932,3
718.6,0.12567,2.59937,7.56932,3
718.7,0.12567,2.59938,7.56931,3
718.8,0.12567,2.59938,7.56931,3
718.9,0.12568,2.59938,7.5693,3
719,0.12568,2.59939,7.5693,3
719.1,0.12568,2.59939,7.56929,3
719.2,0.12568,2.59939,7.56929,3
719.3,0.12569,2.59939,7.56928,3
719.4,0.12569,2.5994,7.56928,3
719.5,0.12569,2.5994,7.56927,3
719.6,0.12569,2.5994,7.56927,3
719.7,0.12569,2.5994,7.56927,3
719.8,0.1257,2.59941,7.56926,3
719.9,0.1257,2.59942,7.56926,3
720,0.1257,2.59943,7.56925,3
720.1,0.1257,2.59944,7.56925,3
720.2,0.12571,2.59944,7.56924,3
720.3,0.12571,2.59945,7.56924,3
720.4,0.12571,2.59946,7.56923,3
720.5,0.12571,2.59946,7.56923,3
720.6,0.12572,2.59947,7.56923,3
720.7,0.12572,2.59947,7.56922,3
720.8,0.12572,2.59948,7.56922,3
720.9,0.12572,2.59948,7.56921,3
721,0.12572,2.59948,7.56921,3
721.1,0.12573,2.59949,7.5692,3
721.2,0.12573,2.59949,7.5692,3
721.3,0.12573,2.5995,7.56919,3
721.4,0.12573,2.59951,7.56919,3
721.5,0.12573,2.59951,7.56918,3
721.6,0.12574,2.59952,7.56918,3
721.7,0.12574,2.59952,7.56917,3
721.8,0.12574,2.59953,7.56917,3
721.9,0.12574,2.59954,7.56916,3
722,0.12575,2.59954,7.56916,3
722.1,0.12575,2.59954,7.56916,3
722.2,0.12575,2.59955,7.56915,3
722.3,0.12575,2.59955,7.56915,3
722.4,0.12576,2.59956,7.56914,3
722.5,0.12576,2.59956,7.56914,3
722.6,0.12576,2.59957,7.56913,3
722.7,0.12576,2.59957,7.56913,3
722.8,0.12576,2.59958,7.56912,3
722.9,0.12577,2.59958,7.56912,3
723,0.12577,2.59959,7.56911,3
723.1,0.12577,2.5996,7.56911,3
723.2,0.12577,2.59961,7.56911,3
723.3,0.12578,2.59962,7.5691,3
723.4,0.12578,2.59962,7.5691,3
723.5,0.12578,2.59963,7.56909,3
723.6,0.12578,2.59964,7.56909,3
723.7,0.12578,2.59964,7.56908,3
723.8,0.12579,2.59965,7.56908,3
723.9,0.12579,2.59966,7.56907,3
724,0.12579,2.59966,7.56907,3
724.1,0.12579,2.59966,7.56906,3
724.2,0.1258,2.59967,7.56906,3
724.3,0.1258,2.59967,7.56905,3
724.4,0.1258,2.59968,7.56905,3
724.5,0.1258,2.59968,7.56904,3
724.6,0.12581,2.59969,7.56904,3
724.7,0.12581,2.59969,7.56904,3
724.8,0.12581,2.5997,7.56903,3
724.9,0.12581,2.5997,7.56903,3
725,0.12581,2.59971,7.56902,3
725.1,0.12582,2.59972,7.56902,3
725.2,0.12582,2.59972,7.56901,3
725.3,0.12582,2.59972,7.56901,3
725.4,0.12582,2.59973,7.569,3
725.5,0.12583,2.59973,7.569,3
725.6,0.12583,2.59974,7.56899,3
725.7,0.12583,2.59974,7.56899,3
725.8,0.12583,2.59975,7.56898,3
725.9,0.12583,2.59975,7.56898,3
726,0.12584,2.59976,7.56897,3
726.1,0.12584,2.59976,7.56897,3
726.2,0.12584,2.59977,7.56896,3
726.3,0.12584,2.59977,7.56896,3
726.4,0.12584,2.59978,7.56896,3
726.5,0.12585,2.59978,7.56895,3
726.6,0.12585,2.59979,7.56895,3
726.7,0.12585,2.59979,7.56894,3
726.8,0.12585,2.5998,7.56894,3
726.9,0.12586,2.5998,7.56893,3
727,0.12586,2.59981,7.56893,3
727.1,0.12586,2.59981,7.56892,3
727.2,0.12586,2.59982,7.56892,3
727.3,0.12586,2.59982,7.56891,3
727.4,0.12587,2.59982,7.56891,3
727.5,0.12587,2.59983,7.5689,3
727.6,0.12587,2.59983,7.5689,3
727.7,0.12587,2.59983,7.56889,3
727.8,0.12587,2.59984,7.56889,3
727.9,0.12588,2.59984,7.56888,3
728,0.12588,2.59985,7.56888,3
728.1,0.12588,2.59986,7.56887,3
728.2,0.12588,2.59987,7.56887,3
728.3,0.12588,2.59988,7.56886,3
728.4,0.12589,2.59989,7.56886,3
728.5,0.12589,2.59989,7.56885,3
728.6,0.12589,2.5999,7.56885,3
728.7,0.12589,2.59991,7.56884,3
728.8,0.12589,2.59991,7.56884,3
728.9,0.1259,2.59991,7.56883,3
729,0.1259,2.59992,7.56883,3
729.1,0.1259,2.59992,7.56882,3
729.2,0.1259,2.59992,7.56882,3
729.3,0.1259,2.59993,7.56881,3
729.4,0.12591,2.59993,7.56881,3
729.5,0.12591,2.59994,7.5688,3
729.6,0.12591,2.59994,7.5688,3
729.7,0.12591,2.59995,7.56879,3
729.8,0.12591,2.59995,7.56879,3
729.9,0.12592,2.59996,7.56878,3
730,0.12592,2.59996,7.56878,3
730.1,0.12592,2.59997,7.56877,3
730.2,0.12592,2.59997,7.56877,3
730.3,0.12592,2.59998,7.56876,3
730.4,0.12593,2.59998,7.56876,3
730.5,0.12593,2.59999,7.56875,3
730.6,0.12593,2.59999,7.56875,3
730.7,0.12593,2.6,7.56874,3
730.8,0.12593,2.60001,7.56874,3
730.9,0.12594,2.60001,7.56873,3
731,0.12594,2.60002,7.56873,3
731.1,0.12594,2.60003,7.56873,3
731.2,0.12594,2.60003,7.56872,3
731.3,0.12594,2.60004,7.56872,3
731.4,0.12594,2.60004,7.56871,3
731.5,0.12595,2.60005,7.56871,3
731.6,0.12595,2.60005,7.5687,3
731.7,0.12595,2.60005,7.5687,3
731.8,0.12595,2.60005,7.56869,3
731.9,0.12595,2.60006,7.56869,3
732,0.12596,2.60006,7.56868,3
732.1,0.12596,2.60006,7.56868,3
732.2,0.12596,2.60007,7.56867,3
732.3,0.12596,2.60007,7.56867,3
732.4,0.12596,2.60007,7.56866,3
732.5,0.12597,2.60008,7.56866,3
732.6,0.12597,2.60008,7.56865,3
732.7,0.12597,2.60008,7.56865,3
732.8,0.12597,2.60009,7.56864,3
732.9,0.12597,2.60009,7.56864,3
733,0.12598,2.6001,7.56863,3
733.1,0.12598,2.6001,7.56863,3
733.2,0.12598,2.60011,7.56862,3
733.3,0.12598,2.60011,7.56862,3
733.4,0.12598,2.60012,7.56861,3
733.5,0.12599,2.60012,7.56861,3
733.6,0.12599,2.60012,7.5686,3
733.7,0.12599,2.60012,7.5686,3
733.8,0.12599,2.60013,7.56859,3
733.9,0.12599,2.60013,7.56859,3
734,0.126,2.60013,7.56858,3
734.1,0.126,2.60013,7.56858,3
734.2,0.126,2.60014,7.56857,3
734.3,0.126,2.60014,7.56857,3
734.4,0.126,2.60014,7.56856,3
734.5,0.126,2.60014,7.56856,3
734.6,0.12601,2.60015,7.56855,3
734.7,0.12601,2.60015,7.56855,3
734.8,0.12601,2.60016,7.56854,3
734.9,0.12601,2.60016,7.56854,3
735,0.12601,2.60017,7.56853,3
735.1,0.12602,2.60018,7.56853,3
735.2,0.12602,2.60019,7.56852,3
735.3,0.12602,2.6002,7.56851,3
735.4,0.12602,2.6002,7.56851,3
735.5,0.12602,2.60021,7.5685,3
735.6,0.12603,2.60022,7.5685,3
735.7,0.12603,2.60022,7.56849,3
735.8,0.12603,2.60022,7.56849,3
735.9,0.12603,2.60022,7.56848,3
736,0.12603,2.60023,7.56848,3
736.1,0.12604,2.60023,7.56847,3
736.2,0.12604,2.60023,7.56847,3
736.3,0.12604,2.60023,7.56846,3
736.4,0.12604,2.60024,7.56846,3
736.5,0.12604,2.60024,7.56845,3
736.6,0.12604,2.60024,7.56845,3
736.7,0.12605,2.60024,7.56844,3
736.8,0.12605,2.60024,7.56844,3
736.9,0.12605,2.60024,7.56843,3
737,0.12605,2.60025,7.56843,3
737.1,0.12605,2.60025,7.56842,3
737.2,0.12605,2.60025,7.56841,3
737.3,0.12606,2.60025,7.56841,3
737.4,0.12606,2.60025,7.5684,3
737.5,0.12606,2.60026,7.5684,3
737.6,0.12606,2.60026,7.56839,3
737.7,0.12606,2.60026,7.56839,3
737.8,0.12606,2.60026,7.56838,3
737.9,0.12607,2.60027,7.56838,3
738,0.12607,2.60027,7.56837,3
738.1,0.12607,2.60027,7.56837,3
738.2,0.12607,2.60028,7.56836,3
738.3,0.12607,2.60029,7.56835,3
738.4,0.12607,2.60029,7.56835,3
738.5,0.12608,2.6003,7.56834,3
738.6,0.12608,2.6003,7.56834,3
738.7,0.12608,2.60031,7.56833,3
738.8,0.12608,2.60031,7.56833,3
738.9,0.12608,2.60031,7.56832,3
739,0.12609,2.60031,7.56832,3
739.1,0.12609,2.60032,7.56831,3
739.2,0.12609,2.60032,7.56831,3
739.3,0.12609,2.60032,7.5683,3
739.4,0.12609,2.60032,7.56829,3
739.5,0.1261,2.60032,7.56829,3
739.6,0.1261,2.60032,7.56828,3
739.7,0.1261,2.60032,7.56828,3
739.8,0.1261,2.60032,7.56827,3
739.9,0.1261,2.60032,7.56827,3
740,0.12611,2.60032,7.56826,3
740.1,0.12611,2.60032,7.56825,3
740.2,0.12611,2.60032,7.56825,3
740.3,0.12611,2.60032,7.56824,3
740.4,0.12611,2.60032,7.56824,3
740.5,0.12612,2.60032,7.56823,3
740.6,0.12612,2.60032,7.56823,3
740.7,0.12612,2.60032,7.56822,3
740.8,0.12612,2.60032,7.56821,3
740.9,0.12612,2.60032,7.56821,3
741,0.12613,2.60033,7.5682,3
741.1,0.12613,2.60033,7.5682,3
741.2,0.12613,2.60034,7.56819,3
741.3,0.12613,2.60035,7.56819,3
741.4,0.12613,2.60035,7.56818,3
741.5,0.12614,2.60036,7.56817,3
741.6,0.12614,2.60036,7.56817,3
741.7,0.12614,2.60036,7.56816,3
741.8,0.12614,2.60037,7.56816,3
741.9,0.12614,2.60037,7.56815,3
742,0.12614,2.60037,7.56814,3
742.1,0.12615,2.60037,7.56814,3
742.2,0.12615,2.60037,7.56813,3
742.3,0.12615,2.60037,7.56812,3
742.4,0.12615,2.60037,7.56812,3
742.5,0.12615,2.60037,7.56811,3
742.6,0.12616,2.60037,7.56811,3
742.7,0.12616,2.60037,7.5681,3
742.8,0.12616,2.60036,7.56809,3
742.9,0.12616,2.60036,7.56809,3
743,0.12616,2.60036,7.56808,3
743.1,0.12617,2.60036,7.56807,3
743.2,0.12617,2.60036,7.56807,3
743.3,0.12617,2.60036,7.56806,3
743.4,0.12617,2.60036,7.56806,3
743.5,0.12617,2.60036,7.56805,3
743.6,0.12617,2.60036,7.56804,3
743.7,0.12618,2.60037,7.56804,3
743.8,0.12618,2.60037,7.56803,3
743.9,0.12618,2.60038,7.56803,3
744,0.12618,2.60038,7.56802,3
744.1,0.12618,2.60039,7.56801,3
744.2,0.12619,2.6004,7.56801,3
744.3,0.12619,2.6004,7.568,3
744.4,0.12619,2.60041,7.568,3
744.5,0.12619,2.60041,7.56799,3
744.6,0.12619,2.60042,7.56798,3
744.7,0.12619,2.60042,7.56798,3
744.8,0.1262,2.60043,7.56797,3
744.9,0.1262,2.60043,7.56797,3
745,0.1262,2.60043,7.56796,3
745.1,0.1262,2.60043,7.56795,3
745.2,0.1262,2.60043,7.56795,3
745.3,0.1262,2.60044,7.56794,3
745.4,0.1262,2.60044,7.56794,3
745.5,0.12621,2.60044,7.56793,3
745.6,0.12621,2.60044,7.56792,3
745.7,0.12621,2.60044,7.56792,3
745.8,0.12621,2.60044,7.56791,3
745.9,0.12621,2.60044,7.56791,3
746,0.12621,2.60044,7.5679,3
746.1,0.12622,2.60044,7.56789,3
746.2,0.12622,2.60044,7.56789,3
746.3,0.12622,2.60044,7.56788,3
746.4,0.12622,2.60044,7.56787,3
746.5,0.12622,2.60044,7.56787,3
746.6,0.12623,2.60044,7.56786,3
746.7,0.12623,2.60044,7.56786,3
746.8,0.12623,2.60044,7.56785,3
746.9,0.12623,2.60044,7.56784,3
747,0.12623,2.60044,7.56784,3
747.1,0.12624,2.60044,7.56783,3
747.2,0.12624,2.60044,7.56782,3
747.3,0.12624,2.60045,7.56782,3
747.4,0.12624,2.60045,7.56781,3
747.5,0.12624,2.60045,7.5678,3
747.6,0.12625,2.60045,7.5678,3
747.7,0.12625,2.60045,7.56779,3
747.8,0.12625,2.60046,7.56778,3
747.9,0.12625,2.60046,7.56778,3
748,0.12625,2.60047,7.56777,3
748.1,0.12625,2.60047,7.56777,3
748.2,0.12626,2.60047,7.56776,3
748.3,0.12626,2.60048,7.56775,3
748.4,0.12626,2.60049,7.56775,3
748.5,0.12626,2.60049,7.56774,3
748.6,0.12626,2.6005,7.56773,3
748.7,0.12627,2.6005,7.56773,3
748.8,0.12627,2.60051,7.56772,3
748.9,0.12627,2.60051,7.56771,3
749,0.12627,2.60052,7.56771,3
749.1,0.12627,2.60052,7.5677,3
749.2,0.12627,2.60052,7.5677,3
749.3,0.12628,2.60053,7.56769,3
749.4,0.12628,2.60053,7.56768,3
749.5,0.12628,2.60053,7.56768,3
749.6,0.12628,2.60053,7.56767,3
749.7,0.12628,2.60053,7.56766,3
749.8,0.12629,2.60053,7.56766,3
749.9,0.12629,2.60053,7.56765,3
750,0.12629,2.60053,7.56765,3
750.1,0.12629,2.60053,7.56764,3
750.2,0.12629,2.60053,7.56763,3
750.3,0.1263,2.60053,7.56763,3
750.4,0.1263,2.60053,7.56762,3
750.5,0.1263,2.60053,7.56761,3
750.6,0.1263,2.60053,7.56761,3
750.7,0.1263,2.60053,7.5676,3
750.8,0.12631,2.60053,7.56759,3
750.9,0.12631,2.60053,7.56759,3
751,0.12631,2.60053,7.56758,3
751.1,0.12631,2.60054,7.56758,3
751.2,0.12631,2.60054,7.56757,3
751.3,0.12631,2.60054,7.56756,3
751.4,0.12632,2.60054,7.56756,3
751.5,0.12632,2.60054,7.56755,3
751.6,0.12632,2.60054,7.56754,3
751.7,0.12632,2.60055,7.56754,3
751.8,0.12632,2.60055,7.56753,3
751.9,0.12632,2.60055,7.56752,3
752,0.12633,2.60056,7.56752,3
752.1,0.12633,2.60056,7.56751,3
752.2,0.12633,2.60056,7.5675,3
752.3,0.12633,2.60057,7.5675,3
752.4,0.12633,2.60057,7.56749,3
752.5,0.12633,2.60058,7.56748,3
752.6,0.12633,2.60058,7.56748,3
752.7,0.12634,2.60058,7.56747,3
752.8,0.12634,2.60058,7.56746,3
752.9,0.12634,2.60058,7.56746,3
753,0.12634,2.60058,7.56745,3
753.1,0.12634,2.60058,7.56744,3
753.2,0.12634,2.60058,7.56744,3
753.3,0.12635,2.60058,7.56743,3
753.4,0.12635,2.60058,7.56742,3
753.5,0.12635,2.60058,7.56742,3
753.6,0.12635,2.60058,7.56741,3
753.7,0.12635,2.60058,7.5674,3
753.8,0.12636,2.60058,7.5674,3
753.9,0.12636,2.60058,7.56739,3
754,0.12636,2.60057,7.56738,3
754.1,0.12636,2.60057,7.56738,3
754.2,0.12636,2.60057,7.56737,3
754.3,0.12636,2.60057,7.56736,3
754.4,0.12637,2.60057,7.56735,3
754.5,0.12637,2.60057,7.56735,3
754.6,0.12637,2.60057,7.56734,3
754.7,0.12637,2.60057,7.56733,3
754.8,0.12637,2.60057,7.56733,3
754.9,0.12637,2.60057,7.56732,3
755,0.12638,2.60057,7.56731,3
755.1,0.12638,2.60058,7.56731,3
755.2,0.12638,2.60058,7.5673,3
755.3,0.12638,2.60058,7.56729,3
755.4,0.12638,2.60059,7.56729,3
755.5,0.12638,2.60059,7.56728,3
755.6,0.12639,2.60059,7.56727,3
755.7,0.12639,2.60059,7.56726,3
755.8,0.12639,2.6006,7.56726,3
755.9,0.12639,2.6006,7.56725,3
756,0.12639,2.6006,7.56724,3
756.1,0.12639,2.6006,7.56724,3
756.2,0.1264,2.6006,7.56723,3
756.3,0.1264,2.6006,7.56722,3
756.4,0.1264,2.6006,7.56722,3
756.5,0.1264,2.6006,7.56721,3
756.6,0.1264,2.6006,7.5672,3
756.7,0.1264,2.6006,7.5672,3
756.8,0.12641,2.6006,7.56719,3
756.9,0.12641,2.6006,7.56718,3
757,0.12641,2.6006,7.56718,3
757.1,0.12641,2.6006,7.56717,3
757.2,0.12641,2.6006,7.56716,3
757.3,0.12641,2.6006,7.56716,3
757.4,0.12642,2.60059,7.56715,3
757.5,0.12642,2.60059,7.56714,3
757.6,0.12642,2.60059,7.56713,3
757.7,0.12642,2.60059,7.56713,3
757.8,0.12642,2.60059,7.56712,3
757.9,0.12643,2.60059,7.56711,3
758,0.12643,2.60059,7.56711,3
758.1,0.12643,2.60059,7.5671,3
758.2,0.12643,2.6006,7.56709,3
758.3,0.12643,2.6006,7.56709,3
758.4,0.12643,2.60061,7.56708,3
758.5,0.12644,2.60061,7.56707,3
758.6,0.12644,2.60061,7.56707,3
758.7,0.12644,2.60062,7.56706,3
758.8,0.12644,2.60062,7.56706,3
758.9,0.12644,2.60062,7.56705,3
759,0.12645,2.60062,7.56704,3
759.1,0.12645,2.60062,7.56704,3
759.2,0.12645,2.60062,7.56703,3
759.3,0.12645,2.60062,7.56702,3
759.4,0.12645,2.60062,7.56702,3
759.5,0.12646,2.60062,7.56701,3
759.6,0.12646,2.60062,7.567,3
759.7,0.12646,2.60062,7.567,3
759.8,0.12646,2.60062,7.56699,3
759.9,0.12646,2.60062,7.56698,3
760,0.12647,2.60062,7.56698,3
760.1,0.12647,2.60062,7.56697,3
760.2,0.12647,2.60062,7.56696,3
760.3,0.12647,2.60062,7.56696,3
760.4,0.12647,2.60061,7.56695,3
760.5,0.12648,2.60061,7.56695,3
760.6,0.12648,2.60061,7.56694,3
760.7,0.12648,2.60061,7.56693,3
760.8,0.12648,2.60061,7.56693,3
760.9,0.12648,2.60061,7.56692,3
761,0.12649,2.60061,7.56691,3
761.1,0.12649,2.60062,7.56691,3
761.2,0.12649,2.60062,7.5669,3
761.3,0.12649,2.60063,7.56689,3
761.4,0.12649,2.60063,7.56689,3
761.5,0.1265,2.60064,7.56688,3
761.6,0.1265,2.60064,7.56687,3
761.7,0.1265,2.60064,7.56687,3
761.8,0.1265,2.60065,7.56686,3
761.9,0.1265,2.60065,7.56685,3
762,0.12651,2.60066,7.56685,3
762.1,0.12651,2.60066,7.56684,3
762.2,0.12651,2.60066,7.56683,3
762.3,0.12651,2.60067,7.56683,3
762.4,0.12652,2.60067,7.56682,3
762.5,0.12652,2.60067,7.56681,3
762.6,0.12652,2.60067,7.56681,3
762.7,0.12652,2.60067,7.5668,3
762.8,0.12653,2.60067,7.56679,3
762.9,0.12653,2.60067,7.56679,3
763,0.12653,2.60067,7.56678,3
763.1,0.12653,2.60067,7.56677,3
763.2,0.12654,2.60067,7.56677,3
763.3,0.12654,2.60067,7.56676,3
763.4,0.12654,2.60067,7.56675,3
763.5,0.12654,2.60067,7.56675,3
763.6,0.12654,2.60068,7.56674,3
763.7,0.12655,2.60068,7.56673,3
763.8,0.12655,2.60068,7.56673,3
763.9,0.12655,2.60068,7.56672,3
764,0.12655,2.60069,7.56671,3
764.1,0.12656,2.60069,7.56671,3
764.2,0.12656,2.60069,7.5667,3
764.3,0.12656,2.6007,7.56669,3
764.4,0.12656,2.6007,7.56669,3
764.5,0.12656,2.6007,7.56668,3
764.6,0.12657,2.60071,7.56667,3
764.7,0.12657,2.60071,7.56667,3
764.8,0.12657,2.60071,7.56666,3
764.9,0.12657,2.60072,7.56665,3
765,0.12658,2.60072,7.56665,3
765.1,0.12658,2.60072,7.56664,3
765.2,0.12658,2.60072,7.56663,3
765.3,0.12658,2.60073,7.56663,3
765.4,0.12658,2.60073,7.56662,3
765.5,0.12659,2.60074,7.56661,3
765.6,0.12659,2.60074,7.56661,3
765.7,0.12659,2.60075,7.5666,3
765.8,0.12659,2.60076,7.5666,3
765.9,0.1266,2.60076,7.56659,3
766,0.1266,2.60077,7.56658,3
766.1,0.1266,2.60077,7.56658,3
766.2,0.1266,2.60078,7.56657,3
766.3,0.12661,2.60078,7.56656,3
766.4,0.12661,2.60079,7.56656,3
766.5,0.12661,2.60079,7.56655,3
766.6,0.12661,2.6008,7.56655,3
766.7,0.12662,2.6008,7.56654,3
766.8,0.12662,2.60081,7.56653,3
766.9,0.12662,2.60081,7.56653,3
767,0.12662,2.60082,7.56652,3
767.1,0.12663,2.60082,7.56651,3
767.2,0.12663,2.60083,7.56651,3
767.3,0.12663,2.60083,7.5665,3
767.4,0.12663,2.60084,7.56649,3
767.5,0.12664,2.60084,7.56649,3
767.6,0.12664,2.60084,7.56648,3
767.7,0.12664,2.60084,7.56647,3
767.8,0.12664,2.60084,7.56647,3
767.9,0.12665,2.60084,7.56646,3
768,0.12665,2.60084,7.56646,3
768.1,0.12665,2.60085,7.56645,3
768.2,0.12665,2.60085,7.56644,3
768.3,0.12666,2.60085,7.56644,3
768.4,0.12666,2.60085,7.56643,3
768.5,0.12666,2.60085,7.56642,3
768.6,0.12666,2.60086,7.56642,3
768.7,0.12667,2.60086,7.56641,3
768.8,0.12667,2.60087,7.56641,3
768.9,0.12667,2.60087,7.5664,3
769,0.12667,2.60088,7.56639,3
769.1,0.12667,2.60088,7.56639,3
769.2,0.12668,2.60088,7.56638,3
769.3,0.12668,2.60089,7.56637,3
769.4,0.12668,2.60089,7.56637,3
769.5,0.12668,2.60089,7.56636,3
769.6,0.12669,2.60089,7.56635,3
769.7,0.12669,2.6009,7.56635,3
769.8,0.12669,2.6009,7.56634,3
769.9,0.1267,2.60091,7.56633,3
770,0.1267,2.60091,7.56633,3
770.1,0.1267,2.60091,7.56632,3
770.2,0.1267,2.60092,7.56631,3
770.3,0.12671,2.60092,7.56631,3
770.4,0.12671,2.60093,7.5663,3
770.5,0.12671,2.60093,7.56629,3
770.6,0.12671,2.60093,7.56629,3
770.7,0.12672,2.60094,7.56628,3
770.8,0.12672,2.60094,7.56627,3
770.9,0.12672,2.60095,7.56627,3
771,0.12672,2.60095,7.56626,3
771.1,0.12673,2.60096,7.56626,3
771.2,0.12673,2.60096,7.56625,3
771.3,0.12673,2.60096,7.56624,3
771.4,0.12673,2.60097,7.56624,3
771.5,0.12674,2.60097,7.56623,3
771.6,0.12674,2.60098,7.56623,3
771.7,0.12674,2.60099,7.56622,3
771.8,0.12674,2.60099,7.56621,3
771.9,0.12675,2.601,7.56621,3
772,0.12675,2.601,7.5662,3
772.1,0.12675,2.601,7.5662,3
772.2,0.12675,2.60101,7.56619,3
772.3,0.12676,2.60101,7.56618,3
772.4,0.12676,2.60102,7.56618,3
772.5,0.12676,2.60102,7.56617,3
772.6,0.12676,2.60103,7.56617,3
772.7,0.12677,2.60103,7.56616,3
772.8,0.12677,2.60103,7.56615,3
772.9,0.12677,2.60103,7.56615,3
773,0.12677,2.60103,7.56614,3
773.1,0.12678,2.60103,7.56614,3
773.2,0.12678,2.60103,7.56613,3
773.3,0.12678,2.60103,7.56612,3
773.4,0.12679,2.60103,7.56612,3
773.5,0.12679,2.60104,7.56611,3
773.6,0.12679,2.60104,7.5661,3
773.7,0.12679,2.60104,7.5661,3
773.8,0.1268,2.60105,7.56609,3
773.9,0.1268,2.60105,7.56609,3
774,0.1268,2.60105,7.56608,3
774.1,0.12681,2.60106,7.56607,3
774.2,0.12681,2.60106,7.56607,3
774.3,0.12681,2.60107,7.56606,3
774.4,0.12681,2.60107,7.56605,3
774.5,0.12682,2.60107,7.56605,3
774.6,0.12682,2.60107,7.56604,3
774.7,0.12682,2.60107,7.56604,3
774.8,0.12683,2.60107,7.56603,3
774.9,0.12683,2.60107,7.56602,3
775,0.12683,2.60107,7.56602,3
775.1,0.12683,2.60108,7.56601,3
775.2,0.12684,2.60108,7.56601,3
775.3,0.12684,2.60108,7.566,3
775.4,0.12684,2.60109,7.56599,3
775.5,0.12685,2.60109,7.56599,3
775.6,0.12685,2.60109,7.56598,3
775.7,0.12685,2.6011,7.56597,3
775.8,0.12685,2.6011,7.56597,3
775.9,0.12686,2.6011,7.56596,3
776,0.12686,2.6011,7.56596,3
776.1,0.12686,2.6011,7.56595,3
776.2,0.12687,2.6011,7.56594,3
776.3,0.12687,2.60111,7.56594,3
776.4,0.12687,2.60111,7.56593,3
776.5,0.12688,2.60112,7.56593,3
776.6,0.12688,2.60113,7.56592,3
776.7,0.12688,2.60113,7.56591,3
776.8,0.12688,2.60114,7.56591,3
776.9,0.12689,2.60115,7.5659,3
777,0.12689,2.60115,7.5659,3
777.1,0.12689,2.60115,7.56589,3
777.2,0.1269,2.60116,7.56588,3
777.3,0.1269,2.60116,7.56588,3
777.4,0.1269,2.60117,7.56587,3
777.5,0.12691,2.60118,7.56587,3
777.6,0.12691,2.60118,7.56586,3
777.7,0.12691,2.60118,7.56585,3
777.8,0.12692,2.60118,7.56585,3
777.9,0.12692,2.60118,7.56584,3
778,0.12692,2.60118,7.56584,3
778.1,0.12692,2.60118,7.56583,3
778.2,0.12693,2.60118,7.56583,3
778.3,0.12693,2.60118,7.56582,3
778.4,0.12693,2.60118,7.56581,3
778.5,0.12694,2.60118,7.56581,3
778.6,0.12694,2.60119,7.5658,3
778.7,0.12694,2.60119,7.5658,3
778.8,0.12695,2.60119,7.56579,3
778.9,0.12695,2.6012,7.56578,3
779,0.12695,2.6012,7.56578,3
779.1,0.12696,2.6012,7.56577,3
779.2,0.12696,2.6012,7.56577,3
779.3,0.12696,2.6012,7.56576,3
779.4,0.12696,2.6012,7.56576,3
779.5,0.12697,2.6012,7.56575,3
779.6,0.12697,2.60121,7.56574,3
779.7,0.12697,2.60121,7.56574,3
779.8,0.12698,2.60122,7.56573,3
779.9,0.12698,2.60122,7.56573,3
780,0.12698,2.60123,7.56572,3
780.1,0.12699,2.60123,7.56572,3
780.2,0.12699,2.60124,7.56571,3
780.3,0.12699,2.60124,7.5657,3
780.4,0.127,2.60125,7.5657,3
780.5,0.127,2.60125,7.56569,3
780.6,0.127,2.60126,7.56569,3
780.7,0.12701,2.60126,7.56568,3
780.8,0.12701,2.60127,7.56568,3
780.9,0.12701,2.60127,7.56567,3
781,0.12702,2.60127,7.56566,3
781.1,0.12702,2.60127,7.56566,3
781.2,0.12702,2.60127,7.56565,3
781.3,0.12703,2.60127,7.56565,3
781.4,0.12703,2.60127,7.56564,3
781.5,0.12703,2.60127,7.56564,3
781.6,0.12704,2.60127,7.56563,3
781.7,0.12704,2.60127,7.56563,3
781.8,0.12704,2.60128,7.56562,3
781.9,0.12704,2.60128,7.56561,3
782,0.12705,2.60128,7.56561,3
782.1,0.12705,2.60128,7.5656,3
782.2,0.12705,2.60129,7.5656,3
782.3,0.12706,2.60129,7.56559,3
782.4,0.12706,2.60129,7.56559,3
782.5,0.12706,2.6013,7.56558,3
782.6,0.12707,2.6013,7.56558,3
782.7,0.12707,2.60131,7.56557,3
782.8,0.12707,2.60131,7.56556,3
782.9,0.12708,2.60131,7.56556,3
783,0.12708,2.60131,7.56555,3
783.1,0.12708,2.60131,7.56555,3
783.2,0.12709,2.60131,7.56554,3
783.3,0.12709,2.60131,7.56554,3
783.4,0.12709,2.60132,7.56553,3
783.5,0.12709,2.60132,7.56553,3
783.6,0.1271,2.60132,7.56552,3
783.7,0.1271,2.60133,7.56551,3
783.8,0.1271,2.60133,7.56551,3
783.9,0.12711,2.60133,7.5655,3
784,0.12711,2.60133,7.5655,3
784.1,0.12711,2.60133,7.56549,3
784.2,0.12712,2.60133,7.56549,3
784.3,0.12712,2.60133,7.56548,3
784.4,0.12712,2.60134,7.56548,3
784.5,0.12713,2.60134,7.56547,3
784.6,0.12713,2.60135,7.56546,3
784.7,0.12713,2.60136,7.56546,3
784.8,0.12714,2.60136,7.56545,3
784.9,0.12714,2.60137,7.56545,3
785,0.12714,2.60137,7.56544,3
785.1,0.12715,2.60138,7.56544,3
785.2,0.12715,2.60138,7.56543,3
785.3,0.12715,2.60138,7.56543,3
785.4,0.12716,2.60138,7.56542,3
785.5,0.12716,2.60139,7.56542,3
785.6,0.12716,2.60139,7.56541,3
785.7,0.12717,2.60139,7.56541,3
785.8,0.12717,2.60139,7.5654,3
785.9,0.12717,2.60139,7.5654,3
786,0.12718,2.6014,7.56539,3
786.1,0.12718,2.6014,7.56539,3
786.2,0.12718,2.60141,7.56538,3
786.3,0.12719,2.60142,7.56537,3
786.4,0.12719,2.60143,7.56537,3
786.5,0.12719,2.60144,7.56536,3
786.6,0.1272,2.60144,7.56536,3
786.7,0.1272,2.60145,7.56535,3
786.8,0.1272,2.60145,7.56535,3
786.9,0.12721,2.60145,7.56534,3
787,0.12721,2.60145,7.56534,3
787.1,0.12721,2.60145,7.56533,3
787.2,0.12722,2.60146,7.56533,3
787.3,0.12722,2.60146,7.56532,3
787.4,0.12722,2.60146,7.56532,3
787.5,0.12723,2.60146,7.56531,3
787.6,0.12723,2.60146,7.56531,3
787.7,0.12723,2.60147,7.5653,3
787.8,0.12724,2.60147,7.5653,3
787.9,0.12724,2.60147,7.5653,3
788,0.12724,2.60148,7.56529,3
788.1,0.12725,2.60149,7.56529,3
788.2,0.12725,2.6015,7.56528,3
788.3,0.12725,2.60151,7.56528,3
788.4,0.12726,2.60152,7.56527,3
788.5,0.12726,2.60152,7.56527,3
788.6,0.12726,2.60153,7.56526,3
788.7,0.12727,2.60153,7.56526,3
788.8,0.12727,2.60154,7.56525,3
788.9,0.12728,2.60154,7.56525,3
789,0.12728,2.60154,7.56525,3
789.1,0.12728,2.60154,7.56524,3
789.2,0.12729,2.60154,7.56524,3
789.3,0.12729,2.60155,7.56523,3
789.4,0.12729,2.60155,7.56523,3
789.5,0.1273,2.60155,7.56523,3
789.6,0.1273,2.60156,7.56522,3
789.7,0.1273,2.60157,7.56522,3
789.8,0.12731,2.60158,7.56521,3
789.9,0.12731,2.60159,7.56521,3
790,0.12731,2.60159,7.56521,3
790.1,0.12732,2.6016,7.5652,3
790.2,0.12732,2.60161,7.5652,3
790.3,0.12732,2.60161,7.56519,3
790.4,0.12733,2.60162,7.56519,3
790.5,0.12733,2.60162,7.56519,3
790.6,0.12733,2.60163,7.56518,3
790.7,0.12734,2.60163,7.56518,3
790.8,0.12734,2.60163,7.56517,3
790.9,0.12735,2.60163,7.56517,3
791,0.12735,2.60164,7.56517,3
791.1,0.12735,2.60164,7.56516,3
791.2,0.12736,2.60165,7.56516,3
791.3,0.12736,2.60165,7.56515,3
791.4,0.12736,2.60166,7.56515,3
791.5,0.12737,2.60167,7.56515,3
791.6,0.12737,2.60167,7.56514,3
791.7,0.12738,2.60168,7.56514,3
791.8,0.12738,2.60169,7.56513,3
791.9,0.12738,2.6017,7.56513,3
792,0.12739,2.6017,7.56513,3
792.1,0.12739,2.60171,7.56512,3
792.2,0.1274,2.60171,7.56512,3
792.3,0.1274,2.60172,7.56511,3
792.4,0.1274,2.60172,7.56511,3
792.5,0.12741,2.60173,7.5651,3
792.6,0.12741,2.60173,7.5651,3
792.7,0.12741,2.60173,7.5651,3
792.8,0.12742,2.60173,7.56509,3
792.9,0.12742,2.60174,7.56509,3
793,0.12743,2.60174,7.56508,3
793.1,0.12743,2.60175,7.56508,3
793.2,0.12743,2.60176,7.56508,3
793.3,0.12744,2.60176,7.56507,3
793.4,0.12744,2.60177,7.56507,3
793.5,0.12744,2.60177,7.56506,3
793.6,0.12745,2.60178,7.56506,3
793.7,0.12745,2.60178,7.56506,3
793.8,0.12745,2.60179,7.56505,3
793.9,0.12746,2.60179,7.56505,3
794,0.12746,2.6018,7.56504,3
794.1,0.12747,2.6018,7.56504,3
794.2,0.12747,2.60181,7.56503,3
794.3,0.12747,2.60181,7.56503,3
794.4,0.12748,2.60181,7.56503,3
794.5,0.12748,2.60182,7.56502,3
794.6,0.12748,2.60182,7.56502,3
794.7,0.12749,2.60183,7.56501,3
794.8,0.12749,2.60183,7.56501,3
794.9,0.12749,2.60183,7.56501,3
795,0.1275,2.60183,7.565,3
795.1,0.1275,2.60184,7.565,3
795.2,0.12751,2.60184,7.56499,3
795.3,0.12751,2.60185,7.56499,3
795.4,0.12751,2.60185,7.56498,3
795.5,0.12752,2.60186,7.56498,3
795.6,0.12752,2.60186,7.56498,3
795.7,0.12752,2.60187,7.56497,3
795.8,0.12753,2.60187,7.56497,3
795.9,0.12753,2.60188,7.56496,3
796,0.12754,2.60189,7.56496,3
796.1,0.12754,2.6019,7.56495,3
796.2,0.12754,2.6019,7.56495,3
796.3,0.12755,2.60191,7.56495,3
796.4,0.12755,2.60191,7.56494,3
796.5,0.12755,2.60191,7.56494,3
796.6,0.12756,2.60191,7.56493,3
796.7,0.12756,2.60192,7.56493,3
796.8,0.12757,2.60192,7.56492,3
796.9,0.12757,2.60192,7.56492,3
797,0.12757,2.60192,7.56492,3
797.1,0.12758,2.60193,7.56491,3
797.2,0.12758,2.60193,7.56491,3
797.3,0.12758,2.60194,7.5649,3
797.4,0.12759,2.60194,7.5649,3
797.5,0.12759,2.60195,7.56489,3
797.6,0.12759,2.60196,7.56489,3
797.7,0.1276,2.60197,7.56488,3
797.8,0.1276,2.60198,7.56488,3
797.9,0.12761,2.60199,7.56488,3
798,0.12761,2.602,7.56487,3
798.1,0.12761,2.60201,7.56487,3
798.2,0.12762,2.60201,7.56486,3
798.3,0.12762,2.60201,7.56486,3
798.4,0.12762,2.60201,7.56485,3
798.5,0.12763,2.60201,7.56485,3
798.6,0.12763,2.60201,7.56484,3
798.7,0.12763,2.60202,7.56484,3
798.8,0.12764,2.60202,7.56483,3
798.9,0.12764,2.60202,7.56483,3
799,0.12765,2.60203,7.56483,3
799.1,0.12765,2.60203,7.56482,3
799.2,0.12765,2.60204,7.56482,3
799.3,0.12766,2.60204,7.56481,3
799.4,0.12766,2.60205,7.56481,3
799.5,0.12766,2.60205,7.5648,3
799.6,0.12767,2.60206,7.5648,3
799.7,0.12767,2.60207,7.56479,3
799.8,0.12767,2.60207,7.56479,3
799.9,0.12768,2.60208,7.56479,3
800,0.12768,2.60209,7.56478,3
800.1,0.12769,2.60209,7.56478,3
800.2,0.12769,2.6021,7.56478,3
800.3,0.12769,2.60211,7.56477,3
800.4,0.1277,2.60212,7.56477,3
800.5,0.1277,2.60213,7.56476,3
800.6,0.1277,2.60214,7.56476,3
800.7,0.12771,2.60215,7.56476,3
800.8,0.12771,2.60216,7.56475,3
800.9,0.12771,2.60217,7.56475,3
801,0.12772,2.60217,7.56474,3
801.1,0.12772,2.60218,7.56474,3
801.2,0.12772,2.60218,7.56473,3
801.3,0.12773,2.60218,7.56473,3
801.4,0.12773,2.60218,7.56473,3
801.5,0.12773,2.60219,7.56472,3
801.6,0.12774,2.60219,7.56472,3
801.7,0.12774,2.60219,7.56471,3
801.8,0.12774,2.60219,7.56471,3
801.9,0.12775,2.6022,7.56471,3
802,0.12775,2.6022,7.5647,3
802.1,0.12775,2.6022,7.5647,3
802.2,0.12776,2.60221,7.56469,3
802.3,0.12776,2.60221,7.56469,3
802.4,0.12776,2.60222,7.56468,3
802.5,0.12777,2.60222,7.56468,3
802.6,0.12777,2.60223,7.56467,3
802.7,0.12777,2.60224,7.56467,3
802.8,0.12778,2.60226,7.56466,3
802.9,0.12778,2.60227,7.56466,3
803,0.12778,2.60228,7.56465,3
803.1,0.12778,2.60229,7.56465,3
803.2,0.12779,2.60229,7.56464,3
803.3,0.12779,2.6023,7.56464,3
803.4,0.12779,2.6023,7.56464,3
803.5,0.1278,2.60231,7.56463,3
803.6,0.1278,2.60231,7.56463,3
803.7,0.1278,2.60231,7.56462,3
803.8,0.12781,2.60232,7.56462,3
803.9,0.12781,2.60232,7.56462,3
804,0.12781,2.60232,7.56461,3
804.1,0.12782,2.60233,7.56461,3
804.2,0.12782,2.60233,7.5646,3
804.3,0.12782,2.60234,7.5646,3
804.4,0.12783,2.60235,7.56459,3
804.5,0.12783,2.60236,7.56459,3
804.6,0.12783,2.60237,7.56459,3
804.7,0.12784,2.60237,7.56458,3
804.8,0.12784,2.60238,7.56458,3
804.9,0.12784,2.60239,7.56457,3
805,0.12785,2.6024,7.56457,3
805.1,0.12785,2.6024,7.56456,3
805.2,0.12785,2.60241,7.56456,3
805.3,0.12786,2.60241,7.56455,3
805.4,0.12786,2.60241,7.56455,3
805.5,0.12786,2.60241,7.56455,3
805.6,0.12787,2.60241,7.56454,3
805.7,0.12787,2.60242,7.56454,3
805.8,0.12787,2.60242,7.56453,3
805.9,0.12788,2.60242,7.56453,3
806,0.12788,2.60243,7.56452,3
806.1,0.12788,2.60243,7.56452,3
806.2,0.12789,2.60244,7.56451,3
806.3,0.12789,2.60245,7.56451,3
806.4,0.12789,2.60245,7.56451,3
806.5,0.1279,2.60246,7.5645,3
806.6,0.1279,2.60246,7.5645,3
806.7,0.1279,2.60246,7.56449,3
806.8,0.12791,2.60247,7.56449,3
806.9,0.12791,2.60247,7.56448,3
807,0.12791,2.60247,7.56448,3
807.1,0.12791,2.60248,7.56448,3
807.2,0.12792,2.60248,7.56447,3
807.3,0.12792,2.60248,7.56447,3
807.4,0.12792,2.60248,7.56446,3
807.5,0.12793,2.60248,7.56446,3
807.6,0.12793,2.60249,7.56445,3
807.7,0.12793,2.60249,7.56445,3
807.8,0.12794,2.60249,7.56445,3
807.9,0.12794,2.60249,7.56444,3
808,0.12794,2.60249,7.56444,3
808.1,0.12795,2.6025,7.56443,3
808.2,0.12795,2.6025,7.56443,3
808.3,0.12795,2.6025,7.56443,3
808.4,0.12796,2.60251,7.56442,3
808.5,0.12796,2.60251,7.56442,3
808.6,0.12796,2.60252,7.56441,3
808.7,0.12796,2.60253,7.56441,3
808.8,0.12797,2.60253,7.56441,3
808.9,0.12797,2.60254,7.5644,3
809,0.12797,2.60254,7.5644,3
809.1,0.12798,2.60254,7.5644,3
809.2,0.12798,2.60255,7.56439,3
809.3,0.12798,2.60255,7.56439,3
809.4,0.12799,2.60255,7.56439,3
809.5,0.12799,2.60256,7.56438,3
809.6,0.12799,2.60256,7.56438,3
809.7,0.128,2.60256,7.56438,3
809.8,0.128,2.60256,7.56437,3
809.9,0.128,2.60257,7.56437,3
810,0.12801,2.60257,7.56437,3
810.1,0.12801,2.60257,7.56436,3
810.2,0.12801,2.60258,7.56436,3
810.3,0.12802,2.60259,7.56436,3
810.4,0.12802,2.60259,7.56435,3
810.5,0.12802,2.6026,7.56435,3
810.6,0.12803,2.6026,7.56435,3
810.7,0.12803,2.60261,7.56434,3
810.8,0.12803,2.60261,7.56434,3
810.9,0.12804,2.60261,7.56434,3
811,0.12804,2.60262,7.56433,3
811.1,0.12804,2.60262,7.56433,3
811.2,0.12805,2.60262,7.56433,3
811.3,0.12805,2.60262,7.56432,3
811.4,0.12805,2.60263,7.56432,3
811.5,0.12806,2.60263,7.56432,3
811.6,0.12806,2.60263,7.56432,3
811.7,0.12806,2.60263,7.56431,3
811.8,0.12807,2.60264,7.56431,3
811.9,0.12807,2.60264,7.56431,3
812,0.12808,2.60265,7.5643,3
812.1,0.12808,2.60266,7.5643,3
812.2,0.12808,2.60266,7.5643,3
812.3,0.12809,2.60267,7.5643,3
812.4,0.12809,2.60267,7.56429,3
812.5,0.12809,2.60268,7.56429,3
812.6,0.1281,2.60268,7.56429,3
812.7,0.1281,2.60269,7.56428,3
812.8,0.1281,2.60269,7.56428,3
812.9,0.12811,2.6027,7.56428,3
813,0.12811,2.6027,7.56428,3
813.1,0.12812,2.60271,7.56427,3
813.2,0.12812,2.60271,7.56427,3
813.3,0.12812,2.60272,7.56427,3
813.4,0.12813,2.60273,7.56426,3
813.5,0.12813,2.60273,7.56426,3
813.6,0.12813,2.60274,7.56426,3
813.7,0.12814,2.60275,7.56426,3
813.8,0.12814,2.60275,7.56425,3
813.9,0.12814,2.60276,7.56425,3
814,0.12815,2.60277,7.56425,3
814.1,0.12815,2.60278,7.56424,3
814.2,0.12815,2.60279,7.56424,3
814.3,0.12816,2.6028,7.56424,3
814.4,0.12816,2.60281,7.56424,3
814.5,0.12817,2.60282,7.56423,3
814.6,0.12817,2.60283,7.56423,3
814.7,0.12817,2.60283,7.56423,3
814.8,0.12818,2.60283,7.56422,3
814.9,0.12818,2.60284,7.56422,3
815,0.12818,2.60284,7.56422,3
815.1,0.12819,2.60284,7.56422,3
815.2,0.12819,2.60285,7.56421,3
815.3,0.12819,2.60285,7.56421,3
815.4,0.1282,2.60285,7.56421,3
815.5,0.1282,2.60285,7.5642,3
815.6,0.1282,2.60286,7.5642,3
815.7,0.12821,2.60286,7.5642,3
815.8,0.12821,2.60286,7.56419,3
815.9,0.12821,2.60287,7.56419,3
816,0.12822,2.60287,7.56419,3
816.1,0.12822,2.60288,7.56419,3
816.2,0.12822,2.60288,7.56418,3
816.3,0.12823,2.60289,7.56418,3
816.4,0.12823,2.6029,7.56418,3
816.5,0.12823,2.6029,7.56417,3
816.6,0.12824,2.60291,7.56417,3
816.7,0.12824,2.60291,7.56417,3
816.8,0.12824,2.60292,7.56416,3
816.9,0.12824,2.60293,7.56416,3
817,0.12825,2.60294,7.56416,3
817.1,0.12825,2.60295,7.56415,3
817.2,0.12825,2.60296,7.56415,3
817.3,0.12826,2.60297,7.56415,3
817.4,0.12826,2.60298,7.56414,3
817.5,0.12826,2.60299,7.56414,3
817.6,0.12827,2.603,7.56414,3
817.7,0.12827,2.603,7.56413,3
817.8,0.12827,2.60301,7.56413,3
817.9,0.12828,2.60301,7.56413,3
818,0.12828,2.60301,7.56412,3
818.1,0.12828,2.60301,7.56412,3
818.2,0.12829,2.60302,7.56412,3
818.3,0.12829,2.60302,7.56411,3
818.4,0.12829,2.60302,7.56411,3
818.5,0.1283,2.60302,7.56411,3
818.6,0.1283,2.60303,7.56411,3
818.7,0.1283,2.60303,7.5641,3
818.8,0.1283,2.60303,7.5641,3
818.9,0.12831,2.60304,7.5641,3
819,0.12831,2.60305,7.56409,3
819.1,0.12831,2.60305,7.56409,3
819.2,0.12832,2.60306,7.56409,3
819.3,0.12832,2.60307,7.56408,3
819.4,0.12832,2.60307,7.56408,3
819.5,0.12832,2.60308,7.56408,3
819.6,0.12833,2.60309,7.56407,3
819.7,0.12833,2.60309,7.56407,3
819.8,0.12833,2.6031,7.56407,3
819.9,0.12834,2.6031,7.56406,3
820,0.12834,2.60311,7.56406,3
820.1,0.12834,2.60312,7.56406,3
820.2,0.12835,2.60312,7.56405,3
820.3,0.12835,2.60313,7.56405,3
820.4,0.12835,2.60313,7.56405,3
820.5,0.12835,2.60313,7.56404,3
820.6,0.12836,2.60314,7.56404,3
820.7,0.12836,2.60314,7.56404,3
820.8,0.12836,2.60315,7.56403,3
820.9,0.12837,2.60315,7.56403,3
821,0.12837,2.60316,7.56403,3
821.1,0.12837,2.60316,7.56402,3
821.2,0.12837,2.60316,7.56402,3
821.3,0.12838,2.60317,7.56402,3
821.4,0.12838,2.60317,7.56401,3
821.5,0.12838,2.60317,7.56401,3
821.6,0.12839,2.60317,7.56401,3
821.7,0.12839,2.60318,7.564,3
821.8,0.12839,2.60318,7.564,3
821.9,0.12839,2.60318,7.564,3
822,0.1284,2.60319,7.56399,3
822.1,0.1284,2.60319,7.56399,3
822.2,0.1284,2.6032,7.56399,3
822.3,0.12841,2.60321,7.56398,3
822.4,0.12841,2.60321,7.56398,3
822.5,0.12841,2.60322,7.56398,3
822.6,0.12841,2.60323,7.56397,3
822.7,0.12842,2.60324,7.56397,3
822.8,0.12842,2.60325,7.56397,3
822.9,0.12842,2.60325,7.56396,3
823,0.12842,2.60326,7.56396,3
823.1,0.12843,2.60327,7.56396,3
823.2,0.12843,2.60327,7.56396,3
823.3,0.12843,2.60328,7.56395,3
823.4,0.12843,2.60329,7.56395,3
823.5,0.12844,2.60329,7.56395,3
823.6,0.12844,2.60329,7.56394,3
823.7,0.12844,2.60329,7.56394,3
823.8,0.12844,2.60329,7.56394,3
823.9,0.12845,2.60329,7.56393,3
824,0.12845,2.60329,7.56393,3
824.1,0.12845,2.6033,7.56393,3
824.2,0.12845,2.6033,7.56392,3
824.3,0.12846,2.60331,7.56392,3
824.4,0.12846,2.60331,7.56392,3
824.5,0.12846,2.60331,7.56392,3
824.6,0.12846,2.60332,7.56391,3
824.7,0.12847,2.60332,7.56391,3
824.8,0.12847,2.60332,7.56391,3
824.9,0.12847,2.60332,7.56391,3
825,0.12847,2.60333,7.5639,3
825.1,0.12848,2.60333,7.5639,3
825.2,0.12848,2.60334,7.5639,3
825.3,0.12848,2.60334,7.5639,3
825.4,0.12848,2.60335,7.56389,3
825.5,0.12849,2.60335,7.56389,3
825.6,0.12849,2.60336,7.56389,3
825.7,0.12849,2.60337,7.56388,3
825.8,0.12849,2.60338,7.56388,3
825.9,0.1285,2.60338,7.56388,3
826,0.1285,2.60339,7.56388,3
826.1,0.1285,2.6034,7.56387,3
826.2,0.1285,2.60341,7.56387,3
826.3,0.12851,2.60342,7.56387,3
826.4,0.12851,2.60342,7.56387,3
826.5,0.12851,2.60343,7.56386,3
826.6,0.12851,2.60344,7.56386,3
826.7,0.12851,2.60344,7.56386,3
826.8,0.12852,2.60344,7.56386,3
826.9,0.12852,2.60345,7.56385,3
827,0.12852,2.60345,7.56385,3
827.1,0.12852,2.60345,7.56385,3
827.2,0.12853,2.60345,7.56385,3
827.3,0.12853,2.60345,7.56385,3
827.4,0.12853,2.60345,7.56384,3
827.5,0.12853,2.60346,7.56384,3
827.6,0.12853,2.60346,7.56384,3
827.7,0.12854,2.60347,7.56384,3
827.8,0.12854,2.60347,7.56383,3
827.9,0.12854,2.60348,7.56383,3
828,0.12854,2.60348,7.56383,3
828.1,0.12854,2.60349,7.56383,3
828.2,0.12855,2.60349,7.56382,3
828.3,0.12855,2.6035,7.56382,3
828.4,0.12855,2.6035,7.56382,3
828.5,0.12855,2.60351,7.56382,3
828.6,0.12856,2.60351,7.56382,3
828.7,0.12856,2.60352,7.56381,3
828.8,0.12856,2.60352,7.56381,3
828.9,0.12856,2.60353,7.56381,3
829,0.12856,2.60353,7.56381,3
829.1,0.12857,2.60354,7.5638,3
829.2,0.12857,2.60355,7.5638,3
829.3,0.12857,2.60355,7.5638,3
829.4,0.12857,2.60356,7.5638,3
829.5,0.12857,2.60357,7.56379,3
829.6,0.12858,2.60358,7.56379,3
829.7,0.12858,2.60359,7.56379,3
829.8,0.12858,2.60359,7.56379,3
829.9,0.12858,2.60359,7.56378,3
830,0.12858,2.60359,7.56378,3
830.1,0.12859,2.60359,7.56378,3
830.2,0.12859,2.60359,7.56378,3
830.3,0.12859,2.60358,7.56377,3
830.4,0.12859,2.60358,7.56377,3
830.5,0.12859,2.60358,7.56377,3
830.6,0.1286,2.60358,7.56377,3
830.7,0.1286,2.60358,7.56377,3
830.8,0.1286,2.60358,7.56376,3
830.9,0.1286,2.60358,7.56376,3
831,0.12861,2.60358,7.56376,3
831.1,0.12861,2.60359,7.56376,3
831.2,0.12861,2.60359,7.56375,3
831.3,0.12861,2.60359,7.56375,3
831.4,0.12861,2.60359,7.56375,3
831.5,0.12862,2.60359,7.56375,3
831.6,0.12862,2.60359,7.56375,3
831.7,0.12862,2.60359,7.56374,3
831.8,0.12862,2.60359,7.56374,3
831.9,0.12862,2.60359,7.56374,3
832,0.12862,2.60359,7.56374,3
832.1,0.12863,2.60359,7.56374,3
832.2,0.12863,2.60359,7.56373,3
832.3,0.12863,2.60359,7.56373,3
832.4,0.12863,2.60359,7.56373,3
832.5,0.12863,2.60359,7.56373,3
832.6,0.12864,2.6036,7.56372,3
832.7,0.12864,2.6036,7.56372,3
832.8,0.12864,2.6036,7.56372,3
832.9,0.12864,2.60361,7.56372,3
833,0.12864,2.60361,7.56372,3
833.1,0.12865,2.60361,7.56371,3
833.2,0.12865,2.60362,7.56371,3
833.3,0.12865,2.60363,7.56371,3
833.4,0.12865,2.60364,7.56371,3
833.5,0.12866,2.60365,7.56371,3
833.6,0.12866,2.60366,7.5637,3
833.7,0.12866,2.60367,7.5637,3
833.8,0.12866,2.60367,7.5637,3
833.9,0.12866,2.60368,7.5637,3
834,0.12866,2.60369,7.5637,3
834.1,0.12867,2.60369,7.56369,3
834.2,0.12867,2.6037,7.56369,3
834.3,0.12867,2.6037,7.56369,3
834.4,0.12867,2.6037,7.56369,3
834.5,0.12867,2.6037,7.56369,3
834.6,0.12868,2.6037,7.56368,3
834.7,0.12868,2.6037,7.56368,3
834.8,0.12868,2.6037,7.56368,3
834.9,0.12868,2.6037,7.56368,3
835,0.12868,2.60371,7.56368,3
835.1,0.12869,2.60371,7.56367,3
835.2,0.12869,2.60372,7.56367,3
835.3,0.12869,2.60372,7.56367,3
835.4,0.12869,2.60373,7.56367,3
835.5,0.12869,2.60373,7.56367,3
835.6,0.1287,2.60373,7.56366,3
835.7,0.1287,2.60373,7.56366,3
835.8,0.1287,2.60373,7.56366,3
835.9,0.1287,2.60373,7.56366,3
836,0.1287,2.60373,7.56366,3
836.1,0.12871,2.60373,7.56365,3
836.2,0.12871,2.60374,7.56365,3
836.3,0.12871,2.60374,7.56365,3
836.4,0.12871,2.60374,7.56365,3
836.5,0.12871,2.60375,7.56365,3
836.6,0.12871,2.60375,7.56365,3
836.7,0.12872,2.60376,7.56364,3
836.8,0.12872,2.60377,7.56364,3
836.9,0.12872,2.60378,7.56364,3
837,0.12872,2.60379,7.56364,3
837.1,0.12872,2.6038,7.56364,3
837.2,0.12873,2.6038,7.56363,3
837.3,0.12873,2.60381,7.56363,3
837.4,0.12873,2.60382,7.56363,3
837.5,0.12873,2.60382,7.56363,3
837.6,0.12873,2.60383,7.56363,3
837.7,0.12874,2.60384,7.56362,3
837.8,0.12874,2.60384,7.56362,3
837.9,0.12874,2.60385,7.56362,3
838,0.12874,2.60385,7.56362,3
838.1,0.12874,2.60386,7.56362,3
838.2,0.12875,2.60386,7.56361,3
838.3,0.12875,2.60387,7.56361,3
838.4,0.12875,2.60387,7.56361,3
838.5,0.12875,2.60387,7.56361,3
838.6,0.12875,2.60387,7.56361,3
838.7,0.12875,2.60387,7.5636,3
838.8,0.12876,2.60387,7.5636,3
838.9,0.12876,2.60388,7.5636,3
839,0.12876,2.60388,7.56359,3
839.1,0.12876,2.60388,7.56359,3
839.2,0.12876,2.60388,7.56359,3
839.3,0.12877,2.60389,7.56359,3
839.4,0.12877,2.60389,7.56358,3
839.5,0.12877,2.60389,7.56358,3
839.6,0.12877,2.60389,7.56358,3
839.7,0.12877,2.60389,7.56358,3
839.8,0.12878,2.6039,7.56357,3
839.9,0.12878,2.6039,7.56357,3
840,0.12878,2.60391,7.56357,3
840.1,0.12878,2.60392,7.56357,3
840.2,0.12878,2.60393,7.56357,3
840.3,0.12878,2.60393,7.56357,3
840.4,0.12879,2.60394,7.56356,3
840.5,0.12879,2.60394,7.56356,3
840.6,0.12879,2.60395,7.56356,3
840.7,0.12879,2.60396,7.56356,3
840.8,0.12879,2.60396,7.56355,3
840.9,0.12879,2.60397,7.56355,3
841,0.1288,2.60397,7.56355,3
841.1,0.1288,2.60398,7.56355,3
841.2,0.1288,2.60398,7.56355,3
841.3,0.1288,2.60399,7.56354,3
841.4,0.1288,2.604,7.56354,3
841.5,0.1288,2.604,7.56354,3
841.6,0.1288,2.60401,7.56354,3
841.7,0.12881,2.60402,7.56354,3
841.8,0.12881,2.60403,7.56353,3
841.9,0.12881,2.60403,7.56353,3
842,0.12881,2.60404,7.56353,3
842.1,0.12881,2.60404,7.56353,3
842.2,0.12881,2.60405,7.56353,3
842.3,0.12882,2.60405,7.56352,3
842.4,0.12882,2.60406,7.56352,3
842.5,0.12882,2.60406,7.56352,3
842.6,0.12882,2.60407,7.56352,3
842.7,0.12882,2.60407,7.56352,3
842.8,0.12882,2.60407,7.56351,3
842.9,0.12882,2.60408,7.56351,3
843,0.12883,2.60409,7.56351,3
843.1,0.12883,2.60409,7.56351,3
843.2,0.12883,2.6041,7.56351,3
843.3,0.12883,2.6041,7.56351,3
843.4,0.12883,2.6041,7.56351,3
843.5,0.12883,2.6041,7.5635,3
843.6,0.12883,2.6041,7.5635,3
843.7,0.12884,2.6041,7.5635,3
843.8,0.12884,2.6041,7.5635,3
843.9,0.12884,2.6041,7.5635,3
844,0.12884,2.6041,7.5635,3
844.1,0.12884,2.6041,7.56349,3
844.2,0.12884,2.6041,7.56349,3
844.3,0.12884,2.6041,7.56349,3
844.4,0.12884,2.6041,7.56349,3
844.5,0.12885,2.6041,7.56349,3
844.6,0.12885,2.6041,7.56349,3
844.7,0.12885,2.6041,7.56348,3
844.8,0.12885,2.6041,7.56348,3
844.9,0.12885,2.6041,7.56348,3
845,0.12885,2.6041,7.56348,3
845.1,0.12885,2.60411,7.56348,3
845.2,0.12886,2.60412,7.56348,3
845.3,0.12886,2.60412,7.56348,3
845.4,0.12886,2.60413,7.56348,3
845.5,0.12886,2.60414,7.56347,3
845.6,0.12886,2.60415,7.56347,3
845.7,0.12886,2.60416,7.56347,3
845.8,0.12886,2.60416,7.56347,3
845.9,0.12886,2.60417,7.56347,3
846,0.12886,2.60418,7.56347,3
846.1,0.12887,2.60418,7.56347,3
846.2,0.12887,2.60419,7.56347,3
846.3,0.12887,2.60419,7.56347,3
846.4,0.12887,2.60419,7.56347,3
846.5,0.12887,2.6042,7.56347,3
846.6,0.12887,2.60421,7.56347,3
846.7,0.12887,2.60422,7.56347,3
846.8,0.12888,2.60423,7.56347,3
846.9,0.12888,2.60423,7.56347,3
847,0.12888,2.60424,7.56347,3
847.1,0.12888,2.60425,7.56347,3
847.2,0.12888,2.60426,7.56347,3
847.3,0.12888,2.60427,7.56347,3
847.4,0.12888,2.60427,7.56347,3
847.5,0.12889,2.60428,7.56347,3
847.6,0.12889,2.60428,7.56347,3
847.7,0.12889,2.60428,7.56347,3
847.8,0.12889,2.60429,7.56347,3
847.9,0.12889,2.60429,7.56347,3
848,0.12889,2.60429,7.56347,3
848.1,0.12889,2.60429,7.56347,3
848.2,0.1289,2.6043,7.56347,3
848.3,0.1289,2.6043,7.56347,3
848.4,0.1289,2.60431,7.56347,3
848.5,0.1289,2.60432,7.56347,3
848.6,0.1289,2.60433,7.56347,3
848.7,0.12891,2.60434,7.56346,3
848.8,0.12891,2.60435,7.56346,3
848.9,0.12891,2.60436,7.56346,3
849,0.12891,2.60437,7.56346,3
849.1,0.12891,2.60437,7.56346,3
849.2,0.12891,2.60438,7.56346,3
849.3,0.12892,2.60439,7.56346,3
849.4,0.12892,2.6044,7.56346,3
849.5,0.12892,2.60441,7.56346,3
849.6,0.12892,2.60441,7.56346,3
849.7,0.12892,2.60442,7.56346,3
849.8,0.12892,2.60443,7.56346,3
849.9,0.12892,2.60444,7.56346,3
850,0.12893,2.60444,7.56346,3
850.1,0.12893,2.60445,7.56346,3
850.2,0.12893,2.60446,7.56346,3
850.3,0.12893,2.60447,7.56346,3
850.4,0.12893,2.60448,7.56346,3
850.5,0.12893,2.60449,7.56346,3
850.6,0.12893,2.6045,7.56346,3
850.7,0.12894,2.60452,7.56346,3
850.8,0.12894,2.60453,7.56346,3
850.9,0.12894,2.60454,7.56346,3
851,0.12894,2.60455,7.56346,3
851.1,0.12894,2.60455,7.56346,3
851.2,0.12894,2.60456,7.56345,3
851.3,0.12894,2.60457,7.56345,3
851.4,0.12895,2.60458,7.56345,3
851.5,0.12895,2.60459,7.56345,3
851.6,0.12895,2.60459,7.56345,3
851.7,0.12895,2.6046,7.56345,3
851.8,0.12895,2.6046,7.56345,3
851.9,0.12895,2.6046,7.56345,3
852,0.12895,2.60461,7.56345,3
852.1,0.12896,2.60462,7.56345,3
852.2,0.12896,2.60462,7.56345,3
852.3,0.12896,2.60463,7.56345,3
852.4,0.12896,2.60464,7.56345,3
852.5,0.12896,2.60464,7.56345,3
852.6,0.12896,2.60465,7.56345,3
852.7,0.12897,2.60465,7.56345,3
852.8,0.12897,2.60465,7.56345,3
852.9,0.12897,2.60465,7.56345,3
853,0.12897,2.60466,7.56345,3
853.1,0.12897,2.60466,7.56345,3
853.2,0.12897,2.60466,7.56345,3
853.3,0.12897,2.60467,7.56345,3
853.4,0.12898,2.60467,7.56345,3
853.5,0.12898,2.60467,7.56345,3
853.6,0.12898,2.60467,7.56345,3
853.7,0.12898,2.60467,7.56345,3
853.8,0.12898,2.60468,7.56345,3
853.9,0.12898,2.60469,7.56345,3
854,0.12898,2.60469,7.56345,3
854.1,0.12898,2.6047,7.56345,3
854.2,0.12899,2.6047,7.56345,3
854.3,0.12899,2.6047,7.56345,3
854.4,0.12899,2.6047,7.56345,3
854.5,0.12899,2.60471,7.56345,3
854.6,0.12899,2.60471,7.56345,3
854.7,0.12899,2.60471,7.56345,3
854.8,0.129,2.60471,7.56345,3
854.9,0.129,2.60471,7.56345,3
855,0.129,2.60471,7.56345,3
855.1,0.129,2.60471,7.56345,3
855.2,0.129,2.60471,7.56345,3
855.3,0.129,2.60471,7.56345,3
855.4,0.129,2.60471,7.56345,3
855.5,0.129,2.60471,7.56345,3
855.6,0.12901,2.60472,7.56345,3
855.7,0.12901,2.60472,7.56345,3
855.8,0.12901,2.60472,7.56345,3
855.9,0.12901,2.60473,7.56345,3
856,0.12901,2.60473,7.56345,3
856.1,0.12901,2.60473,7.56345,3
856.2,0.12901,2.60474,7.56345,3
856.3,0.12902,2.60474,7.56345,3
856.4,0.12902,2.60474,7.56345,3
856.5,0.12902,2.60475,7.56345,3
856.6,0.12902,2.60476,7.56345,3
856.7,0.12902,2.60476,7.56345,3
856.8,0.12902,2.60477,7.56345,3
856.9,0.12902,2.60478,7.56345,3
857,0.12902,2.60478,7.56345,3
857.1,0.12902,2.60479,7.56345,3
857.2,0.12903,2.60479,7.56345,3
857.3,0.12903,2.6048,7.56345,3
857.4,0.12903,2.6048,7.56345,3
857.5,0.12903,2.60481,7.56345,3
857.6,0.12903,2.60481,7.56345,3
857.7,0.12903,2.60482,7.56345,3
857.8,0.12903,2.60482,7.56345,3
857.9,0.12903,2.60483,7.56345,3
858,0.12903,2.60483,7.56345,3
858.1,0.12903,2.60484,7.56345,3
858.2,0.12904,2.60484,7.56345,3
858.3,0.12904,2.60485,7.56345,3
858.4,0.12904,2.60485,7.56345,3
858.5,0.12904,2.60486,7.56345,3
858.6,0.12904,2.60487,7.56345,3
858.7,0.12904,2.60488,7.56345,3
858.8,0.12904,2.60488,7.56345,3
858.9,0.12904,2.60489,7.56345,3
859,0.12905,2.6049,7.56345,3
859.1,0.12905,2.6049,7.56345,3
859.2,0.12905,2.6049,7.56345,3
859.3,0.12905,2.60491,7.56345,3
859.4,0.12905,2.60491,7.56345,3
859.5,0.12905,2.60492,7.56345,3
859.6,0.12905,2.60492,7.56345,3
859.7,0.12905,2.60493,7.56345,3
859.8,0.12905,2.60493,7.56345,3
859.9,0.12906,2.60494,7.56345,3
860,0.12906,2.60494,7.56345,3
860.1,0.12906,2.60495,7.56345,3
860.2,0.12906,2.60496,7.56345,3
860.3,0.12906,2.60497,7.56345,3
860.4,0.12906,2.60498,7.56345,3
860.5,0.12906,2.60498,7.56345,3
860.6,0.12906,2.60499,7.56345,3
860.7,0.12906,2.605,7.56345,3
860.8,0.12907,2.605,7.56345,3
860.9,0.12907,2.60501,7.56345,3
861,0.12907,2.60501,7.56346,3
861.1,0.12907,2.60502,7.56346,3
861.2,0.12907,2.60503,7.56346,3
861.3,0.12907,2.60503,7.56346,3
861.4,0.12907,2.60504,7.56346,3
861.5,0.12907,2.60504,7.56346,3
861.6,0.12907,2.60505,7.56346,3
861.7,0.12908,2.60505,7.56346,3
861.8,0.12908,2.60506,7.56346,3
861.9,0.12908,2.60507,7.56346,3
862,0.12908,2.60508,7.56346,3
862.1,0.12908,2.60509,7.56346,3
862.2,0.12908,2.6051,7.56346,3
862.3,0.12908,2.60511,7.56346,3
862.4,0.12908,2.60512,7.56346,3
862.5,0.12908,2.60512,7.56346,3
862.6,0.12908,2.60512,7.56346,3
862.7,0.12909,2.60512,7.56346,3
862.8,0.12909,2.60513,7.56346,3
862.9,0.12909,2.60513,7.56346,3
863,0.12909,2.60513,7.56346,3
863.1,0.12909,2.60513,7.56347,3
863.2,0.12909,2.60513,7.56347,3
863.3,0.12909,2.60513,7.56347,3
863.4,0.12909,2.60513,7.56347,3
863.5,0.12909,2.60513,7.56347,3
863.6,0.1291,2.60513,7.56347,3
863.7,0.1291,2.60514,7.56347,3
863.8,0.1291,2.60515,7.56347,3
863.9,0.1291,2.60515,7.56347,3
864,0.1291,2.60516,7.56347,3
864.1,0.1291,2.60516,7.56347,3
864.2,0.1291,2.60517,7.56347,3
864.3,0.1291,2.60517,7.56347,3
864.4,0.1291,2.60518,7.56347,3
864.5,0.1291,2.60518,7.56348,3
864.6,0.12911,2.60519,7.56348,3
864.7,0.12911,2.6052,7.56348,3
864.8,0.12911,2.6052,7.56348,3
864.9,0.12911,2.60521,7.56348,3
865,0.12911,2.60522,7.56349,3
865.1,0.12911,2.60522,7.56349,3
865.2,0.12911,2.60523,7.56349,3
865.3,0.12911,2.60523,7.56349,3
865.4,0.12911,2.60524,7.56349,3
865.5,0.12911,2.60525,7.5635,3
865.6,0.12911,2.60525,7.5635,3
865.7,0.12912,2.60526,7.5635,3
865.8,0.12912,2.60527,7.5635,3
865.9,0.12912,2.60528,7.5635,3
866,0.12912,2.60529,7.56351,3
866.1,0.12912,2.6053,7.56351,3
866.2,0.12912,2.6053,7.56351,3
866.3,0.12912,2.60531,7.56351,3
866.4,0.12912,2.60532,7.56352,3
866.5,0.12912,2.60532,7.56352,3
866.6,0.12912,2.60532,7.56352,3
866.7,0.12912,2.60533,7.56352,3
866.8,0.12912,2.60533,7.56352,3
866.9,0.12913,2.60533,7.56353,3
867,0.12913,2.60534,7.56353,3
867.1,0.12913,2.60534,7.56353,3
867.2,0.12913,2.60534,7.56353,3
867.3,0.12913,2.60535,7.56354,3
867.4,0.12913,2.60536,7.56354,3
867.5,0.12913,2.60536,7.56354,3
867.6,0.12913,2.60537,7.56354,3
867.7,0.12914,2.60538,7.56354,3
867.8,0.12914,2.60539,7.56355,3
867.9,0.12914,2.6054,7.56355,3
868,0.12914,2.60541,7.56355,3
868.1,0.12914,2.60541,7.56355,3
868.2,0.12914,2.60542,7.56355,3
868.3,0.12914,2.60542,7.56356,3
868.4,0.12915,2.60543,7.56356,3
868.5,0.12915,2.60544,7.56356,3
868.6,0.12915,2.60544,7.56356,3
868.7,0.12915,2.60545,7.56357,3
868.8,0.12915,2.60546,7.56357,3
868.9,0.12915,2.60546,7.56357,3
869,0.12915,2.60547,7.56357,3
869.1,0.12916,2.60548,7.56358,3
869.2,0.12916,2.60548,7.56358,3
869.3,0.12916,2.60549,7.56358,3
869.4,0.12916,2.60549,7.56358,3
869.5,0.12916,2.6055,7.56358,3
869.6,0.12916,2.6055,7.56359,3
869.7,0.12916,2.60551,7.56359,3
869.8,0.12917,2.60552,7.56359,3
869.9,0.12917,2.60552,7.56359,3
870,0.12917,2.60553,7.5636,3
870.1,0.12917,2.60554,7.5636,3
870.2,0.12917,2.60555,7.5636,3
870.3,0.12917,2.60556,7.5636,3
870.4,0.12917,2.60556,7.56361,3
870.5,0.12917,2.60557,7.56361,3
870.6,0.12917,2.60557,7.56361,3
870.7,0.12918,2.60558,7.56361,3
870.8,0.12918,2.60558,7.56362,3
870.9,0.12918,2.60558,7.56362,3
871,0.12918,2.60558,7.56362,3
871.1,0.12918,2.60559,7.56362,3
871.2,0.12918,2.60559,7.56362,3
871.3,0.12918,2.6056,7.56363,3
871.4,0.12918,2.6056,7.56363,3
871.5,0.12919,2.60561,7.56363,3
871.6,0.12919,2.60562,7.56363,3
871.7,0.12919,2.60562,7.56364,3
871.8,0.12919,2.60562,7.56364,3
871.9,0.12919,2.60563,7.56364,3
872,0.12919,2.60563,7.56364,3
872.1,0.12919,2.60564,7.56365,3
872.2,0.12919,2.60565,7.56365,3
872.3,0.12919,2.60566,7.56365,3
872.4,0.1292,2.60567,7.56365,3
872.5,0.1292,2.60568,7.56366,3
872.6,0.1292,2.60569,7.56366,3
872.7,0.1292,2.60569,7.56366,3
872.8,0.1292,2.6057,7.56366,3
872.9,0.1292,2.60571,7.56367,3
873,0.1292,2.60571,7.56367,3
873.1,0.1292,2.60572,7.56367,3
873.2,0.12921,2.60572,7.56368,3
873.3,0.12921,2.60572,7.56368,3
873.4,0.12921,2.60572,7.56368,3
873.5,0.12921,2.60573,7.56368,3
873.6,0.12921,2.60573,7.56369,3
873.7,0.12921,2.60574,7.56369,3
873.8,0.12921,2.60575,7.56369,3
873.9,0.12921,2.60576,7.5637,3
874,0.12921,2.60577,7.5637,3
874.1,0.12922,2.60578,7.5637,3
874.2,0.12922,2.60579,7.5637,3
874.3,0.12922,2.6058,7.56371,3
874.4,0.12922,2.60581,7.56371,3
874.5,0.12922,2.60581,7.56371,3
874.6,0.12922,2.60582,7.56371,3
874.7,0.12922,2.60582,7.56371,3
874.8,0.12922,2.60583,7.56372,3
874.9,0.12923,2.60584,7.56372,3
875,0.12923,2.60584,7.56372,3
875.1,0.12923,2.60585,7.56372,3
875.2,0.12923,2.60586,7.56373,3
875.3,0.12923,2.60587,7.56373,3
875.4,0.12923,2.60588,7.56373,3
875.5,0.12923,2.60588,7.56373,3
875.6,0.12923,2.60589,7.56374,3
875.7,0.12923,2.60589,7.56374,3
875.8,0.12924,2.6059,7.56374,3
875.9,0.12924,2.60592,7.56374,3
876,0.12924,2.60593,7.56375,3
876.1,0.12924,2.60594,7.56375,3
876.2,0.12924,2.60595,7.56375,3
876.3,0.12924,2.60596,7.56375,3
876.4,0.12924,2.60597,7.56376,3
876.5,0.12924,2.60598,7.56376,3
876.6,0.12924,2.60599,7.56376,3
876.7,0.12924,2.60599,7.56377,3
876.8,0.12925,2.606,7.56377,3
876.9,0.12925,2.60601,7.56377,3
877,0.12925,2.60601,7.56377,3
877.1,0.12925,2.60602,7.56378,3
877.2,0.12925,2.60603,7.56378,3
877.3,0.12925,2.60603,7.56378,3
877.4,0.12925,2.60604,7.56378,3
877.5,0.12925,2.60606,7.56379,3
877.6,0.12925,2.60607,7.56379,3
877.7,0.12925,2.60608,7.56379,3
877.8,0.12926,2.60609,7.56379,3
877.9,0.12926,2.6061,7.5638,3
878,0.12926,2.60611,7.5638,3
878.1,0.12926,2.60612,7.5638,3
878.2,0.12926,2.60612,7.5638,3
878.3,0.12926,2.60613,7.56381,3
878.4,0.12926,2.60614,7.56381,3
878.5,0.12926,2.60614,7.56381,3
878.6,0.12926,2.60615,7.56381,3
878.7,0.12927,2.60616,7.56382,3
878.8,0.12927,2.60616,7.56382,3
878.9,0.12927,2.60617,7.56382,3
879,0.12927,2.60617,7.56383,3
879.1,0.12927,2.60618,7.56383,3
879.2,0.12927,2.60619,7.56383,3
879.3,0.12927,2.6062,7.56384,3
879.4,0.12927,2.60621,7.56384,3
879.5,0.12928,2.60622,7.56384,3
879.6,0.12928,2.60624,7.56385,3
879.7,0.12928,2.60625,7.56385,3
879.8,0.12928,2.60626,7.56385,3
879.9,0.12928,2.60627,7.56386,3
880,0.12928,2.60628,7.56386,3
880.1,0.12928,2.60629,7.56386,3
880.2,0.12928,2.6063,7.56387,3
880.3,0.12928,2.6063,7.56387,3
880.4,0.12929,2.60631,7.56387,3
880.5,0.12929,2.60632,7.56388,3
880.6,0.12929,2.60633,7.56388,3
880.7,0.12929,2.60634,7.56388,3
880.8,0.12929,2.60635,7.56389,3
880.9,0.12929,2.60636,7.56389,3
881,0.12929,2.60637,7.56389,3
881.1,0.12929,2.60639,7.5639,3
881.2,0.12929,2.6064,7.5639,3
881.3,0.1293,2.60641,7.5639,3
881.4,0.1293,2.60642,7.56391,3
881.5,0.1293,2.60643,7.56391,3
881.6,0.1293,2.60643,7.56392,3
881.7,0.1293,2.60644,7.56392,3
881.8,0.1293,2.60645,7.56393,3
881.9,0.1293,2.60646,7.56393,3
882,0.1293,2.60647,7.56394,3
882.1,0.12931,2.60648,7.56394,3
882.2,0.12931,2.60649,7.56394,3
882.3,0.12931,2.6065,7.56395,3
882.4,0.12931,2.60651,7.56395,3
882.5,0.12931,2.60651,7.56396,3
882.6,0.12931,2.60652,7.56396,3
882.7,0.12932,2.60653,7.56397,3
882.8,0.12932,2.60654,7.56397,3
882.9,0.12932,2.60655,7.56398,3
883,0.12932,2.60656,7.56398,3
883.1,0.12932,2.60657,7.56398,3
883.2,0.12932,2.60658,7.56399,3
883.3,0.12933,2.60659,7.56399,3
883.4,0.12933,2.6066,7.564,3
883.5,0.12933,2.6066,7.564,3
883.6,0.12933,2.60661,7.56401,3
883.7,0.12933,2.60662,7.56401,3
883.8,0.12933,2.60662,7.56402,3
883.9,0.12934,2.60663,7.56402,3
884,0.12934,2.60664,7.56403,3
884.1,0.12934,2.60665,7.56403,3
884.2,0.12934,2.60665,7.56404,3
884.3,0.12934,2.60666,7.56404,3
884.4,0.12935,2.60667,7.56404,3
884.5,0.12935,2.60668,7.56405,3
884.6,0.12935,2.60669,7.56405,3
884.7,0.12935,2.6067,7.56406,3
884.8,0.12935,2.60671,7.56406,3
884.9,0.12936,2.60672,7.56407,3
885,0.12936,2.60673,7.56407,3
885.1,0.12936,2.60674,7.56407,3
885.2,0.12936,2.60675,7.56408,3
885.3,0.12936,2.60675,7.56408,3
885.4,0.12937,2.60676,7.56409,3
885.5,0.12937,2.60677,7.56409,3
885.6,0.12937,2.60678,7.56409,3
885.7,0.12937,2.60679,7.5641,3
885.8,0.12937,2.6068,7.5641,3
885.9,0.12937,2.60681,7.56411,3
886,0.12938,2.60682,7.56411,3
886.1,0.12938,2.60683,7.56412,3
886.2,0.12938,2.60683,7.56412,3
886.3,0.12938,2.60685,7.56412,3
886.4,0.12938,2.60686,7.56413,3
886.5,0.12939,2.60687,7.56413,3
886.6,0.12939,2.60688,7.56414,3
886.7,0.12939,2.6069,7.56414,3
886.8,0.12939,2.60691,7.56415,3
886.9,0.12939,2.60692,7.56415,3
887,0.12939,2.60693,7.56416,3
887.1,0.1294,2.60694,7.56416,3
887.2,0.1294,2.60695,7.56417,3
887.3,0.1294,2.60696,7.56417,3
887.4,0.1294,2.60697,7.56418,3
887.5,0.1294,2.60698,7.56418,3
887.6,0.1294,2.60699,7.56418,3
887.7,0.12941,2.607,7.56419,3
887.8,0.12941,2.60701,7.56419,3
887.9,0.12941,2.60702,7.5642,3
888,0.12941,2.60703,7.5642,3
888.1,0.12941,2.60705,7.56421,3
888.2,0.12942,2.60706,7.56421,3
888.3,0.12942,2.60707,7.56422,3
888.4,0.12942,2.60708,7.56422,3
888.5,0.12942,2.60709,7.56423,3
888.6,0.12942,2.6071,7.56423,3
888.7,0.12942,2.60711,7.56424,3
888.8,0.12943,2.60712,7.56425,3
888.9,0.12943,2.60713,7.56425,3
889,0.12943,2.60714,7.56426,3
889.1,0.12943,2.60715,7.56426,3
889.2,0.12944,2.60716,7.56427,3
889.3,0.12944,2.60717,7.56427,3
889.4,0.12944,2.60718,7.56428,3
889.5,0.12944,2.60718,7.56428,3
889.6,0.12944,2.60719,7.56429,3
889.7,0.12945,2.60721,7.56429,3
889.8,0.12945,2.60722,7.5643,3
889.9,0.12945,2.60723,7.5643,3
890,0.12945,2.60724,7.56431,3
890.1,0.12946,2.60725,7.56431,3
890.2,0.12946,2.60725,7.56432,3
890.3,0.12946,2.60726,7.56432,3
890.4,0.12946,2.60727,7.56433,3
890.5,0.12946,2.60727,7.56433,3
890.6,0.12947,2.60728,7.56433,3
890.7,0.12947,2.60729,7.56434,3
890.8,0.12947,2.60729,7.56434,3
890.9,0.12947,2.6073,7.56435,3
891,0.12947,2.60731,7.56435,3
891.1,0.12948,2.60732,7.56435,3
891.2,0.12948,2.60732,7.56436,3
891.3,0.12948,2.60733,7.56436,3
891.4,0.12948,2.60734,7.56437,3
891.5,0.12948,2.60734,7.56437,3
891.6,0.12948,2.60735,7.56437,3
891.7,0.12949,2.60735,7.56438,3
891.8,0.12949,2.60736,7.56438,3
891.9,0.12949,2.60737,7.56439,3
892,0.12949,2.60737,7.56439,3
892.1,0.12949,2.60738,7.5644,3
892.2,0.1295,2.60738,7.5644,3
892.3,0.1295,2.60739,7.56441,3
892.4,0.1295,2.60739,7.56441,3
892.5,0.1295,2.6074,7.56442,3
892.6,0.1295,2.60741,7.56442,3
892.7,0.12951,2.60741,7.56443,3
892.8,0.12951,2.60742,7.56443,3
892.9,0.12951,2.60743,7.56444,3
893,0.12951,2.60744,7.56444,3
893.1,0.12951,2.60744,7.56445,3
893.2,0.12951,2.60745,7.56445,3
893.3,0.12952,2.60746,7.56446,3
893.4,0.12952,2.60747,7.56446,3
893.5,0.12952,2.60748,7.56447,3
893.6,0.12952,2.60748,7.56447,3
893.7,0.12952,2.60749,7.56448,3
893.8,0.12953,2.60749,7.56448,3
893.9,0.12953,2.6075,7.56449,3
894,0.12953,2.60751,7.56449,3
894.1,0.12953,2.60752,7.5645,3
894.2,0.12953,2.60752,7.5645,3
894.3,0.12953,2.60753,7.56451,3
894.4,0.12954,2.60754,7.56451,3
894.5,0.12954,2.60755,7.56452,3
894.6,0.12954,2.60756,7.56452,3
894.7,0.12954,2.60757,7.56453,3
894.8,0.12954,2.60758,7.56453,3
894.9,0.12955,2.60758,7.56454,3
895,0.12955,2.60759,7.56454,3
895.1,0.12955,2.6076,7.56455,3
895.2,0.12955,2.60761,7.56455,3
895.3,0.12955,2.60762,7.56456,3
895.4,0.12955,2.60763,7.56456,3
895.5,0.12956,2.60764,7.56457,3
895.6,0.12956,2.60764,7.56457,3
895.7,0.12956,2.60765,7.56458,3
895.8,0.12956,2.60766,7.56459,3
895.9,0.12956,2.60767,7.56459,3
896,0.12957,2.60768,7.5646,3
896.1,0.12957,2.60768,7.5646,3
896.2,0.12957,2.60769,7.56461,3
896.3,0.12957,2.6077,7.56461,3
896.4,0.12957,2.60771,7.56462,3
896.5,0.12958,2.60772,7.56462,3
896.6,0.12958,2.60773,7.56463,3
896.7,0.12958,2.60773,7.56464,3
896.8,0.12958,2.60774,7.56464,3
896.9,0.12958,2.60775,7.56465,3
897,0.12959,2.60776,7.56465,3
897.1,0.12959,2.60777,7.56466,3
897.2,0.12959,2.60778,7.56466,3
897.3,0.12959,2.60779,7.56467,3
897.4,0.12959,2.6078,7.56467,3
897.5,0.1296,2.60781,7.56468,3
897.6,0.1296,2.60782,7.56468,3
897.7,0.1296,2.60783,7.56469,3
897.8,0.1296,2.60784,7.56469,3
897.9,0.1296,2.60785,7.5647,3
898,0.12961,2.60786,7.5647,3
898.1,0.12961,2.60787,7.56471,3
898.2,0.12961,2.60788,7.56471,3
898.3,0.12961,2.60789,7.56472,3
898.4,0.12961,2.6079,7.56472,3
898.5,0.12962,2.60791,7.56473,3
898.6,0.12962,2.60792,7.56473,3
898.7,0.12962,2.60793,7.56474,3
898.8,0.12962,2.60794,7.56475,3
898.9,0.12962,2.60795,7.56475,3
899,0.12963,2.60796,7.56476,3
899.1,0.12963,2.60797,7.56476,3
899.2,0.12963,2.60798,7.56477,3
899.3,0.12963,2.60799,7.56477,3
899.4,0.12963,2.608,7.56478,3
899.5,0.12964,2.60801,7.56478,3
899.6,0.12964,2.60802,7.56479,3
899.7,0.12964,2.60803,7.56479,3
899.8,0.12964,2.60804,7.5648,3
899.9,0.12964,2.60805,7.5648,3
900,0.12965,2.60806,7.56481,3
900.1,0.12965,2.60807,7.56481,3
900.2,0.12965,2.60808,7.56482,3
900.3,0.12965,2.60809,7.56483,3
900.4,0.12965,2.6081,7.56483,3
900.5,0.12966,2.60812,7.56484,3
900.6,0.12966,2.60813,7.56484,3
900.7,0.12966,2.60814,7.56485,3
900.8,0.12966,2.60815,7.56485,3
900.9,0.12966,2.60817,7.56486,3
901,0.12967,2.60818,7.56486,3
901.1,0.12967,2.60819,7.56487,3
901.2,0.12967,2.60819,7.56487,3
901.3,0.12967,2.6082,7.56488,3
901.4,0.12967,2.60821,7.56488,3
901.5,0.12968,2.60822,7.56489,3
901.6,0.12968,2.60823,7.56489,3
901.7,0.12968,2.60825,7.5649,3
901.8,0.12968,2.60826,7.5649,3
901.9,0.12969,2.60827,7.56491,3
902,0.12969,2.60828,7.56491,3
902.1,0.12969,2.60829,7.56492,3
902.2,0.12969,2.6083,7.56492,3
902.3,0.12969,2.60831,7.56493,3
902.4,0.1297,2.60833,7.56493,3
902.5,0.1297,2.60834,7.56494,3
902.6,0.1297,2.60835,7.56495,3
902.7,0.1297,2.60836,7.56495,3
902.8,0.1297,2.60838,7.56496,3
902.9,0.1297,2.60839,7.56496,3
903,0.12971,2.6084,7.56497,3
903.1,0.12971,2.60841,7.56497,3
903.2,0.12971,2.60843,7.56498,3
903.3,0.12971,2.60844,7.56499,3
903.4,0.12971,2.60845,7.56499,3
903.5,0.12972,2.60846,7.565,3
903.6,0.12972,2.60846,7.565,3
903.7,0.12972,2.60847,7.56501,3
903.8,0.12972,2.60848,7.56501,3
903.9,0.12972,2.60849,7.56502,3
904,0.12973,2.6085,7.56502,3
904.1,0.12973,2.60851,7.56503,3
904.2,0.12973,2.60852,7.56503,3
904.3,0.12973,2.60853,7.56504,3
904.4,0.12974,2.60854,7.56504,3
904.5,0.12974,2.60855,7.56505,3
904.6,0.12974,2.60856,7.56505,3
904.7,0.12974,2.60857,7.56506,3
904.8,0.12974,2.60858,7.56506,3
904.9,0.12975,2.60859,7.56507,3
905,0.12975,2.60861,7.56507,3
905.1,0.12975,2.60862,7.56508,3
905.2,0.12975,2.60863,7.56508,3
905.3,0.12976,2.60865,7.56509,3
905.4,0.12976,2.60866,7.5651,3
905.5,0.12976,2.60867,7.5651,3
905.6,0.12976,2.60869,7.56511,3
905.7,0.12976,2.6087,7.56511,3
905.8,0.12977,2.60871,7.56512,3
905.9,0.12977,2.60872,7.56512,3
906,0.12977,2.60874,7.56513,3
906.1,0.12977,2.60875,7.56513,3
906.2,0.12978,2.60876,7.56514,3
906.3,0.12978,2.60878,7.56514,3
906.4,0.12978,2.60879,7.56515,3
906.5,0.12978,2.6088,7.56515,3
906.6,0.12978,2.60881,7.56516,3
906.7,0.12979,2.60882,7.56516,3
906.8,0.12979,2.60883,7.56517,3
906.9,0.12979,2.60884,7.56517,3
907,0.12979,2.60885,7.56518,3
907.1,0.12979,2.60886,7.56518,3
907.2,0.1298,2.60888,7.56519,3
907.3,0.1298,2.60889,7.56519,3
907.4,0.1298,2.6089,7.5652,3
907.5,0.1298,2.60891,7.5652,3
907.6,0.1298,2.60892,7.56521,3
907.7,0.1298,2.60894,7.56521,3
907.8,0.12981,2.60895,7.56521,3
907.9,0.12981,2.60896,7.56522,3
908,0.12981,2.60898,7.56522,3
908.1,0.12981,2.60899,7.56523,3
908.2,0.12981,2.609,7.56523,3
908.3,0.12982,2.60902,7.56524,3
908.4,0.12982,2.60903,7.56524,3
908.5,0.12982,2.60904,7.56524,3
908.6,0.12982,2.60906,7.56525,3
908.7,0.12982,2.60907,7.56525,3
908.8,0.12982,2.60909,7.56526,3
908.9,0.12983,2.6091,7.56526,3
909,0.12983,2.60911,7.56527,3
909.1,0.12983,2.60912,7.56527,3
909.2,0.12983,2.60913,7.56528,3
909.3,0.12983,2.60914,7.56528,3
909.4,0.12984,2.60915,7.56529,3
909.5,0.12984,2.60916,7.56529,3
909.6,0.12984,2.60917,7.5653,3
909.7,0.12984,2.60918,7.5653,3
909.8,0.12984,2.60919,7.56531,3
909.9,0.12984,2.6092,7.56531,3
910,0.12984,2.60922,7.56531,3
910.1,0.12985,2.60923,7.56532,3
910.2,0.12985,2.60924,7.56532,3
910.3,0.12985,2.60925,7.56533,3
910.4,0.12985,2.60927,7.56533,3
910.5,0.12985,2.60928,7.56534,3
910.6,0.12985,2.60929,7.56534,3
910.7,0.12985,2.60931,7.56535,3
910.8,0.12986,2.60932,7.56535,3
910.9,0.12986,2.60934,7.56536,3
911,0.12986,2.60935,7.56536,3
911.1,0.12986,2.60936,7.56537,3
911.2,0.12986,2.60938,7.56537,3
911.3,0.12987,2.60939,7.56538,3
911.4,0.12987,2.60941,7.56538,3
911.5,0.12987,2.60942,7.56539,3
911.6,0.12987,2.60944,7.56539,3
911.7,0.12987,2.60946,7.5654,3
911.8,0.12987,2.60947,7.5654,3
911.9,0.12988,2.60948,7.5654,3
912,0.12988,2.6095,7.56541,3
912.1,0.12988,2.60951,7.56541,3
912.2,0.12988,2.60952,7.56542,3
912.3,0.12988,2.60953,7.56542,3
912.4,0.12988,2.60954,7.56543,3
912.5,0.12989,2.60955,7.56543,3
912.6,0.12989,2.60957,7.56544,3
912.7,0.12989,2.60958,7.56544,3
912.8,0.12989,2.60959,7.56545,3
912.9,0.12989,2.60961,7.56545,3
913,0.12989,2.60962,7.56546,3
913.1,0.1299,2.60964,7.56546,3
913.2,0.1299,2.60966,7.56546,3
913.3,0.1299,2.60967,7.56547,3
913.4,0.1299,2.60968,7.56547,3
913.5,0.1299,2.6097,7.56548,3
913.6,0.1299,2.60971,7.56548,3
913.7,0.12991,2.60973,7.56548,3
913.8,0.12991,2.60974,7.56549,3
913.9,0.12991,2.60976,7.56549,3
914,0.12991,2.60977,7.5655,3
914.1,0.12991,2.60978,7.5655,3
914.2,0.12991,2.6098,7.5655,3
914.3,0.12991,2.60981,7.56551,3
914.4,0.12992,2.60983,7.56551,3
914.5,0.12992,2.60985,7.56552,3
914.6,0.12992,2.60986,7.56552,3
914.7,0.12992,2.60988,7.56552,3
914.8,0.12992,2.60989,7.56553,3
914.9,0.12992,2.6099,7.56553,3
915,0.12992,2.60992,7.56554,3
915.1,0.12993,2.60993,7.56554,3
915.2,0.12993,2.60994,7.56555,3
915.3,0.12993,2.60996,7.56555,3
915.4,0.12993,2.60998,7.56555,3
915.5,0.12993,2.60999,7.56556,3
915.6,0.12993,2.61001,7.56556,3
915.7,0.12994,2.61002,7.56556,3
915.8,0.12994,2.61004,7.56557,3
915.9,0.12994,2.61005,7.56557,3
916,0.12994,2.61007,7.56558,3
916.1,0.12994,2.61008,7.56558,3
916.2,0.12994,2.6101,7.56559,3
916.3,0.12994,2.61012,7.56559,3
916.4,0.12995,2.61013,7.56559,3
916.5,0.12995,2.61015,7.5656,3
916.6,0.12995,2.61016,7.5656,3
916.7,0.12995,2.61017,7.56561,3
916.8,0.12995,2.61018,7.56561,3
916.9,0.12995,2.61019,7.56562,3
917,0.12996,2.6102,7.56562,3
917.1,0.12996,2.61021,7.56562,3
917.2,0.12996,2.61022,7.56563,3
917.3,0.12996,2.61023,7.56563,3
917.4,0.12996,2.61024,7.56564,3
917.5,0.12996,2.61026,7.56564,3
917.6,0.12996,2.61027,7.56564,3
917.7,0.12997,2.61028,7.56565,3
917.8,0.12997,2.6103,7.56565,3
917.9,0.12997,2.61031,7.56566,3
918,0.12997,2.61033,7.56566,3
918.1,0.12997,2.61034,7.56567,3
918.2,0.12997,2.61035,7.56567,3
918.3,0.12997,2.61037,7.56568,3
918.4,0.12997,2.61038,7.56568,3
918.5,0.12998,2.61039,7.56569,3
918.6,0.12998,2.61041,7.56569,3
918.7,0.12998,2.61042,7.56569,3
918.8,0.12998,2.61044,7.5657,3
918.9,0.12998,2.61045,7.5657,3
919,0.12998,2.61047,7.56571,3
919.1,0.12998,2.61048,7.56571,3
919.2,0.12998,2.6105,7.56572,3
919.3,0.12999,2.61051,7.56572,3
919.4,0.12999,2.61053,7.56573,3
919.5,0.12999,2.61055,7.56573,3
919.6,0.12999,2.61056,7.56573,3
919.7,0.12999,2.61058,7.56574,3
919.8,0.12999,2.61059,7.56574,3
919.9,0.12999,2.6106,7.56575,3
920,0.13,2.61062,7.56575,3
920.1,0.13,2.61063,7.56575,3
920.2,0.13,2.61064,7.56576,3
920.3,0.13,2.61065,7.56576,3
920.4,0.13,2.61066,7.56577,3
920.5,0.13,2.61067,7.56577,3
920.6,0.13,2.61069,7.56577,3
920.7,0.13,2.6107,7.56578,3
920.8,0.13001,2.61071,7.56578,3
920.9,0.13001,2.61072,7.56579,3
921,0.13001,2.61074,7.56579,3
921.1,0.13001,2.61075,7.56579,3
921.2,0.13001,2.61077,7.5658,3
921.3,0.13001,2.61078,7.5658,3
921.4,0.13001,2.61079,7.56581,3
921.5,0.13002,2.61081,7.56581,3
921.6,0.13002,2.61082,7.56582,3
921.7,0.13002,2.61084,7.56582,3
921.8,0.13002,2.61085,7.56582,3
921.9,0.13002,2.61086,7.56583,3
922,0.13002,2.61088,7.56583,3
922.1,0.13002,2.61089,7.56584,3
922.2,0.13003,2.61091,7.56584,3
922.3,0.13003,2.61092,7.56584,3
922.4,0.13003,2.61093,7.56585,3
922.5,0.13003,2.61095,7.56585,3
922.6,0.13003,2.61096,7.56586,3
922.7,0.13003,2.61097,7.56586,3
922.8,0.13003,2.61098,7.56586,3
922.9,0.13003,2.611,7.56587,3
923,0.13003,2.61101,7.56587,3
923.1,0.13004,2.61101,7.56587,3
923.2,0.13004,2.61102,7.56588,3
923.3,0.13004,2.61103,7.56588,3
923.4,0.13004,2.61104,7.56588,3
923.5,0.13004,2.61106,7.56589,3
923.6,0.13004,2.61107,7.56589,3
923.7,0.13004,2.61108,7.5659,3
923.8,0.13005,2.61109,7.5659,3
923.9,0.13005,2.6111,7.5659,3
924,0.13005,2.61111,7.56591,3
924.1,0.13005,2.61113,7.56591,3
924.2,0.13005,2.61114,7.56591,3
924.3,0.13005,2.61116,7.56592,3
924.4,0.13005,2.61117,7.56592,3
924.5,0.13005,2.61118,7.56593,3
924.6,0.13005,2.6112,7.56593,3
924.7,0.13005,2.61121,7.56593,3
924.8,0.13005,2.61122,7.56594,3
924.9,0.13006,2.61123,7.56594,3
925,0.13006,2.61125,7.56594,3
925.1,0.13006,2.61126,7.56595,3
925.2,0.13006,2.61127,7.56595,3
925.3,0.13006,2.61128,7.56595,3
925.4,0.13006,2.61129,7.56596,3
925.5,0.13006,2.6113,7.56596,3
925.6,0.13006,2.61132,7.56597,3
925.7,0.13006,2.61133,7.56597,3
925.8,0.13006,2.61134,7.56597,3
925.9,0.13007,2.61135,7.56598,3
926,0.13007,2.61136,7.56598,3
926.1,0.13007,2.61137,7.56598,3
926.2,0.13007,2.61138,7.56599,3
926.3,0.13007,2.6114,7.56599,3
926.4,0.13007,2.61141,7.56599,3
926.5,0.13007,2.61142,7.566,3
926.6,0.13007,2.61144,7.566,3
926.7,0.13007,2.61145,7.566,3
926.8,0.13007,2.61147,7.56601,3
926.9,0.13007,2.61148,7.56601,3
927,0.13008,2.61149,7.56601,3
927.1,0.13008,2.61151,7.56602,3
927.2,0.13008,2.61152,7.56602,3
927.3,0.13008,2.61154,7.56602,3
927.4,0.13008,2.61155,7.56603,3
927.5,0.13008,2.61156,7.56603,3
927.6,0.13008,2.61158,7.56603,3
927.7,0.13008,2.61159,7.56604,3
927.8,0.13008,2.6116,7.56604,3
927.9,0.13008,2.61161,7.56604,3
928,0.13009,2.61163,7.56605,3
928.1,0.13009,2.61163,7.56605,3
928.2,0.13009,2.61164,7.56605,3
928.3,0.13009,2.61165,7.56606,3
928.4,0.13009,2.61167,7.56606,3
928.5,0.13009,2.61168,7.56606,3
928.6,0.13009,2.61169,7.56607,3
928.7,0.13009,2.6117,7.56607,3
928.8,0.13009,2.61172,7.56607,3
928.9,0.1301,2.61173,7.56608,3
929,0.1301,2.61174,7.56608,3
929.1,0.1301,2.61176,7.56608,3
929.2,0.1301,2.61177,7.56609,3
929.3,0.1301,2.61179,7.56609,3
929.4,0.1301,2.6118,7.56609,3
929.5,0.1301,2.61181,7.5661,3
929.6,0.1301,2.61183,7.5661,3
929.7,0.1301,2.61184,7.5661,3
929.8,0.13011,2.61186,7.56611,3
929.9,0.13011,2.61187,7.56611,3
930,0.13011,2.61188,7.56611,3
930.1,0.13011,2.6119,7.56612,3
930.2,0.13011,2.61192,7.56612,3
930.3,0.13011,2.61193,7.56612,3
930.4,0.13011,2.61195,7.56613,3
930.5,0.13011,2.61196,7.56613,3
930.6,0.13011,2.61198,7.56613,3
930.7,0.13011,2.61199,7.56614,3
930.8,0.13011,2.612,7.56614,3
930.9,0.13012,2.61201,7.56614,3
931,0.13012,2.61202,7.56615,3
931.1,0.13012,2.61203,7.56615,3
931.2,0.13012,2.61204,7.56615,3
931.3,0.13012,2.61205,7.56615,3
931.4,0.13012,2.61206,7.56616,3
931.5,0.13012,2.61207,7.56616,3
931.6,0.13012,2.61208,7.56616,3
931.7,0.13012,2.61209,7.56617,3
931.8,0.13013,2.61211,7.56617,3
931.9,0.13013,2.61212,7.56617,3
932,0.13013,2.61213,7.56618,3
932.1,0.13013,2.61215,7.56618,3
932.2,0.13013,2.61216,7.56618,3
932.3,0.13013,2.61218,7.56619,3
932.4,0.13013,2.61219,7.56619,3
932.5,0.13013,2.61221,7.56619,3
932.6,0.13013,2.61222,7.56619,3
932.7,0.13013,2.61223,7.5662,3
932.8,0.13013,2.61225,7.5662,3
932.9,0.13013,2.61226,7.5662,3
933,0.13013,2.61228,7.5662,3
933.1,0.13013,2.61229,7.56621,3
933.2,0.13014,2.6123,7.56621,3
933.3,0.13014,2.61232,7.56621,3
933.4,0.13014,2.61233,7.56621,3
933.5,0.13014,2.61234,7.56622,3
933.6,0.13014,2.61235,7.56622,3
933.7,0.13014,2.61237,7.56622,3
933.8,0.13014,2.61238,7.56623,3
933.9,0.13014,2.61239,7.56623,3
934,0.13014,2.61241,7.56623,3
934.1,0.13014,2.61242,7.56623,3
934.2,0.13014,2.61244,7.56624,3
934.3,0.13014,2.61245,7.56624,3
934.4,0.13015,2.61247,7.56624,3
934.5,0.13015,2.61248,7.56624,3
934.6,0.13015,2.6125,7.56625,3
934.7,0.13015,2.61251,7.56625,3
934.8,0.13015,2.61253,7.56625,3
934.9,0.13015,2.61254,7.56625,3
935,0.13015,2.61255,7.56626,3
935.1,0.13015,2.61256,7.56626,3
935.2,0.13015,2.61258,7.56626,3
935.3,0.13015,2.61259,7.56626,3
935.4,0.13015,2.6126,7.56627,3
935.5,0.13015,2.61261,7.56627,3
935.6,0.13015,2.61262,7.56627,3
935.7,0.13016,2.61263,7.56627,3
935.8,0.13016,2.61265,7.56628,3
935.9,0.13016,2.61266,7.56628,3
936,0.13016,2.61268,7.56628,3
936.1,0.13016,2.61269,7.56628,3
936.2,0.13016,2.61271,7.56629,3
936.3,0.13016,2.61272,7.56629,3
936.4,0.13016,2.61274,7.56629,3
936.5,0.13016,2.61275,7.56629,3
936.6,0.13016,2.61277,7.56629,3
936.7,0.13016,2.61278,7.56629,3
936.8,0.13016,2.61279,7.5663,3
936.9,0.13017,2.61281,7.5663,3
937,0.13017,2.61282,7.5663,3
937.1,0.13017,2.61283,7.5663,3
937.2,0.13017,2.61285,7.5663,3
937.3,0.13017,2.61286,7.5663,3
937.4,0.13017,2.61287,7.56631,3
937.5,0.13017,2.61288,7.56631,3
937.6,0.13017,2.61289,7.56631,3
937.7,0.13017,2.6129,7.56631,3
937.8,0.13017,2.61292,7.56631,3
937.9,0.13018,2.61293,7.56631,3
938,0.13018,2.61294,7.56632,3
938.1,0.13018,2.61295,7.56632,3
938.2,0.13018,2.61296,7.56632,3
938.3,0.13018,2.61297,7.56632,3
938.4,0.13018,2.61297,7.56632,3
938.5,0.13018,2.61298,7.56632,3
938.6,0.13018,2.61298,7.56633,3
938.7,0.13018,2.61299,7.56633,3
938.8,0.13019,2.613,7.56633,3
938.9,0.13019,2.61301,7.56633,3
939,0.13019,2.61302,7.56633,3
939.1,0.13019,2.61303,7.56633,3
939.2,0.13019,2.61304,7.56634,3
939.3,0.13019,2.61305,7.56634,3
939.4,0.13019,2.61306,7.56634,3
939.5,0.13019,2.61307,7.56634,3
939.6,0.13019,2.61308,7.56634,3
939.7,0.13019,2.61309,7.56634,3
939.8,0.13019,2.6131,7.56634,3
939.9,0.13019,2.61311,7.56635,3
940,0.13019,2.61312,7.56635,3
940.1,0.13019,2.61313,7.56635,3
940.2,0.13019,2.61314,7.56635,3
940.3,0.13019,2.61316,7.56635,3
940.4,0.13019,2.61317,7.56635,3
940.5,0.13019,2.61318,7.56636,3
940.6,0.1302,2.61319,7.56636,3
940.7,0.1302,2.6132,7.56636,3
940.8,0.1302,2.61322,7.56636,3
940.9,0.1302,2.61323,7.56636,3
941,0.1302,2.61324,7.56636,3
941.1,0.1302,2.61325,7.56637,3
941.2,0.1302,2.61326,7.56637,3
941.3,0.1302,2.61327,7.56637,3
941.4,0.1302,2.61328,7.56637,3
941.5,0.1302,2.61329,7.56637,3
941.6,0.1302,2.6133,7.56637,3
941.7,0.1302,2.6133,7.56638,3
941.8,0.1302,2.61331,7.56638,3
941.9,0.1302,2.61332,7.56638,3
942,0.1302,2.61333,7.56638,3
942.1,0.1302,2.61334,7.56638,3
942.2,0.1302,2.61335,7.56639,3
942.3,0.1302,2.61336,7.56639,3
942.4,0.1302,2.61337,7.56639,3
942.5,0.1302,2.61338,7.56639,3
942.6,0.1302,2.61339,7.5664,3
942.7,0.1302,2.6134,7.5664,3
942.8,0.1302,2.61341,7.5664,3
942.9,0.1302,2.61342,7.5664,3
943,0.1302,2.61343,7.5664,3
943.1,0.1302,2.61344,7.56641,3
943.2,0.1302,2.61345,7.56641,3
943.3,0.1302,2.61346,7.56641,3
943.4,0.1302,2.61347,7.56641,3
943.5,0.1302,2.61348,7.56642,3
943.6,0.1302,2.61349,7.56642,3
943.7,0.1302,2.6135,7.56642,3
943.8,0.1302,2.61351,7.56642,3
943.9,0.1302,2.61352,7.56642,3
944,0.1302,2.61352,7.56643,3
944.1,0.1302,2.61352,7.56643,3
944.2,0.1302,2.61353,7.56643,3
944.3,0.1302,2.61353,7.56643,3
944.4,0.1302,2.61354,7.56643,3
944.5,0.1302,2.61354,7.56643,3
944.6,0.1302,2.61355,7.56644,3
944.7,0.1302,2.61355,7.56644,3
944.8,0.1302,2.61356,7.56644,3
944.9,0.1302,2.61357,7.56644,3
945,0.1302,2.61357,7.56644,3
945.1,0.1302,2.61358,7.56644,3
945.2,0.1302,2.61359,7.56645,3
945.3,0.1302,2.6136,7.56645,3
945.4,0.1302,2.6136,7.56645,3
945.5,0.1302,2.61361,7.56645,3
945.6,0.1302,2.61362,7.56645,3
945.7,0.1302,2.61363,7.56645,3
945.8,0.1302,2.61364,7.56645,3
945.9,0.1302,2.61365,7.56646,3
946,0.1302,2.61366,7.56646,3
946.1,0.1302,2.61367,7.56646,3
946.2,0.1302,2.61368,7.56646,3
946.3,0.1302,2.61369,7.56646,3
946.4,0.1302,2.6137,7.56646,3
946.5,0.1302,2.61371,7.56646,3
946.6,0.1302,2.61372,7.56647,3
946.7,0.1302,2.61372,7.56647,3
946.8,0.1302,2.61373,7.56647,3
946.9,0.1302,2.61374,7.56647,3
947,0.1302,2.61375,7.56647,3
947.1,0.1302,2.61376,7.56647,3
947.2,0.1302,2.61377,7.56647,3
947.3,0.1302,2.61378,7.56647,3
947.4,0.1302,2.61379,7.56648,3
947.5,0.1302,2.61379,7.56648,3
947.6,0.1302,2.6138,7.56648,3
947.7,0.1302,2.61381,7.56648,3
947.8,0.1302,2.61382,7.56648,3
947.9,0.1302,2.61383,7.56648,3
948,0.1302,2.61384,7.56648,3
948.1,0.13019,2.61385,7.56649,3
948.2,0.13019,2.61385,7.56649,3
948.3,0.13019,2.61386,7.56649,3
948.4,0.13019,2.61387,7.56649,3
948.5,0.13019,2.61387,7.56649,3
948.6,0.13019,2.61387,7.56649,3
948.7,0.13019,2.61388,7.56649,3
948.8,0.13019,2.61388,7.56649,3
948.9,0.13019,2.61388,7.56649,3
949,0.13019,2.61388,7.56649,3
949.1,0.13019,2.61388,7.5665,3
949.2,0.13019,2.61388,7.5665,3
949.3,0.13019,2.61388,7.5665,3
949.4,0.13019,2.61389,7.5665,3
949.5,0.13019,2.61389,7.5665,3
949.6,0.13019,2.61389,7.5665,3
949.7,0.13019,2.6139,7.5665,3
949.8,0.13019,2.6139,7.5665,3
949.9,0.13019,2.61391,7.5665,3
950,0.13019,2.61391,7.5665,3
950.1,0.13019,2.61392,7.5665,3
950.2,0.13018,2.61392,7.5665,3
950.3,0.13018,2.61393,7.5665,3
950.4,0.13018,2.61394,7.56651,3
950.5,0.13018,2.61395,7.56651,3
950.6,0.13018,2.61395,7.56651,3
950.7,0.13018,2.61396,7.56651,3
950.8,0.13018,2.61397,7.56651,3
950.9,0.13018,2.61397,7.56651,3
951,0.13018,2.61398,7.56651,3
951.1,0.13018,2.61399,7.56651,3
951.2,0.13018,2.61399,7.56651,3
951.3,0.13017,2.614,7.56651,3
951.4,0.13017,2.614,7.56651,3
951.5,0.13017,2.61401,7.56651,3
951.6,0.13017,2.61402,7.56652,3
951.7,0.13017,2.61402,7.56652,3
951.8,0.13017,2.61403,7.56652,3
951.9,0.13017,2.61404,7.56652,3
952,0.13017,2.61404,7.56652,3
952.1,0.13017,2.61404,7.56652,3
952.2,0.13017,2.61404,7.56652,3
952.3,0.13017,2.61404,7.56652,3
952.4,0.13017,2.61404,7.56652,3
952.5,0.13017,2.61404,7.56652,3
952.6,0.13017,2.61405,7.56652,3
952.7,0.13017,2.61405,7.56653,3
952.8,0.13017,2.61405,7.56653,3
952.9,0.13016,2.61405,7.56653,3
953,0.13016,2.61406,7.56653,3
953.1,0.13016,2.61406,7.56653,3
953.2,0.13016,2.61406,7.56653,3
953.3,0.13016,2.61407,7.56653,3
953.4,0.13016,2.61407,7.56653,3
953.5,0.13016,2.61407,7.56653,3
953.6,0.13016,2.61408,7.56654,3
953.7,0.13016,2.61409,7.56654,3
953.8,0.13016,2.61409,7.56654,3
953.9,0.13015,2.6141,7.56654,3
954,0.13015,2.61411,7.56654,3
954.1,0.13015,2.61411,7.56654,3
954.2,0.13015,2.61412,7.56654,3
954.3,0.13015,2.61412,7.56654,3
954.4,0.13015,2.61412,7.56654,3
954.5,0.13015,2.61413,7.56655,3
954.6,0.13015,2.61413,7.56655,3
954.7,0.13015,2.61413,7.56655,3
954.8,0.13015,2.61414,7.56655,3
954.9,0.13015,2.61414,7.56655,3
955,0.13015,2.61414,7.56655,3
955.1,0.13014,2.61414,7.56655,3
955.2,0.13014,2.61414,7.56655,3
955.3,0.13014,2.61414,7.56655,3
955.4,0.13014,2.61414,7.56655,3
955.5,0.13014,2.61413,7.56656,3
955.6,0.13014,2.61413,7.56656,3
955.7,0.13014,2.61413,7.56656,3
955.8,0.13014,2.61413,7.56656,3
955.9,0.13014,2.61414,7.56656,3
956,0.13014,2.61414,7.56656,3
956.1,0.13014,2.61414,7.56656,3
956.2,0.13014,2.61415,7.56656,3
956.3,0.13014,2.61415,7.56656,3
956.4,0.13013,2.61415,7.56656,3
956.5,0.13013,2.61416,7.56657,3
956.6,0.13013,2.61416,7.56657,3
956.7,0.13013,2.61416,7.56657,3
956.8,0.13013,2.61417,7.56657,3
956.9,0.13013,2.61417,7.56657,3
957,0.13013,2.61417,7.56657,3
957.1,0.13013,2.61418,7.56657,3
957.2,0.13013,2.61418,7.56657,3
957.3,0.13013,2.61418,7.56657,3
957.4,0.13012,2.61419,7.56657,3
957.5,0.13012,2.61419,7.56657,3
957.6,0.13012,2.6142,7.56658,3
957.7,0.13012,2.6142,7.56658,3
957.8,0.13012,2.61421,7.56658,3
957.9,0.13012,2.61422,7.56658,3
958,0.13012,2.61422,7.56658,3
958.1,0.13012,2.61423,7.56658,3
958.2,0.13012,2.61423,7.56658,3
958.3,0.13012,2.61423,7.56658,3
958.4,0.13012,2.61423,7.56658,3
958.5,0.13012,2.61423,7.56658,3
958.6,0.13011,2.61422,7.56659,3
958.7,0.13011,2.61422,7.56659,3
958.8,0.13011,2.61422,7.56659,3
958.9,0.13011,2.61422,7.56659,3
959,0.13011,2.61422,7.56659,3
959.1,0.13011,2.61422,7.56659,3
959.2,0.13011,2.61422,7.56659,3
959.3,0.13011,2.61422,7.56659,3
959.4,0.13011,2.61422,7.56659,3
959.5,0.1301,2.61422,7.56659,3
959.6,0.1301,2.61422,7.56659,3
959.7,0.1301,2.61422,7.56659,3
959.8,0.1301,2.61422,7.56659,3
959.9,0.1301,2.61422,7.5666,3
960,0.1301,2.61423,7.5666,3
960.1,0.1301,2.61423,7.5666,3
960.2,0.1301,2.61423,7.5666,3
960.3,0.1301,2.61423,7.5666,3
960.4,0.13009,2.61424,7.5666,3
960.5,0.13009,2.61424,7.5666,3
960.6,0.13009,2.61424,7.5666,3
960.7,0.13009,2.61424,7.5666,3
960.8,0.13009,2.61424,7.5666,3
960.9,0.13009,2.61424,7.5666,3
961,0.13009,2.61424,7.5666,3
961.1,0.13009,2.61424,7.56661,3
961.2,0.13009,2.61424,7.56661,3
961.3,0.13009,2.61424,7.56661,3
961.4,0.13009,2.61423,7.56661,3
961.5,0.13008,2.61423,7.56661,3
961.6,0.13008,2.61422,7.56661,3
961.7,0.13008,2.61422,7.56661,3
961.8,0.13008,2.61422,7.56661,3
961.9,0.13008,2.61422,7.56661,3
962,0.13008,2.61421,7.56661,3
962.1,0.13008,2.61421,7.56662,3
962.2,0.13008,2.61421,7.56662,3
962.3,0.13008,2.61421,7.56662,3
962.4,0.13007,2.61422,7.56662,3
962.5,0.13007,2.61422,7.56662,3
962.6,0.13007,2.61422,7.56662,3
962.7,0.13007,2.61422,7.56662,3
962.8,0.13007,2.61423,7.56662,3
962.9,0.13007,2.61423,7.56662,3
963,0.13007,2.61423,7.56662,3
963.1,0.13007,2.61424,7.56663,3
963.2,0.13006,2.61424,7.56663,3
963.3,0.13006,2.61424,7.56663,3
963.4,0.13006,2.61424,7.56663,3
963.5,0.13006,2.61424,7.56663,3
963.6,0.13006,2.61425,7.56663,3
963.7,0.13006,2.61425,7.56663,3
963.8,0.13006,2.61425,7.56663,3
963.9,0.13006,2.61425,7.56663,3
964,0.13006,2.61425,7.56663,3
964.1,0.13005,2.61424,7.56664,3
964.2,0.13005,2.61424,7.56664,3
964.3,0.13005,2.61424,7.56664,3
964.4,0.13005,2.61424,7.56664,3
964.5,0.13005,2.61424,7.56664,3
964.6,0.13005,2.61424,7.56664,3
964.7,0.13005,2.61424,7.56664,3
964.8,0.13005,2.61424,7.56664,3
964.9,0.13005,2.61424,7.56664,3
965,0.13005,2.61424,7.56664,3
965.1,0.13004,2.61424,7.56665,3
965.2,0.13004,2.61424,7.56665,3
965.3,0.13004,2.61424,7.56665,3
965.4,0.13004,2.61424,7.56665,3
965.5,0.13004,2.61423,7.56665,3
965.6,0.13004,2.61423,7.56665,3
965.7,0.13004,2.61422,7.56665,3
965.8,0.13004,2.61422,7.56665,3
965.9,0.13004,2.61421,7.56665,3
966,0.13003,2.61421,7.56666,3
966.1,0.13003,2.6142,7.56666,3
966.2,0.13003,2.61419,7.56666,3
966.3,0.13003,2.61419,7.56666,3
966.4,0.13003,2.61419,7.56666,3
966.5,0.13003,2.61418,7.56666,3
966.6,0.13003,2.61418,7.56666,3
966.7,0.13003,2.61417,7.56666,3
966.8,0.13002,2.61417,7.56666,3
966.9,0.13002,2.61417,7.56667,3
967,0.13002,2.61417,7.56667,3
967.1,0.13002,2.61417,7.56667,3
967.2,0.13002,2.61416,7.56667,3
967.3,0.13002,2.61416,7.56667,3
967.4,0.13002,2.61416,7.56667,3
967.5,0.13002,2.61416,7.56667,3
967.6,0.13002,2.61416,7.56667,3
967.7,0.13002,2.61416,7.56668,3
967.8,0.13001,2.61416,7.56668,3
967.9,0.13001,2.61416,7.56668,3
968,0.13001,2.61416,7.56668,3
968.1,0.13001,2.61416,7.56668,3
968.2,0.13001,2.61416,7.56668,3
968.3,0.13001,2.61416,7.56669,3
968.4,0.13001,2.61415,7.56669,3
968.5,0.13001,2.61415,7.56669,3
968.6,0.13001,2.61415,7.56669,3
968.7,0.13,2.61414,7.56669,3
968.8,0.13,2.61413,7.56669,3
968.9,0.13,2.61413,7.56669,3
969,0.13,2.61412,7.56669,3
969.1,0.13,2.61412,7.5667,3
969.2,0.13,2.61411,7.5667,3
969.3,0.13,2.61411,7.5667,3
969.4,0.13,2.61411,7.5667,3
969.5,0.13,2.61411,7.5667,3
969.6,0.13,2.61411,7.5667,3
969.7,0.12999,2.61411,7.56671,3
969.8,0.12999,2.61411,7.56671,3
969.9,0.12999,2.61411,7.56671,3
970,0.12999,2.6141,7.56671,3
970.1,0.12999,2.6141,7.56671,3
970.2,0.12999,2.6141,7.56672,3
970.3,0.12999,2.6141,7.56672,3
970.4,0.12999,2.6141,7.56672,3
970.5,0.12999,2.61409,7.56672,3
970.6,0.12999,2.61409,7.56672,3
970.7,0.12999,2.61409,7.56673,3
970.8,0.12998,2.61409,7.56673,3
970.9,0.12998,2.61409,7.56673,3
971,0.12998,2.61409,7.56673,3
971.1,0.12998,2.61409,7.56673,3
971.2,0.12998,2.61409,7.56673,3
971.3,0.12998,2.61409,7.56674,3
971.4,0.12998,2.61408,7.56674,3
971.5,0.12998,2.61407,7.56674,3
971.6,0.12998,2.61407,7.56674,3
971.7,0.12998,2.61406,7.56674,3
971.8,0.12998,2.61405,7.56674,3
971.9,0.12998,2.61405,7.56675,3
972,0.12997,2.61404,7.56675,3
972.1,0.12997,2.61404,7.56675,3
972.2,0.12997,2.61403,7.56675,3
972.3,0.12997,2.61403,7.56675,3
972.4,0.12997,2.61402,7.56675,3
972.5,0.12997,2.61402,7.56675,3
972.6,0.12997,2.61401,7.56676,3
972.7,0.12997,2.61401,7.56676,3
972.8,0.12997,2.61401,7.56676,3
972.9,0.12997,2.614,7.56676,3
973,0.12997,2.614,7.56676,3
973.1,0.12997,2.614,7.56676,3
973.2,0.12997,2.61399,7.56677,3
973.3,0.12997,2.61399,7.56677,3
973.4,0.12997,2.61399,7.56677,3
973.5,0.12996,2.61398,7.56677,3
973.6,0.12996,2.61398,7.56677,3
973.7,0.12996,2.61398,7.56677,3
973.8,0.12996,2.61397,7.56677,3
973.9,0.12996,2.61397,7.56678,3
974,0.12996,2.61396,7.56678,3
974.1,0.12996,2.61396,7.56678,3
974.2,0.12996,2.61396,7.56678,3
974.3,0.12996,2.61395,7.56678,3
974.4,0.12996,2.61395,7.56679,3
974.5,0.12995,2.61394,7.56679,3
974.6,0.12995,2.61394,7.56679,3
974.7,0.12995,2.61394,7.56679,3
974.8,0.12995,2.61393,7.56679,3
974.9,0.12995,2.61393,7.56679,3
975,0.12995,2.61393,7.5668,3
975.1,0.12995,2.61392,7.5668,3
975.2,0.12995,2.61392,7.5668,3
975.3,0.12995,2.61392,7.5668,3
975.4,0.12995,2.61392,7.5668,3
975.5,0.12995,2.61392,7.56681,3
975.6,0.12994,2.61392,7.56681,3
975.7,0.12994,2.61392,7.56681,3
975.8,0.12994,2.61391,7.56681,3
975.9,0.12994,2.61391,7.56681,3
976,0.12994,2.61391,7.56682,3
976.1,0.12994,2.6139,7.56682,3
976.2,0.12994,2.6139,7.56682,3
976.3,0.12994,2.6139,7.56682,3
976.4,0.12994,2.61389,7.56682,3
976.5,0.12994,2.61388,7.56683,3
976.6,0.12994,2.61388,7.56683,3
976.7,0.12993,2.61387,7.56683,3
976.8,0.12993,2.61386,7.56683,3
976.9,0.12993,2.61386,7.56683,3
977,0.12993,2.61385,7.56684,3
977.1,0.12993,2.61385,7.56684,3
977.2,0.12993,2.61385,7.56684,3
977.3,0.12993,2.61384,7.56684,3
977.4,0.12993,2.61384,7.56684,3
977.5,0.12993,2.61383,7.56685,3
977.6,0.12993,2.61383,7.56685,3
977.7,0.12993,2.61382,7.56685,3
977.8,0.12993,2.61382,7.56685,3
977.9,0.12993,2.61381,7.56686,3
978,0.12992,2.61381,7.56686,3
978.1,0.12992,2.6138,7.56686,3
978.2,0.12992,2.6138,7.56686,3
978.3,0.12992,2.61379,7.56686,3
978.4,0.12992,2.61379,7.56687,3
978.5,0.12992,2.61378,7.56687,3
978.6,0.12992,2.61378,7.56687,3
978.7,0.12992,2.61377,7.56687,3
978.8,0.12992,2.61377,7.56688,3
978.9,0.12992,2.61377,7.56688,3
979,0.12992,2.61377,7.56688,3
979.1,0.12992,2.61377,7.56688,3
979.2,0.12992,2.61376,7.56689,3
979.3,0.12992,2.61376,7.56689,3
979.4,0.12992,2.61376,7.56689,3
979.5,0.12991,2.61376,7.56689,3
979.6,0.12991,2.61375,7.5669,3
979.7,0.12991,2.61374,7.5669,3
979.8,0.12991,2.61374,7.5669,3
979.9,0.12991,2.61373,7.5669,3
980,0.12991,2.61372,7.56691,3
980.1,0.12991,2.61371,7.56691,3
980.2,0.12991,2.6137,7.56691,3
980.3,0.12991,2.6137,7.56691,3
980.4,0.12991,2.61369,7.56692,3
980.5,0.12991,2.61368,7.56692,3
980.6,0.12991,2.61368,7.56692,3
980.7,0.12991,2.61367,7.56693,3
980.8,0.12991,2.61367,7.56693,3
980.9,0.1299,2.61366,7.56693,3
981,0.1299,2.61366,7.56693,3
981.1,0.1299,2.61365,7.56694,3
981.2,0.1299,2.61365,7.56694,3
981.3,0.1299,2.61365,7.56694,3
981.4,0.1299,2.61365,7.56695,3
981.5,0.1299,2.61365,7.56695,3
981.6,0.1299,2.61364,7.56695,3
981.7,0.1299,2.61364,7.56695,3
981.8,0.1299,2.61364,7.56696,3
981.9,0.1299,2.61364,7.56696,3
982,0.1299,2.61363,7.56696,3
982.1,0.1299,2.61363,7.56697,3
982.2,0.1299,2.61363,7.56697,3
982.3,0.1299,2.61362,7.56697,3
982.4,0.1299,2.61362,7.56698,3
982.5,0.1299,2.61362,7.56698,3
982.6,0.1299,2.61361,7.56698,3
982.7,0.1299,2.61361,7.56699,3
982.8,0.1299,2.61361,7.56699,3
982.9,0.1299,2.6136,7.56699,3
983,0.1299,2.6136,7.567,3
983.1,0.1299,2.61359,7.567,3
983.2,0.1299,2.61359,7.567,3
983.3,0.12989,2.61359,7.56701,3
983.4,0.12989,2.61359,7.56701,3
983.5,0.12989,2.61359,7.56701,3
983.6,0.12989,2.61358,7.56702,3
983.7,0.12989,2.61358,7.56702,3
983.8,0.12989,2.61358,7.56702,3
983.9,0.12989,2.61358,7.56703,3
984,0.12989,2.61357,7.56703,3
984.1,0.12989,2.61357,7.56704,3
984.2,0.12989,2.61357,7.56704,3
984.3,0.12989,2.61356,7.56704,3
984.4,0.12989,2.61356,7.56705,3
984.5,0.12989,2.61355,7.56705,3
984.6,0.12989,2.61355,7.56705,3
984.7,0.12989,2.61354,7.56706,3
984.8,0.12989,2.61353,7.56706,3
984.9,0.12989,2.61352,7.56706,3
985,0.12989,2.61351,7.56707,3
985.1,0.12989,2.61351,7.56707,3
985.2,0.12989,2.6135,7.56708,3
985.3,0.12989,2.6135,7.56708,3
985.4,0.12989,2.6135,7.56708,3
985.5,0.12989,2.61349,7.56709,3
985.6,0.12988,2.61349,7.56709,3
985.7,0.12988,2.61348,7.56709,3
985.8,0.12988,2.61348,7.5671,3
985.9,0.12988,2.61348,7.5671,3
986,0.12988,2.61347,7.56711,3
986.1,0.12988,2.61347,7.56711,3
986.2,0.12988,2.61346,7.56711,3
986.3,0.12988,2.61345,7.56712,3
986.4,0.12988,2.61344,7.56712,3
986.5,0.12988,2.61343,7.56713,3
986.6,0.12988,2.61342,7.56713,3
986.7,0.12988,2.61341,7.56713,3
986.8,0.12988,2.6134,7.56714,3
986.9,0.12988,2.61339,7.56714,3
987,0.12988,2.61338,7.56714,3
987.1,0.12987,2.61338,7.56715,3
987.2,0.12987,2.61337,7.56715,3
987.3,0.12987,2.61336,7.56716,3
987.4,0.12987,2.61335,7.56716,3
987.5,0.12987,2.61335,7.56717,3
987.6,0.12987,2.61334,7.56717,3
987.7,0.12987,2.61334,7.56717,3
987.8,0.12987,2.61333,7.56718,3
987.9,0.12987,2.61332,7.56718,3
988,0.12987,2.61332,7.56719,3
988.1,0.12987,2.61331,7.56719,3
988.2,0.12987,2.6133,7.56719,3
988.3,0.12987,2.61329,7.5672,3
988.4,0.12987,2.61328,7.5672,3
988.5,0.12987,2.61327,7.56721,3
988.6,0.12987,2.61326,7.56721,3
988.7,0.12987,2.61325,7.56721,3
988.8,0.12987,2.61324,7.56722,3
988.9,0.12987,2.61323,7.56722,3
989,0.12987,2.61323,7.56723,3
989.1,0.12987,2.61322,7.56723,3
989.2,0.12987,2.61321,7.56723,3
989.3,0.12986,2.6132,7.56724,3
989.4,0.12986,2.61319,7.56724,3
989.5,0.12986,2.61319,7.56725,3
989.6,0.12986,2.61318,7.56725,3
989.7,0.12986,2.61317,7.56725,3
989.8,0.12986,2.61316,7.56726,3
989.9,0.12986,2.61315,7.56726,3
990,0.12986,2.61315,7.56726,3
990.1,0.12986,2.61314,7.56727,3
990.2,0.12986,2.61314,7.56727,3
990.3,0.12986,2.61313,7.56727,3
990.4,0.12986,2.61313,7.56728,3
990.5,0.12986,2.61312,7.56728,3
990.6,0.12986,2.61312,7.56728,3
990.7,0.12986,2.61311,7.56729,3
990.8,0.12986,2.61311,7.56729,3
990.9,0.12986,2.61311,7.56729,3
991,0.12986,2.6131,7.5673,3
991.1,0.12986,2.61309,7.5673,3
991.2,0.12986,2.61308,7.56731,3
991.3,0.12985,2.61307,7.56731,3
991.4,0.12985,2.61307,7.56731,3
991.5,0.12985,2.61306,7.56732,3
991.6,0.12985,2.61305,7.56732,3
991.7,0.12985,2.61304,7.56732,3
991.8,0.12985,2.61303,7.56733,3
991.9,0.12985,2.61302,7.56733,3
992,0.12985,2.61301,7.56733,3
992.1,0.12985,2.613,7.56734,3
992.2,0.12985,2.61299,7.56734,3
992.3,0.12985,2.61299,7.56734,3
992.4,0.12985,2.61298,7.56735,3
992.5,0.12985,2.61297,7.56735,3
992.6,0.12985,2.61296,7.56735,3
992.7,0.12985,2.61296,7.56736,3
992.8,0.12985,2.61295,7.56736,3
992.9,0.12985,2.61294,7.56736,3
993,0.12985,2.61293,7.56737,3
993.1,0.12985,2.61292,7.56737,3
993.2,0.12984,2.61291,7.56737,3
993.3,0.12984,2.6129,7.56738,3
993.4,0.12984,2.61289,7.56738,3
993.5,0.12984,2.61288,7.56738,3
993.6,0.12984,2.61287,7.56739,3
993.7,0.12984,2.61286,7.56739,3
993.8,0.12984,2.61285,7.56739,3
993.9,0.12984,2.61285,7.5674,3
994,0.12984,2.61284,7.5674,3
994.1,0.12984,2.61284,7.5674,3
994.2,0.12984,2.61284,7.56741,3
994.3,0.12984,2.61283,7.56741,3
994.4,0.12984,2.61282,7.56741,3
994.5,0.12984,2.61281,7.56741,3
994.6,0.12984,2.6128,7.56742,3
994.7,0.12984,2.6128,7.56742,3
994.8,0.12984,2.61279,7.56742,3
994.9,0.12984,2.61278,7.56743,3
995,0.12984,2.61277,7.56743,3
995.1,0.12984,2.61276,7.56743,3
995.2,0.12984,2.61275,7.56744,3
995.3,0.12984,2.61275,7.56744,3
995.4,0.12984,2.61274,7.56744,3
995.5,0.12984,2.61273,7.56744,3
995.6,0.12984,2.61272,7.56745,3
995.7,0.12984,2.61271,7.56745,3
995.8,0.12983,2.61271,7.56745,3
995.9,0.12983,2.6127,7.56745,3
996,0.12983,2.61269,7.56746,3
996.1,0.12983,2.61268,7.56746,3
996.2,0.12983,2.61266,7.56746,3
996.3,0.12983,2.61265,7.56747,3
996.4,0.12983,2.61264,7.56747,3
996.5,0.12983,2.61263,7.56747,3
996.6,0.12983,2.61262,7.56747,3
996.7,0.12983,2.61261,7.56748,3
996.8,0.12983,2.6126,7.56748,3
996.9,0.12983,2.61259,7.56748,3
997,0.12983,2.61258,7.56749,3
997.1,0.12983,2.61257,7.56749,3
997.2,0.12983,2.61256,7.56749,3
997.3,0.12983,2.61255,7.56749,3
997.4,0.12983,2.61254,7.5675,3
997.5,0.12983,2.61253,7.5675,3
997.6,0.12983,2.61252,7.5675,3
997.7,0.12983,2.61251,7.5675,3
997.8,0.12983,2.6125,7.56751,3
997.9,0.12982,2.61248,7.56751,3
998,0.12982,2.61247,7.56751,3
998.1,0.12982,2.61246,7.56752,3
998.2,0.12982,2.61246,7.56752,3
998.3,0.12982,2.61245,7.56752,3
998.4,0.12982,2.61244,7.56752,3
998.5,0.12982,2.61244,7.56753,3
998.6,0.12982,2.61243,7.56753,3
998.7,0.12982,2.61242,7.56753,3
998.8,0.12982,2.61242,7.56754,3
998.9,0.12982,2.61241,7.56754,3
999,0.12982,2.6124,7.56754,3
999.1,0.12982,2.61239,7.56754,3
999.2,0.12982,2.61238,7.56755,3
999.3,0.12982,2.61237,7.56755,3
999.4,0.12982,2.61236,7.56755,3
999.5,0.12981,2.61235,7.56756,3
999.6,0.12981,2.61235,7.56756,3
999.7,0.12981,2.61234,7.56756,3
999.8,0.12981,2.61233,7.56757,3
999.9,0.12981,2.61232,7.56757,3
1000,0.12981,2.61231,7.56757,3
1000.1,0.12981,2.6123,7.56757,3
1000.2,0.12981,2.6123,7.56758,3
1000.3,0.12981,2.61229,7.56758,3
1000.4,0.12981,2.61228,7.56758,3
1000.5,0.12981,2.61227,7.56759,3
1000.6,0.12981,2.61226,7.56759,3
1000.7,0.12981,2.61225,7.56759,3
1000.8,0.12981,2.61224,7.5676,3
1000.9,0.1298,2.61223,7.5676,3
1001,0.1298,2.61222,7.5676,3
1001.1,0.1298,2.61221,7.5676,3
1001.2,0.1298,2.6122,7.56761,3
1001.3,0.1298,2.61219,7.56761,3
1001.4,0.1298,2.61218,7.56761,3
1001.5,0.1298,2.61217,7.56762,3
1001.6,0.1298,2.61216,7.56762,3
1001.7,0.1298,2.61215,7.56762,3
1001.8,0.1298,2.61215,7.56762,3
1001.9,0.1298,2.61214,7.56763,3
1002,0.1298,2.61213,7.56763,3
1002.1,0.1298,2.61213,7.56763,3
1002.2,0.1298,2.61212,7.56764,3
1002.3,0.1298,2.61211,7.56764,3
1002.4,0.1298,2.6121,7.56764,3
1002.5,0.1298,2.6121,7.56765,3
1002.6,0.1298,2.61209,7.56765,3
1002.7,0.1298,2.61208,7.56766,3
1002.8,0.1298,2.61207,7.56766,3
1002.9,0.1298,2.61205,7.56766,3
1003,0.1298,2.61204,7.56767,3
1003.1,0.1298,2.61203,7.56767,3
1003.2,0.1298,2.61202,7.56767,3
1003.3,0.1298,2.61201,7.56768,3
1003.4,0.1298,2.61201,7.56768,3
1003.5,0.1298,2.612,7.56768,3
1003.6,0.1298,2.612,7.56769,3
1003.7,0.1298,2.61199,7.56769,3
1003.8,0.1298,2.61198,7.56769,3
1003.9,0.1298,2.61198,7.56769,3
1004,0.1298,2.61197,7.5677,3
1004.1,0.1298,2.61196,7.5677,3
1004.2,0.1298,2.61196,7.5677,3
1004.3,0.1298,2.61195,7.56771,3
1004.4,0.1298,2.61194,7.56771,3
1004.5,0.1298,2.61193,7.56771,3
1004.6,0.1298,2.61192,7.56772,3
1004.7,0.1298,2.6119,7.56772,3
1004.8,0.1298,2.61189,7.56772,3
1004.9,0.1298,2.61188,7.56773,3
1005,0.1298,2.61187,7.56773,3
1005.1,0.1298,2.61186,7.56773,3
1005.2,0.1298,2.61185,7.56774,3
1005.3,0.1298,2.61184,7.56774,3
1005.4,0.1298,2.61183,7.56775,3
1005.5,0.1298,2.61182,7.56775,3
1005.6,0.1298,2.61181,7.56775,3
1005.7,0.1298,2.61181,7.56776,3
1005.8,0.1298,2.6118,7.56776,3
1005.9,0.1298,2.61179,7.56776,3
1006,0.1298,2.61178,7.56777,3
1006.1,0.1298,2.61177,7.56777,3
1006.2,0.1298,2.61176,7.56778,3
1006.3,0.1298,2.61175,7.56778,3
1006.4,0.1298,2.61174,7.56778,3
1006.5,0.1298,2.61173,7.56779,3
1006.6,0.1298,2.61172,7.56779,3
1006.7,0.1298,2.61171,7.5678,3
1006.8,0.1298,2.6117,7.5678,3
1006.9,0.1298,2.6117,7.5678,3
1007,0.1298,2.61169,7.56781,3
1007.1,0.1298,2.61168,7.56781,3
1007.2,0.1298,2.61168,7.56781,3
1007.3,0.1298,2.61167,7.56782,3
1007.4,0.1298,2.61167,7.56782,3
1007.5,0.1298,2.61166,7.56783,3
1007.6,0.1298,2.61166,7.56783,3
1007.7,0.1298,2.61165,7.56783,3
1007.8,0.1298,2.61165,7.56784,3
1007.9,0.1298,2.61164,7.56784,3
1008,0.1298,2.61164,7.56784,3
1008.1,0.1298,2.61163,7.56785,3
1008.2,0.1298,2.61163,7.56785,3
1008.3,0.1298,2.61162,7.56786,3
1008.4,0.1298,2.61162,7.56786,3
1008.5,0.1298,2.61161,7.56786,3
1008.6,0.1298,2.6116,7.56787,3
1008.7,0.12981,2.61158,7.56787,3
1008.8,0.12981,2.61157,7.56788,3
1008.9,0.12981,2.61156,7.56788,3
1009,0.12981,2.61155,7.56788,3
1009.1,0.12981,2.61155,7.56789,3
1009.2,0.12981,2.61154,7.56789,3
1009.3,0.12981,2.61153,7.5679,3
1009.4,0.12981,2.61152,7.5679,3
1009.5,0.12981,2.61152,7.5679,3
1009.6,0.12981,2.61151,7.56791,3
1009.7,0.12981,2.6115,7.56791,3
1009.8,0.12981,2.61149,7.56792,3
1009.9,0.12981,2.61148,7.56792,3
1010,0.12981,2.61148,7.56792,3
1010.1,0.12981,2.61147,7.56793,3
1010.2,0.12981,2.61146,7.56793,3
1010.3,0.12981,2.61145,7.56793,3
1010.4,0.12981,2.61144,7.56794,3
1010.5,0.12981,2.61143,7.56794,3
1010.6,0.12981,2.61142,7.56794,3
1010.7,0.12981,2.61141,7.56795,3
1010.8,0.12981,2.6114,7.56795,3
1010.9,0.12981,2.61139,7.56796,3
1011,0.12981,2.61138,7.56796,3
1011.1,0.12981,2.61137,7.56796,3
1011.2,0.12981,2.61136,7.56797,3
1011.3,0.12981,2.61136,7.56797,3
1011.4,0.12981,2.61135,7.56797,3
1011.5,0.12981,2.61134,7.56798,3
1011.6,0.12982,2.61134,7.56798,3
1011.7,0.12982,2.61133,7.56798,3
1011.8,0.12982,2.61132,7.56799,3
1011.9,0.12982,2.61131,7.56799,3
1012,0.12982,2.61131,7.56799,3
1012.1,0.12982,2.6113,7.56799,3
1012.2,0.12982,2.61129,7.568,3
1012.3,0.12982,2.61129,7.568,3
1012.4,0.12982,2.61128,7.568,3
1012.5,0.12982,2.61127,7.56801,3
1012.6,0.12982,2.61127,7.56801,3
1012.7,0.12982,2.61126,7.56801,3
1012.8,0.12982,2.61126,7.56802,3
1012.9,0.12982,2.61125,7.56802,3
1013,0.12982,2.61124,7.56802,3
1013.1,0.12982,2.61124,7.56802,3
1013.2,0.12982,2.61123,7.56803,3
1013.3,0.12982,2.61122,7.56803,3
1013.4,0.12982,2.61122,7.56803,3
1013.5,0.12982,2.61121,7.56804,3
1013.6,0.12982,2.6112,7.56804,3
1013.7,0.12982,2.61119,7.56804,3
1013.8,0.12982,2.61119,7.56805,3
1013.9,0.12982,2.61118,7.56805,3
1014,0.12983,2.61117,7.56805,3
1014.1,0.12983,2.61116,7.56805,3
1014.2,0.12983,2.61115,7.56806,3
1014.3,0.12983,2.61114,7.56806,3
1014.4,0.12983,2.61113,7.56806,3
1014.5,0.12983,2.61111,7.56807,3
1014.6,0.12983,2.61111,7.56807,3
1014.7,0.12983,2.6111,7.56807,3
1014.8,0.12983,2.61109,7.56808,3
1014.9,0.12983,2.61108,7.56808,3
1015,0.12983,2.61107,7.56808,3
1015.1,0.12983,2.61106,7.56808,3
1015.2,0.12983,2.61105,7.56809,3
1015.3,0.12983,2.61105,7.56809,3
1015.4,0.12983,2.61104,7.56809,3
1015.5,0.12983,2.61103,7.5681,3
1015.6,0.12983,2.61103,7.5681,3
1015.7,0.12983,2.61102,7.5681,3
1015.8,0.12983,2.61102,7.56811,3
1015.9,0.12983,2.61101,7.56811,3
1016,0.12983,2.61101,7.56811,3
1016.1,0.12983,2.61101,7.56812,3
1016.2,0.12983,2.611,7.56812,3
1016.3,0.12983,2.611,7.56812,3
1016.4,0.12983,2.61099,7.56813,3
1016.5,0.12983,2.61099,7.56813,3
1016.6,0.12983,2.61099,7.56813,3
1016.7,0.12983,2.61098,7.56814,3
1016.8,0.12984,2.61098,7.56814,3
1016.9,0.12984,2.61097,7.56814,3
1017,0.12984,2.61096,7.56815,3
1017.1,0.12984,2.61095,7.56815,3
1017.2,0.12984,2.61094,7.56815,3
1017.3,0.12984,2.61093,7.56816,3
1017.4,0.12984,2.61091,7.56816,3
1017.5,0.12984,2.6109,7.56817,3
1017.6,0.12984,2.61089,7.56817,3
1017.7,0.12984,2.61089,7.56817,3
1017.8,0.12984,2.61088,7.56818,3
1017.9,0.12984,2.61087,7.56818,3
1018,0.12984,2.61086,7.56818,3
1018.1,0.12984,2.61085,7.56819,3
1018.2,0.12984,2.61084,7.56819,3
1018.3,0.12984,2.61083,7.56819,3
1018.4,0.12984,2.61082,7.5682,3
1018.5,0.12984,2.61081,7.5682,3
1018.6,0.12984,2.6108,7.5682,3
1018.7,0.12984,2.61079,7.56821,3
1018.8,0.12985,2.61079,7.56821,3
1018.9,0.12985,2.61078,7.56821,3
1019,0.12985,2.61076,7.56822,3
1019.1,0.12985,2.61075,7.56822,3
1019.2,0.12985,2.61074,7.56822,3
1019.3,0.12985,2.61073,7.56823,3
1019.4,0.12985,2.61072,7.56823,3
1019.5,0.12985,2.61071,7.56823,3
1019.6,0.12985,2.6107,7.56824,3
1019.7,0.12985,2.61069,7.56824,3
1019.8,0.12985,2.61069,7.56824,3
1019.9,0.12985,2.61068,7.56825,3
1020,0.12985,2.61068,7.56825,3
1020.1,0.12985,2.61067,7.56826,3
1020.2,0.12985,2.61066,7.56826,3
1020.3,0.12985,2.61066,7.56826,3
1020.4,0.12985,2.61065,7.56827,3
1020.5,0.12985,2.61065,7.56827,3
1020.6,0.12985,2.61064,7.56827,3
1020.7,0.12986,2.61063,7.56828,3
1020.8,0.12986,2.61062,7.56828,3
1020.9,0.12986,2.61061,7.56828,3
1021,0.12986,2.6106,7.56829,3
1021.1,0.12986,2.61059,7.56829,3
1021.2,0.12986,2.61058,7.5683,3
1021.3,0.12986,2.61057,7.5683,3
1021.4,0.12986,2.61057,7.5683,3
1021.5,0.12986,2.61056,7.56831,3
1021.6,0.12986,2.61055,7.56831,3
1021.7,0.12986,2.61055,7.56831,3
1021.8,0.12986,2.61054,7.56832,3
1021.9,0.12986,2.61053,7.56832,3
1022,0.12986,2.61053,7.56832,3
1022.1,0.12986,2.61052,7.56833,3
1022.2,0.12986,2.61052,7.56833,3
1022.3,0.12986,2.61051,7.56833,3
1022.4,0.12986,2.61051,7.56834,3
1022.5,0.12986,2.6105,7.56834,3
1022.6,0.12986,2.61049,7.56834,3
1022.7,0.12986,2.61048,7.56835,3
1022.8,0.12986,2.61047,7.56835,3
1022.9,0.12986,2.61046,7.56835,3
1023,0.12986,2.61046,7.56836,3
1023.1,0.12986,2.61045,7.56836,3
1023.2,0.12986,2.61044,7.56836,3
1023.3,0.12987,2.61043,7.56837,3
1023.4,0.12987,2.61042,7.56837,3
1023.5,0.12987,2.61042,7.56837,3
1023.6,0.12987,2.61041,7.56838,3
1023.7,0.12987,2.6104,7.56838,3
1023.8,0.12987,2.61039,7.56838,3
1023.9,0.12987,2.61039,7.56839,3
1024,0.12987,2.61038,7.56839,3
1024.1,0.12987,2.61037,7.56839,3
1024.2,0.12987,2.61036,7.5684,3
1024.3,0.12987,2.61035,7.5684,3
1024.4,0.12987,2.61033,7.5684,3
1024.5,0.12987,2.61032,7.56841,3
1024.6,0.12987,2.61031,7.56841,3
1024.7,0.12987,2.6103,7.56841,3
1024.8,0.12987,2.61029,7.56841,3
1024.9,0.12987,2.61028,7.56842,3
1025,0.12987,2.61027,7.56842,3
1025.1,0.12987,2.61026,7.56842,3
1025.2,0.12988,2.61025,7.56842,3
1025.3,0.12988,2.61024,7.56843,3
1025.4,0.12988,2.61023,7.56843,3
1025.5,0.12988,2.61023,7.56843,3
1025.6,0.12988,2.61022,7.56844,3
1025.7,0.12988,2.61021,7.56844,3
1025.8,0.12988,2.6102,7.56844,3
1025.9,0.12988,2.6102,7.56844,3
1026,0.12988,2.61019,7.56845,3
1026.1,0.12988,2.61018,7.56845,3
1026.2,0.12988,2.61017,7.56845,3
1026.3,0.12988,2.61017,7.56846,3
1026.4,0.12988,2.61016,7.56846,3
1026.5,0.12988,2.61015,7.56846,3
1026.6,0.12988,2.61015,7.56846,3
1026.7,0.12988,2.61014,7.56847,3
1026.8,0.12988,2.61013,7.56847,3
1026.9,0.12988,2.61012,7.56847,3
1027,0.12988,2.61011,7.56847,3
1027.1,0.12988,2.61011,7.56848,3
1027.2,0.12989,2.6101,7.56848,3
1027.3,0.12989,2.61009,7.56848,3
1027.4,0.12989,2.61008,7.56849,3
1027.5,0.12989,2.61008,7.56849,3
1027.6,0.12989,2.61006,7.56849,3
1027.7,0.12989,2.61005,7.56849,3
1027.8,0.12989,2.61004,7.5685,3
1027.9,0.12989,2.61003,7.5685,3
1028,0.12989,2.61002,7.5685,3
1028.1,0.12989,2.61,7.5685,3
1028.2,0.12989,2.60999,7.56851,3
1028.3,0.12989,2.60998,7.56851,3
1028.4,0.12989,2.60997,7.56851,3
1028.5,0.12989,2.60996,7.56852,3
1028.6,0.12989,2.60995,7.56852,3
1028.7,0.12989,2.60994,7.56852,3
1028.8,0.1299,2.60993,7.56852,3
1028.9,0.1299,2.60992,7.56853,3
1029,0.1299,2.60991,7.56853,3
1029.1,0.1299,2.6099,7.56853,3
1029.2,0.1299,2.60989,7.56853,3
1029.3,0.1299,2.60988,7.56854,3
1029.4,0.1299,2.60987,7.56854,3
1029.5,0.1299,2.60986,7.56854,3
1029.6,0.1299,2.60985,7.56854,3
1029.7,0.1299,2.60984,7.56855,3
1029.8,0.1299,2.60982,7.56855,3
1029.9,0.1299,2.60981,7.56855,3
1030,0.1299,2.6098,7.56856,3
1030.1,0.1299,2.6098,7.56856,3
1030.2,0.1299,2.60979,7.56856,3
1030.3,0.12991,2.60978,7.56856,3
1030.4,0.12991,2.60977,7.56857,3
1030.5,0.12991,2.60976,7.56857,3
1030.6,0.12991,2.60976,7.56857,3
1030.7,0.12991,2.60975,7.56858,3
1030.8,0.12991,2.60975,7.56858,3
1030.9,0.12991,2.60975,7.56858,3
1031,0.12991,2.60974,7.56858,3
1031.1,0.12991,2.60973,7.56859,3
1031.2,0.12991,2.60972,7.56859,3
1031.3,0.12991,2.60971,7.56859,3
1031.4,0.12991,2.60971,7.5686,3
1031.5,0.12992,2.6097,7.5686,3
1031.6,0.12992,2.6097,7.5686,3
1031.7,0.12992,2.60969,7.5686,3
1031.8,0.12992,2.60968,7.56861,3
1031.9,0.12992,2.60968,7.56861,3
1032,0.12992,2.60967,7.56861,3
1032.1,0.12992,2.60967,7.56862,3
1032.2,0.12992,2.60966,7.56862,3
1032.3,0.12992,2.60966,7.56862,3
1032.4,0.12992,2.60966,7.56862,3
1032.5,0.12993,2.60965,7.56863,3
1032.6,0.12993,2.60965,7.56863,3
1032.7,0.12993,2.60964,7.56863,3
1032.8,0.12993,2.60964,7.56863,3
1032.9,0.12993,2.60963,7.56864,3
1033,0.12993,2.60962,7.56864,3
1033.1,0.12993,2.60962,7.56864,3
1033.2,0.12993,2.60961,7.56864,3
1033.3,0.12993,2.6096,7.56864,3
1033.4,0.12993,2.60959,7.56865,3
1033.5,0.12993,2.60958,7.56865,3
1033.6,0.12993,2.60956,7.56865,3
1033.7,0.12994,2.60955,7.56865,3
1033.8,0.12994,2.60954,7.56866,3
1033.9,0.12994,2.60953,7.56866,3
1034,0.12994,2.60952,7.56866,3
1034.1,0.12994,2.60952,7.56866,3
1034.2,0.12994,2.60951,7.56866,3
1034.3,0.12994,2.6095,7.56867,3
1034.4,0.12994,2.6095,7.56867,3
1034.5,0.12994,2.60949,7.56867,3
1034.6,0.12995,2.60949,7.56867,3
1034.7,0.12995,2.60949,7.56868,3
1034.8,0.12995,2.60948,7.56868,3
1034.9,0.12995,2.60947,7.56868,3
1035,0.12995,2.60946,7.56868,3
1035.1,0.12995,2.60945,7.56868,3
1035.2,0.12995,2.60944,7.56869,3
1035.3,0.12995,2.60943,7.56869,3
1035.4,0.12995,2.60943,7.56869,3
1035.5,0.12995,2.60942,7.56869,3
1035.6,0.12995,2.60941,7.56869,3
1035.7,0.12995,2.60941,7.5687,3
1035.8,0.12996,2.6094,7.5687,3
1035.9,0.12996,2.60939,7.5687,3
1036,0.12996,2.60939,7.5687,3
1036.1,0.12996,2.60938,7.5687,3
1036.2,0.12996,2.60938,7.56871,3
1036.3,0.12996,2.60937,7.56871,3
1036.4,0.12996,2.60937,7.56871,3
1036.5,0.12996,2.60936,7.56871,3
1036.6,0.12996,2.60935,7.56871,3
1036.7,0.12996,2.60934,7.56871,3
1036.8,0.12997,2.60933,7.56872,3
1036.9,0.12997,2.60932,7.56872,3
1037,0.12997,2.60931,7.56872,3
1037.1,0.12997,2.6093,7.56872,3
1037.2,0.12997,2.60929,7.56872,3
1037.3,0.12997,2.60928,7.56873,3
1037.4,0.12997,2.60927,7.56873,3
1037.5,0.12997,2.60927,7.56873,3
1037.6,0.12997,2.60926,7.56873,3
1037.7,0.12997,2.60925,7.56873,3
1037.8,0.12997,2.60925,7.56873,3
1037.9,0.12997,2.60924,7.56874,3
1038,0.12998,2.60924,7.56874,3
1038.1,0.12998,2.60923,7.56874,3
1038.2,0.12998,2.60923,7.56874,3
1038.3,0.12998,2.60922,7.56874,3
1038.4,0.12998,2.60921,7.56874,3
1038.5,0.12998,2.60921,7.56875,3
1038.6,0.12998,2.6092,7.56875,3
1038.7,0.12998,2.6092,7.56875,3
1038.8,0.12998,2.60919,7.56875,3
1038.9,0.12998,2.60918,7.56875,3
1039,0.12998,2.60918,7.56876,3
1039.1,0.12999,2.60917,7.56876,3
1039.2,0.12999,2.60917,7.56876,3
1039.3,0.12999,2.60916,7.56876,3
1039.4,0.12999,2.60916,7.56877,3
1039.5,0.12999,2.60915,7.56877,3
1039.6,0.12999,2.60915,7.56877,3
1039.7,0.12999,2.60915,7.56877,3
1039.8,0.12999,2.60914,7.56877,3
1039.9,0.12999,2.60914,7.56878,3
1040,0.12999,2.60913,7.56878,3
1040.1,0.12999,2.60912,7.56878,3
1040.2,0.12999,2.60911,7.56878,3
1040.3,0.12999,2.6091,7.56878,3
1040.4,0.13,2.60909,7.56878,3
1040.5,0.13,2.60909,7.56879,3
1040.6,0.13,2.60908,7.56879,3
1040.7,0.13,2.60908,7.56879,3
1040.8,0.13,2.60907,7.56879,3
1040.9,0.13,2.60907,7.56879,3
1041,0.13,2.60906,7.5688,3
1041.1,0.13,2.60906,7.5688,3
1041.2,0.13,2.60906,7.5688,3
1041.3,0.13,2.60905,7.5688,3
1041.4,0.13,2.60904,7.5688,3
1041.5,0.13,2.60904,7.56881,3
1041.6,0.13001,2.60903,7.56881,3
1041.7,0.13001,2.60902,7.56881,3
1041.8,0.13001,2.609,7.56881,3
1041.9,0.13001,2.609,7.56881,3
1042,0.13001,2.60899,7.56882,3
1042.1,0.13001,2.60898,7.56882,3
1042.2,0.13001,2.60897,7.56882,3
1042.3,0.13001,2.60896,7.56882,3
1042.4,0.13001,2.60896,7.56883,3
1042.5,0.13001,2.60895,7.56883,3
1042.6,0.13001,2.60894,7.56883,3
1042.7,0.13001,2.60894,7.56883,3
1042.8,0.13001,2.60893,7.56883,3
1042.9,0.13001,2.60893,7.56884,3
1043,0.13002,2.60892,7.56884,3
1043.1,0.13002,2.60891,7.56884,3
1043.2,0.13002,2.6089,7.56884,3
1043.3,0.13002,2.6089,7.56884,3
1043.4,0.13002,2.60889,7.56884,3
1043.5,0.13002,2.60888,7.56885,3
1043.6,0.13002,2.60887,7.56885,3
1043.7,0.13002,2.60887,7.56885,3
1043.8,0.13002,2.60886,7.56885,3
1043.9,0.13002,2.60886,7.56886,3
1044,0.13003,2.60885,7.56886,3
1044.1,0.13003,2.60885,7.56886,3
1044.2,0.13003,2.60884,7.56886,3
1044.3,0.13003,2.60884,7.56886,3
1044.4,0.13003,2.60884,7.56887,3
1044.5,0.13003,2.60883,7.56887,3
1044.6,0.13003,2.60883,7.56887,3
1044.7,0.13003,2.60883,7.56887,3
1044.8,0.13003,2.60883,7.56888,3
1044.9,0.13004,2.60883,7.56888,3
1045,0.13004,2.60883,7.56888,3
1045.1,0.13004,2.60883,7.56888,3
1045.2,0.13004,2.60882,7.56888,3
1045.3,0.13004,2.60881,7.56889,3
1045.4,0.13004,2.6088,7.56889,3
1045.5,0.13004,2.60879,7.56889,3
1045.6,0.13004,2.60879,7.56889,3
1045.7,0.13004,2.60878,7.56889,3
1045.8,0.13005,2.60877,7.56889,3
1045.9,0.13005,2.60877,7.5689,3
1046,0.13005,2.60876,7.5689,3
1046.1,0.13005,2.60876,7.5689,3
1046.2,0.13005,2.60875,7.5689,3
1046.3,0.13005,2.60875,7.5689,3
1046.4,0.13006,2.60874,7.5689,3
1046.5,0.13006,2.60874,7.5689,3
1046.6,0.13006,2.60873,7.5689,3
1046.7,0.13006,2.60873,7.56891,3
1046.8,0.13006,2.60872,7.56891,3
1046.9,0.13006,2.60872,7.56891,3
1047,0.13006,2.60871,7.56891,3
1047.1,0.13007,2.6087,7.56891,3
1047.2,0.13007,2.6087,7.56891,3
1047.3,0.13007,2.60869,7.56891,3
1047.4,0.13007,2.60869,7.56891,3
1047.5,0.13007,2.60868,7.56891,3
1047.6,0.13007,2.60868,7.56891,3
1047.7,0.13007,2.60868,7.56892,3
1047.8,0.13007,2.60867,7.56892,3
1047.9,0.13008,2.60867,7.56892,3
1048,0.13008,2.60867,7.56892,3
1048.1,0.13008,2.60867,7.56892,3
1048.2,0.13008,2.60867,7.56892,3
1048.3,0.13008,2.60866,7.56892,3
1048.4,0.13008,2.60866,7.56892,3
1048.5,0.13008,2.60866,7.56892,3
1048.6,0.13008,2.60865,7.56892,3
1048.7,0.13008,2.60864,7.56892,3
1048.8,0.13008,2.60863,7.56893,3
1048.9,0.13008,2.60863,7.56893,3
1049,0.13009,2.60862,7.56893,3
1049.1,0.13009,2.60861,7.56893,3
1049.2,0.13009,2.60861,7.56893,3
1049.3,0.13009,2.6086,7.56893,3
1049.4,0.13009,2.6086,7.56893,3
1049.5,0.13009,2.60859,7.56894,3
1049.6,0.13009,2.60859,7.56894,3
1049.7,0.13009,2.60858,7.56894,3
1049.8,0.13009,2.60858,7.56894,3
1049.9,0.13009,2.60857,7.56894,3
1050,0.13009,2.60857,7.56894,3
1050.1,0.13009,2.60857,7.56894,3
1050.2,0.1301,2.60857,7.56894,3
1050.3,0.1301,2.60857,7.56894,3
1050.4,0.1301,2.60857,7.56894,3
1050.5,0.1301,2.60857,7.56895,3
1050.6,0.1301,2.60856,7.56895,3
1050.7,0.1301,2.60856,7.56895,3
1050.8,0.1301,2.60855,7.56895,3
1050.9,0.1301,2.60855,7.56895,3
1051,0.13011,2.60854,7.56895,3
1051.1,0.13011,2.60854,7.56895,3
1051.2,0.13011,2.60854,7.56895,3
1051.3,0.13011,2.60853,7.56895,3
1051.4,0.13011,2.60853,7.56896,3
1051.5,0.13011,2.60853,7.56896,3
1051.6,0.13011,2.60853,7.56896,3
1051.7,0.13011,2.60853,7.56896,3
1051.8,0.13012,2.60852,7.56896,3
1051.9,0.13012,2.60852,7.56896,3
1052,0.13012,2.60852,7.56896,3
1052.1,0.13012,2.60851,7.56896,3
1052.2,0.13012,2.60851,7.56896,3
1052.3,0.13012,2.6085,7.56897,3
1052.4,0.13012,2.6085,7.56897,3
1052.5,0.13012,2.60849,7.56897,3
1052.6,0.13012,2.60849,7.56897,3
1052.7,0.13012,2.60848,7.56897,3
1052.8,0.13012,2.60848,7.56897,3
1052.9,0.13013,2.60847,7.56897,3
1053,0.13013,2.60847,7.56897,3
1053.1,0.13013,2.60846,7.56897,3
1053.2,0.13013,2.60846,7.56897,3
1053.3,0.13013,2.60846,7.56897,3
1053.4,0.13013,2.60847,7.56897,3
1053.5,0.13013,2.60847,7.56898,3
1053.6,0.13013,2.60847,7.56898,3
1053.7,0.13014,2.60847,7.56898,3
1053.8,0.13014,2.60846,7.56898,3
1053.9,0.13014,2.60846,7.56898,3
1054,0.13014,2.60845,7.56898,3
1054.1,0.13014,2.60845,7.56898,3
1054.2,0.13014,2.60844,7.56898,3
1054.3,0.13014,2.60844,7.56898,3
1054.4,0.13014,2.60843,7.56898,3
1054.5,0.13015,2.60843,7.56898,3
1054.6,0.13015,2.60843,7.56899,3
1054.7,0.13015,2.60843,7.56899,3
1054.8,0.13015,2.60843,7.56899,3
1054.9,0.13015,2.60843,7.56899,3
1055,0.13015,2.60843,7.56899,3
1055.1,0.13015,2.60843,7.56899,3
1055.2,0.13015,2.60843,7.56899,3
1055.3,0.13016,2.60844,7.56899,3
1055.4,0.13016,2.60844,7.56899,3
1055.5,0.13016,2.60844,7.56899,3
1055.6,0.13016,2.60843,7.569,3
1055.7,0.13016,2.60843,7.569,3
1055.8,0.13016,2.60843,7.569,3
1055.9,0.13016,2.60842,7.569,3
1056,0.13017,2.60842,7.569,3
1056.1,0.13017,2.60842,7.569,3
1056.2,0.13017,2.60842,7.569,3
1056.3,0.13017,2.60842,7.56901,3
1056.4,0.13017,2.60842,7.56901,3
1056.5,0.13017,2.60842,7.56901,3
1056.6,0.13017,2.60842,7.56901,3
1056.7,0.13018,2.60842,7.56901,3
1056.8,0.13018,2.60842,7.56901,3
1056.9,0.13018,2.60842,7.56901,3
1057,0.13018,2.60842,7.56901,3
1057.1,0.13018,2.60842,7.56901,3
1057.2,0.13018,2.60841,7.56901,3
1057.3,0.13019,2.60841,7.56901,3
1057.4,0.13019,2.60842,7.56901,3
1057.5,0.13019,2.60842,7.56902,3
1057.6,0.13019,2.60842,7.56902,3
1057.7,0.13019,2.60842,7.56902,3
1057.8,0.13019,2.60842,7.56902,3
1057.9,0.1302,2.60842,7.56902,3
1058,0.1302,2.60842,7.56902,3
1058.1,0.1302,2.60843,7.56902,3
1058.2,0.1302,2.60843,7.56902,3
1058.3,0.1302,2.60843,7.56903,3
1058.4,0.1302,2.60843,7.56903,3
1058.5,0.1302,2.60843,7.56903,3
1058.6,0.13021,2.60843,7.56903,3
1058.7,0.13021,2.60843,7.56903,3
1058.8,0.13021,2.60843,7.56903,3
1058.9,0.13021,2.60843,7.56903,3
1059,0.13021,2.60843,7.56903,3
1059.1,0.13021,2.60843,7.56903,3
1059.2,0.13021,2.60843,7.56903,3
1059.3,0.13022,2.60844,7.56903,3
1059.4,0.13022,2.60844,7.56903,3
1059.5,0.13022,2.60844,7.56903,3
1059.6,0.13022,2.60845,7.56903,3
1059.7,0.13022,2.60845,7.56903,3
1059.8,0.13023,2.60845,7.56904,3
1059.9,0.13023,2.60846,7.56904,3
1060,0.13023,2.60846,7.56904,3
1060.1,0.13023,2.60847,7.56904,3
1060.2,0.13023,2.60847,7.56904,3
1060.3,0.13023,2.60847,7.56904,3
1060.4,0.13024,2.60847,7.56904,3
1060.5,0.13024,2.60848,7.56904,3
1060.6,0.13024,2.60848,7.56904,3
1060.7,0.13024,2.60848,7.56904,3
1060.8,0.13024,2.60848,7.56905,3
1060.9,0.13024,2.60849,7.56905,3
1061,0.13025,2.60849,7.56905,3
1061.1,0.13025,2.60849,7.56905,3
1061.2,0.13025,2.6085,7.56905,3
1061.3,0.13025,2.6085,7.56905,3
1061.4,0.13025,2.60851,7.56905,3
1061.5,0.13025,2.60851,7.56905,3
1061.6,0.13026,2.60851,7.56905,3
1061.7,0.13026,2.60852,7.56905,3
1061.8,0.13026,2.60852,7.56905,3
1061.9,0.13026,2.60852,7.56905,3
1062,0.13026,2.60852,7.56905,3
1062.1,0.13027,2.60852,7.56905,3
1062.2,0.13027,2.60852,7.56905,3
1062.3,0.13027,2.60852,7.56905,3
1062.4,0.13027,2.60852,7.56905,3
1062.5,0.13027,2.60853,7.56905,3
1062.6,0.13028,2.60853,7.56905,3
1062.7,0.13028,2.60853,7.56905,3
1062.8,0.13028,2.60854,7.56905,3
1062.9,0.13028,2.60854,7.56905,3
1063,0.13028,2.60854,7.56905,3
1063.1,0.13029,2.60855,7.56905,3
1063.2,0.13029,2.60855,7.56905,3
1063.3,0.13029,2.60856,7.56905,3
1063.4,0.13029,2.60856,7.56905,3
1063.5,0.13029,2.60857,7.56904,3
1063.6,0.1303,2.60857,7.56904,3
1063.7,0.1303,2.60857,7.56904,3
1063.8,0.1303,2.60857,7.56904,3
1063.9,0.1303,2.60857,7.56904,3
1064,0.1303,2.60857,7.56904,3
1064.1,0.13031,2.60857,7.56904,3
1064.2,0.13031,2.60857,7.56904,3
1064.3,0.13031,2.60857,7.56904,3
1064.4,0.13031,2.60857,7.56904,3
1064.5,0.13031,2.60857,7.56904,3
1064.6,0.13031,2.60858,7.56904,3
1064.7,0.13032,2.60858,7.56904,3
1064.8,0.13032,2.60858,7.56904,3
1064.9,0.13032,2.60858,7.56904,3
1065,0.13032,2.60859,7.56904,3
1065.1,0.13032,2.60859,7.56904,3
1065.2,0.13033,2.6086,7.56904,3
1065.3,0.13033,2.6086,7.56903,3
1065.4,0.13033,2.60861,7.56903,3
1065.5,0.13033,2.60861,7.56903,3
1065.6,0.13033,2.60862,7.56903,3
1065.7,0.13034,2.60862,7.56903,3
1065.8,0.13034,2.60863,7.56903,3
1065.9,0.13034,2.60863,7.56903,3
1066,0.13034,2.60863,7.56903,3
1066.1,0.13034,2.60863,7.56903,3
1066.2,0.13034,2.60863,7.56903,3
1066.3,0.13035,2.60863,7.56903,3
1066.4,0.13035,2.60863,7.56902,3
1066.5,0.13035,2.60863,7.56902,3
1066.6,0.13035,2.60864,7.56902,3
1066.7,0.13035,2.60864,7.56902,3
1066.8,0.13036,2.60865,7.56902,3
1066.9,0.13036,2.60865,7.56902,3
1067,0.13036,2.60865,7.56902,3
1067.1,0.13036,2.60866,7.56902,3
1067.2,0.13036,2.60866,7.56902,3
1067.3,0.13036,2.60867,7.56902,3
1067.4,0.13037,2.60867,7.56902,3
1067.5,0.13037,2.60868,7.56901,3
1067.6,0.13037,2.60868,7.56901,3
1067.7,0.13037,2.60868,7.56901,3
1067.8,0.13037,2.60869,7.56901,3
1067.9,0.13037,2.60869,7.56901,3
1068,0.13037,2.60869,7.56901,3
1068.1,0.13038,2.6087,7.56901,3
1068.2,0.13038,2.6087,7.56901,3
1068.3,0.13038,2.6087,7.56901,3
1068.4,0.13038,2.60871,7.56901,3
1068.5,0.13038,2.60871,7.569,3
1068.6,0.13038,2.60872,7.569,3
1068.7,0.13038,2.60872,7.569,3
1068.8,0.13039,2.60873,7.569,3
1068.9,0.13039,2.60873,7.569,3
1069,0.13039,2.60874,7.569,3
1069.1,0.13039,2.60875,7.569,3
1069.2,0.13039,2.60875,7.569,3
1069.3,0.13039,2.60876,7.569,3
1069.4,0.13039,2.60877,7.569,3
1069.5,0.1304,2.60877,7.56899,3
1069.6,0.1304,2.60878,7.56899,3
1069.7,0.1304,2.60878,7.56899,3
1069.8,0.1304,2.60879,7.56899,3
1069.9,0.1304,2.60879,7.56899,3
1070,0.1304,2.6088,7.56899,3
1070.1,0.13041,2.60881,7.56899,3
1070.2,0.13041,2.60881,7.56899,3
1070.3,0.13041,2.60882,7.56899,3
1070.4,0.13041,2.60883,7.56898,3
1070.5,0.13041,2.60883,7.56898,3
1070.6,0.13042,2.60884,7.56898,3
1070.7,0.13042,2.60885,7.56898,3
1070.8,0.13042,2.60886,7.56898,3
1070.9,0.13042,2.60887,7.56898,3
1071,0.13042,2.60888,7.56898,3
1071.1,0.13042,2.60888,7.56898,3
1071.2,0.13042,2.60889,7.56898,3
1071.3,0.13043,2.6089,7.56897,3
1071.4,0.13043,2.60891,7.56897,3
1071.5,0.13043,2.60891,7.56897,3
1071.6,0.13043,2.60892,7.56897,3
1071.7,0.13043,2.60893,7.56897,3
1071.8,0.13043,2.60894,7.56897,3
1071.9,0.13044,2.60894,7.56897,3
1072,0.13044,2.60895,7.56897,3
1072.1,0.13044,2.60895,7.56896,3
1072.2,0.13044,2.60896,7.56896,3
1072.3,0.13044,2.60896,7.56896,3
1072.4,0.13045,2.60897,7.56896,3
1072.5,0.13045,2.60898,7.56896,3
1072.6,0.13045,2.60899,7.56896,3
1072.7,0.13045,2.60899,7.56896,3
1072.8,0.13045,2.609,7.56895,3
1072.9,0.13045,2.60901,7.56895,3
1073,0.13046,2.60902,7.56895,3
1073.1,0.13046,2.60903,7.56895,3
1073.2,0.13046,2.60904,7.56895,3
1073.3,0.13046,2.60906,7.56895,3
1073.4,0.13046,2.60907,7.56895,3
1073.5,0.13046,2.60908,7.56894,3
1073.6,0.13047,2.60909,7.56894,3
1073.7,0.13047,2.6091,7.56894,3
1073.8,0.13047,2.60911,7.56894,3
1073.9,0.13047,2.60912,7.56894,3
1074,0.13047,2.60912,7.56894,3
1074.1,0.13047,2.60913,7.56893,3
1074.2,0.13048,2.60914,7.56893,3
1074.3,0.13048,2.60914,7.56893,3
1074.4,0.13048,2.60915,7.56893,3
1074.5,0.13048,2.60916,7.56893,3
1074.6,0.13048,2.60917,7.56893,3
1074.7,0.13049,2.60917,7.56893,3
1074.8,0.13049,2.60918,7.56893,3
1074.9,0.13049,2.60919,7.56893,3
1075,0.13049,2.6092,7.56893,3
1075.1,0.13049,2.60921,7.56892,3
1075.2,0.1305,2.60922,7.56892,3
1075.3,0.1305,2.60923,7.56892,3
1075.4,0.1305,2.60924,7.56892,3
1075.5,0.1305,2.60925,7.56892,3
1075.6,0.1305,2.60926,7.56892,3
1075.7,0.13051,2.60927,7.56892,3
1075.8,0.13051,2.60928,7.56892,3
1075.9,0.13051,2.60928,7.56892,3
1076,0.13051,2.60929,7.56892,3
1076.1,0.13051,2.60929,7.56892,3
1076.2,0.13052,2.6093,7.56892,3
1076.3,0.13052,2.6093,7.56891,3
1076.4,0.13052,2.60931,7.56891,3
1076.5,0.13052,2.60932,7.56891,3
1076.6,0.13053,2.60933,7.56891,3
1076.7,0.13053,2.60934,7.56891,3
1076.8,0.13053,2.60935,7.56891,3
1076.9,0.13053,2.60936,7.56891,3
1077,0.13054,2.60937,7.56891,3
1077.1,0.13054,2.60938,7.56891,3
1077.2,0.13054,2.6094,7.56891,3
1077.3,0.13054,2.60941,7.56891,3
1077.4,0.13055,2.60942,7.56891,3
1077.5,0.13055,2.60944,7.56891,3
1077.6,0.13055,2.60944,7.56891,3
1077.7,0.13055,2.60945,7.5689,3
1077.8,0.13056,2.60946,7.5689,3
1077.9,0.13056,2.60947,7.5689,3
1078,0.13056,2.60948,7.5689,3
1078.1,0.13056,2.60948,7.5689,3
1078.2,0.13057,2.60949,7.5689,3
1078.3,0.13057,2.60951,7.5689,3
1078.4,0.13057,2.60952,7.5689,3
1078.5,0.13058,2.60953,7.5689,3
1078.6,0.13058,2.60954,7.5689,3
1078.7,0.13058,2.60955,7.5689,3
1078.8,0.13058,2.60956,7.5689,3
1078.9,0.13059,2.60957,7.5689,3
1079,0.13059,2.60958,7.5689,3
1079.1,0.13059,2.60959,7.5689,3
1079.2,0.1306,2.6096,7.5689,3
1079.3,0.1306,2.60961,7.56889,3
1079.4,0.1306,2.60961,7.56889,3
1079.5,0.1306,2.60962,7.56889,3
1079.6,0.13061,2.60962,7.56889,3
1079.7,0.13061,2.60963,7.56889,3
1079.8,0.13061,2.60963,7.56889,3
1079.9,0.13062,2.60964,7.56889,3
1080,0.13062,2.60965,7.56889,3
1080.1,0.13062,2.60965,7.56889,3
1080.2,0.13063,2.60966,7.56889,3
1080.3,0.13063,2.60967,7.56889,3
1080.4,0.13063,2.60968,7.56889,3
1080.5,0.13063,2.60969,7.56889,3
1080.6,0.13064,2.6097,7.56889,3
1080.7,0.13064,2.6097,7.56889,3
1080.8,0.13064,2.60971,7.56889,3
1080.9,0.13065,2.60972,7.56889,3
1081,0.13065,2.60973,7.56889,3
1081.1,0.13065,2.60974,7.56889,3
1081.2,0.13065,2.60975,7.56888,3
1081.3,0.13066,2.60975,7.56888,3
1081.4,0.13066,2.60976,7.56888,3
1081.5,0.13066,2.60977,7.56888,3
1081.6,0.13067,2.60978,7.56888,3
1081.7,0.13067,2.60979,7.56888,3
1081.8,0.13067,2.60979,7.56888,3
1081.9,0.13068,2.6098,7.56888,3
1082,0.13068,2.60981,7.56888,3
1082.1,0.13068,2.60982,7.56887,3
1082.2,0.13068,2.60983,7.56887,3
1082.3,0.13069,2.60984,7.56887,3
1082.4,0.13069,2.60984,7.56887,3
1082.5,0.13069,2.60985,7.56887,3
1082.6,0.13069,2.60986,7.56887,3
1082.7,0.1307,2.60987,7.56887,3
1082.8,0.1307,2.60987,7.56886,3
1082.9,0.1307,2.60988,7.56886,3
1083,0.13071,2.60988,7.56886,3
1083.1,0.13071,2.60989,7.56886,3
1083.2,0.13071,2.6099,7.56886,3
1083.3,0.13071,2.60991,7.56886,3
1083.4,0.13072,2.60991,7.56886,3
1083.5,0.13072,2.60992,7.56886,3
1083.6,0.13072,2.60993,7.56885,3
1083.7,0.13072,2.60994,7.56885,3
1083.8,0.13072,2.60995,7.56885,3
1083.9,0.13073,2.60996,7.56885,3
1084,0.13073,2.60998,7.56885,3
1084.1,0.13073,2.60999,7.56885,3
1084.2,0.13073,2.61,7.56885,3
1084.3,0.13074,2.61001,7.56885,3
1084.4,0.13074,2.61002,7.56884,3
1084.5,0.13074,2.61003,7.56884,3
1084.6,0.13074,2.61004,7.56884,3
1084.7,0.13074,2.61004,7.56884,3
1084.8,0.13075,2.61005,7.56884,3
1084.9,0.13075,2.61006,7.56884,3
1085,0.13075,2.61006,7.56884,3
1085.1,0.13075,2.61007,7.56884,3
1085.2,0.13076,2.61008,7.56884,3
1085.3,0.13076,2.61009,7.56884,3
1085.4,0.13076,2.61009,7.56884,3
1085.5,0.13076,2.6101,7.56884,3
1085.6,0.13077,2.61011,7.56884,3
1085.7,0.13077,2.61011,7.56884,3
1085.8,0.13077,2.61012,7.56884,3
1085.9,0.13077,2.61013,7.56884,3
1086,0.13078,2.61013,7.56884,3
1086.1,0.13078,2.61014,7.56884,3
1086.2,0.13078,2.61015,7.56884,3
1086.3,0.13079,2.61015,7.56884,3
1086.4,0.13079,2.61016,7.56884,3
1086.5,0.13079,2.61016,7.56884,3
1086.6,0.13079,2.61016,7.56884,3
1086.7,0.1308,2.61016,7.56884,3
1086.8,0.1308,2.61017,7.56884,3
1086.9,0.1308,2.61017,7.56884,3
1087,0.1308,2.61018,7.56884,3
1087.1,0.13081,2.61019,7.56884,3
1087.2,0.13081,2.6102,7.56884,3
1087.3,0.13081,2.6102,7.56884,3
1087.4,0.13081,2.61021,7.56884,3
1087.5,0.13082,2.61022,7.56884,3
1087.6,0.13082,2.61023,7.56884,3
1087.7,0.13082,2.61024,7.56884,3
1087.8,0.13082,2.61025,7.56884,3
1087.9,0.13083,2.61025,7.56883,3
1088,0.13083,2.61026,7.56883,3
1088.1,0.13083,2.61026,7.56883,3
1088.2,0.13083,2.61027,7.56883,3
1088.3,0.13084,2.61027,7.56883,3
1088.4,0.13084,2.61027,7.56883,3
1088.5,0.13084,2.61028,7.56883,3
1088.6,0.13085,2.61028,7.56883,3
1088.7,0.13085,2.61029,7.56883,3
1088.8,0.13085,2.61029,7.56883,3
1088.9,0.13085,2.6103,7.56883,3
1089,0.13086,2.61031,7.56883,3
1089.1,0.13086,2.61032,7.56883,3
1089.2,0.13086,2.61033,7.56883,3
1089.3,0.13086,2.61034,7.56883,3
1089.4,0.13086,2.61035,7.56883,3
1089.5,0.13087,2.61036,7.56882,3
1089.6,0.13087,2.61037,7.56882,3
1089.7,0.13087,2.61038,7.56882,3
1089.8,0.13087,2.61039,7.56882,3
1089.9,0.13088,2.6104,7.56882,3
1090,0.13088,2.61041,7.56882,3
1090.1,0.13088,2.61041,7.56882,3
1090.2,0.13088,2.61042,7.56882,3
1090.3,0.13089,2.61043,7.56882,3
1090.4,0.13089,2.61045,7.56882,3
1090.5,0.13089,2.61046,7.56882,3
1090.6,0.13089,2.61047,7.56882,3
1090.7,0.1309,2.61048,7.56882,3
1090.8,0.1309,2.61049,7.56882,3
1090.9,0.1309,2.6105,7.56882,3
1091,0.1309,2.61051,7.56882,3
1091.1,0.13091,2.61053,7.56882,3
1091.2,0.13091,2.61054,7.56882,3
1091.3,0.13091,2.61055,7.56882,3
1091.4,0.13091,2.61057,7.56882,3
1091.5,0.13092,2.61058,7.56882,3
1091.6,0.13092,2.61059,7.56882,3
1091.7,0.13092,2.61061,7.56882,3
1091.8,0.13092,2.61062,7.56882,3
1091.9,0.13092,2.61063,7.56882,3
1092,0.13092,2.61064,7.56882,3
1092.1,0.13093,2.61066,7.56882,3
1092.2,0.13093,2.61067,7.56882,3
1092.3,0.13093,2.61068,7.56882,3
1092.4,0.13093,2.6107,7.56882,3
1092.5,0.13093,2.61071,7.56882,3
1092.6,0.13094,2.61072,7.56882,3
1092.7,0.13094,2.61073,7.56882,3
1092.8,0.13094,2.61075,7.56882,3
1092.9,0.13094,2.61076,7.56882,3
1093,0.13095,2.61077,7.56882,3
1093.1,0.13095,2.61079,7.56882,3
1093.2,0.13095,2.6108,7.56882,3
1093.3,0.13095,2.61081,7.56882,3
1093.4,0.13095,2.61082,7.56882,3
1093.5,0.13095,2.61083,7.56882,3
1093.6,0.13096,2.61085,7.56882,3
1093.7,0.13096,2.61086,7.56882,3
1093.8,0.13096,2.61087,7.56882,3
1093.9,0.13096,2.61088,7.56882,3
1094,0.13096,2.6109,7.56882,3
1094.1,0.13097,2.61091,7.56883,3
1094.2,0.13097,2.61092,7.56883,3
1094.3,0.13097,2.61093,7.56883,3
1094.4,0.13097,2.61095,7.56883,3
1094.5,0.13098,2.61096,7.56883,3
1094.6,0.13098,2.61097,7.56883,3
1094.7,0.13098,2.61098,7.56883,3
1094.8,0.13098,2.61099,7.56883,3
1094.9,0.13098,2.611,7.56883,3
1095,0.13099,2.61101,7.56883,3
1095.1,0.13099,2.61102,7.56882,3
1095.2,0.13099,2.61104,7.56882,3
1095.3,0.13099,2.61105,7.56882,3
1095.4,0.131,2.61106,7.56882,3
1095.5,0.131,2.61107,7.56882,3
1095.6,0.131,2.61109,7.56882,3
1095.7,0.13101,2.6111,7.56882,3
1095.8,0.13101,2.61111,7.56882,3
1095.9,0.13101,2.61112,7.56882,3
1096,0.13101,2.61113,7.56882,3
1096.1,0.13102,2.61114,7.56882,3
1096.2,0.13102,2.61116,7.56882,3
1096.3,0.13102,2.61117,7.56882,3
1096.4,0.13103,2.61118,7.56882,3
1096.5,0.13103,2.61119,7.56882,3
1096.6,0.13103,2.61121,7.56882,3
1096.7,0.13103,2.61122,7.56882,3
1096.8,0.13104,2.61123,7.56882,3
1096.9,0.13104,2.61125,7.56882,3
1097,0.13104,2.61126,7.56882,3
1097.1,0.13104,2.61128,7.56882,3
1097.2,0.13105,2.61129,7.56882,3
1097.3,0.13105,2.6113,7.56882,3
1097.4,0.13105,2.61132,7.56882,3
1097.5,0.13106,2.61133,7.56882,3
1097.6,0.13106,2.61134,7.56882,3
1097.7,0.13106,2.61136,7.56882,3
1097.8,0.13106,2.61137,7.56882,3
1097.9,0.13107,2.61138,7.56882,3
1098,0.13107,2.6114,7.56882,3
1098.1,0.13107,2.61141,7.56882,3
1098.2,0.13107,2.61142,7.56882,3
1098.3,0.13108,2.61144,7.56882,3
1098.4,0.13108,2.61145,7.56882,3
1098.5,0.13108,2.61146,7.56882,3
1098.6,0.13108,2.61148,7.56882,3
1098.7,0.13109,2.61149,7.56882,3
1098.8,0.13109,2.6115,7.56882,3
1098.9,0.13109,2.61152,7.56882,3
1099,0.1311,2.61153,7.56882,3
1099.1,0.1311,2.61154,7.56882,3
1099.2,0.1311,2.61155,7.56882,3
1099.3,0.13111,2.61156,7.56882,3
1099.4,0.13111,2.61157,7.56882,3
1099.5,0.13111,2.61158,7.56882,3
1099.6,0.13111,2.61159,7.56882,3
1099.7,0.13112,2.6116,7.56882,3
1099.8,0.13112,2.61161,7.56882,3
1099.9,0.13112,2.61162,7.56882,3
1100,0.13113,2.61164,7.56881,3
1100.1,0.13113,2.61165,7.56881,3
1100.2,0.13113,2.61166,7.56881,3
1100.3,0.13114,2.61167,7.56881,3
1100.4,0.13114,2.61168,7.56881,3
1100.5,0.13114,2.61169,7.56881,3
1100.6,0.13115,2.6117,7.56881,3
1100.7,0.13115,2.61172,7.56881,3
1100.8,0.13115,2.61173,7.56881,3
1100.9,0.13115,2.61175,7.56881,3
1101,0.13116,2.61176,7.56881,3
1101.1,0.13116,2.61177,7.56881,3
1101.2,0.13116,2.61178,7.56881,3
1101.3,0.13117,2.6118,7.56881,3
1101.4,0.13117,2.61181,7.56881,3
1101.5,0.13117,2.61182,7.56881,3
1101.6,0.13118,2.61183,7.56881,3
1101.7,0.13118,2.61184,7.56881,3
1101.8,0.13118,2.61185,7.56881,3
1101.9,0.13118,2.61187,7.56881,3
1102,0.13119,2.61188,7.56881,3
1102.1,0.13119,2.61189,7.56882,3
1102.2,0.13119,2.6119,7.56882,3
1102.3,0.13119,2.61191,7.56881,3
1102.4,0.1312,2.61192,7.56881,3
1102.5,0.1312,2.61193,7.56882,3
1102.6,0.1312,2.61194,7.56882,3
1102.7,0.13121,2.61195,7.56881,3
1102.8,0.13121,2.61196,7.56881,3
1102.9,0.13121,2.61197,7.56881,3
1103,0.13122,2.61198,7.56881,3
1103.1,0.13122,2.61199,7.56881,3
1103.2,0.13122,2.61201,7.56881,3
1103.3,0.13123,2.61202,7.56881,3
1103.4,0.13123,2.61203,7.56881,3
1103.5,0.13123,2.61204,7.56881,3
1103.6,0.13123,2.61205,7.56881,3
1103.7,0.13124,2.61206,7.56882,3
1103.8,0.13124,2.61207,7.56882,3
1103.9,0.13124,2.61208,7.56882,3
1104,0.13125,2.61209,7.56882,3
1104.1,0.13125,2.6121,7.56882,3
1104.2,0.13125,2.61211,7.56882,3
1104.3,0.13126,2.61213,7.56882,3
1104.4,0.13126,2.61214,7.56882,3
1104.5,0.13126,2.61216,7.56882,3
1104.6,0.13127,2.61217,7.56882,3
1104.7,0.13127,2.61219,7.56882,3
1104.8,0.13127,2.6122,7.56882,3
1104.9,0.13127,2.61222,7.56882,3
1105,0.13128,2.61223,7.56882,3
1105.1,0.13128,2.61224,7.56882,3
1105.2,0.13128,2.61225,7.56882,3
1105.3,0.13129,2.61227,7.56882,3
1105.4,0.13129,2.61228,7.56882,3
1105.5,0.13129,2.61229,7.56882,3
1105.6,0.1313,2.6123,7.56882,3
1105.7,0.1313,2.61231,7.56882,3
1105.8,0.1313,2.61232,7.56882,3
1105.9,0.13131,2.61234,7.56882,3
1106,0.13131,2.61235,7.56882,3
1106.1,0.13131,2.61237,7.56882,3
1106.2,0.13132,2.61238,7.56882,3
1106.3,0.13132,2.61239,7.56882,3
1106.4,0.13132,2.61241,7.56882,3
1106.5,0.13133,2.61242,7.56882,3
1106.6,0.13133,2.61243,7.56882,3
1106.7,0.13133,2.61244,7.56882,3
1106.8,0.13134,2.61246,7.56882,3
1106.9,0.13134,2.61247,7.56882,3
1107,0.13134,2.61248,7.56882,3
1107.1,0.13135,2.61249,7.56882,3
1107.2,0.13135,2.61251,7.56882,3
1107.3,0.13135,2.61252,7.56882,3
1107.4,0.13136,2.61253,7.56882,3
1107.5,0.13136,2.61255,7.56882,3
1107.6,0.13136,2.61256,7.56882,3
1107.7,0.13137,2.61257,7.56882,3
1107.8,0.13137,2.61258,7.56882,3
1107.9,0.13137,2.6126,7.56882,3
1108,0.13138,2.61261,7.56882,3
1108.1,0.13138,2.61262,7.56882,3
1108.2,0.13138,2.61263,7.56882,3
1108.3,0.13139,2.61264,7.56882,3
1108.4,0.13139,2.61265,7.56882,3
1108.5,0.13139,2.61267,7.56882,3
1108.6,0.1314,2.61268,7.56882,3
1108.7,0.1314,2.61269,7.56882,3
1108.8,0.1314,2.6127,7.56882,3
1108.9,0.13141,2.61271,7.56882,3
1109,0.13141,2.61273,7.56882,3
1109.1,0.13141,2.61274,7.56882,3
1109.2,0.13142,2.61275,7.56882,3
1109.3,0.13142,2.61276,7.56882,3
1109.4,0.13142,2.61278,7.56882,3
1109.5,0.13143,2.61279,7.56883,3
1109.6,0.13143,2.6128,7.56883,3
1109.7,0.13143,2.61281,7.56883,3
1109.8,0.13144,2.61282,7.56883,3
1109.9,0.13144,2.61283,7.56883,3
1110,0.13144,2.61285,7.56883,3
1110.1,0.13145,2.61286,7.56883,3
1110.2,0.13145,2.61287,7.56883,3
1110.3,0.13145,2.61288,7.56883,3
1110.4,0.13146,2.61289,7.56883,3
1110.5,0.13146,2.6129,7.56883,3
1110.6,0.13146,2.61291,7.56883,3
1110.7,0.13147,2.61293,7.56883,3
1110.8,0.13147,2.61294,7.56883,3
1110.9,0.13147,2.61295,7.56883,3
1111,0.13148,2.61296,7.56883,3
1111.1,0.13148,2.61297,7.56883,3
1111.2,0.13148,2.61298,7.56883,3
1111.3,0.13149,2.61299,7.56883,3
1111.4,0.13149,2.613,7.56883,3
1111.5,0.13149,2.61301,7.56883,3
1111.6,0.1315,2.61302,7.56883,3
1111.7,0.1315,2.61303,7.56883,3
1111.8,0.1315,2.61304,7.56883,3
1111.9,0.13151,2.61305,7.56883,3
1112,0.13151,2.61306,7.56883,3
1112.1,0.13151,2.61308,7.56883,3
1112.2,0.13152,2.61309,7.56883,3
1112.3,0.13152,2.6131,7.56883,3
1112.4,0.13152,2.61311,7.56883,3
1112.5,0.13153,2.61313,7.56883,3
1112.6,0.13153,2.61314,7.56883,3
1112.7,0.13153,2.61315,7.56883,3
1112.8,0.13154,2.61317,7.56883,3
1112.9,0.13154,2.61318,7.56883,3
1113,0.13154,2.61319,7.56883,3
1113.1,0.13155,2.6132,7.56883,3
1113.2,0.13155,2.61321,7.56883,3
1113.3,0.13155,2.61322,7.56884,3
1113.4,0.13156,2.61323,7.56884,3
1113.5,0.13156,2.61324,7.56884,3
1113.6,0.13156,2.61325,7.56884,3
1113.7,0.13157,2.61327,7.56884,3
1113.8,0.13157,2.61328,7.56884,3
1113.9,0.13157,2.61329,7.56884,3
1114,0.13158,2.6133,7.56884,3
1114.1,0.13158,2.61331,7.56884,3
1114.2,0.13158,2.61332,7.56884,3
1114.3,0.13158,2.61334,7.56884,3
1114.4,0.13159,2.61335,7.56885,3
1114.5,0.13159,2.61336,7.56885,3
1114.6,0.1316,2.61337,7.56885,3
1114.7,0.1316,2.61338,7.56885,3
1114.8,0.1316,2.61339,7.56885,3
1114.9,0.1316,2.6134,7.56885,3
1115,0.13161,2.61342,7.56885,3
1115.1,0.13161,2.61343,7.56885,3
1115.2,0.13162,2.61344,7.56885,3
1115.3,0.13162,2.61345,7.56886,3
1115.4,0.13162,2.61346,7.56886,3
1115.5,0.13163,2.61347,7.56886,3
1115.6,0.13163,2.61348,7.56886,3
1115.7,0.13163,2.61349,7.56886,3
1115.8,0.13164,2.61351,7.56886,3
1115.9,0.13164,2.61352,7.56886,3
1116,0.13164,2.61354,7.56886,3
1116.1,0.13165,2.61355,7.56886,3
1116.2,0.13165,2.61356,7.56887,3
1116.3,0.13165,2.61358,7.56887,3
1116.4,0.13166,2.61359,7.56887,3
1116.5,0.13166,2.6136,7.56887,3
1116.6,0.13166,2.61362,7.56887,3
1116.7,0.13167,2.61363,7.56887,3
1116.8,0.13167,2.61364,7.56887,3
1116.9,0.13167,2.61366,7.56887,3
1117,0.13168,2.61367,7.56888,3
1117.1,0.13168,2.61369,7.56888,3
1117.2,0.13168,2.6137,7.56888,3
1117.3,0.13169,2.61371,7.56888,3
1117.4,0.13169,2.61373,7.56888,3
1117.5,0.13169,2.61374,7.56888,3
1117.6,0.1317,2.61375,7.56888,3
1117.7,0.1317,2.61376,7.56888,3
1117.8,0.1317,2.61377,7.56889,3
1117.9,0.13171,2.61379,7.56889,3
1118,0.13171,2.6138,7.56889,3
1118.1,0.13171,2.61381,7.56889,3
1118.2,0.13172,2.61383,7.56889,3
1118.3,0.13172,2.61384,7.56889,3
1118.4,0.13172,2.61386,7.56889,3
1118.5,0.13173,2.61387,7.5689,3
1118.6,0.13173,2.61389,7.5689,3
1118.7,0.13173,2.6139,7.5689,3
1118.8,0.13173,2.61391,7.5689,3
1118.9,0.13174,2.61393,7.5689,3
1119,0.13174,2.61394,7.5689,3
1119.1,0.13174,2.61396,7.5689,3
1119.2,0.13175,2.61398,7.56891,3
1119.3,0.13175,2.61399,7.56891,3
1119.4,0.13175,2.61401,7.56891,3
1119.5,0.13176,2.61402,7.56891,3
1119.6,0.13176,2.61404,7.56891,3
1119.7,0.13176,2.61405,7.56891,3
1119.8,0.13176,2.61407,7.56892,3
1119.9,0.13177,2.61408,7.56892,3
1120,0.13177,2.61409,7.56892,3
1120.1,0.13177,2.6141,7.56892,3
1120.2,0.13178,2.61412,7.56892,3
1120.3,0.13178,2.61413,7.56893,3
1120.4,0.13178,2.61415,7.56893,3
1120.5,0.13178,2.61416,7.56893,3
1120.6,0.13179,2.61417,7.56893,3
1120.7,0.13179,2.61419,7.56893,3
1120.8,0.13179,2.6142,7.56893,3
1120.9,0.1318,2.61421,7.56893,3
1121,0.1318,2.61422,7.56894,3
1121.1,0.1318,2.61424,7.56894,3
1121.2,0.13181,2.61425,7.56894,3
1121.3,0.13181,2.61427,7.56894,3
1121.4,0.13181,2.61428,7.56894,3
1121.5,0.13182,2.6143,7.56895,3
1121.6,0.13182,2.61431,7.56895,3
1121.7,0.13182,2.61433,7.56895,3
1121.8,0.13183,2.61434,7.56895,3
1121.9,0.13183,2.61435,7.56895,3
1122,0.13183,2.61437,7.56895,3
1122.1,0.13184,2.61438,7.56896,3
1122.2,0.13184,2.6144,7.56896,3
1122.3,0.13184,2.61441,7.56896,3
1122.4,0.13184,2.61443,7.56896,3
1122.5,0.13185,2.61445,7.56896,3
1122.6,0.13185,2.61446,7.56897,3
1122.7,0.13185,2.61448,7.56897,3
1122.8,0.13186,2.6145,7.56897,3
1122.9,0.13186,2.61451,7.56897,3
1123,0.13186,2.61453,7.56897,3
1123.1,0.13187,2.61454,7.56898,3
1123.2,0.13187,2.61456,7.56898,3
1123.3,0.13187,2.61457,7.56898,3
1123.4,0.13188,2.61459,7.56898,3
1123.5,0.13188,2.6146,7.56898,3
1123.6,0.13188,2.61462,7.56899,3
1123.7,0.13189,2.61463,7.56899,3
1123.8,0.13189,2.61465,7.56899,3
1123.9,0.13189,2.61467,7.56899,3
1124,0.1319,2.61468,7.569,3
1124.1,0.1319,2.6147,7.569,3
1124.2,0.1319,2.61471,7.569,3
1124.3,0.13191,2.61473,7.569,3
1124.4,0.13191,2.61474,7.56901,3
1124.5,0.13192,2.61476,7.56901,3
1124.6,0.13192,2.61477,7.56901,3
1124.7,0.13192,2.61479,7.56901,3
1124.8,0.13193,2.6148,7.56901,3
1124.9,0.13193,2.61482,7.56902,3
1125,0.13193,2.61483,7.56902,3
1125.1,0.13194,2.61485,7.56902,3
1125.2,0.13194,2.61487,7.56902,3
1125.3,0.13194,2.61489,7.56902,3
1125.4,0.13195,2.6149,7.56903,3
1125.5,0.13195,2.61492,7.56903,3
1125.6,0.13195,2.61494,7.56903,3
1125.7,0.13196,2.61496,7.56903,3
1125.8,0.13196,2.61498,7.56904,3
1125.9,0.13196,2.615,7.56904,3
1126,0.13197,2.61501,7.56904,3
1126.1,0.13197,2.61503,7.56904,3
1126.2,0.13197,2.61505,7.56904,3
1126.3,0.13198,2.61507,7.56905,3
1126.4,0.13198,2.61509,7.56905,3
1126.5,0.13198,2.61511,7.56905,3
1126.6,0.13199,2.61512,7.56905,3
1126.7,0.13199,2.61514,7.56905,3
1126.8,0.13199,2.61516,7.56906,3
1126.9,0.132,2.61518,7.56906,3
1127,0.132,2.61519,7.56906,3
1127.1,0.13201,2.61521,7.56906,3
1127.2,0.13201,2.61522,7.56907,3
1127.3,0.13201,2.61524,7.56907,3
1127.4,0.13202,2.61526,7.56907,3
1127.5,0.13202,2.61528,7.56907,3
1127.6,0.13202,2.61529,7.56908,3
1127.7,0.13203,2.61531,7.56908,3
1127.8,0.13203,2.61533,7.56908,3
1127.9,0.13203,2.61534,7.56908,3
1128,0.13204,2.61536,7.56908,3
1128.1,0.13204,2.61538,7.56909,3
1128.2,0.13205,2.6154,7.56909,3
1128.3,0.13205,2.61542,7.56909,3
1128.4,0.13205,2.61544,7.56909,3
1128.5,0.13206,2.61545,7.5691,3
1128.6,0.13206,2.61547,7.5691,3
1128.7,0.13206,2.61549,7.5691,3
1128.8,0.13207,2.6155,7.5691,3
1128.9,0.13207,2.61552,7.5691,3
1129,0.13208,2.61553,7.56911,3
1129.1,0.13208,2.61555,7.56911,3
1129.2,0.13208,2.61556,7.56911,3
1129.3,0.13209,2.61558,7.56911,3
1129.4,0.13209,2.6156,7.56911,3
1129.5,0.13209,2.61561,7.56912,3
1129.6,0.1321,2.61563,7.56912,3
1129.7,0.1321,2.61565,7.56912,3
1129.8,0.13211,2.61567,7.56912,3
1129.9,0.13211,2.61568,7.56912,3
1130,0.13211,2.6157,7.56913,3
1130.1,0.13212,2.61572,7.56913,3
1130.2,0.13212,2.61574,7.56913,3
1130.3,0.13212,2.61575,7.56913,3
1130.4,0.13213,2.61577,7.56913,3
1130.5,0.13213,2.61578,7.56914,3
1130.6,0.13213,2.6158,7.56914,3
1130.7,0.13214,2.61582,7.56914,3
1130.8,0.13214,2.61584,7.56914,3
1130.9,0.13214,2.61586,7.56915,3
1131,0.13215,2.61588,7.56915,3
1131.1,0.13215,2.6159,7.56915,3
1131.2,0.13216,2.61592,7.56915,3
1131.3,0.13216,2.61593,7.56916,3
1131.4,0.13216,2.61595,7.56916,3
1131.5,0.13217,2.61597,7.56916,3
1131.6,0.13217,2.61599,7.56916,3
1131.7,0.13217,2.61601,7.56916,3
1131.8,0.13218,2.61602,7.56917,3
1131.9,0.13218,2.61604,7.56917,3
1132,0.13219,2.61606,7.56917,3
1132.1,0.13219,2.61607,7.56917,3
1132.2,0.13219,2.61609,7.56918,3
1132.3,0.1322,2.6161,7.56918,3
1132.4,0.1322,2.61612,7.56918,3
1132.5,0.13221,2.61614,7.56918,3
1132.6,0.13221,2.61615,7.56918,3
1132.7,0.13221,2.61617,7.56919,3
1132.8,0.13222,2.61618,7.56919,3
1132.9,0.13222,2.6162,7.56919,3
1133,0.13223,2.61622,7.56919,3
1133.1,0.13223,2.61623,7.5692,3
1133.2,0.13223,2.61625,7.5692,3
1133.3,0.13224,2.61626,7.5692,3
1133.4,0.13224,2.61628,7.5692,3
1133.5,0.13224,2.6163,7.56921,3
1133.6,0.13225,2.61631,7.56921,3
1133.7,0.13225,2.61634,7.56921,3
1133.8,0.13225,2.61636,7.56921,3
1133.9,0.13226,2.61638,7.56922,3
1134,0.13226,2.61639,7.56922,3
1134.1,0.13227,2.61641,7.56922,3
1134.2,0.13227,2.61643,7.56922,3
1134.3,0.13227,2.61645,7.56923,3
1134.4,0.13228,2.61647,7.56923,3
1134.5,0.13228,2.61648,7.56923,3
1134.6,0.13228,2.6165,7.56923,3
1134.7,0.13229,2.61652,7.56923,3
1134.8,0.13229,2.61653,7.56924,3
1134.9,0.13229,2.61655,7.56924,3
1135,0.1323,2.61656,7.56924,3
1135.1,0.1323,2.61657,7.56924,3
1135.2,0.13231,2.61658,7.56925,3
1135.3,0.13231,2.6166,7.56925,3
1135.4,0.13231,2.61661,7.56925,3
1135.5,0.13232,2.61662,7.56925,3
1135.6,0.13232,2.61664,7.56925,3
1135.7,0.13232,2.61665,7.56926,3
1135.8,0.13233,2.61667,7.56926,3
1135.9,0.13233,2.61669,7.56926,3
1136,0.13233,2.6167,7.56926,3
1136.1,0.13234,2.61671,7.56927,3
1136.2,0.13234,2.61673,7.56927,3
1136.3,0.13235,2.61674,7.56927,3
1136.4,0.13235,2.61675,7.56928,3
1136.5,0.13235,2.61677,7.56928,3
1136.6,0.13236,2.61678,7.56928,3
1136.7,0.13236,2.61679,7.56928,3
1136.8,0.13236,2.61681,7.56929,3
1136.9,0.13237,2.61682,7.56929,3
1137,0.13237,2.61683,7.56929,3
1137.1,0.13238,2.61685,7.5693,3
1137.2,0.13238,2.61686,7.5693,3
1137.3,0.13238,2.61688,7.5693,3
1137.4,0.13239,2.61689,7.5693,3
1137.5,0.13239,2.61691,7.56931,3
1137.6,0.13239,2.61692,7.56931,3
1137.7,0.1324,2.61694,7.56931,3
1137.8,0.1324,2.61695,7.56932,3
1137.9,0.1324,2.61697,7.56932,3
1138,0.13241,2.61698,7.56932,3
1138.1,0.13241,2.617,7.56932,3
1138.2,0.13241,2.61701,7.56933,3
1138.3,0.13241,2.61703,7.56933,3
1138.4,0.13242,2.61705,7.56933,3
1138.5,0.13242,2.61706,7.56934,3
1138.6,0.13242,2.61708,7.56934,3
1138.7,0.13243,2.6171,7.56934,3
1138.8,0.13243,2.61712,7.56934,3
1138.9,0.13243,2.61713,7.56935,3
1139,0.13244,2.61715,7.56935,3
1139.1,0.13244,2.61716,7.56935,3
1139.2,0.13244,2.61718,7.56936,3
1139.3,0.13244,2.61719,7.56936,3
1139.4,0.13245,2.61721,7.56936,3
1139.5,0.13245,2.61722,7.56936,3
1139.6,0.13245,2.61724,7.56937,3
1139.7,0.13246,2.61725,7.56937,3
1139.8,0.13246,2.61727,7.56937,3
1139.9,0.13246,2.61728,7.56938,3
1140,0.13247,2.6173,7.56938,3
1140.1,0.13247,2.61731,7.56938,3
1140.2,0.13247,2.61733,7.56939,3
1140.3,0.13248,2.61734,7.56939,3
1140.4,0.13248,2.61736,7.56939,3
1140.5,0.13248,2.61737,7.5694,3
1140.6,0.13249,2.61739,7.5694,3
1140.7,0.13249,2.6174,7.5694,3
1140.8,0.13249,2.61741,7.56941,3
1140.9,0.1325,2.61742,7.56941,3
1141,0.1325,2.61744,7.56941,3
1141.1,0.1325,2.61745,7.56941,3
1141.2,0.13251,2.61746,7.56942,3
1141.3,0.13251,2.61747,7.56942,3
1141.4,0.13251,2.61748,7.56942,3
1141.5,0.13252,2.6175,7.56943,3
1141.6,0.13252,2.61751,7.56943,3
1141.7,0.13252,2.61752,7.56943,3
1141.8,0.13253,2.61753,7.56943,3
1141.9,0.13253,2.61755,7.56944,3
1142,0.13253,2.61756,7.56944,3
1142.1,0.13254,2.61758,7.56944,3
1142.2,0.13254,2.61759,7.56944,3
1142.3,0.13254,2.61761,7.56945,3
1142.4,0.13254,2.61762,7.56945,3
1142.5,0.13255,2.61764,7.56945,3
1142.6,0.13255,2.61765,7.56946,3
1142.7,0.13255,2.61767,7.56946,3
1142.8,0.13256,2.61768,7.56946,3
1142.9,0.13256,2.61769,7.56946,3
1143,0.13256,2.61771,7.56947,3
1143.1,0.13256,2.61772,7.56947,3
1143.2,0.13257,2.61774,7.56947,3
1143.3,0.13257,2.61775,7.56947,3
1143.4,0.13257,2.61776,7.56948,3
1143.5,0.13258,2.61777,7.56948,3
1143.6,0.13258,2.61778,7.56948,3
1143.7,0.13258,2.61779,7.56948,3
1143.8,0.13258,2.61781,7.56949,3
1143.9,0.13259,2.61782,7.56949,3
1144,0.13259,2.61783,7.56949,3
1144.1,0.13259,2.61785,7.56949,3
1144.2,0.13259,2.61786,7.5695,3
1144.3,0.1326,2.61788,7.5695,3
1144.4,0.1326,2.61789,7.5695,3
1144.5,0.1326,2.6179,7.5695,3
1144.6,0.13261,2.61792,7.56951,3
1144.7,0.13261,2.61793,7.56951,3
1144.8,0.13261,2.61795,7.56951,3
1144.9,0.13262,2.61796,7.56951,3
1145,0.13262,2.61797,7.56952,3
1145.1,0.13262,2.61799,7.56952,3
1145.2,0.13262,2.618,7.56952,3
1145.3,0.13263,2.61802,7.56952,3
1145.4,0.13263,2.61804,7.56953,3
1145.5,0.13263,2.61805,7.56953,3
1145.6,0.13263,2.61807,7.56953,3
1145.7,0.13264,2.61808,7.56953,3
1145.8,0.13264,2.61809,7.56954,3
1145.9,0.13264,2.61811,7.56954,3
1146,0.13264,2.61812,7.56954,3
1146.1,0.13264,2.61813,7.56955,3
1146.2,0.13265,2.61814,7.56955,3
1146.3,0.13265,2.61816,7.56955,3
1146.4,0.13265,2.61817,7.56955,3
1146.5,0.13265,2.61818,7.56956,3
1146.6,0.13265,2.61819,7.56956,3
1146.7,0.13266,2.6182,7.56956,3
1146.8,0.13266,2.61822,7.56956,3
1146.9,0.13266,2.61823,7.56957,3
1147,0.13266,2.61824,7.56957,3
1147.1,0.13267,2.61825,7.56957,3
1147.2,0.13267,2.61826,7.56957,3
1147.3,0.13267,2.61827,7.56958,3
1147.4,0.13267,2.61828,7.56958,3
1147.5,0.13267,2.6183,7.56958,3
1147.6,0.13268,2.61831,7.56959,3
1147.7,0.13268,2.61832,7.56959,3
1147.8,0.13268,2.61834,7.56959,3
1147.9,0.13269,2.61835,7.56959,3
1148,0.13269,2.61836,7.5696,3
1148.1,0.13269,2.61837,7.5696,3
1148.2,0.13269,2.61839,7.5696,3
1148.3,0.13269,2.6184,7.5696,3
1148.4,0.1327,2.61841,7.56961,3
1148.5,0.1327,2.61842,7.56961,3
1148.6,0.1327,2.61843,7.56961,3
1148.7,0.13271,2.61845,7.56962,3
1148.8,0.13271,2.61847,7.56962,3
1148.9,0.13271,2.61848,7.56962,3
1149,0.13271,2.6185,7.56963,3
1149.1,0.13272,2.61851,7.56963,3
1149.2,0.13272,2.61853,7.56963,3
1149.3,0.13272,2.61854,7.56963,3
1149.4,0.13272,2.61856,7.56964,3
1149.5,0.13272,2.61858,7.56964,3
1149.6,0.13273,2.61859,7.56964,3
1149.7,0.13273,2.61861,7.56965,3
1149.8,0.13273,2.61862,7.56965,3
1149.9,0.13273,2.61863,7.56965,3
1150,0.13273,2.61865,7.56965,3
1150.1,0.13274,2.61866,7.56966,3
1150.2,0.13274,2.61867,7.56966,3
1150.3,0.13274,2.61868,7.56966,3
1150.4,0.13274,2.61869,7.56967,3
1150.5,0.13275,2.6187,7.56967,3
1150.6,0.13275,2.61871,7.56967,3
1150.7,0.13275,2.61872,7.56967,3
1150.8,0.13275,2.61874,7.56968,3
1150.9,0.13275,2.61875,7.56968,3
1151,0.13276,2.61876,7.56968,3
1151.1,0.13276,2.61877,7.56969,3
1151.2,0.13276,2.61878,7.56969,3
1151.3,0.13276,2.61879,7.56969,3
1151.4,0.13277,2.6188,7.5697,3
1151.5,0.13277,2.61882,7.5697,3
1151.6,0.13277,2.61883,7.5697,3
1151.7,0.13277,2.61884,7.5697,3
1151.8,0.13277,2.61885,7.56971,3
1151.9,0.13278,2.61886,7.56971,3
1152,0.13278,2.61886,7.56971,3
1152.1,0.13278,2.61887,7.56972,3
1152.2,0.13278,2.61888,7.56972,3
1152.3,0.13278,2.61889,7.56972,3
1152.4,0.13279,2.61891,7.56973,3
1152.5,0.13279,2.61892,7.56973,3
1152.6,0.13279,2.61893,7.56973,3
1152.7,0.13279,2.61894,7.56973,3
1152.8,0.1328,2.61895,7.56974,3
1152.9,0.1328,2.61897,7.56974,3
1153,0.1328,2.61898,7.56974,3
1153.1,0.1328,2.61899,7.56975,3
1153.2,0.13281,2.619,7.56975,3
1153.3,0.13281,2.61901,7.56975,3
1153.4,0.13281,2.61903,7.56975,3
1153.5,0.13281,2.61904,7.56976,3
1153.6,0.13281,2.61905,7.56976,3
1153.7,0.13282,2.61906,7.56976,3
1153.8,0.13282,2.61907,7.56977,3
1153.9,0.13282,2.61908,7.56977,3
1154,0.13282,2.61909,7.56977,3
1154.1,0.13282,2.6191,7.56978,3
1154.2,0.13282,2.61911,7.56978,3
1154.3,0.13283,2.61912,7.56978,3
1154.4,0.13283,2.61913,7.56978,3
1154.5,0.13283,2.61915,7.56979,3
1154.6,0.13283,2.61916,7.56979,3
1154.7,0.13283,2.61917,7.56979,3
1154.8,0.13284,2.61918,7.5698,3
1154.9,0.13284,2.6192,7.5698,3
1155,0.13284,2.61921,7.5698,3
1155.1,0.13284,2.61922,7.56981,3
1155.2,0.13284,2.61924,7.56981,3
1155.3,0.13285,2.61925,7.56981,3
1155.4,0.13285,2.61926,7.56982,3
1155.5,0.13285,2.61928,7.56982,3
1155.6,0.13285,2.6193,7.56982,3
1155.7,0.13285,2.61932,7.56982,3
1155.8,0.13286,2.61935,7.56983,3
1155.9,0.13286,2.61937,7.56983,3
1156,0.13286,2.61939,7.56983,3
1156.1,0.13286,2.6194,7.56984,3
1156.2,0.13286,2.61942,7.56984,3
1156.3,0.13287,2.61944,7.56984,3
1156.4,0.13287,2.61945,7.56985,3
1156.5,0.13287,2.61947,7.56985,3
1156.6,0.13287,2.61949,7.56985,3
1156.7,0.13287,2.6195,7.56985,3
1156.8,0.13288,2.61952,7.56986,3
1156.9,0.13288,2.61953,7.56986,3
1157,0.13288,2.61955,7.56986,3
1157.1,0.13288,2.61956,7.56987,3
1157.2,0.13288,2.61958,7.56987,3
1157.3,0.13288,2.61959,7.56987,3
1157.4,0.13288,2.61961,7.56987,3
1157.5,0.13288,2.61963,7.56988,3
1157.6,0.13289,2.61965,7.56988,3
1157.7,0.13289,2.61967,7.56988,3
1157.8,0.13289,2.61968,7.56988,3
1157.9,0.13289,2.6197,7.56989,3
1158,0.13289,2.61971,7.56989,3
1158.1,0.13289,2.61972,7.56989,3
1158.2,0.13289,2.61974,7.5699,3
1158.3,0.13289,2.61975,7.5699,3
1158.4,0.1329,2.61977,7.5699,3
1158.5,0.1329,2.61978,7.5699,3
1158.6,0.1329,2.61979,7.56991,3
1158.7,0.1329,2.6198,7.56991,3
1158.8,0.1329,2.61982,7.56991,3
1158.9,0.1329,2.61983,7.56991,3
1159,0.1329,2.61984,7.56992,3
1159.1,0.1329,2.61986,7.56992,3
1159.2,0.13291,2.61987,7.56992,3
1159.3,0.13291,2.61988,7.56993,3
1159.4,0.13291,2.6199,7.56993,3
1159.5,0.13291,2.61991,7.56993,3
1159.6,0.13291,2.61993,7.56993,3
1159.7,0.13291,2.61994,7.56994,3
1159.8,0.13292,2.61996,7.56994,3
1159.9,0.13292,2.61997,7.56994,3
1160,0.13292,2.61998,7.56994,3
1160.1,0.13292,2.61999,7.56995,3
1160.2,0.13292,2.62,7.56995,3
1160.3,0.13292,2.62002,7.56995,3
1160.4,0.13292,2.62003,7.56995,3
1160.5,0.13292,2.62005,7.56996,3
1160.6,0.13292,2.62007,7.56996,3
1160.7,0.13292,2.62009,7.56996,3
1160.8,0.13293,2.6201,7.56996,3
1160.9,0.13293,2.62012,7.56997,3
1161,0.13293,2.62014,7.56997,3
1161.1,0.13293,2.62015,7.56997,3
1161.2,0.13293,2.62017,7.56997,3
1161.3,0.13293,2.62018,7.56998,3
1161.4,0.13293,2.6202,7.56998,3
1161.5,0.13293,2.62021,7.56998,3
1161.6,0.13293,2.62022,7.56998,3
1161.7,0.13293,2.62024,7.56999,3
1161.8,0.13293,2.62025,7.56999,3
1161.9,0.13293,2.62027,7.56999,3
1162,0.13294,2.62028,7.56999,3
1162.1,0.13294,2.6203,7.57,3
1162.2,0.13294,2.62031,7.57,3
1162.3,0.13294,2.62032,7.57,3
1162.4,0.13294,2.62034,7.57,3
1162.5,0.13294,2.62035,7.57001,3
1162.6,0.13294,2.62036,7.57001,3
1162.7,0.13294,2.62038,7.57001,3
1162.8,0.13294,2.6204,7.57001,3
1162.9,0.13295,2.62041,7.57002,3
1163,0.13295,2.62043,7.57002,3
1163.1,0.13295,2.62044,7.57002,3
1163.2,0.13295,2.62045,7.57002,3
1163.3,0.13295,2.62047,7.57003,3
1163.4,0.13295,2.62048,7.57003,3
1163.5,0.13295,2.62049,7.57003,3
1163.6,0.13295,2.62051,7.57004,3
1163.7,0.13295,2.62052,7.57004,3
1163.8,0.13295,2.62054,7.57004,3
1163.9,0.13295,2.62055,7.57004,3
1164,0.13295,2.62056,7.57005,3
1164.1,0.13296,2.62058,7.57005,3
1164.2,0.13296,2.62059,7.57005,3
1164.3,0.13296,2.62061,7.57005,3
1164.4,0.13296,2.62062,7.57006,3
1164.5,0.13296,2.62064,7.57006,3
1164.6,0.13296,2.62065,7.57006,3
1164.7,0.13296,2.62066,7.57007,3
1164.8,0.13296,2.62067,7.57007,3
1164.9,0.13296,2.62068,7.57007,3
1165,0.13296,2.6207,7.57007,3
1165.1,0.13296,2.62071,7.57008,3
1165.2,0.13296,2.62072,7.57008,3
1165.3,0.13296,2.62073,7.57008,3
1165.4,0.13296,2.62074,7.57008,3
1165.5,0.13297,2.62076,7.57009,3
1165.6,0.13297,2.62077,7.57009,3
1165.7,0.13297,2.62079,7.57009,3
1165.8,0.13297,2.6208,7.5701,3
1165.9,0.13297,2.62082,7.5701,3
1166,0.13297,2.62084,7.5701,3
1166.1,0.13297,2.62085,7.5701,3
1166.2,0.13297,2.62087,7.57011,3
1166.3,0.13297,2.62088,7.57011,3
1166.4,0.13297,2.6209,7.57011,3
1166.5,0.13297,2.62092,7.57011,3
1166.6,0.13297,2.62093,7.57012,3
1166.7,0.13297,2.62095,7.57012,3
1166.8,0.13297,2.62096,7.57012,3
1166.9,0.13297,2.62098,7.57012,3
1167,0.13298,2.62099,7.57013,3
1167.1,0.13298,2.621,7.57013,3
1167.2,0.13298,2.62102,7.57013,3
1167.3,0.13298,2.62103,7.57013,3
1167.4,0.13298,2.62104,7.57014,3
1167.5,0.13298,2.62105,7.57014,3
1167.6,0.13298,2.62106,7.57014,3
1167.7,0.13298,2.62107,7.57014,3
1167.8,0.13298,2.62109,7.57015,3
1167.9,0.13298,2.6211,7.57015,3
1168,0.13298,2.62112,7.57015,3
1168.1,0.13298,2.62113,7.57015,3
1168.2,0.13298,2.62114,7.57016,3
1168.3,0.13298,2.62116,7.57016,3
1168.4,0.13298,2.62117,7.57016,3
1168.5,0.13298,2.62118,7.57016,3
1168.6,0.13298,2.6212,7.57016,3
1168.7,0.13298,2.62121,7.57017,3
1168.8,0.13298,2.62122,7.57017,3
1168.9,0.13298,2.62123,7.57017,3
1169,0.13298,2.62124,7.57017,3
1169.1,0.13298,2.62125,7.57018,3
1169.2,0.13298,2.62126,7.57018,3
1169.3,0.13298,2.62127,7.57018,3
1169.4,0.13298,2.62128,7.57018,3
1169.5,0.13298,2.62129,7.57018,3
1169.6,0.13298,2.62131,7.57019,3
1169.7,0.13298,2.62132,7.57019,3
1169.8,0.13298,2.62133,7.57019,3
1169.9,0.13298,2.62134,7.57019,3
1170,0.13298,2.62135,7.57019,3
1170.1,0.13298,2.62136,7.5702,3
1170.2,0.13298,2.62137,7.5702,3
1170.3,0.13298,2.62138,7.5702,3
1170.4,0.13298,2.6214,7.5702,3
1170.5,0.13298,2.62141,7.5702,3
1170.6,0.13298,2.62142,7.5702,3
1170.7,0.13298,2.62143,7.57021,3
1170.8,0.13298,2.62144,7.57021,3
1170.9,0.13298,2.62145,7.57021,3
1171,0.13298,2.62145,7.57021,3
1171.1,0.13298,2.62146,7.57021,3
1171.2,0.13298,2.62147,7.57021,3
1171.3,0.13298,2.62147,7.57022,3
1171.4,0.13298,2.62148,7.57022,3
1171.5,0.13298,2.62149,7.57022,3
1171.6,0.13298,2.62149,7.57022,3
1171.7,0.13298,2.6215,7.57022,3
1171.8,0.13298,2.62151,7.57022,3
1171.9,0.13298,2.62151,7.57023,3
1172,0.13298,2.62152,7.57023,3
1172.1,0.13298,2.62153,7.57023,3
1172.2,0.13298,2.62153,7.57023,3
1172.3,0.13297,2.62154,7.57023,3
1172.4,0.13297,2.62154,7.57023,3
1172.5,0.13297,2.62155,7.57023,3
1172.6,0.13297,2.62156,7.57024,3
1172.7,0.13297,2.62156,7.57024,3
1172.8,0.13297,2.62157,7.57024,3
1172.9,0.13297,2.62157,7.57024,3
1173,0.13297,2.62158,7.57024,3
1173.1,0.13297,2.62158,7.57024,3
1173.2,0.13297,2.62158,7.57024,3
1173.3,0.13297,2.62159,7.57025,3
1173.4,0.13297,2.62159,7.57025,3
1173.5,0.13296,2.6216,7.57025,3
1173.6,0.13296,2.6216,7.57025,3
1173.7,0.13296,2.62161,7.57025,3
1173.8,0.13296,2.62161,7.57025,3
1173.9,0.13296,2.62162,7.57025,3
1174,0.13296,2.62162,7.57025,3
1174.1,0.13296,2.62163,7.57026,3
1174.2,0.13296,2.62163,7.57026,3
1174.3,0.13296,2.62164,7.57026,3
1174.4,0.13296,2.62164,7.57026,3
1174.5,0.13296,2.62165,7.57026,3
1174.6,0.13295,2.62165,7.57026,3
1174.7,0.13295,2.62166,7.57026,3
1174.8,0.13295,2.62166,7.57026,3
1174.9,0.13295,2.62167,7.57026,3
1175,0.13295,2.62167,7.57027,3
1175.1,0.13295,2.62168,7.57027,3
1175.2,0.13295,2.62169,7.57027,3
1175.3,0.13295,2.62169,7.57027,3
1175.4,0.13295,2.62169,7.57027,3
1175.5,0.13295,2.6217,7.57027,3
1175.6,0.13294,2.6217,7.57027,3
1175.7,0.13294,2.62171,7.57027,3
1175.8,0.13294,2.62171,7.57027,3
1175.9,0.13294,2.62172,7.57027,3
1176,0.13294,2.62172,7.57027,3
1176.1,0.13294,2.62173,7.57028,3
1176.2,0.13294,2.62173,7.57028,3
1176.3,0.13294,2.62174,7.57028,3
1176.4,0.13294,2.62175,7.57028,3
1176.5,0.13294,2.62176,7.57028,3
1176.6,0.13294,2.62177,7.57028,3
1176.7,0.13294,2.62178,7.57028,3
1176.8,0.13293,2.62179,7.57028,3
1176.9,0.13293,2.62181,7.57028,3
1177,0.13293,2.62181,7.57028,3
1177.1,0.13293,2.62182,7.57028,3
1177.2,0.13293,2.62183,7.57029,3
1177.3,0.13293,2.62184,7.57029,3
1177.4,0.13293,2.62185,7.57029,3
1177.5,0.13292,2.62186,7.57029,3
1177.6,0.13292,2.62187,7.57029,3
1177.7,0.13292,2.62187,7.57029,3
1177.8,0.13292,2.62188,7.57029,3
1177.9,0.13292,2.62189,7.57029,3
1178,0.13292,2.6219,7.57029,3
1178.1,0.13292,2.62191,7.57029,3
1178.2,0.13291,2.62192,7.57029,3
1178.3,0.13291,2.62193,7.57029,3
1178.4,0.13291,2.62194,7.57029,3
1178.5,0.13291,2.62195,7.57029,3
1178.6,0.13291,2.62196,7.57029,3
1178.7,0.13291,2.62196,7.5703,3
1178.8,0.13291,2.62197,7.5703,3
1178.9,0.13291,2.62198,7.5703,3
1179,0.1329,2.62198,7.5703,3
1179.1,0.1329,2.62199,7.5703,3
1179.2,0.1329,2.622,7.5703,3
1179.3,0.1329,2.622,7.5703,3
1179.4,0.1329,2.62201,7.5703,3
1179.5,0.1329,2.62202,7.5703,3
1179.6,0.1329,2.62203,7.5703,3
1179.7,0.1329,2.62204,7.5703,3
1179.8,0.1329,2.62205,7.5703,3
1179.9,0.13289,2.62206,7.5703,3
1180,0.13289,2.62207,7.5703,3
1180.1,0.13289,2.62208,7.5703,3
1180.2,0.13289,2.62209,7.5703,3
1180.3,0.13289,2.6221,7.5703,3
1180.4,0.13288,2.62211,7.5703,3
1180.5,0.13288,2.62212,7.5703,3
1180.6,0.13288,2.62213,7.5703,3
1180.7,0.13288,2.62214,7.57031,3
1180.8,0.13288,2.62215,7.57031,3
1180.9,0.13288,2.62216,7.57031,3
1181,0.13287,2.62216,7.57031,3
1181.1,0.13287,2.62217,7.57031,3
1181.2,0.13287,2.62218,7.57031,3
1181.3,0.13287,2.62218,7.57031,3
1181.4,0.13287,2.62219,7.57031,3
1181.5,0.13287,2.62219,7.57031,3
1181.6,0.13286,2.62219,7.57031,3
1181.7,0.13286,2.6222,7.57031,3
1181.8,0.13286,2.6222,7.57031,3
1181.9,0.13286,2.62221,7.57031,3
1182,0.13286,2.62221,7.57031,3
1182.1,0.13286,2.62221,7.57031,3
1182.2,0.13285,2.62222,7.57031,3
1182.3,0.13285,2.62223,7.57031,3
1182.4,0.13285,2.62224,7.57031,3
1182.5,0.13285,2.62225,7.57031,3
1182.6,0.13285,2.62226,7.57031,3
1182.7,0.13284,2.62226,7.57031,3
1182.8,0.13284,2.62227,7.57031,3
1182.9,0.13284,2.62228,7.57031,3
1183,0.13284,2.62229,7.57031,3
1183.1,0.13284,2.6223,7.57031,3
1183.2,0.13283,2.62231,7.57031,3
1183.3,0.13283,2.62231,7.57031,3
1183.4,0.13283,2.62232,7.57031,3
1183.5,0.13283,2.62232,7.57031,3
1183.6,0.13283,2.62233,7.57031,3
1183.7,0.13282,2.62233,7.57031,3
1183.8,0.13282,2.62233,7.57031,3
1183.9,0.13282,2.62234,7.57031,3
1184,0.13282,2.62234,7.57031,3
1184.1,0.13282,2.62235,7.57031,3
1184.2,0.13281,2.62235,7.57031,3
1184.3,0.13281,2.62236,7.57031,3
1184.4,0.13281,2.62236,7.57031,3
1184.5,0.13281,2.62237,7.57031,3
1184.6,0.1328,2.62237,7.57031,3
1184.7,0.1328,2.62237,7.57031,3
1184.8,0.1328,2.62238,7.57031,3
1184.9,0.1328,2.62238,7.57031,3
1185,0.13279,2.62239,7.57031,3
1185.1,0.13279,2.62239,7.57031,3
1185.2,0.13279,2.62239,7.57031,3
1185.3,0.13279,2.6224,7.57031,3
1185.4,0.13279,2.6224,7.57031,3
1185.5,0.13278,2.6224,7.57031,3
1185.6,0.13278,2.62241,7.57031,3
1185.7,0.13278,2.62241,7.57031,3
1185.8,0.13278,2.62241,7.57031,3
1185.9,0.13278,2.62241,7.57031,3
1186,0.13278,2.62241,7.57031,3
1186.1,0.13277,2.62241,7.57031,3
1186.2,0.13277,2.62242,7.57031,3
1186.3,0.13277,2.62242,7.57031,3
1186.4,0.13277,2.62242,7.57031,3
1186.5,0.13276,2.62243,7.57031,3
1186.6,0.13276,2.62243,7.57031,3
1186.7,0.13276,2.62243,7.57031,3
1186.8,0.13276,2.62244,7.57031,3
1186.9,0.13275,2.62244,7.57031,3
1187,0.13275,2.62244,7.57031,3
1187.1,0.13275,2.62245,7.57031,3
1187.2,0.13275,2.62245,7.57031,3
1187.3,0.13274,2.62245,7.57031,3
1187.4,0.13274,2.62246,7.57031,3
1187.5,0.13274,2.62246,7.57031,3
1187.6,0.13274,2.62246,7.5703,3
1187.7,0.13274,2.62247,7.5703,3
1187.8,0.13273,2.62247,7.5703,3
1187.9,0.13273,2.62247,7.5703,3
1188,0.13273,2.62247,7.5703,3
1188.1,0.13273,2.62247,7.5703,3
1188.2,0.13273,2.62248,7.5703,3
1188.3,0.13272,2.62248,7.5703,3
1188.4,0.13272,2.62249,7.5703,3
1188.5,0.13272,2.62249,7.5703,3
1188.6,0.13272,2.62249,7.5703,3
1188.7,0.13272,2.6225,7.5703,3
1188.8,0.13271,2.62251,7.5703,3
1188.9,0.13271,2.62252,7.5703,3
1189,0.13271,2.62254,7.57029,3
1189.1,0.13271,2.62255,7.57029,3
1189.2,0.13271,2.62256,7.57029,3
1189.3,0.1327,2.62257,7.57029,3
1189.4,0.1327,2.62259,7.57029,3
1189.5,0.1327,2.6226,7.57029,3
1189.6,0.1327,2.62261,7.57029,3
1189.7,0.13269,2.62262,7.57029,3
1189.8,0.13269,2.62263,7.57029,3
1189.9,0.13269,2.62263,7.57029,3
1190,0.13269,2.62264,7.57029,3
1190.1,0.13268,2.62265,7.57028,3
1190.2,0.13268,2.62266,7.57028,3
1190.3,0.13268,2.62266,7.57028,3
1190.4,0.13268,2.62267,7.57028,3
1190.5,0.13268,2.62268,7.57028,3
1190.6,0.13267,2.62268,7.57028,3
1190.7,0.13267,2.62269,7.57028,3
1190.8,0.13267,2.6227,7.57028,3
1190.9,0.13267,2.6227,7.57028,3
1191,0.13267,2.62271,7.57028,3
1191.1,0.13267,2.62271,7.57028,3
1191.2,0.13266,2.62272,7.57027,3
1191.3,0.13266,2.62273,7.57027,3
1191.4,0.13266,2.62273,7.57027,3
1191.5,0.13266,2.62274,7.57027,3
1191.6,0.13266,2.62274,7.57027,3
1191.7,0.13265,2.62275,7.57027,3
1191.8,0.13265,2.62276,7.57027,3
1191.9,0.13265,2.62276,7.57027,3
1192,0.13265,2.62276,7.57027,3
1192.1,0.13264,2.62277,7.57026,3
1192.2,0.13264,2.62277,7.57026,3
1192.3,0.13264,2.62278,7.57026,3
1192.4,0.13263,2.62278,7.57026,3
1192.5,0.13263,2.62279,7.57026,3
1192.6,0.13263,2.6228,7.57026,3
1192.7,0.13263,2.6228,7.57026,3
1192.8,0.13262,2.62281,7.57026,3
1192.9,0.13262,2.62282,7.57026,3
1193,0.13262,2.62282,7.57026,3
1193.1,0.13262,2.62283,7.57026,3
1193.2,0.13261,2.62283,7.57025,3
1193.3,0.13261,2.62284,7.57025,3
1193.4,0.13261,2.62284,7.57025,3
1193.5,0.13261,2.62284,7.57025,3
1193.6,0.1326,2.62285,7.57025,3
1193.7,0.1326,2.62285,7.57025,3
1193.8,0.1326,2.62285,7.57025,3
1193.9,0.1326,2.62286,7.57025,3
1194,0.1326,2.62286,7.57025,3
1194.1,0.13259,2.62286,7.57025,3
1194.2,0.13259,2.62286,7.57025,3
1194.3,0.13259,2.62286,7.57025,3
1194.4,0.13259,2.62286,7.57024,3
1194.5,0.13258,2.62287,7.57024,3
1194.6,0.13258,2.62287,7.57024,3
1194.7,0.13258,2.62288,7.57024,3
1194.8,0.13258,2.62288,7.57024,3
1194.9,0.13258,2.62289,7.57024,3
1195,0.13257,2.62289,7.57024,3
1195.1,0.13257,2.6229,7.57024,3
1195.2,0.13257,2.62291,7.57024,3
1195.3,0.13256,2.62291,7.57024,3
1195.4,0.13256,2.62292,7.57024,3
1195.5,0.13256,2.62293,7.57024,3
1195.6,0.13256,2.62294,7.57024,3
1195.7,0.13255,2.62294,7.57024,3
1195.8,0.13255,2.62295,7.57024,3
1195.9,0.13255,2.62296,7.57023,3
1196,0.13255,2.62296,7.57023,3
1196.1,0.13254,2.62297,7.57023,3
1196.2,0.13254,2.62297,7.57023,3
1196.3,0.13254,2.62298,7.57023,3
1196.4,0.13254,2.62299,7.57023,3
1196.5,0.13254,2.62299,7.57023,3
1196.6,0.13253,2.623,7.57023,3
1196.7,0.13253,2.62301,7.57023,3
1196.8,0.13253,2.62302,7.57023,3
1196.9,0.13253,2.62304,7.57023,3
1197,0.13253,2.62305,7.57023,3
1197.1,0.13252,2.62307,7.57023,3
1197.2,0.13252,2.62308,7.57023,3
1197.3,0.13252,2.6231,7.57023,3
1197.4,0.13252,2.62311,7.57023,3
1197.5,0.13252,2.62313,7.57023,3
1197.6,0.13252,2.62314,7.57023,3
1197.7,0.13252,2.62315,7.57023,3
1197.8,0.13251,2.62317,7.57023,3
1197.9,0.13251,2.62318,7.57023,3
1198,0.13251,2.6232,7.57023,3
1198.1,0.13251,2.62321,7.57023,3
1198.2,0.1325,2.62322,7.57023,3
1198.3,0.1325,2.62323,7.57023,3
1198.4,0.1325,2.62324,7.57022,3
1198.5,0.1325,2.62325,7.57022,3
1198.6,0.13249,2.62326,7.57023,3
1198.7,0.13249,2.62327,7.57022,3
1198.8,0.13249,2.62328,7.57022,3
1198.9,0.13249,2.62329,7.57022,3
1199,0.13249,2.6233,7.57022,3
1199.1,0.13248,2.62331,7.57022,3
1199.2,0.13248,2.62331,7.57022,3
1199.3,0.13248,2.62332,7.57022,3
1199.4,0.13248,2.62333,7.57022,3
1199.5,0.13248,2.62334,7.57022,3
1199.6,0.13248,2.62335,7.57022,3
1199.7,0.13248,2.62336,7.57022,3
1199.8,0.13247,2.62337,7.57022,3
1199.9,0.13247,2.62338,7.57022,3
1200,0.13247,2.62339,7.57022,3
1200.1,0.13247,2.6234,7.57022,3
1200.2,0.13247,2.62342,7.57021,3
1200.3,0.13247,2.62343,7.57021,3
1200.4,0.13247,2.62344,7.57021,3
1200.5,0.13246,2.62345,7.57021,3
1200.6,0.13246,2.62347,7.57021,3
1200.7,0.13246,2.62348,7.57021,3
1200.8,0.13246,2.62349,7.57021,3
1200.9,0.13246,2.6235,7.57021,3
1201,0.13245,2.62352,7.57021,3
1201.1,0.13245,2.62353,7.57021,3
1201.2,0.13245,2.62354,7.57021,3
1201.3,0.13245,2.62355,7.57021,3
1201.4,0.13245,2.62356,7.57021,3
1201.5,0.13245,2.62358,7.5702,3
1201.6,0.13244,2.62359,7.5702,3
1201.7,0.13244,2.6236,7.5702,3
1201.8,0.13244,2.62361,7.5702,3
1201.9,0.13244,2.62362,7.5702,3
1202,0.13244,2.62363,7.5702,3
1202.1,0.13243,2.62364,7.5702,3
1202.2,0.13243,2.62365,7.5702,3
1202.3,0.13243,2.62366,7.5702,3
1202.4,0.13243,2.62367,7.5702,3
1202.5,0.13243,2.62368,7.5702,3
1202.6,0.13243,2.62368,7.5702,3
1202.7,0.13242,2.62369,7.57019,3
1202.8,0.13242,2.6237,7.57019,3
1202.9,0.13242,2.62371,7.57019,3
1203,0.13242,2.62373,7.57019,3
1203.1,0.13241,2.62374,7.57019,3
1203.2,0.13241,2.62375,7.57019,3
1203.3,0.13241,2.62376,7.57019,3
1203.4,0.13241,2.62377,7.57019,3
1203.5,0.13241,2.62378,7.57019,3
1203.6,0.1324,2.62379,7.57019,3
1203.7,0.1324,2.6238,7.57019,3
1203.8,0.1324,2.62381,7.57018,3
1203.9,0.1324,2.62382,7.57018,3
1204,0.1324,2.62383,7.57018,3
1204.1,0.13239,2.62384,7.57018,3
1204.2,0.13239,2.62385,7.57018,3
1204.3,0.13239,2.62386,7.57018,3
1204.4,0.13239,2.62386,7.57018,3
1204.5,0.13239,2.62387,7.57018,3
1204.6,0.13238,2.62388,7.57018,3
1204.7,0.13238,2.62389,7.57018,3
1204.8,0.13238,2.6239,7.57017,3
1204.9,0.13238,2.62391,7.57017,3
1205,0.13238,2.62392,7.57017,3
1205.1,0.13238,2.62393,7.57017,3
1205.2,0.13237,2.62394,7.57017,3
1205.3,0.13237,2.62395,7.57017,3
1205.4,0.13237,2.62396,7.57017,3
1205.5,0.13237,2.62397,7.57017,3
1205.6,0.13236,2.62397,7.57017,3
1205.7,0.13236,2.62398,7.57016,3
1205.8,0.13236,2.62399,7.57016,3
1205.9,0.13236,2.624,7.57016,3
1206,0.13236,2.62402,7.57016,3
1206.1,0.13235,2.62403,7.57016,3
1206.2,0.13235,2.62404,7.57016,3
1206.3,0.13235,2.62406,7.57016,3
1206.4,0.13235,2.62407,7.57016,3
1206.5,0.13235,2.62408,7.57015,3
1206.6,0.13234,2.6241,7.57015,3
1206.7,0.13234,2.62411,7.57015,3
1206.8,0.13234,2.62412,7.57015,3
1206.9,0.13234,2.62413,7.57015,3
1207,0.13234,2.62414,7.57015,3
1207.1,0.13233,2.62415,7.57015,3
1207.2,0.13233,2.62416,7.57015,3
1207.3,0.13233,2.62417,7.57014,3
1207.4,0.13233,2.62418,7.57014,3
1207.5,0.13232,2.62419,7.57014,3
1207.6,0.13232,2.62419,7.57014,3
1207.7,0.13232,2.6242,7.57014,3
1207.8,0.13232,2.62421,7.57014,3
1207.9,0.13232,2.62422,7.57014,3
1208,0.13231,2.62422,7.57014,3
1208.1,0.13231,2.62423,7.57014,3
1208.2,0.13231,2.62424,7.57013,3
1208.3,0.13231,2.62425,7.57013,3
1208.4,0.13231,2.62425,7.57013,3
1208.5,0.13231,2.62426,7.57013,3
1208.6,0.1323,2.62427,7.57013,3
1208.7,0.1323,2.62428,7.57013,3
1208.8,0.1323,2.62428,7.57013,3
1208.9,0.1323,2.62429,7.57013,3
1209,0.1323,2.6243,7.57013,3
1209.1,0.13229,2.62431,7.57013,3
1209.2,0.13229,2.62431,7.57013,3
1209.3,0.13229,2.62432,7.57012,3
1209.4,0.13229,2.62433,7.57012,3
1209.5,0.13229,2.62434,7.57012,3
1209.6,0.13229,2.62435,7.57012,3
1209.7,0.13228,2.62435,7.57012,3
1209.8,0.13228,2.62436,7.57012,3
1209.9,0.13228,2.62437,7.57012,3
1210,0.13228,2.62437,7.57012,3
1210.1,0.13228,2.62438,7.57012,3
1210.2,0.13228,2.62439,7.57012,3
1210.3,0.13228,2.62439,7.57011,3
1210.4,0.13227,2.6244,7.57011,3
1210.5,0.13227,2.6244,7.57011,3
1210.6,0.13227,2.62441,7.57011,3
1210.7,0.13227,2.62442,7.57011,3
1210.8,0.13227,2.62442,7.57011,3
1210.9,0.13227,2.62443,7.57011,3
1211,0.13227,2.62444,7.57011,3
1211.1,0.13226,2.62445,7.57011,3
1211.2,0.13226,2.62446,7.5701,3
1211.3,0.13226,2.62447,7.5701,3
1211.4,0.13226,2.62448,7.5701,3
1211.5,0.13226,2.62449,7.5701,3
1211.6,0.13226,2.6245,7.5701,3
1211.7,0.13226,2.62451,7.5701,3
1211.8,0.13226,2.62451,7.5701,3
1211.9,0.13225,2.62452,7.5701,3
1212,0.13225,2.62452,7.5701,3
1212.1,0.13225,2.62453,7.5701,3
1212.2,0.13225,2.62454,7.57009,3
1212.3,0.13225,2.62454,7.57009,3
1212.4,0.13225,2.62455,7.57009,3
1212.5,0.13225,2.62455,7.57009,3
1212.6,0.13225,2.62456,7.57009,3
1212.7,0.13225,2.62456,7.57009,3
1212.8,0.13224,2.62457,7.57009,3
1212.9,0.13224,2.62458,7.57009,3
1213,0.13224,2.62458,7.57009,3
1213.1,0.13224,2.62459,7.57009,3
1213.2,0.13224,2.6246,7.57009,3
1213.3,0.13224,2.6246,7.57009,3
1213.4,0.13224,2.62461,7.57008,3
1213.5,0.13224,2.62462,7.57008,3
1213.6,0.13224,2.62462,7.57008,3
1213.7,0.13223,2.62463,7.57008,3
1213.8,0.13223,2.62463,7.57008,3
1213.9,0.13223,2.62464,7.57008,3
1214,0.13223,2.62465,7.57008,3
1214.1,0.13223,2.62466,7.57008,3
1214.2,0.13223,2.62467,7.57008,3
1214.3,0.13223,2.62467,7.57008,3
1214.4,0.13223,2.62468,7.57008,3
1214.5,0.13222,2.62469,7.57008,3
1214.6,0.13222,2.62469,7.57008,3
1214.7,0.13222,2.6247,7.57007,3
1214.8,0.13222,2.62471,7.57007,3
1214.9,0.13222,2.62472,7.57007,3
1215,0.13222,2.62473,7.57007,3
1215.1,0.13222,2.62473,7.57007,3
1215.2,0.13222,2.62474,7.57007,3
1215.3,0.13222,2.62475,7.57007,3
1215.4,0.13222,2.62476,7.57007,3
1215.5,0.13221,2.62477,7.57007,3
1215.6,0.13221,2.62479,7.57007,3
1215.7,0.13221,2.6248,7.57007,3
1215.8,0.13221,2.62482,7.57007,3
1215.9,0.13221,2.62484,7.57007,3
1216,0.13221,2.62485,7.57007,3
1216.1,0.13221,2.62486,7.57007,3
1216.2,0.13221,2.62488,7.57007,3
1216.3,0.13221,2.62489,7.57007,3
1216.4,0.13221,2.62491,7.57006,3
1216.5,0.13221,2.62492,7.57006,3
1216.6,0.13221,2.62494,7.57006,3
1216.7,0.13221,2.62495,7.57006,3
1216.8,0.13221,2.62497,7.57006,3
1216.9,0.1322,2.62498,7.57006,3
1217,0.1322,2.625,7.57006,3
1217.1,0.1322,2.62501,7.57006,3
1217.2,0.1322,2.62503,7.57006,3
1217.3,0.1322,2.62504,7.57006,3
1217.4,0.1322,2.62506,7.57006,3
1217.5,0.1322,2.62507,7.57006,3
1217.6,0.1322,2.62508,7.57006,3
1217.7,0.1322,2.6251,7.57006,3
1217.8,0.1322,2.62511,7.57006,3
1217.9,0.1322,2.62512,7.57006,3
1218,0.1322,2.62514,7.57006,3
1218.1,0.13219,2.62515,7.57006,3
1218.2,0.13219,2.62517,7.57005,3
1218.3,0.13219,2.62518,7.57005,3
1218.4,0.13219,2.6252,7.57005,3
1218.5,0.13219,2.62521,7.57005,3
1218.6,0.13219,2.62523,7.57005,3
1218.7,0.13219,2.62524,7.57005,3
1218.8,0.13219,2.62526,7.57005,3
1218.9,0.13219,2.62527,7.57005,3
1219,0.13219,2.62529,7.57005,3
1219.1,0.13219,2.6253,7.57005,3
1219.2,0.13219,2.62531,7.57005,3
1219.3,0.13219,2.62532,7.57005,3
1219.4,0.13219,2.62534,7.57005,3
1219.5,0.13219,2.62535,7.57005,3
1219.6,0.13219,2.62537,7.57005,3
1219.7,0.13219,2.62538,7.57005,3
1219.8,0.13219,2.62539,7.57005,3
1219.9,0.13218,2.62541,7.57005,3
1220,0.13218,2.62542,7.57005,3
1220.1,0.13218,2.62544,7.57005,3
1220.2,0.13218,2.62545,7.57005,3
1220.3,0.13218,2.62547,7.57005,3
1220.4,0.13218,2.62548,7.57005,3
1220.5,0.13218,2.6255,7.57005,3
1220.6,0.13218,2.62551,7.57005,3
1220.7,0.13218,2.62553,7.57005,3
1220.8,0.13218,2.62554,7.57005,3
1220.9,0.13218,2.62555,7.57005,3
1221,0.13218,2.62557,7.57005,3
1221.1,0.13218,2.62558,7.57005,3
1221.2,0.13218,2.6256,7.57004,3
1221.3,0.13218,2.62561,7.57004,3
1221.4,0.13218,2.62562,7.57004,3
1221.5,0.13218,2.62563,7.57004,3
1221.6,0.13218,2.62564,7.57004,3
1221.7,0.13218,2.62566,7.57004,3
1221.8,0.13218,2.62567,7.57004,3
1221.9,0.13218,2.62568,7.57004,3
1222,0.13218,2.62569,7.57004,3
1222.1,0.13218,2.6257,7.57004,3
1222.2,0.13218,2.62571,7.57004,3
1222.3,0.13218,2.62572,7.57004,3
1222.4,0.13218,2.62573,7.57004,3
1222.5,0.13218,2.62574,7.57004,3
1222.6,0.13218,2.62575,7.57004,3
1222.7,0.13218,2.62575,7.57004,3
1222.8,0.13218,2.62576,7.57004,3
1222.9,0.13218,2.62577,7.57004,3
1223,0.13218,2.62578,7.57004,3
1223.1,0.13218,2.62579,7.57004,3
1223.2,0.13218,2.6258,7.57004,3
1223.3,0.13218,2.62581,7.57004,3
1223.4,0.13218,2.62582,7.57004,3
1223.5,0.13218,2.62583,7.57004,3
1223.6,0.13218,2.62584,7.57004,3
1223.7,0.13218,2.62586,7.57004,3
1223.8,0.13218,2.62587,7.57004,3
1223.9,0.13218,2.62589,7.57004,3
1224,0.13218,2.62591,7.57004,3
1224.1,0.13218,2.62593,7.57004,3
1224.2,0.13218,2.62595,7.57005,3
1224.3,0.13218,2.62597,7.57005,3
1224.4,0.13218,2.62598,7.57005,3
1224.5,0.13218,2.626,7.57005,3
1224.6,0.13218,2.62602,7.57005,3
1224.7,0.13218,2.62603,7.57005,3
1224.8,0.13218,2.62605,7.57005,3
1224.9,0.13218,2.62607,7.57005,3
1225,0.13218,2.62609,7.57005,3
1225.1,0.13218,2.6261,7.57005,3
1225.2,0.13218,2.62612,7.57005,3
1225.3,0.13218,2.62613,7.57005,3
1225.4,0.13218,2.62615,7.57005,3
1225.5,0.13218,2.62616,7.57005,3
1225.6,0.13218,2.62618,7.57005,3
1225.7,0.13218,2.62619,7.57005,3
1225.8,0.13218,2.62621,7.57005,3
1225.9,0.13218,2.62622,7.57005,3
1226,0.13218,2.62623,7.57005,3
1226.1,0.13218,2.62624,7.57005,3
1226.2,0.13219,2.62624,7.57005,3
1226.3,0.13219,2.62625,7.57005,3
1226.4,0.13219,2.62626,7.57005,3
1226.5,0.13219,2.62627,7.57005,3
1226.6,0.13219,2.62628,7.57005,3
1226.7,0.13219,2.6263,7.57006,3
1226.8,0.13219,2.62631,7.57006,3
1226.9,0.13219,2.62632,7.57006,3
1227,0.13219,2.62633,7.57006,3
1227.1,0.13219,2.62634,7.57006,3
1227.2,0.13219,2.62636,7.57006,3
1227.3,0.13219,2.62637,7.57006,3
1227.4,0.13219,2.62638,7.57006,3
1227.5,0.13219,2.62639,7.57006,3
1227.6,0.13219,2.6264,7.57006,3
1227.7,0.13219,2.62641,7.57006,3
1227.8,0.13219,2.62643,7.57006,3
1227.9,0.13219,2.62645,7.57006,3
1228,0.13219,2.62647,7.57006,3
1228.1,0.13219,2.62649,7.57006,3
1228.2,0.13219,2.62651,7.57007,3
1228.3,0.1322,2.62653,7.57007,3
1228.4,0.1322,2.62655,7.57007,3
1228.5,0.1322,2.62657,7.57007,3
1228.6,0.1322,2.62659,7.57007,3
1228.7,0.1322,2.62661,7.57007,3
1228.8,0.1322,2.62663,7.57007,3
1228.9,0.1322,2.62665,7.57007,3
1229,0.1322,2.62667,7.57007,3
1229.1,0.1322,2.62669,7.57007,3
1229.2,0.1322,2.6267,7.57008,3
1229.3,0.1322,2.62672,7.57008,3
1229.4,0.1322,2.62674,7.57008,3
1229.5,0.13221,2.62676,7.57008,3
1229.6,0.13221,2.62677,7.57008,3
1229.7,0.13221,2.62678,7.57008,3
1229.8,0.13221,2.6268,7.57008,3
1229.9,0.13221,2.62682,7.57008,3
1230,0.13221,2.62683,7.57008,3
1230.1,0.13221,2.62685,7.57008,3
1230.2,0.13221,2.62686,7.57009,3
1230.3,0.13221,2.62688,7.57009,3
1230.4,0.13222,2.62689,7.57009,3
1230.5,0.13222,2.6269,7.57009,3
1230.6,0.13222,2.62692,7.57009,3
1230.7,0.13222,2.62693,7.57009,3
1230.8,0.13222,2.62694,7.57009,3
1230.9,0.13222,2.62696,7.57009,3
1231,0.13222,2.62698,7.57009,3
1231.1,0.13222,2.62699,7.57009,3
1231.2,0.13222,2.62701,7.5701,3
1231.3,0.13222,2.62702,7.5701,3
1231.4,0.13223,2.62704,7.5701,3
1231.5,0.13223,2.62706,7.5701,3
1231.6,0.13223,2.62707,7.5701,3
1231.7,0.13223,2.62709,7.5701,3
1231.8,0.13223,2.6271,7.5701,3
1231.9,0.13223,2.62712,7.5701,3
1232,0.13223,2.62713,7.5701,3
1232.1,0.13223,2.62715,7.5701,3
1232.2,0.13224,2.62716,7.5701,3
1232.3,0.13224,2.62717,7.57011,3
1232.4,0.13224,2.62719,7.57011,3
1232.5,0.13224,2.6272,7.57011,3
1232.6,0.13224,2.62721,7.57011,3
1232.7,0.13224,2.62723,7.57011,3
1232.8,0.13224,2.62724,7.57011,3
1232.9,0.13224,2.62725,7.57011,3
1233,0.13224,2.62726,7.57011,3
1233.1,0.13224,2.62727,7.57011,3
1233.2,0.13225,2.62729,7.57011,3
1233.3,0.13225,2.6273,7.57012,3
1233.4,0.13225,2.62731,7.57012,3
1233.5,0.13225,2.62733,7.57012,3
1233.6,0.13225,2.62734,7.57012,3
1233.7,0.13225,2.62735,7.57012,3
1233.8,0.13225,2.62736,7.57012,3
1233.9,0.13225,2.62738,7.57012,3
1234,0.13226,2.62739,7.57012,3
1234.1,0.13226,2.6274,7.57012,3
1234.2,0.13226,2.62741,7.57013,3
1234.3,0.13226,2.62742,7.57013,3
1234.4,0.13226,2.62744,7.57013,3
1234.5,0.13226,2.62746,7.57013,3
1234.6,0.13226,2.62747,7.57013,3
1234.7,0.13226,2.62749,7.57013,3
1234.8,0.13226,2.6275,7.57013,3
1234.9,0.13227,2.62752,7.57013,3
1235,0.13227,2.62753,7.57013,3
1235.1,0.13227,2.62755,7.57014,3
1235.2,0.13227,2.62756,7.57014,3
1235.3,0.13227,2.62757,7.57014,3
1235.4,0.13227,2.62759,7.57014,3
1235.5,0.13227,2.6276,7.57014,3
1235.6,0.13228,2.62761,7.57014,3
1235.7,0.13228,2.62762,7.57014,3
1235.8,0.13228,2.62764,7.57014,3
1235.9,0.13228,2.62765,7.57015,3
1236,0.13228,2.62766,7.57015,3
1236.1,0.13228,2.62768,7.57015,3
1236.2,0.13228,2.62769,7.57015,3
1236.3,0.13229,2.6277,7.57015,3
1236.4,0.13229,2.62772,7.57015,3
1236.5,0.13229,2.62774,7.57015,3
1236.6,0.13229,2.62776,7.57015,3
1236.7,0.13229,2.62778,7.57016,3
1236.8,0.13229,2.62779,7.57016,3
1236.9,0.13229,2.62781,7.57016,3
1237,0.13229,2.62783,7.57016,3
1237.1,0.1323,2.62785,7.57016,3
1237.2,0.1323,2.62787,7.57016,3
1237.3,0.1323,2.62789,7.57016,3
1237.4,0.1323,2.62791,7.57016,3
1237.5,0.1323,2.62792,7.57017,3
1237.6,0.1323,2.62794,7.57017,3
1237.7,0.1323,2.62796,7.57017,3
1237.8,0.1323,2.62797,7.57017,3
1237.9,0.13231,2.62799,7.57017,3
1238,0.13231,2.628,7.57017,3
1238.1,0.13231,2.62801,7.57017,3
1238.2,0.13231,2.62802,7.57017,3
1238.3,0.13231,2.62804,7.57018,3
1238.4,0.13231,2.62805,7.57018,3
1238.5,0.13232,2.62806,7.57018,3
1238.6,0.13232,2.62807,7.57018,3
1238.7,0.13232,2.62808,7.57018,3
1238.8,0.13232,2.62809,7.57018,3
1238.9,0.13232,2.62811,7.57019,3
1239,0.13232,2.62812,7.57019,3
1239.1,0.13233,2.62813,7.57019,3
1239.2,0.13233,2.62815,7.57019,3
1239.3,0.13233,2.62817,7.57019,3
1239.4,0.13233,2.62819,7.57019,3
1239.5,0.13233,2.62821,7.57019,3
1239.6,0.13233,2.62822,7.5702,3
1239.7,0.13234,2.62823,7.5702,3
1239.8,0.13234,2.62825,7.5702,3
1239.9,0.13234,2.62826,7.5702,3
1240,0.13234,2.62828,7.5702,3
1240.1,0.13234,2.62829,7.5702,3
1240.2,0.13234,2.62831,7.57021,3
1240.3,0.13235,2.62832,7.57021,3
1240.4,0.13235,2.62833,7.57021,3
1240.5,0.13235,2.62834,7.57021,3
1240.6,0.13235,2.62836,7.57021,3
1240.7,0.13235,2.62837,7.57021,3
1240.8,0.13236,2.62839,7.57022,3
1240.9,0.13236,2.6284,7.57022,3
1241,0.13236,2.62841,7.57022,3
1241.1,0.13236,2.62842,7.57022,3
1241.2,0.13236,2.62843,7.57022,3
1241.3,0.13237,2.62844,7.57022,3
1241.4,0.13237,2.62845,7.57023,3
1241.5,0.13237,2.62846,7.57023,3
1241.6,0.13237,2.62848,7.57023,3
1241.7,0.13237,2.62849,7.57023,3
1241.8,0.13238,2.6285,7.57023,3
1241.9,0.13238,2.62851,7.57023,3
1242,0.13238,2.62852,7.57024,3
1242.1,0.13238,2.62854,7.57024,3
1242.2,0.13238,2.62855,7.57024,3
1242.3,0.13239,2.62856,7.57024,3
1242.4,0.13239,2.62857,7.57024,3
1242.5,0.13239,2.62858,7.57024,3
1242.6,0.13239,2.62859,7.57025,3
1242.7,0.13239,2.62861,7.57025,3
1242.8,0.1324,2.62862,7.57025,3
1242.9,0.1324,2.62863,7.57025,3
1243,0.1324,2.62864,7.57025,3
1243.1,0.1324,2.62865,7.57025,3
1243.2,0.1324,2.62865,7.57026,3
1243.3,0.13241,2.62866,7.57026,3
1243.4,0.13241,2.62867,7.57026,3
1243.5,0.13241,2.62868,7.57026,3
1243.6,0.13241,2.62869,7.57026,3
1243.7,0.13242,2.6287,7.57026,3
1243.8,0.13242,2.62871,7.57027,3
1243.9,0.13242,2.62872,7.57027,3
1244,0.13242,2.62873,7.57027,3
1244.1,0.13242,2.62874,7.57027,3
1244.2,0.13243,2.62875,7.57027,3
1244.3,0.13243,2.62876,7.57028,3
1244.4,0.13243,2.62877,7.57028,3
1244.5,0.13243,2.62878,7.57028,3
1244.6,0.13243,2.62879,7.57028,3
1244.7,0.13244,2.6288,7.57028,3
1244.8,0.13244,2.6288,7.57028,3
1244.9,0.13244,2.62881,7.57029,3
1245,0.13244,2.62882,7.57029,3
1245.1,0.13244,2.62882,7.57029,3
1245.2,0.13245,2.62883,7.57029,3
1245.3,0.13245,2.62884,7.57029,3
1245.4,0.13245,2.62885,7.57029,3
1245.5,0.13245,2.62885,7.5703,3
1245.6,0.13245,2.62886,7.5703,3
1245.7,0.13246,2.62887,7.5703,3
1245.8,0.13246,2.62888,7.5703,3
1245.9,0.13246,2.62889,7.5703,3
1246,0.13246,2.6289,7.57031,3
1246.1,0.13246,2.62891,7.57031,3
1246.2,0.13247,2.62891,7.57031,3
1246.3,0.13247,2.62892,7.57031,3
1246.4,0.13247,2.62894,7.57031,3
1246.5,0.13247,2.62896,7.57031,3
1246.6,0.13247,2.62898,7.57032,3
1246.7,0.13248,2.629,7.57032,3
1246.8,0.13248,2.62902,7.57032,3
1246.9,0.13248,2.62904,7.57032,3
1247,0.13248,2.62905,7.57032,3
1247.1,0.13248,2.62907,7.57033,3
1247.2,0.13248,2.62908,7.57033,3
1247.3,0.13249,2.6291,7.57033,3
1247.4,0.13249,2.62911,7.57033,3
1247.5,0.13249,2.62913,7.57033,3
1247.6,0.13249,2.62914,7.57033,3
1247.7,0.13249,2.62915,7.57034,3
1247.8,0.13249,2.62917,7.57034,3
1247.9,0.1325,2.62918,7.57034,3
1248,0.1325,2.62919,7.57034,3
1248.1,0.1325,2.6292,7.57034,3
1248.2,0.1325,2.62922,7.57034,3
1248.3,0.1325,2.62923,7.57035,3
1248.4,0.13251,2.62925,7.57035,3
1248.5,0.13251,2.62926,7.57035,3
1248.6,0.13251,2.62927,7.57035,3
1248.7,0.13251,2.62929,7.57035,3
1248.8,0.13251,2.6293,7.57036,3
1248.9,0.13252,2.62931,7.57036,3
1249,0.13252,2.62932,7.57036,3
1249.1,0.13252,2.62934,7.57036,3
1249.2,0.13252,2.62935,7.57036,3
1249.3,0.13252,2.62936,7.57036,3
1249.4,0.13253,2.62937,7.57037,3
1249.5,0.13253,2.62938,7.57037,3
1249.6,0.13253,2.62939,7.57037,3
1249.7,0.13253,2.6294,7.57037,3
1249.8,0.13253,2.62942,7.57037,3
1249.9,0.13254,2.62943,7.57038,3
1250,0.13254,2.62944,7.57038,3
1250.1,0.13254,2.62945,7.57038,3
1250.2,0.13254,2.62946,7.57038,3
1250.3,0.13254,2.62948,7.57038,3
1250.4,0.13255,2.6295,7.57039,3
1250.5,0.13255,2.62951,7.57039,3
1250.6,0.13255,2.62953,7.57039,3
1250.7,0.13255,2.62955,7.57039,3
1250.8,0.13255,2.62956,7.57039,3
1250.9,0.13256,2.62958,7.57039,3
1251,0.13256,2.6296,7.5704,3
1251.1,0.13256,2.62961,7.5704,3
1251.2,0.13256,2.62963,7.5704,3
1251.3,0.13256,2.62964,7.5704,3
1251.4,0.13256,2.62966,7.5704,3
1251.5,0.13257,2.62967,7.5704,3
1251.6,0.13257,2.62968,7.57041,3
1251.7,0.13257,2.62969,7.57041,3
1251.8,0.13257,2.62971,7.57041,3
1251.9,0.13257,2.62972,7.57041,3
1252,0.13257,2.62973,7.57041,3
1252.1,0.13258,2.62974,7.57042,3
1252.2,0.13258,2.62975,7.57042,3
1252.3,0.13258,2.62977,7.57042,3
1252.4,0.13258,2.62978,7.57042,3
1252.5,0.13258,2.62979,7.57042,3
1252.6,0.13259,2.62981,7.57042,3
1252.7,0.13259,2.62982,7.57043,3
1252.8,0.13259,2.62984,7.57043,3
1252.9,0.13259,2.62986,7.57043,3
1253,0.13259,2.62988,7.57043,3
1253.1,0.13259,2.6299,7.57043,3
1253.2,0.1326,2.62991,7.57043,3
1253.3,0.1326,2.62993,7.57044,3
1253.4,0.1326,2.62995,7.57044,3
1253.5,0.1326,2.62996,7.57044,3
1253.6,0.1326,2.62997,7.57044,3
1253.7,0.13261,2.62999,7.57044,3
1253.8,0.13261,2.63,7.57044,3
1253.9,0.13261,2.63002,7.57045,3
1254,0.13261,2.63003,7.57045,3
1254.1,0.13261,2.63005,7.57045,3
1254.2,0.13261,2.63006,7.57045,3
1254.3,0.13262,2.63008,7.57045,3
1254.4,0.13262,2.63009,7.57045,3
1254.5,0.13262,2.6301,7.57046,3
1254.6,0.13262,2.63012,7.57046,3
1254.7,0.13262,2.63013,7.57046,3
1254.8,0.13262,2.63014,7.57046,3
1254.9,0.13263,2.63015,7.57046,3
1255,0.13263,2.63016,7.57046,3
1255.1,0.13263,2.63017,7.57047,3
1255.2,0.13263,2.63019,7.57047,3
1255.3,0.13263,2.6302,7.57047,3
1255.4,0.13263,2.63021,7.57047,3
1255.5,0.13264,2.63022,7.57047,3
1255.6,0.13264,2.63023,7.57047,3
1255.7,0.13264,2.63024,7.57048,3
1255.8,0.13264,2.63025,7.57048,3
1255.9,0.13264,2.63026,7.57048,3
1256,0.13265,2.63027,7.57048,3
1256.1,0.13265,2.63028,7.57048,3
1256.2,0.13265,2.63029,7.57048,3
1256.3,0.13265,2.6303,7.57049,3
1256.4,0.13265,2.6303,7.57049,3
1256.5,0.13265,2.63031,7.57049,3
1256.6,0.13266,2.63032,7.57049,3
1256.7,0.13266,2.63033,7.57049,3
1256.8,0.13266,2.63033,7.57049,3
1256.9,0.13266,2.63034,7.5705,3
1257,0.13266,2.63035,7.5705,3
1257.1,0.13267,2.63035,7.5705,3
1257.2,0.13267,2.63036,7.5705,3
1257.3,0.13267,2.63037,7.5705,3
1257.4,0.13267,2.63037,7.57051,3
1257.5,0.13267,2.63038,7.57051,3
1257.6,0.13267,2.63039,7.57051,3
1257.7,0.13268,2.6304,7.57051,3
1257.8,0.13268,2.63041,7.57051,3
1257.9,0.13268,2.63042,7.57051,3
1258,0.13268,2.63044,7.57052,3
1258.1,0.13268,2.63046,7.57052,3
1258.2,0.13269,2.63047,7.57052,3
1258.3,0.13269,2.63049,7.57052,3
1258.4,0.13269,2.63051,7.57052,3
1258.5,0.13269,2.63052,7.57053,3
1258.6,0.13269,2.63054,7.57053,3
1258.7,0.13269,2.63056,7.57053,3
1258.8,0.1327,2.63057,7.57053,3
1258.9,0.1327,2.63059,7.57053,3
1259,0.1327,2.6306,7.57053,3
1259.1,0.1327,2.63062,7.57054,3
1259.2,0.1327,2.63063,7.57054,3
1259.3,0.13271,2.63065,7.57054,3
1259.4,0.13271,2.63066,7.57054,3
1259.5,0.13271,2.63068,7.57054,3
1259.6,0.13271,2.63069,7.57054,3
1259.7,0.13271,2.6307,7.57055,3
1259.8,0.13272,2.63072,7.57055,3
1259.9,0.13272,2.63073,7.57055,3
1260,0.13272,2.63075,7.57055,3
1260.1,0.13272,2.63076,7.57055,3
1260.2,0.13272,2.63076,7.57056,3
1260.3,0.13272,2.63077,7.57056,3
1260.4,0.13273,2.63078,7.57056,3
1260.5,0.13273,2.63079,7.57056,3
1260.6,0.13273,2.6308,7.57056,3
1260.7,0.13273,2.63081,7.57056,3
1260.8,0.13273,2.63082,7.57057,3
1260.9,0.13274,2.63083,7.57057,3
1261,0.13274,2.63084,7.57057,3
1261.1,0.13274,2.63086,7.57057,3
1261.2,0.13274,2.63087,7.57057,3
1261.3,0.13274,2.63089,7.57058,3
1261.4,0.13275,2.63091,7.57058,3
1261.5,0.13275,2.63093,7.57058,3
1261.6,0.13275,2.63094,7.57058,3
1261.7,0.13275,2.63096,7.57058,3
1261.8,0.13275,2.63098,7.57059,3
1261.9,0.13276,2.631,7.57059,3
1262,0.13276,2.63101,7.57059,3
1262.1,0.13276,2.63103,7.57059,3
1262.2,0.13276,2.63104,7.5706,3
1262.3,0.13276,2.63106,7.5706,3
1262.4,0.13276,2.63107,7.5706,3
1262.5,0.13277,2.63108,7.5706,3
1262.6,0.13277,2.6311,7.5706,3
1262.7,0.13277,2.63111,7.57061,3
1262.8,0.13277,2.63112,7.57061,3
1262.9,0.13277,2.63113,7.57061,3
1263,0.13277,2.63115,7.57061,3
1263.1,0.13278,2.63116,7.57061,3
1263.2,0.13278,2.63117,7.57062,3
1263.3,0.13278,2.63119,7.57062,3
1263.4,0.13278,2.6312,7.57062,3
1263.5,0.13278,2.63121,7.57062,3
1263.6,0.13279,2.63122,7.57062,3
1263.7,0.13279,2.63124,7.57063,3
1263.8,0.13279,2.63125,7.57063,3
1263.9,0.13279,2.63126,7.57063,3
1264,0.13279,2.63127,7.57063,3
1264.1,0.13279,2.63129,7.57064,3
1264.2,0.1328,2.6313,7.57064,3
1264.3,0.1328,2.63132,7.57064,3
1264.4,0.1328,2.63134,7.57064,3
1264.5,0.1328,2.63136,7.57064,3
1264.6,0.1328,2.63138,7.57065,3
1264.7,0.1328,2.6314,7.57065,3
1264.8,0.13281,2.63142,7.57065,3
1264.9,0.13281,2.63144,7.57065,3
1265,0.13281,2.63146,7.57065,3
1265.1,0.13281,2.63148,7.57066,3
1265.2,0.13281,2.6315,7.57066,3
1265.3,0.13281,2.63151,7.57066,3
1265.4,0.13282,2.63153,7.57066,3
1265.5,0.13282,2.63154,7.57067,3
1265.6,0.13282,2.63156,7.57067,3
1265.7,0.13282,2.63158,7.57067,3
1265.8,0.13282,2.63159,7.57067,3
1265.9,0.13283,2.63161,7.57067,3
1266,0.13283,2.63163,7.57068,3
1266.1,0.13283,2.63164,7.57068,3
1266.2,0.13283,2.63166,7.57068,3
1266.3,0.13283,2.63167,7.57068,3
1266.4,0.13283,2.63168,7.57069,3
1266.5,0.13284,2.63169,7.57069,3
1266.6,0.13284,2.63171,7.57069,3
1266.7,0.13284,2.63172,7.57069,3
1266.8,0.13284,2.63173,7.57069,3
1266.9,0.13284,2.63174,7.5707,3
1267,0.13285,2.63176,7.5707,3
1267.1,0.13285,2.63177,7.5707,3
1267.2,0.13285,2.63178,7.5707,3
1267.3,0.13285,2.6318,7.5707,3
1267.4,0.13285,2.63181,7.57071,3
1267.5,0.13285,2.63182,7.57071,3
1267.6,0.13286,2.63183,7.57071,3
1267.7,0.13286,2.63185,7.57071,3
1267.8,0.13286,2.63186,7.57072,3
1267.9,0.13286,2.63187,7.57072,3
1268,0.13287,2.63189,7.57072,3
1268.1,0.13287,2.63191,7.57072,3
1268.2,0.13287,2.63193,7.57072,3
1268.3,0.13287,2.63195,7.57073,3
1268.4,0.13287,2.63197,7.57073,3
1268.5,0.13288,2.63199,7.57073,3
1268.6,0.13288,2.63201,7.57073,3
1268.7,0.13288,2.63203,7.57074,3
1268.8,0.13288,2.63205,7.57074,3
1268.9,0.13288,2.63207,7.57074,3
1269,0.13289,2.63209,7.57074,3
1269.1,0.13289,2.63211,7.57074,3
1269.2,0.13289,2.63213,7.57075,3
1269.3,0.13289,2.63215,7.57075,3
1269.4,0.1329,2.63217,7.57075,3
1269.5,0.1329,2.63219,7.57075,3
1269.6,0.1329,2.63221,7.57076,3
1269.7,0.1329,2.63222,7.57076,3
1269.8,0.1329,2.63224,7.57076,3
1269.9,0.13291,2.63226,7.57076,3
1270,0.13291,2.63227,7.57076,3
1270.1,0.13291,2.63229,7.57077,3
1270.2,0.13291,2.6323,7.57077,3
1270.3,0.13292,2.63232,7.57077,3
1270.4,0.13292,2.63234,7.57077,3
1270.5,0.13292,2.63235,7.57078,3
1270.6,0.13292,2.63237,7.57078,3
1270.7,0.13293,2.63238,7.57078,3
1270.8,0.13293,2.6324,7.57078,3
1270.9,0.13293,2.63241,7.57078,3
1271,0.13293,2.63242,7.57079,3
1271.1,0.13293,2.63244,7.57079,3
1271.2,0.13294,2.63245,7.57079,3
1271.3,0.13294,2.63247,7.57079,3
1271.4,0.13294,2.63248,7.5708,3
1271.5,0.13294,2.6325,7.5708,3
1271.6,0.13295,2.63251,7.5708,3
1271.7,0.13295,2.63253,7.5708,3
1271.8,0.13295,2.63254,7.57081,3
1271.9,0.13295,2.63256,7.57081,3
1272,0.13296,2.63257,7.57081,3
1272.1,0.13296,2.63259,7.57081,3
1272.2,0.13296,2.63261,7.57081,3
1272.3,0.13296,2.63262,7.57082,3
1272.4,0.13297,2.63263,7.57082,3
1272.5,0.13297,2.63265,7.57082,3
1272.6,0.13297,2.63266,7.57082,3
1272.7,0.13297,2.63267,7.57083,3
1272.8,0.13298,2.63269,7.57083,3
1272.9,0.13298,2.6327,7.57083,3
1273,0.13298,2.63272,7.57083,3
1273.1,0.13298,2.63273,7.57084,3
1273.2,0.13299,2.63275,7.57084,3
1273.3,0.13299,2.63276,7.57084,3
1273.4,0.13299,2.63277,7.57084,3
1273.5,0.13299,2.63279,7.57084,3
1273.6,0.133,2.6328,7.57085,3
1273.7,0.133,2.63281,7.57085,3
1273.8,0.133,2.63282,7.57085,3
1273.9,0.133,2.63284,7.57086,3
1274,0.13301,2.63285,7.57086,3
1274.1,0.13301,2.63286,7.57086,3
1274.2,0.13301,2.63288,7.57086,3
1274.3,0.13301,2.63289,7.57087,3
1274.4,0.13302,2.6329,7.57087,3
1274.5,0.13302,2.63291,7.57087,3
1274.6,0.13302,2.63293,7.57087,3
1274.7,0.13302,2.63294,7.57087,3
1274.8,0.13303,2.63296,7.57088,3
1274.9,0.13303,2.63297,7.57088,3
1275,0.13303,2.63299,7.57088,3
1275.1,0.13303,2.633,7.57088,3
1275.2,0.13304,2.63302,7.57089,3
1275.3,0.13304,2.63303,7.57089,3
1275.4,0.13304,2.63305,7.57089,3
1275.5,0.13305,2.63306,7.57089,3
1275.6,0.13305,2.63308,7.5709,3
1275.7,0.13305,2.63309,7.5709,3
1275.8,0.13305,2.63311,7.5709,3
1275.9,0.13306,2.63313,7.5709,3
1276,0.13306,2.63314,7.57091,3
1276.1,0.13306,2.63316,7.57091,3
1276.2,0.13306,2.63318,7.57091,3
1276.3,0.13306,2.63319,7.57091,3
1276.4,0.13307,2.63321,7.57092,3
1276.5,0.13307,2.63323,7.57092,3
1276.6,0.13307,2.63324,7.57092,3
1276.7,0.13307,2.63326,7.57092,3
1276.8,0.13308,2.63328,7.57093,3
1276.9,0.13308,2.63329,7.57093,3
1277,0.13308,2.63331,7.57093,3
1277.1,0.13308,2.63333,7.57093,3
1277.2,0.13308,2.63334,7.57094,3
1277.3,0.13309,2.63336,7.57094,3
1277.4,0.13309,2.63338,7.57094,3
1277.5,0.13309,2.63339,7.57094,3
1277.6,0.13309,2.6334,7.57095,3
1277.7,0.13309,2.63342,7.57095,3
1277.8,0.1331,2.63343,7.57095,3
1277.9,0.1331,2.63345,7.57095,3
1278,0.1331,2.63346,7.57096,3
1278.1,0.1331,2.63348,7.57096,3
1278.2,0.13311,2.63349,7.57096,3
1278.3,0.13311,2.63351,7.57096,3
1278.4,0.13311,2.63353,7.57097,3
1278.5,0.13311,2.63354,7.57097,3
1278.6,0.13311,2.63356,7.57097,3
1278.7,0.13312,2.63357,7.57098,3
1278.8,0.13312,2.63359,7.57098,3
1278.9,0.13312,2.63361,7.57098,3
1279,0.13312,2.63362,7.57098,3
1279.1,0.13312,2.63364,7.57099,3
1279.2,0.13313,2.63365,7.57099,3
1279.3,0.13313,2.63367,7.57099,3
1279.4,0.13313,2.63368,7.57099,3
1279.5,0.13313,2.6337,7.571,3
1279.6,0.13314,2.63372,7.571,3
1279.7,0.13314,2.63374,7.571,3
1279.8,0.13314,2.63376,7.57101,3
1279.9,0.13314,2.63379,7.57101,3
1280,0.13314,2.63382,7.57101,3
1280.1,0.13314,2.63385,7.57101,3
1280.2,0.13315,2.63388,7.57102,3
1280.3,0.13315,2.63391,7.57102,3
1280.4,0.13315,2.63394,7.57102,3
1280.5,0.13315,2.63397,7.57102,3
1280.6,0.13315,2.634,7.57103,3
1280.7,0.13316,2.63403,7.57103,3
1280.8,0.13316,2.63405,7.57103,3
1280.9,0.13316,2.63408,7.57103,3
1281,0.13316,2.63411,7.57104,3
1281.1,0.13316,2.63414,7.57104,3
1281.2,0.13316,2.63416,7.57104,3
1281.3,0.13317,2.63419,7.57105,3
1281.4,0.13317,2.63422,7.57105,3
1281.5,0.13317,2.63424,7.57105,3
1281.6,0.13317,2.63427,7.57105,3
1281.7,0.13317,2.6343,7.57106,3
1281.8,0.13317,2.63432,7.57106,3
1281.9,0.13318,2.63435,7.57106,3
1282,0.13318,2.63438,7.57106,3
1282.1,0.13318,2.6344,7.57107,3
1282.2,0.13318,2.63443,7.57107,3
1282.3,0.13318,2.63446,7.57107,3
1282.4,0.13318,2.63448,7.57108,3
1282.5,0.13319,2.63451,7.57108,3
1282.6,0.13319,2.63453,7.57108,3
1282.7,0.13319,2.63456,7.57108,3
1282.8,0.13319,2.63458,7.57109,3
1282.9,0.13319,2.6346,7.57109,3
1283,0.13319,2.63463,7.57109,3
1283.1,0.13319,2.63465,7.5711,3
1283.2,0.1332,2.63467,7.5711,3
1283.3,0.1332,2.6347,7.5711,3
1283.4,0.1332,2.63473,7.5711,3
1283.5,0.1332,2.63476,7.57111,3
1283.6,0.1332,2.63479,7.57111,3
1283.7,0.1332,2.63482,7.57111,3
1283.8,0.1332,2.63485,7.57111,3
1283.9,0.13321,2.63488,7.57112,3
1284,0.13321,2.6349,7.57112,3
1284.1,0.13321,2.63493,7.57112,3
1284.2,0.13321,2.63496,7.57112,3
1284.3,0.13322,2.63498,7.57113,3
1284.4,0.13322,2.63501,7.57113,3
1284.5,0.13322,2.63503,7.57113,3
1284.6,0.13322,2.63506,7.57114,3
1284.7,0.13322,2.63509,7.57114,3
1284.8,0.13323,2.63511,7.57114,3
1284.9,0.13323,2.63514,7.57114,3
1285,0.13323,2.63517,7.57115,3
1285.1,0.13323,2.63519,7.57115,3
1285.2,0.13323,2.63521,7.57115,3
1285.3,0.13323,2.63524,7.57116,3
1285.4,0.13324,2.63526,7.57116,3
1285.5,0.13324,2.63529,7.57116,3
1285.6,0.13324,2.63531,7.57116,3
1285.7,0.13324,2.63534,7.57117,3
1285.8,0.13324,2.63536,7.57117,3
1285.9,0.13324,2.63539,7.57117,3
1286,0.13324,2.63541,7.57117,3
1286.1,0.13324,2.63543,7.57118,3
1286.2,0.13325,2.63546,7.57118,3
1286.3,0.13325,2.63548,7.57118,3
1286.4,0.13325,2.63551,7.57118,3
1286.5,0.13325,2.63553,7.57119,3
1286.6,0.13325,2.63556,7.57119,3
1286.7,0.13325,2.63558,7.57119,3
1286.8,0.13325,2.63561,7.57119,3
1286.9,0.13326,2.63563,7.5712,3
1287,0.13326,2.63565,7.5712,3
1287.1,0.13326,2.63567,7.5712,3
1287.2,0.13326,2.63569,7.5712,3
1287.3,0.13326,2.63572,7.57121,3
1287.4,0.13326,2.63575,7.57121,3
1287.5,0.13326,2.63578,7.57121,3
1287.6,0.13327,2.6358,7.57121,3
1287.7,0.13327,2.63583,7.57122,3
1287.8,0.13327,2.63586,7.57122,3
1287.9,0.13327,2.63589,7.57122,3
1288,0.13327,2.63592,7.57122,3
1288.1,0.13327,2.63595,7.57123,3
1288.2,0.13327,2.63597,7.57123,3
1288.3,0.13328,2.636,7.57123,3
1288.4,0.13328,2.63603,7.57124,3
1288.5,0.13328,2.63605,7.57124,3
1288.6,0.13328,2.63608,7.57124,3
1288.7,0.13328,2.63611,7.57124,3
1288.8,0.13328,2.63613,7.57125,3
1288.9,0.13328,2.63616,7.57125,3
1289,0.13329,2.63618,7.57125,3
1289.1,0.13329,2.63621,7.57125,3
1289.2,0.13329,2.63623,7.57126,3
1289.3,0.13329,2.63626,7.57126,3
1289.4,0.13329,2.63628,7.57126,3
1289.5,0.13329,2.6363,7.57126,3
1289.6,0.13329,2.63632,7.57127,3
1289.7,0.13329,2.63634,7.57127,3
1289.8,0.1333,2.63637,7.57127,3
1289.9,0.1333,2.63639,7.57127,3
1290,0.1333,2.63641,7.57128,3
1290.1,0.1333,2.63643,7.57128,3
1290.2,0.1333,2.63645,7.57128,3
1290.3,0.1333,2.63647,7.57128,3
1290.4,0.1333,2.63649,7.57129,3
1290.5,0.1333,2.63651,7.57129,3
1290.6,0.1333,2.63653,7.57129,3
1290.7,0.1333,2.63655,7.57129,3
1290.8,0.13331,2.63657,7.57129,3
1290.9,0.13331,2.63659,7.5713,3
1291,0.13331,2.63661,7.5713,3
1291.1,0.13331,2.63663,7.5713,3
1291.2,0.13331,2.63665,7.5713,3
1291.3,0.13331,2.63666,7.57131,3
1291.4,0.13331,2.63668,7.57131,3
1291.5,0.13331,2.6367,7.57131,3
1291.6,0.13332,2.63671,7.57131,3
1291.7,0.13332,2.63673,7.57132,3
1291.8,0.13332,2.63675,7.57132,3
1291.9,0.13332,2.63677,7.57132,3
1292,0.13333,2.63679,7.57132,3
1292.1,0.13333,2.6368,7.57133,3
1292.2,0.13333,2.63682,7.57133,3
1292.3,0.13333,2.63684,7.57133,3
1292.4,0.13333,2.63687,7.57133,3
1292.5,0.13334,2.6369,7.57133,3
1292.6,0.13334,2.63693,7.57134,3
1292.7,0.13334,2.63696,7.57134,3
1292.8,0.13334,2.63699,7.57134,3
1292.9,0.13334,2.63702,7.57134,3
1293,0.13335,2.63704,7.57135,3
1293.1,0.13335,2.63707,7.57135,3
1293.2,0.13335,2.6371,7.57135,3
1293.3,0.13335,2.63712,7.57135,3
1293.4,0.13336,2.63714,7.57135,3
1293.5,0.13336,2.63717,7.57136,3
1293.6,0.13336,2.63719,7.57136,3
1293.7,0.13336,2.63721,7.57136,3
1293.8,0.13337,2.63724,7.57136,3
1293.9,0.13337,2.63726,7.57136,3
1294,0.13337,2.63728,7.57137,3
1294.1,0.13337,2.6373,7.57137,3
1294.2,0.13338,2.63732,7.57137,3
1294.3,0.13338,2.63734,7.57137,3
1294.4,0.13338,2.63736,7.57138,3
1294.5,0.13338,2.63739,7.57138,3
1294.6,0.13339,2.63741,7.57138,3
1294.7,0.13339,2.63743,7.57138,3
1294.8,0.13339,2.63745,7.57138,3
1294.9,0.13339,2.63747,7.57139,3
1295,0.13339,2.63749,7.57139,3
1295.1,0.1334,2.63751,7.57139,3
1295.2,0.1334,2.63753,7.57139,3
1295.3,0.1334,2.63755,7.57139,3
1295.4,0.1334,2.63757,7.57139,3
1295.5,0.13341,2.63759,7.5714,3
1295.6,0.13341,2.63762,7.5714,3
1295.7,0.13341,2.63765,7.5714,3
1295.8,0.13341,2.63768,7.5714,3
1295.9,0.13341,2.63771,7.57141,3
1296,0.13342,2.63774,7.57141,3
1296.1,0.13342,2.63777,7.57141,3
1296.2,0.13342,2.6378,7.57141,3
1296.3,0.13342,2.63782,7.57141,3
1296.4,0.13343,2.63785,7.57142,3
1296.5,0.13343,2.63788,7.57142,3
1296.6,0.13343,2.6379,7.57142,3
1296.7,0.13343,2.63792,7.57142,3
1296.8,0.13344,2.63795,7.57142,3
1296.9,0.13344,2.63797,7.57143,3
1297,0.13344,2.63799,7.57143,3
1297.1,0.13344,2.63801,7.57143,3
1297.2,0.13344,2.63803,7.57143,3
1297.3,0.13345,2.63805,7.57143,3
1297.4,0.13345,2.63807,7.57144,3
1297.5,0.13345,2.6381,7.57144,3
1297.6,0.13345,2.63812,7.57144,3
1297.7,0.13346,2.63814,7.57144,3
1297.8,0.13346,2.63816,7.57144,3
1297.9,0.13346,2.63818,7.57145,3
1298,0.13346,2.6382,7.57145,3
1298.1,0.13347,2.63823,7.57145,3
1298.2,0.13347,2.63827,7.57145,3
1298.3,0.13347,2.6383,7.57145,3
1298.4,0.13347,2.63833,7.57146,3
1298.5,0.13347,2.63836,7.57146,3
1298.6,0.13348,2.63839,7.57146,3
1298.7,0.13348,2.63843,7.57146,3
1298.8,0.13348,2.63848,7.57146,3
1298.9,0.13348,2.63852,7.57146,3
1299,0.13349,2.63856,7.57147,3
1299.1,0.13349,2.63861,7.57147,3
1299.2,0.13349,2.63865,7.57147,3
1299.3,0.13349,2.63869,7.57147,3
1299.4,0.1335,2.63874,7.57147,3
1299.5,0.1335,2.63878,7.57148,3
1299.6,0.1335,2.63882,7.57148,3
1299.7,0.1335,2.63886,7.57148,3
1299.8,0.1335,2.63889,7.57148,3
1299.9,0.13351,2.63893,7.57148,3
1300,0.13351,2.63897,7.57149,3
1300.1,0.13351,2.63901,7.57149,3
1300.2,0.13351,2.63904,7.57149,3
1300.3,0.13351,2.63908,7.57149,3
1300.4,0.13352,2.63911,7.57149,3
1300.5,0.13352,2.63915,7.57149,3
1300.6,0.13352,2.63918,7.5715,3
1300.7,0.13352,2.63921,7.5715,3
1300.8,0.13353,2.63924,7.5715,3
1300.9,0.13353,2.63927,7.5715,3
1301,0.13353,2.6393,7.5715,3
1301.1,0.13354,2.63932,7.57151,3
1301.2,0.13354,2.63935,7.57151,3
1301.3,0.13355,2.63937,7.57151,3
1301.4,0.13355,2.6394,7.57151,3
1301.5,0.13355,2.63943,7.57151,3
1301.6,0.13356,2.63945,7.57151,3
1301.7,0.13356,2.63948,7.57151,3
1301.8,0.13357,2.63951,7.57152,3
1301.9,0.13357,2.63954,7.57152,3
1302,0.13357,2.63957,7.57152,3
1302.1,0.13358,2.63959,7.57152,3
1302.2,0.13358,2.63962,7.57152,3
1302.3,0.13358,2.63965,7.57152,3
1302.4,0.13359,2.63967,7.57152,3
1302.5,0.13359,2.6397,7.57152,3
1302.6,0.1336,2.63973,7.57152,3
1302.7,0.1336,2.63976,7.57153,3
1302.8,0.1336,2.63979,7.57153,3
1302.9,0.13361,2.63983,7.57153,3
1303,0.13361,2.63987,7.57153,3
1303.1,0.13362,2.63991,7.57153,3
1303.2,0.13362,2.63995,7.57153,3
1303.3,0.13362,2.63999,7.57153,3
1303.4,0.13363,2.64002,7.57153,3
1303.5,0.13363,2.64006,7.57153,3
1303.6,0.13363,2.6401,7.57153,3
1303.7,0.13364,2.64013,7.57154,3
1303.8,0.13364,2.64017,7.57154,3
1303.9,0.13364,2.6402,7.57154,3
1304,0.13365,2.64024,7.57154,3
1304.1,0.13365,2.64027,7.57154,3
1304.2,0.13365,2.64031,7.57154,3
1304.3,0.13366,2.64034,7.57154,3
1304.4,0.13366,2.64036,7.57154,3
1304.5,0.13367,2.64039,7.57155,3
1304.6,0.13367,2.64042,7.57155,3
1304.7,0.13367,2.64044,7.57155,3
1304.8,0.13368,2.64047,7.57155,3
1304.9,0.13368,2.64049,7.57155,3
1305,0.13368,2.64052,7.57155,3
1305.1,0.13369,2.64054,7.57155,3
1305.2,0.13369,2.64057,7.57156,3
1305.3,0.13369,2.64059,7.57156,3
1305.4,0.1337,2.64061,7.57156,3
1305.5,0.1337,2.64064,7.57156,3
1305.6,0.1337,2.64066,7.57156,3
1305.7,0.13371,2.64068,7.57156,3
1305.8,0.13371,2.6407,7.57157,3
1305.9,0.13371,2.64072,7.57157,3
1306,0.13372,2.64074,7.57157,3
1306.1,0.13372,2.64076,7.57157,3
1306.2,0.13372,2.64078,7.57157,3
1306.3,0.13373,2.64079,7.57157,3
1306.4,0.13373,2.64081,7.57157,3
1306.5,0.13373,2.64083,7.57158,3
1306.6,0.13374,2.64085,7.57158,3
1306.7,0.13374,2.64086,7.57158,3
1306.8,0.13374,2.64088,7.57158,3
1306.9,0.13374,2.6409,7.57158,3
1307,0.13375,2.64093,7.57158,3
1307.1,0.13375,2.64096,7.57158,3
1307.2,0.13375,2.64099,7.57159,3
1307.3,0.13376,2.64102,7.57159,3
1307.4,0.13376,2.64105,7.57159,3
1307.5,0.13376,2.64108,7.57159,3
1307.6,0.13376,2.64111,7.57159,3
1307.7,0.13377,2.64113,7.57159,3
1307.8,0.13377,2.64116,7.57159,3
1307.9,0.13377,2.64119,7.5716,3
1308,0.13378,2.64121,7.5716,3
1308.1,0.13378,2.64124,7.5716,3
1308.2,0.13378,2.64126,7.5716,3
1308.3,0.13378,2.64129,7.5716,3
1308.4,0.13379,2.64131,7.5716,3
1308.5,0.13379,2.64133,7.5716,3
1308.6,0.13379,2.64135,7.57161,3
1308.7,0.1338,2.64138,7.57161,3
1308.8,0.1338,2.6414,7.57161,3
1308.9,0.1338,2.64142,7.57161,3
1309,0.1338,2.64144,7.57161,3
1309.1,0.13381,2.64146,7.57161,3
1309.2,0.13381,2.64148,7.57161,3
1309.3,0.13381,2.6415,7.57162,3
1309.4,0.13382,2.64152,7.57162,3
1309.5,0.13382,2.64153,7.57162,3
1309.6,0.13382,2.64153,7.57162,3
1309.7,0.13382,2.64154,7.57162,3
1309.8,0.13382,2.64154,7.57162,3
1309.9,0.13383,2.64155,7.57163,3
1310,0.13383,2.64155,7.57163,3
1310.1,0.13383,2.64157,7.57163,3
1310.2,0.13383,2.64159,7.57163,3
1310.3,0.13383,2.6416,7.57163,3
1310.4,0.13384,2.64161,7.57163,3
1310.5,0.13384,2.64162,7.57164,3
1310.6,0.13384,2.64163,7.57164,3
1310.7,0.13384,2.64165,7.57164,3
1310.8,0.13384,2.64168,7.57164,3
1310.9,0.13385,2.6417,7.57164,3
1311,0.13385,2.64173,7.57164,3
1311.1,0.13385,2.64174,7.57164,3
1311.2,0.13385,2.64176,7.57165,3
1311.3,0.13385,2.64178,7.57165,3
1311.4,0.13386,2.6418,7.57165,3
1311.5,0.13386,2.64182,7.57165,3
1311.6,0.13386,2.64185,7.57165,3
1311.7,0.13386,2.64187,7.57166,3
1311.8,0.13386,2.64189,7.57166,3
1311.9,0.13387,2.64191,7.57166,3
1312,0.13387,2.64193,7.57166,3
1312.1,0.13387,2.64194,7.57166,3
1312.2,0.13387,2.64196,7.57167,3
1312.3,0.13387,2.64198,7.57167,3
1312.4,0.13387,2.642,7.57167,3
1312.5,0.13387,2.64201,7.57167,3
1312.6,0.13387,2.64203,7.57167,3
1312.7,0.13387,2.64204,7.57167,3
1312.8,0.13388,2.64205,7.57168,3
1312.9,0.13388,2.64207,7.57168,3
1313,0.13388,2.64208,7.57168,3
1313.1,0.13388,2.64209,7.57168,3
1313.2,0.13388,2.6421,7.57169,3
1313.3,0.13388,2.64211,7.57169,3
1313.4,0.13388,2.64212,7.57169,3
1313.5,0.13388,2.64213,7.57169,3
1313.6,0.13389,2.64215,7.5717,3
1313.7,0.13389,2.64216,7.5717,3
1313.8,0.13389,2.64218,7.5717,3
1313.9,0.13389,2.6422,7.5717,3
1314,0.13389,2.64222,7.5717,3
1314.1,0.13389,2.64224,7.57171,3
1314.2,0.13389,2.64225,7.57171,3
1314.3,0.1339,2.64227,7.57171,3
1314.4,0.1339,2.64228,7.57171,3
1314.5,0.1339,2.64229,7.57172,3
1314.6,0.1339,2.6423,7.57172,3
1314.7,0.1339,2.64231,7.57172,3
1314.8,0.1339,2.64232,7.57172,3
1314.9,0.1339,2.64234,7.57173,3
1315,0.13391,2.64236,7.57173,3
1315.1,0.13391,2.64238,7.57173,3
1315.2,0.13391,2.6424,7.57173,3
1315.3,0.13391,2.64242,7.57173,3
1315.4,0.13391,2.64244,7.57174,3
1315.5,0.13391,2.64246,7.57174,3
1315.6,0.13392,2.64248,7.57174,3
1315.7,0.13392,2.6425,7.57174,3
1315.8,0.13392,2.64252,7.57175,3
1315.9,0.13392,2.64253,7.57175,3
1316,0.13392,2.64255,7.57175,3
1316.1,0.13392,2.64256,7.57175,3
1316.2,0.13392,2.64257,7.57176,3
1316.3,0.13392,2.64258,7.57176,3
1316.4,0.13392,2.6426,7.57176,3
1316.5,0.13393,2.64261,7.57176,3
1316.6,0.13393,2.64262,7.57176,3
1316.7,0.13393,2.64263,7.57177,3
1316.8,0.13393,2.64265,7.57177,3
1316.9,0.13393,2.64266,7.57177,3
1317,0.13393,2.64267,7.57177,3
1317.1,0.13393,2.64268,7.57178,3
1317.2,0.13393,2.6427,7.57178,3
1317.3,0.13393,2.64273,7.57178,3
1317.4,0.13393,2.64275,7.57178,3
1317.5,0.13393,2.64278,7.57179,3
1317.6,0.13393,2.6428,7.57179,3
1317.7,0.13393,2.64283,7.57179,3
1317.8,0.13394,2.64285,7.57179,3
1317.9,0.13394,2.64287,7.5718,3
1318,0.13394,2.64289,7.5718,3
1318.1,0.13394,2.64291,7.5718,3
1318.2,0.13394,2.64293,7.5718,3
1318.3,0.13395,2.64295,7.57181,3
1318.4,0.13395,2.64296,7.57181,3
1318.5,0.13395,2.64298,7.57181,3
1318.6,0.13395,2.64299,7.57181,3
1318.7,0.13395,2.64301,7.57182,3
1318.8,0.13396,2.64303,7.57182,3
1318.9,0.13396,2.64304,7.57182,3
1319,0.13396,2.64305,7.57182,3
1319.1,0.13396,2.64306,7.57182,3
1319.2,0.13397,2.64307,7.57183,3
1319.3,0.13397,2.64308,7.57183,3
1319.4,0.13397,2.64309,7.57183,3
1319.5,0.13397,2.6431,7.57183,3
1319.6,0.13398,2.64311,7.57183,3
1319.7,0.13398,2.64312,7.57184,3
1319.8,0.13398,2.64313,7.57184,3
1319.9,0.13398,2.64313,7.57184,3
1320,0.13398,2.64315,7.57184,3
1320.1,0.13399,2.64317,7.57184,3
1320.2,0.13399,2.64319,7.57185,3
1320.3,0.13399,2.64321,7.57185,3
1320.4,0.13399,2.64323,7.57185,3
1320.5,0.13399,2.64324,7.57185,3
1320.6,0.134,2.64326,7.57185,3
1320.7,0.134,2.64328,7.57186,3
1320.8,0.134,2.6433,7.57186,3
1320.9,0.134,2.64331,7.57186,3
1321,0.13401,2.64333,7.57186,3
1321.1,0.13401,2.64335,7.57186,3
1321.2,0.13401,2.64336,7.57187,3
1321.3,0.13401,2.64338,7.57187,3
1321.4,0.13401,2.64339,7.57187,3
1321.5,0.13402,2.6434,7.57187,3
1321.6,0.13402,2.64341,7.57188,3
1321.7,0.13402,2.64342,7.57188,3
1321.8,0.13402,2.64343,7.57188,3
1321.9,0.13402,2.64344,7.57188,3
1322,0.13403,2.64345,7.57188,3
1322.1,0.13403,2.64346,7.57189,3
1322.2,0.13403,2.64346,7.57189,3
1322.3,0.13403,2.64347,7.57189,3
1322.4,0.13403,2.64348,7.57189,3
1322.5,0.13404,2.64348,7.57189,3
1322.6,0.13404,2.64349,7.5719,3
1322.7,0.13404,2.64349,7.5719,3
1322.8,0.13404,2.6435,7.5719,3
1322.9,0.13405,2.6435,7.5719,3
1323,0.13405,2.64352,7.5719,3
1323.1,0.13405,2.64354,7.57191,3
1323.2,0.13405,2.64356,7.57191,3
1323.3,0.13405,2.64357,7.57191,3
1323.4,0.13406,2.64359,7.57191,3
1323.5,0.13406,2.64361,7.57191,3
1323.6,0.13406,2.64363,7.57191,3
1323.7,0.13406,2.64365,7.57192,3
1323.8,0.13406,2.64366,7.57192,3
1323.9,0.13406,2.64368,7.57192,3
1324,0.13407,2.6437,7.57192,3
1324.1,0.13407,2.64371,7.57192,3
1324.2,0.13407,2.64372,7.57192,3
1324.3,0.13407,2.64374,7.57193,3
1324.4,0.13407,2.64375,7.57193,3
1324.5,0.13407,2.64376,7.57193,3
1324.6,0.13408,2.64377,7.57193,3
1324.7,0.13408,2.64378,7.57193,3
1324.8,0.13408,2.64379,7.57194,3
1324.9,0.13408,2.6438,7.57194,3
1325,0.13408,2.64381,7.57194,3
1325.1,0.13409,2.64382,7.57194,3
1325.2,0.13409,2.64383,7.57194,3
1325.3,0.13409,2.64383,7.57195,3
1325.4,0.13409,2.64384,7.57195,3
1325.5,0.1341,2.64385,7.57195,3
1325.6,0.1341,2.64386,7.57195,3
1325.7,0.1341,2.64387,7.57195,3
1325.8,0.1341,2.64389,7.57195,3
1325.9,0.13411,2.64391,7.57196,3
1326,0.13411,2.64393,7.57196,3
1326.1,0.13411,2.64394,7.57196,3
1326.2,0.13411,2.64396,7.57196,3
1326.3,0.13412,2.64398,7.57196,3
1326.4,0.13412,2.64399,7.57197,3
1326.5,0.13412,2.644,7.57197,3
1326.6,0.13412,2.64401,7.57197,3
1326.7,0.13412,2.64403,7.57197,3
1326.8,0.13413,2.64404,7.57197,3
1326.9,0.13413,2.64405,7.57197,3
1327,0.13413,2.64406,7.57198,3
1327.1,0.13413,2.64406,7.57198,3
1327.2,0.13413,2.64407,7.57198,3
1327.3,0.13414,2.64408,7.57198,3
1327.4,0.13414,2.64409,7.57198,3
1327.5,0.13414,2.6441,7.57199,3
1327.6,0.13414,2.6441,7.57199,3
1327.7,0.13415,2.64411,7.57199,3
1327.8,0.13415,2.64412,7.57199,3
1327.9,0.13415,2.64412,7.57199,3
1328,0.13415,2.64413,7.572,3
1328.1,0.13416,2.64413,7.572,3
1328.2,0.13416,2.64414,7.572,3
1328.3,0.13416,2.64414,7.572,3
1328.4,0.13416,2.64414,7.572,3
1328.5,0.13416,2.64415,7.57201,3
1328.6,0.13417,2.64415,7.57201,3
1328.7,0.13417,2.64416,7.57201,3
1328.8,0.13417,2.64417,7.57201,3
1328.9,0.13417,2.64419,7.57201,3
1329,0.13417,2.64421,7.57201,3
1329.1,0.13418,2.64423,7.57202,3
1329.2,0.13418,2.64425,7.57202,3
1329.3,0.13418,2.64426,7.57202,3
1329.4,0.13418,2.64428,7.57202,3
1329.5,0.13418,2.6443,7.57202,3
1329.6,0.13419,2.64431,7.57203,3
1329.7,0.13419,2.64432,7.57203,3
1329.8,0.13419,2.64434,7.57203,3
1329.9,0.13419,2.64435,7.57203,3
1330,0.13419,2.64436,7.57203,3
1330.1,0.1342,2.64437,7.57204,3
1330.2,0.1342,2.64438,7.57204,3
1330.3,0.1342,2.64439,7.57204,3
1330.4,0.1342,2.6444,7.57204,3
1330.5,0.13421,2.64441,7.57204,3
1330.6,0.13421,2.64442,7.57205,3
1330.7,0.13421,2.64443,7.57205,3
1330.8,0.13421,2.64443,7.57205,3
1330.9,0.13421,2.64444,7.57205,3
1331,0.13422,2.64444,7.57205,3
1331.1,0.13422,2.64444,7.57206,3
1331.2,0.13422,2.64445,7.57206,3
1331.3,0.13422,2.64445,7.57206,3
1331.4,0.13422,2.64446,7.57206,3
1331.5,0.13423,2.64446,7.57206,3
1331.6,0.13423,2.64447,7.57206,3
1331.7,0.13423,2.64447,7.57206,3
1331.8,0.13423,2.64448,7.57207,3
1331.9,0.13423,2.64448,7.57207,3
1332,0.13424,2.6445,7.57207,3
1332.1,0.13424,2.64452,7.57207,3
1332.2,0.13424,2.64453,7.57207,3
1332.3,0.13424,2.64455,7.57207,3
1332.4,0.13424,2.64457,7.57208,3
1332.5,0.13425,2.64459,7.57208,3
1332.6,0.13425,2.6446,7.57208,3
1332.7,0.13425,2.64462,7.57208,3
1332.8,0.13425,2.64463,7.57208,3
1332.9,0.13426,2.64465,7.57208,3
1333,0.13426,2.64466,7.57209,3
1333.1,0.13426,2.64467,7.57209,3
1333.2,0.13426,2.64469,7.57209,3
1333.3,0.13426,2.64471,7.57209,3
1333.4,0.13427,2.64472,7.57209,3
1333.5,0.13427,2.64474,7.57209,3
1333.6,0.13427,2.64475,7.5721,3
1333.7,0.13427,2.64476,7.5721,3
1333.8,0.13428,2.64477,7.5721,3
1333.9,0.13428,2.64478,7.5721,3
1334,0.13428,2.64479,7.5721,3
1334.1,0.13428,2.6448,7.5721,3
1334.2,0.13429,2.6448,7.57211,3
1334.3,0.13429,2.64481,7.57211,3
1334.4,0.13429,2.64482,7.57211,3
1334.5,0.13429,2.64482,7.57211,3
1334.6,0.13429,2.64483,7.57211,3
1334.7,0.1343,2.64485,7.57211,3
1334.8,0.1343,2.64487,7.57212,3
1334.9,0.1343,2.64489,7.57212,3
1335,0.1343,2.64491,7.57212,3
1335.1,0.13431,2.64493,7.57212,3
1335.2,0.13431,2.64495,7.57212,3
1335.3,0.13431,2.64496,7.57213,3
1335.4,0.13431,2.64498,7.57213,3
1335.5,0.13432,2.645,7.57213,3
1335.6,0.13432,2.64502,7.57213,3
1335.7,0.13432,2.64503,7.57213,3
1335.8,0.13432,2.64505,7.57213,3
1335.9,0.13432,2.64506,7.57214,3
1336,0.13433,2.64507,7.57214,3
1336.1,0.13433,2.64508,7.57214,3
1336.2,0.13433,2.64509,7.57214,3
1336.3,0.13433,2.64511,7.57214,3
1336.4,0.13434,2.64512,7.57214,3
1336.5,0.13434,2.64513,7.57215,3
1336.6,0.13434,2.64514,7.57215,3
1336.7,0.13434,2.64515,7.57215,3
1336.8,0.13435,2.64516,7.57215,3
1336.9,0.13435,2.64517,7.57215,3
1337,0.13435,2.64518,7.57215,3
1337.1,0.13436,2.64519,7.57216,3
1337.2,0.13436,2.6452,7.57216,3
1337.3,0.13436,2.64521,7.57216,3
1337.4,0.13436,2.64522,7.57216,3
1337.5,0.13437,2.64524,7.57216,3
1337.6,0.13437,2.64527,7.57216,3
1337.7,0.13437,2.64529,7.57217,3
1337.8,0.13437,2.64531,7.57217,3
1337.9,0.13438,2.64534,7.57217,3
1338,0.13438,2.64536,7.57217,3
1338.1,0.13438,2.64538,7.57217,3
1338.2,0.13438,2.6454,7.57217,3
1338.3,0.13439,2.64542,7.57218,3
1338.4,0.13439,2.64544,7.57218,3
1338.5,0.13439,2.64546,7.57218,3
1338.6,0.1344,2.64547,7.57218,3
1338.7,0.1344,2.64549,7.57218,3
1338.8,0.1344,2.64551,7.57218,3
1338.9,0.13441,2.64552,7.57219,3
1339,0.13441,2.64553,7.57219,3
1339.1,0.13441,2.64554,7.57219,3
1339.2,0.13441,2.64556,7.57219,3
1339.3,0.13442,2.64557,7.57219,3
1339.4,0.13442,2.64558,7.57219,3
1339.5,0.13442,2.6456,7.5722,3
1339.6,0.13443,2.64561,7.5722,3
1339.7,0.13443,2.64562,7.5722,3
1339.8,0.13443,2.64563,7.5722,3
1339.9,0.13443,2.64564,7.5722,3
1340,0.13444,2.64565,7.5722,3
1340.1,0.13444,2.64566,7.5722,3
1340.2,0.13444,2.64567,7.5722,3
1340.3,0.13445,2.64569,7.57221,3
1340.4,0.13445,2.64571,7.57221,3
1340.5,0.13445,2.64574,7.57221,3
1340.6,0.13445,2.64576,7.57221,3
1340.7,0.13446,2.64579,7.57221,3
1340.8,0.13446,2.64581,7.57221,3
1340.9,0.13446,2.64584,7.57221,3
1341,0.13447,2.64586,7.57221,3
1341.1,0.13447,2.64588,7.57221,3
1341.2,0.13447,2.6459,7.57222,3
1341.3,0.13447,2.64592,7.57222,3
1341.4,0.13448,2.64594,7.57222,3
1341.5,0.13448,2.64596,7.57222,3
1341.6,0.13448,2.64598,7.57222,3
1341.7,0.13449,2.646,7.57222,3
1341.8,0.13449,2.64602,7.57222,3
1341.9,0.13449,2.64603,7.57222,3
1342,0.1345,2.64605,7.57223,3
1342.1,0.1345,2.64606,7.57223,3
1342.2,0.1345,2.64608,7.57223,3
1342.3,0.13451,2.64609,7.57223,3
1342.4,0.13451,2.64611,7.57223,3
1342.5,0.13451,2.64612,7.57223,3
1342.6,0.13452,2.64614,7.57223,3
1342.7,0.13452,2.64615,7.57223,3
1342.8,0.13452,2.64617,7.57224,3
1342.9,0.13453,2.64618,7.57224,3
1343,0.13453,2.6462,7.57224,3
1343.1,0.13453,2.64621,7.57224,3
1343.2,0.13454,2.64623,7.57224,3
1343.3,0.13454,2.64624,7.57224,3
1343.4,0.13455,2.64627,7.57224,3
1343.5,0.13455,2.6463,7.57224,3
1343.6,0.13455,2.64633,7.57225,3
1343.7,0.13456,2.64635,7.57225,3
1343.8,0.13456,2.64638,7.57225,3
1343.9,0.13456,2.64641,7.57225,3
1344,0.13457,2.64644,7.57225,3
1344.1,0.13457,2.64647,7.57225,3
1344.2,0.13457,2.6465,7.57225,3
1344.3,0.13457,2.64652,7.57226,3
1344.4,0.13458,2.64655,7.57226,3
1344.5,0.13458,2.64657,7.57226,3
1344.6,0.13458,2.64659,7.57226,3
1344.7,0.13459,2.64661,7.57226,3
1344.8,0.13459,2.64664,7.57226,3
1344.9,0.1346,2.64666,7.57226,3
1345,0.1346,2.64668,7.57227,3
1345.1,0.1346,2.6467,7.57227,3
1345.2,0.13461,2.64672,7.57227,3
1345.3,0.13461,2.64674,7.57227,3
1345.4,0.13461,2.64676,7.57227,3
1345.5,0.13462,2.64679,7.57227,3
1345.6,0.13462,2.64683,7.57227,3
1345.7,0.13463,2.64686,7.57227,3
1345.8,0.13463,2.64688,7.57228,3
1345.9,0.13463,2.64691,7.57228,3
1346,0.13464,2.64694,7.57228,3
1346.1,0.13464,2.64697,7.57228,3
1346.2,0.13465,2.647,7.57228,3
1346.3,0.13465,2.64703,7.57228,3
1346.4,0.13465,2.64705,7.57228,3
1346.5,0.13466,2.64708,7.57229,3
1346.6,0.13466,2.6471,7.57229,3
1346.7,0.13467,2.64713,7.57229,3
1346.8,0.13467,2.64715,7.57229,3
1346.9,0.13468,2.64718,7.57229,3
1347,0.13468,2.6472,7.57229,3
1347.1,0.13468,2.64722,7.57229,3
1347.2,0.13469,2.64725,7.5723,3
1347.3,0.13469,2.64727,7.5723,3
1347.4,0.1347,2.6473,7.5723,3
1347.5,0.1347,2.64732,7.5723,3
1347.6,0.13471,2.64734,7.5723,3
1347.7,0.13471,2.64736,7.5723,3
1347.8,0.13472,2.64738,7.5723,3
1347.9,0.13472,2.6474,7.57231,3
1348,0.13472,2.64742,7.57231,3
1348.1,0.13473,2.64744,7.57231,3
1348.2,0.13473,2.64747,7.57231,3
1348.3,0.13474,2.6475,7.57231,3
1348.4,0.13474,2.64754,7.57231,3
1348.5,0.13474,2.64757,7.57231,3
1348.6,0.13475,2.64761,7.57231,3
1348.7,0.13475,2.64764,7.57232,3
1348.8,0.13475,2.64767,7.57232,3
1348.9,0.13476,2.6477,7.57232,3
1349,0.13476,2.64773,7.57232,3
1349.1,0.13477,2.64776,7.57232,3
1349.2,0.13477,2.64779,7.57232,3
1349.3,0.13478,2.64782,7.57232,3
1349.4,0.13478,2.64785,7.57232,3
1349.5,0.13478,2.64788,7.57233,3
1349.6,0.13479,2.6479,7.57233,3
1349.7,0.13479,2.64793,7.57233,3
1349.8,0.1348,2.64796,7.57233,3
1349.9,0.1348,2.64798,7.57233,3
1350,0.13481,2.64801,7.57233,3
1350.1,0.13481,2.64803,7.57233,3
1350.2,0.13482,2.64806,7.57233,3
1350.3,0.13482,2.64808,7.57234,3
1350.4,0.13483,2.64811,7.57234,3
1350.5,0.13483,2.64813,7.57234,3
1350.6,0.13484,2.64816,7.57234,3
1350.7,0.13484,2.64819,7.57234,3
1350.8,0.13484,2.64821,7.57234,3
1350.9,0.13485,2.64823,7.57234,3
1351,0.13485,2.64826,7.57234,3
1351.1,0.13486,2.64828,7.57234,3
1351.2,0.13486,2.64831,7.57235,3
1351.3,0.13487,2.64835,7.57235,3
1351.4,0.13487,2.64839,7.57235,3
1351.5,0.13488,2.64843,7.57235,3
1351.6,0.13488,2.64847,7.57235,3
1351.7,0.13489,2.64851,7.57235,3
1351.8,0.13489,2.64854,7.57235,3
1351.9,0.1349,2.64858,7.57235,3
1352,0.1349,2.64862,7.57235,3
1352.1,0.1349,2.64866,7.57235,3
1352.2,0.13491,2.6487,7.57236,3
1352.3,0.13491,2.64873,7.57236,3
1352.4,0.13492,2.64877,7.57236,3
1352.5,0.13492,2.64881,7.57236,3
1352.6,0.13493,2.64884,7.57236,3
1352.7,0.13493,2.64888,7.57236,3
1352.8,0.13494,2.64891,7.57236,3
1352.9,0.13494,2.64895,7.57236,3
1353,0.13495,2.64898,7.57236,3
1353.1,0.13495,2.64901,7.57236,3
1353.2,0.13496,2.64904,7.57237,3
1353.3,0.13496,2.64908,7.57237,3
1353.4,0.13497,2.64911,7.57237,3
1353.5,0.13497,2.64914,7.57237,3
1353.6,0.13497,2.64917,7.57237,3
1353.7,0.13498,2.64921,7.57237,3
1353.8,0.13499,2.64924,7.57237,3
1353.9,0.13499,2.64927,7.57237,3
1354,0.13499,2.6493,7.57237,3
1354.1,0.135,2.64933,7.57237,3
1354.2,0.135,2.64936,7.57237,3
1354.3,0.13501,2.64939,7.57237,3
1354.4,0.13501,2.64943,7.57237,3
1354.5,0.13502,2.64946,7.57237,3
1354.6,0.13502,2.64949,7.57238,3
1354.7,0.13503,2.64952,7.57238,3
1354.8,0.13503,2.64957,7.57238,3
1354.9,0.13504,2.64962,7.57238,3
1355,0.13505,2.64967,7.57238,3
1355.1,0.13505,2.64972,7.57238,3
1355.2,0.13506,2.64977,7.57238,3
1355.3,0.13506,2.64982,7.57238,3
1355.4,0.13507,2.64987,7.57238,3
1355.5,0.13507,2.64991,7.57238,3
1355.6,0.13508,2.64995,7.57238,3
1355.7,0.13508,2.64999,7.57238,3
1355.8,0.13509,2.65002,7.57238,3
1355.9,0.13509,2.65006,7.57238,3
1356,0.1351,2.65009,7.57238,3
1356.1,0.1351,2.65012,7.57239,3
1356.2,0.13511,2.65016,7.57239,3
1356.3,0.13511,2.65019,7.57239,3
1356.4,0.13512,2.65022,7.57239,3
1356.5,0.13512,2.65026,7.57239,3
1356.6,0.13513,2.65029,7.57239,3
1356.7,0.13513,2.65032,7.57239,3
1356.8,0.13514,2.65036,7.57239,3
1356.9,0.13514,2.65039,7.57239,3
1357,0.13515,2.65042,7.57239,3
1357.1,0.13515,2.65045,7.57239,3
1357.2,0.13516,2.65049,7.57239,3
1357.3,0.13517,2.65052,7.57239,3
1357.4,0.13517,2.65055,7.5724,3
1357.5,0.13518,2.65058,7.5724,3
1357.6,0.13518,2.65061,7.5724,3
1357.7,0.13519,2.65063,7.5724,3
1357.8,0.13519,2.65067,7.5724,3
1357.9,0.1352,2.65072,7.5724,3
1358,0.1352,2.65076,7.5724,3
1358.1,0.13521,2.65081,7.5724,3
1358.2,0.13522,2.65085,7.5724,3
1358.3,0.13522,2.6509,7.5724,3
1358.4,0.13523,2.65094,7.5724,3
1358.5,0.13523,2.65098,7.5724,3
1358.6,0.13524,2.65102,7.5724,3
1358.7,0.13525,2.65107,7.5724,3
1358.8,0.13525,2.65111,7.5724,3
1358.9,0.13526,2.65115,7.5724,3
1359,0.13526,2.65119,7.57241,3
1359.1,0.13527,2.65123,7.57241,3
1359.2,0.13528,2.65127,7.57241,3
1359.3,0.13528,2.65131,7.57241,3
1359.4,0.13529,2.65135,7.57241,3
1359.5,0.13529,2.65139,7.57241,3
1359.6,0.1353,2.65142,7.57241,3
1359.7,0.1353,2.65146,7.57241,3
1359.8,0.13531,2.65149,7.57241,3
1359.9,0.13532,2.65153,7.57241,3
1360,0.13532,2.65156,7.57241,3
1360.1,0.13533,2.6516,7.57241,3
1360.2,0.13533,2.65164,7.57241,3
1360.3,0.13534,2.65167,7.57241,3
1360.4,0.13535,2.6517,7.57242,3
1360.5,0.13536,2.65173,7.57242,3
1360.6,0.13536,2.65177,7.57242,3
1360.7,0.13537,2.65182,7.57242,3
1360.8,0.13538,2.65187,7.57242,3
1360.9,0.13538,2.65192,7.57242,3
1361,0.13539,2.65197,7.57242,3
1361.1,0.1354,2.65201,7.57242,3
1361.2,0.1354,2.65206,7.57242,3
1361.3,0.13541,2.65211,7.57242,3
1361.4,0.13541,2.65215,7.57242,3
1361.5,0.13542,2.6522,7.57242,3
1361.6,0.13543,2.65224,7.57243,3
1361.7,0.13543,2.65228,7.57243,3
1361.8,0.13544,2.65233,7.57243,3
1361.9,0.13545,2.65237,7.57243,3
1362,0.13545,2.65241,7.57243,3
1362.1,0.13546,2.65245,7.57243,3
1362.2,0.13547,2.65249,7.57243,3
1362.3,0.13547,2.65253,7.57243,3
1362.4,0.13548,2.65257,7.57243,3
1362.5,0.13549,2.65261,7.57243,3
1362.6,0.13549,2.65265,7.57243,3
1362.7,0.1355,2.65268,7.57243,3
1362.8,0.13551,2.65271,7.57243,3
1362.9,0.13551,2.65274,7.57244,3
1363,0.13552,2.65278,7.57244,3
1363.1,0.13552,2.65282,7.57244,3
1363.2,0.13553,2.65287,7.57244,3
1363.3,0.13554,2.65292,7.57244,3
1363.4,0.13554,2.65296,7.57244,3
1363.5,0.13555,2.65301,7.57244,3
1363.6,0.13556,2.65305,7.57244,3
1363.7,0.13556,2.6531,7.57244,3
1363.8,0.13557,2.65314,7.57244,3
1363.9,0.13557,2.65318,7.57244,3
1364,0.13558,2.65323,7.57244,3
1364.1,0.13559,2.65327,7.57244,3
1364.2,0.13559,2.65331,7.57244,3
1364.3,0.1356,2.65335,7.57244,3
1364.4,0.1356,2.65339,7.57244,3
1364.5,0.13561,2.65343,7.57244,3
1364.6,0.13561,2.65347,7.57244,3
1364.7,0.13562,2.65351,7.57244,3
1364.8,0.13563,2.65355,7.57244,3
1364.9,0.13563,2.65359,7.57244,3
1365,0.13564,2.65363,7.57244,3
1365.1,0.13564,2.65368,7.57244,3
1365.2,0.13565,2.65373,7.57244,3
1365.3,0.13565,2.65378,7.57244,3
1365.4,0.13566,2.65383,7.57244,3
1365.5,0.13567,2.65387,7.57245,3
1365.6,0.13567,2.65392,7.57245,3
1365.7,0.13568,2.65396,7.57245,3
1365.8,0.13569,2.654,7.57245,3
1365.9,0.13569,2.65404,7.57245,3
1366,0.1357,2.65407,7.57245,3
1366.1,0.1357,2.65411,7.57245,3
1366.2,0.13571,2.65415,7.57245,3
1366.3,0.13572,2.65419,7.57244,3
1366.4,0.13572,2.65424,7.57244,3
1366.5,0.13573,2.65428,7.57244,3
1366.6,0.13573,2.65433,7.57244,3
1366.7,0.13574,2.65438,7.57244,3
1366.8,0.13575,2.65442,7.57244,3
1366.9,0.13575,2.65447,7.57244,3
1367,0.13576,2.65452,7.57244,3
1367.1,0.13577,2.65456,7.57244,3
1367.2,0.13577,2.65461,7.57244,3
1367.3,0.13578,2.65465,7.57244,3
1367.4,0.13579,2.65469,7.57244,3
1367.5,0.13579,2.65474,7.57244,3
1367.6,0.1358,2.65478,7.57244,3
1367.7,0.13581,2.65482,7.57244,3
1367.8,0.13581,2.65486,7.57244,3
1367.9,0.13582,2.65489,7.57244,3
1368,0.13582,2.65493,7.57244,3
1368.1,0.13583,2.65497,7.57244,3
1368.2,0.13584,2.65502,7.57244,3
1368.3,0.13584,2.65506,7.57244,3
1368.4,0.13585,2.65511,7.57244,3
1368.5,0.13586,2.65516,7.57244,3
1368.6,0.13586,2.65521,7.57244,3
1368.7,0.13587,2.65526,7.57244,3
1368.8,0.13588,2.6553,7.57244,3
1368.9,0.13588,2.65535,7.57244,3
1369,0.13589,2.6554,7.57244,3
1369.1,0.1359,2.65545,7.57244,3
1369.2,0.1359,2.6555,7.57244,3
1369.3,0.13591,2.65554,7.57244,3
1369.4,0.13591,2.65559,7.57244,3
1369.5,0.13592,2.65564,7.57244,3
1369.6,0.13593,2.65568,7.57243,3
1369.7,0.13593,2.65573,7.57243,3
1369.8,0.13594,2.65577,7.57243,3
1369.9,0.13595,2.65581,7.57243,3
1370,0.13595,2.65584,7.57243,3
1370.1,0.13596,2.65588,7.57243,3
1370.2,0.13597,2.65592,7.57243,3
1370.3,0.13597,2.65595,7.57243,3
1370.4,0.13598,2.65599,7.57243,3
1370.5,0.13598,2.65603,7.57243,3
1370.6,0.13599,2.65607,7.57243,3
1370.7,0.136,2.65612,7.57243,3
1370.8,0.136,2.65617,7.57243,3
1370.9,0.13601,2.65622,7.57243,3
1371,0.13601,2.65627,7.57243,3
1371.1,0.13602,2.65631,7.57243,3
1371.2,0.13603,2.65636,7.57242,3
1371.3,0.13603,2.65641,7.57242,3
1371.4,0.13604,2.65645,7.57242,3
1371.5,0.13604,2.6565,7.57242,3
1371.6,0.13605,2.65654,7.57242,3
1371.7,0.13605,2.65658,7.57242,3
1371.8,0.13606,2.65663,7.57242,3
1371.9,0.13607,2.65667,7.57242,3
1372,0.13607,2.65671,7.57242,3
1372.1,0.13608,2.65676,7.57242,3
1372.2,0.13609,2.65681,7.57242,3
1372.3,0.13609,2.65687,7.57242,3
1372.4,0.1361,2.65692,7.57242,3
1372.5,0.13611,2.65698,7.57242,3
1372.6,0.13611,2.65703,7.57241,3
1372.7,0.13612,2.65708,7.57241,3
1372.8,0.13613,2.65714,7.57241,3
1372.9,0.13613,2.65719,7.57241,3
1373,0.13614,2.65724,7.57241,3
1373.1,0.13615,2.65729,7.57241,3
1373.2,0.13615,2.65734,7.57241,3
1373.3,0.13616,2.65739,7.57241,3
1373.4,0.13617,2.65744,7.57241,3
1373.5,0.13617,2.65749,7.57241,3
1373.6,0.13618,2.65753,7.57241,3
1373.7,0.13619,2.65758,7.57241,3
1373.8,0.13619,2.65763,7.57241,3
1373.9,0.1362,2.65768,7.5724,3
1374,0.13621,2.65772,7.5724,3
1374.1,0.13621,2.65777,7.5724,3
1374.2,0.13622,2.65781,7.5724,3
1374.3,0.13623,2.65786,7.5724,3
1374.4,0.13623,2.65792,7.5724,3
1374.5,0.13624,2.65798,7.5724,3
1374.6,0.13625,2.65804,7.5724,3
1374.7,0.13625,2.65809,7.5724,3
1374.8,0.13626,2.65815,7.5724,3
1374.9,0.13627,2.65821,7.5724,3
1375,0.13627,2.65827,7.5724,3
1375.1,0.13628,2.65833,7.5724,3
1375.2,0.13629,2.65839,7.57239,3
1375.3,0.1363,2.65845,7.57239,3
1375.4,0.1363,2.6585,7.57239,3
1375.5,0.13631,2.65856,7.57239,3
1375.6,0.13632,2.65862,7.57239,3
1375.7,0.13632,2.65868,7.57239,3
1375.8,0.13633,2.65874,7.57239,3
1375.9,0.13634,2.65879,7.57239,3
1376,0.13635,2.65885,7.57239,3
1376.1,0.13635,2.65891,7.57239,3
1376.2,0.13636,2.65896,7.57239,3
1376.3,0.13637,2.65902,7.57239,3
1376.4,0.13637,2.65907,7.57239,3
1376.5,0.13638,2.65912,7.57238,3
1376.6,0.13639,2.65917,7.57238,3
1376.7,0.13639,2.65921,7.57238,3
1376.8,0.1364,2.65926,7.57238,3
1376.9,0.13641,2.6593,7.57238,3
1377,0.13641,2.65935,7.57238,3
1377.1,0.13642,2.6594,7.57238,3
1377.2,0.13643,2.65945,7.57238,3
1377.3,0.13644,2.65951,7.57238,3
1377.4,0.13644,2.65956,7.57238,3
1377.5,0.13645,2.65962,7.57238,3
1377.6,0.13646,2.65967,7.57238,3
1377.7,0.13646,2.65972,7.57238,3
1377.8,0.13647,2.65977,7.57237,3
1377.9,0.13648,2.65982,7.57237,3
1378,0.13648,2.65987,7.57237,3
1378.1,0.13649,2.65991,7.57237,3
1378.2,0.1365,2.65997,7.57237,3
1378.3,0.13651,2.66002,7.57237,3
1378.4,0.13651,2.66008,7.57237,3
1378.5,0.13652,2.66014,7.57237,3
1378.6,0.13653,2.66019,7.57237,3
1378.7,0.13653,2.66025,7.57237,3
1378.8,0.13654,2.6603,7.57237,3
1378.9,0.13655,2.66036,7.57237,3
1379,0.13656,2.66041,7.57237,3
1379.1,0.13656,2.66046,7.57236,3
1379.2,0.13657,2.66051,7.57236,3
1379.3,0.13658,2.66056,7.57236,3
1379.4,0.13658,2.6606,7.57236,3
1379.5,0.13659,2.66065,7.57236,3
1379.6,0.1366,2.6607,7.57236,3
1379.7,0.1366,2.66074,7.57236,3
1379.8,0.13661,2.66079,7.57236,3
1379.9,0.13662,2.66083,7.57236,3
1380,0.13662,2.66087,7.57236,3
1380.1,0.13663,2.66091,7.57236,3
1380.2,0.13664,2.66095,7.57236,3
1380.3,0.13665,2.661,7.57235,3
1380.4,0.13665,2.66105,7.57235,3
1380.5,0.13666,2.66111,7.57235,3
1380.6,0.13667,2.66117,7.57235,3
1380.7,0.13668,2.66123,7.57235,3
1380.8,0.13668,2.66129,7.57235,3
1380.9,0.13669,2.66134,7.57235,3
1381,0.1367,2.6614,7.57235,3
1381.1,0.1367,2.66146,7.57235,3
1381.2,0.13671,2.66151,7.57235,3
1381.3,0.13672,2.66157,7.57235,3
1381.4,0.13673,2.66162,7.57235,3
1381.5,0.13673,2.66167,7.57234,3
1381.6,0.13674,2.66172,7.57234,3
1381.7,0.13675,2.66177,7.57234,3
1381.8,0.13676,2.66182,7.57234,3
1381.9,0.13676,2.66187,7.57234,3
1382,0.13677,2.66192,7.57234,3
1382.1,0.13678,2.66197,7.57234,3
1382.2,0.13678,2.66202,7.57234,3
1382.3,0.13679,2.66206,7.57234,3
1382.4,0.1368,2.6621,7.57234,3
1382.5,0.13681,2.66215,7.57233,3
1382.6,0.13681,2.66219,7.57233,3
1382.7,0.13682,2.66223,7.57233,3
1382.8,0.13683,2.66227,7.57233,3
1382.9,0.13683,2.66231,7.57233,3
1383,0.13684,2.66236,7.57233,3
1383.1,0.13685,2.66241,7.57233,3
1383.2,0.13685,2.66248,7.57233,3
1383.3,0.13686,2.66254,7.57233,3
1383.4,0.13687,2.6626,7.57232,3
1383.5,0.13687,2.66266,7.57232,3
1383.6,0.13688,2.66271,7.57232,3
1383.7,0.13689,2.66277,7.57232,3
1383.8,0.13689,2.66283,7.57232,3
1383.9,0.1369,2.66289,7.57232,3
1384,0.13691,2.66295,7.57232,3
1384.1,0.13691,2.663,7.57232,3
1384.2,0.13692,2.66306,7.57232,3
1384.3,0.13693,2.66311,7.57232,3
1384.4,0.13694,2.66316,7.57232,3
1384.5,0.13694,2.66322,7.57231,3
1384.6,0.13695,2.66328,7.57231,3
1384.7,0.13696,2.66334,7.57231,3
1384.8,0.13697,2.6634,7.57231,3
1384.9,0.13697,2.66347,7.57231,3
1385,0.13698,2.66353,7.57231,3
1385.1,0.13699,2.66359,7.57231,3
1385.2,0.137,2.66365,7.57231,3
1385.3,0.13701,2.6637,7.57231,3
1385.4,0.13701,2.66376,7.57231,3
1385.5,0.13702,2.66381,7.57231,3
1385.6,0.13703,2.66387,7.57231,3
1385.7,0.13704,2.66393,7.5723,3
1385.8,0.13704,2.66398,7.5723,3
1385.9,0.13705,2.66404,7.5723,3
1386,0.13706,2.66411,7.5723,3
1386.1,0.13706,2.66418,7.5723,3
1386.2,0.13707,2.66424,7.5723,3
1386.3,0.13708,2.66431,7.5723,3
1386.4,0.13708,2.66437,7.5723,3
1386.5,0.13709,2.66444,7.5723,3
1386.6,0.1371,2.6645,7.5723,3
1386.7,0.13711,2.66456,7.5723,3
1386.8,0.13711,2.66463,7.57229,3
1386.9,0.13712,2.66469,7.57229,3
1387,0.13713,2.66475,7.57229,3
1387.1,0.13714,2.66481,7.57229,3
1387.2,0.13714,2.66487,7.57229,3
1387.3,0.13715,2.66493,7.57229,3
1387.4,0.13716,2.66499,7.57229,3
1387.5,0.13717,2.66505,7.57229,3
1387.6,0.13717,2.66512,7.57229,3
1387.7,0.13718,2.66519,7.57229,3
1387.8,0.13719,2.66525,7.57229,3
1387.9,0.1372,2.66532,7.57229,3
1388,0.1372,2.66538,7.57228,3
1388.1,0.13721,2.66545,7.57228,3
1388.2,0.13722,2.66551,7.57228,3
1388.3,0.13723,2.66557,7.57228,3
1388.4,0.13723,2.66564,7.57228,3
1388.5,0.13724,2.6657,7.57228,3
1388.6,0.13725,2.66576,7.57228,3
1388.7,0.13726,2.66583,7.57228,3
1388.8,0.13726,2.66589,7.57228,3
1388.9,0.13727,2.66595,7.57228,3
1389,0.13728,2.66602,7.57228,3
1389.1,0.13729,2.66608,7.57228,3
1389.2,0.13729,2.66615,7.57228,3
1389.3,0.1373,2.66621,7.57227,3
1389.4,0.13731,2.66627,7.57227,3
1389.5,0.13732,2.66633,7.57227,3
1389.6,0.13732,2.66639,7.57227,3
1389.7,0.13733,2.66645,7.57227,3
1389.8,0.13734,2.66651,7.57227,3
1389.9,0.13735,2.66656,7.57227,3
1390,0.13736,2.66662,7.57227,3
1390.1,0.13737,2.66668,7.57227,3
1390.2,0.13737,2.66675,7.57227,3
1390.3,0.13738,2.66682,7.57227,3
1390.4,0.13739,2.66688,7.57227,3
1390.5,0.1374,2.66695,7.57227,3
1390.6,0.1374,2.66702,7.57227,3
1390.7,0.13741,2.66708,7.57226,3
1390.8,0.13742,2.66715,7.57226,3
1390.9,0.13743,2.66721,7.57226,3
1391,0.13743,2.66727,7.57226,3
1391.1,0.13744,2.66734,7.57226,3
1391.2,0.13745,2.6674,7.57226,3
1391.3,0.13746,2.66746,7.57226,3
1391.4,0.13746,2.66752,7.57226,3
1391.5,0.13747,2.66758,7.57226,3
1391.6,0.13748,2.66764,7.57226,3
1391.7,0.13749,2.6677,7.57226,3
1391.8,0.13749,2.66777,7.57226,3
1391.9,0.1375,2.66784,7.57226,3
1392,0.13751,2.66791,7.57225,3
1392.1,0.13752,2.66798,7.57225,3
1392.2,0.13753,2.66806,7.57225,3
1392.3,0.13754,2.66813,7.57225,3
1392.4,0.13754,2.6682,7.57225,3
1392.5,0.13755,2.66827,7.57225,3
1392.6,0.13756,2.66834,7.57225,3
1392.7,0.13757,2.66841,7.57225,3
1392.8,0.13758,2.66848,7.57225,3
1392.9,0.13758,2.66855,7.57225,3
1393,0.13759,2.66862,7.57225,3
1393.1,0.1376,2.66868,7.57225,3
1393.2,0.13761,2.66875,7.57225,3
1393.3,0.13762,2.66882,7.57224,3
1393.4,0.13762,2.66889,7.57224,3
1393.5,0.13763,2.66896,7.57224,3
1393.6,0.13764,2.66903,7.57224,3
1393.7,0.13765,2.6691,7.57224,3
1393.8,0.13766,2.66917,7.57224,3
1393.9,0.13767,2.66924,7.57224,3
1394,0.13767,2.66931,7.57224,3
1394.1,0.13768,2.66938,7.57224,3
1394.2,0.13769,2.66945,7.57224,3
1394.3,0.1377,2.66951,7.57224,3
1394.4,0.13771,2.66958,7.57224,3
1394.5,0.13771,2.66965,7.57224,3
1394.6,0.13772,2.66973,7.57224,3
1394.7,0.13773,2.6698,7.57223,3
1394.8,0.13774,2.66987,7.57223,3
1394.9,0.13775,2.66994,7.57223,3
1395,0.13775,2.67001,7.57223,3
1395.1,0.13776,2.67008,7.57223,3
1395.2,0.13777,2.67015,7.57223,3
1395.3,0.13778,2.67022,7.57223,3
1395.4,0.13779,2.67028,7.57223,3
1395.5,0.1378,2.67035,7.57223,3
1395.6,0.1378,2.67041,7.57223,3
1395.7,0.13781,2.67048,7.57223,3
1395.8,0.13782,2.67055,7.57223,3
1395.9,0.13783,2.67062,7.57222,3
1396,0.13784,2.6707,7.57222,3
1396.1,0.13784,2.67077,7.57222,3
1396.2,0.13785,2.67085,7.57222,3
1396.3,0.13786,2.67093,7.57222,3
1396.4,0.13787,2.671,7.57222,3
1396.5,0.13787,2.67108,7.57222,3
1396.6,0.13788,2.67115,7.57222,3
1396.7,0.13789,2.67122,7.57222,3
1396.8,0.1379,2.67129,7.57222,3
1396.9,0.13791,2.67136,7.57222,3
1397,0.13792,2.67142,7.57222,3
1397.1,0.13792,2.67148,7.57221,3
1397.2,0.13793,2.67155,7.57221,3
1397.3,0.13794,2.67161,7.57221,3
1397.4,0.13795,2.67167,7.57221,3
1397.5,0.13795,2.67173,7.57221,3
1397.6,0.13796,2.6718,7.57221,3
1397.7,0.13797,2.67187,7.57221,3
1397.8,0.13798,2.67194,7.57221,3
1397.9,0.13798,2.67201,7.57221,3
1398,0.13799,2.67208,7.5722,3
1398.1,0.138,2.67215,7.5722,3
1398.2,0.13801,2.67222,7.5722,3
1398.3,0.13802,2.67228,7.5722,3
1398.4,0.13802,2.67234,7.5722,3
1398.5,0.13803,2.67241,7.5722,3
1398.6,0.13804,2.67247,7.5722,3
1398.7,0.13805,2.67253,7.5722,3
1398.8,0.13806,2.6726,7.5722,3
1398.9,0.13806,2.67268,7.5722,3
1399,0.13807,2.67276,7.57219,3
1399.1,0.13808,2.67283,7.57219,3
1399.2,0.13808,2.67291,7.57219,3
1399.3,0.13809,2.67299,7.57219,3
1399.4,0.1381,2.67306,7.57219,3
1399.5,0.13811,2.67313,7.57219,3
1399.6,0.13811,2.6732,7.57219,3
1399.7,0.13812,2.67327,7.57219,3
1399.8,0.13813,2.67334,7.57219,3
1399.9,0.13814,2.67341,7.57218,3
1400,0.13815,2.67348,7.57218,3
1400.1,0.13815,2.67354,7.57218,3
1400.2,0.13816,2.6736,7.57218,3
1400.3,0.13817,2.67366,7.57218,3
1400.4,0.13818,2.67373,7.57218,3
1400.5,0.13818,2.6738,7.57218,3
1400.6,0.13819,2.67387,7.57218,3
1400.7,0.1382,2.67394,7.57218,3
1400.8,0.1382,2.67402,7.57217,3
1400.9,0.13821,2.67409,7.57217,3
1401,0.13822,2.67416,7.57217,3
1401.1,0.13823,2.67423,7.57217,3
1401.2,0.13824,2.67429,7.57217,3
1401.3,0.13824,2.67436,7.57217,3
1401.4,0.13825,2.67442,7.57217,3
1401.5,0.13826,2.67449,7.57217,3
1401.6,0.13827,2.67456,7.57217,3
1401.7,0.13827,2.67462,7.57216,3
1401.8,0.13828,2.6747,7.57216,3
1401.9,0.13829,2.67478,7.57216,3
1402,0.13829,2.67486,7.57216,3
1402.1,0.1383,2.67493,7.57216,3
1402.2,0.13831,2.67501,7.57216,3
1402.3,0.13832,2.67509,7.57216,3
1402.4,0.13832,2.67516,7.57216,3
1402.5,0.13833,2.67524,7.57215,3
1402.6,0.13834,2.67531,7.57215,3
1402.7,0.13835,2.67539,7.57215,3
1402.8,0.13835,2.67546,7.57215,3
1402.9,0.13836,2.67554,7.57215,3
1403,0.13837,2.67561,7.57215,3
1403.1,0.13838,2.67568,7.57215,3
1403.2,0.13839,2.67574,7.57215,3
1403.3,0.13839,2.67581,7.57214,3
1403.4,0.1384,2.67588,7.57214,3
1403.5,0.13841,2.67595,7.57214,3
1403.6,0.13841,2.67601,7.57214,3
1403.7,0.13842,2.67609,7.57214,3
1403.8,0.13843,2.67617,7.57214,3
1403.9,0.13844,2.67625,7.57214,3
1404,0.13844,2.67632,7.57214,3
1404.1,0.13845,2.6764,7.57214,3
1404.2,0.13846,2.67648,7.57214,3
1404.3,0.13847,2.67655,7.57213,3
1404.4,0.13847,2.67663,7.57213,3
1404.5,0.13848,2.6767,7.57213,3
1404.6,0.13849,2.67677,7.57213,3
1404.7,0.13849,2.67684,7.57213,3
1404.8,0.1385,2.67691,7.57213,3
1404.9,0.13851,2.67698,7.57213,3
1405,0.13852,2.67705,7.57213,3
1405.1,0.13852,2.67713,7.57213,3
1405.2,0.13853,2.67719,7.57212,3
1405.3,0.13854,2.67726,7.57212,3
1405.4,0.13855,2.67733,7.57212,3
1405.5,0.13855,2.6774,7.57212,3
1405.6,0.13856,2.67747,7.57212,3
1405.7,0.13857,2.67754,7.57212,3
1405.8,0.13858,2.67761,7.57212,3
1405.9,0.13859,2.67769,7.57212,3
1406,0.13859,2.67777,7.57212,3
1406.1,0.1386,2.67784,7.57212,3
1406.2,0.13861,2.67792,7.57212,3
1406.3,0.13862,2.67799,7.57211,3
1406.4,0.13863,2.67806,7.57211,3
1406.5,0.13864,2.67812,7.57211,3
1406.6,0.13864,2.67819,7.57211,3
1406.7,0.13865,2.67826,7.57211,3
1406.8,0.13866,2.67832,7.57211,3
1406.9,0.13867,2.67839,7.57211,3
1407,0.13868,2.67846,7.57211,3
1407.1,0.13869,2.67854,7.57211,3
1407.2,0.13869,2.67861,7.57211,3
1407.3,0.1387,2.67869,7.57211,3
1407.4,0.13871,2.67876,7.5721,3
1407.5,0.13872,2.67884,7.5721,3
1407.6,0.13873,2.67891,7.5721,3
1407.7,0.13873,2.67898,7.5721,3
1407.8,0.13874,2.67906,7.5721,3
1407.9,0.13875,2.67913,7.5721,3
1408,0.13876,2.6792,7.5721,3
1408.1,0.13877,2.67928,7.5721,3
1408.2,0.13878,2.67935,7.5721,3
1408.3,0.13878,2.67942,7.5721,3
1408.4,0.13879,2.67949,7.5721,3
1408.5,0.1388,2.67956,7.5721,3
1408.6,0.13881,2.67963,7.57209,3
1408.7,0.13882,2.6797,7.57209,3
1408.8,0.13883,2.67977,7.57209,3
1408.9,0.13883,2.67985,7.57209,3
1409,0.13884,2.67993,7.57209,3
1409.1,0.13885,2.68,7.57209,3
1409.2,0.13886,2.68007,7.57209,3
1409.3,0.13887,2.68015,7.57209,3
1409.4,0.13888,2.68022,7.57209,3
1409.5,0.13888,2.68029,7.57209,3
1409.6,0.13889,2.68036,7.57209,3
1409.7,0.1389,2.68043,7.57209,3
1409.8,0.13891,2.6805,7.57208,3
1409.9,0.13892,2.68058,7.57208,3
1410,0.13892,2.68066,7.57208,3
1410.1,0.13893,2.68075,7.57208,3
1410.2,0.13894,2.68083,7.57208,3
1410.3,0.13895,2.68091,7.57208,3
1410.4,0.13896,2.68098,7.57208,3
1410.5,0.13897,2.68107,7.57208,3
1410.6,0.13897,2.68115,7.57208,3
1410.7,0.13898,2.68123,7.57208,3
1410.8,0.13899,2.68131,7.57208,3
1410.9,0.139,2.68139,7.57208,3
1411,0.13901,2.68147,7.57208,3
1411.1,0.13902,2.68155,7.57207,3
1411.2,0.13903,2.68162,7.57207,3
1411.3,0.13903,2.6817,7.57207,3
1411.4,0.13904,2.68177,7.57207,3
1411.5,0.13905,2.68184,7.57207,3
1411.6,0.13906,2.68191,7.57207,3
1411.7,0.13907,2.68199,7.57207,3
1411.8,0.13907,2.68208,7.57207,3
1411.9,0.13908,2.68216,7.57207,3
1412,0.13909,2.68225,7.57207,3
1412.1,0.1391,2.68234,7.57207,3
1412.2,0.13911,2.68242,7.57207,3
1412.3,0.13912,2.68251,7.57206,3
1412.4,0.13912,2.68259,7.57206,3
1412.5,0.13913,2.68267,7.57206,3
1412.6,0.13914,2.68275,7.57206,3
1412.7,0.13915,2.68283,7.57206,3
1412.8,0.13915,2.68291,7.57206,3
1412.9,0.13916,2.68299,7.57206,3
1413,0.13917,2.68306,7.57206,3
1413.1,0.13918,2.68314,7.57206,3
1413.2,0.13919,2.68321,7.57206,3
1413.3,0.1392,2.68329,7.57206,3
1413.4,0.13921,2.68336,7.57206,3
1413.5,0.13921,2.68344,7.57206,3
1413.6,0.13922,2.68353,7.57206,3
1413.7,0.13923,2.68362,7.57205,3
1413.8,0.13924,2.68371,7.57205,3
1413.9,0.13925,2.68379,7.57205,3
1414,0.13925,2.68388,7.57205,3
1414.1,0.13926,2.68396,7.57205,3
1414.2,0.13927,2.68404,7.57205,3
1414.3,0.13928,2.68412,7.57205,3
1414.4,0.13929,2.6842,7.57205,3
1414.5,0.1393,2.68428,7.57205,3
1414.6,0.13931,2.68436,7.57205,3
1414.7,0.13931,2.68444,7.57205,3
1414.8,0.13932,2.68453,7.57205,3
1414.9,0.13933,2.68461,7.57205,3
1415,0.13934,2.6847,7.57205,3
1415.1,0.13935,2.68478,7.57205,3
1415.2,0.13936,2.68487,7.57204,3
1415.3,0.13937,2.68495,7.57204,3
1415.4,0.13937,2.68504,7.57204,3
1415.5,0.13938,2.68512,7.57204,3
1415.6,0.13939,2.6852,7.57204,3
1415.7,0.1394,2.68527,7.57204,3
1415.8,0.13941,2.68534,7.57204,3
1415.9,0.13942,2.68541,7.57204,3
1416,0.13942,2.68549,7.57204,3
1416.1,0.13943,2.68557,7.57204,3
1416.2,0.13944,2.68565,7.57204,3
1416.3,0.13945,2.68573,7.57204,3
1416.4,0.13946,2.6858,7.57204,3
1416.5,0.13947,2.68588,7.57204,3
1416.6,0.13948,2.68596,7.57204,3
1416.7,0.13949,2.68603,7.57204,3
1416.8,0.13949,2.68611,7.57204,3
1416.9,0.1395,2.68618,7.57203,3
1417,0.13951,2.68625,7.57203,3
1417.1,0.13952,2.68633,7.57203,3
1417.2,0.13953,2.6864,7.57203,3
1417.3,0.13954,2.68647,7.57203,3
1417.4,0.13955,2.68654,7.57203,3
1417.5,0.13955,2.68662,7.57203,3
1417.6,0.13956,2.6867,7.57203,3
1417.7,0.13957,2.68678,7.57203,3
1417.8,0.13958,2.68686,7.57203,3
1417.9,0.13959,2.68694,7.57203,3
1418,0.1396,2.68702,7.57203,3
1418.1,0.13961,2.68709,7.57203,3
1418.2,0.13962,2.68717,7.57203,3
1418.3,0.13963,2.68725,7.57203,3
1418.4,0.13964,2.68732,7.57203,3
1418.5,0.13964,2.68739,7.57203,3
1418.6,0.13965,2.68747,7.57203,3
1418.7,0.13966,2.68755,7.57203,3
1418.8,0.13967,2.68763,7.57202,3
1418.9,0.13968,2.68771,7.57202,3
1419,0.13969,2.68779,7.57202,3
1419.1,0.1397,2.68788,7.57202,3
1419.2,0.13971,2.68796,7.57202,3
1419.3,0.13971,2.68804,7.57202,3
1419.4,0.13972,2.68812,7.57202,3
1419.5,0.13973,2.6882,7.57202,3
1419.6,0.13974,2.68828,7.57202,3
1419.7,0.13975,2.68836,7.57202,3
1419.8,0.13976,2.68844,7.57202,3
1419.9,0.13977,2.68852,7.57202,3
1420,0.13978,2.68859,7.57202,3
1420.1,0.13979,2.68866,7.57202,3
1420.2,0.1398,2.68873,7.57202,3
1420.3,0.13981,2.68881,7.57202,3
1420.4,0.13982,2.68888,7.57202,3
1420.5,0.13983,2.68895,7.57202,3
1420.6,0.13984,2.68902,7.57202,3
1420.7,0.13985,2.6891,7.57202,3
1420.8,0.13985,2.68918,7.57201,3
1420.9,0.13986,2.68926,7.57201,3
1421,0.13987,2.68934,7.57201,3
1421.1,0.13988,2.68942,7.57201,3
1421.2,0.13989,2.68949,7.57201,3
1421.3,0.1399,2.68957,7.57201,3
1421.4,0.13991,2.68964,7.57201,3
1421.5,0.13992,2.68972,7.57201,3
1421.6,0.13993,2.68979,7.57201,3
1421.7,0.13994,2.68987,7.57201,3
1421.8,0.13995,2.68995,7.57201,3
1421.9,0.13996,2.69003,7.57201,3
1422,0.13997,2.6901,7.57201,3
1422.1,0.13997,2.69018,7.57201,3
1422.2,0.13998,2.69026,7.57201,3
1422.3,0.13999,2.69034,7.57201,3
1422.4,0.14,2.69041,7.57201,3
1422.5,0.14001,2.69049,7.57201,3
1422.6,0.14002,2.69057,7.57201,3
1422.7,0.14003,2.69065,7.57201,3
1422.8,0.14004,2.69073,7.57201,3
1422.9,0.14005,2.69081,7.57201,3
1423,0.14006,2.69089,7.57201,3
1423.1,0.14007,2.69096,7.57201,3
1423.2,0.14008,2.69104,7.57201,3
1423.3,0.14009,2.69112,7.57201,3
1423.4,0.1401,2.69121,7.57201,3
1423.5,0.1401,2.6913,7.57201,3
1423.6,0.14011,2.69138,7.57201,3
1423.7,0.14012,2.69146,7.57201,3
1423.8,0.14013,2.69154,7.57201,3
1423.9,0.14014,2.69161,7.57201,3
1424,0.14015,2.69168,7.57201,3
1424.1,0.14016,2.69175,7.57201,3
1424.2,0.14017,2.69182,7.57201,3
1424.3,0.14018,2.69189,7.57201,3
1424.4,0.14019,2.69197,7.57201,3
1424.5,0.1402,2.69205,7.57201,3
1424.6,0.14021,2.69213,7.57201,3
1424.7,0.14022,2.69221,7.57201,3
1424.8,0.14023,2.69229,7.57201,3
1424.9,0.14024,2.69236,7.57201,3
1425,0.14025,2.69244,7.57201,3
1425.1,0.14026,2.69251,7.57201,3
1425.2,0.14027,2.69258,7.57201,3
1425.3,0.14028,2.69266,7.57201,3
1425.4,0.14029,2.69273,7.57201,3
1425.5,0.1403,2.69281,7.57201,3
1425.6,0.14031,2.69288,7.57201,3
1425.7,0.14032,2.69295,7.57201,3
1425.8,0.14033,2.69303,7.57201,3
1425.9,0.14033,2.6931,7.57201,3
1426,0.14034,2.69318,7.57201,3
1426.1,0.14035,2.69325,7.57201,3
1426.2,0.14036,2.69333,7.57201,3
1426.3,0.14037,2.69342,7.57201,3
1426.4,0.14038,2.6935,7.57201,3
1426.5,0.14039,2.69359,7.57201,3
1426.6,0.1404,2.69367,7.57201,3
1426.7,0.14041,2.69375,7.57201,3
1426.8,0.14042,2.69383,7.57201,3
1426.9,0.14043,2.69391,7.57201,3
1427,0.14044,2.69399,7.57201,3
1427.1,0.14045,2.69407,7.57201,3
1427.2,0.14046,2.69415,7.57201,3
1427.3,0.14047,2.69423,7.57201,3
1427.4,0.14048,2.69431,7.57201,3
1427.5,0.14049,2.69439,7.57202,3
1427.6,0.1405,2.69448,7.57202,3
1427.7,0.14051,2.69456,7.57202,3
1427.8,0.14052,2.69464,7.57202,3
1427.9,0.14053,2.69472,7.57202,3
1428,0.14054,2.6948,7.57202,3
1428.1,0.14055,2.69487,7.57202,3
1428.2,0.14056,2.69494,7.57202,3
1428.3,0.14057,2.695,7.57202,3
1428.4,0.14058,2.69507,7.57202,3
1428.5,0.14059,2.69514,7.57202,3
1428.6,0.1406,2.69521,7.57202,3
1428.7,0.14061,2.69528,7.57202,3
1428.8,0.14062,2.69537,7.57202,3
1428.9,0.14063,2.69544,7.57202,3
1429,0.14064,2.69552,7.57202,3
1429.1,0.14065,2.6956,7.57202,3
1429.2,0.14066,2.69567,7.57202,3
1429.3,0.14067,2.69574,7.57202,3
1429.4,0.14068,2.69582,7.57202,3
1429.5,0.14069,2.69589,7.57203,3
1429.6,0.1407,2.69596,7.57203,3
1429.7,0.14071,2.69603,7.57203,3
1429.8,0.14072,2.6961,7.57203,3
1429.9,0.14073,2.69618,7.57203,3
1430,0.14074,2.69625,7.57203,3
1430.1,0.14075,2.69633,7.57203,3
1430.2,0.14076,2.69641,7.57203,3
1430.3,0.14077,2.69649,7.57203,3
1430.4,0.14078,2.69657,7.57203,3
1430.5,0.14079,2.69664,7.57203,3
1430.6,0.1408,2.69672,7.57203,3
1430.7,0.14081,2.6968,7.57203,3
1430.8,0.14082,2.69688,7.57203,3
1430.9,0.14083,2.69696,7.57203,3
1431,0.14084,2.69704,7.57203,3
1431.1,0.14085,2.69711,7.57204,3
1431.2,0.14086,2.69718,7.57204,3
1431.3,0.14087,2.69725,7.57204,3
1431.4,0.14088,2.69731,7.57204,3
1431.5,0.14089,2.69738,7.57204,3
1431.6,0.1409,2.69745,7.57204,3
1431.7,0.14091,2.69752,7.57204,3
1431.8,0.14092,2.69758,7.57204,3
1431.9,0.14093,2.69765,7.57204,3
1432,0.14094,2.69772,7.57204,3
1432.1,0.14095,2.69779,7.57204,3
1432.2,0.14096,2.69787,7.57204,3
1432.3,0.14097,2.69795,7.57204,3
1432.4,0.14098,2.69802,7.57204,3
1432.5,0.14099,2.69809,7.57205,3
1432.6,0.141,2.69816,7.57205,3
1432.7,0.14101,2.69823,7.57205,3
1432.8,0.14102,2.6983,7.57205,3
1432.9,0.14103,2.69837,7.57205,3
1433,0.14104,2.69844,7.57205,3
1433.1,0.14105,2.69851,7.57205,3
1433.2,0.14106,2.69858,7.57205,3
1433.3,0.14107,2.69865,7.57205,3
1433.4,0.14108,2.69872,7.57205,3
1433.5,0.14109,2.6988,7.57205,3
1433.6,0.1411,2.69887,7.57205,3
1433.7,0.14111,2.69895,7.57206,3
1433.8,0.14112,2.69902,7.57206,3
1433.9,0.14113,2.69911,7.57206,3
1434,0.14114,2.69919,7.57206,3
1434.1,0.14115,2.69927,7.57206,3
1434.2,0.14116,2.69935,7.57206,3
1434.3,0.14117,2.69943,7.57206,3
1434.4,0.14118,2.69951,7.57206,3
1434.5,0.14119,2.69958,7.57206,3
1434.6,0.1412,2.69965,7.57206,3
1434.7,0.14121,2.69971,7.57206,3
1434.8,0.14122,2.69978,7.57207,3
1434.9,0.14123,2.69985,7.57207,3
1435,0.14124,2.69991,7.57207,3
1435.1,0.14125,2.69998,7.57207,3
1435.2,0.14126,2.70004,7.57207,3
1435.3,0.14127,2.70011,7.57207,3
1435.4,0.14128,2.70018,7.57207,3
1435.5,0.14128,2.70025,7.57207,3
1435.6,0.14129,2.70033,7.57207,3
1435.7,0.1413,2.7004,7.57207,3
1435.8,0.14132,2.70047,7.57208,3
1435.9,0.14133,2.70054,7.57208,3
1436,0.14134,2.70061,7.57208,3
1436.1,0.14134,2.70067,7.57208,3
1436.2,0.14135,2.70074,7.57208,3
1436.3,0.14136,2.7008,7.57208,3
1436.4,0.14137,2.70086,7.57208,3
1436.5,0.14138,2.70093,7.57208,3
1436.6,0.14139,2.701,7.57208,3
1436.7,0.1414,2.70107,7.57208,3
1436.8,0.14141,2.70113,7.57209,3
1436.9,0.14142,2.7012,7.57209,3
1437,0.14143,2.70127,7.57209,3
1437.1,0.14144,2.70133,7.57209,3
1437.2,0.14145,2.7014,7.57209,3
1437.3,0.14146,2.70146,7.57209,3
1437.4,0.14148,2.70153,7.57209,3
1437.5,0.14149,2.70159,7.57209,3
1437.6,0.1415,2.70165,7.57209,3
1437.7,0.14151,2.70171,7.57209,3
1437.8,0.14151,2.70177,7.5721,3
1437.9,0.14152,2.70183,7.5721,3
1438,0.14153,2.7019,7.5721,3
1438.1,0.14154,2.70196,7.5721,3
1438.2,0.14155,2.70203,7.5721,3
1438.3,0.14156,2.70209,7.5721,3
1438.4,0.14157,2.70215,7.5721,3
1438.5,0.14158,2.70221,7.5721,3
1438.6,0.14159,2.70228,7.5721,3
1438.7,0.1416,2.70236,7.57211,3
1438.8,0.14161,2.70242,7.57211,3
1438.9,0.14162,2.70249,7.57211,3
1439,0.14163,2.70255,7.57211,3
1439.1,0.14164,2.70262,7.57211,3
1439.2,0.14165,2.70268,7.57211,3
1439.3,0.14166,2.70273,7.57211,3
1439.4,0.14167,2.70279,7.57211,3
1439.5,0.14167,2.70284,7.57211,3
1439.6,0.14168,2.7029,7.57212,3
1439.7,0.14169,2.70296,7.57212,3
1439.8,0.1417,2.70303,7.57212,3
1439.9,0.14171,2.70309,7.57212,3
1440,0.14172,2.70315,7.57212,3
1440.1,0.14173,2.70321,7.57212,3
1440.2,0.14174,2.70327,7.57212,3
1440.3,0.14175,2.70332,7.57212,3
1440.4,0.14176,2.70338,7.57212,3
1440.5,0.14177,2.70343,7.57212,3
1440.6,0.14178,2.70349,7.57213,3
1440.7,0.14178,2.70355,7.57213,3
1440.8,0.14179,2.70362,7.57213,3
1440.9,0.1418,2.70369,7.57213,3
1441,0.14181,2.70375,7.57213,3
1441.1,0.14182,2.70382,7.57213,3
1441.2,0.14183,2.70389,7.57213,3
1441.3,0.14184,2.70395,7.57213,3
1441.4,0.14185,2.70402,7.57213,3
1441.5,0.14186,2.70408,7.57214,3
1441.6,0.14187,2.70414,7.57214,3
1441.7,0.14187,2.7042,7.57214,3
1441.8,0.14188,2.70427,7.57214,3
1441.9,0.14189,2.70433,7.57214,3
1442,0.1419,2.70439,7.57214,3
1442.1,0.14191,2.70445,7.57214,3
1442.2,0.14192,2.70451,7.57214,3
1442.3,0.14193,2.70457,7.57214,3
1442.4,0.14194,2.70465,7.57214,3
1442.5,0.14194,2.70472,7.57215,3
1442.6,0.14195,2.70479,7.57215,3
1442.7,0.14196,2.70486,7.57215,3
1442.8,0.14197,2.70492,7.57215,3
1442.9,0.14198,2.70498,7.57215,3
1443,0.14199,2.70504,7.57215,3
1443.1,0.142,2.70511,7.57215,3
1443.2,0.142,2.70517,7.57215,3
1443.3,0.14201,2.70523,7.57216,3
1443.4,0.14202,2.70529,7.57216,3
1443.5,0.14203,2.70536,7.57216,3
1443.6,0.14204,2.70543,7.57216,3
1443.7,0.14205,2.7055,7.57216,3
1443.8,0.14205,2.70556,7.57216,3
1443.9,0.14206,2.70563,7.57216,3
1444,0.14207,2.7057,7.57216,3
1444.1,0.14208,2.70576,7.57217,3
1444.2,0.14209,2.70583,7.57217,3
1444.3,0.14209,2.70589,7.57217,3
1444.4,0.1421,2.70596,7.57217,3
1444.5,0.14211,2.70602,7.57217,3
1444.6,0.14212,2.70608,7.57217,3
1444.7,0.14213,2.70614,7.57217,3
1444.8,0.14214,2.7062,7.57217,3
1444.9,0.14214,2.70626,7.57218,3
1445,0.14215,2.70633,7.57218,3
1445.1,0.14216,2.7064,7.57218,3
1445.2,0.14217,2.70646,7.57218,3
1445.3,0.14218,2.70653,7.57218,3
1445.4,0.14218,2.70659,7.57218,3
1445.5,0.14219,2.70666,7.57218,3
1445.6,0.1422,2.70672,7.57218,3
1445.7,0.14221,2.70678,7.57219,3
1445.8,0.14221,2.70684,7.57219,3
1445.9,0.14222,2.70691,7.57219,3
1446,0.14223,2.70698,7.57219,3
1446.1,0.14224,2.70704,7.57219,3
1446.2,0.14225,2.70711,7.57219,3
1446.3,0.14225,2.70718,7.57219,3
1446.4,0.14226,2.70725,7.57219,3
1446.5,0.14227,2.70732,7.57219,3
1446.6,0.14228,2.70738,7.5722,3
1446.7,0.14228,2.70744,7.5722,3
1446.8,0.14229,2.70749,7.5722,3
1446.9,0.1423,2.70755,7.5722,3
1447,0.14231,2.7076,7.5722,3
1447.1,0.14232,2.70766,7.5722,3
1447.2,0.14232,2.70771,7.5722,3
1447.3,0.14233,2.70776,7.57221,3
1447.4,0.14234,2.70782,7.57221,3
1447.5,0.14234,2.70787,7.57221,3
1447.6,0.14235,2.70792,7.57221,3
1447.7,0.14236,2.70798,7.57221,3
1447.8,0.14237,2.70803,7.57221,3
1447.9,0.14238,2.70809,7.57221,3
1448,0.14238,2.70816,7.57221,3
1448.1,0.14239,2.70822,7.57222,3
1448.2,0.1424,2.70829,7.57222,3
1448.3,0.14241,2.70835,7.57222,3
1448.4,0.14241,2.7084,7.57222,3
1448.5,0.14242,2.70846,7.57222,3
1448.6,0.14243,2.70851,7.57222,3
1448.7,0.14243,2.70856,7.57222,3
1448.8,0.14244,2.70862,7.57223,3
1448.9,0.14245,2.70867,7.57223,3
1449,0.14245,2.70873,7.57223,3
1449.1,0.14246,2.70879,7.57223,3
1449.2,0.14247,2.70885,7.57223,3
1449.3,0.14247,2.70892,7.57223,3
1449.4,0.14248,2.70898,7.57223,3
1449.5,0.14249,2.70904,7.57224,3
1449.6,0.1425,2.70911,7.57224,3
1449.7,0.1425,2.70917,7.57224,3
1449.8,0.14251,2.70923,7.57224,3
1449.9,0.14252,2.70928,7.57224,3
1450,0.14252,2.70934,7.57224,3
1450.1,0.14253,2.7094,7.57224,3
1450.2,0.14254,2.70945,7.57225,3
1450.3,0.14255,2.70951,7.57225,3
1450.4,0.14255,2.70957,7.57225,3
1450.5,0.14256,2.70963,7.57225,3
1450.6,0.14257,2.70968,7.57225,3
1450.7,0.14257,2.70974,7.57225,3
1450.8,0.14258,2.70979,7.57225,3
1450.9,0.14259,2.70984,7.57226,3
1451,0.14259,2.7099,7.57226,3
1451.1,0.1426,2.70995,7.57226,3
1451.2,0.14261,2.71,7.57226,3
1451.3,0.14261,2.71005,7.57226,3
1451.4,0.14262,2.7101,7.57226,3
1451.5,0.14263,2.71015,7.57226,3
1451.6,0.14263,2.7102,7.57226,3
1451.7,0.14264,2.71025,7.57227,3
1451.8,0.14265,2.7103,7.57227,3
1451.9,0.14265,2.71036,7.57227,3
1452,0.14266,2.71042,7.57227,3
1452.1,0.14267,2.71047,7.57227,3
1452.2,0.14267,2.71053,7.57227,3
1452.3,0.14268,2.71058,7.57227,3
1452.4,0.14269,2.71063,7.57228,3
1452.5,0.14269,2.71068,7.57228,3
1452.6,0.1427,2.71074,7.57228,3
1452.7,0.14271,2.71078,7.57228,3
1452.8,0.14271,2.71083,7.57228,3
1452.9,0.14272,2.71088,7.57228,3
1453,0.14273,2.71094,7.57229,3
1453.1,0.14273,2.711,7.57229,3
1453.2,0.14274,2.71105,7.57229,3
1453.3,0.14275,2.7111,7.57229,3
1453.4,0.14275,2.71115,7.57229,3
1453.5,0.14276,2.7112,7.57229,3
1453.6,0.14277,2.71124,7.57229,3
1453.7,0.14277,2.71128,7.5723,3
1453.8,0.14278,2.71133,7.5723,3
1453.9,0.14278,2.71137,7.5723,3
1454,0.14279,2.71142,7.5723,3
1454.1,0.1428,2.71147,7.5723,3
1454.2,0.1428,2.71152,7.5723,3
1454.3,0.14281,2.71158,7.57231,3
1454.4,0.14282,2.71163,7.57231,3
1454.5,0.14282,2.71169,7.57231,3
1454.6,0.14283,2.71175,7.57231,3
1454.7,0.14284,2.7118,7.57231,3
1454.8,0.14284,2.71184,7.57231,3
1454.9,0.14285,2.71189,7.57232,3
1455,0.14285,2.71194,7.57232,3
1455.1,0.14286,2.71198,7.57232,3
1455.2,0.14287,2.71203,7.57232,3
1455.3,0.14287,2.71208,7.57232,3
1455.4,0.14288,2.71213,7.57232,3
1455.5,0.14288,2.71218,7.57232,3
1455.6,0.14289,2.71222,7.57233,3
1455.7,0.1429,2.71228,7.57233,3
1455.8,0.1429,2.71233,7.57233,3
1455.9,0.14291,2.71239,7.57233,3
1456,0.14291,2.71244,7.57233,3
1456.1,0.14292,2.71249,7.57233,3
1456.2,0.14292,2.71254,7.57234,3
1456.3,0.14293,2.71259,7.57234,3
1456.4,0.14294,2.71264,7.57234,3
1456.5,0.14294,2.71269,7.57234,3
1456.6,0.14295,2.71275,7.57234,3
1456.7,0.14296,2.71281,7.57234,3
1456.8,0.14296,2.71287,7.57235,3
1456.9,0.14297,2.71293,7.57235,3
1457,0.14297,2.71298,7.57235,3
1457.1,0.14297,2.71304,7.57235,3
1457.2,0.14298,2.71309,7.57235,3
1457.3,0.14299,2.71314,7.57235,3
1457.4,0.14299,2.71319,7.57235,3
1457.5,0.143,2.71325,7.57236,3
1457.6,0.143,2.71331,7.57236,3
1457.7,0.14301,2.71337,7.57236,3
1457.8,0.14301,2.71342,7.57236,3
1457.9,0.14302,2.71347,7.57236,3
1458,0.14302,2.71351,7.57236,3
1458.1,0.14303,2.71355,7.57237,3
1458.2,0.14303,2.71359,7.57237,3
1458.3,0.14304,2.71363,7.57237,3
1458.4,0.14304,2.71367,7.57237,3
1458.5,0.14305,2.71371,7.57237,3
1458.6,0.14305,2.71375,7.57237,3
1458.7,0.14306,2.7138,7.57238,3
1458.8,0.14306,2.71385,7.57238,3
1458.9,0.14307,2.71389,7.57238,3
1459,0.14308,2.71394,7.57238,3
1459.1,0.14308,2.71398,7.57238,3
1459.2,0.14309,2.71403,7.57238,3
1459.3,0.14309,2.71407,7.57239,3
1459.4,0.1431,2.71411,7.57239,3
1459.5,0.1431,2.71415,7.57239,3
1459.6,0.14311,2.7142,7.57239,3
1459.7,0.14311,2.71425,7.57239,3
1459.8,0.14312,2.7143,7.57239,3
1459.9,0.14312,2.71435,7.5724,3
1460,0.14313,2.7144,7.5724,3
1460.1,0.14313,2.71444,7.5724,3
1460.2,0.14314,2.71449,7.5724,3
1460.3,0.14314,2.71453,7.5724,3
1460.4,0.14315,2.71458,7.5724,3
1460.5,0.14315,2.71462,7.57241,3
1460.6,0.14316,2.71466,7.57241,3
1460.7,0.14316,2.71471,7.57241,3
1460.8,0.14317,2.71476,7.57241,3
1460.9,0.14317,2.71481,7.57241,3
1461,0.14318,2.71487,7.57242,3
1461.1,0.14318,2.71491,7.57242,3
1461.2,0.14318,2.71496,7.57242,3
1461.3,0.14319,2.715,7.57242,3
1461.4,0.14319,2.71503,7.57242,3
1461.5,0.1432,2.71507,7.57242,3
1461.6,0.1432,2.71511,7.57243,3
1461.7,0.1432,2.71515,7.57243,3
1461.8,0.14321,2.71519,7.57243,3
1461.9,0.14321,2.71523,7.57243,3
1462,0.14322,2.71527,7.57243,3
1462.1,0.14322,2.71533,7.57243,3
1462.2,0.14323,2.71538,7.57244,3
1462.3,0.14323,2.71543,7.57244,3
1462.4,0.14324,2.71547,7.57244,3
1462.5,0.14324,2.71551,7.57244,3
1462.6,0.14325,2.71555,7.57244,3
1462.7,0.14325,2.71559,7.57244,3
1462.8,0.14325,2.71563,7.57245,3
1462.9,0.14326,2.71567,7.57245,3
1463,0.14326,2.71571,7.57245,3
1463.1,0.14327,2.71576,7.57245,3
1463.2,0.14327,2.71581,7.57245,3
1463.3,0.14327,2.71586,7.57245,3
1463.4,0.14328,2.71591,7.57246,3
1463.5,0.14328,2.71596,7.57246,3
1463.6,0.14329,2.71601,7.57246,3
1463.7,0.14329,2.71606,7.57246,3
1463.8,0.14329,2.71611,7.57246,3
1463.9,0.1433,2.71615,7.57246,3
1464,0.1433,2.7162,7.57247,3
1464.1,0.14331,2.71624,7.57247,3
1464.2,0.14331,2.71629,7.57247,3
1464.3,0.14332,2.71632,7.57247,3
1464.4,0.14332,2.71636,7.57247,3
1464.5,0.14332,2.71639,7.57248,3
1464.6,0.14333,2.71643,7.57248,3
1464.7,0.14333,2.71647,7.57248,3
1464.8,0.14333,2.71651,7.57248,3
1464.9,0.14334,2.71656,7.57248,3
1465,0.14334,2.7166,7.57248,3
1465.1,0.14335,2.71664,7.57249,3
1465.2,0.14335,2.71668,7.57249,3
1465.3,0.14336,2.71671,7.57249,3
1465.4,0.14336,2.71675,7.57249,3
1465.5,0.14337,2.71679,7.57249,3
1465.6,0.14337,2.71682,7.57249,3
1465.7,0.14337,2.71686,7.5725,3
1465.8,0.14338,2.71691,7.5725,3
1465.9,0.14338,2.71695,7.5725,3
1466,0.14339,2.717,7.5725,3
1466.1,0.14339,2.71704,7.5725,3
1466.2,0.14339,2.71707,7.5725,3
1466.3,0.1434,2.71711,7.57251,3
1466.4,0.1434,2.71715,7.57251,3
1466.5,0.14341,2.71719,7.57251,3
1466.6,0.14341,2.71722,7.57251,3
1466.7,0.14342,2.71727,7.57251,3
1466.8,0.14342,2.71732,7.57251,3
1466.9,0.14342,2.71737,7.57252,3
1467,0.14343,2.71742,7.57252,3
1467.1,0.14343,2.71747,7.57252,3
1467.2,0.14344,2.71751,7.57252,3
1467.3,0.14344,2.71756,7.57252,3
1467.4,0.14344,2.7176,7.57253,3
1467.5,0.14345,2.71764,7.57253,3
1467.6,0.14345,2.71768,7.57253,3
1467.7,0.14345,2.71773,7.57253,3
1467.8,0.14346,2.71777,7.57253,3
1467.9,0.14346,2.71781,7.57254,3
1468,0.14347,2.71786,7.57254,3
1468.1,0.14347,2.71791,7.57254,3
1468.2,0.14348,2.71795,7.57254,3
1468.3,0.14348,2.718,7.57254,3
1468.4,0.14348,2.71804,7.57254,3
1468.5,0.14349,2.71807,7.57255,3
1468.6,0.14349,2.71811,7.57255,3
1468.7,0.14349,2.71815,7.57255,3
1468.8,0.1435,2.71819,7.57255,3
1468.9,0.1435,2.71822,7.57255,3
1469,0.1435,2.71826,7.57256,3
1469.1,0.14351,2.71829,7.57256,3
1469.2,0.14351,2.71832,7.57256,3
1469.3,0.14352,2.71836,7.57256,3
1469.4,0.14352,2.71839,7.57256,3
1469.5,0.14352,2.71843,7.57256,3
1469.6,0.14353,2.71846,7.57257,3
1469.7,0.14353,2.7185,7.57257,3
1469.8,0.14353,2.71855,7.57257,3
1469.9,0.14353,2.7186,7.57257,3
1470,0.14354,2.71864,7.57257,3
1470.1,0.14354,2.71869,7.57258,3
1470.2,0.14354,2.71872,7.57258,3
1470.3,0.14355,2.71876,7.57258,3
1470.4,0.14355,2.71879,7.57258,3
1470.5,0.14355,2.71883,7.57259,3
1470.6,0.14356,2.71887,7.57259,3
1470.7,0.14356,2.71891,7.57259,3
1470.8,0.14356,2.71896,7.57259,3
1470.9,0.14357,2.71901,7.57259,3
1471,0.14357,2.71906,7.57259,3
1471.1,0.14358,2.71911,7.5726,3
1471.2,0.14358,2.71915,7.5726,3
1471.3,0.14358,2.7192,7.5726,3
1471.4,0.14358,2.71924,7.5726,3
1471.5,0.14359,2.71928,7.57261,3
1471.6,0.14359,2.71932,7.57261,3
1471.7,0.1436,2.71937,7.57261,3
1471.8,0.1436,2.7194,7.57261,3
1471.9,0.1436,2.71944,7.57261,3
1472,0.14361,2.71949,7.57262,3
1472.1,0.14361,2.71954,7.57262,3
1472.2,0.14361,2.71959,7.57262,3
1472.3,0.14362,2.71963,7.57262,3
1472.4,0.14362,2.71968,7.57262,3
1472.5,0.14362,2.71972,7.57263,3
1472.6,0.14362,2.71976,7.57263,3
1472.7,0.14363,2.7198,7.57263,3
1472.8,0.14363,2.71985,7.57263,3
1472.9,0.14363,2.71989,7.57263,3
1473,0.14364,2.71993,7.57264,3
1473.1,0.14364,2.71997,7.57264,3
1473.2,0.14364,2.72001,7.57264,3
1473.3,0.14365,2.72005,7.57264,3
1473.4,0.14365,2.7201,7.57264,3
1473.5,0.14365,2.72015,7.57265,3
1473.6,0.14365,2.7202,7.57265,3
1473.7,0.14366,2.72024,7.57265,3
1473.8,0.14366,2.72029,7.57265,3
1473.9,0.14366,2.72033,7.57265,3
1474,0.14366,2.72037,7.57265,3
1474.1,0.14367,2.72042,7.57266,3
1474.2,0.14367,2.72047,7.57266,3
1474.3,0.14367,2.72053,7.57266,3
1474.4,0.14368,2.72058,7.57266,3
1474.5,0.14368,2.72063,7.57266,3
1474.6,0.14368,2.72068,7.57266,3
1474.7,0.14368,2.72073,7.57267,3
1474.8,0.14369,2.72077,7.57267,3
1474.9,0.14369,2.72081,7.57267,3
1475,0.14369,2.72085,7.57267,3
1475.1,0.14369,2.72091,7.57267,3
1475.2,0.1437,2.72096,7.57268,3
1475.3,0.1437,2.72101,7.57268,3
1475.4,0.1437,2.72106,7.57268,3
1475.5,0.1437,2.7211,7.57268,3
1475.6,0.14371,2.72115,7.57268,3
1475.7,0.14371,2.72119,7.57268,3
1475.8,0.14371,2.72124,7.57269,3
1475.9,0.14371,2.72128,7.57269,3
1476,0.14371,2.72133,7.57269,3
1476.1,0.14372,2.72137,7.57269,3
1476.2,0.14372,2.72142,7.57269,3
1476.3,0.14372,2.72147,7.5727,3
1476.4,0.14372,2.72152,7.5727,3
1476.5,0.14373,2.72157,7.5727,3
1476.6,0.14373,2.72163,7.5727,3
1476.7,0.14373,2.72169,7.5727,3
1476.8,0.14373,2.72174,7.5727,3
1476.9,0.14374,2.72179,7.57271,3
1477,0.14374,2.72184,7.57271,3
1477.1,0.14374,2.72188,7.57271,3
1477.2,0.14374,2.72193,7.57271,3
1477.3,0.14374,2.72197,7.57271,3
1477.4,0.14375,2.72202,7.57272,3
1477.5,0.14375,2.72208,7.57272,3
1477.6,0.14375,2.72214,7.57272,3
1477.7,0.14375,2.72219,7.57272,3
1477.8,0.14375,2.72224,7.57272,3
1477.9,0.14376,2.72229,7.57272,3
1478,0.14376,2.72234,7.57273,3
1478.1,0.14376,2.72239,7.57273,3
1478.2,0.14376,2.72244,7.57273,3
1478.3,0.14377,2.72249,7.57273,3
1478.4,0.14377,2.72254,7.57273,3
1478.5,0.14377,2.72259,7.57274,3
1478.6,0.14377,2.72265,7.57274,3
1478.7,0.14377,2.72271,7.57274,3
1478.8,0.14378,2.72277,7.57274,3
1478.9,0.14378,2.72283,7.57274,3
1479,0.14378,2.72289,7.57274,3
1479.1,0.14378,2.72294,7.57275,3
1479.2,0.14378,2.723,7.57275,3
1479.3,0.14378,2.72305,7.57275,3
1479.4,0.14379,2.72311,7.57275,3
1479.5,0.14379,2.72316,7.57275,3
1479.6,0.14379,2.72321,7.57275,3
1479.7,0.14379,2.72327,7.57276,3
1479.8,0.14379,2.72334,7.57276,3
1479.9,0.14379,2.7234,7.57276,3
1480,0.1438,2.72345,7.57276,3
1480.1,0.1438,2.72349,7.57276,3
1480.2,0.1438,2.72353,7.57276,3
1480.3,0.1438,2.72357,7.57277,3
1480.4,0.1438,2.72361,7.57277,3
1480.5,0.14381,2.72365,7.57277,3
1480.6,0.14381,2.72369,7.57277,3
1480.7,0.14381,2.72373,7.57277,3
1480.8,0.14381,2.72377,7.57277,3
1480.9,0.14381,2.72381,7.57278,3
1481,0.14381,2.72385,7.57278,3
1481.1,0.14382,2.72391,7.57278,3
1481.2,0.14382,2.72396,7.57278,3
1481.3,0.14382,2.72401,7.57278,3
1481.4,0.14382,2.72405,7.57278,3
1481.5,0.14382,2.72409,7.57278,3
1481.6,0.14382,2.72413,7.57279,3
1481.7,0.14382,2.72417,7.57279,3
1481.8,0.14383,2.72422,7.57279,3
1481.9,0.14383,2.72427,7.57279,3
1482,0.14383,2.72432,7.57279,3
1482.1,0.14383,2.72437,7.57279,3
1482.2,0.14383,2.72441,7.5728,3
1482.3,0.14384,2.72445,7.5728,3
1482.4,0.14384,2.7245,7.5728,3
1482.5,0.14384,2.72456,7.5728,3
1482.6,0.14384,2.72461,7.5728,3
1482.7,0.14384,2.72466,7.5728,3
1482.8,0.14384,2.72472,7.57281,3
1482.9,0.14385,2.72477,7.57281,3
1483,0.14385,2.72483,7.57281,3
1483.1,0.14385,2.72489,7.57281,3
1483.2,0.14385,2.72494,7.57281,3
1483.3,0.14385,2.725,7.57281,3
1483.4,0.14386,2.72505,7.57281,3
1483.5,0.14386,2.7251,7.57282,3
1483.6,0.14386,2.72514,7.57282,3
1483.7,0.14386,2.72518,7.57282,3
1483.8,0.14386,2.72522,7.57282,3
1483.9,0.14386,2.72526,7.57282,3
1484,0.14386,2.72531,7.57282,3
1484.1,0.14386,2.72537,7.57282,3
1484.2,0.14386,2.72542,7.57283,3
1484.3,0.14386,2.72548,7.57283,3
1484.4,0.14386,2.72553,7.57283,3
1484.5,0.14386,2.72557,7.57283,3
1484.6,0.14387,2.72562,7.57283,3
1484.7,0.14387,2.72566,7.57283,3
1484.8,0.14387,2.72571,7.57283,3
1484.9,0.14387,2.72576,7.57283,3
1485,0.14387,2.72581,7.57283,3
1485.1,0.14387,2.72586,7.57284,3
1485.2,0.14387,2.72591,7.57284,3
1485.3,0.14387,2.72596,7.57284,3
1485.4,0.14387,2.72601,7.57284,3
1485.5,0.14388,2.72606,7.57284,3
1485.6,0.14388,2.7261,7.57284,3
1485.7,0.14388,2.72616,7.57284,3
1485.8,0.14388,2.72622,7.57284,3
1485.9,0.14388,2.72627,7.57284,3
1486,0.14388,2.72632,7.57285,3
1486.1,0.14388,2.72637,7.57285,3
1486.2,0.14388,2.72642,7.57285,3
1486.3,0.14388,2.72647,7.57285,3
1486.4,0.14389,2.72652,7.57285,3
1486.5,0.14389,2.72657,7.57285,3
1486.6,0.14389,2.72663,7.57285,3
1486.7,0.14389,2.72669,7.57285,3
1486.8,0.14389,2.72675,7.57285,3
1486.9,0.14389,2.72681,7.57286,3
1487,0.14389,2.72687,7.57286,3
1487.1,0.14389,2.72693,7.57286,3
1487.2,0.14389,2.72698,7.57286,3
1487.3,0.14389,2.72704,7.57286,3
1487.4,0.14389,2.72709,7.57286,3
1487.5,0.1439,2.72713,7.57286,3
1487.6,0.1439,2.72718,7.57286,3
1487.7,0.1439,2.72722,7.57286,3
1487.8,0.1439,2.72726,7.57286,3
1487.9,0.1439,2.72732,7.57286,3
1488,0.1439,2.72738,7.57287,3
1488.1,0.1439,2.72745,7.57287,3
1488.2,0.14391,2.72751,7.57287,3
1488.3,0.14391,2.72756,7.57287,3
1488.4,0.14391,2.72761,7.57287,3
1488.5,0.14391,2.72766,7.57287,3
1488.6,0.14391,2.72771,7.57287,3
1488.7,0.14391,2.72776,7.57287,3
1488.8,0.14391,2.72782,7.57287,3
1488.9,0.14391,2.72788,7.57287,3
1489,0.14391,2.72794,7.57287,3
1489.1,0.14392,2.72801,7.57287,3
1489.2,0.14392,2.72807,7.57288,3
1489.3,0.14392,2.72813,7.57288,3
1489.4,0.14392,2.72818,7.57288,3
1489.5,0.14392,2.72823,7.57288,3
1489.6,0.14392,2.72828,7.57288,3
1489.7,0.14392,2.72833,7.57288,3
1489.8,0.14392,2.72838,7.57288,3
1489.9,0.14393,2.72844,7.57288,3
1490,0.14393,2.72849,7.57288,3
1490.1,0.14393,2.72854,7.57288,3
1490.2,0.14393,2.7286,7.57288,3
1490.3,0.14393,2.72867,7.57288,3
1490.4,0.14394,2.72874,7.57289,3
1490.5,0.14394,2.7288,7.57289,3
1490.6,0.14394,2.72886,7.57289,3
1490.7,0.14394,2.72892,7.57289,3
1490.8,0.14394,2.72898,7.57289,3
1490.9,0.14394,2.72905,7.57289,3
1491,0.14394,2.72911,7.57289,3
1491.1,0.14394,2.72917,7.57289,3
1491.2,0.14394,2.72923,7.57289,3
1491.3,0.14395,2.72929,7.57289,3
1491.4,0.14395,2.72936,7.57289,3
1491.5,0.14395,2.72943,7.57289,3
1491.6,0.14395,2.7295,7.57289,3
1491.7,0.14395,2.72957,7.57289,3
1491.8,0.14396,2.72964,7.5729,3
1491.9,0.14396,2.7297,7.5729,3
1492,0.14396,2.72977,7.5729,3
1492.1,0.14396,2.72983,7.5729,3
1492.2,0.14396,2.72989,7.5729,3
1492.3,0.14396,2.72996,7.5729,3
1492.4,0.14397,2.73004,7.5729,3
1492.5,0.14397,2.73011,7.5729,3
1492.6,0.14397,2.73017,7.5729,3
1492.7,0.14397,2.73022,7.5729,3
1492.8,0.14397,2.73028,7.5729,3
1492.9,0.14397,2.73033,7.5729,3
1493,0.14398,2.73038,7.5729,3
1493.1,0.14398,2.73044,7.5729,3
1493.2,0.14398,2.73051,7.5729,3
1493.3,0.14398,2.73058,7.5729,3
1493.4,0.14398,2.73065,7.57291,3
1493.5,0.14398,2.73073,7.57291,3
1493.6,0.14399,2.7308,7.57291,3
1493.7,0.14399,2.73086,7.57291,3
1493.8,0.14399,2.73092,7.57291,3
1493.9,0.14399,2.73098,7.57291,3
1494,0.14399,2.73104,7.57291,3
1494.1,0.144,2.7311,7.57291,3
1494.2,0.144,2.73116,7.57291,3
1494.3,0.144,2.73123,7.57291,3
1494.4,0.144,2.73131,7.57291,3
1494.5,0.144,2.73138,7.57291,3
1494.6,0.144,2.73145,7.57291,3
1494.7,0.14401,2.73152,7.57291,3
1494.8,0.14401,2.73159,7.57291,3
1494.9,0.14401,2.73166,7.57291,3
1495,0.14401,2.73172,7.57291,3
1495.1,0.14402,2.73179,7.57291,3
1495.2,0.14402,2.73186,7.57292,3
1495.3,0.14402,2.73193,7.57292,3
1495.4,0.14402,2.73201,7.57292,3
1495.5,0.14402,2.73209,7.57292,3
1495.6,0.14402,2.73217,7.57292,3
1495.7,0.14403,2.73224,7.57292,3
1495.8,0.14403,2.7323,7.57292,3
1495.9,0.14403,2.73236,7.57292,3
1496,0.14403,2.73242,7.57292,3
1496.1,0.14403,2.73248,7.57292,3
1496.2,0.14403,2.73254,7.57292,3
1496.3,0.14404,2.7326,7.57292,3
1496.4,0.14404,2.73267,7.57292,3
1496.5,0.14404,2.73274,7.57292,3
1496.6,0.14404,2.73282,7.57292,3
1496.7,0.14404,2.73289,7.57292,3
1496.8,0.14404,2.73296,7.57292,3
1496.9,0.14405,2.73303,7.57292,3
1497,0.14405,2.73309,7.57292,3
1497.1,0.14405,2.73316,7.57292,3
1497.2,0.14405,2.73322,7.57292,3
1497.3,0.14405,2.73329,7.57292,3
1497.4,0.14406,2.73336,7.57292,3
1497.5,0.14406,2.73343,7.57292,3
1497.6,0.14406,2.7335,7.57292,3
1497.7,0.14406,2.73356,7.57292,3
1497.8,0.14406,2.73363,7.57292,3
1497.9,0.14407,2.7337,7.57292,3
1498,0.14407,2.73378,7.57292,3
1498.1,0.14407,2.73386,7.57292,3
1498.2,0.14407,2.73392,7.57292,3
1498.3,0.14407,2.73399,7.57292,3
1498.4,0.14408,2.73405,7.57292,3
1498.5,0.14408,2.73412,7.57292,3
1498.6,0.14408,2.73418,7.57292,3
1498.7,0.14408,2.73424,7.57292,3
1498.8,0.14408,2.73429,7.57292,3
1498.9,0.14409,2.73433,7.57292,3
1499,0.14409,2.73438,7.57292,3
1499.1,0.14409,2.73442,7.57292,3
1499.2,0.14409,2.73446,7.57292,3
1499.3,0.1441,2.73451,7.57292,3
1499.4,0.1441,2.73455,7.57292,3
1499.5,0.1441,2.73461,7.57292,3
1499.6,0.1441,2.73466,7.57292,3
1499.7,0.14411,2.73472,7.57292,3
1499.8,0.14411,2.73477,7.57292,3
1499.9,0.14411,2.73482,7.57292,3
1500,0.14411,2.73487,7.57292,3
1500.1,0.14412,2.73492,7.57292,3
1500.2,0.14412,2.73499,7.57292,3
1500.3,0.14412,2.73505,7.57292,3
1500.4,0.14412,2.7351,7.57292,3
1500.5,0.14413,2.73516,7.57292,3
1500.6,0.14413,2.73521,7.57292,3
1500.7,0.14413,2.73526,7.57292,3
1500.8,0.14413,2.73531,7.57292,3
1500.9,0.14414,2.73536,7.57292,3
1501,0.14414,2.73542,7.57292,3
1501.1,0.14414,2.73548,7.57292,3
1501.2,0.14414,2.73555,7.57292,3
1501.3,0.14414,2.73561,7.57292,3
1501.4,0.14414,2.73566,7.57292,3
1501.5,0.14414,2.73572,7.57292,3
1501.6,0.14414,2.73577,7.57292,3
1501.7,0.14414,2.73583,7.57292,3
1501.8,0.14414,2.73589,7.57293,3
1501.9,0.14414,2.73596,7.57293,3
1502,0.14414,2.73602,7.57293,3
1502.1,0.14415,2.73608,7.57293,3
1502.2,0.14415,2.73614,7.57293,3
1502.3,0.14415,2.73619,7.57293,3
1502.4,0.14415,2.73625,7.57293,3
1502.5,0.14415,2.73631,7.57293,3
1502.6,0.14415,2.73638,7.57293,3
1502.7,0.14415,2.73645,7.57293,3
1502.8,0.14415,2.73652,7.57293,3
1502.9,0.14415,2.73657,7.57293,3
1503,0.14415,2.73661,7.57293,3
1503.1,0.14415,2.73666,7.57293,3
1503.2,0.14415,2.7367,7.57294,3
1503.3,0.14415,2.73674,7.57294,3
1503.4,0.14415,2.73679,7.57294,3
1503.5,0.14415,2.73685,7.57294,3
1503.6,0.14415,2.73691,7.57294,3
1503.7,0.14415,2.73697,7.57294,3
1503.8,0.14415,2.73702,7.57294,3
1503.9,0.14415,2.73706,7.57294,3
1504,0.14416,2.73711,7.57294,3
1504.1,0.14416,2.73716,7.57294,3
1504.2,0.14416,2.7372,7.57294,3
1504.3,0.14416,2.73725,7.57294,3
1504.4,0.14416,2.73729,7.57295,3
1504.5,0.14416,2.73735,7.57295,3
1504.6,0.14416,2.73741,7.57295,3
1504.7,0.14416,2.73747,7.57295,3
1504.8,0.14416,2.73753,7.57295,3
1504.9,0.14416,2.73759,7.57295,3
1505,0.14416,2.73764,7.57295,3
1505.1,0.14416,2.73769,7.57295,3
1505.2,0.14416,2.73774,7.57295,3
1505.3,0.14416,2.73779,7.57295,3
1505.4,0.14416,2.73785,7.57295,3
1505.5,0.14416,2.73792,7.57295,3
1505.6,0.14416,2.73798,7.57295,3
1505.7,0.14416,2.73804,7.57295,3
1505.8,0.14416,2.7381,7.57295,3
1505.9,0.14416,2.73815,7.57296,3
1506,0.14416,2.73821,7.57296,3
1506.1,0.14416,2.73827,7.57296,3
1506.2,0.14416,2.73833,7.57296,3
1506.3,0.14416,2.73839,7.57296,3
1506.4,0.14416,2.73845,7.57296,3
1506.5,0.14416,2.7385,7.57296,3
1506.6,0.14416,2.73856,7.57296,3
1506.7,0.14416,2.73861,7.57296,3
1506.8,0.14416,2.73867,7.57296,3
1506.9,0.14416,2.73874,7.57296,3
1507,0.14416,2.73881,7.57296,3
1507.1,0.14416,2.73886,7.57296,3
1507.2,0.14416,2.73892,7.57296,3
1507.3,0.14416,2.73897,7.57297,3
1507.4,0.14416,2.73901,7.57297,3
1507.5,0.14416,2.73905,7.57297,3
1507.6,0.14416,2.73909,7.57297,3
1507.7,0.14416,2.73913,7.57297,3
1507.8,0.14416,2.73918,7.57297,3
1507.9,0.14416,2.73924,7.57297,3
1508,0.14416,2.73929,7.57297,3
1508.1,0.14416,2.73935,7.57297,3
1508.2,0.14416,2.7394,7.57297,3
1508.3,0.14416,2.73945,7.57297,3
1508.4,0.14416,2.7395,7.57297,3
1508.5,0.14416,2.73955,7.57298,3
1508.6,0.14416,2.73959,7.57298,3
1508.7,0.14416,2.73964,7.57298,3
1508.8,0.14416,2.73969,7.57298,3
1508.9,0.14416,2.73976,7.57298,3
1509,0.14415,2.73982,7.57298,3
1509.1,0.14415,2.73987,7.57298,3
1509.2,0.14415,2.73992,7.57298,3
1509.3,0.14415,2.73997,7.57298,3
1509.4,0.14415,2.74002,7.57298,3
1509.5,0.14415,2.74007,7.57298,3
1509.6,0.14415,2.74012,7.57298,3
1509.7,0.14415,2.74019,7.57299,3
1509.8,0.14415,2.74026,7.57299,3
1509.9,0.14415,2.74033,7.57299,3
1510,0.14415,2.74039,7.57299,3
1510.1,0.14415,2.74045,7.57299,3
1510.2,0.14415,2.74051,7.57299,3
1510.3,0.14415,2.74057,7.57299,3
1510.4,0.14415,2.74063,7.57299,3
1510.5,0.14415,2.7407,7.57299,3
1510.6,0.14415,2.74076,7.57299,3
1510.7,0.14415,2.74082,7.573,3
1510.8,0.14415,2.74087,7.573,3
1510.9,0.14415,2.74092,7.573,3
1511,0.14415,2.74097,7.573,3
1511.1,0.14414,2.74101,7.573,3
1511.2,0.14414,2.74107,7.573,3
1511.3,0.14414,2.74112,7.573,3
1511.4,0.14414,2.74116,7.573,3
1511.5,0.14414,2.7412,7.573,3
1511.6,0.14414,2.74125,7.573,3
1511.7,0.14414,2.74129,7.573,3
1511.8,0.14414,2.74134,7.57301,3
1511.9,0.14414,2.74139,7.57301,3
1512,0.14414,2.74143,7.57301,3
1512.1,0.14414,2.74149,7.57301,3
1512.2,0.14414,2.74154,7.57301,3
1512.3,0.14414,2.74159,7.57301,3
1512.4,0.14414,2.74165,7.57301,3
1512.5,0.14414,2.7417,7.57301,3
1512.6,0.14414,2.74175,7.57301,3
1512.7,0.14414,2.7418,7.57301,3
1512.8,0.14414,2.74185,7.57301,3
1512.9,0.14414,2.7419,7.57302,3
1513,0.14414,2.74196,7.57302,3
1513.1,0.14414,2.74201,7.57302,3
1513.2,0.14414,2.74207,7.57302,3
1513.3,0.14414,2.74213,7.57302,3
1513.4,0.14414,2.7422,7.57302,3
1513.5,0.14414,2.74225,7.57302,3
1513.6,0.14414,2.7423,7.57302,3
1513.7,0.14414,2.74234,7.57302,3
1513.8,0.14414,2.74239,7.57302,3
1513.9,0.14414,2.74245,7.57302,3
1514,0.14414,2.7425,7.57302,3
1514.1,0.14414,2.74255,7.57302,3
1514.2,0.14414,2.7426,7.57302,3
1514.3,0.14414,2.74266,7.57302,3
1514.4,0.14414,2.74271,7.57302,3
1514.5,0.14414,2.74276,7.57303,3
1514.6,0.14414,2.74281,7.57303,3
1514.7,0.14414,2.74286,7.57303,3
1514.8,0.14414,2.74292,7.57303,3
1514.9,0.14414,2.74298,7.57303,3
1515,0.14414,2.74305,7.57303,3
1515.1,0.14414,2.7431,7.57303,3
1515.2,0.14414,2.74315,7.57303,3
1515.3,0.14414,2.74319,7.57303,3
1515.4,0.14414,2.74323,7.57303,3
1515.5,0.14414,2.74327,7.57303,3
1515.6,0.14414,2.74331,7.57303,3
1515.7,0.14414,2.74336,7.57303,3
1515.8,0.14414,2.7434,7.57303,3
1515.9,0.14414,2.74346,7.57304,3
1516,0.14414,2.74351,7.57304,3
1516.1,0.14414,2.74356,7.57304,3
1516.2,0.14414,2.7436,7.57304,3
1516.3,0.14414,2.74365,7.57304,3
1516.4,0.14414,2.7437,7.57304,3
1516.5,0.14414,2.74375,7.57304,3
1516.6,0.14414,2.7438,7.57304,3
1516.7,0.14414,2.74385,7.57304,3
1516.8,0.14414,2.74391,7.57304,3
1516.9,0.14414,2.74397,7.57304,3
1517,0.14414,2.74403,7.57304,3
1517.1,0.14414,2.74408,7.57304,3
1517.2,0.14414,2.74412,7.57304,3
1517.3,0.14414,2.74416,7.57304,3
1517.4,0.14414,2.7442,7.57305,3
1517.5,0.14414,2.74424,7.57305,3
1517.6,0.14415,2.74428,7.57305,3
1517.7,0.14415,2.74432,7.57305,3
1517.8,0.14415,2.74437,7.57305,3
1517.9,0.14414,2.74442,7.57305,3
1518,0.14414,2.74446,7.57305,3
1518.1,0.14414,2.7445,7.57305,3
1518.2,0.14414,2.74453,7.57305,3
1518.3,0.14414,2.74457,7.57305,3
1518.4,0.14414,2.7446,7.57305,3
1518.5,0.14414,2.74465,7.57305,3
1518.6,0.14414,2.74471,7.57305,3
1518.7,0.14414,2.74476,7.57305,3
1518.8,0.14414,2.74481,7.57305,3
1518.9,0.14414,2.74485,7.57305,3
1519,0.14414,2.74489,7.57305,3
1519.1,0.14414,2.74493,7.57305,3
1519.2,0.14414,2.74497,7.57305,3
1519.3,0.14413,2.74501,7.57306,3
1519.4,0.14413,2.74506,7.57306,3
1519.5,0.14413,2.7451,7.57306,3
1519.6,0.14413,2.74515,7.57306,3
1519.7,0.14413,2.74519,7.57306,3
1519.8,0.14413,2.74524,7.57306,3
1519.9,0.14413,2.74528,7.57306,3
1520,0.14413,2.74533,7.57306,3
1520.1,0.14413,2.74538,7.57306,3
1520.2,0.14413,2.74542,7.57306,3
1520.3,0.14413,2.74546,7.57306,3
1520.4,0.14413,2.74549,7.57306,3
1520.5,0.14413,2.74553,7.57306,3
1520.6,0.14413,2.74556,7.57307,3
1520.7,0.14413,2.74559,7.57307,3
1520.8,0.14413,2.74563,7.57307,3
1520.9,0.14413,2.74568,7.57307,3
1521,0.14413,2.74573,7.57307,3
1521.1,0.14413,2.74578,7.57307,3
1521.2,0.14413,2.74582,7.57307,3
1521.3,0.14412,2.74586,7.57307,3
1521.4,0.14412,2.7459,7.57307,3
1521.5,0.14412,2.74593,7.57307,3
1521.6,0.14412,2.74597,7.57307,3
1521.7,0.14412,2.74601,7.57307,3
1521.8,0.14412,2.74606,7.57308,3
1521.9,0.14412,2.7461,7.57308,3
1522,0.14412,2.74614,7.57308,3
1522.1,0.14412,2.74618,7.57308,3
1522.2,0.14412,2.74622,7.57308,3
1522.3,0.14412,2.74626,7.57308,3
1522.4,0.14412,2.74631,7.57308,3
1522.5,0.14412,2.74636,7.57308,3
1522.6,0.14412,2.74642,7.57308,3
1522.7,0.14411,2.74647,7.57308,3
1522.8,0.14411,2.74652,7.57308,3
1522.9,0.14411,2.74656,7.57309,3
1523,0.14411,2.74661,7.57309,3
1523.1,0.14411,2.74664,7.57309,3
1523.2,0.14411,2.74668,7.57309,3
1523.3,0.14411,2.74671,7.57309,3
1523.4,0.14411,2.74675,7.57309,3
1523.5,0.14411,2.74679,7.57309,3
1523.6,0.14411,2.74683,7.57309,3
1523.7,0.14411,2.74686,7.57309,3
1523.8,0.14411,2.7469,7.5731,3
1523.9,0.1441,2.74693,7.5731,3
1524,0.1441,2.74696,7.5731,3
1524.1,0.1441,2.74699,7.5731,3
1524.2,0.1441,2.74702,7.5731,3
1524.3,0.1441,2.74706,7.5731,3
1524.4,0.1441,2.74709,7.5731,3
1524.5,0.1441,2.74713,7.5731,3
1524.6,0.1441,2.74716,7.5731,3
1524.7,0.1441,2.7472,7.57311,3
1524.8,0.1441,2.74723,7.57311,3
1524.9,0.1441,2.74728,7.57311,3
1525,0.1441,2.74733,7.57311,3
1525.1,0.1441,2.74737,7.57311,3
1525.2,0.14409,2.74742,7.57311,3
1525.3,0.14409,2.74747,7.57311,3
1525.4,0.14409,2.74752,7.57311,3
1525.5,0.14409,2.74757,7.57311,3
1525.6,0.14409,2.74761,7.57311,3
1525.7,0.14409,2.74765,7.57312,3
1525.8,0.14408,2.74768,7.57312,3
1525.9,0.14408,2.74772,7.57312,3
1526,0.14408,2.74775,7.57312,3
1526.1,0.14408,2.74778,7.57312,3
1526.2,0.14408,2.74782,7.57312,3
1526.3,0.14408,2.74785,7.57312,3
1526.4,0.14408,2.74788,7.57312,3
1526.5,0.14408,2.74791,7.57312,3
1526.6,0.14408,2.74794,7.57313,3
1526.7,0.14407,2.74797,7.57313,3
1526.8,0.14407,2.748,7.57313,3
1526.9,0.14407,2.74803,7.57313,3
1527,0.14407,2.74807,7.57313,3
1527.1,0.14407,2.7481,7.57313,3
1527.2,0.14407,2.74813,7.57313,3
1527.3,0.14407,2.74817,7.57313,3
1527.4,0.14407,2.74821,7.57313,3
1527.5,0.14407,2.74826,7.57313,3
1527.6,0.14407,2.74831,7.57314,3
1527.7,0.14407,2.74835,7.57314,3
1527.8,0.14406,2.74839,7.57314,3
1527.9,0.14406,2.74843,7.57314,3
1528,0.14406,2.74847,7.57314,3
1528.1,0.14406,2.74851,7.57314,3
1528.2,0.14406,2.74855,7.57314,3
1528.3,0.14406,2.74861,7.57314,3
1528.4,0.14406,2.74866,7.57314,3
1528.5,0.14405,2.74871,7.57315,3
1528.6,0.14405,2.74876,7.57315,3
1528.7,0.14405,2.7488,7.57315,3
1528.8,0.14405,2.74884,7.57315,3
1528.9,0.14405,2.74887,7.57315,3
1529,0.14405,2.7489,7.57315,3
1529.1,0.14405,2.74894,7.57315,3
1529.2,0.14405,2.74898,7.57315,3
1529.3,0.14405,2.74902,7.57315,3
1529.4,0.14405,2.74904,7.57316,3
1529.5,0.14405,2.74907,7.57316,3
1529.6,0.14405,2.7491,7.57316,3
1529.7,0.14404,2.74913,7.57316,3
1529.8,0.14404,2.74917,7.57316,3
1529.9,0.14404,2.7492,7.57316,3
1530,0.14404,2.74924,7.57316,3
1530.1,0.14404,2.74929,7.57316,3
1530.2,0.14404,2.74933,7.57316,3
1530.3,0.14404,2.74936,7.57317,3
1530.4,0.14404,2.7494,7.57317,3
1530.5,0.14404,2.74943,7.57317,3
1530.6,0.14404,2.74946,7.57317,3
1530.7,0.14404,2.7495,7.57317,3
1530.8,0.14404,2.74954,7.57317,3
1530.9,0.14404,2.74959,7.57317,3
1531,0.14404,2.74964,7.57317,3
1531.1,0.14404,2.74969,7.57318,3
1531.2,0.14404,2.74973,7.57318,3
1531.3,0.14404,2.74977,7.57318,3
1531.4,0.14404,2.7498,7.57318,3
1531.5,0.14404,2.74985,7.57318,3
1531.6,0.14403,2.7499,7.57318,3
1531.7,0.14403,2.74995,7.57318,3
1531.8,0.14403,2.75,7.57318,3
1531.9,0.14403,2.75005,7.57319,3
1532,0.14403,2.7501,7.57319,3
1532.1,0.14403,2.75013,7.57319,3
1532.2,0.14403,2.75016,7.57319,3
1532.3,0.14403,2.75019,7.57319,3
1532.4,0.14403,2.75021,7.57319,3
1532.5,0.14403,2.75025,7.57319,3
1532.6,0.14403,2.75029,7.57319,3
1532.7,0.14403,2.75033,7.5732,3
1532.8,0.14403,2.75037,7.5732,3
1532.9,0.14402,2.7504,7.5732,3
1533,0.14402,2.75044,7.5732,3
1533.1,0.14402,2.75047,7.5732,3
1533.2,0.14402,2.7505,7.5732,3
1533.3,0.14402,2.75054,7.5732,3
1533.4,0.14402,2.75058,7.5732,3
1533.5,0.14402,2.75062,7.57321,3
1533.6,0.14402,2.75066,7.57321,3
1533.7,0.14402,2.7507,7.57321,3
1533.8,0.14402,2.75073,7.57321,3
1533.9,0.14402,2.75077,7.57321,3
1534,0.14402,2.7508,7.57321,3
1534.1,0.14402,2.75084,7.57321,3
1534.2,0.14402,2.75088,7.57321,3
1534.3,0.14402,2.75092,7.57321,3
1534.4,0.14402,2.75096,7.57322,3
1534.5,0.14401,2.751,7.57322,3
1534.6,0.14401,2.75105,7.57322,3
1534.7,0.14401,2.75109,7.57322,3
1534.8,0.14401,2.75114,7.57322,3
1534.9,0.14401,2.75117,7.57322,3
1535,0.14401,2.75121,7.57322,3
1535.1,0.14401,2.75124,7.57322,3
1535.2,0.14401,2.75127,7.57323,3
1535.3,0.14401,2.7513,7.57323,3
1535.4,0.14401,2.75133,7.57323,3
1535.5,0.14401,2.75136,7.57323,3
1535.6,0.14401,2.7514,7.57323,3
1535.7,0.14401,2.75144,7.57323,3
1535.8,0.14401,2.75147,7.57323,3
1535.9,0.14401,2.75151,7.57323,3
1536,0.14401,2.75154,7.57324,3
1536.1,0.14401,2.75157,7.57324,3
1536.2,0.14401,2.75161,7.57324,3
1536.3,0.14401,2.75166,7.57324,3
1536.4,0.14401,2.7517,7.57324,3
1536.5,0.14401,2.75174,7.57324,3
1536.6,0.14401,2.75178,7.57324,3
1536.7,0.14401,2.75181,7.57324,3
1536.8,0.144,2.75185,7.57325,3
1536.9,0.144,2.75189,7.57325,3
1537,0.144,2.75194,7.57325,3
1537.1,0.144,2.75199,7.57325,3
1537.2,0.144,2.75204,7.57325,3
1537.3,0.144,2.75209,7.57325,3
1537.4,0.144,2.75213,7.57325,3
1537.5,0.144,2.75217,7.57325,3
1537.6,0.144,2.75219,7.57326,3
1537.7,0.144,2.75222,7.57326,3
1537.8,0.144,2.75225,7.57326,3
1537.9,0.144,2.75229,7.57326,3
1538,0.144,2.75233,7.57326,3
1538.1,0.144,2.75236,7.57326,3
1538.2,0.144,2.75239,7.57326,3
1538.3,0.144,2.75242,7.57326,3
1538.4,0.144,2.75244,7.57327,3
1538.5,0.144,2.75248,7.57327,3
1538.6,0.144,2.75252,7.57327,3
1538.7,0.144,2.75255,7.57327,3
1538.8,0.144,2.75259,7.57327,3
1538.9,0.144,2.75263,7.57327,3
1539,0.144,2.75266,7.57327,3
1539.1,0.144,2.75269,7.57327,3
1539.2,0.144,2.75272,7.57328,3
1539.3,0.144,2.75276,7.57328,3
1539.4,0.144,2.7528,7.57328,3
1539.5,0.144,2.75285,7.57328,3
1539.6,0.144,2.75289,7.57328,3
1539.7,0.144,2.75294,7.57328,3
1539.8,0.144,2.75298,7.57328,3
1539.9,0.144,2.75302,7.57328,3
1540,0.144,2.75306,7.57329,3
1540.1,0.144,2.75309,7.57329,3
1540.2,0.144,2.75313,7.57329,3
1540.3,0.144,2.75318,7.57329,3
1540.4,0.144,2.75322,7.57329,3
1540.5,0.144,2.75325,7.57329,3
1540.6,0.144,2.75328,7.57329,3
1540.7,0.144,2.75331,7.57329,3
1540.8,0.144,2.75333,7.5733,3
1540.9,0.144,2.75335,7.5733,3
1541,0.144,2.75337,7.5733,3
1541.1,0.144,2.7534,7.5733,3
1541.2,0.144,2.75344,7.5733,3
1541.3,0.144,2.75347,7.5733,3
1541.4,0.144,2.7535,7.5733,3
1541.5,0.144,2.75354,7.5733,3
1541.6,0.144,2.75358,7.57331,3
1541.7,0.144,2.75361,7.57331,3
1541.8,0.144,2.75364,7.57331,3
1541.9,0.144,2.75367,7.57331,3
1542,0.144,2.75372,7.57331,3
1542.1,0.144,2.75376,7.57331,3
1542.2,0.144,2.7538,7.57331,3
1542.3,0.144,2.75384,7.57331,3
1542.4,0.144,2.75387,7.57332,3
1542.5,0.144,2.7539,7.57332,3
1542.6,0.144,2.75394,7.57332,3
1542.7,0.14399,2.75398,7.57332,3
1542.8,0.144,2.75403,7.57332,3
1542.9,0.144,2.75407,7.57332,3
1543,0.144,2.7541,7.57332,3
1543.1,0.144,2.75414,7.57332,3
1543.2,0.144,2.75417,7.57332,3
1543.3,0.14399,2.75421,7.57333,3
1543.4,0.14399,2.75425,7.57333,3
1543.5,0.14399,2.75428,7.57333,3
1543.6,0.14399,2.75431,7.57333,3
1543.7,0.14399,2.75433,7.57333,3
1543.8,0.14399,2.75435,7.57333,3
1543.9,0.14399,2.75438,7.57333,3
1544,0.14399,2.75441,7.57333,3
1544.1,0.14399,2.75444,7.57334,3
1544.2,0.14399,2.75447,7.57334,3
1544.3,0.14399,2.7545,7.57334,3
1544.4,0.14399,2.75453,7.57334,3
1544.5,0.144,2.75455,7.57334,3
1544.6,0.144,2.75458,7.57334,3
1544.7,0.144,2.75461,7.57334,3
1544.8,0.144,2.75466,7.57334,3
1544.9,0.144,2.7547,7.57335,3
1545,0.144,2.75474,7.57335,3
1545.1,0.144,2.75478,7.57335,3
1545.2,0.144,2.75481,7.57335,3
1545.3,0.144,2.75484,7.57335,3
1545.4,0.144,2.75489,7.57335,3
1545.5,0.144,2.75492,7.57335,3
1545.6,0.144,2.75494,7.57335,3
1545.7,0.144,2.75496,7.57336,3
1545.8,0.144,2.75498,7.57336,3
1545.9,0.144,2.755,7.57336,3
1546,0.144,2.75503,7.57336,3
1546.1,0.144,2.75506,7.57336,3
1546.2,0.144,2.7551,7.57336,3
1546.3,0.144,2.75513,7.57336,3
1546.4,0.14401,2.75516,7.57336,3
1546.5,0.14401,2.7552,7.57337,3
1546.6,0.14401,2.75523,7.57337,3
1546.7,0.14401,2.75526,7.57337,3
1546.8,0.14401,2.75528,7.57337,3
1546.9,0.14401,2.75531,7.57337,3
1547,0.14401,2.75533,7.57337,3
1547.1,0.14401,2.75535,7.57337,3
1547.2,0.14401,2.75537,7.57337,3
1547.3,0.14401,2.7554,7.57337,3
1547.4,0.14401,2.75543,7.57338,3
1547.5,0.14401,2.75545,7.57338,3
1547.6,0.14401,2.75549,7.57338,3
1547.7,0.14401,2.75553,7.57338,3
1547.8,0.14401,2.75557,7.57338,3
1547.9,0.14401,2.7556,7.57338,3
1548,0.14401,2.75563,7.57338,3
1548.1,0.14401,2.75566,7.57338,3
1548.2,0.14402,2.75569,7.57339,3
1548.3,0.14402,2.75571,7.57339,3
1548.4,0.14402,2.75573,7.57339,3
1548.5,0.14402,2.75575,7.57339,3
1548.6,0.14402,2.75576,7.57339,3
1548.7,0.14402,2.75578,7.57339,3
1548.8,0.14402,2.75581,7.57339,3
1548.9,0.14402,2.75584,7.57339,3
1549,0.14402,2.75588,7.57339,3
1549.1,0.14402,2.75591,7.5734,3
1549.2,0.14402,2.75594,7.5734,3
1549.3,0.14402,2.75597,7.5734,3
1549.4,0.14402,2.75601,7.5734,3
1549.5,0.14402,2.75603,7.5734,3
1549.6,0.14402,2.75605,7.5734,3
1549.7,0.14402,2.75608,7.5734,3
1549.8,0.14402,2.75611,7.5734,3
1549.9,0.14403,2.75614,7.57341,3
1550,0.14403,2.75618,7.57341,3
1550.1,0.14403,2.75622,7.57341,3
1550.2,0.14403,2.75626,7.57341,3
1550.3,0.14403,2.7563,7.57341,3
1550.4,0.14403,2.75633,7.57341,3
1550.5,0.14403,2.75636,7.57341,3
1550.6,0.14403,2.75639,7.57341,3
1550.7,0.14403,2.75643,7.57342,3
1550.8,0.14403,2.75648,7.57342,3
1550.9,0.14404,2.75652,7.57342,3
1551,0.14404,2.75657,7.57342,3
1551.1,0.14404,2.75662,7.57342,3
1551.2,0.14404,2.75666,7.57342,3
1551.3,0.14404,2.7567,7.57342,3
1551.4,0.14404,2.75672,7.57342,3
1551.5,0.14404,2.75673,7.57342,3
1551.6,0.14404,2.75676,7.57343,3
1551.7,0.14404,2.7568,7.57343,3
1551.8,0.14404,2.75682,7.57343,3
1551.9,0.14404,2.75685,7.57343,3
1552,0.14404,2.75687,7.57343,3
1552.1,0.14405,2.75689,7.57343,3
1552.2,0.14405,2.75692,7.57343,3
1552.3,0.14405,2.75695,7.57343,3
1552.4,0.14405,2.75699,7.57344,3
1552.5,0.14405,2.75702,7.57344,3
1552.6,0.14405,2.75706,7.57344,3
1552.7,0.14405,2.7571,7.57344,3
1552.8,0.14405,2.75713,7.57344,3
1552.9,0.14406,2.75716,7.57344,3
1553,0.14406,2.75719,7.57344,3
1553.1,0.14406,2.75722,7.57344,3
1553.2,0.14406,2.75725,7.57345,3
1553.3,0.14406,2.75728,7.57345,3
1553.4,0.14406,2.75732,7.57345,3
1553.5,0.14406,2.75736,7.57345,3
1553.6,0.14406,2.7574,7.57345,3
1553.7,0.14406,2.75745,7.57345,3
1553.8,0.14406,2.75749,7.57345,3
1553.9,0.14407,2.75752,7.57345,3
1554,0.14407,2.75755,7.57346,3
1554.1,0.14407,2.7576,7.57346,3
1554.2,0.14407,2.75765,7.57346,3
1554.3,0.14407,2.7577,7.57346,3
1554.4,0.14408,2.75775,7.57346,3
1554.5,0.14408,2.7578,7.57346,3
1554.6,0.14408,2.75784,7.57346,3
1554.7,0.14408,2.75789,7.57346,3
1554.8,0.14408,2.75794,7.57347,3
1554.9,0.14408,2.75797,7.57347,3
1555,0.14408,2.75799,7.57347,3
1555.1,0.14408,2.75801,7.57347,3
1555.2,0.14408,2.75802,7.57347,3
1555.3,0.14409,2.75804,7.57347,3
1555.4,0.14409,2.75807,7.57347,3
1555.5,0.14409,2.75812,7.57347,3
1555.6,0.14409,2.75816,7.57348,3
1555.7,0.14409,2.7582,7.57348,3
1555.8,0.14409,2.75823,7.57348,3
1555.9,0.14409,2.75826,7.57348,3
1556,0.1441,2.75829,7.57348,3
1556.1,0.1441,2.75832,7.57348,3
1556.2,0.1441,2.75835,7.57348,3
1556.3,0.1441,2.75839,7.57348,3
1556.4,0.1441,2.75842,7.57348,3
1556.5,0.1441,2.75845,7.57349,3
1556.6,0.1441,2.75848,7.57349,3
1556.7,0.1441,2.75853,7.57349,3
1556.8,0.1441,2.75857,7.57349,3
1556.9,0.14411,2.75861,7.57349,3
1557,0.14411,2.75865,7.57349,3
1557.1,0.14411,2.75868,7.57349,3
1557.2,0.14411,2.75872,7.57349,3
1557.3,0.14411,2.75876,7.5735,3
1557.4,0.14411,2.7588,7.5735,3
1557.5,0.14411,2.75884,7.5735,3
1557.6,0.14411,2.75888,7.5735,3
1557.7,0.14411,2.75893,7.5735,3
1557.8,0.14411,2.75898,7.5735,3
1557.9,0.14411,2.75901,7.5735,3
1558,0.14411,2.75903,7.5735,3
1558.1,0.14411,2.75906,7.57351,3
1558.2,0.14412,2.75908,7.57351,3
1558.3,0.14411,2.75911,7.57351,3
1558.4,0.14412,2.75915,7.57351,3
1558.5,0.14412,2.75919,7.57351,3
1558.6,0.14412,2.75922,7.57351,3
1558.7,0.14412,2.75925,7.57351,3
1558.8,0.14412,2.75928,7.57351,3
1558.9,0.14412,2.75931,7.57352,3
1559,0.14412,2.75934,7.57352,3
1559.1,0.14412,2.75939,7.57352,3
1559.2,0.14412,2.75943,7.57352,3
1559.3,0.14412,2.75948,7.57352,3
1559.4,0.14412,2.75953,7.57352,3
1559.5,0.14412,2.75957,7.57352,3
1559.6,0.14412,2.75961,7.57352,3
1559.7,0.14412,2.75965,7.57353,3
1559.8,0.14412,2.75969,7.57353,3
1559.9,0.14412,2.75972,7.57353,3
1560,0.14412,2.75977,7.57353,3
1560.1,0.14412,2.75983,7.57353,3
1560.2,0.14412,2.75989,7.57353,3
1560.3,0.14412,2.75994,7.57353,3
1560.4,0.14412,2.75998,7.57353,3
1560.5,0.14412,2.76002,7.57354,3
1560.6,0.14412,2.76007,7.57354,3
1560.7,0.14413,2.7601,7.57354,3
1560.8,0.14413,2.76013,7.57354,3
1560.9,0.14413,2.76016,7.57354,3
1561,0.14413,2.76018,7.57354,3
1561.1,0.14413,2.76021,7.57354,3
1561.2,0.14413,2.76024,7.57354,3
1561.3,0.14413,2.76027,7.57355,3
1561.4,0.14413,2.7603,7.57355,3
1561.5,0.14413,2.76033,7.57355,3
1561.6,0.14413,2.76037,7.57355,3
1561.7,0.14413,2.76042,7.57355,3
1561.8,0.14413,2.76047,7.57355,3
1561.9,0.14413,2.76052,7.57355,3
1562,0.14413,2.76057,7.57355,3
1562.1,0.14413,2.76063,7.57356,3
1562.2,0.14413,2.76068,7.57356,3
1562.3,0.14413,2.76073,7.57356,3
1562.4,0.14413,2.76077,7.57356,3
1562.5,0.14413,2.76081,7.57356,3
1562.6,0.14413,2.76086,7.57356,3
1562.7,0.14414,2.76092,7.57356,3
1562.8,0.14414,2.76097,7.57356,3
1562.9,0.14414,2.76103,7.57356,3
1563,0.14414,2.76109,7.57357,3
1563.1,0.14414,2.76114,7.57357,3
1563.2,0.14414,2.76117,7.57357,3
1563.3,0.14414,2.7612,7.57357,3
1563.4,0.14414,2.76123,7.57357,3
1563.5,0.14415,2.76125,7.57357,3
1563.6,0.14415,2.76129,7.57357,3
1563.7,0.14415,2.76132,7.57358,3
1563.8,0.14415,2.76135,7.57358,3
1563.9,0.14415,2.76138,7.57358,3
1564,0.14415,2.76142,7.57358,3
1564.1,0.14415,2.76146,7.57358,3
1564.2,0.14416,2.7615,7.57358,3
1564.3,0.14416,2.76155,7.57358,3
1564.4,0.14416,2.7616,7.57358,3
1564.5,0.14416,2.76165,7.57359,3
1564.6,0.14416,2.76169,7.57359,3
1564.7,0.14416,2.76173,7.57359,3
1564.8,0.14417,2.76177,7.57359,3
1564.9,0.14417,2.76181,7.57359,3
1565,0.14417,2.76186,7.57359,3
1565.1,0.14417,2.76191,7.57359,3
1565.2,0.14417,2.76197,7.5736,3
1565.3,0.14417,2.76201,7.5736,3
1565.4,0.14418,2.76205,7.5736,3
1565.5,0.14418,2.76208,7.5736,3
1565.6,0.14418,2.76211,7.5736,3
1565.7,0.14418,2.76214,7.5736,3
1565.8,0.14418,2.76219,7.5736,3
1565.9,0.14419,2.76224,7.5736,3
1566,0.14419,2.76228,7.57361,3
1566.1,0.14419,2.76232,7.57361,3
1566.2,0.14419,2.76235,7.57361,3
1566.3,0.14419,2.76239,7.57361,3
1566.4,0.1442,2.76243,7.57361,3
1566.5,0.1442,2.76246,7.57361,3
1566.6,0.1442,2.76249,7.57361,3
1566.7,0.1442,2.76252,7.57361,3
1566.8,0.1442,2.76255,7.57362,3
1566.9,0.14421,2.76258,7.57362,3
1567,0.14421,2.76263,7.57362,3
1567.1,0.14421,2.76266,7.57362,3
1567.2,0.14421,2.7627,7.57362,3
1567.3,0.14421,2.76273,7.57362,3
1567.4,0.14421,2.76277,7.57362,3
1567.5,0.14421,2.76282,7.57363,3
1567.6,0.14422,2.76287,7.57363,3
1567.7,0.14422,2.76292,7.57363,3
1567.8,0.14422,2.76297,7.57363,3
1567.9,0.14422,2.76301,7.57363,3
1568,0.14422,2.76305,7.57363,3
1568.1,0.14422,2.76309,7.57363,3
1568.2,0.14423,2.76313,7.57364,3
1568.3,0.14423,2.76318,7.57364,3
1568.4,0.14423,2.76322,7.57364,3
1568.5,0.14423,2.76326,7.57364,3
1568.6,0.14423,2.76331,7.57364,3
1568.7,0.14423,2.76335,7.57364,3
1568.8,0.14424,2.76339,7.57364,3
1568.9,0.14424,2.76343,7.57365,3
1569,0.14424,2.76346,7.57365,3
1569.1,0.14424,2.76348,7.57365,3
1569.2,0.14425,2.76352,7.57365,3
1569.3,0.14425,2.76355,7.57365,3
1569.4,0.14425,2.76359,7.57365,3
1569.5,0.14425,2.76361,7.57365,3
1569.6,0.14425,2.76365,7.57365,3
1569.7,0.14426,2.7637,7.57366,3
1569.8,0.14426,2.76376,7.57366,3
1569.9,0.14426,2.7638,7.57366,3
1570,0.14426,2.76384,7.57366,3
1570.1,0.14426,2.76388,7.57366,3
1570.2,0.14427,2.76391,7.57366,3
1570.3,0.14427,2.76395,7.57366,3
1570.4,0.14427,2.76399,7.57367,3
1570.5,0.14427,2.76404,7.57367,3
1570.6,0.14427,2.76408,7.57367,3
1570.7,0.14428,2.76411,7.57367,3
1570.8,0.14428,2.76414,7.57367,3
1570.9,0.14428,2.76417,7.57367,3
1571,0.14428,2.7642,7.57368,3
1571.1,0.14429,2.76425,7.57368,3
1571.2,0.14429,2.76428,7.57368,3
1571.3,0.14429,2.76432,7.57368,3
1571.4,0.1443,2.76435,7.57368,3
1571.5,0.1443,2.76438,7.57368,3
1571.6,0.1443,2.76443,7.57368,3
1571.7,0.14431,2.76448,7.57369,3
1571.8,0.14431,2.76453,7.57369,3
1571.9,0.14431,2.76458,7.57369,3
1572,0.14432,2.76464,7.57369,3
1572.1,0.14432,2.76468,7.57369,3
1572.2,0.14432,2.76472,7.57369,3
1572.3,0.14432,2.76475,7.57369,3
1572.4,0.14432,2.76477,7.57369,3
1572.5,0.14433,2.76481,7.5737,3
1572.6,0.14433,2.76485,7.5737,3
1572.7,0.14433,2.7649,7.5737,3
1572.8,0.14433,2.76494,7.5737,3
1572.9,0.14433,2.76498,7.5737,3
1573,0.14434,2.76501,7.5737,3
1573.1,0.14434,2.76505,7.57371,3
1573.2,0.14434,2.76509,7.57371,3
1573.3,0.14434,2.76514,7.57371,3
1573.4,0.14435,2.76519,7.57371,3
1573.5,0.14435,2.76524,7.57371,3
1573.6,0.14435,2.76529,7.57371,3
1573.7,0.14435,2.76534,7.57371,3
1573.8,0.14435,2.76538,7.57372,3
1573.9,0.14436,2.76542,7.57372,3
1574,0.14436,2.76546,7.57372,3
1574.1,0.14436,2.7655,7.57372,3
1574.2,0.14436,2.76554,7.57372,3
1574.3,0.14436,2.76559,7.57372,3
1574.4,0.14437,2.76563,7.57372,3
1574.5,0.14437,2.76567,7.57373,3
1574.6,0.14437,2.7657,7.57373,3
1574.7,0.14437,2.76573,7.57373,3
1574.8,0.14438,2.76576,7.57373,3
1574.9,0.14438,2.76581,7.57373,3
1575,0.14438,2.76584,7.57373,3
1575.1,0.14438,2.76588,7.57373,3
1575.2,0.14438,2.76591,7.57374,3
1575.3,0.14439,2.76593,7.57374,3
1575.4,0.14439,2.76596,7.57374,3
1575.5,0.14439,2.766,7.57374,3
1575.6,0.14439,2.76605,7.57374,3
1575.7,0.14439,2.76609,7.57374,3
1575.8,0.14439,2.76614,7.57374,3
1575.9,0.14439,2.76618,7.57375,3
1576,0.14439,2.76622,7.57375,3
1576.1,0.1444,2.76625,7.57375,3
1576.2,0.1444,2.76629,7.57375,3
1576.3,0.1444,2.76632,7.57375,3
1576.4,0.1444,2.76636,7.57375,3
1576.5,0.1444,2.76641,7.57375,3
1576.6,0.1444,2.76646,7.57376,3
1576.7,0.14441,2.76651,7.57376,3
1576.8,0.14441,2.76656,7.57376,3
1576.9,0.14441,2.7666,7.57376,3
1577,0.14441,2.76664,7.57376,3
1577.1,0.14441,2.76667,7.57376,3
1577.2,0.14442,2.7667,7.57377,3
1577.3,0.14442,2.76674,7.57377,3
1577.4,0.14442,2.76679,7.57377,3
1577.5,0.14442,2.76683,7.57377,3
1577.6,0.14442,2.76687,7.57377,3
1577.7,0.14443,2.7669,7.57377,3
1577.8,0.14443,2.76695,7.57377,3
1577.9,0.14443,2.767,7.57378,3
1578,0.14444,2.76705,7.57378,3
1578.1,0.14444,2.7671,7.57378,3
1578.2,0.14444,2.76716,7.57378,3
1578.3,0.14444,2.76721,7.57378,3
1578.4,0.14444,2.76725,7.57378,3
1578.5,0.14444,2.76728,7.57378,3
1578.6,0.14445,2.76731,7.57379,3
1578.7,0.14445,2.76733,7.57379,3
1578.8,0.14445,2.76737,7.57379,3
1578.9,0.14445,2.76742,7.57379,3
1579,0.14445,2.76746,7.57379,3
1579.1,0.14445,2.76751,7.57379,3
1579.2,0.14446,2.76756,7.57379,3
1579.3,0.14446,2.7676,7.5738,3
1579.4,0.14446,2.76764,7.5738,3
1579.5,0.14446,2.76767,7.5738,3
1579.6,0.14446,2.76771,7.5738,3
1579.7,0.14447,2.76775,7.5738,3
1579.8,0.14447,2.76779,7.5738,3
1579.9,0.14447,2.76784,7.5738,3
1580,0.14447,2.76789,7.57381,3
1580.1,0.14447,2.76795,7.57381,3
1580.2,0.14448,2.768,7.57381,3
1580.3,0.14448,2.76806,7.57381,3
1580.4,0.14448,2.76811,7.57381,3
1580.5,0.14448,2.76815,7.57381,3
1580.6,0.14448,2.7682,7.57381,3
1580.7,0.14448,2.76825,7.57382,3
1580.8,0.14448,2.7683,7.57382,3
1580.9,0.14449,2.76836,7.57382,3
1581,0.14449,2.76841,7.57382,3
1581.1,0.14449,2.76847,7.57382,3
1581.2,0.14449,2.76852,7.57382,3
1581.3,0.1445,2.76856,7.57382,3
1581.4,0.1445,2.7686,7.57383,3
1581.5,0.1445,2.76864,7.57383,3
1581.6,0.1445,2.76869,7.57383,3
1581.7,0.1445,2.76874,7.57383,3
1581.8,0.14451,2.76879,7.57383,3
1581.9,0.14451,2.76885,7.57383,3
1582,0.14451,2.76892,7.57383,3
1582.1,0.14451,2.76898,7.57384,3
1582.2,0.14451,2.76904,7.57384,3
1582.3,0.14452,2.76911,7.57384,3
1582.4,0.14452,2.76917,7.57384,3
1582.5,0.14452,2.76923,7.57384,3
1582.6,0.14452,2.76928,7.57384,3
1582.7,0.14452,2.76934,7.57384,3
1582.8,0.14452,2.76939,7.57385,3
1582.9,0.14453,2.76945,7.57385,3
1583,0.14453,2.76951,7.57385,3
1583.1,0.14453,2.76958,7.57385,3
1583.2,0.14453,2.76963,7.57385,3
1583.3,0.14454,2.76968,7.57385,3
1583.4,0.14454,2.76972,7.57386,3
1583.5,0.14454,2.76976,7.57386,3
1583.6,0.14454,2.76979,7.57386,3
1583.7,0.14454,2.76983,7.57386,3
1583.8,0.14455,2.76987,7.57386,3
1583.9,0.14455,2.76993,7.57386,3
1584,0.14455,2.77,7.57386,3
1584.1,0.14455,2.77006,7.57387,3
1584.2,0.14456,2.77011,7.57387,3
1584.3,0.14456,2.77017,7.57387,3
1584.4,0.14456,2.77023,7.57387,3
1584.5,0.14456,2.77029,7.57387,3
1584.6,0.14456,2.77035,7.57387,3
1584.7,0.14456,2.7704,7.57387,3
1584.8,0.14457,2.77046,7.57388,3
1584.9,0.14457,2.77051,7.57388,3
1585,0.14457,2.77056,7.57388,3
1585.1,0.14457,2.77061,7.57388,3
1585.2,0.14457,2.77066,7.57388,3
1585.3,0.14458,2.77071,7.57388,3
1585.4,0.14458,2.77076,7.57389,3
1585.5,0.14458,2.77081,7.57389,3
1585.6,0.14458,2.77087,7.57389,3
1585.7,0.14458,2.77092,7.57389,3
1585.8,0.14458,2.77099,7.57389,3
1585.9,0.14458,2.77104,7.57389,3
1586,0.14458,2.7711,7.57389,3
1586.1,0.14459,2.77114,7.5739,3
1586.2,0.14459,2.77119,7.5739,3
1586.3,0.14459,2.77123,7.5739,3
1586.4,0.14459,2.77127,7.5739,3
1586.5,0.1446,2.77131,7.5739,3
1586.6,0.1446,2.77135,7.5739,3
1586.7,0.1446,2.7714,7.57391,3
1586.8,0.1446,2.77146,7.57391,3
1586.9,0.1446,2.77152,7.57391,3
1587,0.1446,2.77158,7.57391,3
1587.1,0.1446,2.77164,7.57391,3
1587.2,0.1446,2.7717,7.57391,3
1587.3,0.14461,2.77175,7.57392,3
1587.4,0.14461,2.77181,7.57392,3
1587.5,0.14461,2.77187,7.57392,3
1587.6,0.14461,2.77192,7.57392,3
1587.7,0.14461,2.77197,7.57392,3
1587.8,0.14461,2.77203,7.57392,3
1587.9,0.14461,2.77209,7.57392,3
1588,0.14462,2.77216,7.57393,3
1588.1,0.14462,2.77223,7.57393,3
1588.2,0.14462,2.77229,7.57393,3
1588.3,0.14462,2.77235,7.57393,3
1588.4,0.14462,2.77241,7.57393,3
1588.5,0.14462,2.77246,7.57393,3
1588.6,0.14462,2.77252,7.57394,3
1588.7,0.14462,2.77258,7.57394,3
1588.8,0.14462,2.77263,7.57394,3
1588.9,0.14462,2.77268,7.57394,3
1589,0.14462,2.77273,7.57394,3
1589.1,0.14463,2.77278,7.57394,3
1589.2,0.14463,2.77284,7.57394,3
1589.3,0.14463,2.77289,7.57395,3
1589.4,0.14463,2.77294,7.57395,3
1589.5,0.14463,2.77299,7.57395,3
1589.6,0.14463,2.77303,7.57395,3
1589.7,0.14463,2.77308,7.57395,3
1589.8,0.14463,2.77313,7.57395,3
1589.9,0.14464,2.77317,7.57396,3
1590,0.14464,2.77323,7.57396,3
1590.1,0.14464,2.7733,7.57396,3
1590.2,0.14464,2.77336,7.57396,3
1590.3,0.14464,2.77341,7.57396,3
1590.4,0.14464,2.77346,7.57396,3
1590.5,0.14464,2.7735,7.57397,3
1590.6,0.14464,2.77355,7.57397,3
1590.7,0.14464,2.7736,7.57397,3
1590.8,0.14464,2.77364,7.57397,3
1590.9,0.14465,2.77369,7.57397,3
1591,0.14465,2.77373,7.57397,3
1591.1,0.14465,2.77379,7.57397,3
1591.2,0.14465,2.77386,7.57398,3
1591.3,0.14465,2.77393,7.57398,3
1591.4,0.14465,2.77399,7.57398,3
1591.5,0.14465,2.77405,7.57398,3
1591.6,0.14465,2.77411,7.57398,3
1591.7,0.14465,2.77417,7.57398,3
1591.8,0.14465,2.77422,7.57399,3
1591.9,0.14465,2.77426,7.57399,3
1592,0.14465,2.77431,7.57399,3
1592.1,0.14465,2.77435,7.57399,3
1592.2,0.14465,2.77439,7.57399,3
1592.3,0.14465,2.77444,7.57399,3
1592.4,0.14466,2.77448,7.574,3
1592.5,0.14466,2.77454,7.574,3
1592.6,0.14466,2.77459,7.574,3
1592.7,0.14466,2.77464,7.574,3
1592.8,0.14466,2.77468,7.574,3
1592.9,0.14466,2.77473,7.574,3
1593,0.14466,2.77477,7.574,3
1593.1,0.14466,2.77481,7.57401,3
1593.2,0.14466,2.77485,7.57401,3
1593.3,0.14466,2.7749,7.57401,3
1593.4,0.14466,2.77497,7.57401,3
1593.5,0.14466,2.77502,7.57401,3
1593.6,0.14466,2.77508,7.57401,3
1593.7,0.14466,2.77513,7.57401,3
1593.8,0.14466,2.77518,7.57402,3
1593.9,0.14466,2.77523,7.57402,3
1594,0.14467,2.77528,7.57402,3
1594.1,0.14467,2.77532,7.57402,3
1594.2,0.14466,2.77537,7.57402,3
1594.3,0.14467,2.77542,7.57402,3
1594.4,0.14467,2.77547,7.57403,3
1594.5,0.14467,2.77554,7.57403,3
1594.6,0.14467,2.7756,7.57403,3
1594.7,0.14467,2.77565,7.57403,3
1594.8,0.14467,2.77569,7.57403,3
1594.9,0.14467,2.77574,7.57403,3
1595,0.14467,2.77579,7.57403,3
1595.1,0.14467,2.77584,7.57404,3
1595.2,0.14467,2.77588,7.57404,3
1595.3,0.14467,2.77593,7.57404,3
1595.4,0.14467,2.77598,7.57404,3
1595.5,0.14467,2.77603,7.57404,3
1595.6,0.14467,2.7761,7.57404,3
1595.7,0.14467,2.77615,7.57405,3
1595.8,0.14467,2.77621,7.57405,3
1595.9,0.14467,2.77626,7.57405,3
1596,0.14467,2.7763,7.57405,3
1596.1,0.14467,2.77634,7.57405,3
1596.2,0.14467,2.77637,7.57405,3
1596.3,0.14467,2.77641,7.57406,3
1596.4,0.14468,2.77644,7.57406,3
1596.5,0.14468,2.77647,7.57406,3
1596.6,0.14468,2.77651,7.57406,3
1596.7,0.14468,2.77655,7.57406,3
1596.8,0.14468,2.7766,7.57406,3
1596.9,0.14468,2.77665,7.57407,3
1597,0.14468,2.7767,7.57407,3
1597.1,0.14468,2.77674,7.57407,3
1597.2,0.14468,2.77679,7.57407,3
1597.3,0.14467,2.77683,7.57407,3
1597.4,0.14467,2.77686,7.57407,3
1597.5,0.14467,2.7769,7.57408,3
1597.6,0.14467,2.77695,7.57408,3
1597.7,0.14467,2.77699,7.57408,3
1597.8,0.14467,2.77705,7.57408,3
1597.9,0.14467,2.7771,7.57408,3
1598,0.14467,2.77715,7.57408,3
1598.1,0.14467,2.77719,7.57409,3
1598.2,0.14467,2.77724,7.57409,3
1598.3,0.14467,2.77728,7.57409,3
1598.4,0.14467,2.77732,7.57409,3
1598.5,0.14467,2.77736,7.57409,3
1598.6,0.14467,2.77741,7.57409,3
1598.7,0.14467,2.77744,7.5741,3
1598.8,0.14467,2.77749,7.5741,3
1598.9,0.14467,2.77755,7.5741,3
1599,0.14467,2.77761,7.5741,3
1599.1,0.14467,2.77766,7.5741,3
1599.2,0.14467,2.7777,7.5741,3
1599.3,0.14467,2.77774,7.57411,3
1599.4,0.14467,2.77778,7.57411,3
1599.5,0.14467,2.77781,7.57411,3
1599.6,0.14467,2.77785,7.57411,3
1599.7,0.14467,2.77788,7.57411,3
1599.8,0.14467,2.77792,7.57411,3
1599.9,0.14467,2.77797,7.57412,3
1600,0.14467,2.77804,7.57412,3
1600.1,0.14467,2.7781,7.57412,3
1600.2,0.14467,2.77815,7.57412,3
1600.3,0.14467,2.77821,7.57412,3
1600.4,0.14467,2.77826,7.57412,3
1600.5,0.14466,2.77831,7.57413,3
1600.6,0.14466,2.77836,7.57413,3
1600.7,0.14466,2.77839,7.57413,3
1600.8,0.14466,2.77844,7.57413,3
1600.9,0.14466,2.7785,7.57413,3
1601,0.14466,2.77856,7.57413,3
1601.1,0.14466,2.77861,7.57414,3
1601.2,0.14466,2.77866,7.57414,3
1601.3,0.14466,2.77871,7.57414,3
1601.4,0.14466,2.77875,7.57414,3
1601.5,0.14467,2.7788,7.57414,3
1601.6,0.14467,2.77885,7.57415,3
1601.7,0.14467,2.77889,7.57415,3
1601.8,0.14467,2.77894,7.57415,3
1601.9,0.14467,2.779,7.57415,3
1602,0.14467,2.77905,7.57415,3
1602.1,0.14467,2.77909,7.57415,3
1602.2,0.14467,2.77913,7.57416,3
1602.3,0.14467,2.77917,7.57416,3
1602.4,0.14467,2.7792,7.57416,3
1602.5,0.14466,2.77924,7.57416,3
1602.6,0.14466,2.77927,7.57416,3
1602.7,0.14466,2.77931,7.57416,3
1602.8,0.14466,2.77934,7.57417,3
1602.9,0.14466,2.77938,7.57417,3
1603,0.14466,2.77942,7.57417,3
1603.1,0.14466,2.77948,7.57417,3
1603.2,0.14466,2.77953,7.57417,3
1603.3,0.14466,2.77958,7.57417,3
1603.4,0.14466,2.77963,7.57418,3
1603.5,0.14466,2.77968,7.57418,3
1603.6,0.14466,2.77972,7.57418,3
1603.7,0.14466,2.77977,7.57418,3
1603.8,0.14466,2.7798,7.57418,3
1603.9,0.14466,2.77983,7.57418,3
1604,0.14466,2.77987,7.57419,3
1604.1,0.14466,2.77991,7.57419,3
1604.2,0.14466,2.77995,7.57419,3
1604.3,0.14466,2.78,7.57419,3
1604.4,0.14466,2.78004,7.57419,3
1604.5,0.14466,2.78007,7.5742,3
1604.6,0.14466,2.78011,7.5742,3
1604.7,0.14466,2.78015,7.5742,3
1604.8,0.14466,2.78019,7.5742,3
1604.9,0.14466,2.78025,7.5742,3
1605,0.14466,2.7803,7.5742,3
1605.1,0.14466,2.78035,7.57421,3
1605.2,0.14466,2.7804,7.57421,3
1605.3,0.14466,2.78044,7.57421,3
1605.4,0.14465,2.78049,7.57421,3
1605.5,0.14466,2.78053,7.57421,3
1605.6,0.14466,2.78057,7.57422,3
1605.7,0.14465,2.78061,7.57422,3
1605.8,0.14465,2.78065,7.57422,3
1605.9,0.14465,2.78068,7.57422,3
1606,0.14465,2.78072,7.57422,3
1606.1,0.14465,2.78076,7.57422,3
1606.2,0.14465,2.7808,7.57423,3
1606.3,0.14465,2.78085,7.57423,3
1606.4,0.14465,2.78089,7.57423,3
1606.5,0.14465,2.78093,7.57423,3
1606.6,0.14464,2.78097,7.57423,3
1606.7,0.14464,2.78101,7.57424,3
1606.8,0.14464,2.78104,7.57424,3
1606.9,0.14464,2.78109,7.57424,3
1607,0.14464,2.78115,7.57424,3
1607.1,0.14464,2.78121,7.57424,3
1607.2,0.14464,2.78125,7.57424,3
1607.3,0.14464,2.78129,7.57425,3
1607.4,0.14464,2.78133,7.57425,3
1607.5,0.14464,2.78136,7.57425,3
1607.6,0.14464,2.7814,7.57425,3
1607.7,0.14464,2.78143,7.57425,3
1607.8,0.14464,2.78146,7.57425,3
1607.9,0.14464,2.78149,7.57426,3
1608,0.14463,2.78153,7.57426,3
1608.1,0.14463,2.78158,7.57426,3
1608.2,0.14463,2.78163,7.57426,3
1608.3,0.14463,2.78167,7.57426,3
1608.4,0.14463,2.78171,7.57426,3
1608.5,0.14463,2.78175,7.57426,3
1608.6,0.14463,2.78179,7.57427,3
1608.7,0.14463,2.78182,7.57427,3
1608.8,0.14463,2.78186,7.57427,3
1608.9,0.14463,2.7819,7.57427,3
1609,0.14462,2.78193,7.57427,3
1609.1,0.14462,2.78197,7.57427,3
1609.2,0.14462,2.78203,7.57428,3
1609.3,0.14462,2.78208,7.57428,3
1609.4,0.14462,2.78212,7.57428,3
1609.5,0.14461,2.78217,7.57428,3
1609.6,0.14461,2.78221,7.57428,3
1609.7,0.14461,2.78225,7.57428,3
1609.8,0.14461,2.78229,7.57428,3
1609.9,0.14461,2.78235,7.57429,3
1610,0.14461,2.7824,7.57429,3
1610.1,0.14461,2.78245,7.57429,3
1610.2,0.1446,2.7825,7.57429,3
1610.3,0.1446,2.78254,7.57429,3
1610.4,0.1446,2.78258,7.57429,3
1610.5,0.1446,2.78261,7.5743,3
1610.6,0.1446,2.78265,7.5743,3
1610.7,0.14459,2.78269,7.5743,3
1610.8,0.14459,2.78273,7.5743,3
1610.9,0.14459,2.78277,7.5743,3
1611,0.14459,2.78282,7.5743,3
1611.1,0.14458,2.78287,7.5743,3
1611.2,0.14458,2.78291,7.57431,3
1611.3,0.14458,2.78295,7.57431,3
1611.4,0.14458,2.78299,7.57431,3
1611.5,0.14458,2.78303,7.57431,3
1611.6,0.14458,2.78306,7.57431,3
1611.7,0.14457,2.7831,7.57431,3
1611.8,0.14457,2.78312,7.57432,3
1611.9,0.14457,2.78315,7.57432,3
1612,0.14457,2.78317,7.57432,3
1612.1,0.14457,2.78321,7.57432,3
1612.2,0.14456,2.78325,7.57432,3
1612.3,0.14456,2.78328,7.57432,3
1612.4,0.14456,2.78331,7.57433,3
1612.5,0.14456,2.78334,7.57433,3
1612.6,0.14456,2.78337,7.57433,3
1612.7,0.14456,2.78341,7.57433,3
1612.8,0.14456,2.78344,7.57433,3
1612.9,0.14455,2.78347,7.57433,3
1613,0.14455,2.78351,7.57433,3
1613.1,0.14455,2.78356,7.57434,3
1613.2,0.14455,2.78361,7.57434,3
1613.3,0.14454,2.78365,7.57434,3
1613.4,0.14454,2.78369,7.57434,3
1613.5,0.14455,2.78373,7.57434,3
1613.6,0.14455,2.78376,7.57434,3
1613.7,0.14455,2.78381,7.57435,3
1613.8,0.14455,2.78386,7.57435,3
1613.9,0.14455,2.7839,7.57435,3
1614,0.14454,2.78394,7.57435,3
1614.1,0.14454,2.78398,7.57435,3
1614.2,0.14454,2.78402,7.57435,3
1614.3,0.14454,2.78405,7.57436,3
1614.4,0.14455,2.78409,7.57436,3
1614.5,0.14455,2.78413,7.57436,3
1614.6,0.14455,2.78417,7.57436,3
1614.7,0.14455,2.78422,7.57436,3
1614.8,0.14454,2.78427,7.57436,3
1614.9,0.14454,2.78433,7.57436,3
1615,0.14454,2.78437,7.57437,3
1615.1,0.14454,2.78441,7.57437,3
1615.2,0.14453,2.78445,7.57437,3
1615.3,0.14453,2.78448,7.57437,3
1615.4,0.14453,2.78452,7.57437,3
1615.5,0.14453,2.78456,7.57437,3
1615.6,0.14453,2.7846,7.57438,3
1615.7,0.14452,2.78463,7.57438,3
1615.8,0.14452,2.78468,7.57438,3
1615.9,0.14452,2.78474,7.57438,3
1616,0.14452,2.78479,7.57438,3
1616.1,0.14451,2.78483,7.57438,3
1616.2,0.14451,2.78487,7.57438,3
1616.3,0.14451,2.7849,7.57439,3
1616.4,0.1445,2.78493,7.57439,3
1616.5,0.1445,2.78496,7.57439,3
1616.6,0.1445,2.78499,7.57439,3
1616.7,0.1445,2.78502,7.57439,3
1616.8,0.1445,2.78506,7.57439,3
1616.9,0.1445,2.78511,7.5744,3
1617,0.14451,2.78515,7.5744,3
1617.1,0.14451,2.78519,7.5744,3
1617.2,0.1445,2.78523,7.5744,3
1617.3,0.1445,2.78528,7.5744,3
1617.4,0.1445,2.78532,7.5744,3
1617.5,0.14449,2.78536,7.5744,3
1617.6,0.14449,2.78539,7.57441,3
1617.7,0.14449,2.78543,7.57441,3
1617.8,0.14449,2.78548,7.57441,3
1617.9,0.14449,2.78552,7.57441,3
1618,0.1445,2.78556,7.57441,3
1618.1,0.1445,2.7856,7.57441,3
1618.2,0.14449,2.78564,7.57442,3
1618.3,0.14449,2.78568,7.57442,3
1618.4,0.14449,2.78573,7.57442,3
1618.5,0.14448,2.78577,7.57442,3
1618.6,0.14448,2.78582,7.57442,3
1618.7,0.14448,2.78586,7.57442,3
1618.8,0.14447,2.7859,7.57442,3
1618.9,0.14447,2.78593,7.57443,3
1619,0.14447,2.78597,7.57443,3
1619.1,0.14447,2.786,7.57443,3
1619.2,0.14447,2.78604,7.57443,3
1619.3,0.14447,2.78609,7.57443,3
1619.4,0.14447,2.78614,7.57443,3
1619.5,0.14447,2.78619,7.57444,3
1619.6,0.14447,2.78623,7.57444,3
1619.7,0.14447,2.78627,7.57444,3
1619.8,0.14447,2.78631,7.57444,3
1619.9,0.14446,2.78635,7.57444,3
1620,0.14446,2.7864,7.57444,3
1620.1,0.14446,2.78646,7.57445,3
1620.2,0.14445,2.78652,7.57445,3
1620.3,0.14445,2.78657,7.57445,3
1620.4,0.14445,2.78661,7.57445,3
1620.5,0.14444,2.78665,7.57445,3
1620.6,0.14444,2.78669,7.57445,3
1620.7,0.14444,2.78674,7.57446,3
1620.8,0.14444,2.78677,7.57446,3
1620.9,0.14444,2.7868,7.57446,3
1621,0.14444,2.78685,7.57446,3
1621.1,0.14444,2.7869,7.57446,3
1621.2,0.14444,2.78694,7.57446,3
1621.3,0.14443,2.78699,7.57447,3
1621.4,0.14443,2.78704,7.57447,3
1621.5,0.14443,2.78708,7.57447,3
1621.6,0.14443,2.78712,7.57447,3
1621.7,0.14442,2.78716,7.57447,3
1621.8,0.14442,2.7872,7.57447,3
1621.9,0.14441,2.78724,7.57447,3
1622,0.14441,2.78727,7.57448,3
1622.1,0.14441,2.78731,7.57448,3
1622.2,0.1444,2.78736,7.57448,3
1622.3,0.1444,2.78741,7.57448,3
1622.4,0.14439,2.78745,7.57448,3
1622.5,0.14439,2.7875,7.57448,3
1622.6,0.14439,2.78754,7.57449,3
1622.7,0.14439,2.78759,7.57449,3
1622.8,0.14438,2.78763,7.57449,3
1622.9,0.14438,2.78766,7.57449,3
1623,0.14438,2.78771,7.57449,3
1623.1,0.14437,2.78777,7.57449,3
1623.2,0.14437,2.78783,7.57449,3
1623.3,0.14437,2.78788,7.5745,3
1623.4,0.14437,2.78792,7.5745,3
1623.5,0.14436,2.78796,7.5745,3
1623.6,0.14436,2.788,7.5745,3
1623.7,0.14435,2.78804,7.5745,3
1623.8,0.14435,2.78808,7.5745,3
1623.9,0.14435,2.78813,7.57451,3
1624,0.14434,2.78819,7.57451,3
1624.1,0.14434,2.78824,7.57451,3
1624.2,0.14434,2.78829,7.57451,3
1624.3,0.14433,2.78833,7.57451,3
1624.4,0.14433,2.78839,7.57451,3
1624.5,0.14432,2.78843,7.57452,3
1624.6,0.14432,2.78846,7.57452,3
1624.7,0.14432,2.7885,7.57452,3
1624.8,0.14431,2.78855,7.57452,3
1624.9,0.14431,2.7886,7.57452,3
1625,0.14431,2.78865,7.57452,3
1625.1,0.1443,2.7887,7.57453,3
1625.2,0.1443,2.78875,7.57453,3
1625.3,0.14429,2.7888,7.57453,3
1625.4,0.14429,2.78885,7.57453,3
1625.5,0.14429,2.7889,7.57453,3
1625.6,0.14429,2.78895,7.57453,3
1625.7,0.14428,2.78901,7.57454,3
1625.8,0.14428,2.78907,7.57454,3
1625.9,0.14427,2.78913,7.57454,3
1626,0.14427,2.78918,7.57454,3
1626.1,0.14426,2.78922,7.57454,3
1626.2,0.14426,2.78927,7.57454,3
1626.3,0.14426,2.78932,7.57455,3
1626.4,0.14425,2.78937,7.57455,3
1626.5,0.14425,2.78941,7.57455,3
1626.6,0.14425,2.78946,7.57455,3
1626.7,0.14424,2.7895,7.57455,3
1626.8,0.14424,2.78955,7.57455,3
1626.9,0.14424,2.78959,7.57456,3
1627,0.14424,2.78964,7.57456,3
1627.1,0.14423,2.78968,7.57456,3
1627.2,0.14423,2.78972,7.57456,3
1627.3,0.14422,2.78977,7.57456,3
1627.4,0.14422,2.78983,7.57456,3
1627.5,0.14421,2.78988,7.57457,3
1627.6,0.14421,2.78992,7.57457,3
1627.7,0.1442,2.78996,7.57457,3
1627.8,0.1442,2.78999,7.57457,3
1627.9,0.1442,2.79003,7.57457,3
1628,0.14419,2.79007,7.57457,3
1628.1,0.14419,2.79011,7.57457,3
1628.2,0.14418,2.79016,7.57458,3
1628.3,0.14418,2.79019,7.57458,3
1628.4,0.14417,2.79025,7.57458,3
1628.5,0.14417,2.79031,7.57458,3
1628.6,0.14416,2.79037,7.57458,3
1628.7,0.14416,2.79042,7.57458,3
1628.8,0.14415,2.79046,7.57459,3
1628.9,0.14415,2.7905,7.57459,3
1629,0.14415,2.79054,7.57459,3
1629.1,0.14414,2.79058,7.57459,3
1629.2,0.14414,2.79062,7.57459,3
1629.3,0.14413,2.79066,7.57459,3
1629.4,0.14412,2.79072,7.5746,3
1629.5,0.14412,2.79078,7.5746,3
1629.6,0.14411,2.79083,7.5746,3
1629.7,0.14411,2.79089,7.5746,3
1629.8,0.1441,2.79094,7.5746,3
1629.9,0.1441,2.79099,7.5746,3
1630,0.14409,2.79104,7.57461,3
1630.1,0.14409,2.79108,7.57461,3
1630.2,0.14409,2.79113,7.57461,3
1630.3,0.14408,2.79117,7.57461,3
1630.4,0.14408,2.7912,7.57461,3
1630.5,0.14408,2.79126,7.57461,3
1630.6,0.14407,2.79131,7.57462,3
1630.7,0.14407,2.79137,7.57462,3
1630.8,0.14406,2.79142,7.57462,3
1630.9,0.14406,2.79146,7.57462,3
1631,0.14405,2.7915,7.57462,3
1631.1,0.14404,2.79154,7.57462,3
1631.2,0.14404,2.79158,7.57463,3
1631.3,0.14404,2.79162,7.57463,3
1631.4,0.14403,2.79167,7.57463,3
1631.5,0.14403,2.79172,7.57463,3
1631.6,0.14402,2.79177,7.57463,3
1631.7,0.14402,2.79182,7.57463,3
1631.8,0.14401,2.79187,7.57464,3
1631.9,0.14401,2.79192,7.57464,3
1632,0.144,2.79197,7.57464,3
1632.1,0.144,2.79201,7.57464,3
1632.2,0.14399,2.79205,7.57464,3
1632.3,0.14398,2.79209,7.57464,3
1632.4,0.14398,2.79214,7.57464,3
1632.5,0.14397,2.79219,7.57465,3
1632.6,0.14396,2.79226,7.57465,3
1632.7,0.14396,2.79231,7.57465,3
1632.8,0.14395,2.79237,7.57465,3
1632.9,0.14395,2.79242,7.57465,3
1633,0.14394,2.79246,7.57465,3
1633.1,0.14393,2.79252,7.57466,3
1633.2,0.14393,2.79257,7.57466,3
1633.3,0.14392,2.79262,7.57466,3
1633.4,0.14392,2.79267,7.57466,3
1633.5,0.14391,2.79272,7.57466,3
1633.6,0.14391,2.79277,7.57466,3
1633.7,0.1439,2.79283,7.57466,3
1633.8,0.1439,2.79288,7.57467,3
1633.9,0.14389,2.79293,7.57467,3
1634,0.14389,2.79297,7.57467,3
1634.1,0.14388,2.79301,7.57467,3
1634.2,0.14388,2.79305,7.57467,3
1634.3,0.14387,2.79308,7.57467,3
1634.4,0.14387,2.79313,7.57467,3
1634.5,0.14386,2.79318,7.57468,3
1634.6,0.14385,2.79323,7.57468,3
1634.7,0.14385,2.79329,7.57468,3
1634.8,0.14384,2.79334,7.57468,3
1634.9,0.14383,2.79339,7.57468,3
1635,0.14382,2.79344,7.57468,3
1635.1,0.14382,2.79348,7.57468,3
1635.2,0.14381,2.79353,7.57469,3
1635.3,0.14381,2.79358,7.57469,3
1635.4,0.1438,2.79363,7.57469,3
1635.5,0.1438,2.79367,7.57469,3
1635.6,0.14379,2.79373,7.57469,3
1635.7,0.14379,2.79378,7.57469,3
1635.8,0.14378,2.79383,7.57469,3
1635.9,0.14378,2.79389,7.5747,3
1636,0.14377,2.79395,7.5747,3
1636.1,0.14376,2.79401,7.5747,3
1636.2,0.14376,2.79406,7.5747,3
1636.3,0.14375,2.79411,7.5747,3
1636.4,0.14375,2.79417,7.5747,3
1636.5,0.14374,2.79422,7.57471,3
1636.6,0.14373,2.79426,7.57471,3
1636.7,0.14373,2.7943,7.57471,3
1636.8,0.14372,2.79434,7.57471,3
1636.9,0.14371,2.79439,7.57471,3
1637,0.14371,2.79444,7.57471,3
1637.1,0.1437,2.79449,7.57472,3
1637.2,0.14369,2.79454,7.57472,3
1637.3,0.14369,2.79459,7.57472,3
1637.4,0.14368,2.79463,7.57472,3
1637.5,0.14367,2.79468,7.57472,3
1637.6,0.14366,2.79472,7.57472,3
1637.7,0.14366,2.79477,7.57472,3
1637.8,0.14365,2.79483,7.57473,3
1637.9,0.14364,2.79488,7.57473,3
1638,0.14364,2.79493,7.57473,3
1638.1,0.14363,2.79497,7.57473,3
1638.2,0.14362,2.79502,7.57473,3
1638.3,0.14361,2.79506,7.57473,3
1638.4,0.14361,2.79511,7.57474,3
1638.5,0.1436,2.79516,7.57474,3
1638.6,0.14359,2.79522,7.57474,3
1638.7,0.14358,2.79527,7.57474,3
1638.8,0.14357,2.79532,7.57474,3
1638.9,0.14357,2.79537,7.57474,3
1639,0.14356,2.79542,7.57475,3
1639.1,0.14355,2.79547,7.57475,3
1639.2,0.14355,2.79551,7.57475,3
1639.3,0.14354,2.79556,7.57475,3
1639.4,0.14354,2.79561,7.57475,3
1639.5,0.14353,2.79565,7.57475,3
1639.6,0.14352,2.79571,7.57475,3
1639.7,0.14352,2.79578,7.57476,3
1639.8,0.14351,2.79584,7.57476,3
1639.9,0.1435,2.79589,7.57476,3
1640,0.1435,2.79593,7.57476,3
1640.1,0.14349,2.79598,7.57476,3
1640.2,0.14348,2.79602,7.57476,3
1640.3,0.14347,2.79607,7.57477,3
1640.4,0.14347,2.79612,7.57477,3
1640.5,0.14346,2.79617,7.57477,3
1640.6,0.14345,2.79622,7.57477,3
1640.7,0.14344,2.79626,7.57477,3
1640.8,0.14344,2.7963,7.57477,3
1640.9,0.14343,2.79635,7.57477,3
1641,0.14342,2.7964,7.57478,3
1641.1,0.14341,2.79644,7.57478,3
1641.2,0.14341,2.79648,7.57478,3
1641.3,0.1434,2.79652,7.57478,3
1641.4,0.14339,2.79657,7.57478,3
1641.5,0.14338,2.79661,7.57478,3
1641.6,0.14338,2.79666,7.57479,3
1641.7,0.14337,2.79671,7.57479,3
1641.8,0.14336,2.79677,7.57479,3
1641.9,0.14335,2.79684,7.57479,3
1642,0.14335,2.79689,7.57479,3
1642.1,0.14334,2.79694,7.57479,3
1642.2,0.14333,2.797,7.57479,3
1642.3,0.14332,2.79705,7.5748,3
1642.4,0.14331,2.79709,7.5748,3
1642.5,0.14331,2.79712,7.5748,3
1642.6,0.1433,2.79716,7.5748,3
1642.7,0.1433,2.79723,7.5748,3
1642.8,0.14329,2.79728,7.5748,3
1642.9,0.14328,2.79733,7.57481,3
1643,0.14328,2.79738,7.57481,3
1643.1,0.14327,2.79742,7.57481,3
1643.2,0.14326,2.79747,7.57481,3
1643.3,0.14325,2.79752,7.57481,3
1643.4,0.14325,2.79757,7.57481,3
1643.5,0.14324,2.79762,7.57481,3
1643.6,0.14323,2.79766,7.57482,3
1643.7,0.14322,2.79772,7.57482,3
1643.8,0.14321,2.79778,7.57482,3
1643.9,0.14321,2.79783,7.57482,3
1644,0.1432,2.79787,7.57482,3
1644.1,0.14319,2.79791,7.57482,3
1644.2,0.14318,2.79795,7.57482,3
1644.3,0.14317,2.798,7.57483,3
1644.4,0.14317,2.79804,7.57483,3
1644.5,0.14316,2.79809,7.57483,3
1644.6,0.14315,2.79814,7.57483,3
1644.7,0.14314,2.7982,7.57483,3
1644.8,0.14313,2.79826,7.57483,3
1644.9,0.14312,2.79833,7.57483,3
1645,0.14311,2.79839,7.57484,3
1645.1,0.14311,2.79844,7.57484,3
1645.2,0.1431,2.79849,7.57484,3
1645.3,0.14309,2.79853,7.57484,3
1645.4,0.14308,2.79858,7.57484,3
1645.5,0.14308,2.79863,7.57484,3
1645.6,0.14307,2.79867,7.57484,3
1645.7,0.14306,2.79872,7.57484,3
1645.8,0.14305,2.79877,7.57484,3
1645.9,0.14305,2.79883,7.57485,3
1646,0.14304,2.79889,7.57485,3
1646.1,0.14302,2.79894,7.57485,3
1646.2,0.14301,2.79899,7.57485,3
1646.3,0.143,2.79903,7.57485,3
1646.4,0.14299,2.79908,7.57485,3
1646.5,0.14299,2.79912,7.57485,3
1646.6,0.14298,2.79915,7.57485,3
1646.7,0.14297,2.79919,7.57486,3
1646.8,0.14296,2.79923,7.57486,3
1646.9,0.14295,2.79928,7.57486,3
1647,0.14294,2.79934,7.57486,3
1647.1,0.14293,2.7994,7.57486,3
1647.2,0.14292,2.79945,7.57486,3
1647.3,0.14291,2.7995,7.57486,3
1647.4,0.1429,2.79955,7.57486,3
1647.5,0.14289,2.7996,7.57486,3
1647.6,0.14288,2.79965,7.57487,3
1647.7,0.14287,2.79969,7.57487,3
1647.8,0.14286,2.79974,7.57487,3
1647.9,0.14285,2.79979,7.57487,3
1648,0.14284,2.79984,7.57487,3
1648.1,0.14283,2.79989,7.57487,3
1648.2,0.14282,2.79993,7.57487,3
1648.3,0.14281,2.79996,7.57487,3
1648.4,0.1428,2.80001,7.57487,3
1648.5,0.14279,2.80005,7.57487,3
1648.6,0.14278,2.8001,7.57487,3
1648.7,0.14277,2.80014,7.57488,3
1648.8,0.14276,2.8002,7.57488,3
1648.9,0.14275,2.80026,7.57488,3
1649,0.14274,2.80031,7.57488,3
1649.1,0.14273,2.80037,7.57488,3
1649.2,0.14272,2.80042,7.57488,3
1649.3,0.14271,2.80046,7.57488,3
1649.4,0.1427,2.8005,7.57488,3
1649.5,0.14269,2.80054,7.57488,3
1649.6,0.14269,2.80058,7.57489,3
1649.7,0.14268,2.80062,7.57489,3
1649.8,0.14267,2.80068,7.57489,3
1649.9,0.14265,2.80074,7.57489,3
1650,0.14264,2.80079,7.57489,3
1650.1,0.14263,2.80083,7.57489,3
1650.2,0.14262,2.80088,7.57489,3
1650.3,0.14262,2.80092,7.57489,3
1650.4,0.14261,2.80097,7.57489,3
1650.5,0.1426,2.801,7.57489,3
1650.6,0.14258,2.80105,7.5749,3
1650.7,0.14258,2.8011,7.5749,3
1650.8,0.14257,2.80115,7.5749,3
1650.9,0.14256,2.8012,7.5749,3
1651,0.14255,2.80125,7.5749,3
1651.1,0.14254,2.8013,7.5749,3
1651.2,0.14253,2.80135,7.5749,3
1651.3,0.14252,2.80139,7.5749,3
1651.4,0.14251,2.80143,7.5749,3
1651.5,0.1425,2.80149,7.57491,3
1651.6,0.14249,2.80156,7.57491,3
1651.7,0.14248,2.80162,7.57491,3
1651.8,0.14247,2.80168,7.57491,3
1651.9,0.14246,2.80172,7.57491,3
1652,0.14245,2.80177,7.57491,3
1652.1,0.14244,2.80181,7.57491,3
1652.2,0.14243,2.80185,7.57491,3
1652.3,0.14242,2.8019,7.57491,3
1652.4,0.14241,2.80194,7.57492,3
1652.5,0.14239,2.80199,7.57492,3
1652.6,0.14239,2.80204,7.57492,3
1652.7,0.14238,2.80209,7.57492,3
1652.8,0.14237,2.80215,7.57492,3
1652.9,0.14236,2.80222,7.57492,3
1653,0.14234,2.80229,7.57492,3
1653.1,0.14233,2.80233,7.57492,3
1653.2,0.14232,2.80237,7.57492,3
1653.3,0.14231,2.80241,7.57493,3
1653.4,0.1423,2.80245,7.57493,3
1653.5,0.14229,2.8025,7.57493,3
1653.6,0.14228,2.80255,7.57493,3
1653.7,0.14226,2.8026,7.57493,3
1653.8,0.14225,2.80264,7.57493,3
1653.9,0.14224,2.80269,7.57493,3
1654,0.14223,2.80274,7.57493,3
1654.1,0.14222,2.80279,7.57494,3
1654.2,0.14221,2.80284,7.57494,3
1654.3,0.1422,2.80289,7.57494,3
1654.4,0.14218,2.80293,7.57494,3
1654.5,0.14217,2.80297,7.57494,3
1654.6,0.14216,2.80301,7.57494,3
1654.7,0.14215,2.80305,7.57494,3
1654.8,0.14214,2.80309,7.57494,3
1654.9,0.14213,2.80314,7.57494,3
1655,0.14212,2.80319,7.57495,3
1655.1,0.14211,2.80325,7.57495,3
1655.2,0.1421,2.80331,7.57495,3
1655.3,0.14208,2.80336,7.57495,3
1655.4,0.14207,2.80341,7.57495,3
1655.5,0.14206,2.80345,7.57495,3
1655.6,0.14205,2.8035,7.57495,3
1655.7,0.14204,2.80355,7.57495,3
1655.8,0.14203,2.80359,7.57496,3
1655.9,0.14202,2.80363,7.57496,3
1656,0.142,2.80368,7.57496,3
1656.1,0.14199,2.80374,7.57496,3
1656.2,0.14198,2.8038,7.57496,3
1656.3,0.14197,2.80385,7.57496,3
1656.4,0.14196,2.8039,7.57496,3
1656.5,0.14195,2.80395,7.57496,3
1656.6,0.14193,2.80399,7.57496,3
1656.7,0.14192,2.80403,7.57497,3
1656.8,0.14191,2.80407,7.57497,3
1656.9,0.1419,2.80411,7.57497,3
1657,0.14189,2.80415,7.57497,3
1657.1,0.14188,2.80419,7.57497,3
1657.2,0.14186,2.80424,7.57497,3
1657.3,0.14185,2.8043,7.57497,3
1657.4,0.14184,2.80435,7.57498,3
1657.5,0.14183,2.8044,7.57498,3
1657.6,0.14182,2.80444,7.57498,3
1657.7,0.1418,2.80449,7.57498,3
1657.8,0.14179,2.80453,7.57498,3
1657.9,0.14178,2.80458,7.57498,3
1658,0.14176,2.80463,7.57498,3
1658.1,0.14175,2.80467,7.57498,3
1658.2,0.14174,2.80472,7.57499,3
1658.3,0.14173,2.80477,7.57499,3
1658.4,0.14172,2.80482,7.57499,3
1658.5,0.14171,2.80487,7.57499,3
1658.6,0.14169,2.80493,7.57499,3
1658.7,0.14168,2.80498,7.57499,3
1658.8,0.14167,2.80503,7.57499,3
1658.9,0.14165,2.80507,7.575,3
1659,0.14164,2.80511,7.575,3
1659.1,0.14163,2.80516,7.575,3
1659.2,0.14161,2.80521,7.575,3
1659.3,0.1416,2.80526,7.575,3
1659.4,0.14159,2.80531,7.575,3
1659.5,0.14158,2.80537,7.575,3
1659.6,0.14156,2.80542,7.57501,3
1659.7,0.14155,2.80546,7.57501,3
1659.8,0.14154,2.80551,7.57501,3
1659.9,0.14153,2.80555,7.57501,3
1660,0.14152,2.80559,7.57501,3
1660.1,0.1415,2.80564,7.57501,3
1660.2,0.14149,2.80569,7.57501,3
1660.3,0.14147,2.80574,7.57501,3
1660.4,0.14146,2.80579,7.57502,3
1660.5,0.14145,2.80584,7.57502,3
1660.6,0.14143,2.80589,7.57502,3
1660.7,0.14142,2.80595,7.57502,3
1660.8,0.14141,2.806,7.57502,3
1660.9,0.1414,2.80605,7.57502,3
1661,0.14139,2.80609,7.57502,3
1661.1,0.14137,2.80613,7.57502,3
1661.2,0.14136,2.80618,7.57503,3
1661.3,0.14135,2.80623,7.57503,3
1661.4,0.14134,2.80627,7.57503,3
1661.5,0.14132,2.80632,7.57503,3
1661.6,0.14131,2.80638,7.57503,3
1661.7,0.14129,2.80643,7.57503,3
1661.8,0.14128,2.80648,7.57503,3
1661.9,0.14127,2.80653,7.57503,3
1662,0.14125,2.80658,7.57504,3
1662.1,0.14124,2.80663,7.57504,3
1662.2,0.14122,2.80666,7.57504,3
1662.3,0.14121,2.8067,7.57504,3
1662.4,0.1412,2.80674,7.57504,3
1662.5,0.14118,2.80679,7.57504,3
1662.6,0.14117,2.80684,7.57504,3
1662.7,0.14116,2.80689,7.57504,3
1662.8,0.14114,2.80694,7.57504,3
1662.9,0.14113,2.807,7.57505,3
1663,0.14112,2.80705,7.57505,3
1663.1,0.14111,2.8071,7.57505,3
1663.2,0.1411,2.80715,7.57505,3
1663.3,0.14108,2.80719,7.57505,3
1663.4,0.14107,2.80724,7.57505,3
1663.5,0.14106,2.80728,7.57505,3
1663.6,0.14104,2.80732,7.57505,3
1663.7,0.14103,2.80737,7.57506,3
1663.8,0.14102,2.80741,7.57506,3
1663.9,0.141,2.80745,7.57506,3
1664,0.14099,2.8075,7.57506,3
1664.1,0.14098,2.80755,7.57506,3
1664.2,0.14097,2.8076,7.57506,3
1664.3,0.14096,2.80765,7.57506,3
1664.4,0.14094,2.8077,7.57506,3
1664.5,0.14093,2.80775,7.57507,3
1664.6,0.14092,2.8078,7.57507,3
1664.7,0.14091,2.80785,7.57507,3
1664.8,0.1409,2.8079,7.57507,3
1664.9,0.14088,2.80794,7.57507,3
1665,0.14087,2.80799,7.57507,3
1665.1,0.14086,2.80803,7.57507,3
1665.2,0.14084,2.80807,7.57507,3
1665.3,0.14083,2.80812,7.57508,3
1665.4,0.14081,2.80817,7.57508,3
1665.5,0.1408,2.80823,7.57508,3
1665.6,0.14079,2.80828,7.57508,3
1665.7,0.14077,2.80833,7.57508,3
1665.8,0.14076,2.80838,7.57508,3
1665.9,0.14074,2.80842,7.57508,3
1666,0.14073,2.80847,7.57508,3
1666.1,0.14072,2.80852,7.57509,3
1666.2,0.1407,2.80857,7.57509,3
1666.3,0.14069,2.80861,7.57509,3
1666.4,0.14067,2.80867,7.57509,3
1666.5,0.14066,2.80872,7.57509,3
1666.6,0.14064,2.80878,7.57509,3
1666.7,0.14063,2.80884,7.57509,3
1666.8,0.14062,2.80889,7.5751,3
1666.9,0.1406,2.80893,7.5751,3
1667,0.14059,2.80898,7.5751,3
1667.1,0.14058,2.80903,7.5751,3
1667.2,0.14057,2.80907,7.5751,3
1667.3,0.14056,2.80912,7.5751,3
1667.4,0.14054,2.80917,7.5751,3
1667.5,0.14053,2.80922,7.5751,3
1667.6,0.14052,2.80928,7.57511,3
1667.7,0.14051,2.80933,7.57511,3
1667.8,0.1405,2.80939,7.57511,3
1667.9,0.14048,2.80945,7.57511,3
1668,0.14047,2.80951,7.57511,3
1668.1,0.14045,2.80956,7.57511,3
1668.2,0.14044,2.8096,7.57511,3
1668.3,0.14043,2.80965,7.57511,3
1668.4,0.14042,2.80969,7.57512,3
1668.5,0.1404,2.80975,7.57512,3
1668.6,0.14039,2.8098,7.57512,3
1668.7,0.14038,2.80986,7.57512,3
1668.8,0.14037,2.80991,7.57512,3
1668.9,0.14036,2.80997,7.57512,3
1669,0.14034,2.81003,7.57512,3
1669.1,0.14033,2.81008,7.57512,3
1669.2,0.14032,2.81014,7.57513,3
1669.3,0.14031,2.8102,7.57513,3
1669.4,0.14029,2.81026,7.57513,3
1669.5,0.14028,2.81032,7.57513,3
1669.6,0.14027,2.81038,7.57513,3
1669.7,0.14026,2.81044,7.57513,3
1669.8,0.14024,2.81049,7.57513,3
1669.9,0.14023,2.81053,7.57513,3
1670,0.14022,2.81058,7.57514,3
1670.1,0.14021,2.81063,7.57514,3
1670.2,0.1402,2.81069,7.57514,3
1670.3,0.14018,2.81074,7.57514,3
1670.4,0.14017,2.8108,7.57514,3
1670.5,0.14016,2.81087,7.57514,3
1670.6,0.14015,2.81092,7.57514,3
1670.7,0.14013,2.81098,7.57514,3
1670.8,0.14012,2.81104,7.57514,3
1670.9,0.14011,2.81109,7.57514,3
1671,0.1401,2.81114,7.57515,3
1671.1,0.14009,2.81118,7.57515,3
1671.2,0.14007,2.81123,7.57515,3
1671.3,0.14006,2.81128,7.57515,3
1671.4,0.14004,2.81134,7.57515,3
1671.5,0.14003,2.81139,7.57515,3
1671.6,0.14002,2.81145,7.57515,3
1671.7,0.14001,2.81151,7.57515,3
1671.8,0.13999,2.81156,7.57515,3
1671.9,0.13998,2.81162,7.57516,3
1672,0.13997,2.81168,7.57516,3
1672.1,0.13995,2.81173,7.57516,3
1672.2,0.13994,2.81178,7.57516,3
1672.3,0.13993,2.81183,7.57516,3
1672.4,0.13991,2.81188,7.57516,3
1672.5,0.1399,2.81193,7.57516,3
1672.6,0.13989,2.81199,7.57516,3
1672.7,0.13988,2.81204,7.57516,3
1672.8,0.13987,2.8121,7.57516,3
1672.9,0.13985,2.81215,7.57517,3
1673,0.13984,2.81221,7.57517,3
1673.1,0.13982,2.81226,7.57517,3
1673.2,0.13981,2.81232,7.57517,3
1673.3,0.1398,2.81238,7.57517,3
1673.4,0.13979,2.81244,7.57517,3
1673.5,0.13977,2.81248,7.57517,3
1673.6,0.13976,2.81254,7.57517,3
1673.7,0.13975,2.81259,7.57517,3
1673.8,0.13974,2.81265,7.57517,3
1673.9,0.13972,2.81271,7.57518,3
1674,0.13971,2.81277,7.57518,3
1674.1,0.1397,2.81284,7.57518,3
1674.2,0.13968,2.8129,7.57518,3
1674.3,0.13967,2.81295,7.57518,3
1674.4,0.13966,2.813,7.57518,3
1674.5,0.13964,2.81305,7.57518,3
1674.6,0.13963,2.8131,7.57518,3
1674.7,0.13961,2.81316,7.57518,3
1674.8,0.1396,2.81322,7.57519,3
1674.9,0.13959,2.81328,7.57519,3
1675,0.13958,2.81335,7.57519,3
1675.1,0.13956,2.8134,7.57519,3
1675.2,0.13955,2.81345,7.57519,3
1675.3,0.13954,2.81351,7.57519,3
1675.4,0.13952,2.81356,7.57519,3
1675.5,0.13951,2.81362,7.57519,3
1675.6,0.1395,2.81368,7.57519,3
1675.7,0.13948,2.81374,7.57519,3
1675.8,0.13947,2.8138,7.5752,3
1675.9,0.13946,2.81387,7.5752,3
1676,0.13944,2.81393,7.5752,3
1676.1,0.13943,2.81399,7.5752,3
1676.2,0.13942,2.81405,7.5752,3
1676.3,0.13941,2.81412,7.5752,3
1676.4,0.13939,2.81418,7.5752,3
1676.5,0.13938,2.81423,7.5752,3
1676.6,0.13937,2.81428,7.5752,3
1676.7,0.13936,2.81433,7.5752,3
1676.8,0.13934,2.81439,7.57521,3
1676.9,0.13933,2.81444,7.57521,3
1677,0.13931,2.8145,7.57521,3
1677.1,0.1393,2.81456,7.57521,3
1677.2,0.13929,2.81462,7.57521,3
1677.3,0.13928,2.81468,7.57521,3
1677.4,0.13926,2.81474,7.57521,3
1677.5,0.13925,2.8148,7.57521,3
1677.6,0.13924,2.81485,7.57521,3
1677.7,0.13922,2.8149,7.57521,3
1677.8,0.13921,2.81496,7.57522,3
1677.9,0.1392,2.81502,7.57522,3
1678,0.13918,2.81508,7.57522,3
1678.1,0.13917,2.81514,7.57522,3
1678.2,0.13916,2.81521,7.57522,3
1678.3,0.13914,2.81527,7.57522,3
1678.4,0.13913,2.81533,7.57522,3
1678.5,0.13912,2.81539,7.57522,3
1678.6,0.1391,2.81545,7.57522,3
1678.7,0.13909,2.81551,7.57522,3
1678.8,0.13907,2.81556,7.57523,3
1678.9,0.13906,2.81561,7.57523,3
1679,0.13904,2.81566,7.57523,3
1679.1,0.13903,2.81572,7.57523,3
1679.2,0.13902,2.81579,7.57523,3
1679.3,0.139,2.81585,7.57523,3
1679.4,0.13899,2.81591,7.57523,3
1679.5,0.13898,2.81598,7.57523,3
1679.6,0.13896,2.81604,7.57523,3
1679.7,0.13895,2.81611,7.57523,3
1679.8,0.13893,2.81617,7.57524,3
1679.9,0.13892,2.81622,7.57524,3
1680,0.13891,2.81627,7.57524,3
1680.1,0.1389,2.81633,7.57524,3
1680.2,0.13888,2.8164,7.57524,3
1680.3,0.13887,2.81646,7.57524,3
1680.4,0.13885,2.81652,7.57524,3
1680.5,0.13884,2.81659,7.57524,3
1680.6,0.13883,2.81666,7.57524,3
1680.7,0.13881,2.81673,7.57524,3
1680.8,0.1388,2.8168,7.57524,3
1680.9,0.13879,2.81687,7.57524,3
1681,0.13877,2.81694,7.57524,3
1681.1,0.13876,2.817,7.57525,3
1681.2,0.13874,2.81706,7.57525,3
1681.3,0.13873,2.81711,7.57525,3
1681.4,0.13872,2.81717,7.57525,3
1681.5,0.13871,2.81724,7.57525,3
1681.6,0.1387,2.81731,7.57525,3
1681.7,0.13868,2.81737,7.57525,3
1681.8,0.13867,2.81744,7.57525,3
1681.9,0.13866,2.81751,7.57525,3
1682,0.13864,2.81757,7.57525,3
1682.1,0.13863,2.81763,7.57525,3
1682.2,0.13861,2.81769,7.57525,3
1682.3,0.1386,2.81776,7.57526,3
1682.4,0.13859,2.81783,7.57526,3
1682.5,0.13858,2.81789,7.57526,3
1682.6,0.13857,2.81795,7.57526,3
1682.7,0.13855,2.81801,7.57526,3
1682.8,0.13854,2.81807,7.57526,3
1682.9,0.13853,2.81813,7.57526,3
1683,0.13851,2.81818,7.57526,3
1683.1,0.1385,2.81823,7.57526,3
1683.2,0.13848,2.81829,7.57526,3
1683.3,0.13847,2.81835,7.57526,3
1683.4,0.13846,2.81841,7.57526,3
1683.5,0.13844,2.81847,7.57526,3
1683.6,0.13843,2.81853,7.57527,3
1683.7,0.13842,2.8186,7.57527,3
1683.8,0.13841,2.81867,7.57527,3
1683.9,0.1384,2.81873,7.57527,3
1684,0.13838,2.81879,7.57527,3
1684.1,0.13837,2.81885,7.57527,3
1684.2,0.13836,2.8189,7.57527,3
1684.3,0.13835,2.81895,7.57527,3
1684.4,0.13834,2.81901,7.57527,3
1684.5,0.13832,2.81907,7.57527,3
1684.6,0.13831,2.81913,7.57527,3
1684.7,0.1383,2.8192,7.57527,3
1684.8,0.13829,2.81926,7.57527,3
1684.9,0.13828,2.81932,7.57527,3
1685,0.13827,2.81938,7.57528,3
1685.1,0.13825,2.81944,7.57528,3
1685.2,0.13824,2.8195,7.57528,3
1685.3,0.13823,2.81956,7.57528,3
1685.4,0.13822,2.81962,7.57528,3
1685.5,0.13821,2.81969,7.57528,3
1685.6,0.1382,2.81976,7.57528,3
1685.7,0.13819,2.81982,7.57528,3
1685.8,0.13817,2.81988,7.57528,3
1685.9,0.13816,2.81993,7.57528,3
1686,0.13815,2.81999,7.57528,3
1686.1,0.13814,2.82006,7.57528,3
1686.2,0.13812,2.82012,7.57529,3
1686.3,0.13811,2.82019,7.57529,3
1686.4,0.1381,2.82025,7.57529,3
1686.5,0.13809,2.82032,7.57529,3
1686.6,0.13808,2.82038,7.57529,3
1686.7,0.13807,2.82044,7.57529,3
1686.8,0.13806,2.8205,7.57529,3
1686.9,0.13804,2.82055,7.57529,3
1687,0.13803,2.82061,7.57529,3
1687.1,0.13802,2.82067,7.57529,3
1687.2,0.13801,2.82073,7.57529,3
1687.3,0.13799,2.82079,7.57529,3
1687.4,0.13798,2.82086,7.5753,3
1687.5,0.13797,2.82092,7.5753,3
1687.6,0.13796,2.82098,7.5753,3
1687.7,0.13795,2.82105,7.5753,3
1687.8,0.13794,2.82112,7.5753,3
1687.9,0.13792,2.82119,7.5753,3
1688,0.13791,2.82125,7.5753,3
1688.1,0.1379,2.8213,7.5753,3
1688.2,0.13789,2.82135,7.5753,3
1688.3,0.13787,2.8214,7.5753,3
1688.4,0.13787,2.82146,7.5753,3
1688.5,0.13785,2.82152,7.5753,3
1688.6,0.13784,2.82159,7.57531,3
1688.7,0.13783,2.82165,7.57531,3
1688.8,0.13782,2.82172,7.57531,3
1688.9,0.13781,2.82179,7.57531,3
1689,0.1378,2.82185,7.57531,3
1689.1,0.13778,2.8219,7.57531,3
1689.2,0.13777,2.82195,7.57531,3
1689.3,0.13776,2.82201,7.57531,3
1689.4,0.13775,2.82207,7.57531,3
1689.5,0.13774,2.82213,7.57531,3
1689.6,0.13773,2.8222,7.57531,3
1689.7,0.13772,2.82227,7.57531,3
1689.8,0.13771,2.82233,7.57532,3
1689.9,0.13769,2.82239,7.57532,3
1690,0.13768,2.82246,7.57532,3
1690.1,0.13767,2.82253,7.57532,3
1690.2,0.13766,2.8226,7.57532,3
1690.3,0.13765,2.82266,7.57532,3
1690.4,0.13764,2.82272,7.57532,3
1690.5,0.13762,2.82277,7.57532,3
1690.6,0.13761,2.82283,7.57532,3
1690.7,0.1376,2.82289,7.57532,3
1690.8,0.13759,2.82296,7.57532,3
1690.9,0.13758,2.82302,7.57532,3
1691,0.13757,2.82309,7.57533,3
1691.1,0.13756,2.82316,7.57533,3
1691.2,0.13755,2.82322,7.57533,3
1691.3,0.13754,2.82329,7.57533,3
1691.4,0.13753,2.82335,7.57533,3
1691.5,0.13751,2.82342,7.57533,3
1691.6,0.1375,2.82348,7.57533,3
1691.7,0.13749,2.82354,7.57533,3
1691.8,0.13748,2.8236,7.57533,3
1691.9,0.13747,2.82366,7.57533,3
1692,0.13746,2.82373,7.57533,3
1692.1,0.13745,2.82379,7.57533,3
1692.2,0.13744,2.82386,7.57533,3
1692.3,0.13743,2.82393,7.57534,3
1692.4,0.13742,2.82399,7.57534,3
1692.5,0.13741,2.82404,7.57534,3
1692.6,0.1374,2.8241,7.57534,3
1692.7,0.13738,2.82417,7.57534,3
1692.8,0.13737,2.82424,7.57534,3
1692.9,0.13736,2.82431,7.57534,3
1693,0.13735,2.82438,7.57534,3
1693.1,0.13734,2.82445,7.57534,3
1693.2,0.13733,2.82451,7.57534,3
1693.3,0.13732,2.82457,7.57534,3
1693.4,0.13731,2.82462,7.57534,3
1693.5,0.1373,2.82467,7.57534,3
1693.6,0.13729,2.82473,7.57535,3
1693.7,0.13728,2.82479,7.57535,3
1693.8,0.13727,2.82485,7.57535,3
1693.9,0.13726,2.82492,7.57535,3
1694,0.13725,2.82499,7.57535,3
1694.1,0.13724,2.82506,7.57535,3
1694.2,0.13723,2.82514,7.57535,3
1694.3,0.13722,2.82521,7.57535,3
1694.4,0.13721,2.82527,7.57535,3
1694.5,0.1372,2.82533,7.57535,3
1694.6,0.13719,2.82539,7.57535,3
1694.7,0.13718,2.82545,7.57535,3
1694.8,0.13716,2.82552,7.57535,3
1694.9,0.13716,2.82558,7.57535,3
1695,0.13715,2.82565,7.57536,3
1695.1,0.13714,2.82572,7.57536,3
1695.2,0.13713,2.82579,7.57536,3
1695.3,0.13712,2.82586,7.57536,3
1695.4,0.13711,2.82592,7.57536,3
1695.5,0.1371,2.82598,7.57536,3
1695.6,0.13708,2.82604,7.57536,3
1695.7,0.13707,2.8261,7.57536,3
1695.8,0.13706,2.82616,7.57536,3
1695.9,0.13705,2.82622,7.57536,3
1696,0.13704,2.82629,7.57536,3
1696.1,0.13703,2.82636,7.57536,3
1696.2,0.13702,2.82643,7.57536,3
1696.3,0.13701,2.8265,7.57536,3
1696.4,0.137,2.82657,7.57537,3
1696.5,0.13699,2.82664,7.57537,3
1696.6,0.13698,2.8267,7.57537,3
1696.7,0.13697,2.82676,7.57537,3
1696.8,0.13696,2.82682,7.57537,3
1696.9,0.13695,2.82689,7.57537,3
1697,0.13694,2.82696,7.57537,3
1697.1,0.13693,2.82703,7.57537,3
1697.2,0.13693,2.8271,7.57537,3
1697.3,0.13692,2.82718,7.57537,3
1697.4,0.13691,2.82725,7.57537,3
1697.5,0.1369,2.82732,7.57537,3
1697.6,0.13689,2.82739,7.57537,3
1697.7,0.13688,2.82746,7.57537,3
1697.8,0.13687,2.82753,7.57537,3
1697.9,0.13686,2.82761,7.57537,3
1698,0.13685,2.82768,7.57537,3
1698.1,0.13684,2.82774,7.57538,3
1698.2,0.13683,2.82781,7.57538,3
1698.3,0.13682,2.82787,7.57538,3
1698.4,0.13682,2.82794,7.57538,3
1698.5,0.13681,2.828,7.57538,3
1698.6,0.1368,2.82807,7.57538,3
1698.7,0.13679,2.82814,7.57538,3
1698.8,0.13678,2.82821,7.57538,3
1698.9,0.13678,2.82828,7.57538,3
1699,0.13677,2.82835,7.57538,3
1699.1,0.13676,2.82843,7.57538,3
1699.2,0.13675,2.82851,7.57538,3
1699.3,0.13674,2.82858,7.57538,3
1699.4,0.13673,2.82866,7.57538,3
1699.5,0.13672,2.82873,7.57538,3
1699.6,0.13672,2.82879,7.57538,3
1699.7,0.13671,2.82886,7.57538,3
1699.8,0.1367,2.82893,7.57538,3
1699.9,0.13669,2.829,7.57539,3
1700,0.13668,2.82908,7.57539,3
1700.1,0.13667,2.82915,7.57539,3
1700.2,0.13666,2.82922,7.57539,3
1700.3,0.13665,2.82928,7.57539,3
1700.4,0.13664,2.82934,7.57539,3
1700.5,0.13663,2.82941,7.57539,3
1700.6,0.13663,2.82948,7.57539,3
1700.7,0.13662,2.82956,7.57539,3
1700.8,0.13661,2.82964,7.57539,3
1700.9,0.1366,2.82971,7.57539,3
1701,0.1366,2.82979,7.57539,3
1701.1,0.13659,2.82986,7.57539,3
1701.2,0.13658,2.82992,7.57539,3
1701.3,0.13657,2.83,7.57539,3
1701.4,0.13656,2.83007,7.57539,3
1701.5,0.13655,2.83015,7.57539,3
1701.6,0.13655,2.83022,7.57539,3
1701.7,0.13654,2.8303,7.5754,3
1701.8,0.13653,2.83038,7.5754,3
1701.9,0.13652,2.83045,7.5754,3
1702,0.13652,2.83052,7.5754,3
1702.1,0.13651,2.83059,7.5754,3
1702.2,0.1365,2.83066,7.5754,3
1702.3,0.13649,2.83074,7.5754,3
1702.4,0.13648,2.83081,7.5754,3
1702.5,0.13647,2.83089,7.5754,3
1702.6,0.13646,2.83096,7.5754,3
1702.7,0.13645,2.83102,7.5754,3
1702.8,0.13645,2.83108,7.5754,3
1702.9,0.13644,2.83115,7.5754,3
1703,0.13643,2.83122,7.5754,3
1703.1,0.13642,2.8313,7.5754,3
1703.2,0.13642,2.83137,7.5754,3
1703.3,0.13641,2.83145,7.5754,3
1703.4,0.1364,2.83153,7.5754,3
1703.5,0.13639,2.8316,7.5754,3
1703.6,0.13638,2.83165,7.57541,3
1703.7,0.13638,2.83171,7.57541,3
1703.8,0.13637,2.83178,7.57541,3
1703.9,0.13636,2.83185,7.57541,3
1704,0.13636,2.83192,7.57541,3
1704.1,0.13635,2.832,7.57541,3
1704.2,0.13634,2.83207,7.57541,3
1704.3,0.13633,2.83215,7.57541,3
1704.4,0.13633,2.83223,7.57541,3
1704.5,0.13632,2.83231,7.57541,3
1704.6,0.13631,2.83238,7.57541,3
1704.7,0.1363,2.83244,7.57541,3
1704.8,0.1363,2.8325,7.57541,3
1704.9,0.13629,2.83256,7.57541,3
1705,0.13628,2.83263,7.57541,3
1705.1,0.13628,2.8327,7.57541,3
1705.2,0.13627,2.83277,7.57541,3
1705.3,0.13626,2.83285,7.57541,3
1705.4,0.13625,2.83292,7.57541,3
1705.5,0.13624,2.83299,7.57541,3
1705.6,0.13624,2.83305,7.57541,3
1705.7,0.13623,2.83312,7.57542,3
1705.8,0.13622,2.83318,7.57542,3
1705.9,0.13622,2.83325,7.57542,3
1706,0.13621,2.83332,7.57542,3
1706.1,0.1362,2.8334,7.57542,3
1706.2,0.1362,2.83346,7.57542,3
1706.3,0.13619,2.83353,7.57542,3
1706.4,0.13619,2.8336,7.57542,3
1706.5,0.13618,2.83367,7.57542,3
1706.6,0.13617,2.83374,7.57542,3
1706.7,0.13617,2.83381,7.57542,3
1706.8,0.13616,2.83389,7.57542,3
1706.9,0.13615,2.83396,7.57542,3
1707,0.13615,2.83402,7.57542,3
1707.1,0.13614,2.83408,7.57542,3
1707.2,0.13613,2.83414,7.57542,3
1707.3,0.13613,2.8342,7.57542,3
1707.4,0.13612,2.83426,7.57542,3
1707.5,0.13612,2.83433,7.57542,3
1707.6,0.13611,2.83441,7.57542,3
1707.7,0.13611,2.83449,7.57542,3
1707.8,0.1361,2.83457,7.57542,3
1707.9,0.13609,2.83463,7.57542,3
1708,0.13609,2.83469,7.57542,3
1708.1,0.13608,2.83476,7.57542,3
1708.2,0.13608,2.83482,7.57542,3
1708.3,0.13607,2.83489,7.57543,3
1708.4,0.13606,2.83495,7.57543,3
1708.5,0.13606,2.83502,7.57543,3
1708.6,0.13605,2.83509,7.57543,3
1708.7,0.13604,2.83516,7.57543,3
1708.8,0.13604,2.83523,7.57543,3
1708.9,0.13603,2.83529,7.57543,3
1709,0.13603,2.83535,7.57543,3
1709.1,0.13602,2.8354,7.57543,3
1709.2,0.13602,2.83546,7.57543,3
1709.3,0.13601,2.83552,7.57543,3
1709.4,0.136,2.83559,7.57543,3
1709.5,0.136,2.83566,7.57543,3
1709.6,0.13599,2.83573,7.57543,3
1709.7,0.13599,2.8358,7.57543,3
1709.8,0.13598,2.83587,7.57543,3
1709.9,0.13598,2.83592,7.57543,3
1710,0.13597,2.83599,7.57543,3
1710.1,0.13597,2.83606,7.57543,3
1710.2,0.13596,2.83612,7.57543,3
1710.3,0.13596,2.83619,7.57543,3
1710.4,0.13595,2.83624,7.57543,3
1710.5,0.13595,2.8363,7.57543,3
1710.6,0.13594,2.83637,7.57543,3
1710.7,0.13594,2.83643,7.57543,3
1710.8,0.13594,2.8365,7.57543,3
1710.9,0.13593,2.83656,7.57543,3
1711,0.13592,2.83662,7.57543,3
1711.1,0.13592,2.83668,7.57543,3
1711.2,0.13592,2.83674,7.57543,3
1711.3,0.13591,2.8368,7.57543,3
1711.4,0.1359,2.83687,7.57543,3
1711.5,0.1359,2.83694,7.57543,3
1711.6,0.13589,2.83701,7.57543,3
1711.7,0.13589,2.83708,7.57543,3
1711.8,0.13588,2.83714,7.57543,3
1711.9,0.13588,2.83721,7.57543,3
1712,0.13588,2.83728,7.57543,3
1712.1,0.13587,2.83734,7.57544,3
1712.2,0.13587,2.83741,7.57544,3
1712.3,0.13586,2.83747,7.57544,3
1712.4,0.13586,2.83753,7.57544,3
1712.5,0.13585,2.83759,7.57544,3
1712.6,0.13585,2.83765,7.57544,3
1712.7,0.13584,2.83772,7.57544,3
1712.8,0.13584,2.83779,7.57544,3
1712.9,0.13584,2.83786,7.57544,3
1713,0.13583,2.83792,7.57544,3
1713.1,0.13583,2.83798,7.57544,3
1713.2,0.13582,2.83804,7.57544,3
1713.3,0.13582,2.8381,7.57544,3
1713.4,0.13581,2.83816,7.57544,3
1713.5,0.13581,2.83822,7.57544,3
1713.6,0.1358,2.83829,7.57544,3
1713.7,0.1358,2.83835,7.57544,3
1713.8,0.1358,2.83842,7.57544,3
1713.9,0.13579,2.83849,7.57544,3
1714,0.13579,2.83855,7.57544,3
1714.1,0.13578,2.83861,7.57544,3
1714.2,0.13578,2.83867,7.57544,3
1714.3,0.13577,2.83872,7.57544,3
1714.4,0.13577,2.83879,7.57544,3
1714.5,0.13576,2.83885,7.57544,3
1714.6,0.13576,2.83892,7.57544,3
1714.7,0.13576,2.83898,7.57544,3
1714.8,0.13575,2.83905,7.57544,3
1714.9,0.13575,2.83911,7.57544,3
1715,0.13575,2.83917,7.57544,3
1715.1,0.13574,2.83922,7.57544,3
1715.2,0.13574,2.83928,7.57544,3
1715.3,0.13574,2.83934,7.57544,3
1715.4,0.13573,2.83941,7.57544,3
1715.5,0.13573,2.83948,7.57544,3
1715.6,0.13572,2.83954,7.57544,3
1715.7,0.13572,2.83961,7.57544,3
1715.8,0.13571,2.83968,7.57544,3
1715.9,0.13571,2.83974,7.57544,3
1716,0.13571,2.8398,7.57544,3
1716.1,0.1357,2.83986,7.57544,3
1716.2,0.1357,2.83993,7.57544,3
1716.3,0.13569,2.84,7.57544,3
1716.4,0.13569,2.84006,7.57544,3
1716.5,0.13569,2.84014,7.57544,3
1716.6,0.13568,2.84021,7.57544,3
1716.7,0.13568,2.84027,7.57544,3
1716.8,0.13567,2.84034,7.57544,3
1716.9,0.13567,2.84041,7.57544,3
1717,0.13567,2.84047,7.57544,3
1717.1,0.13566,2.84053,7.57544,3
1717.2,0.13566,2.84061,7.57544,3
1717.3,0.13565,2.84068,7.57544,3
1717.4,0.13565,2.84075,7.57544,3
1717.5,0.13565,2.84082,7.57544,3
1717.6,0.13564,2.84088,7.57544,3
1717.7,0.13564,2.84095,7.57544,3
1717.8,0.13564,2.84101,7.57544,3
1717.9,0.13563,2.84107,7.57544,3
1718,0.13563,2.84113,7.57544,3
1718.1,0.13563,2.84119,7.57544,3
1718.2,0.13562,2.84127,7.57544,3
1718.3,0.13562,2.84135,7.57544,3
1718.4,0.13561,2.84143,7.57544,3
1718.5,0.13561,2.84149,7.57544,3
1718.6,0.1356,2.84155,7.57544,3
1718.7,0.1356,2.8416,7.57544,3
1718.8,0.13559,2.84165,7.57544,3
1718.9,0.13558,2.84171,7.57544,3
1719,0.13558,2.84178,7.57544,3
1719.1,0.13557,2.84184,7.57544,3
1719.2,0.13556,2.84191,7.57544,3
1719.3,0.13555,2.84198,7.57544,3
1719.4,0.13554,2.84205,7.57544,3
1719.5,0.13553,2.84211,7.57544,3
1719.6,0.13552,2.84218,7.57544,3
1719.7,0.13551,2.84224,7.57544,3
1719.8,0.13549,2.84231,7.57544,3
1719.9,0.13548,2.84238,7.57545,3
1720,0.13548,2.84245,7.57545,3
1720.1,0.13547,2.84252,7.57545,3
1720.2,0.13546,2.84258,7.57545,3
1720.3,0.13546,2.84263,7.57545,3
1720.4,0.13543,2.84269,7.57545,3
1720.5,0.13543,2.84275,7.57545,3
1720.6,0.13541,2.84281,7.57545,3
1720.7,0.1354,2.84288,7.57545,3
1720.8,0.13539,2.84294,7.57545,3
1720.9,0.13538,2.843,7.57545,3
1721,0.13537,2.84305,7.57545,3
1721.1,0.13537,2.84311,7.57545,3
1721.2,0.13537,2.84316,7.57545,3
1721.3,0.13536,2.84322,7.57545,3
1721.4,0.13536,2.84328,7.57545,3
1721.5,0.13535,2.84335,7.57545,3
1721.6,0.13535,2.84342,7.57545,3
1721.7,0.13534,2.84348,7.57545,3
1721.8,0.13534,2.84354,7.57545,3
1721.9,0.13533,2.8436,7.57545,3
1722,0.13532,2.84366,7.57545,3
1722.1,0.13532,2.84373,7.57545,3
1722.2,0.13531,2.84379,7.57545,3
1722.3,0.1353,2.84386,7.57545,3
1722.4,0.1353,2.84392,7.57545,3
1722.5,0.13528,2.84399,7.57545,3
1722.6,0.13527,2.84405,7.57545,3
1722.7,0.13526,2.84411,7.57545,3
1722.8,0.13526,2.84416,7.57545,3
1722.9,0.13526,2.84423,7.57545,3
1723,0.13525,2.84429,7.57545,3
1723.1,0.13525,2.84436,7.57545,3
1723.2,0.13525,2.84442,7.57545,3
1723.3,0.13525,2.84448,7.57545,3
1723.4,0.13524,2.84454,7.57545,3
1723.5,0.13524,2.84459,7.57545,3
1723.6,0.13524,2.84465,7.57545,3
1723.7,0.13524,2.8447,7.57545,3
1723.8,0.13523,2.84476,7.57545,3
1723.9,0.13523,2.84482,7.57545,3
1724,0.13522,2.84489,7.57545,3
1724.1,0.1352,2.84495,7.57545,3
1724.2,0.1352,2.84502,7.57545,3
1724.3,0.1352,2.84508,7.57545,3
1724.4,0.1352,2.84514,7.57545,3
1724.5,0.1352,2.8452,7.57545,3
1724.6,0.13519,2.84527,7.57545,3
1724.7,0.13519,2.84533,7.57545,3
1724.8,0.13519,2.8454,7.57545,3
1724.9,0.13519,2.84546,7.57545,3
1725,0.13519,2.84552,7.57545,3
1725.1,0.13519,2.84557,7.57545,3
1725.2,0.13518,2.84563,7.57545,3
1725.3,0.13517,2.84569,7.57545,3
1725.4,0.13517,2.84574,7.57545,3
1725.5,0.13517,2.8458,7.57545,3
1725.6,0.13516,2.84586,7.57545,3
1725.7,0.13516,2.84592,7.57545,3
1725.8,0.13516,2.84598,7.57545,3
1725.9,0.13516,2.84604,7.57545,3
1726,0.13516,2.8461,7.57545,3
1726.1,0.13516,2.84616,7.57545,3
1726.2,0.13516,2.84621,7.57545,3
1726.3,0.13515,2.84629,7.57545,3
1726.4,0.13514,2.84636,7.57545,3
1726.5,0.13514,2.84643,7.57545,3
1726.6,0.13514,2.84651,7.57545,3
1726.7,0.13514,2.84658,7.57545,3
1726.8,0.13514,2.84666,7.57545,3
1726.9,0.13514,2.84673,7.57545,3
1727,0.13514,2.84681,7.57545,3
1727.1,0.13514,2.84688,7.57545,3
1727.2,0.13513,2.84696,7.57545,3
1727.3,0.13513,2.84703,7.57545,3
1727.4,0.13513,2.84711,7.57545,3
1727.5,0.13514,2.84717,7.57545,3
1727.6,0.13513,2.84723,7.57545,3
1727.7,0.13513,2.84728,7.57545,3
1727.8,0.13512,2.84733,7.57545,3
1727.9,0.13512,2.8474,7.57545,3
1728,0.13512,2.84747,7.57545,3
1728.1,0.13512,2.84754,7.57545,3
1728.2,0.13512,2.84761,7.57545,3
1728.3,0.13512,2.84768,7.57545,3
1728.4,0.13512,2.84773,7.57545,3
1728.5,0.13511,2.84778,7.57545,3
1728.6,0.13511,2.84783,7.57545,3
1728.7,0.13511,2.84788,7.57545,3
1728.8,0.13511,2.84793,7.57545,3
1728.9,0.13509,2.84799,7.57545,3
1729,0.13508,2.84806,7.57545,3
1729.1,0.13507,2.84812,7.57545,3
1729.2,0.13506,2.84817,7.57545,3
1729.3,0.13505,2.84822,7.57545,3
1729.4,0.13504,2.84828,7.57545,3
1729.5,0.13503,2.84835,7.57545,3
1729.6,0.13502,2.84841,7.57545,3
1729.7,0.13501,2.84847,7.57544,3
1729.8,0.135,2.84852,7.57544,3
1729.9,0.13499,2.84858,7.57544,3
1730,0.13498,2.84864,7.57544,3
1730.1,0.13498,2.8487,7.57544,3
1730.2,0.13497,2.84874,7.57544,3
1730.3,0.13496,2.84879,7.57544,3
1730.4,0.13496,2.84886,7.57544,3
1730.5,0.13495,2.84891,7.57544,3
1730.6,0.13494,2.84897,7.57544,3
1730.7,0.13493,2.84904,7.57544,3
1730.8,0.13493,2.84909,7.57544,3
1730.9,0.13492,2.84915,7.57544,3
1731,0.13492,2.8492,7.57544,3
1731.1,0.13491,2.84924,7.57544,3
1731.2,0.13491,2.84928,7.57544,3
1731.3,0.13491,2.84934,7.57544,3
1731.4,0.13491,2.8494,7.57544,3
1731.5,0.13491,2.84946,7.57544,3
1731.6,0.13491,2.84952,7.57544,3
1731.7,0.13491,2.84957,7.57544,3
1731.8,0.1349,2.84963,7.57544,3
1731.9,0.1349,2.84968,7.57544,3
1732,0.13489,2.84972,7.57544,3
1732.1,0.13489,2.84978,7.57544,3
1732.2,0.13489,2.84983,7.57544,3
1732.3,0.13489,2.84989,7.57544,3
1732.4,0.13488,2.84995,7.57544,3
1732.5,0.13488,2.85001,7.57544,3
1732.6,0.13488,2.85006,7.57544,3
1732.7,0.13489,2.85011,7.57544,3
1732.8,0.13489,2.85015,7.57544,3
1732.9,0.13489,2.8502,7.57544,3
1733,0.13488,2.85026,7.57544,3
1733.1,0.13488,2.85031,7.57544,3
1733.2,0.13488,2.85037,7.57543,3
1733.3,0.13487,2.85043,7.57543,3
1733.4,0.13487,2.85047,7.57543,3
1733.5,0.13486,2.85052,7.57543,3
1733.6,0.13487,2.85056,7.57543,3
1733.7,0.13487,2.85059,7.57543,3
1733.8,0.13487,2.85063,7.57543,3
1733.9,0.13487,2.85068,7.57543,3
1734,0.13488,2.85072,7.57543,3
1734.1,0.13488,2.85076,7.57543,3
1734.2,0.13488,2.8508,7.57543,3
1734.3,0.13488,2.85084,7.57543,3
1734.4,0.13487,2.85088,7.57543,3
1734.5,0.13487,2.85092,7.57543,3
1734.6,0.13487,2.85097,7.57543,3
1734.7,0.13486,2.85102,7.57543,3
1734.8,0.13486,2.85106,7.57543,3
1734.9,0.13486,2.8511,7.57543,3
1735,0.13486,2.85114,7.57543,3
1735.1,0.13486,2.85118,7.57543,3
1735.2,0.13486,2.85121,7.57543,3
1735.3,0.13485,2.85126,7.57543,3
1735.4,0.13485,2.8513,7.57543,3
1735.5,0.13485,2.85135,7.57543,3
1735.6,0.13485,2.85138,7.57543,3
1735.7,0.13485,2.85142,7.57543,3
1735.8,0.13485,2.85145,7.57543,3
1735.9,0.13486,2.85149,7.57542,3
1736,0.13486,2.85153,7.57542,3
1736.1,0.13486,2.85158,7.57542,3
1736.2,0.13487,2.85162,7.57542,3
1736.3,0.13488,2.85166,7.57542,3
1736.4,0.13489,2.8517,7.57542,3
1736.5,0.1349,2.85173,7.57542,3
1736.6,0.13491,2.85178,7.57542,3
1736.7,0.13492,2.85182,7.57542,3
1736.8,0.13493,2.85187,7.57542,3
1736.9,0.13494,2.85191,7.57542,3
1737,0.13495,2.85194,7.57542,3
1737.1,0.13496,2.85197,7.57542,3
1737.2,0.13496,2.85199,7.57542,3
1737.3,0.13496,2.85201,7.57542,3
1737.4,0.13496,2.85204,7.57542,3
1737.5,0.13496,2.85209,7.57542,3
1737.6,0.13496,2.85214,7.57542,3
1737.7,0.13498,2.85218,7.57542,3
1737.8,0.13498,2.85222,7.57542,3
1737.9,0.13498,2.85226,7.57542,3
1738,0.13499,2.85229,7.57541,3
1738.1,0.13499,2.85232,7.57541,3
1738.2,0.135,2.85237,7.57541,3
1738.3,0.135,2.8524,7.57541,3
1738.4,0.13501,2.85244,7.57541,3
1738.5,0.13501,2.85248,7.57541,3
1738.6,0.13502,2.85252,7.57541,3
1738.7,0.13502,2.85255,7.57541,3
1738.8,0.13502,2.85258,7.57541,3
1738.9,0.13503,2.85261,7.57541,3
1739,0.13503,2.85265,7.57541,3
1739.1,0.13503,2.85269,7.57541,3
1739.2,0.13504,2.85272,7.57541,3
1739.3,0.13504,2.85276,7.57541,3
1739.4,0.13505,2.85279,7.57541,3
1739.5,0.13505,2.85282,7.57541,3
1739.6,0.13505,2.85285,7.57541,3
1739.7,0.13506,2.85288,7.57541,3
1739.8,0.13506,2.8529,7.57541,3
1739.9,0.13506,2.85293,7.57541,3
1740,0.13506,2.85295,7.57541,3
1740.1,0.13507,2.85298,7.57541,3
1740.2,0.13507,2.85303,7.57541,3
1740.3,0.13508,2.85306,7.57541,3
1740.4,0.13508,2.85309,7.57541,3
1740.5,0.13509,2.85313,7.57541,3
1740.6,0.13509,2.85316,7.5754,3
1740.7,0.13509,2.85319,7.5754,3
1740.8,0.1351,2.85323,7.5754,3
1740.9,0.13511,2.85326,7.5754,3
1741,0.13511,2.8533,7.5754,3
1741.1,0.13512,2.85334,7.5754,3
1741.2,0.13512,2.85337,7.5754,3
1741.3,0.13513,2.8534,7.5754,3
1741.4,0.13514,2.85343,7.5754,3
1741.5,0.13514,2.85345,7.5754,3
1741.6,0.13514,2.85346,7.5754,3
1741.7,0.13515,2.85349,7.5754,3
1741.8,0.13516,2.85353,7.5754,3
1741.9,0.13517,2.85357,7.5754,3
1742,0.13518,2.8536,7.5754,3
1742.1,0.13518,2.85363,7.5754,3
1742.2,0.13518,2.85365,7.5754,3
1742.3,0.13519,2.85367,7.5754,3
1742.4,0.1352,2.8537,7.5754,3
1742.5,0.13521,2.85373,7.5754,3
1742.6,0.13522,2.85377,7.5754,3
1742.7,0.13523,2.85379,7.5754,3
1742.8,0.13524,2.85381,7.5754,3
1742.9,0.13524,2.85383,7.5754,3
1743,0.13524,2.85386,7.5754,3
1743.1,0.13525,2.85389,7.5754,3
1743.2,0.13525,2.85392,7.5754,3
1743.3,0.13526,2.85396,7.5754,3
1743.4,0.13527,2.85399,7.5754,3
1743.5,0.13527,2.85402,7.5754,3
1743.6,0.13528,2.85404,7.57539,3
1743.7,0.13529,2.85407,7.57539,3
1743.8,0.1353,2.8541,7.57539,3
1743.9,0.13531,2.85413,7.57539,3
1744,0.13532,2.85416,7.57539,3
1744.1,0.13534,2.85419,7.57539,3
1744.2,0.13535,2.85421,7.57539,3
1744.3,0.13536,2.85423,7.57539,3
1744.4,0.13536,2.85427,7.57539,3
1744.5,0.13537,2.8543,7.57539,3
1744.6,0.13537,2.85433,7.57539,3
1744.7,0.13537,2.85436,7.57539,3
1744.8,0.13538,2.85438,7.57539,3
1744.9,0.13539,2.85438,7.57539,3
1745,0.1354,2.8544,7.57539,3
1745.1,0.1354,2.85442,7.57539,3
1745.2,0.13541,2.85444,7.57539,3
1745.3,0.13542,2.85447,7.57539,3
1745.4,0.13543,2.85451,7.57539,3
1745.5,0.13543,2.85453,7.57539,3
1745.6,0.13544,2.85456,7.57539,3
1745.7,0.13545,2.85459,7.57539,3
1745.8,0.13546,2.85461,7.57539,3
1745.9,0.13547,2.85465,7.57539,3
1746,0.13548,2.85467,7.57539,3
1746.1,0.13549,2.8547,7.57539,3
1746.2,0.1355,2.85472,7.57539,3
1746.3,0.13551,2.85474,7.57539,3
1746.4,0.13552,2.85476,7.57539,3
1746.5,0.13553,2.85478,7.57538,3
1746.6,0.13553,2.85479,7.57538,3
1746.7,0.13554,2.85481,7.57538,3
1746.8,0.13555,2.85484,7.57538,3
1746.9,0.13555,2.85487,7.57538,3
1747,0.13556,2.8549,7.57538,3
1747.1,0.13556,2.85494,7.57538,3
1747.2,0.13557,2.85497,7.57538,3
1747.3,0.13559,2.85499,7.57538,3
1747.4,0.1356,2.85503,7.57538,3
1747.5,0.13561,2.85506,7.57538,3
1747.6,0.13562,2.8551,7.57538,3
1747.7,0.13563,2.85511,7.57538,3
1747.8,0.13564,2.85513,7.57538,3
1747.9,0.13565,2.85516,7.57538,3
1748,0.13565,2.85518,7.57538,3
1748.1,0.13566,2.85522,7.57538,3
1748.2,0.13566,2.85524,7.57538,3
1748.3,0.13567,2.85528,7.57538,3
1748.4,0.13567,2.8553,7.57538,3
1748.5,0.13568,2.85534,7.57538,3
1748.6,0.13569,2.85537,7.57538,3
1748.7,0.1357,2.85541,7.57538,3
1748.8,0.1357,2.85544,7.57538,3
1748.9,0.13571,2.85547,7.57538,3
1749,0.13571,2.8555,7.57538,3
1749.1,0.13573,2.85552,7.57538,3
1749.2,0.13574,2.85554,7.57537,3
1749.3,0.13575,2.85557,7.57537,3
1749.4,0.13576,2.85559,7.57537,3
1749.5,0.13577,2.85561,7.57537,3
1749.6,0.13577,2.85564,7.57537,3
1749.7,0.13578,2.85568,7.57537,3
1749.8,0.13579,2.8557,7.57537,3
1749.9,0.1358,2.85573,7.57537,3
1750,0.1358,2.85576,7.57537,3
1750.1,0.13581,2.85578,7.57537,3
1750.2,0.13583,2.8558,7.57537,3
1750.3,0.13584,2.85583,7.57537,3
1750.4,0.13586,2.85585,7.57537,3
1750.5,0.13587,2.85589,7.57537,3
1750.6,0.13587,2.85593,7.57537,3
1750.7,0.13588,2.85596,7.57537,3
1750.8,0.13588,2.85598,7.57537,3
1750.9,0.13589,2.856,7.57537,3
1751,0.1359,2.85603,7.57537,3
1751.1,0.1359,2.85605,7.57537,3
1751.2,0.13591,2.85606,7.57537,3
1751.3,0.13592,2.85609,7.57537,3
1751.4,0.13592,2.85611,7.57536,3
1751.5,0.13592,2.85615,7.57536,3
1751.6,0.13593,2.85619,7.57536,3
1751.7,0.13593,2.85622,7.57536,3
1751.8,0.13594,2.85624,7.57536,3
1751.9,0.13594,2.85627,7.57536,3
1752,0.13595,2.8563,7.57536,3
1752.1,0.13596,2.85632,7.57536,3
1752.2,0.13597,2.85636,7.57536,3
1752.3,0.13599,2.85639,7.57536,3
1752.4,0.136,2.85641,7.57536,3
1752.5,0.13601,2.85643,7.57536,3
1752.6,0.13603,2.85645,7.57536,3
1752.7,0.13603,2.85647,7.57536,3
1752.8,0.13604,2.8565,7.57536,3
1752.9,0.13604,2.85653,7.57536,3
1753,0.13605,2.85655,7.57536,3
1753.1,0.13605,2.85658,7.57536,3
1753.2,0.13605,2.85662,7.57536,3
1753.3,0.13606,2.85666,7.57536,3
1753.4,0.13607,2.85669,7.57535,3
1753.5,0.13607,2.85671,7.57535,3
1753.6,0.13608,2.85673,7.57535,3
1753.7,0.13609,2.85675,7.57535,3
1753.8,0.1361,2.85678,7.57535,3
1753.9,0.1361,2.8568,7.57535,3
1754,0.13611,2.85683,7.57535,3
1754.1,0.13611,2.85687,7.57535,3
1754.2,0.13612,2.85689,7.57535,3
1754.3,0.13612,2.8569,7.57535,3
1754.4,0.13612,2.85692,7.57535,3
1754.5,0.13613,2.85694,7.57535,3
1754.6,0.13613,2.85695,7.57535,3
1754.7,0.13613,2.85698,7.57535,3
1754.8,0.13614,2.857,7.57535,3
1754.9,0.13614,2.85702,7.57535,3
1755,0.13615,2.85705,7.57535,3
1755.1,0.13616,2.85708,7.57535,3
1755.2,0.13617,2.85712,7.57535,3
1755.3,0.13617,2.85715,7.57535,3
1755.4,0.13618,2.85718,7.57535,3
1755.5,0.13618,2.85721,7.57535,3
1755.6,0.13618,2.85721,7.57534,3
1755.7,0.13619,2.85721,7.57534,3
1755.8,0.13619,2.85722,7.57534,3
1755.9,0.13619,2.85724,7.57534,3
1756,0.1362,2.85727,7.57534,3
1756.1,0.1362,2.85729,7.57534,3
1756.2,0.13621,2.85731,7.57534,3
1756.3,0.13621,2.85733,7.57534,3
1756.4,0.13621,2.85736,7.57534,3
1756.5,0.13622,2.85739,7.57534,3
1756.6,0.13622,2.85741,7.57534,3
1756.7,0.13623,2.85743,7.57534,3
1756.8,0.13623,2.85744,7.57534,3
1756.9,0.13624,2.85746,7.57534,3
1757,0.13624,2.85748,7.57534,3
1757.1,0.13625,2.8575,7.57534,3
1757.2,0.13625,2.85754,7.57534,3
1757.3,0.13626,2.85756,7.57534,3
1757.4,0.13626,2.85758,7.57534,3
1757.5,0.13627,2.8576,7.57534,3
1757.6,0.13627,2.85763,7.57534,3
1757.7,0.13628,2.85766,7.57533,3
1757.8,0.13628,2.85767,7.57533,3
1757.9,0.13629,2.85768,7.57533,3
1758,0.1363,2.85771,7.57533,3
1758.1,0.1363,2.85774,7.57533,3
1758.2,0.13631,2.85777,7.57533,3
1758.3,0.13632,2.8578,7.57533,3
1758.4,0.13633,2.85782,7.57533,3
1758.5,0.13634,2.85783,7.57533,3
1758.6,0.13635,2.85784,7.57533,3
1758.7,0.13636,2.85785,7.57533,3
1758.8,0.13637,2.85787,7.57533,3
1758.9,0.13638,2.85789,7.57533,3
1759,0.13638,2.85791,7.57533,3
1759.1,0.13639,2.85794,7.57532,3
1759.2,0.1364,2.85795,7.57532,3
1759.3,0.13641,2.85797,7.57532,3
1759.4,0.13642,2.85798,7.57532,3
1759.5,0.13643,2.858,7.57532,3
1759.6,0.13644,2.85801,7.57532,3
1759.7,0.13645,2.85803,7.57532,3
1759.8,0.13646,2.85805,7.57532,3
1759.9,0.13647,2.85808,7.57532,3
1760,0.13647,2.85811,7.57532,3
1760.1,0.13648,2.85814,7.57532,3
1760.2,0.13649,2.85813,7.57532,3
1760.3,0.1365,2.85815,7.57532,3
1760.4,0.13651,2.85815,7.57532,3
1760.5,0.13652,2.85817,7.57532,3
1760.6,0.13653,2.8582,7.57531,3
1760.7,0.13653,2.85822,7.57531,3
1760.8,0.13654,2.85824,7.57531,3
1760.9,0.13654,2.85827,7.57531,3
1761,0.13655,2.85829,7.57531,3
1761.1,0.13655,2.85832,7.57531,3
1761.2,0.13656,2.85835,7.57531,3
1761.3,0.13658,2.85837,7.57531,3
1761.4,0.13659,2.8584,7.57531,3
1761.5,0.13659,2.85842,7.57531,3
1761.6,0.13661,2.85844,7.57531,3
1761.7,0.13661,2.85845,7.57531,3
1761.8,0.13662,2.85847,7.57531,3
1761.9,0.13662,2.85847,7.57531,3
1762,0.13663,2.85848,7.57531,3
1762.1,0.13663,2.85849,7.5753,3
1762.2,0.13664,2.85849,7.5753,3
1762.3,0.13664,2.8585,7.5753,3
1762.4,0.13665,2.85852,7.5753,3
1762.5,0.13666,2.85853,7.5753,3
1762.6,0.13666,2.85856,7.5753,3
1762.7,0.13668,2.85857,7.5753,3
1762.8,0.13669,2.85858,7.5753,3
1762.9,0.13669,2.85859,7.5753,3
1763,0.13669,2.8586,7.5753,3
1763.1,0.1367,2.85861,7.5753,3
1763.2,0.13671,2.85863,7.5753,3
1763.3,0.13672,2.85863,7.5753,3
1763.4,0.13673,2.85865,7.5753,3
1763.5,0.13673,2.85867,7.5753,3
1763.6,0.13673,2.85868,7.57529,3
1763.7,0.13673,2.85869,7.57529,3
1763.8,0.13674,2.8587,7.57529,3
1763.9,0.13674,2.85873,7.57529,3
1764,0.13674,2.85875,7.57529,3
1764.1,0.13674,2.85878,7.57529,3
1764.2,0.13674,2.8588,7.57529,3
1764.3,0.13675,2.85882,7.57529,3
1764.4,0.13675,2.85884,7.57529,3
1764.5,0.13675,2.85886,7.57529,3
1764.6,0.13675,2.85887,7.57529,3
1764.7,0.13676,2.85889,7.57529,3
1764.8,0.13676,2.85892,7.57529,3
1764.9,0.13676,2.85894,7.57529,3
1765,0.13677,2.85897,7.57529,3
1765.1,0.13677,2.85899,7.57528,3
1765.2,0.13677,2.859,7.57528,3
1765.3,0.13678,2.85901,7.57528,3
1765.4,0.13678,2.85903,7.57528,3
1765.5,0.13678,2.85905,7.57528,3
1765.6,0.13678,2.85908,7.57528,3
1765.7,0.13679,2.85911,7.57528,3
1765.8,0.1368,2.85914,7.57528,3
1765.9,0.13681,2.85916,7.57528,3
1766,0.13682,2.85917,7.57528,3
1766.1,0.13683,2.8592,7.57528,3
1766.2,0.13685,2.85923,7.57528,3
1766.3,0.13686,2.85926,7.57528,3
1766.4,0.13687,2.8593,7.57528,3
1766.5,0.13688,2.85932,7.57528,3
1766.6,0.13688,2.85936,7.57527,3
1766.7,0.13688,2.85938,7.57527,3
1766.8,0.13688,2.85941,7.57527,3
1766.9,0.13689,2.85944,7.57527,3
1767,0.13689,2.85947,7.57527,3
1767.1,0.13689,2.85949,7.57527,3
1767.2,0.13689,2.85951,7.57527,3
1767.3,0.13689,2.85954,7.57527,3
1767.4,0.1369,2.85957,7.57527,3
1767.5,0.1369,2.85959,7.57527,3
1767.6,0.1369,2.8596,7.57527,3
1767.7,0.1369,2.85962,7.57527,3
1767.8,0.1369,2.85963,7.57527,3
1767.9,0.1369,2.85965,7.57526,3
1768,0.1369,2.85967,7.57526,3
1768.1,0.1369,2.8597,7.57526,3
1768.2,0.1369,2.85973,7.57526,3
1768.3,0.1369,2.85975,7.57526,3
1768.4,0.1369,2.85976,7.57526,3
1768.5,0.13689,2.85977,7.57526,3
1768.6,0.13689,2.85978,7.57526,3
1768.7,0.13689,2.8598,7.57526,3
1768.8,0.13689,2.85981,7.57526,3
1768.9,0.13689,2.85983,7.57526,3
1769,0.13689,2.85986,7.57526,3
1769.1,0.13688,2.85988,7.57525,3
1769.2,0.13688,2.85991,7.57525,3
1769.3,0.13688,2.85993,7.57525,3
1769.4,0.13688,2.85996,7.57525,3
1769.5,0.13688,2.85998,7.57525,3
1769.6,0.13688,2.86001,7.57525,3
1769.7,0.13688,2.86003,7.57525,3
1769.8,0.13687,2.86003,7.57525,3
1769.9,0.13687,2.86004,7.57525,3
1770,0.13687,2.86005,7.57525,3
1770.1,0.13687,2.86008,7.57525,3
1770.2,0.13687,2.86011,7.57525,3
1770.3,0.13687,2.86015,7.57525,3
1770.4,0.13687,2.86018,7.57524,3
1770.5,0.13687,2.86021,7.57524,3
1770.6,0.13686,2.86023,7.57524,3
1770.7,0.13686,2.86025,7.57524,3
1770.8,0.13687,2.86028,7.57524,3
1770.9,0.13688,2.86032,7.57524,3
1771,0.13688,2.86035,7.57524,3
1771.1,0.13688,2.86038,7.57524,3
1771.2,0.13687,2.86039,7.57524,3
1771.3,0.13687,2.86042,7.57524,3
1771.4,0.13687,2.86045,7.57524,3
1771.5,0.13688,2.86048,7.57524,3
1771.6,0.13687,2.86052,7.57524,3
1771.7,0.13688,2.86054,7.57524,3
1771.8,0.13687,2.86056,7.57523,3
1771.9,0.13687,2.86058,7.57523,3
1772,0.13687,2.86059,7.57523,3
1772.1,0.13686,2.86061,7.57523,3
1772.2,0.13686,2.86064,7.57523,3
1772.3,0.13686,2.86067,7.57523,3
1772.4,0.13686,2.86071,7.57523,3
1772.5,0.13686,2.86074,7.57523,3
1772.6,0.13686,2.86076,7.57523,3
1772.7,0.13686,2.86078,7.57523,3
1772.8,0.13686,2.86079,7.57523,3
1772.9,0.13685,2.86081,7.57523,3
1773,0.13685,2.86083,7.57523,3
1773.1,0.13685,2.86086,7.57522,3
1773.2,0.13684,2.8609,7.57522,3
1773.3,0.13684,2.86092,7.57522,3
1773.4,0.13684,2.86094,7.57522,3
1773.5,0.13684,2.86096,7.57522,3
1773.6,0.13685,2.86098,7.57522,3
1773.7,0.13684,2.861,7.57522,3
1773.8,0.13684,2.86102,7.57522,3
1773.9,0.13684,2.86105,7.57522,3
1774,0.13684,2.86108,7.57522,3
1774.1,0.13684,2.86111,7.57522,3
1774.2,0.13683,2.86115,7.57521,3
1774.3,0.13683,2.86118,7.57521,3
1774.4,0.13683,2.8612,7.57521,3
1774.5,0.13682,2.86123,7.57521,3
1774.6,0.13682,2.86126,7.57521,3
1774.7,0.13681,2.86129,7.57521,3
1774.8,0.13681,2.86132,7.57521,3
1774.9,0.1368,2.86135,7.57521,3
1775,0.1368,2.86137,7.57521,3
1775.1,0.13679,2.86139,7.57521,3
1775.2,0.13679,2.86142,7.57521,3
1775.3,0.13678,2.86146,7.57521,3
1775.4,0.13678,2.86149,7.5752,3
1775.5,0.13678,2.86152,7.5752,3
1775.6,0.13678,2.86155,7.5752,3
1775.7,0.13678,2.86156,7.5752,3
1775.8,0.13678,2.86157,7.5752,3
1775.9,0.13678,2.8616,7.5752,3
1776,0.13677,2.86161,7.5752,3
1776.1,0.13677,2.86164,7.5752,3
1776.2,0.13676,2.86168,7.5752,3
1776.3,0.13676,2.86171,7.5752,3
1776.4,0.13675,2.86175,7.5752,3
1776.5,0.13674,2.86178,7.5752,3
1776.6,0.13674,2.8618,7.5752,3
1776.7,0.13673,2.86182,7.57519,3
1776.8,0.13672,2.86185,7.57519,3
1776.9,0.13672,2.86188,7.57519,3
1777,0.13671,2.86191,7.57519,3
1777.1,0.13671,2.86194,7.57519,3
1777.2,0.1367,2.86198,7.57519,3
1777.3,0.13669,2.86202,7.57519,3
1777.4,0.13669,2.86204,7.57519,3
1777.5,0.13668,2.86205,7.57519,3
1777.6,0.13668,2.86207,7.57519,3
1777.7,0.13667,2.8621,7.57519,3
1777.8,0.13666,2.86214,7.57519,3
1777.9,0.13666,2.86217,7.57518,3
1778,0.13665,2.86218,7.57518,3
1778.1,0.13665,2.86221,7.57518,3
1778.2,0.13665,2.86223,7.57518,3
1778.3,0.13665,2.86224,7.57518,3
1778.4,0.13664,2.86226,7.57518,3
1778.5,0.13664,2.86229,7.57518,3
1778.6,0.13663,2.86233,7.57518,3
1778.7,0.13662,2.86236,7.57518,3
1778.8,0.13661,2.8624,7.57518,3
1778.9,0.13661,2.86243,7.57517,3
1779,0.1366,2.86246,7.57517,3
1779.1,0.13659,2.86248,7.57517,3
1779.2,0.13658,2.86252,7.57517,3
1779.3,0.13657,2.86254,7.57517,3
1779.4,0.13656,2.86258,7.57517,3
1779.5,0.13656,2.86262,7.57517,3
1779.6,0.13655,2.86266,7.57517,3
1779.7,0.13655,2.86269,7.57517,3
1779.8,0.13654,2.86272,7.57517,3
1779.9,0.13653,2.86276,7.57517,3
1780,0.13652,2.8628,7.57517,3
1780.1,0.13652,2.86282,7.57516,3
1780.2,0.13652,2.86286,7.57516,3
1780.3,0.13651,2.86289,7.57516,3
1780.4,0.1365,2.86292,7.57516,3
1780.5,0.1365,2.86296,7.57516,3
1780.6,0.13649,2.86299,7.57516,3
1780.7,0.13648,2.86302,7.57516,3
1780.8,0.13647,2.86304,7.57516,3
1780.9,0.13647,2.86305,7.57516,3
1781,0.13646,2.86308,7.57516,3
1781.1,0.13645,2.86309,7.57515,3
1781.2,0.13644,2.86311,7.57515,3
1781.3,0.13643,2.86313,7.57515,3
1781.4,0.13642,2.86316,7.57515,3
1781.5,0.13641,2.8632,7.57515,3
1781.6,0.13641,2.86324,7.57515,3
1781.7,0.1364,2.86327,7.57515,3
1781.8,0.13639,2.86331,7.57515,3
1781.9,0.13639,2.86334,7.57515,3
1782,0.13638,2.86336,7.57515,3
1782.1,0.13637,2.86337,7.57515,3
1782.2,0.13635,2.8634,7.57514,3
1782.3,0.13634,2.86342,7.57514,3
1782.4,0.13633,2.86344,7.57514,3
1782.5,0.13632,2.86346,7.57514,3
1782.6,0.13631,2.86349,7.57514,3
1782.7,0.1363,2.86352,7.57514,3
1782.8,0.1363,2.86355,7.57514,3
1782.9,0.13629,2.86359,7.57514,3
1783,0.13628,2.86363,7.57514,3
1783.1,0.13627,2.86365,7.57514,3
1783.2,0.13626,2.86367,7.57514,3
1783.3,0.13625,2.8637,7.57513,3
1783.4,0.13624,2.86372,7.57513,3
1783.5,0.13623,2.86375,7.57513,3
1783.6,0.13621,2.86379,7.57513,3
1783.7,0.1362,2.86383,7.57513,3
1783.8,0.13619,2.86386,7.57513,3
1783.9,0.13618,2.86388,7.57513,3
1784,0.13617,2.8639,7.57513,3
1784.1,0.13615,2.86392,7.57513,3
1784.2,0.13614,2.86394,7.57513,3
1784.3,0.13613,2.86396,7.57513,3
1784.4,0.13611,2.86398,7.57512,3
1784.5,0.1361,2.864,7.57512,3
1784.6,0.13609,2.86403,7.57512,3
1784.7,0.13608,2.86406,7.57512,3
1784.8,0.13606,2.86409,7.57512,3
1784.9,0.13605,2.8641,7.57512,3
1785,0.13603,2.86412,7.57512,3
1785.1,0.13602,2.86415,7.57512,3
1785.2,0.13601,2.86417,7.57512,3
1785.3,0.13599,2.8642,7.57512,3
1785.4,0.13598,2.86423,7.57511,3
1785.5,0.13596,2.86425,7.57511,3
1785.6,0.13595,2.86427,7.57511,3
1785.7,0.13594,2.86429,7.57511,3
1785.8,0.13592,2.86431,7.57511,3
1785.9,0.13591,2.86433,7.57511,3
1786,0.13589,2.86436,7.57511,3
1786.1,0.13588,2.86439,7.57511,3
1786.2,0.13586,2.86442,7.57511,3
1786.3,0.13585,2.86444,7.57511,3
1786.4,0.13584,2.86448,7.5751,3
1786.5,0.13582,2.86451,7.5751,3
1786.6,0.13581,2.86454,7.5751,3
1786.7,0.13579,2.86458,7.5751,3
1786.8,0.13578,2.86461,7.5751,3
1786.9,0.13576,2.86462,7.5751,3
1787,0.13575,2.86464,7.5751,3
1787.1,0.13573,2.86466,7.5751,3
1787.2,0.13572,2.86467,7.5751,3
1787.3,0.1357,2.86469,7.5751,3
1787.4,0.13569,2.86471,7.5751,3
1787.5,0.13567,2.86473,7.57509,3
1787.6,0.13566,2.86475,7.57509,3
1787.7,0.13564,2.86477,7.57509,3
1787.8,0.13563,2.8648,7.57509,3
1787.9,0.13561,2.86482,7.57509,3
1788,0.1356,2.86482,7.57509,3
1788.1,0.13559,2.86484,7.57509,3
1788.2,0.13558,2.86485,7.57509,3
1788.3,0.13556,2.86487,7.57509,3
1788.4,0.13555,2.86488,7.57508,3
1788.5,0.13553,2.86491,7.57508,3
1788.6,0.13552,2.86493,7.57508,3
1788.7,0.1355,2.86495,7.57508,3
1788.8,0.13549,2.86498,7.57508,3
1788.9,0.13547,2.865,7.57508,3
1789,0.13545,2.86503,7.57508,3
1789.1,0.13544,2.86506,7.57508,3
1789.2,0.13542,2.86508,7.57508,3
1789.3,0.1354,2.8651,7.57508,3
1789.4,0.13538,2.86511,7.57507,3
1789.5,0.13537,2.86514,7.57507,3
1789.6,0.13535,2.86517,7.57507,3
1789.7,0.13533,2.86519,7.57507,3
1789.8,0.13532,2.86522,7.57507,3
1789.9,0.1353,2.86525,7.57507,3
1790,0.13529,2.86529,7.57507,3
1790.1,0.13528,2.86531,7.57507,3
1790.2,0.13527,2.86533,7.57507,3
1790.3,0.13526,2.86534,7.57507,3
1790.4,0.13524,2.86536,7.57506,3
1790.5,0.13523,2.86538,7.57506,3
1790.6,0.13521,2.8654,7.57506,3
1790.7,0.13519,2.86542,7.57506,3
1790.8,0.13518,2.86544,7.57506,3
1790.9,0.13516,2.86547,7.57506,3
1791,0.13514,2.86549,7.57506,3
1791.1,0.13512,2.86551,7.57506,3
1791.2,0.1351,2.86553,7.57506,3
1791.3,0.13508,2.86554,7.57505,3
1791.4,0.13507,2.86554,7.57505,3
1791.5,0.13505,2.86556,7.57505,3
1791.6,0.13503,2.86555,7.57505,3
1791.7,0.13501,2.86555,7.57505,3
1791.8,0.13499,2.86557,7.57505,3
1791.9,0.13497,2.86558,7.57505,3
1792,0.13496,2.8656,7.57505,3
1792.1,0.13494,2.86562,7.57505,3
1792.2,0.13492,2.86564,7.57505,3
1792.3,0.1349,2.86567,7.57504,3
1792.4,0.13488,2.86569,7.57504,3
1792.5,0.13486,2.86571,7.57504,3
1792.6,0.13485,2.86573,7.57504,3
1792.7,0.13483,2.86574,7.57504,3
1792.8,0.13481,2.86576,7.57504,3
1792.9,0.13479,2.86579,7.57504,3
1793,0.13477,2.86581,7.57504,3
1793.1,0.13475,2.86584,7.57504,3
1793.2,0.13473,2.86587,7.57504,3
1793.3,0.13471,2.86591,7.57503,3
1793.4,0.1347,2.86593,7.57503,3
1793.5,0.13468,2.86595,7.57503,3
1793.6,0.13466,2.86597,7.57503,3
1793.7,0.13464,2.86598,7.57503,3
1793.8,0.13462,2.866,7.57503,3
1793.9,0.1346,2.86602,7.57503,3
1794,0.13459,2.86605,7.57503,3
1794.1,0.13457,2.86608,7.57503,3
1794.2,0.13455,2.8661,7.57503,3
1794.3,0.13454,2.86613,7.57502,3
1794.4,0.13452,2.86616,7.57502,3
1794.5,0.1345,2.86619,7.57502,3
1794.6,0.13449,2.86619,7.57502,3
1794.7,0.13447,2.86621,7.57502,3
1794.8,0.13444,2.86622,7.57502,3
1794.9,0.13442,2.86624,7.57502,3
1795,0.1344,2.86626,7.57502,3
1795.1,0.13438,2.86628,7.57502,3
1795.2,0.13436,2.8663,7.57502,3
1795.3,0.13434,2.86633,7.57502,3
1795.4,0.13431,2.86635,7.57502,3
1795.5,0.13429,2.86638,7.57501,3
1795.6,0.13427,2.86639,7.57501,3
1795.7,0.13425,2.8664,7.57501,3
1795.8,0.13422,2.86642,7.57501,3
1795.9,0.1342,2.86644,7.57501,3
1796,0.13418,2.86646,7.57501,3
1796.1,0.13416,2.86649,7.57501,3
1796.2,0.13414,2.86651,7.57501,3
1796.3,0.13411,2.86654,7.57501,3
1796.4,0.13409,2.86657,7.57501,3
1796.5,0.13407,2.86661,7.575,3
1796.6,0.13405,2.86664,7.575,3
1796.7,0.13402,2.86667,7.575,3
1796.8,0.134,2.8667,7.575,3
1796.9,0.13398,2.86672,7.575,3
1797,0.13395,2.86674,7.575,3
1797.1,0.13393,2.86677,7.575,3
1797.2,0.13391,2.8668,7.575,3
1797.3,0.13388,2.86683,7.575,3
1797.4,0.13386,2.86686,7.575,3
1797.5,0.13384,2.8669,7.57499,3
1797.6,0.13382,2.86694,7.57499,3
1797.7,0.13379,2.86697,7.57499,3
1797.8,0.13377,2.867,7.57499,3
1797.9,0.13375,2.86701,7.57499,3
1798,0.13372,2.86703,7.57499,3
1798.1,0.1337,2.86705,7.57499,3
1798.2,0.13368,2.86708,7.57499,3
1798.3,0.13365,2.8671,7.57499,3
1798.4,0.13363,2.86713,7.57499,3
1798.5,0.13361,2.86716,7.57498,3
1798.6,0.13358,2.86719,7.57498,3
1798.7,0.13356,2.86722,7.57498,3
1798.8,0.13354,2.86725,7.57498,3
1798.9,0.13351,2.86728,7.57498,3
1799,0.13349,2.86729,7.57498,3
1799.1,0.13347,2.86729,7.57498,3
1799.2,0.13344,2.86731,7.57498,3
1799.3,0.13342,2.86733,7.57498,3
1799.4,0.1334,2.86735,7.57498,3
1799.5,0.13337,2.86737,7.57497,3
1799.6,0.13335,2.8674,7.57497,3
1799.7,0.13332,2.86744,7.57497,3
1799.8,0.1333,2.86747,7.57497,3
1799.9,0.13327,2.86749,7.57497,3
1800,0.13325,2.86752,7.57497,3
