Time (s),HB (mM),Glu (mM),pH,label
0.1,0.0065,5.58102,7.57011,0
0.2,0.0065,5.57656,7.57176,0
0.3,0.0065,5.57212,7.57176,0
0.4,0.0065,5.56771,7.57176,0
0.5,0.0065,5.56332,7.57176,0
0.6,0.0065,5.55895,7.57176,0
0.7,0.0065,5.5546,7.57176,0
0.8,0.0065,5.55028,7.57176,0
0.9,0.0065,5.54597,7.57176,0
1,0.0065,5.54169,7.57176,0
1.1,0.0065,5.53743,7.57176,0
1.2,0.0065,5.53318,7.57176,0
1.3,0.0065,5.52897,7.57176,0
1.4,0.0065,5.52477,7.57176,0
1.5,0.0065,5.52059,7.57176,0
1.6,0.0065,5.51643,7.57176,0
1.7,0.0065,5.5123,7.57176,0
1.8,0.0065,5.50819,7.57344,0
1.9,0.0065,5.50409,7.57176,0
2,0.0065,5.50002,7.57344,0
2.1,0.00651,5.49597,7.57176,0
2.2,0.00651,5.49194,7.57176,0
2.3,0.00651,5.48793,7.57176,0
2.4,0.00651,5.48394,7.57176,0
2.5,0.00651,5.47997,7.57176,0
2.6,0.00651,5.47602,7.57176,0
2.7,0.00651,5.47209,7.57176,0
2.8,0.00651,5.46818,7.57176,0
2.9,0.00651,5.46429,7.57176,0
3,0.00651,5.46043,7.57176,0
3.1,0.00651,5.45658,7.57176,0
3.2,0.00651,5.45275,7.57176,0
3.3,0.00651,5.44894,7.57176,0
3.4,0.00652,5.44515,7.57344,0
3.5,0.00652,5.44138,7.57176,0
3.6,0.00652,5.43764,7.57176,0
3.7,0.00652,5.43391,7.57176,0
3.8,0.00652,5.4302,7.57176,0
3.9,0.00652,5.42651,7.57176,0
4,0.00652,5.42284,7.57176,0
4.1,0.00652,5.41918,7.57176,0
4.2,0.00652,5.41555,7.57176,0
4.3,0.00652,5.41194,7.57176,0
4.4,0.00653,5.40835,7.57176,0
4.5,0.00653,5.40477,7.57176,0
4.6,0.00653,5.40122,7.57344,0
4.7,0.00653,5.39768,7.57176,0
4.8,0.00653,5.39416,7.57176,0
4.9,0.00653,5.39066,7.57176,0
5,0.00653,5.38718,7.57176,0
5.1,0.00653,5.38372,7.57176,0
5.2,0.00653,5.38028,7.57176,0
5.3,0.00654,5.37685,7.57176,0
5.4,0.00654,5.37345,7.57176,0
5.5,0.00654,5.37006,7.57176,0
5.6,0.00654,5.36669,7.57176,0
5.7,0.00654,5.36334,7.57176,0
5.8,0.00654,5.36001,7.57176,0
5.9,0.00654,5.3567,7.57176,0
6,0.00655,5.3534,7.57176,0
6.1,0.00655,5.35012,7.57176,0
6.2,0.00655,5.34686,7.57176,0
6.3,0.00655,5.34362,7.57176,0
6.4,0.00655,5.3404,7.57176,0
6.5,0.00655,5.33719,7.57176,0
6.6,0.00655,5.334,7.57176,0
6.7,0.00656,5.33083,7.57176,0
6.8,0.00656,5.32768,7.57176,0
6.9,0.00656,5.32454,7.57176,0
7,0.00656,5.32143,7.57176,0
7.1,0.00656,5.31833,7.57176,0
7.2,0.00656,5.31524,7.57176,0
7.3,0.00657,5.31218,7.57176,0
7.4,0.00657,5.30913,7.57176,0
7.5,0.00657,5.3061,7.57176,0
7.6,0.00657,5.30308,7.57176,0
7.7,0.00657,5.30009,7.57176,0
7.8,0.00657,5.29711,7.57176,0
7.9,0.00658,5.29414,7.57176,0
8,0.00658,5.2912,7.57176,0
8.1,0.00658,5.28827,7.57176,0
8.2,0.00658,5.28535,7.57176,0
8.3,0.00658,5.28246,7.57176,0
8.4,0.00658,5.27958,7.57344,0
8.5,0.00659,5.27672,7.57176,0
8.6,0.00659,5.27387,7.57176,0
8.7,0.00659,5.27104,7.57176,0
8.8,0.00659,5.26823,7.57176,0
8.9,0.00659,5.26543,7.57176,0
9,0.0066,5.26265,7.57176,0
9.1,0.0066,5.25988,7.57176,0
9.2,0.0066,5.25713,7.57176,0
9.3,0.0066,5.2544,7.57176,0
9.4,0.0066,5.25169,7.57176,0
9.5,0.00661,5.24899,7.57176,0
9.6,0.00661,5.2463,7.57176,0
9.7,0.00661,5.24363,7.57176,0
9.8,0.00661,5.24098,7.57176,0
9.9,0.00661,5.23834,7.57176,0
10,0.00662,5.23572,7.57176,0
10.1,0.00662,5.23312,7.57176,0
10.2,0.00662,5.23053,7.57176,0
10.3,0.00662,5.22795,7.57176,0
10.4,0.00662,5.22539,7.57176,0
10.5,0.00663,5.22285,7.57344,0
10.6,0.00663,5.22032,7.57176,0
10.7,0.00663,5.21781,7.57176,0
10.8,0.00663,5.21531,7.57176,0
10.9,0.00664,5.21283,7.57176,0
11,0.00664,5.21036,7.57176,0
11.1,0.00664,5.20791,7.57176,0
11.2,0.00664,5.20547,7.57176,0
11.3,0.00664,5.20304,7.57176,0
11.4,0.00665,5.20064,7.57176,0
11.5,0.00665,5.19824,7.57176,0
11.6,0.00665,5.19587,7.57176,0
11.7,0.00665,5.1935,7.57176,0
11.8,0.00666,5.19115,7.57344,0
11.9,0.00666,5.18882,7.57176,0
12,0.00666,5.1865,7.57344,0
12.1,0.00666,5.18419,7.57176,0
12.2,0.00666,5.1819,7.57176,0
12.3,0.00667,5.17963,7.57176,0
12.4,0.00667,5.17736,7.57176,0
12.5,0.00667,5.17512,7.57176,0
12.6,0.00667,5.17288,7.57344,0
12.7,0.00668,5.17066,7.57176,0
12.8,0.00668,5.16846,7.57176,0
12.9,0.00668,5.16627,7.57176,0
13,0.00668,5.16409,7.57176,0
13.1,0.00669,5.16193,7.57176,0
13.2,0.00669,5.15978,7.57176,0
13.3,0.00669,5.15764,7.57344,0
13.4,0.00669,5.15552,7.57176,0
13.5,0.0067,5.15341,7.57176,0
13.6,0.0067,5.15131,7.57176,0
13.7,0.0067,5.14923,7.57176,0
13.8,0.0067,5.14717,7.57176,0
13.9,0.00671,5.14511,7.57176,0
14,0.00671,5.14307,7.57344,0
14.1,0.00671,5.14104,7.57176,0
14.2,0.00671,5.13903,7.57344,0
14.3,0.00672,5.13703,7.57176,0
14.4,0.00672,5.13504,7.57176,0
14.5,0.00672,5.13307,7.57176,0
14.6,0.00672,5.13111,7.57176,0
14.7,0.00673,5.12916,7.57176,0
14.8,0.00673,5.12722,7.57176,0
14.9,0.00673,5.1253,7.57344,0
15,0.00673,5.12339,7.57176,0
15.1,0.00674,5.1215,7.57176,0
15.2,0.00674,5.11961,7.57176,0
15.3,0.00674,5.11774,7.57176,0
15.4,0.00674,5.11588,7.57176,0
15.5,0.00675,5.11404,7.57176,0
15.6,0.00675,5.11221,7.57176,0
15.7,0.00675,5.11039,7.57176,0
15.8,0.00676,5.10858,7.57176,0
15.9,0.00676,5.10678,7.57176,0
16,0.00676,5.105,7.57176,0
16.1,0.00676,5.10323,7.57176,0
16.2,0.00677,5.10147,7.57176,0
16.3,0.00677,5.09972,7.57344,0
16.4,0.00677,5.09799,7.57176,0
16.5,0.00677,5.09627,7.57176,0
16.6,0.00678,5.09456,7.57176,0
16.7,0.00678,5.09286,7.57176,0
16.8,0.00678,5.09118,7.57176,0
16.9,0.00679,5.0895,7.57176,0
17,0.00679,5.08784,7.57176,0
17.1,0.00679,5.08619,7.57176,0
17.2,0.00679,5.08455,7.57176,0
17.3,0.0068,5.08293,7.57176,0
17.4,0.0068,5.08131,7.57176,0
17.5,0.0068,5.07971,7.57176,0
17.6,0.0068,5.07812,7.57176,0
17.7,0.00681,5.07654,7.57176,0
17.8,0.00681,5.07497,7.57176,0
17.9,0.00681,5.07341,7.57176,0
18,0.00682,5.07187,7.57176,0
18.1,0.00682,5.07033,7.57176,0
18.2,0.00682,5.06881,7.57176,0
18.3,0.00682,5.0673,7.57176,0
18.4,0.00683,5.0658,7.57176,0
18.5,0.00683,5.06431,7.57176,0
18.6,0.00683,5.06283,7.57176,0
18.7,0.00684,5.06136,7.57176,0
18.8,0.00684,5.0599,7.57176,0
18.9,0.00684,5.05846,7.57176,0
19,0.00684,5.05702,7.57176,0
19.1,0.00685,5.0556,7.57176,0
19.2,0.00685,5.05419,7.57176,0
19.3,0.00685,5.05279,7.57176,0
19.4,0.00686,5.0514,7.57176,0
19.5,0.00686,5.05001,7.57176,0
19.6,0.00686,5.04864,7.57176,0
19.7,0.00686,5.04729,7.57176,0
19.8,0.00687,5.04594,7.57176,0
19.9,0.00687,5.0446,7.57176,0
20,0.00687,5.04327,7.57176,0
20.1,0.00688,5.04195,7.57176,0
20.2,0.00688,5.04064,7.57176,0
20.3,0.00688,5.03935,7.57176,0
20.4,0.00688,5.03806,7.57176,0
20.5,0.00689,5.03678,7.57176,0
20.6,0.00689,5.03552,7.57176,0
20.7,0.00689,5.03426,7.57176,0
20.8,0.0069,5.03302,7.57176,0
20.9,0.0069,5.03178,7.57176,0
21,0.0069,5.03055,7.57176,0
21.1,0.00691,5.02934,7.57176,0
21.2,0.00691,5.02813,7.57176,0
21.3,0.00691,5.02693,7.57176,0
21.4,0.00691,5.02575,7.57176,0
21.5,0.00692,5.02457,7.57176,0
21.6,0.00692,5.0234,7.57176,0
21.7,0.00692,5.02225,7.57176,0
21.8,0.00693,5.0211,7.57176,0
21.9,0.00693,5.01996,7.57176,0
22,0.00693,5.01883,7.57176,0
22.1,0.00694,5.01771,7.57176,0
22.2,0.00694,5.0166,7.57176,0
22.3,0.00694,5.0155,7.57176,0
22.4,0.00694,5.01441,7.57176,0
22.5,0.00695,5.01333,7.57344,0
22.6,0.00695,5.01226,7.57176,0
22.7,0.00695,5.01119,7.57176,0
22.8,0.00696,5.01014,7.57176,0
22.9,0.00696,5.00909,7.57176,0
23,0.00696,5.00806,7.57176,0
23.1,0.00696,5.00703,7.57176,0
23.2,0.00697,5.00601,7.57176,0
23.3,0.00697,5.005,7.57176,0
23.4,0.00697,5.004,7.57176,0
23.5,0.00698,5.00301,7.57176,0
23.6,0.00698,5.00203,7.57176,0
23.7,0.00698,5.00106,7.57176,0
23.8,0.00699,5.00009,7.57176,0
23.9,0.00699,4.99914,7.57176,0
24,0.00699,4.99819,7.57176,0
24.1,0.00699,4.99725,7.57176,0
24.2,0.007,4.99632,7.57176,0
24.3,0.007,4.9954,7.57176,0
24.4,0.007,4.99448,7.57176,0
24.5,0.00701,4.99358,7.57176,0
24.6,0.00701,4.99268,7.57176,0
24.7,0.00701,4.99179,7.57176,0
24.8,0.00702,4.99092,7.57176,0
24.9,0.00702,4.99004,7.57176,0
25,0.00702,4.98918,7.57176,0
25.1,0.00702,4.98833,7.57176,0
25.2,0.00703,4.98748,7.57176,0
25.3,0.00703,4.98664,7.57176,0
25.4,0.00703,4.98581,7.57176,0
25.5,0.00704,4.98499,7.57176,0
25.6,0.00704,4.98417,7.57176,0
25.7,0.00704,4.98337,7.57176,0
25.8,0.00705,4.98257,7.57176,0
25.9,0.00705,4.98178,7.57176,0
26,0.00705,4.98099,7.57176,0
26.1,0.00705,4.98022,7.57176,0
26.2,0.00706,4.97945,7.57176,0
26.3,0.00706,4.97869,7.57176,0
26.4,0.00706,4.97794,7.57176,0
26.5,0.00707,4.9772,7.57176,0
26.6,0.00707,4.97646,7.57176,0
26.7,0.00707,4.97573,7.57176,0
26.8,0.00708,4.97501,7.57176,0
26.9,0.00708,4.9743,7.57176,0
27,0.00708,4.97359,7.57176,0
27.1,0.00708,4.97289,7.57176,0
27.2,0.00709,4.9722,7.57176,0
27.3,0.00709,4.97151,7.57176,0
27.4,0.00709,4.97084,7.57176,0
27.5,0.0071,4.97017,7.57176,0
27.6,0.0071,4.9695,7.57176,0
27.7,0.0071,4.96885,7.57176,0
27.8,0.00711,4.9682,7.57176,0
27.9,0.00711,4.96756,7.57176,0
28,0.00711,4.96692,7.57176,0
28.1,0.00711,4.9663,7.57176,0
28.2,0.00712,4.96568,7.57176,0
28.3,0.00712,4.96506,7.57344,0
28.4,0.00712,4.96446,7.57344,0
28.5,0.00713,4.96386,7.57176,0
28.6,0.00713,4.96327,7.57176,0
28.7,0.00713,4.96268,7.57176,0
28.8,0.00713,4.9621,7.57176,0
28.9,0.00714,4.96153,7.57176,0
29,0.00714,4.96096,7.57176,0
29.1,0.00714,4.9604,7.57176,0
29.2,0.00715,4.95985,7.57344,0
29.3,0.00715,4.95931,7.57344,0
29.4,0.00715,4.95877,7.57176,0
29.5,0.00716,4.95823,7.57176,0
29.6,0.00716,4.95771,7.57176,0
29.7,0.00716,4.95719,7.57176,0
29.8,0.00716,4.95668,7.57176,0
29.9,0.00717,4.95617,7.57176,0
30,0.00717,4.95567,7.57176,0
30.1,0.00717,4.95517,7.57176,0
30.2,0.00718,4.95469,7.57176,0
30.3,0.00718,4.9542,7.57176,0
30.4,0.00718,4.95373,7.57176,0
30.5,0.00718,4.95326,7.57176,0
30.6,0.00719,4.9528,7.57176,0
30.7,0.00719,4.95234,7.57176,0
30.8,0.00719,4.95189,7.57176,0
30.9,0.0072,4.95144,7.57176,0
31,0.0072,4.951,7.57176,0
31.1,0.0072,4.95057,7.57176,0
31.2,0.0072,4.95014,7.57176,0
31.3,0.00721,4.94972,7.57176,0
31.4,0.00721,4.9493,7.57176,0
31.5,0.00721,4.94889,7.57176,0
31.6,0.00722,4.94849,7.57176,0
31.7,0.00722,4.94809,7.57176,0
31.8,0.00722,4.9477,7.57176,0
31.9,0.00722,4.94731,7.57344,0
32,0.00723,4.94693,7.57176,0
32.1,0.00723,4.94656,7.57176,0
32.2,0.00723,4.94619,7.57176,0
32.3,0.00724,4.94582,7.57344,0
32.4,0.00724,4.94546,7.57344,0
32.5,0.00724,4.94511,7.57176,0
32.6,0.00724,4.94476,7.57176,0
32.7,0.00725,4.94442,7.57176,0
32.8,0.00725,4.94408,7.57176,0
32.9,0.00725,4.94375,7.57176,0
33,0.00725,4.94342,7.57176,0
33.1,0.00726,4.9431,7.57176,0
33.2,0.00726,4.94278,7.57176,0
33.3,0.00726,4.94247,7.57176,0
33.4,0.00727,4.94217,7.57176,0
33.5,0.00727,4.94187,7.57176,0
33.6,0.00727,4.94157,7.57176,0
33.7,0.00727,4.94128,7.57176,0
33.8,0.00728,4.94099,7.57176,0
33.9,0.00728,4.94071,7.57176,0
34,0.00728,4.94044,7.57176,0
34.1,0.00729,4.94017,7.57176,0
34.2,0.00729,4.9399,7.57176,0
34.3,0.00729,4.93964,7.57176,0
34.4,0.00729,4.93939,7.57176,0
34.5,0.0073,4.93913,7.57176,0
34.6,0.0073,4.93889,7.57176,0
34.7,0.0073,4.93865,7.57176,0
34.8,0.0073,4.93841,7.57176,0
34.9,0.00731,4.93818,7.57176,0
35,0.00731,4.93795,7.57176,0
35.1,0.00731,4.93773,7.57176,0
35.2,0.00731,4.93751,7.57344,0
35.3,0.00732,4.9373,7.57176,0
35.4,0.00732,4.93709,7.57176,0
35.5,0.00732,4.93688,7.57176,0
35.6,0.00733,4.93668,7.57176,0
35.7,0.00733,4.93649,7.57176,0
35.8,0.00733,4.9363,7.57176,0
35.9,0.00733,4.93611,7.57176,0
36,0.00734,4.93593,7.57176,0
36.1,0.00734,4.93575,7.57176,0
36.2,0.00734,4.93558,7.57176,0
36.3,0.00734,4.93541,7.57344,0
36.4,0.00735,4.93524,7.57176,0
36.5,0.00735,4.93508,7.57176,0
36.6,0.00735,4.93492,7.57176,0
36.7,0.00735,4.93477,7.57176,0
36.8,0.00736,4.93462,7.57176,0
36.9,0.00736,4.93448,7.57176,0
37,0.00736,4.93434,7.57176,0
37.1,0.00736,4.9342,7.57176,0
37.2,0.00737,4.93407,7.57176,0
37.3,0.00737,4.93394,7.57176,0
37.4,0.00737,4.93382,7.57176,0
37.5,0.00737,4.9337,7.57176,0
37.6,0.00738,4.93358,7.57176,0
37.7,0.00738,4.93347,7.57176,0
37.8,0.00738,4.93336,7.57176,0
37.9,0.00738,4.93325,7.57176,0
38,0.00739,4.93315,7.57176,0
38.1,0.00739,4.93306,7.57176,0
38.2,0.00739,4.93296,7.57176,0
38.3,0.00739,4.93287,7.57176,0
38.4,0.0074,4.93279,7.57176,0
38.5,0.0074,4.9327,7.57344,0
38.6,0.0074,4.93262,7.57344,0
38.7,0.0074,4.93255,7.57176,0
38.8,0.00741,4.93248,7.57176,0
38.9,0.00741,4.93241,7.57176,0
39,0.00741,4.93234,7.57176,0
39.1,0.00741,4.93228,7.57344,0
39.2,0.00742,4.93223,7.57176,0
39.3,0.00742,4.93217,7.57344,0
39.4,0.00742,4.93212,7.57176,0
39.5,0.00742,4.93207,7.57176,0
39.6,0.00743,4.93203,7.57176,0
39.7,0.00743,4.93199,7.57176,0
39.8,0.00743,4.93195,7.57176,0
39.9,0.00743,4.93192,7.57176,0
40,0.00744,4.93188,7.57176,0
40.1,0.00744,4.93186,7.57176,0
40.2,0.00744,4.93183,7.57176,0
40.3,0.00744,4.93181,7.57176,0
40.4,0.00744,4.93179,7.57176,0
40.5,0.00745,4.93178,7.57176,0
40.6,0.00745,4.93177,7.57176,0
40.7,0.00745,4.93176,7.57344,0
40.8,0.00745,4.93175,7.57176,0
40.9,0.00746,4.93175,7.57176,0
41,0.00746,4.93175,7.57176,0
41.1,0.00746,4.93175,7.57176,0
41.2,0.00746,4.93176,7.57176,0
41.3,0.00747,4.93177,7.57176,0
41.4,0.00747,4.93178,7.57176,0
41.5,0.00747,4.93179,7.57176,0
41.6,0.00747,4.93181,7.57176,0
41.7,0.00747,4.93183,7.57344,0
41.8,0.00748,4.93185,7.57176,0
41.9,0.00748,4.93188,7.57176,0
42,0.00748,4.93191,7.57176,0
42.1,0.00748,4.93194,7.57344,0
42.2,0.00749,4.93197,7.57176,0
42.3,0.00749,4.93201,7.57176,0
42.4,0.00749,4.93205,7.57176,0
42.5,0.00749,4.93209,7.57176,0
42.6,0.00749,4.93213,7.57176,0
42.7,0.0075,4.93218,7.57176,0
42.8,0.0075,4.93223,7.57176,0
42.9,0.0075,4.93228,7.57176,0
43,0.0075,4.93234,7.57176,0
43.1,0.0075,4.9324,7.57176,0
43.2,0.00751,4.93246,7.57176,0
43.3,0.00751,4.93252,7.57176,0
43.4,0.00751,4.93258,7.57176,0
43.5,0.00751,4.93265,7.57344,0
43.6,0.00752,4.93272,7.57176,0
43.7,0.00752,4.93279,7.57176,0
43.8,0.00752,4.93286,7.57176,0
43.9,0.00752,4.93294,7.57176,0
44,0.00752,4.93302,7.57344,0
44.1,0.00753,4.9331,7.57176,0
44.2,0.00753,4.93318,7.57176,0
44.3,0.00753,4.93327,7.57176,0
44.4,0.00753,4.93335,7.57344,0
44.5,0.00753,4.93344,7.57344,0
44.6,0.00754,4.93354,7.57344,0
44.7,0.00754,4.93363,7.57176,0
44.8,0.00754,4.93373,7.57344,0
44.9,0.00754,4.93382,7.57176,0
45,0.00754,4.93392,7.57176,0
45.1,0.00755,4.93403,7.57176,0
45.2,0.00755,4.93413,7.57344,0
45.3,0.00755,4.93424,7.57176,0
45.4,0.00755,4.93434,7.57176,0
45.5,0.00755,4.93445,7.57176,0
45.6,0.00755,4.93457,7.57176,0
45.7,0.00756,4.93468,7.57176,0
45.8,0.00756,4.9348,7.57176,0
45.9,0.00756,4.93491,7.57176,0
46,0.00756,4.93503,7.57176,0
46.1,0.00756,4.93515,7.57176,0
46.2,0.00757,4.93528,7.57176,0
46.3,0.00757,4.9354,7.57344,0
46.4,0.00757,4.93553,7.57176,0
46.5,0.00757,4.93566,7.57176,0
46.6,0.00757,4.93579,7.57176,0
46.7,0.00758,4.93592,7.57176,0
46.8,0.00758,4.93605,7.57176,0
46.9,0.00758,4.93619,7.57176,0
47,0.00758,4.93632,7.57176,0
47.1,0.00758,4.93646,7.57176,0
47.2,0.00758,4.9366,7.57176,0
47.3,0.00759,4.93674,7.57176,0
47.4,0.00759,4.93688,7.57176,0
47.5,0.00759,4.93703,7.57176,0
47.6,0.00759,4.93717,7.57176,0
47.7,0.00759,4.93732,7.57176,0
47.8,0.00759,4.93747,7.57176,0
47.9,0.0076,4.93762,7.57176,0
48,0.0076,4.93777,7.57176,0
48.1,0.0076,4.93793,7.57176,0
48.2,0.0076,4.93808,7.57176,0
48.3,0.0076,4.93824,7.57176,0
48.4,0.0076,4.93839,7.57176,0
48.5,0.00761,4.93855,7.57176,0
48.6,0.00761,4.93871,7.57176,0
48.7,0.00761,4.93887,7.57176,0
48.8,0.00761,4.93904,7.57176,0
48.9,0.00761,4.9392,7.57176,0
49,0.00761,4.93937,7.57176,0
49.1,0.00762,4.93953,7.57176,0
49.2,0.00762,4.9397,7.57176,0
49.3,0.00762,4.93987,7.57176,0
49.4,0.00762,4.94004,7.57176,0
49.5,0.00762,4.94021,7.57176,0
49.6,0.00762,4.94038,7.57176,0
49.7,0.00763,4.94056,7.57176,0
49.8,0.00763,4.94073,7.57176,0
49.9,0.00763,4.94091,7.57176,0
50,0.00763,4.94108,7.57176,0
50.1,0.00763,4.94126,7.57344,0
50.2,0.00763,4.94144,7.57176,0
50.3,0.00763,4.94162,7.57176,0
50.4,0.00764,4.9418,7.57176,0
50.5,0.00764,4.94198,7.57176,0
50.6,0.00764,4.94216,7.57176,0
50.7,0.00764,4.94235,7.57176,0
50.8,0.00764,4.94253,7.57176,0
50.9,0.00764,4.94272,7.57344,0
51,0.00764,4.9429,7.57176,0
51.1,0.00765,4.94309,7.57176,0
51.2,0.00765,4.94328,7.57344,0
51.3,0.00765,4.94347,7.57176,0
51.4,0.00765,4.94366,7.57344,0
51.5,0.00765,4.94385,7.57176,0
51.6,0.00765,4.94404,7.57344,0
51.7,0.00765,4.94423,7.57176,0
51.8,0.00766,4.94442,7.57344,0
51.9,0.00766,4.94462,7.57344,0
52,0.00766,4.94481,7.57344,0
52.1,0.00766,4.945,7.57344,0
52.2,0.00766,4.9452,7.57344,0
52.3,0.00766,4.9454,7.57344,0
52.4,0.00766,4.94559,7.57176,0
52.5,0.00766,4.94579,7.57344,0
52.6,0.00767,4.94599,7.57344,0
52.7,0.00767,4.94619,7.57344,0
52.8,0.00767,4.94639,7.57344,0
52.9,0.00767,4.94659,7.57344,0
53,0.00767,4.94679,7.57176,0
53.1,0.00767,4.94699,7.57344,0
53.2,0.00767,4.94719,7.57344,0
53.3,0.00767,4.94739,7.57176,0
53.4,0.00768,4.94759,7.57344,0
53.5,0.00768,4.9478,7.57344,0
53.6,0.00768,4.948,7.57344,0
53.7,0.00768,4.94821,7.57344,0
53.8,0.00768,4.94841,7.57344,0
53.9,0.00768,4.94861,7.57344,0
54,0.00768,4.94882,7.57344,0
54.1,0.00768,4.94903,7.57344,0
54.2,0.00768,4.94923,7.57344,0
54.3,0.00769,4.94944,7.57344,0
54.4,0.00769,4.94965,7.57344,0
54.5,0.00769,4.94985,7.57344,0
54.6,0.00769,4.95006,7.57176,0
54.7,0.00769,4.95027,7.57176,0
54.8,0.00769,4.95048,7.57344,0
54.9,0.00769,4.95068,7.57344,0
55,0.00769,4.95089,7.57344,0
55.1,0.00769,4.9511,7.57344,0
55.2,0.0077,4.95131,7.57344,0
55.3,0.0077,4.95152,7.57344,0
55.4,0.0077,4.95173,7.57344,0
55.5,0.0077,4.95194,7.57344,0
55.6,0.0077,4.95215,7.57176,0
55.7,0.0077,4.95236,7.57176,0
55.8,0.0077,4.95257,7.57176,0
55.9,0.0077,4.95278,7.57344,0
56,0.0077,4.95299,7.57344,0
56.1,0.0077,4.9532,7.57344,0
56.2,0.00771,4.95341,7.57344,0
56.3,0.00771,4.95362,7.57344,0
56.4,0.00771,4.95383,7.57176,0
56.5,0.00771,4.95404,7.57344,0
56.6,0.00771,4.95426,7.57176,0
56.7,0.00771,4.95447,7.57344,0
56.8,0.00771,4.95468,7.57176,0
56.9,0.00771,4.95489,7.57176,0
57,0.00771,4.9551,7.57176,0
57.1,0.00771,4.95531,7.57344,0
57.2,0.00771,4.95552,7.57176,0
57.3,0.00771,4.95573,7.57176,0
57.4,0.00772,4.95594,7.57344,0
57.5,0.00772,4.95615,7.57344,0
57.6,0.00772,4.95636,7.57176,0
57.7,0.00772,4.95658,7.57176,0
57.8,0.00772,4.95679,7.57176,0
57.9,0.00772,4.957,7.57176,0
58,0.00772,4.95721,7.57344,0
58.1,0.00772,4.95742,7.57176,0
58.2,0.00772,4.95763,7.57176,0
58.3,0.00772,4.95784,7.57344,0
58.4,0.00772,4.95805,7.57176,0
58.5,0.00772,4.95826,7.57344,0
58.6,0.00772,4.95847,7.57176,0
58.7,0.00773,4.95868,7.57344,0
58.8,0.00773,4.95888,7.57344,0
58.9,0.00773,4.95909,7.57176,0
59,0.00773,4.9593,7.57344,0
59.1,0.00773,4.95951,7.57176,0
59.2,0.00773,4.95972,7.57344,0
59.3,0.00773,4.95992,7.57176,0
59.4,0.00773,4.96013,7.57344,0
59.5,0.00773,4.96034,7.57344,0
59.6,0.00773,4.96055,7.57176,0
59.7,0.00773,4.96075,7.57344,0
59.8,0.00773,4.96096,7.57176,0
59.9,0.00773,4.96116,7.57344,0
60,0.00773,4.96137,7.57176,0
60.1,0.00773,4.96157,7.57176,0
60.2,0.00774,4.96178,7.57176,0
60.3,0.00774,4.96198,7.57344,0
60.4,0.00774,4.96219,7.57344,0
60.5,0.00774,4.96239,7.57344,0
60.6,0.00774,4.96259,7.57344,0
60.7,0.00774,4.9628,7.57344,0
60.8,0.00774,4.963,7.57176,0
60.9,0.00774,4.9632,7.57176,0
61,0.00774,4.9634,7.57176,0
61.1,0.00774,4.9636,7.57344,0
61.2,0.00774,4.9638,7.57176,0
61.3,0.00774,4.964,7.57176,0
61.4,0.00774,4.9642,7.57344,0
61.5,0.00774,4.9644,7.57344,0
61.6,0.00774,4.9646,7.57176,0
61.7,0.00774,4.9648,7.57344,0
61.8,0.00774,4.96499,7.57344,0
61.9,0.00774,4.96519,7.57176,0
62,0.00774,4.96539,7.57344,0
62.1,0.00774,4.96558,7.57344,0
62.2,0.00774,4.96578,7.57344,0
62.3,0.00774,4.96597,7.57344,0
62.4,0.00775,4.96617,7.57344,0
62.5,0.00775,4.96636,7.57344,0
62.6,0.00775,4.96655,7.57344,0
62.7,0.00775,4.96674,7.57344,0
62.8,0.00775,4.96694,7.57344,0
62.9,0.00775,4.96713,7.57176,0
63,0.00775,4.96732,7.57344,0
63.1,0.00775,4.96751,7.57176,0
63.2,0.00775,4.9677,7.57176,0
63.3,0.00775,4.96788,7.57176,0
63.4,0.00775,4.96807,7.57344,0
63.5,0.00775,4.96826,7.57344,0
63.6,0.00775,4.96844,7.57176,0
63.7,0.00775,4.96863,7.57176,0
63.8,0.00775,4.96881,7.57176,0
63.9,0.00775,4.969,7.57176,0
64,0.00775,4.96918,7.57344,0
64.1,0.00775,4.96936,7.57176,0
64.2,0.00775,4.96955,7.57176,0
64.3,0.00775,4.96973,7.57344,0
64.4,0.00775,4.96991,7.57176,0
64.5,0.00775,4.97009,7.57344,0
64.6,0.00775,4.97026,7.57176,0
64.7,0.00775,4.97044,7.57176,0
64.8,0.00775,4.97062,7.57344,0
64.9,0.00775,4.9708,7.57176,0
65,0.00775,4.97097,7.57176,0
65.1,0.00775,4.97115,7.57176,0
65.2,0.00775,4.97132,7.57176,0
65.3,0.00775,4.97149,7.57176,0
65.4,0.00775,4.97166,7.57176,0
65.5,0.00775,4.97184,7.57176,0
65.6,0.00775,4.97201,7.57344,0
65.7,0.00775,4.97218,7.57176,0
65.8,0.00775,4.97234,7.57176,0
65.9,0.00775,4.97251,7.57176,0
66,0.00775,4.97268,7.57344,0
66.1,0.00775,4.97285,7.57176,0
66.2,0.00775,4.97301,7.57176,0
66.3,0.00775,4.97317,7.57176,0
66.4,0.00775,4.97334,7.57176,0
66.5,0.00775,4.9735,7.57176,0
66.6,0.00775,4.97366,7.57176,0
66.7,0.00775,4.97382,7.57176,0
66.8,0.00775,4.97398,7.57176,0
66.9,0.00775,4.97414,7.57176,0
67,0.00775,4.9743,7.57176,0
67.1,0.00775,4.97445,7.57176,0
67.2,0.00775,4.97461,7.57176,0
67.3,0.00775,4.97477,7.57176,0
67.4,0.00775,4.97492,7.57176,0
67.5,0.00775,4.97507,7.57176,0
67.6,0.00775,4.97522,7.57176,0
67.7,0.00775,4.97537,7.57176,0
67.8,0.00775,4.97552,7.57176,0
67.9,0.00775,4.97567,7.57176,0
68,0.00775,4.97582,7.57176,0
68.1,0.00775,4.97597,7.57176,0
68.2,0.00775,4.97611,7.57176,0
68.3,0.00775,4.97626,7.57176,0
68.4,0.00775,4.9764,7.57176,0
68.5,0.00775,4.97654,7.57176,0
68.6,0.00775,4.97669,7.57176,0
68.7,0.00775,4.97683,7.57176,0
68.8,0.00775,4.97697,7.57176,0
68.9,0.00775,4.9771,7.57176,0
69,0.00775,4.97724,7.57176,0
69.1,0.00775,4.97738,7.57176,0
69.2,0.00775,4.97751,7.57344,0
69.3,0.00775,4.97765,7.57176,0
69.4,0.00775,4.97778,7.57176,0
69.5,0.00775,4.97791,7.57344,0
69.6,0.00775,4.97804,7.57176,0
69.7,0.00775,4.97817,7.57344,0
69.8,0.00775,4.9783,7.57176,0
69.9,0.00775,4.97843,7.57176,0
70,0.00775,4.97856,7.57176,0
70.1,0.00775,4.97868,7.57176,0
70.2,0.00775,4.97881,7.57176,0
70.3,0.00775,4.97893,7.57176,0
70.4,0.00775,4.97905,7.57176,0
70.5,0.00775,4.97917,7.57176,0
70.6,0.00775,4.97929,7.57176,0
70.7,0.00775,4.97941,7.57176,0
70.8,0.00775,4.97953,7.57176,0
70.9,0.00775,4.97964,7.57176,0
71,0.00775,4.97976,7.57176,0
71.1,0.00774,4.97987,7.57176,0
71.2,0.00774,4.97998,7.57176,0
71.3,0.00774,4.98009,7.57344,0
71.4,0.00774,4.9802,7.57176,0
71.5,0.00774,4.98031,7.57176,0
71.6,0.00774,4.98042,7.57176,0
71.7,0.00774,4.98053,7.57176,0
71.8,0.00774,4.98063,7.57176,0
71.9,0.00774,4.98074,7.57344,0
72,0.00774,4.98084,7.57344,0
72.1,0.00774,4.98094,7.57176,0
72.2,0.00774,4.98104,7.57344,0
72.3,0.00774,4.98114,7.57176,0
72.4,0.00774,4.98124,7.57176,0
72.5,0.00774,4.98134,7.57176,0
72.6,0.00774,4.98143,7.57176,0
72.7,0.00774,4.98153,7.57344,0
72.8,0.00774,4.98162,7.57344,0
72.9,0.00774,4.98171,7.57344,0
73,0.00774,4.9818,7.57344,0
73.1,0.00774,4.98189,7.57344,0
73.2,0.00774,4.98198,7.57176,0
73.3,0.00774,4.98207,7.57344,0
73.4,0.00773,4.98215,7.57344,0
73.5,0.00773,4.98224,7.57344,0
73.6,0.00773,4.98232,7.57344,0
73.7,0.00773,4.9824,7.57344,0
73.8,0.00773,4.98248,7.57344,0
73.9,0.00773,4.98256,7.57344,0
74,0.00773,4.98264,7.57344,0
74.1,0.00773,4.98272,7.57344,0
74.2,0.00773,4.98279,7.57344,0
74.3,0.00773,4.98287,7.57344,0
74.4,0.00773,4.98294,7.57344,0
74.5,0.00773,4.98301,7.57344,0
74.6,0.00773,4.98308,7.57344,0
74.7,0.00773,4.98315,7.57344,0
74.8,0.00773,4.98322,7.57344,0
74.9,0.00773,4.98328,7.57344,0
75,0.00773,4.98335,7.57176,0
75.1,0.00773,4.98341,7.57344,0
75.2,0.00772,4.98347,7.57344,0
75.3,0.00772,4.98354,7.57344,0
75.4,0.00772,4.9836,7.57344,0
75.5,0.00772,4.98365,7.57344,0
75.6,0.00772,4.98371,7.57344,0
75.7,0.00772,4.98377,7.57344,0
75.8,0.00772,4.98382,7.57344,0
75.9,0.00772,4.98388,7.57344,0
76,0.00772,4.98393,7.57344,0
76.1,0.00772,4.98398,7.57344,0
76.2,0.00772,4.98403,7.57344,0
76.3,0.00772,4.98408,7.57176,0
76.4,0.00772,4.98412,7.57176,0
76.5,0.00772,4.98417,7.57176,0
76.6,0.00771,4.98421,7.57176,0
76.7,0.00771,4.98425,7.57176,0
76.8,0.00771,4.98429,7.57344,0
76.9,0.00771,4.98433,7.57176,0
77,0.00771,4.98437,7.57176,0
77.1,0.00771,4.98441,7.57176,0
77.2,0.00771,4.98445,7.57176,0
77.3,0.00771,4.98448,7.57344,0
77.4,0.00771,4.98451,7.57344,0
77.5,0.00771,4.98455,7.57344,0
77.6,0.00771,4.98458,7.57344,0
77.7,0.00771,4.98461,7.57344,0
77.8,0.00771,4.98463,7.57176,0
77.9,0.0077,4.98466,7.57344,0
78,0.0077,4.98468,7.57344,0
78.1,0.0077,4.98471,7.57176,0
78.2,0.0077,4.98473,7.57344,0
78.3,0.0077,4.98475,7.57176,0
78.4,0.0077,4.98477,7.57344,0
78.5,0.0077,4.98479,7.57344,0
78.6,0.0077,4.98481,7.57344,0
78.7,0.0077,4.98482,7.57176,0
78.8,0.0077,4.98484,7.57344,0
78.9,0.0077,4.98485,7.57344,0
79,0.0077,4.98486,7.57344,0
79.1,0.0077,4.98487,7.57344,0
79.2,0.00769,4.98488,7.57344,0
79.3,0.00769,4.98489,7.57344,0
79.4,0.00769,4.98489,7.57344,0
79.5,0.00769,4.9849,7.57344,0
79.6,0.00769,4.9849,7.57344,0
79.7,0.00769,4.9849,7.57344,0
79.8,0.00769,4.9849,7.57176,0
79.9,0.00769,4.9849,7.57344,0
80,0.00769,4.9849,7.57176,0
80.1,0.00769,4.9849,7.57344,0
80.2,0.00769,4.98489,7.57344,0
80.3,0.00768,4.98488,7.57176,0
80.4,0.00768,4.98488,7.57344,0
80.5,0.00768,4.98487,7.57344,0
80.6,0.00768,4.98486,7.57344,0
80.7,0.00768,4.98484,7.57344,0
80.8,0.00768,4.98483,7.57176,0
80.9,0.00768,4.98482,7.57176,0
81,0.00768,4.9848,7.57176,0
81.1,0.00768,4.98478,7.57344,0
81.2,0.00768,4.98476,7.57344,0
81.3,0.00767,4.98474,7.57176,0
81.4,0.00767,4.98472,7.57176,0
81.5,0.00767,4.9847,7.57176,0
81.6,0.00767,4.98468,7.57176,0
81.7,0.00767,4.98465,7.57176,0
81.8,0.00767,4.98462,7.57176,0
81.9,0.00767,4.9846,7.57176,0
82,0.00767,4.98457,7.57176,0
82.1,0.00767,4.98453,7.57176,0
82.2,0.00767,4.9845,7.57176,0
82.3,0.00766,4.98447,7.57176,0
82.4,0.00766,4.98443,7.57344,0
82.5,0.00766,4.9844,7.57176,0
82.6,0.00766,4.98436,7.57176,0
82.7,0.00766,4.98432,7.57344,0
82.8,0.00766,4.98428,7.57176,0
82.9,0.00766,4.98424,7.57176,0
83,0.00766,4.98419,7.57176,0
83.1,0.00766,4.98415,7.57344,0
83.2,0.00766,4.9841,7.57176,0
83.3,0.00765,4.98406,7.57176,0
83.4,0.00765,4.98401,7.57176,0
83.5,0.00765,4.98396,7.57176,0
83.6,0.00765,4.98391,7.57176,0
83.7,0.00765,4.98385,7.57344,0
83.8,0.00765,4.9838,7.57176,0
83.9,0.00765,4.98374,7.57176,0
84,0.00765,4.98369,7.57344,0
84.1,0.00765,4.98363,7.57344,0
84.2,0.00764,4.98357,7.57176,0
84.3,0.00764,4.98351,7.57176,0
84.4,0.00764,4.98344,7.57176,0
84.5,0.00764,4.98338,7.57176,0
84.6,0.00764,4.98332,7.57176,0
84.7,0.00764,4.98325,7.57176,0
84.8,0.00764,4.98318,7.57176,0
84.9,0.00764,4.98311,7.57176,0
85,0.00764,4.98304,7.57176,0
85.1,0.00763,4.98297,7.57176,0
85.2,0.00763,4.9829,7.57176,0
85.3,0.00763,4.98282,7.57344,0
85.4,0.00763,4.98275,7.57344,0
85.5,0.00763,4.98267,7.57176,0
85.6,0.00763,4.98259,7.57344,0
85.7,0.00763,4.98251,7.57176,0
85.8,0.00763,4.98243,7.57176,0
85.9,0.00763,4.98235,7.57176,0
86,0.00762,4.98227,7.57176,0
86.1,0.00762,4.98218,7.57176,0
86.2,0.00762,4.98209,7.57176,0
86.3,0.00762,4.98201,7.57344,0
86.4,0.00762,4.98192,7.57176,0
86.5,0.00762,4.98183,7.57176,0
86.6,0.00762,4.98174,7.57344,0
86.7,0.00762,4.98164,7.57176,0
86.8,0.00761,4.98155,7.57176,0
86.9,0.00761,4.98145,7.57176,0
87,0.00761,4.98136,7.57344,0
87.1,0.00761,4.98126,7.57176,0
87.2,0.00761,4.98116,7.57344,0
87.3,0.00761,4.98106,7.57176,0
87.4,0.00761,4.98096,7.57176,0
87.5,0.00761,4.98085,7.57176,0
87.6,0.0076,4.98075,7.57176,0
87.7,0.0076,4.98064,7.57344,0
87.8,0.0076,4.98054,7.57176,0
87.9,0.0076,4.98043,7.57344,0
88,0.0076,4.98032,7.57344,0
88.1,0.0076,4.98021,7.57176,0
88.2,0.0076,4.9801,7.57176,0
88.3,0.0076,4.97998,7.57176,0
88.4,0.00759,4.97987,7.57176,0
88.5,0.00759,4.97975,7.57176,0
88.6,0.00759,4.97963,7.57176,0
88.7,0.00759,4.97952,7.57176,0
88.8,0.00759,4.9794,7.57176,0
88.9,0.00757,4.97928,7.57176,0
89,0.00756,4.97915,7.57176,0
89.1,0.00754,4.97903,7.57176,0
89.2,0.00752,4.9789,7.57176,0
89.3,0.00751,4.97878,7.57176,0
89.4,0.00749,4.97865,7.57176,0
89.5,0.00748,4.97852,7.57176,0
89.6,0.00748,4.97839,7.57176,0
89.7,0.00747,4.97826,7.57344,0
89.8,0.00747,4.97813,7.57344,0
89.9,0.00747,4.978,7.57344,0
90,0.00747,4.97786,7.57344,0
90.1,0.00747,4.97773,7.57176,0
90.2,0.00747,4.97759,7.57344,0
90.3,0.00747,4.97745,7.57344,0
90.4,0.00747,4.97731,7.57176,0
90.5,0.00746,4.97717,7.57344,0
90.6,0.00746,4.97703,7.57176,0
90.7,0.00746,4.97689,7.57176,0
90.8,0.00746,4.97674,7.57344,0
90.9,0.00746,4.9766,7.57344,0
91,0.00746,4.97645,7.57344,0
91.1,0.00746,4.9763,7.57344,0
91.2,0.00746,4.97615,7.57344,0
91.3,0.00746,4.976,7.57344,0
91.4,0.00746,4.97585,7.57344,0
91.5,0.00746,4.9757,7.57176,0
91.6,0.00745,4.97554,7.57344,0
91.7,0.00745,4.97539,7.57344,0
91.8,0.00745,4.97523,7.57344,0
91.9,0.00745,4.97508,7.57344,0
92,0.00745,4.97492,7.57176,0
92.1,0.00745,4.97476,7.57344,0
92.2,0.00745,4.9746,7.57176,0
92.3,0.00745,4.97444,7.57344,0
92.4,0.00745,4.97427,7.57176,0
92.5,0.00745,4.97411,7.57344,0
92.6,0.00745,4.97394,7.57176,0
92.7,0.00745,4.97378,7.57344,0
92.8,0.00745,4.97361,7.57176,0
92.9,0.00745,4.97344,7.57344,0
93,0.00745,4.97327,7.57344,0
93.1,0.00745,4.9731,7.57176,0
93.2,0.00745,4.97293,7.57176,0
93.3,0.00745,4.97276,7.57176,0
93.4,0.00744,4.97258,7.57176,0
93.5,0.00744,4.97241,7.57176,0
93.6,0.00744,4.97223,7.57176,0
93.7,0.00744,4.97205,7.57176,0
93.8,0.00744,4.97187,7.57176,0
93.9,0.00744,4.97169,7.57176,0
94,0.00744,4.97151,7.57176,0
94.1,0.00744,4.97133,7.57344,0
94.2,0.00744,4.97115,7.57344,0
94.3,0.00744,4.97097,7.57344,0
94.4,0.00744,4.97078,7.57344,0
94.5,0.00744,4.97059,7.57344,0
94.6,0.00744,4.97041,7.57344,0
94.7,0.00744,4.97022,7.57344,0
94.8,0.00744,4.97003,7.57344,0
94.9,0.00744,4.96984,7.57344,0
95,0.00744,4.96965,7.57344,0
95.1,0.00744,4.96946,7.57344,0
95.2,0.00744,4.96926,7.57344,0
95.3,0.00744,4.96907,7.57176,0
95.4,0.00744,4.96887,7.57176,0
95.5,0.00744,4.96868,7.57344,0
95.6,0.00743,4.96848,7.57176,0
95.7,0.00743,4.96828,7.57344,0
95.8,0.00743,4.96808,7.57344,0
95.9,0.00743,4.96788,7.57344,0
96,0.00743,4.96768,7.57344,0
96.1,0.00743,4.96748,7.57176,0
96.2,0.00743,4.96727,7.57176,0
96.3,0.00743,4.96707,7.57344,0
96.4,0.00743,4.96686,7.57344,0
96.5,0.00743,4.96666,7.57344,0
96.6,0.00743,4.96645,7.57344,0
96.7,0.00743,4.96624,7.57344,0
96.8,0.00743,4.96603,7.57344,0
96.9,0.00743,4.96582,7.57344,0
97,0.00743,4.96561,7.57344,0
97.1,0.00743,4.9654,7.57344,0
97.2,0.00743,4.96519,7.57344,0
97.3,0.00743,4.96497,7.57176,0
97.4,0.00743,4.96476,7.57176,0
97.5,0.00743,4.96454,7.57344,0
97.6,0.00743,4.96433,7.57344,0
97.7,0.00743,4.96411,7.57344,0
97.8,0.00743,4.96389,7.57176,0
97.9,0.00743,4.96367,7.57176,0
98,0.00743,4.96345,7.57176,0
98.1,0.00743,4.96323,7.57176,0
98.2,0.00743,4.96301,7.57344,0
98.3,0.00743,4.96278,7.57344,0
98.4,0.00743,4.96256,7.57344,0
98.5,0.00743,4.96234,7.57176,0
98.6,0.00743,4.96211,7.57176,0
98.7,0.00743,4.96188,7.57176,0
98.8,0.00743,4.96166,7.57176,0
98.9,0.00743,4.96143,7.57176,0
99,0.00743,4.9612,7.57176,0
99.1,0.00743,4.96097,7.57176,0
99.2,0.00743,4.96074,7.57176,0
99.3,0.00743,4.96051,7.57176,0
99.4,0.00743,4.96027,7.57344,0
99.5,0.00743,4.96004,7.57344,0
99.6,0.00742,4.95981,7.57344,0
99.7,0.00742,4.95957,7.57344,0
99.8,0.00742,4.95934,7.57176,0
99.9,0.00742,4.9591,7.57176,0
100,0.00742,4.95886,7.57176,0
100.1,0.00742,4.95854,7.57176,0
100.2,0.00742,4.95833,7.57176,0
100.3,0.00742,4.95811,7.57176,0
100.4,0.00742,4.95792,7.57176,0
100.5,0.00742,4.95775,7.57344,0
100.6,0.00742,4.95751,7.57344,0
100.7,0.00742,4.95729,7.57344,0
100.8,0.00742,4.95709,7.57344,0
100.9,0.00742,4.95688,7.57344,0
101,0.00742,4.9567,7.57344,0
101.1,0.00742,4.95653,7.57344,0
101.2,0.00742,4.95636,7.57344,0
101.3,0.00742,4.95621,7.57344,0
101.4,0.00742,4.95606,7.57344,0
101.5,0.00742,4.95594,7.57344,0
101.6,0.00742,4.95583,7.57344,0
101.7,0.00742,4.95556,7.57176,0
101.8,0.00742,4.95516,7.57344,0
101.9,0.00742,4.95474,7.57344,0
102,0.00742,4.95434,7.57344,0
102.1,0.00742,4.95395,7.57344,0
102.2,0.00742,4.95356,7.57344,0
102.3,0.00742,4.95317,7.57344,0
102.4,0.00742,4.95278,7.57344,0
102.5,0.00742,4.95242,7.57344,0
102.6,0.00742,4.95206,7.57176,0
102.7,0.00742,4.95169,7.57176,0
102.8,0.00742,4.95133,7.57176,0
102.9,0.00742,4.95097,7.57344,0
103,0.00742,4.95061,7.57176,0
103.1,0.00742,4.95027,7.57344,0
103.2,0.00742,4.94991,7.57344,0
103.3,0.00741,4.94958,7.57176,0
103.4,0.00741,4.94923,7.57176,0
103.5,0.00741,4.94891,7.57176,0
103.6,0.00741,4.94856,7.57344,0
103.7,0.00741,4.94822,7.57344,0
103.8,0.00741,4.94789,7.57344,0
103.9,0.00741,4.94755,7.57344,0
104,0.00741,4.94723,7.57344,0
104.1,0.00741,4.9469,7.57176,0
104.2,0.00741,4.94656,7.57344,0
104.3,0.00741,4.94624,7.57344,0
104.4,0.00741,4.94592,7.57176,0
104.5,0.00741,4.94561,7.57344,0
104.6,0.00741,4.94528,7.57344,0
104.7,0.00741,4.94495,7.57176,0
104.8,0.00741,4.94463,7.57344,0
104.9,0.00741,4.94431,7.57344,0
105,0.00741,4.94399,7.57344,0
105.1,0.00741,4.94369,7.57344,0
105.2,0.00741,4.9434,7.57344,0
105.3,0.00741,4.94312,7.57344,0
105.4,0.00741,4.94284,7.57344,0
105.5,0.00741,4.94256,7.57176,0
105.6,0.00741,4.94228,7.57176,0
105.7,0.00741,4.94201,7.57176,0
105.8,0.00741,4.94174,7.57176,0
105.9,0.00741,4.94145,7.57344,0
106,0.0074,4.94116,7.57344,0
106.1,0.0074,4.9409,7.57344,0
106.2,0.0074,4.94063,7.57344,0
106.3,0.0074,4.94037,7.57344,0
106.4,0.0074,4.9401,7.57176,0
106.5,0.0074,4.93984,7.57344,0
106.6,0.0074,4.93958,7.57344,0
106.7,0.0074,4.93932,7.57344,0
106.8,0.0074,4.93905,7.57344,0
106.9,0.0074,4.93877,7.57344,0
107,0.0074,4.93852,7.57344,0
107.1,0.0074,4.93826,7.57344,0
107.2,0.0074,4.93801,7.57344,0
107.3,0.0074,4.93776,7.57344,0
107.4,0.0074,4.93751,7.57344,0
107.5,0.0074,4.93726,7.57344,0
107.6,0.0074,4.93702,7.57344,0
107.7,0.0074,4.93676,7.57344,0
107.8,0.0074,4.9365,7.57344,0
107.9,0.0074,4.93626,7.57344,0
108,0.0074,4.93603,7.57344,0
108.1,0.0074,4.93579,7.57176,0
108.2,0.0074,4.93554,7.57176,0
108.3,0.00739,4.93529,7.57344,0
108.4,0.00739,4.93505,7.57344,0
108.5,0.00739,4.93482,7.57176,0
108.6,0.00739,4.93459,7.57344,0
108.7,0.00739,4.93434,7.57344,0
108.8,0.00739,4.93411,7.57344,0
108.9,0.00739,4.93388,7.57344,0
109,0.00739,4.93365,7.57176,0
109.1,0.00739,4.93343,7.57344,0
109.2,0.00739,4.93319,7.57344,0
109.3,0.00739,4.93295,7.57344,0
109.4,0.00739,4.93272,7.57344,0
109.5,0.00739,4.9325,7.57344,0
109.6,0.00739,4.93228,7.57176,0
109.7,0.00739,4.93205,7.57344,0
109.8,0.00739,4.93182,7.57344,0
109.9,0.00739,4.9316,7.57176,0
110,0.00739,4.93139,7.57344,0
110.1,0.00739,4.93117,7.57344,0
110.2,0.00739,4.93095,7.57176,0
110.3,0.00739,4.93073,7.57344,0
110.4,0.00739,4.93051,7.57344,0
110.5,0.00739,4.93029,7.57344,0
110.6,0.00739,4.93008,7.57344,0
110.7,0.00739,4.92987,7.57344,0
110.8,0.00739,4.92965,7.57344,0
110.9,0.00739,4.92943,7.57344,0
111,0.00739,4.92921,7.57176,0
111.1,0.00739,4.929,7.57344,0
111.2,0.00738,4.9288,7.57344,0
111.3,0.00738,4.92858,7.57344,0
111.4,0.00738,4.92837,7.57344,0
111.5,0.00738,4.92816,7.57344,0
111.6,0.00738,4.92795,7.57344,0
111.7,0.00738,4.92775,7.57344,0
111.8,0.00738,4.92754,7.57344,0
111.9,0.00738,4.92734,7.57344,0
112,0.00738,4.92713,7.57344,0
112.1,0.00738,4.92692,7.57344,0
112.2,0.00738,4.92672,7.57344,0
112.3,0.00738,4.92652,7.57344,0
112.4,0.00738,4.92631,7.57344,0
112.5,0.00738,4.92611,7.57344,0
112.6,0.00738,4.9259,7.57344,0
112.7,0.00738,4.9257,7.57344,0
112.8,0.00738,4.92549,7.57176,0
112.9,0.00738,4.92529,7.57344,0
113,0.00738,4.92509,7.57344,0
113.1,0.00738,4.92489,7.57176,0
113.2,0.00738,4.92468,7.57344,0
113.3,0.00738,4.92448,7.57176,0
113.4,0.00738,4.92427,7.57176,0
113.5,0.00738,4.92407,7.57344,0
113.6,0.00738,4.92387,7.57176,0
113.7,0.00737,4.92367,7.57176,0
113.8,0.00737,4.92346,7.57176,0
113.9,0.00737,4.92326,7.57176,0
114,0.00737,4.92305,7.57344,0
114.1,0.00737,4.92285,7.57176,0
114.2,0.00737,4.92265,7.57344,0
114.3,0.00737,4.92245,7.57176,0
114.4,0.00737,4.92225,7.57176,0
114.5,0.00737,4.92205,7.57344,0
114.6,0.00737,4.92184,7.57176,0
114.7,0.00737,4.92164,7.57344,0
114.8,0.00737,4.92144,7.57344,0
114.9,0.00737,4.92123,7.57344,0
115,0.00737,4.92103,7.57176,0
115.1,0.00737,4.92082,7.57176,0
115.2,0.00737,4.92062,7.57344,0
115.3,0.00737,4.92041,7.57176,0
115.4,0.00737,4.92021,7.57176,0
115.5,0.00737,4.92,7.57176,0
115.6,0.00737,4.9198,7.57176,0
115.7,0.00737,4.91959,7.57176,0
115.8,0.00737,4.91939,7.57344,0
115.9,0.00737,4.91919,7.57176,0
116,0.00737,4.91899,7.57344,0
116.1,0.00737,4.91879,7.57176,0
116.2,0.00737,4.91859,7.57176,0
116.3,0.00737,4.91839,7.57176,0
116.4,0.00737,4.9182,7.57176,0
116.5,0.00737,4.918,7.57176,0
116.6,0.00737,4.91781,7.57176,0
116.7,0.00736,4.91761,7.57176,0
116.8,0.00736,4.91742,7.57176,0
116.9,0.00736,4.91723,7.57176,0
117,0.00736,4.91703,7.57176,0
117.1,0.00736,4.91684,7.57176,0
117.2,0.00736,4.91664,7.57176,0
117.3,0.00736,4.91645,7.57176,0
117.4,0.00736,4.91626,7.57176,0
117.5,0.00736,4.91607,7.57176,0
117.6,0.00736,4.91588,7.57176,0
117.7,0.00736,4.91568,7.57176,0
117.8,0.00736,4.91549,7.57176,0
117.9,0.00736,4.9153,7.57176,0
118,0.00736,4.91511,7.57176,0
118.1,0.00736,4.91492,7.57176,0
118.2,0.00736,4.91473,7.57176,0
118.3,0.00736,4.91454,7.57176,0
118.4,0.00736,4.91436,7.57176,0
118.5,0.00736,4.91417,7.57176,0
118.6,0.00736,4.91398,7.57176,0
118.7,0.00736,4.91379,7.57344,0
118.8,0.00736,4.9136,7.57344,0
118.9,0.00736,4.91342,7.57344,0
119,0.00736,4.91323,7.57176,0
119.1,0.00736,4.91305,7.57344,0
119.2,0.00736,4.91287,7.57176,0
119.3,0.00736,4.91268,7.57176,0
119.4,0.00736,4.9125,7.57176,0
119.5,0.00736,4.91232,7.57176,0
119.6,0.00736,4.91214,7.57344,0
119.7,0.00736,4.91196,7.57344,0
119.8,0.00736,4.91178,7.57176,0
119.9,0.00736,4.9116,7.57176,0
120,0.00736,4.91142,7.57344,0
120.1,0.00736,4.91124,7.57344,0
120.2,0.00736,4.91106,7.57176,0
120.3,0.00736,4.91088,7.57176,0
120.4,0.00736,4.91071,7.57176,0
120.5,0.00736,4.91053,7.57176,0
120.6,0.00736,4.91035,7.57344,0
120.7,0.00735,4.91018,7.57176,0
120.8,0.00735,4.91,7.57176,0
120.9,0.00735,4.90982,7.57344,0
121,0.00735,4.90965,7.57176,0
121.1,0.00735,4.90947,7.57176,0
121.2,0.00735,4.9093,7.57344,0
121.3,0.00735,4.90912,7.57344,0
121.4,0.00735,4.90895,7.57344,0
121.5,0.00735,4.90878,7.57344,0
121.6,0.00735,4.90861,7.57176,0
121.7,0.00735,4.90844,7.57176,0
121.8,0.00735,4.90827,7.57176,0
121.9,0.00735,4.9081,7.57344,0
122,0.00735,4.90793,7.57176,0
122.1,0.00735,4.90777,7.57344,0
122.2,0.00735,4.9076,7.57344,0
122.3,0.00735,4.90744,7.57176,0
122.4,0.00735,4.90728,7.57344,0
122.5,0.00735,4.90712,7.57176,0
122.6,0.00735,4.90696,7.57344,0
122.7,0.00735,4.9068,7.57176,0
122.8,0.00735,4.90663,7.57344,0
122.9,0.00735,4.90647,7.57344,0
123,0.00735,4.90631,7.57344,0
123.1,0.00735,4.90615,7.57344,0
123.2,0.00735,4.90599,7.57344,0
123.3,0.00735,4.90583,7.57344,0
123.4,0.00735,4.90567,7.57176,0
123.5,0.00734,4.90551,7.57344,0
123.6,0.00734,4.90535,7.57344,0
123.7,0.00734,4.90519,7.57344,0
123.8,0.00734,4.90503,7.57344,0
123.9,0.00734,4.90487,7.57344,0
124,0.00734,4.90471,7.57176,0
124.1,0.00734,4.90455,7.57344,0
124.2,0.00734,4.90439,7.57344,0
124.3,0.00734,4.90423,7.57344,0
124.4,0.00734,4.90407,7.57344,0
124.5,0.00734,4.90391,7.57344,0
124.6,0.00734,4.90376,7.57344,0
124.7,0.00734,4.9036,7.57344,0
124.8,0.00734,4.90344,7.57344,0
124.9,0.00734,4.90328,7.57176,0
125,0.00734,4.90312,7.57344,0
125.1,0.00734,4.90297,7.57176,0
125.2,0.00734,4.90281,7.57176,0
125.3,0.00734,4.90265,7.57344,0
125.4,0.00734,4.90249,7.57344,0
125.5,0.00734,4.90234,7.57176,0
125.6,0.00734,4.90218,7.57176,0
125.7,0.00734,4.90203,7.57344,0
125.8,0.00734,4.90187,7.57344,0
125.9,0.00734,4.90172,7.57176,0
126,0.00733,4.90156,7.57344,0
126.1,0.00733,4.90141,7.57344,0
126.2,0.00733,4.90126,7.57176,0
126.3,0.00733,4.9011,7.57176,0
126.4,0.00733,4.90095,7.57176,0
126.5,0.00733,4.9008,7.57176,0
126.6,0.00733,4.90065,7.57176,0
126.7,0.00733,4.9005,7.57176,0
126.8,0.00733,4.90035,7.57176,0
126.9,0.00733,4.9002,7.57344,0
127,0.00733,4.90006,7.57176,0
127.1,0.00733,4.89991,7.57344,0
127.2,0.00733,4.89976,7.57344,0
127.3,0.00733,4.89962,7.57344,0
127.4,0.00733,4.89947,7.57176,0
127.5,0.00733,4.89933,7.57176,0
127.6,0.00733,4.89918,7.57176,0
127.7,0.00733,4.89904,7.57344,0
127.8,0.00733,4.89889,7.57176,0
127.9,0.00733,4.89875,7.57176,0
128,0.00733,4.89861,7.57344,0
128.1,0.00733,4.89846,7.57344,0
128.2,0.00732,4.89832,7.57344,0
128.3,0.00732,4.89819,7.57176,0
128.4,0.00732,4.89805,7.57176,0
128.5,0.00732,4.89791,7.57344,0
128.6,0.00732,4.89777,7.57344,0
128.7,0.00732,4.89764,7.57176,0
128.8,0.00732,4.8975,7.57176,0
128.9,0.00732,4.89737,7.57176,0
129,0.00732,4.89723,7.57176,0
129.1,0.00732,4.8971,7.57176,0
129.2,0.00732,4.89697,7.57344,0
129.3,0.00732,4.89684,7.57344,0
129.4,0.00732,4.8967,7.57344,0
129.5,0.00732,4.89657,7.57176,0
129.6,0.00732,4.89644,7.57176,0
129.7,0.00732,4.89631,7.57176,0
129.8,0.00732,4.89618,7.57176,0
129.9,0.00732,4.89606,7.57176,0
130,0.00732,4.89593,7.57176,0
130.1,0.00732,4.8958,7.57176,0
130.2,0.00732,4.89568,7.57344,0
130.3,0.00732,4.89555,7.57344,0
130.4,0.00731,4.89543,7.57344,0
130.5,0.00731,4.89531,7.57344,0
130.6,0.00731,4.89518,7.57344,0
130.7,0.00731,4.89506,7.57344,0
130.8,0.00731,4.89494,7.57176,0
130.9,0.00731,4.89482,7.57344,0
131,0.00731,4.8947,7.57344,0
131.1,0.00731,4.89458,7.57344,0
131.2,0.00731,4.89446,7.57344,0
131.3,0.00731,4.89434,7.57344,0
131.4,0.00731,4.89422,7.57344,0
131.5,0.00731,4.8941,7.57176,0
131.6,0.00731,4.89398,7.57344,0
131.7,0.00731,4.89386,7.57344,0
131.8,0.00731,4.89374,7.57344,0
131.9,0.00731,4.89362,7.57176,0
132,0.00731,4.8935,7.57344,0
132.1,0.00731,4.89339,7.57344,0
132.2,0.00731,4.89327,7.57344,0
132.3,0.00731,4.89315,7.57344,0
132.4,0.0073,4.89303,7.57344,0
132.5,0.0073,4.89291,7.57344,0
132.6,0.0073,4.89279,7.57344,0
132.7,0.0073,4.89267,7.57344,0
132.8,0.0073,4.89255,7.57344,0
132.9,0.0073,4.89242,7.57344,0
133,0.0073,4.8923,7.57344,0
133.1,0.0073,4.89218,7.57176,0
133.2,0.0073,4.89206,7.57344,0
133.3,0.0073,4.89193,7.57344,0
133.4,0.0073,4.89181,7.57344,0
133.5,0.0073,4.89168,7.57344,0
133.6,0.0073,4.89155,7.57176,0
133.7,0.0073,4.89143,7.57176,0
133.8,0.0073,4.8913,7.57176,0
133.9,0.0073,4.89117,7.57344,0
134,0.0073,4.89104,7.57344,0
134.1,0.0073,4.89092,7.57344,0
134.2,0.0073,4.89079,7.57344,0
134.3,0.0073,4.89066,7.57344,0
134.4,0.0073,4.89053,7.57344,0
134.5,0.0073,4.8904,7.57344,0
134.6,0.0073,4.89028,7.57176,0
134.7,0.0073,4.89015,7.57176,0
134.8,0.0073,4.89003,7.57176,0
134.9,0.00729,4.8899,7.57344,0
135,0.00729,4.88977,7.57344,0
135.1,0.00729,4.88965,7.57344,0
135.2,0.00729,4.88952,7.57344,0
135.3,0.00729,4.88939,7.57344,0
135.4,0.00729,4.88926,7.57344,0
135.5,0.00729,4.88913,7.57176,0
135.6,0.00729,4.889,7.57344,0
135.7,0.00729,4.88887,7.57176,0
135.8,0.00729,4.88874,7.57344,0
135.9,0.00729,4.88861,7.57176,0
136,0.00729,4.88848,7.57176,0
136.1,0.00729,4.88835,7.57344,0
136.2,0.00729,4.88822,7.57344,0
136.3,0.00729,4.88809,7.57176,0
136.4,0.00729,4.88796,7.57176,0
136.5,0.00729,4.88782,7.57176,0
136.6,0.00729,4.88769,7.57176,0
136.7,0.00729,4.88756,7.57176,0
136.8,0.00729,4.88743,7.57176,0
136.9,0.00729,4.8873,7.57344,0
137,0.00729,4.88717,7.57176,0
137.1,0.00729,4.88703,7.57176,0
137.2,0.00729,4.8869,7.57176,0
137.3,0.00729,4.88677,7.57176,0
137.4,0.00729,4.88663,7.57344,0
137.5,0.00728,4.8865,7.57176,0
137.6,0.00728,4.88637,7.57176,0
137.7,0.00728,4.88623,7.57344,0
137.8,0.00728,4.8861,7.57176,0
137.9,0.00728,4.88597,7.57176,0
138,0.00728,4.88584,7.57176,0
138.1,0.00728,4.88571,7.57176,0
138.2,0.00728,4.88558,7.57344,0
138.3,0.00728,4.88544,7.57176,0
138.4,0.00728,4.88531,7.57176,0
138.5,0.00728,4.88518,7.57344,0
138.6,0.00728,4.88504,7.57176,0
138.7,0.00728,4.88491,7.57176,0
138.8,0.00728,4.88477,7.57344,0
138.9,0.00728,4.88464,7.57344,0
139,0.00728,4.8845,7.57344,0
139.1,0.00728,4.88437,7.57176,0
139.2,0.00728,4.88423,7.57176,0
139.3,0.00728,4.8841,7.57176,0
139.4,0.00728,4.88396,7.57344,0
139.5,0.00728,4.88383,7.57344,0
139.6,0.00728,4.88369,7.57344,0
139.7,0.00728,4.88356,7.57176,0
139.8,0.00728,4.88342,7.57176,0
139.9,0.00728,4.88328,7.57344,0
140,0.00728,4.88315,7.57176,0
140.1,0.00728,4.88301,7.57176,0
140.2,0.00727,4.88288,7.57176,0
140.3,0.00727,4.88274,7.57176,0
140.4,0.00727,4.8826,7.57176,0
140.5,0.00727,4.88247,7.57344,0
140.6,0.00727,4.88233,7.57344,0
140.7,0.00727,4.88219,7.57344,0
140.8,0.00727,4.88206,7.57344,0
140.9,0.00727,4.88192,7.57176,0
141,0.00727,4.88178,7.57344,0
141.1,0.00727,4.88165,7.57344,0
141.2,0.00727,4.88151,7.57344,0
141.3,0.00727,4.88138,7.57344,0
141.4,0.00727,4.88125,7.57176,0
141.5,0.00727,4.88111,7.57176,0
141.6,0.00727,4.88098,7.57176,0
141.7,0.00727,4.88085,7.57176,0
141.8,0.00727,4.88071,7.57176,0
141.9,0.00727,4.88058,7.57344,0
142,0.00727,4.88044,7.57176,0
142.1,0.00727,4.88031,7.57176,0
142.2,0.00727,4.88017,7.57176,0
142.3,0.00727,4.88004,7.57176,0
142.4,0.00727,4.87991,7.57176,0
142.5,0.00727,4.87978,7.57344,0
142.6,0.00727,4.87964,7.57176,0
142.7,0.00727,4.87951,7.57176,0
142.8,0.00727,4.87938,7.57176,0
142.9,0.00727,4.87925,7.57176,0
143,0.00727,4.87912,7.57176,0
143.1,0.00727,4.87899,7.57176,0
143.2,0.00726,4.87885,7.57176,0
143.3,0.00726,4.87872,7.57176,0
143.4,0.00726,4.87859,7.57344,0
143.5,0.00726,4.87846,7.57344,0
143.6,0.00726,4.87834,7.57176,0
143.7,0.00726,4.87821,7.57176,0
143.8,0.00726,4.87808,7.57344,0
143.9,0.00726,4.87795,7.57176,0
144,0.00726,4.87783,7.57176,0
144.1,0.00726,4.8777,7.57344,0
144.2,0.00726,4.87758,7.57344,0
144.3,0.00726,4.87746,7.57344,0
144.4,0.00726,4.87733,7.57176,0
144.5,0.00726,4.87721,7.57344,0
144.6,0.00726,4.87709,7.57176,0
144.7,0.00726,4.87696,7.57344,0
144.8,0.00726,4.87684,7.57176,0
144.9,0.00726,4.87672,7.57176,0
145,0.00726,4.8766,7.57176,0
145.1,0.00726,4.87648,7.57344,0
145.2,0.00726,4.87636,7.57344,0
145.3,0.00726,4.87624,7.57176,0
145.4,0.00726,4.87612,7.57176,0
145.5,0.00726,4.876,7.57344,0
145.6,0.00726,4.87589,7.57344,0
145.7,0.00726,4.87577,7.57176,0
145.8,0.00726,4.87565,7.57176,0
145.9,0.00726,4.87553,7.57344,0
146,0.00726,4.87542,7.57176,0
146.1,0.00726,4.8753,7.57344,0
146.2,0.00726,4.87518,7.57344,0
146.3,0.00726,4.87507,7.57344,0
146.4,0.00726,4.87495,7.57344,0
146.5,0.00726,4.87484,7.57344,0
146.6,0.00726,4.87472,7.57344,0
146.7,0.00726,4.87461,7.57176,0
146.8,0.00726,4.87449,7.57344,0
146.9,0.00726,4.87438,7.57344,0
147,0.00726,4.87426,7.57344,0
147.1,0.00725,4.87415,7.57344,0
147.2,0.00725,4.87404,7.57344,0
147.3,0.00725,4.87393,7.57344,0
147.4,0.00725,4.87381,7.57344,0
147.5,0.00725,4.8737,7.57344,0
147.6,0.00725,4.87359,7.57176,0
147.7,0.00725,4.87348,7.57344,0
147.8,0.00725,4.87336,7.57344,0
147.9,0.00725,4.87325,7.57344,0
148,0.00725,4.87314,7.57176,0
148.1,0.00725,4.87302,7.57176,0
148.2,0.00725,4.87291,7.57344,0
148.3,0.00725,4.8728,7.57176,0
148.4,0.00725,4.87268,7.57176,0
148.5,0.00725,4.87257,7.57176,0
148.6,0.00725,4.87246,7.57344,0
148.7,0.00725,4.87234,7.57344,0
148.8,0.00725,4.87223,7.57344,0
148.9,0.00725,4.87212,7.57344,0
149,0.00725,4.87201,7.57344,0
149.1,0.00725,4.87189,7.57344,0
149.2,0.00725,4.87178,7.57176,0
149.3,0.00725,4.87167,7.57344,0
149.4,0.00725,4.87156,7.57344,0
149.5,0.00725,4.87144,7.57344,0
149.6,0.00725,4.87133,7.57344,0
149.7,0.00725,4.87123,7.57344,0
149.8,0.00725,4.87112,7.57344,0
149.9,0.00725,4.87101,7.57176,0
150,0.00725,4.8709,7.57344,0
150.1,0.00725,4.87079,7.57344,0
150.2,0.00725,4.87068,7.57344,0
150.3,0.00725,4.87058,7.57344,0
150.4,0.00725,4.87047,7.57344,0
150.5,0.00725,4.87036,7.57176,0
150.6,0.00725,4.87026,7.57344,0
150.7,0.00725,4.87015,7.57176,0
150.8,0.00725,4.87005,7.57176,0
150.9,0.00725,4.86994,7.57176,0
151,0.00725,4.86984,7.57176,0
151.1,0.00725,4.86973,7.57176,0
151.2,0.00725,4.86962,7.57176,0
151.3,0.00725,4.86951,7.57176,0
151.4,0.00725,4.8694,7.57344,0
151.5,0.00725,4.8693,7.57344,0
151.6,0.00724,4.86919,7.57344,0
151.7,0.00724,4.86908,7.57176,0
151.8,0.00724,4.86897,7.57176,0
151.9,0.00724,4.86886,7.57344,0
152,0.00724,4.86875,7.57344,0
152.1,0.00724,4.86865,7.57344,0
152.2,0.00724,4.86854,7.57176,0
152.3,0.00724,4.86843,7.57176,0
152.4,0.00724,4.86832,7.57176,0
152.5,0.00724,4.86821,7.57176,0
152.6,0.00724,4.86811,7.57176,0
152.7,0.00724,4.868,7.57176,0
152.8,0.00724,4.86789,7.57344,0
152.9,0.00724,4.86778,7.57176,0
153,0.00724,4.86767,7.57344,0
153.1,0.00724,4.86756,7.57344,0
153.2,0.00724,4.86745,7.57176,0
153.3,0.00724,4.86733,7.57176,0
153.4,0.00724,4.86722,7.57176,0
153.5,0.00724,4.86711,7.57176,0
153.6,0.00724,4.867,7.57176,0
153.7,0.00724,4.86688,7.57176,0
153.8,0.00724,4.86677,7.57344,0
153.9,0.00724,4.86666,7.57344,0
154,0.00724,4.86654,7.57344,0
154.1,0.00724,4.86643,7.57176,0
154.2,0.00724,4.86631,7.57344,0
154.3,0.00724,4.8662,7.57344,0
154.4,0.00724,4.86608,7.57344,0
154.5,0.00724,4.86597,7.57176,0
154.6,0.00724,4.86585,7.57176,0
154.7,0.00724,4.86572,7.57176,0
154.8,0.00724,4.8656,7.57344,0
154.9,0.00724,4.86548,7.57344,0
155,0.00724,4.86536,7.57344,0
155.1,0.00724,4.86524,7.57344,0
155.2,0.00724,4.86512,7.57176,0
155.3,0.00724,4.865,7.57344,0
155.4,0.00724,4.86487,7.57344,0
155.5,0.00724,4.86475,7.57344,0
155.6,0.00724,4.86462,7.57344,0
155.7,0.00724,4.8645,7.57344,0
155.8,0.00724,4.86437,7.57344,0
155.9,0.00724,4.86425,7.57344,0
156,0.00724,4.86413,7.57176,0
156.1,0.00724,4.864,7.57344,0
156.2,0.00724,4.86387,7.57344,0
156.3,0.00724,4.86375,7.57344,0
156.4,0.00724,4.86362,7.57176,0
156.5,0.00724,4.8635,7.57344,0
156.6,0.00724,4.86337,7.57176,0
156.7,0.00724,4.86324,7.57344,0
156.8,0.00724,4.86312,7.57176,0
156.9,0.00724,4.86299,7.57176,0
157,0.00724,4.86287,7.57344,0
157.1,0.00724,4.86274,7.57344,0
157.2,0.00724,4.86261,7.57344,0
157.3,0.00724,4.86249,7.57344,0
157.4,0.00724,4.86236,7.57344,0
157.5,0.00724,4.86223,7.57344,0
157.6,0.00724,4.8621,7.57176,0
157.7,0.00724,4.86198,7.57176,0
157.8,0.00724,4.86185,7.57176,0
157.9,0.00724,4.86172,7.57176,0
158,0.00724,4.8616,7.57176,0
158.1,0.00724,4.86147,7.57176,0
158.2,0.00724,4.86134,7.57176,0
158.3,0.00724,4.86121,7.57176,0
158.4,0.00724,4.86108,7.57344,0
158.5,0.00724,4.86095,7.57176,0
158.6,0.00724,4.86082,7.57344,0
158.7,0.00724,4.86069,7.57344,0
158.8,0.00724,4.86057,7.57176,0
158.9,0.00724,4.86044,7.57176,0
159,0.00724,4.86031,7.57176,0
159.1,0.00724,4.86019,7.57176,0
159.2,0.00724,4.86007,7.57344,0
159.3,0.00724,4.85994,7.57344,0
159.4,0.00724,4.85982,7.57344,0
159.5,0.00724,4.8597,7.57344,0
159.6,0.00724,4.85957,7.57344,0
159.7,0.00724,4.85944,7.57176,0
159.8,0.00724,4.85932,7.57344,0
159.9,0.00724,4.85919,7.57344,0
160,0.00724,4.85906,7.57344,0
160.1,0.00724,4.85893,7.57344,0
160.2,0.00724,4.8588,7.57344,0
160.3,0.00724,4.85867,7.57344,0
160.4,0.00724,4.85854,7.57344,0
160.5,0.00724,4.85841,7.57344,0
160.6,0.00724,4.85828,7.57344,0
160.7,0.00724,4.85816,7.57344,0
160.8,0.00724,4.85803,7.57176,0
160.9,0.00724,4.8579,7.57176,0
161,0.00724,4.85777,7.57344,0
161.1,0.00724,4.85764,7.57344,0
161.2,0.00724,4.85751,7.57344,0
161.3,0.00724,4.85738,7.57344,0
161.4,0.00724,4.85724,7.57344,0
161.5,0.00724,4.85711,7.57176,0
161.6,0.00724,4.85698,7.57344,0
161.7,0.00724,4.85684,7.57344,0
161.8,0.00724,4.85671,7.57344,0
161.9,0.00724,4.85657,7.57344,0
162,0.00724,4.85644,7.57344,0
162.1,0.00724,4.8563,7.57344,0
162.2,0.00724,4.85617,7.57344,0
162.3,0.00724,4.85604,7.57176,0
162.4,0.00724,4.8559,7.57344,0
162.5,0.00724,4.85577,7.57176,0
162.6,0.00724,4.85563,7.57176,0
162.7,0.00724,4.8555,7.57344,0
162.8,0.00724,4.85537,7.57176,0
162.9,0.00724,4.85524,7.57176,0
163,0.00724,4.8551,7.57176,0
163.1,0.00724,4.85497,7.57176,0
163.2,0.00724,4.85484,7.57344,0
163.3,0.00724,4.85471,7.57176,0
163.4,0.00724,4.85457,7.57176,0
163.5,0.00724,4.85444,7.57344,0
163.6,0.00724,4.85431,7.57344,0
163.7,0.00724,4.85418,7.57344,0
163.8,0.00724,4.85405,7.57176,0
163.9,0.00724,4.85392,7.57344,0
164,0.00724,4.85378,7.57344,0
164.1,0.00724,4.85365,7.57176,0
164.2,0.00724,4.85352,7.57344,0
164.3,0.00724,4.85339,7.57176,0
164.4,0.00724,4.85325,7.57344,0
164.5,0.00724,4.85312,7.57344,0
164.6,0.00724,4.85299,7.57176,0
164.7,0.00724,4.85285,7.57176,0
164.8,0.00724,4.85271,7.57176,0
164.9,0.00724,4.85258,7.57176,0
165,0.00724,4.85244,7.57344,0
165.1,0.00724,4.85231,7.57344,0
165.2,0.00724,4.85217,7.57344,0
165.3,0.00724,4.85204,7.57344,0
165.4,0.00724,4.85191,7.57344,0
165.5,0.00724,4.85177,7.57344,0
165.6,0.00724,4.85164,7.57344,0
165.7,0.00724,4.85151,7.57344,0
165.8,0.00724,4.85137,7.57344,0
165.9,0.00724,4.85124,7.57344,0
166,0.00724,4.8511,7.57176,0
166.1,0.00724,4.85097,7.57176,0
166.2,0.00724,4.85084,7.57176,0
166.3,0.00724,4.85071,7.57176,0
166.4,0.00724,4.85057,7.57176,0
166.5,0.00724,4.85044,7.57176,0
166.6,0.00724,4.85031,7.57176,0
166.7,0.00724,4.85018,7.57176,0
166.8,0.00724,4.85005,7.57176,0
166.9,0.00724,4.84992,7.57176,0
167,0.00724,4.84979,7.57176,0
167.1,0.00724,4.84966,7.57176,0
167.2,0.00724,4.84954,7.57176,0
167.3,0.00724,4.84941,7.57176,0
167.4,0.00723,4.84928,7.57176,0
167.5,0.00723,4.84916,7.57344,0
167.6,0.00723,4.84903,7.57176,0
167.7,0.00723,4.8489,7.57176,0
167.8,0.00723,4.84877,7.57176,0
167.9,0.00723,4.84864,7.57176,0
168,0.00723,4.84851,7.57176,0
168.1,0.00723,4.84838,7.57176,0
168.2,0.00723,4.84825,7.57176,0
168.3,0.00723,4.84812,7.57176,0
168.4,0.00723,4.84799,7.57176,0
168.5,0.00723,4.84786,7.57176,0
168.6,0.00723,4.84774,7.57344,0
168.7,0.00723,4.84761,7.57344,0
168.8,0.00723,4.84749,7.57344,0
168.9,0.00723,4.84736,7.57344,0
169,0.00723,4.84724,7.57344,0
169.1,0.00723,4.84711,7.57344,0
169.2,0.00723,4.84699,7.57344,0
169.3,0.00723,4.84687,7.57344,0
169.4,0.00723,4.84675,7.57176,0
169.5,0.00723,4.84662,7.57344,0
169.6,0.00723,4.8465,7.57344,0
169.7,0.00723,4.84638,7.57344,0
169.8,0.00723,4.84625,7.57176,0
169.9,0.00723,4.84613,7.57344,0
170,0.00723,4.846,7.57344,0
170.1,0.00723,4.84587,7.57344,0
170.2,0.00723,4.84575,7.57344,0
170.3,0.00723,4.84562,7.57344,0
170.4,0.00723,4.8455,7.57344,0
170.5,0.00723,4.84537,7.57344,0
170.6,0.00723,4.84525,7.57344,0
170.7,0.00723,4.84513,7.57344,0
170.8,0.00723,4.845,7.57344,0
170.9,0.00723,4.84488,7.57344,0
171,0.00723,4.84476,7.57344,0
171.1,0.00723,4.84463,7.57344,0
171.2,0.00723,4.84451,7.57344,0
171.3,0.00722,4.84439,7.57344,0
171.4,0.00722,4.84427,7.57176,0
171.5,0.00722,4.84415,7.57344,0
171.6,0.00722,4.84403,7.57344,0
171.7,0.00722,4.84391,7.57344,0
171.8,0.00722,4.84379,7.57344,0
171.9,0.00722,4.84367,7.57344,0
172,0.00722,4.84355,7.57176,0
172.1,0.00722,4.84343,7.57344,0
172.2,0.00722,4.84331,7.57176,0
172.3,0.00722,4.8432,7.57176,0
172.4,0.00722,4.84308,7.57344,0
172.5,0.00722,4.84296,7.57176,0
172.6,0.00722,4.84285,7.57176,0
172.7,0.00722,4.84273,7.57176,0
172.8,0.00722,4.84262,7.57344,0
172.9,0.00722,4.8425,7.57176,0
173,0.00722,4.84238,7.57176,0
173.1,0.00722,4.84226,7.57344,0
173.2,0.00722,4.84214,7.57344,0
173.3,0.00722,4.84202,7.57344,0
173.4,0.00722,4.8419,7.57344,0
173.5,0.00722,4.84178,7.57344,0
173.6,0.00722,4.84166,7.57344,0
173.7,0.00722,4.84154,7.57176,0
173.8,0.00722,4.84142,7.57344,0
173.9,0.00722,4.8413,7.57344,0
174,0.00722,4.84118,7.57176,0
174.1,0.00722,4.84106,7.57176,0
174.2,0.00722,4.84094,7.57344,0
174.3,0.00722,4.84082,7.57176,0
174.4,0.00722,4.8407,7.57176,0
174.5,0.00722,4.84058,7.57344,0
174.6,0.00722,4.84047,7.57344,0
174.7,0.00722,4.84035,7.57344,0
174.8,0.00722,4.84024,7.57176,0
174.9,0.00722,4.84012,7.57344,0
175,0.00722,4.84,7.57344,0
175.1,0.00722,4.83989,7.57344,0
175.2,0.00722,4.83977,7.57344,0
175.3,0.00722,4.83966,7.57344,0
175.4,0.00722,4.83955,7.57344,0
175.5,0.00722,4.83943,7.57344,0
175.6,0.00722,4.83932,7.57344,0
175.7,0.00722,4.83921,7.57344,0
175.8,0.00722,4.83909,7.57344,0
175.9,0.00722,4.83898,7.57344,0
176,0.00722,4.83887,7.57344,0
176.1,0.00722,4.83875,7.57344,0
176.2,0.00722,4.83864,7.57344,0
176.3,0.00722,4.83853,7.57344,0
176.4,0.00722,4.83842,7.57344,0
176.5,0.00723,4.8383,7.57344,0
176.6,0.00723,4.83819,7.57344,0
176.7,0.00723,4.83807,7.57344,0
176.8,0.00723,4.83796,7.57176,0
176.9,0.00723,4.83784,7.57344,0
177,0.00723,4.83773,7.57344,0
177.1,0.00723,4.83761,7.57344,0
177.2,0.00723,4.8375,7.57344,0
177.3,0.00723,4.83738,7.57344,0
177.4,0.00723,4.83727,7.57344,0
177.5,0.00723,4.83715,7.57344,0
177.6,0.00723,4.83704,7.57344,0
177.7,0.00723,4.83692,7.57344,0
177.8,0.00723,4.83681,7.57344,0
177.9,0.00723,4.8367,7.57344,0
178,0.00723,4.83658,7.57344,0
178.1,0.00723,4.83647,7.57344,0
178.2,0.00723,4.83635,7.57176,0
178.3,0.00723,4.83624,7.57176,0
178.4,0.00723,4.83612,7.57176,0
178.5,0.00723,4.83601,7.57176,0
178.6,0.00723,4.83589,7.57176,0
178.7,0.00723,4.83578,7.57344,0
178.8,0.00723,4.83566,7.57344,0
178.9,0.00723,4.83555,7.57344,0
179,0.00723,4.83543,7.57176,0
179.1,0.00723,4.83532,7.57176,0
179.2,0.00723,4.8352,7.57176,0
179.3,0.00723,4.83508,7.57176,0
179.4,0.00723,4.83497,7.57344,0
179.5,0.00723,4.83485,7.57176,0
179.6,0.00723,4.83473,7.57176,0
179.7,0.00723,4.83461,7.57176,0
179.8,0.00723,4.83449,7.57176,0
179.9,0.00723,4.83437,7.57176,0
180,0.00723,4.83425,7.57344,0
180.1,0.00723,4.83412,7.57344,0
180.2,0.00723,4.834,7.57176,0
180.3,0.00723,4.83388,7.57176,0
180.4,0.00723,4.83376,7.57176,0
180.5,0.00723,4.83364,7.57176,0
180.6,0.00723,4.83352,7.57344,0
180.7,0.00723,4.83339,7.57176,0
180.8,0.00723,4.83327,7.57176,0
180.9,0.00723,4.83314,7.57176,0
181,0.00723,4.83302,7.57176,0
181.1,0.00723,4.83289,7.57176,0
181.2,0.00723,4.83277,7.57176,0
181.3,0.00723,4.83264,7.57176,0
181.4,0.00723,4.83252,7.57176,0
181.5,0.00723,4.8324,7.57176,0
181.6,0.00723,4.83227,7.57176,0
181.7,0.00723,4.83215,7.57176,0
181.8,0.00723,4.83203,7.57344,0
181.9,0.00723,4.83191,7.57176,0
182,0.00723,4.83179,7.57176,0
182.1,0.00724,4.83167,7.57176,0
182.2,0.00724,4.83155,7.57176,0
182.3,0.00724,4.83143,7.57176,0
182.4,0.00724,4.8313,7.57176,0
182.5,0.00724,4.83118,7.57176,0
182.6,0.00724,4.83106,7.57176,0
182.7,0.00724,4.83094,7.57176,0
182.8,0.00724,4.83082,7.57176,0
182.9,0.00724,4.8307,7.57176,0
183,0.00724,4.83058,7.57176,0
183.1,0.00724,4.83046,7.57176,0
183.2,0.00724,4.83034,7.57176,0
183.3,0.00724,4.83022,7.57176,0
183.4,0.00724,4.8301,7.57176,0
183.5,0.00724,4.82998,7.57176,0
183.6,0.00724,4.82987,7.57176,0
183.7,0.00724,4.82975,7.57176,0
183.8,0.00724,4.82963,7.57176,0
183.9,0.00724,4.82952,7.57176,0
184,0.00724,4.82941,7.57176,0
184.1,0.00724,4.8293,7.57344,0
184.2,0.00724,4.82919,7.57176,0
184.3,0.00724,4.82908,7.57344,0
184.4,0.00724,4.82897,7.57176,0
184.5,0.00724,4.82887,7.57176,0
184.6,0.00724,4.82877,7.57344,0
184.7,0.00724,4.82866,7.57344,0
184.8,0.00724,4.82856,7.57176,0
184.9,0.00724,4.82847,7.57344,0
185,0.00724,4.82837,7.57344,0
185.1,0.00724,4.82827,7.57344,0
185.2,0.00724,4.82817,7.57176,0
185.3,0.00724,4.82807,7.57344,0
185.4,0.00724,4.82798,7.57344,0
185.5,0.00724,4.82788,7.57344,0
185.6,0.00724,4.82778,7.57344,0
185.7,0.00724,4.82769,7.57176,0
185.8,0.00724,4.82759,7.57344,0
185.9,0.00724,4.82749,7.57176,0
186,0.00724,4.8274,7.57176,0
186.1,0.00724,4.8273,7.57176,0
186.2,0.00724,4.82721,7.57176,0
186.3,0.00724,4.82711,7.57344,0
186.4,0.00724,4.82702,7.57176,0
186.5,0.00724,4.82692,7.57176,0
186.6,0.00724,4.82683,7.57176,0
186.7,0.00724,4.82674,7.57176,0
186.8,0.00724,4.82664,7.57344,0
186.9,0.00724,4.82655,7.57344,0
187,0.00724,4.82646,7.57344,0
187.1,0.00724,4.82637,7.57176,0
187.2,0.00724,4.82628,7.57344,0
187.3,0.00724,4.82619,7.57344,0
187.4,0.00724,4.8261,7.57176,0
187.5,0.00724,4.82601,7.57344,0
187.6,0.00725,4.82591,7.57176,0
187.7,0.00725,4.82582,7.57344,0
187.8,0.00725,4.82573,7.57344,0
187.9,0.00725,4.82564,7.57344,0
188,0.00725,4.82555,7.57344,0
188.1,0.00725,4.82546,7.57176,0
188.2,0.00725,4.82538,7.57344,0
188.3,0.00725,4.82529,7.57176,0
188.4,0.00725,4.8252,7.57176,0
188.5,0.00725,4.82511,7.57344,0
188.6,0.00725,4.82503,7.57344,0
188.7,0.00725,4.82494,7.57344,0
188.8,0.00725,4.82485,7.57344,0
188.9,0.00725,4.82477,7.57176,0
189,0.00725,4.82468,7.57176,0
189.1,0.00725,4.82459,7.57176,0
189.2,0.00725,4.82451,7.57176,0
189.3,0.00725,4.82442,7.57176,0
189.4,0.00725,4.82434,7.57344,0
189.5,0.00725,4.82425,7.57344,0
189.6,0.00725,4.82417,7.57176,0
189.7,0.00725,4.82409,7.57176,0
189.8,0.00725,4.824,7.57176,0
189.9,0.00725,4.82392,7.57176,0
190,0.00725,4.82384,7.57176,0
190.1,0.00725,4.82376,7.57344,0
190.2,0.00725,4.82368,7.57176,0
190.3,0.00725,4.8236,7.57176,0
190.4,0.00725,4.82352,7.57176,0
190.5,0.00725,4.82344,7.57176,0
190.6,0.00725,4.82336,7.57176,0
190.7,0.00725,4.82328,7.57176,0
190.8,0.00725,4.8232,7.57344,0
190.9,0.00725,4.82313,7.57176,0
191,0.00725,4.82305,7.57176,0
191.1,0.00725,4.82298,7.57176,0
191.2,0.00725,4.8229,7.57176,0
191.3,0.00725,4.82283,7.57176,0
191.4,0.00725,4.82275,7.57176,0
191.5,0.00725,4.82268,7.57176,0
191.6,0.00725,4.82261,7.57176,0
191.7,0.00725,4.82254,7.57176,0
191.8,0.00725,4.82246,7.57176,0
191.9,0.00725,4.82239,7.57176,0
192,0.00726,4.82232,7.57344,0
192.1,0.00726,4.82224,7.57176,0
192.2,0.00726,4.82217,7.57176,0
192.3,0.00726,4.82209,7.57176,0
192.4,0.00726,4.82202,7.57344,0
192.5,0.00726,4.82194,7.57176,0
192.6,0.00726,4.82187,7.57176,0
192.7,0.00726,4.82179,7.57176,0
192.8,0.00726,4.82172,7.57344,0
192.9,0.00726,4.82164,7.57176,0
193,0.00726,4.82157,7.57176,0
193.1,0.00726,4.8215,7.57176,0
193.2,0.00726,4.82143,7.57176,0
193.3,0.00726,4.82136,7.57176,0
193.4,0.00726,4.82129,7.57176,0
193.5,0.00726,4.82122,7.57176,0
193.6,0.00726,4.82115,7.57176,0
193.7,0.00726,4.82108,7.57176,0
193.8,0.00726,4.82101,7.57176,0
193.9,0.00726,4.82094,7.57176,0
194,0.00726,4.82087,7.57176,0
194.1,0.00726,4.8208,7.57176,0
194.2,0.00726,4.82073,7.57176,0
194.3,0.00726,4.82066,7.57176,0
194.4,0.00726,4.82059,7.57176,0
194.5,0.00726,4.82053,7.57176,0
194.6,0.00726,4.82046,7.57176,0
194.7,0.00726,4.82039,7.57176,0
194.8,0.00726,4.82032,7.57176,0
194.9,0.00726,4.82026,7.57176,0
195,0.00726,4.82019,7.57176,0
195.1,0.00726,4.82012,7.57176,0
195.2,0.00726,4.82005,7.57176,0
195.3,0.00726,4.81998,7.57176,0
195.4,0.00726,4.81991,7.57176,0
195.5,0.00727,4.81984,7.57176,0
195.6,0.00727,4.81978,7.57176,0
195.7,0.00727,4.81971,7.57176,0
195.8,0.00727,4.81964,7.57176,0
195.9,0.00727,4.81957,7.57176,0
196,0.00727,4.8195,7.57176,0
196.1,0.00727,4.81944,7.57176,0
196.2,0.00727,4.81937,7.57344,0
196.3,0.00727,4.81931,7.57176,0
196.4,0.00727,4.81924,7.57344,0
196.5,0.00727,4.81917,7.57344,0
196.6,0.00727,4.81911,7.57176,0
196.7,0.00727,4.81904,7.57176,0
196.8,0.00727,4.81898,7.57176,0
196.9,0.00727,4.81891,7.57176,0
197,0.00727,4.81884,7.57176,0
197.1,0.00727,4.81877,7.57176,0
197.2,0.00727,4.8187,7.57176,0
197.3,0.00727,4.81864,7.57344,0
197.4,0.00727,4.81857,7.57176,0
197.5,0.00727,4.8185,7.57176,0
197.6,0.00727,4.81844,7.57344,0
197.7,0.00728,4.81837,7.57176,0
197.8,0.00728,4.8183,7.57344,0
197.9,0.00728,4.81824,7.57176,0
198,0.00728,4.81817,7.57176,0
198.1,0.00728,4.8181,7.57176,0
198.2,0.00728,4.81804,7.57176,0
198.3,0.00728,4.81797,7.57176,0
198.4,0.00728,4.8179,7.57176,0
198.5,0.00728,4.81784,7.57176,0
198.6,0.00728,4.81777,7.57176,0
198.7,0.00728,4.8177,7.57176,0
198.8,0.00728,4.81763,7.57176,0
198.9,0.00728,4.81756,7.57344,0
199,0.00728,4.81749,7.57344,0
199.1,0.00728,4.81742,7.57176,0
199.2,0.00728,4.81735,7.57176,0
199.3,0.00728,4.81728,7.57176,0
199.4,0.00728,4.81721,7.57176,0
199.5,0.00728,4.81714,7.57344,0
199.6,0.00728,4.81707,7.57176,0
199.7,0.00728,4.817,7.57176,0
199.8,0.00728,4.81693,7.57176,0
199.9,0.00728,4.81686,7.57344,0
200,0.00728,4.81679,7.57344,0
200.1,0.00729,4.81672,7.57344,0
200.2,0.00729,4.81666,7.57344,0
200.3,0.00729,4.81659,7.57344,0
200.4,0.00729,4.81652,7.57176,0
200.5,0.00729,4.81645,7.57344,0
200.6,0.00729,4.81638,7.57344,0
200.7,0.00729,4.81631,7.57176,0
200.8,0.00729,4.81625,7.57176,0
200.9,0.00729,4.81618,7.57344,0
201,0.00729,4.81611,7.57344,0
201.1,0.00729,4.81604,7.57176,0
201.2,0.00729,4.81597,7.57344,0
201.3,0.00729,4.8159,7.57344,0
201.4,0.00729,4.81583,7.57344,0
201.5,0.00729,4.81576,7.57344,0
201.6,0.00729,4.8157,7.57176,0
201.7,0.00729,4.81563,7.57344,0
201.8,0.00729,4.81556,7.57344,0
201.9,0.00729,4.81549,7.57344,0
202,0.00729,4.81543,7.57344,0
202.1,0.00729,4.81536,7.57176,0
202.2,0.00729,4.8153,7.57344,0
202.3,0.00729,4.81523,7.57344,0
202.4,0.00729,4.81517,7.57344,0
202.5,0.00729,4.81511,7.57344,0
202.6,0.00729,4.81505,7.57344,0
202.7,0.00729,4.81499,7.57344,0
202.8,0.00729,4.81492,7.57344,0
202.9,0.00729,4.81486,7.57344,0
203,0.00729,4.8148,7.57344,0
203.1,0.00729,4.81473,7.57344,0
203.2,0.0073,4.81467,7.57344,0
203.3,0.0073,4.8146,7.57344,0
203.4,0.0073,4.81454,7.57344,0
203.5,0.0073,4.81448,7.57344,0
203.6,0.0073,4.81442,7.57344,0
203.7,0.0073,4.81436,7.57344,0
203.8,0.0073,4.8143,7.57344,0
203.9,0.0073,4.81424,7.57176,0
204,0.0073,4.81418,7.57344,0
204.1,0.0073,4.81412,7.57176,0
204.2,0.0073,4.81406,7.57344,0
204.3,0.0073,4.814,7.57344,0
204.4,0.0073,4.81395,7.57344,0
204.5,0.0073,4.81389,7.57344,0
204.6,0.0073,4.81383,7.57344,0
204.7,0.0073,4.81377,7.57344,0
204.8,0.0073,4.81372,7.57344,0
204.9,0.0073,4.81366,7.57344,0
205,0.0073,4.8136,7.57344,0
205.1,0.0073,4.81355,7.57176,0
205.2,0.0073,4.81349,7.57344,0
205.3,0.0073,4.81343,7.57344,0
205.4,0.0073,4.81337,7.57176,0
205.5,0.0073,4.81331,7.57176,0
205.6,0.0073,4.81326,7.57176,0
205.7,0.0073,4.8132,7.57344,0
205.8,0.0073,4.81314,7.57344,0
205.9,0.0073,4.81308,7.57344,0
206,0.0073,4.81302,7.57176,0
206.1,0.0073,4.81297,7.57344,0
206.2,0.00731,4.81291,7.57344,0
206.3,0.00731,4.81285,7.57344,0
206.4,0.00731,4.8128,7.57344,0
206.5,0.00731,4.81274,7.57344,0
206.6,0.00731,4.81268,7.57344,0
206.7,0.00731,4.81263,7.57344,0
206.8,0.00731,4.81257,7.57344,0
206.9,0.00731,4.81251,7.57344,0
207,0.00731,4.81246,7.57176,0
207.1,0.00731,4.8124,7.57344,0
207.2,0.00731,4.81234,7.57176,0
207.3,0.00731,4.81228,7.57344,0
207.4,0.00731,4.81222,7.57344,0
207.5,0.00731,4.81216,7.57344,0
207.6,0.00731,4.8121,7.57344,0
207.7,0.00731,4.81205,7.57344,0
207.8,0.00731,4.81199,7.57344,0
207.9,0.00731,4.81193,7.57344,0
208,0.00731,4.81188,7.57344,0
208.1,0.00731,4.81182,7.57176,0
208.2,0.00731,4.81176,7.57344,0
208.3,0.00731,4.81171,7.57344,0
208.4,0.00731,4.81165,7.57344,0
208.5,0.00731,4.8116,7.57344,0
208.6,0.00731,4.81154,7.57176,0
208.7,0.00731,4.81149,7.57344,0
208.8,0.00731,4.81144,7.57344,0
208.9,0.00731,4.81139,7.57344,0
209,0.00731,4.81134,7.57176,0
209.1,0.00732,4.81129,7.57344,0
209.2,0.00732,4.81124,7.57344,0
209.3,0.00732,4.81119,7.57344,0
209.4,0.00732,4.81113,7.57344,0
209.5,0.00732,4.81108,7.57344,0
209.6,0.00732,4.81103,7.57344,0
209.7,0.00732,4.81098,7.57344,0
209.8,0.00732,4.81093,7.57344,0
209.9,0.00732,4.81089,7.57344,0
210,0.00732,4.81084,7.57344,0
210.1,0.00732,4.81079,7.57176,0
210.2,0.00732,4.81074,7.57344,0
210.3,0.00732,4.8107,7.57344,0
210.4,0.00732,4.81065,7.57176,0
210.5,0.00732,4.81061,7.57344,0
210.6,0.00732,4.81056,7.57344,0
210.7,0.00732,4.81052,7.57344,0
210.8,0.00732,4.81047,7.57344,0
210.9,0.00732,4.81043,7.57344,0
211,0.00732,4.81038,7.57344,0
211.1,0.00732,4.81034,7.57344,0
211.2,0.00732,4.81029,7.57344,0
211.3,0.00732,4.81025,7.57344,0
211.4,0.00732,4.81021,7.57344,0
211.5,0.00732,4.81017,7.57344,0
211.6,0.00732,4.81012,7.57344,0
211.7,0.00732,4.81008,7.57344,0
211.8,0.00732,4.81004,7.57344,0
211.9,0.00732,4.81,7.57344,0
212,0.00732,4.80996,7.57344,0
212.1,0.00732,4.80991,7.57344,0
212.2,0.00732,4.80987,7.57344,0
212.3,0.00732,4.80983,7.57344,0
212.4,0.00733,4.80979,7.57344,0
212.5,0.00733,4.80975,7.57344,0
212.6,0.00733,4.80971,7.57344,0
212.7,0.00733,4.80967,7.57344,0
212.8,0.00733,4.80963,7.57344,0
212.9,0.00733,4.80959,7.57344,0
213,0.00733,4.80955,7.57344,0
213.1,0.00733,4.80951,7.57344,0
213.2,0.00733,4.80947,7.57344,0
213.3,0.00733,4.80943,7.57344,0
213.4,0.00733,4.80939,7.57176,0
213.5,0.00733,4.80935,7.57344,0
213.6,0.00733,4.80931,7.57176,0
213.7,0.00733,4.80927,7.57176,0
213.8,0.00733,4.80923,7.57344,0
213.9,0.00733,4.80919,7.57176,0
214,0.00733,4.80916,7.57176,0
214.1,0.00733,4.80912,7.57176,0
214.2,0.00733,4.80908,7.57176,0
214.3,0.00733,4.80904,7.57344,0
214.4,0.00733,4.809,7.57176,0
214.5,0.00733,4.80896,7.57344,0
214.6,0.00733,4.80892,7.57344,0
214.7,0.00733,4.80888,7.57344,0
214.8,0.00733,4.80884,7.57344,0
214.9,0.00733,4.8088,7.57176,0
215,0.00733,4.80877,7.57176,0
215.1,0.00733,4.80873,7.57344,0
215.2,0.00733,4.80869,7.57344,0
215.3,0.00733,4.80866,7.57176,0
215.4,0.00733,4.80862,7.57344,0
215.5,0.00733,4.80859,7.57176,0
215.6,0.00733,4.80855,7.57176,0
215.7,0.00733,4.80852,7.57176,0
215.8,0.00734,4.80848,7.57344,0
215.9,0.00734,4.80845,7.57344,0
216,0.00734,4.80841,7.57176,0
216.1,0.00734,4.80838,7.57344,0
216.2,0.00734,4.80834,7.57344,0
216.3,0.00734,4.8083,7.57344,0
216.4,0.00734,4.80826,7.57344,0
216.5,0.00734,4.80822,7.57344,0
216.6,0.00734,4.80817,7.57344,0
216.7,0.00734,4.80813,7.57176,0
216.8,0.00734,4.80808,7.57176,0
216.9,0.00734,4.80804,7.57176,0
217,0.00734,4.80799,7.57344,0
217.1,0.00734,4.80794,7.57344,0
217.2,0.00734,4.8079,7.57344,0
217.3,0.00734,4.80785,7.57344,0
217.4,0.00734,4.80781,7.57344,0
217.5,0.00734,4.80777,7.57344,0
217.6,0.00734,4.80774,7.57344,0
217.7,0.00734,4.8077,7.57344,0
217.8,0.00734,4.80767,7.57344,0
217.9,0.00734,4.80764,7.57176,0
218,0.00734,4.80761,7.57176,0
218.1,0.00734,4.80758,7.57344,0
218.2,0.00734,4.80755,7.57176,0
218.3,0.00734,4.80753,7.57344,0
218.4,0.00735,4.8075,7.57344,0
218.5,0.00735,4.80747,7.57176,0
218.6,0.00735,4.80744,7.57344,0
218.7,0.00735,4.80742,7.57344,0
218.8,0.00735,4.80739,7.57344,0
218.9,0.00735,4.80737,7.57344,0
219,0.00735,4.80734,7.57344,0
219.1,0.00735,4.80732,7.57344,0
219.2,0.00735,4.80729,7.57344,0
219.3,0.00735,4.80727,7.57344,0
219.4,0.00735,4.80724,7.57344,0
219.5,0.00735,4.80722,7.57344,0
219.6,0.00735,4.80719,7.57344,0
219.7,0.00735,4.80717,7.57344,0
219.8,0.00735,4.80715,7.57344,0
219.9,0.00735,4.80712,7.57344,0
220,0.00735,4.8071,7.57344,0
220.1,0.00735,4.80708,7.57344,0
220.2,0.00735,4.80706,7.57344,0
220.3,0.00735,4.80703,7.57344,0
220.4,0.00735,4.80701,7.57344,0
220.5,0.00735,4.80699,7.57344,0
220.6,0.00735,4.80697,7.57344,0
220.7,0.00735,4.80696,7.57344,0
220.8,0.00736,4.80694,7.57344,0
220.9,0.00736,4.80692,7.57344,0
221,0.00736,4.80691,7.57344,0
221.1,0.00736,4.80689,7.57344,0
221.2,0.00736,4.80688,7.57344,0
221.3,0.00736,4.80687,7.57344,0
221.4,0.00736,4.80685,7.57344,0
221.5,0.00736,4.80684,7.57176,0
221.6,0.00736,4.80682,7.57344,0
221.7,0.00736,4.80681,7.57344,0
221.8,0.00736,4.80679,7.57344,0
221.9,0.00736,4.80677,7.57176,0
222,0.00736,4.80676,7.57344,0
222.1,0.00736,4.80674,7.57176,0
222.2,0.00736,4.80672,7.57344,0
222.3,0.00736,4.8067,7.57344,0
222.4,0.00736,4.80669,7.57344,0
222.5,0.00736,4.80667,7.57344,0
222.6,0.00736,4.80666,7.57344,0
222.7,0.00736,4.80664,7.57344,0
222.8,0.00736,4.80663,7.57176,0
222.9,0.00736,4.80661,7.57344,0
223,0.00736,4.8066,7.57344,0
223.1,0.00736,4.80658,7.57344,0
223.2,0.00736,4.80656,7.57344,0
223.3,0.00736,4.80655,7.57344,0
223.4,0.00736,4.80653,7.57344,0
223.5,0.00736,4.80652,7.57176,0
223.6,0.00736,4.8065,7.57344,0
223.7,0.00736,4.80648,7.57344,0
223.8,0.00736,4.80647,7.57176,0
223.9,0.00736,4.80646,7.57344,0
224,0.00736,4.80644,7.57344,0
224.1,0.00737,4.80643,7.57344,0
224.2,0.00737,4.80641,7.57344,0
224.3,0.00737,4.8064,7.57344,0
224.4,0.00737,4.80639,7.57176,0
224.5,0.00737,4.80637,7.57344,0
224.6,0.00737,4.80636,7.57344,0
224.7,0.00737,4.80635,7.57344,0
224.8,0.00737,4.80633,7.57344,0
224.9,0.00737,4.80632,7.57344,0
225,0.00737,4.80631,7.57176,0
225.1,0.00737,4.80629,7.57176,0
225.2,0.00737,4.80628,7.57344,0
225.3,0.00737,4.80626,7.57176,0
225.4,0.00737,4.80625,7.57176,0
225.5,0.00737,4.80623,7.57344,0
225.6,0.00737,4.80621,7.57176,0
225.7,0.00737,4.80619,7.57344,0
225.8,0.00737,4.80618,7.57344,0
225.9,0.00737,4.80616,7.57176,0
226,0.00737,4.80614,7.57344,0
226.1,0.00737,4.80612,7.57176,0
226.2,0.00737,4.80611,7.57176,0
226.3,0.00737,4.80609,7.57176,0
226.4,0.00737,4.80609,7.57176,0
226.5,0.00737,4.80608,7.57344,0
226.6,0.00737,4.80608,7.57176,0
226.7,0.00737,4.80607,7.57176,0
226.8,0.00737,4.80607,7.57176,0
226.9,0.00737,4.80606,7.57176,0
227,0.00737,4.80606,7.57176,0
227.1,0.00737,4.80606,7.57176,0
227.2,0.00738,4.80606,7.57176,0
227.3,0.00738,4.80605,7.57176,0
227.4,0.00738,4.80605,7.57176,0
227.5,0.00738,4.80605,7.57176,0
227.6,0.00738,4.80605,7.57176,0
227.7,0.00738,4.80605,7.57344,0
227.8,0.00738,4.80605,7.57176,0
227.9,0.00738,4.80605,7.57176,0
228,0.00738,4.80605,7.57176,0
228.1,0.00738,4.80605,7.57344,0
228.2,0.00738,4.80605,7.57176,0
228.3,0.00738,4.80605,7.57176,0
228.4,0.00738,4.80605,7.57344,0
228.5,0.00738,4.80605,7.57176,0
228.6,0.00738,4.80605,7.57176,0
228.7,0.00738,4.80605,7.57176,0
228.8,0.00738,4.80606,7.57176,0
228.9,0.00738,4.80606,7.57176,0
229,0.00738,4.80607,7.57344,0
229.1,0.00738,4.80607,7.57344,0
229.2,0.00738,4.80608,7.57176,0
229.3,0.00738,4.80608,7.57344,0
229.4,0.00739,4.80609,7.57344,0
229.5,0.00739,4.8061,7.57176,0
229.6,0.00739,4.8061,7.57344,0
229.7,0.00739,4.80611,7.57176,0
229.8,0.00739,4.80612,7.57344,0
229.9,0.00739,4.80613,7.57176,0
230,0.00739,4.80613,7.57176,0
230.1,0.00739,4.80614,7.57176,0
230.2,0.00739,4.80614,7.57176,0
230.3,0.00739,4.80615,7.57176,0
230.4,0.00739,4.80615,7.57344,0
230.5,0.00739,4.80615,7.57176,0
230.6,0.00739,4.80615,7.57344,0
230.7,0.00739,4.80616,7.57344,0
230.8,0.00739,4.80616,7.57344,0
230.9,0.00739,4.80616,7.57344,0
231,0.00739,4.80617,7.57344,0
231.1,0.00739,4.80617,7.57344,0
231.2,0.00739,4.80618,7.57344,0
231.3,0.00739,4.80618,7.57344,0
231.4,0.00739,4.80618,7.57344,0
231.5,0.00739,4.80619,7.57344,0
231.6,0.00739,4.80619,7.57344,0
231.7,0.00739,4.80619,7.57344,0
231.8,0.00739,4.8062,7.57344,0
231.9,0.00739,4.8062,7.57344,0
232,0.00739,4.80621,7.57344,0
232.1,0.00739,4.80621,7.57344,0
232.2,0.00739,4.80622,7.57344,0
232.3,0.00739,4.80623,7.57344,0
232.4,0.00739,4.80623,7.57344,0
232.5,0.0074,4.80624,7.57344,0
232.6,0.0074,4.80625,7.57344,0
232.7,0.0074,4.80625,7.57344,0
232.8,0.0074,4.80626,7.57176,0
232.9,0.0074,4.80627,7.57176,0
233,0.0074,4.80627,7.57344,0
233.1,0.0074,4.80628,7.57176,0
233.2,0.0074,4.80629,7.57176,0
233.3,0.0074,4.8063,7.57344,0
233.4,0.0074,4.80631,7.57344,0
233.5,0.0074,4.80632,7.57344,0
233.6,0.0074,4.80633,7.57344,0
233.7,0.0074,4.80634,7.57344,0
233.8,0.0074,4.80635,7.57176,0
233.9,0.0074,4.80636,7.57344,0
234,0.0074,4.80636,7.57344,0
234.1,0.0074,4.80637,7.57344,0
234.2,0.0074,4.80638,7.57344,0
234.3,0.0074,4.80639,7.57344,0
234.4,0.0074,4.8064,7.57344,0
234.5,0.0074,4.80641,7.57344,0
234.6,0.0074,4.80642,7.57344,0
234.7,0.0074,4.80642,7.57344,0
234.8,0.0074,4.80643,7.57344,0
234.9,0.0074,4.80644,7.57344,0
235,0.0074,4.80645,7.57344,0
235.1,0.0074,4.80646,7.57344,0
235.2,0.0074,4.80647,7.57344,0
235.3,0.0074,4.80648,7.57344,0
235.4,0.0074,4.80649,7.57344,0
235.5,0.0074,4.8065,7.57344,0
235.6,0.0074,4.80651,7.57344,0
235.7,0.0074,4.80651,7.57344,0
235.8,0.0074,4.80652,7.57344,0
235.9,0.0074,4.80653,7.57176,0
236,0.00741,4.80654,7.57344,0
236.1,0.00741,4.80655,7.57344,0
236.2,0.00741,4.80656,7.57344,0
236.3,0.00741,4.80657,7.57344,0
236.4,0.00741,4.80658,7.57344,0
236.5,0.00741,4.80659,7.57344,0
236.6,0.00741,4.8066,7.57344,0
236.7,0.00741,4.80662,7.57344,0
236.8,0.00741,4.80663,7.57344,0
236.9,0.00741,4.80664,7.57344,0
237,0.00741,4.80665,7.57344,0
237.1,0.00741,4.80666,7.57344,0
237.2,0.00741,4.80667,7.57344,0
237.3,0.00741,4.80668,7.57344,0
237.4,0.00741,4.80669,7.57344,0
237.5,0.00741,4.80671,7.57344,0
237.6,0.00741,4.80672,7.57344,0
237.7,0.00741,4.80673,7.57344,0
237.8,0.00741,4.80674,7.57344,0
237.9,0.00741,4.80675,7.57344,0
238,0.00741,4.80676,7.57344,0
238.1,0.00741,4.80677,7.57344,0
238.2,0.00741,4.80679,7.57344,0
238.3,0.00741,4.8068,7.57344,0
238.4,0.00741,4.80681,7.57344,0
238.5,0.00742,4.80682,7.57344,0
238.6,0.00742,4.80683,7.57344,0
238.7,0.00742,4.80684,7.57344,0
238.8,0.00742,4.80685,7.57176,0
238.9,0.00742,4.80686,7.57344,0
239,0.00742,4.80687,7.57344,0
239.1,0.00742,4.80687,7.57176,0
239.2,0.00742,4.80688,7.57344,0
239.3,0.00742,4.8069,7.57176,0
239.4,0.00742,4.80691,7.57344,0
239.5,0.00742,4.80692,7.57344,0
239.6,0.00742,4.80693,7.57344,0
239.7,0.00742,4.80694,7.57344,0
239.8,0.00742,4.80695,7.57344,0
239.9,0.00742,4.80696,7.57176,0
240,0.00742,4.80697,7.57344,0
240.1,0.00742,4.80698,7.57344,0
240.2,0.00742,4.80699,7.57344,0
240.3,0.00742,4.807,7.57176,0
240.4,0.00743,4.807,7.57344,0
240.5,0.00743,4.80701,7.57344,0
240.6,0.00743,4.80702,7.57344,0
240.7,0.00743,4.80702,7.57344,0
240.8,0.00743,4.80703,7.57344,0
240.9,0.00743,4.80704,7.57344,0
241,0.00743,4.80704,7.57344,0
241.1,0.00743,4.80705,7.57344,0
241.2,0.00743,4.80705,7.57344,0
241.3,0.00743,4.80706,7.57344,0
241.4,0.00743,4.80706,7.57344,0
241.5,0.00743,4.80707,7.57344,0
241.6,0.00743,4.80707,7.57344,0
241.7,0.00743,4.80707,7.57344,0
241.8,0.00743,4.80708,7.57344,0
241.9,0.00743,4.80708,7.57344,0
242,0.00743,4.80708,7.57344,0
242.1,0.00743,4.80708,7.57344,0
242.2,0.00744,4.80708,7.57344,0
242.3,0.00744,4.80708,7.57344,0
242.4,0.00744,4.80708,7.57344,0
242.5,0.00744,4.80708,7.57344,0
242.6,0.00744,4.80708,7.57344,0
242.7,0.00744,4.80709,7.57344,0
242.8,0.00744,4.80709,7.57344,0
242.9,0.00744,4.80709,7.57344,0
243,0.00744,4.80709,7.57344,0
243.1,0.00744,4.80709,7.57344,0
243.2,0.00744,4.80709,7.57344,0
243.3,0.00744,4.80709,7.57344,0
243.4,0.00744,4.80709,7.57344,0
243.5,0.00744,4.80709,7.57344,0
243.6,0.00744,4.80709,7.57344,0
243.7,0.00744,4.80709,7.57176,0
243.8,0.00744,4.80709,7.57344,0
243.9,0.00745,4.8071,7.57344,0
244,0.00745,4.8071,7.57344,0
244.1,0.00745,4.8071,7.57344,0
244.2,0.00745,4.8071,7.57344,0
244.3,0.00745,4.8071,7.57344,0
244.4,0.00745,4.80711,7.57344,0
244.5,0.00745,4.80711,7.57344,0
244.6,0.00745,4.80711,7.57344,0
244.7,0.00745,4.80711,7.57176,0
244.8,0.00745,4.80712,7.57344,0
244.9,0.00745,4.80712,7.57176,0
245,0.00745,4.80713,7.57176,0
245.1,0.00745,4.80713,7.57344,0
245.2,0.00745,4.80713,7.57344,0
245.3,0.00745,4.80714,7.57344,0
245.4,0.00746,4.80714,7.57344,0
245.5,0.00746,4.80715,7.57344,0
245.6,0.00746,4.80715,7.57344,0
245.7,0.00746,4.80716,7.57176,0
245.8,0.00746,4.80716,7.57344,0
245.9,0.00746,4.80717,7.57344,0
246,0.00746,4.80717,7.57344,0
246.1,0.00746,4.80717,7.57344,0
246.2,0.00746,4.80717,7.57344,0
246.3,0.00746,4.80718,7.57344,0
246.4,0.00746,4.80718,7.57344,0
246.5,0.00746,4.80718,7.57344,0
246.6,0.00746,4.80718,7.57344,0
246.7,0.00746,4.80718,7.57344,0
246.8,0.00746,4.80718,7.57344,0
246.9,0.00746,4.80718,7.57344,0
247,0.00746,4.80718,7.57344,0
247.1,0.00746,4.80719,7.57344,0
247.2,0.00746,4.80719,7.57344,0
247.3,0.00746,4.80719,7.57344,0
247.4,0.00746,4.80719,7.57344,0
247.5,0.00745,4.80719,7.57344,0
247.6,0.00745,4.80719,7.57344,0
247.7,0.00745,4.80719,7.57344,0
247.8,0.00745,4.80719,7.57344,0
247.9,0.00745,4.80719,7.57344,0
248,0.00745,4.80719,7.57344,0
248.1,0.00745,4.80719,7.57344,0
248.2,0.00744,4.80719,7.57344,0
248.3,0.00744,4.80719,7.57344,0
248.4,0.00744,4.80719,7.57344,0
248.5,0.00744,4.80718,7.57344,0
248.6,0.00744,4.80718,7.57344,0
248.7,0.00744,4.80718,7.57344,0
248.8,0.00743,4.80718,7.57344,0
248.9,0.00743,4.80719,7.57344,0
249,0.00743,4.80719,7.57344,0
249.1,0.00743,4.80719,7.57344,0
249.2,0.00743,4.8072,7.57344,0
249.3,0.00743,4.8072,7.57344,0
249.4,0.00743,4.8072,7.57344,0
249.5,0.00743,4.8072,7.57344,0
249.6,0.00743,4.8072,7.57344,0
249.7,0.00742,4.8072,7.57344,0
249.8,0.00742,4.8072,7.57344,0
249.9,0.00742,4.8072,7.57344,0
250,0.00742,4.8072,7.57344,0
250.1,0.00742,4.8072,7.57344,0
250.2,0.00742,4.8072,7.57344,0
250.3,0.00742,4.8072,7.57344,0
250.4,0.00742,4.8072,7.57344,0
250.5,0.00742,4.8072,7.57344,0
250.6,0.00742,4.80719,7.57344,0
250.7,0.00742,4.80719,7.57344,0
250.8,0.00742,4.80719,7.57344,0
250.9,0.00742,4.80719,7.57344,0
251,0.00742,4.80719,7.57344,0
251.1,0.00742,4.80718,7.57344,0
251.2,0.00742,4.80718,7.57344,0
251.3,0.00742,4.80718,7.57344,0
251.4,0.00742,4.80718,7.57344,0
251.5,0.00742,4.80717,7.57344,0
251.6,0.00742,4.80717,7.57344,0
251.7,0.00742,4.80717,7.57344,0
251.8,0.00742,4.80717,7.57344,0
251.9,0.00742,4.80716,7.57344,0
252,0.00742,4.80716,7.57344,0
252.1,0.00742,4.80716,7.57344,0
252.2,0.00742,4.80716,7.57344,0
252.3,0.00742,4.80715,7.57344,0
252.4,0.00742,4.80715,7.57344,0
252.5,0.00742,4.80715,7.57344,0
252.6,0.00742,4.80715,7.57176,0
252.7,0.00742,4.80715,7.57344,0
252.8,0.00742,4.80715,7.57344,0
252.9,0.00742,4.80714,7.57344,0
253,0.00742,4.80714,7.57344,0
253.1,0.00742,4.80714,7.57344,0
253.2,0.00742,4.80714,7.57344,0
253.3,0.00742,4.80713,7.57344,0
253.4,0.00742,4.80713,7.57344,0
253.5,0.00742,4.80712,7.57344,0
253.6,0.00742,4.80712,7.57344,0
253.7,0.00742,4.80712,7.57344,0
253.8,0.00742,4.80711,7.57176,0
253.9,0.00742,4.80711,7.57344,0
254,0.00742,4.8071,7.57344,0
254.1,0.00742,4.8071,7.57344,0
254.2,0.00742,4.8071,7.57344,0
254.3,0.00742,4.80709,7.57344,0
254.4,0.00742,4.80708,7.57344,0
254.5,0.00742,4.80708,7.57344,0
254.6,0.00742,4.80707,7.57344,0
254.7,0.00742,4.80707,7.57344,0
254.8,0.00742,4.80706,7.57344,0
254.9,0.00743,4.80706,7.57344,0
255,0.00743,4.80705,7.57344,0
255.1,0.00743,4.80704,7.57344,0
255.2,0.00743,4.80704,7.57344,0
255.3,0.00743,4.80703,7.57344,0
255.4,0.00743,4.80703,7.57344,0
255.5,0.00743,4.80702,7.57344,0
255.6,0.00743,4.80701,7.57344,0
255.7,0.00743,4.80701,7.57344,0
255.8,0.00743,4.807,7.57344,0
255.9,0.00743,4.80699,7.57344,0
256,0.00743,4.80699,7.57344,0
256.1,0.00744,4.80698,7.57344,0
256.2,0.00744,4.80698,7.57344,0
256.3,0.00744,4.80697,7.57344,0
256.4,0.00744,4.80697,7.57344,0
256.5,0.00744,4.80696,7.57344,0
256.6,0.00744,4.80696,7.57344,0
256.7,0.00744,4.80696,7.57176,0
256.8,0.00744,4.80695,7.57344,0
256.9,0.00744,4.80695,7.57344,0
257,0.00744,4.80694,7.57344,0
257.1,0.00744,4.80694,7.57344,0
257.2,0.00744,4.80693,7.57344,0
257.3,0.00745,4.80693,7.57344,0
257.4,0.00745,4.80692,7.57344,0
257.5,0.00745,4.80691,7.57344,0
257.6,0.00745,4.80691,7.57344,0
257.7,0.00745,4.8069,7.57344,0
257.8,0.00745,4.80689,7.57344,0
257.9,0.00745,4.80688,7.57344,0
258,0.00745,4.80688,7.57344,0
258.1,0.00745,4.80687,7.57344,0
258.2,0.00745,4.80686,7.57344,0
258.3,0.00746,4.80685,7.57344,0
258.4,0.00746,4.80685,7.57344,0
258.5,0.00746,4.80684,7.57344,0
258.6,0.00746,4.80683,7.57344,0
258.7,0.00746,4.80682,7.57344,0
258.8,0.00746,4.80681,7.57344,0
258.9,0.00746,4.80681,7.57344,0
259,0.00746,4.8068,7.57344,0
259.1,0.00746,4.80679,7.57344,0
259.2,0.00747,4.80678,7.57344,0
259.3,0.00747,4.80677,7.57344,0
259.4,0.00747,4.80677,7.57344,0
259.5,0.00747,4.80676,7.57344,0
259.6,0.00747,4.80675,7.57344,0
259.7,0.00747,4.80674,7.57344,0
259.8,0.00747,4.80673,7.57344,0
259.9,0.00747,4.80673,7.57344,0
260,0.00747,4.80672,7.57344,0
260.1,0.00747,4.80671,7.57344,0
260.2,0.00748,4.8067,7.57344,0
260.3,0.00748,4.8067,7.57344,0
260.4,0.00748,4.80669,7.57344,0
260.5,0.00748,4.80668,7.57344,0
260.6,0.00748,4.80668,7.57344,0
260.7,0.00748,4.80667,7.57344,0
260.8,0.00748,4.80666,7.57344,0
260.9,0.00748,4.80666,7.57344,0
261,0.00748,4.80665,7.57344,0
261.1,0.00749,4.80665,7.57344,0
261.2,0.00749,4.80664,7.57344,0
261.3,0.00749,4.80663,7.57344,0
261.4,0.00749,4.80663,7.57176,0
261.5,0.00749,4.80662,7.57176,0
261.6,0.00749,4.80661,7.57176,0
261.7,0.00749,4.8066,7.57344,0
261.8,0.00749,4.8066,7.57344,0
261.9,0.0075,4.80659,7.57176,0
262,0.0075,4.80658,7.57344,0
262.1,0.0075,4.80657,7.57344,0
262.2,0.0075,4.80656,7.57344,0
262.3,0.0075,4.80655,7.57176,0
262.4,0.0075,4.80654,7.57344,0
262.5,0.0075,4.80653,7.57344,0
262.6,0.0075,4.80652,7.57176,0
262.7,0.00751,4.80651,7.57176,0
262.8,0.00751,4.8065,7.57176,0
262.9,0.00751,4.80649,7.57176,0
263,0.00751,4.80648,7.57176,0
263.1,0.00751,4.80647,7.57176,0
263.2,0.00751,4.80647,7.57344,0
263.3,0.00751,4.80646,7.57176,0
263.4,0.00752,4.80645,7.57344,0
263.5,0.00752,4.80644,7.57344,0
263.6,0.00752,4.80642,7.57344,0
263.7,0.00752,4.80641,7.57344,0
263.8,0.00752,4.8064,7.57344,0
263.9,0.00752,4.80639,7.57344,0
264,0.00752,4.80638,7.57344,0
264.1,0.00753,4.80636,7.57176,0
264.2,0.00753,4.80635,7.57344,0
264.3,0.00753,4.80634,7.57344,0
264.4,0.00753,4.80632,7.57344,0
264.5,0.00753,4.80631,7.57176,0
264.6,0.00753,4.8063,7.57176,0
264.7,0.00754,4.80628,7.57344,0
264.8,0.00754,4.80627,7.57344,0
264.9,0.00754,4.80625,7.57176,0
265,0.00754,4.80624,7.57344,0
265.1,0.00754,4.80622,7.57344,0
265.2,0.00754,4.8062,7.57344,0
265.3,0.00754,4.80619,7.57344,0
265.4,0.00755,4.80617,7.57344,0
265.5,0.00755,4.80615,7.57344,0
265.6,0.00755,4.80614,7.57344,0
265.7,0.00755,4.80612,7.57176,0
265.8,0.00755,4.8061,7.57344,0
265.9,0.00755,4.80608,7.57344,0
266,0.00756,4.80606,7.57344,0
266.1,0.00756,4.80604,7.57344,0
266.2,0.00756,4.80602,7.57344,0
266.3,0.00756,4.806,7.57344,0
266.4,0.00756,4.80597,7.57344,0
266.5,0.00756,4.80595,7.57344,0
266.6,0.00757,4.80592,7.57344,0
266.7,0.00757,4.8059,7.57344,0
266.8,0.00757,4.80587,7.57344,0
266.9,0.00757,4.80585,7.57176,0
267,0.00757,4.80582,7.57344,0
267.1,0.00757,4.80579,7.57344,0
267.2,0.00758,4.80576,7.57344,0
267.3,0.00758,4.80573,7.57344,0
267.4,0.00758,4.8057,7.57344,0
267.5,0.00758,4.80566,7.57344,0
267.6,0.00758,4.80563,7.57344,0
267.7,0.00758,4.80559,7.57344,0
267.8,0.00759,4.80556,7.57344,0
267.9,0.00759,4.80552,7.57344,0
268,0.00759,4.80549,7.57344,0
268.1,0.00759,4.80545,7.57344,0
268.2,0.00759,4.80541,7.57176,0
268.3,0.00759,4.80537,7.57344,0
268.4,0.0076,4.80533,7.57344,0
268.5,0.0076,4.80529,7.57344,0
268.6,0.0076,4.80524,7.57344,0
268.7,0.0076,4.8052,7.57344,0
268.8,0.0076,4.80515,7.57344,0
268.9,0.00761,4.8051,7.57344,0
269,0.00761,4.80506,7.57344,0
269.1,0.00761,4.80501,7.57344,0
269.2,0.00761,4.80496,7.57344,0
269.3,0.00761,4.80491,7.57344,0
269.4,0.00761,4.80486,7.57344,0
269.5,0.00762,4.8048,7.57344,0
269.6,0.00762,4.80475,7.57344,0
269.7,0.00762,4.8047,7.57344,0
269.8,0.00762,4.80464,7.57344,0
269.9,0.00762,4.80459,7.57344,0
270,0.00762,4.80453,7.57344,0
270.1,0.00763,4.80448,7.57344,0
270.2,0.00763,4.80442,7.57344,0
270.3,0.00763,4.80437,7.57344,0
270.4,0.00763,4.80432,7.57344,0
270.5,0.00763,4.80426,7.57344,0
270.6,0.00763,4.80421,7.57344,0
270.7,0.00764,4.80415,7.57344,0
270.8,0.00764,4.8041,7.57344,0
270.9,0.00764,4.80404,7.57344,0
271,0.00764,4.80399,7.57344,0
271.1,0.00764,4.80394,7.57344,0
271.2,0.00764,4.80388,7.57344,0
271.3,0.00765,4.80383,7.57344,0
271.4,0.00765,4.80377,7.57176,0
271.5,0.00765,4.80372,7.57344,0
271.6,0.00765,4.80366,7.57176,0
271.7,0.00765,4.80361,7.57344,0
271.8,0.00765,4.80356,7.57344,0
271.9,0.00765,4.8035,7.57344,0
272,0.00766,4.80345,7.57344,0
272.1,0.00766,4.80339,7.57344,0
272.2,0.00766,4.80333,7.57344,0
272.3,0.00766,4.80328,7.57344,0
272.4,0.00766,4.80322,7.57176,0
272.5,0.00766,4.80316,7.57344,0
272.6,0.00767,4.80311,7.57344,0
272.7,0.00767,4.80305,7.57344,0
272.8,0.00767,4.80299,7.57344,0
272.9,0.00767,4.80294,7.57344,0
273,0.00767,4.80288,7.57344,0
273.1,0.00767,4.80283,7.57344,0
273.2,0.00767,4.80278,7.57176,0
273.3,0.00768,4.80272,7.57176,0
273.4,0.00768,4.80267,7.57344,0
273.5,0.00768,4.80262,7.57176,0
273.6,0.00768,4.80256,7.57344,0
273.7,0.00768,4.80251,7.57344,0
273.8,0.00768,4.80246,7.57344,0
273.9,0.00769,4.8024,7.57344,0
274,0.00769,4.80235,7.57344,0
274.1,0.00769,4.8023,7.57344,0
274.2,0.00769,4.80224,7.57344,0
274.3,0.00769,4.80219,7.57344,0
274.4,0.00769,4.80213,7.57344,0
274.5,0.0077,4.80207,7.57344,0
274.6,0.0077,4.80201,7.57344,0
274.7,0.0077,4.80196,7.57344,0
274.8,0.0077,4.8019,7.57344,0
274.9,0.0077,4.80184,7.57344,0
275,0.0077,4.80178,7.57344,0
275.1,0.00771,4.80172,7.57344,0
275.2,0.00771,4.80166,7.57176,0
275.3,0.00771,4.8016,7.57344,0
275.4,0.00771,4.80154,7.57344,0
275.5,0.00771,4.80148,7.57344,0
275.6,0.00771,4.80142,7.57344,0
275.7,0.00771,4.80136,7.57344,0
275.8,0.00772,4.8013,7.57344,0
275.9,0.00772,4.80124,7.57344,0
276,0.00772,4.80117,7.57344,0
276.1,0.00772,4.80111,7.57176,0
276.2,0.00772,4.80105,7.57344,0
276.3,0.00772,4.80098,7.57176,0
276.4,0.00773,4.80092,7.57344,0
276.5,0.00773,4.80086,7.57344,0
276.6,0.00773,4.80079,7.57344,0
276.7,0.00773,4.80073,7.57344,0
276.8,0.00773,4.80067,7.57344,0
276.9,0.00773,4.80061,7.57344,0
277,0.00774,4.80055,7.57344,0
277.1,0.00774,4.80049,7.57344,0
277.2,0.00774,4.80043,7.57344,0
277.3,0.00774,4.80037,7.57344,0
277.4,0.00774,4.80031,7.57344,0
277.5,0.00774,4.80025,7.57344,0
277.6,0.00774,4.80019,7.57344,0
277.7,0.00775,4.80013,7.57344,0
277.8,0.00775,4.80007,7.57344,0
277.9,0.00775,4.80001,7.57344,0
278,0.00775,4.79995,7.57344,0
278.1,0.00775,4.79989,7.57344,0
278.2,0.00775,4.79983,7.57344,0
278.3,0.00775,4.79978,7.57344,0
278.4,0.00775,4.79972,7.57344,0
278.5,0.00776,4.79966,7.57176,0
278.6,0.00776,4.7996,7.57176,0
278.7,0.00776,4.79954,7.57344,0
278.8,0.00776,4.79948,7.57344,0
278.9,0.00776,4.79942,7.57176,0
279,0.00776,4.79936,7.57344,0
279.1,0.00776,4.7993,7.57176,0
279.2,0.00776,4.79924,7.57344,0
279.3,0.00777,4.79918,7.57176,0
279.4,0.00777,4.79912,7.57176,0
279.5,0.00777,4.79906,7.57176,0
279.6,0.00777,4.799,7.57344,0
279.7,0.00777,4.79894,7.57176,0
279.8,0.00777,4.79887,7.57344,0
279.9,0.00777,4.79881,7.57344,0
280,0.00777,4.79875,7.57344,0
280.1,0.00778,4.79868,7.57344,0
280.2,0.00778,4.79861,7.57344,0
280.3,0.00778,4.79855,7.57344,0
280.4,0.00778,4.79848,7.57344,0
280.5,0.00778,4.79841,7.57344,0
280.6,0.00778,4.79834,7.57344,0
280.7,0.00778,4.79827,7.57344,0
280.8,0.00778,4.79819,7.57344,0
280.9,0.00778,4.79812,7.57344,0
281,0.00779,4.79805,7.57344,0
281.1,0.00779,4.79797,7.57344,0
281.2,0.00779,4.7979,7.57344,0
281.3,0.00779,4.79782,7.57176,0
281.4,0.00779,4.79775,7.57344,0
281.5,0.00779,4.79767,7.57176,0
281.6,0.00779,4.79759,7.57344,0
281.7,0.00779,4.79752,7.57344,0
281.8,0.00779,4.79744,7.57344,0
281.9,0.00779,4.79736,7.57344,0
282,0.0078,4.79728,7.57344,0
282.1,0.0078,4.79721,7.57344,0
282.2,0.0078,4.79713,7.57344,0
282.3,0.0078,4.79705,7.57344,0
282.4,0.0078,4.79697,7.57344,0
282.5,0.0078,4.79689,7.57344,0
282.6,0.0078,4.79681,7.57344,0
282.7,0.0078,4.79673,7.57344,0
282.8,0.0078,4.79665,7.57344,0
282.9,0.0078,4.79656,7.57176,0
283,0.00781,4.79648,7.57176,0
283.1,0.00781,4.7964,7.57344,0
283.2,0.00781,4.79631,7.57344,0
283.3,0.00781,4.79623,7.57344,0
283.4,0.00781,4.79614,7.57176,0
283.5,0.00781,4.79606,7.57176,0
283.6,0.00781,4.79597,7.57344,0
283.7,0.00781,4.79589,7.57344,0
283.8,0.00781,4.7958,7.57344,0
283.9,0.00781,4.79571,7.57344,0
284,0.00782,4.79563,7.57344,0
284.1,0.00782,4.79554,7.57344,0
284.2,0.00782,4.79546,7.57344,0
284.3,0.00782,4.79537,7.57344,0
284.4,0.00782,4.79528,7.57344,0
284.5,0.00782,4.7952,7.57344,0
284.6,0.00782,4.79511,7.57344,0
284.7,0.00782,4.79502,7.57344,0
284.8,0.00782,4.79494,7.57344,0
284.9,0.00782,4.79485,7.57344,0
285,0.00782,4.79476,7.57344,0
285.1,0.00782,4.79468,7.57344,0
285.2,0.00782,4.79459,7.57344,0
285.3,0.00783,4.7945,7.57344,0
285.4,0.00783,4.79441,7.57344,0
285.5,0.00783,4.79432,7.57344,0
285.6,0.00783,4.79423,7.57176,0
285.7,0.00783,4.79414,7.57344,0
285.8,0.00783,4.79405,7.57344,0
285.9,0.00783,4.79396,7.57344,0
286,0.00783,4.79387,7.57344,0
286.1,0.00783,4.79378,7.57344,0
286.2,0.00783,4.79369,7.57344,0
286.3,0.00783,4.7936,7.57344,0
286.4,0.00783,4.7935,7.57344,0
286.5,0.00783,4.79341,7.57344,0
286.6,0.00783,4.79332,7.57176,0
286.7,0.00783,4.79323,7.57344,0
286.8,0.00783,4.79313,7.57344,0
286.9,0.00783,4.79304,7.57344,0
287,0.00783,4.79295,7.57344,0
287.1,0.00783,4.79286,7.57344,0
287.2,0.00783,4.79276,7.57344,0
287.3,0.00784,4.79266,7.57344,0
287.4,0.00784,4.79257,7.57344,0
287.5,0.00784,4.79247,7.57344,0
287.6,0.00784,4.79237,7.57344,0
287.7,0.00784,4.79227,7.57344,0
287.8,0.00784,4.79218,7.57344,0
287.9,0.00784,4.79208,7.57344,0
288,0.00784,4.79198,7.57344,0
288.1,0.00784,4.79188,7.57344,0
288.2,0.00784,4.79179,7.57344,0
288.3,0.00784,4.79169,7.57344,0
288.4,0.00784,4.79159,7.57344,0
288.5,0.00784,4.79149,7.57176,0
288.6,0.00784,4.79139,7.57176,0
288.7,0.00784,4.79129,7.57344,0
288.8,0.00784,4.79119,7.57344,0
288.9,0.00784,4.79109,7.57344,0
289,0.00784,4.79099,7.57344,0
289.1,0.00784,4.79089,7.57344,0
289.2,0.00784,4.79079,7.57344,0
289.3,0.00784,4.79069,7.57344,0
289.4,0.00784,4.7906,7.57344,0
289.5,0.00784,4.7905,7.57344,0
289.6,0.00784,4.7904,7.57344,0
289.7,0.00784,4.7903,7.57344,0
289.8,0.00784,4.7902,7.57344,0
289.9,0.00784,4.7901,7.57344,0
290,0.00784,4.79,7.57344,0
290.1,0.00784,4.7899,7.57344,0
290.2,0.00784,4.7898,7.57344,0
290.3,0.00784,4.7897,7.57344,0
290.4,0.00784,4.7896,7.57344,0
290.5,0.00784,4.7895,7.57344,0
290.6,0.00784,4.7894,7.57176,0
290.7,0.00784,4.78931,7.57344,0
290.8,0.00784,4.78921,7.57344,0
290.9,0.00784,4.78911,7.57344,0
291,0.00784,4.78901,7.57344,0
291.1,0.00784,4.78891,7.57344,0
291.2,0.00784,4.78881,7.57344,0
291.3,0.00784,4.78871,7.57344,0
291.4,0.00784,4.78861,7.57344,0
291.5,0.00784,4.78852,7.57344,0
291.6,0.00784,4.78842,7.57176,0
291.7,0.00784,4.78832,7.57176,0
291.8,0.00784,4.78822,7.57344,0
291.9,0.00784,4.78812,7.57344,0
292,0.00784,4.78802,7.57344,0
292.1,0.00783,4.78791,7.57344,0
292.2,0.00783,4.78781,7.57344,0
292.3,0.00783,4.78771,7.57344,0
292.4,0.00783,4.78761,7.57344,0
292.5,0.00783,4.78751,7.57344,0
292.6,0.00783,4.7874,7.57344,0
292.7,0.00783,4.7873,7.57176,0
292.8,0.00783,4.7872,7.57176,0
292.9,0.00783,4.7871,7.57176,0
293,0.00783,4.78699,7.57176,0
293.1,0.00783,4.78689,7.57176,0
293.2,0.00783,4.78678,7.57176,0
293.3,0.00783,4.78668,7.57344,0
293.4,0.00783,4.78658,7.57176,0
293.5,0.00783,4.78647,7.57176,0
293.6,0.00783,4.78637,7.57176,0
293.7,0.00783,4.78626,7.57344,0
293.8,0.00783,4.78616,7.57344,0
293.9,0.00783,4.78605,7.57344,0
294,0.00782,4.78594,7.57344,0
294.1,0.00782,4.78584,7.57344,0
294.2,0.00782,4.78573,7.57344,0
294.3,0.00782,4.78563,7.57176,0
294.4,0.00782,4.78552,7.57176,0
294.5,0.00782,4.78542,7.57344,0
294.6,0.00782,4.78531,7.57176,0
294.7,0.00782,4.78521,7.57344,0
294.8,0.00782,4.7851,7.57344,0
294.9,0.00782,4.785,7.57344,0
295,0.00782,4.78489,7.57344,0
295.1,0.00782,4.78479,7.57344,0
295.2,0.00782,4.78468,7.57176,0
295.3,0.00781,4.78458,7.57344,0
295.4,0.00781,4.78447,7.57344,0
295.5,0.00781,4.78436,7.57176,0
295.6,0.00781,4.78426,7.57344,0
295.7,0.00781,4.78415,7.57344,0
295.8,0.00781,4.78404,7.57344,0
295.9,0.00781,4.78393,7.57344,0
296,0.00781,4.78383,7.57344,0
296.1,0.00781,4.78372,7.57344,0
296.2,0.00781,4.78361,7.57176,0
296.3,0.00781,4.78351,7.57176,0
296.4,0.00781,4.7834,7.57344,0
296.5,0.0078,4.78329,7.57176,0
296.6,0.0078,4.78318,7.57344,0
296.7,0.0078,4.78307,7.57176,0
296.8,0.0078,4.78296,7.57344,0
296.9,0.0078,4.78285,7.57344,0
297,0.0078,4.78275,7.57344,0
297.1,0.0078,4.78264,7.57344,0
297.2,0.0078,4.78253,7.57344,0
297.3,0.0078,4.78242,7.57344,0
297.4,0.0078,4.78231,7.57344,0
297.5,0.0078,4.78219,7.57344,0
297.6,0.00779,4.78208,7.57176,0
297.7,0.00779,4.78197,7.57176,0
297.8,0.00779,4.78185,7.57344,0
297.9,0.00779,4.78174,7.57344,0
298,0.00779,4.78163,7.57344,0
298.1,0.00779,4.78152,7.57344,0
298.2,0.00779,4.78141,7.57344,0
298.3,0.00779,4.7813,7.57344,0
298.4,0.00779,4.78119,7.57344,0
298.5,0.00779,4.78108,7.57344,0
298.6,0.00779,4.78097,7.57344,0
298.7,0.00779,4.78086,7.57344,0
298.8,0.00779,4.78074,7.57344,0
298.9,0.00778,4.78063,7.57176,0
299,0.00778,4.78052,7.57176,0
299.1,0.00778,4.7804,7.57176,0
299.2,0.00778,4.78029,7.57176,0
299.3,0.00778,4.78018,7.57344,0
299.4,0.00778,4.78007,7.57344,0
299.5,0.00778,4.77996,7.57176,0
299.6,0.00778,4.77985,7.57344,0
299.7,0.00778,4.77973,7.57344,0
299.8,0.00777,4.77962,7.57344,0
299.9,0.00777,4.77951,7.57344,0
300,0.00777,4.7794,7.57344,0
300.1,0.00777,4.77928,7.57344,0
300.2,0.00777,4.77917,7.57344,0
300.3,0.00777,4.77905,7.57344,0
300.4,0.00777,4.77894,7.57344,0
300.5,0.00777,4.77882,7.57176,0
300.6,0.00777,4.77871,7.57176,0
300.7,0.00777,4.7786,7.57176,0
300.8,0.00776,4.77849,7.57176,0
300.9,0.00776,4.77838,7.57344,0
301,0.00776,4.77827,7.57176,0
301.1,0.00776,4.77815,7.57344,0
301.2,0.00776,4.77804,7.57176,0
301.3,0.00776,4.77793,7.57344,0
301.4,0.00776,4.77782,7.57344,0
301.5,0.00776,4.7777,7.57344,0
301.6,0.00776,4.77759,7.57344,0
301.7,0.00775,4.77747,7.57344,0
301.8,0.00775,4.77736,7.57344,0
301.9,0.00775,4.77724,7.57344,0
302,0.00775,4.77713,7.57176,0
302.1,0.00775,4.77701,7.57176,0
302.2,0.00775,4.7769,7.57176,0
302.3,0.00775,4.77679,7.57176,0
302.4,0.00775,4.77667,7.57344,0
302.5,0.00774,4.77656,7.57344,0
302.6,0.00774,4.77645,7.57344,0
302.7,0.00774,4.77633,7.57344,0
302.8,0.00774,4.77622,7.57344,0
302.9,0.00774,4.7761,7.57344,0
303,0.00774,4.77599,7.57344,0
303.1,0.00774,4.77588,7.57176,0
303.2,0.00774,4.77576,7.57176,0
303.3,0.00773,4.77565,7.57176,0
303.4,0.00773,4.77554,7.57176,0
303.5,0.00773,4.77542,7.57176,0
303.6,0.00773,4.77531,7.57344,0
303.7,0.00773,4.77519,7.57344,0
303.8,0.00773,4.77507,7.57344,0
303.9,0.00773,4.77496,7.57344,0
304,0.00772,4.77484,7.57344,0
304.1,0.00772,4.77473,7.57344,0
304.2,0.00772,4.77461,7.57344,0
304.3,0.00772,4.7745,7.57344,0
304.4,0.00772,4.77439,7.57344,0
304.5,0.00772,4.77427,7.57176,0
304.6,0.00772,4.77416,7.57344,0
304.7,0.00771,4.77404,7.57344,0
304.8,0.00771,4.77392,7.57176,0
304.9,0.00771,4.77381,7.57344,0
305,0.00771,4.77369,7.57176,0
305.1,0.00771,4.77358,7.57344,0
305.2,0.00771,4.77346,7.57344,0
305.3,0.00771,4.77334,7.57344,0
305.4,0.0077,4.77322,7.57176,0
305.5,0.0077,4.77311,7.57344,0
305.6,0.0077,4.77299,7.57344,0
305.7,0.0077,4.77287,7.57344,0
305.8,0.0077,4.77275,7.57176,0
305.9,0.0077,4.77264,7.57176,0
306,0.00769,4.77252,7.57176,0
306.1,0.00769,4.7724,7.57344,0
306.2,0.00769,4.77228,7.57176,0
306.3,0.00769,4.77215,7.57176,0
306.4,0.00769,4.77203,7.57344,0
306.5,0.00769,4.77191,7.57344,0
306.6,0.00769,4.77178,7.57176,0
306.7,0.00768,4.77166,7.57344,0
306.8,0.00768,4.77154,7.57344,0
306.9,0.00768,4.77141,7.57344,0
307,0.00768,4.77129,7.57344,0
307.1,0.00768,4.77116,7.57176,0
307.2,0.00768,4.77104,7.57344,0
307.3,0.00767,4.77092,7.57344,0
307.4,0.00767,4.7708,7.57344,0
307.5,0.00767,4.77067,7.57176,0
307.6,0.00767,4.77055,7.57344,0
307.7,0.00767,4.77043,7.57176,0
307.8,0.00767,4.77031,7.57176,0
307.9,0.00766,4.77019,7.57176,0
308,0.00766,4.77007,7.57344,0
308.1,0.00766,4.76995,7.57176,0
308.2,0.00766,4.76982,7.57176,0
308.3,0.00766,4.7697,7.57176,0
308.4,0.00766,4.76958,7.57176,0
308.5,0.00765,4.76946,7.57176,0
308.6,0.00765,4.76934,7.57176,0
308.7,0.00765,4.76922,7.57176,0
308.8,0.00765,4.76911,7.57176,0
308.9,0.00765,4.76899,7.57176,0
309,0.00764,4.76887,7.57176,0
309.1,0.00764,4.76875,7.57176,0
309.2,0.00764,4.76863,7.57176,0
309.3,0.00764,4.76851,7.57176,0
309.4,0.00764,4.76839,7.57176,0
309.5,0.00764,4.76828,7.57176,0
309.6,0.00763,4.76816,7.57176,0
309.7,0.00763,4.76804,7.57176,0
309.8,0.00763,4.76792,7.57176,0
309.9,0.00763,4.7678,7.57176,0
310,0.00763,4.76769,7.57176,0
310.1,0.00762,4.76757,7.57176,0
310.2,0.00762,4.76745,7.57176,0
310.3,0.00762,4.76733,7.57176,0
310.4,0.00762,4.76722,7.57176,0
310.5,0.00762,4.7671,7.57176,0
310.6,0.00761,4.76699,7.57176,0
310.7,0.00761,4.76687,7.57344,0
310.8,0.00761,4.76676,7.57176,0
310.9,0.00761,4.76664,7.57176,0
311,0.00761,4.76653,7.57176,0
311.1,0.0076,4.76641,7.57176,0
311.2,0.0076,4.76629,7.57176,0
311.3,0.0076,4.76618,7.57176,0
311.4,0.0076,4.76606,7.57176,0
311.5,0.0076,4.76594,7.57176,0
311.6,0.00759,4.76582,7.57176,0
311.7,0.00759,4.7657,7.57176,0
311.8,0.00759,4.76558,7.57176,0
311.9,0.00759,4.76546,7.57344,0
312,0.00759,4.76534,7.57176,0
312.1,0.00758,4.76522,7.57176,0
312.2,0.00758,4.7651,7.57176,0
312.3,0.00758,4.76499,7.57344,0
312.4,0.00758,4.76487,7.57344,0
312.5,0.00758,4.76475,7.57344,0
312.6,0.00757,4.76463,7.57176,0
312.7,0.00757,4.76452,7.57176,0
312.8,0.00757,4.7644,7.57344,0
312.9,0.00757,4.76428,7.57344,0
313,0.00757,4.76416,7.57344,0
313.1,0.00756,4.76405,7.57344,0
313.2,0.00756,4.76393,7.57344,0
313.3,0.00756,4.76382,7.57176,0
313.4,0.00756,4.7637,7.57176,0
313.5,0.00756,4.76359,7.57176,0
313.6,0.00755,4.76347,7.57344,0
313.7,0.00755,4.76336,7.57344,0
313.8,0.00755,4.76324,7.57176,0
313.9,0.00755,4.76313,7.57176,0
314,0.00754,4.76302,7.57176,0
314.1,0.00754,4.7629,7.57176,0
314.2,0.00754,4.76279,7.57176,0
314.3,0.00754,4.76267,7.57176,0
314.4,0.00754,4.76256,7.57176,0
314.5,0.00753,4.76244,7.57176,0
314.6,0.00753,4.76233,7.57176,0
314.7,0.00753,4.76222,7.57344,0
314.8,0.00753,4.7621,7.57176,0
314.9,0.00752,4.76199,7.57176,0
315,0.00752,4.76188,7.57176,0
315.1,0.00752,4.76177,7.57176,0
315.2,0.00752,4.76166,7.57176,0
315.3,0.00751,4.76155,7.57176,0
315.4,0.00751,4.76144,7.57344,0
315.5,0.00751,4.76133,7.57344,0
315.6,0.00751,4.76122,7.57344,0
315.7,0.00751,4.76111,7.57344,0
315.8,0.0075,4.761,7.57176,0
315.9,0.0075,4.76089,7.57344,0
316,0.0075,4.76077,7.57176,0
316.1,0.0075,4.76066,7.57344,0
316.2,0.00749,4.76055,7.57176,0
316.3,0.00749,4.76043,7.57176,0
316.4,0.00749,4.76032,7.57176,0
316.5,0.00749,4.76021,7.57344,0
316.6,0.00748,4.76009,7.57176,0
316.7,0.00748,4.75998,7.57176,0
316.8,0.00748,4.75987,7.57176,0
316.9,0.00748,4.75976,7.57344,0
317,0.00747,4.75964,7.57176,0
317.1,0.00747,4.75953,7.57176,0
317.2,0.00747,4.75942,7.57176,0
317.3,0.00747,4.75931,7.57176,0
317.4,0.00747,4.7592,7.57344,0
317.5,0.00746,4.7591,7.57344,0
317.6,0.00746,4.75899,7.57344,0
317.7,0.00746,4.75889,7.57344,0
317.8,0.00746,4.75878,7.57176,0
317.9,0.00745,4.75868,7.57176,0
318,0.00745,4.75857,7.57344,0
318.1,0.00745,4.75847,7.57344,0
318.2,0.00745,4.75836,7.57176,0
318.3,0.00744,4.75826,7.57176,0
318.4,0.00744,4.75815,7.57176,0
318.5,0.00744,4.75805,7.57344,0
318.6,0.00744,4.75794,7.57176,0
318.7,0.00743,4.75784,7.57344,0
318.8,0.00743,4.75773,7.57344,0
318.9,0.00743,4.75763,7.57344,0
319,0.00743,4.75752,7.57176,0
319.1,0.00742,4.75742,7.57344,0
319.2,0.00742,4.75731,7.57344,0
319.3,0.00742,4.75721,7.57344,0
319.4,0.00741,4.7571,7.57344,0
319.5,0.00741,4.757,7.57176,0
319.6,0.00741,4.75689,7.57344,0
319.7,0.00741,4.75679,7.57176,0
319.8,0.0074,4.75668,7.57344,0
319.9,0.0074,4.75658,7.57176,0
320,0.0074,4.75647,7.57176,0
320.1,0.0074,4.75637,7.57176,0
320.2,0.00739,4.75627,7.57176,0
320.3,0.00739,4.75616,7.57344,0
320.4,0.00739,4.75606,7.57344,0
320.5,0.00739,4.75595,7.57344,0
320.6,0.00738,4.75585,7.57344,0
320.7,0.00738,4.75574,7.57176,0
320.8,0.00738,4.75564,7.57344,0
320.9,0.00738,4.75554,7.57344,0
321,0.00737,4.75543,7.57344,0
321.1,0.00737,4.75533,7.57344,0
321.2,0.00737,4.75523,7.57176,0
321.3,0.00737,4.75512,7.57344,0
321.4,0.00736,4.75502,7.57344,0
321.5,0.00736,4.75491,7.57344,0
321.6,0.00736,4.75481,7.57344,0
321.7,0.00736,4.75471,7.57344,0
321.8,0.00735,4.7546,7.57344,0
321.9,0.00735,4.7545,7.57344,0
322,0.00735,4.75439,7.57344,0
322.1,0.00735,4.75429,7.57344,0
322.2,0.00734,4.75418,7.57344,0
322.3,0.00734,4.75407,7.57176,0
322.4,0.00734,4.75396,7.57344,0
322.5,0.00734,4.75385,7.57344,0
322.6,0.00733,4.75375,7.57344,0
322.7,0.00733,4.75364,7.57344,0
322.8,0.00733,4.75353,7.57344,0
322.9,0.00732,4.75342,7.57176,0
323,0.00732,4.75331,7.57344,0
323.1,0.00732,4.7532,7.57344,0
323.2,0.00732,4.7531,7.57344,0
323.3,0.00731,4.75299,7.57344,0
323.4,0.00731,4.75289,7.57176,0
323.5,0.00731,4.75278,7.57176,0
323.6,0.00731,4.75268,7.57176,0
323.7,0.0073,4.75257,7.57176,0
323.8,0.0073,4.75247,7.57176,0
323.9,0.0073,4.75237,7.57344,0
324,0.0073,4.75226,7.57344,0
324.1,0.00729,4.75216,7.57176,0
324.2,0.00729,4.75206,7.57344,0
324.3,0.00729,4.75196,7.57344,0
324.4,0.00728,4.75185,7.57176,0
324.5,0.00728,4.75175,7.57344,0
324.6,0.00728,4.75165,7.57344,0
324.7,0.00728,4.75155,7.57176,0
324.8,0.00727,4.75145,7.57344,0
324.9,0.00727,4.75135,7.57344,0
325,0.00727,4.75125,7.57344,0
325.1,0.00727,4.75116,7.57344,0
325.2,0.00726,4.75106,7.57344,0
325.3,0.00726,4.75096,7.57344,0
325.4,0.00726,4.75086,7.57344,0
325.5,0.00725,4.75077,7.57344,0
325.6,0.00725,4.75067,7.57344,0
325.7,0.00725,4.75057,7.57344,0
325.8,0.00724,4.75047,7.57344,0
325.9,0.00724,4.75038,7.57176,0
326,0.00724,4.75028,7.57344,0
326.1,0.00724,4.75019,7.57344,0
326.2,0.00723,4.75009,7.57344,0
326.3,0.00723,4.75,7.57344,0
326.4,0.00723,4.74991,7.57344,0
326.5,0.00722,4.74981,7.57344,0
326.6,0.00722,4.74972,7.57344,0
326.7,0.00722,4.74963,7.57344,0
326.8,0.00722,4.74954,7.57344,0
326.9,0.00721,4.74945,7.57344,0
327,0.00721,4.74936,7.57344,0
327.1,0.00721,4.74927,7.57344,0
327.2,0.0072,4.74919,7.57176,0
327.3,0.0072,4.7491,7.57344,0
327.4,0.0072,4.74901,7.57344,0
327.5,0.0072,4.74893,7.57344,0
327.6,0.00719,4.74884,7.57344,0
327.7,0.00719,4.74876,7.57344,0
327.8,0.00719,4.74867,7.57344,0
327.9,0.00718,4.74858,7.57344,0
328,0.00718,4.7485,7.57176,0
328.1,0.00718,4.74841,7.57176,0
328.2,0.00718,4.74833,7.57176,0
328.3,0.00717,4.74824,7.57344,0
328.4,0.00717,4.74815,7.57344,0
328.5,0.00717,4.74806,7.57344,0
328.6,0.00716,4.74798,7.57344,0
328.7,0.00716,4.74789,7.57344,0
328.8,0.00716,4.7478,7.57176,0
328.9,0.00715,4.74771,7.57344,0
329,0.00715,4.74763,7.57344,0
329.1,0.00715,4.74754,7.57344,0
329.2,0.00715,4.74745,7.57344,0
329.3,0.00714,4.74737,7.57176,0
329.4,0.00714,4.74728,7.57344,0
329.5,0.00714,4.74719,7.57344,0
329.6,0.00713,4.74711,7.57344,0
329.7,0.00713,4.74702,7.57344,0
329.8,0.00713,4.74694,7.57344,0
329.9,0.00713,4.74686,7.57344,0
330,0.00712,4.74677,7.57344,0
330.1,0.00712,4.74669,7.57344,0
330.2,0.00712,4.7466,7.57344,0
330.3,0.00711,4.74652,7.57344,0
330.4,0.00711,4.74643,7.57344,0
330.5,0.00711,4.74635,7.57344,0
330.6,0.00711,4.74627,7.57344,0
330.7,0.0071,4.74618,7.57344,0
330.8,0.0071,4.7461,7.57344,0
330.9,0.0071,4.74601,7.57176,0
331,0.00709,4.74593,7.57344,0
331.1,0.00709,4.74585,7.57344,0
331.2,0.00709,4.74576,7.57344,0
331.3,0.00709,4.74568,7.57344,0
331.4,0.00708,4.7456,7.57344,0
331.5,0.00708,4.74552,7.57344,0
331.6,0.00708,4.74543,7.57344,0
331.7,0.00707,4.74535,7.57176,0
331.8,0.00707,4.74527,7.57344,0
331.9,0.00707,4.74519,7.57176,0
332,0.00707,4.74511,7.57344,0
332.1,0.00706,4.74503,7.57344,0
332.2,0.00706,4.74494,7.57344,0
332.3,0.00706,4.74486,7.57176,0
332.4,0.00705,4.74478,7.57176,0
332.5,0.00705,4.74469,7.57344,0
332.6,0.00705,4.74461,7.57344,0
332.7,0.00705,4.74453,7.57344,0
332.8,0.00704,4.74445,7.57176,0
332.9,0.00704,4.74437,7.57344,0
333,0.00704,4.74429,7.57176,0
333.1,0.00703,4.74421,7.57344,0
333.2,0.00703,4.74413,7.57344,0
333.3,0.00703,4.74405,7.57344,0
333.4,0.00702,4.74397,7.57176,0
333.5,0.00702,4.74389,7.57344,0
333.6,0.00702,4.74381,7.57176,0
333.7,0.00702,4.74374,7.57176,0
333.8,0.00701,4.74366,7.57176,0
333.9,0.00701,4.74358,7.57176,0
334,0.00701,4.74351,7.57344,0
334.1,0.007,4.74343,7.57176,0
334.2,0.007,4.74336,7.57176,0
334.3,0.007,4.74328,7.57176,0
334.4,0.00699,4.74321,7.57176,0
334.5,0.00699,4.74313,7.57344,0
334.6,0.00699,4.74305,7.57176,0
334.7,0.00699,4.74298,7.57176,0
334.8,0.00698,4.7429,7.57176,0
334.9,0.00698,4.74283,7.57176,0
335,0.00698,4.74275,7.57176,0
335.1,0.00697,4.74268,7.57176,0
335.2,0.00697,4.74261,7.57176,0
335.3,0.00697,4.74253,7.57176,0
335.4,0.00697,4.74246,7.57176,0
335.5,0.00696,4.74239,7.57176,0
335.6,0.00696,4.74232,7.57176,0
335.7,0.00696,4.74225,7.57176,0
335.8,0.00695,4.74217,7.57176,0
335.9,0.00695,4.7421,7.57176,0
336,0.00695,4.74203,7.57344,0
336.1,0.00694,4.74196,7.57344,0
336.2,0.00694,4.74189,7.57344,0
336.3,0.00694,4.74182,7.57344,0
336.4,0.00694,4.74175,7.57176,0
336.5,0.00693,4.74168,7.57176,0
336.6,0.00693,4.74161,7.57344,0
336.7,0.00693,4.74155,7.57344,0
336.8,0.00692,4.74148,7.57344,0
336.9,0.00692,4.74141,7.57176,0
337,0.00692,4.74134,7.57176,0
337.1,0.00691,4.74127,7.57344,0
337.2,0.00691,4.7412,7.57176,0
337.3,0.00691,4.74114,7.57176,0
337.4,0.0069,4.74107,7.57176,0
337.5,0.0069,4.741,7.57176,0
337.6,0.0069,4.74093,7.57176,0
337.7,0.0069,4.74087,7.57176,0
337.8,0.00689,4.7408,7.57176,0
337.9,0.00689,4.74073,7.57176,0
338,0.00689,4.74066,7.57176,0
338.1,0.00688,4.7406,7.57344,0
338.2,0.00688,4.74053,7.57176,0
338.3,0.00688,4.74046,7.57176,0
338.4,0.00687,4.7404,7.57176,0
338.5,0.00687,4.74033,7.57344,0
338.6,0.00687,4.74026,7.57344,0
338.7,0.00687,4.7402,7.57344,0
338.8,0.00686,4.74013,7.57344,0
338.9,0.00686,4.74006,7.57176,0
339,0.00686,4.73999,7.57344,0
339.1,0.00685,4.73992,7.57176,0
339.2,0.00685,4.73986,7.57176,0
339.3,0.00685,4.73979,7.57176,0
339.4,0.00684,4.73972,7.57176,0
339.5,0.00684,4.73965,7.57176,0
339.6,0.00684,4.73959,7.57176,0
339.7,0.00683,4.73952,7.57176,0
339.8,0.00683,4.73946,7.57344,0
339.9,0.00683,4.73939,7.57176,0
340,0.00683,4.73933,7.57344,0
340.1,0.00682,4.73926,7.57344,0
340.2,0.00682,4.7392,7.57176,0
340.3,0.00682,4.73913,7.57176,0
340.4,0.00681,4.73907,7.57344,0
340.5,0.00681,4.73901,7.57176,0
340.6,0.00681,4.73894,7.57176,0
340.7,0.0068,4.73888,7.57176,0
340.8,0.0068,4.73881,7.57176,0
340.9,0.0068,4.73875,7.57176,0
341,0.00679,4.73869,7.57344,0
341.1,0.00679,4.73862,7.57176,0
341.2,0.00679,4.73856,7.57176,0
341.3,0.00679,4.7385,7.57176,0
341.4,0.00678,4.73843,7.57176,0
341.5,0.00678,4.73837,7.57176,0
341.6,0.00678,4.73831,7.57176,0
341.7,0.00677,4.73825,7.57176,0
341.8,0.00677,4.73819,7.57176,0
341.9,0.00677,4.73812,7.57176,0
342,0.00676,4.73806,7.57344,0
342.1,0.00676,4.738,7.57344,0
342.2,0.00676,4.73794,7.57344,0
342.3,0.00675,4.73788,7.57344,0
342.4,0.00675,4.73782,7.57176,0
342.5,0.00675,4.73776,7.57176,0
342.6,0.00674,4.7377,7.57176,0
342.7,0.00674,4.73764,7.57176,0
342.8,0.00674,4.73759,7.57344,0
342.9,0.00673,4.73753,7.57344,0
343,0.00673,4.73747,7.57176,0
343.1,0.00673,4.73741,7.57344,0
343.2,0.00672,4.73736,7.57344,0
343.3,0.00672,4.7373,7.57176,0
343.4,0.00672,4.73725,7.57176,0
343.5,0.00672,4.73719,7.57344,0
343.6,0.00671,4.73714,7.57176,0
343.7,0.00671,4.73708,7.57344,0
343.8,0.00671,4.73703,7.57344,0
343.9,0.0067,4.73697,7.57176,0
344,0.0067,4.73691,7.57176,0
344.1,0.0067,4.73686,7.57176,0
344.2,0.00669,4.7368,7.57176,0
344.3,0.00669,4.73674,7.57176,0
344.4,0.00669,4.73668,7.57176,0
344.5,0.00669,4.73663,7.57176,0
344.6,0.00668,4.73657,7.57176,0
344.7,0.00668,4.73651,7.57344,0
344.8,0.00668,4.73645,7.57344,0
344.9,0.00667,4.73639,7.57344,0
345,0.00667,4.73633,7.57176,0
345.1,0.00667,4.73627,7.57344,0
345.2,0.00666,4.73621,7.57344,0
345.3,0.00666,4.73615,7.57344,0
345.4,0.00666,4.73609,7.57344,0
345.5,0.00666,4.73602,7.57344,0
345.6,0.00665,4.73596,7.57344,0
345.7,0.00665,4.7359,7.57344,0
345.8,0.00665,4.73584,7.57344,0
345.9,0.00664,4.73577,7.57344,0
346,0.00664,4.73571,7.57176,0
346.1,0.00664,4.73565,7.57344,0
346.2,0.00664,4.73559,7.57176,0
346.3,0.00663,4.73552,7.57176,0
346.4,0.00663,4.73546,7.57344,0
346.5,0.00663,4.7354,7.57176,0
346.6,0.00662,4.73534,7.57176,0
346.7,0.00662,4.73527,7.57176,0
346.8,0.00662,4.73521,7.57176,0
346.9,0.00662,4.73514,7.57176,0
347,0.00661,4.73508,7.57176,0
347.1,0.00661,4.73501,7.57176,0
347.2,0.00661,4.73495,7.57176,0
347.3,0.0066,4.73488,7.57344,0
347.4,0.0066,4.73481,7.57344,0
347.5,0.0066,4.73475,7.57176,0
347.6,0.0066,4.73468,7.57176,0
347.7,0.00659,4.73461,7.57176,0
347.8,0.00659,4.73455,7.57176,0
347.9,0.00659,4.73448,7.57176,0
348,0.00658,4.73441,7.57176,0
348.1,0.00658,4.73435,7.57176,0
348.2,0.00658,4.73428,7.57176,0
348.3,0.00658,4.73421,7.57176,0
348.4,0.00657,4.73414,7.57176,0
348.5,0.00657,4.73407,7.57344,0
348.6,0.00657,4.73401,7.57344,0
348.7,0.00657,4.73394,7.57344,0
348.8,0.00656,4.73387,7.57344,0
348.9,0.00656,4.7338,7.57344,0
349,0.00656,4.73374,7.57344,0
349.1,0.00656,4.73367,7.57344,0
349.2,0.00655,4.7336,7.57344,0
349.3,0.00655,4.73353,7.57344,0
349.4,0.00655,4.73347,7.57344,0
349.5,0.00654,4.7334,7.57344,0
349.6,0.00654,4.73333,7.57344,0
349.7,0.00654,4.73326,7.57344,0
349.8,0.00654,4.73318,7.57344,0
349.9,0.00653,4.73311,7.57344,0
350,0.00653,4.73304,7.57344,0
350.1,0.00653,4.73296,7.57344,0
350.2,0.00653,4.73289,7.57176,0
350.3,0.00652,4.73281,7.57176,0
350.4,0.00652,4.73274,7.57344,0
350.5,0.00652,4.73266,7.57344,0
350.6,0.00652,4.73259,7.57176,0
350.7,0.00651,4.73251,7.57344,0
350.8,0.00651,4.73243,7.57344,0
350.9,0.00651,4.73235,7.57344,0
351,0.00651,4.73228,7.57176,0
351.1,0.0065,4.7322,7.57176,0
351.2,0.0065,4.73212,7.57344,0
351.3,0.0065,4.73204,7.57176,0
351.4,0.0065,4.73196,7.57176,0
351.5,0.00649,4.73188,7.57176,0
351.6,0.00649,4.7318,7.57176,0
351.7,0.00649,4.73172,7.57176,0
351.8,0.00649,4.73164,7.57176,0
351.9,0.00648,4.73156,7.57176,0
352,0.00648,4.73148,7.57176,0
352.1,0.00648,4.7314,7.57176,0
352.2,0.00647,4.73132,7.57176,0
352.3,0.00647,4.73124,7.57176,0
352.4,0.00647,4.73116,7.57176,0
352.5,0.00647,4.73108,7.57176,0
352.6,0.00646,4.731,7.57176,0
352.7,0.00646,4.73091,7.57344,0
352.8,0.00646,4.73083,7.57176,0
352.9,0.00646,4.73075,7.57176,0
353,0.00645,4.73067,7.57176,0
353.1,0.00645,4.73059,7.57176,0
353.2,0.00645,4.73051,7.57344,0
353.3,0.00645,4.73042,7.57344,0
353.4,0.00644,4.73034,7.57176,0
353.5,0.00644,4.73026,7.57176,0
353.6,0.00644,4.73018,7.57176,0
353.7,0.00644,4.7301,7.57176,0
353.8,0.00643,4.73002,7.57176,0
353.9,0.00643,4.72994,7.57176,0
354,0.00643,4.72985,7.57176,0
354.1,0.00643,4.72977,7.57176,0
354.2,0.00642,4.72969,7.57176,0
354.3,0.00642,4.72961,7.57176,0
354.4,0.00642,4.72953,7.57176,0
354.5,0.00642,4.72945,7.57176,0
354.6,0.00641,4.72937,7.57344,0
354.7,0.00641,4.72929,7.57344,0
354.8,0.00641,4.72921,7.57344,0
354.9,0.00641,4.72913,7.57344,0
355,0.0064,4.72905,7.57176,0
355.1,0.0064,4.72898,7.57176,0
355.2,0.0064,4.7289,7.57176,0
355.3,0.0064,4.72882,7.57176,0
355.4,0.00639,4.72874,7.57344,0
355.5,0.00639,4.72866,7.57176,0
355.6,0.00639,4.72859,7.57344,0
355.7,0.00639,4.72851,7.57176,0
355.8,0.00638,4.72843,7.57344,0
355.9,0.00638,4.72836,7.57344,0
356,0.00638,4.72828,7.57344,0
356.1,0.00638,4.7282,7.57176,0
356.2,0.00638,4.72813,7.57176,0
356.3,0.00637,4.72805,7.57344,0
356.4,0.00637,4.72798,7.57344,0
356.5,0.00637,4.7279,7.57344,0
356.6,0.00637,4.72783,7.57176,0
356.7,0.00636,4.72775,7.57344,0
356.8,0.00636,4.72768,7.57176,0
356.9,0.00636,4.7276,7.57176,0
357,0.00636,4.72753,7.57344,0
357.1,0.00635,4.72745,7.57176,0
357.2,0.00635,4.72738,7.57176,0
357.3,0.00635,4.7273,7.57344,0
357.4,0.00635,4.72723,7.57176,0
357.5,0.00634,4.72715,7.57344,0
357.6,0.00634,4.72707,7.57344,0
357.7,0.00634,4.727,7.57176,0
357.8,0.00634,4.72692,7.57344,0
357.9,0.00634,4.72685,7.57344,0
358,0.00633,4.72677,7.57344,0
358.1,0.00633,4.7267,7.57344,0
358.2,0.00633,4.72663,7.57344,0
358.3,0.00633,4.72655,7.57344,0
358.4,0.00632,4.72648,7.57176,0
358.5,0.00632,4.72641,7.57176,0
358.6,0.00632,4.72633,7.57176,0
358.7,0.00632,4.72626,7.57344,0
358.8,0.00631,4.72619,7.57176,0
358.9,0.00631,4.72612,7.57344,0
359,0.00631,4.72604,7.57344,0
359.1,0.00631,4.72597,7.57176,0
359.2,0.00631,4.7259,7.57176,0
359.3,0.0063,4.72582,7.57344,0
359.4,0.0063,4.72575,7.57344,0
359.5,0.0063,4.72567,7.57176,0
359.6,0.0063,4.7256,7.57176,0
359.7,0.00629,4.72552,7.57344,0
359.8,0.00629,4.72545,7.57176,0
359.9,0.00629,4.72538,7.57176,0
360,0.00629,4.7253,7.57344,0
360.1,0.00628,4.72523,7.57344,0
360.2,0.00628,4.72516,7.57344,0
360.3,0.00628,4.72509,7.57176,0
360.4,0.00628,4.72501,7.57344,0
360.5,0.00627,4.72494,7.57176,0
360.6,0.00627,4.72487,7.57176,0
360.7,0.00627,4.72479,7.57176,0
360.8,0.00627,4.72472,7.57176,0
360.9,0.00627,4.72465,7.57344,0
361,0.00626,4.72458,7.57176,0
361.1,0.00626,4.72451,7.57344,0
361.2,0.00626,4.72444,7.57344,0
361.3,0.00626,4.72436,7.57344,0
361.4,0.00625,4.72429,7.57344,0
361.5,0.00625,4.72422,7.57344,0
361.6,0.00625,4.72415,7.57344,0
361.7,0.00625,4.72408,7.57176,0
361.8,0.00625,4.72401,7.57176,0
361.9,0.00624,4.72395,7.57344,0
362,0.00624,4.72388,7.57344,0
362.1,0.00624,4.72381,7.57344,0
362.2,0.00624,4.72374,7.57344,0
362.3,0.00623,4.72367,7.57344,0
362.4,0.00623,4.7236,7.57344,0
362.5,0.00623,4.72353,7.57344,0
362.6,0.00623,4.72346,7.57344,0
362.7,0.00623,4.7234,7.57344,0
362.8,0.00622,4.72333,7.57344,0
362.9,0.00622,4.72326,7.57344,0
363,0.00622,4.7232,7.57344,0
363.1,0.00622,4.72313,7.57344,0
363.2,0.00621,4.72306,7.57344,0
363.3,0.00621,4.723,7.57344,0
363.4,0.00621,4.72293,7.57176,0
363.5,0.00621,4.72286,7.57344,0
363.6,0.00621,4.72279,7.57344,0
363.7,0.0062,4.72273,7.57344,0
363.8,0.0062,4.72266,7.57344,0
363.9,0.0062,4.72259,7.57344,0
364,0.0062,4.72252,7.57344,0
364.1,0.00619,4.72246,7.57344,0
364.2,0.00619,4.72239,7.57344,0
364.3,0.00619,4.72233,7.57344,0
364.4,0.00619,4.72226,7.57344,0
364.5,0.00619,4.7222,7.57176,0
364.6,0.00618,4.72213,7.57344,0
364.7,0.00618,4.72206,7.57344,0
364.8,0.00618,4.722,7.57344,0
364.9,0.00618,4.72194,7.57344,0
365,0.00617,4.72187,7.57344,0
365.1,0.00617,4.72181,7.57344,0
365.2,0.00617,4.72174,7.57344,0
365.3,0.00617,4.72168,7.57344,0
365.4,0.00616,4.72161,7.57344,0
365.5,0.00616,4.72155,7.57344,0
365.6,0.00616,4.72148,7.57344,0
365.7,0.00616,4.72142,7.57344,0
365.8,0.00616,4.72136,7.57344,0
365.9,0.00615,4.72129,7.57344,0
366,0.00615,4.72123,7.57344,0
366.1,0.00615,4.72117,7.57344,0
366.2,0.00615,4.72111,7.57344,0
366.3,0.00615,4.72105,7.57344,0
366.4,0.00614,4.72099,7.57344,0
366.5,0.00614,4.72092,7.57344,0
366.6,0.00614,4.72086,7.57344,0
366.7,0.00614,4.7208,7.57344,0
366.8,0.00614,4.72073,7.57176,0
366.9,0.00613,4.72067,7.57344,0
367,0.00613,4.72061,7.57344,0
367.1,0.00613,4.72055,7.57344,0
367.2,0.00613,4.72049,7.57344,0
367.3,0.00613,4.72042,7.57344,0
367.4,0.00613,4.72036,7.57344,0
367.5,0.00612,4.7203,7.57344,0
367.6,0.00612,4.72024,7.57344,0
367.7,0.00612,4.72018,7.57344,0
367.8,0.00612,4.72012,7.57344,0
367.9,0.00612,4.72006,7.57344,0
368,0.00611,4.72,7.57344,0
368.1,0.00611,4.71994,7.57344,0
368.2,0.00611,4.71989,7.57344,0
368.3,0.00611,4.71983,7.57344,0
368.4,0.00611,4.71977,7.57344,0
368.5,0.00611,4.71971,7.57344,0
368.6,0.0061,4.71965,7.57344,0
368.7,0.0061,4.71959,7.57344,0
368.8,0.0061,4.71953,7.57344,0
368.9,0.0061,4.71946,7.57344,0
369,0.0061,4.7194,7.57176,0
369.1,0.0061,4.71934,7.57344,0
369.2,0.00609,4.71928,7.57344,0
369.3,0.00609,4.71922,7.57344,0
369.4,0.00609,4.71916,7.57176,0
369.5,0.00609,4.7191,7.57344,0
369.6,0.00609,4.71904,7.57344,0
369.7,0.00609,4.71898,7.57344,0
369.8,0.00608,4.71892,7.57344,0
369.9,0.00608,4.71886,7.57344,0
370,0.00608,4.71881,7.57344,0
370.1,0.00608,4.71875,7.57344,0
370.2,0.00608,4.71869,7.57344,0
370.3,0.00608,4.71863,7.57176,0
370.4,0.00607,4.71857,7.57176,0
370.5,0.00607,4.71851,7.57344,0
370.6,0.00607,4.71845,7.57344,0
370.7,0.00607,4.71839,7.57344,0
370.8,0.00607,4.71834,7.57344,0
370.9,0.00607,4.71828,7.57344,0
371,0.00607,4.71822,7.57344,0
371.1,0.00606,4.71816,7.57176,0
371.2,0.00606,4.7181,7.57344,0
371.3,0.00606,4.71805,7.57344,0
371.4,0.00606,4.71799,7.57344,0
371.5,0.00606,4.71793,7.57344,0
371.6,0.00606,4.71787,7.57344,0
371.7,0.00606,4.71781,7.57176,0
371.8,0.00605,4.71775,7.57176,0
371.9,0.00605,4.71769,7.57176,0
372,0.00605,4.71764,7.57176,0
372.1,0.00605,4.71758,7.57176,0
372.2,0.00605,4.71752,7.57176,0
372.3,0.00605,4.71746,7.57176,0
372.4,0.00605,4.7174,7.57344,0
372.5,0.00604,4.71734,7.57176,0
372.6,0.00604,4.71728,7.57344,0
372.7,0.00604,4.71722,7.57344,0
372.8,0.00604,4.71716,7.57344,0
372.9,0.00604,4.7171,7.57176,0
373,0.00604,4.71704,7.57344,0
373.1,0.00604,4.71698,7.57344,0
373.2,0.00604,4.71692,7.57344,0
373.3,0.00603,4.71686,7.57344,0
373.4,0.00603,4.71681,7.57344,0
373.5,0.00603,4.71675,7.57344,0
373.6,0.00603,4.71669,7.57344,0
373.7,0.00603,4.71663,7.57344,0
373.8,0.00603,4.71657,7.57344,0
373.9,0.00603,4.71651,7.57176,0
374,0.00603,4.71645,7.57344,0
374.1,0.00603,4.71639,7.57344,0
374.2,0.00602,4.71634,7.57176,0
374.3,0.00602,4.71628,7.57344,0
374.4,0.00602,4.71622,7.57176,0
374.5,0.00602,4.71616,7.57176,0
374.6,0.00602,4.7161,7.57176,0
374.7,0.00602,4.71604,7.57176,0
374.8,0.00602,4.71598,7.57176,0
374.9,0.00602,4.71592,7.57344,0
375,0.00602,4.71586,7.57176,0
375.1,0.00601,4.7158,7.57176,0
375.2,0.00601,4.71573,7.57344,0
375.3,0.00601,4.71567,7.57176,0
375.4,0.00601,4.71561,7.57176,0
375.5,0.00601,4.71555,7.57344,0
375.6,0.00601,4.71549,7.57344,0
375.7,0.00601,4.71542,7.57344,0
375.8,0.00601,4.71536,7.57176,0
375.9,0.00601,4.7153,7.57176,0
376,0.00601,4.71524,7.57176,0
376.1,0.00601,4.71518,7.57176,0
376.2,0.006,4.71511,7.57344,0
376.3,0.006,4.71505,7.57344,0
376.4,0.006,4.71499,7.57344,0
376.5,0.006,4.71493,7.57344,0
376.6,0.006,4.71486,7.57176,0
376.7,0.006,4.7148,7.57176,0
376.8,0.006,4.71474,7.57176,0
376.9,0.006,4.71468,7.57176,0
377,0.006,4.71461,7.57176,0
377.1,0.006,4.71455,7.57176,0
377.2,0.006,4.71449,7.57176,0
377.3,0.00599,4.71442,7.57176,0
377.4,0.00599,4.71436,7.57176,0
377.5,0.00599,4.7143,7.57176,0
377.6,0.00599,4.71423,7.57176,0
377.7,0.00599,4.71417,7.57176,0
377.8,0.00599,4.71411,7.57344,0
377.9,0.00599,4.71404,7.57176,0
378,0.00599,4.71398,7.57176,0
378.1,0.00599,4.71391,7.57176,0
378.2,0.00599,4.71385,7.57344,0
378.3,0.00599,4.71378,7.57176,0
378.4,0.00599,4.71371,7.57344,0
378.5,0.00599,4.71365,7.57176,0
378.6,0.00598,4.71358,7.57344,0
378.7,0.00598,4.71351,7.57176,0
378.8,0.00598,4.71344,7.57176,0
378.9,0.00598,4.71338,7.57344,0
379,0.00598,4.71331,7.57176,0
379.1,0.00598,4.71324,7.57176,0
379.2,0.00598,4.71317,7.57176,0
379.3,0.00598,4.7131,7.57344,0
379.4,0.00598,4.71304,7.57176,0
379.5,0.00598,4.71297,7.57344,0
379.6,0.00598,4.7129,7.57344,0
379.7,0.00598,4.71283,7.57344,0
379.8,0.00598,4.71276,7.57176,0
379.9,0.00598,4.71269,7.57344,0
380,0.00598,4.71263,7.57344,0
380.1,0.00598,4.71256,7.57344,0
380.2,0.00597,4.71249,7.57344,0
380.3,0.00597,4.71242,7.57344,0
380.4,0.00597,4.71235,7.57344,0
380.5,0.00597,4.71228,7.57176,0
380.6,0.00597,4.71221,7.57344,0
380.7,0.00597,4.71215,7.57176,0
380.8,0.00597,4.71208,7.57344,0
380.9,0.00597,4.71201,7.57176,0
381,0.00597,4.71194,7.57176,0
381.1,0.00597,4.71187,7.57344,0
381.2,0.00597,4.7118,7.57344,0
381.3,0.00597,4.71173,7.57344,0
381.4,0.00597,4.71166,7.57344,0
381.5,0.00597,4.71159,7.57344,0
381.6,0.00597,4.71152,7.57344,0
381.7,0.00597,4.71145,7.57344,0
381.8,0.00597,4.71138,7.57344,0
381.9,0.00597,4.71131,7.57344,0
382,0.00597,4.71124,7.57344,0
382.1,0.00597,4.71117,7.57344,0
382.2,0.00596,4.7111,7.57344,0
382.3,0.00596,4.71103,7.57344,0
382.4,0.00596,4.71096,7.57344,0
382.5,0.00596,4.71089,7.57344,0
382.6,0.00596,4.71082,7.57344,0
382.7,0.00596,4.71075,7.57344,0
382.8,0.00596,4.71068,7.57344,0
382.9,0.00596,4.71061,7.57344,0
383,0.00596,4.71054,7.57344,0
383.1,0.00596,4.71047,7.57344,0
383.2,0.00596,4.71039,7.57344,0
383.3,0.00596,4.71032,7.57176,0
383.4,0.00596,4.71025,7.57344,0
383.5,0.00596,4.71018,7.57344,0
383.6,0.00596,4.71011,7.57176,0
383.7,0.00596,4.71004,7.57344,0
383.8,0.00596,4.70996,7.57344,0
383.9,0.00596,4.70989,7.57344,0
384,0.00596,4.70982,7.57344,0
384.1,0.00596,4.70974,7.57176,0
384.2,0.00596,4.70967,7.57176,0
384.3,0.00596,4.7096,7.57344,0
384.4,0.00596,4.70952,7.57344,0
384.5,0.00596,4.70945,7.57344,0
384.6,0.00596,4.70938,7.57344,0
384.7,0.00596,4.7093,7.57176,0
384.8,0.00596,4.70923,7.57176,0
384.9,0.00596,4.70916,7.57176,0
385,0.00596,4.70908,7.57344,0
385.1,0.00596,4.709,7.57176,0
385.2,0.00596,4.70893,7.57176,0
385.3,0.00596,4.70885,7.57344,0
385.4,0.00596,4.70878,7.57176,0
385.5,0.00596,4.7087,7.57344,0
385.6,0.00596,4.70863,7.57176,0
385.7,0.00596,4.70855,7.57176,0
385.8,0.00596,4.70848,7.57176,0
385.9,0.00596,4.7084,7.57176,0
386,0.00596,4.70833,7.57344,0
386.1,0.00596,4.70825,7.57176,0
386.2,0.00596,4.70817,7.57176,0
386.3,0.00596,4.7081,7.57176,0
386.4,0.00596,4.70802,7.57344,0
386.5,0.00596,4.70795,7.57176,0
386.6,0.00596,4.70787,7.57344,0
386.7,0.00596,4.7078,7.57176,0
386.8,0.00596,4.70772,7.57176,0
386.9,0.00596,4.70765,7.57176,0
387,0.00596,4.70757,7.57344,0
387.1,0.00596,4.70749,7.57176,0
387.2,0.00596,4.70741,7.57176,0
387.3,0.00596,4.70734,7.57344,0
387.4,0.00596,4.70726,7.57176,0
387.5,0.00596,4.70718,7.57344,0
387.6,0.00596,4.7071,7.57344,0
387.7,0.00596,4.70702,7.57176,0
387.8,0.00596,4.70695,7.57176,0
387.9,0.00596,4.70687,7.57176,0
388,0.00596,4.70679,7.57176,0
388.1,0.00596,4.70671,7.57344,0
388.2,0.00596,4.70664,7.57176,0
388.3,0.00596,4.70656,7.57344,0
388.4,0.00596,4.70648,7.57344,0
388.5,0.00596,4.7064,7.57176,0
388.6,0.00596,4.70633,7.57176,0
388.7,0.00596,4.70625,7.57344,0
388.8,0.00596,4.70617,7.57176,0
388.9,0.00597,4.70609,7.57176,0
389,0.00597,4.70602,7.57176,0
389.1,0.00597,4.70594,7.57344,0
389.2,0.00597,4.70586,7.57344,0
389.3,0.00597,4.70578,7.57176,0
389.4,0.00597,4.7057,7.57176,0
389.5,0.00597,4.70562,7.57176,0
389.6,0.00597,4.70554,7.57176,0
389.7,0.00597,4.70547,7.57176,0
389.8,0.00597,4.70539,7.57344,0
389.9,0.00597,4.70531,7.57176,0
390,0.00597,4.70523,7.57176,0
390.1,0.00597,4.70515,7.57176,0
390.2,0.00597,4.70507,7.57176,0
390.3,0.00597,4.70499,7.57176,0
390.4,0.00597,4.70491,7.57176,0
390.5,0.00598,4.70484,7.57176,0
390.6,0.00598,4.70476,7.57176,0
390.7,0.00598,4.70468,7.57176,0
390.8,0.00598,4.7046,7.57176,0
390.9,0.00598,4.70452,7.57176,0
391,0.00598,4.70444,7.57176,0
391.1,0.00598,4.70436,7.57176,0
391.2,0.00598,4.70428,7.57176,0
391.3,0.00598,4.7042,7.57176,0
391.4,0.00598,4.70412,7.57176,0
391.5,0.00598,4.70404,7.57176,0
391.6,0.00598,4.70396,7.57344,0
391.7,0.00599,4.70388,7.57344,0
391.8,0.00599,4.7038,7.57176,0
391.9,0.00599,4.70372,7.57344,0
392,0.00599,4.70364,7.57176,0
392.1,0.00599,4.70356,7.57344,0
392.2,0.00599,4.70348,7.57344,0
392.3,0.00599,4.7034,7.57344,0
392.4,0.00599,4.70332,7.57344,0
392.5,0.00599,4.70324,7.57344,0
392.6,0.00599,4.70316,7.57344,0
392.7,0.006,4.70308,7.57344,0
392.8,0.006,4.703,7.57344,0
392.9,0.006,4.70292,7.57344,0
393,0.006,4.70283,7.57344,0
393.1,0.006,4.70275,7.57344,0
393.2,0.006,4.70267,7.57344,0
393.3,0.006,4.70259,7.57176,0
393.4,0.006,4.7025,7.57344,0
393.5,0.006,4.70242,7.57344,0
393.6,0.00601,4.70234,7.57344,0
393.7,0.00601,4.70225,7.57344,0
393.8,0.00601,4.70217,7.57176,0
393.9,0.00601,4.70209,7.57344,0
394,0.00601,4.70201,7.57176,0
394.1,0.00601,4.70192,7.57344,0
394.2,0.00601,4.70184,7.57344,0
394.3,0.00601,4.70176,7.57344,0
394.4,0.00602,4.70168,7.57344,0
394.5,0.00602,4.70159,7.57344,0
394.6,0.00602,4.70151,7.57176,0
394.7,0.00602,4.70143,7.57344,0
394.8,0.00602,4.70134,7.57344,0
394.9,0.00602,4.70126,7.57344,0
395,0.00602,4.70118,7.57344,0
395.1,0.00602,4.70109,7.57344,0
395.2,0.00603,4.70101,7.57176,0
395.3,0.00603,4.70092,7.57344,0
395.4,0.00603,4.70084,7.57176,0
395.5,0.00603,4.70076,7.57344,0
395.6,0.00603,4.70068,7.57344,0
395.7,0.00603,4.70059,7.57344,0
395.8,0.00603,4.70051,7.57344,0
395.9,0.00604,4.70043,7.57344,0
396,0.00604,4.70034,7.57344,0
396.1,0.00604,4.70026,7.57176,0
396.2,0.00604,4.70018,7.57344,0
396.3,0.00604,4.70009,7.57344,0
396.4,0.00604,4.70001,7.57344,0
396.5,0.00604,4.69993,7.57344,0
396.6,0.00604,4.69984,7.57344,0
396.7,0.00605,4.69976,7.57176,0
396.8,0.00605,4.69968,7.57176,0
396.9,0.00605,4.69959,7.57176,0
397,0.00605,4.69951,7.57344,0
397.1,0.00605,4.69943,7.57344,0
397.2,0.00605,4.69934,7.57344,0
397.3,0.00605,4.69926,7.57344,0
397.4,0.00606,4.69917,7.57344,0
397.5,0.00606,4.69909,7.57344,0
397.6,0.00606,4.699,7.57344,0
397.7,0.00606,4.69892,7.57344,0
397.8,0.00606,4.69883,7.57176,0
397.9,0.00606,4.69875,7.57344,0
398,0.00606,4.69866,7.57176,0
398.1,0.00607,4.69858,7.57344,0
398.2,0.00607,4.69849,7.57344,0
398.3,0.00607,4.69841,7.57344,0
398.4,0.00607,4.69832,7.57344,0
398.5,0.00607,4.69823,7.57344,0
398.6,0.00607,4.69815,7.57176,0
398.7,0.00607,4.69806,7.57176,0
398.8,0.00608,4.69798,7.57344,0
398.9,0.00608,4.69789,7.57344,0
399,0.00608,4.69781,7.57344,0
399.1,0.00608,4.69772,7.57344,0
399.2,0.00608,4.69764,7.57344,0
399.3,0.00608,4.69755,7.57344,0
399.4,0.00608,4.69747,7.57344,0
399.5,0.00609,4.69739,7.57344,0
399.6,0.00609,4.6973,7.57344,0
399.7,0.00609,4.69722,7.57344,0
399.8,0.00609,4.69714,7.57344,0
399.9,0.00609,4.69705,7.57344,0
400,0.00609,4.69697,7.57344,0
400.1,0.00609,4.69689,7.57344,0
400.2,0.0061,4.6968,7.57344,0
400.3,0.0061,4.69672,7.57344,0
400.4,0.0061,4.69664,7.57344,0
400.5,0.0061,4.69655,7.57176,0
400.6,0.0061,4.69647,7.57344,0
400.7,0.0061,4.69638,7.57344,0
400.8,0.0061,4.6963,7.57344,0
400.9,0.00611,4.69622,7.57344,0
401,0.00611,4.69614,7.57344,0
401.1,0.00611,4.69605,7.57344,0
401.2,0.00611,4.69597,7.57344,0
401.3,0.00611,4.69589,7.57344,0
401.4,0.00611,4.6958,7.57344,0
401.5,0.00612,4.69572,7.57344,0
401.6,0.00612,4.69564,7.57344,0
401.7,0.00612,4.69556,7.57344,0
401.8,0.00612,4.69547,7.57176,0
401.9,0.00612,4.69539,7.57176,0
402,0.00612,4.69531,7.57344,0
402.1,0.00613,4.69523,7.57344,0
402.2,0.00613,4.69514,7.57344,0
402.3,0.00613,4.69506,7.57344,0
402.4,0.00613,4.69498,7.57344,0
402.5,0.00613,4.69489,7.57344,0
402.6,0.00613,4.69481,7.57176,0
402.7,0.00614,4.69472,7.57176,0
402.8,0.00614,4.69464,7.57176,0
402.9,0.00614,4.69455,7.57344,0
403,0.00614,4.69447,7.57344,0
403.1,0.00614,4.69439,7.57344,0
403.2,0.00614,4.69431,7.57176,0
403.3,0.00615,4.69423,7.57344,0
403.4,0.00615,4.69414,7.57176,0
403.5,0.00615,4.69406,7.57176,0
403.6,0.00615,4.69398,7.57344,0
403.7,0.00615,4.6939,7.57344,0
403.8,0.00615,4.69381,7.57344,0
403.9,0.00616,4.69373,7.57176,0
404,0.00616,4.69365,7.57344,0
404.1,0.00616,4.69357,7.57344,0
404.2,0.00616,4.69349,7.57176,0
404.3,0.00616,4.69341,7.57344,0
404.4,0.00616,4.69333,7.57344,0
404.5,0.00617,4.69324,7.57176,0
404.6,0.00617,4.69316,7.57344,0
404.7,0.00617,4.69308,7.57176,0
404.8,0.00617,4.693,7.57176,0
404.9,0.00617,4.69292,7.57344,0
405,0.00618,4.69284,7.57344,0
405.1,0.00618,4.69276,7.57176,0
405.2,0.00618,4.69268,7.57344,0
405.3,0.00618,4.6926,7.57344,0
405.4,0.00618,4.69252,7.57344,0
405.5,0.00618,4.69245,7.57176,0
405.6,0.00619,4.69237,7.57344,0
405.7,0.00619,4.69229,7.57344,0
405.8,0.00619,4.69221,7.57344,0
405.9,0.00619,4.69213,7.57344,0
406,0.00619,4.69205,7.57176,0
406.1,0.0062,4.69197,7.57176,0
406.2,0.0062,4.6919,7.57176,0
406.3,0.0062,4.69182,7.57344,0
406.4,0.0062,4.69174,7.57344,0
406.5,0.0062,4.69166,7.57344,0
406.6,0.0062,4.69159,7.57176,0
406.7,0.00621,4.69151,7.57176,0
406.8,0.00621,4.69143,7.57344,0
406.9,0.00621,4.69136,7.57176,0
407,0.00621,4.69128,7.57344,0
407.1,0.00621,4.69121,7.57176,0
407.2,0.00622,4.69113,7.57344,0
407.3,0.00622,4.69106,7.57176,0
407.4,0.00622,4.69099,7.57344,0
407.5,0.00622,4.69091,7.57176,0
407.6,0.00622,4.69084,7.57344,0
407.7,0.00623,4.69077,7.57344,0
407.8,0.00623,4.69069,7.57176,0
407.9,0.00623,4.69062,7.57176,0
408,0.00623,4.69055,7.57176,0
408.1,0.00623,4.69047,7.57344,0
408.2,0.00623,4.6904,7.57176,0
408.3,0.00624,4.69033,7.57176,0
408.4,0.00624,4.69025,7.57176,0
408.5,0.00624,4.69018,7.57176,0
408.6,0.00624,4.69011,7.57176,0
408.7,0.00624,4.69003,7.57344,0
408.8,0.00625,4.68996,7.57176,0
408.9,0.00625,4.68989,7.57176,0
409,0.00625,4.68981,7.57176,0
409.1,0.00625,4.68974,7.57344,0
409.2,0.00625,4.68966,7.57176,0
409.3,0.00626,4.68959,7.57176,0
409.4,0.00626,4.68952,7.57344,0
409.5,0.00626,4.68945,7.57176,0
409.6,0.00626,4.68937,7.57176,0
409.7,0.00626,4.6893,7.57344,0
409.8,0.00627,4.68923,7.57344,0
409.9,0.00627,4.68916,7.57344,0
410,0.00627,4.68909,7.57344,0
410.1,0.00627,4.68902,7.57344,0
410.2,0.00627,4.68895,7.57344,0
410.3,0.00627,4.68888,7.57344,0
410.4,0.00628,4.68881,7.57344,0
410.5,0.00628,4.68875,7.57344,0
410.6,0.00628,4.68868,7.57344,0
410.7,0.00628,4.68861,7.57176,0
410.8,0.00628,4.68854,7.57344,0
410.9,0.00629,4.68847,7.57344,0
411,0.00629,4.68841,7.57344,0
411.1,0.00629,4.68834,7.57344,0
411.2,0.00629,4.68827,7.57344,0
411.3,0.00629,4.6882,7.57176,0
411.4,0.0063,4.68814,7.57344,0
411.5,0.0063,4.68807,7.57344,0
411.6,0.0063,4.688,7.57344,0
411.7,0.0063,4.68793,7.57176,0
411.8,0.0063,4.68787,7.57344,0
411.9,0.00631,4.6878,7.57344,0
412,0.00631,4.68773,7.57344,0
412.1,0.00631,4.68766,7.57344,0
412.2,0.00631,4.6876,7.57344,0
412.3,0.00631,4.68753,7.57344,0
412.4,0.00631,4.68746,7.57344,0
412.5,0.00632,4.68739,7.57344,0
412.6,0.00632,4.68733,7.57176,0
412.7,0.00632,4.68726,7.57344,0
412.8,0.00632,4.68719,7.57344,0
412.9,0.00632,4.68713,7.57344,0
413,0.00633,4.68706,7.57344,0
413.1,0.00633,4.687,7.57344,0
413.2,0.00633,4.68693,7.57344,0
413.3,0.00633,4.68686,7.57344,0
413.4,0.00633,4.6868,7.57344,0
413.5,0.00634,4.68673,7.57344,0
413.6,0.00634,4.68667,7.57344,0
413.7,0.00634,4.68661,7.57344,0
413.8,0.00634,4.68654,7.57344,0
413.9,0.00634,4.68648,7.57344,0
414,0.00635,4.68642,7.57344,0
414.1,0.00635,4.68635,7.57344,0
414.2,0.00635,4.68629,7.57344,0
414.3,0.00635,4.68622,7.57344,0
414.4,0.00636,4.68616,7.57176,0
414.5,0.00636,4.6861,7.57344,0
414.6,0.00636,4.68603,7.57344,0
414.7,0.00636,4.68597,7.57344,0
414.8,0.00636,4.68591,7.57176,0
414.9,0.00637,4.68584,7.57176,0
415,0.00637,4.68578,7.57344,0
415.1,0.00637,4.68571,7.57176,0
415.2,0.00637,4.68565,7.57344,0
415.3,0.00637,4.68558,7.57344,0
415.4,0.00638,4.68552,7.57176,0
415.5,0.00638,4.68545,7.57344,0
415.6,0.00638,4.68539,7.57344,0
415.7,0.00638,4.68532,7.57344,0
415.8,0.00639,4.68526,7.57344,0
415.9,0.00639,4.6852,7.57344,0
416,0.00639,4.68513,7.57344,0
416.1,0.00639,4.68507,7.57344,0
416.2,0.00639,4.685,7.57344,0
416.3,0.0064,4.68494,7.57344,0
416.4,0.0064,4.68488,7.57344,0
416.5,0.0064,4.68481,7.57176,0
416.6,0.0064,4.68475,7.57344,0
416.7,0.0064,4.68469,7.57344,0
416.8,0.00641,4.68463,7.57176,0
416.9,0.00641,4.68456,7.57344,0
417,0.00641,4.6845,7.57344,0
417.1,0.00641,4.68444,7.57344,0
417.2,0.00641,4.68438,7.57344,0
417.3,0.00642,4.68431,7.57344,0
417.4,0.00642,4.68425,7.57344,0
417.5,0.00642,4.68419,7.57344,0
417.6,0.00642,4.68412,7.57344,0
417.7,0.00643,4.68406,7.57344,0
417.8,0.00643,4.68399,7.57176,0
417.9,0.00643,4.68393,7.57344,0
418,0.00643,4.68387,7.57344,0
418.1,0.00643,4.6838,7.57344,0
418.2,0.00644,4.68374,7.57176,0
418.3,0.00644,4.68368,7.57176,0
418.4,0.00644,4.68361,7.57176,0
418.5,0.00644,4.68355,7.57344,0
418.6,0.00644,4.68349,7.57344,0
418.7,0.00645,4.68343,7.57344,0
418.8,0.00645,4.68337,7.57176,0
418.9,0.00645,4.68331,7.57176,0
419,0.00645,4.68325,7.57176,0
419.1,0.00645,4.68319,7.57344,0
419.2,0.00646,4.68313,7.57344,0
419.3,0.00646,4.68307,7.57344,0
419.4,0.00646,4.68302,7.57176,0
419.5,0.00646,4.68296,7.57176,0
419.6,0.00646,4.6829,7.57176,0
419.7,0.00647,4.68284,7.57176,0
419.8,0.00647,4.68279,7.57176,0
419.9,0.00647,4.68273,7.57176,0
420,0.00647,4.68267,7.57176,0
420.1,0.00647,4.68262,7.57344,0
420.2,0.00647,4.68256,7.57344,0
420.3,0.00648,4.6825,7.57176,0
420.4,0.00648,4.68245,7.57344,0
420.5,0.00648,4.68239,7.57344,0
420.6,0.00648,4.68234,7.57344,0
420.7,0.00648,4.68228,7.57344,0
420.8,0.00649,4.68223,7.57344,0
420.9,0.00649,4.68217,7.57344,0
421,0.00649,4.68212,7.57176,0
421.1,0.00649,4.68206,7.57176,0
421.2,0.00649,4.682,7.57176,0
421.3,0.0065,4.68195,7.57176,0
421.4,0.0065,4.68189,7.57344,0
421.5,0.0065,4.68183,7.57176,0
421.6,0.0065,4.68178,7.57176,0
421.7,0.0065,4.68172,7.57176,0
421.8,0.0065,4.68167,7.57176,0
421.9,0.00651,4.68161,7.57344,0
422,0.00651,4.68156,7.57176,0
422.1,0.00651,4.6815,7.57176,0
422.2,0.00651,4.68145,7.57176,0
422.3,0.00651,4.68139,7.57176,0
422.4,0.00652,4.68134,7.57176,0
422.5,0.00652,4.68128,7.57176,0
422.6,0.00652,4.68123,7.57176,0
422.7,0.00652,4.68118,7.57176,0
422.8,0.00652,4.68113,7.57176,0
422.9,0.00652,4.68107,7.57176,0
423,0.00653,4.68102,7.57176,0
423.1,0.00653,4.68097,7.57176,0
423.2,0.00653,4.68092,7.57176,0
423.3,0.00653,4.68086,7.57176,0
423.4,0.00653,4.68081,7.57176,0
423.5,0.00653,4.68076,7.57176,0
423.6,0.00654,4.68071,7.57176,0
423.7,0.00654,4.68066,7.57176,0
423.8,0.00654,4.6806,7.57176,0
423.9,0.00654,4.68055,7.57176,0
424,0.00654,4.6805,7.57344,0
424.1,0.00654,4.68045,7.57176,0
424.2,0.00654,4.6804,7.57176,0
424.3,0.00655,4.68034,7.57176,0
424.4,0.00655,4.68029,7.57176,0
424.5,0.00655,4.68024,7.57176,0
424.6,0.00655,4.68019,7.57176,0
424.7,0.00655,4.68014,7.57176,0
424.8,0.00655,4.68009,7.57176,0
424.9,0.00656,4.68004,7.57176,0
425,0.00656,4.67998,7.57176,0
425.1,0.00656,4.67993,7.57176,0
425.2,0.00656,4.67988,7.57176,0
425.3,0.00656,4.67982,7.57176,0
425.4,0.00656,4.67977,7.57176,0
425.5,0.00657,4.67972,7.57176,0
425.6,0.00657,4.67967,7.57176,0
425.7,0.00657,4.67962,7.57176,0
425.8,0.00657,4.67957,7.57176,0
425.9,0.00657,4.67952,7.57176,0
426,0.00657,4.67947,7.57176,0
426.1,0.00657,4.67942,7.57176,0
426.2,0.00658,4.67937,7.57176,0
426.3,0.00658,4.67932,7.57176,0
426.4,0.00658,4.67927,7.57176,0
426.5,0.00658,4.67923,7.57176,0
426.6,0.00658,4.67918,7.57176,0
426.7,0.00658,4.67913,7.57344,0
426.8,0.00658,4.67908,7.57176,0
426.9,0.00659,4.67904,7.57176,0
427,0.00659,4.67899,7.57176,0
427.1,0.00659,4.67894,7.57176,0
427.2,0.00659,4.67889,7.57176,0
427.3,0.00659,4.67885,7.57176,0
427.4,0.00659,4.6788,7.57176,0
427.5,0.00659,4.67875,7.57344,0
427.6,0.00659,4.6787,7.57344,0
427.7,0.0066,4.67866,7.57176,0
427.8,0.0066,4.67861,7.57176,0
427.9,0.0066,4.67856,7.57176,0
428,0.0066,4.67852,7.57344,0
428.1,0.0066,4.67847,7.57344,0
428.2,0.0066,4.67842,7.57344,0
428.3,0.0066,4.67838,7.57176,0
428.4,0.0066,4.67834,7.57344,0
428.5,0.00661,4.67829,7.57344,0
428.6,0.00661,4.67825,7.57344,0
428.7,0.00661,4.67821,7.57344,0
428.8,0.00661,4.67816,7.57176,0
428.9,0.00661,4.67812,7.57344,0
429,0.00661,4.67808,7.57344,0
429.1,0.00661,4.67803,7.57344,0
429.2,0.00661,4.67799,7.57344,0
429.3,0.00662,4.67794,7.57176,0
429.4,0.00662,4.6779,7.57344,0
429.5,0.00662,4.67785,7.57344,0
429.6,0.00662,4.67781,7.57344,0
429.7,0.00662,4.67776,7.57344,0
429.8,0.00662,4.67772,7.57344,0
429.9,0.00662,4.67768,7.57344,0
430,0.00662,4.67763,7.57176,0
430.1,0.00662,4.67759,7.57344,0
430.2,0.00663,4.67755,7.57344,0
430.3,0.00663,4.6775,7.57176,0
430.4,0.00663,4.67746,7.57176,0
430.5,0.00663,4.67742,7.57176,0
430.6,0.00663,4.67738,7.57344,0
430.7,0.00663,4.67734,7.57344,0
430.8,0.00663,4.67729,7.57176,0
430.9,0.00663,4.67725,7.57176,0
431,0.00663,4.67721,7.57344,0
431.1,0.00663,4.67717,7.57344,0
431.2,0.00663,4.67713,7.57344,0
431.3,0.00664,4.67709,7.57344,0
431.4,0.00664,4.67704,7.57176,0
431.5,0.00664,4.677,7.57176,0
431.6,0.00664,4.67696,7.57176,0
431.7,0.00664,4.67692,7.57176,0
431.8,0.00664,4.67688,7.57176,0
431.9,0.00664,4.67683,7.57176,0
432,0.00664,4.67679,7.57176,0
432.1,0.00664,4.67675,7.57344,0
432.2,0.00664,4.6767,7.57176,0
432.3,0.00664,4.67666,7.57176,0
432.4,0.00664,4.67661,7.57176,0
432.5,0.00665,4.67657,7.57176,0
432.6,0.00665,4.67653,7.57344,0
432.7,0.00665,4.67648,7.57344,0
432.8,0.00665,4.67644,7.57344,0
432.9,0.00665,4.6764,7.57176,0
433,0.00665,4.67635,7.57344,0
433.1,0.00665,4.67631,7.57176,0
433.2,0.00665,4.67626,7.57176,0
433.3,0.00665,4.67622,7.57176,0
433.4,0.00665,4.67617,7.57176,0
433.5,0.00665,4.67613,7.57344,0
433.6,0.00665,4.67608,7.57344,0
433.7,0.00665,4.67604,7.57344,0
433.8,0.00665,4.676,7.57176,0
433.9,0.00665,4.67595,7.57176,0
434,0.00665,4.67591,7.57176,0
434.1,0.00666,4.67586,7.57176,0
434.2,0.00666,4.67582,7.57176,0
434.3,0.00666,4.67577,7.57176,0
434.4,0.00666,4.67573,7.57176,0
434.5,0.00666,4.67569,7.57176,0
434.6,0.00666,4.67564,7.57176,0
434.7,0.00666,4.6756,7.57176,0
434.8,0.00666,4.67556,7.57176,0
434.9,0.00666,4.67551,7.57344,0
435,0.00666,4.67547,7.57176,0
435.1,0.00666,4.67543,7.57176,0
435.2,0.00666,4.67538,7.57176,0
435.3,0.00666,4.67534,7.57176,0
435.4,0.00666,4.6753,7.57176,0
435.5,0.00666,4.67525,7.57176,0
435.6,0.00666,4.67521,7.57176,0
435.7,0.00666,4.67517,7.57344,0
435.8,0.00666,4.67512,7.57344,0
435.9,0.00666,4.67508,7.57344,0
436,0.00666,4.67504,7.57176,0
436.1,0.00666,4.675,7.57344,0
436.2,0.00667,4.67495,7.57176,0
436.3,0.00667,4.67491,7.57344,0
436.4,0.00667,4.67487,7.57344,0
436.5,0.00667,4.67482,7.57176,0
436.6,0.00667,4.67478,7.57176,0
436.7,0.00667,4.67474,7.57176,0
436.8,0.00667,4.6747,7.57176,0
436.9,0.00667,4.67465,7.57176,0
437,0.00667,4.67461,7.57176,0
437.1,0.00667,4.67457,7.57176,0
437.2,0.00667,4.67452,7.57344,0
437.3,0.00667,4.67448,7.57344,0
437.4,0.00667,4.67443,7.57176,0
437.5,0.00667,4.67439,7.57176,0
437.6,0.00667,4.67434,7.57176,0
437.7,0.00667,4.6743,7.57344,0
437.8,0.00667,4.67426,7.57176,0
437.9,0.00667,4.67421,7.57176,0
438,0.00667,4.67416,7.57176,0
438.1,0.00667,4.67412,7.57344,0
438.2,0.00667,4.67408,7.57344,0
438.3,0.00667,4.67403,7.57344,0
438.4,0.00667,4.67399,7.57176,0
438.5,0.00667,4.67394,7.57176,0
438.6,0.00667,4.6739,7.57344,0
438.7,0.00667,4.67385,7.57344,0
438.8,0.00667,4.67381,7.57344,0
438.9,0.00667,4.67377,7.57344,0
439,0.00667,4.67373,7.57176,0
439.1,0.00667,4.67368,7.57176,0
439.2,0.00667,4.67364,7.57176,0
439.3,0.00667,4.6736,7.57176,0
439.4,0.00667,4.67355,7.57344,0
439.5,0.00667,4.67351,7.57344,0
439.6,0.00667,4.67347,7.57344,0
439.7,0.00667,4.67342,7.57176,0
439.8,0.00667,4.67338,7.57344,0
439.9,0.00667,4.67334,7.57344,0
440,0.00667,4.67329,7.57176,0
440.1,0.00667,4.67325,7.57176,0
440.2,0.00667,4.67321,7.57344,0
440.3,0.00667,4.67316,7.57176,0
440.4,0.00667,4.67312,7.57344,0
440.5,0.00667,4.67308,7.57344,0
440.6,0.00667,4.67304,7.57344,0
440.7,0.00667,4.673,7.57176,0
440.8,0.00667,4.67296,7.57176,0
440.9,0.00667,4.67291,7.57344,0
441,0.00667,4.67287,7.57344,0
441.1,0.00667,4.67283,7.57344,0
441.2,0.00667,4.67279,7.57176,0
441.3,0.00667,4.67275,7.57176,0
441.4,0.00667,4.67271,7.57344,0
441.5,0.00667,4.67268,7.57344,0
441.6,0.00667,4.67264,7.57344,0
441.7,0.00666,4.6726,7.57176,0
441.8,0.00666,4.67256,7.57176,0
441.9,0.00666,4.67253,7.57344,0
442,0.00666,4.67249,7.57344,0
442.1,0.00666,4.67246,7.57344,0
442.2,0.00666,4.67242,7.57176,0
442.3,0.00666,4.67239,7.57344,0
442.4,0.00666,4.67236,7.57344,0
442.5,0.00666,4.67232,7.57344,0
442.6,0.00666,4.67229,7.57344,0
442.7,0.00666,4.67226,7.57344,0
442.8,0.00666,4.67222,7.57176,0
442.9,0.00666,4.67219,7.57176,0
443,0.00666,4.67216,7.57176,0
443.1,0.00666,4.67213,7.57176,0
443.2,0.00665,4.67209,7.57176,0
443.3,0.00665,4.67206,7.57176,0
443.4,0.00665,4.67203,7.57344,0
443.5,0.00665,4.672,7.57344,0
443.6,0.00665,4.67197,7.57176,0
443.7,0.00665,4.67193,7.57176,0
443.8,0.00665,4.6719,7.57176,0
443.9,0.00665,4.67187,7.57344,0
444,0.00665,4.67183,7.57176,0
444.1,0.00665,4.6718,7.57344,0
444.2,0.00664,4.67176,7.57344,0
444.3,0.00664,4.67173,7.57176,0
444.4,0.00664,4.67169,7.57344,0
444.5,0.00664,4.67165,7.57344,0
444.6,0.00664,4.67162,7.57176,0
444.7,0.00664,4.67158,7.57344,0
444.8,0.00664,4.67155,7.57176,0
444.9,0.00663,4.67151,7.57344,0
445,0.00663,4.67147,7.57176,0
445.1,0.00663,4.67144,7.57344,0
445.2,0.00663,4.6714,7.57176,0
445.3,0.00663,4.67137,7.57344,0
445.4,0.00663,4.67133,7.57176,0
445.5,0.00663,4.67129,7.57176,0
445.6,0.00662,4.67126,7.57176,0
445.7,0.00662,4.67122,7.57176,0
445.8,0.00662,4.67118,7.57176,0
445.9,0.00662,4.67115,7.57176,0
446,0.00662,4.67111,7.57176,0
446.1,0.00662,4.67108,7.57176,0
446.2,0.00662,4.67104,7.57344,0
446.3,0.00662,4.67101,7.57344,0
446.4,0.00662,4.67097,7.57176,0
446.5,0.00662,4.67094,7.57176,0
446.6,0.00661,4.67091,7.57344,0
446.7,0.00661,4.67088,7.57176,0
446.8,0.00661,4.67084,7.57176,0
446.9,0.00661,4.67081,7.57344,0
447,0.00661,4.67078,7.57344,0
447.1,0.00661,4.67075,7.57344,0
447.2,0.00661,4.67071,7.57176,0
447.3,0.00661,4.67068,7.57176,0
447.4,0.00661,4.67065,7.57344,0
447.5,0.00661,4.67062,7.57176,0
447.6,0.00661,4.67058,7.57176,0
447.7,0.00661,4.67055,7.57176,0
447.8,0.00661,4.67052,7.57344,0
447.9,0.00661,4.67049,7.57344,0
448,0.00661,4.67045,7.57344,0
448.1,0.00661,4.67042,7.57344,0
448.2,0.00661,4.67039,7.57344,0
448.3,0.00661,4.67036,7.57344,0
448.4,0.00661,4.67033,7.57176,0
448.5,0.00661,4.6703,7.57344,0
448.6,0.00661,4.67027,7.57344,0
448.7,0.00661,4.67024,7.57344,0
448.8,0.00662,4.67021,7.57176,0
448.9,0.00662,4.67018,7.57344,0
449,0.00662,4.67015,7.57344,0
449.1,0.00662,4.67012,7.57344,0
449.2,0.00662,4.67009,7.57344,0
449.3,0.00662,4.67006,7.57344,0
449.4,0.00662,4.67003,7.57344,0
449.5,0.00662,4.67,7.57344,0
449.6,0.00662,4.66997,7.57344,0
449.7,0.00662,4.66994,7.57176,0
449.8,0.00662,4.66991,7.57344,0
449.9,0.00662,4.66988,7.57344,0
450,0.00663,4.66985,7.57344,0
450.1,0.00663,4.66982,7.57344,0
450.2,0.00663,4.66979,7.57176,0
450.3,0.00663,4.66976,7.57344,0
450.4,0.00663,4.66973,7.57344,0
450.5,0.00663,4.6697,7.57344,0
450.6,0.00663,4.66967,7.57176,0
450.7,0.00663,4.66965,7.57344,0
450.8,0.00663,4.66962,7.57344,0
450.9,0.00663,4.66959,7.57344,0
451,0.00663,4.66956,7.57344,0
451.1,0.00663,4.66953,7.57176,0
451.2,0.00663,4.66951,7.57176,0
451.3,0.00663,4.66948,7.57176,0
451.4,0.00664,4.66945,7.57176,0
451.5,0.00664,4.66943,7.57344,0
451.6,0.00664,4.6694,7.57344,0
451.7,0.00664,4.66937,7.57176,0
451.8,0.00664,4.66935,7.57344,0
451.9,0.00664,4.66932,7.57344,0
452,0.00664,4.66929,7.57344,0
452.1,0.00664,4.66927,7.57176,0
452.2,0.00664,4.66924,7.57176,0
452.3,0.00664,4.66922,7.57344,0
452.4,0.00664,4.66919,7.57344,0
452.5,0.00664,4.66916,7.57344,0
452.6,0.00664,4.66914,7.57344,0
452.7,0.00664,4.66911,7.57344,0
452.8,0.00664,4.66909,7.57344,0
452.9,0.00664,4.66906,7.57176,0
453,0.00665,4.66903,7.57176,0
453.1,0.00665,4.66901,7.57344,0
453.2,0.00665,4.66898,7.57344,0
453.3,0.00665,4.66896,7.57344,0
453.4,0.00665,4.66893,7.57344,0
453.5,0.00665,4.66891,7.57344,0
453.6,0.00665,4.66889,7.57344,0
453.7,0.00665,4.66886,7.57176,0
453.8,0.00665,4.66884,7.57344,0
453.9,0.00665,4.66882,7.57344,0
454,0.00665,4.6688,7.57344,0
454.1,0.00665,4.66877,7.57344,0
454.2,0.00665,4.66875,7.57344,0
454.3,0.00665,4.66873,7.57176,0
454.4,0.00665,4.66871,7.57344,0
454.5,0.00666,4.66869,7.57344,0
454.6,0.00666,4.66867,7.57344,0
454.7,0.00666,4.66865,7.57176,0
454.8,0.00666,4.66863,7.57344,0
454.9,0.00666,4.66861,7.57344,0
455,0.00666,4.66859,7.57344,0
455.1,0.00666,4.66857,7.57344,0
455.2,0.00666,4.66855,7.57344,0
455.3,0.00666,4.66853,7.57344,0
455.4,0.00666,4.66852,7.57344,0
455.5,0.00666,4.6685,7.57344,0
455.6,0.00666,4.66848,7.57344,0
455.7,0.00666,4.66846,7.57176,0
455.8,0.00666,4.66844,7.57344,0
455.9,0.00666,4.66843,7.57344,0
456,0.00666,4.66841,7.57176,0
456.1,0.00666,4.66839,7.57176,0
456.2,0.00666,4.66837,7.57344,0
456.3,0.00666,4.66835,7.57344,0
456.4,0.00667,4.66834,7.57344,0
456.5,0.00667,4.66832,7.57344,0
456.6,0.00667,4.6683,7.57344,0
456.7,0.00667,4.66828,7.57344,0
456.8,0.00667,4.66826,7.57344,0
456.9,0.00667,4.66825,7.57344,0
457,0.00667,4.66823,7.57344,0
457.1,0.00667,4.66821,7.57344,0
457.2,0.00667,4.6682,7.57344,0
457.3,0.00667,4.66818,7.57344,0
457.4,0.00667,4.66817,7.57344,0
457.5,0.00667,4.66815,7.57344,0
457.6,0.00667,4.66814,7.57344,0
457.7,0.00667,4.66812,7.57344,0
457.8,0.00667,4.66811,7.57344,0
457.9,0.00667,4.6681,7.57344,0
458,0.00667,4.66809,7.57344,0
458.1,0.00667,4.66808,7.57344,0
458.2,0.00668,4.66806,7.57344,0
458.3,0.00668,4.66805,7.57344,0
458.4,0.00668,4.66804,7.57344,0
458.5,0.00668,4.66803,7.57344,0
458.6,0.00668,4.66802,7.57344,0
458.7,0.00668,4.66801,7.57176,0
458.8,0.00668,4.668,7.57344,0
458.9,0.00668,4.66799,7.57344,0
459,0.00668,4.66798,7.57344,0
459.1,0.00668,4.66797,7.57344,0
459.2,0.00668,4.66796,7.57344,0
459.3,0.00668,4.66795,7.57344,0
459.4,0.00668,4.66794,7.57344,0
459.5,0.00668,4.66793,7.57344,0
459.6,0.00668,4.66793,7.57344,0
459.7,0.00668,4.66792,7.57344,0
459.8,0.00668,4.66791,7.57176,0
459.9,0.00668,4.6679,7.57176,0
460,0.00668,4.66789,7.57344,0
460.1,0.00668,4.66789,7.57344,0
460.2,0.00669,4.66788,7.57344,0
460.3,0.00669,4.66787,7.57344,0
460.4,0.00669,4.66786,7.57344,0
460.5,0.00669,4.66786,7.57344,0
460.6,0.00669,4.66785,7.57344,0
460.7,0.00669,4.66784,7.57344,0
460.8,0.00669,4.66783,7.57344,0
460.9,0.00669,4.66782,7.57344,0
461,0.00669,4.66782,7.57344,0
461.1,0.00669,4.66781,7.57344,0
461.2,0.00669,4.6678,7.57344,0
461.3,0.00669,4.6678,7.57344,0
461.4,0.00669,4.66779,7.57344,0
461.5,0.00669,4.66778,7.57344,0
461.6,0.00669,4.66777,7.57344,0
461.7,0.00669,4.66777,7.57344,0
461.8,0.0067,4.66776,7.57344,0
461.9,0.0067,4.66776,7.57344,0
462,0.0067,4.66775,7.57344,0
462.1,0.0067,4.66775,7.57176,0
462.2,0.0067,4.66774,7.57344,0
462.3,0.0067,4.66774,7.57344,0
462.4,0.0067,4.66773,7.57344,0
462.5,0.0067,4.66773,7.57344,0
462.6,0.0067,4.66772,7.57344,0
462.7,0.0067,4.66772,7.57344,0
462.8,0.0067,4.66772,7.57176,0
462.9,0.0067,4.66771,7.57344,0
463,0.0067,4.66771,7.57344,0
463.1,0.0067,4.66771,7.57344,0
463.2,0.0067,4.66771,7.57344,0
463.3,0.0067,4.6677,7.57344,0
463.4,0.00671,4.6677,7.57344,0
463.5,0.00671,4.6677,7.57176,0
463.6,0.00671,4.6677,7.57344,0
463.7,0.00671,4.66769,7.57344,0
463.8,0.00671,4.66769,7.57176,0
463.9,0.00671,4.66769,7.57344,0
464,0.00671,4.66769,7.57344,0
464.1,0.00671,4.66768,7.57176,0
464.2,0.00671,4.66768,7.57344,0
464.3,0.00671,4.66768,7.57344,0
464.4,0.00671,4.66768,7.57344,0
464.5,0.00671,4.66768,7.57344,0
464.6,0.00671,4.66767,7.57176,0
464.7,0.00671,4.66767,7.57344,0
464.8,0.00671,4.66767,7.57344,0
464.9,0.00671,4.66767,7.57344,0
465,0.00671,4.66767,7.57344,0
465.1,0.00671,4.66766,7.57344,0
465.2,0.00671,4.66766,7.57344,0
465.3,0.00671,4.66766,7.57344,0
465.4,0.00671,4.66766,7.57344,0
465.5,0.00671,4.66765,7.57176,0
465.6,0.00671,4.66765,7.57176,0
465.7,0.00672,4.66765,7.57176,0
465.8,0.00672,4.66764,7.57176,0
465.9,0.00672,4.66764,7.57176,0
466,0.00672,4.66764,7.57176,0
466.1,0.00672,4.66763,7.57176,0
466.2,0.00672,4.66763,7.57344,0
466.3,0.00672,4.66762,7.57344,0
466.4,0.00672,4.66762,7.57176,0
466.5,0.00672,4.66762,7.57344,0
466.6,0.00672,4.66761,7.57176,0
466.7,0.00672,4.66761,7.57176,0
466.8,0.00672,4.6676,7.57176,0
466.9,0.00672,4.6676,7.57176,0
467,0.00672,4.6676,7.57176,0
467.1,0.00672,4.66759,7.57176,0
467.2,0.00672,4.66759,7.57176,0
467.3,0.00672,4.66759,7.57344,0
467.4,0.00672,4.66759,7.57344,0
467.5,0.00672,4.66759,7.57344,0
467.6,0.00672,4.66758,7.57176,0
467.7,0.00673,4.66758,7.57176,0
467.8,0.00673,4.66758,7.57344,0
467.9,0.00673,4.66757,7.57176,0
468,0.00673,4.66757,7.57176,0
468.1,0.00673,4.66757,7.57176,0
468.2,0.00673,4.66757,7.57176,0
468.3,0.00673,4.66756,7.57344,0
468.4,0.00673,4.66756,7.57344,0
468.5,0.00673,4.66756,7.57344,0
468.6,0.00673,4.66755,7.57344,0
468.7,0.00673,4.66755,7.57344,0
468.8,0.00673,4.66755,7.57344,0
468.9,0.00673,4.66755,7.57344,0
469,0.00673,4.66755,7.57344,0
469.1,0.00673,4.66754,7.57344,0
469.2,0.00673,4.66754,7.57344,0
469.3,0.00673,4.66754,7.57176,0
469.4,0.00673,4.66754,7.57176,0
469.5,0.00673,4.66754,7.57344,0
469.6,0.00674,4.66754,7.57344,0
469.7,0.00674,4.66754,7.57344,0
469.8,0.00674,4.66754,7.57176,0
469.9,0.00674,4.66754,7.57344,0
470,0.00674,4.66754,7.57344,0
470.1,0.00674,4.66753,7.57344,0
470.2,0.00674,4.66753,7.57176,0
470.3,0.00674,4.66753,7.57176,0
470.4,0.00674,4.66753,7.57344,0
470.5,0.00674,4.66752,7.57176,0
470.6,0.00674,4.66752,7.57344,0
470.7,0.00674,4.66752,7.57176,0
470.8,0.00674,4.66751,7.57344,0
470.9,0.00674,4.66751,7.57344,0
471,0.00674,4.6675,7.57344,0
471.1,0.00674,4.6675,7.57176,0
471.2,0.00674,4.66749,7.57176,0
471.3,0.00674,4.66749,7.57176,0
471.4,0.00674,4.66748,7.57344,0
471.5,0.00675,4.66748,7.57344,0
471.6,0.00675,4.66748,7.57176,0
471.7,0.00675,4.66747,7.57176,0
471.8,0.00675,4.66747,7.57176,0
471.9,0.00675,4.66746,7.57344,0
472,0.00675,4.66746,7.57176,0
472.1,0.00675,4.66746,7.57344,0
472.2,0.00675,4.66746,7.57344,0
472.3,0.00675,4.66745,7.57344,0
472.4,0.00675,4.66745,7.57344,0
472.5,0.00675,4.66745,7.57176,0
472.6,0.00675,4.66745,7.57344,0
472.7,0.00675,4.66745,7.57344,0
472.8,0.00675,4.66745,7.57176,0
472.9,0.00675,4.66744,7.57344,0
473,0.00676,4.66744,7.57344,0
473.1,0.00676,4.66744,7.57344,0
473.2,0.00676,4.66744,7.57344,0
473.3,0.00676,4.66744,7.57344,0
473.4,0.00676,4.66743,7.57344,0
473.5,0.00676,4.66743,7.57344,0
473.6,0.00676,4.66743,7.57344,0
473.7,0.00676,4.66743,7.57344,0
473.8,0.00676,4.66742,7.57344,0
473.9,0.00676,4.66742,7.57176,0
474,0.00676,4.66741,7.57344,0
474.1,0.00676,4.66741,7.57344,0
474.2,0.00676,4.66741,7.57344,0
474.3,0.00676,4.6674,7.57344,0
474.4,0.00676,4.6674,7.57344,0
474.5,0.00676,4.6674,7.57344,0
474.6,0.00676,4.6674,7.57344,0
474.7,0.00676,4.66739,7.57344,0
474.8,0.00677,4.66739,7.57344,0
474.9,0.00677,4.66739,7.57344,0
475,0.00677,4.66738,7.57344,0
475.1,0.00677,4.66738,7.57344,0
475.2,0.00677,4.66738,7.57344,0
475.3,0.00677,4.66738,7.57344,0
475.4,0.00677,4.66738,7.57344,0
475.5,0.00677,4.66737,7.57344,0
475.6,0.00677,4.66737,7.57344,0
475.7,0.00677,4.66737,7.57344,0
475.8,0.00677,4.66737,7.57344,0
475.9,0.00677,4.66737,7.57344,0
476,0.00677,4.66737,7.57344,0
476.1,0.00677,4.66737,7.57344,0
476.2,0.00677,4.66736,7.57344,0
476.3,0.00677,4.66736,7.57344,0
476.4,0.00677,4.66736,7.57344,0
476.5,0.00677,4.66736,7.57344,0
476.6,0.00677,4.66736,7.57344,0
476.7,0.00677,4.66736,7.57344,0
476.8,0.00677,4.66736,7.57344,0
476.9,0.00677,4.66735,7.57344,0
477,0.00677,4.66735,7.57344,0
477.1,0.00677,4.66734,7.57344,0
477.2,0.00677,4.66733,7.57344,0
477.3,0.00677,4.66732,7.57344,0
477.4,0.00677,4.66732,7.57344,0
477.5,0.00677,4.66731,7.57344,0
477.6,0.00677,4.6673,7.57344,0
477.7,0.00677,4.66729,7.57344,0
477.8,0.00677,4.66728,7.57344,0
477.9,0.00678,4.66727,7.57344,0
478,0.00678,4.66726,7.57344,0
478.1,0.00678,4.66725,7.57344,0
478.2,0.00678,4.66724,7.57344,0
478.3,0.00678,4.66722,7.57344,0
478.4,0.00678,4.66721,7.57344,0
478.5,0.00678,4.6672,7.57344,0
478.6,0.00678,4.66718,7.57344,0
478.7,0.00678,4.66716,7.57344,0
478.8,0.00678,4.66715,7.57344,0
478.9,0.00678,4.66713,7.57344,0
479,0.00678,4.66711,7.57344,0
479.1,0.00678,4.66709,7.57344,0
479.2,0.00678,4.66708,7.57344,0
479.3,0.00678,4.66706,7.57344,0
479.4,0.00678,4.66704,7.57344,0
479.5,0.00678,4.66702,7.57344,0
479.6,0.00678,4.667,7.57344,0
479.7,0.00678,4.66698,7.57344,0
479.8,0.00678,4.66696,7.57344,0
479.9,0.00678,4.66694,7.57344,0
480,0.00678,4.66692,7.57344,0
480.1,0.00678,4.6669,7.57344,0
480.2,0.00678,4.66688,7.57344,0
480.3,0.00678,4.66686,7.57344,0
480.4,0.00679,4.66685,7.57344,0
480.5,0.00679,4.66683,7.57344,0
480.6,0.00679,4.66681,7.57344,0
480.7,0.00679,4.66679,7.57344,0
480.8,0.00679,4.66678,7.57344,0
480.9,0.00679,4.66676,7.57344,0
481,0.00679,4.66674,7.57344,0
481.1,0.00679,4.66673,7.57344,0
481.2,0.00679,4.66671,7.57344,0
481.3,0.00679,4.6667,7.57344,0
481.4,0.00679,4.66668,7.57344,0
481.5,0.00679,4.66666,7.57344,0
481.6,0.00679,4.66665,7.57344,0
481.7,0.00679,4.66663,7.57344,0
481.8,0.00679,4.66662,7.57344,0
481.9,0.00679,4.6666,7.57344,0
482,0.00679,4.66658,7.57344,0
482.1,0.00679,4.66657,7.57344,0
482.2,0.00679,4.66655,7.57344,0
482.3,0.00679,4.66653,7.57344,0
482.4,0.00679,4.66651,7.57344,0
482.5,0.00679,4.6665,7.57344,0
482.6,0.00679,4.66648,7.57344,0
482.7,0.00679,4.66647,7.57344,0
482.8,0.00679,4.66645,7.57344,0
482.9,0.00679,4.66644,7.57344,0
483,0.00679,4.66642,7.57344,0
483.1,0.00679,4.66641,7.57344,0
483.2,0.00679,4.66639,7.57344,0
483.3,0.00679,4.66638,7.57344,0
483.4,0.00679,4.66637,7.57344,0
483.5,0.00679,4.66635,7.57344,0
483.6,0.00679,4.66634,7.57344,0
483.7,0.00679,4.66633,7.57344,0
483.8,0.00679,4.66632,7.57176,0
483.9,0.00679,4.6663,7.57344,0
484,0.00679,4.66629,7.57176,0
484.1,0.00679,4.66628,7.57344,0
484.2,0.00679,4.66627,7.57176,0
484.3,0.00679,4.66625,7.57176,0
484.4,0.00679,4.66624,7.57176,0
484.5,0.00679,4.66623,7.57344,0
484.6,0.00679,4.66621,7.57344,0
484.7,0.00679,4.6662,7.57344,0
484.8,0.00679,4.66619,7.57344,0
484.9,0.00679,4.66617,7.57344,0
485,0.00679,4.66616,7.57344,0
485.1,0.00679,4.66614,7.57344,0
485.2,0.00679,4.66613,7.57344,0
485.3,0.00679,4.66612,7.57344,0
485.4,0.00679,4.6661,7.57344,0
485.5,0.00679,4.66609,7.57344,0
485.6,0.00679,4.66607,7.57344,0
485.7,0.00679,4.66606,7.57344,0
485.8,0.00678,4.66604,7.57344,0
485.9,0.00678,4.66603,7.57344,0
486,0.00678,4.66601,7.57344,0
486.1,0.00678,4.666,7.57344,0
486.2,0.00678,4.66599,7.57344,0
486.3,0.00678,4.66597,7.57344,0
486.4,0.00678,4.66596,7.57344,0
486.5,0.00678,4.66594,7.57344,0
486.6,0.00678,4.66593,7.57344,0
486.7,0.00679,4.66592,7.57344,0
486.8,0.00679,4.6659,7.57344,0
486.9,0.00679,4.66589,7.57344,0
487,0.00679,4.66587,7.57344,0
487.1,0.00679,4.66585,7.57344,0
487.2,0.00679,4.66584,7.57344,0
487.3,0.00679,4.66582,7.57344,0
487.4,0.00679,4.6658,7.57344,0
487.5,0.00679,4.66579,7.57344,0
487.6,0.00679,4.66577,7.57344,0
487.7,0.00679,4.66575,7.57344,0
487.8,0.00679,4.66574,7.57344,0
487.9,0.00679,4.66572,7.57176,0
488,0.00679,4.6657,7.57344,0
488.1,0.00679,4.66569,7.57344,0
488.2,0.00679,4.66567,7.57344,0
488.3,0.00679,4.66565,7.57344,0
488.4,0.00679,4.66563,7.57344,0
488.5,0.00679,4.66562,7.57344,0
488.6,0.00679,4.6656,7.57344,0
488.7,0.00679,4.66558,7.57344,0
488.8,0.00679,4.66557,7.57176,0
488.9,0.00679,4.66555,7.57176,0
489,0.00679,4.66553,7.57344,0
489.1,0.00679,4.66552,7.57344,0
489.2,0.00679,4.6655,7.57344,0
489.3,0.00679,4.66549,7.57344,0
489.4,0.00679,4.66547,7.57344,0
489.5,0.00679,4.66545,7.57344,0
489.6,0.00679,4.66544,7.57344,0
489.7,0.00679,4.66542,7.57344,0
489.8,0.00679,4.6654,7.57344,0
489.9,0.00679,4.66539,7.57344,0
490,0.00679,4.66537,7.57344,0
490.1,0.00679,4.66535,7.57344,0
490.2,0.00679,4.66534,7.57344,0
490.3,0.00679,4.66532,7.57344,0
490.4,0.0068,4.66531,7.57344,0
490.5,0.0068,4.66529,7.57344,0
490.6,0.0068,4.66527,7.57344,0
490.7,0.0068,4.66526,7.57344,0
490.8,0.0068,4.66524,7.57344,0
490.9,0.0068,4.66522,7.57344,0
491,0.0068,4.66521,7.57344,0
491.1,0.0068,4.66519,7.57344,0
491.2,0.0068,4.66517,7.57344,0
491.3,0.0068,4.66515,7.57344,0
491.4,0.0068,4.66513,7.57344,0
491.5,0.0068,4.66511,7.57344,0
491.6,0.0068,4.66509,7.57344,0
491.7,0.0068,4.66507,7.57344,0
491.8,0.0068,4.66505,7.57344,0
491.9,0.0068,4.66503,7.57344,0
492,0.0068,4.66501,7.57344,0
492.1,0.0068,4.66499,7.57344,0
492.2,0.0068,4.66497,7.57344,0
492.3,0.0068,4.66495,7.57344,0
492.4,0.0068,4.66493,7.57344,0
492.5,0.0068,4.66491,7.57344,0
492.6,0.0068,4.6649,7.57344,0
492.7,0.0068,4.66488,7.57344,0
492.8,0.0068,4.66486,7.57344,0
492.9,0.0068,4.66484,7.57344,0
493,0.0068,4.66482,7.57344,0
493.1,0.0068,4.6648,7.57344,0
493.2,0.0068,4.66478,7.57344,0
493.3,0.00681,4.66476,7.57344,0
493.4,0.00681,4.66474,7.57344,0
493.5,0.00681,4.66472,7.57344,0
493.6,0.00681,4.6647,7.57344,0
493.7,0.00681,4.66468,7.57344,0
493.8,0.00681,4.66466,7.57344,0
493.9,0.00681,4.66464,7.57344,0
494,0.00681,4.66462,7.57344,0
494.1,0.00681,4.6646,7.57344,0
494.2,0.00681,4.66458,7.57344,0
494.3,0.00681,4.66456,7.57344,0
494.4,0.00681,4.66454,7.57176,0
494.5,0.00681,4.66451,7.57344,0
494.6,0.00681,4.66449,7.57344,0
494.7,0.00681,4.66447,7.57344,0
494.8,0.00681,4.66444,7.57344,0
494.9,0.00681,4.66441,7.57344,0
495,0.00681,4.66439,7.57344,0
495.1,0.00681,4.66436,7.57344,0
495.2,0.00681,4.66434,7.57344,0
495.3,0.00681,4.66431,7.57344,0
495.4,0.00681,4.66429,7.57344,0
495.5,0.00681,4.66426,7.57176,0
495.6,0.00681,4.66423,7.57344,0
495.7,0.00681,4.66421,7.57344,0
495.8,0.00682,4.66418,7.57176,0
495.9,0.00682,4.66416,7.57344,0
496,0.00682,4.66414,7.57344,0
496.1,0.00682,4.66411,7.57344,0
496.2,0.00682,4.66409,7.57344,0
496.3,0.00682,4.66406,7.57344,0
496.4,0.00682,4.66404,7.57344,0
496.5,0.00682,4.66402,7.57344,0
496.6,0.00682,4.66399,7.57344,0
496.7,0.00682,4.66396,7.57344,0
496.8,0.00682,4.66394,7.57344,0
496.9,0.00682,4.66391,7.57344,0
497,0.00682,4.66389,7.57344,0
497.1,0.00682,4.66386,7.57344,0
497.2,0.00682,4.66383,7.57344,0
497.3,0.00682,4.66381,7.57344,0
497.4,0.00682,4.66378,7.57344,0
497.5,0.00682,4.66375,7.57344,0
497.6,0.00682,4.66373,7.57344,0
497.7,0.00682,4.6637,7.57344,0
497.8,0.00682,4.66368,7.57344,0
497.9,0.00682,4.66365,7.57344,0
498,0.00682,4.66362,7.57344,0
498.1,0.00682,4.6636,7.57344,0
498.2,0.00682,4.66357,7.57344,0
498.3,0.00682,4.66354,7.57344,0
498.4,0.00682,4.66351,7.57344,0
498.5,0.00682,4.66349,7.57344,0
498.6,0.00682,4.66346,7.57344,0
498.7,0.00682,4.66343,7.57344,0
498.8,0.00682,4.6634,7.57344,0
498.9,0.00682,4.66337,7.57176,0
499,0.00683,4.66334,7.57344,0
499.1,0.00683,4.66331,7.57344,0
499.2,0.00683,4.66328,7.57344,0
499.3,0.00683,4.66326,7.57344,0
499.4,0.00683,4.66323,7.57344,0
499.5,0.00683,4.6632,7.57344,0
499.6,0.00683,4.66317,7.57344,0
499.7,0.00683,4.66314,7.57344,0
499.8,0.00683,4.66311,7.57344,0
499.9,0.00683,4.66308,7.57344,0
500,0.00683,4.66305,7.57344,0
500.1,0.00683,4.66302,7.57344,0
500.2,0.00683,4.66299,7.57344,0
500.3,0.00683,4.66297,7.57176,0
500.4,0.00683,4.66294,7.57344,0
500.5,0.00683,4.66291,7.57344,0
500.6,0.00683,4.66288,7.57344,0
500.7,0.00683,4.66285,7.57344,0
500.8,0.00683,4.66282,7.57344,0
500.9,0.00683,4.66279,7.57344,0
501,0.00683,4.66276,7.57344,0
501.1,0.00683,4.66273,7.57344,0
501.2,0.00683,4.6627,7.57344,0
501.3,0.00683,4.66267,7.57344,0
501.4,0.00683,4.66264,7.57344,0
501.5,0.00684,4.66261,7.57344,0
501.6,0.00684,4.66258,7.57344,0
501.7,0.00684,4.66255,7.57344,0
501.8,0.00684,4.66252,7.57344,0
501.9,0.00684,4.66248,7.57344,0
502,0.00684,4.66245,7.57344,0
502.1,0.00684,4.66242,7.57344,0
502.2,0.00684,4.66239,7.57344,0
502.3,0.00684,4.66236,7.57176,0
502.4,0.00684,4.66233,7.57344,0
502.5,0.00684,4.66229,7.57176,0
502.6,0.00684,4.66226,7.57344,0
502.7,0.00684,4.66223,7.57344,0
502.8,0.00684,4.6622,7.57176,0
502.9,0.00684,4.66216,7.57344,0
503,0.00684,4.66213,7.57344,0
503.1,0.00684,4.6621,7.57344,0
503.2,0.00684,4.66207,7.57344,0
503.3,0.00684,4.66203,7.57344,0
503.4,0.00684,4.662,7.57176,0
503.5,0.00684,4.66197,7.57176,0
503.6,0.00684,4.66194,7.57344,0
503.7,0.00684,4.66191,7.57344,0
503.8,0.00684,4.66188,7.57344,0
503.9,0.00685,4.66184,7.57344,0
504,0.00685,4.66181,7.57344,0
504.1,0.00685,4.66178,7.57176,0
504.2,0.00685,4.66175,7.57344,0
504.3,0.00685,4.66172,7.57176,0
504.4,0.00685,4.66169,7.57344,0
504.5,0.00685,4.66166,7.57344,0
504.6,0.00685,4.66163,7.57344,0
504.7,0.00685,4.66159,7.57344,0
504.8,0.00685,4.66156,7.57344,0
504.9,0.00685,4.66153,7.57344,0
505,0.00685,4.6615,7.57344,0
505.1,0.00685,4.66147,7.57344,0
505.2,0.00685,4.66143,7.57344,0
505.3,0.00685,4.6614,7.57344,0
505.4,0.00685,4.66137,7.57344,0
505.5,0.00685,4.66134,7.57344,0
505.6,0.00685,4.66131,7.57344,0
505.7,0.00685,4.66128,7.57344,0
505.8,0.00685,4.66125,7.57344,0
505.9,0.00685,4.66121,7.57344,0
506,0.00685,4.66118,7.57344,0
506.1,0.00685,4.66115,7.57344,0
506.2,0.00685,4.66112,7.57344,0
506.3,0.00686,4.66109,7.57344,0
506.4,0.00686,4.66106,7.57344,0
506.5,0.00686,4.66103,7.57344,0
506.6,0.00686,4.661,7.57344,0
506.7,0.00686,4.66097,7.57344,0
506.8,0.00686,4.66094,7.57344,0
506.9,0.00686,4.66091,7.57344,0
507,0.00686,4.66087,7.57344,0
507.1,0.00686,4.66084,7.57344,0
507.2,0.00686,4.66081,7.57344,0
507.3,0.00686,4.66078,7.57344,0
507.4,0.00686,4.66075,7.57344,0
507.5,0.00686,4.66072,7.57344,0
507.6,0.00686,4.66069,7.57344,0
507.7,0.00686,4.66065,7.57344,0
507.8,0.00686,4.66062,7.57344,0
507.9,0.00686,4.66059,7.57344,0
508,0.00686,4.66056,7.57344,0
508.1,0.00686,4.66053,7.57344,0
508.2,0.00686,4.6605,7.57344,0
508.3,0.00686,4.66047,7.57344,0
508.4,0.00686,4.66043,7.57344,0
508.5,0.00686,4.6604,7.57344,0
508.6,0.00687,4.66037,7.57344,0
508.7,0.00687,4.66034,7.57344,0
508.8,0.00687,4.66031,7.57344,0
508.9,0.00687,4.66027,7.57344,0
509,0.00687,4.66024,7.57344,0
509.1,0.00687,4.66021,7.57344,0
509.2,0.00687,4.66017,7.57344,0
509.3,0.00687,4.66014,7.57344,0
509.4,0.00687,4.66011,7.57344,0
509.5,0.00687,4.66007,7.57344,0
509.6,0.00687,4.66004,7.57344,0
509.7,0.00687,4.66,7.57344,0
509.8,0.00687,4.65997,7.57344,0
509.9,0.00687,4.65994,7.57344,0
510,0.00687,4.6599,7.57344,0
510.1,0.00687,4.65987,7.57344,0
510.2,0.00687,4.65984,7.57344,0
510.3,0.00687,4.6598,7.57344,0
510.4,0.00687,4.65977,7.57344,0
510.5,0.00687,4.65973,7.57344,0
510.6,0.00687,4.65969,7.57344,0
510.7,0.00687,4.65966,7.57344,0
510.8,0.00688,4.65962,7.57344,0
510.9,0.00688,4.65959,7.57344,0
511,0.00688,4.65955,7.57344,0
511.1,0.00688,4.65952,7.57344,0
511.2,0.00688,4.65948,7.57344,0
511.3,0.00688,4.65944,7.57344,0
511.4,0.00688,4.65941,7.57344,0
511.5,0.00688,4.65937,7.57344,0
511.6,0.00688,4.65934,7.57344,0
511.7,0.00688,4.6593,7.57344,0
511.8,0.00688,4.65927,7.57344,0
511.9,0.00688,4.65923,7.57344,0
512,0.00688,4.6592,7.57344,0
512.1,0.00688,4.65916,7.57344,0
512.2,0.00688,4.65913,7.57344,0
512.3,0.00688,4.65909,7.57344,0
512.4,0.00688,4.65905,7.57344,0
512.5,0.00688,4.65902,7.57344,0
512.6,0.00688,4.65898,7.57344,0
512.7,0.00688,4.65895,7.57344,0
512.8,0.00688,4.65891,7.57344,0
512.9,0.00688,4.65888,7.57344,0
513,0.00688,4.65884,7.57344,0
513.1,0.00689,4.65881,7.57344,0
513.2,0.00689,4.65877,7.57344,0
513.3,0.00689,4.65874,7.57344,0
513.4,0.00689,4.6587,7.57344,0
513.5,0.00689,4.65867,7.57344,0
513.6,0.00689,4.65863,7.57344,0
513.7,0.00689,4.65859,7.57344,0
513.8,0.00689,4.65856,7.57344,0
513.9,0.00689,4.65852,7.57176,0
514,0.00689,4.65849,7.57344,0
514.1,0.00689,4.65845,7.57344,0
514.2,0.00689,4.65842,7.57344,0
514.3,0.00689,4.65838,7.57344,0
514.4,0.00689,4.65835,7.57344,0
514.5,0.00689,4.65831,7.57344,0
514.6,0.00689,4.65827,7.57344,0
514.7,0.00689,4.65824,7.57344,0
514.8,0.00689,4.6582,7.57344,0
514.9,0.00689,4.65817,7.57344,0
515,0.00689,4.65813,7.57344,0
515.1,0.00689,4.65809,7.57344,0
515.2,0.0069,4.65806,7.57344,0
515.3,0.0069,4.65802,7.57344,0
515.4,0.0069,4.65798,7.57344,0
515.5,0.0069,4.65794,7.57344,0
515.6,0.0069,4.65791,7.57344,0
515.7,0.0069,4.65787,7.57344,0
515.8,0.0069,4.65783,7.57344,0
515.9,0.0069,4.6578,7.57344,0
516,0.0069,4.65776,7.57344,0
516.1,0.0069,4.65772,7.57344,0
516.2,0.0069,4.65769,7.57344,0
516.3,0.0069,4.65765,7.57344,0
516.4,0.0069,4.65761,7.57344,0
516.5,0.0069,4.65758,7.57344,0
516.6,0.0069,4.65754,7.57344,0
516.7,0.0069,4.6575,7.57344,0
516.8,0.0069,4.65746,7.57344,0
516.9,0.0069,4.65742,7.57344,0
517,0.0069,4.65738,7.57344,0
517.1,0.00691,4.65734,7.57344,0
517.2,0.00691,4.6573,7.57344,0
517.3,0.00691,4.65726,7.57344,0
517.4,0.00691,4.65722,7.57344,0
517.5,0.00691,4.65719,7.57344,0
517.6,0.00691,4.65714,7.57344,0
517.7,0.00691,4.6571,7.57344,0
517.8,0.00691,4.65706,7.57344,0
517.9,0.00691,4.65701,7.57344,0
518,0.00691,4.65697,7.57176,0
518.1,0.00691,4.65693,7.57344,0
518.2,0.00691,4.65688,7.57344,0
518.3,0.00691,4.65684,7.57344,0
518.4,0.00691,4.65679,7.57344,0
518.5,0.00691,4.65675,7.57344,0
518.6,0.00691,4.6567,7.57344,0
518.7,0.00691,4.65666,7.57344,0
518.8,0.00692,4.65661,7.57344,0
518.9,0.00692,4.65657,7.57344,0
519,0.00692,4.65653,7.57344,0
519.1,0.00692,4.65648,7.57344,0
519.2,0.00692,4.65644,7.57344,0
519.3,0.00692,4.6564,7.57344,0
519.4,0.00692,4.65635,7.57344,0
519.5,0.00692,4.65631,7.57344,0
519.6,0.00692,4.65627,7.57344,0
519.7,0.00692,4.65622,7.57344,0
519.8,0.00692,4.65618,7.57344,0
519.9,0.00692,4.65614,7.57344,0
520,0.00692,4.65609,7.57344,0
520.1,0.00692,4.65605,7.57344,0
520.2,0.00692,4.65601,7.57344,0
520.3,0.00692,4.65597,7.57344,0
520.4,0.00693,4.65592,7.57344,0
520.5,0.00693,4.65588,7.57344,0
520.6,0.00693,4.65584,7.57344,0
520.7,0.00693,4.6558,7.57344,0
520.8,0.00693,4.65576,7.57344,0
520.9,0.00693,4.65572,7.57344,0
521,0.00693,4.65569,7.57344,0
521.1,0.00693,4.65565,7.57344,0
521.2,0.00693,4.65561,7.57344,0
521.3,0.00693,4.65557,7.57344,0
521.4,0.00693,4.65553,7.57344,0
521.5,0.00693,4.65549,7.57344,0
521.6,0.00693,4.65546,7.57344,0
521.7,0.00693,4.65542,7.57344,0
521.8,0.00693,4.65538,7.57344,0
521.9,0.00693,4.65534,7.57344,0
522,0.00693,4.65531,7.57344,0
522.1,0.00693,4.65527,7.57344,0
522.2,0.00694,4.65523,7.57344,0
522.3,0.00694,4.6552,7.57344,0
522.4,0.00694,4.65516,7.57344,0
522.5,0.00694,4.65512,7.57344,0
522.6,0.00694,4.65508,7.57344,0
522.7,0.00694,4.65505,7.57344,0
522.8,0.00694,4.65501,7.57344,0
522.9,0.00694,4.65498,7.57344,0
523,0.00694,4.65494,7.57344,0
523.1,0.00694,4.65491,7.57344,0
523.2,0.00694,4.65487,7.57176,0
523.3,0.00694,4.65484,7.57176,0
523.4,0.00694,4.6548,7.57344,0
523.5,0.00694,4.65477,7.57344,0
523.6,0.00694,4.65473,7.57344,0
523.7,0.00694,4.6547,7.57344,0
523.8,0.00694,4.65466,7.57344,0
523.9,0.00694,4.65463,7.57344,0
524,0.00694,4.65459,7.57344,0
524.1,0.00694,4.65456,7.57344,0
524.2,0.00695,4.65452,7.57344,0
524.3,0.00695,4.65448,7.57176,0
524.4,0.00695,4.65445,7.57344,0
524.5,0.00695,4.65441,7.57344,0
524.6,0.00695,4.65438,7.57344,0
524.7,0.00695,4.65434,7.57344,0
524.8,0.00695,4.65431,7.57344,0
524.9,0.00695,4.65427,7.57344,0
525,0.00695,4.65424,7.57344,0
525.1,0.00695,4.6542,7.57344,0
525.2,0.00695,4.65417,7.57344,0
525.3,0.00695,4.65413,7.57344,0
525.4,0.00695,4.6541,7.57344,0
525.5,0.00695,4.65406,7.57344,0
525.6,0.00695,4.65403,7.57344,0
525.7,0.00695,4.65399,7.57344,0
525.8,0.00695,4.65396,7.57344,0
525.9,0.00696,4.65392,7.57344,0
526,0.00696,4.65389,7.57344,0
526.1,0.00696,4.65385,7.57344,0
526.2,0.00696,4.65382,7.57344,0
526.3,0.00696,4.65378,7.57344,0
526.4,0.00696,4.65375,7.57344,0
526.5,0.00696,4.65371,7.57344,0
526.6,0.00696,4.65368,7.57344,0
526.7,0.00696,4.65364,7.57344,0
526.8,0.00696,4.6536,7.57344,0
526.9,0.00696,4.65357,7.57344,0
527,0.00696,4.65353,7.57344,0
527.1,0.00696,4.65349,7.57344,0
527.2,0.00697,4.65346,7.57344,0
527.3,0.00697,4.65342,7.57344,0
527.4,0.00697,4.65338,7.57344,0
527.5,0.00697,4.65334,7.57344,0
527.6,0.00697,4.6533,7.57344,0
527.7,0.00697,4.65326,7.57344,0
527.8,0.00697,4.65322,7.57344,0
527.9,0.00697,4.65319,7.57344,0
528,0.00697,4.65315,7.57344,0
528.1,0.00697,4.65311,7.57344,0
528.2,0.00697,4.65307,7.57344,0
528.3,0.00698,4.65304,7.57344,0
528.4,0.00698,4.653,7.57344,0
528.5,0.00698,4.65296,7.57344,0
528.6,0.00698,4.65292,7.57344,0
528.7,0.00698,4.65289,7.57344,0
528.8,0.00698,4.65285,7.57344,0
528.9,0.00698,4.65281,7.57344,0
529,0.00698,4.65277,7.57344,0
529.1,0.00698,4.65274,7.57344,0
529.2,0.00698,4.6527,7.57344,0
529.3,0.00698,4.65266,7.57344,0
529.4,0.00698,4.65263,7.57344,0
529.5,0.00698,4.65259,7.57344,0
529.6,0.00699,4.65255,7.57344,0
529.7,0.00699,4.65252,7.57344,0
529.8,0.00699,4.65248,7.57344,0
529.9,0.00699,4.65244,7.57344,0
530,0.00699,4.65241,7.57344,0
530.1,0.00699,4.65237,7.57344,0
530.2,0.00699,4.65233,7.57344,0
530.3,0.00699,4.65229,7.57344,0
530.4,0.00699,4.65226,7.57344,0
530.5,0.00699,4.65222,7.57344,0
530.6,0.00699,4.65218,7.57344,0
530.7,0.00699,4.65215,7.57344,0
530.8,0.00699,4.65211,7.57344,0
530.9,0.007,4.65207,7.57344,0
531,0.007,4.65203,7.57344,0
531.1,0.007,4.652,7.57344,0
531.2,0.007,4.65196,7.57344,0
531.3,0.007,4.65192,7.57344,0
531.4,0.007,4.65189,7.57344,0
531.5,0.007,4.65185,7.57344,0
531.6,0.007,4.65181,7.57344,0
531.7,0.007,4.65177,7.57344,0
531.8,0.007,4.65174,7.57344,0
531.9,0.007,4.6517,7.57344,0
532,0.007,4.65166,7.57344,0
532.1,0.007,4.65163,7.57344,0
532.2,0.007,4.65159,7.57176,0
532.3,0.007,4.65156,7.57344,0
532.4,0.007,4.65152,7.57344,0
532.5,0.007,4.65149,7.57176,0
532.6,0.00701,4.65145,7.57344,0
532.7,0.00701,4.65141,7.57344,0
532.8,0.00701,4.65138,7.57344,0
532.9,0.00701,4.65134,7.57344,0
533,0.00701,4.65131,7.57344,0
533.1,0.00701,4.65127,7.57344,0
533.2,0.00701,4.65123,7.57344,0
533.3,0.00701,4.6512,7.57344,0
533.4,0.00701,4.65116,7.57176,0
533.5,0.00701,4.65112,7.57344,0
533.6,0.00701,4.65109,7.57344,0
533.7,0.00701,4.65105,7.57344,0
533.8,0.00701,4.65101,7.57344,0
533.9,0.00701,4.65098,7.57344,0
534,0.00701,4.65094,7.57344,0
534.1,0.00701,4.6509,7.57176,0
534.2,0.00701,4.65087,7.57176,0
534.3,0.00701,4.65083,7.57344,0
534.4,0.00701,4.6508,7.57344,0
534.5,0.00701,4.65076,7.57344,0
534.6,0.00701,4.65073,7.57344,0
534.7,0.00701,4.65069,7.57344,0
534.8,0.00701,4.65065,7.57344,0
534.9,0.00702,4.65062,7.57344,0
535,0.00702,4.65058,7.57344,0
535.1,0.00702,4.65055,7.57344,0
535.2,0.00702,4.65051,7.57344,0
535.3,0.00702,4.65048,7.57344,0
535.4,0.00702,4.65044,7.57344,0
535.5,0.00702,4.6504,7.57344,0
535.6,0.00702,4.65037,7.57344,0
535.7,0.00702,4.65033,7.57344,0
535.8,0.00702,4.65029,7.57344,0
535.9,0.00702,4.65026,7.57344,0
536,0.00702,4.65022,7.57344,0
536.1,0.00702,4.65018,7.57344,0
536.2,0.00702,4.65015,7.57344,0
536.3,0.00702,4.65011,7.57344,0
536.4,0.00702,4.65007,7.57344,0
536.5,0.00702,4.65004,7.57344,0
536.6,0.00702,4.65,7.57344,0
536.7,0.00702,4.64996,7.57344,0
536.8,0.00702,4.64993,7.57344,0
536.9,0.00702,4.64989,7.57344,0
537,0.00702,4.64986,7.57176,0
537.1,0.00702,4.64982,7.57344,0
537.2,0.00702,4.64978,7.57176,0
537.3,0.00702,4.64974,7.57176,0
537.4,0.00702,4.64971,7.57176,0
537.5,0.00702,4.64967,7.57344,0
537.6,0.00702,4.64963,7.57344,0
537.7,0.00702,4.6496,7.57344,0
537.8,0.00702,4.64956,7.57344,0
537.9,0.00702,4.64952,7.57344,0
538,0.00702,4.64949,7.57176,0
538.1,0.00703,4.64945,7.57344,0
538.2,0.00703,4.64942,7.57344,0
538.3,0.00703,4.64938,7.57344,0
538.4,0.00703,4.64935,7.57344,0
538.5,0.00703,4.64931,7.57344,0
538.6,0.00703,4.64928,7.57176,0
538.7,0.00703,4.64924,7.57176,0
538.8,0.00703,4.64921,7.57176,0
538.9,0.00703,4.64917,7.57176,0
539,0.00703,4.64914,7.57176,0
539.1,0.00703,4.6491,7.57176,0
539.2,0.00703,4.64907,7.57176,0
539.3,0.00703,4.64903,7.57176,0
539.4,0.00703,4.649,7.57176,0
539.5,0.00703,4.64896,7.57176,0
539.6,0.00703,4.64893,7.57176,0
539.7,0.00703,4.64889,7.57176,0
539.8,0.00703,4.64886,7.57176,0
539.9,0.00703,4.64883,7.57176,0
540,0.00703,4.64879,7.57176,0
540.1,0.00703,4.64876,7.57344,0
540.2,0.00703,4.64873,7.57344,0
540.3,0.00703,4.64869,7.57344,0
540.4,0.00703,4.64866,7.57344,0
540.5,0.00703,4.64863,7.57176,0
540.6,0.00703,4.64859,7.57344,0
540.7,0.00703,4.64856,7.57176,0
540.8,0.00704,4.64853,7.57344,0
540.9,0.00704,4.64849,7.57176,0
541,0.00704,4.64846,7.57176,0
541.1,0.00704,4.64843,7.57344,0
541.2,0.00704,4.6484,7.57344,0
541.3,0.00704,4.64836,7.57176,0
541.4,0.00704,4.64833,7.57344,0
541.5,0.00704,4.6483,7.57344,0
541.6,0.00704,4.64827,7.57344,0
541.7,0.00704,4.64823,7.57344,0
541.8,0.00704,4.6482,7.57344,0
541.9,0.00704,4.64817,7.57176,0
542,0.00704,4.64814,7.57176,0
542.1,0.00704,4.6481,7.57344,0
542.2,0.00704,4.64807,7.57344,0
542.3,0.00704,4.64803,7.57344,0
542.4,0.00704,4.648,7.57344,0
542.5,0.00704,4.64797,7.57344,0
542.6,0.00705,4.64793,7.57344,0
542.7,0.00705,4.6479,7.57344,0
542.8,0.00705,4.64786,7.57344,0
542.9,0.00705,4.64783,7.57344,0
543,0.00705,4.64779,7.57176,0
543.1,0.00705,4.64775,7.57176,0
543.2,0.00705,4.64772,7.57176,0
543.3,0.00705,4.64768,7.57176,0
543.4,0.00705,4.64764,7.57176,0
543.5,0.00705,4.6476,7.57176,0
543.6,0.00705,4.64757,7.57176,0
543.7,0.00705,4.64753,7.57344,0
543.8,0.00705,4.64749,7.57176,0
543.9,0.00705,4.64745,7.57344,0
544,0.00705,4.64742,7.57344,0
544.1,0.00705,4.64738,7.57344,0
544.2,0.00705,4.64734,7.57344,0
544.3,0.00705,4.6473,7.57344,0
544.4,0.00706,4.64727,7.57176,0
544.5,0.00706,4.64723,7.57344,0
544.6,0.00706,4.64719,7.57344,0
544.7,0.00706,4.64715,7.57344,0
544.8,0.00706,4.64712,7.57344,0
544.9,0.00706,4.64708,7.57344,0
545,0.00706,4.64704,7.57344,0
545.1,0.00706,4.64701,7.57176,0
545.2,0.00706,4.64697,7.57344,0
545.3,0.00706,4.64693,7.57176,0
545.4,0.00706,4.6469,7.57344,0
545.5,0.00706,4.64686,7.57344,0
545.6,0.00706,4.64682,7.57344,0
545.7,0.00706,4.64679,7.57344,0
545.8,0.00706,4.64675,7.57344,0
545.9,0.00706,4.64671,7.57344,0
546,0.00706,4.64668,7.57344,0
546.1,0.00706,4.64664,7.57344,0
546.2,0.00706,4.64661,7.57344,0
546.3,0.00707,4.64657,7.57344,0
546.4,0.00707,4.64653,7.57176,0
546.5,0.00707,4.6465,7.57344,0
546.6,0.00707,4.64646,7.57344,0
546.7,0.00707,4.64643,7.57344,0
546.8,0.00707,4.64639,7.57176,0
546.9,0.00707,4.64636,7.57176,0
547,0.00707,4.64632,7.57176,0
547.1,0.00707,4.64629,7.57176,0
547.2,0.00707,4.64625,7.57176,0
547.3,0.00707,4.64622,7.57344,0
547.4,0.00707,4.64619,7.57344,0
547.5,0.00707,4.64615,7.57176,0
547.6,0.00707,4.64612,7.57344,0
547.7,0.00707,4.64608,7.57344,0
547.8,0.00707,4.64605,7.57344,0
547.9,0.00707,4.64601,7.57344,0
548,0.00707,4.64598,7.57176,0
548.1,0.00707,4.64595,7.57344,0
548.2,0.00707,4.64591,7.57176,0
548.3,0.00707,4.64588,7.57344,0
548.4,0.00708,4.64584,7.57344,0
548.5,0.00708,4.64581,7.57344,0
548.6,0.00708,4.64578,7.57344,0
548.7,0.00708,4.64574,7.57344,0
548.8,0.00708,4.64571,7.57344,0
548.9,0.00708,4.64567,7.57344,0
549,0.00708,4.64564,7.57344,0
549.1,0.00708,4.64561,7.57344,0
549.2,0.00708,4.64557,7.57344,0
549.3,0.00708,4.64554,7.57344,0
549.4,0.00708,4.6455,7.57344,0
549.5,0.00708,4.64547,7.57344,0
549.6,0.00708,4.64543,7.57344,0
549.7,0.00708,4.6454,7.57344,0
549.8,0.00708,4.64537,7.57344,0
549.9,0.00708,4.64533,7.57344,0
550,0.00708,4.6453,7.57344,0
550.1,0.00708,4.64527,7.57176,0
550.2,0.00708,4.64523,7.57176,0
550.3,0.00708,4.6452,7.57176,0
550.4,0.00708,4.64517,7.57176,0
550.5,0.00708,4.64514,7.57344,0
550.6,0.00708,4.64511,7.57344,0
550.7,0.00708,4.64507,7.57344,0
550.8,0.00709,4.64504,7.57344,0
550.9,0.00709,4.64501,7.57344,0
551,0.00709,4.64498,7.57344,0
551.1,0.00709,4.64495,7.57344,0
551.2,0.00709,4.64491,7.57344,0
551.3,0.00709,4.64488,7.57176,0
551.4,0.00709,4.64485,7.57344,0
551.5,0.00709,4.64482,7.57344,0
551.6,0.00709,4.64479,7.57344,0
551.7,0.00709,4.64475,7.57176,0
551.8,0.00709,4.64472,7.57344,0
551.9,0.00709,4.64469,7.57344,0
552,0.00709,4.64466,7.57344,0
552.1,0.00709,4.64463,7.57344,0
552.2,0.00709,4.64459,7.57344,0
552.3,0.00709,4.64456,7.57344,0
552.4,0.00709,4.64453,7.57344,0
552.5,0.00709,4.6445,7.57344,0
552.6,0.00709,4.64447,7.57176,0
552.7,0.00709,4.64443,7.57344,0
552.8,0.00709,4.6444,7.57344,0
552.9,0.00709,4.64437,7.57344,0
553,0.00709,4.64434,7.57344,0
553.1,0.00709,4.6443,7.57344,0
553.2,0.00709,4.64427,7.57344,0
553.3,0.00709,4.64424,7.57344,0
553.4,0.00709,4.64421,7.57344,0
553.5,0.00709,4.64418,7.57344,0
553.6,0.00709,4.64414,7.57344,0
553.7,0.00709,4.64411,7.57344,0
553.8,0.00709,4.64408,7.57344,0
553.9,0.00709,4.64405,7.57344,0
554,0.00709,4.64402,7.57344,0
554.1,0.00709,4.64399,7.57344,0
554.2,0.00709,4.64396,7.57344,0
554.3,0.00709,4.64393,7.57344,0
554.4,0.00709,4.64389,7.57344,0
554.5,0.00709,4.64386,7.57344,0
554.6,0.00709,4.64383,7.57344,0
554.7,0.00709,4.6438,7.57344,0
554.8,0.0071,4.64377,7.57344,0
554.9,0.0071,4.64374,7.57344,0
555,0.0071,4.64371,7.57344,0
555.1,0.0071,4.64368,7.57344,0
555.2,0.0071,4.64365,7.57344,0
555.3,0.0071,4.64362,7.57344,0
555.4,0.0071,4.64359,7.57344,0
555.5,0.0071,4.64356,7.57344,0
555.6,0.0071,4.64353,7.57344,0
555.7,0.0071,4.6435,7.57344,0
555.8,0.0071,4.64347,7.57344,0
555.9,0.0071,4.64344,7.57344,0
556,0.0071,4.64341,7.57344,0
556.1,0.0071,4.64338,7.57344,0
556.2,0.0071,4.64335,7.57344,0
556.3,0.00709,4.64332,7.57344,0
556.4,0.00709,4.64329,7.57176,0
556.5,0.00709,4.64326,7.57176,0
556.6,0.00709,4.64323,7.57344,0
556.7,0.00709,4.6432,7.57344,0
556.8,0.00709,4.64317,7.57344,0
556.9,0.00709,4.64314,7.57344,0
557,0.00709,4.64311,7.57344,0
557.1,0.00709,4.64308,7.57344,0
557.2,0.00709,4.64305,7.57344,0
557.3,0.00709,4.64302,7.57176,0
557.4,0.00709,4.64299,7.57344,0
557.5,0.00709,4.64296,7.57344,0
557.6,0.00709,4.64293,7.57344,0
557.7,0.00709,4.6429,7.57344,0
557.8,0.00709,4.64287,7.57344,0
557.9,0.00709,4.64284,7.57344,0
558,0.00709,4.64281,7.57344,0
558.1,0.00709,4.64278,7.57344,0
558.2,0.00709,4.64275,7.57344,0
558.3,0.00709,4.64272,7.57344,0
558.4,0.00709,4.64269,7.57344,0
558.5,0.00709,4.64266,7.57344,0
558.6,0.00709,4.64263,7.57344,0
558.7,0.00709,4.6426,7.57344,0
558.8,0.00709,4.64258,7.57344,0
558.9,0.00709,4.64255,7.57344,0
559,0.00709,4.64252,7.57344,0
559.1,0.00708,4.64249,7.57344,0
559.2,0.00708,4.64246,7.57344,0
559.3,0.00708,4.64243,7.57344,0
559.4,0.00708,4.6424,7.57344,0
559.5,0.00708,4.64237,7.57344,0
559.6,0.00708,4.64234,7.57176,0
559.7,0.00708,4.64231,7.57344,0
559.8,0.00708,4.64228,7.57344,0
559.9,0.00708,4.64225,7.57344,0
560,0.00708,4.64222,7.57344,0
560.1,0.00708,4.6422,7.57344,0
560.2,0.00708,4.64217,7.57176,0
560.3,0.00708,4.64214,7.57344,0
560.4,0.00708,4.64211,7.57344,0
560.5,0.00708,4.64208,7.57344,0
560.6,0.00708,4.64205,7.57344,0
560.7,0.00708,4.64202,7.57344,0
560.8,0.00708,4.642,7.57344,0
560.9,0.00708,4.64197,7.57344,0
561,0.00708,4.64194,7.57176,0
561.1,0.00708,4.64191,7.57344,0
561.2,0.00708,4.64188,7.57344,0
561.3,0.00708,4.64186,7.57344,0
561.4,0.00708,4.64183,7.57176,0
561.5,0.00708,4.6418,7.57344,0
561.6,0.00708,4.64177,7.57344,0
561.7,0.00708,4.64175,7.57344,0
561.8,0.00708,4.64172,7.57344,0
561.9,0.00708,4.64169,7.57344,0
562,0.00708,4.64167,7.57344,0
562.1,0.00708,4.64164,7.57344,0
562.2,0.00708,4.64161,7.57344,0
562.3,0.00708,4.64159,7.57344,0
562.4,0.00708,4.64156,7.57344,0
562.5,0.00708,4.64153,7.57344,0
562.6,0.00708,4.64151,7.57344,0
562.7,0.00708,4.64148,7.57344,0
562.8,0.00708,4.64145,7.57344,0
562.9,0.00708,4.64142,7.57344,0
563,0.00708,4.6414,7.57344,0
563.1,0.00708,4.64137,7.57344,0
563.2,0.00708,4.64134,7.57344,0
563.3,0.00708,4.64132,7.57344,0
563.4,0.00708,4.64129,7.57344,0
563.5,0.00708,4.64126,7.57344,0
563.6,0.00708,4.64124,7.57344,0
563.7,0.00708,4.64121,7.57344,0
563.8,0.00708,4.64119,7.57344,0
563.9,0.00708,4.64116,7.57344,0
564,0.00708,4.64114,7.57344,0
564.1,0.00708,4.64111,7.57344,0
564.2,0.00708,4.64108,7.57344,0
564.3,0.00708,4.64106,7.57344,0
564.4,0.00708,4.64103,7.57344,0
564.5,0.00708,4.64101,7.57344,0
564.6,0.00708,4.64098,7.57344,0
564.7,0.00708,4.64096,7.57344,0
564.8,0.00708,4.64093,7.57344,0
564.9,0.00708,4.6409,7.57344,0
565,0.00708,4.64088,7.57344,0
565.1,0.00709,4.64085,7.57344,0
565.2,0.00708,4.64083,7.57344,0
565.3,0.00708,4.6408,7.57344,0
565.4,0.00708,4.64078,7.57344,0
565.5,0.00708,4.64075,7.57344,0
565.6,0.00708,4.64073,7.57344,0
565.7,0.00708,4.6407,7.57344,0
565.8,0.00708,4.64068,7.57344,0
565.9,0.00708,4.64065,7.57344,0
566,0.00708,4.64063,7.57344,0
566.1,0.00708,4.6406,7.57344,0
566.2,0.00708,4.64058,7.57344,0
566.3,0.00708,4.64055,7.57344,0
566.4,0.00708,4.64052,7.57344,0
566.5,0.00708,4.6405,7.57344,0
566.6,0.00708,4.64047,7.57344,0
566.7,0.00708,4.64045,7.57344,0
566.8,0.00708,4.64042,7.57344,0
566.9,0.00708,4.6404,7.57344,0
567,0.00708,4.64037,7.57344,0
567.1,0.00708,4.64035,7.57344,0
567.2,0.00708,4.64032,7.57344,0
567.3,0.00708,4.6403,7.57344,0
567.4,0.00708,4.64027,7.57344,0
567.5,0.00708,4.64025,7.57344,0
567.6,0.00708,4.64022,7.57344,0
567.7,0.00708,4.64019,7.57344,0
567.8,0.00708,4.64017,7.57344,0
567.9,0.00708,4.64014,7.57344,0
568,0.00708,4.64012,7.57344,0
568.1,0.00708,4.64009,7.57344,0
568.2,0.00708,4.64007,7.57344,0
568.3,0.00708,4.64004,7.57344,0
568.4,0.00708,4.64002,7.57344,0
568.5,0.00708,4.63999,7.57176,0
568.6,0.00708,4.63996,7.57344,0
568.7,0.00708,4.63994,7.57344,0
568.8,0.00708,4.63991,7.57344,0
568.9,0.00708,4.63989,7.57344,0
569,0.00708,4.63986,7.57344,0
569.1,0.00708,4.63984,7.57344,0
569.2,0.00708,4.63981,7.57344,0
569.3,0.00708,4.63979,7.57344,0
569.4,0.00708,4.63976,7.57344,0
569.5,0.00708,4.63974,7.57344,0
569.6,0.00708,4.63972,7.57344,0
569.7,0.00708,4.63969,7.57344,0
569.8,0.00708,4.63967,7.57344,0
569.9,0.00708,4.63965,7.57344,0
570,0.00708,4.63962,7.57344,0
570.1,0.00708,4.6396,7.57344,0
570.2,0.00708,4.63958,7.57344,0
570.3,0.00708,4.63956,7.57344,0
570.4,0.00708,4.63953,7.57344,0
570.5,0.00708,4.63951,7.57344,0
570.6,0.00708,4.63949,7.57344,0
570.7,0.00708,4.63947,7.57344,0
570.8,0.00708,4.63944,7.57344,0
570.9,0.00708,4.63942,7.57344,0
571,0.00708,4.6394,7.57344,0
571.1,0.00708,4.63938,7.57344,0
571.2,0.00708,4.63935,7.57344,0
571.3,0.00708,4.63933,7.57344,0
571.4,0.00708,4.63931,7.57344,0
571.5,0.00708,4.63929,7.57344,0
571.6,0.00708,4.63926,7.57344,0
571.7,0.00708,4.63924,7.57344,0
571.8,0.00708,4.63922,7.57344,0
571.9,0.00708,4.6392,7.57344,0
572,0.00708,4.63917,7.57344,0
572.1,0.00708,4.63915,7.57344,0
572.2,0.00708,4.63913,7.57344,0
572.3,0.00708,4.63911,7.57344,0
572.4,0.00708,4.63908,7.57344,0
572.5,0.00708,4.63906,7.57344,0
572.6,0.00708,4.63904,7.57344,0
572.7,0.00708,4.63902,7.57344,0
572.8,0.00708,4.63899,7.57344,0
572.9,0.00708,4.63897,7.57344,0
573,0.00708,4.63895,7.57344,0
573.1,0.00708,4.63892,7.57344,0
573.2,0.00708,4.6389,7.57344,0
573.3,0.00708,4.63888,7.57344,0
573.4,0.00708,4.63886,7.57344,0
573.5,0.00708,4.63883,7.57344,0
573.6,0.00708,4.63881,7.57344,0
573.7,0.00708,4.63878,7.57344,0
573.8,0.00708,4.63876,7.57344,0
573.9,0.00708,4.63874,7.57344,0
574,0.00708,4.63871,7.57344,0
574.1,0.00708,4.63869,7.57344,0
574.2,0.00708,4.63867,7.57344,0
574.3,0.00708,4.63865,7.57344,0
574.4,0.00708,4.63862,7.57344,0
574.5,0.00708,4.6386,7.57344,0
574.6,0.00708,4.63858,7.57344,0
574.7,0.00708,4.63856,7.57344,0
574.8,0.00708,4.63853,7.57344,0
574.9,0.00708,4.63851,7.57344,0
575,0.00708,4.63849,7.57176,0
575.1,0.00708,4.63847,7.57344,0
575.2,0.00708,4.63845,7.57344,0
575.3,0.00708,4.63843,7.57344,0
575.4,0.00708,4.63841,7.57344,0
575.5,0.00708,4.63838,7.57344,0
575.6,0.00708,4.63836,7.57344,0
575.7,0.00708,4.63834,7.57176,0
575.8,0.00708,4.63832,7.57176,0
575.9,0.00708,4.6383,7.57344,0
576,0.00708,4.63828,7.57344,0
576.1,0.00708,4.63826,7.57176,0
576.2,0.00708,4.63825,7.57176,0
576.3,0.00708,4.63823,7.57344,0
576.4,0.00708,4.63821,7.57344,0
576.5,0.00708,4.63819,7.57344,0
576.6,0.00708,4.63817,7.57176,0
576.7,0.00708,4.63815,7.57176,0
576.8,0.00708,4.63813,7.57176,0
576.9,0.00708,4.63811,7.57176,0
577,0.00708,4.63809,7.57176,0
577.1,0.00708,4.63808,7.57176,0
577.2,0.00708,4.63806,7.57176,0
577.3,0.00708,4.63804,7.57344,0
577.4,0.00708,4.63802,7.57176,0
577.5,0.00708,4.638,7.57344,0
577.6,0.00708,4.63799,7.57344,0
577.7,0.00708,4.63797,7.57344,0
577.8,0.00708,4.63795,7.57344,0
577.9,0.00708,4.63793,7.57344,0
578,0.00708,4.63792,7.57344,0
578.1,0.00708,4.6379,7.57344,0
578.2,0.00708,4.63788,7.57176,0
578.3,0.00709,4.63786,7.57344,0
578.4,0.00708,4.63784,7.57344,0
578.5,0.00708,4.63783,7.57176,0
578.6,0.00709,4.63781,7.57176,0
578.7,0.00708,4.63779,7.57176,0
578.8,0.00708,4.63778,7.57176,0
578.9,0.00708,4.63776,7.57344,0
579,0.00708,4.63774,7.57344,0
579.1,0.00708,4.63773,7.57344,0
579.2,0.00708,4.63771,7.57344,0
579.3,0.00708,4.63769,7.57344,0
579.4,0.00709,4.63768,7.57344,0
579.5,0.00709,4.63766,7.57344,0
579.6,0.00709,4.63765,7.57344,0
579.7,0.00709,4.63763,7.57344,0
579.8,0.00709,4.63762,7.57344,0
579.9,0.00709,4.6376,7.57176,0
580,0.00709,4.63759,7.57176,0
580.1,0.00709,4.63757,7.57344,0
580.2,0.00709,4.63756,7.57344,0
580.3,0.00709,4.63754,7.57176,0
580.4,0.00709,4.63753,7.57344,0
580.5,0.00709,4.63751,7.57344,0
580.6,0.00709,4.6375,7.57344,0
580.7,0.00709,4.63748,7.57344,0
580.8,0.00709,4.63747,7.57344,0
580.9,0.00709,4.63746,7.57344,0
581,0.00709,4.63744,7.57176,0
581.1,0.00709,4.63743,7.57176,0
581.2,0.00709,4.63741,7.57176,0
581.3,0.00709,4.6374,7.57176,0
581.4,0.00709,4.63739,7.57176,0
581.5,0.00709,4.63737,7.57344,0
581.6,0.00709,4.63736,7.57176,0
581.7,0.00709,4.63735,7.57344,0
581.8,0.00709,4.63733,7.57344,0
581.9,0.00709,4.63732,7.57344,0
582,0.00709,4.63731,7.57344,0
582.1,0.00709,4.6373,7.57344,0
582.2,0.00709,4.63728,7.57344,0
582.3,0.00709,4.63727,7.57344,0
582.4,0.00709,4.63726,7.57344,0
582.5,0.00709,4.63725,7.57344,0
582.6,0.00709,4.63724,7.57344,0
582.7,0.00709,4.63722,7.57344,0
582.8,0.00709,4.63721,7.57344,0
582.9,0.00709,4.6372,7.57344,0
583,0.00709,4.63719,7.57344,0
583.1,0.00709,4.63718,7.57176,0
583.2,0.00709,4.63717,7.57176,0
583.3,0.00709,4.63716,7.57176,0
583.4,0.00709,4.63715,7.57176,0
583.5,0.00709,4.63714,7.57176,0
583.6,0.00709,4.63713,7.57176,0
583.7,0.00709,4.63712,7.57176,0
583.8,0.0071,4.63711,7.57176,0
583.9,0.0071,4.6371,7.57176,0
584,0.0071,4.63709,7.57176,0
584.1,0.0071,4.63708,7.57176,0
584.2,0.0071,4.63707,7.57176,0
584.3,0.0071,4.63706,7.57176,0
584.4,0.0071,4.63705,7.57176,0
584.5,0.0071,4.63705,7.57176,0
584.6,0.0071,4.63704,7.57176,0
584.7,0.0071,4.63703,7.57176,0
584.8,0.0071,4.63702,7.57176,0
584.9,0.0071,4.63701,7.57176,0
585,0.0071,4.637,7.57176,0
585.1,0.0071,4.637,7.57344,0
585.2,0.0071,4.63699,7.57344,0
585.3,0.0071,4.63698,7.57344,0
585.4,0.0071,4.63697,7.57176,0
585.5,0.0071,4.63696,7.57176,0
585.6,0.0071,4.63696,7.57176,0
585.7,0.0071,4.63695,7.57176,0
585.8,0.0071,4.63694,7.57176,0
585.9,0.0071,4.63693,7.57176,0
586,0.0071,4.63692,7.57176,0
586.1,0.0071,4.63692,7.57344,0
586.2,0.0071,4.63691,7.57176,0
586.3,0.0071,4.6369,7.57176,0
586.4,0.0071,4.63689,7.57344,0
586.5,0.0071,4.63689,7.57176,0
586.6,0.0071,4.63688,7.57344,0
586.7,0.00711,4.63687,7.57176,0
586.8,0.00711,4.63686,7.57176,0
586.9,0.00711,4.63686,7.57176,0
587,0.00711,4.63685,7.57176,0
587.1,0.00711,4.63684,7.57176,0
587.2,0.00711,4.63684,7.57176,0
587.3,0.00711,4.63683,7.57176,0
587.4,0.00711,4.63683,7.57176,0
587.5,0.00711,4.63682,7.57344,0
587.6,0.00711,4.63682,7.57176,0
587.7,0.00711,4.63681,7.57344,0
587.8,0.00711,4.63681,7.57344,0
587.9,0.00711,4.6368,7.57344,0
588,0.00711,4.6368,7.57344,0
588.1,0.00711,4.63679,7.57176,0
588.2,0.00711,4.63679,7.57344,0
588.3,0.00711,4.63678,7.57344,0
588.4,0.00711,4.63678,7.57344,0
588.5,0.00711,4.63678,7.57344,0
588.6,0.00711,4.63677,7.57344,0
588.7,0.00712,4.63677,7.57344,0
588.8,0.00712,4.63676,7.57344,0
588.9,0.00712,4.63676,7.57344,0
589,0.00712,4.63675,7.57344,0
589.1,0.00712,4.63675,7.57344,0
589.2,0.00712,4.63675,7.57344,0
589.3,0.00712,4.63675,7.57176,0
589.4,0.00712,4.63674,7.57344,0
589.5,0.00712,4.63674,7.57344,0
589.6,0.00712,4.63674,7.57344,0
589.7,0.00712,4.63674,7.57344,0
589.8,0.00712,4.63674,7.57344,0
589.9,0.00712,4.63673,7.57344,0
590,0.00712,4.63673,7.57344,0
590.1,0.00712,4.63673,7.57344,0
590.2,0.00712,4.63673,7.57344,0
590.3,0.00712,4.63673,7.57344,0
590.4,0.00712,4.63672,7.57344,0
590.5,0.00712,4.63672,7.57344,0
590.6,0.00712,4.63672,7.57344,0
590.7,0.00712,4.63672,7.57344,0
590.8,0.00712,4.63671,7.57344,0
590.9,0.00712,4.63671,7.57344,0
591,0.00712,4.63671,7.57344,0
591.1,0.00712,4.6367,7.57344,0
591.2,0.00712,4.6367,7.57176,0
591.3,0.00712,4.6367,7.57344,0
591.4,0.00712,4.6367,7.57344,0
591.5,0.00712,4.63669,7.57344,0
591.6,0.00712,4.63669,7.57344,0
591.7,0.00712,4.63669,7.57344,0
591.8,0.00712,4.63669,7.57176,0
591.9,0.00712,4.63669,7.57344,0
592,0.00712,4.63669,7.57344,0
592.1,0.00712,4.63669,7.57344,0
592.2,0.00712,4.63668,7.57176,0
592.3,0.00713,4.63668,7.57344,0
592.4,0.00713,4.63668,7.57344,0
592.5,0.00713,4.63668,7.57344,0
592.6,0.00713,4.63668,7.57344,0
592.7,0.00713,4.63668,7.57344,0
592.8,0.00713,4.63668,7.57176,0
592.9,0.00713,4.63668,7.57176,0
593,0.00713,4.63668,7.57344,0
593.1,0.00713,4.63668,7.57344,0
593.2,0.00713,4.63668,7.57176,0
593.3,0.00713,4.63668,7.57344,0
593.4,0.00713,4.63668,7.57344,0
593.5,0.00713,4.63668,7.57176,0
593.6,0.00713,4.63668,7.57344,0
593.7,0.00713,4.63668,7.57344,0
593.8,0.00713,4.63669,7.57344,0
593.9,0.00713,4.63669,7.57344,0
594,0.00713,4.63669,7.57176,0
594.1,0.00713,4.63669,7.57344,0
594.2,0.00713,4.63669,7.57344,0
594.3,0.00713,4.6367,7.57344,0
594.4,0.00713,4.6367,7.57344,0
594.5,0.00713,4.6367,7.57344,0
594.6,0.00713,4.63671,7.57344,0
594.7,0.00713,4.63671,7.57344,0
594.8,0.00713,4.63671,7.57344,0
594.9,0.00713,4.63672,7.57344,0
595,0.00713,4.63672,7.57344,0
595.1,0.00713,4.63672,7.57344,0
595.2,0.00713,4.63673,7.57176,0
595.3,0.00713,4.63673,7.57344,0
595.4,0.00713,4.63673,7.57176,0
595.5,0.00713,4.63674,7.57176,0
595.6,0.00713,4.63674,7.57344,0
595.7,0.00713,4.63675,7.57176,0
595.8,0.00713,4.63675,7.57344,0
595.9,0.00713,4.63676,7.57344,0
596,0.00713,4.63676,7.57344,0
596.1,0.00713,4.63677,7.57344,0
596.2,0.00713,4.63677,7.57344,0
596.3,0.00713,4.63678,7.57176,0
596.4,0.00713,4.63678,7.57176,0
596.5,0.00713,4.63679,7.57344,0
596.6,0.00713,4.6368,7.57344,0
596.7,0.00713,4.6368,7.57344,0
596.8,0.00713,4.63681,7.57344,0
596.9,0.00713,4.63682,7.57344,0
597,0.00714,4.63683,7.57344,0
597.1,0.00714,4.63683,7.57344,0
597.2,0.00714,4.63684,7.57344,0
597.3,0.00714,4.63685,7.57344,0
597.4,0.00714,4.63686,7.57176,0
597.5,0.00714,4.63687,7.57176,0
597.6,0.00714,4.63688,7.57176,0
597.7,0.00714,4.63689,7.57176,0
597.8,0.00714,4.6369,7.57344,0
597.9,0.00713,4.63691,7.57344,0
598,0.00713,4.63691,7.57344,0
598.1,0.00713,4.63692,7.57344,0
598.2,0.00713,4.63693,7.57344,0
598.3,0.00713,4.63694,7.57344,0
598.4,0.00713,4.63695,7.57176,0
598.5,0.00713,4.63696,7.57176,0
598.6,0.00713,4.63697,7.57344,0
598.7,0.00713,4.63698,7.57344,0
598.8,0.00713,4.63699,7.57344,0
598.9,0.00713,4.637,7.57176,0
599,0.00713,4.63701,7.57344,0
599.1,0.00713,4.63702,7.57344,0
599.2,0.00713,4.63703,7.57344,0
599.3,0.00713,4.63704,7.57176,0
599.4,0.00713,4.63705,7.57176,0
599.5,0.00713,4.63706,7.57176,0
599.6,0.00713,4.63707,7.57344,0
599.7,0.00713,4.63709,7.57176,0
599.8,0.00713,4.6371,7.57176,0
599.9,0.00713,4.63711,7.57344,0
600,0.00713,4.63712,7.57176,0
600.1,0.00713,4.63713,7.57344,0
600.2,0.00713,4.63714,7.57344,0
600.3,0.00713,4.63715,7.57344,0
600.4,0.00713,4.63716,7.57344,0
600.5,0.00713,4.63718,7.57344,0
600.6,0.00713,4.63719,7.57344,0
600.7,0.00713,4.6372,7.57344,0
600.8,0.00713,4.63721,7.57344,0
600.9,0.00713,4.63723,7.57344,0
601,0.00713,4.63724,7.57344,0
601.1,0.00713,4.63725,7.57344,0
601.2,0.00713,4.63727,7.57344,0
601.3,0.00713,4.63728,7.57344,0
601.4,0.00713,4.63729,7.57344,0
601.5,0.00713,4.63731,7.57344,0
601.6,0.00713,4.63732,7.57344,0
601.7,0.00713,4.63733,7.57344,0
601.8,0.00713,4.63735,7.57344,0
601.9,0.00713,4.63736,7.57344,0
602,0.00713,4.63738,7.57344,0
602.1,0.00713,4.63739,7.57344,0
602.2,0.00713,4.6374,7.57344,0
602.3,0.00713,4.63742,7.57344,0
602.4,0.00713,4.63743,7.57344,0
602.5,0.00713,4.63745,7.57344,0
602.6,0.00713,4.63746,7.57344,0
602.7,0.00713,4.63748,7.57344,0
602.8,0.00713,4.63749,7.57344,0
602.9,0.00713,4.63751,7.57344,0
603,0.00713,4.63753,7.57344,0
603.1,0.00713,4.63754,7.57344,0
603.2,0.00713,4.63756,7.57344,0
603.3,0.00713,4.63757,7.57344,0
603.4,0.00713,4.63759,7.57344,0
603.5,0.00713,4.63761,7.57344,0
603.6,0.00713,4.63763,7.57344,0
603.7,0.00713,4.63764,7.57344,0
603.8,0.00713,4.63766,7.57344,0
603.9,0.00713,4.63768,7.57344,0
604,0.00713,4.6377,7.57344,0
604.1,0.00713,4.63772,7.57344,0
604.2,0.00713,4.63773,7.57344,0
604.3,0.00713,4.63775,7.57344,0
604.4,0.00713,4.63777,7.57344,0
604.5,0.00713,4.63779,7.57344,0
604.6,0.00713,4.63781,7.57176,0
604.7,0.00713,4.63783,7.57344,0
604.8,0.00713,4.63784,7.57344,0
604.9,0.00712,4.63786,7.57344,0
605,0.00712,4.63788,7.57176,0
605.1,0.00712,4.6379,7.57176,0
605.2,0.00712,4.63792,7.57344,0
605.3,0.00712,4.63794,7.57344,0
605.4,0.00712,4.63795,7.57344,0
605.5,0.00712,4.63797,7.57344,0
605.6,0.00712,4.63799,7.57344,0
605.7,0.00712,4.63801,7.57344,0
605.8,0.00712,4.63803,7.57344,0
605.9,0.00712,4.63804,7.57344,0
606,0.00712,4.63806,7.57344,0
606.1,0.00712,4.63808,7.57344,0
606.2,0.00712,4.6381,7.57344,0
606.3,0.00712,4.63811,7.57344,0
606.4,0.00712,4.63813,7.57344,0
606.5,0.00712,4.63815,7.57344,0
606.6,0.00712,4.63816,7.57344,0
606.7,0.00712,4.63818,7.57344,0
606.8,0.00712,4.6382,7.57344,0
606.9,0.00712,4.63822,7.57344,0
607,0.00712,4.63823,7.57344,0
607.1,0.00712,4.63825,7.57344,0
607.2,0.00712,4.63827,7.57344,0
607.3,0.00712,4.63829,7.57344,0
607.4,0.00712,4.6383,7.57344,0
607.5,0.00712,4.63832,7.57344,0
607.6,0.00712,4.63834,7.57176,0
607.7,0.00712,4.63836,7.57344,0
607.8,0.00712,4.63837,7.57344,0
607.9,0.00712,4.63839,7.57344,0
608,0.00712,4.63841,7.57344,0
608.1,0.00711,4.63843,7.57344,0
608.2,0.00711,4.63844,7.57344,0
608.3,0.00711,4.63846,7.57344,0
608.4,0.00711,4.63848,7.57344,0
608.5,0.00711,4.6385,7.57344,0
608.6,0.00711,4.63852,7.57344,0
608.7,0.00711,4.63853,7.57344,0
608.8,0.00711,4.63855,7.57344,0
608.9,0.00711,4.63857,7.57344,0
609,0.00711,4.63859,7.57344,0
609.1,0.00711,4.63861,7.57344,0
609.2,0.00711,4.63863,7.57344,0
609.3,0.00711,4.63864,7.57344,0
609.4,0.00711,4.63866,7.57344,0
609.5,0.00711,4.63868,7.57344,0
609.6,0.00711,4.6387,7.57344,0
609.7,0.00711,4.63872,7.57344,0
609.8,0.00711,4.63874,7.57344,0
609.9,0.00711,4.63876,7.57344,0
610,0.00711,4.63877,7.57344,0
610.1,0.00711,4.63879,7.57344,0
610.2,0.00711,4.63881,7.57344,0
610.3,0.00711,4.63883,7.57344,0
610.4,0.0071,4.63885,7.57344,0
610.5,0.0071,4.63886,7.57344,0
610.6,0.0071,4.63888,7.57344,0
610.7,0.0071,4.6389,7.57344,0
610.8,0.0071,4.63891,7.57344,0
610.9,0.0071,4.63893,7.57344,0
611,0.0071,4.63895,7.57344,0
611.1,0.0071,4.63896,7.57344,0
611.2,0.0071,4.63898,7.57344,0
611.3,0.0071,4.63899,7.57344,0
611.4,0.0071,4.63901,7.57176,0
611.5,0.0071,4.63902,7.57176,0
611.6,0.0071,4.63903,7.57344,0
611.7,0.0071,4.63905,7.57344,0
611.8,0.0071,4.63906,7.57344,0
611.9,0.0071,4.63907,7.57344,0
612,0.0071,4.63908,7.57344,0
612.1,0.0071,4.6391,7.57344,0
612.2,0.0071,4.63911,7.57344,0
612.3,0.00709,4.63913,7.57176,0
612.4,0.00709,4.63914,7.57344,0
612.5,0.00709,4.63915,7.57344,0
612.6,0.00709,4.63917,7.57344,0
612.7,0.00709,4.63918,7.57344,0
612.8,0.00709,4.63919,7.57344,0
612.9,0.00709,4.63921,7.57344,0
613,0.00709,4.63922,7.57344,0
613.1,0.00709,4.63923,7.57344,0
613.2,0.00709,4.63925,7.57176,0
613.3,0.00709,4.63926,7.57344,0
613.4,0.00709,4.63927,7.57344,0
613.5,0.00709,4.63929,7.57344,0
613.6,0.00709,4.6393,7.57344,0
613.7,0.00709,4.63931,7.57344,0
613.8,0.00709,4.63933,7.57344,0
613.9,0.00709,4.63934,7.57344,0
614,0.00709,4.63935,7.57344,0
614.1,0.00708,4.63937,7.57344,0
614.2,0.00708,4.63938,7.57176,0
614.3,0.00708,4.63939,7.57344,0
614.4,0.00708,4.6394,7.57344,0
614.5,0.00708,4.63942,7.57344,0
614.6,0.00708,4.63943,7.57344,0
614.7,0.00708,4.63944,7.57344,0
614.8,0.00708,4.63946,7.57176,0
614.9,0.00708,4.63947,7.57344,0
615,0.00708,4.63948,7.57344,0
615.1,0.00708,4.6395,7.57344,0
615.2,0.00708,4.63951,7.57176,0
615.3,0.00708,4.63953,7.57176,0
615.4,0.00708,4.63954,7.57344,0
615.5,0.00708,4.63956,7.57344,0
615.6,0.00708,4.63957,7.57344,0
615.7,0.00707,4.63959,7.57344,0
615.8,0.00707,4.6396,7.57176,0
615.9,0.00707,4.63962,7.57344,0
616,0.00707,4.63964,7.57344,0
616.1,0.00707,4.63965,7.57344,0
616.2,0.00707,4.63967,7.57344,0
616.3,0.00707,4.63969,7.57344,0
616.4,0.00707,4.6397,7.57344,0
616.5,0.00707,4.63972,7.57344,0
616.6,0.00707,4.63973,7.57344,0
616.7,0.00707,4.63975,7.57344,0
616.8,0.00707,4.63976,7.57344,0
616.9,0.00707,4.63978,7.57176,0
617,0.00707,4.63979,7.57344,0
617.1,0.00706,4.63981,7.57344,0
617.2,0.00706,4.63982,7.57344,0
617.3,0.00706,4.63984,7.57344,0
617.4,0.00706,4.63985,7.57176,0
617.5,0.00706,4.63986,7.57176,0
617.6,0.00706,4.63988,7.57176,0
617.7,0.00706,4.63989,7.57176,0
617.8,0.00706,4.63991,7.57176,0
617.9,0.00706,4.63992,7.57176,0
618,0.00706,4.63993,7.57344,0
618.1,0.00706,4.63995,7.57344,0
618.2,0.00706,4.63996,7.57176,0
618.3,0.00706,4.63998,7.57176,0
618.4,0.00705,4.63999,7.57176,0
618.5,0.00705,4.64,7.57176,0
618.6,0.00705,4.64002,7.57176,0
618.7,0.00705,4.64003,7.57176,0
618.8,0.00705,4.64005,7.57344,0
618.9,0.00705,4.64006,7.57344,0
619,0.00705,4.64007,7.57344,0
619.1,0.00705,4.64009,7.57344,0
619.2,0.00705,4.6401,7.57176,0
619.3,0.00705,4.64011,7.57176,0
619.4,0.00705,4.64013,7.57344,0
619.5,0.00705,4.64014,7.57344,0
619.6,0.00705,4.64015,7.57176,0
619.7,0.00704,4.64017,7.57344,0
619.8,0.00704,4.64018,7.57344,0
619.9,0.00704,4.64019,7.57344,0
620,0.00704,4.6402,7.57344,0
620.1,0.00704,4.64022,7.57176,0
620.2,0.00704,4.64023,7.57344,0
620.3,0.00704,4.64024,7.57176,0
620.4,0.00704,4.64025,7.57344,0
620.5,0.00704,4.64026,7.57344,0
620.6,0.00704,4.64027,7.57176,0
620.7,0.00704,4.64029,7.57344,0
620.8,0.00704,4.6403,7.57344,0
620.9,0.00704,4.64031,7.57344,0
621,0.00704,4.64032,7.57344,0
621.1,0.00703,4.64033,7.57344,0
621.2,0.00703,4.64034,7.57344,0
621.3,0.00703,4.64035,7.57344,0
621.4,0.00703,4.64036,7.57344,0
621.5,0.00703,4.64038,7.57344,0
621.6,0.00703,4.64039,7.57344,0
621.7,0.00703,4.6404,7.57344,0
621.8,0.00703,4.64041,7.57344,0
621.9,0.00703,4.64042,7.57344,0
622,0.00703,4.64043,7.57344,0
622.1,0.00703,4.64044,7.57176,0
622.2,0.00703,4.64046,7.57344,0
622.3,0.00703,4.64047,7.57344,0
622.4,0.00703,4.64048,7.57344,0
622.5,0.00702,4.64049,7.57344,0
622.6,0.00702,4.6405,7.57176,0
622.7,0.00702,4.64051,7.57344,0
622.8,0.00702,4.64052,7.57344,0
622.9,0.00702,4.64053,7.57176,0
623,0.00702,4.64055,7.57344,0
623.1,0.00702,4.64056,7.57344,0
623.2,0.00702,4.64057,7.57344,0
623.3,0.00702,4.64058,7.57344,0
623.4,0.00702,4.64059,7.57344,0
623.5,0.00702,4.6406,7.57344,0
623.6,0.00702,4.64061,7.57344,0
623.7,0.00702,4.64062,7.57344,0
623.8,0.00702,4.64063,7.57344,0
623.9,0.00701,4.64064,7.57344,0
624,0.00701,4.64065,7.57344,0
624.1,0.00701,4.64066,7.57344,0
624.2,0.00701,4.64067,7.57344,0
624.3,0.00701,4.64068,7.57176,0
624.4,0.00701,4.64069,7.57344,0
624.5,0.00701,4.6407,7.57344,0
624.6,0.00701,4.64071,7.57344,0
624.7,0.00701,4.64072,7.57344,0
624.8,0.00701,4.64073,7.57344,0
624.9,0.00701,4.64074,7.57344,0
625,0.00701,4.64075,7.57344,0
625.1,0.00701,4.64076,7.57344,0
625.2,0.00701,4.64077,7.57344,0
625.3,0.00701,4.64078,7.57344,0
625.4,0.007,4.64078,7.57344,0
625.5,0.007,4.64079,7.57344,0
625.6,0.007,4.6408,7.57344,0
625.7,0.007,4.64081,7.57344,0
625.8,0.007,4.64082,7.57344,0
625.9,0.007,4.64083,7.57344,0
626,0.007,4.64083,7.57344,0
626.1,0.007,4.64084,7.57344,0
626.2,0.007,4.64085,7.57344,0
626.3,0.007,4.64086,7.57344,0
626.4,0.007,4.64086,7.57344,0
626.5,0.007,4.64087,7.57344,0
626.6,0.007,4.64088,7.57344,0
626.7,0.007,4.64089,7.57344,0
626.8,0.007,4.64089,7.57344,0
626.9,0.007,4.6409,7.57344,0
627,0.007,4.64091,7.57344,0
627.1,0.00699,4.64091,7.57344,0
627.2,0.00699,4.64092,7.57344,0
627.3,0.00699,4.64093,7.57344,0
627.4,0.00699,4.64093,7.57344,0
627.5,0.00699,4.64094,7.57344,0
627.6,0.00699,4.64094,7.57344,0
627.7,0.00699,4.64095,7.57344,0
627.8,0.00699,4.64095,7.57344,0
627.9,0.00699,4.64096,7.57344,0
628,0.00699,4.64096,7.57344,0
628.1,0.00699,4.64097,7.57344,0
628.2,0.00699,4.64097,7.57344,0
628.3,0.00699,4.64098,7.57344,0
628.4,0.00699,4.64098,7.57344,0
628.5,0.00699,4.64098,7.57344,0
628.6,0.00698,4.64099,7.57344,0
628.7,0.00698,4.64099,7.57344,0
628.8,0.00698,4.64099,7.57344,0
628.9,0.00698,4.64099,7.57344,0
629,0.00698,4.64099,7.57344,0
629.1,0.00698,4.64099,7.57344,0
629.2,0.00698,4.64099,7.57344,0
629.3,0.00698,4.64099,7.57344,0
629.4,0.00698,4.64099,7.57344,0
629.5,0.00698,4.64099,7.57515,0
629.6,0.00698,4.64099,7.57515,0
629.7,0.00698,4.641,7.57344,0
629.8,0.00698,4.641,7.57344,0
629.9,0.00698,4.641,7.57344,0
630,0.00697,4.64099,7.57344,0
630.1,0.00697,4.64099,7.57344,0
630.2,0.00697,4.64099,7.57344,0
630.3,0.00697,4.64099,7.57344,0
630.4,0.00697,4.64099,7.57344,0
630.5,0.00697,4.64099,7.57344,0
630.6,0.00697,4.64099,7.57344,0
630.7,0.00697,4.64099,7.57344,0
630.8,0.00697,4.64099,7.57344,0
630.9,0.00697,4.64099,7.57344,0
631,0.00697,4.64099,7.57344,0
631.1,0.00697,4.64098,7.57344,0
631.2,0.00697,4.64098,7.57344,0
631.3,0.00697,4.64098,7.57344,0
631.4,0.00697,4.64098,7.57344,0
631.5,0.00697,4.64098,7.57344,0
631.6,0.00697,4.64098,7.57344,0
631.7,0.00697,4.64098,7.57515,0
631.8,0.00697,4.64098,7.57344,0
631.9,0.00697,4.64098,7.57344,0
632,0.00697,4.64098,7.57344,0
632.1,0.00697,4.64098,7.57344,0
632.2,0.00696,4.64098,7.57344,0
632.3,0.00696,4.64098,7.57344,0
632.4,0.00696,4.64097,7.57344,0
632.5,0.00696,4.64097,7.57344,0
632.6,0.00696,4.64097,7.57344,0
632.7,0.00696,4.64097,7.57344,0
632.8,0.00696,4.64097,7.57515,0
632.9,0.00696,4.64097,7.57344,0
633,0.00696,4.64096,7.57344,0
633.1,0.00696,4.64096,7.57344,0
633.2,0.00696,4.64096,7.57344,0
633.3,0.00696,4.64096,7.57344,0
633.4,0.00696,4.64096,7.57344,0
633.5,0.00696,4.64096,7.57344,0
633.6,0.00696,4.64095,7.57344,0
633.7,0.00696,4.64095,7.57344,0
633.8,0.00696,4.64095,7.57344,0
633.9,0.00696,4.64095,7.57344,0
634,0.00696,4.64095,7.57344,0
634.1,0.00696,4.64094,7.57344,0
634.2,0.00696,4.64094,7.57344,0
634.3,0.00696,4.64094,7.57344,0
634.4,0.00696,4.64093,7.57344,0
634.5,0.00696,4.64093,7.57344,0
634.6,0.00696,4.64093,7.57344,0
634.7,0.00696,4.64093,7.57344,0
634.8,0.00696,4.64092,7.57515,0
634.9,0.00696,4.64092,7.57344,0
635,0.00696,4.64091,7.57344,0
635.1,0.00696,4.64091,7.57344,0
635.2,0.00696,4.64091,7.57344,0
635.3,0.00695,4.64091,7.57344,0
635.4,0.00695,4.6409,7.57344,0
635.5,0.00695,4.6409,7.57344,0
635.6,0.00695,4.6409,7.57344,0
635.7,0.00695,4.6409,7.57344,0
635.8,0.00695,4.64089,7.57344,0
635.9,0.00695,4.64089,7.57344,0
636,0.00695,4.64089,7.57344,0
636.1,0.00695,4.64088,7.57344,0
636.2,0.00695,4.64088,7.57344,0
636.3,0.00695,4.64088,7.57344,0
636.4,0.00695,4.64087,7.57344,0
636.5,0.00695,4.64087,7.57344,0
636.6,0.00695,4.64086,7.57344,0
636.7,0.00695,4.64086,7.57344,0
636.8,0.00695,4.64086,7.57344,0
636.9,0.00695,4.64085,7.57344,0
637,0.00695,4.64085,7.57344,0
637.1,0.00695,4.64084,7.57344,0
637.2,0.00695,4.64084,7.57344,0
637.3,0.00695,4.64083,7.57344,0
637.4,0.00695,4.64083,7.57344,0
637.5,0.00695,4.64082,7.57344,0
637.6,0.00695,4.64082,7.57344,0
637.7,0.00695,4.64081,7.57344,0
637.8,0.00695,4.64081,7.57344,0
637.9,0.00695,4.6408,7.57344,0
638,0.00695,4.6408,7.57344,0
638.1,0.00695,4.64079,7.57344,0
638.2,0.00695,4.64079,7.57344,0
638.3,0.00695,4.64079,7.57344,0
638.4,0.00695,4.64078,7.57344,0
638.5,0.00695,4.64078,7.57344,0
638.6,0.00695,4.64077,7.57344,0
638.7,0.00695,4.64077,7.57344,0
638.8,0.00695,4.64076,7.57344,0
638.9,0.00694,4.64076,7.57344,0
639,0.00694,4.64076,7.57344,0
639.1,0.00694,4.64075,7.57344,0
639.2,0.00694,4.64075,7.57344,0
639.3,0.00694,4.64074,7.57344,0
639.4,0.00694,4.64074,7.57344,0
639.5,0.00694,4.64073,7.57344,0
639.6,0.00694,4.64073,7.57344,0
639.7,0.00694,4.64072,7.57344,0
639.8,0.00694,4.64072,7.57344,0
639.9,0.00694,4.64072,7.57344,0
640,0.00694,4.64071,7.57344,0
640.1,0.00694,4.64071,7.57344,0
640.2,0.00694,4.6407,7.57344,0
640.3,0.00694,4.6407,7.57344,0
640.4,0.00694,4.64069,7.57515,0
640.5,0.00694,4.64069,7.57344,0
640.6,0.00694,4.64068,7.57344,0
640.7,0.00694,4.64068,7.57515,0
640.8,0.00694,4.64067,7.57344,0
640.9,0.00694,4.64067,7.57515,0
641,0.00694,4.64066,7.57515,0
641.1,0.00694,4.64066,7.57515,0
641.2,0.00694,4.64065,7.57515,0
641.3,0.00694,4.64065,7.57344,0
641.4,0.00694,4.64064,7.57344,0
641.5,0.00694,4.64063,7.57344,0
641.6,0.00694,4.64063,7.57344,0
641.7,0.00694,4.64062,7.57344,0
641.8,0.00694,4.64062,7.57344,0
641.9,0.00694,4.64061,7.57515,0
642,0.00694,4.6406,7.57344,0
642.1,0.00694,4.6406,7.57344,0
642.2,0.00694,4.64059,7.57344,0
642.3,0.00694,4.64058,7.57515,0
642.4,0.00694,4.64057,7.57344,0
642.5,0.00694,4.64056,7.57344,0
642.6,0.00694,4.64056,7.57344,0
642.7,0.00694,4.64055,7.57344,0
642.8,0.00694,4.64054,7.57344,0
642.9,0.00694,4.64053,7.57344,0
643,0.00694,4.64052,7.57344,0
643.1,0.00694,4.64051,7.57344,0
643.2,0.00694,4.6405,7.57344,0
643.3,0.00694,4.64049,7.57344,0
643.4,0.00694,4.64048,7.57515,0
643.5,0.00694,4.64047,7.57515,0
643.6,0.00694,4.64046,7.57344,0
643.7,0.00694,4.64045,7.57344,0
643.8,0.00694,4.64044,7.57344,0
643.9,0.00694,4.64044,7.57515,0
644,0.00694,4.64043,7.57344,0
644.1,0.00694,4.64042,7.57344,0
644.2,0.00694,4.64041,7.57344,0
644.3,0.00694,4.6404,7.57344,0
644.4,0.00694,4.64039,7.57344,0
644.5,0.00694,4.64038,7.57344,0
644.6,0.00694,4.64037,7.57344,0
644.7,0.00694,4.64036,7.57344,0
644.8,0.00694,4.64035,7.57344,0
644.9,0.00694,4.64034,7.57515,0
645,0.00694,4.64033,7.57344,0
645.1,0.00694,4.64032,7.57344,0
645.2,0.00694,4.64031,7.57344,0
645.3,0.00694,4.6403,7.57515,0
645.4,0.00694,4.6403,7.57344,0
645.5,0.00694,4.64029,7.57344,0
645.6,0.00694,4.64028,7.57344,0
645.7,0.00694,4.64027,7.57344,0
645.8,0.00694,4.64026,7.57515,0
645.9,0.00694,4.64025,7.57344,0
646,0.00694,4.64024,7.57344,0
646.1,0.00694,4.64024,7.57344,0
646.2,0.00694,4.64023,7.57344,0
646.3,0.00694,4.64022,7.57344,0
646.4,0.00694,4.64021,7.57344,0
646.5,0.00694,4.6402,7.57344,0
646.6,0.00694,4.64019,7.57344,0
646.7,0.00694,4.64018,7.57344,0
646.8,0.00694,4.64017,7.57344,0
646.9,0.00694,4.64016,7.57344,0
647,0.00694,4.64016,7.57344,0
647.1,0.00694,4.64015,7.57344,0
647.2,0.00694,4.64014,7.57344,0
647.3,0.00694,4.64013,7.57515,0
647.4,0.00694,4.64012,7.57515,0
647.5,0.00694,4.64011,7.57344,0
647.6,0.00694,4.6401,7.57515,0
647.7,0.00694,4.64009,7.57344,0
647.8,0.00694,4.64009,7.57344,0
647.9,0.00694,4.64008,7.57515,0
648,0.00694,4.64007,7.57344,0
648.1,0.00694,4.64006,7.57515,0
648.2,0.00694,4.64005,7.57344,0
648.3,0.00694,4.64004,7.57344,0
648.4,0.00694,4.64004,7.57344,0
648.5,0.00694,4.64003,7.57344,0
648.6,0.00694,4.64002,7.57344,0
648.7,0.00694,4.64001,7.57344,0
648.8,0.00694,4.64,7.57344,0
648.9,0.00694,4.63999,7.57344,0
649,0.00694,4.63998,7.57344,0
649.1,0.00694,4.63997,7.57344,0
649.2,0.00694,4.63996,7.57344,0
649.3,0.00694,4.63995,7.57344,0
649.4,0.00694,4.63995,7.57344,0
649.5,0.00694,4.63994,7.57344,0
649.6,0.00694,4.63993,7.57344,0
649.7,0.00694,4.63992,7.57344,0
649.8,0.00694,4.63992,7.57344,0
649.9,0.00694,4.63991,7.57344,0
650,0.00694,4.6399,7.57344,0
650.1,0.00694,4.6399,7.57344,0
650.2,0.00694,4.63989,7.57344,0
650.3,0.00694,4.63988,7.57344,0
650.4,0.00694,4.63988,7.57515,0
650.5,0.00694,4.63987,7.57344,0
650.6,0.00694,4.63986,7.57515,0
650.7,0.00694,4.63985,7.57344,0
650.8,0.00694,4.63985,7.57344,0
650.9,0.00694,4.63984,7.57344,0
651,0.00694,4.63983,7.57344,0
651.1,0.00694,4.63983,7.57344,0
651.2,0.00694,4.63982,7.57344,0
651.3,0.00694,4.63981,7.57344,0
651.4,0.00694,4.6398,7.57344,0
651.5,0.00694,4.6398,7.57344,0
651.6,0.00694,4.63979,7.57344,0
651.7,0.00694,4.63978,7.57344,0
651.8,0.00694,4.63978,7.57344,0
651.9,0.00694,4.63977,7.57344,0
652,0.00694,4.63976,7.57344,0
652.1,0.00694,4.63975,7.57344,0
652.2,0.00694,4.63975,7.57344,0
652.3,0.00694,4.63974,7.57344,0
652.4,0.00694,4.63973,7.57344,0
652.5,0.00694,4.63972,7.57344,0
652.6,0.00694,4.63972,7.57344,0
652.7,0.00694,4.63971,7.57344,0
652.8,0.00694,4.6397,7.57344,0
652.9,0.00694,4.6397,7.57344,0
653,0.00694,4.63969,7.57344,0
653.1,0.00694,4.63968,7.57344,0
653.2,0.00694,4.63967,7.57344,0
653.3,0.00694,4.63967,7.57344,0
653.4,0.00694,4.63966,7.57344,0
653.5,0.00694,4.63965,7.57344,0
653.6,0.00694,4.63964,7.57344,0
653.7,0.00694,4.63964,7.57344,0
653.8,0.00694,4.63963,7.57344,0
653.9,0.00693,4.63962,7.57344,0
654,0.00693,4.63961,7.57344,0
654.1,0.00693,4.6396,7.57344,0
654.2,0.00693,4.63959,7.57344,0
654.3,0.00693,4.63959,7.57344,0
654.4,0.00693,4.63958,7.57344,0
654.5,0.00693,4.63957,7.57344,0
654.6,0.00693,4.63956,7.57344,0
654.7,0.00693,4.63955,7.57344,0
654.8,0.00693,4.63954,7.57344,0
654.9,0.00693,4.63953,7.57344,0
655,0.00693,4.63952,7.57344,0
655.1,0.00693,4.63951,7.57344,0
655.2,0.00693,4.6395,7.57344,0
655.3,0.00693,4.63948,7.57344,0
655.4,0.00693,4.63947,7.57344,0
655.5,0.00693,4.63946,7.57344,0
655.6,0.00693,4.63945,7.57344,0
655.7,0.00693,4.63944,7.57344,0
655.8,0.00693,4.63943,7.57344,0
655.9,0.00693,4.63942,7.57344,0
656,0.00693,4.63941,7.57344,0
656.1,0.00693,4.6394,7.57344,0
656.2,0.00693,4.63939,7.57344,0
656.3,0.00693,4.63938,7.57344,0
656.4,0.00693,4.63937,7.57344,0
656.5,0.00693,4.63936,7.57344,0
656.6,0.00693,4.63935,7.57344,0
656.7,0.00693,4.63934,7.57344,0
656.8,0.00693,4.63933,7.57344,0
656.9,0.00693,4.63932,7.57344,0
657,0.00693,4.63931,7.57344,0
657.1,0.00693,4.6393,7.57344,0
657.2,0.00693,4.63929,7.57344,0
657.3,0.00693,4.63928,7.57344,0
657.4,0.00693,4.63927,7.57344,0
657.5,0.00693,4.63926,7.57344,0
657.6,0.00693,4.63925,7.57344,0
657.7,0.00693,4.63924,7.57344,0
657.8,0.00693,4.63923,7.57344,0
657.9,0.00693,4.63922,7.57344,0
658,0.00693,4.6392,7.57344,0
658.1,0.00693,4.63919,7.57344,0
658.2,0.00693,4.63918,7.57344,0
658.3,0.00693,4.63917,7.57344,0
658.4,0.00693,4.63916,7.57344,0
658.5,0.00693,4.63915,7.57344,0
658.6,0.00693,4.63914,7.57344,0
658.7,0.00693,4.63913,7.57344,0
658.8,0.00693,4.63912,7.57344,0
658.9,0.00693,4.63911,7.57344,0
659,0.00693,4.6391,7.57344,0
659.1,0.00693,4.63909,7.57344,0
659.2,0.00693,4.63908,7.57344,0
659.3,0.00693,4.63907,7.57344,0
659.4,0.00693,4.63906,7.57344,0
659.5,0.00693,4.63906,7.57344,0
659.6,0.00693,4.63905,7.57344,0
659.7,0.00693,4.63904,7.57344,0
659.8,0.00693,4.63903,7.57344,0
659.9,0.00693,4.63902,7.57344,0
660,0.00693,4.63901,7.57344,0
660.1,0.00693,4.639,7.57344,0
660.2,0.00693,4.63898,7.57344,0
660.3,0.00693,4.63897,7.57344,0
660.4,0.00693,4.63896,7.57344,0
660.5,0.00693,4.63896,7.57344,0
660.6,0.00693,4.63895,7.57344,0
660.7,0.00693,4.63894,7.57344,0
660.8,0.00693,4.63893,7.57344,0
660.9,0.00693,4.63892,7.57344,0
661,0.00693,4.63891,7.57344,0
661.1,0.00693,4.6389,7.57344,0
661.2,0.00693,4.63889,7.57344,0
661.3,0.00693,4.63888,7.57344,0
661.4,0.00693,4.63887,7.57344,0
661.5,0.00693,4.63886,7.57344,0
661.6,0.00693,4.63885,7.57344,0
661.7,0.00693,4.63884,7.57344,0
661.8,0.00693,4.63883,7.57344,0
661.9,0.00693,4.63882,7.57344,0
662,0.00693,4.63881,7.57344,0
662.1,0.00693,4.63881,7.57344,0
662.2,0.00693,4.6388,7.57344,0
662.3,0.00693,4.63879,7.57344,0
662.4,0.00693,4.63878,7.57344,0
662.5,0.00694,4.63877,7.57344,0
662.6,0.00694,4.63876,7.57344,0
662.7,0.00694,4.63875,7.57344,0
662.8,0.00694,4.63874,7.57344,0
662.9,0.00694,4.63873,7.57344,0
663,0.00694,4.63872,7.57344,0
663.1,0.00694,4.63871,7.57344,0
663.2,0.00694,4.6387,7.57344,0
663.3,0.00694,4.63869,7.57344,0
663.4,0.00694,4.63868,7.57344,0
663.5,0.00694,4.63867,7.57344,0
663.6,0.00694,4.63866,7.57344,0
663.7,0.00694,4.63865,7.57344,0
663.8,0.00694,4.63863,7.57344,0
663.9,0.00694,4.63862,7.57344,0
664,0.00694,4.63861,7.57344,0
664.1,0.00694,4.6386,7.57344,0
664.2,0.00694,4.63858,7.57344,0
664.3,0.00694,4.63857,7.57344,0
664.4,0.00694,4.63856,7.57344,0
664.5,0.00694,4.63855,7.57344,0
664.6,0.00694,4.63853,7.57344,0
664.7,0.00694,4.63852,7.57344,0
664.8,0.00694,4.63851,7.57344,0
664.9,0.00694,4.63849,7.57344,0
665,0.00694,4.63848,7.57344,0
665.1,0.00694,4.63847,7.57344,0
665.2,0.00694,4.63845,7.57344,0
665.3,0.00694,4.63844,7.57344,0
665.4,0.00694,4.63842,7.57344,0
665.5,0.00694,4.63841,7.57344,0
665.6,0.00694,4.63839,7.57344,0
665.7,0.00694,4.63838,7.57344,0
665.8,0.00694,4.63837,7.57344,0
665.9,0.00694,4.63835,7.57344,0
666,0.00694,4.63834,7.57344,0
666.1,0.00694,4.63833,7.57344,0
666.2,0.00694,4.63831,7.57344,0
666.3,0.00694,4.6383,7.57344,0
666.4,0.00694,4.63828,7.57344,0
666.5,0.00694,4.63827,7.57344,0
666.6,0.00695,4.63826,7.57344,0
666.7,0.00695,4.63824,7.57344,0
666.8,0.00695,4.63823,7.57344,0
666.9,0.00695,4.63821,7.57344,0
667,0.00695,4.6382,7.57344,0
667.1,0.00695,4.63818,7.57344,0
667.2,0.00695,4.63817,7.57344,0
667.3,0.00695,4.63815,7.57344,0
667.4,0.00695,4.63814,7.57344,0
667.5,0.00695,4.63812,7.57344,0
667.6,0.00695,4.63811,7.57344,0
667.7,0.00695,4.63809,7.57344,0
667.8,0.00695,4.63808,7.57344,0
667.9,0.00695,4.63806,7.57344,0
668,0.00695,4.63805,7.57344,0
668.1,0.00695,4.63803,7.57515,0
668.2,0.00695,4.63802,7.57344,0
668.3,0.00695,4.638,7.57344,0
668.4,0.00695,4.63798,7.57344,0
668.5,0.00695,4.63797,7.57344,0
668.6,0.00695,4.63795,7.57344,0
668.7,0.00695,4.63794,7.57344,0
668.8,0.00695,4.63792,7.57344,0
668.9,0.00695,4.63791,7.57344,0
669,0.00695,4.63789,7.57344,0
669.1,0.00695,4.63787,7.57344,0
669.2,0.00695,4.63786,7.57344,0
669.3,0.00695,4.63784,7.57344,0
669.4,0.00695,4.63782,7.57344,0
669.5,0.00695,4.63781,7.57344,0
669.6,0.00695,4.63779,7.57344,0
669.7,0.00695,4.63778,7.57344,0
669.8,0.00695,4.63776,7.57344,0
669.9,0.00695,4.63775,7.57344,0
670,0.00695,4.63773,7.57344,0
670.1,0.00695,4.63772,7.57344,0
670.2,0.00695,4.6377,7.57344,0
670.3,0.00695,4.63769,7.57515,0
670.4,0.00695,4.63767,7.57344,0
670.5,0.00695,4.63766,7.57344,0
670.6,0.00695,4.63764,7.57344,0
670.7,0.00695,4.63763,7.57344,0
670.8,0.00695,4.63761,7.57344,0
670.9,0.00696,4.63759,7.57344,0
671,0.00696,4.63758,7.57344,0
671.1,0.00696,4.63756,7.57344,0
671.2,0.00696,4.63755,7.57344,0
671.3,0.00696,4.63753,7.57344,0
671.4,0.00696,4.63751,7.57344,0
671.5,0.00696,4.6375,7.57344,0
671.6,0.00696,4.63748,7.57344,0
671.7,0.00696,4.63747,7.57344,0
671.8,0.00696,4.63745,7.57344,0
671.9,0.00696,4.63743,7.57344,0
672,0.00696,4.63742,7.57344,0
672.1,0.00696,4.6374,7.57344,0
672.2,0.00696,4.63738,7.57344,0
672.3,0.00696,4.63737,7.57344,0
672.4,0.00696,4.63735,7.57344,0
672.5,0.00696,4.63734,7.57344,0
672.6,0.00696,4.63732,7.57344,0
672.7,0.00696,4.6373,7.57344,0
672.8,0.00696,4.63729,7.57344,0
672.9,0.00696,4.63727,7.57344,0
673,0.00696,4.63725,7.57344,0
673.1,0.00696,4.63724,7.57344,0
673.2,0.00696,4.63722,7.57344,0
673.3,0.00696,4.63721,7.57344,0
673.4,0.00696,4.63719,7.57344,0
673.5,0.00696,4.63717,7.57344,0
673.6,0.00696,4.63716,7.57344,0
673.7,0.00696,4.63714,7.57344,0
673.8,0.00696,4.63712,7.57344,0
673.9,0.00696,4.63711,7.57344,0
674,0.00696,4.63709,7.57344,0
674.1,0.00696,4.63708,7.57344,0
674.2,0.00696,4.63706,7.57344,0
674.3,0.00696,4.63704,7.57344,0
674.4,0.00696,4.63703,7.57344,0
674.5,0.00696,4.63701,7.57344,0
674.6,0.00696,4.63699,7.57344,0
674.7,0.00696,4.63698,7.57344,0
674.8,0.00696,4.63696,7.57344,0
674.9,0.00696,4.63694,7.57344,0
675,0.00696,4.63693,7.57344,0
675.1,0.00696,4.63691,7.57344,0
675.2,0.00696,4.63689,7.57344,0
675.3,0.00696,4.63688,7.57344,0
675.4,0.00696,4.63686,7.57344,0
675.5,0.00696,4.63684,7.57344,0
675.6,0.00696,4.63682,7.57344,0
675.7,0.00696,4.63681,7.57344,0
675.8,0.00696,4.63679,7.57344,0
675.9,0.00696,4.63677,7.57344,0
676,0.00696,4.63675,7.57344,0
676.1,0.00696,4.63673,7.57344,0
676.2,0.00696,4.63672,7.57344,0
676.3,0.00696,4.6367,7.57344,0
676.4,0.00696,4.63668,7.57344,0
676.5,0.00696,4.63666,7.57344,0
676.6,0.00696,4.63664,7.57344,0
676.7,0.00696,4.63663,7.57344,0
676.8,0.00696,4.63661,7.57344,0
676.9,0.00696,4.63659,7.57344,0
677,0.00696,4.63657,7.57344,0
677.1,0.00696,4.63655,7.57344,0
677.2,0.00696,4.63653,7.57344,0
677.3,0.00696,4.63651,7.57344,0
677.4,0.00696,4.63649,7.57344,0
677.5,0.00696,4.63647,7.57344,0
677.6,0.00696,4.63645,7.57344,0
677.7,0.00696,4.63643,7.57344,0
677.8,0.00696,4.63641,7.57344,0
677.9,0.00697,4.63639,7.57344,0
678,0.00697,4.63637,7.57344,0
678.1,0.00697,4.63635,7.57344,0
678.2,0.00697,4.63633,7.57344,0
678.3,0.00697,4.63631,7.57344,0
678.4,0.00697,4.63629,7.57344,0
678.5,0.00697,4.63627,7.57344,0
678.6,0.00697,4.63625,7.57344,0
678.7,0.00697,4.63623,7.57344,0
678.8,0.00697,4.63621,7.57344,0
678.9,0.00697,4.63618,7.57344,0
679,0.00697,4.63616,7.57344,0
679.1,0.00697,4.63614,7.57344,0
679.2,0.00697,4.63612,7.57344,0
679.3,0.00697,4.6361,7.57344,0
679.4,0.00697,4.63608,7.57344,0
679.5,0.00697,4.63606,7.57344,0
679.6,0.00697,4.63603,7.57344,0
679.7,0.00697,4.63601,7.57344,0
679.8,0.00697,4.63599,7.57344,0
679.9,0.00697,4.63597,7.57344,0
680,0.00697,4.63595,7.57344,0
680.1,0.00697,4.63592,7.57344,0
680.2,0.00697,4.6359,7.57344,0
680.3,0.00697,4.63588,7.57344,0
680.4,0.00697,4.63586,7.57344,0
680.5,0.00697,4.63583,7.57344,0
680.6,0.00697,4.63581,7.57344,0
680.7,0.00697,4.63579,7.57344,0
680.8,0.00697,4.63577,7.57344,0
680.9,0.00697,4.63574,7.57344,0
681,0.00697,4.63572,7.57344,0
681.1,0.00697,4.6357,7.57344,0
681.2,0.00697,4.63567,7.57344,0
681.3,0.00697,4.63565,7.57344,0
681.4,0.00697,4.63563,7.57344,0
681.5,0.00697,4.6356,7.57344,0
681.6,0.00697,4.63558,7.57344,0
681.7,0.00697,4.63555,7.57344,0
681.8,0.00697,4.63553,7.57176,0
681.9,0.00697,4.6355,7.57344,0
682,0.00697,4.63548,7.57344,0
682.1,0.00697,4.63546,7.57344,0
682.2,0.00697,4.63543,7.57344,0
682.3,0.00697,4.63541,7.57344,0
682.4,0.00697,4.63538,7.57344,0
682.5,0.00697,4.63536,7.57344,0
682.6,0.00697,4.63534,7.57344,0
682.7,0.00697,4.63531,7.57344,0
682.8,0.00697,4.63529,7.57344,0
682.9,0.00697,4.63526,7.57344,0
683,0.00697,4.63524,7.57344,0
683.1,0.00697,4.63521,7.57344,0
683.2,0.00697,4.63518,7.57344,0
683.3,0.00697,4.63516,7.57344,0
683.4,0.00697,4.63513,7.57344,0
683.5,0.00697,4.6351,7.57344,0
683.6,0.00697,4.63508,7.57344,0
683.7,0.00697,4.63505,7.57344,0
683.8,0.00697,4.63503,7.57344,0
683.9,0.00697,4.635,7.57344,0
684,0.00697,4.63497,7.57344,0
684.1,0.00697,4.63495,7.57344,0
684.2,0.00698,4.63492,7.57344,0
684.3,0.00698,4.63489,7.57344,0
684.4,0.00698,4.63487,7.57344,0
684.5,0.00698,4.63484,7.57344,0
684.6,0.00698,4.63482,7.57344,0
684.7,0.00698,4.63479,7.57344,0
684.8,0.00698,4.63476,7.57344,0
684.9,0.00698,4.63474,7.57344,0
685,0.00698,4.63471,7.57344,0
685.1,0.00698,4.63469,7.57344,0
685.2,0.00698,4.63466,7.57344,0
685.3,0.00698,4.63463,7.57344,0
685.4,0.00698,4.63461,7.57344,0
685.5,0.00698,4.63458,7.57344,0
685.6,0.00698,4.63456,7.57344,0
685.7,0.00698,4.63453,7.57344,0
685.8,0.00698,4.63451,7.57344,0
685.9,0.00698,4.63448,7.57344,0
686,0.00698,4.63445,7.57344,0
686.1,0.00698,4.63443,7.57344,0
686.2,0.00698,4.6344,7.57344,0
686.3,0.00698,4.63437,7.57344,0
686.4,0.00698,4.63435,7.57176,0
686.5,0.00698,4.63432,7.57176,0
686.6,0.00698,4.63429,7.57344,0
686.7,0.00698,4.63427,7.57344,0
686.8,0.00698,4.63424,7.57344,0
686.9,0.00698,4.63421,7.57344,0
687,0.00698,4.63418,7.57176,0
687.1,0.00698,4.63416,7.57344,0
687.2,0.00698,4.63413,7.57344,0
687.3,0.00698,4.6341,7.57344,0
687.4,0.00698,4.63408,7.57344,0
687.5,0.00698,4.63405,7.57176,0
687.6,0.00698,4.63402,7.57344,0
687.7,0.00698,4.63399,7.57176,0
687.8,0.00698,4.63397,7.57176,0
687.9,0.00699,4.63394,7.57344,0
688,0.00699,4.63391,7.57344,0
688.1,0.00699,4.63388,7.57344,0
688.2,0.00699,4.63385,7.57176,0
688.3,0.00699,4.63383,7.57176,0
688.4,0.00699,4.6338,7.57176,0
688.5,0.00699,4.63377,7.57176,0
688.6,0.00699,4.63374,7.57344,0
688.7,0.00699,4.63371,7.57344,0
688.8,0.00699,4.63368,7.57344,0
688.9,0.00699,4.63366,7.57344,0
689,0.00699,4.63363,7.57344,0
689.1,0.00699,4.6336,7.57344,0
689.2,0.00699,4.63357,7.57344,0
689.3,0.00699,4.63355,7.57344,0
689.4,0.00699,4.63352,7.57344,0
689.5,0.00699,4.63349,7.57344,0
689.6,0.00699,4.63346,7.57344,0
689.7,0.00699,4.63343,7.57344,0
689.8,0.00699,4.6334,7.57344,0
689.9,0.00699,4.63337,7.57344,0
690,0.00699,4.63335,7.57344,0
690.1,0.00699,4.63332,7.57176,0
690.2,0.00699,4.63329,7.57344,0
690.3,0.00699,4.63326,7.57344,0
690.4,0.00699,4.63323,7.57176,0
690.5,0.00699,4.6332,7.57344,0
690.6,0.00699,4.63317,7.57344,0
690.7,0.00699,4.63314,7.57344,0
690.8,0.00699,4.63311,7.57344,0
690.9,0.00699,4.63308,7.57176,0
691,0.00699,4.63306,7.57176,0
691.1,0.00699,4.63303,7.57344,0
691.2,0.00699,4.633,7.57344,0
691.3,0.00699,4.63297,7.57344,0
691.4,0.00699,4.63294,7.57344,0
691.5,0.00699,4.63291,7.57344,0
691.6,0.00699,4.63288,7.57344,0
691.7,0.00699,4.63285,7.57344,0
691.8,0.00699,4.63282,7.57344,0
691.9,0.00699,4.63279,7.57344,0
692,0.00699,4.63276,7.57344,0
692.1,0.00699,4.63273,7.57344,0
692.2,0.00699,4.6327,7.57344,0
692.3,0.00699,4.63267,7.57344,0
692.4,0.00699,4.63264,7.57176,0
692.5,0.00699,4.63261,7.57176,0
692.6,0.00699,4.63257,7.57176,0
692.7,0.00699,4.63254,7.57176,0
692.8,0.00699,4.63251,7.57176,0
692.9,0.00699,4.63248,7.57176,0
693,0.00699,4.63245,7.57176,0
693.1,0.00699,4.63242,7.57344,0
693.2,0.00699,4.63239,7.57344,0
693.3,0.00699,4.63236,7.57344,0
693.4,0.00699,4.63232,7.57344,0
693.5,0.00699,4.63229,7.57344,0
693.6,0.00699,4.63226,7.57176,0
693.7,0.00699,4.63223,7.57176,0
693.8,0.00699,4.6322,7.57344,0
693.9,0.00699,4.63217,7.57176,0
694,0.00699,4.63213,7.57344,0
694.1,0.00699,4.6321,7.57176,0
694.2,0.00699,4.63207,7.57176,0
694.3,0.00699,4.63204,7.57344,0
694.4,0.00699,4.63201,7.57176,0
694.5,0.007,4.63198,7.57176,0
694.6,0.007,4.63195,7.57344,0
694.7,0.007,4.63192,7.57344,0
694.8,0.007,4.63189,7.57344,0
694.9,0.007,4.63186,7.57344,0
695,0.007,4.63183,7.57176,0
695.1,0.007,4.6318,7.57176,0
695.2,0.007,4.63177,7.57344,0
695.3,0.007,4.63174,7.57176,0
695.4,0.007,4.63171,7.57344,0
695.5,0.007,4.63168,7.57344,0
695.6,0.007,4.63165,7.57344,0
695.7,0.007,4.63162,7.57344,0
695.8,0.007,4.63158,7.57344,0
695.9,0.007,4.63155,7.57344,0
696,0.007,4.63152,7.57344,0
696.1,0.007,4.63149,7.57344,0
696.2,0.007,4.63145,7.57344,0
696.3,0.007,4.63142,7.57344,0
696.4,0.007,4.63139,7.57176,0
696.5,0.007,4.63136,7.57176,0
696.6,0.007,4.63132,7.57176,0
696.7,0.007,4.63129,7.57344,0
696.8,0.007,4.63126,7.57176,0
696.9,0.007,4.63123,7.57344,0
697,0.007,4.6312,7.57176,0
697.1,0.007,4.63117,7.57344,0
697.2,0.007,4.63114,7.57344,0
697.3,0.007,4.63111,7.57344,0
697.4,0.007,4.63108,7.57344,0
697.5,0.007,4.63105,7.57344,0
697.6,0.007,4.63102,7.57344,0
697.7,0.007,4.63099,7.57344,0
697.8,0.007,4.63096,7.57344,0
697.9,0.007,4.63093,7.57344,0
698,0.007,4.6309,7.57344,0
698.1,0.007,4.63087,7.57344,0
698.2,0.007,4.63084,7.57344,0
698.3,0.007,4.63081,7.57344,0
698.4,0.00701,4.63079,7.57344,0
698.5,0.00701,4.63076,7.57344,0
698.6,0.00701,4.63073,7.57344,0
698.7,0.00701,4.6307,7.57176,0
698.8,0.00701,4.63068,7.57176,0
698.9,0.00701,4.63065,7.57344,0
699,0.00701,4.63062,7.57344,0
699.1,0.00701,4.63059,7.57176,0
699.2,0.00701,4.63056,7.57344,0
699.3,0.00701,4.63054,7.57344,0
699.4,0.00701,4.63051,7.57344,0
699.5,0.00701,4.63048,7.57344,0
699.6,0.00701,4.63046,7.57344,0
699.7,0.00701,4.63043,7.57344,0
699.8,0.00701,4.6304,7.57344,0
699.9,0.00701,4.63038,7.57344,0
700,0.00701,4.63035,7.57344,0
700.1,0.00701,4.63032,7.57344,0
700.2,0.00701,4.6303,7.57344,0
700.3,0.00701,4.63027,7.57344,0
700.4,0.00701,4.63025,7.57344,0
700.5,0.00701,4.63022,7.57344,0
700.6,0.00701,4.63019,7.57344,0
700.7,0.00701,4.63017,7.57344,0
700.8,0.00701,4.63014,7.57344,0
700.9,0.00701,4.63012,7.57344,0
701,0.00701,4.63009,7.57344,0
701.1,0.00701,4.63007,7.57344,0
701.2,0.00701,4.63004,7.57344,0
701.3,0.00701,4.63002,7.57344,0
701.4,0.00701,4.62999,7.57344,0
701.5,0.00701,4.62997,7.57344,0
701.6,0.00701,4.62994,7.57344,0
701.7,0.00701,4.62992,7.57344,0
701.8,0.00701,4.6299,7.57344,0
701.9,0.00701,4.62987,7.57344,0
702,0.00701,4.62985,7.57344,0
702.1,0.00701,4.62982,7.57344,0
702.2,0.00701,4.6298,7.57344,0
702.3,0.00702,4.62978,7.57344,0
702.4,0.00702,4.62976,7.57344,0
702.5,0.00702,4.62973,7.57344,0
702.6,0.00702,4.62971,7.57344,0
702.7,0.00702,4.62969,7.57344,0
702.8,0.00702,4.62967,7.57344,0
702.9,0.00702,4.62965,7.57344,0
703,0.00702,4.62962,7.57344,0
703.1,0.00702,4.6296,7.57344,0
703.2,0.00702,4.62958,7.57344,0
703.3,0.00702,4.62956,7.57344,0
703.4,0.00702,4.62953,7.57344,0
703.5,0.00702,4.62951,7.57344,0
703.6,0.00702,4.62949,7.57344,0
703.7,0.00702,4.62947,7.57344,0
703.8,0.00702,4.62945,7.57344,0
703.9,0.00702,4.62942,7.57344,0
704,0.00702,4.6294,7.57344,0
704.1,0.00702,4.62938,7.57344,0
704.2,0.00702,4.62936,7.57344,0
704.3,0.00702,4.62934,7.57344,0
704.4,0.00702,4.62931,7.57344,0
704.5,0.00702,4.62929,7.57344,0
704.6,0.00702,4.62927,7.57344,0
704.7,0.00702,4.62925,7.57344,0
704.8,0.00702,4.62923,7.57344,0
704.9,0.00702,4.6292,7.57344,0
705,0.00702,4.62918,7.57344,0
705.1,0.00702,4.62916,7.57344,0
705.2,0.00702,4.62914,7.57344,0
705.3,0.00702,4.62912,7.57344,0
705.4,0.00702,4.6291,7.57344,0
705.5,0.00702,4.62908,7.57344,0
705.6,0.00702,4.62905,7.57344,0
705.7,0.00702,4.62903,7.57344,0
705.8,0.00702,4.62901,7.57344,0
705.9,0.00702,4.62899,7.57344,0
706,0.00702,4.62897,7.57344,0
706.1,0.00702,4.62895,7.57344,0
706.2,0.00702,4.62893,7.57344,0
706.3,0.00702,4.62891,7.57344,0
706.4,0.00703,4.62889,7.57344,0
706.5,0.00703,4.62887,7.57344,0
706.6,0.00703,4.62885,7.57344,0
706.7,0.00703,4.62883,7.57344,0
706.8,0.00703,4.62881,7.57344,0
706.9,0.00703,4.62879,7.57344,0
707,0.00703,4.62877,7.57344,0
707.1,0.00703,4.62875,7.57344,0
707.2,0.00703,4.62872,7.57344,0
707.3,0.00703,4.6287,7.57344,0
707.4,0.00703,4.62868,7.57344,0
707.5,0.00703,4.62866,7.57344,0
707.6,0.00703,4.62864,7.57344,0
707.7,0.00703,4.62862,7.57344,0
707.8,0.00703,4.6286,7.57344,0
707.9,0.00703,4.62858,7.57344,0
708,0.00703,4.62857,7.57344,0
708.1,0.00703,4.62855,7.57344,0
708.2,0.00703,4.62853,7.57344,0
708.3,0.00703,4.62851,7.57344,0
708.4,0.00703,4.62849,7.57176,0
708.5,0.00703,4.62847,7.57344,0
708.6,0.00703,4.62845,7.57344,0
708.7,0.00703,4.62843,7.57344,0
708.8,0.00703,4.62841,7.57344,0
708.9,0.00703,4.62839,7.57344,0
709,0.00703,4.62838,7.57344,0
709.1,0.00703,4.62836,7.57344,0
709.2,0.00703,4.62834,7.57344,0
709.3,0.00703,4.62832,7.57344,0
709.4,0.00703,4.62831,7.57344,0
709.5,0.00703,4.62829,7.57344,0
709.6,0.00703,4.62827,7.57344,0
709.7,0.00703,4.62825,7.57344,0
709.8,0.00703,4.62824,7.57344,0
709.9,0.00703,4.62822,7.57344,0
710,0.00703,4.62821,7.57515,0
710.1,0.00703,4.62819,7.57344,0
710.2,0.00703,4.62817,7.57344,0
710.3,0.00703,4.62816,7.57344,0
710.4,0.00703,4.62814,7.57344,0
710.5,0.00703,4.62812,7.57515,0
710.6,0.00703,4.62811,7.57515,0
710.7,0.00703,4.6281,7.57344,0
710.8,0.00703,4.62808,7.57344,0
710.9,0.00703,4.62807,7.57344,0
711,0.00703,4.62805,7.57344,0
711.1,0.00704,4.62804,7.57344,0
711.2,0.00704,4.62802,7.57344,0
711.3,0.00704,4.62801,7.57344,0
711.4,0.00704,4.628,7.57344,0
711.5,0.00704,4.62798,7.57344,0
711.6,0.00704,4.62797,7.57344,0
711.7,0.00704,4.62795,7.57344,0
711.8,0.00704,4.62794,7.57344,0
711.9,0.00704,4.62793,7.57344,0
712,0.00704,4.62792,7.57344,0
712.1,0.00704,4.6279,7.57344,0
712.2,0.00704,4.62789,7.57344,0
712.3,0.00704,4.62788,7.57344,0
712.4,0.00704,4.62787,7.57344,0
712.5,0.00704,4.62785,7.57344,0
712.6,0.00704,4.62784,7.57344,0
712.7,0.00704,4.62783,7.57515,0
712.8,0.00704,4.62782,7.57344,0
712.9,0.00704,4.62781,7.57344,0
713,0.00704,4.6278,7.57344,0
713.1,0.00704,4.62779,7.57344,0
713.2,0.00704,4.62778,7.57344,0
713.3,0.00704,4.62777,7.57344,0
713.4,0.00704,4.62776,7.57344,0
713.5,0.00704,4.62775,7.57344,0
713.6,0.00704,4.62774,7.57344,0
713.7,0.00704,4.62773,7.57344,0
713.8,0.00704,4.62772,7.57344,0
713.9,0.00704,4.62771,7.57515,0
714,0.00704,4.6277,7.57344,0
714.1,0.00704,4.62769,7.57344,0
714.2,0.00704,4.62768,7.57515,0
714.3,0.00705,4.62768,7.57344,0
714.4,0.00705,4.62767,7.57344,0
714.5,0.00705,4.62766,7.57344,0
714.6,0.00705,4.62765,7.57344,0
714.7,0.00705,4.62764,7.57515,0
714.8,0.00705,4.62763,7.57515,0
714.9,0.00705,4.62763,7.57515,0
715,0.00705,4.62762,7.57344,0
715.1,0.00705,4.62761,7.57344,0
715.2,0.00705,4.62761,7.57344,0
715.3,0.00705,4.6276,7.57344,0
715.4,0.00705,4.6276,7.57344,0
715.5,0.00705,4.62759,7.57344,0
715.6,0.00705,4.62759,7.57515,0
715.7,0.00705,4.62758,7.57515,0
715.8,0.00705,4.62758,7.57344,0
715.9,0.00705,4.62757,7.57515,0
716,0.00705,4.62757,7.57344,0
716.1,0.00705,4.62757,7.57344,0
716.2,0.00705,4.62756,7.57515,0
716.3,0.00705,4.62756,7.57344,0
716.4,0.00705,4.62756,7.57344,0
716.5,0.00705,4.62755,7.57344,0
716.6,0.00705,4.62755,7.57344,0
716.7,0.00705,4.62755,7.57344,0
716.8,0.00705,4.62755,7.57344,0
716.9,0.00705,4.62755,7.57344,0
717,0.00705,4.62754,7.57344,0
717.1,0.00705,4.62754,7.57344,0
717.2,0.00705,4.62754,7.57515,0
717.3,0.00705,4.62754,7.57515,0
717.4,0.00705,4.62754,7.57515,0
717.5,0.00706,4.62754,7.57344,0
717.6,0.00706,4.62754,7.57344,0
717.7,0.00706,4.62754,7.57515,0
717.8,0.00706,4.62754,7.57344,0
717.9,0.00706,4.62754,7.57515,0
718,0.00706,4.62754,7.57344,0
718.1,0.00706,4.62753,7.57344,0
718.2,0.00706,4.62754,7.57344,0
718.3,0.00706,4.62754,7.57515,0
718.4,0.00706,4.62754,7.57515,0
718.5,0.00706,4.62754,7.57344,0
718.6,0.00706,4.62754,7.57344,0
718.7,0.00706,4.62754,7.57344,0
718.8,0.00706,4.62754,7.57344,0
718.9,0.00706,4.62755,7.57344,0
719,0.00706,4.62755,7.57344,0
719.1,0.00706,4.62755,7.57515,0
719.2,0.00706,4.62755,7.57344,0
719.3,0.00706,4.62756,7.57344,0
719.4,0.00706,4.62756,7.57515,0
719.5,0.00706,4.62756,7.57344,0
719.6,0.00706,4.62757,7.57515,0
719.7,0.00706,4.62757,7.57344,0
719.8,0.00706,4.62757,7.57515,0
719.9,0.00706,4.62758,7.57515,0
720,0.00706,4.62758,7.57515,0
720.1,0.00706,4.62758,7.57344,0
720.2,0.00706,4.62759,7.57344,0
720.3,0.00706,4.62759,7.57515,0
720.4,0.00706,4.62759,7.57515,0
720.5,0.00706,4.62759,7.57515,0
720.6,0.00706,4.6276,7.57344,0
720.7,0.00706,4.6276,7.57515,0
720.8,0.00706,4.6276,7.57515,0
720.9,0.00706,4.62761,7.57515,0
721,0.00706,4.62761,7.57515,0
721.1,0.00706,4.62761,7.57515,0
721.2,0.00706,4.62761,7.57344,0
721.3,0.00706,4.62762,7.57515,0
721.4,0.00706,4.62762,7.57515,0
721.5,0.00706,4.62762,7.57515,0
721.6,0.00706,4.62762,7.57515,0
721.7,0.00706,4.62762,7.57515,0
721.8,0.00706,4.62763,7.57344,0
721.9,0.00706,4.62763,7.57344,0
722,0.00706,4.62763,7.57344,0
722.1,0.00706,4.62763,7.57344,0
722.2,0.00706,4.62763,7.57344,0
722.3,0.00706,4.62764,7.57344,0
722.4,0.00706,4.62764,7.57344,0
722.5,0.00707,4.62764,7.57344,0
722.6,0.00707,4.62764,7.57344,0
722.7,0.00707,4.62764,7.57344,0
722.8,0.00707,4.62764,7.57344,0
722.9,0.00707,4.62764,7.57344,0
723,0.00707,4.62764,7.57515,0
723.1,0.00707,4.62764,7.57344,0
723.2,0.00707,4.62764,7.57344,0
723.3,0.00707,4.62764,7.57344,0
723.4,0.00707,4.62764,7.57344,0
723.5,0.00707,4.62764,7.57344,0
723.6,0.00707,4.62764,7.57344,0
723.7,0.00707,4.62763,7.57344,0
723.8,0.00707,4.62763,7.57344,0
723.9,0.00707,4.62763,7.57344,0
724,0.00707,4.62763,7.57344,0
724.1,0.00707,4.62762,7.57344,0
724.2,0.00707,4.62762,7.57344,0
724.3,0.00707,4.62762,7.57344,0
724.4,0.00707,4.62761,7.57344,0
724.5,0.00707,4.62761,7.57344,0
724.6,0.00707,4.6276,7.57344,0
724.7,0.00707,4.6276,7.57344,0
724.8,0.00707,4.62759,7.57344,0
724.9,0.00707,4.62759,7.57344,0
725,0.00707,4.62758,7.57344,0
725.1,0.00707,4.62758,7.57344,0
725.2,0.00707,4.62757,7.57344,0
725.3,0.00707,4.62757,7.57344,0
725.4,0.00707,4.62756,7.57344,0
725.5,0.00707,4.62755,7.57344,0
725.6,0.00707,4.62755,7.57344,0
725.7,0.00707,4.62754,7.57515,0
725.8,0.00707,4.62753,7.57344,0
725.9,0.00707,4.62753,7.57344,0
726,0.00708,4.62752,7.57344,0
726.1,0.00708,4.62751,7.57344,0
726.2,0.00708,4.62751,7.57344,0
726.3,0.00708,4.6275,7.57344,0
726.4,0.00708,4.62749,7.57344,0
726.5,0.00708,4.62749,7.57344,0
726.6,0.00708,4.62748,7.57344,0
726.7,0.00708,4.62748,7.57344,0
726.8,0.00708,4.62747,7.57344,0
726.9,0.00708,4.62746,7.57344,0
727,0.00708,4.62746,7.57344,0
727.1,0.00708,4.62745,7.57344,0
727.2,0.00708,4.62744,7.57344,0
727.3,0.00708,4.62744,7.57344,0
727.4,0.00708,4.62743,7.57344,0
727.5,0.00708,4.62742,7.57344,0
727.6,0.00708,4.62742,7.57344,0
727.7,0.00708,4.62741,7.57344,0
727.8,0.00708,4.6274,7.57344,0
727.9,0.00708,4.6274,7.57344,0
728,0.00708,4.62739,7.57344,0
728.1,0.00708,4.62738,7.57344,0
728.2,0.00708,4.62738,7.57344,0
728.3,0.00708,4.62737,7.57344,0
728.4,0.00708,4.62736,7.57344,0
728.5,0.00708,4.62736,7.57344,0
728.6,0.00708,4.62735,7.57344,0
728.7,0.00708,4.62735,7.57344,0
728.8,0.00708,4.62734,7.57344,0
728.9,0.00708,4.62734,7.57344,0
729,0.00708,4.62733,7.57344,0
729.1,0.00708,4.62732,7.57344,0
729.2,0.00708,4.62732,7.57344,0
729.3,0.00707,4.62731,7.57344,0
729.4,0.00707,4.62731,7.57344,0
729.5,0.00707,4.6273,7.57344,0
729.6,0.00707,4.62729,7.57344,0
729.7,0.00707,4.62729,7.57344,0
729.8,0.00707,4.62728,7.57344,0
729.9,0.00707,4.62728,7.57344,0
730,0.00707,4.62727,7.57344,0
730.1,0.00707,4.62726,7.57515,0
730.2,0.00707,4.62726,7.57344,0
730.3,0.00707,4.62725,7.57344,0
730.4,0.00707,4.62725,7.57344,0
730.5,0.00707,4.62724,7.57344,0
730.6,0.00707,4.62724,7.57515,0
730.7,0.00707,4.62724,7.57344,0
730.8,0.00707,4.62723,7.57344,0
730.9,0.00707,4.62723,7.57515,0
731,0.00707,4.62722,7.57344,0
731.1,0.00707,4.62722,7.57344,0
731.2,0.00707,4.62721,7.57344,0
731.3,0.00707,4.62721,7.57344,0
731.4,0.00707,4.6272,7.57344,0
731.5,0.00707,4.6272,7.57344,0
731.6,0.00707,4.62719,7.57344,0
731.7,0.00707,4.62719,7.57344,0
731.8,0.00707,4.62718,7.57344,0
731.9,0.00707,4.62717,7.57344,0
732,0.00707,4.62717,7.57344,0
732.1,0.00707,4.62716,7.57344,0
732.2,0.00707,4.62715,7.57344,0
732.3,0.00707,4.62715,7.57344,0
732.4,0.00707,4.62714,7.57344,0
732.5,0.00707,4.62714,7.57344,0
732.6,0.00707,4.62713,7.57344,0
732.7,0.00707,4.62712,7.57344,0
732.8,0.00707,4.62712,7.57344,0
732.9,0.00707,4.62711,7.57344,0
733,0.00707,4.62711,7.57344,0
733.1,0.00707,4.6271,7.57344,0
733.2,0.00707,4.6271,7.57344,0
733.3,0.00707,4.62709,7.57344,0
733.4,0.00707,4.62709,7.57344,0
733.5,0.00707,4.62708,7.57344,0
733.6,0.00707,4.62708,7.57344,0
733.7,0.00707,4.62708,7.57344,0
733.8,0.00707,4.62707,7.57344,0
733.9,0.00707,4.62707,7.57344,0
734,0.00707,4.62707,7.57344,0
734.1,0.00707,4.62706,7.57344,0
734.2,0.00707,4.62706,7.57344,0
734.3,0.00707,4.62706,7.57515,0
734.4,0.00707,4.62705,7.57344,0
734.5,0.00707,4.62705,7.57344,0
734.6,0.00707,4.62705,7.57344,0
734.7,0.00707,4.62705,7.57344,0
734.8,0.00707,4.62704,7.57344,0
734.9,0.00707,4.62704,7.57344,0
735,0.00707,4.62704,7.57344,0
735.1,0.00707,4.62704,7.57344,0
735.2,0.00707,4.62703,7.57515,0
735.3,0.00707,4.62703,7.57515,0
735.4,0.00707,4.62703,7.57344,0
735.5,0.00706,4.62703,7.57344,0
735.6,0.00706,4.62703,7.57344,0
735.7,0.00706,4.62702,7.57344,0
735.8,0.00706,4.62702,7.57344,0
735.9,0.00706,4.62702,7.57515,0
736,0.00706,4.62702,7.57344,0
736.1,0.00706,4.62702,7.57344,0
736.2,0.00706,4.62701,7.57515,0
736.3,0.00706,4.62701,7.57344,0
736.4,0.00706,4.62701,7.57344,0
736.5,0.00706,4.62701,7.57344,0
736.6,0.00706,4.62701,7.57344,0
736.7,0.00706,4.62701,7.57344,0
736.8,0.00706,4.62701,7.57344,0
736.9,0.00706,4.62701,7.57344,0
737,0.00706,4.62701,7.57344,0
737.1,0.00706,4.62701,7.57344,0
737.2,0.00706,4.62702,7.57344,0
737.3,0.00706,4.62702,7.57344,0
737.4,0.00706,4.62702,7.57344,0
737.5,0.00706,4.62702,7.57344,0
737.6,0.00706,4.62702,7.57344,0
737.7,0.00706,4.62703,7.57344,0
737.8,0.00706,4.62703,7.57344,0
737.9,0.00706,4.62703,7.57344,0
738,0.00706,4.62703,7.57344,0
738.1,0.00706,4.62704,7.57344,0
738.2,0.00706,4.62704,7.57344,0
738.3,0.00706,4.62704,7.57344,0
738.4,0.00706,4.62704,7.57344,0
738.5,0.00706,4.62705,7.57344,0
738.6,0.00706,4.62705,7.57344,0
738.7,0.00706,4.62705,7.57344,0
738.8,0.00706,4.62706,7.57515,0
738.9,0.00706,4.62706,7.57344,0
739,0.00706,4.62706,7.57515,0
739.1,0.00706,4.62707,7.57344,0
739.2,0.00706,4.62707,7.57344,0
739.3,0.00706,4.62707,7.57344,0
739.4,0.00706,4.62708,7.57344,0
739.5,0.00706,4.62708,7.57344,0
739.6,0.00706,4.62708,7.57515,0
739.7,0.00706,4.62708,7.57515,0
739.8,0.00706,4.62709,7.57344,0
739.9,0.00706,4.62709,7.57515,0
740,0.00706,4.62709,7.57344,0
740.1,0.00706,4.62709,7.57515,0
740.2,0.00706,4.62709,7.57344,0
740.3,0.00706,4.6271,7.57344,0
740.4,0.00706,4.6271,7.57515,0
740.5,0.00706,4.6271,7.57515,0
740.6,0.00706,4.6271,7.57344,0
740.7,0.00706,4.6271,7.57344,0
740.8,0.00706,4.62711,7.57344,0
740.9,0.00706,4.62711,7.57344,0
741,0.00706,4.62711,7.57344,0
741.1,0.00706,4.62712,7.57344,0
741.2,0.00706,4.62712,7.57344,0
741.3,0.00706,4.62712,7.57344,0
741.4,0.00706,4.62712,7.57344,0
741.5,0.00706,4.62713,7.57344,0
741.6,0.00705,4.62713,7.57344,0
741.7,0.00705,4.62713,7.57344,0
741.8,0.00705,4.62714,7.57344,0
741.9,0.00705,4.62714,7.57344,0
742,0.00705,4.62714,7.57344,0
742.1,0.00705,4.62715,7.57344,0
742.2,0.00705,4.62715,7.57344,0
742.3,0.00705,4.62716,7.57344,0
742.4,0.00705,4.62716,7.57344,0
742.5,0.00705,4.62716,7.57344,0
742.6,0.00705,4.62717,7.57515,0
742.7,0.00705,4.62717,7.57515,0
742.8,0.00705,4.62718,7.57344,0
742.9,0.00705,4.62718,7.57344,0
743,0.00705,4.62719,7.57344,0
743.1,0.00705,4.62719,7.57515,0
743.2,0.00705,4.6272,7.57515,0
743.3,0.00705,4.6272,7.57515,0
743.4,0.00705,4.62721,7.57344,0
743.5,0.00705,4.62721,7.57515,0
743.6,0.00705,4.62722,7.57344,0
743.7,0.00705,4.62723,7.57344,0
743.8,0.00705,4.62723,7.57344,0
743.9,0.00705,4.62724,7.57344,0
744,0.00705,4.62724,7.57344,0
744.1,0.00705,4.62725,7.57344,0
744.2,0.00705,4.62726,7.57515,0
744.3,0.00705,4.62726,7.57344,0
744.4,0.00705,4.62727,7.57344,0
744.5,0.00705,4.62728,7.57344,0
744.6,0.00705,4.62728,7.57344,0
744.7,0.00705,4.62729,7.57344,0
744.8,0.00705,4.6273,7.57344,0
744.9,0.00705,4.6273,7.57344,0
745,0.00705,4.62731,7.57344,0
745.1,0.00705,4.62732,7.57344,0
745.2,0.00705,4.62732,7.57344,0
745.3,0.00705,4.62733,7.57344,0
745.4,0.00705,4.62734,7.57344,0
745.5,0.00704,4.62735,7.57344,0
745.6,0.00704,4.62736,7.57344,0
745.7,0.00704,4.62736,7.57344,0
745.8,0.00704,4.62737,7.57344,0
745.9,0.00704,4.62738,7.57344,0
746,0.00704,4.62739,7.57344,0
746.1,0.00704,4.6274,7.57344,0
746.2,0.00704,4.6274,7.57344,0
746.3,0.00704,4.62741,7.57344,0
746.4,0.00704,4.62742,7.57344,0
746.5,0.00704,4.62743,7.57515,0
746.6,0.00704,4.62744,7.57344,0
746.7,0.00704,4.62744,7.57515,0
746.8,0.00704,4.62745,7.57515,0
746.9,0.00704,4.62746,7.57344,0
747,0.00704,4.62747,7.57344,0
747.1,0.00704,4.62748,7.57344,0
747.2,0.00704,4.62749,7.57515,0
747.3,0.00704,4.6275,7.57515,0
747.4,0.00704,4.62751,7.57515,0
747.5,0.00704,4.62752,7.57344,0
747.6,0.00704,4.62753,7.57344,0
747.7,0.00704,4.62754,7.57515,0
747.8,0.00704,4.62755,7.57344,0
747.9,0.00704,4.62756,7.57344,0
748,0.00704,4.62757,7.57344,0
748.1,0.00703,4.62758,7.57344,0
748.2,0.00703,4.62759,7.57515,0
748.3,0.00703,4.6276,7.57344,0
748.4,0.00703,4.62761,7.57515,0
748.5,0.00703,4.62762,7.57344,0
748.6,0.00703,4.62763,7.57515,0
748.7,0.00703,4.62764,7.57344,0
748.8,0.00703,4.62765,7.57344,0
748.9,0.00703,4.62766,7.57515,0
749,0.00703,4.62767,7.57515,0
749.1,0.00703,4.62768,7.57515,0
749.2,0.00703,4.62769,7.57344,0
749.3,0.00703,4.6277,7.57515,0
749.4,0.00703,4.62772,7.57515,0
749.5,0.00703,4.62773,7.57344,0
749.6,0.00703,4.62774,7.57344,0
749.7,0.00703,4.62775,7.57515,0
749.8,0.00702,4.62776,7.57515,0
749.9,0.00702,4.62777,7.57515,0
750,0.00702,4.62778,7.57344,0
750.1,0.00702,4.62779,7.57515,0
750.2,0.00702,4.6278,7.57344,0
750.3,0.00702,4.62782,7.57515,0
750.4,0.00702,4.62783,7.57515,0
750.5,0.00702,4.62784,7.57344,0
750.6,0.00702,4.62785,7.57344,0
750.7,0.00702,4.62786,7.57344,0
750.8,0.00702,4.62787,7.57344,0
750.9,0.00702,4.62788,7.57344,0
751,0.00702,4.62789,7.57344,0
751.1,0.00702,4.6279,7.57344,0
751.2,0.00702,4.62792,7.57344,0
751.3,0.00701,4.62793,7.57344,0
751.4,0.00701,4.62794,7.57344,0
751.5,0.00701,4.62795,7.57515,0
751.6,0.00701,4.62796,7.57344,0
751.7,0.00701,4.62798,7.57515,0
751.8,0.00701,4.62799,7.57515,0
751.9,0.00701,4.628,7.57344,0
752,0.00701,4.62801,7.57515,0
752.1,0.00701,4.62802,7.57344,0
752.2,0.00701,4.62804,7.57515,0
752.3,0.00701,4.62805,7.57344,0
752.4,0.00701,4.62806,7.57344,0
752.5,0.00701,4.62808,7.57515,0
752.6,0.00701,4.62809,7.57344,0
752.7,0.00701,4.6281,7.57515,0
752.8,0.007,4.62812,7.57344,0
752.9,0.007,4.62813,7.57344,0
753,0.007,4.62814,7.57515,0
753.1,0.007,4.62816,7.57344,0
753.2,0.007,4.62817,7.57515,0
753.3,0.007,4.62818,7.57515,0
753.4,0.007,4.6282,7.57344,0
753.5,0.007,4.62821,7.57344,0
753.6,0.007,4.62822,7.57344,0
753.7,0.007,4.62824,7.57344,0
753.8,0.007,4.62825,7.57344,0
753.9,0.007,4.62826,7.57344,0
754,0.007,4.62827,7.57515,0
754.1,0.007,4.62828,7.57515,0
754.2,0.007,4.6283,7.57344,0
754.3,0.00699,4.62831,7.57344,0
754.4,0.00699,4.62832,7.57344,0
754.5,0.00699,4.62833,7.57344,0
754.6,0.00699,4.62834,7.57344,0
754.7,0.00699,4.62835,7.57344,0
754.8,0.00699,4.62836,7.57344,0
754.9,0.00699,4.62838,7.57344,0
755,0.00699,4.62839,7.57344,0
755.1,0.00699,4.6284,7.57344,0
755.2,0.00699,4.62841,7.57344,0
755.3,0.00699,4.62842,7.57344,0
755.4,0.00699,4.62843,7.57344,0
755.5,0.00699,4.62844,7.57344,0
755.6,0.00698,4.62845,7.57344,0
755.7,0.00698,4.62846,7.57344,0
755.8,0.00698,4.62847,7.57344,0
755.9,0.00698,4.62848,7.57344,0
756,0.00698,4.62848,7.57344,0
756.1,0.00698,4.62849,7.57344,0
756.2,0.00698,4.6285,7.57515,0
756.3,0.00698,4.62851,7.57344,0
756.4,0.00698,4.62852,7.57515,0
756.5,0.00698,4.62853,7.57344,0
756.6,0.00698,4.62854,7.57515,0
756.7,0.00698,4.62855,7.57344,0
756.8,0.00698,4.62856,7.57344,0
756.9,0.00698,4.62857,7.57344,0
757,0.00698,4.62858,7.57344,0
757.1,0.00698,4.62859,7.57344,0
757.2,0.00698,4.6286,7.57344,0
757.3,0.00698,4.62861,7.57344,0
757.4,0.00698,4.62862,7.57344,0
757.5,0.00698,4.62863,7.57344,0
757.6,0.00698,4.62864,7.57344,0
757.7,0.00698,4.62865,7.57344,0
757.8,0.00698,4.62866,7.57344,0
757.9,0.00698,4.62867,7.57344,0
758,0.00698,4.62868,7.57344,0
758.1,0.00698,4.62869,7.57344,0
758.2,0.00697,4.6287,7.57344,0
758.3,0.00697,4.62871,7.57515,0
758.4,0.00697,4.62872,7.57344,0
758.5,0.00697,4.62873,7.57344,0
758.6,0.00697,4.62874,7.57344,0
758.7,0.00697,4.62875,7.57344,0
758.8,0.00697,4.62876,7.57344,0
758.9,0.00697,4.62877,7.57344,0
759,0.00697,4.62878,7.57515,0
759.1,0.00697,4.62879,7.57344,0
759.2,0.00697,4.6288,7.57344,0
759.3,0.00697,4.62881,7.57344,0
759.4,0.00697,4.62882,7.57515,0
759.5,0.00697,4.62883,7.57344,0
759.6,0.00697,4.62883,7.57344,0
759.7,0.00697,4.62884,7.57344,0
759.8,0.00697,4.62885,7.57344,0
759.9,0.00697,4.62886,7.57344,0
760,0.00697,4.62887,7.57344,0
760.1,0.00697,4.62888,7.57344,0
760.2,0.00697,4.62889,7.57344,0
760.3,0.00697,4.6289,7.57344,0
760.4,0.00697,4.62891,7.57344,0
760.5,0.00697,4.62892,7.57344,0
760.6,0.00697,4.62893,7.57515,0
760.7,0.00697,4.62894,7.57344,0
760.8,0.00696,4.62895,7.57344,0
760.9,0.00696,4.62896,7.57344,0
761,0.00696,4.62897,7.57344,0
761.1,0.00696,4.62897,7.57344,0
761.2,0.00696,4.62898,7.57344,0
761.3,0.00696,4.62899,7.57344,0
761.4,0.00696,4.629,7.57344,0
761.5,0.00696,4.62901,7.57344,0
761.6,0.00696,4.62902,7.57344,0
761.7,0.00696,4.62903,7.57344,0
761.8,0.00696,4.62903,7.57344,0
761.9,0.00696,4.62904,7.57344,0
762,0.00696,4.62905,7.57344,0
762.1,0.00696,4.62906,7.57344,0
762.2,0.00696,4.62907,7.57344,0
762.3,0.00696,4.62908,7.57344,0
762.4,0.00696,4.62908,7.57344,0
762.5,0.00696,4.62909,7.57344,0
762.6,0.00696,4.6291,7.57344,0
762.7,0.00696,4.62911,7.57344,0
762.8,0.00696,4.62911,7.57344,0
762.9,0.00696,4.62912,7.57344,0
763,0.00696,4.62913,7.57344,0
763.1,0.00696,4.62914,7.57344,0
763.2,0.00695,4.62914,7.57344,0
763.3,0.00695,4.62915,7.57344,0
763.4,0.00695,4.62916,7.57344,0
763.5,0.00695,4.62917,7.57344,0
763.6,0.00695,4.62917,7.57344,0
763.7,0.00695,4.62918,7.57344,0
763.8,0.00695,4.62919,7.57344,0
763.9,0.00695,4.62919,7.57344,0
764,0.00695,4.6292,7.57344,0
764.1,0.00695,4.62921,7.57344,0
764.2,0.00695,4.62922,7.57344,0
764.3,0.00695,4.62922,7.57344,0
764.4,0.00695,4.62923,7.57344,0
764.5,0.00695,4.62924,7.57344,0
764.6,0.00695,4.62925,7.57344,0
764.7,0.00695,4.62925,7.57344,0
764.8,0.00695,4.62926,7.57344,0
764.9,0.00695,4.62927,7.57515,0
765,0.00695,4.62928,7.57344,0
765.1,0.00695,4.62928,7.57515,0
765.2,0.00695,4.62929,7.57344,0
765.3,0.00695,4.6293,7.57344,0
765.4,0.00695,4.62931,7.57515,0
765.5,0.00695,4.62931,7.57344,0
765.6,0.00695,4.62932,7.57344,0
765.7,0.00695,4.62933,7.57515,0
765.8,0.00695,4.62934,7.57515,0
765.9,0.00695,4.62935,7.57344,0
766,0.00695,4.62935,7.57344,0
766.1,0.00695,4.62936,7.57344,0
766.2,0.00694,4.62937,7.57344,0
766.3,0.00694,4.62938,7.57344,0
766.4,0.00694,4.62939,7.57344,0
766.5,0.00694,4.62939,7.57344,0
766.6,0.00694,4.6294,7.57344,0
766.7,0.00694,4.62941,7.57344,0
766.8,0.00694,4.62942,7.57344,0
766.9,0.00694,4.62943,7.57344,0
767,0.00694,4.62943,7.57344,0
767.1,0.00694,4.62944,7.57344,0
767.2,0.00694,4.62945,7.57344,0
767.3,0.00694,4.62946,7.57515,0
767.4,0.00694,4.62947,7.57515,0
767.5,0.00694,4.62948,7.57344,0
767.6,0.00694,4.62948,7.57515,0
767.7,0.00694,4.62949,7.57515,0
767.8,0.00694,4.6295,7.57515,0
767.9,0.00694,4.62951,7.57344,0
768,0.00694,4.62952,7.57344,0
768.1,0.00694,4.62952,7.57344,0
768.2,0.00694,4.62953,7.57344,0
768.3,0.00694,4.62954,7.57344,0
768.4,0.00694,4.62955,7.57344,0
768.5,0.00694,4.62956,7.57344,0
768.6,0.00694,4.62957,7.57344,0
768.7,0.00694,4.62957,7.57344,0
768.8,0.00694,4.62958,7.57344,0
768.9,0.00694,4.62959,7.57344,0
769,0.00694,4.6296,7.57344,0
769.1,0.00694,4.62961,7.57344,0
769.2,0.00694,4.62962,7.57344,0
769.3,0.00694,4.62963,7.57344,0
769.4,0.00694,4.62963,7.57344,0
769.5,0.00694,4.62964,7.57344,0
769.6,0.00694,4.62965,7.57344,0
769.7,0.00694,4.62966,7.57344,0
769.8,0.00694,4.62967,7.57344,0
769.9,0.00694,4.62968,7.57344,0
770,0.00694,4.62968,7.57344,0
770.1,0.00694,4.62969,7.57344,0
770.2,0.00694,4.6297,7.57344,0
770.3,0.00694,4.62971,7.57344,0
770.4,0.00694,4.62971,7.57344,0
770.5,0.00694,4.62972,7.57344,0
770.6,0.00694,4.62973,7.57344,0
770.7,0.00694,4.62973,7.57344,0
770.8,0.00694,4.62974,7.57344,0
770.9,0.00694,4.62975,7.57344,0
771,0.00694,4.62976,7.57344,0
771.1,0.00694,4.62976,7.57344,0
771.2,0.00694,4.62977,7.57344,0
771.3,0.00694,4.62978,7.57344,0
771.4,0.00694,4.62978,7.57344,0
771.5,0.00694,4.62979,7.57344,0
771.6,0.00694,4.6298,7.57344,0
771.7,0.00694,4.62981,7.57344,0
771.8,0.00694,4.62981,7.57344,0
771.9,0.00694,4.62982,7.57344,0
772,0.00694,4.62983,7.57344,0
772.1,0.00694,4.62984,7.57344,0
772.2,0.00694,4.62984,7.57344,0
772.3,0.00694,4.62985,7.57344,0
772.4,0.00694,4.62986,7.57344,0
772.5,0.00694,4.62987,7.57344,0
772.6,0.00694,4.62987,7.57515,0
772.7,0.00694,4.62988,7.57344,0
772.8,0.00694,4.62989,7.57344,0
772.9,0.00694,4.6299,7.57515,0
773,0.00694,4.62991,7.57344,0
773.1,0.00694,4.62991,7.57344,0
773.2,0.00694,4.62992,7.57344,0
773.3,0.00694,4.62993,7.57344,0
773.4,0.00694,4.62994,7.57344,0
773.5,0.00694,4.62995,7.57515,0
773.6,0.00694,4.62996,7.57515,0
773.7,0.00694,4.62997,7.57344,0
773.8,0.00694,4.62998,7.57515,0
773.9,0.00694,4.62999,7.57515,0
774,0.00694,4.63,7.57344,0
774.1,0.00694,4.63001,7.57344,0
774.2,0.00694,4.63002,7.57344,0
774.3,0.00694,4.63003,7.57515,0
774.4,0.00694,4.63004,7.57515,0
774.5,0.00694,4.63005,7.57344,0
774.6,0.00694,4.63006,7.57344,0
774.7,0.00694,4.63007,7.57344,0
774.8,0.00694,4.63008,7.57344,0
774.9,0.00694,4.63009,7.57344,0
775,0.00694,4.6301,7.57344,0
775.1,0.00694,4.63011,7.57344,0
775.2,0.00694,4.63012,7.57344,0
775.3,0.00694,4.63013,7.57344,0
775.4,0.00694,4.63014,7.57344,0
775.5,0.00694,4.63015,7.57344,0
775.6,0.00694,4.63016,7.57344,0
775.7,0.00694,4.63017,7.57344,0
775.8,0.00694,4.63018,7.57344,0
775.9,0.00694,4.63019,7.57344,0
776,0.00694,4.6302,7.57344,0
776.1,0.00694,4.63021,7.57344,0
776.2,0.00694,4.63022,7.57344,0
776.3,0.00694,4.63023,7.57344,0
776.4,0.00695,4.63024,7.57344,0
776.5,0.00695,4.63025,7.57344,0
776.6,0.00695,4.63026,7.57344,0
776.7,0.00695,4.63027,7.57515,0
776.8,0.00695,4.63028,7.57515,0
776.9,0.00695,4.63029,7.57344,0
777,0.00695,4.6303,7.57344,0
777.1,0.00695,4.63031,7.57344,0
777.2,0.00695,4.63032,7.57344,0
777.3,0.00695,4.63033,7.57515,0
777.4,0.00695,4.63034,7.57344,0
777.5,0.00695,4.63035,7.57344,0
777.6,0.00695,4.63036,7.57344,0
777.7,0.00695,4.63037,7.57515,0
777.8,0.00695,4.63038,7.57515,0
777.9,0.00695,4.63039,7.57515,0
778,0.00695,4.6304,7.57344,0
778.1,0.00695,4.63041,7.57344,0
778.2,0.00695,4.63043,7.57344,0
778.3,0.00695,4.63044,7.57515,0
778.4,0.00695,4.63045,7.57344,0
778.5,0.00695,4.63046,7.57344,0
778.6,0.00695,4.63047,7.57344,0
778.7,0.00695,4.63048,7.57344,0
778.8,0.00695,4.63049,7.57515,0
778.9,0.00695,4.6305,7.57344,0
779,0.00695,4.63051,7.57344,0
779.1,0.00695,4.63052,7.57344,0
779.2,0.00695,4.63054,7.57344,0
779.3,0.00695,4.63055,7.57344,0
779.4,0.00695,4.63056,7.57344,0
779.5,0.00695,4.63057,7.57344,0
779.6,0.00695,4.63058,7.57344,0
779.7,0.00696,4.63059,7.57344,0
779.8,0.00696,4.6306,7.57344,0
779.9,0.00696,4.63062,7.57344,0
780,0.00696,4.63063,7.57344,0
780.1,0.00696,4.63064,7.57344,0
780.2,0.00696,4.63065,7.57344,0
780.3,0.00696,4.63066,7.57344,0
780.4,0.00696,4.63067,7.57344,0
780.5,0.00696,4.63069,7.57344,0
780.6,0.00696,4.6307,7.57344,0
780.7,0.00696,4.63071,7.57344,0
780.8,0.00696,4.63072,7.57344,0
780.9,0.00696,4.63073,7.57344,0
781,0.00696,4.63075,7.57344,0
781.1,0.00696,4.63076,7.57344,0
781.2,0.00696,4.63077,7.57344,0
781.3,0.00696,4.63078,7.57344,0
781.4,0.00696,4.63079,7.57344,0
781.5,0.00696,4.63081,7.57344,0
781.6,0.00696,4.63082,7.57344,0
781.7,0.00696,4.63083,7.57344,0
781.8,0.00696,4.63084,7.57344,0
781.9,0.00696,4.63086,7.57344,0
782,0.00696,4.63087,7.57344,0
782.1,0.00696,4.63088,7.57344,0
782.2,0.00696,4.63089,7.57344,0
782.3,0.00696,4.6309,7.57344,0
782.4,0.00696,4.63091,7.57344,0
782.5,0.00696,4.63092,7.57344,0
782.6,0.00696,4.63093,7.57344,0
782.7,0.00696,4.63095,7.57344,0
782.8,0.00697,4.63096,7.57344,0
782.9,0.00697,4.63097,7.57344,0
783,0.00697,4.63098,7.57344,0
783.1,0.00697,4.63099,7.57344,0
783.2,0.00697,4.631,7.57344,0
783.3,0.00697,4.63101,7.57344,0
783.4,0.00697,4.63102,7.57344,0
783.5,0.00697,4.63103,7.57344,0
783.6,0.00697,4.63104,7.57344,0
783.7,0.00697,4.63105,7.57344,0
783.8,0.00697,4.63107,7.57515,0
783.9,0.00697,4.63108,7.57344,0
784,0.00697,4.63109,7.57344,0
784.1,0.00697,4.6311,7.57344,0
784.2,0.00697,4.63111,7.57344,0
784.3,0.00697,4.63112,7.57344,0
784.4,0.00697,4.63113,7.57344,0
784.5,0.00697,4.63114,7.57344,0
784.6,0.00697,4.63115,7.57344,0
784.7,0.00697,4.63117,7.57344,0
784.8,0.00697,4.63118,7.57344,0
784.9,0.00697,4.63119,7.57344,0
785,0.00697,4.6312,7.57344,0
785.1,0.00697,4.63121,7.57344,0
785.2,0.00697,4.63122,7.57344,0
785.3,0.00697,4.63123,7.57344,0
785.4,0.00698,4.63125,7.57515,0
785.5,0.00698,4.63126,7.57344,0
785.6,0.00698,4.63127,7.57515,0
785.7,0.00698,4.63128,7.57344,0
785.8,0.00698,4.63129,7.57344,0
785.9,0.00698,4.63131,7.57344,0
786,0.00698,4.63132,7.57344,0
786.1,0.00698,4.63133,7.57344,0
786.2,0.00698,4.63134,7.57344,0
786.3,0.00698,4.63136,7.57344,0
786.4,0.00698,4.63137,7.57515,0
786.5,0.00698,4.63138,7.57344,0
786.6,0.00698,4.6314,7.57344,0
786.7,0.00698,4.63141,7.57344,0
786.8,0.00698,4.63142,7.57344,0
786.9,0.00698,4.63144,7.57344,0
787,0.00698,4.63145,7.57344,0
787.1,0.00698,4.63147,7.57344,0
787.2,0.00698,4.63148,7.57344,0
787.3,0.00698,4.63149,7.57344,0
787.4,0.00698,4.63151,7.57344,0
787.5,0.00698,4.63152,7.57344,0
787.6,0.00698,4.63154,7.57344,0
787.7,0.00699,4.63155,7.57344,0
787.8,0.00699,4.63156,7.57515,0
787.9,0.00699,4.63158,7.57344,0
788,0.00699,4.63159,7.57344,0
788.1,0.00699,4.63161,7.57344,0
788.2,0.00699,4.63162,7.57344,0
788.3,0.00699,4.63163,7.57344,0
788.4,0.00699,4.63165,7.57344,0
788.5,0.00699,4.63166,7.57344,0
788.6,0.00699,4.63168,7.57344,0
788.7,0.00699,4.63169,7.57344,0
788.8,0.00699,4.63171,7.57515,0
788.9,0.00699,4.63172,7.57344,0
789,0.00699,4.63174,7.57344,0
789.1,0.00699,4.63175,7.57515,0
789.2,0.00699,4.63177,7.57344,0
789.3,0.00699,4.63178,7.57344,0
789.4,0.00699,4.6318,7.57344,0
789.5,0.00699,4.63181,7.57344,0
789.6,0.007,4.63183,7.57344,0
789.7,0.007,4.63184,7.57344,0
789.8,0.007,4.63186,7.57344,0
789.9,0.007,4.63187,7.57344,0
790,0.007,4.63188,7.57515,0
790.1,0.007,4.6319,7.57344,0
790.2,0.007,4.63191,7.57515,0
790.3,0.007,4.63193,7.57515,0
790.4,0.007,4.63194,7.57515,0
790.5,0.007,4.63196,7.57515,0
790.6,0.007,4.63197,7.57515,0
790.7,0.007,4.63199,7.57515,0
790.8,0.007,4.632,7.57515,0
790.9,0.007,4.63202,7.57515,0
791,0.007,4.63203,7.57344,0
791.1,0.007,4.63205,7.57344,0
791.2,0.007,4.63207,7.57515,0
791.3,0.00701,4.63208,7.57515,0
791.4,0.00701,4.6321,7.57344,0
791.5,0.00701,4.63211,7.57344,0
791.6,0.00701,4.63213,7.57515,0
791.7,0.00701,4.63214,7.57344,0
791.8,0.00701,4.63216,7.57344,0
791.9,0.00701,4.63217,7.57344,0
792,0.00701,4.63219,7.57344,0
792.1,0.00701,4.6322,7.57344,0
792.2,0.00701,4.63222,7.57344,0
792.3,0.00701,4.63223,7.57515,0
792.4,0.00701,4.63225,7.57515,0
792.5,0.00701,4.63227,7.57515,0
792.6,0.00701,4.63228,7.57344,0
792.7,0.00701,4.6323,7.57344,0
792.8,0.00701,4.63231,7.57515,0
792.9,0.00701,4.63233,7.57515,0
793,0.00701,4.63235,7.57515,0
793.1,0.00702,4.63236,7.57515,0
793.2,0.00702,4.63238,7.57344,0
793.3,0.00702,4.6324,7.57344,0
793.4,0.00702,4.63241,7.57344,0
793.5,0.00702,4.63243,7.57344,0
793.6,0.00702,4.63245,7.57344,0
793.7,0.00702,4.63247,7.57515,0
793.8,0.00702,4.63248,7.57344,0
793.9,0.00702,4.6325,7.57344,0
794,0.00702,4.63252,7.57515,0
794.1,0.00702,4.63253,7.57344,0
794.2,0.00702,4.63255,7.57344,0
794.3,0.00702,4.63257,7.57515,0
794.4,0.00702,4.63259,7.57344,0
794.5,0.00702,4.6326,7.57344,0
794.6,0.00702,4.63262,7.57344,0
794.7,0.00702,4.63264,7.57344,0
794.8,0.00703,4.63266,7.57515,0
794.9,0.00703,4.63268,7.57344,0
795,0.00703,4.6327,7.57344,0
795.1,0.00703,4.63272,7.57344,0
795.2,0.00703,4.63273,7.57344,0
795.3,0.00703,4.63275,7.57344,0
795.4,0.00703,4.63277,7.57515,0
795.5,0.00703,4.63279,7.57344,0
795.6,0.00703,4.63281,7.57515,0
795.7,0.00703,4.63283,7.57344,0
795.8,0.00703,4.63285,7.57344,0
795.9,0.00703,4.63287,7.57344,0
796,0.00703,4.63289,7.57344,0
796.1,0.00703,4.63291,7.57515,0
796.2,0.00703,4.63293,7.57344,0
796.3,0.00703,4.63295,7.57344,0
796.4,0.00703,4.63296,7.57344,0
796.5,0.00704,4.63298,7.57344,0
796.6,0.00704,4.633,7.57344,0
796.7,0.00704,4.63302,7.57344,0
796.8,0.00704,4.63304,7.57344,0
796.9,0.00704,4.63306,7.57515,0
797,0.00704,4.63308,7.57515,0
797.1,0.00704,4.6331,7.57344,0
797.2,0.00704,4.63311,7.57515,0
797.3,0.00704,4.63313,7.57344,0
797.4,0.00704,4.63315,7.57344,0
797.5,0.00704,4.63317,7.57344,0
797.6,0.00704,4.63319,7.57344,0
797.7,0.00704,4.63321,7.57344,0
797.8,0.00704,4.63322,7.57344,0
797.9,0.00704,4.63324,7.57344,0
798,0.00704,4.63326,7.57344,0
798.1,0.00704,4.63328,7.57344,0
798.2,0.00704,4.6333,7.57344,0
798.3,0.00704,4.63332,7.57344,0
798.4,0.00705,4.63334,7.57344,0
798.5,0.00705,4.63335,7.57344,0
798.6,0.00705,4.63337,7.57344,0
798.7,0.00705,4.63339,7.57344,0
798.8,0.00705,4.63341,7.57344,0
798.9,0.00705,4.63343,7.57344,0
799,0.00705,4.63345,7.57344,0
799.1,0.00705,4.63347,7.57344,0
799.2,0.00705,4.63349,7.57344,0
799.3,0.00705,4.63351,7.57344,0
799.4,0.00705,4.63353,7.57344,0
799.5,0.00705,4.63355,7.57344,0
799.6,0.00705,4.63357,7.57344,0
799.7,0.00705,4.63359,7.57344,0
799.8,0.00705,4.63362,7.57344,0
799.9,0.00705,4.63364,7.57515,0
800,0.00705,4.63366,7.57344,0
800.1,0.00705,4.63368,7.57515,0
800.2,0.00705,4.6337,7.57515,0
800.3,0.00706,4.63372,7.57344,0
800.4,0.00706,4.63374,7.57344,0
800.5,0.00706,4.63376,7.57344,0
800.6,0.00706,4.63378,7.57515,0
800.7,0.00706,4.6338,7.57515,0
800.8,0.00706,4.63382,7.57344,0
800.9,0.00706,4.63384,7.57344,0
801,0.00706,4.63386,7.57344,0
801.1,0.00706,4.63388,7.57515,0
801.2,0.00706,4.63391,7.57344,0
801.3,0.00706,4.63393,7.57344,0
801.4,0.00706,4.63395,7.57344,0
801.5,0.00706,4.63397,7.57344,0
801.6,0.00706,4.63399,7.57344,0
801.7,0.00706,4.63401,7.57344,0
801.8,0.00706,4.63403,7.57344,0
801.9,0.00706,4.63406,7.57344,0
802,0.00706,4.63408,7.57344,0
802.1,0.00706,4.6341,7.57344,0
802.2,0.00706,4.63412,7.57515,0
802.3,0.00707,4.63414,7.57344,0
802.4,0.00707,4.63417,7.57344,0
802.5,0.00707,4.63419,7.57515,0
802.6,0.00707,4.63421,7.57344,0
802.7,0.00707,4.63423,7.57344,0
802.8,0.00707,4.63425,7.57344,0
802.9,0.00707,4.63427,7.57344,0
803,0.00707,4.63429,7.57344,0
803.1,0.00707,4.63431,7.57344,0
803.2,0.00707,4.63433,7.57344,0
803.3,0.00707,4.63435,7.57344,0
803.4,0.00707,4.63438,7.57344,0
803.5,0.00707,4.6344,7.57344,0
803.6,0.00707,4.63441,7.57344,0
803.7,0.00707,4.63443,7.57344,0
803.8,0.00707,4.63445,7.57515,0
803.9,0.00707,4.63447,7.57344,0
804,0.00707,4.63449,7.57344,0
804.1,0.00707,4.63451,7.57515,0
804.2,0.00707,4.63453,7.57515,0
804.3,0.00708,4.63455,7.57515,0
804.4,0.00708,4.63457,7.57515,0
804.5,0.00708,4.63459,7.57344,0
804.6,0.00708,4.63461,7.57344,0
804.7,0.00708,4.63463,7.57515,0
804.8,0.00708,4.63465,7.57344,0
804.9,0.00708,4.63467,7.57344,0
805,0.00708,4.63468,7.57344,0
805.1,0.00708,4.6347,7.57344,0
805.2,0.00708,4.63472,7.57344,0
805.3,0.00708,4.63474,7.57344,0
805.4,0.00708,4.63476,7.57344,0
805.5,0.00708,4.63478,7.57344,0
805.6,0.00708,4.6348,7.57515,0
805.7,0.00708,4.63482,7.57344,0
805.8,0.00708,4.63484,7.57344,0
805.9,0.00708,4.63486,7.57344,0
806,0.00708,4.63488,7.57344,0
806.1,0.00708,4.6349,7.57344,0
806.2,0.00708,4.63492,7.57344,0
806.3,0.00708,4.63494,7.57344,0
806.4,0.00708,4.63496,7.57344,0
806.5,0.00709,4.63498,7.57344,0
806.6,0.00709,4.635,7.57344,0
806.7,0.00709,4.63502,7.57344,0
806.8,0.00709,4.63504,7.57344,0
806.9,0.00709,4.63506,7.57515,0
807,0.00709,4.63508,7.57344,0
807.1,0.00709,4.6351,7.57344,0
807.2,0.00709,4.63512,7.57344,0
807.3,0.00709,4.63514,7.57344,0
807.4,0.00709,4.63516,7.57344,0
807.5,0.00709,4.63518,7.57515,0
807.6,0.00709,4.6352,7.57515,0
807.7,0.00709,4.63522,7.57515,0
807.8,0.00709,4.63524,7.57344,0
807.9,0.00709,4.63526,7.57344,0
808,0.00709,4.63527,7.57344,0
808.1,0.00709,4.63529,7.57344,0
808.2,0.00709,4.63531,7.57344,0
808.3,0.00709,4.63533,7.57344,0
808.4,0.00709,4.63534,7.57515,0
808.5,0.00709,4.63536,7.57344,0
808.6,0.00709,4.63538,7.57344,0
808.7,0.00709,4.63539,7.57344,0
808.8,0.0071,4.63541,7.57515,0
808.9,0.0071,4.63543,7.57515,0
809,0.0071,4.63544,7.57344,0
809.1,0.0071,4.63546,7.57344,0
809.2,0.0071,4.63548,7.57344,0
809.3,0.0071,4.63549,7.57344,0
809.4,0.0071,4.63551,7.57344,0
809.5,0.0071,4.63552,7.57344,0
809.6,0.0071,4.63554,7.57344,0
809.7,0.0071,4.63555,7.57344,0
809.8,0.0071,4.63557,7.57344,0
809.9,0.0071,4.63558,7.57344,0
810,0.0071,4.6356,7.57344,0
810.1,0.0071,4.63561,7.57344,0
810.2,0.0071,4.63563,7.57344,0
810.3,0.0071,4.63564,7.57344,0
810.4,0.0071,4.63565,7.57344,0
810.5,0.0071,4.63567,7.57344,0
810.6,0.0071,4.63568,7.57344,0
810.7,0.0071,4.6357,7.57344,0
810.8,0.0071,4.63571,7.57344,0
810.9,0.0071,4.63572,7.57344,0
811,0.00711,4.63574,7.57515,0
811.1,0.00711,4.63575,7.57344,0
811.2,0.00711,4.63577,7.57344,0
811.3,0.00711,4.63578,7.57344,0
811.4,0.00711,4.63579,7.57344,0
811.5,0.00711,4.63581,7.57344,0
811.6,0.00711,4.63582,7.57344,0
811.7,0.00711,4.63583,7.57344,0
811.8,0.00711,4.63585,7.57344,0
811.9,0.00711,4.63586,7.57344,0
812,0.00711,4.63588,7.57344,0
812.1,0.00711,4.63589,7.57344,0
812.2,0.00711,4.6359,7.57344,0
812.3,0.00711,4.63592,7.57344,0
812.4,0.00711,4.63593,7.57344,0
812.5,0.00711,4.63594,7.57344,0
812.6,0.00711,4.63595,7.57515,0
812.7,0.00712,4.63597,7.57344,0
812.8,0.00712,4.63598,7.57344,0
812.9,0.00712,4.63599,7.57344,0
813,0.00712,4.63601,7.57344,0
813.1,0.00712,4.63602,7.57344,0
813.2,0.00712,4.63603,7.57344,0
813.3,0.00712,4.63604,7.57344,0
813.4,0.00712,4.63606,7.57344,0
813.5,0.00712,4.63607,7.57344,0
813.6,0.00712,4.63608,7.57344,0
813.7,0.00712,4.6361,7.57344,0
813.8,0.00712,4.63611,7.57344,0
813.9,0.00712,4.63612,7.57344,0
814,0.00712,4.63613,7.57344,0
814.1,0.00712,4.63614,7.57344,0
814.2,0.00712,4.63616,7.57344,0
814.3,0.00712,4.63617,7.57344,0
814.4,0.00712,4.63618,7.57344,0
814.5,0.00712,4.63619,7.57344,0
814.6,0.00712,4.6362,7.57344,0
814.7,0.00712,4.63621,7.57344,0
814.8,0.00712,4.63623,7.57344,0
814.9,0.00712,4.63624,7.57344,0
815,0.00713,4.63625,7.57344,0
815.1,0.00713,4.63626,7.57344,0
815.2,0.00713,4.63627,7.57344,0
815.3,0.00713,4.63628,7.57344,0
815.4,0.00713,4.63629,7.57515,0
815.5,0.00713,4.6363,7.57344,0
815.6,0.00713,4.63631,7.57344,0
815.7,0.00713,4.63632,7.57344,0
815.8,0.00713,4.63633,7.57344,0
815.9,0.00713,4.63634,7.57344,0
816,0.00713,4.63635,7.57344,0
816.1,0.00713,4.63636,7.57344,0
816.2,0.00713,4.63637,7.57344,0
816.3,0.00713,4.63638,7.57344,0
816.4,0.00713,4.63638,7.57344,0
816.5,0.00713,4.63639,7.57344,0
816.6,0.00713,4.6364,7.57344,0
816.7,0.00713,4.63641,7.57344,0
816.8,0.00713,4.63642,7.57344,0
816.9,0.00713,4.63643,7.57344,0
817,0.00713,4.63644,7.57344,0
817.1,0.00714,4.63644,7.57344,0
817.2,0.00714,4.63645,7.57515,0
817.3,0.00714,4.63646,7.57344,0
817.4,0.00714,4.63647,7.57344,0
817.5,0.00714,4.63648,7.57344,0
817.6,0.00714,4.63648,7.57344,0
817.7,0.00714,4.63649,7.57344,0
817.8,0.00714,4.6365,7.57344,0
817.9,0.00714,4.63651,7.57344,0
818,0.00714,4.63652,7.57344,0
818.1,0.00714,4.63653,7.57344,0
818.2,0.00714,4.63653,7.57344,0
818.3,0.00714,4.63654,7.57344,0
818.4,0.00714,4.63655,7.57344,0
818.5,0.00714,4.63655,7.57344,0
818.6,0.00714,4.63656,7.57344,0
818.7,0.00714,4.63657,7.57344,0
818.8,0.00715,4.63657,7.57515,0
818.9,0.00715,4.63658,7.57344,0
819,0.00715,4.63659,7.57344,0
819.1,0.00715,4.63659,7.57344,0
819.2,0.00715,4.6366,7.57344,0
819.3,0.00715,4.63661,7.57344,0
819.4,0.00715,4.63661,7.57344,0
819.5,0.00715,4.63662,7.57344,0
819.6,0.00715,4.63662,7.57344,0
819.7,0.00715,4.63663,7.57344,0
819.8,0.00715,4.63664,7.57344,0
819.9,0.00715,4.63664,7.57344,0
820,0.00715,4.63665,7.57344,0
820.1,0.00715,4.63665,7.57515,0
820.2,0.00715,4.63666,7.57515,0
820.3,0.00715,4.63666,7.57515,0
820.4,0.00715,4.63667,7.57344,0
820.5,0.00715,4.63667,7.57344,0
820.6,0.00716,4.63668,7.57344,0
820.7,0.00716,4.63668,7.57344,0
820.8,0.00716,4.63669,7.57344,0
820.9,0.00716,4.63669,7.57515,0
821,0.00716,4.6367,7.57344,0
821.1,0.00716,4.6367,7.57344,0
821.2,0.00716,4.63671,7.57344,0
821.3,0.00716,4.63671,7.57344,0
821.4,0.00716,4.63672,7.57515,0
821.5,0.00716,4.63672,7.57515,0
821.6,0.00716,4.63673,7.57344,0
821.7,0.00716,4.63673,7.57515,0
821.8,0.00716,4.63673,7.57344,0
821.9,0.00716,4.63674,7.57344,0
822,0.00716,4.63674,7.57344,0
822.1,0.00716,4.63675,7.57344,0
822.2,0.00716,4.63675,7.57344,0
822.3,0.00716,4.63675,7.57344,0
822.4,0.00717,4.63675,7.57344,0
822.5,0.00717,4.63675,7.57515,0
822.6,0.00717,4.63676,7.57344,0
822.7,0.00717,4.63676,7.57515,0
822.8,0.00717,4.63676,7.57344,0
822.9,0.00717,4.63676,7.57344,0
823,0.00717,4.63676,7.57344,0
823.1,0.00717,4.63676,7.57344,0
823.2,0.00717,4.63677,7.57344,0
823.3,0.00717,4.63677,7.57344,0
823.4,0.00717,4.63677,7.57344,0
823.5,0.00717,4.63677,7.57344,0
823.6,0.00717,4.63677,7.57344,0
823.7,0.00717,4.63677,7.57344,0
823.8,0.00717,4.63677,7.57344,0
823.9,0.00717,4.63677,7.57344,0
824,0.00717,4.63677,7.57344,0
824.1,0.00717,4.63677,7.57515,0
824.2,0.00717,4.63677,7.57515,0
824.3,0.00718,4.63677,7.57344,0
824.4,0.00718,4.63677,7.57344,0
824.5,0.00718,4.63677,7.57344,0
824.6,0.00718,4.63677,7.57344,0
824.7,0.00718,4.63677,7.57515,0
824.8,0.00718,4.63677,7.57344,0
824.9,0.00718,4.63677,7.57344,0
825,0.00718,4.63677,7.57344,0
825.1,0.00718,4.63677,7.57344,0
825.2,0.00718,4.63677,7.57344,0
825.3,0.00718,4.63677,7.57344,0
825.4,0.00718,4.63677,7.57344,0
825.5,0.00718,4.63677,7.57344,0
825.6,0.00718,4.63677,7.57344,0
825.7,0.00718,4.63677,7.57344,0
825.8,0.00718,4.63677,7.57515,0
825.9,0.00718,4.63677,7.57344,0
826,0.00718,4.63677,7.57344,0
826.1,0.00718,4.63677,7.57344,0
826.2,0.00718,4.63677,7.57344,0
826.3,0.00718,4.63676,7.57344,0
826.4,0.00718,4.63676,7.57344,0
826.5,0.00719,4.63676,7.57344,0
826.6,0.00719,4.63676,7.57515,0
826.7,0.00719,4.63676,7.57344,0
826.8,0.00719,4.63676,7.57344,0
826.9,0.00719,4.63676,7.57344,0
827,0.00719,4.63676,7.57344,0
827.1,0.00719,4.63675,7.57344,0
827.2,0.00719,4.63675,7.57344,0
827.3,0.00719,4.63675,7.57344,0
827.4,0.00719,4.63675,7.57344,0
827.5,0.00719,4.63675,7.57344,0
827.6,0.00719,4.63675,7.57344,0
827.7,0.00719,4.63675,7.57344,0
827.8,0.00719,4.63675,7.57344,0
827.9,0.00719,4.63675,7.57344,0
828,0.00719,4.63674,7.57344,0
828.1,0.00719,4.63674,7.57344,0
828.2,0.00719,4.63674,7.57344,0
828.3,0.00719,4.63674,7.57344,0
828.4,0.00719,4.63673,7.57344,0
828.5,0.00719,4.63673,7.57344,0
828.6,0.00719,4.63673,7.57344,0
828.7,0.00719,4.63673,7.57344,0
828.8,0.00719,4.63673,7.57344,0
828.9,0.0072,4.63672,7.57344,0
829,0.0072,4.63672,7.57344,0
829.1,0.0072,4.63672,7.57344,0
829.2,0.0072,4.63672,7.57344,0
829.3,0.0072,4.63672,7.57515,0
829.4,0.0072,4.63671,7.57344,0
829.5,0.0072,4.63671,7.57344,0
829.6,0.0072,4.63671,7.57344,0
829.7,0.0072,4.63671,7.57515,0
829.8,0.0072,4.63671,7.57344,0
829.9,0.0072,4.6367,7.57344,0
830,0.0072,4.6367,7.57344,0
830.1,0.0072,4.6367,7.57515,0
830.2,0.0072,4.6367,7.57515,0
830.3,0.0072,4.6367,7.57344,0
830.4,0.0072,4.63669,7.57344,0
830.5,0.0072,4.63669,7.57344,0
830.6,0.0072,4.63669,7.57344,0
830.7,0.00721,4.63669,7.57515,0
830.8,0.00721,4.63668,7.57515,0
830.9,0.00721,4.63668,7.57344,0
831,0.00721,4.63668,7.57344,0
831.1,0.00721,4.63668,7.57344,0
831.2,0.00721,4.63667,7.57344,0
831.3,0.00721,4.63667,7.57344,0
831.4,0.00721,4.63667,7.57344,0
831.5,0.00721,4.63667,7.57344,0
831.6,0.00721,4.63666,7.57344,0
831.7,0.00721,4.63666,7.57344,0
831.8,0.00721,4.63666,7.57344,0
831.9,0.00721,4.63666,7.57344,0
832,0.00721,4.63665,7.57344,0
832.1,0.00721,4.63665,7.57344,0
832.2,0.00721,4.63665,7.57344,0
832.3,0.00721,4.63664,7.57344,0
832.4,0.00721,4.63664,7.57344,0
832.5,0.00721,4.63664,7.57344,0
832.6,0.00721,4.63664,7.57344,0
832.7,0.00722,4.63663,7.57344,0
832.8,0.00722,4.63663,7.57344,0
832.9,0.00722,4.63662,7.57344,0
833,0.00722,4.63662,7.57344,0
833.1,0.00722,4.63662,7.57515,0
833.2,0.00722,4.63661,7.57344,0
833.3,0.00722,4.63661,7.57344,0
833.4,0.00722,4.63661,7.57344,0
833.5,0.00722,4.6366,7.57344,0
833.6,0.00722,4.6366,7.57344,0
833.7,0.00722,4.6366,7.57344,0
833.8,0.00722,4.63659,7.57515,0
833.9,0.00722,4.63659,7.57344,0
834,0.00722,4.63658,7.57344,0
834.1,0.00722,4.63658,7.57344,0
834.2,0.00722,4.63657,7.57344,0
834.3,0.00722,4.63657,7.57344,0
834.4,0.00722,4.63657,7.57344,0
834.5,0.00722,4.63656,7.57344,0
834.6,0.00722,4.63656,7.57344,0
834.7,0.00722,4.63655,7.57344,0
834.8,0.00722,4.63655,7.57344,0
834.9,0.00722,4.63654,7.57344,0
835,0.00722,4.63654,7.57344,0
835.1,0.00722,4.63654,7.57344,0
835.2,0.00723,4.63653,7.57344,0
835.3,0.00723,4.63653,7.57344,0
835.4,0.00723,4.63652,7.57344,0
835.5,0.00723,4.63652,7.57344,0
835.6,0.00723,4.63652,7.57344,0
835.7,0.00723,4.63651,7.57344,0
835.8,0.00723,4.63651,7.57344,0
835.9,0.00723,4.6365,7.57344,0
836,0.00723,4.6365,7.57344,0
836.1,0.00723,4.63649,7.57344,0
836.2,0.00723,4.63649,7.57344,0
836.3,0.00723,4.63648,7.57344,0
836.4,0.00723,4.63648,7.57344,0
836.5,0.00723,4.63647,7.57344,0
836.6,0.00723,4.63646,7.57344,0
836.7,0.00723,4.63646,7.57344,0
836.8,0.00723,4.63645,7.57515,0
836.9,0.00723,4.63645,7.57515,0
837,0.00723,4.63644,7.57344,0
837.1,0.00723,4.63643,7.57515,0
837.2,0.00723,4.63643,7.57515,0
837.3,0.00723,4.63642,7.57344,0
837.4,0.00723,4.63641,7.57515,0
837.5,0.00723,4.63641,7.57344,0
837.6,0.00723,4.6364,7.57515,0
837.7,0.00723,4.6364,7.57344,0
837.8,0.00723,4.63639,7.57515,0
837.9,0.00723,4.63638,7.57515,0
838,0.00724,4.63638,7.57344,0
838.1,0.00724,4.63637,7.57515,0
838.2,0.00724,4.63636,7.57515,0
838.3,0.00724,4.63636,7.57344,0
838.4,0.00724,4.63635,7.57515,0
838.5,0.00724,4.63634,7.57344,0
838.6,0.00724,4.63634,7.57344,0
838.7,0.00724,4.63633,7.57344,0
838.8,0.00724,4.63632,7.57344,0
838.9,0.00724,4.63631,7.57344,0
839,0.00724,4.63631,7.57344,0
839.1,0.00724,4.6363,7.57515,0
839.2,0.00724,4.63629,7.57515,0
839.3,0.00724,4.63629,7.57344,0
839.4,0.00724,4.63628,7.57344,0
839.5,0.00724,4.63627,7.57515,0
839.6,0.00724,4.63627,7.57344,0
839.7,0.00724,4.63626,7.57344,0
839.8,0.00724,4.63625,7.57344,0
839.9,0.00724,4.63624,7.57344,0
840,0.00724,4.63624,7.57344,0
840.1,0.00724,4.63623,7.57344,0
840.2,0.00724,4.63623,7.57344,0
840.3,0.00724,4.63622,7.57344,0
840.4,0.00724,4.63621,7.57344,0
840.5,0.00724,4.63621,7.57344,0
840.6,0.00724,4.6362,7.57344,0
840.7,0.00724,4.63619,7.57515,0
840.8,0.00724,4.63618,7.57344,0
840.9,0.00724,4.63618,7.57344,0
841,0.00724,4.63617,7.57344,0
841.1,0.00725,4.63616,7.57344,0
841.2,0.00725,4.63616,7.57344,0
841.3,0.00725,4.63615,7.57344,0
841.4,0.00725,4.63614,7.57344,0
841.5,0.00725,4.63613,7.57344,0
841.6,0.00725,4.63612,7.57344,0
841.7,0.00725,4.63612,7.57344,0
841.8,0.00725,4.63611,7.57515,0
841.9,0.00725,4.6361,7.57344,0
842,0.00725,4.63609,7.57344,0
842.1,0.00725,4.63609,7.57344,0
842.2,0.00725,4.63608,7.57344,0
842.3,0.00725,4.63607,7.57344,0
842.4,0.00725,4.63606,7.57344,0
842.5,0.00725,4.63606,7.57344,0
842.6,0.00725,4.63605,7.57344,0
842.7,0.00725,4.63604,7.57344,0
842.8,0.00725,4.63604,7.57344,0
842.9,0.00725,4.63603,7.57344,0
843,0.00725,4.63602,7.57344,0
843.1,0.00725,4.63602,7.57344,0
843.2,0.00725,4.63601,7.57344,0
843.3,0.00725,4.636,7.57344,0
843.4,0.00725,4.636,7.57344,0
843.5,0.00725,4.63599,7.57344,0
843.6,0.00725,4.63598,7.57344,0
843.7,0.00725,4.63598,7.57344,0
843.8,0.00725,4.63597,7.57344,0
843.9,0.00725,4.63596,7.57344,0
844,0.00725,4.63595,7.57515,0
844.1,0.00725,4.63595,7.57344,0
844.2,0.00725,4.63594,7.57344,0
844.3,0.00725,4.63593,7.57344,0
844.4,0.00725,4.63592,7.57344,0
844.5,0.00725,4.63592,7.57344,0
844.6,0.00725,4.63591,7.57344,0
844.7,0.00725,4.6359,7.57344,0
844.8,0.00725,4.63589,7.57344,0
844.9,0.00726,4.63589,7.57344,0
845,0.00726,4.63588,7.57515,0
845.1,0.00726,4.63587,7.57344,0
845.2,0.00726,4.63586,7.57344,0
845.3,0.00726,4.63586,7.57344,0
845.4,0.00726,4.63585,7.57344,0
845.5,0.00726,4.63584,7.57344,0
845.6,0.00726,4.63583,7.57344,0
845.7,0.00726,4.63582,7.57344,0
845.8,0.00726,4.63581,7.57344,0
845.9,0.00726,4.63581,7.57344,0
846,0.00726,4.6358,7.57344,0
846.1,0.00726,4.63579,7.57344,0
846.2,0.00726,4.63578,7.57344,0
846.3,0.00726,4.63577,7.57344,0
846.4,0.00726,4.63576,7.57344,0
846.5,0.00726,4.63575,7.57344,0
846.6,0.00726,4.63574,7.57344,0
846.7,0.00726,4.63574,7.57344,0
846.8,0.00726,4.63573,7.57344,0
846.9,0.00726,4.63572,7.57344,0
847,0.00726,4.63571,7.57344,0
847.1,0.00726,4.6357,7.57344,0
847.2,0.00726,4.63569,7.57515,0
847.3,0.00726,4.63569,7.57344,0
847.4,0.00726,4.63568,7.57344,0
847.5,0.00726,4.63567,7.57344,0
847.6,0.00726,4.63566,7.57344,0
847.7,0.00726,4.63565,7.57344,0
847.8,0.00726,4.63564,7.57344,0
847.9,0.00726,4.63564,7.57344,0
848,0.00726,4.63563,7.57344,0
848.1,0.00726,4.63562,7.57344,0
848.2,0.00726,4.63561,7.57344,0
848.3,0.00726,4.6356,7.57344,0
848.4,0.00726,4.6356,7.57344,0
848.5,0.00726,4.63559,7.57344,0
848.6,0.00726,4.63558,7.57344,0
848.7,0.00726,4.63557,7.57344,0
848.8,0.00726,4.63557,7.57344,0
848.9,0.00726,4.63556,7.57344,0
849,0.00726,4.63555,7.57344,0
849.1,0.00726,4.63554,7.57344,0
849.2,0.00726,4.63553,7.57344,0
849.3,0.00726,4.63553,7.57344,0
849.4,0.00726,4.63552,7.57344,0
849.5,0.00726,4.63551,7.57344,0
849.6,0.00726,4.6355,7.57344,0
849.7,0.00726,4.6355,7.57344,0
849.8,0.00726,4.63549,7.57344,0
849.9,0.00726,4.63548,7.57344,0
850,0.00726,4.63547,7.57344,0
850.1,0.00726,4.63546,7.57515,0
850.2,0.00726,4.63546,7.57344,0
850.3,0.00726,4.63545,7.57344,0
850.4,0.00726,4.63544,7.57344,0
850.5,0.00726,4.63543,7.57344,0
850.6,0.00726,4.63542,7.57344,0
850.7,0.00726,4.63542,7.57344,0
850.8,0.00726,4.63541,7.57344,0
850.9,0.00726,4.6354,7.57344,0
851,0.00726,4.63539,7.57344,0
851.1,0.00726,4.63539,7.57344,0
851.2,0.00726,4.63538,7.57344,0
851.3,0.00726,4.63537,7.57344,0
851.4,0.00726,4.63536,7.57344,0
851.5,0.00726,4.63536,7.57344,0
851.6,0.00726,4.63535,7.57344,0
851.7,0.00726,4.63534,7.57344,0
851.8,0.00726,4.63533,7.57344,0
851.9,0.00726,4.63533,7.57344,0
852,0.00726,4.63532,7.57344,0
852.1,0.00726,4.63531,7.57344,0
852.2,0.00726,4.6353,7.57344,0
852.3,0.00726,4.6353,7.57344,0
852.4,0.00726,4.63529,7.57344,0
852.5,0.00726,4.63528,7.57344,0
852.6,0.00726,4.63527,7.57344,0
852.7,0.00726,4.63527,7.57344,0
852.8,0.00726,4.63526,7.57344,0
852.9,0.00726,4.63525,7.57344,0
853,0.00726,4.63524,7.57344,0
853.1,0.00726,4.63524,7.57344,0
853.2,0.00726,4.63523,7.57344,0
853.3,0.00726,4.63522,7.57344,0
853.4,0.00726,4.63521,7.57344,0
853.5,0.00726,4.63521,7.57344,0
853.6,0.00726,4.6352,7.57344,0
853.7,0.00726,4.63519,7.57344,0
853.8,0.00727,4.63519,7.57344,0
853.9,0.00727,4.63518,7.57344,0
854,0.00727,4.63517,7.57344,0
854.1,0.00727,4.63517,7.57344,0
854.2,0.00727,4.63516,7.57344,0
854.3,0.00727,4.63515,7.57344,0
854.4,0.00727,4.63515,7.57344,0
854.5,0.00727,4.63514,7.57344,0
854.6,0.00727,4.63514,7.57344,0
854.7,0.00727,4.63513,7.57344,0
854.8,0.00727,4.63513,7.57344,0
854.9,0.00727,4.63512,7.57344,0
855,0.00727,4.63512,7.57344,0
855.1,0.00727,4.63511,7.57344,0
855.2,0.00727,4.63511,7.57344,0
855.3,0.00727,4.6351,7.57344,0
855.4,0.00727,4.6351,7.57344,0
855.5,0.00727,4.63509,7.57344,0
855.6,0.00727,4.63509,7.57344,0
855.7,0.00727,4.63509,7.57344,0
855.8,0.00727,4.63508,7.57344,0
855.9,0.00727,4.63508,7.57344,0
856,0.00727,4.63507,7.57344,0
856.1,0.00727,4.63507,7.57344,0
856.2,0.00727,4.63507,7.57344,0
856.3,0.00727,4.63506,7.57344,0
856.4,0.00727,4.63506,7.57344,0
856.5,0.00727,4.63506,7.57344,0
856.6,0.00727,4.63505,7.57344,0
856.7,0.00727,4.63505,7.57344,0
856.8,0.00727,4.63504,7.57344,0
856.9,0.00727,4.63504,7.57344,0
857,0.00727,4.63504,7.57344,0
857.1,0.00727,4.63503,7.57344,0
857.2,0.00727,4.63503,7.57344,0
857.3,0.00727,4.63502,7.57344,0
857.4,0.00727,4.63502,7.57344,0
857.5,0.00727,4.63501,7.57344,0
857.6,0.00727,4.63501,7.57344,0
857.7,0.00727,4.635,7.57344,0
857.8,0.00727,4.635,7.57344,0
857.9,0.00727,4.635,7.57344,0
858,0.00727,4.63499,7.57344,0
858.1,0.00727,4.63499,7.57344,0
858.2,0.00727,4.63499,7.57344,0
858.3,0.00727,4.63498,7.57344,0
858.4,0.00727,4.63498,7.57344,0
858.5,0.00727,4.63498,7.57344,0
858.6,0.00727,4.63497,7.57344,0
858.7,0.00727,4.63497,7.57344,0
858.8,0.00727,4.63497,7.57344,0
858.9,0.00727,4.63497,7.57344,0
859,0.00727,4.63497,7.57344,0
859.1,0.00727,4.63496,7.57344,0
859.2,0.00727,4.63496,7.57344,0
859.3,0.00727,4.63496,7.57344,0
859.4,0.00727,4.63496,7.57344,0
859.5,0.00727,4.63495,7.57344,0
859.6,0.00728,4.63495,7.57344,0
859.7,0.00728,4.63495,7.57344,0
859.8,0.00728,4.63494,7.57344,0
859.9,0.00728,4.63494,7.57344,0
860,0.00728,4.63494,7.57344,0
860.1,0.00728,4.63494,7.57344,0
860.2,0.00728,4.63494,7.57344,0
860.3,0.00728,4.63493,7.57344,0
860.4,0.00728,4.63493,7.57344,0
860.5,0.00728,4.63493,7.57344,0
860.6,0.00728,4.63492,7.57344,0
860.7,0.00728,4.63492,7.57344,0
860.8,0.00728,4.63492,7.57344,0
860.9,0.00728,4.63492,7.57344,0
861,0.00728,4.63491,7.57344,0
861.1,0.00728,4.63491,7.57344,0
861.2,0.00728,4.63491,7.57344,0
861.3,0.00728,4.63491,7.57344,0
861.4,0.00728,4.6349,7.57344,0
861.5,0.00728,4.6349,7.57344,0
861.6,0.00728,4.6349,7.57344,0
861.7,0.00728,4.63489,7.57344,0
861.8,0.00728,4.63489,7.57344,0
861.9,0.00728,4.63488,7.57344,0
862,0.00728,4.63488,7.57344,0
862.1,0.00728,4.63487,7.57344,0
862.2,0.00728,4.63487,7.57344,0
862.3,0.00728,4.63486,7.57344,0
862.4,0.00728,4.63486,7.57344,0
862.5,0.00728,4.63485,7.57344,0
862.6,0.00728,4.63484,7.57344,0
862.7,0.00728,4.63484,7.57344,0
862.8,0.00728,4.63483,7.57344,0
862.9,0.00728,4.63483,7.57344,0
863,0.00728,4.63482,7.57344,0
863.1,0.00728,4.63482,7.57344,0
863.2,0.00728,4.63481,7.57344,0
863.3,0.00728,4.6348,7.57344,0
863.4,0.00728,4.6348,7.57344,0
863.5,0.00728,4.63479,7.57344,0
863.6,0.00728,4.63479,7.57344,0
863.7,0.00728,4.63478,7.57344,0
863.8,0.00728,4.63477,7.57344,0
863.9,0.00728,4.63477,7.57344,0
864,0.00728,4.63476,7.57344,0
864.1,0.00728,4.63476,7.57344,0
864.2,0.00728,4.63475,7.57344,0
864.3,0.00728,4.63474,7.57344,0
864.4,0.00728,4.63474,7.57344,0
864.5,0.00728,4.63473,7.57344,0
864.6,0.00728,4.63472,7.57344,0
864.7,0.00728,4.63472,7.57344,0
864.8,0.00728,4.63471,7.57344,0
864.9,0.00728,4.63471,7.57344,0
865,0.00728,4.6347,7.57344,0
865.1,0.00728,4.6347,7.57344,0
865.2,0.00728,4.63469,7.57344,0
865.3,0.00728,4.63468,7.57344,0
865.4,0.00728,4.63468,7.57344,0
865.5,0.00728,4.63467,7.57344,0
865.6,0.00728,4.63467,7.57176,0
865.7,0.00728,4.63466,7.57344,0
865.8,0.00728,4.63465,7.57344,0
865.9,0.00728,4.63465,7.57344,0
866,0.00728,4.63464,7.57344,0
866.1,0.00728,4.63463,7.57344,0
866.2,0.00728,4.63463,7.57344,0
866.3,0.00728,4.63462,7.57344,0
866.4,0.00728,4.63461,7.57344,0
866.5,0.00728,4.63461,7.57344,0
866.6,0.00728,4.6346,7.57344,0
866.7,0.00728,4.63459,7.57344,0
866.8,0.00728,4.63459,7.57344,0
866.9,0.00728,4.63458,7.57344,0
867,0.00728,4.63458,7.57344,0
867.1,0.00728,4.63457,7.57344,0
867.2,0.00728,4.63456,7.57344,0
867.3,0.00728,4.63456,7.57344,0
867.4,0.00728,4.63455,7.57344,0
867.5,0.00728,4.63454,7.57344,0
867.6,0.00728,4.63454,7.57344,0
867.7,0.00728,4.63453,7.57344,0
867.8,0.00728,4.63452,7.57344,0
867.9,0.00728,4.63452,7.57344,0
868,0.00728,4.63451,7.57344,0
868.1,0.00728,4.6345,7.57344,0
868.2,0.00728,4.6345,7.57344,0
868.3,0.00728,4.63449,7.57344,0
868.4,0.00728,4.63449,7.57344,0
868.5,0.00728,4.63448,7.57344,0
868.6,0.00728,4.63447,7.57344,0
868.7,0.00728,4.63447,7.57344,0
868.8,0.00728,4.63446,7.57344,0
868.9,0.00728,4.63446,7.57344,0
869,0.00728,4.63445,7.57344,0
869.1,0.00728,4.63445,7.57515,0
869.2,0.00728,4.63444,7.57344,0
869.3,0.00728,4.63444,7.57515,0
869.4,0.00728,4.63443,7.57344,0
869.5,0.00728,4.63442,7.57515,0
869.6,0.00728,4.63442,7.57344,0
869.7,0.00728,4.63441,7.57344,0
869.8,0.00728,4.6344,7.57344,0
869.9,0.00728,4.6344,7.57344,0
870,0.00728,4.63439,7.57344,0
870.1,0.00728,4.63439,7.57344,0
870.2,0.00728,4.63438,7.57344,0
870.3,0.00728,4.63437,7.57344,0
870.4,0.00728,4.63437,7.57344,0
870.5,0.00728,4.63436,7.57344,0
870.6,0.00728,4.63435,7.57515,0
870.7,0.00728,4.63435,7.57344,0
870.8,0.00728,4.63434,7.57344,0
870.9,0.00728,4.63433,7.57344,0
871,0.00728,4.63433,7.57344,0
871.1,0.00728,4.63432,7.57344,0
871.2,0.00728,4.63431,7.57344,0
871.3,0.00728,4.63431,7.57344,0
871.4,0.00728,4.6343,7.57344,0
871.5,0.00728,4.63429,7.57344,0
871.6,0.00728,4.63429,7.57344,0
871.7,0.00728,4.63428,7.57344,0
871.8,0.00728,4.63427,7.57344,0
871.9,0.00728,4.63426,7.57344,0
872,0.00728,4.63425,7.57344,0
872.1,0.00728,4.63425,7.57344,0
872.2,0.00728,4.63424,7.57344,0
872.3,0.00728,4.63423,7.57344,0
872.4,0.00728,4.63422,7.57344,0
872.5,0.00728,4.63421,7.57344,0
872.6,0.00728,4.63421,7.57344,0
872.7,0.00727,4.6342,7.57344,0
872.8,0.00727,4.63419,7.57344,0
872.9,0.00727,4.63418,7.57344,0
873,0.00727,4.63417,7.57344,0
873.1,0.00727,4.63416,7.57344,0
873.2,0.00727,4.63415,7.57344,0
873.3,0.00727,4.63415,7.57344,0
873.4,0.00727,4.63414,7.57344,0
873.5,0.00727,4.63413,7.57344,0
873.6,0.00727,4.63412,7.57344,0
873.7,0.00727,4.63411,7.57344,0
873.8,0.00727,4.6341,7.57344,0
873.9,0.00727,4.63409,7.57344,0
874,0.00727,4.63408,7.57344,0
874.1,0.00727,4.63407,7.57344,0
874.2,0.00727,4.63406,7.57344,0
874.3,0.00727,4.63405,7.57344,0
874.4,0.00727,4.63404,7.57344,0
874.5,0.00727,4.63403,7.57344,0
874.6,0.00727,4.63402,7.57344,0
874.7,0.00727,4.63401,7.57344,0
874.8,0.00727,4.634,7.57344,0
874.9,0.00727,4.63399,7.57344,0
875,0.00727,4.63398,7.57344,0
875.1,0.00727,4.63396,7.57344,0
875.2,0.00727,4.63395,7.57344,0
875.3,0.00727,4.63394,7.57344,0
875.4,0.00727,4.63393,7.57344,0
875.5,0.00727,4.63392,7.57344,0
875.6,0.00727,4.6339,7.57344,0
875.7,0.00727,4.63389,7.57344,0
875.8,0.00727,4.63388,7.57344,0
875.9,0.00727,4.63387,7.57344,0
876,0.00726,4.63386,7.57344,0
876.1,0.00726,4.63384,7.57344,0
876.2,0.00726,4.63383,7.57344,0
876.3,0.00726,4.63382,7.57344,0
876.4,0.00726,4.63381,7.57344,0
876.5,0.00726,4.63379,7.57344,0
876.6,0.00726,4.63378,7.57344,0
876.7,0.00726,4.63377,7.57344,0
876.8,0.00726,4.63375,7.57344,0
876.9,0.00726,4.63374,7.57344,0
877,0.00726,4.63373,7.57344,0
877.1,0.00726,4.63371,7.57344,0
877.2,0.00726,4.6337,7.57344,0
877.3,0.00726,4.63369,7.57344,0
877.4,0.00726,4.63367,7.57344,0
877.5,0.00726,4.63366,7.57344,0
877.6,0.00726,4.63364,7.57344,0
877.7,0.00726,4.63363,7.57344,0
877.8,0.00726,4.63362,7.57344,0
877.9,0.00726,4.63361,7.57344,0
878,0.00726,4.63359,7.57344,0
878.1,0.00726,4.63358,7.57344,0
878.2,0.00726,4.63357,7.57344,0
878.3,0.00726,4.63355,7.57344,0
878.4,0.00726,4.63354,7.57344,0
878.5,0.00726,4.63353,7.57344,0
878.6,0.00726,4.63351,7.57344,0
878.7,0.00726,4.6335,7.57344,0
878.8,0.00726,4.63349,7.57344,0
878.9,0.00726,4.63347,7.57344,0
879,0.00725,4.63346,7.57344,0
879.1,0.00725,4.63345,7.57344,0
879.2,0.00725,4.63343,7.57344,0
879.3,0.00725,4.63342,7.57344,0
879.4,0.00725,4.63341,7.57344,0
879.5,0.00725,4.63339,7.57344,0
879.6,0.00725,4.63338,7.57344,0
879.7,0.00725,4.63336,7.57344,0
879.8,0.00725,4.63335,7.57344,0
879.9,0.00725,4.63333,7.57344,0
880,0.00725,4.63332,7.57344,0
880.1,0.00725,4.63331,7.57344,0
880.2,0.00725,4.63329,7.57344,0
880.3,0.00725,4.63328,7.57344,0
880.4,0.00725,4.63326,7.57344,0
880.5,0.00725,4.63325,7.57344,0
880.6,0.00725,4.63323,7.57344,0
880.7,0.00725,4.63322,7.57344,0
880.8,0.00725,4.6332,7.57344,0
880.9,0.00725,4.63319,7.57344,0
881,0.00725,4.63318,7.57344,0
881.1,0.00725,4.63316,7.57344,0
881.2,0.00725,4.63315,7.57344,0
881.3,0.00725,4.63313,7.57515,0
881.4,0.00724,4.63312,7.57344,0
881.5,0.00724,4.6331,7.57344,0
881.6,0.00724,4.63309,7.57344,0
881.7,0.00724,4.63307,7.57344,0
881.8,0.00724,4.63305,7.57344,0
881.9,0.00724,4.63304,7.57344,0
882,0.00724,4.63302,7.57344,0
882.1,0.00724,4.63301,7.57344,0
882.2,0.00724,4.63299,7.57344,0
882.3,0.00724,4.63298,7.57344,0
882.4,0.00724,4.63297,7.57344,0
882.5,0.00724,4.63295,7.57344,0
882.6,0.00724,4.63294,7.57344,0
882.7,0.00724,4.63292,7.57344,0
882.8,0.00724,4.63291,7.57344,0
882.9,0.00724,4.63289,7.57344,0
883,0.00724,4.63288,7.57344,0
883.1,0.00724,4.63286,7.57344,0
883.2,0.00724,4.63285,7.57344,0
883.3,0.00724,4.63283,7.57344,0
883.4,0.00724,4.63282,7.57344,0
883.5,0.00724,4.63281,7.57344,0
883.6,0.00724,4.63279,7.57344,0
883.7,0.00724,4.63278,7.57344,0
883.8,0.00724,4.63277,7.57344,0
883.9,0.00724,4.63275,7.57176,0
884,0.00724,4.63274,7.57344,0
884.1,0.00724,4.63272,7.57344,0
884.2,0.00723,4.63271,7.57344,0
884.3,0.00723,4.63269,7.57344,0
884.4,0.00723,4.63268,7.57344,0
884.5,0.00723,4.63267,7.57344,0
884.6,0.00723,4.63265,7.57344,0
884.7,0.00723,4.63264,7.57344,0
884.8,0.00723,4.63262,7.57344,0
884.9,0.00723,4.63261,7.57344,0
885,0.00723,4.63259,7.57344,0
885.1,0.00723,4.63258,7.57344,0
885.2,0.00723,4.63256,7.57344,0
885.3,0.00723,4.63255,7.57344,0
885.4,0.00723,4.63254,7.57344,0
885.5,0.00723,4.63252,7.57344,0
885.6,0.00723,4.63251,7.57344,0
885.7,0.00723,4.63249,7.57344,0
885.8,0.00723,4.63248,7.57344,0
885.9,0.00723,4.63246,7.57344,0
886,0.00723,4.63245,7.57344,0
886.1,0.00723,4.63244,7.57344,0
886.2,0.00723,4.63242,7.57344,0
886.3,0.00723,4.63241,7.57344,0
886.4,0.00723,4.63239,7.57344,0
886.5,0.00723,4.63238,7.57344,0
886.6,0.00723,4.63237,7.57344,0
886.7,0.00723,4.63235,7.57344,0
886.8,0.00723,4.63234,7.57344,0
886.9,0.00723,4.63232,7.57344,0
887,0.00723,4.63231,7.57344,0
887.1,0.00723,4.6323,7.57344,0
887.2,0.00722,4.63228,7.57344,0
887.3,0.00722,4.63227,7.57344,0
887.4,0.00722,4.63226,7.57344,0
887.5,0.00722,4.63225,7.57344,0
887.6,0.00722,4.63223,7.57344,0
887.7,0.00722,4.63222,7.57344,0
887.8,0.00722,4.63221,7.57344,0
887.9,0.00722,4.6322,7.57344,0
888,0.00722,4.63218,7.57344,0
888.1,0.00722,4.63217,7.57344,0
888.2,0.00722,4.63216,7.57344,0
888.3,0.00722,4.63215,7.57344,0
888.4,0.00722,4.63214,7.57344,0
888.5,0.00722,4.63213,7.57344,0
888.6,0.00722,4.63211,7.57344,0
888.7,0.00722,4.6321,7.57344,0
888.8,0.00722,4.63209,7.57344,0
888.9,0.00722,4.63208,7.57344,0
889,0.00722,4.63207,7.57515,0
889.1,0.00722,4.63206,7.57344,0
889.2,0.00722,4.63205,7.57344,0
889.3,0.00722,4.63204,7.57515,0
889.4,0.00722,4.63203,7.57344,0
889.5,0.00722,4.63202,7.57344,0
889.6,0.00722,4.63201,7.57344,0
889.7,0.00722,4.632,7.57515,0
889.8,0.00722,4.63199,7.57344,0
889.9,0.00722,4.63198,7.57344,0
890,0.00722,4.63197,7.57344,0
890.1,0.00722,4.63196,7.57344,0
890.2,0.00721,4.63195,7.57344,0
890.3,0.00721,4.63194,7.57344,0
890.4,0.00721,4.63194,7.57344,0
890.5,0.00721,4.63193,7.57344,0
890.6,0.00721,4.63192,7.57344,0
890.7,0.00721,4.63191,7.57344,0
890.8,0.00721,4.6319,7.57344,0
890.9,0.00721,4.63189,7.57344,0
891,0.00721,4.63188,7.57344,0
891.1,0.00721,4.63187,7.57344,0
891.2,0.00721,4.63186,7.57344,0
891.3,0.00721,4.63185,7.57344,0
891.4,0.00721,4.63184,7.57344,0
891.5,0.00721,4.63183,7.57344,0
891.6,0.00721,4.63182,7.57344,0
891.7,0.00721,4.63181,7.57344,0
891.8,0.00721,4.6318,7.57344,0
891.9,0.00721,4.63179,7.57344,0
892,0.00721,4.63178,7.57344,0
892.1,0.00721,4.63177,7.57344,0
892.2,0.00721,4.63176,7.57344,0
892.3,0.00721,4.63176,7.57344,0
892.4,0.0072,4.63175,7.57344,0
892.5,0.0072,4.63174,7.57344,0
892.6,0.0072,4.63173,7.57344,0
892.7,0.0072,4.63172,7.57344,0
892.8,0.0072,4.63171,7.57344,0
892.9,0.0072,4.6317,7.57344,0
893,0.0072,4.63169,7.57344,0
893.1,0.0072,4.63168,7.57344,0
893.2,0.0072,4.63167,7.57344,0
893.3,0.0072,4.63166,7.57344,0
893.4,0.0072,4.63165,7.57344,0
893.5,0.0072,4.63164,7.57344,0
893.6,0.0072,4.63163,7.57515,0
893.7,0.0072,4.63162,7.57515,0
893.8,0.0072,4.63161,7.57344,0
893.9,0.0072,4.6316,7.57515,0
894,0.0072,4.6316,7.57344,0
894.1,0.0072,4.63159,7.57344,0
894.2,0.0072,4.63158,7.57344,0
894.3,0.0072,4.63157,7.57344,0
894.4,0.0072,4.63156,7.57515,0
894.5,0.0072,4.63155,7.57515,0
894.6,0.00719,4.63154,7.57515,0
894.7,0.00719,4.63153,7.57344,0
894.8,0.00719,4.63153,7.57515,0
894.9,0.00719,4.63152,7.57344,0
895,0.00719,4.63151,7.57344,0
895.1,0.00719,4.6315,7.57344,0
895.2,0.00719,4.6315,7.57344,0
895.3,0.00719,4.63149,7.57344,0
895.4,0.00719,4.63148,7.57344,0
895.5,0.00719,4.63148,7.57344,0
895.6,0.00719,4.63147,7.57344,0
895.7,0.00719,4.63146,7.57344,0
895.8,0.00719,4.63146,7.57515,0
895.9,0.00719,4.63145,7.57515,0
896,0.00719,4.63144,7.57344,0
896.1,0.00719,4.63144,7.57344,0
896.2,0.00719,4.63143,7.57344,0
896.3,0.00719,4.63143,7.57344,0
896.4,0.00719,4.63142,7.57515,0
896.5,0.00719,4.63142,7.57344,0
896.6,0.00718,4.63141,7.57515,0
896.7,0.00718,4.6314,7.57344,0
896.8,0.00718,4.6314,7.57344,0
896.9,0.00718,4.63139,7.57344,0
897,0.00718,4.63139,7.57344,0
897.1,0.00718,4.63138,7.57344,0
897.2,0.00718,4.63138,7.57515,0
897.3,0.00718,4.63138,7.57515,0
897.4,0.00718,4.63137,7.57515,0
897.5,0.00718,4.63137,7.57344,0
897.6,0.00718,4.63136,7.57344,0
897.7,0.00718,4.63136,7.57344,0
897.8,0.00718,4.63135,7.57344,0
897.9,0.00718,4.63135,7.57344,0
898,0.00718,4.63135,7.57344,0
898.1,0.00718,4.63134,7.57515,0
898.2,0.00718,4.63134,7.57344,0
898.3,0.00718,4.63134,7.57344,0
898.4,0.00718,4.63133,7.57344,0
898.5,0.00717,4.63133,7.57344,0
898.6,0.00717,4.63133,7.57344,0
898.7,0.00717,4.63132,7.57344,0
898.8,0.00717,4.63132,7.57515,0
898.9,0.00717,4.63132,7.57344,0
899,0.00717,4.63132,7.57515,0
899.1,0.00717,4.63131,7.57344,0
899.2,0.00717,4.63131,7.57515,0
899.3,0.00717,4.63131,7.57344,0
899.4,0.00717,4.6313,7.57344,0
899.5,0.00717,4.6313,7.57344,0
899.6,0.00717,4.6313,7.57515,0
899.7,0.00717,4.6313,7.57344,0
899.8,0.00717,4.63129,7.57344,0
899.9,0.00717,4.63129,7.57344,0
900,0.00717,4.63129,7.57344,0
900.1,0.00717,4.63129,7.57344,0
900.2,0.00717,4.63129,7.57344,0
900.3,0.00717,4.63128,7.57515,0
900.4,0.00717,4.63128,7.57344,0
900.5,0.00717,4.63128,7.57344,0
900.6,0.00716,4.63128,7.57515,0
900.7,0.00716,4.63128,7.57515,0
900.8,0.00716,4.63128,7.57515,0
900.9,0.00716,4.63128,7.57344,0
901,0.00716,4.63127,7.57344,0
901.1,0.00716,4.63127,7.57515,0
901.2,0.00716,4.63127,7.57344,0
901.3,0.00716,4.63127,7.57344,0
901.4,0.00716,4.63127,7.57515,0
901.5,0.00716,4.63127,7.57515,0
901.6,0.00716,4.63127,7.57344,0
901.7,0.00716,4.63127,7.57344,0
901.8,0.00716,4.63127,7.57344,0
901.9,0.00716,4.63126,7.57344,0
902,0.00716,4.63126,7.57344,0
902.1,0.00716,4.63126,7.57515,0
902.2,0.00716,4.63126,7.57515,0
902.3,0.00716,4.63126,7.57515,0
902.4,0.00716,4.63126,7.57344,0
902.5,0.00716,4.63126,7.57344,0
902.6,0.00716,4.63126,7.57344,0
902.7,0.00715,4.63126,7.57344,0
902.8,0.00715,4.63125,7.57344,0
902.9,0.00715,4.63125,7.57515,0
903,0.00715,4.63125,7.57344,0
903.1,0.00715,4.63125,7.57344,0
903.2,0.00715,4.63125,7.57344,0
903.3,0.00715,4.63125,7.57344,0
903.4,0.00715,4.63125,7.57344,0
903.5,0.00715,4.63125,7.57344,0
903.6,0.00715,4.63125,7.57344,0
903.7,0.00715,4.63124,7.57344,0
903.8,0.00715,4.63124,7.57344,0
903.9,0.00715,4.63124,7.57344,0
904,0.00715,4.63124,7.57344,0
904.1,0.00715,4.63124,7.57344,0
904.2,0.00715,4.63124,7.57344,0
904.3,0.00715,4.63124,7.57344,0
904.4,0.00715,4.63124,7.57344,0
904.5,0.00714,4.63124,7.57344,0
904.6,0.00714,4.63123,7.57344,0
904.7,0.00714,4.63123,7.57344,0
904.8,0.00714,4.63123,7.57344,0
904.9,0.00714,4.63123,7.57344,0
905,0.00714,4.63123,7.57344,0
905.1,0.00714,4.63123,7.57344,0
905.2,0.00714,4.63123,7.57344,0
905.3,0.00714,4.63122,7.57344,0
905.4,0.00714,4.63122,7.57344,0
905.5,0.00714,4.63122,7.57344,0
905.6,0.00714,4.63122,7.57344,0
905.7,0.00714,4.63122,7.57344,0
905.8,0.00714,4.63122,7.57344,0
905.9,0.00714,4.63122,7.57344,0
906,0.00713,4.63121,7.57344,0
906.1,0.00713,4.63121,7.57344,0
906.2,0.00713,4.63121,7.57344,0
906.3,0.00713,4.63121,7.57344,0
906.4,0.00713,4.63121,7.57344,0
906.5,0.00713,4.6312,7.57344,0
906.6,0.00713,4.6312,7.57344,0
906.7,0.00713,4.6312,7.57344,0
906.8,0.00713,4.6312,7.57344,0
906.9,0.00713,4.63119,7.57344,0
907,0.00713,4.63119,7.57344,0
907.1,0.00713,4.63119,7.57344,0
907.2,0.00713,4.63119,7.57344,0
907.3,0.00713,4.63119,7.57344,0
907.4,0.00713,4.63118,7.57344,0
907.5,0.00712,4.63118,7.57344,0
907.6,0.00712,4.63118,7.57344,0
907.7,0.00712,4.63118,7.57344,0
907.8,0.00712,4.63117,7.57344,0
907.9,0.00712,4.63117,7.57344,0
908,0.00712,4.63117,7.57515,0
908.1,0.00712,4.63117,7.57344,0
908.2,0.00712,4.63116,7.57344,0
908.3,0.00712,4.63116,7.57344,0
908.4,0.00712,4.63116,7.57515,0
908.5,0.00712,4.63116,7.57515,0
908.6,0.00712,4.63116,7.57515,0
908.7,0.00712,4.63115,7.57344,0
908.8,0.00712,4.63115,7.57344,0
908.9,0.00712,4.63115,7.57344,0
909,0.00711,4.63115,7.57344,0
909.1,0.00711,4.63114,7.57344,0
909.2,0.00711,4.63114,7.57344,0
909.3,0.00711,4.63114,7.57344,0
909.4,0.00711,4.63114,7.57515,0
909.5,0.00711,4.63114,7.57344,0
909.6,0.00711,4.63113,7.57344,0
909.7,0.00711,4.63113,7.57515,0
909.8,0.00711,4.63113,7.57344,0
909.9,0.00711,4.63113,7.57344,0
910,0.00711,4.63112,7.57515,0
910.1,0.00711,4.63112,7.57515,0
910.2,0.00711,4.63112,7.57515,0
910.3,0.00711,4.63111,7.57515,0
910.4,0.00711,4.63111,7.57515,0
910.5,0.0071,4.63111,7.57515,0
910.6,0.0071,4.63111,7.57515,0
910.7,0.0071,4.63111,7.57515,0
910.8,0.0071,4.63111,7.57515,0
910.9,0.0071,4.6311,7.57515,0
911,0.0071,4.6311,7.57515,0
911.1,0.0071,4.6311,7.57515,0
911.2,0.0071,4.6311,7.57515,0
911.3,0.0071,4.6311,7.57344,0
911.4,0.0071,4.6311,7.57344,0
911.5,0.0071,4.6311,7.57344,0
911.6,0.0071,4.63109,7.57344,0
911.7,0.0071,4.63109,7.57344,0
911.8,0.00709,4.63109,7.57515,0
911.9,0.00709,4.63109,7.57344,0
912,0.00709,4.63109,7.57515,0
912.1,0.00709,4.63109,7.57515,0
912.2,0.00709,4.63109,7.57515,0
912.3,0.00709,4.63109,7.57344,0
912.4,0.00709,4.63109,7.57344,0
912.5,0.00709,4.63109,7.57515,0
912.6,0.00709,4.63108,7.57515,0
912.7,0.00709,4.63108,7.57515,0
912.8,0.00709,4.63108,7.57515,0
912.9,0.00709,4.63108,7.57515,0
913,0.00709,4.63108,7.57344,0
913.1,0.00709,4.63108,7.57344,0
913.2,0.00708,4.63107,7.57344,0
913.3,0.00708,4.63107,7.57344,0
913.4,0.00708,4.63107,7.57515,0
913.5,0.00708,4.63107,7.57344,0
913.6,0.00708,4.63107,7.57344,0
913.7,0.00708,4.63106,7.57344,0
913.8,0.00708,4.63106,7.57344,0
913.9,0.00708,4.63106,7.57515,0
914,0.00708,4.63106,7.57515,0
914.1,0.00708,4.63105,7.57515,0
914.2,0.00708,4.63105,7.57515,0
914.3,0.00708,4.63105,7.57515,0
914.4,0.00708,4.63104,7.57344,0
914.5,0.00707,4.63104,7.57344,0
914.6,0.00707,4.63104,7.57344,0
914.7,0.00707,4.63103,7.57344,0
914.8,0.00707,4.63103,7.57344,0
914.9,0.00707,4.63103,7.57515,0
915,0.00707,4.63102,7.57515,0
915.1,0.00707,4.63102,7.57515,0
915.2,0.00707,4.63102,7.57515,0
915.3,0.00707,4.63101,7.57515,0
915.4,0.00707,4.63101,7.57515,0
915.5,0.00707,4.631,7.57515,0
915.6,0.00707,4.631,7.57515,0
915.7,0.00707,4.63099,7.57344,0
915.8,0.00706,4.63099,7.57344,0
915.9,0.00706,4.63099,7.57344,0
916,0.00706,4.63098,7.57344,0
916.1,0.00706,4.63098,7.57344,0
916.2,0.00706,4.63097,7.57344,0
916.3,0.00706,4.63097,7.57344,0
916.4,0.00706,4.63096,7.57344,0
916.5,0.00706,4.63095,7.57515,0
916.6,0.00706,4.63095,7.57344,0
916.7,0.00706,4.63094,7.57344,0
916.8,0.00706,4.63094,7.57344,0
916.9,0.00706,4.63093,7.57515,0
917,0.00705,4.63092,7.57515,0
917.1,0.00705,4.63092,7.57344,0
917.2,0.00705,4.63091,7.57515,0
917.3,0.00705,4.6309,7.57515,0
917.4,0.00705,4.63089,7.57344,0
917.5,0.00705,4.63088,7.57515,0
917.6,0.00705,4.63088,7.57515,0
917.7,0.00705,4.63087,7.57515,0
917.8,0.00705,4.63086,7.57515,0
917.9,0.00705,4.63085,7.57515,0
918,0.00705,4.63084,7.57515,0
918.1,0.00705,4.63083,7.57515,0
918.2,0.00705,4.63082,7.57515,0
918.3,0.00704,4.63081,7.57515,0
918.4,0.00704,4.6308,7.57515,0
918.5,0.00704,4.63079,7.57515,0
918.6,0.00704,4.63079,7.57515,0
918.7,0.00704,4.63078,7.57515,0
918.8,0.00704,4.63076,7.57515,0
918.9,0.00704,4.63075,7.57515,0
919,0.00704,4.63074,7.57515,0
919.1,0.00704,4.63073,7.57344,0
919.2,0.00704,4.63072,7.57515,0
919.3,0.00704,4.63071,7.57344,0
919.4,0.00704,4.6307,7.57515,0
919.5,0.00704,4.63069,7.57515,0
919.6,0.00704,4.63067,7.57515,0
919.7,0.00703,4.63066,7.57344,0
919.8,0.00703,4.63065,7.57344,0
919.9,0.00703,4.63064,7.57515,0
920,0.00703,4.63062,7.57344,0
920.1,0.00703,4.63061,7.57344,0
920.2,0.00703,4.6306,7.57344,0
920.3,0.00703,4.63059,7.57515,0
920.4,0.00703,4.63057,7.57344,0
920.5,0.00703,4.63056,7.57515,0
920.6,0.00703,4.63055,7.57515,0
920.7,0.00703,4.63053,7.57344,0
920.8,0.00703,4.63052,7.57515,0
920.9,0.00703,4.6305,7.57515,0
921,0.00703,4.63049,7.57515,0
921.1,0.00702,4.63047,7.57344,0
921.2,0.00702,4.63046,7.57344,0
921.3,0.00702,4.63044,7.57344,0
921.4,0.00702,4.63043,7.57515,0
921.5,0.00702,4.63041,7.57515,0
921.6,0.00702,4.6304,7.57344,0
921.7,0.00702,4.63038,7.57344,0
921.8,0.00702,4.63037,7.57344,0
921.9,0.00702,4.63035,7.57515,0
922,0.00702,4.63034,7.57515,0
922.1,0.00702,4.63032,7.57344,0
922.2,0.00702,4.6303,7.57344,0
922.3,0.00702,4.63029,7.57344,0
922.4,0.00702,4.63027,7.57515,0
922.5,0.00701,4.63025,7.57344,0
922.6,0.00701,4.63024,7.57515,0
922.7,0.00701,4.63022,7.57515,0
922.8,0.00701,4.63021,7.57344,0
922.9,0.00701,4.63019,7.57344,0
923,0.00701,4.63017,7.57344,0
923.1,0.00701,4.63016,7.57344,0
923.2,0.00701,4.63014,7.57344,0
923.3,0.00701,4.63012,7.57344,0
923.4,0.00701,4.63011,7.57344,0
923.5,0.00701,4.63009,7.57344,0
923.6,0.00701,4.63007,7.57515,0
923.7,0.00701,4.63006,7.57344,0
923.8,0.00701,4.63004,7.57344,0
923.9,0.00701,4.63003,7.57515,0
924,0.007,4.63001,7.57344,0
924.1,0.007,4.63,7.57515,0
924.2,0.007,4.62998,7.57515,0
924.3,0.007,4.62997,7.57344,0
924.4,0.007,4.62995,7.57344,0
924.5,0.007,4.62994,7.57515,0
924.6,0.007,4.62993,7.57515,0
924.7,0.007,4.62991,7.57515,0
924.8,0.007,4.6299,7.57515,0
924.9,0.007,4.62989,7.57515,0
925,0.007,4.62987,7.57515,0
925.1,0.007,4.62986,7.57515,0
925.2,0.007,4.62985,7.57515,0
925.3,0.007,4.62984,7.57515,0
925.4,0.00699,4.62982,7.57515,0
925.5,0.00699,4.62981,7.57344,0
925.6,0.00699,4.6298,7.57344,0
925.7,0.00699,4.62979,7.57515,0
925.8,0.00699,4.62978,7.57344,0
925.9,0.00699,4.62977,7.57515,0
926,0.00699,4.62976,7.57515,0
926.1,0.00699,4.62975,7.57515,0
926.2,0.00699,4.62975,7.57515,0
926.3,0.00699,4.62974,7.57344,0
926.4,0.00699,4.62973,7.57515,0
926.5,0.00699,4.62972,7.57515,0
926.6,0.00699,4.62971,7.57515,0
926.7,0.00699,4.6297,7.57515,0
926.8,0.00698,4.62969,7.57515,0
926.9,0.00698,4.62968,7.57344,0
927,0.00698,4.62967,7.57515,0
927.1,0.00698,4.62967,7.57515,0
927.2,0.00698,4.62966,7.57515,0
927.3,0.00698,4.62965,7.57515,0
927.4,0.00698,4.62964,7.57515,0
927.5,0.00698,4.62963,7.57515,0
927.6,0.00698,4.62962,7.57515,0
927.7,0.00698,4.62962,7.57515,0
927.8,0.00698,4.62961,7.57515,0
927.9,0.00698,4.6296,7.57344,0
928,0.00698,4.62959,7.57515,0
928.1,0.00697,4.62958,7.57515,0
928.2,0.00697,4.62957,7.57344,0
928.3,0.00697,4.62957,7.57344,0
928.4,0.00697,4.62956,7.57344,0
928.5,0.00697,4.62955,7.57344,0
928.6,0.00697,4.62954,7.57344,0
928.7,0.00697,4.62953,7.57515,0
928.8,0.00697,4.62952,7.57344,0
928.9,0.00697,4.62952,7.57344,0
929,0.00697,4.62951,7.57515,0
929.1,0.00697,4.6295,7.57515,0
929.2,0.00697,4.62949,7.57344,0
929.3,0.00697,4.62949,7.57515,0
929.4,0.00697,4.62948,7.57344,0
929.5,0.00697,4.62947,7.57344,0
929.6,0.00697,4.62946,7.57344,0
929.7,0.00696,4.62946,7.57515,0
929.8,0.00696,4.62945,7.57515,0
929.9,0.00696,4.62944,7.57515,0
930,0.00696,4.62943,7.57515,0
930.1,0.00696,4.62943,7.57344,0
930.2,0.00696,4.62942,7.57515,0
930.3,0.00696,4.62942,7.57344,0
930.4,0.00696,4.62941,7.57344,0
930.5,0.00696,4.6294,7.57515,0
930.6,0.00696,4.62939,7.57515,0
930.7,0.00696,4.62939,7.57515,0
930.8,0.00696,4.62938,7.57515,0
930.9,0.00696,4.62937,7.57515,0
931,0.00696,4.62937,7.57515,0
931.1,0.00696,4.62936,7.57515,0
931.2,0.00696,4.62936,7.57515,0
931.3,0.00696,4.62935,7.57515,0
931.4,0.00696,4.62934,7.57515,0
931.5,0.00696,4.62934,7.57515,0
931.6,0.00695,4.62933,7.57344,0
931.7,0.00695,4.62933,7.57515,0
931.8,0.00695,4.62932,7.57344,0
931.9,0.00695,4.62932,7.57515,0
932,0.00695,4.62931,7.57515,0
932.1,0.00695,4.62931,7.57515,0
932.2,0.00695,4.6293,7.57344,0
932.3,0.00695,4.6293,7.57344,0
932.4,0.00695,4.62929,7.57344,0
932.5,0.00695,4.62929,7.57344,0
932.6,0.00695,4.62928,7.57344,0
932.7,0.00695,4.62928,7.57344,0
932.8,0.00695,4.62927,7.57344,0
932.9,0.00695,4.62927,7.57344,0
933,0.00695,4.62927,7.57344,0
933.1,0.00695,4.62926,7.57344,0
933.2,0.00695,4.62926,7.57344,0
933.3,0.00695,4.62925,7.57344,0
933.4,0.00695,4.62925,7.57344,0
933.5,0.00694,4.62924,7.57515,0
933.6,0.00694,4.62924,7.57515,0
933.7,0.00694,4.62924,7.57515,0
933.8,0.00694,4.62923,7.57515,0
933.9,0.00694,4.62923,7.57344,0
934,0.00694,4.62922,7.57344,0
934.1,0.00694,4.62922,7.57344,0
934.2,0.00694,4.62921,7.57515,0
934.3,0.00694,4.62921,7.57515,0
934.4,0.00694,4.6292,7.57344,0
934.5,0.00694,4.6292,7.57344,0
934.6,0.00694,4.62919,7.57344,0
934.7,0.00694,4.62919,7.57344,0
934.8,0.00694,4.62918,7.57515,0
934.9,0.00694,4.62918,7.57344,0
935,0.00694,4.62917,7.57344,0
935.1,0.00694,4.62917,7.57344,0
935.2,0.00693,4.62917,7.57344,0
935.3,0.00693,4.62916,7.57344,0
935.4,0.00693,4.62916,7.57344,0
935.5,0.00693,4.62915,7.57344,0
935.6,0.00693,4.62915,7.57344,0
935.7,0.00693,4.62915,7.57344,0
935.8,0.00693,4.62914,7.57344,0
935.9,0.00693,4.62914,7.57515,0
936,0.00693,4.62914,7.57344,0
936.1,0.00693,4.62913,7.57344,0
936.2,0.00693,4.62913,7.57344,0
936.3,0.00693,4.62913,7.57344,0
936.4,0.00693,4.62912,7.57515,0
936.5,0.00693,4.62912,7.57515,0
936.6,0.00693,4.62912,7.57515,0
936.7,0.00693,4.62912,7.57515,0
936.8,0.00693,4.62911,7.57515,0
936.9,0.00693,4.62911,7.57515,0
937,0.00693,4.62911,7.57515,0
937.1,0.00693,4.62911,7.57515,0
937.2,0.00693,4.62911,7.57515,0
937.3,0.00692,4.6291,7.57515,0
937.4,0.00692,4.6291,7.57515,0
937.5,0.00692,4.6291,7.57515,0
937.6,0.00692,4.6291,7.57515,0
937.7,0.00692,4.62909,7.57344,0
937.8,0.00692,4.62909,7.57344,0
937.9,0.00692,4.62909,7.57344,0
938,0.00692,4.62909,7.57515,0
938.1,0.00692,4.62908,7.57515,0
938.2,0.00692,4.62908,7.57515,0
938.3,0.00692,4.62908,7.57344,0
938.4,0.00692,4.62908,7.57515,0
938.5,0.00692,4.62907,7.57515,0
938.6,0.00692,4.62907,7.57344,0
938.7,0.00692,4.62907,7.57515,0
938.8,0.00692,4.62907,7.57515,0
938.9,0.00692,4.62906,7.57515,0
939,0.00692,4.62906,7.57515,0
939.1,0.00692,4.62906,7.57515,0
939.2,0.00692,4.62906,7.57344,0
939.3,0.00692,4.62906,7.57344,0
939.4,0.00692,4.62905,7.57515,0
939.5,0.00692,4.62905,7.57515,0
939.6,0.00691,4.62905,7.57515,0
939.7,0.00691,4.62905,7.57515,0
939.8,0.00691,4.62905,7.57515,0
939.9,0.00691,4.62905,7.57344,0
940,0.00691,4.62905,7.57344,0
940.1,0.00691,4.62904,7.57344,0
940.2,0.00691,4.62904,7.57515,0
940.3,0.00691,4.62904,7.57344,0
940.4,0.00691,4.62904,7.57344,0
940.5,0.00691,4.62904,7.57344,0
940.6,0.00691,4.62904,7.57344,0
940.7,0.00691,4.62904,7.57344,0
940.8,0.00691,4.62903,7.57344,0
940.9,0.00691,4.62903,7.57344,0
941,0.00691,4.62903,7.57344,0
941.1,0.00691,4.62903,7.57344,0
941.2,0.00691,4.62902,7.57515,0
941.3,0.00691,4.62902,7.57344,0
941.4,0.00691,4.62902,7.57344,0
941.5,0.00691,4.62902,7.57515,0
941.6,0.00691,4.62901,7.57515,0
941.7,0.00691,4.62901,7.57515,0
941.8,0.00691,4.629,7.57344,0
941.9,0.00691,4.629,7.57344,0
942,0.00691,4.629,7.57344,0
942.1,0.00691,4.629,7.57515,0
942.2,0.0069,4.62899,7.57515,0
942.3,0.0069,4.62899,7.57344,0
942.4,0.0069,4.62899,7.57344,0
942.5,0.0069,4.62898,7.57344,0
942.6,0.0069,4.62898,7.57344,0
942.7,0.0069,4.62898,7.57344,0
942.8,0.0069,4.62897,7.57344,0
942.9,0.0069,4.62897,7.57344,0
943,0.0069,4.62897,7.57344,0
943.1,0.0069,4.62896,7.57344,0
943.2,0.0069,4.62896,7.57344,0
943.3,0.0069,4.62896,7.57344,0
943.4,0.0069,4.62895,7.57344,0
943.5,0.0069,4.62895,7.57344,0
943.6,0.0069,4.62894,7.57515,0
943.7,0.0069,4.62894,7.57344,0
943.8,0.0069,4.62894,7.57344,0
943.9,0.0069,4.62893,7.57344,0
944,0.0069,4.62893,7.57515,0
944.1,0.0069,4.62892,7.57515,0
944.2,0.0069,4.62891,7.57344,0
944.3,0.0069,4.62891,7.57344,0
944.4,0.0069,4.6289,7.57515,0
944.5,0.0069,4.6289,7.57344,0
944.6,0.0069,4.62889,7.57344,0
944.7,0.0069,4.62889,7.57344,0
944.8,0.0069,4.62888,7.57344,0
944.9,0.0069,4.62887,7.57344,0
945,0.0069,4.62887,7.57344,0
945.1,0.0069,4.62886,7.57344,0
945.2,0.0069,4.62885,7.57515,0
945.3,0.00689,4.62885,7.57515,0
945.4,0.00689,4.62884,7.57344,0
945.5,0.00689,4.62883,7.57344,0
945.6,0.00689,4.62883,7.57344,0
945.7,0.00689,4.62882,7.57344,0
945.8,0.00689,4.62881,7.57344,0
945.9,0.00689,4.6288,7.57344,0
946,0.00689,4.6288,7.57344,0
946.1,0.00689,4.62879,7.57344,0
946.2,0.00689,4.62878,7.57344,0
946.3,0.00689,4.62877,7.57344,0
946.4,0.00689,4.62877,7.57344,0
946.5,0.00689,4.62876,7.57344,0
946.6,0.00689,4.62875,7.57344,0
946.7,0.00689,4.62874,7.57344,0
946.8,0.00689,4.62873,7.57515,0
946.9,0.00689,4.62873,7.57344,0
947,0.00689,4.62872,7.57515,0
947.1,0.00689,4.62871,7.57344,0
947.2,0.00689,4.6287,7.57515,0
947.3,0.00689,4.62869,7.57344,0
947.4,0.00689,4.62868,7.57515,0
947.5,0.00689,4.62868,7.57515,0
947.6,0.00689,4.62867,7.57515,0
947.7,0.00689,4.62866,7.57344,0
947.8,0.00689,4.62865,7.57515,0
947.9,0.00689,4.62864,7.57344,0
948,0.00688,4.62864,7.57344,0
948.1,0.00688,4.62863,7.57344,0
948.2,0.00688,4.62862,7.57344,0
948.3,0.00688,4.62861,7.57515,0
948.4,0.00688,4.62861,7.57515,0
948.5,0.00688,4.6286,7.57515,0
948.6,0.00688,4.62859,7.57515,0
948.7,0.00688,4.62858,7.57515,0
948.8,0.00688,4.62858,7.57515,0
948.9,0.00688,4.62857,7.57344,0
949,0.00688,4.62857,7.57515,0
949.1,0.00688,4.62856,7.57515,0
949.2,0.00688,4.62855,7.57344,0
949.3,0.00688,4.62855,7.57344,0
949.4,0.00688,4.62854,7.57515,0
949.5,0.00688,4.62854,7.57344,0
949.6,0.00688,4.62853,7.57344,0
949.7,0.00688,4.62853,7.57344,0
949.8,0.00688,4.62853,7.57344,0
949.9,0.00688,4.62852,7.57344,0
950,0.00688,4.62852,7.57515,0
950.1,0.00688,4.62852,7.57344,0
950.2,0.00688,4.62852,7.57344,0
950.3,0.00688,4.62851,7.57344,0
950.4,0.00688,4.62851,7.57515,0
950.5,0.00688,4.62851,7.57515,0
950.6,0.00688,4.62851,7.57515,0
950.7,0.00688,4.62851,7.57515,0
950.8,0.00688,4.6285,7.57515,0
950.9,0.00688,4.6285,7.57515,0
951,0.00688,4.6285,7.57515,0
951.1,0.00688,4.6285,7.57515,0
951.2,0.00688,4.6285,7.57344,0
951.3,0.00688,4.6285,7.57344,0
951.4,0.00688,4.6285,7.57344,0
951.5,0.00688,4.6285,7.57344,0
951.6,0.00688,4.6285,7.57344,0
951.7,0.00688,4.6285,7.57344,0
951.8,0.00688,4.6285,7.57344,0
951.9,0.00688,4.6285,7.57344,0
952,0.00688,4.6285,7.57344,0
952.1,0.00688,4.62851,7.57344,0
952.2,0.00688,4.62851,7.57344,0
952.3,0.00688,4.62851,7.57344,0
952.4,0.00688,4.62851,7.57515,0
952.5,0.00688,4.62851,7.57344,0
952.6,0.00688,4.62851,7.57344,0
952.7,0.00688,4.62851,7.57344,0
952.8,0.00688,4.62851,7.57515,0
952.9,0.00688,4.62852,7.57344,0
953,0.00688,4.62852,7.57344,0
953.1,0.00688,4.62852,7.57344,0
953.2,0.00688,4.62853,7.57344,0
953.3,0.00688,4.62853,7.57344,0
953.4,0.00688,4.62853,7.57344,0
953.5,0.00688,4.62854,7.57344,0
953.6,0.00688,4.62854,7.57344,0
953.7,0.00688,4.62855,7.57344,0
953.8,0.00688,4.62855,7.57344,0
953.9,0.00688,4.62856,7.57344,0
954,0.00688,4.62856,7.57344,0
954.1,0.00688,4.62857,7.57344,0
954.2,0.00688,4.62858,7.57344,0
954.3,0.00687,4.62858,7.57344,0
954.4,0.00687,4.62859,7.57344,0
954.5,0.00687,4.6286,7.57344,0
954.6,0.00687,4.62861,7.57344,0
954.7,0.00687,4.62862,7.57344,0
954.8,0.00687,4.62863,7.57344,0
954.9,0.00687,4.62864,7.57344,0
955,0.00687,4.62864,7.57515,0
955.1,0.00687,4.62865,7.57344,0
955.2,0.00687,4.62866,7.57344,0
955.3,0.00687,4.62868,7.57515,0
955.4,0.00687,4.62869,7.57344,0
955.5,0.00687,4.6287,7.57344,0
955.6,0.00687,4.62871,7.57515,0
955.7,0.00687,4.62872,7.57515,0
955.8,0.00687,4.62873,7.57515,0
955.9,0.00687,4.62875,7.57344,0
956,0.00687,4.62876,7.57344,0
956.1,0.00687,4.62877,7.57515,0
956.2,0.00687,4.62879,7.57344,0
956.3,0.00687,4.6288,7.57344,0
956.4,0.00687,4.62881,7.57344,0
956.5,0.00687,4.62883,7.57344,0
956.6,0.00687,4.62884,7.57344,0
956.7,0.00687,4.62886,7.57515,0
956.8,0.00687,4.62887,7.57344,0
956.9,0.00687,4.62889,7.57515,0
957,0.00687,4.6289,7.57515,0
957.1,0.00687,4.62892,7.57515,0
957.2,0.00687,4.62894,7.57515,0
957.3,0.00687,4.62896,7.57515,0
957.4,0.00687,4.62897,7.57515,0
957.5,0.00687,4.62899,7.57515,0
957.6,0.00687,4.62901,7.57344,0
957.7,0.00687,4.62903,7.57515,0
957.8,0.00687,4.62905,7.57515,0
957.9,0.00687,4.62907,7.57515,0
958,0.00687,4.62909,7.57515,0
958.1,0.00687,4.62911,7.57515,0
958.2,0.00686,4.62913,7.57515,0
958.3,0.00686,4.62915,7.57515,0
958.4,0.00686,4.62917,7.57515,0
958.5,0.00686,4.6292,7.57515,0
958.6,0.00686,4.62922,7.57344,0
958.7,0.00686,4.62924,7.57515,0
958.8,0.00686,4.62927,7.57515,0
958.9,0.00686,4.62929,7.57515,0
959,0.00686,4.62931,7.57515,0
959.1,0.00686,4.62934,7.57515,0
959.2,0.00686,4.62936,7.57515,0
959.3,0.00686,4.62939,7.57515,0
959.4,0.00686,4.62941,7.57515,0
959.5,0.00686,4.62944,7.57515,0
959.6,0.00686,4.62947,7.57515,0
959.7,0.00686,4.6295,7.57515,0
959.8,0.00686,4.62952,7.57515,0
959.9,0.00686,4.62955,7.57515,0
960,0.00686,4.62958,7.57515,0
960.1,0.00686,4.62961,7.57515,0
960.2,0.00686,4.62964,7.57515,0
960.3,0.00686,4.62967,7.57515,0
960.4,0.00686,4.6297,7.57515,0
960.5,0.00686,4.62973,7.57515,0
960.6,0.00686,4.62976,7.57344,0
960.7,0.00686,4.62979,7.57515,0
960.8,0.00686,4.62982,7.57515,0
960.9,0.00686,4.62985,7.57515,0
961,0.00686,4.62988,7.57344,0
961.1,0.00686,4.62992,7.57344,0
961.2,0.00686,4.62995,7.57344,0
961.3,0.00686,4.62998,7.57515,0
961.4,0.00686,4.63002,7.57344,0
961.5,0.00685,4.63005,7.57515,0
961.6,0.00685,4.63008,7.57515,0
961.7,0.00685,4.63012,7.57344,0
961.8,0.00685,4.63016,7.57515,0
961.9,0.00685,4.63019,7.57515,0
962,0.00685,4.63023,7.57515,0
962.1,0.00685,4.63026,7.57515,0
962.2,0.00685,4.6303,7.57515,0
962.3,0.00685,4.63034,7.57515,0
962.4,0.00685,4.63037,7.57515,0
962.5,0.00685,4.63041,7.57515,0
962.6,0.00685,4.63045,7.57515,0
962.7,0.00685,4.63049,7.57344,0
962.8,0.00685,4.63053,7.57515,0
962.9,0.00685,4.63056,7.57515,0
963,0.00685,4.6306,7.57344,0
963.1,0.00685,4.63064,7.57515,0
963.2,0.00685,4.63068,7.57515,0
963.3,0.00685,4.63072,7.57515,0
963.4,0.00685,4.63076,7.57515,0
963.5,0.00685,4.6308,7.57515,0
963.6,0.00685,4.63085,7.57344,0
963.7,0.00685,4.63089,7.57344,0
963.8,0.00685,4.63093,7.57515,0
963.9,0.00685,4.63097,7.57344,0
964,0.00685,4.63102,7.57515,0
964.1,0.00685,4.63106,7.57515,0
964.2,0.00685,4.63111,7.57515,0
964.3,0.00685,4.63115,7.57515,0
964.4,0.00685,4.6312,7.57344,0
964.5,0.00685,4.63125,7.57515,0
964.6,0.00685,4.63129,7.57515,0
964.7,0.00685,4.63134,7.57344,0
964.8,0.00684,4.63139,7.57515,0
964.9,0.00684,4.63143,7.57344,0
965,0.00684,4.63148,7.57344,0
965.1,0.00684,4.63153,7.57344,0
965.2,0.00684,4.63158,7.57515,0
965.3,0.00684,4.63162,7.57344,0
965.4,0.00684,4.63167,7.57515,0
965.5,0.00684,4.63172,7.57515,0
965.6,0.00684,4.63177,7.57515,0
965.7,0.00684,4.63182,7.57344,0
965.8,0.00684,4.63187,7.57344,0
965.9,0.00684,4.63192,7.57344,0
966,0.00684,4.63197,7.57344,0
966.1,0.00684,4.63202,7.57344,0
966.2,0.00684,4.63207,7.57344,0
966.3,0.00684,4.63212,7.57515,0
966.4,0.00684,4.63217,7.57515,0
966.5,0.00684,4.63222,7.57344,0
966.6,0.00684,4.63227,7.57515,0
966.7,0.00684,4.63232,7.57515,0
966.8,0.00684,4.63237,7.57344,0
966.9,0.00684,4.63242,7.57515,0
967,0.00684,4.63247,7.57515,0
967.1,0.00684,4.63252,7.57344,0
967.2,0.00684,4.63258,7.57515,0
967.3,0.00684,4.63263,7.57515,0
967.4,0.00684,4.63268,7.57515,0
967.5,0.00684,4.63273,7.57515,0
967.6,0.00684,4.63279,7.57515,0
967.7,0.00684,4.63284,7.57515,0
967.8,0.00684,4.63289,7.57515,0
967.9,0.00684,4.63295,7.57515,0
968,0.00684,4.633,7.57515,0
968.1,0.00684,4.63305,7.57515,0
968.2,0.00684,4.63311,7.57515,0
968.3,0.00684,4.63316,7.57515,0
968.4,0.00684,4.63322,7.57515,0
968.5,0.00684,4.63327,7.57515,0
968.6,0.00684,4.63333,7.57515,0
968.7,0.00684,4.63338,7.57515,0
968.8,0.00684,4.63344,7.57515,0
968.9,0.00684,4.6335,7.57515,0
969,0.00684,4.63355,7.57515,0
969.1,0.00683,4.63361,7.57344,0
969.2,0.00683,4.63367,7.57515,0
969.3,0.00683,4.63372,7.57515,0
969.4,0.00683,4.63378,7.57515,0
969.5,0.00683,4.63384,7.57515,0
969.6,0.00683,4.6339,7.57515,0
969.7,0.00683,4.63395,7.57515,0
969.8,0.00683,4.63401,7.57515,0
969.9,0.00683,4.63407,7.57515,0
970,0.00683,4.63413,7.57515,0
970.1,0.00683,4.63419,7.57515,0
970.2,0.00683,4.63424,7.57515,0
970.3,0.00683,4.6343,7.57515,0
970.4,0.00683,4.63436,7.57515,0
970.5,0.00683,4.63442,7.57515,0
970.6,0.00683,4.63448,7.57515,0
970.7,0.00683,4.63454,7.57515,0
970.8,0.00683,4.6346,7.57515,0
970.9,0.00683,4.63466,7.57344,0
971,0.00683,4.63472,7.57344,0
971.1,0.00683,4.63478,7.57515,0
971.2,0.00683,4.63484,7.57515,0
971.3,0.00683,4.6349,7.57515,0
971.4,0.00683,4.63496,7.57515,0
971.5,0.00683,4.63502,7.57344,0
971.6,0.00683,4.63508,7.57344,0
971.7,0.00683,4.63514,7.57515,0
971.8,0.00683,4.6352,7.57515,0
971.9,0.00683,4.63526,7.57515,0
972,0.00683,4.63533,7.57515,0
972.1,0.00683,4.63539,7.57344,0
972.2,0.00683,4.63545,7.57515,0
972.3,0.00683,4.63551,7.57515,0
972.4,0.00683,4.63557,7.57515,0
972.5,0.00683,4.63564,7.57515,0
972.6,0.00683,4.6357,7.57515,0
972.7,0.00683,4.63576,7.57344,0
972.8,0.00683,4.63582,7.57515,0
972.9,0.00683,4.63589,7.57515,0
973,0.00683,4.63595,7.57515,0
973.1,0.00683,4.63601,7.57515,0
973.2,0.00683,4.63607,7.57515,0
973.3,0.00683,4.63614,7.57515,0
973.4,0.00683,4.6362,7.57515,0
973.5,0.00683,4.63626,7.57515,0
973.6,0.00683,4.63633,7.57515,0
973.7,0.00683,4.63639,7.57515,0
973.8,0.00683,4.63645,7.57515,0
973.9,0.00683,4.63652,7.57515,0
974,0.00683,4.63658,7.57515,0
974.1,0.00683,4.63665,7.57515,0
974.2,0.00683,4.63671,7.57515,0
974.3,0.00683,4.63678,7.57515,0
974.4,0.00683,4.63684,7.57515,0
974.5,0.00683,4.6369,7.57515,0
974.6,0.00683,4.63697,7.57515,0
974.7,0.00683,4.63704,7.57344,0
974.8,0.00683,4.6371,7.57515,0
974.9,0.00683,4.63717,7.57515,0
975,0.00683,4.63723,7.57515,0
975.1,0.00683,4.6373,7.57515,0
975.2,0.00683,4.63736,7.57515,0
975.3,0.00683,4.63743,7.57515,0
975.4,0.00683,4.63749,7.57515,0
975.5,0.00683,4.63756,7.57515,0
975.6,0.00683,4.63763,7.57515,0
975.7,0.00683,4.63769,7.57515,0
975.8,0.00683,4.63776,7.57344,0
975.9,0.00683,4.63782,7.57515,0
976,0.00683,4.63789,7.57344,0
976.1,0.00683,4.63796,7.57515,0
976.2,0.00683,4.63802,7.57344,0
976.3,0.00683,4.63809,7.57344,0
976.4,0.00683,4.63816,7.57515,0
976.5,0.00683,4.63822,7.57515,0
976.6,0.00683,4.63829,7.57515,0
976.7,0.00683,4.63836,7.57515,0
976.8,0.00683,4.63843,7.57515,0
976.9,0.00683,4.63849,7.57515,0
977,0.00683,4.63856,7.57515,0
977.1,0.00683,4.63863,7.57515,0
977.2,0.00683,4.6387,7.57515,0
977.3,0.00683,4.63877,7.57515,0
977.4,0.00683,4.63884,7.57515,0
977.5,0.00683,4.63891,7.57344,0
977.6,0.00683,4.63898,7.57344,0
977.7,0.00683,4.63905,7.57515,0
977.8,0.00683,4.63912,7.57515,0
977.9,0.00683,4.63918,7.57515,0
978,0.00683,4.63925,7.57515,0
978.1,0.00683,4.63932,7.57515,0
978.2,0.00683,4.6394,7.57515,0
978.3,0.00683,4.63947,7.57515,0
978.4,0.00683,4.63954,7.57515,0
978.5,0.00682,4.63961,7.57344,0
978.6,0.00682,4.63968,7.57515,0
978.7,0.00682,4.63975,7.57515,0
978.8,0.00682,4.63982,7.57515,0
978.9,0.00682,4.63989,7.57515,0
979,0.00682,4.63996,7.57515,0
979.1,0.00682,4.64003,7.57515,0
979.2,0.00682,4.6401,7.57515,0
979.3,0.00682,4.64017,7.57515,0
979.4,0.00682,4.64025,7.57515,0
979.5,0.00682,4.64032,7.57515,0
979.6,0.00682,4.64039,7.57515,0
979.7,0.00682,4.64046,7.57515,0
979.8,0.00682,4.64053,7.57515,0
979.9,0.00682,4.64061,7.57515,0
980,0.00682,4.64068,7.57515,0
980.1,0.00682,4.64075,7.57515,0
980.2,0.00682,4.64082,7.57344,0
980.3,0.00682,4.64089,7.57344,0
980.4,0.00682,4.64097,7.57344,0
980.5,0.00682,4.64104,7.57515,0
980.6,0.00682,4.64111,7.57344,0
980.7,0.00682,4.64119,7.57515,0
980.8,0.00682,4.64126,7.57515,0
980.9,0.00682,4.64133,7.57515,0
981,0.00682,4.6414,7.57515,0
981.1,0.00682,4.64148,7.57515,0
981.2,0.00682,4.64155,7.57515,0
981.3,0.00682,4.64162,7.57515,0
981.4,0.00682,4.64169,7.57515,0
981.5,0.00682,4.64177,7.57344,0
981.6,0.00682,4.64184,7.57344,0
981.7,0.00682,4.64191,7.57344,0
981.8,0.00682,4.64198,7.57344,0
981.9,0.00682,4.64206,7.57344,0
982,0.00682,4.64213,7.57515,0
982.1,0.00682,4.6422,7.57515,0
982.2,0.00682,4.64228,7.57344,0
982.3,0.00682,4.64235,7.57515,0
982.4,0.00682,4.64242,7.57515,0
982.5,0.00682,4.6425,7.57515,0
982.6,0.00682,4.64257,7.57515,0
982.7,0.00682,4.64264,7.57515,0
982.8,0.00682,4.64272,7.57344,0
982.9,0.00682,4.64279,7.57515,0
983,0.00682,4.64286,7.57344,0
983.1,0.00682,4.64294,7.57515,0
983.2,0.00682,4.64301,7.57515,0
983.3,0.00682,4.64309,7.57515,0
983.4,0.00682,4.64316,7.57344,0
983.5,0.00682,4.64324,7.57344,0
983.6,0.00682,4.64331,7.57344,0
983.7,0.00682,4.64339,7.57515,0
983.8,0.00682,4.64346,7.57515,0
983.9,0.00682,4.64354,7.57515,0
984,0.00682,4.64361,7.57515,0
984.1,0.00682,4.64369,7.57344,0
984.2,0.00682,4.64376,7.57344,0
984.3,0.00682,4.64384,7.57344,0
984.4,0.00682,4.64391,7.57515,0
984.5,0.00682,4.64399,7.57515,0
984.6,0.00682,4.64406,7.57515,0
984.7,0.00682,4.64414,7.57515,0
984.8,0.00682,4.64421,7.57515,0
984.9,0.00682,4.64429,7.57344,0
985,0.00682,4.64437,7.57344,0
985.1,0.00682,4.64444,7.57515,0
985.2,0.00682,4.64452,7.57344,0
985.3,0.00682,4.64459,7.57515,0
985.4,0.00682,4.64467,7.57344,0
985.5,0.00682,4.64474,7.57515,0
985.6,0.00682,4.64482,7.57515,0
985.7,0.00682,4.64489,7.57515,0
985.8,0.00682,4.64497,7.57515,0
985.9,0.00682,4.64504,7.57515,0
986,0.00681,4.64512,7.57515,0
986.1,0.00681,4.64519,7.57515,0
986.2,0.00681,4.64527,7.57515,0
986.3,0.00681,4.64535,7.57515,0
986.4,0.00681,4.64542,7.57515,0
986.5,0.00681,4.6455,7.57515,0
986.6,0.00681,4.64557,7.57515,0
986.7,0.00681,4.64565,7.57515,0
986.8,0.00681,4.64572,7.57344,0
986.9,0.00681,4.6458,7.57515,0
987,0.00681,4.64587,7.57515,0
987.1,0.00681,4.64595,7.57344,0
987.2,0.00681,4.64602,7.57515,0
987.3,0.00681,4.64609,7.57515,0
987.4,0.00681,4.64617,7.57515,0
987.5,0.00681,4.64624,7.57515,0
987.6,0.00681,4.64632,7.57515,0
987.7,0.00681,4.64639,7.57515,0
987.8,0.00681,4.64647,7.57515,0
987.9,0.00681,4.64654,7.57515,0
988,0.00681,4.64662,7.57344,0
988.1,0.00681,4.64669,7.57515,0
988.2,0.00681,4.64677,7.57515,0
988.3,0.00681,4.64684,7.57515,0
988.4,0.00681,4.64692,7.57515,0
988.5,0.00681,4.64699,7.57515,0
988.6,0.00681,4.64706,7.57515,0
988.7,0.00681,4.64714,7.57515,0
988.8,0.00681,4.64721,7.57515,0
988.9,0.00681,4.64729,7.57344,0
989,0.00681,4.64736,7.57515,0
989.1,0.00681,4.64744,7.57515,0
989.2,0.00681,4.64751,7.57515,0
989.3,0.00681,4.64759,7.57344,0
989.4,0.00681,4.64766,7.57515,0
989.5,0.00681,4.64774,7.57515,0
989.6,0.00681,4.64781,7.57515,0
989.7,0.00681,4.64788,7.57515,0
989.8,0.0068,4.64796,7.57515,0
989.9,0.0068,4.64803,7.57515,0
990,0.0068,4.64811,7.57515,0
990.1,0.0068,4.64818,7.57344,0
990.2,0.0068,4.64826,7.57515,0
990.3,0.0068,4.64833,7.57515,0
990.4,0.0068,4.64841,7.57515,0
990.5,0.0068,4.64848,7.57515,0
990.6,0.0068,4.64856,7.57515,0
990.7,0.0068,4.64863,7.57515,0
990.8,0.0068,4.64871,7.57515,0
990.9,0.0068,4.64878,7.57515,0
991,0.0068,4.64886,7.57515,0
991.1,0.0068,4.64893,7.57515,0
991.2,0.0068,4.64901,7.57515,0
991.3,0.0068,4.64908,7.57515,0
991.4,0.0068,4.64916,7.57515,0
991.5,0.0068,4.64923,7.57515,0
991.6,0.0068,4.64931,7.57515,0
991.7,0.0068,4.64938,7.57515,0
991.8,0.0068,4.64946,7.57515,0
991.9,0.0068,4.64954,7.57515,0
992,0.0068,4.64961,7.57515,0
992.1,0.0068,4.64969,7.57515,0
992.2,0.0068,4.64976,7.57515,0
992.3,0.0068,4.64984,7.57515,0
992.4,0.0068,4.64991,7.57515,0
992.5,0.0068,4.64999,7.57515,0
992.6,0.0068,4.65006,7.57515,0
992.7,0.0068,4.65014,7.57515,0
992.8,0.0068,4.65021,7.57515,0
992.9,0.0068,4.65029,7.57344,0
993,0.0068,4.65036,7.57515,0
993.1,0.0068,4.65044,7.57515,0
993.2,0.0068,4.65051,7.57515,0
993.3,0.0068,4.65058,7.57344,0
993.4,0.0068,4.65066,7.57515,0
993.5,0.0068,4.65073,7.57515,0
993.6,0.00679,4.65081,7.57515,0
993.7,0.00679,4.65088,7.57515,0
993.8,0.00679,4.65096,7.57344,0
993.9,0.00679,4.65103,7.57344,0
994,0.00679,4.65111,7.57515,0
994.1,0.00679,4.65118,7.57515,0
994.2,0.00679,4.65126,7.57515,0
994.3,0.00679,4.65133,7.57515,0
994.4,0.00679,4.65141,7.57515,0
994.5,0.00679,4.65148,7.57515,0
994.6,0.00679,4.65156,7.57515,0
994.7,0.00679,4.65163,7.57515,0
994.8,0.00679,4.65171,7.57515,0
994.9,0.00679,4.65178,7.57515,0
995,0.00679,4.65186,7.57515,0
995.1,0.00679,4.65193,7.57515,0
995.2,0.00679,4.65201,7.57515,0
995.3,0.00679,4.65208,7.57515,0
995.4,0.00679,4.65216,7.57515,0
995.5,0.00679,4.65223,7.57344,0
995.6,0.00679,4.65231,7.57344,0
995.7,0.00679,4.65238,7.57515,0
995.8,0.00679,4.65246,7.57515,0
995.9,0.00679,4.65253,7.57515,0
996,0.00679,4.65261,7.57515,0
996.1,0.00679,4.65268,7.57515,0
996.2,0.00679,4.65276,7.57344,0
996.3,0.00679,4.65283,7.57515,0
996.4,0.00679,4.65291,7.57515,0
996.5,0.00679,4.65298,7.57515,0
996.6,0.00679,4.65306,7.57515,0
996.7,0.00679,4.65313,7.57515,0
996.8,0.00679,4.65321,7.57515,0
996.9,0.00678,4.65328,7.57515,0
997,0.00678,4.65335,7.57515,0
997.1,0.00678,4.65343,7.57515,0
997.2,0.00678,4.6535,7.57344,0
997.3,0.00678,4.65357,7.57515,0
997.4,0.00678,4.65364,7.57515,0
997.5,0.00678,4.65372,7.57344,0
997.6,0.00678,4.65379,7.57344,0
997.7,0.00678,4.65386,7.57344,0
997.8,0.00678,4.65393,7.57344,0
997.9,0.00678,4.65401,7.57344,0
998,0.00678,4.65408,7.57515,0
998.1,0.00678,4.65415,7.57344,0
998.2,0.00678,4.65422,7.57344,0
998.3,0.00678,4.65429,7.57515,0
998.4,0.00678,4.65436,7.57515,0
998.5,0.00678,4.65443,7.57344,0
998.6,0.00678,4.6545,7.57515,0
998.7,0.00678,4.65457,7.57515,0
998.8,0.00678,4.65464,7.57515,0
998.9,0.00678,4.65471,7.57515,0
999,0.00678,4.65478,7.57515,0
999.1,0.00678,4.65485,7.57515,0
999.2,0.00678,4.65491,7.57344,0
999.3,0.00678,4.65498,7.57515,0
999.4,0.00678,4.65505,7.57344,0
999.5,0.00678,4.65511,7.57344,0
999.6,0.00677,4.65518,7.57344,0
999.7,0.00677,4.65525,7.57515,0
999.8,0.00677,4.65531,7.57515,0
999.9,0.00677,4.65538,7.57515,0
1000,0.00677,4.65544,7.57515,0
1000.1,0.00677,4.65551,7.57344,0
1000.2,0.00677,4.65557,7.57344,0
1000.3,0.00677,4.65564,7.57515,0
1000.4,0.00677,4.6557,7.57515,0
1000.5,0.00677,4.65577,7.57515,0
1000.6,0.00677,4.65583,7.57515,0
1000.7,0.00677,4.6559,7.57344,0
1000.8,0.00677,4.65596,7.57515,0
1000.9,0.00677,4.65603,7.57515,0
1001,0.00677,4.65609,7.57515,0
1001.1,0.00677,4.65615,7.57515,0
1001.2,0.00677,4.65622,7.57515,0
1001.3,0.00677,4.65628,7.57515,0
1001.4,0.00677,4.65634,7.57515,0
1001.5,0.00677,4.6564,7.57344,0
1001.6,0.00677,4.65646,7.57515,0
1001.7,0.00677,4.65653,7.57515,0
1001.8,0.00677,4.65659,7.57344,0
1001.9,0.00677,4.65665,7.57515,0
1002,0.00676,4.65671,7.57344,0
1002.1,0.00676,4.65677,7.57515,0
1002.2,0.00676,4.65683,7.57515,0
1002.3,0.00676,4.65689,7.57515,0
1002.4,0.00676,4.65695,7.57515,0
1002.5,0.00676,4.65701,7.57515,0
1002.6,0.00676,4.65707,7.57515,0
1002.7,0.00676,4.65713,7.57515,0
1002.8,0.00676,4.65719,7.57515,0
1002.9,0.00676,4.65725,7.57515,0
1003,0.00676,4.65731,7.57515,0
1003.1,0.00676,4.65737,7.57515,0
1003.2,0.00676,4.65743,7.57515,0
1003.3,0.00676,4.65748,7.57515,0
1003.4,0.00676,4.65754,7.57515,0
1003.5,0.00676,4.6576,7.57515,0
1003.6,0.00676,4.65766,7.57515,0
1003.7,0.00676,4.65771,7.57515,0
1003.8,0.00676,4.65777,7.57515,0
1003.9,0.00676,4.65782,7.57515,0
1004,0.00676,4.65788,7.57515,0
1004.1,0.00676,4.65793,7.57515,0
1004.2,0.00676,4.65799,7.57515,0
1004.3,0.00676,4.65804,7.57515,0
1004.4,0.00675,4.65809,7.57515,0
1004.5,0.00675,4.65815,7.57515,0
1004.6,0.00675,4.6582,7.57344,0
1004.7,0.00675,4.65825,7.57515,0
1004.8,0.00675,4.65831,7.57344,0
1004.9,0.00675,4.65836,7.57515,0
1005,0.00675,4.65841,7.57344,0
1005.1,0.00675,4.65846,7.57344,0
1005.2,0.00675,4.65851,7.57344,0
1005.3,0.00675,4.65856,7.57515,0
1005.4,0.00675,4.65861,7.57515,0
1005.5,0.00675,4.65866,7.57515,0
1005.6,0.00675,4.65871,7.57344,0
1005.7,0.00675,4.65876,7.57515,0
1005.8,0.00675,4.65881,7.57515,0
1005.9,0.00675,4.65886,7.57515,0
1006,0.00675,4.65891,7.57344,0
1006.1,0.00675,4.65896,7.57344,0
1006.2,0.00675,4.659,7.57515,0
1006.3,0.00675,4.65905,7.57344,0
1006.4,0.00675,4.6591,7.57515,0
1006.5,0.00675,4.65915,7.57515,0
1006.6,0.00675,4.65919,7.57344,0
1006.7,0.00675,4.65924,7.57344,0
1006.8,0.00675,4.65928,7.57344,0
1006.9,0.00674,4.65933,7.57344,0
1007,0.00674,4.65938,7.57344,0
1007.1,0.00674,4.65942,7.57515,0
1007.2,0.00674,4.65946,7.57344,0
1007.3,0.00674,4.65951,7.57515,0
1007.4,0.00674,4.65955,7.57515,0
1007.5,0.00674,4.6596,7.57515,0
1007.6,0.00674,4.65964,7.57515,0
1007.7,0.00674,4.65968,7.57515,0
1007.8,0.00674,4.65973,7.57515,0
1007.9,0.00674,4.65977,7.57515,0
1008,0.00674,4.65981,7.57515,0
1008.1,0.00674,4.65985,7.57515,0
1008.2,0.00674,4.65989,7.57344,0
1008.3,0.00674,4.65994,7.57515,0
1008.4,0.00674,4.65998,7.57515,0
1008.5,0.00674,4.66002,7.57344,0
1008.6,0.00674,4.66006,7.57344,0
1008.7,0.00674,4.6601,7.57515,0
1008.8,0.00674,4.66014,7.57344,0
1008.9,0.00674,4.66018,7.57515,0
1009,0.00674,4.66022,7.57515,0
1009.1,0.00674,4.66026,7.57344,0
1009.2,0.00674,4.6603,7.57515,0
1009.3,0.00674,4.66034,7.57344,0
1009.4,0.00674,4.66038,7.57344,0
1009.5,0.00674,4.66041,7.57344,0
1009.6,0.00674,4.66045,7.57344,0
1009.7,0.00674,4.66049,7.57344,0
1009.8,0.00674,4.66052,7.57344,0
1009.9,0.00674,4.66056,7.57344,0
1010,0.00673,4.6606,7.57344,0
1010.1,0.00673,4.66063,7.57344,0
1010.2,0.00673,4.66067,7.57344,0
1010.3,0.00673,4.6607,7.57344,0
1010.4,0.00673,4.66074,7.57515,0
1010.5,0.00673,4.66077,7.57344,0
1010.6,0.00673,4.66081,7.57344,0
1010.7,0.00673,4.66084,7.57344,0
1010.8,0.00673,4.66087,7.57344,0
1010.9,0.00673,4.66091,7.57344,0
1011,0.00673,4.66094,7.57344,0
1011.1,0.00673,4.66097,7.57515,0
1011.2,0.00673,4.66101,7.57344,0
1011.3,0.00673,4.66104,7.57344,0
1011.4,0.00673,4.66107,7.57344,0
1011.5,0.00673,4.6611,7.57344,0
1011.6,0.00673,4.66113,7.57344,0
1011.7,0.00673,4.66117,7.57344,0
1011.8,0.00673,4.6612,7.57515,0
1011.9,0.00673,4.66123,7.57515,0
1012,0.00673,4.66126,7.57344,0
1012.1,0.00673,4.66129,7.57515,0
1012.2,0.00673,4.66132,7.57515,0
1012.3,0.00673,4.66135,7.57515,0
1012.4,0.00673,4.66138,7.57515,0
1012.5,0.00673,4.66141,7.57515,0
1012.6,0.00673,4.66144,7.57515,0
1012.7,0.00673,4.66147,7.57515,0
1012.8,0.00672,4.6615,7.57515,0
1012.9,0.00672,4.66152,7.57344,0
1013,0.00672,4.66155,7.57344,0
1013.1,0.00672,4.66158,7.57515,0
1013.2,0.00672,4.66161,7.57344,0
1013.3,0.00672,4.66164,7.57515,0
1013.4,0.00672,4.66166,7.57515,0
1013.5,0.00672,4.66169,7.57515,0
1013.6,0.00672,4.66171,7.57515,0
1013.7,0.00672,4.66174,7.57515,0
1013.8,0.00672,4.66177,7.57515,0
1013.9,0.00672,4.66179,7.57515,0
1014,0.00672,4.66182,7.57515,0
1014.1,0.00672,4.66184,7.57344,0
1014.2,0.00672,4.66186,7.57515,0
1014.3,0.00672,4.66189,7.57515,0
1014.4,0.00672,4.66191,7.57515,0
1014.5,0.00672,4.66194,7.57515,0
1014.6,0.00672,4.66196,7.57515,0
1014.7,0.00672,4.66198,7.57515,0
1014.8,0.00672,4.66201,7.57515,0
1014.9,0.00672,4.66203,7.57515,0
1015,0.00672,4.66205,7.57515,0
1015.1,0.00672,4.66207,7.57515,0
1015.2,0.00672,4.6621,7.57515,0
1015.3,0.00672,4.66212,7.57344,0
1015.4,0.00672,4.66214,7.57515,0
1015.5,0.00672,4.66216,7.57515,0
1015.6,0.00672,4.66218,7.57515,0
1015.7,0.00672,4.6622,7.57515,0
1015.8,0.00672,4.66222,7.57515,0
1015.9,0.00672,4.66224,7.57515,0
1016,0.00671,4.66226,7.57515,0
1016.1,0.00671,4.66228,7.57515,0
1016.2,0.00671,4.6623,7.57515,0
1016.3,0.00671,4.66232,7.57515,0
1016.4,0.00671,4.66234,7.57344,0
1016.5,0.00671,4.66236,7.57515,0
1016.6,0.00671,4.66238,7.57515,0
1016.7,0.00671,4.6624,7.57344,0
1016.8,0.00671,4.66242,7.57515,0
1016.9,0.00671,4.66243,7.57515,0
1017,0.00671,4.66245,7.57515,0
1017.1,0.00671,4.66247,7.57515,0
1017.2,0.00671,4.66249,7.57515,0
1017.3,0.00671,4.66251,7.57515,0
1017.4,0.00671,4.66252,7.57515,0
1017.5,0.00671,4.66254,7.57344,0
1017.6,0.00671,4.66256,7.57515,0
1017.7,0.00671,4.66257,7.57515,0
1017.8,0.00671,4.66259,7.57515,0
1017.9,0.00671,4.66261,7.57515,0
1018,0.00671,4.66262,7.57515,0
1018.1,0.00671,4.66264,7.57515,0
1018.2,0.00671,4.66265,7.57515,0
1018.3,0.00671,4.66266,7.57515,0
1018.4,0.00671,4.66268,7.57515,0
1018.5,0.00671,4.66269,7.57515,0
1018.6,0.00671,4.6627,7.57515,0
1018.7,0.00671,4.66272,7.57515,0
1018.8,0.00671,4.66273,7.57515,0
1018.9,0.00671,4.66274,7.57515,0
1019,0.00671,4.66275,7.57515,0
1019.1,0.00671,4.66276,7.57515,0
1019.2,0.00671,4.66277,7.57515,0
1019.3,0.00671,4.66278,7.57515,0
1019.4,0.00671,4.66279,7.57515,0
1019.5,0.00671,4.6628,7.57515,0
1019.6,0.00671,4.66281,7.57515,0
1019.7,0.00671,4.66282,7.57515,0
1019.8,0.00671,4.66284,7.57515,0
1019.9,0.00671,4.66284,7.57515,0
1020,0.00671,4.66285,7.57515,0
1020.1,0.00671,4.66286,7.57515,0
1020.2,0.00671,4.66287,7.57515,0
1020.3,0.0067,4.66288,7.57515,0
1020.4,0.0067,4.66289,7.57515,0
1020.5,0.0067,4.6629,7.57515,0
1020.6,0.0067,4.66291,7.57515,0
1020.7,0.0067,4.66291,7.57515,0
1020.8,0.0067,4.66292,7.57344,0
1020.9,0.0067,4.66293,7.57515,0
1021,0.0067,4.66294,7.57515,0
1021.1,0.0067,4.66294,7.57515,0
1021.2,0.0067,4.66295,7.57515,0
1021.3,0.0067,4.66296,7.57344,0
1021.4,0.0067,4.66296,7.57515,0
1021.5,0.0067,4.66297,7.57515,0
1021.6,0.0067,4.66297,7.57515,0
1021.7,0.0067,4.66298,7.57515,0
1021.8,0.0067,4.66299,7.57344,0
1021.9,0.0067,4.66299,7.57344,0
1022,0.0067,4.663,7.57515,0
1022.1,0.0067,4.663,7.57344,0
1022.2,0.0067,4.66301,7.57344,0
1022.3,0.0067,4.66301,7.57344,0
1022.4,0.0067,4.66301,7.57515,0
1022.5,0.0067,4.66302,7.57515,0
1022.6,0.0067,4.66302,7.57344,0
1022.7,0.0067,4.66303,7.57515,0
1022.8,0.0067,4.66303,7.57515,0
1022.9,0.0067,4.66304,7.57515,0
1023,0.0067,4.66304,7.57515,0
1023.1,0.0067,4.66304,7.57515,0
1023.2,0.0067,4.66304,7.57515,0
1023.3,0.0067,4.66305,7.57515,0
1023.4,0.0067,4.66305,7.57515,0
1023.5,0.0067,4.66305,7.57515,0
1023.6,0.0067,4.66305,7.57515,0
1023.7,0.0067,4.66305,7.57515,0
1023.8,0.0067,4.66305,7.57515,0
1023.9,0.0067,4.66305,7.57515,0
1024,0.0067,4.66305,7.57515,0
1024.1,0.0067,4.66305,7.57515,0
1024.2,0.0067,4.66305,7.57515,0
1024.3,0.0067,4.66305,7.57515,0
1024.4,0.0067,4.66305,7.57515,0
1024.5,0.0067,4.66305,7.57515,0
1024.6,0.0067,4.66305,7.57515,0
1024.7,0.0067,4.66305,7.57515,0
1024.8,0.0067,4.66305,7.57515,0
1024.9,0.0067,4.66304,7.57515,0
1025,0.0067,4.66304,7.57515,0
1025.1,0.0067,4.66304,7.57515,0
1025.2,0.0067,4.66304,7.57515,0
1025.3,0.0067,4.66303,7.57515,0
1025.4,0.0067,4.66303,7.57344,0
1025.5,0.0067,4.66303,7.57515,0
1025.6,0.0067,4.66302,7.57515,0
1025.7,0.0067,4.66302,7.57515,0
1025.8,0.0067,4.66301,7.57515,0
1025.9,0.0067,4.66301,7.57515,0
1026,0.0067,4.663,7.57515,0
1026.1,0.0067,4.663,7.57344,0
1026.2,0.0067,4.66299,7.57515,0
1026.3,0.0067,4.66299,7.57515,0
1026.4,0.0067,4.66298,7.57344,0
1026.5,0.0067,4.66298,7.57344,0
1026.6,0.0067,4.66297,7.57515,0
1026.7,0.0067,4.66296,7.57515,0
1026.8,0.0067,4.66296,7.57515,0
1026.9,0.0067,4.66295,7.57344,0
1027,0.0067,4.66294,7.57515,0
1027.1,0.0067,4.66293,7.57515,0
1027.2,0.0067,4.66293,7.57344,0
1027.3,0.0067,4.66292,7.57515,0
1027.4,0.0067,4.66291,7.57515,0
1027.5,0.0067,4.6629,7.57515,0
1027.6,0.0067,4.66289,7.57515,0
1027.7,0.0067,4.66288,7.57515,0
1027.8,0.0067,4.66287,7.57344,0
1027.9,0.0067,4.66286,7.57344,0
1028,0.0067,4.66285,7.57515,0
1028.1,0.0067,4.66284,7.57344,0
1028.2,0.0067,4.66283,7.57344,0
1028.3,0.0067,4.66282,7.57344,0
1028.4,0.0067,4.66281,7.57344,0
1028.5,0.0067,4.6628,7.57515,0
1028.6,0.0067,4.66279,7.57515,0
1028.7,0.0067,4.66277,7.57515,0
1028.8,0.0067,4.66276,7.57344,0
1028.9,0.0067,4.66275,7.57515,0
1029,0.0067,4.66274,7.57344,0
1029.1,0.0067,4.66272,7.57344,0
1029.2,0.0067,4.66271,7.57344,0
1029.3,0.0067,4.6627,7.57515,0
1029.4,0.0067,4.66268,7.57344,0
1029.5,0.0067,4.66267,7.57515,0
1029.6,0.0067,4.66265,7.57344,0
1029.7,0.0067,4.66264,7.57515,0
1029.8,0.0067,4.66263,7.57515,0
1029.9,0.0067,4.66261,7.57344,0
1030,0.0067,4.6626,7.57344,0
1030.1,0.0067,4.66258,7.57515,0
1030.2,0.0067,4.66257,7.57344,0
1030.3,0.0067,4.66255,7.57344,0
1030.4,0.0067,4.66254,7.57344,0
1030.5,0.0067,4.66252,7.57515,0
1030.6,0.0067,4.66251,7.57344,0
1030.7,0.0067,4.66249,7.57344,0
1030.8,0.0067,4.66247,7.57344,0
1030.9,0.0067,4.66246,7.57515,0
1031,0.0067,4.66244,7.57515,0
1031.1,0.0067,4.66242,7.57515,0
1031.2,0.0067,4.66241,7.57515,0
1031.3,0.0067,4.66239,7.57515,0
1031.4,0.0067,4.66237,7.57515,0
1031.5,0.0067,4.66235,7.57515,0
1031.6,0.0067,4.66233,7.57515,0
1031.7,0.0067,4.66231,7.57515,0
1031.8,0.0067,4.6623,7.57515,0
1031.9,0.0067,4.66228,7.57344,0
1032,0.0067,4.66226,7.57344,0
1032.1,0.0067,4.66224,7.57515,0
1032.2,0.0067,4.66222,7.57515,0
1032.3,0.0067,4.6622,7.57515,0
1032.4,0.0067,4.66218,7.57515,0
1032.5,0.0067,4.66216,7.57515,0
1032.6,0.0067,4.66214,7.57515,0
1032.7,0.0067,4.66212,7.57515,0
1032.8,0.0067,4.6621,7.57515,0
1032.9,0.0067,4.66208,7.57515,0
1033,0.0067,4.66206,7.57515,0
1033.1,0.0067,4.66204,7.57515,0
1033.2,0.0067,4.66202,7.57515,0
1033.3,0.0067,4.662,7.57515,0
1033.4,0.0067,4.66198,7.57515,0
1033.5,0.0067,4.66196,7.57515,0
1033.6,0.0067,4.66194,7.57515,0
1033.7,0.0067,4.66191,7.57515,0
1033.8,0.0067,4.66189,7.57515,0
1033.9,0.0067,4.66187,7.57515,0
1034,0.0067,4.66185,7.57515,0
1034.1,0.0067,4.66183,7.57515,0
1034.2,0.0067,4.6618,7.57515,0
1034.3,0.0067,4.66178,7.57515,0
1034.4,0.0067,4.66176,7.57515,0
1034.5,0.0067,4.66174,7.57515,0
1034.6,0.0067,4.66172,7.57515,0
1034.7,0.0067,4.66169,7.57515,0
1034.8,0.0067,4.66167,7.57515,0
1034.9,0.0067,4.66165,7.57515,0
1035,0.0067,4.66162,7.57515,0
1035.1,0.0067,4.6616,7.57515,0
1035.2,0.0067,4.66158,7.57515,0
1035.3,0.0067,4.66155,7.57515,0
1035.4,0.0067,4.66152,7.57515,0
1035.5,0.0067,4.6615,7.57515,0
1035.6,0.0067,4.66147,7.57515,0
1035.7,0.0067,4.66144,7.57515,0
1035.8,0.0067,4.66142,7.57515,0
1035.9,0.0067,4.66139,7.57515,0
1036,0.0067,4.66136,7.57515,0
1036.1,0.0067,4.66133,7.57515,0
1036.2,0.0067,4.66131,7.57515,0
1036.3,0.0067,4.66128,7.57344,0
1036.4,0.0067,4.66125,7.57344,0
1036.5,0.0067,4.66123,7.57515,0
1036.6,0.0067,4.6612,7.57344,0
1036.7,0.0067,4.66117,7.57344,0
1036.8,0.0067,4.66115,7.57515,0
1036.9,0.0067,4.66112,7.57344,0
1037,0.0067,4.66109,7.57344,0
1037.1,0.0067,4.66106,7.57515,0
1037.2,0.0067,4.66104,7.57344,0
1037.3,0.0067,4.66101,7.57515,0
1037.4,0.0067,4.66098,7.57515,0
1037.5,0.00669,4.66095,7.57344,0
1037.6,0.00669,4.66092,7.57344,0
1037.7,0.00669,4.66089,7.57515,0
1037.8,0.00669,4.66086,7.57515,0
1037.9,0.00669,4.66083,7.57515,0
1038,0.0067,4.6608,7.57344,0
1038.1,0.0067,4.66077,7.57344,0
1038.2,0.0067,4.66074,7.57344,0
1038.3,0.0067,4.66071,7.57515,0
1038.4,0.0067,4.66068,7.57344,0
1038.5,0.0067,4.66065,7.57344,0
1038.6,0.0067,4.66062,7.57344,0
1038.7,0.0067,4.66059,7.57344,0
1038.8,0.0067,4.66056,7.57344,0
1038.9,0.0067,4.66052,7.57344,0
1039,0.0067,4.66049,7.57515,0
1039.1,0.0067,4.66046,7.57515,0
1039.2,0.0067,4.66043,7.57515,0
1039.3,0.0067,4.66039,7.57515,0
1039.4,0.0067,4.66036,7.57515,0
1039.5,0.0067,4.66033,7.57515,0
1039.6,0.0067,4.66029,7.57515,0
1039.7,0.0067,4.66026,7.57515,0
1039.8,0.0067,4.66022,7.57515,0
1039.9,0.0067,4.66019,7.57515,0
1040,0.0067,4.66015,7.57344,0
1040.1,0.0067,4.66012,7.57344,0
1040.2,0.0067,4.66008,7.57344,0
1040.3,0.0067,4.66005,7.57344,0
1040.4,0.0067,4.66001,7.57344,0
1040.5,0.0067,4.65997,7.57344,0
1040.6,0.0067,4.65994,7.57515,0
1040.7,0.0067,4.6599,7.57344,0
1040.8,0.0067,4.65987,7.57515,0
1040.9,0.0067,4.65983,7.57515,0
1041,0.0067,4.65979,7.57515,0
1041.1,0.0067,4.65975,7.57515,0
1041.2,0.0067,4.65972,7.57344,0
1041.3,0.0067,4.65968,7.57344,0
1041.4,0.0067,4.65964,7.57344,0
1041.5,0.0067,4.6596,7.57515,0
1041.6,0.0067,4.65957,7.57515,0
1041.7,0.0067,4.65953,7.57515,0
1041.8,0.0067,4.65949,7.57515,0
1041.9,0.0067,4.65945,7.57515,0
1042,0.0067,4.65941,7.57515,0
1042.1,0.0067,4.65937,7.57515,0
1042.2,0.0067,4.65933,7.57344,0
1042.3,0.0067,4.65929,7.57515,0
1042.4,0.0067,4.65925,7.57515,0
1042.5,0.0067,4.65921,7.57515,0
1042.6,0.0067,4.65917,7.57515,0
1042.7,0.0067,4.65913,7.57515,0
1042.8,0.0067,4.65909,7.57515,0
1042.9,0.0067,4.65905,7.57515,0
1043,0.0067,4.65901,7.57515,0
1043.1,0.0067,4.65897,7.57344,0
1043.2,0.0067,4.65892,7.57344,0
1043.3,0.0067,4.65888,7.57515,0
1043.4,0.0067,4.65884,7.57515,0
1043.5,0.0067,4.6588,7.57515,0
1043.6,0.0067,4.65876,7.57344,0
1043.7,0.0067,4.65871,7.57515,0
1043.8,0.0067,4.65867,7.57515,0
1043.9,0.0067,4.65863,7.57515,0
1044,0.0067,4.65859,7.57515,0
1044.1,0.0067,4.65854,7.57515,0
1044.2,0.0067,4.6585,7.57515,0
1044.3,0.0067,4.65846,7.57515,0
1044.4,0.0067,4.65842,7.57344,0
1044.5,0.0067,4.65837,7.57344,0
1044.6,0.0067,4.65833,7.57515,0
1044.7,0.0067,4.65829,7.57515,0
1044.8,0.0067,4.65825,7.57515,0
1044.9,0.0067,4.6582,7.57515,0
1045,0.0067,4.65816,7.57344,0
1045.1,0.0067,4.65812,7.57344,0
1045.2,0.0067,4.65808,7.57515,0
1045.3,0.0067,4.65804,7.57515,0
1045.4,0.0067,4.65799,7.57515,0
1045.5,0.0067,4.65795,7.57515,0
1045.6,0.0067,4.65791,7.57515,0
1045.7,0.0067,4.65787,7.57515,0
1045.8,0.0067,4.65783,7.57515,0
1045.9,0.0067,4.65778,7.57515,0
1046,0.0067,4.65774,7.57515,0
1046.1,0.0067,4.6577,7.57515,0
1046.2,0.0067,4.65766,7.57515,0
1046.3,0.0067,4.65761,7.57515,0
1046.4,0.0067,4.65757,7.57515,0
1046.5,0.0067,4.65753,7.57515,0
1046.6,0.0067,4.65748,7.57344,0
1046.7,0.0067,4.65744,7.57515,0
1046.8,0.0067,4.6574,7.57515,0
1046.9,0.0067,4.65735,7.57515,0
1047,0.0067,4.65731,7.57344,0
1047.1,0.0067,4.65726,7.57515,0
1047.2,0.0067,4.65721,7.57515,0
1047.3,0.0067,4.65717,7.57515,0
1047.4,0.0067,4.65712,7.57515,0
1047.5,0.0067,4.65707,7.57515,0
1047.6,0.0067,4.65703,7.57515,0
1047.7,0.0067,4.65698,7.57515,0
1047.8,0.0067,4.65693,7.57515,0
1047.9,0.0067,4.65688,7.57515,0
1048,0.0067,4.65684,7.57515,0
1048.1,0.0067,4.65679,7.57515,0
1048.2,0.0067,4.65674,7.57515,0
1048.3,0.0067,4.65669,7.57515,0
1048.4,0.0067,4.65664,7.57515,0
1048.5,0.0067,4.65659,7.57344,0
1048.6,0.0067,4.65654,7.57344,0
1048.7,0.0067,4.65649,7.57344,0
1048.8,0.0067,4.65644,7.57515,0
1048.9,0.0067,4.65639,7.57515,0
1049,0.0067,4.65634,7.57515,0
1049.1,0.0067,4.65629,7.57515,0
1049.2,0.0067,4.65624,7.57515,0
1049.3,0.0067,4.65619,7.57515,0
1049.4,0.0067,4.65614,7.57344,0
1049.5,0.0067,4.65609,7.57515,0
1049.6,0.00671,4.65604,7.57344,0
1049.7,0.0067,4.65598,7.57515,0
1049.8,0.00671,4.65593,7.57515,0
1049.9,0.00671,4.65588,7.57515,0
1050,0.00671,4.65582,7.57515,0
1050.1,0.00671,4.65577,7.57515,0
1050.2,0.00671,4.65572,7.57515,0
1050.3,0.00671,4.65566,7.57344,0
1050.4,0.00671,4.65561,7.57515,0
1050.5,0.00671,4.65556,7.57344,0
1050.6,0.00671,4.6555,7.57515,0
1050.7,0.00671,4.65545,7.57344,0
1050.8,0.00671,4.65539,7.57515,0
1050.9,0.00671,4.65534,7.57344,0
1051,0.00671,4.65528,7.57515,0
1051.1,0.00671,4.65523,7.57515,0
1051.2,0.00671,4.65517,7.57515,0
1051.3,0.00671,4.65512,7.57344,0
1051.4,0.00671,4.65506,7.57515,0
1051.5,0.00671,4.655,7.57344,0
1051.6,0.00671,4.65494,7.57515,0
1051.7,0.00671,4.65489,7.57344,0
1051.8,0.00671,4.65483,7.57344,0
1051.9,0.00671,4.65477,7.57515,0
1052,0.00671,4.65471,7.57344,0
1052.1,0.00671,4.65466,7.57344,0
1052.2,0.00671,4.6546,7.57344,0
1052.3,0.00671,4.65454,7.57344,0
1052.4,0.00671,4.65448,7.57515,0
1052.5,0.00671,4.65443,7.57515,0
1052.6,0.00671,4.65437,7.57515,0
1052.7,0.00671,4.65431,7.57515,0
1052.8,0.00671,4.65425,7.57515,0
1052.9,0.00671,4.65419,7.57515,0
1053,0.00671,4.65413,7.57344,0
1053.1,0.00671,4.65408,7.57515,0
1053.2,0.00671,4.65402,7.57515,0
1053.3,0.00671,4.65396,7.57515,0
1053.4,0.00671,4.6539,7.57515,0
1053.5,0.00671,4.65384,7.57515,0
1053.6,0.00671,4.65378,7.57344,0
1053.7,0.00671,4.65372,7.57515,0
1053.8,0.00671,4.65366,7.57515,0
1053.9,0.00671,4.6536,7.57515,0
1054,0.00671,4.65355,7.57515,0
1054.1,0.00671,4.65349,7.57515,0
1054.2,0.00671,4.65343,7.57515,0
1054.3,0.00671,4.65337,7.57515,0
1054.4,0.00671,4.65331,7.57515,0
1054.5,0.00671,4.65325,7.57515,0
1054.6,0.00671,4.65319,7.57344,0
1054.7,0.00671,4.65313,7.57344,0
1054.8,0.00671,4.65307,7.57344,0
1054.9,0.00671,4.65301,7.57344,0
1055,0.00671,4.65295,7.57344,0
1055.1,0.00671,4.65289,7.57344,0
1055.2,0.00671,4.65283,7.57515,0
1055.3,0.00671,4.65276,7.57515,0
1055.4,0.00671,4.6527,7.57515,0
1055.5,0.00671,4.65264,7.57515,0
1055.6,0.00671,4.65258,7.57515,0
1055.7,0.00671,4.65252,7.57515,0
1055.8,0.00671,4.65246,7.57515,0
1055.9,0.00671,4.6524,7.57515,0
1056,0.00671,4.65234,7.57515,0
1056.1,0.00671,4.65227,7.57515,0
1056.2,0.00671,4.65221,7.57515,0
1056.3,0.00671,4.65215,7.57515,0
1056.4,0.00671,4.65209,7.57515,0
1056.5,0.00671,4.65203,7.57515,0
1056.6,0.00671,4.65196,7.57515,0
1056.7,0.00671,4.6519,7.57515,0
1056.8,0.00671,4.65184,7.57515,0
1056.9,0.00671,4.65177,7.57515,0
1057,0.00671,4.65171,7.57515,0
1057.1,0.00671,4.65165,7.57515,0
1057.2,0.00671,4.65159,7.57515,0
1057.3,0.00671,4.65152,7.57515,0
1057.4,0.00671,4.65146,7.57344,0
1057.5,0.00671,4.6514,7.57515,0
1057.6,0.00671,4.65133,7.57515,0
1057.7,0.00671,4.65127,7.57515,0
1057.8,0.00671,4.65121,7.57515,0
1057.9,0.00671,4.65114,7.57515,0
1058,0.00671,4.65108,7.57515,0
1058.1,0.00671,4.65102,7.57515,0
1058.2,0.00671,4.65095,7.57515,0
1058.3,0.00671,4.65089,7.57515,0
1058.4,0.00671,4.65083,7.57515,0
1058.5,0.00671,4.65076,7.57515,0
1058.6,0.00671,4.6507,7.57515,0
1058.7,0.00671,4.65063,7.57515,0
1058.8,0.00671,4.65057,7.57515,0
1058.9,0.00671,4.65051,7.57515,0
1059,0.00671,4.65044,7.57515,0
1059.1,0.00671,4.65038,7.57515,0
1059.2,0.00671,4.65031,7.57515,0
1059.3,0.00671,4.65025,7.57515,0
1059.4,0.00671,4.65018,7.57515,0
1059.5,0.00671,4.65012,7.57515,0
1059.6,0.00671,4.65005,7.57515,0
1059.7,0.00671,4.64999,7.57515,0
1059.8,0.00671,4.64992,7.57515,0
1059.9,0.00671,4.64986,7.57515,0
1060,0.00671,4.64979,7.57515,0
1060.1,0.00671,4.64973,7.57515,0
1060.2,0.00671,4.64966,7.57344,0
1060.3,0.00671,4.64959,7.57515,0
1060.4,0.00671,4.64953,7.57515,0
1060.5,0.00671,4.64947,7.57515,0
1060.6,0.00671,4.6494,7.57344,0
1060.7,0.00671,4.64933,7.57344,0
1060.8,0.00671,4.64927,7.57515,0
1060.9,0.00671,4.6492,7.57515,0
1061,0.00671,4.64914,7.57515,0
1061.1,0.00671,4.64907,7.57515,0
1061.2,0.00671,4.649,7.57344,0
1061.3,0.00671,4.64894,7.57515,0
1061.4,0.00671,4.64887,7.57515,0
1061.5,0.00671,4.6488,7.57515,0
1061.6,0.00671,4.64874,7.57515,0
1061.7,0.00671,4.64867,7.57515,0
1061.8,0.00671,4.64861,7.57515,0
1061.9,0.00671,4.64854,7.57515,0
1062,0.00671,4.64847,7.57515,0
1062.1,0.00671,4.64841,7.57344,0
1062.2,0.00671,4.64834,7.57515,0
1062.3,0.00671,4.64827,7.57344,0
1062.4,0.00671,4.6482,7.57515,0
1062.5,0.00671,4.64814,7.57344,0
1062.6,0.00671,4.64807,7.57515,0
1062.7,0.00671,4.648,7.57515,0
1062.8,0.00671,4.64793,7.57515,0
1062.9,0.00671,4.64786,7.57515,0
1063,0.00671,4.64779,7.57344,0
1063.1,0.00671,4.64773,7.57344,0
1063.2,0.00671,4.64766,7.57344,0
1063.3,0.00671,4.64759,7.57344,0
1063.4,0.00671,4.64752,7.57515,0
1063.5,0.00671,4.64745,7.57515,0
1063.6,0.00671,4.64738,7.57515,0
1063.7,0.00671,4.64732,7.57515,0
1063.8,0.00671,4.64725,7.57515,0
1063.9,0.00671,4.64718,7.57515,0
1064,0.00671,4.64711,7.57515,0
1064.1,0.00671,4.64704,7.57515,0
1064.2,0.00671,4.64697,7.57515,0
1064.3,0.00671,4.6469,7.57515,0
1064.4,0.00671,4.64683,7.57515,0
1064.5,0.00671,4.64676,7.57515,0
1064.6,0.00671,4.64669,7.57515,0
1064.7,0.00671,4.64663,7.57515,0
1064.8,0.00671,4.64656,7.57515,0
1064.9,0.00671,4.64649,7.57515,0
1065,0.00671,4.64642,7.57515,0
1065.1,0.00671,4.64635,7.57515,0
1065.2,0.00671,4.64628,7.57515,0
1065.3,0.00671,4.64621,7.57515,0
1065.4,0.00671,4.64614,7.57515,0
1065.5,0.00671,4.64607,7.57515,0
1065.6,0.00671,4.64601,7.57515,0
1065.7,0.00671,4.64594,7.57515,0
1065.8,0.00671,4.64587,7.57515,0
1065.9,0.00671,4.6458,7.57515,0
1066,0.00671,4.64573,7.57515,0
1066.1,0.00671,4.64567,7.57515,0
1066.2,0.00671,4.6456,7.57344,0
1066.3,0.00671,4.64553,7.57515,0
1066.4,0.00671,4.64546,7.57515,0
1066.5,0.00671,4.64539,7.57515,0
1066.6,0.00671,4.64532,7.57515,0
1066.7,0.00671,4.64526,7.57515,0
1066.8,0.00671,4.64519,7.57515,0
1066.9,0.00671,4.64512,7.57515,0
1067,0.00671,4.64505,7.57344,0
1067.1,0.00671,4.64499,7.57515,0
1067.2,0.00671,4.64492,7.57515,0
1067.3,0.00671,4.64485,7.57515,0
1067.4,0.00671,4.64479,7.57515,0
1067.5,0.00671,4.64472,7.57515,0
1067.6,0.00671,4.64465,7.57515,0
1067.7,0.00671,4.64459,7.57344,0
1067.8,0.00671,4.64452,7.57515,0
1067.9,0.00671,4.64445,7.57515,0
1068,0.00671,4.64438,7.57515,0
1068.1,0.00671,4.64432,7.57344,0
1068.2,0.00671,4.64425,7.57344,0
1068.3,0.00671,4.64418,7.57515,0
1068.4,0.00671,4.64412,7.57515,0
1068.5,0.00671,4.64405,7.57515,0
1068.6,0.00671,4.64398,7.57515,0
1068.7,0.00671,4.64392,7.57515,0
1068.8,0.00671,4.64385,7.57344,0
1068.9,0.00671,4.64379,7.57515,0
1069,0.00671,4.64372,7.57515,0
1069.1,0.00671,4.64365,7.57515,0
1069.2,0.00671,4.64359,7.57515,0
1069.3,0.00671,4.64352,7.57515,0
1069.4,0.00671,4.64346,7.57515,0
1069.5,0.00671,4.64339,7.57515,0
1069.6,0.00671,4.64333,7.57515,0
1069.7,0.00671,4.64326,7.57515,0
1069.8,0.00671,4.6432,7.57515,0
1069.9,0.00671,4.64313,7.57515,0
1070,0.00671,4.64307,7.57515,0
1070.1,0.00671,4.643,7.57515,0
1070.2,0.00671,4.64294,7.57515,0
1070.3,0.00671,4.64287,7.57515,0
1070.4,0.00671,4.64281,7.57515,0
1070.5,0.00671,4.64274,7.57515,0
1070.6,0.00671,4.64268,7.57344,0
1070.7,0.00671,4.64261,7.57515,0
1070.8,0.00671,4.64255,7.57515,0
1070.9,0.00671,4.64248,7.57515,0
1071,0.00671,4.64241,7.57515,0
1071.1,0.00671,4.64235,7.57515,0
1071.2,0.00671,4.64228,7.57515,0
1071.3,0.00671,4.64222,7.57515,0
1071.4,0.00671,4.64215,7.57515,0
1071.5,0.00671,4.64209,7.57515,0
1071.6,0.00671,4.64202,7.57515,0
1071.7,0.00671,4.64196,7.57515,0
1071.8,0.00671,4.64189,7.57515,0
1071.9,0.00671,4.64183,7.57515,0
1072,0.00671,4.64176,7.57515,0
1072.1,0.00671,4.6417,7.57515,0
1072.2,0.00671,4.64163,7.57515,0
1072.3,0.00671,4.64156,7.57515,0
1072.4,0.00671,4.6415,7.57515,0
1072.5,0.00671,4.64143,7.57515,0
1072.6,0.00671,4.64137,7.57515,0
1072.7,0.00671,4.6413,7.57515,0
1072.8,0.00671,4.64124,7.57515,0
1072.9,0.00671,4.64117,7.57515,0
1073,0.00671,4.64111,7.57515,0
1073.1,0.00671,4.64104,7.57515,0
1073.2,0.00671,4.64098,7.57515,0
1073.3,0.00671,4.64091,7.57515,0
1073.4,0.00671,4.64085,7.57515,0
1073.5,0.00671,4.64079,7.57515,0
1073.6,0.00671,4.64072,7.57515,0
1073.7,0.00671,4.64066,7.57515,0
1073.8,0.00671,4.64059,7.57515,0
1073.9,0.00671,4.64053,7.57515,0
1074,0.00671,4.64047,7.57515,0
1074.1,0.00671,4.6404,7.57515,0
1074.2,0.00671,4.64034,7.57515,0
1074.3,0.00671,4.64027,7.57515,0
1074.4,0.00671,4.64021,7.57515,0
1074.5,0.00671,4.64015,7.57515,0
1074.6,0.00671,4.64008,7.57515,0
1074.7,0.00671,4.64002,7.57515,0
1074.8,0.00671,4.63996,7.57515,0
1074.9,0.00671,4.6399,7.57515,0
1075,0.00671,4.63983,7.57515,0
1075.1,0.00671,4.63977,7.57515,0
1075.2,0.00671,4.63971,7.57515,0
1075.3,0.00671,4.63965,7.57515,0
1075.4,0.00671,4.63959,7.57515,0
1075.5,0.00671,4.63953,7.57515,0
1075.6,0.00671,4.63947,7.57515,0
1075.7,0.00671,4.6394,7.57515,0
1075.8,0.00671,4.63934,7.57515,0
1075.9,0.00671,4.63928,7.57515,0
1076,0.00671,4.63922,7.57515,0
1076.1,0.00671,4.63916,7.57515,0
1076.2,0.00671,4.6391,7.57515,0
1076.3,0.00671,4.63904,7.57515,0
1076.4,0.00671,4.63898,7.57515,0
1076.5,0.00671,4.63892,7.57515,0
1076.6,0.00671,4.63886,7.57515,0
1076.7,0.00671,4.6388,7.57515,0
1076.8,0.00671,4.63874,7.57515,0
1076.9,0.00671,4.63868,7.57515,0
1077,0.00671,4.63863,7.57515,0
1077.1,0.00671,4.63857,7.57515,0
1077.2,0.00671,4.63851,7.57515,0
1077.3,0.00671,4.63845,7.57515,0
1077.4,0.00671,4.63839,7.57515,0
1077.5,0.00671,4.63834,7.57515,0
1077.6,0.00671,4.63828,7.57344,0
1077.7,0.00671,4.63822,7.57515,0
1077.8,0.00671,4.63816,7.57515,0
1077.9,0.00671,4.63811,7.57515,0
1078,0.00671,4.63805,7.57515,0
1078.1,0.00671,4.63799,7.57515,0
1078.2,0.00671,4.63794,7.57515,0
1078.3,0.00671,4.63788,7.57515,0
1078.4,0.00671,4.63782,7.57515,0
1078.5,0.00671,4.63777,7.57515,0
1078.6,0.00671,4.63771,7.57515,0
1078.7,0.00671,4.63765,7.57515,0
1078.8,0.00671,4.6376,7.57515,0
1078.9,0.00671,4.63754,7.57515,0
1079,0.00671,4.63748,7.57515,0
1079.1,0.00671,4.63743,7.57515,0
1079.2,0.00671,4.63737,7.57515,0
1079.3,0.00671,4.63732,7.57515,0
1079.4,0.00671,4.63726,7.57515,0
1079.5,0.00671,4.63721,7.57515,0
1079.6,0.00671,4.63715,7.57515,0
1079.7,0.00671,4.6371,7.57515,0
1079.8,0.00671,4.63704,7.57515,0
1079.9,0.00671,4.63699,7.57515,0
1080,0.00671,4.63694,7.57515,0
1080.1,0.00671,4.63689,7.57515,0
1080.2,0.00671,4.63683,7.57515,0
1080.3,0.00671,4.63678,7.57515,0
1080.4,0.00672,4.63673,7.57515,0
1080.5,0.00672,4.63667,7.57515,0
1080.6,0.00672,4.63662,7.57515,0
1080.7,0.00672,4.63657,7.57515,0
1080.8,0.00672,4.63652,7.57515,0
1080.9,0.00672,4.63647,7.57515,0
1081,0.00672,4.63642,7.57515,0
1081.1,0.00672,4.63636,7.57515,0
1081.2,0.00672,4.63631,7.57515,0
1081.3,0.00672,4.63626,7.57515,0
1081.4,0.00672,4.63621,7.57515,0
1081.5,0.00672,4.63616,7.57515,0
1081.6,0.00672,4.63611,7.57344,0
1081.7,0.00672,4.63606,7.57344,0
1081.8,0.00672,4.63601,7.57515,0
1081.9,0.00672,4.63596,7.57344,0
1082,0.00672,4.63591,7.57515,0
1082.1,0.00672,4.63586,7.57515,0
1082.2,0.00672,4.63581,7.57344,0
1082.3,0.00672,4.63576,7.57515,0
1082.4,0.00672,4.63572,7.57344,0
1082.5,0.00672,4.63567,7.57515,0
1082.6,0.00672,4.63562,7.57515,0
1082.7,0.00672,4.63557,7.57515,0
1082.8,0.00672,4.63552,7.57515,0
1082.9,0.00672,4.63547,7.57515,0
1083,0.00672,4.63542,7.57515,0
1083.1,0.00672,4.63538,7.57344,0
1083.2,0.00672,4.63533,7.57344,0
1083.3,0.00672,4.63528,7.57515,0
1083.4,0.00672,4.63523,7.57515,0
1083.5,0.00672,4.63519,7.57344,0
1083.6,0.00672,4.63514,7.57344,0
1083.7,0.00672,4.63509,7.57344,0
1083.8,0.00672,4.63505,7.57344,0
1083.9,0.00672,4.635,7.57515,0
1084,0.00672,4.63495,7.57515,0
1084.1,0.00672,4.63491,7.57515,0
1084.2,0.00672,4.63486,7.57515,0
1084.3,0.00672,4.63482,7.57344,0
1084.4,0.00672,4.63477,7.57515,0
1084.5,0.00673,4.63473,7.57515,0
1084.6,0.00673,4.63468,7.57515,0
1084.7,0.00673,4.63464,7.57515,0
1084.8,0.00673,4.6346,7.57344,0
1084.9,0.00673,4.63455,7.57515,0
1085,0.00673,4.63451,7.57515,0
1085.1,0.00673,4.63447,7.57515,0
1085.2,0.00673,4.63442,7.57344,0
1085.3,0.00673,4.63438,7.57515,0
1085.4,0.00673,4.63434,7.57344,0
1085.5,0.00673,4.6343,7.57515,0
1085.6,0.00673,4.63426,7.57344,0
1085.7,0.00673,4.63421,7.57344,0
1085.8,0.00673,4.63417,7.57515,0
1085.9,0.00673,4.63413,7.57344,0
1086,0.00673,4.63409,7.57515,0
1086.1,0.00673,4.63405,7.57344,0
1086.2,0.00673,4.63401,7.57344,0
1086.3,0.00673,4.63397,7.57344,0
1086.4,0.00673,4.63392,7.57515,0
1086.5,0.00673,4.63389,7.57515,0
1086.6,0.00673,4.63385,7.57344,0
1086.7,0.00673,4.63381,7.57344,0
1086.8,0.00673,4.63377,7.57344,0
1086.9,0.00673,4.63373,7.57515,0
1087,0.00673,4.63369,7.57515,0
1087.1,0.00673,4.63365,7.57515,0
1087.2,0.00674,4.63361,7.57515,0
1087.3,0.00674,4.63357,7.57515,0
1087.4,0.00674,4.63354,7.57515,0
1087.5,0.00674,4.6335,7.57515,0
1087.6,0.00674,4.63346,7.57344,0
1087.7,0.00674,4.63342,7.57515,0
1087.8,0.00674,4.63339,7.57515,0
1087.9,0.00674,4.63335,7.57515,0
1088,0.00674,4.63331,7.57344,0
1088.1,0.00674,4.63328,7.57515,0
1088.2,0.00674,4.63324,7.57344,0
1088.3,0.00674,4.63321,7.57344,0
1088.4,0.00674,4.63317,7.57344,0
1088.5,0.00674,4.63314,7.57344,0
1088.6,0.00674,4.6331,7.57515,0
1088.7,0.00674,4.63307,7.57344,0
1088.8,0.00674,4.63303,7.57515,0
1088.9,0.00674,4.633,7.57515,0
1089,0.00674,4.63296,7.57344,0
1089.1,0.00674,4.63293,7.57515,0
1089.2,0.00674,4.63289,7.57515,0
1089.3,0.00674,4.63286,7.57515,0
1089.4,0.00674,4.63282,7.57515,0
1089.5,0.00674,4.63279,7.57515,0
1089.6,0.00674,4.63276,7.57515,0
1089.7,0.00674,4.63272,7.57515,0
1089.8,0.00674,4.63269,7.57515,0
1089.9,0.00674,4.63266,7.57344,0
1090,0.00674,4.63262,7.57515,0
1090.1,0.00674,4.63259,7.57515,0
1090.2,0.00674,4.63256,7.57515,0
1090.3,0.00674,4.63252,7.57515,0
1090.4,0.00674,4.63249,7.57515,0
1090.5,0.00674,4.63246,7.57515,0
1090.6,0.00674,4.63243,7.57344,0
1090.7,0.00674,4.6324,7.57515,0
1090.8,0.00674,4.63237,7.57344,0
1090.9,0.00674,4.63233,7.57515,0
1091,0.00674,4.6323,7.57515,0
1091.1,0.00674,4.63227,7.57515,0
1091.2,0.00674,4.63224,7.57515,0
1091.3,0.00674,4.63221,7.57515,0
1091.4,0.00674,4.63219,7.57515,0
1091.5,0.00674,4.63216,7.57515,0
1091.6,0.00674,4.63213,7.57515,0
1091.7,0.00674,4.6321,7.57515,0
1091.8,0.00675,4.63207,7.57515,0
1091.9,0.00675,4.63204,7.57515,0
1092,0.00675,4.63202,7.57515,0
1092.1,0.00675,4.63199,7.57344,0
1092.2,0.00675,4.63196,7.57515,0
1092.3,0.00675,4.63194,7.57344,0
1092.4,0.00675,4.63191,7.57344,0
1092.5,0.00675,4.63188,7.57515,0
1092.6,0.00675,4.63186,7.57515,0
1092.7,0.00675,4.63183,7.57515,0
1092.8,0.00675,4.63181,7.57515,0
1092.9,0.00675,4.63178,7.57515,0
1093,0.00675,4.63176,7.57344,0
1093.1,0.00675,4.63173,7.57344,0
1093.2,0.00675,4.63171,7.57344,0
1093.3,0.00675,4.63169,7.57344,0
1093.4,0.00675,4.63166,7.57344,0
1093.5,0.00675,4.63164,7.57344,0
1093.6,0.00675,4.63162,7.57344,0
1093.7,0.00675,4.63159,7.57515,0
1093.8,0.00675,4.63157,7.57515,0
1093.9,0.00675,4.63155,7.57515,0
1094,0.00675,4.63153,7.57515,0
1094.1,0.00675,4.63151,7.57515,0
1094.2,0.00675,4.63149,7.57515,0
1094.3,0.00675,4.63147,7.57515,0
1094.4,0.00675,4.63145,7.57515,0
1094.5,0.00675,4.63143,7.57515,0
1094.6,0.00675,4.63141,7.57515,0
1094.7,0.00675,4.63139,7.57515,0
1094.8,0.00675,4.63137,7.57515,0
1094.9,0.00675,4.63134,7.57515,0
1095,0.00675,4.63132,7.57515,0
1095.1,0.00675,4.6313,7.57515,0
1095.2,0.00675,4.63128,7.57515,0
1095.3,0.00675,4.63126,7.57344,0
1095.4,0.00676,4.63124,7.57515,0
1095.5,0.00676,4.63122,7.57515,0
1095.6,0.00676,4.6312,7.57515,0
1095.7,0.00676,4.63118,7.57515,0
1095.8,0.00676,4.63116,7.57515,0
1095.9,0.00676,4.63114,7.57344,0
1096,0.00676,4.63113,7.57515,0
1096.1,0.00676,4.63111,7.57515,0
1096.2,0.00676,4.63109,7.57515,0
1096.3,0.00676,4.63107,7.57344,0
1096.4,0.00676,4.63105,7.57515,0
1096.5,0.00676,4.63104,7.57515,0
1096.6,0.00676,4.63102,7.57515,0
1096.7,0.00676,4.631,7.57344,0
1096.8,0.00676,4.63098,7.57515,0
1096.9,0.00676,4.63097,7.57515,0
1097,0.00676,4.63095,7.57515,0
1097.1,0.00676,4.63094,7.57344,0
1097.2,0.00676,4.63092,7.57515,0
1097.3,0.00676,4.6309,7.57515,0
1097.4,0.00676,4.63089,7.57515,0
1097.5,0.00676,4.63087,7.57344,0
1097.6,0.00676,4.63086,7.57344,0
1097.7,0.00676,4.63084,7.57515,0
1097.8,0.00676,4.63083,7.57515,0
1097.9,0.00676,4.63081,7.57515,0
1098,0.00676,4.6308,7.57515,0
1098.1,0.00676,4.63078,7.57515,0
1098.2,0.00676,4.63077,7.57515,0
1098.3,0.00676,4.63075,7.57515,0
1098.4,0.00676,4.63074,7.57344,0
1098.5,0.00676,4.63072,7.57344,0
1098.6,0.00676,4.63071,7.57515,0
1098.7,0.00676,4.6307,7.57515,0
1098.8,0.00676,4.63068,7.57515,0
1098.9,0.00676,4.63067,7.57515,0
1099,0.00676,4.63065,7.57515,0
1099.1,0.00676,4.63064,7.57515,0
1099.2,0.00676,4.63063,7.57344,0
1099.3,0.00676,4.63062,7.57515,0
1099.4,0.00676,4.6306,7.57515,0
1099.5,0.00676,4.63059,7.57515,0
1099.6,0.00676,4.63058,7.57515,0
1099.7,0.00676,4.63056,7.57515,0
1099.8,0.00676,4.63055,7.57515,0
1099.9,0.00676,4.63054,7.57515,0
1100,0.00676,4.63053,7.57515,0
1100.1,0.00676,4.63052,7.57515,0
1100.2,0.00676,4.63051,7.57515,0
1100.3,0.00676,4.6305,7.57515,0
1100.4,0.00676,4.63048,7.57515,0
1100.5,0.00676,4.63047,7.57344,0
1100.6,0.00676,4.63046,7.57344,0
1100.7,0.00676,4.63045,7.57515,0
1100.8,0.00676,4.63044,7.57515,0
1100.9,0.00676,4.63043,7.57515,0
1101,0.00676,4.63042,7.57515,0
1101.1,0.00676,4.63041,7.57344,0
1101.2,0.00676,4.6304,7.57344,0
1101.3,0.00676,4.63039,7.57515,0
1101.4,0.00676,4.63038,7.57515,0
1101.5,0.00676,4.63037,7.57515,0
1101.6,0.00676,4.63036,7.57344,0
1101.7,0.00676,4.63035,7.57515,0
1101.8,0.00676,4.63034,7.57344,0
1101.9,0.00676,4.63033,7.57515,0
1102,0.00676,4.63032,7.57515,0
1102.1,0.00676,4.63031,7.57515,0
1102.2,0.00676,4.6303,7.57515,0
1102.3,0.00676,4.63029,7.57344,0
1102.4,0.00676,4.63028,7.57515,0
1102.5,0.00676,4.63028,7.57515,0
1102.6,0.00676,4.63027,7.57344,0
1102.7,0.00676,4.63026,7.57515,0
1102.8,0.00676,4.63025,7.57344,0
1102.9,0.00676,4.63025,7.57515,0
1103,0.00676,4.63024,7.57344,0
1103.1,0.00676,4.63023,7.57515,0
1103.2,0.00676,4.63023,7.57344,0
1103.3,0.00676,4.63022,7.57515,0
1103.4,0.00676,4.63021,7.57515,0
1103.5,0.00676,4.63021,7.57515,0
1103.6,0.00676,4.6302,7.57515,0
1103.7,0.00676,4.6302,7.57515,0
1103.8,0.00676,4.63019,7.57515,0
1103.9,0.00676,4.63019,7.57515,0
1104,0.00676,4.63018,7.57344,0
1104.1,0.00676,4.63018,7.57344,0
1104.2,0.00676,4.63017,7.57344,0
1104.3,0.00676,4.63017,7.57515,0
1104.4,0.00676,4.63016,7.57515,0
1104.5,0.00676,4.63016,7.57515,0
1104.6,0.00676,4.63015,7.57515,0
1104.7,0.00676,4.63015,7.57515,0
1104.8,0.00676,4.63015,7.57515,0
1104.9,0.00676,4.63014,7.57515,0
1105,0.00676,4.63014,7.57515,0
1105.1,0.00676,4.63014,7.57515,0
1105.2,0.00676,4.63014,7.57515,0
1105.3,0.00676,4.63013,7.57515,0
1105.4,0.00676,4.63013,7.57515,0
1105.5,0.00676,4.63013,7.57515,0
1105.6,0.00676,4.63013,7.57344,0
1105.7,0.00676,4.63013,7.57344,0
1105.8,0.00676,4.63013,7.57344,0
1105.9,0.00676,4.63012,7.57515,0
1106,0.00676,4.63012,7.57344,0
1106.1,0.00676,4.63012,7.57515,0
1106.2,0.00676,4.63012,7.57515,0
1106.3,0.00676,4.63012,7.57515,0
1106.4,0.00676,4.63012,7.57515,0
1106.5,0.00676,4.63012,7.57515,0
1106.6,0.00676,4.63012,7.57515,0
1106.7,0.00676,4.63012,7.57515,0
1106.8,0.00676,4.63012,7.57515,0
1106.9,0.00676,4.63013,7.57515,0
1107,0.00676,4.63013,7.57344,0
1107.1,0.00676,4.63013,7.57515,0
1107.2,0.00676,4.63013,7.57515,0
1107.3,0.00676,4.63013,7.57515,0
1107.4,0.00676,4.63014,7.57515,0
1107.5,0.00676,4.63014,7.57515,0
1107.6,0.00676,4.63014,7.57344,0
1107.7,0.00676,4.63015,7.57515,0
1107.8,0.00676,4.63015,7.57344,0
1107.9,0.00676,4.63016,7.57344,0
1108,0.00676,4.63016,7.57344,0
1108.1,0.00676,4.63017,7.57344,0
1108.2,0.00676,4.63017,7.57344,0
1108.3,0.00676,4.63018,7.57344,0
1108.4,0.00676,4.63019,7.57344,0
1108.5,0.00676,4.63019,7.57344,0
1108.6,0.00676,4.6302,7.57344,0
1108.7,0.00676,4.63021,7.57344,0
1108.8,0.00677,4.63021,7.57515,0
1108.9,0.00677,4.63022,7.57344,0
1109,0.00677,4.63023,7.57515,0
1109.1,0.00677,4.63023,7.57515,0
1109.2,0.00677,4.63024,7.57515,0
1109.3,0.00677,4.63025,7.57515,0
1109.4,0.00677,4.63026,7.57515,0
1109.5,0.00677,4.63026,7.57515,0
1109.6,0.00677,4.63027,7.57515,0
1109.7,0.00677,4.63028,7.57344,0
1109.8,0.00677,4.63029,7.57515,0
1109.9,0.00677,4.63029,7.57515,0
1110,0.00677,4.6303,7.57515,0
1110.1,0.00677,4.63031,7.57344,0
1110.2,0.00677,4.63032,7.57344,0
1110.3,0.00677,4.63033,7.57344,0
1110.4,0.00677,4.63034,7.57515,0
1110.5,0.00677,4.63034,7.57515,0
1110.6,0.00677,4.63035,7.57515,0
1110.7,0.00677,4.63036,7.57515,0
1110.8,0.00677,4.63037,7.57515,0
1110.9,0.00677,4.63038,7.57344,0
1111,0.00677,4.63039,7.57344,0
1111.1,0.00677,4.6304,7.57515,0
1111.2,0.00677,4.63041,7.57515,0
1111.3,0.00677,4.63042,7.57515,0
1111.4,0.00677,4.63043,7.57515,0
1111.5,0.00677,4.63044,7.57515,0
1111.6,0.00677,4.63045,7.57344,0
1111.7,0.00677,4.63046,7.57515,0
1111.8,0.00677,4.63047,7.57344,0
1111.9,0.00677,4.63048,7.57344,0
1112,0.00677,4.63049,7.57344,0
1112.1,0.00677,4.6305,7.57344,0
1112.2,0.00677,4.63051,7.57515,0
1112.3,0.00677,4.63052,7.57344,0
1112.4,0.00677,4.63053,7.57515,0
1112.5,0.00677,4.63054,7.57344,0
1112.6,0.00677,4.63055,7.57515,0
1112.7,0.00677,4.63056,7.57515,0
1112.8,0.00677,4.63058,7.57344,0
1112.9,0.00677,4.63059,7.57344,0
1113,0.00677,4.6306,7.57515,0
1113.1,0.00677,4.63061,7.57515,0
1113.2,0.00677,4.63062,7.57515,0
1113.3,0.00677,4.63064,7.57515,0
1113.4,0.00677,4.63065,7.57344,0
1113.5,0.00677,4.63066,7.57344,0
1113.6,0.00677,4.63068,7.57344,0
1113.7,0.00677,4.63069,7.57515,0
1113.8,0.00677,4.6307,7.57344,0
1113.9,0.00677,4.63071,7.57344,0
1114,0.00677,4.63073,7.57344,0
1114.1,0.00677,4.63074,7.57344,0
1114.2,0.00677,4.63075,7.57344,0
1114.3,0.00677,4.63077,7.57344,0
1114.4,0.00677,4.63078,7.57344,0
1114.5,0.00677,4.6308,7.57344,0
1114.6,0.00677,4.63081,7.57515,0
1114.7,0.00677,4.63082,7.57344,0
1114.8,0.00677,4.63084,7.57344,0
1114.9,0.00677,4.63086,7.57344,0
1115,0.00677,4.63087,7.57515,0
1115.1,0.00677,4.63089,7.57344,0
1115.2,0.00677,4.6309,7.57515,0
1115.3,0.00677,4.63092,7.57344,0
1115.4,0.00677,4.63093,7.57344,0
1115.5,0.00677,4.63095,7.57344,0
1115.6,0.00677,4.63096,7.57515,0
1115.7,0.00677,4.63098,7.57344,0
1115.8,0.00677,4.631,7.57344,0
1115.9,0.00677,4.63101,7.57344,0
1116,0.00677,4.63103,7.57515,0
1116.1,0.00677,4.63104,7.57344,0
1116.2,0.00677,4.63106,7.57344,0
1116.3,0.00677,4.63107,7.57344,0
1116.4,0.00677,4.63109,7.57515,0
1116.5,0.00677,4.63111,7.57515,0
1116.6,0.00677,4.63112,7.57515,0
1116.7,0.00677,4.63114,7.57515,0
1116.8,0.00677,4.63116,7.57515,0
1116.9,0.00677,4.63118,7.57515,0
1117,0.00677,4.63119,7.57515,0
1117.1,0.00677,4.63121,7.57515,0
1117.2,0.00678,4.63123,7.57515,0
1117.3,0.00678,4.63124,7.57515,0
1117.4,0.00678,4.63126,7.57344,0
1117.5,0.00678,4.63128,7.57515,0
1117.6,0.00678,4.6313,7.57344,0
1117.7,0.00678,4.63131,7.57515,0
1117.8,0.00678,4.63133,7.57344,0
1117.9,0.00678,4.63135,7.57515,0
1118,0.00678,4.63137,7.57515,0
1118.1,0.00678,4.63138,7.57515,0
1118.2,0.00678,4.6314,7.57515,0
1118.3,0.00678,4.63142,7.57344,0
1118.4,0.00678,4.63144,7.57344,0
1118.5,0.00678,4.63145,7.57515,0
1118.6,0.00678,4.63147,7.57515,0
1118.7,0.00678,4.63149,7.57515,0
1118.8,0.00678,4.63151,7.57515,0
1118.9,0.00678,4.63153,7.57344,0
1119,0.00678,4.63154,7.57515,0
1119.1,0.00678,4.63156,7.57344,0
1119.2,0.00678,4.63158,7.57344,0
1119.3,0.00678,4.6316,7.57344,0
1119.4,0.00678,4.63162,7.57344,0
1119.5,0.00678,4.63164,7.57344,0
1119.6,0.00678,4.63166,7.57344,0
1119.7,0.00678,4.63167,7.57515,0
1119.8,0.00678,4.63169,7.57515,0
1119.9,0.00678,4.63171,7.57515,0
1120,0.00678,4.63173,7.57515,0
1120.1,0.00678,4.63175,7.57515,0
1120.2,0.00678,4.63177,7.57515,0
1120.3,0.00678,4.63178,7.57515,0
1120.4,0.00678,4.6318,7.57515,0
1120.5,0.00678,4.63182,7.57515,0
1120.6,0.00678,4.63184,7.57515,0
1120.7,0.00678,4.63185,7.57344,0
1120.8,0.00678,4.63187,7.57515,0
1120.9,0.00678,4.63189,7.57515,0
1121,0.00678,4.63191,7.57344,0
1121.1,0.00678,4.63193,7.57515,0
1121.2,0.00678,4.63195,7.57515,0
1121.3,0.00678,4.63197,7.57515,0
1121.4,0.00678,4.63199,7.57344,0
1121.5,0.00678,4.632,7.57515,0
1121.6,0.00678,4.63202,7.57344,0
1121.7,0.00678,4.63204,7.57515,0
1121.8,0.00678,4.63206,7.57344,0
1121.9,0.00678,4.63208,7.57515,0
1122,0.00678,4.6321,7.57515,0
1122.1,0.00678,4.63211,7.57515,0
1122.2,0.00678,4.63213,7.57515,0
1122.3,0.00678,4.63215,7.57515,0
1122.4,0.00678,4.63217,7.57344,0
1122.5,0.00678,4.63219,7.57344,0
1122.6,0.00678,4.63221,7.57344,0
1122.7,0.00678,4.63223,7.57344,0
1122.8,0.00679,4.63225,7.57344,0
1122.9,0.00679,4.63226,7.57344,0
1123,0.00679,4.63228,7.57344,0
1123.1,0.00679,4.6323,7.57344,0
1123.2,0.00679,4.63232,7.57344,0
1123.3,0.00679,4.63234,7.57344,0
1123.4,0.00679,4.63235,7.57344,0
1123.5,0.00679,4.63237,7.57344,0
1123.6,0.00679,4.63239,7.57344,0
1123.7,0.00679,4.63241,7.57344,0
1123.8,0.00679,4.63242,7.57344,0
1123.9,0.00679,4.63244,7.57344,0
1124,0.00679,4.63246,7.57344,0
1124.1,0.00679,4.63248,7.57344,0
1124.2,0.00679,4.63249,7.57344,0
1124.3,0.00679,4.63251,7.57344,0
1124.4,0.00679,4.63253,7.57344,0
1124.5,0.00679,4.63254,7.57344,0
1124.6,0.00679,4.63256,7.57344,0
1124.7,0.00679,4.63258,7.57344,0
1124.8,0.00679,4.63259,7.57344,0
1124.9,0.00679,4.63261,7.57344,0
1125,0.00679,4.63263,7.57344,0
1125.1,0.00679,4.63264,7.57344,0
1125.2,0.00679,4.63266,7.57344,0
1125.3,0.00679,4.63268,7.57344,0
1125.4,0.00679,4.63269,7.57344,0
1125.5,0.00679,4.63271,7.57344,0
1125.6,0.00679,4.63272,7.57344,0
1125.7,0.00679,4.63274,7.57344,0
1125.8,0.00679,4.63275,7.57344,0
1125.9,0.00679,4.63277,7.57344,0
1126,0.00679,4.63278,7.57344,0
1126.1,0.00679,4.6328,7.57344,0
1126.2,0.00679,4.63281,7.57344,0
1126.3,0.00679,4.63283,7.57344,0
1126.4,0.00679,4.63284,7.57344,0
1126.5,0.00679,4.63285,7.57344,0
1126.6,0.00679,4.63287,7.57344,0
1126.7,0.00679,4.63288,7.57344,0
1126.8,0.00679,4.6329,7.57344,0
1126.9,0.00679,4.63291,7.57344,0
1127,0.00679,4.63292,7.57344,0
1127.1,0.00679,4.63294,7.57344,0
1127.2,0.00679,4.63295,7.57344,0
1127.3,0.00679,4.63297,7.57344,0
1127.4,0.00679,4.63298,7.57344,0
1127.5,0.00679,4.63299,7.57344,0
1127.6,0.00679,4.633,7.57344,0
1127.7,0.00679,4.63302,7.57344,0
1127.8,0.00679,4.63303,7.57344,0
1127.9,0.00679,4.63304,7.57344,0
1128,0.00679,4.63306,7.57344,0
1128.1,0.00679,4.63307,7.57344,0
1128.2,0.00679,4.63308,7.57344,0
1128.3,0.00679,4.63309,7.57344,0
1128.4,0.00679,4.63311,7.57344,0
1128.5,0.00679,4.63312,7.57344,0
1128.6,0.00679,4.63313,7.57344,0
1128.7,0.00679,4.63314,7.57344,0
1128.8,0.0068,4.63316,7.57344,0
1128.9,0.0068,4.63317,7.57344,0
1129,0.0068,4.63318,7.57344,0
1129.1,0.0068,4.63319,7.57344,0
1129.2,0.0068,4.6332,7.57344,0
1129.3,0.0068,4.63321,7.57344,0
1129.4,0.0068,4.63323,7.57344,0
1129.5,0.0068,4.63324,7.57344,0
1129.6,0.0068,4.63325,7.57344,0
1129.7,0.0068,4.63326,7.57344,0
1129.8,0.0068,4.63327,7.57344,0
1129.9,0.0068,4.63328,7.57344,0
1130,0.0068,4.63329,7.57344,0
1130.1,0.0068,4.6333,7.57344,0
1130.2,0.0068,4.63331,7.57515,0
1130.3,0.0068,4.63332,7.57344,0
1130.4,0.0068,4.63333,7.57344,0
1130.5,0.0068,4.63334,7.57344,0
1130.6,0.0068,4.63335,7.57344,0
1130.7,0.0068,4.63336,7.57344,0
1130.8,0.0068,4.63337,7.57344,0
1130.9,0.0068,4.63338,7.57344,0
1131,0.0068,4.63339,7.57515,0
1131.1,0.0068,4.63339,7.57515,0
1131.2,0.0068,4.6334,7.57515,0
1131.3,0.0068,4.63341,7.57515,0
1131.4,0.0068,4.63342,7.57344,0
1131.5,0.0068,4.63342,7.57515,0
1131.6,0.0068,4.63343,7.57515,0
1131.7,0.0068,4.63344,7.57515,0
1131.8,0.0068,4.63345,7.57515,0
1131.9,0.0068,4.63345,7.57515,0
1132,0.0068,4.63346,7.57344,0
1132.1,0.0068,4.63346,7.57344,0
1132.2,0.0068,4.63347,7.57515,0
1132.3,0.0068,4.63348,7.57344,0
1132.4,0.0068,4.63348,7.57344,0
1132.5,0.0068,4.63349,7.57515,0
1132.6,0.0068,4.63349,7.57344,0
1132.7,0.00681,4.6335,7.57515,0
1132.8,0.00681,4.6335,7.57344,0
1132.9,0.00681,4.63351,7.57344,0
1133,0.00681,4.63351,7.57515,0
1133.1,0.00681,4.63351,7.57344,0
1133.2,0.00681,4.63352,7.57515,0
1133.3,0.00681,4.63352,7.57515,0
1133.4,0.00681,4.63353,7.57344,0
1133.5,0.00681,4.63353,7.57344,0
1133.6,0.00681,4.63353,7.57344,0
1133.7,0.00681,4.63354,7.57515,0
1133.8,0.00681,4.63354,7.57344,0
1133.9,0.00681,4.63354,7.57515,0
1134,0.00681,4.63355,7.57344,0
1134.1,0.00681,4.63355,7.57344,0
1134.2,0.00681,4.63355,7.57344,0
1134.3,0.00681,4.63355,7.57344,0
1134.4,0.00681,4.63355,7.57515,0
1134.5,0.00681,4.63355,7.57515,0
1134.6,0.00681,4.63356,7.57344,0
1134.7,0.00681,4.63356,7.57344,0
1134.8,0.00681,4.63356,7.57344,0
1134.9,0.00681,4.63356,7.57344,0
1135,0.00681,4.63356,7.57344,0
1135.1,0.00682,4.63356,7.57344,0
1135.2,0.00682,4.63356,7.57344,0
1135.3,0.00682,4.63356,7.57344,0
1135.4,0.00682,4.63356,7.57344,0
1135.5,0.00682,4.63356,7.57344,0
1135.6,0.00682,4.63356,7.57344,0
1135.7,0.00682,4.63356,7.57344,0
1135.8,0.00682,4.63355,7.57344,0
1135.9,0.00682,4.63355,7.57344,0
1136,0.00682,4.63355,7.57344,0
1136.1,0.00682,4.63354,7.57344,0
1136.2,0.00682,4.63354,7.57344,0
1136.3,0.00682,4.63354,7.57344,0
1136.4,0.00682,4.63353,7.57344,0
1136.5,0.00682,4.63353,7.57344,0
1136.6,0.00682,4.63352,7.57344,0
1136.7,0.00682,4.63352,7.57344,0
1136.8,0.00682,4.63351,7.57344,0
1136.9,0.00682,4.6335,7.57344,0
1137,0.00682,4.6335,7.57344,0
1137.1,0.00683,4.63349,7.57344,0
1137.2,0.00683,4.63348,7.57344,0
1137.3,0.00683,4.63348,7.57344,0
1137.4,0.00683,4.63347,7.57344,0
1137.5,0.00683,4.63346,7.57344,0
1137.6,0.00683,4.63345,7.57344,0
1137.7,0.00683,4.63344,7.57344,0
1137.8,0.00683,4.63343,7.57344,0
1137.9,0.00683,4.63342,7.57344,0
1138,0.00683,4.63341,7.57344,0
1138.1,0.00683,4.6334,7.57344,0
1138.2,0.00683,4.63339,7.57344,0
1138.3,0.00683,4.63338,7.57344,0
1138.4,0.00683,4.63337,7.57344,0
1138.5,0.00683,4.63336,7.57344,0
1138.6,0.00683,4.63335,7.57344,0
1138.7,0.00683,4.63333,7.57344,0
1138.8,0.00683,4.63332,7.57344,0
1138.9,0.00683,4.63331,7.57344,0
1139,0.00683,4.63329,7.57344,0
1139.1,0.00684,4.63328,7.57344,0
1139.2,0.00684,4.63327,7.57344,0
1139.3,0.00684,4.63325,7.57344,0
1139.4,0.00684,4.63324,7.57344,0
1139.5,0.00684,4.63323,7.57344,0
1139.6,0.00684,4.63321,7.57344,0
1139.7,0.00684,4.6332,7.57344,0
1139.8,0.00684,4.63318,7.57344,0
1139.9,0.00684,4.63317,7.57344,0
1140,0.00684,4.63316,7.57344,0
1140.1,0.00684,4.63314,7.57344,0
1140.2,0.00684,4.63312,7.57344,0
1140.3,0.00684,4.63311,7.57344,0
1140.4,0.00684,4.63309,7.57344,0
1140.5,0.00684,4.63308,7.57344,0
1140.6,0.00684,4.63306,7.57344,0
1140.7,0.00684,4.63304,7.57344,0
1140.8,0.00684,4.63303,7.57515,0
1140.9,0.00685,4.63301,7.57344,0
1141,0.00685,4.63299,7.57344,0
1141.1,0.00685,4.63298,7.57344,0
1141.2,0.00685,4.63296,7.57344,0
1141.3,0.00685,4.63294,7.57344,0
1141.4,0.00685,4.63293,7.57344,0
1141.5,0.00685,4.63291,7.57344,0
1141.6,0.00685,4.63289,7.57344,0
1141.7,0.00685,4.63288,7.57344,0
1141.8,0.00685,4.63286,7.57344,0
1141.9,0.00685,4.63284,7.57344,0
1142,0.00685,4.63282,7.57344,0
1142.1,0.00685,4.63281,7.57344,0
1142.2,0.00685,4.63279,7.57344,0
1142.3,0.00685,4.63277,7.57344,0
1142.4,0.00685,4.63275,7.57344,0
1142.5,0.00685,4.63273,7.57344,0
1142.6,0.00685,4.63271,7.57344,0
1142.7,0.00686,4.63269,7.57344,0
1142.8,0.00686,4.63267,7.57344,0
1142.9,0.00686,4.63265,7.57344,0
1143,0.00686,4.63263,7.57344,0
1143.1,0.00686,4.63261,7.57344,0
1143.2,0.00686,4.63259,7.57344,0
1143.3,0.00686,4.63257,7.57344,0
1143.4,0.00686,4.63255,7.57344,0
1143.5,0.00686,4.63253,7.57344,0
1143.6,0.00686,4.63251,7.57344,0
1143.7,0.00686,4.63249,7.57344,0
1143.8,0.00686,4.63247,7.57344,0
1143.9,0.00686,4.63245,7.57344,0
1144,0.00686,4.63243,7.57344,0
1144.1,0.00686,4.63241,7.57344,0
1144.2,0.00686,4.63239,7.57344,0
1144.3,0.00686,4.63237,7.57344,0
1144.4,0.00686,4.63235,7.57344,0
1144.5,0.00686,4.63233,7.57344,0
1144.6,0.00687,4.63231,7.57344,0
1144.7,0.00687,4.63229,7.57344,0
1144.8,0.00687,4.63227,7.57344,0
1144.9,0.00687,4.63225,7.57344,0
1145,0.00687,4.63223,7.57344,0
1145.1,0.00687,4.63221,7.57344,0
1145.2,0.00687,4.6322,7.57344,0
1145.3,0.00687,4.63218,7.57344,0
1145.4,0.00687,4.63216,7.57344,0
1145.5,0.00687,4.63214,7.57344,0
1145.6,0.00687,4.63212,7.57344,0
1145.7,0.00687,4.6321,7.57344,0
1145.8,0.00687,4.63208,7.57344,0
1145.9,0.00687,4.63207,7.57344,0
1146,0.00687,4.63205,7.57344,0
1146.1,0.00687,4.63203,7.57344,0
1146.2,0.00687,4.63202,7.57344,0
1146.3,0.00687,4.632,7.57344,0
1146.4,0.00687,4.63198,7.57344,0
1146.5,0.00687,4.63197,7.57344,0
1146.6,0.00687,4.63195,7.57344,0
1146.7,0.00688,4.63193,7.57344,0
1146.8,0.00688,4.63192,7.57344,0
1146.9,0.00688,4.6319,7.57344,0
1147,0.00688,4.63189,7.57344,0
1147.1,0.00688,4.63187,7.57344,0
1147.2,0.00688,4.63186,7.57344,0
1147.3,0.00688,4.63184,7.57344,0
1147.4,0.00688,4.63183,7.57344,0
1147.5,0.00688,4.63181,7.57344,0
1147.6,0.00688,4.6318,7.57344,0
1147.7,0.00688,4.63178,7.57344,0
1147.8,0.00688,4.63177,7.57344,0
1147.9,0.00688,4.63175,7.57344,0
1148,0.00688,4.63174,7.57344,0
1148.1,0.00688,4.63173,7.57344,0
1148.2,0.00688,4.63171,7.57344,0
1148.3,0.00688,4.6317,7.57344,0
1148.4,0.00688,4.63169,7.57344,0
1148.5,0.00689,4.63167,7.57344,0
1148.6,0.00689,4.63166,7.57344,0
1148.7,0.00689,4.63165,7.57344,0
1148.8,0.00689,4.63164,7.57344,0
1148.9,0.00689,4.63162,7.57344,0
1149,0.00689,4.63161,7.57344,0
1149.1,0.00689,4.6316,7.57344,0
1149.2,0.00689,4.63159,7.57344,0
1149.3,0.00689,4.63157,7.57344,0
1149.4,0.00689,4.63156,7.57344,0
1149.5,0.00689,4.63155,7.57344,0
1149.6,0.00689,4.63154,7.57344,0
1149.7,0.00689,4.63152,7.57515,0
1149.8,0.00689,4.63151,7.57344,0
1149.9,0.00689,4.6315,7.57344,0
1150,0.00689,4.63148,7.57344,0
1150.1,0.00689,4.63147,7.57344,0
1150.2,0.00689,4.63146,7.57344,0
1150.3,0.00689,4.63145,7.57344,0
1150.4,0.00689,4.63143,7.57344,0
1150.5,0.00689,4.63142,7.57344,0
1150.6,0.00689,4.63141,7.57344,0
1150.7,0.00689,4.6314,7.57344,0
1150.8,0.0069,4.63139,7.57344,0
1150.9,0.0069,4.63137,7.57344,0
1151,0.0069,4.63136,7.57344,0
1151.1,0.0069,4.63135,7.57344,0
1151.2,0.0069,4.63134,7.57344,0
1151.3,0.0069,4.63133,7.57344,0
1151.4,0.0069,4.63131,7.57344,0
1151.5,0.0069,4.6313,7.57344,0
1151.6,0.0069,4.63129,7.57344,0
1151.7,0.0069,4.63128,7.57344,0
1151.8,0.0069,4.63127,7.57344,0
1151.9,0.0069,4.63126,7.57344,0
1152,0.0069,4.63124,7.57344,0
1152.1,0.0069,4.63123,7.57344,0
1152.2,0.0069,4.63122,7.57344,0
1152.3,0.0069,4.63121,7.57344,0
1152.4,0.0069,4.6312,7.57344,0
1152.5,0.0069,4.63119,7.57344,0
1152.6,0.0069,4.63118,7.57344,0
1152.7,0.0069,4.63117,7.57344,0
1152.8,0.0069,4.63116,7.57344,0
1152.9,0.0069,4.63115,7.57344,0
1153,0.0069,4.63114,7.57344,0
1153.1,0.0069,4.63113,7.57344,0
1153.2,0.0069,4.63112,7.57344,0
1153.3,0.0069,4.63111,7.57344,0
1153.4,0.0069,4.6311,7.57344,0
1153.5,0.0069,4.63108,7.57344,0
1153.6,0.0069,4.63107,7.57344,0
1153.7,0.0069,4.63106,7.57344,0
1153.8,0.0069,4.63105,7.57344,0
1153.9,0.0069,4.63104,7.57344,0
1154,0.00691,4.63103,7.57344,0
1154.1,0.00691,4.63102,7.57344,0
1154.2,0.00691,4.63101,7.57344,0
1154.3,0.00691,4.63101,7.57344,0
1154.4,0.00691,4.631,7.57344,0
1154.5,0.00691,4.63099,7.57344,0
1154.6,0.00691,4.63098,7.57344,0
1154.7,0.00691,4.63097,7.57344,0
1154.8,0.00691,4.63096,7.57344,0
1154.9,0.00691,4.63095,7.57344,0
1155,0.00691,4.63094,7.57344,0
1155.1,0.00691,4.63093,7.57344,0
1155.2,0.00691,4.63092,7.57344,0
1155.3,0.00691,4.63091,7.57344,0
1155.4,0.00691,4.6309,7.57344,0
1155.5,0.00691,4.63089,7.57344,0
1155.6,0.00691,4.63089,7.57344,0
1155.7,0.00691,4.63088,7.57344,0
1155.8,0.00691,4.63087,7.57344,0
1155.9,0.00691,4.63086,7.57344,0
1156,0.00691,4.63085,7.57344,0
1156.1,0.00691,4.63085,7.57344,0
1156.2,0.00691,4.63084,7.57344,0
1156.3,0.00691,4.63083,7.57344,0
1156.4,0.00691,4.63082,7.57344,0
1156.5,0.00691,4.63081,7.57344,0
1156.6,0.00691,4.63081,7.57344,0
1156.7,0.00692,4.6308,7.57344,0
1156.8,0.00692,4.63079,7.57515,0
1156.9,0.00692,4.63078,7.57344,0
1157,0.00692,4.63078,7.57344,0
1157.1,0.00692,4.63077,7.57515,0
1157.2,0.00692,4.63076,7.57344,0
1157.3,0.00692,4.63075,7.57515,0
1157.4,0.00692,4.63075,7.57344,0
1157.5,0.00692,4.63074,7.57344,0
1157.6,0.00692,4.63073,7.57344,0
1157.7,0.00692,4.63072,7.57344,0
1157.8,0.00692,4.63072,7.57344,0
1157.9,0.00692,4.63071,7.57344,0
1158,0.00692,4.6307,7.57344,0
1158.1,0.00692,4.6307,7.57344,0
1158.2,0.00692,4.63069,7.57344,0
1158.3,0.00692,4.63068,7.57344,0
1158.4,0.00692,4.63067,7.57344,0
1158.5,0.00692,4.63067,7.57344,0
1158.6,0.00692,4.63066,7.57344,0
1158.7,0.00692,4.63065,7.57344,0
1158.8,0.00692,4.63065,7.57344,0
1158.9,0.00693,4.63064,7.57344,0
1159,0.00693,4.63063,7.57344,0
1159.1,0.00693,4.63062,7.57344,0
1159.2,0.00693,4.63062,7.57344,0
1159.3,0.00693,4.63061,7.57344,0
1159.4,0.00693,4.6306,7.57344,0
1159.5,0.00693,4.6306,7.57344,0
1159.6,0.00693,4.63059,7.57344,0
1159.7,0.00693,4.63058,7.57344,0
1159.8,0.00693,4.63058,7.57344,0
1159.9,0.00693,4.63057,7.57344,0
1160,0.00693,4.63056,7.57344,0
1160.1,0.00693,4.63056,7.57344,0
1160.2,0.00693,4.63055,7.57344,0
1160.3,0.00693,4.63054,7.57344,0
1160.4,0.00693,4.63053,7.57344,0
1160.5,0.00693,4.63053,7.57344,0
1160.6,0.00693,4.63052,7.57344,0
1160.7,0.00693,4.63051,7.57344,0
1160.8,0.00693,4.6305,7.57344,0
1160.9,0.00694,4.6305,7.57344,0
1161,0.00694,4.63049,7.57344,0
1161.1,0.00694,4.63048,7.57344,0
1161.2,0.00694,4.63047,7.57344,0
1161.3,0.00694,4.63047,7.57344,0
1161.4,0.00694,4.63046,7.57344,0
1161.5,0.00694,4.63045,7.57344,0
1161.6,0.00694,4.63044,7.57344,0
1161.7,0.00694,4.63044,7.57344,0
1161.8,0.00694,4.63043,7.57344,0
1161.9,0.00694,4.63042,7.57344,0
1162,0.00694,4.63041,7.57344,0
1162.1,0.00694,4.63041,7.57344,0
1162.2,0.00694,4.6304,7.57344,0
1162.3,0.00694,4.63039,7.57344,0
1162.4,0.00694,4.63038,7.57344,0
1162.5,0.00694,4.63038,7.57344,0
1162.6,0.00694,4.63037,7.57344,0
1162.7,0.00694,4.63036,7.57344,0
1162.8,0.00694,4.63035,7.57344,0
1162.9,0.00695,4.63035,7.57344,0
1163,0.00695,4.63034,7.57344,0
1163.1,0.00695,4.63033,7.57344,0
1163.2,0.00695,4.63032,7.57344,0
1163.3,0.00695,4.63032,7.57344,0
1163.4,0.00695,4.63031,7.57344,0
1163.5,0.00695,4.6303,7.57344,0
1163.6,0.00695,4.63029,7.57344,0
1163.7,0.00695,4.63029,7.57344,0
1163.8,0.00695,4.63028,7.57344,0
1163.9,0.00695,4.63027,7.57344,0
1164,0.00695,4.63026,7.57344,0
1164.1,0.00695,4.63026,7.57344,0
1164.2,0.00695,4.63025,7.57344,0
1164.3,0.00695,4.63024,7.57344,0
1164.4,0.00695,4.63023,7.57344,0
1164.5,0.00695,4.63022,7.57344,0
1164.6,0.00695,4.63021,7.57344,0
1164.7,0.00695,4.6302,7.57344,0
1164.8,0.00695,4.63019,7.57344,0
1164.9,0.00696,4.63018,7.57344,0
1165,0.00696,4.63017,7.57344,0
1165.1,0.00696,4.63017,7.57344,0
1165.2,0.00696,4.63016,7.57344,0
1165.3,0.00696,4.63015,7.57344,0
1165.4,0.00696,4.63014,7.57344,0
1165.5,0.00696,4.63013,7.57344,0
1165.6,0.00696,4.63012,7.57344,0
1165.7,0.00696,4.63011,7.57344,0
1165.8,0.00696,4.6301,7.57344,0
1165.9,0.00696,4.63009,7.57344,0
1166,0.00696,4.63009,7.57344,0
1166.1,0.00696,4.63008,7.57344,0
1166.2,0.00696,4.63007,7.57344,0
1166.3,0.00696,4.63006,7.57344,0
1166.4,0.00696,4.63005,7.57344,0
1166.5,0.00696,4.63004,7.57344,0
1166.6,0.00696,4.63003,7.57344,0
1166.7,0.00696,4.63002,7.57344,0
1166.8,0.00696,4.63001,7.57344,0
1166.9,0.00697,4.63,7.57344,0
1167,0.00697,4.63,7.57344,0
1167.1,0.00697,4.62999,7.57344,0
1167.2,0.00697,4.62998,7.57344,0
1167.3,0.00697,4.62997,7.57344,0
1167.4,0.00697,4.62996,7.57344,0
1167.5,0.00697,4.62995,7.57344,0
1167.6,0.00697,4.62994,7.57344,0
1167.7,0.00697,4.62993,7.57344,0
1167.8,0.00697,4.62992,7.57344,0
1167.9,0.00697,4.62992,7.57344,0
1168,0.00697,4.62991,7.57344,0
1168.1,0.00697,4.6299,7.57344,0
1168.2,0.00697,4.62989,7.57344,0
1168.3,0.00697,4.62988,7.57344,0
1168.4,0.00697,4.62987,7.57344,0
1168.5,0.00697,4.62986,7.57344,0
1168.6,0.00697,4.62986,7.57344,0
1168.7,0.00697,4.62985,7.57344,0
1168.8,0.00697,4.62984,7.57344,0
1168.9,0.00697,4.62983,7.57515,0
1169,0.00698,4.62982,7.57344,0
1169.1,0.00698,4.62981,7.57344,0
1169.2,0.00698,4.62981,7.57344,0
1169.3,0.00698,4.6298,7.57344,0
1169.4,0.00698,4.62979,7.57344,0
1169.5,0.00698,4.62978,7.57344,0
1169.6,0.00698,4.62977,7.57344,0
1169.7,0.00698,4.62977,7.57344,0
1169.8,0.00698,4.62976,7.57344,0
1169.9,0.00698,4.62975,7.57344,0
1170,0.00698,4.62974,7.57344,0
1170.1,0.00698,4.62974,7.57344,0
1170.2,0.00698,4.62973,7.57344,0
1170.3,0.00698,4.62972,7.57344,0
1170.4,0.00698,4.62972,7.57344,0
1170.5,0.00698,4.62971,7.57344,0
1170.6,0.00698,4.6297,7.57344,0
1170.7,0.00698,4.6297,7.57344,0
1170.8,0.00698,4.62969,7.57344,0
1170.9,0.00698,4.62968,7.57344,0
1171,0.00698,4.62968,7.57344,0
1171.1,0.00698,4.62967,7.57344,0
1171.2,0.00698,4.62967,7.57344,0
1171.3,0.00698,4.62966,7.57515,0
1171.4,0.00698,4.62966,7.57344,0
1171.5,0.00699,4.62965,7.57344,0
1171.6,0.00699,4.62964,7.57344,0
1171.7,0.00699,4.62964,7.57344,0
1171.8,0.00699,4.62963,7.57344,0
1171.9,0.00699,4.62963,7.57344,0
1172,0.00699,4.62962,7.57344,0
1172.1,0.00699,4.62961,7.57344,0
1172.2,0.00699,4.62961,7.57344,0
1172.3,0.00699,4.6296,7.57344,0
1172.4,0.00699,4.6296,7.57344,0
1172.5,0.00699,4.62959,7.57344,0
1172.6,0.00699,4.62959,7.57344,0
1172.7,0.00699,4.62958,7.57344,0
1172.8,0.00699,4.62958,7.57344,0
1172.9,0.00699,4.62957,7.57344,0
1173,0.00699,4.62957,7.57344,0
1173.1,0.00699,4.62956,7.57344,0
1173.2,0.00699,4.62956,7.57344,0
1173.3,0.00699,4.62955,7.57344,0
1173.4,0.00699,4.62955,7.57344,0
1173.5,0.00699,4.62954,7.57344,0
1173.6,0.00699,4.62954,7.57515,0
1173.7,0.00699,4.62953,7.57344,0
1173.8,0.00699,4.62953,7.57344,0
1173.9,0.00699,4.62952,7.57344,0
1174,0.00699,4.62952,7.57344,0
1174.1,0.00699,4.62951,7.57344,0
1174.2,0.00699,4.62951,7.57344,0
1174.3,0.00699,4.6295,7.57344,0
1174.4,0.007,4.6295,7.57344,0
1174.5,0.007,4.6295,7.57344,0
1174.6,0.007,4.62949,7.57344,0
1174.7,0.007,4.62949,7.57344,0
1174.8,0.007,4.62948,7.57344,0
1174.9,0.007,4.62948,7.57344,0
1175,0.007,4.62947,7.57344,0
1175.1,0.007,4.62947,7.57344,0
1175.2,0.007,4.62946,7.57344,0
1175.3,0.007,4.62946,7.57515,0
1175.4,0.007,4.62946,7.57344,0
1175.5,0.007,4.62945,7.57344,0
1175.6,0.007,4.62945,7.57344,0
1175.7,0.007,4.62944,7.57344,0
1175.8,0.007,4.62944,7.57344,0
1175.9,0.007,4.62944,7.57344,0
1176,0.007,4.62943,7.57344,0
1176.1,0.007,4.62943,7.57344,0
1176.2,0.007,4.62943,7.57344,0
1176.3,0.007,4.62942,7.57344,0
1176.4,0.007,4.62942,7.57344,0
1176.5,0.007,4.62942,7.57344,0
1176.6,0.007,4.62941,7.57344,0
1176.7,0.007,4.62941,7.57344,0
1176.8,0.007,4.62941,7.57344,0
1176.9,0.007,4.62941,7.57344,0
1177,0.007,4.6294,7.57344,0
1177.1,0.007,4.6294,7.57344,0
1177.2,0.007,4.6294,7.57515,0
1177.3,0.007,4.62939,7.57515,0
1177.4,0.007,4.62939,7.57344,0
1177.5,0.007,4.62939,7.57344,0
1177.6,0.007,4.62939,7.57344,0
1177.7,0.007,4.62938,7.57344,0
1177.8,0.00701,4.62938,7.57344,0
1177.9,0.00701,4.62938,7.57344,0
1178,0.00701,4.62938,7.57344,0
1178.1,0.00701,4.62937,7.57344,0
1178.2,0.00701,4.62937,7.57344,0
1178.3,0.00701,4.62937,7.57344,0
1178.4,0.00701,4.62937,7.57344,0
1178.5,0.00701,4.62936,7.57515,0
1178.6,0.00701,4.62936,7.57344,0
1178.7,0.00701,4.62936,7.57344,0
1178.8,0.00701,4.62936,7.57344,0
1178.9,0.00701,4.62936,7.57344,0
1179,0.00701,4.62935,7.57344,0
1179.1,0.00701,4.62935,7.57344,0
1179.2,0.00701,4.62935,7.57344,0
1179.3,0.00701,4.62935,7.57344,0
1179.4,0.00701,4.62935,7.57344,0
1179.5,0.00701,4.62935,7.57344,0
1179.6,0.00701,4.62934,7.57344,0
1179.7,0.00701,4.62934,7.57344,0
1179.8,0.00701,4.62934,7.57344,0
1179.9,0.00701,4.62934,7.57344,0
1180,0.00701,4.62934,7.57344,0
1180.1,0.00701,4.62934,7.57344,0
1180.2,0.00701,4.62934,7.57344,0
1180.3,0.00701,4.62933,7.57344,0
1180.4,0.00701,4.62933,7.57344,0
1180.5,0.00701,4.62933,7.57344,0
1180.6,0.00701,4.62933,7.57344,0
1180.7,0.00701,4.62933,7.57344,0
1180.8,0.00701,4.62933,7.57344,0
1180.9,0.00701,4.62933,7.57344,0
1181,0.00701,4.62933,7.57344,0
1181.1,0.00701,4.62933,7.57344,0
1181.2,0.00701,4.62933,7.57344,0
1181.3,0.00701,4.62933,7.57344,0
1181.4,0.00701,4.62933,7.57344,0
1181.5,0.00701,4.62933,7.57344,0
1181.6,0.00701,4.62933,7.57344,0
1181.7,0.00701,4.62933,7.57344,0
1181.8,0.00701,4.62933,7.57344,0
1181.9,0.00701,4.62933,7.57344,0
1182,0.00701,4.62933,7.57344,0
1182.1,0.00701,4.62933,7.57344,0
1182.2,0.00701,4.62933,7.57344,0
1182.3,0.00701,4.62933,7.57344,0
1182.4,0.00701,4.62933,7.57515,0
1182.5,0.00701,4.62933,7.57344,0
1182.6,0.00701,4.62933,7.57344,0
1182.7,0.00701,4.62934,7.57344,0
1182.8,0.00701,4.62934,7.57344,0
1182.9,0.00701,4.62934,7.57344,0
1183,0.00701,4.62934,7.57344,0
1183.1,0.00701,4.62934,7.57344,0
1183.2,0.00701,4.62935,7.57344,0
1183.3,0.00701,4.62935,7.57344,0
1183.4,0.00701,4.62935,7.57344,0
1183.5,0.00701,4.62935,7.57344,0
1183.6,0.00701,4.62935,7.57344,0
1183.7,0.00701,4.62935,7.57344,0
1183.8,0.00701,4.62936,7.57344,0
1183.9,0.00701,4.62936,7.57344,0
1184,0.00701,4.62936,7.57344,0
1184.1,0.00701,4.62936,7.57344,0
1184.2,0.00701,4.62936,7.57344,0
1184.3,0.00701,4.62936,7.57344,0
1184.4,0.00701,4.62937,7.57344,0
1184.5,0.00701,4.62937,7.57344,0
1184.6,0.00701,4.62937,7.57344,0
1184.7,0.00701,4.62937,7.57344,0
1184.8,0.00701,4.62938,7.57344,0
1184.9,0.00701,4.62938,7.57344,0
1185,0.00701,4.62938,7.57344,0
1185.1,0.00701,4.62938,7.57344,0
1185.2,0.00701,4.62939,7.57344,0
1185.3,0.00701,4.62939,7.57344,0
1185.4,0.00701,4.62939,7.57344,0
1185.5,0.00701,4.62939,7.57515,0
1185.6,0.00701,4.6294,7.57344,0
1185.7,0.00701,4.6294,7.57344,0
1185.8,0.00701,4.6294,7.57344,0
1185.9,0.00701,4.62941,7.57344,0
1186,0.00701,4.62941,7.57344,0
1186.1,0.00701,4.62941,7.57344,0
1186.2,0.00701,4.62942,7.57344,0
1186.3,0.00701,4.62942,7.57344,0
1186.4,0.00701,4.62942,7.57344,0
1186.5,0.00701,4.62943,7.57344,0
1186.6,0.00701,4.62943,7.57344,0
1186.7,0.00701,4.62944,7.57344,0
1186.8,0.00701,4.62944,7.57344,0
1186.9,0.00701,4.62944,7.57344,0
1187,0.00701,4.62945,7.57515,0
1187.1,0.00701,4.62945,7.57344,0
1187.2,0.00701,4.62946,7.57344,0
1187.3,0.00701,4.62946,7.57344,0
1187.4,0.00701,4.62947,7.57344,0
1187.5,0.00701,4.62947,7.57344,0
1187.6,0.00701,4.62948,7.57344,0
1187.7,0.00701,4.62948,7.57344,0
1187.8,0.00701,4.62949,7.57515,0
1187.9,0.00701,4.62949,7.57344,0
1188,0.00701,4.6295,7.57344,0
1188.1,0.00701,4.6295,7.57344,0
1188.2,0.00701,4.62951,7.57344,0
1188.3,0.00701,4.62951,7.57344,0
1188.4,0.00701,4.62952,7.57344,0
1188.5,0.00701,4.62953,7.57344,0
1188.6,0.00701,4.62953,7.57344,0
1188.7,0.00701,4.62954,7.57344,0
1188.8,0.00701,4.62954,7.57344,0
1188.9,0.00701,4.62955,7.57344,0
1189,0.00701,4.62955,7.57344,0
1189.1,0.00701,4.62956,7.57344,0
1189.2,0.00701,4.62956,7.57344,0
1189.3,0.00701,4.62957,7.57344,0
1189.4,0.00701,4.62958,7.57344,0
1189.5,0.00701,4.62958,7.57344,0
1189.6,0.00701,4.62959,7.57344,0
1189.7,0.00701,4.6296,7.57344,0
1189.8,0.00701,4.6296,7.57344,0
1189.9,0.00701,4.62961,7.57344,0
1190,0.00701,4.62961,7.57515,0
1190.1,0.00701,4.62962,7.57344,0
1190.2,0.00701,4.62963,7.57344,0
1190.3,0.00701,4.62963,7.57344,0
1190.4,0.00701,4.62964,7.57344,0
1190.5,0.00701,4.62965,7.57344,0
1190.6,0.00701,4.62965,7.57344,0
1190.7,0.00701,4.62966,7.57344,0
1190.8,0.00701,4.62967,7.57344,0
1190.9,0.00701,4.62967,7.57344,0
1191,0.00701,4.62968,7.57344,0
1191.1,0.00701,4.62968,7.57344,0
1191.2,0.00701,4.62969,7.57515,0
1191.3,0.00701,4.6297,7.57344,0
1191.4,0.00701,4.6297,7.57344,0
1191.5,0.00701,4.62971,7.57344,0
1191.6,0.00701,4.62971,7.57344,0
1191.7,0.00701,4.62972,7.57344,0
1191.8,0.00701,4.62972,7.57344,0
1191.9,0.00701,4.62973,7.57344,0
1192,0.00701,4.62974,7.57515,0
1192.1,0.00701,4.62974,7.57344,0
1192.2,0.00701,4.62975,7.57344,0
1192.3,0.00701,4.62975,7.57344,0
1192.4,0.00701,4.62976,7.57344,0
1192.5,0.00701,4.62977,7.57344,0
1192.6,0.007,4.62978,7.57344,0
1192.7,0.007,4.62978,7.57344,0
1192.8,0.007,4.62979,7.57344,0
1192.9,0.007,4.62979,7.57344,0
1193,0.007,4.6298,7.57344,0
1193.1,0.007,4.62981,7.57344,0
1193.2,0.007,4.62982,7.57344,0
1193.3,0.007,4.62982,7.57344,0
1193.4,0.007,4.62983,7.57344,0
1193.5,0.007,4.62984,7.57344,0
1193.6,0.007,4.62984,7.57344,0
1193.7,0.007,4.62985,7.57344,0
1193.8,0.007,4.62986,7.57344,0
1193.9,0.007,4.62987,7.57344,0
1194,0.007,4.62987,7.57344,0
1194.1,0.007,4.62988,7.57344,0
1194.2,0.007,4.62988,7.57344,0
1194.3,0.007,4.62989,7.57344,0
1194.4,0.007,4.6299,7.57344,0
1194.5,0.007,4.6299,7.57344,0
1194.6,0.007,4.62991,7.57344,0
1194.7,0.007,4.62991,7.57344,0
1194.8,0.007,4.62992,7.57344,0
1194.9,0.007,4.62993,7.57344,0
1195,0.007,4.62993,7.57344,0
1195.1,0.007,4.62994,7.57344,0
1195.2,0.007,4.62994,7.57344,0
1195.3,0.007,4.62994,7.57344,0
1195.4,0.007,4.62995,7.57344,0
1195.5,0.007,4.62995,7.57344,0
1195.6,0.00699,4.62996,7.57344,0
1195.7,0.00699,4.62996,7.57344,0
1195.8,0.00699,4.62997,7.57344,0
1195.9,0.00699,4.62997,7.57344,0
1196,0.00699,4.62997,7.57344,0
1196.1,0.00699,4.62998,7.57344,0
1196.2,0.00699,4.62998,7.57344,0
1196.3,0.00699,4.62999,7.57344,0
1196.4,0.00699,4.62999,7.57344,0
1196.5,0.00699,4.62999,7.57344,0
1196.6,0.00699,4.63,7.57344,0
1196.7,0.00699,4.63,7.57344,0
1196.8,0.00699,4.63,7.57344,0
1196.9,0.00699,4.63001,7.57344,0
1197,0.00699,4.63001,7.57344,0
1197.1,0.00699,4.63002,7.57344,0
1197.2,0.00699,4.63002,7.57344,0
1197.3,0.00699,4.63003,7.57344,0
1197.4,0.00699,4.63003,7.57344,0
1197.5,0.00699,4.63003,7.57176,0
1197.6,0.00699,4.63004,7.57344,0
1197.7,0.00699,4.63004,7.57344,0
1197.8,0.00699,4.63005,7.57176,0
1197.9,0.00699,4.63005,7.57344,0
1198,0.00699,4.63006,7.57344,0
1198.1,0.00699,4.63006,7.57176,0
1198.2,0.00699,4.63006,7.57344,0
1198.3,0.00698,4.63007,7.57344,0
1198.4,0.00698,4.63007,7.57344,0
1198.5,0.00698,4.63008,7.57344,0
1198.6,0.00698,4.63008,7.57344,0
1198.7,0.00698,4.63008,7.57344,0
1198.8,0.00698,4.63009,7.57176,0
1198.9,0.00698,4.63009,7.57344,0
1199,0.00698,4.6301,7.57344,0
1199.1,0.00698,4.6301,7.57344,0
1199.2,0.00698,4.63011,7.57344,0
1199.3,0.00698,4.63011,7.57344,0
1199.4,0.00698,4.63011,7.57344,0
1199.5,0.00698,4.63012,7.57344,0
1199.6,0.00698,4.63012,7.57344,0
1199.7,0.00698,4.63012,7.57344,0
1199.8,0.00698,4.63013,7.57344,0
1199.9,0.00698,4.63013,7.57344,0
1200,0.00698,4.63013,7.57344,0
1200.1,0.00698,4.63014,7.57344,0
1200.2,0.00698,4.63014,7.57344,0
1200.3,0.00698,4.63015,7.57344,0
1200.4,0.00698,4.63015,7.57344,0
1200.5,0.00697,4.63015,7.57515,0
1200.6,0.00697,4.63015,7.57344,0
1200.7,0.00697,4.63016,7.57344,0
1200.8,0.00697,4.63016,7.57344,0
1200.9,0.00697,4.63016,7.57344,0
1201,0.00697,4.63017,7.57344,0
1201.1,0.00697,4.63017,7.57344,0
1201.2,0.00697,4.63017,7.57344,0
1201.3,0.00697,4.63017,7.57344,0
1201.4,0.00697,4.63018,7.57344,0
1201.5,0.00697,4.63018,7.57344,0
1201.6,0.00697,4.63018,7.57344,0
1201.7,0.00697,4.63018,7.57344,0
1201.8,0.00697,4.63018,7.57344,0
1201.9,0.00697,4.63018,7.57344,0
1202,0.00697,4.63019,7.57344,0
1202.1,0.00697,4.63019,7.57344,0
1202.2,0.00697,4.63019,7.57344,0
1202.3,0.00697,4.63019,7.57344,0
1202.4,0.00697,4.63019,7.57344,0
1202.5,0.00696,4.63019,7.57344,0
1202.6,0.00696,4.63019,7.57344,0
1202.7,0.00696,4.63019,7.57344,0
1202.8,0.00696,4.63019,7.57344,0
1202.9,0.00696,4.63019,7.57344,0
1203,0.00696,4.63019,7.57176,0
1203.1,0.00696,4.63019,7.57344,0
1203.2,0.00696,4.63019,7.57344,0
1203.3,0.00696,4.63019,7.57344,0
1203.4,0.00696,4.63019,7.57344,0
1203.5,0.00696,4.63018,7.57344,0
1203.6,0.00696,4.63018,7.57344,0
1203.7,0.00696,4.63018,7.57344,0
1203.8,0.00696,4.63018,7.57344,0
1203.9,0.00696,4.63018,7.57344,0
1204,0.00696,4.63018,7.57344,0
1204.1,0.00696,4.63018,7.57344,0
1204.2,0.00696,4.63018,7.57344,0
1204.3,0.00696,4.63017,7.57344,0
1204.4,0.00695,4.63017,7.57344,0
1204.5,0.00695,4.63017,7.57344,0
1204.6,0.00695,4.63017,7.57344,0
1204.7,0.00695,4.63017,7.57344,0
1204.8,0.00695,4.63017,7.57176,0
1204.9,0.00695,4.63017,7.57344,0
1205,0.00695,4.63017,7.57344,0
1205.1,0.00695,4.63017,7.57344,0
1205.2,0.00695,4.63016,7.57344,0
1205.3,0.00695,4.63016,7.57344,0
1205.4,0.00695,4.63016,7.57344,0
1205.5,0.00695,4.63016,7.57344,0
1205.6,0.00695,4.63016,7.57344,0
1205.7,0.00695,4.63016,7.57344,0
1205.8,0.00695,4.63015,7.57344,0
1205.9,0.00695,4.63015,7.57344,0
1206,0.00695,4.63015,7.57344,0
1206.1,0.00695,4.63015,7.57344,0
1206.2,0.00695,4.63015,7.57344,0
1206.3,0.00695,4.63014,7.57344,0
1206.4,0.00695,4.63014,7.57344,0
1206.5,0.00695,4.63014,7.57344,0
1206.6,0.00694,4.63014,7.57344,0
1206.7,0.00694,4.63014,7.57344,0
1206.8,0.00694,4.63013,7.57344,0
1206.9,0.00694,4.63013,7.57344,0
1207,0.00694,4.63013,7.57344,0
1207.1,0.00694,4.63013,7.57344,0
1207.2,0.00694,4.63013,7.57344,0
1207.3,0.00694,4.63012,7.57344,0
1207.4,0.00694,4.63012,7.57344,0
1207.5,0.00694,4.63012,7.57344,0
1207.6,0.00694,4.63011,7.57344,0
1207.7,0.00694,4.63011,7.57344,0
1207.8,0.00694,4.63011,7.57344,0
1207.9,0.00694,4.63011,7.57344,0
1208,0.00694,4.63011,7.57344,0
1208.1,0.00694,4.6301,7.57344,0
1208.2,0.00694,4.6301,7.57344,0
1208.3,0.00694,4.6301,7.57344,0
1208.4,0.00694,4.6301,7.57344,0
1208.5,0.00694,4.6301,7.57344,0
1208.6,0.00694,4.63009,7.57344,0
1208.7,0.00693,4.63009,7.57344,0
1208.8,0.00693,4.63009,7.57344,0
1208.9,0.00693,4.63009,7.57344,0
1209,0.00693,4.63009,7.57344,0
1209.1,0.00693,4.63009,7.57344,0
1209.2,0.00693,4.63008,7.57344,0
1209.3,0.00693,4.63008,7.57344,0
1209.4,0.00693,4.63008,7.57344,0
1209.5,0.00693,4.63008,7.57344,0
1209.6,0.00693,4.63008,7.57344,0
1209.7,0.00693,4.63008,7.57344,0
1209.8,0.00693,4.63007,7.57344,0
1209.9,0.00693,4.63007,7.57344,0
1210,0.00693,4.63007,7.57344,0
1210.1,0.00693,4.63007,7.57344,0
1210.2,0.00693,4.63007,7.57344,0
1210.3,0.00693,4.63007,7.57344,0
1210.4,0.00693,4.63006,7.57344,0
1210.5,0.00693,4.63006,7.57344,0
1210.6,0.00693,4.63006,7.57515,0
1210.7,0.00692,4.63006,7.57344,0
1210.8,0.00692,4.63006,7.57344,0
1210.9,0.00692,4.63006,7.57344,0
1211,0.00692,4.63005,7.57344,0
1211.1,0.00692,4.63005,7.57344,0
1211.2,0.00692,4.63005,7.57344,0
1211.3,0.00692,4.63005,7.57515,0
1211.4,0.00692,4.63005,7.57344,0
1211.5,0.00692,4.63005,7.57344,0
1211.6,0.00692,4.63005,7.57344,0
1211.7,0.00692,4.63004,7.57344,0
1211.8,0.00692,4.63004,7.57344,0
1211.9,0.00692,4.63004,7.57344,0
1212,0.00692,4.63004,7.57344,0
1212.1,0.00692,4.63004,7.57344,0
1212.2,0.00692,4.63004,7.57344,0
1212.3,0.00692,4.63004,7.57344,0
1212.4,0.00692,4.63004,7.57344,0
1212.5,0.00692,4.63004,7.57344,0
1212.6,0.00692,4.63004,7.57344,0
1212.7,0.00692,4.63004,7.57344,0
1212.8,0.00692,4.63004,7.57344,0
1212.9,0.00691,4.63004,7.57344,0
1213,0.00691,4.63004,7.57344,0
1213.1,0.00691,4.63004,7.57344,0
1213.2,0.00691,4.63003,7.57344,0
1213.3,0.00691,4.63003,7.57344,0
1213.4,0.00691,4.63003,7.57344,0
1213.5,0.00691,4.63003,7.57344,0
1213.6,0.00691,4.63003,7.57344,0
1213.7,0.00691,4.63003,7.57344,0
1213.8,0.00691,4.63003,7.57344,0
1213.9,0.00691,4.63003,7.57344,0
1214,0.00691,4.63003,7.57344,0
1214.1,0.00691,4.63003,7.57344,0
1214.2,0.00691,4.63004,7.57344,0
1214.3,0.00691,4.63004,7.57344,0
1214.4,0.00691,4.63004,7.57344,0
1214.5,0.00691,4.63004,7.57344,0
1214.6,0.00691,4.63004,7.57344,0
1214.7,0.00691,4.63004,7.57344,0
1214.8,0.00691,4.63004,7.57344,0
1214.9,0.00691,4.63004,7.57344,0
1215,0.0069,4.63004,7.57344,0
1215.1,0.0069,4.63004,7.57344,0
1215.2,0.0069,4.63004,7.57344,0
1215.3,0.0069,4.63004,7.57344,0
1215.4,0.0069,4.63004,7.57344,0
1215.5,0.0069,4.63005,7.57344,0
1215.6,0.0069,4.63005,7.57344,0
1215.7,0.0069,4.63005,7.57344,0
1215.8,0.0069,4.63005,7.57344,0
1215.9,0.0069,4.63005,7.57344,0
1216,0.0069,4.63006,7.57344,0
1216.1,0.0069,4.63006,7.57344,0
1216.2,0.0069,4.63006,7.57344,0
1216.3,0.0069,4.63006,7.57344,0
1216.4,0.0069,4.63007,7.57344,0
1216.5,0.0069,4.63007,7.57344,0
1216.6,0.0069,4.63007,7.57344,0
1216.7,0.0069,4.63007,7.57344,0
1216.8,0.0069,4.63007,7.57344,0
1216.9,0.0069,4.63008,7.57344,0
1217,0.0069,4.63008,7.57344,0
1217.1,0.0069,4.63008,7.57344,0
1217.2,0.0069,4.63008,7.57344,0
1217.3,0.0069,4.63008,7.57344,0
1217.4,0.00689,4.63009,7.57344,0
1217.5,0.00689,4.63009,7.57515,0
1217.6,0.00689,4.63009,7.57515,0
1217.7,0.00689,4.63009,7.57515,0
1217.8,0.00689,4.63009,7.57344,0
1217.9,0.00689,4.6301,7.57344,0
1218,0.00689,4.6301,7.57344,0
1218.1,0.00689,4.6301,7.57344,0
1218.2,0.00689,4.6301,7.57344,0
1218.3,0.00689,4.63011,7.57344,0
1218.4,0.00689,4.63011,7.57344,0
1218.5,0.00689,4.63011,7.57344,0
1218.6,0.00689,4.63011,7.57344,0
1218.7,0.00689,4.63012,7.57344,0
1218.8,0.00689,4.63012,7.57344,0
1218.9,0.00689,4.63012,7.57344,0
1219,0.00689,4.63013,7.57344,0
1219.1,0.00689,4.63013,7.57344,0
1219.2,0.00689,4.63013,7.57344,0
1219.3,0.00689,4.63014,7.57344,0
1219.4,0.00689,4.63014,7.57344,0
1219.5,0.00689,4.63014,7.57344,0
1219.6,0.00689,4.63015,7.57344,0
1219.7,0.00689,4.63015,7.57344,0
1219.8,0.00689,4.63016,7.57344,0
1219.9,0.00689,4.63016,7.57344,0
1220,0.00689,4.63016,7.57515,0
1220.1,0.00688,4.63017,7.57344,0
1220.2,0.00688,4.63017,7.57344,0
1220.3,0.00688,4.63017,7.57344,0
1220.4,0.00688,4.63018,7.57344,0
1220.5,0.00688,4.63018,7.57344,0
1220.6,0.00688,4.63019,7.57344,0
1220.7,0.00688,4.63019,7.57515,0
1220.8,0.00688,4.6302,7.57344,0
1220.9,0.00688,4.6302,7.57344,0
1221,0.00688,4.6302,7.57344,0
1221.1,0.00688,4.63021,7.57344,0
1221.2,0.00688,4.63021,7.57344,0
1221.3,0.00688,4.63022,7.57344,0
1221.4,0.00688,4.63022,7.57344,0
1221.5,0.00688,4.63023,7.57344,0
1221.6,0.00688,4.63023,7.57344,0
1221.7,0.00688,4.63024,7.57344,0
1221.8,0.00688,4.63024,7.57344,0
1221.9,0.00688,4.63025,7.57344,0
1222,0.00688,4.63025,7.57344,0
1222.1,0.00688,4.63026,7.57344,0
1222.2,0.00688,4.63026,7.57515,0
1222.3,0.00688,4.63027,7.57515,0
1222.4,0.00687,4.63027,7.57344,0
1222.5,0.00687,4.63028,7.57344,0
1222.6,0.00687,4.63029,7.57344,0
1222.7,0.00687,4.63029,7.57344,0
1222.8,0.00687,4.63029,7.57344,0
1222.9,0.00687,4.6303,7.57344,0
1223,0.00687,4.63031,7.57344,0
1223.1,0.00687,4.63031,7.57344,0
1223.2,0.00687,4.63032,7.57344,0
1223.3,0.00687,4.63032,7.57344,0
1223.4,0.00687,4.63033,7.57344,0
1223.5,0.00687,4.63034,7.57344,0
1223.6,0.00687,4.63035,7.57344,0
1223.7,0.00687,4.63035,7.57344,0
1223.8,0.00687,4.63036,7.57344,0
1223.9,0.00687,4.63037,7.57344,0
1224,0.00687,4.63038,7.57344,0
1224.1,0.00687,4.63038,7.57344,0
1224.2,0.00687,4.63039,7.57344,0
1224.3,0.00687,4.6304,7.57344,0
1224.4,0.00687,4.63041,7.57344,0
1224.5,0.00686,4.63041,7.57344,0
1224.6,0.00686,4.63042,7.57344,0
1224.7,0.00686,4.63043,7.57344,0
1224.8,0.00686,4.63044,7.57344,0
1224.9,0.00686,4.63044,7.57515,0
1225,0.00686,4.63045,7.57344,0
1225.1,0.00686,4.63046,7.57515,0
1225.2,0.00686,4.63047,7.57515,0
1225.3,0.00686,4.63048,7.57344,0
1225.4,0.00686,4.63048,7.57515,0
1225.5,0.00686,4.63049,7.57344,0
1225.6,0.00686,4.6305,7.57344,0
1225.7,0.00686,4.63051,7.57344,0
1225.8,0.00686,4.63052,7.57344,0
1225.9,0.00686,4.63053,7.57344,0
1226,0.00686,4.63053,7.57344,0
1226.1,0.00686,4.63054,7.57344,0
1226.2,0.00686,4.63055,7.57344,0
1226.3,0.00685,4.63056,7.57344,0
1226.4,0.00685,4.63057,7.57344,0
1226.5,0.00685,4.63058,7.57515,0
1226.6,0.00685,4.63059,7.57344,0
1226.7,0.00685,4.6306,7.57344,0
1226.8,0.00685,4.63061,7.57344,0
1226.9,0.00685,4.63062,7.57344,0
1227,0.00685,4.63062,7.57344,0
1227.1,0.00685,4.63063,7.57515,0
1227.2,0.00685,4.63064,7.57344,0
1227.3,0.00685,4.63065,7.57515,0
1227.4,0.00685,4.63066,7.57515,0
1227.5,0.00685,4.63067,7.57344,0
1227.6,0.00685,4.63067,7.57344,0
1227.7,0.00685,4.63068,7.57515,0
1227.8,0.00685,4.63069,7.57515,0
1227.9,0.00685,4.6307,7.57344,0
1228,0.00684,4.63071,7.57344,0
1228.1,0.00684,4.63072,7.57515,0
1228.2,0.00684,4.63073,7.57515,0
1228.3,0.00684,4.63074,7.57344,0
1228.4,0.00684,4.63075,7.57344,0
1228.5,0.00684,4.63076,7.57344,0
1228.6,0.00684,4.63077,7.57344,0
1228.7,0.00684,4.63078,7.57515,0
1228.8,0.00684,4.63079,7.57344,0
1228.9,0.00684,4.6308,7.57344,0
1229,0.00684,4.63081,7.57344,0
1229.1,0.00684,4.63082,7.57344,0
1229.2,0.00684,4.63083,7.57344,0
1229.3,0.00684,4.63084,7.57515,0
1229.4,0.00684,4.63085,7.57515,0
1229.5,0.00684,4.63087,7.57515,0
1229.6,0.00684,4.63088,7.57344,0
1229.7,0.00684,4.63089,7.57515,0
1229.8,0.00684,4.6309,7.57515,0
1229.9,0.00684,4.63091,7.57344,0
1230,0.00683,4.63092,7.57515,0
1230.1,0.00683,4.63093,7.57344,0
1230.2,0.00683,4.63094,7.57515,0
1230.3,0.00683,4.63095,7.57344,0
1230.4,0.00683,4.63096,7.57515,0
1230.5,0.00683,4.63097,7.57515,0
1230.6,0.00683,4.63098,7.57515,0
1230.7,0.00683,4.63099,7.57515,0
1230.8,0.00683,4.631,7.57515,0
1230.9,0.00683,4.63101,7.57515,0
1231,0.00683,4.63103,7.57515,0
1231.1,0.00683,4.63104,7.57344,0
1231.2,0.00683,4.63105,7.57344,0
1231.3,0.00683,4.63106,7.57515,0
1231.4,0.00683,4.63107,7.57344,0
1231.5,0.00683,4.63108,7.57515,0
1231.6,0.00683,4.6311,7.57515,0
1231.7,0.00683,4.63111,7.57515,0
1231.8,0.00683,4.63112,7.57515,0
1231.9,0.00683,4.63113,7.57515,0
1232,0.00683,4.63114,7.57515,0
1232.1,0.00683,4.63115,7.57515,0
1232.2,0.00682,4.63117,7.57344,0
1232.3,0.00682,4.63118,7.57515,0
1232.4,0.00682,4.63119,7.57344,0
1232.5,0.00682,4.6312,7.57515,0
1232.6,0.00682,4.63121,7.57344,0
1232.7,0.00682,4.63122,7.57344,0
1232.8,0.00682,4.63124,7.57344,0
1232.9,0.00682,4.63125,7.57344,0
1233,0.00682,4.63126,7.57344,0
1233.1,0.00682,4.63127,7.57344,0
1233.2,0.00682,4.63128,7.57344,0
1233.3,0.00682,4.63129,7.57344,0
1233.4,0.00682,4.63131,7.57344,0
1233.5,0.00682,4.63132,7.57515,0
1233.6,0.00682,4.63133,7.57344,0
1233.7,0.00682,4.63134,7.57344,0
1233.8,0.00682,4.63135,7.57344,0
1233.9,0.00682,4.63136,7.57344,0
1234,0.00682,4.63137,7.57344,0
1234.1,0.00682,4.63138,7.57515,0
1234.2,0.00682,4.6314,7.57344,0
1234.3,0.00682,4.63141,7.57344,0
1234.4,0.00682,4.63142,7.57344,0
1234.5,0.00681,4.63143,7.57344,0
1234.6,0.00681,4.63144,7.57344,0
1234.7,0.00681,4.63145,7.57344,0
1234.8,0.00681,4.63146,7.57344,0
1234.9,0.00681,4.63147,7.57344,0
1235,0.00681,4.63148,7.57344,0
1235.1,0.00681,4.63149,7.57344,0
1235.2,0.00681,4.6315,7.57344,0
1235.3,0.00681,4.63151,7.57344,0
1235.4,0.00681,4.63153,7.57344,0
1235.5,0.00681,4.63154,7.57344,0
1235.6,0.00681,4.63155,7.57344,0
1235.7,0.00681,4.63156,7.57344,0
1235.8,0.00681,4.63157,7.57344,0
1235.9,0.00681,4.63158,7.57344,0
1236,0.00681,4.6316,7.57515,0
1236.1,0.00681,4.63161,7.57344,0
1236.2,0.00681,4.63162,7.57344,0
1236.3,0.00681,4.63163,7.57344,0
1236.4,0.00681,4.63164,7.57344,0
1236.5,0.00681,4.63166,7.57344,0
1236.6,0.00681,4.63167,7.57344,0
1236.7,0.00681,4.63168,7.57344,0
1236.8,0.00681,4.63169,7.57344,0
1236.9,0.00681,4.6317,7.57515,0
1237,0.0068,4.63171,7.57344,0
1237.1,0.0068,4.63172,7.57344,0
1237.2,0.0068,4.63173,7.57344,0
1237.3,0.0068,4.63174,7.57344,0
1237.4,0.0068,4.63175,7.57344,0
1237.5,0.0068,4.63176,7.57344,0
1237.6,0.0068,4.63177,7.57344,0
1237.7,0.0068,4.63178,7.57344,0
1237.8,0.0068,4.63179,7.57344,0
1237.9,0.0068,4.63181,7.57344,0
1238,0.0068,4.63182,7.57344,0
1238.1,0.0068,4.63183,7.57344,0
1238.2,0.0068,4.63184,7.57344,0
1238.3,0.0068,4.63185,7.57344,0
1238.4,0.0068,4.63186,7.57344,0
1238.5,0.0068,4.63187,7.57344,0
1238.6,0.0068,4.63188,7.57344,0
1238.7,0.0068,4.63189,7.57344,0
1238.8,0.0068,4.63191,7.57344,0
1238.9,0.0068,4.63192,7.57344,0
1239,0.0068,4.63193,7.57344,0
1239.1,0.00679,4.63194,7.57344,0
1239.2,0.00679,4.63195,7.57344,0
1239.3,0.00679,4.63196,7.57344,0
1239.4,0.00679,4.63197,7.57344,0
1239.5,0.00679,4.63198,7.57344,0
1239.6,0.00679,4.63199,7.57344,0
1239.7,0.00679,4.632,7.57344,0
1239.8,0.00679,4.63201,7.57344,0
1239.9,0.00679,4.63202,7.57344,0
1240,0.00679,4.63204,7.57344,0
1240.1,0.00679,4.63205,7.57344,0
1240.2,0.00679,4.63206,7.57344,0
1240.3,0.00679,4.63207,7.57344,0
1240.4,0.00679,4.63208,7.57344,0
1240.5,0.00679,4.63209,7.57344,0
1240.6,0.00679,4.6321,7.57344,0
1240.7,0.00679,4.63211,7.57344,0
1240.8,0.00679,4.63212,7.57344,0
1240.9,0.00679,4.63213,7.57344,0
1241,0.00679,4.63215,7.57344,0
1241.1,0.00679,4.63216,7.57344,0
1241.2,0.00679,4.63217,7.57344,0
1241.3,0.00678,4.63218,7.57344,0
1241.4,0.00678,4.63219,7.57515,0
1241.5,0.00678,4.6322,7.57344,0
1241.6,0.00678,4.63222,7.57344,0
1241.7,0.00678,4.63223,7.57515,0
1241.8,0.00678,4.63224,7.57344,0
1241.9,0.00678,4.63225,7.57344,0
1242,0.00678,4.63227,7.57344,0
1242.1,0.00678,4.63228,7.57344,0
1242.2,0.00678,4.63229,7.57344,0
1242.3,0.00678,4.6323,7.57515,0
1242.4,0.00678,4.63231,7.57344,0
1242.5,0.00678,4.63233,7.57344,0
1242.6,0.00678,4.63234,7.57344,0
1242.7,0.00678,4.63235,7.57344,0
1242.8,0.00678,4.63236,7.57344,0
1242.9,0.00678,4.63237,7.57344,0
1243,0.00678,4.63238,7.57344,0
1243.1,0.00678,4.6324,7.57344,0
1243.2,0.00678,4.63241,7.57344,0
1243.3,0.00678,4.63242,7.57344,0
1243.4,0.00678,4.63243,7.57344,0
1243.5,0.00678,4.63245,7.57344,0
1243.6,0.00678,4.63246,7.57344,0
1243.7,0.00678,4.63247,7.57344,0
1243.8,0.00677,4.63248,7.57515,0
1243.9,0.00677,4.63249,7.57344,0
1244,0.00677,4.63251,7.57344,0
1244.1,0.00677,4.63252,7.57344,0
1244.2,0.00677,4.63253,7.57344,0
1244.3,0.00677,4.63254,7.57344,0
1244.4,0.00677,4.63255,7.57344,0
1244.5,0.00677,4.63256,7.57344,0
1244.6,0.00677,4.63257,7.57344,0
1244.7,0.00677,4.63259,7.57344,0
1244.8,0.00677,4.6326,7.57344,0
1244.9,0.00677,4.63261,7.57344,0
1245,0.00677,4.63262,7.57344,0
1245.1,0.00677,4.63263,7.57344,0
1245.2,0.00677,4.63264,7.57344,0
1245.3,0.00677,4.63265,7.57515,0
1245.4,0.00677,4.63266,7.57515,0
1245.5,0.00677,4.63267,7.57344,0
1245.6,0.00677,4.63268,7.57344,0
1245.7,0.00677,4.63269,7.57344,0
1245.8,0.00677,4.63269,7.57344,0
1245.9,0.00677,4.6327,7.57344,0
1246,0.00677,4.63271,7.57344,0
1246.1,0.00676,4.63272,7.57344,0
1246.2,0.00676,4.63273,7.57344,0
1246.3,0.00676,4.63274,7.57344,0
1246.4,0.00676,4.63274,7.57344,0
1246.5,0.00676,4.63275,7.57344,0
1246.6,0.00676,4.63276,7.57515,0
1246.7,0.00676,4.63277,7.57344,0
1246.8,0.00676,4.63277,7.57344,0
1246.9,0.00676,4.63278,7.57344,0
1247,0.00676,4.63279,7.57344,0
1247.1,0.00676,4.6328,7.57344,0
1247.2,0.00676,4.63281,7.57515,0
1247.3,0.00676,4.63281,7.57515,0
1247.4,0.00676,4.63282,7.57344,0
1247.5,0.00676,4.63283,7.57344,0
1247.6,0.00676,4.63284,7.57344,0
1247.7,0.00676,4.63285,7.57515,0
1247.8,0.00676,4.63285,7.57344,0
1247.9,0.00676,4.63286,7.57515,0
1248,0.00676,4.63287,7.57344,0
1248.1,0.00676,4.63288,7.57344,0
1248.2,0.00675,4.63289,7.57515,0
1248.3,0.00675,4.63289,7.57344,0
1248.4,0.00675,4.6329,7.57344,0
1248.5,0.00675,4.63291,7.57515,0
1248.6,0.00675,4.63292,7.57515,0
1248.7,0.00675,4.63292,7.57344,0
1248.8,0.00675,4.63293,7.57515,0
1248.9,0.00675,4.63294,7.57344,0
1249,0.00675,4.63295,7.57515,0
1249.1,0.00675,4.63295,7.57515,0
1249.2,0.00675,4.63296,7.57515,0
1249.3,0.00675,4.63297,7.57344,0
1249.4,0.00675,4.63298,7.57515,0
1249.5,0.00675,4.63298,7.57344,0
1249.6,0.00675,4.63299,7.57344,0
1249.7,0.00675,4.633,7.57344,0
1249.8,0.00675,4.63301,7.57344,0
1249.9,0.00675,4.63301,7.57344,0
1250,0.00675,4.63302,7.57344,0
1250.1,0.00675,4.63303,7.57344,0
1250.2,0.00675,4.63304,7.57344,0
1250.3,0.00675,4.63305,7.57344,0
1250.4,0.00675,4.63305,7.57344,0
1250.5,0.00674,4.63306,7.57344,0
1250.6,0.00674,4.63307,7.57344,0
1250.7,0.00674,4.63307,7.57344,0
1250.8,0.00674,4.63308,7.57344,0
1250.9,0.00674,4.63309,7.57344,0
1251,0.00674,4.6331,7.57344,0
1251.1,0.00674,4.6331,7.57515,0
1251.2,0.00674,4.63311,7.57344,0
1251.3,0.00674,4.63312,7.57344,0
1251.4,0.00674,4.63313,7.57344,0
1251.5,0.00674,4.63313,7.57344,0
1251.6,0.00674,4.63314,7.57344,0
1251.7,0.00674,4.63315,7.57344,0
1251.8,0.00674,4.63316,7.57344,0
1251.9,0.00674,4.63316,7.57344,0
1252,0.00674,4.63317,7.57515,0
1252.1,0.00674,4.63318,7.57344,0
1252.2,0.00674,4.63319,7.57515,0
1252.3,0.00674,4.63319,7.57344,0
1252.4,0.00674,4.6332,7.57344,0
1252.5,0.00674,4.63321,7.57344,0
1252.6,0.00674,4.63322,7.57344,0
1252.7,0.00674,4.63322,7.57515,0
1252.8,0.00674,4.63323,7.57344,0
1252.9,0.00674,4.63324,7.57344,0
1253,0.00674,4.63325,7.57344,0
1253.1,0.00674,4.63325,7.57344,0
1253.2,0.00673,4.63326,7.57344,0
1253.3,0.00673,4.63327,7.57344,0
1253.4,0.00673,4.63328,7.57344,0
1253.5,0.00673,4.63328,7.57344,0
1253.6,0.00673,4.63329,7.57344,0
1253.7,0.00673,4.6333,7.57344,0
1253.8,0.00673,4.63331,7.57344,0
1253.9,0.00673,4.63331,7.57344,0
1254,0.00673,4.63332,7.57344,0
1254.1,0.00673,4.63333,7.57344,0
1254.2,0.00673,4.63334,7.57344,0
1254.3,0.00673,4.63334,7.57344,0
1254.4,0.00673,4.63335,7.57344,0
1254.5,0.00673,4.63336,7.57344,0
1254.6,0.00673,4.63336,7.57344,0
1254.7,0.00673,4.63337,7.57344,0
1254.8,0.00673,4.63338,7.57344,0
1254.9,0.00673,4.63338,7.57344,0
1255,0.00673,4.63339,7.57515,0
1255.1,0.00673,4.63339,7.57344,0
1255.2,0.00673,4.6334,7.57515,0
1255.3,0.00673,4.6334,7.57515,0
1255.4,0.00673,4.63341,7.57344,0
1255.5,0.00673,4.63341,7.57344,0
1255.6,0.00673,4.63342,7.57515,0
1255.7,0.00673,4.63342,7.57344,0
1255.8,0.00672,4.63343,7.57515,0
1255.9,0.00672,4.63344,7.57344,0
1256,0.00672,4.63344,7.57344,0
1256.1,0.00672,4.63345,7.57344,0
1256.2,0.00672,4.63345,7.57344,0
1256.3,0.00672,4.63346,7.57344,0
1256.4,0.00672,4.63346,7.57344,0
1256.5,0.00672,4.63347,7.57344,0
1256.6,0.00672,4.63347,7.57344,0
1256.7,0.00672,4.63348,7.57344,0
1256.8,0.00672,4.63348,7.57344,0
1256.9,0.00672,4.63349,7.57344,0
1257,0.00672,4.6335,7.57344,0
1257.1,0.00672,4.6335,7.57344,0
1257.2,0.00672,4.6335,7.57344,0
1257.3,0.00672,4.63351,7.57344,0
1257.4,0.00672,4.63352,7.57344,0
1257.5,0.00672,4.63352,7.57344,0
1257.6,0.00672,4.63353,7.57344,0
1257.7,0.00672,4.63353,7.57344,0
1257.8,0.00672,4.63354,7.57344,0
1257.9,0.00672,4.63354,7.57344,0
1258,0.00672,4.63354,7.57344,0
1258.1,0.00672,4.63355,7.57344,0
1258.2,0.00672,4.63355,7.57344,0
1258.3,0.00672,4.63356,7.57344,0
1258.4,0.00672,4.63356,7.57515,0
1258.5,0.00671,4.63357,7.57344,0
1258.6,0.00671,4.63357,7.57515,0
1258.7,0.00671,4.63358,7.57515,0
1258.8,0.00671,4.63358,7.57344,0
1258.9,0.00671,4.63359,7.57344,0
1259,0.00671,4.63359,7.57515,0
1259.1,0.00671,4.63359,7.57344,0
1259.2,0.00671,4.6336,7.57344,0
1259.3,0.00671,4.6336,7.57344,0
1259.4,0.00671,4.6336,7.57344,0
1259.5,0.00671,4.63361,7.57344,0
1259.6,0.00671,4.63361,7.57344,0
1259.7,0.00671,4.63361,7.57344,0
1259.8,0.00671,4.63362,7.57344,0
1259.9,0.00671,4.63362,7.57344,0
1260,0.00671,4.63362,7.57515,0
1260.1,0.00671,4.63363,7.57515,0
1260.2,0.00671,4.63363,7.57344,0
1260.3,0.00671,4.63363,7.57344,0
1260.4,0.00671,4.63364,7.57344,0
1260.5,0.00671,4.63364,7.57344,0
1260.6,0.00671,4.63364,7.57515,0
1260.7,0.00671,4.63364,7.57344,0
1260.8,0.00671,4.63365,7.57344,0
1260.9,0.00671,4.63365,7.57344,0
1261,0.00671,4.63365,7.57344,0
1261.1,0.00671,4.63365,7.57344,0
1261.2,0.0067,4.63366,7.57344,0
1261.3,0.0067,4.63366,7.57344,0
1261.4,0.0067,4.63366,7.57344,0
1261.5,0.0067,4.63366,7.57344,0
1261.6,0.0067,4.63367,7.57344,0
1261.7,0.0067,4.63367,7.57515,0
1261.8,0.0067,4.63367,7.57344,0
1261.9,0.0067,4.63368,7.57344,0
1262,0.0067,4.63368,7.57344,0
1262.1,0.0067,4.63368,7.57344,0
1262.2,0.0067,4.63368,7.57344,0
1262.3,0.0067,4.63369,7.57344,0
1262.4,0.0067,4.63369,7.57344,0
1262.5,0.0067,4.63369,7.57344,0
1262.6,0.0067,4.6337,7.57344,0
1262.7,0.0067,4.6337,7.57515,0
1262.8,0.0067,4.63371,7.57344,0
1262.9,0.0067,4.63371,7.57515,0
1263,0.0067,4.63371,7.57344,0
1263.1,0.0067,4.63372,7.57344,0
1263.2,0.0067,4.63372,7.57344,0
1263.3,0.0067,4.63373,7.57344,0
1263.4,0.0067,4.63373,7.57344,0
1263.5,0.0067,4.63374,7.57344,0
1263.6,0.0067,4.63374,7.57344,0
1263.7,0.0067,4.63375,7.57344,0
1263.8,0.0067,4.63375,7.57344,0
1263.9,0.00669,4.63375,7.57344,0
1264,0.00669,4.63376,7.57344,0
1264.1,0.00669,4.63376,7.57515,0
1264.2,0.00669,4.63376,7.57344,0
1264.3,0.00669,4.63377,7.57515,0
1264.4,0.00669,4.63377,7.57515,0
1264.5,0.00669,4.63378,7.57344,0
1264.6,0.00669,4.63378,7.57515,0
1264.7,0.00669,4.63379,7.57344,0
1264.8,0.00669,4.63379,7.57515,0
1264.9,0.00669,4.6338,7.57344,0
1265,0.00669,4.63381,7.57344,0
1265.1,0.00669,4.63381,7.57344,0
1265.2,0.00669,4.63382,7.57344,0
1265.3,0.00669,4.63382,7.57344,0
1265.4,0.00669,4.63383,7.57344,0
1265.5,0.00669,4.63383,7.57344,0
1265.6,0.00669,4.63384,7.57344,0
1265.7,0.00669,4.63384,7.57344,0
1265.8,0.00669,4.63385,7.57344,0
1265.9,0.00669,4.63385,7.57344,0
1266,0.00669,4.63386,7.57344,0
1266.1,0.00669,4.63386,7.57344,0
1266.2,0.00669,4.63387,7.57344,0
1266.3,0.00669,4.63387,7.57344,0
1266.4,0.00669,4.63387,7.57344,0
1266.5,0.00669,4.63388,7.57344,0
1266.6,0.00668,4.63388,7.57344,0
1266.7,0.00668,4.63389,7.57344,0
1266.8,0.00668,4.63389,7.57344,0
1266.9,0.00668,4.6339,7.57344,0
1267,0.00668,4.6339,7.57344,0
1267.1,0.00668,4.63391,7.57344,0
1267.2,0.00668,4.63391,7.57344,0
1267.3,0.00668,4.63391,7.57344,0
1267.4,0.00668,4.63392,7.57344,0
1267.5,0.00668,4.63392,7.57344,0
1267.6,0.00668,4.63392,7.57515,0
1267.7,0.00668,4.63393,7.57344,0
1267.8,0.00668,4.63393,7.57344,0
1267.9,0.00668,4.63394,7.57344,0
1268,0.00668,4.63394,7.57344,0
1268.1,0.00668,4.63395,7.57344,0
1268.2,0.00668,4.63395,7.57344,0
1268.3,0.00668,4.63396,7.57344,0
1268.4,0.00668,4.63396,7.57344,0
1268.5,0.00668,4.63396,7.57344,0
1268.6,0.00668,4.63397,7.57344,0
1268.7,0.00668,4.63397,7.57515,0
1268.8,0.00668,4.63398,7.57344,0
1268.9,0.00668,4.63398,7.57515,0
1269,0.00668,4.63398,7.57344,0
1269.1,0.00668,4.63399,7.57344,0
1269.2,0.00668,4.63399,7.57344,0
1269.3,0.00668,4.63399,7.57344,0
1269.4,0.00668,4.63399,7.57344,0
1269.5,0.00667,4.634,7.57344,0
1269.6,0.00667,4.634,7.57344,0
1269.7,0.00667,4.634,7.57344,0
1269.8,0.00667,4.634,7.57344,0
1269.9,0.00667,4.63401,7.57344,0
1270,0.00667,4.63401,7.57344,0
1270.1,0.00667,4.63401,7.57344,0
1270.2,0.00667,4.63402,7.57344,0
1270.3,0.00667,4.63402,7.57344,0
1270.4,0.00667,4.63402,7.57344,0
1270.5,0.00667,4.63402,7.57344,0
1270.6,0.00667,4.63402,7.57344,0
1270.7,0.00667,4.63403,7.57344,0
1270.8,0.00667,4.63403,7.57344,0
1270.9,0.00667,4.63403,7.57515,0
1271,0.00667,4.63403,7.57344,0
1271.1,0.00667,4.63403,7.57515,0
1271.2,0.00667,4.63403,7.57515,0
1271.3,0.00667,4.63404,7.57344,0
1271.4,0.00667,4.63404,7.57344,0
1271.5,0.00667,4.63404,7.57515,0
1271.6,0.00667,4.63404,7.57515,0
1271.7,0.00667,4.63405,7.57344,0
1271.8,0.00667,4.63405,7.57344,0
1271.9,0.00667,4.63405,7.57344,0
1272,0.00667,4.63406,7.57515,0
1272.1,0.00667,4.63406,7.57344,0
1272.2,0.00666,4.63407,7.57344,0
1272.3,0.00666,4.63407,7.57515,0
1272.4,0.00666,4.63407,7.57515,0
1272.5,0.00666,4.63408,7.57344,0
1272.6,0.00666,4.63408,7.57515,0
1272.7,0.00666,4.63409,7.57515,0
1272.8,0.00666,4.63409,7.57515,0
1272.9,0.00666,4.63409,7.57515,0
1273,0.00666,4.6341,7.57515,0
1273.1,0.00666,4.6341,7.57515,0
1273.2,0.00666,4.6341,7.57515,0
1273.3,0.00666,4.63411,7.57515,0
1273.4,0.00666,4.63411,7.57344,0
1273.5,0.00666,4.63411,7.57344,0
1273.6,0.00666,4.63412,7.57344,0
1273.7,0.00666,4.63412,7.57515,0
1273.8,0.00666,4.63412,7.57344,0
1273.9,0.00666,4.63413,7.57344,0
1274,0.00666,4.63413,7.57515,0
1274.1,0.00666,4.63413,7.57344,0
1274.2,0.00666,4.63413,7.57344,0
1274.3,0.00666,4.63414,7.57344,0
1274.4,0.00666,4.63414,7.57344,0
1274.5,0.00666,4.63414,7.57515,0
1274.6,0.00666,4.63415,7.57344,0
1274.7,0.00666,4.63415,7.57344,0
1274.8,0.00666,4.63415,7.57344,0
1274.9,0.00666,4.63415,7.57344,0
1275,0.00666,4.63416,7.57344,0
1275.1,0.00666,4.63416,7.57515,0
1275.2,0.00666,4.63416,7.57515,0
1275.3,0.00665,4.63417,7.57344,0
1275.4,0.00665,4.63417,7.57515,0
1275.5,0.00665,4.63417,7.57344,0
1275.6,0.00665,4.63417,7.57344,0
1275.7,0.00665,4.63418,7.57344,0
1275.8,0.00665,4.63418,7.57344,0
1275.9,0.00665,4.63418,7.57344,0
1276,0.00665,4.63418,7.57344,0
1276.1,0.00665,4.63419,7.57344,0
1276.2,0.00665,4.63419,7.57344,0
1276.3,0.00665,4.63419,7.57515,0
1276.4,0.00665,4.63419,7.57344,0
1276.5,0.00665,4.63419,7.57344,0
1276.6,0.00665,4.63419,7.57344,0
1276.7,0.00665,4.6342,7.57344,0
1276.8,0.00665,4.6342,7.57344,0
1276.9,0.00665,4.6342,7.57344,0
1277,0.00665,4.6342,7.57515,0
1277.1,0.00665,4.6342,7.57344,0
1277.2,0.00665,4.63421,7.57515,0
1277.3,0.00665,4.63421,7.57515,0
1277.4,0.00665,4.63421,7.57344,0
1277.5,0.00665,4.63421,7.57344,0
1277.6,0.00665,4.63421,7.57515,0
1277.7,0.00665,4.63422,7.57515,0
1277.8,0.00665,4.63422,7.57515,0
1277.9,0.00665,4.63422,7.57515,0
1278,0.00665,4.63422,7.57515,0
1278.1,0.00665,4.63422,7.57515,0
1278.2,0.00665,4.63422,7.57344,0
1278.3,0.00665,4.63423,7.57344,0
1278.4,0.00665,4.63423,7.57344,0
1278.5,0.00665,4.63423,7.57344,0
1278.6,0.00665,4.63423,7.57344,0
1278.7,0.00665,4.63423,7.57344,0
1278.8,0.00665,4.63423,7.57344,0
1278.9,0.00665,4.63423,7.57344,0
1279,0.00665,4.63423,7.57344,0
1279.1,0.00665,4.63423,7.57344,0
1279.2,0.00665,4.63424,7.57344,0
1279.3,0.00665,4.63424,7.57344,0
1279.4,0.00665,4.63424,7.57344,0
1279.5,0.00665,4.63424,7.57515,0
1279.6,0.00665,4.63424,7.57515,0
1279.7,0.00665,4.63424,7.57515,0
1279.8,0.00665,4.63424,7.57515,0
1279.9,0.00665,4.63424,7.57515,0
1280,0.00665,4.63424,7.57515,0
1280.1,0.00665,4.63424,7.57515,0
1280.2,0.00665,4.63424,7.57515,0
1280.3,0.00665,4.63424,7.57515,0
1280.4,0.00665,4.63424,7.57515,0
1280.5,0.00665,4.63424,7.57515,0
1280.6,0.00665,4.63424,7.57515,0
1280.7,0.00665,4.63424,7.57344,0
1280.8,0.00665,4.63424,7.57515,0
1280.9,0.00665,4.63424,7.57344,0
1281,0.00665,4.63424,7.57344,0
1281.1,0.00665,4.63424,7.57515,0
1281.2,0.00664,4.63424,7.57515,0
1281.3,0.00664,4.63424,7.57515,0
1281.4,0.00664,4.63424,7.57515,0
1281.5,0.00664,4.63424,7.57515,0
1281.6,0.00664,4.63424,7.57515,0
1281.7,0.00664,4.63424,7.57515,0
1281.8,0.00664,4.63424,7.57515,0
1281.9,0.00664,4.63424,7.57344,0
1282,0.00664,4.63424,7.57515,0
1282.1,0.00664,4.63424,7.57344,0
1282.2,0.00664,4.63425,7.57515,0
1282.3,0.00664,4.63425,7.57515,0
1282.4,0.00664,4.63425,7.57515,0
1282.5,0.00664,4.63426,7.57515,0
1282.6,0.00664,4.63426,7.57515,0
1282.7,0.00664,4.63426,7.57515,0
1282.8,0.00664,4.63427,7.57515,0
1282.9,0.00664,4.63427,7.57344,0
1283,0.00664,4.63427,7.57515,0
1283.1,0.00664,4.63428,7.57515,0
1283.2,0.00664,4.63428,7.57515,0
1283.3,0.00664,4.63429,7.57515,0
1283.4,0.00664,4.63429,7.57515,0
1283.5,0.00664,4.63429,7.57515,0
1283.6,0.00664,4.6343,7.57344,0
1283.7,0.00664,4.6343,7.57344,0
1283.8,0.00664,4.63431,7.57515,0
1283.9,0.00664,4.63431,7.57344,0
1284,0.00664,4.63432,7.57344,0
1284.1,0.00664,4.63432,7.57344,0
1284.2,0.00664,4.63433,7.57515,0
1284.3,0.00664,4.63433,7.57344,0
1284.4,0.00664,4.63433,7.57344,0
1284.5,0.00664,4.63434,7.57344,0
1284.6,0.00664,4.63434,7.57344,0
1284.7,0.00664,4.63435,7.57344,0
1284.8,0.00664,4.63435,7.57344,0
1284.9,0.00664,4.63436,7.57344,0
1285,0.00664,4.63436,7.57515,0
1285.1,0.00664,4.63437,7.57515,0
1285.2,0.00664,4.63437,7.57515,0
1285.3,0.00664,4.63437,7.57515,0
1285.4,0.00664,4.63438,7.57515,0
1285.5,0.00664,4.63438,7.57515,0
1285.6,0.00663,4.63438,7.57344,0
1285.7,0.00663,4.63439,7.57515,0
1285.8,0.00663,4.63439,7.57344,0
1285.9,0.00663,4.6344,7.57515,0
1286,0.00663,4.6344,7.57515,0
1286.1,0.00663,4.6344,7.57344,0
1286.2,0.00663,4.63441,7.57515,0
1286.3,0.00663,4.63441,7.57344,0
1286.4,0.00663,4.63442,7.57344,0
1286.5,0.00663,4.63442,7.57344,0
1286.6,0.00663,4.63442,7.57344,0
1286.7,0.00663,4.63443,7.57344,0
1286.8,0.00663,4.63443,7.57344,0
1286.9,0.00663,4.63444,7.57344,0
1287,0.00663,4.63444,7.57344,0
1287.1,0.00663,4.63445,7.57515,0
1287.2,0.00663,4.63445,7.57344,0
1287.3,0.00663,4.63446,7.57344,0
1287.4,0.00663,4.63446,7.57515,0
1287.5,0.00663,4.63447,7.57344,0
1287.6,0.00663,4.63447,7.57515,0
1287.7,0.00663,4.63448,7.57344,0
1287.8,0.00663,4.63448,7.57515,0
1287.9,0.00662,4.63449,7.57344,0
1288,0.00662,4.63449,7.57515,0
1288.1,0.00662,4.63449,7.57515,0
1288.2,0.00662,4.6345,7.57515,0
1288.3,0.00662,4.6345,7.57515,0
1288.4,0.00662,4.63451,7.57344,0
1288.5,0.00662,4.63451,7.57515,0
1288.6,0.00662,4.63452,7.57515,0
1288.7,0.00662,4.63452,7.57515,0
1288.8,0.00662,4.63453,7.57515,0
1288.9,0.00662,4.63453,7.57515,0
1289,0.00662,4.63454,7.57344,0
1289.1,0.00662,4.63454,7.57515,0
1289.2,0.00662,4.63454,7.57515,0
1289.3,0.00662,4.63455,7.57515,0
1289.4,0.00662,4.63455,7.57515,0
1289.5,0.00662,4.63456,7.57515,0
1289.6,0.00662,4.63456,7.57515,0
1289.7,0.00662,4.63457,7.57515,0
1289.8,0.00662,4.63457,7.57515,0
1289.9,0.00662,4.63458,7.57515,0
1290,0.00662,4.63458,7.57515,0
1290.1,0.00662,4.63459,7.57515,0
1290.2,0.00662,4.63459,7.57515,0
1290.3,0.00662,4.63459,7.57515,0
1290.4,0.00662,4.6346,7.57515,0
1290.5,0.00662,4.6346,7.57515,0
1290.6,0.00662,4.63461,7.57515,0
1290.7,0.00662,4.63461,7.57515,0
1290.8,0.00661,4.63462,7.57515,0
1290.9,0.00661,4.63462,7.57515,0
1291,0.00661,4.63462,7.57515,0
1291.1,0.00661,4.63463,7.57515,0
1291.2,0.00661,4.63463,7.57515,0
1291.3,0.00661,4.63464,7.57344,0
1291.4,0.00661,4.63464,7.57344,0
1291.5,0.00661,4.63465,7.57344,0
1291.6,0.00661,4.63465,7.57515,0
1291.7,0.00661,4.63466,7.57344,0
1291.8,0.00661,4.63466,7.57515,0
1291.9,0.00661,4.63466,7.57344,0
1292,0.00661,4.63467,7.57344,0
1292.1,0.00661,4.63467,7.57344,0
1292.2,0.00661,4.63467,7.57515,0
1292.3,0.00661,4.63468,7.57515,0
1292.4,0.00661,4.63468,7.57344,0
1292.5,0.00661,4.63468,7.57515,0
1292.6,0.00661,4.63469,7.57344,0
1292.7,0.00661,4.63469,7.57344,0
1292.8,0.00661,4.63469,7.57344,0
1292.9,0.00661,4.6347,7.57515,0
1293,0.00661,4.6347,7.57344,0
1293.1,0.00661,4.6347,7.57344,0
1293.2,0.00661,4.6347,7.57344,0
1293.3,0.00661,4.63471,7.57515,0
1293.4,0.00661,4.63471,7.57515,0
1293.5,0.00661,4.63471,7.57344,0
1293.6,0.00661,4.63472,7.57515,0
1293.7,0.0066,4.63472,7.57344,0
1293.8,0.0066,4.63472,7.57515,0
1293.9,0.0066,4.63472,7.57515,0
1294,0.0066,4.63473,7.57344,0
1294.1,0.0066,4.63473,7.57515,0
1294.2,0.0066,4.63473,7.57344,0
1294.3,0.0066,4.63473,7.57344,0
1294.4,0.0066,4.63474,7.57515,0
1294.5,0.0066,4.63474,7.57515,0
1294.6,0.0066,4.63474,7.57515,0
1294.7,0.0066,4.63475,7.57515,0
1294.8,0.0066,4.63475,7.57515,0
1294.9,0.0066,4.63475,7.57515,0
1295,0.0066,4.63476,7.57515,0
1295.1,0.0066,4.63476,7.57344,0
1295.2,0.0066,4.63477,7.57515,0
1295.3,0.0066,4.63477,7.57515,0
1295.4,0.0066,4.63477,7.57515,0
1295.5,0.0066,4.63478,7.57515,0
1295.6,0.0066,4.63478,7.57515,0
1295.7,0.0066,4.63478,7.57515,0
1295.8,0.0066,4.63479,7.57344,0
1295.9,0.0066,4.63479,7.57344,0
1296,0.0066,4.63479,7.57344,0
1296.1,0.0066,4.6348,7.57344,0
1296.2,0.0066,4.6348,7.57344,0
1296.3,0.0066,4.6348,7.57344,0
1296.4,0.0066,4.63481,7.57344,0
1296.5,0.0066,4.63481,7.57515,0
1296.6,0.0066,4.63481,7.57344,0
1296.7,0.00659,4.63482,7.57344,0
1296.8,0.00659,4.63482,7.57344,0
1296.9,0.00659,4.63482,7.57515,0
1297,0.00659,4.63482,7.57515,0
1297.1,0.00659,4.63483,7.57515,0
1297.2,0.00659,4.63483,7.57515,0
1297.3,0.00659,4.63483,7.57515,0
1297.4,0.00659,4.63483,7.57515,0
1297.5,0.00659,4.63484,7.57515,0
1297.6,0.00659,4.63484,7.57344,0
1297.7,0.00659,4.63484,7.57515,0
1297.8,0.00659,4.63484,7.57515,0
1297.9,0.00659,4.63485,7.57515,0
1298,0.00659,4.63485,7.57344,0
1298.1,0.00659,4.63485,7.57515,0
1298.2,0.00659,4.63485,7.57344,0
1298.3,0.00659,4.63485,7.57344,0
1298.4,0.00659,4.63486,7.57344,0
1298.5,0.00659,4.63486,7.57515,0
1298.6,0.00659,4.63486,7.57344,0
1298.7,0.00659,4.63486,7.57515,0
1298.8,0.00659,4.63486,7.57515,0
1298.9,0.00659,4.63486,7.57515,0
1299,0.00659,4.63486,7.57515,0
1299.1,0.00659,4.63487,7.57344,0
1299.2,0.00659,4.63487,7.57344,0
1299.3,0.00659,4.63487,7.57344,0
1299.4,0.00659,4.63487,7.57344,0
1299.5,0.00659,4.63487,7.57344,0
1299.6,0.00659,4.63487,7.57515,0
1299.7,0.00659,4.63488,7.57515,0
1299.8,0.00659,4.63488,7.57515,0
1299.9,0.00659,4.63488,7.57515,0
1300,0.00659,4.63488,7.57515,0
1300.1,0.00659,4.63488,7.57515,0
1300.2,0.00659,4.63489,7.57515,0
1300.3,0.00659,4.63489,7.57515,0
1300.4,0.00659,4.63489,7.57344,0
1300.5,0.00659,4.63489,7.57344,0
1300.6,0.00659,4.6349,7.57515,0
1300.7,0.00659,4.6349,7.57515,0
1300.8,0.00659,4.6349,7.57515,0
1300.9,0.00658,4.6349,7.57515,0
1301,0.00658,4.6349,7.57344,0
1301.1,0.00658,4.63491,7.57515,0
1301.2,0.00658,4.63491,7.57515,0
1301.3,0.00658,4.63491,7.57515,0
1301.4,0.00658,4.63492,7.57515,0
1301.5,0.00658,4.63492,7.57515,0
1301.6,0.00658,4.63492,7.57515,0
1301.7,0.00658,4.63493,7.57515,0
1301.8,0.00658,4.63493,7.57344,0
1301.9,0.00658,4.63493,7.57515,0
1302,0.00658,4.63494,7.57515,0
1302.1,0.00658,4.63494,7.57344,0
1302.2,0.00658,4.63494,7.57515,0
1302.3,0.00658,4.63495,7.57515,0
1302.4,0.00658,4.63495,7.57344,0
1302.5,0.00658,4.63495,7.57344,0
1302.6,0.00658,4.63496,7.57344,0
1302.7,0.00658,4.63496,7.57344,0
1302.8,0.00658,4.63496,7.57515,0
1302.9,0.00658,4.63496,7.57515,0
1303,0.00658,4.63497,7.57515,0
1303.1,0.00658,4.63497,7.57515,0
1303.2,0.00658,4.63497,7.57515,0
1303.3,0.00658,4.63498,7.57344,0
1303.4,0.00658,4.63498,7.57515,0
1303.5,0.00658,4.63498,7.57515,0
1303.6,0.00658,4.63498,7.57515,0
1303.7,0.00658,4.63499,7.57515,0
1303.8,0.00658,4.63499,7.57515,0
1303.9,0.00658,4.63499,7.57515,0
1304,0.00658,4.63499,7.57515,0
1304.1,0.00658,4.635,7.57515,0
1304.2,0.00658,4.635,7.57344,0
1304.3,0.00658,4.635,7.57515,0
1304.4,0.00658,4.635,7.57344,0
1304.5,0.00658,4.635,7.57515,0
1304.6,0.00658,4.635,7.57344,0
1304.7,0.00658,4.63501,7.57515,0
1304.8,0.00658,4.63501,7.57515,0
1304.9,0.00658,4.63501,7.57515,0
1305,0.00658,4.63501,7.57515,0
1305.1,0.00658,4.63501,7.57515,0
1305.2,0.00658,4.63502,7.57515,0
1305.3,0.00658,4.63502,7.57515,0
1305.4,0.00658,4.63502,7.57344,0
1305.5,0.00658,4.63502,7.57344,0
1305.6,0.00658,4.63503,7.57515,0
1305.7,0.00658,4.63503,7.57344,0
1305.8,0.00658,4.63503,7.57515,0
1305.9,0.00658,4.63503,7.57515,0
1306,0.00657,4.63503,7.57515,0
1306.1,0.00657,4.63504,7.57515,0
1306.2,0.00657,4.63504,7.57515,0
1306.3,0.00657,4.63504,7.57344,0
1306.4,0.00657,4.63504,7.57515,0
1306.5,0.00657,4.63505,7.57344,0
1306.6,0.00657,4.63505,7.57515,0
1306.7,0.00657,4.63505,7.57344,0
1306.8,0.00657,4.63505,7.57515,0
1306.9,0.00657,4.63506,7.57515,0
1307,0.00657,4.63506,7.57344,0
1307.1,0.00657,4.63506,7.57344,0
1307.2,0.00657,4.63506,7.57344,0
1307.3,0.00657,4.63507,7.57344,0
1307.4,0.00657,4.63507,7.57515,0
1307.5,0.00657,4.63507,7.57344,0
1307.6,0.00657,4.63507,7.57344,0
1307.7,0.00657,4.63508,7.57344,0
1307.8,0.00657,4.63508,7.57515,0
1307.9,0.00657,4.63508,7.57344,0
1308,0.00657,4.63508,7.57515,0
1308.1,0.00657,4.63508,7.57515,0
1308.2,0.00657,4.63509,7.57515,0
1308.3,0.00657,4.63509,7.57515,0
1308.4,0.00657,4.63509,7.57515,0
1308.5,0.00657,4.63509,7.57515,0
1308.6,0.00657,4.63509,7.57515,0
1308.7,0.00657,4.63509,7.57515,0
1308.8,0.00657,4.63509,7.57344,0
1308.9,0.00657,4.6351,7.57344,0
1309,0.00657,4.6351,7.57515,0
1309.1,0.00657,4.6351,7.57515,0
1309.2,0.00657,4.6351,7.57515,0
1309.3,0.00657,4.6351,7.57515,0
1309.4,0.00657,4.63511,7.57515,0
1309.5,0.00657,4.63511,7.57515,0
1309.6,0.00657,4.63511,7.57515,0
1309.7,0.00657,4.63511,7.57515,0
1309.8,0.00657,4.63512,7.57515,0
1309.9,0.00657,4.63512,7.57515,0
1310,0.00657,4.63512,7.57515,0
1310.1,0.00657,4.63513,7.57515,0
1310.2,0.00656,4.63513,7.57515,0
1310.3,0.00656,4.63513,7.57515,0
1310.4,0.00656,4.63513,7.57515,0
1310.5,0.00656,4.63514,7.57344,0
1310.6,0.00656,4.63514,7.57515,0
1310.7,0.00656,4.63514,7.57515,0
1310.8,0.00656,4.63514,7.57515,0
1310.9,0.00656,4.63515,7.57515,0
1311,0.00656,4.63515,7.57515,0
1311.1,0.00656,4.63515,7.57515,0
1311.2,0.00656,4.63516,7.57515,0
1311.3,0.00656,4.63516,7.57515,0
1311.4,0.00656,4.63516,7.57515,0
1311.5,0.00656,4.63516,7.57515,0
1311.6,0.00656,4.63517,7.57515,0
1311.7,0.00656,4.63517,7.57515,0
1311.8,0.00656,4.63517,7.57515,0
1311.9,0.00656,4.63518,7.57515,0
1312,0.00656,4.63518,7.57515,0
1312.1,0.00656,4.63518,7.57344,0
1312.2,0.00656,4.63519,7.57515,0
1312.3,0.00656,4.63519,7.57515,0
1312.4,0.00656,4.63519,7.57344,0
1312.5,0.00656,4.6352,7.57344,0
1312.6,0.00656,4.6352,7.57515,0
1312.7,0.00656,4.63521,7.57344,0
1312.8,0.00656,4.63521,7.57344,0
1312.9,0.00656,4.63522,7.57515,0
1313,0.00656,4.63522,7.57344,0
1313.1,0.00656,4.63523,7.57515,0
1313.2,0.00656,4.63523,7.57344,0
1313.3,0.00656,4.63524,7.57344,0
1313.4,0.00656,4.63524,7.57515,0
1313.5,0.00656,4.63525,7.57344,0
1313.6,0.00656,4.63525,7.57344,0
1313.7,0.00656,4.63526,7.57515,0
1313.8,0.00656,4.63526,7.57515,0
1313.9,0.00656,4.63527,7.57515,0
1314,0.00656,4.63527,7.57344,0
1314.1,0.00656,4.63528,7.57344,0
1314.2,0.00656,4.63528,7.57344,0
1314.3,0.00656,4.63529,7.57344,0
1314.4,0.00656,4.63529,7.57515,0
1314.5,0.00655,4.6353,7.57515,0
1314.6,0.00655,4.6353,7.57344,0
1314.7,0.00655,4.63531,7.57344,0
1314.8,0.00655,4.63531,7.57515,0
1314.9,0.00655,4.63532,7.57344,0
1315,0.00655,4.63532,7.57344,0
1315.1,0.00655,4.63533,7.57344,0
1315.2,0.00655,4.63533,7.57344,0
1315.3,0.00655,4.63534,7.57344,0
1315.4,0.00655,4.63534,7.57344,0
1315.5,0.00655,4.63535,7.57344,0
1315.6,0.00655,4.63535,7.57515,0
1315.7,0.00655,4.63536,7.57344,0
1315.8,0.00655,4.63536,7.57344,0
1315.9,0.00655,4.63537,7.57344,0
1316,0.00655,4.63537,7.57515,0
1316.1,0.00655,4.63538,7.57344,0
1316.2,0.00655,4.63538,7.57515,0
1316.3,0.00655,4.63538,7.57515,0
1316.4,0.00655,4.63539,7.57515,0
1316.5,0.00655,4.63539,7.57515,0
1316.6,0.00655,4.6354,7.57515,0
1316.7,0.00655,4.6354,7.57344,0
1316.8,0.00655,4.6354,7.57515,0
1316.9,0.00655,4.63541,7.57515,0
1317,0.00655,4.63541,7.57515,0
1317.1,0.00655,4.63542,7.57344,0
1317.2,0.00655,4.63542,7.57344,0
1317.3,0.00655,4.63543,7.57515,0
1317.4,0.00655,4.63543,7.57515,0
1317.5,0.00655,4.63544,7.57515,0
1317.6,0.00655,4.63544,7.57515,0
1317.7,0.00655,4.63545,7.57515,0
1317.8,0.00655,4.63545,7.57344,0
1317.9,0.00655,4.63546,7.57515,0
1318,0.00655,4.63546,7.57344,0
1318.1,0.00655,4.63547,7.57344,0
1318.2,0.00655,4.63547,7.57344,0
1318.3,0.00655,4.63548,7.57515,0
1318.4,0.00655,4.63548,7.57515,0
1318.5,0.00655,4.63548,7.57515,0
1318.6,0.00655,4.63549,7.57515,0
1318.7,0.00655,4.63549,7.57515,0
1318.8,0.00655,4.6355,7.57515,0
1318.9,0.00655,4.6355,7.57515,0
1319,0.00655,4.63551,7.57515,0
1319.1,0.00654,4.63551,7.57515,0
1319.2,0.00654,4.63552,7.57515,0
1319.3,0.00654,4.63552,7.57515,0
1319.4,0.00654,4.63552,7.57344,0
1319.5,0.00654,4.63553,7.57344,0
1319.6,0.00654,4.63553,7.57344,0
1319.7,0.00654,4.63554,7.57344,0
1319.8,0.00654,4.63554,7.57515,0
1319.9,0.00654,4.63555,7.57515,0
1320,0.00654,4.63555,7.57515,0
1320.1,0.00654,4.63556,7.57344,0
1320.2,0.00654,4.63556,7.57515,0
1320.3,0.00654,4.63557,7.57344,0
1320.4,0.00654,4.63557,7.57515,0
1320.5,0.00654,4.63558,7.57344,0
1320.6,0.00654,4.63558,7.57515,0
1320.7,0.00654,4.63559,7.57515,0
1320.8,0.00654,4.63559,7.57515,0
1320.9,0.00654,4.6356,7.57515,0
1321,0.00654,4.6356,7.57515,0
1321.1,0.00654,4.6356,7.57515,0
1321.2,0.00654,4.63561,7.57515,0
1321.3,0.00654,4.63561,7.57515,0
1321.4,0.00654,4.63562,7.57515,0
1321.5,0.00654,4.63562,7.57515,0
1321.6,0.00654,4.63563,7.57515,0
1321.7,0.00654,4.63563,7.57344,0
1321.8,0.00654,4.63564,7.57515,0
1321.9,0.00654,4.63564,7.57515,0
1322,0.00654,4.63565,7.57515,0
1322.1,0.00654,4.63565,7.57515,0
1322.2,0.00654,4.63566,7.57344,0
1322.3,0.00654,4.63566,7.57515,0
1322.4,0.00654,4.63567,7.57344,0
1322.5,0.00654,4.63567,7.57344,0
1322.6,0.00654,4.63568,7.57515,0
1322.7,0.00653,4.63568,7.57515,0
1322.8,0.00653,4.63569,7.57515,0
1322.9,0.00653,4.6357,7.57515,0
1323,0.00653,4.6357,7.57515,0
1323.1,0.00653,4.63571,7.57515,0
1323.2,0.00653,4.63571,7.57344,0
1323.3,0.00653,4.63572,7.57344,0
1323.4,0.00653,4.63572,7.57344,0
1323.5,0.00653,4.63573,7.57515,0
1323.6,0.00653,4.63573,7.57515,0
1323.7,0.00653,4.63574,7.57344,0
1323.8,0.00653,4.63575,7.57344,0
1323.9,0.00653,4.63575,7.57344,0
1324,0.00653,4.63576,7.57515,0
1324.1,0.00653,4.63576,7.57515,0
1324.2,0.00653,4.63577,7.57344,0
1324.3,0.00653,4.63577,7.57515,0
1324.4,0.00653,4.63578,7.57515,0
1324.5,0.00653,4.63579,7.57344,0
1324.6,0.00653,4.63579,7.57515,0
1324.7,0.00653,4.6358,7.57344,0
1324.8,0.00653,4.6358,7.57515,0
1324.9,0.00653,4.63581,7.57344,0
1325,0.00653,4.63582,7.57344,0
1325.1,0.00653,4.63582,7.57344,0
1325.2,0.00653,4.63583,7.57344,0
1325.3,0.00653,4.63584,7.57344,0
1325.4,0.00653,4.63584,7.57344,0
1325.5,0.00653,4.63585,7.57515,0
1325.6,0.00653,4.63585,7.57344,0
1325.7,0.00653,4.63586,7.57344,0
1325.8,0.00653,4.63587,7.57515,0
1325.9,0.00653,4.63587,7.57515,0
1326,0.00653,4.63588,7.57515,0
1326.1,0.00653,4.63589,7.57344,0
1326.2,0.00653,4.63589,7.57515,0
1326.3,0.00653,4.6359,7.57515,0
1326.4,0.00653,4.6359,7.57515,0
1326.5,0.00653,4.63591,7.57344,0
1326.6,0.00653,4.63592,7.57344,0
1326.7,0.00653,4.63592,7.57515,0
1326.8,0.00653,4.63593,7.57344,0
1326.9,0.00653,4.63594,7.57344,0
1327,0.00653,4.63594,7.57344,0
1327.1,0.00653,4.63595,7.57344,0
1327.2,0.00653,4.63596,7.57515,0
1327.3,0.00653,4.63596,7.57344,0
1327.4,0.00653,4.63597,7.57344,0
1327.5,0.00653,4.63598,7.57344,0
1327.6,0.00653,4.63598,7.57344,0
1327.7,0.00653,4.63599,7.57344,0
1327.8,0.00652,4.636,7.57515,0
1327.9,0.00652,4.63601,7.57344,0
1328,0.00652,4.63601,7.57344,0
1328.1,0.00652,4.63602,7.57515,0
1328.2,0.00652,4.63603,7.57515,0
1328.3,0.00652,4.63604,7.57344,0
1328.4,0.00652,4.63604,7.57515,0
1328.5,0.00652,4.63605,7.57515,0
1328.6,0.00652,4.63606,7.57344,0
1328.7,0.00652,4.63607,7.57515,0
1328.8,0.00652,4.63607,7.57344,0
1328.9,0.00652,4.63608,7.57344,0
1329,0.00652,4.63609,7.57515,0
1329.1,0.00652,4.6361,7.57344,0
1329.2,0.00652,4.63611,7.57515,0
1329.3,0.00652,4.63611,7.57515,0
1329.4,0.00652,4.63612,7.57344,0
1329.5,0.00652,4.63613,7.57515,0
1329.6,0.00652,4.63614,7.57515,0
1329.7,0.00652,4.63615,7.57515,0
1329.8,0.00652,4.63615,7.57515,0
1329.9,0.00652,4.63616,7.57515,0
1330,0.00652,4.63617,7.57515,0
1330.1,0.00652,4.63618,7.57344,0
1330.2,0.00652,4.63619,7.57344,0
1330.3,0.00652,4.6362,7.57344,0
1330.4,0.00652,4.63621,7.57344,0
1330.5,0.00652,4.63622,7.57344,0
1330.6,0.00652,4.63623,7.57344,0
1330.7,0.00652,4.63624,7.57515,0
1330.8,0.00652,4.63624,7.57515,0
1330.9,0.00652,4.63625,7.57344,0
1331,0.00652,4.63626,7.57344,0
1331.1,0.00652,4.63627,7.57515,0
1331.2,0.00652,4.63628,7.57515,0
1331.3,0.00652,4.63629,7.57344,0
1331.4,0.00652,4.6363,7.57344,0
1331.5,0.00652,4.63631,7.57515,0
1331.6,0.00652,4.63632,7.57344,0
1331.7,0.00652,4.63633,7.57344,0
1331.8,0.00652,4.63634,7.57344,0
1331.9,0.00652,4.63635,7.57515,0
1332,0.00652,4.63636,7.57515,0
1332.1,0.00652,4.63637,7.57515,0
1332.2,0.00652,4.63638,7.57515,0
1332.3,0.00652,4.63639,7.57344,0
1332.4,0.00652,4.6364,7.57344,0
1332.5,0.00652,4.63641,7.57515,0
1332.6,0.00652,4.63642,7.57344,0
1332.7,0.00652,4.63643,7.57515,0
1332.8,0.00652,4.63644,7.57344,0
1332.9,0.00652,4.63645,7.57515,0
1333,0.00652,4.63646,7.57344,0
1333.1,0.00652,4.63647,7.57344,0
1333.2,0.00652,4.63648,7.57515,0
1333.3,0.00652,4.63649,7.57515,0
1333.4,0.00652,4.6365,7.57344,0
1333.5,0.00652,4.63651,7.57344,0
1333.6,0.00652,4.63652,7.57515,0
1333.7,0.00651,4.63653,7.57515,0
1333.8,0.00651,4.63654,7.57515,0
1333.9,0.00651,4.63655,7.57515,0
1334,0.00651,4.63656,7.57515,0
1334.1,0.00651,4.63657,7.57515,0
1334.2,0.00651,4.63658,7.57515,0
1334.3,0.00651,4.63659,7.57515,0
1334.4,0.00651,4.6366,7.57515,0
1334.5,0.00651,4.63661,7.57344,0
1334.6,0.00651,4.63662,7.57515,0
1334.7,0.00651,4.63663,7.57515,0
1334.8,0.00651,4.63664,7.57515,0
1334.9,0.00651,4.63665,7.57515,0
1335,0.00651,4.63666,7.57344,0
1335.1,0.00651,4.63667,7.57515,0
1335.2,0.00651,4.63668,7.57515,0
1335.3,0.00651,4.63669,7.57515,0
1335.4,0.00651,4.6367,7.57515,0
1335.5,0.00651,4.63671,7.57515,0
1335.6,0.00651,4.63672,7.57515,0
1335.7,0.00651,4.63673,7.57515,0
1335.8,0.00651,4.63674,7.57515,0
1335.9,0.00651,4.63675,7.57515,0
1336,0.00651,4.63676,7.57515,0
1336.1,0.00651,4.63677,7.57515,0
1336.2,0.00651,4.63678,7.57515,0
1336.3,0.00651,4.63679,7.57515,0
1336.4,0.00651,4.6368,7.57515,0
1336.5,0.00651,4.63681,7.57515,0
1336.6,0.00651,4.63683,7.57515,0
1336.7,0.0065,4.63684,7.57515,0
1336.8,0.0065,4.63685,7.57515,0
1336.9,0.0065,4.63686,7.57515,0
1337,0.0065,4.63687,7.57344,0
1337.1,0.0065,4.63688,7.57515,0
1337.2,0.0065,4.63689,7.57515,0
1337.3,0.0065,4.6369,7.57515,0
1337.4,0.0065,4.63691,7.57515,0
1337.5,0.0065,4.63692,7.57515,0
1337.6,0.0065,4.63693,7.57515,0
1337.7,0.0065,4.63694,7.57515,0
1337.8,0.0065,4.63695,7.57515,0
1337.9,0.0065,4.63696,7.57515,0
1338,0.0065,4.63697,7.57515,0
1338.1,0.0065,4.63699,7.57515,0
1338.2,0.0065,4.637,7.57515,0
1338.3,0.0065,4.63701,7.57515,0
1338.4,0.0065,4.63702,7.57515,0
1338.5,0.0065,4.63703,7.57344,0
1338.6,0.0065,4.63704,7.57515,0
1338.7,0.0065,4.63705,7.57515,0
1338.8,0.0065,4.63706,7.57515,0
1338.9,0.0065,4.63707,7.57515,0
1339,0.0065,4.63708,7.57515,0
1339.1,0.0065,4.63709,7.57515,0
1339.2,0.0065,4.6371,7.57515,0
1339.3,0.0065,4.63711,7.57515,0
1339.4,0.0065,4.63712,7.57515,0
1339.5,0.0065,4.63714,7.57515,0
1339.6,0.00649,4.63715,7.57515,0
1339.7,0.00649,4.63716,7.57344,0
1339.8,0.00649,4.63717,7.57344,0
1339.9,0.00649,4.63718,7.57515,0
1340,0.00649,4.63719,7.57515,0
1340.1,0.00649,4.6372,7.57344,0
1340.2,0.00649,4.63721,7.57515,0
1340.3,0.00649,4.63722,7.57515,0
1340.4,0.00649,4.63723,7.57515,0
1340.5,0.00649,4.63724,7.57515,0
1340.6,0.00649,4.63725,7.57515,0
1340.7,0.00649,4.63726,7.57344,0
1340.8,0.00649,4.63727,7.57515,0
1340.9,0.00649,4.63728,7.57344,0
1341,0.00649,4.63728,7.57515,0
1341.1,0.00649,4.63729,7.57515,0
1341.2,0.00649,4.6373,7.57515,0
1341.3,0.00649,4.63731,7.57515,0
1341.4,0.00649,4.63732,7.57515,0
1341.5,0.00649,4.63733,7.57344,0
1341.6,0.00649,4.63734,7.57344,0
1341.7,0.00649,4.63735,7.57515,0
1341.8,0.00649,4.63735,7.57515,0
1341.9,0.00649,4.63736,7.57515,0
1342,0.00649,4.63737,7.57515,0
1342.1,0.00648,4.63738,7.57515,0
1342.2,0.00648,4.63739,7.57515,0
1342.3,0.00648,4.6374,7.57515,0
1342.4,0.00648,4.63741,7.57515,0
1342.5,0.00648,4.63742,7.57344,0
1342.6,0.00648,4.63743,7.57515,0
1342.7,0.00648,4.63744,7.57515,0
1342.8,0.00648,4.63744,7.57515,0
1342.9,0.00648,4.63745,7.57515,0
1343,0.00648,4.63746,7.57515,0
1343.1,0.00648,4.63747,7.57515,0
1343.2,0.00648,4.63748,7.57515,0
1343.3,0.00648,4.63749,7.57515,0
1343.4,0.00648,4.6375,7.57515,0
1343.5,0.00648,4.63751,7.57344,0
1343.6,0.00648,4.63752,7.57515,0
1343.7,0.00648,4.63753,7.57344,0
1343.8,0.00648,4.63754,7.57515,0
1343.9,0.00648,4.63755,7.57515,0
1344,0.00648,4.63756,7.57344,0
1344.1,0.00648,4.63757,7.57344,0
1344.2,0.00648,4.63758,7.57344,0
1344.3,0.00648,4.63759,7.57344,0
1344.4,0.00648,4.6376,7.57515,0
1344.5,0.00648,4.63761,7.57515,0
1344.6,0.00648,4.63762,7.57515,0
1344.7,0.00648,4.63763,7.57344,0
1344.8,0.00647,4.63764,7.57344,0
1344.9,0.00647,4.63764,7.57515,0
1345,0.00647,4.63765,7.57515,0
1345.1,0.00647,4.63766,7.57515,0
1345.2,0.00647,4.63767,7.57515,0
1345.3,0.00647,4.63768,7.57515,0
1345.4,0.00647,4.63769,7.57515,0
1345.5,0.00647,4.6377,7.57515,0
1345.6,0.00647,4.6377,7.57515,0
1345.7,0.00647,4.63771,7.57515,0
1345.8,0.00647,4.63772,7.57344,0
1345.9,0.00647,4.63773,7.57344,0
1346,0.00647,4.63774,7.57344,0
1346.1,0.00647,4.63775,7.57344,0
1346.2,0.00647,4.63776,7.57515,0
1346.3,0.00647,4.63776,7.57515,0
1346.4,0.00647,4.63777,7.57344,0
1346.5,0.00647,4.63778,7.57515,0
1346.6,0.00647,4.63779,7.57515,0
1346.7,0.00647,4.6378,7.57515,0
1346.8,0.00647,4.63781,7.57515,0
1346.9,0.00647,4.63781,7.57515,0
1347,0.00647,4.63782,7.57515,0
1347.1,0.00647,4.63783,7.57515,0
1347.2,0.00647,4.63784,7.57515,0
1347.3,0.00647,4.63785,7.57515,0
1347.4,0.00647,4.63786,7.57515,0
1347.5,0.00647,4.63786,7.57515,0
1347.6,0.00647,4.63787,7.57515,0
1347.7,0.00647,4.63788,7.57515,0
1347.8,0.00646,4.63789,7.57515,0
1347.9,0.00646,4.6379,7.57515,0
1348,0.00646,4.63791,7.57344,0
1348.1,0.00646,4.63791,7.57515,0
1348.2,0.00646,4.63792,7.57515,0
1348.3,0.00646,4.63793,7.57344,0
1348.4,0.00646,4.63794,7.57344,0
1348.5,0.00646,4.63795,7.57515,0
1348.6,0.00646,4.63795,7.57515,0
1348.7,0.00646,4.63796,7.57344,0
1348.8,0.00646,4.63797,7.57515,0
1348.9,0.00646,4.63798,7.57515,0
1349,0.00646,4.63799,7.57515,0
1349.1,0.00646,4.63799,7.57515,0
1349.2,0.00646,4.638,7.57515,0
1349.3,0.00646,4.63801,7.57515,0
1349.4,0.00646,4.63802,7.57515,0
1349.5,0.00646,4.63803,7.57515,0
1349.6,0.00646,4.63804,7.57344,0
1349.7,0.00646,4.63804,7.57515,0
1349.8,0.00646,4.63805,7.57344,0
1349.9,0.00646,4.63806,7.57515,0
1350,0.00646,4.63807,7.57515,0
1350.1,0.00646,4.63808,7.57515,0
1350.2,0.00646,4.63808,7.57515,0
1350.3,0.00646,4.63809,7.57515,0
1350.4,0.00646,4.6381,7.57344,0
1350.5,0.00646,4.63811,7.57515,0
1350.6,0.00646,4.63811,7.57344,0
1350.7,0.00646,4.63812,7.57515,0
1350.8,0.00646,4.63813,7.57515,0
1350.9,0.00646,4.63814,7.57515,0
1351,0.00645,4.63814,7.57515,0
1351.1,0.00645,4.63815,7.57515,0
1351.2,0.00645,4.63816,7.57515,0
1351.3,0.00645,4.63817,7.57515,0
1351.4,0.00645,4.63818,7.57515,0
1351.5,0.00645,4.63818,7.57515,0
1351.6,0.00645,4.63819,7.57515,0
1351.7,0.00645,4.6382,7.57515,0
1351.8,0.00645,4.63821,7.57515,0
1351.9,0.00645,4.63822,7.57515,0
1352,0.00645,4.63822,7.57515,0
1352.1,0.00645,4.63823,7.57515,0
1352.2,0.00645,4.63824,7.57515,0
1352.3,0.00645,4.63825,7.57344,0
1352.4,0.00645,4.63825,7.57515,0
1352.5,0.00645,4.63826,7.57515,0
1352.6,0.00645,4.63827,7.57515,0
1352.7,0.00645,4.63828,7.57515,0
1352.8,0.00645,4.63829,7.57515,0
1352.9,0.00645,4.63829,7.57515,0
1353,0.00645,4.6383,7.57515,0
1353.1,0.00645,4.63831,7.57515,0
1353.2,0.00645,4.63832,7.57344,0
1353.3,0.00645,4.63832,7.57515,0
1353.4,0.00645,4.63833,7.57515,0
1353.5,0.00645,4.63834,7.57344,0
1353.6,0.00645,4.63835,7.57515,0
1353.7,0.00645,4.63836,7.57515,0
1353.8,0.00645,4.63836,7.57515,0
1353.9,0.00645,4.63837,7.57515,0
1354,0.00645,4.63838,7.57344,0
1354.1,0.00645,4.63839,7.57515,0
1354.2,0.00645,4.63839,7.57515,0
1354.3,0.00645,4.6384,7.57515,0
1354.4,0.00645,4.63841,7.57515,0
1354.5,0.00645,4.63842,7.57515,0
1354.6,0.00644,4.63842,7.57344,0
1354.7,0.00644,4.63843,7.57344,0
1354.8,0.00644,4.63844,7.57515,0
1354.9,0.00644,4.63844,7.57344,0
1355,0.00644,4.63845,7.57515,0
1355.1,0.00644,4.63846,7.57515,0
1355.2,0.00644,4.63846,7.57515,0
1355.3,0.00644,4.63847,7.57515,0
1355.4,0.00644,4.63848,7.57515,0
1355.5,0.00644,4.63848,7.57515,0
1355.6,0.00644,4.63849,7.57515,0
1355.7,0.00644,4.6385,7.57515,0
1355.8,0.00644,4.6385,7.57515,0
1355.9,0.00644,4.63851,7.57515,0
1356,0.00644,4.63851,7.57344,0
1356.1,0.00644,4.63852,7.57515,0
1356.2,0.00644,4.63852,7.57344,0
1356.3,0.00644,4.63853,7.57344,0
1356.4,0.00644,4.63854,7.57515,0
1356.5,0.00644,4.63854,7.57515,0
1356.6,0.00644,4.63855,7.57515,0
1356.7,0.00644,4.63856,7.57344,0
1356.8,0.00644,4.63856,7.57515,0
1356.9,0.00644,4.63857,7.57344,0
1357,0.00644,4.63857,7.57344,0
1357.1,0.00644,4.63858,7.57344,0
1357.2,0.00644,4.63858,7.57515,0
1357.3,0.00644,4.63859,7.57344,0
1357.4,0.00644,4.6386,7.57515,0
1357.5,0.00644,4.6386,7.57344,0
1357.6,0.00644,4.63861,7.57515,0
1357.7,0.00644,4.63861,7.57515,0
1357.8,0.00644,4.63862,7.57344,0
1357.9,0.00644,4.63862,7.57515,0
1358,0.00644,4.63863,7.57515,0
1358.1,0.00643,4.63863,7.57344,0
1358.2,0.00643,4.63864,7.57515,0
1358.3,0.00643,4.63864,7.57515,0
1358.4,0.00643,4.63865,7.57344,0
1358.5,0.00643,4.63865,7.57344,0
1358.6,0.00643,4.63866,7.57344,0
1358.7,0.00643,4.63866,7.57515,0
1358.8,0.00643,4.63867,7.57515,0
1358.9,0.00643,4.63867,7.57515,0
1359,0.00643,4.63868,7.57515,0
1359.1,0.00643,4.63868,7.57515,0
1359.2,0.00643,4.63869,7.57515,0
1359.3,0.00643,4.63869,7.57515,0
1359.4,0.00643,4.6387,7.57515,0
1359.5,0.00643,4.6387,7.57515,0
1359.6,0.00643,4.63871,7.57515,0
1359.7,0.00643,4.63871,7.57515,0
1359.8,0.00643,4.63871,7.57515,0
1359.9,0.00643,4.63872,7.57515,0
1360,0.00643,4.63872,7.57515,0
1360.1,0.00643,4.63873,7.57515,0
1360.2,0.00643,4.63873,7.57515,0
1360.3,0.00643,4.63874,7.57515,0
1360.4,0.00643,4.63874,7.57515,0
1360.5,0.00643,4.63875,7.57515,0
1360.6,0.00643,4.63875,7.57515,0
1360.7,0.00643,4.63876,7.57515,0
1360.8,0.00643,4.63876,7.57515,0
1360.9,0.00642,4.63876,7.57515,0
1361,0.00642,4.63877,7.57515,0
1361.1,0.00642,4.63877,7.57515,0
1361.2,0.00642,4.63878,7.57515,0
1361.3,0.00642,4.63878,7.57515,0
1361.4,0.00642,4.63879,7.57515,0
1361.5,0.00642,4.63879,7.57515,0
1361.6,0.00642,4.63879,7.57344,0
1361.7,0.00642,4.6388,7.57515,0
1361.8,0.00642,4.6388,7.57515,0
1361.9,0.00642,4.6388,7.57515,0
1362,0.00642,4.63881,7.57515,0
1362.1,0.00642,4.63881,7.57515,0
1362.2,0.00642,4.63881,7.57515,0
1362.3,0.00642,4.63882,7.57515,0
1362.4,0.00642,4.63882,7.57515,0
1362.5,0.00642,4.63882,7.57515,0
1362.6,0.00642,4.63883,7.57515,0
1362.7,0.00642,4.63883,7.57515,0
1362.8,0.00642,4.63883,7.57515,0
1362.9,0.00642,4.63884,7.57515,0
1363,0.00642,4.63884,7.57515,0
1363.1,0.00642,4.63885,7.57515,0
1363.2,0.00642,4.63885,7.57344,0
1363.3,0.00642,4.63885,7.57515,0
1363.4,0.00642,4.63886,7.57515,0
1363.5,0.00642,4.63886,7.57344,0
1363.6,0.00642,4.63887,7.57515,0
1363.7,0.00642,4.63887,7.57515,0
1363.8,0.00642,4.63887,7.57515,0
1363.9,0.00642,4.63888,7.57515,0
1364,0.00641,4.63888,7.57515,0
1364.1,0.00641,4.63888,7.57515,0
1364.2,0.00641,4.63889,7.57515,0
1364.3,0.00641,4.63889,7.57515,0
1364.4,0.00641,4.63889,7.57515,0
1364.5,0.00641,4.6389,7.57515,0
1364.6,0.00641,4.6389,7.57515,0
1364.7,0.00641,4.6389,7.57515,0
1364.8,0.00641,4.63891,7.57515,0
1364.9,0.00641,4.63891,7.57515,0
1365,0.00641,4.63892,7.57515,0
1365.1,0.00641,4.63892,7.57515,0
1365.2,0.00641,4.63892,7.57515,0
1365.3,0.00641,4.63893,7.57515,0
1365.4,0.00641,4.63893,7.57344,0
1365.5,0.00641,4.63893,7.57344,0
1365.6,0.00641,4.63894,7.57344,0
1365.7,0.00641,4.63894,7.57515,0
1365.8,0.00641,4.63895,7.57344,0
1365.9,0.00641,4.63895,7.57344,0
1366,0.00641,4.63895,7.57515,0
1366.1,0.00641,4.63896,7.57344,0
1366.2,0.00641,4.63896,7.57344,0
1366.3,0.00641,4.63896,7.57515,0
1366.4,0.00641,4.63897,7.57515,0
1366.5,0.00641,4.63897,7.57515,0
1366.6,0.00641,4.63897,7.57515,0
1366.7,0.00641,4.63898,7.57515,0
1366.8,0.00641,4.63898,7.57515,0
1366.9,0.0064,4.63899,7.57515,0
1367,0.0064,4.63899,7.57515,0
1367.1,0.0064,4.639,7.57515,0
1367.2,0.0064,4.639,7.57515,0
1367.3,0.0064,4.639,7.57515,0
1367.4,0.0064,4.63901,7.57344,0
1367.5,0.0064,4.63901,7.57344,0
1367.6,0.0064,4.63902,7.57515,0
1367.7,0.0064,4.63902,7.57515,0
1367.8,0.0064,4.63903,7.57515,0
1367.9,0.0064,4.63903,7.57515,0
1368,0.0064,4.63903,7.57515,0
1368.1,0.0064,4.63904,7.57515,0
1368.2,0.0064,4.63904,7.57515,0
1368.3,0.0064,4.63904,7.57515,0
1368.4,0.0064,4.63905,7.57515,0
1368.5,0.0064,4.63905,7.57515,0
1368.6,0.0064,4.63906,7.57515,0
1368.7,0.0064,4.63906,7.57344,0
1368.8,0.0064,4.63906,7.57515,0
1368.9,0.0064,4.63907,7.57344,0
1369,0.0064,4.63907,7.57344,0
1369.1,0.0064,4.63907,7.57344,0
1369.2,0.0064,4.63908,7.57344,0
1369.3,0.00639,4.63908,7.57515,0
1369.4,0.00639,4.63908,7.57344,0
1369.5,0.00639,4.63909,7.57515,0
1369.6,0.00639,4.63909,7.57515,0
1369.7,0.00639,4.63909,7.57344,0
1369.8,0.00639,4.63909,7.57515,0
1369.9,0.00639,4.6391,7.57515,0
1370,0.00639,4.6391,7.57515,0
1370.1,0.00639,4.6391,7.57344,0
1370.2,0.00639,4.6391,7.57344,0
1370.3,0.00639,4.63911,7.57344,0
1370.4,0.00639,4.63911,7.57515,0
1370.5,0.00639,4.63911,7.57344,0
1370.6,0.00639,4.63911,7.57344,0
1370.7,0.00639,4.63912,7.57344,0
1370.8,0.00639,4.63912,7.57344,0
1370.9,0.00639,4.63912,7.57344,0
1371,0.00639,4.63912,7.57515,0
1371.1,0.00639,4.63912,7.57515,0
1371.2,0.00639,4.63913,7.57344,0
1371.3,0.00639,4.63913,7.57344,0
1371.4,0.00639,4.63913,7.57515,0
1371.5,0.00639,4.63913,7.57515,0
1371.6,0.00639,4.63913,7.57515,0
1371.7,0.00639,4.63913,7.57515,0
1371.8,0.00639,4.63913,7.57515,0
1371.9,0.00639,4.63914,7.57515,0
1372,0.00639,4.63914,7.57515,0
1372.1,0.00639,4.63914,7.57515,0
1372.2,0.00638,4.63914,7.57344,0
1372.3,0.00638,4.63914,7.57344,0
1372.4,0.00638,4.63914,7.57344,0
1372.5,0.00638,4.63914,7.57344,0
1372.6,0.00638,4.63915,7.57344,0
1372.7,0.00638,4.63915,7.57515,0
1372.8,0.00638,4.63915,7.57515,0
1372.9,0.00638,4.63915,7.57515,0
1373,0.00638,4.63915,7.57344,0
1373.1,0.00638,4.63915,7.57515,0
1373.2,0.00638,4.63915,7.57344,0
1373.3,0.00638,4.63915,7.57515,0
1373.4,0.00638,4.63915,7.57515,0
1373.5,0.00638,4.63915,7.57515,0
1373.6,0.00638,4.63915,7.57344,0
1373.7,0.00638,4.63915,7.57515,0
1373.8,0.00638,4.63915,7.57515,0
1373.9,0.00638,4.63915,7.57515,0
1374,0.00638,4.63915,7.57515,0
1374.1,0.00638,4.63915,7.57344,0
1374.2,0.00638,4.63915,7.57515,0
1374.3,0.00638,4.63915,7.57515,0
1374.4,0.00638,4.63915,7.57344,0
1374.5,0.00638,4.63915,7.57515,0
1374.6,0.00638,4.63915,7.57344,0
1374.7,0.00638,4.63915,7.57344,0
1374.8,0.00638,4.63915,7.57515,0
1374.9,0.00638,4.63915,7.57515,0
1375,0.00638,4.63915,7.57344,0
1375.1,0.00638,4.63915,7.57344,0
1375.2,0.00638,4.63915,7.57515,0
1375.3,0.00637,4.63915,7.57515,0
1375.4,0.00637,4.63915,7.57344,0
1375.5,0.00637,4.63915,7.57515,0
1375.6,0.00637,4.63915,7.57515,0
1375.7,0.00637,4.63915,7.57344,0
1375.8,0.00637,4.63915,7.57344,0
1375.9,0.00637,4.63915,7.57344,0
1376,0.00637,4.63915,7.57344,0
1376.1,0.00637,4.63915,7.57344,0
1376.2,0.00637,4.63915,7.57344,0
1376.3,0.00637,4.63915,7.57515,0
1376.4,0.00637,4.63915,7.57515,0
1376.5,0.00637,4.63915,7.57344,0
1376.6,0.00637,4.63915,7.57515,0
1376.7,0.00637,4.63915,7.57344,0
1376.8,0.00637,4.63915,7.57515,0
1376.9,0.00637,4.63915,7.57515,0
1377,0.00637,4.63915,7.57515,0
1377.1,0.00637,4.63915,7.57344,0
1377.2,0.00637,4.63915,7.57344,0
1377.3,0.00637,4.63915,7.57344,0
1377.4,0.00637,4.63915,7.57344,0
1377.5,0.00637,4.63915,7.57344,0
1377.6,0.00637,4.63915,7.57515,0
1377.7,0.00637,4.63915,7.57344,0
1377.8,0.00637,4.63915,7.57344,0
1377.9,0.00637,4.63915,7.57515,0
1378,0.00637,4.63915,7.57344,0
1378.1,0.00637,4.63915,7.57515,0
1378.2,0.00637,4.63915,7.57515,0
1378.3,0.00636,4.63915,7.57515,0
1378.4,0.00636,4.63915,7.57344,0
1378.5,0.00636,4.63915,7.57515,0
1378.6,0.00636,4.63915,7.57515,0
1378.7,0.00636,4.63915,7.57515,0
1378.8,0.00636,4.63915,7.57515,0
1378.9,0.00636,4.63915,7.57515,0
1379,0.00636,4.63916,7.57515,0
1379.1,0.00636,4.63916,7.57344,0
1379.2,0.00636,4.63916,7.57344,0
1379.3,0.00636,4.63916,7.57515,0
1379.4,0.00636,4.63916,7.57515,0
1379.5,0.00636,4.63916,7.57344,0
1379.6,0.00636,4.63916,7.57515,0
1379.7,0.00636,4.63916,7.57515,0
1379.8,0.00636,4.63916,7.57515,0
1379.9,0.00636,4.63916,7.57515,0
1380,0.00636,4.63916,7.57515,0
1380.1,0.00636,4.63916,7.57515,0
1380.2,0.00636,4.63916,7.57515,0
1380.3,0.00636,4.63916,7.57515,0
1380.4,0.00636,4.63916,7.57515,0
1380.5,0.00636,4.63916,7.57515,0
1380.6,0.00636,4.63916,7.57515,0
1380.7,0.00636,4.63916,7.57515,0
1380.8,0.00636,4.63916,7.57515,0
1380.9,0.00636,4.63916,7.57515,0
1381,0.00635,4.63916,7.57515,0
1381.1,0.00635,4.63916,7.57515,0
1381.2,0.00635,4.63916,7.57515,0
1381.3,0.00635,4.63916,7.57515,0
1381.4,0.00635,4.63916,7.57344,0
1381.5,0.00635,4.63916,7.57515,0
1381.6,0.00635,4.63915,7.57515,0
1381.7,0.00635,4.63915,7.57515,0
1381.8,0.00635,4.63915,7.57515,0
1381.9,0.00635,4.63915,7.57515,0
1382,0.00635,4.63915,7.57515,0
1382.1,0.00635,4.63915,7.57515,0
1382.2,0.00635,4.63915,7.57515,0
1382.3,0.00635,4.63915,7.57515,0
1382.4,0.00635,4.63914,7.57344,0
1382.5,0.00635,4.63914,7.57515,0
1382.6,0.00635,4.63914,7.57515,0
1382.7,0.00635,4.63914,7.57515,0
1382.8,0.00635,4.63914,7.57515,0
1382.9,0.00635,4.63913,7.57515,0
1383,0.00635,4.63913,7.57515,0
1383.1,0.00635,4.63913,7.57515,0
1383.2,0.00635,4.63913,7.57515,0
1383.3,0.00635,4.63912,7.57515,0
1383.4,0.00635,4.63912,7.57515,0
1383.5,0.00635,4.63912,7.57515,0
1383.6,0.00635,4.63912,7.57515,0
1383.7,0.00635,4.63912,7.57515,0
1383.8,0.00635,4.63911,7.57515,0
1383.9,0.00635,4.63911,7.57515,0
1384,0.00635,4.63911,7.57515,0
1384.1,0.00635,4.63911,7.57515,0
1384.2,0.00635,4.6391,7.57515,0
1384.3,0.00635,4.6391,7.57515,0
1384.4,0.00634,4.6391,7.57515,0
1384.5,0.00634,4.6391,7.57515,0
1384.6,0.00634,4.63909,7.57515,0
1384.7,0.00634,4.63909,7.57515,0
1384.8,0.00634,4.63909,7.57515,0
1384.9,0.00634,4.63909,7.57515,0
1385,0.00634,4.63908,7.57515,0
1385.1,0.00634,4.63908,7.57515,0
1385.2,0.00634,4.63908,7.57515,0
1385.3,0.00634,4.63907,7.57515,0
1385.4,0.00634,4.63907,7.57515,0
1385.5,0.00634,4.63907,7.57515,0
1385.6,0.00634,4.63907,7.57515,0
1385.7,0.00634,4.63907,7.57515,0
1385.8,0.00634,4.63907,7.57515,0
1385.9,0.00634,4.63906,7.57344,0
1386,0.00634,4.63906,7.57344,0
1386.1,0.00634,4.63906,7.57344,0
1386.2,0.00634,4.63906,7.57515,0
1386.3,0.00634,4.63906,7.57515,0
1386.4,0.00634,4.63905,7.57515,0
1386.5,0.00634,4.63905,7.57515,0
1386.6,0.00634,4.63905,7.57515,0
1386.7,0.00634,4.63905,7.57515,0
1386.8,0.00634,4.63904,7.57515,0
1386.9,0.00634,4.63904,7.57515,0
1387,0.00634,4.63904,7.57515,0
1387.1,0.00634,4.63904,7.57515,0
1387.2,0.00634,4.63903,7.57515,0
1387.3,0.00634,4.63903,7.57344,0
1387.4,0.00634,4.63903,7.57515,0
1387.5,0.00634,4.63903,7.57515,0
1387.6,0.00634,4.63903,7.57515,0
1387.7,0.00634,4.63902,7.57515,0
1387.8,0.00634,4.63902,7.57515,0
1387.9,0.00634,4.63902,7.57515,0
1388,0.00634,4.63902,7.57515,0
1388.1,0.00634,4.63902,7.57344,0
1388.2,0.00634,4.63901,7.57515,0
1388.3,0.00634,4.63901,7.57515,0
1388.4,0.00634,4.63901,7.57515,0
1388.5,0.00634,4.63901,7.57515,0
1388.6,0.00634,4.63901,7.57515,0
1388.7,0.00634,4.63901,7.57515,0
1388.8,0.00633,4.639,7.57344,0
1388.9,0.00633,4.639,7.57515,0
1389,0.00633,4.639,7.57515,0
1389.1,0.00633,4.639,7.57344,0
1389.2,0.00633,4.639,7.57515,0
1389.3,0.00633,4.639,7.57515,0
1389.4,0.00633,4.639,7.57515,0
1389.5,0.00633,4.639,7.57515,0
1389.6,0.00633,4.63899,7.57344,0
1389.7,0.00633,4.63899,7.57515,0
1389.8,0.00633,4.63899,7.57515,0
1389.9,0.00633,4.63899,7.57515,0
1390,0.00633,4.63899,7.57344,0
1390.1,0.00633,4.63899,7.57515,0
1390.2,0.00633,4.63899,7.57515,0
1390.3,0.00633,4.63899,7.57344,0
1390.4,0.00633,4.63899,7.57515,0
1390.5,0.00633,4.63899,7.57515,0
1390.6,0.00633,4.63899,7.57515,0
1390.7,0.00633,4.63899,7.57515,0
1390.8,0.00633,4.63898,7.57344,0
1390.9,0.00633,4.63898,7.57515,0
1391,0.00633,4.63898,7.57515,0
1391.1,0.00633,4.63898,7.57515,0
1391.2,0.00633,4.63898,7.57515,0
1391.3,0.00633,4.63898,7.57515,0
1391.4,0.00633,4.63898,7.57344,0
1391.5,0.00633,4.63898,7.57515,0
1391.6,0.00633,4.63897,7.57515,0
1391.7,0.00633,4.63897,7.57515,0
1391.8,0.00633,4.63897,7.57515,0
1391.9,0.00633,4.63897,7.57515,0
1392,0.00633,4.63897,7.57515,0
1392.1,0.00633,4.63897,7.57515,0
1392.2,0.00632,4.63897,7.57515,0
1392.3,0.00632,4.63897,7.57515,0
1392.4,0.00632,4.63897,7.57515,0
1392.5,0.00632,4.63897,7.57344,0
1392.6,0.00632,4.63897,7.57344,0
1392.7,0.00632,4.63897,7.57515,0
1392.8,0.00632,4.63897,7.57515,0
1392.9,0.00632,4.63897,7.57515,0
1393,0.00632,4.63897,7.57515,0
1393.1,0.00632,4.63897,7.57344,0
1393.2,0.00632,4.63897,7.57515,0
1393.3,0.00632,4.63897,7.57515,0
1393.4,0.00632,4.63897,7.57515,0
1393.5,0.00632,4.63897,7.57515,0
1393.6,0.00632,4.63897,7.57515,0
1393.7,0.00632,4.63897,7.57515,0
1393.8,0.00632,4.63897,7.57515,0
1393.9,0.00632,4.63896,7.57344,0
1394,0.00632,4.63896,7.57515,0
1394.1,0.00632,4.63896,7.57515,0
1394.2,0.00632,4.63896,7.57344,0
1394.3,0.00632,4.63896,7.57515,0
1394.4,0.00632,4.63896,7.57344,0
1394.5,0.00632,4.63896,7.57515,0
1394.6,0.00632,4.63896,7.57515,0
1394.7,0.00632,4.63896,7.57515,0
1394.8,0.00632,4.63896,7.57344,0
1394.9,0.00631,4.63895,7.57515,0
1395,0.00631,4.63895,7.57515,0
1395.1,0.00631,4.63895,7.57515,0
1395.2,0.00631,4.63895,7.57344,0
1395.3,0.00631,4.63895,7.57515,0
1395.4,0.00631,4.63895,7.57515,0
1395.5,0.00631,4.63895,7.57515,0
1395.6,0.00631,4.63894,7.57515,0
1395.7,0.00631,4.63894,7.57515,0
1395.8,0.00631,4.63894,7.57515,0
1395.9,0.00631,4.63894,7.57515,0
1396,0.00631,4.63894,7.57515,0
1396.1,0.00631,4.63893,7.57344,0
1396.2,0.00631,4.63893,7.57515,0
1396.3,0.00631,4.63893,7.57515,0
1396.4,0.00631,4.63893,7.57515,0
1396.5,0.00631,4.63892,7.57515,0
1396.6,0.00631,4.63892,7.57515,0
1396.7,0.00631,4.63892,7.57344,0
1396.8,0.00631,4.63891,7.57515,0
1396.9,0.00631,4.63891,7.57515,0
1397,0.00631,4.6389,7.57515,0
1397.1,0.00631,4.6389,7.57515,0
1397.2,0.00631,4.6389,7.57344,0
1397.3,0.00631,4.63889,7.57515,0
1397.4,0.00631,4.63889,7.57515,0
1397.5,0.00631,4.63888,7.57515,0
1397.6,0.0063,4.63888,7.57515,0
1397.7,0.0063,4.63887,7.57515,0
1397.8,0.0063,4.63887,7.57515,0
1397.9,0.0063,4.63887,7.57515,0
1398,0.0063,4.63886,7.57515,0
1398.1,0.0063,4.63886,7.57515,0
1398.2,0.0063,4.63885,7.57515,0
1398.3,0.0063,4.63885,7.57515,0
1398.4,0.0063,4.63885,7.57515,0
1398.5,0.0063,4.63884,7.57515,0
1398.6,0.0063,4.63884,7.57515,0
1398.7,0.0063,4.63884,7.57515,0
1398.8,0.0063,4.63883,7.57515,0
1398.9,0.0063,4.63883,7.57515,0
1399,0.0063,4.63882,7.57344,0
1399.1,0.0063,4.63882,7.57515,0
1399.2,0.0063,4.63881,7.57515,0
1399.3,0.0063,4.63881,7.57515,0
1399.4,0.0063,4.6388,7.57515,0
1399.5,0.0063,4.6388,7.57515,0
1399.6,0.0063,4.63879,7.57515,0
1399.7,0.0063,4.63879,7.57515,0
1399.8,0.0063,4.63878,7.57344,0
1399.9,0.0063,4.63878,7.57515,0
1400,0.0063,4.63877,7.57515,0
1400.1,0.0063,4.63876,7.57515,0
1400.2,0.0063,4.63876,7.57344,0
1400.3,0.0063,4.63875,7.57515,0
1400.4,0.0063,4.63875,7.57515,0
1400.5,0.0063,4.63874,7.57515,0
1400.6,0.0063,4.63874,7.57515,0
1400.7,0.0063,4.63873,7.57515,0
1400.8,0.0063,4.63872,7.57515,0
1400.9,0.0063,4.63872,7.57515,0
1401,0.0063,4.63871,7.57515,0
1401.1,0.0063,4.63871,7.57515,0
1401.2,0.0063,4.6387,7.57515,0
1401.3,0.0063,4.6387,7.57515,0
1401.4,0.0063,4.63869,7.57515,0
1401.5,0.0063,4.63868,7.57515,0
1401.6,0.0063,4.63868,7.57515,0
1401.7,0.0063,4.63867,7.57515,0
1401.8,0.0063,4.63866,7.57515,0
1401.9,0.0063,4.63866,7.57515,0
1402,0.0063,4.63865,7.57515,0
1402.1,0.0063,4.63865,7.57515,0
1402.2,0.0063,4.63864,7.57515,0
1402.3,0.0063,4.63863,7.57515,0
1402.4,0.0063,4.63863,7.57515,0
1402.5,0.0063,4.63862,7.57515,0
1402.6,0.0063,4.63861,7.57515,0
1402.7,0.0063,4.63861,7.57344,0
1402.8,0.0063,4.6386,7.57515,0
1402.9,0.0063,4.63859,7.57515,0
1403,0.0063,4.63859,7.57515,0
1403.1,0.0063,4.63858,7.57515,0
1403.2,0.0063,4.63857,7.57344,0
1403.3,0.0063,4.63857,7.57515,0
1403.4,0.0063,4.63856,7.57515,0
1403.5,0.0063,4.63856,7.57515,0
1403.6,0.0063,4.63855,7.57515,0
1403.7,0.0063,4.63855,7.57515,0
1403.8,0.0063,4.63854,7.57515,0
1403.9,0.0063,4.63853,7.57515,0
1404,0.0063,4.63853,7.57515,0
1404.1,0.0063,4.63852,7.57344,0
1404.2,0.0063,4.63852,7.57515,0
1404.3,0.0063,4.63851,7.57515,0
1404.4,0.0063,4.63851,7.57515,0
1404.5,0.0063,4.6385,7.57515,0
1404.6,0.0063,4.6385,7.57515,0
1404.7,0.0063,4.63849,7.57515,0
1404.8,0.0063,4.63848,7.57515,0
1404.9,0.0063,4.63848,7.57515,0
1405,0.0063,4.63847,7.57515,0
1405.1,0.0063,4.63847,7.57515,0
1405.2,0.0063,4.63846,7.57515,0
1405.3,0.0063,4.63846,7.57515,0
1405.4,0.0063,4.63845,7.57515,0
1405.5,0.0063,4.63845,7.57515,0
1405.6,0.0063,4.63844,7.57515,0
1405.7,0.0063,4.63844,7.57515,0
1405.8,0.0063,4.63843,7.57515,0
1405.9,0.0063,4.63842,7.57515,0
1406,0.0063,4.63842,7.57515,0
1406.1,0.0063,4.63841,7.57515,0
1406.2,0.0063,4.63841,7.57515,0
1406.3,0.0063,4.6384,7.57515,0
1406.4,0.0063,4.6384,7.57515,0
1406.5,0.0063,4.63839,7.57515,0
1406.6,0.0063,4.63839,7.57515,0
1406.7,0.0063,4.63838,7.57515,0
1406.8,0.0063,4.63838,7.57515,0
1406.9,0.0063,4.63837,7.57515,0
1407,0.0063,4.63837,7.57515,0
1407.1,0.0063,4.63836,7.57515,0
1407.2,0.0063,4.63836,7.57515,0
1407.3,0.0063,4.63836,7.57515,0
1407.4,0.0063,4.63835,7.57515,0
1407.5,0.0063,4.63835,7.57515,0
1407.6,0.0063,4.63834,7.57515,0
1407.7,0.0063,4.63834,7.57515,0
1407.8,0.0063,4.63833,7.57515,0
1407.9,0.0063,4.63833,7.57515,0
1408,0.0063,4.63833,7.57515,0
1408.1,0.0063,4.63832,7.57515,0
1408.2,0.0063,4.63831,7.57515,0
1408.3,0.0063,4.63831,7.57515,0
1408.4,0.0063,4.6383,7.57515,0
1408.5,0.0063,4.6383,7.57515,0
1408.6,0.0063,4.63829,7.57515,0
1408.7,0.0063,4.63829,7.57515,0
1408.8,0.0063,4.63828,7.57515,0
1408.9,0.0063,4.63828,7.57515,0
1409,0.0063,4.63827,7.57515,0
1409.1,0.0063,4.63827,7.57515,0
1409.2,0.0063,4.63827,7.57515,0
1409.3,0.0063,4.63826,7.57515,0
1409.4,0.0063,4.63826,7.57515,0
1409.5,0.0063,4.63825,7.57515,0
1409.6,0.0063,4.63825,7.57515,0
1409.7,0.0063,4.63824,7.57515,0
1409.8,0.0063,4.63824,7.57515,0
1409.9,0.0063,4.63823,7.57344,0
1410,0.0063,4.63823,7.57515,0
1410.1,0.0063,4.63822,7.57515,0
1410.2,0.0063,4.63822,7.57515,0
1410.3,0.0063,4.63821,7.57515,0
1410.4,0.0063,4.63821,7.57515,0
1410.5,0.0063,4.6382,7.57515,0
1410.6,0.0063,4.6382,7.57515,0
1410.7,0.0063,4.63819,7.57515,0
1410.8,0.0063,4.63819,7.57515,0
1410.9,0.0063,4.63819,7.57515,0
1411,0.0063,4.63818,7.57515,0
1411.1,0.0063,4.63818,7.57515,0
1411.2,0.0063,4.63817,7.57515,0
1411.3,0.0063,4.63817,7.57515,0
1411.4,0.0063,4.63816,7.57515,0
1411.5,0.0063,4.63816,7.57515,0
1411.6,0.0063,4.63815,7.57515,0
1411.7,0.0063,4.63815,7.57515,0
1411.8,0.0063,4.63814,7.57515,0
1411.9,0.0063,4.63814,7.57515,0
1412,0.0063,4.63813,7.57344,0
1412.1,0.0063,4.63813,7.57515,0
1412.2,0.0063,4.63812,7.57515,0
1412.3,0.0063,4.63812,7.57515,0
1412.4,0.0063,4.63811,7.57515,0
1412.5,0.0063,4.63811,7.57515,0
1412.6,0.0063,4.6381,7.57515,0
1412.7,0.0063,4.6381,7.57515,0
1412.8,0.0063,4.63809,7.57515,0
1412.9,0.0063,4.63809,7.57515,0
1413,0.0063,4.63808,7.57515,0
1413.1,0.0063,4.63808,7.57515,0
1413.2,0.0063,4.63807,7.57515,0
1413.3,0.0063,4.63807,7.57515,0
1413.4,0.0063,4.63806,7.57515,0
1413.5,0.0063,4.63806,7.57515,0
1413.6,0.0063,4.63805,7.57515,0
1413.7,0.0063,4.63805,7.57683,0
1413.8,0.0063,4.63804,7.57515,0
1413.9,0.0063,4.63804,7.57515,0
1414,0.0063,4.63804,7.57515,0
1414.1,0.0063,4.63803,7.57515,0
1414.2,0.0063,4.63803,7.57515,0
1414.3,0.0063,4.63802,7.57515,0
1414.4,0.0063,4.63802,7.57515,0
1414.5,0.0063,4.63801,7.57515,0
1414.6,0.0063,4.63801,7.57515,0
1414.7,0.0063,4.63801,7.57515,0
1414.8,0.0063,4.638,7.57515,0
1414.9,0.0063,4.638,7.57515,0
1415,0.0063,4.63799,7.57515,0
1415.1,0.0063,4.63799,7.57515,0
1415.2,0.0063,4.63798,7.57515,0
1415.3,0.0063,4.63798,7.57515,0
1415.4,0.0063,4.63797,7.57515,0
1415.5,0.0063,4.63797,7.57515,0
1415.6,0.0063,4.63796,7.57515,0
1415.7,0.0063,4.63796,7.57515,0
1415.8,0.0063,4.63795,7.57515,0
1415.9,0.0063,4.63795,7.57515,0
1416,0.0063,4.63794,7.57515,0
1416.1,0.0063,4.63794,7.57515,0
1416.2,0.0063,4.63793,7.57515,0
1416.3,0.0063,4.63793,7.57515,0
1416.4,0.0063,4.63792,7.57515,0
1416.5,0.0063,4.63792,7.57515,0
1416.6,0.0063,4.63791,7.57515,0
1416.7,0.0063,4.6379,7.57515,0
1416.8,0.0063,4.6379,7.57515,0
1416.9,0.0063,4.63789,7.57515,0
1417,0.0063,4.63789,7.57515,0
1417.1,0.0063,4.63788,7.57515,0
1417.2,0.0063,4.63788,7.57515,0
1417.3,0.0063,4.63787,7.57515,0
1417.4,0.0063,4.63786,7.57515,0
1417.5,0.0063,4.63786,7.57515,0
1417.6,0.0063,4.63785,7.57515,0
1417.7,0.0063,4.63784,7.57515,0
1417.8,0.0063,4.63784,7.57515,0
1417.9,0.0063,4.63783,7.57515,0
1418,0.0063,4.63783,7.57515,0
1418.1,0.0063,4.63782,7.57515,0
1418.2,0.0063,4.63781,7.57515,0
1418.3,0.0063,4.63781,7.57515,0
1418.4,0.0063,4.6378,7.57515,0
1418.5,0.0063,4.6378,7.57515,0
1418.6,0.0063,4.63779,7.57515,0
1418.7,0.0063,4.63779,7.57515,0
1418.8,0.0063,4.63778,7.57344,0
1418.9,0.0063,4.63778,7.57515,0
1419,0.0063,4.63777,7.57515,0
1419.1,0.0063,4.63777,7.57515,0
1419.2,0.0063,4.63776,7.57515,0
1419.3,0.0063,4.63776,7.57515,0
1419.4,0.0063,4.63775,7.57515,0
1419.5,0.0063,4.63775,7.57515,0
1419.6,0.0063,4.63774,7.57515,0
1419.7,0.0063,4.63774,7.57344,0
1419.8,0.0063,4.63773,7.57515,0
1419.9,0.0063,4.63773,7.57515,0
1420,0.0063,4.63773,7.57515,0
1420.1,0.0063,4.63772,7.57515,0
1420.2,0.0063,4.63772,7.57515,0
1420.3,0.0063,4.63771,7.57515,0
1420.4,0.0063,4.63771,7.57515,0
1420.5,0.0063,4.6377,7.57515,0
1420.6,0.0063,4.6377,7.57515,0
1420.7,0.0063,4.63769,7.57515,0
1420.8,0.0063,4.63769,7.57515,0
1420.9,0.0063,4.63769,7.57515,0
1421,0.0063,4.63768,7.57515,0
1421.1,0.0063,4.63768,7.57515,0
1421.2,0.0063,4.63767,7.57515,0
1421.3,0.0063,4.63767,7.57515,0
1421.4,0.0063,4.63766,7.57515,0
1421.5,0.0063,4.63766,7.57344,0
1421.6,0.0063,4.63766,7.57344,0
1421.7,0.0063,4.63765,7.57344,0
1421.8,0.0063,4.63765,7.57515,0
1421.9,0.0063,4.63764,7.57515,0
1422,0.0063,4.63764,7.57515,0
1422.1,0.0063,4.63763,7.57344,0
1422.2,0.0063,4.63763,7.57515,0
1422.3,0.0063,4.63763,7.57515,0
1422.4,0.0063,4.63762,7.57515,0
1422.5,0.0063,4.63762,7.57515,0
1422.6,0.0063,4.63761,7.57515,0
1422.7,0.0063,4.63761,7.57515,0
1422.8,0.0063,4.63761,7.57515,0
1422.9,0.0063,4.6376,7.57515,0
1423,0.0063,4.6376,7.57515,0
1423.1,0.00631,4.63759,7.57515,0
1423.2,0.00631,4.63759,7.57515,0
1423.3,0.00631,4.63759,7.57344,0
1423.4,0.00631,4.63758,7.57515,0
1423.5,0.00631,4.63758,7.57515,0
1423.6,0.00631,4.63757,7.57515,0
1423.7,0.00631,4.63757,7.57515,0
1423.8,0.00631,4.63756,7.57515,0
1423.9,0.00631,4.63756,7.57515,0
1424,0.00631,4.63755,7.57515,0
1424.1,0.00631,4.63755,7.57515,0
1424.2,0.00631,4.63754,7.57515,0
1424.3,0.00631,4.63754,7.57515,0
1424.4,0.00631,4.63753,7.57515,0
1424.5,0.00631,4.63753,7.57515,0
1424.6,0.00631,4.63752,7.57515,0
1424.7,0.00631,4.63752,7.57515,0
1424.8,0.00631,4.63752,7.57515,0
1424.9,0.00631,4.63751,7.57515,0
1425,0.00631,4.63751,7.57515,0
1425.1,0.00631,4.6375,7.57515,0
1425.2,0.00631,4.6375,7.57515,0
1425.3,0.00631,4.63749,7.57515,0
1425.4,0.00631,4.63749,7.57515,0
1425.5,0.00631,4.63748,7.57515,0
1425.6,0.00631,4.63748,7.57515,0
1425.7,0.00631,4.63747,7.57515,0
1425.8,0.00631,4.63747,7.57515,0
1425.9,0.00631,4.63746,7.57515,0
1426,0.00631,4.63746,7.57515,0
1426.1,0.00631,4.63745,7.57515,0
1426.2,0.00631,4.63745,7.57515,0
1426.3,0.00631,4.63744,7.57515,0
1426.4,0.00631,4.63744,7.57515,0
1426.5,0.00631,4.63743,7.57515,0
1426.6,0.00631,4.63743,7.57515,0
1426.7,0.00631,4.63742,7.57515,0
1426.8,0.00632,4.63742,7.57515,0
1426.9,0.00632,4.63741,7.57344,0
1427,0.00632,4.63741,7.57344,0
1427.1,0.00632,4.6374,7.57344,0
1427.2,0.00632,4.6374,7.57344,0
1427.3,0.00632,4.63739,7.57344,0
1427.4,0.00632,4.63739,7.57344,0
1427.5,0.00632,4.63738,7.57515,0
1427.6,0.00632,4.63738,7.57344,0
1427.7,0.00632,4.63737,7.57515,0
1427.8,0.00632,4.63737,7.57515,0
1427.9,0.00632,4.63736,7.57515,0
1428,0.00632,4.63736,7.57515,0
1428.1,0.00632,4.63735,7.57515,0
1428.2,0.00632,4.63735,7.57515,0
1428.3,0.00632,4.63734,7.57515,0
1428.4,0.00632,4.63734,7.57515,0
1428.5,0.00632,4.63734,7.57515,0
1428.6,0.00632,4.63733,7.57515,0
1428.7,0.00632,4.63733,7.57515,0
1428.8,0.00632,4.63732,7.57515,0
1428.9,0.00632,4.63731,7.57515,0
1429,0.00632,4.63731,7.57515,0
1429.1,0.00632,4.6373,7.57515,0
1429.2,0.00632,4.6373,7.57515,0
1429.3,0.00632,4.6373,7.57515,0
1429.4,0.00632,4.63729,7.57515,0
1429.5,0.00632,4.63729,7.57515,0
1429.6,0.00632,4.63728,7.57515,0
1429.7,0.00632,4.63728,7.57515,0
1429.8,0.00633,4.63727,7.57515,0
1429.9,0.00633,4.63727,7.57515,0
1430,0.00633,4.63727,7.57344,0
1430.1,0.00633,4.63726,7.57515,0
1430.2,0.00633,4.63726,7.57515,0
1430.3,0.00633,4.63725,7.57515,0
1430.4,0.00633,4.63725,7.57515,0
1430.5,0.00633,4.63724,7.57515,0
1430.6,0.00633,4.63724,7.57515,0
1430.7,0.00633,4.63724,7.57515,0
1430.8,0.00633,4.63723,7.57344,0
1430.9,0.00633,4.63723,7.57515,0
1431,0.00633,4.63722,7.57515,0
1431.1,0.00633,4.63722,7.57515,0
1431.2,0.00633,4.63721,7.57515,0
1431.3,0.00633,4.63721,7.57515,0
1431.4,0.00633,4.63721,7.57515,0
1431.5,0.00633,4.6372,7.57515,0
1431.6,0.00633,4.6372,7.57515,0
1431.7,0.00633,4.63719,7.57515,0
1431.8,0.00633,4.63719,7.57515,0
1431.9,0.00633,4.63719,7.57515,0
1432,0.00633,4.63718,7.57344,0
1432.1,0.00633,4.63718,7.57515,0
1432.2,0.00633,4.63717,7.57515,0
1432.3,0.00633,4.63717,7.57515,0
1432.4,0.00633,4.63717,7.57515,0
1432.5,0.00633,4.63716,7.57515,0
1432.6,0.00633,4.63716,7.57515,0
1432.7,0.00633,4.63715,7.57515,0
1432.8,0.00633,4.63715,7.57515,0
1432.9,0.00633,4.63714,7.57515,0
1433,0.00633,4.63714,7.57515,0
1433.1,0.00633,4.63714,7.57515,0
1433.2,0.00633,4.63713,7.57515,0
1433.3,0.00633,4.63713,7.57515,0
1433.4,0.00634,4.63712,7.57515,0
1433.5,0.00634,4.63712,7.57515,0
1433.6,0.00634,4.63712,7.57515,0
1433.7,0.00634,4.63711,7.57515,0
1433.8,0.00634,4.63711,7.57515,0
1433.9,0.00634,4.63711,7.57515,0
1434,0.00634,4.6371,7.57515,0
1434.1,0.00634,4.6371,7.57515,0
1434.2,0.00634,4.63709,7.57515,0
1434.3,0.00634,4.63709,7.57344,0
1434.4,0.00634,4.63708,7.57515,0
1434.5,0.00634,4.63708,7.57515,0
1434.6,0.00634,4.63707,7.57515,0
1434.7,0.00634,4.63707,7.57515,0
1434.8,0.00634,4.63706,7.57515,0
1434.9,0.00634,4.63706,7.57515,0
1435,0.00634,4.63706,7.57515,0
1435.1,0.00634,4.63705,7.57515,0
1435.2,0.00634,4.63705,7.57515,0
1435.3,0.00634,4.63704,7.57515,0
1435.4,0.00634,4.63704,7.57515,0
1435.5,0.00634,4.63703,7.57515,0
1435.6,0.00634,4.63703,7.57515,0
1435.7,0.00634,4.63702,7.57515,0
1435.8,0.00634,4.63702,7.57515,0
1435.9,0.00634,4.63701,7.57515,0
1436,0.00634,4.63701,7.57515,0
1436.1,0.00634,4.637,7.57515,0
1436.2,0.00634,4.637,7.57515,0
1436.3,0.00634,4.63699,7.57515,0
1436.4,0.00634,4.63699,7.57515,0
1436.5,0.00634,4.63698,7.57515,0
1436.6,0.00634,4.63698,7.57515,0
1436.7,0.00634,4.63697,7.57515,0
1436.8,0.00634,4.63697,7.57515,0
1436.9,0.00634,4.63696,7.57515,0
1437,0.00634,4.63696,7.57344,0
1437.1,0.00634,4.63696,7.57515,0
1437.2,0.00634,4.63695,7.57515,0
1437.3,0.00635,4.63695,7.57344,0
1437.4,0.00635,4.63695,7.57515,0
1437.5,0.00635,4.63694,7.57515,0
1437.6,0.00635,4.63694,7.57515,0
1437.7,0.00635,4.63693,7.57515,0
1437.8,0.00635,4.63693,7.57515,0
1437.9,0.00635,4.63692,7.57515,0
1438,0.00635,4.63692,7.57515,0
1438.1,0.00635,4.63692,7.57515,0
1438.2,0.00635,4.63691,7.57515,0
1438.3,0.00635,4.63691,7.57515,0
1438.4,0.00635,4.6369,7.57515,0
1438.5,0.00635,4.6369,7.57515,0
1438.6,0.00635,4.6369,7.57515,0
1438.7,0.00635,4.63689,7.57515,0
1438.8,0.00635,4.63689,7.57515,0
1438.9,0.00635,4.63689,7.57515,0
1439,0.00635,4.63689,7.57515,0
1439.1,0.00635,4.63688,7.57515,0
1439.2,0.00635,4.63688,7.57515,0
1439.3,0.00635,4.63688,7.57344,0
1439.4,0.00635,4.63688,7.57515,0
1439.5,0.00635,4.63687,7.57515,0
1439.6,0.00635,4.63687,7.57515,0
1439.7,0.00635,4.63687,7.57515,0
1439.8,0.00635,4.63687,7.57515,0
1439.9,0.00635,4.63687,7.57515,0
1440,0.00636,4.63686,7.57515,0
1440.1,0.00636,4.63686,7.57515,0
1440.2,0.00636,4.63686,7.57515,0
1440.3,0.00636,4.63686,7.57515,0
1440.4,0.00636,4.63686,7.57515,0
1440.5,0.00636,4.63685,7.57515,0
1440.6,0.00636,4.63685,7.57515,0
1440.7,0.00636,4.63685,7.57515,0
1440.8,0.00636,4.63685,7.57515,0
1440.9,0.00636,4.63685,7.57515,0
1441,0.00636,4.63685,7.57515,0
1441.1,0.00636,4.63685,7.57515,0
1441.2,0.00636,4.63684,7.57515,0
1441.3,0.00636,4.63684,7.57515,0
1441.4,0.00636,4.63684,7.57515,0
1441.5,0.00636,4.63684,7.57515,0
1441.6,0.00636,4.63684,7.57515,0
1441.7,0.00636,4.63683,7.57515,0
1441.8,0.00636,4.63683,7.57515,0
1441.9,0.00636,4.63683,7.57515,0
1442,0.00636,4.63683,7.57515,0
1442.1,0.00636,4.63683,7.57515,0
1442.2,0.00636,4.63683,7.57344,0
1442.3,0.00636,4.63682,7.57515,0
1442.4,0.00637,4.63682,7.57344,0
1442.5,0.00637,4.63682,7.57515,0
1442.6,0.00637,4.63682,7.57515,0
1442.7,0.00637,4.63682,7.57344,0
1442.8,0.00637,4.63682,7.57515,0
1442.9,0.00637,4.63682,7.57515,0
1443,0.00637,4.63681,7.57515,0
1443.1,0.00637,4.63681,7.57515,0
1443.2,0.00637,4.63681,7.57515,0
1443.3,0.00637,4.63681,7.57515,0
1443.4,0.00637,4.63681,7.57515,0
1443.5,0.00637,4.63681,7.57515,0
1443.6,0.00637,4.63681,7.57515,0
1443.7,0.00637,4.63681,7.57515,0
1443.8,0.00637,4.63681,7.57515,0
1443.9,0.00637,4.63681,7.57515,0
1444,0.00637,4.63681,7.57515,0
1444.1,0.00637,4.63681,7.57515,0
1444.2,0.00637,4.63681,7.57344,0
1444.3,0.00637,4.63681,7.57344,0
1444.4,0.00638,4.63681,7.57515,0
1444.5,0.00638,4.6368,7.57344,0
1444.6,0.00638,4.6368,7.57344,0
1444.7,0.00638,4.6368,7.57515,0
1444.8,0.00638,4.6368,7.57515,0
1444.9,0.00638,4.6368,7.57515,0
1445,0.00638,4.63679,7.57515,0
1445.1,0.00638,4.63679,7.57515,0
1445.2,0.00638,4.63679,7.57515,0
1445.3,0.00638,4.63679,7.57515,0
1445.4,0.00638,4.63678,7.57515,0
1445.5,0.00638,4.63678,7.57515,0
1445.6,0.00638,4.63678,7.57515,0
1445.7,0.00638,4.63678,7.57515,0
1445.8,0.00638,4.63677,7.57344,0
1445.9,0.00638,4.63677,7.57515,0
1446,0.00638,4.63677,7.57515,0
1446.1,0.00639,4.63677,7.57515,0
1446.2,0.00639,4.63676,7.57515,0
1446.3,0.00639,4.63676,7.57515,0
1446.4,0.00639,4.63676,7.57515,0
1446.5,0.00639,4.63675,7.57344,0
1446.6,0.00639,4.63675,7.57515,0
1446.7,0.00639,4.63675,7.57515,0
1446.8,0.00639,4.63674,7.57515,0
1446.9,0.00639,4.63674,7.57515,0
1447,0.00639,4.63674,7.57515,0
1447.1,0.00639,4.63673,7.57515,0
1447.2,0.00639,4.63673,7.57515,0
1447.3,0.00639,4.63673,7.57515,0
1447.4,0.00639,4.63673,7.57515,0
1447.5,0.00639,4.63672,7.57515,0
1447.6,0.00639,4.63672,7.57515,0
1447.7,0.00639,4.63672,7.57515,0
1447.8,0.00639,4.63671,7.57515,0
1447.9,0.0064,4.63671,7.57515,0
1448,0.0064,4.63671,7.57515,0
1448.1,0.0064,4.63671,7.57515,0
1448.2,0.0064,4.6367,7.57515,0
1448.3,0.0064,4.6367,7.57515,0
1448.4,0.0064,4.63669,7.57515,0
1448.5,0.0064,4.63669,7.57515,0
1448.6,0.0064,4.63669,7.57515,0
1448.7,0.0064,4.63669,7.57515,0
1448.8,0.0064,4.63668,7.57515,0
1448.9,0.0064,4.63668,7.57515,0
1449,0.0064,4.63668,7.57515,0
1449.1,0.0064,4.63667,7.57515,0
1449.2,0.0064,4.63667,7.57515,0
1449.3,0.0064,4.63667,7.57515,0
1449.4,0.0064,4.63667,7.57515,0
1449.5,0.0064,4.63666,7.57515,0
1449.6,0.00641,4.63666,7.57515,0
1449.7,0.00641,4.63665,7.57515,0
1449.8,0.00641,4.63665,7.57515,0
1449.9,0.00641,4.63665,7.57515,0
1450,0.00641,4.63664,7.57515,0
1450.1,0.00641,4.63664,7.57515,0
1450.2,0.00641,4.63663,7.57515,0
1450.3,0.00641,4.63663,7.57515,0
1450.4,0.00641,4.63663,7.57515,0
1450.5,0.00641,4.63662,7.57515,0
1450.6,0.00641,4.63662,7.57515,0
1450.7,0.00641,4.63661,7.57515,0
1450.8,0.00641,4.63661,7.57515,0
1450.9,0.00641,4.63661,7.57515,0
1451,0.00641,4.6366,7.57515,0
1451.1,0.00641,4.6366,7.57515,0
1451.2,0.00641,4.63659,7.57515,0
1451.3,0.00641,4.63659,7.57515,0
1451.4,0.00642,4.63658,7.57515,0
1451.5,0.00642,4.63658,7.57515,0
1451.6,0.00642,4.63657,7.57515,0
1451.7,0.00642,4.63657,7.57515,0
1451.8,0.00642,4.63656,7.57515,0
1451.9,0.00642,4.63656,7.57515,0
1452,0.00642,4.63655,7.57515,0
1452.1,0.00642,4.63655,7.57515,0
1452.2,0.00642,4.63654,7.57515,0
1452.3,0.00642,4.63654,7.57515,0
1452.4,0.00642,4.63653,7.57515,0
1452.5,0.00642,4.63653,7.57515,0
1452.6,0.00642,4.63652,7.57515,0
1452.7,0.00642,4.63651,7.57515,0
1452.8,0.00642,4.63651,7.57515,0
1452.9,0.00642,4.6365,7.57515,0
1453,0.00643,4.6365,7.57515,0
1453.1,0.00643,4.63649,7.57515,0
1453.2,0.00643,4.63649,7.57515,0
1453.3,0.00643,4.63648,7.57515,0
1453.4,0.00643,4.63648,7.57515,0
1453.5,0.00643,4.63647,7.57515,0
1453.6,0.00643,4.63646,7.57515,0
1453.7,0.00643,4.63646,7.57515,0
1453.8,0.00643,4.63645,7.57515,0
1453.9,0.00643,4.63644,7.57515,0
1454,0.00643,4.63644,7.57515,0
1454.1,0.00643,4.63643,7.57515,0
1454.2,0.00643,4.63643,7.57515,0
1454.3,0.00643,4.63642,7.57515,0
1454.4,0.00643,4.63641,7.57515,0
1454.5,0.00643,4.63641,7.57515,0
1454.6,0.00644,4.6364,7.57515,0
1454.7,0.00644,4.6364,7.57515,0
1454.8,0.00644,4.63639,7.57515,0
1454.9,0.00644,4.63639,7.57515,0
1455,0.00644,4.63638,7.57515,0
1455.1,0.00644,4.63638,7.57515,0
1455.2,0.00644,4.63637,7.57515,0
1455.3,0.00644,4.63637,7.57515,0
1455.4,0.00644,4.63636,7.57515,0
1455.5,0.00644,4.63636,7.57515,0
1455.6,0.00644,4.63636,7.57515,0
1455.7,0.00644,4.63635,7.57515,0
1455.8,0.00644,4.63635,7.57515,0
1455.9,0.00644,4.63634,7.57515,0
1456,0.00644,4.63634,7.57515,0
1456.1,0.00644,4.63633,7.57515,0
1456.2,0.00644,4.63632,7.57515,0
1456.3,0.00645,4.63632,7.57515,0
1456.4,0.00645,4.63631,7.57515,0
1456.5,0.00645,4.63631,7.57515,0
1456.6,0.00645,4.6363,7.57515,0
1456.7,0.00645,4.6363,7.57515,0
1456.8,0.00645,4.63629,7.57515,0
1456.9,0.00645,4.63629,7.57515,0
1457,0.00645,4.63628,7.57515,0
1457.1,0.00645,4.63628,7.57515,0
1457.2,0.00645,4.63627,7.57515,0
1457.3,0.00645,4.63627,7.57515,0
1457.4,0.00645,4.63626,7.57515,0
1457.5,0.00645,4.63626,7.57515,0
1457.6,0.00645,4.63625,7.57515,0
1457.7,0.00645,4.63624,7.57515,0
1457.8,0.00645,4.63624,7.57515,0
1457.9,0.00645,4.63623,7.57515,0
1458,0.00645,4.63622,7.57515,0
1458.1,0.00646,4.63622,7.57515,0
1458.2,0.00646,4.63621,7.57515,0
1458.3,0.00646,4.63621,7.57515,0
1458.4,0.00646,4.6362,7.57515,0
1458.5,0.00646,4.63619,7.57515,0
1458.6,0.00646,4.63618,7.57515,0
1458.7,0.00646,4.63618,7.57515,0
1458.8,0.00646,4.63617,7.57515,0
1458.9,0.00646,4.63616,7.57515,0
1459,0.00646,4.63616,7.57515,0
1459.1,0.00646,4.63615,7.57515,0
1459.2,0.00646,4.63614,7.57515,0
1459.3,0.00646,4.63614,7.57515,0
1459.4,0.00646,4.63613,7.57515,0
1459.5,0.00646,4.63612,7.57515,0
1459.6,0.00646,4.63612,7.57515,0
1459.7,0.00646,4.63611,7.57515,0
1459.8,0.00646,4.6361,7.57515,0
1459.9,0.00647,4.6361,7.57515,0
1460,0.00647,4.63609,7.57515,0
1460.1,0.00647,4.63608,7.57515,0
1460.2,0.00647,4.63607,7.57515,0
1460.3,0.00647,4.63607,7.57515,0
1460.4,0.00647,4.63606,7.57515,0
1460.5,0.00647,4.63605,7.57515,0
1460.6,0.00647,4.63605,7.57515,0
1460.7,0.00647,4.63604,7.57515,0
1460.8,0.00647,4.63603,7.57515,0
1460.9,0.00647,4.63603,7.57515,0
1461,0.00647,4.63602,7.57515,0
1461.1,0.00647,4.63601,7.57344,0
1461.2,0.00647,4.63601,7.57515,0
1461.3,0.00647,4.636,7.57515,0
1461.4,0.00647,4.636,7.57515,0
1461.5,0.00647,4.63599,7.57515,0
1461.6,0.00647,4.63598,7.57515,0
1461.7,0.00647,4.63598,7.57515,0
1461.8,0.00648,4.63597,7.57515,0
1461.9,0.00648,4.63596,7.57515,0
1462,0.00648,4.63596,7.57515,0
1462.1,0.00648,4.63595,7.57515,0
1462.2,0.00648,4.63594,7.57515,0
1462.3,0.00648,4.63594,7.57515,0
1462.4,0.00648,4.63593,7.57515,0
1462.5,0.00648,4.63592,7.57515,0
1462.6,0.00648,4.63592,7.57515,0
1462.7,0.00648,4.63591,7.57515,0
1462.8,0.00648,4.6359,7.57515,0
1462.9,0.00648,4.63589,7.57515,0
1463,0.00648,4.63588,7.57515,0
1463.1,0.00648,4.63588,7.57515,0
1463.2,0.00648,4.63587,7.57344,0
1463.3,0.00648,4.63586,7.57515,0
1463.4,0.00648,4.63585,7.57515,0
1463.5,0.00648,4.63584,7.57515,0
1463.6,0.00648,4.63583,7.57515,0
1463.7,0.00649,4.63583,7.57515,0
1463.8,0.00649,4.63582,7.57515,0
1463.9,0.00649,4.63581,7.57515,0
1464,0.00649,4.6358,7.57515,0
1464.1,0.00649,4.6358,7.57515,0
1464.2,0.00649,4.63579,7.57515,0
1464.3,0.00649,4.63578,7.57515,0
1464.4,0.00649,4.63577,7.57515,0
1464.5,0.00649,4.63577,7.57515,0
1464.6,0.00649,4.63576,7.57515,0
1464.7,0.00649,4.63575,7.57515,0
1464.8,0.00649,4.63574,7.57515,0
1464.9,0.00649,4.63573,7.57515,0
1465,0.00649,4.63572,7.57515,0
1465.1,0.00649,4.63571,7.57515,0
1465.2,0.00649,4.63571,7.57515,0
1465.3,0.00649,4.6357,7.57344,0
1465.4,0.00649,4.63569,7.57344,0
1465.5,0.0065,4.63568,7.57515,0
1465.6,0.0065,4.63567,7.57515,0
1465.7,0.0065,4.63566,7.57515,0
1465.8,0.0065,4.63565,7.57515,0
1465.9,0.0065,4.63565,7.57515,0
1466,0.0065,4.63564,7.57515,0
1466.1,0.0065,4.63563,7.57515,0
1466.2,0.0065,4.63562,7.57515,0
1466.3,0.0065,4.63561,7.57515,0
1466.4,0.0065,4.6356,7.57515,0
1466.5,0.0065,4.63559,7.57515,0
1466.6,0.0065,4.63559,7.57515,0
1466.7,0.0065,4.63558,7.57515,0
1466.8,0.0065,4.63557,7.57515,0
1466.9,0.0065,4.63556,7.57515,0
1467,0.0065,4.63555,7.57515,0
1467.1,0.0065,4.63554,7.57515,0
1467.2,0.00651,4.63554,7.57515,0
1467.3,0.00651,4.63553,7.57515,0
1467.4,0.00651,4.63552,7.57344,0
1467.5,0.00651,4.63551,7.57515,0
1467.6,0.00651,4.63551,7.57515,0
1467.7,0.00651,4.6355,7.57515,0
1467.8,0.00651,4.63549,7.57515,0
1467.9,0.00651,4.63548,7.57515,0
1468,0.00651,4.63547,7.57515,0
1468.1,0.00651,4.63547,7.57515,0
1468.2,0.00651,4.63546,7.57515,0
1468.3,0.00651,4.63545,7.57515,0
1468.4,0.00651,4.63544,7.57515,0
1468.5,0.00651,4.63543,7.57515,0
1468.6,0.00651,4.63542,7.57515,0
1468.7,0.00652,4.63541,7.57515,0
1468.8,0.00652,4.6354,7.57515,0
1468.9,0.00652,4.6354,7.57515,0
1469,0.00652,4.63539,7.57515,0
1469.1,0.00652,4.63538,7.57515,0
1469.2,0.00652,4.63537,7.57515,0
1469.3,0.00652,4.63536,7.57515,0
1469.4,0.00652,4.63535,7.57515,0
1469.5,0.00652,4.63534,7.57515,0
1469.6,0.00652,4.63533,7.57515,0
1469.7,0.00652,4.63533,7.57515,0
1469.8,0.00652,4.63532,7.57515,0
1469.9,0.00652,4.63531,7.57515,0
1470,0.00652,4.6353,7.57515,0
1470.1,0.00653,4.63529,7.57515,0
1470.2,0.00653,4.63528,7.57515,0
1470.3,0.00653,4.63527,7.57515,0
1470.4,0.00653,4.63526,7.57515,0
1470.5,0.00653,4.63526,7.57515,0
1470.6,0.00653,4.63525,7.57515,0
1470.7,0.00653,4.63524,7.57515,0
1470.8,0.00653,4.63523,7.57515,0
1470.9,0.00653,4.63522,7.57515,0
1471,0.00653,4.63522,7.57515,0
1471.1,0.00653,4.63521,7.57515,0
1471.2,0.00653,4.6352,7.57515,0
1471.3,0.00653,4.63519,7.57515,0
1471.4,0.00654,4.63518,7.57515,0
1471.5,0.00654,4.63517,7.57515,0
1471.6,0.00654,4.63516,7.57515,0
1471.7,0.00654,4.63516,7.57515,0
1471.8,0.00654,4.63515,7.57344,0
1471.9,0.00654,4.63514,7.57515,0
1472,0.00654,4.63513,7.57515,0
1472.1,0.00654,4.63512,7.57515,0
1472.2,0.00654,4.63511,7.57515,0
1472.3,0.00654,4.6351,7.57515,0
1472.4,0.00654,4.63509,7.57515,0
1472.5,0.00654,4.63508,7.57515,0
1472.6,0.00654,4.63507,7.57515,0
1472.7,0.00655,4.63506,7.57515,0
1472.8,0.00655,4.63505,7.57515,0
1472.9,0.00655,4.63504,7.57515,0
1473,0.00655,4.63503,7.57515,0
1473.1,0.00655,4.63502,7.57515,0
1473.2,0.00655,4.63501,7.57515,0
1473.3,0.00655,4.63501,7.57515,0
1473.4,0.00655,4.635,7.57344,0
1473.5,0.00655,4.63499,7.57515,0
1473.6,0.00655,4.63498,7.57515,0
1473.7,0.00655,4.63497,7.57515,0
1473.8,0.00655,4.63496,7.57344,0
1473.9,0.00655,4.63495,7.57515,0
1474,0.00655,4.63494,7.57515,0
1474.1,0.00656,4.63493,7.57515,0
1474.2,0.00656,4.63493,7.57515,0
1474.3,0.00656,4.63492,7.57515,0
1474.4,0.00656,4.63491,7.57515,0
1474.5,0.00656,4.6349,7.57515,0
1474.6,0.00656,4.63489,7.57515,0
1474.7,0.00656,4.63488,7.57515,0
1474.8,0.00656,4.63487,7.57515,0
1474.9,0.00656,4.63486,7.57515,0
1475,0.00656,4.63485,7.57515,0
1475.1,0.00656,4.63485,7.57515,0
1475.2,0.00656,4.63484,7.57515,0
1475.3,0.00657,4.63483,7.57515,0
1475.4,0.00657,4.63482,7.57515,0
1475.5,0.00657,4.63481,7.57515,0
1475.6,0.00657,4.6348,7.57515,0
1475.7,0.00657,4.63479,7.57515,0
1475.8,0.00657,4.63478,7.57515,0
1475.9,0.00657,4.63477,7.57515,0
1476,0.00657,4.63476,7.57515,0
1476.1,0.00657,4.63476,7.57344,0
1476.2,0.00657,4.63475,7.57344,0
1476.3,0.00657,4.63474,7.57515,0
1476.4,0.00657,4.63473,7.57344,0
1476.5,0.00657,4.63472,7.57515,0
1476.6,0.00657,4.63471,7.57344,0
1476.7,0.00657,4.63471,7.57515,0
1476.8,0.00658,4.6347,7.57515,0
1476.9,0.00658,4.63469,7.57515,0
1477,0.00658,4.63468,7.57515,0
1477.1,0.00658,4.63467,7.57515,0
1477.2,0.00658,4.63467,7.57515,0
1477.3,0.00658,4.63466,7.57515,0
1477.4,0.00658,4.63465,7.57515,0
1477.5,0.00658,4.63464,7.57344,0
1477.6,0.00658,4.63463,7.57515,0
1477.7,0.00658,4.63462,7.57515,0
1477.8,0.00658,4.63461,7.57515,0
1477.9,0.00658,4.63461,7.57515,0
1478,0.00658,4.6346,7.57515,0
1478.1,0.00658,4.63459,7.57515,0
1478.2,0.00658,4.63458,7.57515,0
1478.3,0.00658,4.63457,7.57515,0
1478.4,0.00659,4.63456,7.57515,0
1478.5,0.00659,4.63455,7.57515,0
1478.6,0.00659,4.63455,7.57515,0
1478.7,0.00659,4.63454,7.57515,0
1478.8,0.00659,4.63453,7.57515,0
1478.9,0.00659,4.63452,7.57515,0
1479,0.00659,4.63451,7.57515,0
1479.1,0.00659,4.63451,7.57515,0
1479.2,0.00659,4.6345,7.57515,0
1479.3,0.00659,4.63449,7.57515,0
1479.4,0.00659,4.63449,7.57515,0
1479.5,0.00659,4.63448,7.57515,0
1479.6,0.00659,4.63447,7.57344,0
1479.7,0.00659,4.63446,7.57515,0
1479.8,0.00659,4.63445,7.57515,0
1479.9,0.00659,4.63445,7.57515,0
1480,0.0066,4.63444,7.57515,0
1480.1,0.0066,4.63443,7.57515,0
1480.2,0.0066,4.63443,7.57515,0
1480.3,0.0066,4.63442,7.57515,0
1480.4,0.0066,4.63441,7.57515,0
1480.5,0.0066,4.63441,7.57515,0
1480.6,0.0066,4.6344,7.57515,0
1480.7,0.0066,4.6344,7.57515,0
1480.8,0.0066,4.63439,7.57515,0
1480.9,0.0066,4.63438,7.57515,0
1481,0.0066,4.63438,7.57515,0
1481.1,0.0066,4.63438,7.57515,0
1481.2,0.0066,4.63437,7.57344,0
1481.3,0.0066,4.63437,7.57344,0
1481.4,0.0066,4.63436,7.57515,0
1481.5,0.0066,4.63436,7.57515,0
1481.6,0.00661,4.63435,7.57515,0
1481.7,0.00661,4.63435,7.57515,0
1481.8,0.00661,4.63434,7.57515,0
1481.9,0.00661,4.63434,7.57515,0
1482,0.00661,4.63433,7.57515,0
1482.1,0.00661,4.63433,7.57515,0
1482.2,0.00661,4.63432,7.57515,0
1482.3,0.00661,4.63431,7.57515,0
1482.4,0.00661,4.63431,7.57515,0
1482.5,0.00661,4.6343,7.57515,0
1482.6,0.00661,4.6343,7.57515,0
1482.7,0.00661,4.63429,7.57515,0
1482.8,0.00661,4.63428,7.57515,0
1482.9,0.00661,4.63428,7.57515,0
1483,0.00661,4.63427,7.57515,0
1483.1,0.00661,4.63427,7.57515,0
1483.2,0.00661,4.63426,7.57515,0
1483.3,0.00661,4.63425,7.57515,0
1483.4,0.00661,4.63425,7.57515,0
1483.5,0.00662,4.63424,7.57344,0
1483.6,0.00662,4.63423,7.57344,0
1483.7,0.00662,4.63422,7.57515,0
1483.8,0.00662,4.63422,7.57344,0
1483.9,0.00662,4.63421,7.57515,0
1484,0.00662,4.6342,7.57515,0
1484.1,0.00662,4.63419,7.57515,0
1484.2,0.00662,4.63419,7.57344,0
1484.3,0.00662,4.63418,7.57515,0
1484.4,0.00662,4.63417,7.57515,0
1484.5,0.00662,4.63417,7.57515,0
1484.6,0.00662,4.63416,7.57344,0
1484.7,0.00662,4.63415,7.57344,0
1484.8,0.00662,4.63414,7.57515,0
1484.9,0.00662,4.63414,7.57515,0
1485,0.00662,4.63413,7.57515,0
1485.1,0.00662,4.63412,7.57515,0
1485.2,0.00663,4.63412,7.57515,0
1485.3,0.00663,4.63411,7.57515,0
1485.4,0.00663,4.63411,7.57515,0
1485.5,0.00663,4.6341,7.57344,0
1485.6,0.00663,4.63409,7.57515,0
1485.7,0.00663,4.63409,7.57515,0
1485.8,0.00663,4.63408,7.57515,0
1485.9,0.00663,4.63408,7.57515,0
1486,0.00663,4.63407,7.57515,0
1486.1,0.00663,4.63407,7.57515,0
1486.2,0.00663,4.63406,7.57515,0
1486.3,0.00663,4.63406,7.57515,0
1486.4,0.00663,4.63405,7.57515,0
1486.5,0.00663,4.63405,7.57344,0
1486.6,0.00663,4.63404,7.57344,0
1486.7,0.00663,4.63404,7.57344,0
1486.8,0.00664,4.63404,7.57515,0
1486.9,0.00664,4.63403,7.57515,0
1487,0.00664,4.63403,7.57515,0
1487.1,0.00664,4.63403,7.57515,0
1487.2,0.00664,4.63402,7.57515,0
1487.3,0.00664,4.63402,7.57515,0
1487.4,0.00664,4.63401,7.57515,0
1487.5,0.00664,4.63401,7.57515,0
1487.6,0.00664,4.63401,7.57515,0
1487.7,0.00664,4.634,7.57515,0
1487.8,0.00664,4.63399,7.57515,0
1487.9,0.00664,4.63399,7.57515,0
1488,0.00664,4.63398,7.57515,0
1488.1,0.00665,4.63398,7.57515,0
1488.2,0.00665,4.63397,7.57515,0
1488.3,0.00665,4.63396,7.57515,0
1488.4,0.00665,4.63396,7.57515,0
1488.5,0.00665,4.63395,7.57515,0
1488.6,0.00665,4.63394,7.57344,0
1488.7,0.00665,4.63393,7.57344,0
1488.8,0.00665,4.63393,7.57515,0
1488.9,0.00665,4.63392,7.57344,0
1489,0.00665,4.63391,7.57515,0
1489.1,0.00665,4.6339,7.57515,0
1489.2,0.00665,4.6339,7.57344,0
1489.3,0.00665,4.63389,7.57515,0
1489.4,0.00665,4.63388,7.57515,0
1489.5,0.00666,4.63387,7.57515,0
1489.6,0.00666,4.63386,7.57515,0
1489.7,0.00666,4.63386,7.57515,0
1489.8,0.00666,4.63385,7.57515,0
1489.9,0.00666,4.63384,7.57515,0
1490,0.00666,4.63383,7.57515,0
1490.1,0.00666,4.63382,7.57515,0
1490.2,0.00666,4.63381,7.57515,0
1490.3,0.00666,4.6338,7.57515,0
1490.4,0.00666,4.6338,7.57515,0
1490.5,0.00666,4.63379,7.57515,0
1490.6,0.00666,4.63378,7.57515,0
1490.7,0.00666,4.63377,7.57515,0
1490.8,0.00667,4.63376,7.57515,0
1490.9,0.00667,4.63375,7.57515,0
1491,0.00667,4.63374,7.57344,0
1491.1,0.00667,4.63373,7.57344,0
1491.2,0.00667,4.63372,7.57344,0
1491.3,0.00667,4.63371,7.57344,0
1491.4,0.00667,4.6337,7.57515,0
1491.5,0.00667,4.63369,7.57515,0
1491.6,0.00667,4.63368,7.57344,0
1491.7,0.00667,4.63367,7.57344,0
1491.8,0.00667,4.63365,7.57344,0
1491.9,0.00667,4.63364,7.57515,0
1492,0.00667,4.63363,7.57344,0
1492.1,0.00667,4.63362,7.57515,0
1492.2,0.00668,4.63361,7.57515,0
1492.3,0.00668,4.6336,7.57515,0
1492.4,0.00668,4.63359,7.57344,0
1492.5,0.00668,4.63358,7.57515,0
1492.6,0.00668,4.63357,7.57515,0
1492.7,0.00668,4.63356,7.57515,0
1492.8,0.00668,4.63355,7.57515,0
1492.9,0.00668,4.63354,7.57515,0
1493,0.00668,4.63353,7.57515,0
1493.1,0.00668,4.63352,7.57515,0
1493.2,0.00668,4.63351,7.57515,0
1493.3,0.00668,4.6335,7.57344,0
1493.4,0.00668,4.63349,7.57515,0
1493.5,0.00668,4.63348,7.57515,0
1493.6,0.00668,4.63348,7.57515,0
1493.7,0.00669,4.63347,7.57515,0
1493.8,0.00669,4.63346,7.57515,0
1493.9,0.00669,4.63345,7.57515,0
1494,0.00669,4.63344,7.57515,0
1494.1,0.00669,4.63343,7.57515,0
1494.2,0.00669,4.63342,7.57515,0
1494.3,0.00669,4.63341,7.57515,0
1494.4,0.00669,4.6334,7.57515,0
1494.5,0.00669,4.63339,7.57515,0
1494.6,0.00669,4.63337,7.57515,0
1494.7,0.00669,4.63336,7.57515,0
1494.8,0.00669,4.63335,7.57515,0
1494.9,0.00669,4.63333,7.57515,0
1495,0.00669,4.63332,7.57515,0
1495.1,0.00669,4.6333,7.57515,0
1495.2,0.0067,4.63329,7.57515,0
1495.3,0.0067,4.63328,7.57515,0
1495.4,0.0067,4.63326,7.57515,0
1495.5,0.0067,4.63325,7.57515,0
1495.6,0.0067,4.63324,7.57515,0
1495.7,0.0067,4.63322,7.57515,0
1495.8,0.0067,4.63321,7.57515,0
1495.9,0.0067,4.6332,7.57515,0
1496,0.0067,4.63318,7.57515,0
1496.1,0.0067,4.63317,7.57515,0
1496.2,0.0067,4.63316,7.57683,0
1496.3,0.0067,4.63315,7.57515,0
1496.4,0.0067,4.63313,7.57683,0
1496.5,0.0067,4.63312,7.57515,0
1496.6,0.0067,4.63311,7.57515,0
1496.7,0.00671,4.6331,7.57515,0
1496.8,0.00671,4.63308,7.57515,0
1496.9,0.00671,4.63307,7.57515,0
1497,0.00671,4.63306,7.57515,0
1497.1,0.00671,4.63305,7.57515,0
1497.2,0.00671,4.63303,7.57515,0
1497.3,0.00671,4.63302,7.57515,0
1497.4,0.00671,4.63301,7.57515,0
1497.5,0.00671,4.633,7.57515,0
1497.6,0.00671,4.63298,7.57515,0
1497.7,0.00671,4.63297,7.57515,0
1497.8,0.00671,4.63296,7.57515,0
1497.9,0.00671,4.63294,7.57515,0
1498,0.00671,4.63293,7.57515,0
1498.1,0.00671,4.63292,7.57515,0
1498.2,0.00672,4.63291,7.57515,0
1498.3,0.00672,4.63289,7.57515,0
1498.4,0.00672,4.63288,7.57515,0
1498.5,0.00672,4.63287,7.57515,0
1498.6,0.00672,4.63285,7.57515,0
1498.7,0.00672,4.63284,7.57515,0
1498.8,0.00672,4.63283,7.57515,0
1498.9,0.00672,4.63281,7.57515,0
1499,0.00672,4.6328,7.57515,0
1499.1,0.00672,4.63279,7.57515,0
1499.2,0.00672,4.63277,7.57515,0
1499.3,0.00672,4.63276,7.57515,0
1499.4,0.00672,4.63275,7.57515,0
1499.5,0.00672,4.63274,7.57515,0
1499.6,0.00673,4.63272,7.57515,0
1499.7,0.00673,4.63271,7.57515,0
1499.8,0.00673,4.63269,7.57515,0
1499.9,0.00673,4.63268,7.57515,0
1500,0.00673,4.63267,7.57515,0
1500.1,0.00673,4.63265,7.57515,0
1500.2,0.00673,4.63264,7.57515,0
1500.3,0.00673,4.63262,7.57515,0
1500.4,0.00673,4.63261,7.57515,0
1500.5,0.00673,4.63259,7.57515,0
1500.6,0.00673,4.63258,7.57515,0
1500.7,0.00673,4.63256,7.57515,0
1500.8,0.00673,4.63255,7.57515,0
1500.9,0.00673,4.63253,7.57515,0
1501,0.00674,4.63251,7.57515,0
1501.1,0.00674,4.6325,7.57515,0
1501.2,0.00674,4.63248,7.57515,0
1501.3,0.00674,4.63247,7.57515,0
1501.4,0.00674,4.63245,7.57515,0
1501.5,0.00674,4.63243,7.57515,0
1501.6,0.00674,4.63241,7.57515,0
1501.7,0.00674,4.6324,7.57515,0
1501.8,0.00674,4.63238,7.57515,0
1501.9,0.00674,4.63236,7.57515,0
1502,0.00674,4.63235,7.57515,0
1502.1,0.00674,4.63233,7.57515,0
1502.2,0.00674,4.63231,7.57515,0
1502.3,0.00674,4.63229,7.57515,0
1502.4,0.00674,4.63228,7.57515,0
1502.5,0.00674,4.63226,7.57515,0
1502.6,0.00674,4.63224,7.57515,0
1502.7,0.00675,4.63223,7.57515,0
1502.8,0.00675,4.63221,7.57515,0
1502.9,0.00675,4.6322,7.57515,0
1503,0.00675,4.63218,7.57515,0
1503.1,0.00675,4.63216,7.57515,0
1503.2,0.00675,4.63214,7.57515,0
1503.3,0.00675,4.63213,7.57515,0
1503.4,0.00675,4.63211,7.57515,0
1503.5,0.00675,4.63209,7.57515,0
1503.6,0.00675,4.63208,7.57515,0
1503.7,0.00675,4.63206,7.57515,0
1503.8,0.00675,4.63204,7.57515,0
1503.9,0.00675,4.63203,7.57515,0
1504,0.00675,4.63201,7.57515,0
1504.1,0.00675,4.63199,7.57515,0
1504.2,0.00675,4.63198,7.57515,0
1504.3,0.00676,4.63196,7.57515,0
1504.4,0.00676,4.63195,7.57515,0
1504.5,0.00676,4.63193,7.57515,0
1504.6,0.00676,4.63191,7.57515,0
1504.7,0.00676,4.6319,7.57344,0
1504.8,0.00676,4.63188,7.57515,0
1504.9,0.00676,4.63187,7.57344,0
1505,0.00676,4.63185,7.57515,0
1505.1,0.00676,4.63183,7.57515,0
1505.2,0.00676,4.63182,7.57515,0
1505.3,0.00676,4.6318,7.57515,0
1505.4,0.00676,4.63179,7.57515,0
1505.5,0.00676,4.63177,7.57515,0
1505.6,0.00676,4.63176,7.57515,0
1505.7,0.00676,4.63174,7.57515,0
1505.8,0.00676,4.63173,7.57344,0
1505.9,0.00677,4.63171,7.57515,0
1506,0.00677,4.6317,7.57344,0
1506.1,0.00677,4.63168,7.57515,0
1506.2,0.00677,4.63166,7.57515,0
1506.3,0.00677,4.63165,7.57515,0
1506.4,0.00677,4.63163,7.57515,0
1506.5,0.00677,4.63162,7.57515,0
1506.6,0.00677,4.6316,7.57515,0
1506.7,0.00677,4.63159,7.57515,0
1506.8,0.00677,4.63157,7.57515,0
1506.9,0.00677,4.63156,7.57515,0
1507,0.00677,4.63154,7.57515,0
1507.1,0.00677,4.63153,7.57515,0
1507.2,0.00677,4.63151,7.57515,0
1507.3,0.00677,4.63149,7.57515,0
1507.4,0.00677,4.63148,7.57515,0
1507.5,0.00677,4.63146,7.57515,0
1507.6,0.00678,4.63145,7.57515,0
1507.7,0.00678,4.63143,7.57515,0
1507.8,0.00678,4.63141,7.57515,0
1507.9,0.00678,4.6314,7.57515,0
1508,0.00678,4.63138,7.57515,0
1508.1,0.00678,4.63136,7.57515,0
1508.2,0.00678,4.63135,7.57515,0
1508.3,0.00678,4.63133,7.57515,0
1508.4,0.00678,4.63131,7.57515,0
1508.5,0.00678,4.63129,7.57515,0
1508.6,0.00678,4.63128,7.57515,0
1508.7,0.00678,4.63126,7.57515,0
1508.8,0.00678,4.63124,7.57515,0
1508.9,0.00678,4.63122,7.57515,0
1509,0.00678,4.63121,7.57515,0
1509.1,0.00678,4.63119,7.57515,0
1509.2,0.00679,4.63117,7.57515,0
1509.3,0.00679,4.63115,7.57515,0
1509.4,0.00679,4.63114,7.57515,0
1509.5,0.00679,4.63112,7.57515,0
1509.6,0.00679,4.6311,7.57515,0
1509.7,0.00679,4.63108,7.57515,0
1509.8,0.00679,4.63106,7.57344,0
1509.9,0.00679,4.63105,7.57515,0
1510,0.00679,4.63103,7.57344,0
1510.1,0.00679,4.63101,7.57515,0
1510.2,0.00679,4.63099,7.57515,0
1510.3,0.00679,4.63098,7.57515,0
1510.4,0.00679,4.63096,7.57515,0
1510.5,0.00679,4.63094,7.57515,0
1510.6,0.00679,4.63093,7.57515,0
1510.7,0.00679,4.63091,7.57515,0
1510.8,0.0068,4.63089,7.57515,0
1510.9,0.0068,4.63087,7.57515,0
1511,0.0068,4.63086,7.57515,0
1511.1,0.0068,4.63084,7.57515,0
1511.2,0.0068,4.63082,7.57515,0
1511.3,0.0068,4.6308,7.57515,0
1511.4,0.0068,4.63079,7.57515,0
1511.5,0.0068,4.63077,7.57515,0
1511.6,0.0068,4.63076,7.57515,0
1511.7,0.0068,4.63074,7.57515,0
1511.8,0.0068,4.63072,7.57515,0
1511.9,0.0068,4.63071,7.57515,0
1512,0.0068,4.63069,7.57515,0
1512.1,0.0068,4.63067,7.57515,0
1512.2,0.0068,4.63066,7.57515,0
1512.3,0.00681,4.63064,7.57515,0
1512.4,0.00681,4.63063,7.57515,0
1512.5,0.00681,4.63061,7.57515,0
1512.6,0.00681,4.63059,7.57515,0
1512.7,0.00681,4.63058,7.57515,0
1512.8,0.00681,4.63056,7.57515,0
1512.9,0.00681,4.63054,7.57515,0
1513,0.00681,4.63053,7.57344,0
1513.1,0.00681,4.63051,7.57515,0
1513.2,0.00681,4.63049,7.57515,0
1513.3,0.00681,4.63048,7.57515,0
1513.4,0.00681,4.63046,7.57515,0
1513.5,0.00681,4.63044,7.57515,0
1513.6,0.00681,4.63043,7.57515,0
1513.7,0.00681,4.63041,7.57515,0
1513.8,0.00681,4.63039,7.57515,0
1513.9,0.00682,4.63038,7.57515,0
1514,0.00682,4.63036,7.57515,0
1514.1,0.00682,4.63034,7.57515,0
1514.2,0.00682,4.63033,7.57515,0
1514.3,0.00682,4.63031,7.57515,0
1514.4,0.00682,4.63029,7.57515,0
1514.5,0.00682,4.63028,7.57515,0
1514.6,0.00682,4.63026,7.57515,0
1514.7,0.00682,4.63024,7.57515,0
1514.8,0.00682,4.63022,7.57515,0
1514.9,0.00682,4.63021,7.57515,0
1515,0.00682,4.63019,7.57515,0
1515.1,0.00682,4.63017,7.57515,0
1515.2,0.00682,4.63016,7.57515,0
1515.3,0.00682,4.63014,7.57515,0
1515.4,0.00683,4.63012,7.57515,0
1515.5,0.00683,4.63011,7.57515,0
1515.6,0.00683,4.63009,7.57515,0
1515.7,0.00683,4.63007,7.57515,0
1515.8,0.00683,4.63006,7.57344,0
1515.9,0.00683,4.63004,7.57515,0
1516,0.00683,4.63002,7.57515,0
1516.1,0.00683,4.63001,7.57515,0
1516.2,0.00683,4.62999,7.57515,0
1516.3,0.00683,4.62997,7.57515,0
1516.4,0.00683,4.62996,7.57515,0
1516.5,0.00683,4.62994,7.57515,0
1516.6,0.00683,4.62993,7.57515,0
1516.7,0.00683,4.62991,7.57515,0
1516.8,0.00683,4.62989,7.57515,0
1516.9,0.00683,4.62988,7.57515,0
1517,0.00684,4.62986,7.57515,0
1517.1,0.00684,4.62985,7.57515,0
1517.2,0.00684,4.62983,7.57515,0
1517.3,0.00684,4.62981,7.57515,0
1517.4,0.00684,4.6298,7.57515,0
1517.5,0.00684,4.62978,7.57515,0
1517.6,0.00684,4.62976,7.57515,0
1517.7,0.00684,4.62975,7.57515,0
1517.8,0.00684,4.62973,7.57515,0
1517.9,0.00684,4.62972,7.57515,0
1518,0.00684,4.6297,7.57515,0
1518.1,0.00684,4.62968,7.57515,0
1518.2,0.00684,4.62967,7.57515,0
1518.3,0.00684,4.62965,7.57515,0
1518.4,0.00684,4.62963,7.57515,0
1518.5,0.00684,4.62962,7.57515,0
1518.6,0.00684,4.6296,7.57515,0
1518.7,0.00684,4.62958,7.57515,0
1518.8,0.00684,4.62956,7.57515,0
1518.9,0.00685,4.62955,7.57515,0
1519,0.00685,4.62953,7.57515,0
1519.1,0.00685,4.62951,7.57515,0
1519.2,0.00685,4.6295,7.57515,0
1519.3,0.00685,4.62948,7.57515,0
1519.4,0.00685,4.62946,7.57515,0
1519.5,0.00685,4.62944,7.57515,0
1519.6,0.00685,4.62943,7.57515,0
1519.7,0.00685,4.62941,7.57515,0
1519.8,0.00685,4.62939,7.57515,0
1519.9,0.00685,4.62937,7.57515,0
1520,0.00685,4.62936,7.57515,0
1520.1,0.00685,4.62934,7.57515,0
1520.2,0.00685,4.62932,7.57515,0
1520.3,0.00685,4.62931,7.57515,0
1520.4,0.00685,4.62929,7.57515,0
1520.5,0.00685,4.62927,7.57515,0
1520.6,0.00685,4.62925,7.57515,0
1520.7,0.00686,4.62924,7.57515,0
1520.8,0.00686,4.62922,7.57515,0
1520.9,0.00686,4.6292,7.57344,0
1521,0.00686,4.62919,7.57515,0
1521.1,0.00686,4.62917,7.57515,0
1521.2,0.00686,4.62915,7.57515,0
1521.3,0.00686,4.62914,7.57515,0
1521.4,0.00686,4.62912,7.57515,0
1521.5,0.00686,4.6291,7.57515,0
1521.6,0.00686,4.62909,7.57515,0
1521.7,0.00686,4.62907,7.57515,0
1521.8,0.00686,4.62906,7.57515,0
1521.9,0.00686,4.62904,7.57515,0
1522,0.00686,4.62902,7.57515,0
1522.1,0.00686,4.62901,7.57515,0
1522.2,0.00686,4.62899,7.57515,0
1522.3,0.00686,4.62898,7.57515,0
1522.4,0.00686,4.62896,7.57515,0
1522.5,0.00686,4.62895,7.57344,0
1522.6,0.00687,4.62893,7.57515,0
1522.7,0.00687,4.62891,7.57515,0
1522.8,0.00687,4.6289,7.57515,0
1522.9,0.00687,4.62888,7.57344,0
1523,0.00687,4.62887,7.57515,0
1523.1,0.00687,4.62885,7.57515,0
1523.2,0.00687,4.62884,7.57344,0
1523.3,0.00687,4.62882,7.57344,0
1523.4,0.00687,4.62881,7.57344,0
1523.5,0.00687,4.62879,7.57344,0
1523.6,0.00687,4.62878,7.57344,0
1523.7,0.00687,4.62876,7.57515,0
1523.8,0.00687,4.62875,7.57515,0
1523.9,0.00687,4.62873,7.57515,0
1524,0.00687,4.62872,7.57515,0
1524.1,0.00687,4.6287,7.57515,0
1524.2,0.00687,4.62869,7.57515,0
1524.3,0.00688,4.62867,7.57515,0
1524.4,0.00688,4.62866,7.57515,0
1524.5,0.00688,4.62864,7.57515,0
1524.6,0.00688,4.62863,7.57515,0
1524.7,0.00688,4.62862,7.57515,0
1524.8,0.00688,4.6286,7.57515,0
1524.9,0.00688,4.62859,7.57515,0
1525,0.00688,4.62857,7.57515,0
1525.1,0.00688,4.62856,7.57515,0
1525.2,0.00688,4.62854,7.57515,0
1525.3,0.00688,4.62853,7.57344,0
1525.4,0.00688,4.62851,7.57344,0
1525.5,0.00688,4.6285,7.57515,0
1525.6,0.00688,4.62849,7.57515,0
1525.7,0.00688,4.62847,7.57344,0
1525.8,0.00689,4.62846,7.57344,0
1525.9,0.00689,4.62845,7.57515,0
1526,0.00689,4.62843,7.57515,0
1526.1,0.00689,4.62842,7.57515,0
1526.2,0.00689,4.6284,7.57515,0
1526.3,0.00689,4.62839,7.57515,0
1526.4,0.00689,4.62838,7.57515,0
1526.5,0.00689,4.62836,7.57515,0
1526.6,0.00689,4.62835,7.57515,0
1526.7,0.00689,4.62834,7.57515,0
1526.8,0.00689,4.62832,7.57515,0
1526.9,0.00689,4.62831,7.57515,0
1527,0.00689,4.6283,7.57515,0
1527.1,0.00689,4.62829,7.57515,0
1527.2,0.00689,4.62828,7.57515,0
1527.3,0.00689,4.62826,7.57515,0
1527.4,0.00689,4.62825,7.57515,0
1527.5,0.00689,4.62824,7.57515,0
1527.6,0.00689,4.62823,7.57515,0
1527.7,0.00689,4.62822,7.57515,0
1527.8,0.0069,4.62821,7.57515,0
1527.9,0.0069,4.62819,7.57515,0
1528,0.0069,4.62818,7.57515,0
1528.1,0.0069,4.62817,7.57515,0
1528.2,0.0069,4.62816,7.57515,0
1528.3,0.0069,4.62815,7.57515,0
1528.4,0.0069,4.62814,7.57344,0
1528.5,0.0069,4.62813,7.57515,0
1528.6,0.0069,4.62812,7.57344,0
1528.7,0.0069,4.62811,7.57515,0
1528.8,0.0069,4.6281,7.57515,0
1528.9,0.0069,4.62808,7.57515,0
1529,0.0069,4.62807,7.57515,0
1529.1,0.0069,4.62806,7.57515,0
1529.2,0.0069,4.62805,7.57515,0
1529.3,0.0069,4.62804,7.57515,0
1529.4,0.0069,4.62803,7.57515,0
1529.5,0.0069,4.62802,7.57515,0
1529.6,0.0069,4.628,7.57515,0
1529.7,0.0069,4.62799,7.57515,0
1529.8,0.0069,4.62798,7.57515,0
1529.9,0.0069,4.62797,7.57515,0
1530,0.0069,4.62796,7.57515,0
1530.1,0.00691,4.62795,7.57515,0
1530.2,0.00691,4.62793,7.57515,0
1530.3,0.00691,4.62792,7.57515,0
1530.4,0.00691,4.62791,7.57515,0
1530.5,0.00691,4.6279,7.57344,0
1530.6,0.00691,4.62789,7.57515,0
1530.7,0.00691,4.62788,7.57515,0
1530.8,0.00691,4.62787,7.57515,0
1530.9,0.00691,4.62785,7.57515,0
1531,0.00691,4.62784,7.57344,0
1531.1,0.00691,4.62783,7.57515,0
1531.2,0.00691,4.62782,7.57515,0
1531.3,0.00691,4.62781,7.57515,0
1531.4,0.00691,4.62779,7.57344,0
1531.5,0.00691,4.62778,7.57344,0
1531.6,0.00691,4.62777,7.57515,0
1531.7,0.00691,4.62776,7.57344,0
1531.8,0.00691,4.62775,7.57515,0
1531.9,0.00691,4.62774,7.57515,0
1532,0.00691,4.62772,7.57515,0
1532.1,0.00691,4.62771,7.57515,0
1532.2,0.00691,4.6277,7.57515,0
1532.3,0.00691,4.62769,7.57515,0
1532.4,0.00691,4.62767,7.57344,0
1532.5,0.00692,4.62766,7.57515,0
1532.6,0.00692,4.62765,7.57515,0
1532.7,0.00692,4.62763,7.57515,0
1532.8,0.00692,4.62762,7.57515,0
1532.9,0.00692,4.62761,7.57515,0
1533,0.00692,4.62759,7.57515,0
1533.1,0.00692,4.62758,7.57344,0
1533.2,0.00692,4.62756,7.57515,0
1533.3,0.00692,4.62755,7.57344,0
1533.4,0.00692,4.62754,7.57344,0
1533.5,0.00692,4.62752,7.57344,0
1533.6,0.00692,4.62751,7.57344,0
1533.7,0.00692,4.6275,7.57515,0
1533.8,0.00692,4.62748,7.57515,0
1533.9,0.00692,4.62747,7.57515,0
1534,0.00692,4.62746,7.57344,0
1534.1,0.00692,4.62744,7.57515,0
1534.2,0.00692,4.62743,7.57515,0
1534.3,0.00692,4.62741,7.57515,0
1534.4,0.00692,4.6274,7.57515,0
1534.5,0.00692,4.62738,7.57515,0
1534.6,0.00692,4.62737,7.57515,0
1534.7,0.00692,4.62736,7.57515,0
1534.8,0.00692,4.62734,7.57515,0
1534.9,0.00692,4.62733,7.57344,0
1535,0.00692,4.62731,7.57515,0
1535.1,0.00692,4.6273,7.57515,0
1535.2,0.00692,4.62729,7.57344,0
1535.3,0.00692,4.62727,7.57515,0
1535.4,0.00692,4.62726,7.57515,0
1535.5,0.00693,4.62724,7.57515,0
1535.6,0.00693,4.62723,7.57515,0
1535.7,0.00693,4.62722,7.57515,0
1535.8,0.00693,4.6272,7.57344,0
1535.9,0.00693,4.62719,7.57515,0
1536,0.00693,4.62717,7.57515,0
1536.1,0.00693,4.62715,7.57515,0
1536.2,0.00693,4.62714,7.57515,0
1536.3,0.00693,4.62712,7.57515,0
1536.4,0.00693,4.6271,7.57515,0
1536.5,0.00693,4.62709,7.57515,0
1536.6,0.00693,4.62707,7.57515,0
1536.7,0.00693,4.62705,7.57515,0
1536.8,0.00693,4.62703,7.57515,0
1536.9,0.00693,4.62701,7.57515,0
1537,0.00693,4.62699,7.57515,0
1537.1,0.00693,4.62698,7.57515,0
1537.2,0.00693,4.62696,7.57515,0
1537.3,0.00693,4.62694,7.57515,0
1537.4,0.00693,4.62692,7.57515,0
1537.5,0.00693,4.6269,7.57515,0
1537.6,0.00693,4.62688,7.57515,0
1537.7,0.00693,4.62687,7.57515,0
1537.8,0.00693,4.62685,7.57515,0
1537.9,0.00693,4.62683,7.57515,0
1538,0.00693,4.62681,7.57515,0
1538.1,0.00693,4.62679,7.57515,0
1538.2,0.00693,4.62677,7.57515,0
1538.3,0.00694,4.62675,7.57515,0
1538.4,0.00694,4.62673,7.57515,0
1538.5,0.00694,4.62671,7.57515,0
1538.6,0.00694,4.62669,7.57515,0
1538.7,0.00694,4.62667,7.57515,0
1538.8,0.00694,4.62665,7.57515,0
1538.9,0.00694,4.62662,7.57515,0
1539,0.00694,4.6266,7.57515,0
1539.1,0.00694,4.62658,7.57515,0
1539.2,0.00694,4.62656,7.57515,0
1539.3,0.00694,4.62654,7.57515,0
1539.4,0.00694,4.62652,7.57515,0
1539.5,0.00694,4.62649,7.57344,0
1539.6,0.00694,4.62647,7.57515,0
1539.7,0.00694,4.62645,7.57515,0
1539.8,0.00694,4.62642,7.57515,0
1539.9,0.00694,4.6264,7.57344,0
1540,0.00694,4.62638,7.57515,0
1540.1,0.00694,4.62636,7.57344,0
1540.2,0.00694,4.62633,7.57344,0
1540.3,0.00694,4.62631,7.57515,0
1540.4,0.00694,4.62629,7.57515,0
1540.5,0.00694,4.62627,7.57344,0
1540.6,0.00694,4.62625,7.57515,0
1540.7,0.00694,4.62622,7.57344,0
1540.8,0.00695,4.6262,7.57515,0
1540.9,0.00695,4.62618,7.57344,0
1541,0.00695,4.62616,7.57515,0
1541.1,0.00695,4.62614,7.57344,0
1541.2,0.00695,4.62612,7.57515,0
1541.3,0.00695,4.62609,7.57344,0
1541.4,0.00695,4.62607,7.57515,0
1541.5,0.00695,4.62605,7.57515,0
1541.6,0.00695,4.62603,7.57344,0
1541.7,0.00695,4.62601,7.57515,0
1541.8,0.00695,4.62599,7.57515,0
1541.9,0.00695,4.62596,7.57515,0
1542,0.00695,4.62594,7.57515,0
1542.1,0.00695,4.62592,7.57344,0
1542.2,0.00695,4.6259,7.57515,0
1542.3,0.00695,4.62588,7.57344,0
1542.4,0.00695,4.62585,7.57515,0
1542.5,0.00695,4.62583,7.57515,0
1542.6,0.00695,4.62581,7.57515,0
1542.7,0.00695,4.62579,7.57515,0
1542.8,0.00695,4.62576,7.57515,0
1542.9,0.00695,4.62574,7.57515,0
1543,0.00695,4.62572,7.57515,0
1543.1,0.00695,4.6257,7.57515,0
1543.2,0.00695,4.62567,7.57515,0
1543.3,0.00696,4.62565,7.57515,0
1543.4,0.00696,4.62563,7.57515,0
1543.5,0.00696,4.6256,7.57515,0
1543.6,0.00696,4.62558,7.57515,0
1543.7,0.00696,4.62555,7.57515,0
1543.8,0.00696,4.62553,7.57515,0
1543.9,0.00696,4.6255,7.57515,0
1544,0.00696,4.62548,7.57515,0
1544.1,0.00696,4.62545,7.57515,0
1544.2,0.00696,4.62543,7.57515,0
1544.3,0.00696,4.62541,7.57515,0
1544.4,0.00696,4.62538,7.57515,0
1544.5,0.00696,4.62536,7.57515,0
1544.6,0.00696,4.62533,7.57344,0
1544.7,0.00696,4.62531,7.57515,0
1544.8,0.00696,4.62528,7.57344,0
1544.9,0.00696,4.62526,7.57515,0
1545,0.00696,4.62524,7.57515,0
1545.1,0.00696,4.62521,7.57515,0
1545.2,0.00696,4.62519,7.57515,0
1545.3,0.00696,4.62516,7.57515,0
1545.4,0.00696,4.62514,7.57515,0
1545.5,0.00696,4.62511,7.57515,0
1545.6,0.00696,4.62509,7.57515,0
1545.7,0.00697,4.62506,7.57515,0
1545.8,0.00697,4.62504,7.57515,0
1545.9,0.00697,4.62501,7.57515,0
1546,0.00697,4.62499,7.57515,0
1546.1,0.00697,4.62497,7.57515,0
1546.2,0.00697,4.62494,7.57515,0
1546.3,0.00697,4.62492,7.57515,0
1546.4,0.00697,4.62489,7.57515,0
1546.5,0.00697,4.62487,7.57515,0
1546.6,0.00697,4.62485,7.57515,0
1546.7,0.00697,4.62482,7.57515,0
1546.8,0.00697,4.6248,7.57515,0
1546.9,0.00697,4.62478,7.57515,0
1547,0.00697,4.62475,7.57344,0
1547.1,0.00697,4.62473,7.57515,0
1547.2,0.00697,4.62471,7.57344,0
1547.3,0.00697,4.62468,7.57515,0
1547.4,0.00697,4.62466,7.57515,0
1547.5,0.00697,4.62464,7.57515,0
1547.6,0.00697,4.62461,7.57344,0
1547.7,0.00697,4.62459,7.57344,0
1547.8,0.00697,4.62456,7.57515,0
1547.9,0.00697,4.62454,7.57515,0
1548,0.00697,4.62452,7.57515,0
1548.1,0.00698,4.62449,7.57515,0
1548.2,0.00698,4.62447,7.57515,0
1548.3,0.00698,4.62444,7.57515,0
1548.4,0.00698,4.62442,7.57515,0
1548.5,0.00698,4.62439,7.57515,0
1548.6,0.00698,4.62437,7.57515,0
1548.7,0.00698,4.62435,7.57344,0
1548.8,0.00698,4.62432,7.57515,0
1548.9,0.00698,4.6243,7.57515,0
1549,0.00698,4.62428,7.57515,0
1549.1,0.00698,4.62425,7.57515,0
1549.2,0.00698,4.62423,7.57515,0
1549.3,0.00698,4.6242,7.57515,0
1549.4,0.00698,4.62418,7.57515,0
1549.5,0.00698,4.62415,7.57515,0
1549.6,0.00698,4.62413,7.57515,0
1549.7,0.00698,4.62411,7.57515,0
1549.8,0.00698,4.62408,7.57515,0
1549.9,0.00698,4.62406,7.57515,0
1550,0.00698,4.62404,7.57515,0
1550.1,0.00698,4.62401,7.57515,0
1550.2,0.00698,4.62399,7.57515,0
1550.3,0.00698,4.62397,7.57515,0
1550.4,0.00698,4.62394,7.57515,0
1550.5,0.00698,4.62392,7.57515,0
1550.6,0.00698,4.6239,7.57515,0
1550.7,0.00699,4.62387,7.57515,0
1550.8,0.00699,4.62385,7.57515,0
1550.9,0.00699,4.62383,7.57515,0
1551,0.00699,4.62381,7.57515,0
1551.1,0.00699,4.62378,7.57515,0
1551.2,0.00699,4.62376,7.57515,0
1551.3,0.00699,4.62374,7.57515,0
1551.4,0.00699,4.62372,7.57515,0
1551.5,0.00699,4.6237,7.57515,0
1551.6,0.00699,4.62367,7.57515,0
1551.7,0.00699,4.62365,7.57515,0
1551.8,0.00699,4.62363,7.57515,0
1551.9,0.00699,4.62361,7.57515,0
1552,0.00699,4.62358,7.57515,0
1552.1,0.00699,4.62356,7.57515,0
1552.2,0.00699,4.62354,7.57515,0
1552.3,0.00699,4.62352,7.57515,0
1552.4,0.00699,4.6235,7.57515,0
1552.5,0.00699,4.62347,7.57515,0
1552.6,0.00699,4.62345,7.57515,0
1552.7,0.00699,4.62343,7.57344,0
1552.8,0.00699,4.62341,7.57515,0
1552.9,0.00699,4.62338,7.57515,0
1553,0.00699,4.62336,7.57515,0
1553.1,0.00699,4.62334,7.57515,0
1553.2,0.00699,4.62331,7.57515,0
1553.3,0.00699,4.62329,7.57515,0
1553.4,0.007,4.62327,7.57515,0
1553.5,0.007,4.62325,7.57515,0
1553.6,0.007,4.62322,7.57515,0
1553.7,0.007,4.6232,7.57515,0
1553.8,0.007,4.62318,7.57515,0
1553.9,0.007,4.62315,7.57515,0
1554,0.007,4.62313,7.57515,0
1554.1,0.007,4.62311,7.57515,0
1554.2,0.007,4.62309,7.57515,0
1554.3,0.007,4.62306,7.57515,0
1554.4,0.007,4.62304,7.57515,0
1554.5,0.007,4.62302,7.57515,0
1554.6,0.007,4.62299,7.57515,0
1554.7,0.007,4.62297,7.57515,0
1554.8,0.007,4.62295,7.57515,0
1554.9,0.007,4.62293,7.57515,0
1555,0.007,4.6229,7.57515,0
1555.1,0.007,4.62288,7.57515,0
1555.2,0.007,4.62286,7.57515,0
1555.3,0.007,4.62284,7.57515,0
1555.4,0.007,4.62282,7.57515,0
1555.5,0.00701,4.6228,7.57515,0
1555.6,0.00701,4.62278,7.57515,0
1555.7,0.00701,4.62275,7.57515,0
1555.8,0.00701,4.62273,7.57515,0
1555.9,0.00701,4.62271,7.57515,0
1556,0.00701,4.62269,7.57515,0
1556.1,0.00701,4.62267,7.57515,0
1556.2,0.00701,4.62265,7.57515,0
1556.3,0.00701,4.62262,7.57515,0
1556.4,0.00701,4.6226,7.57515,0
1556.5,0.00701,4.62258,7.57515,0
1556.6,0.00701,4.62256,7.57515,0
1556.7,0.00701,4.62254,7.57344,0
1556.8,0.00701,4.62251,7.57515,0
1556.9,0.00701,4.62249,7.57515,0
1557,0.00701,4.62247,7.57344,0
1557.1,0.00701,4.62245,7.57515,0
1557.2,0.00702,4.62243,7.57515,0
1557.3,0.00702,4.62241,7.57515,0
1557.4,0.00702,4.62239,7.57515,0
1557.5,0.00702,4.62237,7.57515,0
1557.6,0.00702,4.62235,7.57515,0
1557.7,0.00702,4.62233,7.57515,0
1557.8,0.00702,4.62231,7.57515,0
1557.9,0.00702,4.62229,7.57515,0
1558,0.00702,4.62227,7.57515,0
1558.1,0.00702,4.62225,7.57515,0
1558.2,0.00702,4.62223,7.57515,0
1558.3,0.00702,4.62221,7.57515,0
1558.4,0.00702,4.62219,7.57515,0
1558.5,0.00702,4.62217,7.57515,0
1558.6,0.00702,4.62215,7.57344,0
1558.7,0.00702,4.62213,7.57515,0
1558.8,0.00702,4.62211,7.57344,0
1558.9,0.00702,4.62209,7.57344,0
1559,0.00702,4.62207,7.57344,0
1559.1,0.00702,4.62205,7.57344,0
1559.2,0.00703,4.62203,7.57344,0
1559.3,0.00703,4.62201,7.57515,0
1559.4,0.00703,4.62199,7.57515,0
1559.5,0.00703,4.62197,7.57515,0
1559.6,0.00703,4.62195,7.57515,0
1559.7,0.00703,4.62193,7.57515,0
1559.8,0.00703,4.62191,7.57344,0
1559.9,0.00703,4.62189,7.57515,0
1560,0.00703,4.62188,7.57515,0
1560.1,0.00703,4.62186,7.57515,0
1560.2,0.00703,4.62184,7.57515,0
1560.3,0.00703,4.62182,7.57515,0
1560.4,0.00703,4.6218,7.57515,0
1560.5,0.00703,4.62178,7.57515,0
1560.6,0.00703,4.62176,7.57515,0
1560.7,0.00703,4.62174,7.57515,0
1560.8,0.00703,4.62172,7.57515,0
1560.9,0.00703,4.6217,7.57515,0
1561,0.00703,4.62168,7.57515,0
1561.1,0.00703,4.62166,7.57515,0
1561.2,0.00703,4.62164,7.57515,0
1561.3,0.00703,4.62163,7.57515,0
1561.4,0.00703,4.62161,7.57515,0
1561.5,0.00703,4.62159,7.57515,0
1561.6,0.00704,4.62157,7.57515,0
1561.7,0.00704,4.62156,7.57515,0
1561.8,0.00704,4.62154,7.57515,0
1561.9,0.00704,4.62152,7.57515,0
1562,0.00704,4.6215,7.57515,0
1562.1,0.00704,4.62149,7.57515,0
1562.2,0.00704,4.62147,7.57515,0
1562.3,0.00704,4.62145,7.57515,0
1562.4,0.00704,4.62143,7.57515,0
1562.5,0.00704,4.62142,7.57515,0
1562.6,0.00704,4.6214,7.57515,0
1562.7,0.00704,4.62138,7.57515,0
1562.8,0.00704,4.62137,7.57515,0
1562.9,0.00704,4.62135,7.57515,0
1563,0.00704,4.62133,7.57515,0
1563.1,0.00704,4.62131,7.57515,0
1563.2,0.00704,4.6213,7.57515,0
1563.3,0.00704,4.62128,7.57515,0
1563.4,0.00704,4.62126,7.57515,0
1563.5,0.00704,4.62125,7.57515,0
1563.6,0.00704,4.62123,7.57515,0
1563.7,0.00704,4.62121,7.57515,0
1563.8,0.00704,4.62119,7.57515,0
1563.9,0.00704,4.62118,7.57515,0
1564,0.00704,4.62116,7.57515,0
1564.1,0.00704,4.62114,7.57515,0
1564.2,0.00704,4.62113,7.57344,0
1564.3,0.00704,4.62111,7.57344,0
1564.4,0.00704,4.62109,7.57515,0
1564.5,0.00704,4.62108,7.57515,0
1564.6,0.00704,4.62106,7.57515,0
1564.7,0.00704,4.62104,7.57515,0
1564.8,0.00704,4.62103,7.57515,0
1564.9,0.00704,4.62101,7.57515,0
1565,0.00704,4.62099,7.57515,0
1565.1,0.00704,4.62097,7.57515,0
1565.2,0.00704,4.62095,7.57515,0
1565.3,0.00704,4.62094,7.57515,0
1565.4,0.00704,4.62092,7.57515,0
1565.5,0.00704,4.6209,7.57515,0
1565.6,0.00704,4.62088,7.57515,0
1565.7,0.00704,4.62087,7.57515,0
1565.8,0.00704,4.62085,7.57515,0
1565.9,0.00704,4.62083,7.57515,0
1566,0.00704,4.62081,7.57515,0
1566.1,0.00704,4.6208,7.57515,0
1566.2,0.00704,4.62078,7.57515,0
1566.3,0.00704,4.62077,7.57515,0
1566.4,0.00704,4.62075,7.57515,0
1566.5,0.00704,4.62073,7.57515,0
1566.6,0.00704,4.62072,7.57515,0
1566.7,0.00704,4.6207,7.57515,0
1566.8,0.00704,4.62068,7.57515,0
1566.9,0.00704,4.62067,7.57515,0
1567,0.00704,4.62065,7.57515,0
1567.1,0.00704,4.62064,7.57515,0
1567.2,0.00704,4.62062,7.57515,0
1567.3,0.00704,4.62061,7.57515,0
1567.4,0.00705,4.62059,7.57515,0
1567.5,0.00705,4.62058,7.57515,0
1567.6,0.00705,4.62056,7.57515,0
1567.7,0.00705,4.62054,7.57515,0
1567.8,0.00705,4.62053,7.57515,0
1567.9,0.00705,4.62051,7.57515,0
1568,0.00705,4.6205,7.57515,0
1568.1,0.00705,4.62048,7.57515,0
1568.2,0.00705,4.62046,7.57515,0
1568.3,0.00705,4.62045,7.57515,0
1568.4,0.00705,4.62043,7.57515,0
1568.5,0.00705,4.62042,7.57515,0
1568.6,0.00705,4.6204,7.57515,0
1568.7,0.00705,4.62038,7.57515,0
1568.8,0.00705,4.62037,7.57515,0
1568.9,0.00705,4.62035,7.57515,0
1569,0.00705,4.62034,7.57515,0
1569.1,0.00705,4.62032,7.57515,0
1569.2,0.00705,4.6203,7.57515,0
1569.3,0.00705,4.62029,7.57515,0
1569.4,0.00705,4.62027,7.57515,0
1569.5,0.00705,4.62026,7.57515,0
1569.6,0.00705,4.62024,7.57515,0
1569.7,0.00705,4.62022,7.57515,0
1569.8,0.00705,4.62021,7.57515,0
1569.9,0.00705,4.62019,7.57515,0
1570,0.00705,4.62017,7.57515,0
1570.1,0.00705,4.62016,7.57515,0
1570.2,0.00705,4.62014,7.57515,0
1570.3,0.00705,4.62012,7.57515,0
1570.4,0.00705,4.62011,7.57515,0
1570.5,0.00705,4.62009,7.57515,0
1570.6,0.00705,4.62007,7.57515,0
1570.7,0.00705,4.62005,7.57515,0
1570.8,0.00705,4.62004,7.57515,0
1570.9,0.00705,4.62002,7.57515,0
1571,0.00705,4.62,7.57515,0
1571.1,0.00705,4.61998,7.57515,0
1571.2,0.00705,4.61997,7.57515,0
1571.3,0.00705,4.61995,7.57515,0
1571.4,0.00705,4.61993,7.57515,0
1571.5,0.00705,4.61991,7.57515,0
1571.6,0.00705,4.61989,7.57515,0
1571.7,0.00705,4.61988,7.57515,0
1571.8,0.00705,4.61986,7.57515,0
1571.9,0.00705,4.61984,7.57515,0
1572,0.00705,4.61982,7.57515,0
1572.1,0.00705,4.6198,7.57515,0
1572.2,0.00705,4.61978,7.57515,0
1572.3,0.00705,4.61977,7.57515,0
1572.4,0.00705,4.61975,7.57515,0
1572.5,0.00705,4.61973,7.57515,0
1572.6,0.00705,4.61971,7.57515,0
1572.7,0.00705,4.61969,7.57515,0
1572.8,0.00706,4.61968,7.57515,0
1572.9,0.00706,4.61966,7.57515,0
1573,0.00706,4.61964,7.57515,0
1573.1,0.00706,4.61962,7.57515,0
1573.2,0.00706,4.6196,7.57515,0
1573.3,0.00706,4.61958,7.57515,0
1573.4,0.00706,4.61957,7.57515,0
1573.5,0.00706,4.61955,7.57515,0
1573.6,0.00706,4.61953,7.57515,0
1573.7,0.00706,4.61952,7.57515,0
1573.8,0.00706,4.6195,7.57515,0
1573.9,0.00706,4.61948,7.57515,0
1574,0.00706,4.61946,7.57515,0
1574.1,0.00706,4.61945,7.57515,0
1574.2,0.00706,4.61943,7.57683,0
1574.3,0.00706,4.61941,7.57515,0
1574.4,0.00706,4.6194,7.57515,0
1574.5,0.00706,4.61938,7.57515,0
1574.6,0.00706,4.61936,7.57515,0
1574.7,0.00706,4.61935,7.57515,0
1574.8,0.00706,4.61933,7.57515,0
1574.9,0.00706,4.61932,7.57515,0
1575,0.00706,4.6193,7.57515,0
1575.1,0.00706,4.61928,7.57515,0
1575.2,0.00706,4.61927,7.57515,0
1575.3,0.00706,4.61925,7.57515,0
1575.4,0.00706,4.61923,7.57515,0
1575.5,0.00706,4.61922,7.57515,0
1575.6,0.00706,4.6192,7.57515,0
1575.7,0.00706,4.61918,7.57515,0
1575.8,0.00706,4.61917,7.57515,0
1575.9,0.00706,4.61915,7.57515,0
1576,0.00706,4.61913,7.57515,0
1576.1,0.00706,4.61911,7.57515,0
1576.2,0.00706,4.6191,7.57515,0
1576.3,0.00706,4.61908,7.57515,0
1576.4,0.00706,4.61906,7.57344,0
1576.5,0.00706,4.61904,7.57515,0
1576.6,0.00706,4.61903,7.57515,0
1576.7,0.00706,4.61901,7.57515,0
1576.8,0.00706,4.61899,7.57515,0
1576.9,0.00706,4.61898,7.57515,0
1577,0.00706,4.61896,7.57515,0
1577.1,0.00706,4.61894,7.57515,0
1577.2,0.00706,4.61893,7.57515,0
1577.3,0.00706,4.61891,7.57515,0
1577.4,0.00706,4.61889,7.57515,0
1577.5,0.00707,4.61887,7.57515,0
1577.6,0.00707,4.61886,7.57515,0
1577.7,0.00707,4.61884,7.57515,0
1577.8,0.00707,4.61883,7.57515,0
1577.9,0.00707,4.61881,7.57515,0
1578,0.00707,4.61879,7.57515,0
1578.1,0.00707,4.61877,7.57515,0
1578.2,0.00707,4.61876,7.57515,0
1578.3,0.00707,4.61874,7.57515,0
1578.4,0.00707,4.61872,7.57515,0
1578.5,0.00707,4.61871,7.57515,0
1578.6,0.00707,4.61869,7.57515,0
1578.7,0.00707,4.61867,7.57515,0
1578.8,0.00707,4.61865,7.57515,0
1578.9,0.00707,4.61864,7.57515,0
1579,0.00707,4.61862,7.57515,0
1579.1,0.00707,4.6186,7.57515,0
1579.2,0.00707,4.61858,7.57515,0
1579.3,0.00707,4.61857,7.57515,0
1579.4,0.00707,4.61855,7.57515,0
1579.5,0.00707,4.61853,7.57515,0
1579.6,0.00707,4.61852,7.57515,0
1579.7,0.00707,4.6185,7.57515,0
1579.8,0.00707,4.61848,7.57515,0
1579.9,0.00707,4.61846,7.57515,0
1580,0.00707,4.61845,7.57515,0
1580.1,0.00707,4.61843,7.57515,0
1580.2,0.00707,4.61841,7.57515,0
1580.3,0.00707,4.61839,7.57515,0
1580.4,0.00707,4.61837,7.57515,0
1580.5,0.00707,4.61836,7.57515,0
1580.6,0.00707,4.61834,7.57515,0
1580.7,0.00707,4.61832,7.57515,0
1580.8,0.00707,4.61831,7.57515,0
1580.9,0.00707,4.61829,7.57515,0
1581,0.00707,4.61827,7.57344,0
1581.1,0.00707,4.61826,7.57515,0
1581.2,0.00707,4.61824,7.57515,0
1581.3,0.00708,4.61823,7.57515,0
1581.4,0.00708,4.61821,7.57344,0
1581.5,0.00708,4.61819,7.57515,0
1581.6,0.00708,4.61818,7.57515,0
1581.7,0.00708,4.61816,7.57515,0
1581.8,0.00708,4.61815,7.57515,0
1581.9,0.00708,4.61813,7.57515,0
1582,0.00708,4.61812,7.57515,0
1582.1,0.00708,4.6181,7.57515,0
1582.2,0.00708,4.61809,7.57515,0
1582.3,0.00708,4.61807,7.57515,0
1582.4,0.00708,4.61806,7.57515,0
1582.5,0.00708,4.61804,7.57515,0
1582.6,0.00708,4.61803,7.57515,0
1582.7,0.00708,4.61802,7.57515,0
1582.8,0.00708,4.618,7.57515,0
1582.9,0.00708,4.61799,7.57515,0
1583,0.00708,4.61797,7.57515,0
1583.1,0.00708,4.61796,7.57515,0
1583.2,0.00708,4.61794,7.57515,0
1583.3,0.00708,4.61793,7.57515,0
1583.4,0.00708,4.61792,7.57515,0
1583.5,0.00708,4.6179,7.57515,0
1583.6,0.00708,4.61789,7.57515,0
1583.7,0.00708,4.61787,7.57515,0
1583.8,0.00708,4.61786,7.57515,0
1583.9,0.00708,4.61785,7.57515,0
1584,0.00708,4.61783,7.57515,0
1584.1,0.00708,4.61782,7.57515,0
1584.2,0.00708,4.6178,7.57515,0
1584.3,0.00708,4.61779,7.57515,0
1584.4,0.00708,4.61778,7.57515,0
1584.5,0.00708,4.61776,7.57515,0
1584.6,0.00708,4.61775,7.57515,0
1584.7,0.00708,4.61774,7.57344,0
1584.8,0.00708,4.61772,7.57515,0
1584.9,0.00709,4.61771,7.57515,0
1585,0.00709,4.6177,7.57515,0
1585.1,0.00709,4.61769,7.57515,0
1585.2,0.00709,4.61767,7.57515,0
1585.3,0.00709,4.61766,7.57515,0
1585.4,0.00709,4.61765,7.57515,0
1585.5,0.00709,4.61763,7.57515,0
1585.6,0.00709,4.61762,7.57515,0
1585.7,0.00709,4.61761,7.57515,0
1585.8,0.00709,4.61759,7.57515,0
1585.9,0.00709,4.61758,7.57515,0
1586,0.00709,4.61757,7.57515,0
1586.1,0.00709,4.61755,7.57515,0
1586.2,0.00709,4.61754,7.57515,0
1586.3,0.00709,4.61753,7.57515,0
1586.4,0.00709,4.61751,7.57515,0
1586.5,0.00709,4.6175,7.57515,0
1586.6,0.00709,4.61749,7.57515,0
1586.7,0.00709,4.61747,7.57515,0
1586.8,0.00709,4.61746,7.57515,0
1586.9,0.00709,4.61745,7.57515,0
1587,0.00709,4.61743,7.57515,0
1587.1,0.00709,4.61742,7.57515,0
1587.2,0.00709,4.61741,7.57515,0
1587.3,0.00709,4.61739,7.57515,0
1587.4,0.00709,4.61738,7.57515,0
1587.5,0.00709,4.61737,7.57515,0
1587.6,0.00709,4.61735,7.57515,0
1587.7,0.00709,4.61734,7.57515,0
1587.8,0.00709,4.61733,7.57515,0
1587.9,0.00709,4.61732,7.57515,0
1588,0.00709,4.6173,7.57515,0
1588.1,0.00709,4.61729,7.57515,0
1588.2,0.00709,4.61728,7.57515,0
1588.3,0.00709,4.61727,7.57515,0
1588.4,0.00709,4.61725,7.57515,0
1588.5,0.00709,4.61724,7.57515,0
1588.6,0.00709,4.61723,7.57515,0
1588.7,0.00709,4.61721,7.57515,0
1588.8,0.00709,4.6172,7.57515,0
1588.9,0.00709,4.61719,7.57515,0
1589,0.00709,4.61718,7.57515,0
1589.1,0.00709,4.61717,7.57515,0
1589.2,0.00709,4.61715,7.57515,0
1589.3,0.00709,4.61714,7.57515,0
1589.4,0.00709,4.61713,7.57515,0
1589.5,0.00709,4.61712,7.57515,0
1589.6,0.00709,4.6171,7.57515,0
1589.7,0.00709,4.61709,7.57515,0
1589.8,0.00709,4.61708,7.57515,0
1589.9,0.00709,4.61707,7.57515,0
1590,0.00709,4.61705,7.57515,0
1590.1,0.00709,4.61704,7.57515,0
1590.2,0.00709,4.61703,7.57515,0
1590.3,0.00709,4.61702,7.57515,0
1590.4,0.00709,4.617,7.57515,0
1590.5,0.00709,4.61699,7.57515,0
1590.6,0.00709,4.61698,7.57515,0
1590.7,0.00709,4.61696,7.57515,0
1590.8,0.00709,4.61695,7.57515,0
1590.9,0.00709,4.61694,7.57515,0
1591,0.00709,4.61693,7.57515,0
1591.1,0.00709,4.61692,7.57515,0
1591.2,0.00709,4.6169,7.57515,0
1591.3,0.00709,4.61689,7.57515,0
1591.4,0.00709,4.61688,7.57515,0
1591.5,0.00709,4.61687,7.57515,0
1591.6,0.00709,4.61686,7.57515,0
1591.7,0.00709,4.61685,7.57515,0
1591.8,0.00709,4.61683,7.57515,0
1591.9,0.00709,4.61682,7.57515,0
1592,0.00709,4.61681,7.57515,0
1592.1,0.00709,4.6168,7.57515,0
1592.2,0.00709,4.61679,7.57515,0
1592.3,0.00709,4.61678,7.57515,0
1592.4,0.00709,4.61676,7.57515,0
1592.5,0.00709,4.61675,7.57515,0
1592.6,0.00709,4.61674,7.57515,0
1592.7,0.00709,4.61673,7.57515,0
1592.8,0.00709,4.61671,7.57515,0
1592.9,0.00709,4.6167,7.57515,0
1593,0.0071,4.61669,7.57515,0
1593.1,0.0071,4.61668,7.57515,0
1593.2,0.0071,4.61666,7.57515,0
1593.3,0.0071,4.61665,7.57515,0
1593.4,0.0071,4.61664,7.57515,0
1593.5,0.0071,4.61663,7.57515,0
1593.6,0.0071,4.61661,7.57515,0
1593.7,0.0071,4.6166,7.57515,0
1593.8,0.0071,4.61659,7.57515,0
1593.9,0.0071,4.61658,7.57515,0
1594,0.0071,4.61657,7.57515,0
1594.1,0.0071,4.61655,7.57515,0
1594.2,0.0071,4.61654,7.57515,0
1594.3,0.0071,4.61653,7.57515,0
1594.4,0.0071,4.61652,7.57515,0
1594.5,0.0071,4.61651,7.57515,0
1594.6,0.0071,4.61649,7.57515,0
1594.7,0.0071,4.61648,7.57515,0
1594.8,0.0071,4.61647,7.57515,0
1594.9,0.0071,4.61646,7.57515,0
1595,0.0071,4.61645,7.57515,0
1595.1,0.0071,4.61643,7.57515,0
1595.2,0.0071,4.61642,7.57515,0
1595.3,0.0071,4.61641,7.57515,0
1595.4,0.0071,4.6164,7.57515,0
1595.5,0.0071,4.61638,7.57515,0
1595.6,0.0071,4.61637,7.57515,0
1595.7,0.0071,4.61636,7.57515,0
1595.8,0.0071,4.61635,7.57515,0
1595.9,0.0071,4.61633,7.57515,0
1596,0.0071,4.61632,7.57515,0
1596.1,0.0071,4.61631,7.57515,0
1596.2,0.0071,4.61629,7.57515,0
1596.3,0.0071,4.61628,7.57515,0
1596.4,0.0071,4.61627,7.57515,0
1596.5,0.0071,4.61626,7.57515,0
1596.6,0.0071,4.61624,7.57515,0
1596.7,0.0071,4.61623,7.57515,0
1596.8,0.0071,4.61622,7.57515,0
1596.9,0.0071,4.6162,7.57515,0
1597,0.0071,4.61619,7.57515,0
1597.1,0.0071,4.61618,7.57515,0
1597.2,0.0071,4.61616,7.57515,0
1597.3,0.0071,4.61615,7.57515,0
1597.4,0.0071,4.61614,7.57515,0
1597.5,0.0071,4.61612,7.57515,0
1597.6,0.0071,4.61611,7.57515,0
1597.7,0.0071,4.6161,7.57515,0
1597.8,0.0071,4.61608,7.57515,0
1597.9,0.0071,4.61607,7.57515,0
1598,0.0071,4.61605,7.57515,0
1598.1,0.0071,4.61604,7.57515,0
1598.2,0.0071,4.61602,7.57515,0
1598.3,0.0071,4.616,7.57515,0
1598.4,0.0071,4.61599,7.57515,0
1598.5,0.0071,4.61597,7.57515,0
1598.6,0.0071,4.61596,7.57515,0
1598.7,0.0071,4.61594,7.57515,0
1598.8,0.0071,4.61593,7.57515,0
1598.9,0.0071,4.61591,7.57344,0
1599,0.0071,4.6159,7.57515,0
1599.1,0.0071,4.61588,7.57515,0
1599.2,0.0071,4.61586,7.57515,0
1599.3,0.0071,4.61585,7.57515,0
1599.4,0.0071,4.61583,7.57515,0
1599.5,0.0071,4.61582,7.57515,0
1599.6,0.0071,4.6158,7.57515,0
1599.7,0.0071,4.61579,7.57515,0
1599.8,0.0071,4.61577,7.57515,0
1599.9,0.0071,4.61576,7.57515,0
1600,0.0071,4.61574,7.57515,0
1600.1,0.0071,4.61572,7.57515,0
1600.2,0.0071,4.61571,7.57515,0
1600.3,0.0071,4.61569,7.57515,0
1600.4,0.0071,4.61567,7.57515,0
1600.5,0.0071,4.61566,7.57515,0
1600.6,0.0071,4.61564,7.57515,0
1600.7,0.0071,4.61562,7.57515,0
1600.8,0.0071,4.61561,7.57515,0
1600.9,0.0071,4.61559,7.57515,0
1601,0.0071,4.61557,7.57344,0
1601.1,0.0071,4.61556,7.57515,0
1601.2,0.0071,4.61554,7.57515,0
1601.3,0.0071,4.61552,7.57515,0
1601.4,0.0071,4.61551,7.57515,0
1601.5,0.0071,4.61549,7.57515,0
1601.6,0.0071,4.61547,7.57515,0
1601.7,0.0071,4.61545,7.57515,0
1601.8,0.0071,4.61544,7.57515,0
1601.9,0.0071,4.61542,7.57515,0
1602,0.0071,4.6154,7.57515,0
1602.1,0.0071,4.61539,7.57515,0
1602.2,0.0071,4.61537,7.57515,0
1602.3,0.0071,4.61535,7.57515,0
1602.4,0.0071,4.61534,7.57515,0
1602.5,0.0071,4.61532,7.57515,0
1602.6,0.0071,4.6153,7.57515,0
1602.7,0.0071,4.61529,7.57515,0
1602.8,0.0071,4.61527,7.57515,0
1602.9,0.0071,4.61525,7.57515,0
1603,0.0071,4.61524,7.57515,0
1603.1,0.0071,4.61522,7.57515,0
1603.2,0.0071,4.6152,7.57515,0
1603.3,0.0071,4.61519,7.57515,0
1603.4,0.0071,4.61517,7.57515,0
1603.5,0.0071,4.61515,7.57515,0
1603.6,0.0071,4.61514,7.57515,0
1603.7,0.0071,4.61512,7.57515,0
1603.8,0.0071,4.6151,7.57515,0
1603.9,0.0071,4.61508,7.57515,0
1604,0.0071,4.61507,7.57515,0
1604.1,0.0071,4.61505,7.57515,0
1604.2,0.0071,4.61503,7.57515,0
1604.3,0.0071,4.61501,7.57515,0
1604.4,0.0071,4.61499,7.57515,0
1604.5,0.0071,4.61497,7.57515,0
1604.6,0.0071,4.61496,7.57515,0
1604.7,0.0071,4.61494,7.57515,0
1604.8,0.0071,4.61492,7.57515,0
1604.9,0.0071,4.6149,7.57515,0
1605,0.0071,4.61488,7.57515,0
1605.1,0.0071,4.61486,7.57515,0
1605.2,0.0071,4.61485,7.57515,0
1605.3,0.0071,4.61483,7.57515,0
1605.4,0.0071,4.61481,7.57515,0
1605.5,0.0071,4.61479,7.57515,0
1605.6,0.0071,4.61477,7.57515,0
1605.7,0.0071,4.61476,7.57515,0
1605.8,0.0071,4.61474,7.57515,0
1605.9,0.00709,4.61472,7.57515,0
1606,0.00709,4.6147,7.57344,0
1606.1,0.00709,4.61468,7.57515,0
1606.2,0.00709,4.61467,7.57515,0
1606.3,0.00709,4.61465,7.57515,0
1606.4,0.00709,4.61463,7.57515,0
1606.5,0.00709,4.61461,7.57515,0
1606.6,0.00709,4.61459,7.57515,0
1606.7,0.00709,4.61457,7.57344,0
1606.8,0.00709,4.61455,7.57515,0
1606.9,0.00709,4.61454,7.57515,0
1607,0.00709,4.61452,7.57515,0
1607.1,0.00709,4.6145,7.57515,0
1607.2,0.00709,4.61448,7.57515,0
1607.3,0.00709,4.61446,7.57515,0
1607.4,0.00709,4.61444,7.57515,0
1607.5,0.00709,4.61442,7.57515,0
1607.6,0.00709,4.6144,7.57515,0
1607.7,0.00709,4.61439,7.57515,0
1607.8,0.00709,4.61437,7.57515,0
1607.9,0.00709,4.61435,7.57515,0
1608,0.00709,4.61433,7.57515,0
1608.1,0.00709,4.61431,7.57515,0
1608.2,0.00709,4.61429,7.57515,0
1608.3,0.00709,4.61428,7.57515,0
1608.4,0.00709,4.61426,7.57515,0
1608.5,0.00709,4.61424,7.57344,0
1608.6,0.00709,4.61422,7.57515,0
1608.7,0.00709,4.6142,7.57515,0
1608.8,0.00709,4.61418,7.57515,0
1608.9,0.00709,4.61417,7.57515,0
1609,0.00709,4.61415,7.57344,0
1609.1,0.00709,4.61413,7.57515,0
1609.2,0.00709,4.61411,7.57515,0
1609.3,0.00709,4.61409,7.57515,0
1609.4,0.00709,4.61407,7.57515,0
1609.5,0.00709,4.61405,7.57515,0
1609.6,0.00709,4.61403,7.57344,0
1609.7,0.00709,4.61401,7.57344,0
1609.8,0.00709,4.61399,7.57515,0
1609.9,0.00709,4.61397,7.57515,0
1610,0.00709,4.61395,7.57515,0
1610.1,0.00709,4.61393,7.57515,0
1610.2,0.00709,4.61391,7.57515,0
1610.3,0.00709,4.6139,7.57515,0
1610.4,0.00709,4.61388,7.57515,0
1610.5,0.00709,4.61386,7.57515,0
1610.6,0.00709,4.61383,7.57515,0
1610.7,0.00709,4.61381,7.57344,0
1610.8,0.00709,4.61379,7.57515,0
1610.9,0.00709,4.61377,7.57515,0
1611,0.00709,4.61375,7.57515,0
1611.1,0.00709,4.61373,7.57515,0
1611.2,0.00709,4.61371,7.57515,0
1611.3,0.00709,4.61369,7.57515,0
1611.4,0.00709,4.61367,7.57515,0
1611.5,0.00709,4.61365,7.57515,0
1611.6,0.00709,4.61363,7.57344,0
1611.7,0.00709,4.61361,7.57515,0
1611.8,0.00709,4.61359,7.57515,0
1611.9,0.00709,4.61357,7.57515,0
1612,0.00709,4.61355,7.57515,0
1612.1,0.00709,4.61353,7.57515,0
1612.2,0.00709,4.61351,7.57515,0
1612.3,0.00709,4.61349,7.57515,0
1612.4,0.00709,4.61347,7.57515,0
1612.5,0.00709,4.61345,7.57515,0
1612.6,0.00709,4.61342,7.57515,0
1612.7,0.00709,4.6134,7.57515,0
1612.8,0.00709,4.61338,7.57515,0
1612.9,0.00709,4.61336,7.57515,0
1613,0.00709,4.61334,7.57515,0
1613.1,0.00709,4.61332,7.57515,0
1613.2,0.00709,4.6133,7.57515,0
1613.3,0.00709,4.61328,7.57515,0
1613.4,0.00709,4.61326,7.57515,0
1613.5,0.00709,4.61324,7.57515,0
1613.6,0.00708,4.61321,7.57515,0
1613.7,0.00708,4.61319,7.57515,0
1613.8,0.00708,4.61317,7.57515,0
1613.9,0.00708,4.61315,7.57515,0
1614,0.00708,4.61313,7.57515,0
1614.1,0.00708,4.61311,7.57515,0
1614.2,0.00708,4.61309,7.57515,0
1614.3,0.00708,4.61307,7.57515,0
1614.4,0.00708,4.61305,7.57515,0
1614.5,0.00708,4.61303,7.57515,0
1614.6,0.00708,4.613,7.57515,0
1614.7,0.00708,4.61298,7.57515,0
1614.8,0.00708,4.61296,7.57515,0
1614.9,0.00708,4.61294,7.57515,0
1615,0.00708,4.61292,7.57515,0
1615.1,0.00708,4.6129,7.57515,0
1615.2,0.00708,4.61288,7.57515,0
1615.3,0.00708,4.61286,7.57515,0
1615.4,0.00708,4.61284,7.57515,0
1615.5,0.00708,4.61282,7.57515,0
1615.6,0.00708,4.6128,7.57515,0
1615.7,0.00708,4.61278,7.57515,0
1615.8,0.00708,4.61276,7.57515,0
1615.9,0.00708,4.61274,7.57515,0
1616,0.00708,4.61272,7.57515,0
1616.1,0.00708,4.6127,7.57515,0
1616.2,0.00708,4.61268,7.57515,0
1616.3,0.00708,4.61266,7.57683,0
1616.4,0.00708,4.61264,7.57515,0
1616.5,0.00708,4.61262,7.57515,0
1616.6,0.00708,4.6126,7.57515,0
1616.7,0.00708,4.61258,7.57515,0
1616.8,0.00708,4.61256,7.57515,0
1616.9,0.00708,4.61254,7.57515,0
1617,0.00708,4.61252,7.57515,0
1617.1,0.00708,4.6125,7.57515,0
1617.2,0.00708,4.61248,7.57515,0
1617.3,0.00708,4.61246,7.57515,0
1617.4,0.00708,4.61244,7.57515,0
1617.5,0.00708,4.61242,7.57515,0
1617.6,0.00708,4.61239,7.57515,0
1617.7,0.00708,4.61237,7.57515,0
1617.8,0.00708,4.61235,7.57515,0
1617.9,0.00708,4.61233,7.57515,0
1618,0.00708,4.61231,7.57515,0
1618.1,0.00708,4.61229,7.57515,0
1618.2,0.00708,4.61227,7.57515,0
1618.3,0.00708,4.61225,7.57515,0
1618.4,0.00708,4.61223,7.57515,0
1618.5,0.00708,4.61221,7.57515,0
1618.6,0.00708,4.61219,7.57515,0
1618.7,0.00708,4.61217,7.57515,0
1618.8,0.00708,4.61214,7.57344,0
1618.9,0.00708,4.61212,7.57515,0
1619,0.00708,4.6121,7.57515,0
1619.1,0.00708,4.61208,7.57515,0
1619.2,0.00708,4.61206,7.57515,0
1619.3,0.00708,4.61204,7.57515,0
1619.4,0.00708,4.61202,7.57515,0
1619.5,0.00708,4.612,7.57515,0
1619.6,0.00708,4.61197,7.57515,0
1619.7,0.00708,4.61195,7.57515,0
1619.8,0.00708,4.61193,7.57515,0
1619.9,0.00708,4.61191,7.57515,0
1620,0.00708,4.61189,7.57515,0
1620.1,0.00708,4.61187,7.57515,0
1620.2,0.00708,4.61185,7.57515,0
1620.3,0.00708,4.61183,7.57515,0
1620.4,0.00708,4.61181,7.57515,0
1620.5,0.00708,4.61178,7.57515,0
1620.6,0.00708,4.61176,7.57515,0
1620.7,0.00708,4.61174,7.57515,0
1620.8,0.00708,4.61172,7.57515,0
1620.9,0.00708,4.6117,7.57515,0
1621,0.00708,4.61168,7.57515,0
1621.1,0.00708,4.61166,7.57515,0
1621.2,0.00708,4.61164,7.57515,0
1621.3,0.00708,4.61162,7.57515,0
1621.4,0.00708,4.6116,7.57515,0
1621.5,0.00708,4.61158,7.57515,0
1621.6,0.00708,4.61156,7.57515,0
1621.7,0.00708,4.61154,7.57515,0
1621.8,0.00708,4.61152,7.57515,0
1621.9,0.00708,4.6115,7.57515,0
1622,0.00708,4.61148,7.57515,0
1622.1,0.00708,4.61146,7.57344,0
1622.2,0.00708,4.61144,7.57515,0
1622.3,0.00708,4.61141,7.57515,0
1622.4,0.00708,4.61139,7.57515,0
1622.5,0.00708,4.61137,7.57515,0
1622.6,0.00708,4.61135,7.57515,0
1622.7,0.00708,4.61133,7.57515,0
1622.8,0.00708,4.61131,7.57515,0
1622.9,0.00708,4.61129,7.57515,0
1623,0.00708,4.61127,7.57515,0
1623.1,0.00708,4.61125,7.57515,0
1623.2,0.00708,4.61123,7.57515,0
1623.3,0.00708,4.6112,7.57515,0
1623.4,0.00708,4.61118,7.57515,0
1623.5,0.00708,4.61116,7.57515,0
1623.6,0.00708,4.61114,7.57515,0
1623.7,0.00708,4.61112,7.57515,0
1623.8,0.00708,4.6111,7.57515,0
1623.9,0.00707,4.61108,7.57515,0
1624,0.00707,4.61106,7.57515,0
1624.1,0.00707,4.61104,7.57515,0
1624.2,0.00707,4.61102,7.57515,0
1624.3,0.00707,4.611,7.57515,0
1624.4,0.00707,4.61098,7.57515,0
1624.5,0.00707,4.61096,7.57515,0
1624.6,0.00707,4.61093,7.57344,0
1624.7,0.00707,4.61091,7.57515,0
1624.8,0.00707,4.61089,7.57515,0
1624.9,0.00707,4.61087,7.57515,0
1625,0.00707,4.61085,7.57515,0
1625.1,0.00707,4.61083,7.57515,0
1625.2,0.00707,4.61081,7.57344,0
1625.3,0.00707,4.61079,7.57344,0
1625.4,0.00707,4.61077,7.57515,0
1625.5,0.00707,4.61075,7.57515,0
1625.6,0.00707,4.61073,7.57515,0
1625.7,0.00707,4.61071,7.57515,0
1625.8,0.00707,4.61068,7.57515,0
1625.9,0.00707,4.61066,7.57515,0
1626,0.00707,4.61064,7.57515,0
1626.1,0.00707,4.61062,7.57515,0
1626.2,0.00707,4.6106,7.57515,0
1626.3,0.00707,4.61058,7.57515,0
1626.4,0.00707,4.61056,7.57515,0
1626.5,0.00707,4.61054,7.57515,0
1626.6,0.00707,4.61052,7.57515,0
1626.7,0.00707,4.6105,7.57515,0
1626.8,0.00707,4.61047,7.57515,0
1626.9,0.00707,4.61045,7.57515,0
1627,0.00707,4.61043,7.57515,0
1627.1,0.00707,4.61041,7.57515,0
1627.2,0.00707,4.61039,7.57515,0
1627.3,0.00707,4.61037,7.57515,0
1627.4,0.00707,4.61035,7.57515,0
1627.5,0.00707,4.61033,7.57515,0
1627.6,0.00706,4.61031,7.57515,0
1627.7,0.00706,4.61029,7.57515,0
1627.8,0.00706,4.61027,7.57515,0
1627.9,0.00706,4.61025,7.57515,0
1628,0.00706,4.61023,7.57515,0
1628.1,0.00706,4.61021,7.57515,0
1628.2,0.00706,4.61019,7.57515,0
1628.3,0.00706,4.61017,7.57515,0
1628.4,0.00706,4.61015,7.57515,0
1628.5,0.00706,4.61013,7.57515,0
1628.6,0.00706,4.61011,7.57515,0
1628.7,0.00706,4.61009,7.57515,0
1628.8,0.00706,4.61007,7.57515,0
1628.9,0.00706,4.61005,7.57515,0
1629,0.00706,4.61003,7.57515,0
1629.1,0.00706,4.61001,7.57515,0
1629.2,0.00706,4.60999,7.57515,0
1629.3,0.00706,4.60997,7.57515,0
1629.4,0.00706,4.60995,7.57515,0
1629.5,0.00706,4.60993,7.57515,0
1629.6,0.00706,4.60991,7.57515,0
1629.7,0.00706,4.60989,7.57515,0
1629.8,0.00706,4.60987,7.57515,0
1629.9,0.00706,4.60985,7.57515,0
1630,0.00706,4.60983,7.57515,0
1630.1,0.00706,4.60981,7.57515,0
1630.2,0.00706,4.6098,7.57515,0
1630.3,0.00706,4.60978,7.57515,0
1630.4,0.00706,4.60976,7.57515,0
1630.5,0.00706,4.60974,7.57515,0
1630.6,0.00706,4.60972,7.57515,0
1630.7,0.00706,4.6097,7.57515,0
1630.8,0.00706,4.60968,7.57515,0
1630.9,0.00705,4.60966,7.57515,0
1631,0.00705,4.60964,7.57515,0
1631.1,0.00705,4.60962,7.57515,0
1631.2,0.00705,4.60959,7.57515,0
1631.3,0.00705,4.60957,7.57515,0
1631.4,0.00705,4.60955,7.57515,0
1631.5,0.00705,4.60953,7.57515,0
1631.6,0.00705,4.60951,7.57515,0
1631.7,0.00705,4.60949,7.57515,0
1631.8,0.00705,4.60947,7.57515,0
1631.9,0.00705,4.60945,7.57515,0
1632,0.00705,4.60943,7.57515,0
1632.1,0.00705,4.60941,7.57515,0
1632.2,0.00705,4.60938,7.57515,0
1632.3,0.00705,4.60936,7.57515,0
1632.4,0.00705,4.60934,7.57515,0
1632.5,0.00705,4.60932,7.57515,0
1632.6,0.00705,4.6093,7.57515,0
1632.7,0.00705,4.60927,7.57515,0
1632.8,0.00705,4.60925,7.57515,0
1632.9,0.00705,4.60923,7.57515,0
1633,0.00705,4.60921,7.57515,0
1633.1,0.00705,4.60918,7.57515,0
1633.2,0.00705,4.60916,7.57515,0
1633.3,0.00705,4.60914,7.57515,0
1633.4,0.00705,4.60912,7.57515,0
1633.5,0.00705,4.60909,7.57515,0
1633.6,0.00705,4.60907,7.57515,0
1633.7,0.00705,4.60905,7.57515,0
1633.8,0.00705,4.60902,7.57515,0
1633.9,0.00705,4.609,7.57515,0
1634,0.00705,4.60898,7.57515,0
1634.1,0.00705,4.60895,7.57515,0
1634.2,0.00705,4.60893,7.57515,0
1634.3,0.00705,4.60891,7.57515,0
1634.4,0.00705,4.60888,7.57515,0
1634.5,0.00705,4.60886,7.57515,0
1634.6,0.00705,4.60884,7.57515,0
1634.7,0.00705,4.60882,7.57515,0
1634.8,0.00705,4.60879,7.57515,0
1634.9,0.00705,4.60877,7.57515,0
1635,0.00705,4.60875,7.57515,0
1635.1,0.00705,4.60873,7.57515,0
1635.2,0.00704,4.6087,7.57515,0
1635.3,0.00704,4.60868,7.57515,0
1635.4,0.00704,4.60866,7.57515,0
1635.5,0.00704,4.60863,7.57344,0
1635.6,0.00704,4.60861,7.57515,0
1635.7,0.00704,4.60859,7.57515,0
1635.8,0.00704,4.60857,7.57515,0
1635.9,0.00704,4.60854,7.57515,0
1636,0.00704,4.60852,7.57515,0
1636.1,0.00704,4.6085,7.57515,0
1636.2,0.00704,4.60848,7.57515,0
1636.3,0.00704,4.60845,7.57515,0
1636.4,0.00704,4.60843,7.57515,0
1636.5,0.00704,4.60841,7.57515,0
1636.6,0.00704,4.60839,7.57515,0
1636.7,0.00704,4.60836,7.57515,0
1636.8,0.00704,4.60834,7.57515,0
1636.9,0.00704,4.60832,7.57515,0
1637,0.00704,4.6083,7.57515,0
1637.1,0.00704,4.60827,7.57515,0
1637.2,0.00704,4.60825,7.57515,0
1637.3,0.00704,4.60823,7.57515,0
1637.4,0.00704,4.6082,7.57515,0
1637.5,0.00704,4.60818,7.57515,0
1637.6,0.00704,4.60816,7.57515,0
1637.7,0.00704,4.60813,7.57515,0
1637.8,0.00704,4.60811,7.57515,0
1637.9,0.00704,4.60809,7.57515,0
1638,0.00704,4.60807,7.57515,0
1638.1,0.00704,4.60804,7.57515,0
1638.2,0.00704,4.60802,7.57515,0
1638.3,0.00704,4.608,7.57515,0
1638.4,0.00704,4.60797,7.57515,0
1638.5,0.00704,4.60795,7.57515,0
1638.6,0.00704,4.60793,7.57515,0
1638.7,0.00703,4.6079,7.57515,0
1638.8,0.00703,4.60788,7.57515,0
1638.9,0.00703,4.60786,7.57515,0
1639,0.00703,4.60784,7.57515,0
1639.1,0.00703,4.60781,7.57515,0
1639.2,0.00703,4.60779,7.57515,0
1639.3,0.00703,4.60777,7.57683,0
1639.4,0.00703,4.60774,7.57515,0
1639.5,0.00703,4.60772,7.57515,0
1639.6,0.00703,4.6077,7.57515,0
1639.7,0.00703,4.60767,7.57515,0
1639.8,0.00703,4.60765,7.57515,0
1639.9,0.00703,4.60763,7.57515,0
1640,0.00703,4.6076,7.57515,0
1640.1,0.00703,4.60758,7.57515,0
1640.2,0.00703,4.60755,7.57515,0
1640.3,0.00703,4.60753,7.57515,0
1640.4,0.00703,4.60751,7.57515,0
1640.5,0.00703,4.60748,7.57515,0
1640.6,0.00703,4.60746,7.57515,0
1640.7,0.00703,4.60743,7.57515,0
1640.8,0.00703,4.60741,7.57515,0
1640.9,0.00703,4.60739,7.57515,0
1641,0.00703,4.60737,7.57515,0
1641.1,0.00703,4.60734,7.57515,0
1641.2,0.00703,4.60732,7.57515,0
1641.3,0.00703,4.6073,7.57515,0
1641.4,0.00703,4.60727,7.57515,0
1641.5,0.00703,4.60725,7.57515,0
1641.6,0.00703,4.60722,7.57515,0
1641.7,0.00703,4.6072,7.57515,0
1641.8,0.00703,4.60718,7.57515,0
1641.9,0.00703,4.60715,7.57515,0
1642,0.00703,4.60713,7.57515,0
1642.1,0.00702,4.6071,7.57515,0
1642.2,0.00702,4.60708,7.57515,0
1642.3,0.00702,4.60705,7.57515,0
1642.4,0.00702,4.60703,7.57515,0
1642.5,0.00702,4.60701,7.57515,0
1642.6,0.00702,4.60698,7.57515,0
1642.7,0.00702,4.60696,7.57515,0
1642.8,0.00702,4.60693,7.57515,0
1642.9,0.00702,4.60691,7.57515,0
1643,0.00702,4.60689,7.57515,0
1643.1,0.00702,4.60686,7.57515,0
1643.2,0.00702,4.60684,7.57515,0
1643.3,0.00702,4.60681,7.57515,0
1643.4,0.00702,4.60679,7.57515,0
1643.5,0.00702,4.60677,7.57515,0
1643.6,0.00702,4.60674,7.57515,0
1643.7,0.00702,4.60672,7.57515,0
1643.8,0.00702,4.60669,7.57515,0
1643.9,0.00702,4.60666,7.57515,0
1644,0.00702,4.60664,7.57515,0
1644.1,0.00702,4.60661,7.57515,0
1644.2,0.00702,4.60659,7.57515,0
1644.3,0.00702,4.60656,7.57515,0
1644.4,0.00702,4.60654,7.57515,0
1644.5,0.00702,4.60651,7.57515,0
1644.6,0.00702,4.60648,7.57515,0
1644.7,0.00702,4.60646,7.57515,0
1644.8,0.00702,4.60643,7.57515,0
1644.9,0.00702,4.60641,7.57515,0
1645,0.00702,4.60638,7.57515,0
1645.1,0.00701,4.60636,7.57515,0
1645.2,0.00701,4.60633,7.57515,0
1645.3,0.00701,4.60631,7.57515,0
1645.4,0.00701,4.60628,7.57515,0
1645.5,0.00701,4.60626,7.57515,0
1645.6,0.00701,4.60623,7.57515,0
1645.7,0.00701,4.6062,7.57515,0
1645.8,0.00701,4.60618,7.57515,0
1645.9,0.00701,4.60615,7.57515,0
1646,0.00701,4.60613,7.57515,0
1646.1,0.00701,4.6061,7.57515,0
1646.2,0.00701,4.60607,7.57515,0
1646.3,0.00701,4.60605,7.57515,0
1646.4,0.00701,4.60602,7.57515,0
1646.5,0.00701,4.606,7.57515,0
1646.6,0.00701,4.60597,7.57344,0
1646.7,0.00701,4.60595,7.57515,0
1646.8,0.00701,4.60592,7.57515,0
1646.9,0.00701,4.60589,7.57515,0
1647,0.00701,4.60587,7.57515,0
1647.1,0.00701,4.60584,7.57515,0
1647.2,0.00701,4.60582,7.57515,0
1647.3,0.00701,4.60579,7.57515,0
1647.4,0.00701,4.60576,7.57515,0
1647.5,0.00701,4.60574,7.57515,0
1647.6,0.00701,4.60571,7.57515,0
1647.7,0.007,4.60568,7.57515,0
1647.8,0.007,4.60565,7.57515,0
1647.9,0.007,4.60563,7.57515,0
1648,0.007,4.6056,7.57515,0
1648.1,0.007,4.60558,7.57515,0
1648.2,0.007,4.60555,7.57515,0
1648.3,0.007,4.60552,7.57344,0
1648.4,0.007,4.6055,7.57515,0
1648.5,0.007,4.60547,7.57515,0
1648.6,0.007,4.60544,7.57515,0
1648.7,0.007,4.60542,7.57515,0
1648.8,0.007,4.60539,7.57515,0
1648.9,0.007,4.60536,7.57515,0
1649,0.007,4.60533,7.57515,0
1649.1,0.007,4.60531,7.57515,0
1649.2,0.007,4.60528,7.57515,0
1649.3,0.007,4.60525,7.57515,0
1649.4,0.007,4.60522,7.57515,0
1649.5,0.007,4.6052,7.57515,0
1649.6,0.007,4.60517,7.57515,0
1649.7,0.007,4.60514,7.57515,0
1649.8,0.007,4.60512,7.57515,0
1649.9,0.007,4.60509,7.57515,0
1650,0.007,4.60506,7.57515,0
1650.1,0.007,4.60503,7.57515,0
1650.2,0.007,4.60501,7.57515,0
1650.3,0.007,4.60498,7.57515,0
1650.4,0.007,4.60495,7.57515,0
1650.5,0.007,4.60492,7.57515,0
1650.6,0.00699,4.60489,7.57515,0
1650.7,0.00699,4.60487,7.57515,0
1650.8,0.00699,4.60484,7.57515,0
1650.9,0.00699,4.60481,7.57515,0
1651,0.00699,4.60478,7.57515,0
1651.1,0.00699,4.60476,7.57515,0
1651.2,0.00699,4.60473,7.57515,0
1651.3,0.00699,4.6047,7.57515,0
1651.4,0.00699,4.60468,7.57515,0
1651.5,0.00699,4.60465,7.57515,0
1651.6,0.00699,4.60462,7.57515,0
1651.7,0.00699,4.6046,7.57515,0
1651.8,0.00699,4.60457,7.57515,0
1651.9,0.00699,4.60454,7.57515,0
1652,0.00699,4.60451,7.57515,0
1652.1,0.00699,4.60449,7.57515,0
1652.2,0.00699,4.60446,7.57515,0
1652.3,0.00699,4.60443,7.57515,0
1652.4,0.00699,4.60441,7.57515,0
1652.5,0.00699,4.60438,7.57515,0
1652.6,0.00699,4.60435,7.57515,0
1652.7,0.00699,4.60433,7.57515,0
1652.8,0.00699,4.6043,7.57515,0
1652.9,0.00699,4.60427,7.57515,0
1653,0.00698,4.60425,7.57515,0
1653.1,0.00698,4.60422,7.57515,0
1653.2,0.00698,4.6042,7.57515,0
1653.3,0.00698,4.60417,7.57515,0
1653.4,0.00698,4.60415,7.57515,0
1653.5,0.00698,4.60412,7.57515,0
1653.6,0.00698,4.60409,7.57515,0
1653.7,0.00698,4.60407,7.57515,0
1653.8,0.00698,4.60404,7.57515,0
1653.9,0.00698,4.60401,7.57515,0
1654,0.00698,4.60399,7.57515,0
1654.1,0.00698,4.60396,7.57515,0
1654.2,0.00698,4.60393,7.57515,0
1654.3,0.00698,4.60391,7.57515,0
1654.4,0.00698,4.60388,7.57515,0
1654.5,0.00698,4.60385,7.57515,0
1654.6,0.00698,4.60383,7.57515,0
1654.7,0.00698,4.6038,7.57515,0
1654.8,0.00698,4.60377,7.57515,0
1654.9,0.00698,4.60375,7.57515,0
1655,0.00698,4.60372,7.57515,0
1655.1,0.00698,4.60369,7.57515,0
1655.2,0.00698,4.60367,7.57344,0
1655.3,0.00698,4.60364,7.57515,0
1655.4,0.00697,4.60361,7.57344,0
1655.5,0.00697,4.60358,7.57515,0
1655.6,0.00697,4.60356,7.57515,0
1655.7,0.00697,4.60353,7.57344,0
1655.8,0.00697,4.6035,7.57515,0
1655.9,0.00697,4.60348,7.57515,0
1656,0.00697,4.60345,7.57515,0
1656.1,0.00697,4.60342,7.57515,0
1656.2,0.00697,4.60339,7.57515,0
1656.3,0.00697,4.60337,7.57515,0
1656.4,0.00697,4.60334,7.57515,0
1656.5,0.00697,4.60331,7.57515,0
1656.6,0.00697,4.60328,7.57515,0
1656.7,0.00697,4.60326,7.57515,0
1656.8,0.00697,4.60323,7.57515,0
1656.9,0.00697,4.6032,7.57515,0
1657,0.00697,4.60318,7.57515,0
1657.1,0.00697,4.60315,7.57515,0
1657.2,0.00697,4.60312,7.57515,0
1657.3,0.00697,4.60309,7.57515,0
1657.4,0.00697,4.60307,7.57515,0
1657.5,0.00697,4.60304,7.57515,0
1657.6,0.00697,4.60302,7.57515,0
1657.7,0.00697,4.60299,7.57515,0
1657.8,0.00697,4.60296,7.57515,0
1657.9,0.00697,4.60294,7.57515,0
1658,0.00697,4.60291,7.57515,0
1658.1,0.00697,4.60289,7.57344,0
1658.2,0.00697,4.60286,7.57515,0
1658.3,0.00697,4.60283,7.57515,0
1658.4,0.00697,4.60281,7.57515,0
1658.5,0.00696,4.60278,7.57515,0
1658.6,0.00696,4.60275,7.57515,0
1658.7,0.00696,4.60273,7.57515,0
1658.8,0.00696,4.6027,7.57515,0
1658.9,0.00696,4.60268,7.57515,0
1659,0.00696,4.60265,7.57515,0
1659.1,0.00696,4.60262,7.57515,0
1659.2,0.00696,4.60259,7.57344,0
1659.3,0.00696,4.60257,7.57515,0
1659.4,0.00696,4.60254,7.57515,0
1659.5,0.00696,4.60252,7.57515,0
1659.6,0.00696,4.60249,7.57515,0
1659.7,0.00696,4.60246,7.57515,0
1659.8,0.00696,4.60244,7.57515,0
1659.9,0.00696,4.60241,7.57515,0
1660,0.00696,4.60239,7.57515,0
1660.1,0.00696,4.60236,7.57515,0
1660.2,0.00696,4.60233,7.57515,0
1660.3,0.00696,4.60231,7.57515,0
1660.4,0.00696,4.60228,7.57515,0
1660.5,0.00696,4.60225,7.57515,0
1660.6,0.00696,4.60223,7.57515,0
1660.7,0.00696,4.6022,7.57515,0
1660.8,0.00696,4.60217,7.57344,0
1660.9,0.00696,4.60214,7.57344,0
1661,0.00696,4.60212,7.57515,0
1661.1,0.00696,4.60209,7.57515,0
1661.2,0.00696,4.60206,7.57515,0
1661.3,0.00696,4.60204,7.57515,0
1661.4,0.00696,4.60201,7.57515,0
1661.5,0.00696,4.60198,7.57515,0
1661.6,0.00696,4.60195,7.57515,0
1661.7,0.00696,4.60193,7.57515,0
1661.8,0.00696,4.6019,7.57515,0
1661.9,0.00696,4.60187,7.57515,0
1662,0.00696,4.60184,7.57515,0
1662.1,0.00696,4.60182,7.57515,0
1662.2,0.00696,4.60179,7.57515,0
1662.3,0.00695,4.60176,7.57515,0
1662.4,0.00695,4.60173,7.57515,0
1662.5,0.00695,4.60171,7.57515,0
1662.6,0.00695,4.60168,7.57515,0
1662.7,0.00695,4.60165,7.57515,0
1662.8,0.00695,4.60163,7.57515,0
1662.9,0.00695,4.6016,7.57515,0
1663,0.00695,4.60157,7.57515,0
1663.1,0.00695,4.60155,7.57515,0
1663.2,0.00695,4.60152,7.57515,0
1663.3,0.00695,4.6015,7.57515,0
1663.4,0.00695,4.60147,7.57344,0
1663.5,0.00695,4.60145,7.57344,0
1663.6,0.00695,4.60142,7.57515,0
1663.7,0.00695,4.6014,7.57515,0
1663.8,0.00695,4.60137,7.57515,0
1663.9,0.00695,4.60135,7.57515,0
1664,0.00695,4.60132,7.57515,0
1664.1,0.00695,4.6013,7.57515,0
1664.2,0.00695,4.60127,7.57515,0
1664.3,0.00695,4.60125,7.57515,0
1664.4,0.00695,4.60122,7.57515,0
1664.5,0.00695,4.60119,7.57515,0
1664.6,0.00695,4.60117,7.57515,0
1664.7,0.00695,4.60114,7.57515,0
1664.8,0.00695,4.60112,7.57515,0
1664.9,0.00695,4.60109,7.57515,0
1665,0.00695,4.60106,7.57515,0
1665.1,0.00695,4.60104,7.57515,0
1665.2,0.00695,4.60101,7.57515,0
1665.3,0.00695,4.60099,7.57515,0
1665.4,0.00695,4.60096,7.57515,0
1665.5,0.00695,4.60094,7.57515,0
1665.6,0.00695,4.60091,7.57515,0
1665.7,0.00695,4.60088,7.57515,0
1665.8,0.00695,4.60086,7.57515,0
1665.9,0.00695,4.60083,7.57515,0
1666,0.00695,4.60081,7.57515,0
1666.1,0.00695,4.60078,7.57515,0
1666.2,0.00695,4.60076,7.57515,0
1666.3,0.00695,4.60073,7.57515,0
1666.4,0.00695,4.60071,7.57515,0
1666.5,0.00695,4.60068,7.57515,0
1666.6,0.00695,4.60065,7.57515,0
1666.7,0.00695,4.60063,7.57515,0
1666.8,0.00695,4.6006,7.57515,0
1666.9,0.00695,4.60058,7.57515,0
1667,0.00695,4.60055,7.57515,0
1667.1,0.00695,4.60053,7.57515,0
1667.2,0.00695,4.6005,7.57515,0
1667.3,0.00695,4.60048,7.57515,0
1667.4,0.00695,4.60045,7.57515,0
1667.5,0.00695,4.60042,7.57515,0
1667.6,0.00695,4.6004,7.57515,0
1667.7,0.00695,4.60037,7.57515,0
1667.8,0.00695,4.60035,7.57515,0
1667.9,0.00695,4.60033,7.57515,0
1668,0.00695,4.6003,7.57515,0
1668.1,0.00695,4.60028,7.57515,0
1668.2,0.00695,4.60025,7.57515,0
1668.3,0.00695,4.60023,7.57515,0
1668.4,0.00695,4.6002,7.57515,0
1668.5,0.00695,4.60018,7.57515,0
1668.6,0.00695,4.60015,7.57515,0
1668.7,0.00695,4.60013,7.57515,0
1668.8,0.00695,4.6001,7.57515,0
1668.9,0.00695,4.60008,7.57515,0
1669,0.00695,4.60005,7.57515,0
1669.1,0.00695,4.60003,7.57515,0
1669.2,0.00695,4.6,7.57515,0
1669.3,0.00695,4.59998,7.57515,0
1669.4,0.00695,4.59995,7.57515,0
1669.5,0.00695,4.59992,7.57515,0
1669.6,0.00695,4.5999,7.57515,0
1669.7,0.00695,4.59987,7.57515,0
1669.8,0.00695,4.59985,7.57515,0
1669.9,0.00695,4.59982,7.57515,0
1670,0.00695,4.5998,7.57515,0
1670.1,0.00695,4.59977,7.57515,0
1670.2,0.00695,4.59975,7.57515,0
1670.3,0.00695,4.59972,7.57515,0
1670.4,0.00695,4.5997,7.57515,0
1670.5,0.00695,4.59967,7.57515,0
1670.6,0.00695,4.59965,7.57515,0
1670.7,0.00695,4.59962,7.57515,0
1670.8,0.00695,4.5996,7.57515,0
1670.9,0.00695,4.59957,7.57515,0
1671,0.00694,4.59955,7.57515,0
1671.1,0.00694,4.59952,7.57515,0
1671.2,0.00694,4.5995,7.57515,0
1671.3,0.00694,4.59947,7.57515,0
1671.4,0.00694,4.59945,7.57515,0
1671.5,0.00694,4.59942,7.57515,0
1671.6,0.00694,4.5994,7.57515,0
1671.7,0.00694,4.59937,7.57515,0
1671.8,0.00694,4.59935,7.57515,0
1671.9,0.00694,4.59932,7.57344,0
1672,0.00694,4.5993,7.57515,0
1672.1,0.00694,4.59927,7.57515,0
1672.2,0.00694,4.59925,7.57515,0
1672.3,0.00694,4.59922,7.57515,0
1672.4,0.00694,4.5992,7.57515,0
1672.5,0.00694,4.59917,7.57515,0
1672.6,0.00694,4.59914,7.57515,0
1672.7,0.00694,4.59912,7.57515,0
1672.8,0.00694,4.59909,7.57515,0
1672.9,0.00694,4.59907,7.57515,0
1673,0.00694,4.59904,7.57515,0
1673.1,0.00694,4.59901,7.57515,0
1673.2,0.00694,4.59899,7.57515,0
1673.3,0.00694,4.59896,7.57515,0
1673.4,0.00694,4.59894,7.57515,0
1673.5,0.00694,4.59891,7.57515,0
1673.6,0.00694,4.59888,7.57515,0
1673.7,0.00694,4.59886,7.57515,0
1673.8,0.00694,4.59883,7.57515,0
1673.9,0.00694,4.59881,7.57515,0
1674,0.00694,4.59878,7.57515,0
1674.1,0.00694,4.59875,7.57515,0
1674.2,0.00694,4.59873,7.57515,0
1674.3,0.00694,4.5987,7.57515,0
1674.4,0.00694,4.59868,7.57515,0
1674.5,0.00694,4.59865,7.57515,0
1674.6,0.00694,4.59863,7.57344,0
1674.7,0.00694,4.5986,7.57344,0
1674.8,0.00694,4.59857,7.57515,0
1674.9,0.00694,4.59855,7.57515,0
1675,0.00694,4.59852,7.57515,0
1675.1,0.00694,4.5985,7.57515,0
1675.2,0.00694,4.59847,7.57515,0
1675.3,0.00694,4.59844,7.57515,0
1675.4,0.00694,4.59842,7.57515,0
1675.5,0.00694,4.59839,7.57515,0
1675.6,0.00694,4.59837,7.57515,0
1675.7,0.00694,4.59834,7.57515,0
1675.8,0.00694,4.59832,7.57515,0
1675.9,0.00694,4.59829,7.57515,0
1676,0.00694,4.59826,7.57344,0
1676.1,0.00694,4.59824,7.57515,0
1676.2,0.00694,4.59821,7.57344,0
1676.3,0.00694,4.59819,7.57515,0
1676.4,0.00694,4.59816,7.57344,0
1676.5,0.00694,4.59814,7.57515,0
1676.6,0.00694,4.59811,7.57344,0
1676.7,0.00694,4.59809,7.57515,0
1676.8,0.00694,4.59806,7.57515,0
1676.9,0.00694,4.59804,7.57344,0
1677,0.00694,4.59801,7.57344,0
1677.1,0.00694,4.59799,7.57515,0
1677.2,0.00694,4.59796,7.57515,0
1677.3,0.00694,4.59793,7.57515,0
1677.4,0.00694,4.59791,7.57515,0
1677.5,0.00694,4.59788,7.57515,0
1677.6,0.00694,4.59786,7.57515,0
1677.7,0.00694,4.59783,7.57515,0
1677.8,0.00694,4.59781,7.57515,0
1677.9,0.00694,4.59779,7.57515,0
1678,0.00694,4.59776,7.57515,0
1678.1,0.00694,4.59774,7.57515,0
1678.2,0.00694,4.59771,7.57515,0
1678.3,0.00694,4.59769,7.57515,0
1678.4,0.00694,4.59766,7.57515,0
1678.5,0.00694,4.59764,7.57515,0
1678.6,0.00694,4.59761,7.57515,0
1678.7,0.00694,4.59759,7.57515,0
1678.8,0.00694,4.59757,7.57515,0
1678.9,0.00694,4.59754,7.57515,0
1679,0.00694,4.59752,7.57515,0
1679.1,0.00694,4.59749,7.57515,0
1679.2,0.00694,4.59747,7.57515,0
1679.3,0.00694,4.59744,7.57515,0
1679.4,0.00694,4.59742,7.57344,0
1679.5,0.00694,4.59739,7.57515,0
1679.6,0.00694,4.59737,7.57515,0
1679.7,0.00694,4.59735,7.57515,0
1679.8,0.00694,4.59733,7.57515,0
1679.9,0.00694,4.5973,7.57515,0
1680,0.00694,4.59728,7.57515,0
1680.1,0.00694,4.59726,7.57515,0
1680.2,0.00694,4.59724,7.57515,0
1680.3,0.00694,4.59722,7.57515,0
1680.4,0.00694,4.59719,7.57515,0
1680.5,0.00694,4.59717,7.57515,0
1680.6,0.00694,4.59715,7.57515,0
1680.7,0.00694,4.59713,7.57344,0
1680.8,0.00694,4.59711,7.57515,0
1680.9,0.00694,4.59708,7.57515,0
1681,0.00694,4.59706,7.57515,0
1681.1,0.00694,4.59704,7.57515,0
1681.2,0.00694,4.59702,7.57515,0
1681.3,0.00694,4.59699,7.57515,0
1681.4,0.00694,4.59697,7.57515,0
1681.5,0.00694,4.59695,7.57344,0
1681.6,0.00694,4.59693,7.57515,0
1681.7,0.00694,4.59691,7.57515,0
1681.8,0.00694,4.59688,7.57515,0
1681.9,0.00694,4.59686,7.57515,0
1682,0.00694,4.59684,7.57515,0
1682.1,0.00695,4.59682,7.57515,0
1682.2,0.00695,4.5968,7.57515,0
1682.3,0.00695,4.59678,7.57515,0
1682.4,0.00695,4.59675,7.57515,0
1682.5,0.00695,4.59673,7.57515,0
1682.6,0.00695,4.59671,7.57515,0
1682.7,0.00695,4.59669,7.57344,0
1682.8,0.00695,4.59667,7.57515,0
1682.9,0.00695,4.59664,7.57515,0
1683,0.00695,4.59662,7.57515,0
1683.1,0.00695,4.5966,7.57515,0
1683.2,0.00695,4.59658,7.57515,0
1683.3,0.00695,4.59655,7.57515,0
1683.4,0.00695,4.59653,7.57515,0
1683.5,0.00695,4.59651,7.57515,0
1683.6,0.00695,4.59649,7.57515,0
1683.7,0.00695,4.59646,7.57515,0
1683.8,0.00695,4.59644,7.57515,0
1683.9,0.00695,4.59642,7.57515,0
1684,0.00695,4.5964,7.57344,0
1684.1,0.00695,4.59637,7.57515,0
1684.2,0.00695,4.59635,7.57344,0
1684.3,0.00695,4.59633,7.57515,0
1684.4,0.00695,4.5963,7.57515,0
1684.5,0.00695,4.59628,7.57515,0
1684.6,0.00695,4.59626,7.57515,0
1684.7,0.00695,4.59623,7.57515,0
1684.8,0.00695,4.59621,7.57515,0
1684.9,0.00695,4.59618,7.57515,0
1685,0.00695,4.59616,7.57515,0
1685.1,0.00695,4.59613,7.57344,0
1685.2,0.00695,4.59611,7.57515,0
1685.3,0.00695,4.59608,7.57515,0
1685.4,0.00695,4.59605,7.57515,0
1685.5,0.00695,4.59603,7.57344,0
1685.6,0.00695,4.596,7.57515,0
1685.7,0.00695,4.59597,7.57515,0
1685.8,0.00695,4.59595,7.57515,0
1685.9,0.00695,4.59592,7.57515,0
1686,0.00695,4.59589,7.57344,0
1686.1,0.00695,4.59587,7.57515,0
1686.2,0.00695,4.59584,7.57515,0
1686.3,0.00695,4.59581,7.57515,0
1686.4,0.00695,4.59578,7.57515,0
1686.5,0.00695,4.59576,7.57515,0
1686.6,0.00695,4.59573,7.57515,0
1686.7,0.00695,4.5957,7.57515,0
1686.8,0.00695,4.59567,7.57515,0
1686.9,0.00695,4.59564,7.57515,0
1687,0.00695,4.59561,7.57515,0
1687.1,0.00696,4.59558,7.57515,0
1687.2,0.00696,4.59555,7.57515,0
1687.3,0.00696,4.59552,7.57515,0
1687.4,0.00696,4.59549,7.57515,0
1687.5,0.00696,4.59546,7.57515,0
1687.6,0.00696,4.59543,7.57515,0
1687.7,0.00696,4.5954,7.57515,0
1687.8,0.00696,4.59537,7.57515,0
1687.9,0.00696,4.59535,7.57515,0
1688,0.00696,4.59532,7.57515,0
1688.1,0.00696,4.59529,7.57515,0
1688.2,0.00696,4.59526,7.57515,0
1688.3,0.00696,4.59523,7.57344,0
1688.4,0.00696,4.5952,7.57515,0
1688.5,0.00696,4.59517,7.57515,0
1688.6,0.00696,4.59515,7.57515,0
1688.7,0.00696,4.59512,7.57515,0
1688.8,0.00696,4.59509,7.57515,0
1688.9,0.00696,4.59506,7.57515,0
1689,0.00696,4.59503,7.57515,0
1689.1,0.00696,4.59501,7.57515,0
1689.2,0.00696,4.59498,7.57344,0
1689.3,0.00696,4.59495,7.57515,0
1689.4,0.00696,4.59492,7.57515,0
1689.5,0.00696,4.59489,7.57515,0
1689.6,0.00696,4.59487,7.57515,0
1689.7,0.00696,4.59484,7.57344,0
1689.8,0.00696,4.59481,7.57515,0
1689.9,0.00696,4.59479,7.57515,0
1690,0.00696,4.59476,7.57344,0
1690.1,0.00696,4.59474,7.57344,0
1690.2,0.00696,4.59471,7.57515,0
1690.3,0.00696,4.59468,7.57515,0
1690.4,0.00696,4.59466,7.57344,0
1690.5,0.00696,4.59463,7.57515,0
1690.6,0.00696,4.5946,7.57515,0
1690.7,0.00696,4.59457,7.57515,0
1690.8,0.00696,4.59455,7.57515,0
1690.9,0.00696,4.59452,7.57515,0
1691,0.00696,4.5945,7.57515,0
1691.1,0.00696,4.59447,7.57515,0
1691.2,0.00696,4.59444,7.57515,0
1691.3,0.00696,4.59442,7.57515,0
1691.4,0.00696,4.59439,7.57515,0
1691.5,0.00696,4.59436,7.57515,0
1691.6,0.00696,4.59434,7.57515,0
1691.7,0.00696,4.59431,7.57515,0
1691.8,0.00696,4.59429,7.57515,0
1691.9,0.00696,4.59426,7.57515,0
1692,0.00696,4.59424,7.57515,0
1692.1,0.00696,4.59421,7.57515,0
1692.2,0.00696,4.59419,7.57515,0
1692.3,0.00696,4.59416,7.57515,0
1692.4,0.00696,4.59414,7.57515,0
1692.5,0.00696,4.59412,7.57515,0
1692.6,0.00696,4.59409,7.57515,0
1692.7,0.00696,4.59407,7.57515,0
1692.8,0.00696,4.59404,7.57515,0
1692.9,0.00696,4.59402,7.57515,0
1693,0.00696,4.59399,7.57515,0
1693.1,0.00696,4.59397,7.57515,0
1693.2,0.00696,4.59394,7.57515,0
1693.3,0.00696,4.59391,7.57515,0
1693.4,0.00696,4.59388,7.57515,0
1693.5,0.00696,4.59386,7.57515,0
1693.6,0.00696,4.59383,7.57515,0
1693.7,0.00696,4.5938,7.57515,0
1693.8,0.00696,4.59377,7.57515,0
1693.9,0.00696,4.59374,7.57515,0
1694,0.00696,4.59372,7.57515,0
1694.1,0.00697,4.59369,7.57515,0
1694.2,0.00697,4.59366,7.57515,0
1694.3,0.00697,4.59364,7.57515,0
1694.4,0.00697,4.59361,7.57515,0
1694.5,0.00697,4.59358,7.57515,0
1694.6,0.00697,4.59356,7.57515,0
1694.7,0.00697,4.59353,7.57515,0
1694.8,0.00697,4.59351,7.57515,0
1694.9,0.00697,4.59348,7.57515,0
1695,0.00697,4.59346,7.57515,0
1695.1,0.00697,4.59343,7.57515,0
1695.2,0.00697,4.59341,7.57515,0
1695.3,0.00697,4.59339,7.57515,0
1695.4,0.00697,4.59337,7.57515,0
1695.5,0.00697,4.59334,7.57515,0
1695.6,0.00697,4.59332,7.57344,0
1695.7,0.00697,4.5933,7.57515,0
1695.8,0.00697,4.59327,7.57515,0
1695.9,0.00697,4.59325,7.57515,0
1696,0.00697,4.59323,7.57515,0
1696.1,0.00697,4.5932,7.57344,0
1696.2,0.00697,4.59318,7.57515,0
1696.3,0.00697,4.59316,7.57515,0
1696.4,0.00697,4.59314,7.57515,0
1696.5,0.00697,4.59311,7.57344,0
1696.6,0.00697,4.59309,7.57515,0
1696.7,0.00697,4.59307,7.57515,0
1696.8,0.00697,4.59304,7.57515,0
1696.9,0.00697,4.59302,7.57515,0
1697,0.00697,4.593,7.57515,0
1697.1,0.00697,4.59298,7.57515,0
1697.2,0.00697,4.59295,7.57515,0
1697.3,0.00697,4.59293,7.57515,0
1697.4,0.00697,4.59291,7.57515,0
1697.5,0.00697,4.59289,7.57515,0
1697.6,0.00697,4.59287,7.57515,0
1697.7,0.00697,4.59285,7.57515,0
1697.8,0.00697,4.59283,7.57515,0
1697.9,0.00697,4.5928,7.57515,0
1698,0.00697,4.59278,7.57515,0
1698.1,0.00697,4.59276,7.57515,0
1698.2,0.00697,4.59274,7.57515,0
1698.3,0.00697,4.59272,7.57515,0
1698.4,0.00697,4.5927,7.57515,0
1698.5,0.00697,4.59268,7.57515,0
1698.6,0.00697,4.59266,7.57515,0
1698.7,0.00697,4.59264,7.57515,0
1698.8,0.00697,4.59262,7.57515,0
1698.9,0.00697,4.5926,7.57515,0
1699,0.00697,4.59258,7.57515,0
1699.1,0.00698,4.59256,7.57344,0
1699.2,0.00698,4.59255,7.57515,0
1699.3,0.00698,4.59253,7.57515,0
1699.4,0.00698,4.59251,7.57515,0
1699.5,0.00698,4.59249,7.57344,0
1699.6,0.00698,4.59247,7.57515,0
1699.7,0.00698,4.59246,7.57515,0
1699.8,0.00698,4.59244,7.57515,0
1699.9,0.00698,4.59242,7.57515,0
1700,0.00698,4.5924,7.57344,0
1700.1,0.00698,4.59239,7.57515,0
1700.2,0.00698,4.59237,7.57515,0
1700.3,0.00698,4.59235,7.57344,0
1700.4,0.00698,4.59233,7.57515,0
1700.5,0.00698,4.59232,7.57344,0
1700.6,0.00698,4.5923,7.57344,0
1700.7,0.00698,4.59228,7.57515,0
1700.8,0.00698,4.59227,7.57515,0
1700.9,0.00698,4.59225,7.57344,0
1701,0.00698,4.59224,7.57515,0
1701.1,0.00698,4.59222,7.57515,0
1701.2,0.00698,4.59221,7.57515,0
1701.3,0.00698,4.59219,7.57515,0
1701.4,0.00698,4.59217,7.57515,0
1701.5,0.00698,4.59216,7.57515,0
1701.6,0.00698,4.59215,7.57515,0
1701.7,0.00698,4.59213,7.57515,0
1701.8,0.00698,4.59212,7.57515,0
1701.9,0.00698,4.59211,7.57515,0
1702,0.00698,4.59209,7.57515,0
1702.1,0.00698,4.59208,7.57515,0
1702.2,0.00698,4.59207,7.57515,0
1702.3,0.00698,4.59205,7.57515,0
1702.4,0.00698,4.59204,7.57515,0
1702.5,0.00698,4.59202,7.57515,0
1702.6,0.00698,4.59201,7.57515,0
1702.7,0.00698,4.592,7.57344,0
1702.8,0.00698,4.59198,7.57515,0
1702.9,0.00698,4.59197,7.57515,0
1703,0.00698,4.59196,7.57344,0
1703.1,0.00698,4.59194,7.57344,0
1703.2,0.00698,4.59193,7.57515,0
1703.3,0.00698,4.59192,7.57515,0
1703.4,0.00698,4.5919,7.57344,0
1703.5,0.00698,4.59189,7.57515,0
1703.6,0.00698,4.59188,7.57344,0
1703.7,0.00698,4.59187,7.57515,0
1703.8,0.00698,4.59186,7.57344,0
1703.9,0.00698,4.59185,7.57344,0
1704,0.00698,4.59184,7.57515,0
1704.1,0.00698,4.59183,7.57515,0
1704.2,0.00698,4.59182,7.57515,0
1704.3,0.00698,4.5918,7.57344,0
1704.4,0.00698,4.59179,7.57515,0
1704.5,0.00698,4.59178,7.57515,0
1704.6,0.00698,4.59177,7.57515,0
1704.7,0.00698,4.59176,7.57515,0
1704.8,0.00698,4.59175,7.57515,0
1704.9,0.00699,4.59174,7.57515,0
1705,0.00699,4.59173,7.57515,0
1705.1,0.00699,4.59172,7.57515,0
1705.2,0.00699,4.59172,7.57515,0
1705.3,0.00699,4.59171,7.57515,0
1705.4,0.00699,4.5917,7.57515,0
1705.5,0.00699,4.59169,7.57515,0
1705.6,0.00699,4.59168,7.57515,0
1705.7,0.00699,4.59167,7.57515,0
1705.8,0.00699,4.59166,7.57515,0
1705.9,0.00699,4.59165,7.57515,0
1706,0.00699,4.59164,7.57515,0
1706.1,0.00699,4.59163,7.57515,0
1706.2,0.00699,4.59162,7.57515,0
1706.3,0.00699,4.59161,7.57515,0
1706.4,0.00699,4.59161,7.57515,0
1706.5,0.00699,4.5916,7.57515,0
1706.6,0.00699,4.59159,7.57515,0
1706.7,0.00699,4.59158,7.57515,0
1706.8,0.00699,4.59158,7.57515,0
1706.9,0.00699,4.59157,7.57344,0
1707,0.00699,4.59156,7.57515,0
1707.1,0.00699,4.59155,7.57515,0
1707.2,0.00699,4.59155,7.57515,0
1707.3,0.00699,4.59154,7.57515,0
1707.4,0.00699,4.59153,7.57515,0
1707.5,0.00699,4.59152,7.57515,0
1707.6,0.00699,4.59152,7.57515,0
1707.7,0.00699,4.59151,7.57515,0
1707.8,0.00699,4.5915,7.57515,0
1707.9,0.00699,4.5915,7.57515,0
1708,0.00699,4.59149,7.57515,0
1708.1,0.00699,4.59149,7.57515,0
1708.2,0.00699,4.59148,7.57515,0
1708.3,0.00699,4.59147,7.57515,0
1708.4,0.00699,4.59147,7.57344,0
1708.5,0.00699,4.59146,7.57515,0
1708.6,0.00699,4.59146,7.57515,0
1708.7,0.00699,4.59145,7.57344,0
1708.8,0.00699,4.59145,7.57515,0
1708.9,0.00699,4.59144,7.57515,0
1709,0.007,4.59144,7.57515,0
1709.1,0.007,4.59143,7.57515,0
1709.2,0.007,4.59143,7.57515,0
1709.3,0.007,4.59143,7.57344,0
1709.4,0.007,4.59142,7.57344,0
1709.5,0.007,4.59142,7.57515,0
1709.6,0.007,4.59142,7.57515,0
1709.7,0.007,4.59141,7.57515,0
1709.8,0.007,4.59141,7.57515,0
1709.9,0.007,4.59141,7.57515,0
1710,0.007,4.59141,7.57344,0
1710.1,0.007,4.5914,7.57515,0
1710.2,0.007,4.5914,7.57515,0
1710.3,0.007,4.5914,7.57515,0
1710.4,0.007,4.59139,7.57515,0
1710.5,0.007,4.59139,7.57515,0
1710.6,0.007,4.59139,7.57515,0
1710.7,0.007,4.59139,7.57344,0
1710.8,0.007,4.59138,7.57515,0
1710.9,0.007,4.59138,7.57515,0
1711,0.007,4.59138,7.57515,0
1711.1,0.007,4.59138,7.57515,0
1711.2,0.007,4.59138,7.57515,0
1711.3,0.007,4.59138,7.57515,0
1711.4,0.007,4.59138,7.57515,0
1711.5,0.007,4.59138,7.57515,0
1711.6,0.007,4.59137,7.57344,0
1711.7,0.007,4.59137,7.57515,0
1711.8,0.007,4.59137,7.57344,0
1711.9,0.007,4.59137,7.57515,0
1712,0.007,4.59136,7.57344,0
1712.1,0.007,4.59136,7.57344,0
1712.2,0.007,4.59136,7.57515,0
1712.3,0.007,4.59136,7.57515,0
1712.4,0.007,4.59136,7.57344,0
1712.5,0.007,4.59136,7.57344,0
1712.6,0.007,4.59136,7.57515,0
1712.7,0.007,4.59136,7.57515,0
1712.8,0.007,4.59136,7.57344,0
1712.9,0.007,4.59136,7.57515,0
1713,0.00701,4.59136,7.57344,0
1713.1,0.00701,4.59135,7.57515,0
1713.2,0.00701,4.59135,7.57515,0
1713.3,0.00701,4.59135,7.57515,0
1713.4,0.00701,4.59135,7.57515,0
1713.5,0.00701,4.59136,7.57344,0
1713.6,0.00701,4.59136,7.57344,0
1713.7,0.00701,4.59136,7.57515,0
1713.8,0.00701,4.59136,7.57515,0
1713.9,0.00701,4.59136,7.57344,0
1714,0.00701,4.59136,7.57344,0
1714.1,0.00701,4.59136,7.57515,0
1714.2,0.00701,4.59136,7.57344,0
1714.3,0.00701,4.59137,7.57515,0
1714.4,0.00701,4.59137,7.57515,0
1714.5,0.00701,4.59137,7.57515,0
1714.6,0.00701,4.59137,7.57515,0
1714.7,0.00701,4.59138,7.57515,0
1714.8,0.00701,4.59138,7.57344,0
1714.9,0.00701,4.59138,7.57515,0
1715,0.00701,4.59138,7.57344,0
1715.1,0.00701,4.59139,7.57515,0
1715.2,0.00701,4.59139,7.57515,0
1715.3,0.00701,4.59139,7.57515,0
1715.4,0.00701,4.5914,7.57344,0
1715.5,0.00701,4.5914,7.57344,0
1715.6,0.00701,4.5914,7.57344,0
1715.7,0.00701,4.59141,7.57515,0
1715.8,0.00701,4.59141,7.57515,0
1715.9,0.00702,4.59141,7.57344,0
1716,0.00702,4.59142,7.57515,0
1716.1,0.00702,4.59142,7.57515,0
1716.2,0.00702,4.59143,7.57515,0
1716.3,0.00702,4.59143,7.57515,0
1716.4,0.00702,4.59143,7.57515,0
1716.5,0.00702,4.59144,7.57515,0
1716.6,0.00702,4.59144,7.57515,0
1716.7,0.00702,4.59145,7.57515,0
1716.8,0.00702,4.59145,7.57515,0
1716.9,0.00702,4.59145,7.57344,0
1717,0.00702,4.59146,7.57515,0
1717.1,0.00702,4.59146,7.57344,0
1717.2,0.00702,4.59147,7.57515,0
1717.3,0.00702,4.59147,7.57515,0
1717.4,0.00702,4.59148,7.57515,0
1717.5,0.00702,4.59148,7.57515,0
1717.6,0.00702,4.59149,7.57515,0
1717.7,0.00702,4.5915,7.57515,0
1717.8,0.00702,4.5915,7.57515,0
1717.9,0.00702,4.59151,7.57515,0
1718,0.00702,4.59151,7.57515,0
1718.1,0.00702,4.59152,7.57515,0
1718.2,0.00702,4.59152,7.57515,0
1718.3,0.00703,4.59153,7.57515,0
1718.4,0.00703,4.59154,7.57515,0
1718.5,0.00703,4.59154,7.57515,0
1718.6,0.00703,4.59155,7.57515,0
1718.7,0.00703,4.59156,7.57515,0
1718.8,0.00703,4.59157,7.57515,0
1718.9,0.00703,4.59157,7.57515,0
1719,0.00703,4.59158,7.57515,0
1719.1,0.00703,4.59159,7.57515,0
1719.2,0.00703,4.5916,7.57515,0
1719.3,0.00703,4.59161,7.57515,0
1719.4,0.00703,4.59162,7.57515,0
1719.5,0.00703,4.59163,7.57515,0
1719.6,0.00703,4.59164,7.57515,0
1719.7,0.00703,4.59165,7.57515,0
1719.8,0.00703,4.59165,7.57515,0
1719.9,0.00703,4.59166,7.57515,0
1720,0.00703,4.59168,7.57515,0
1720.1,0.00703,4.59169,7.57515,0
1720.2,0.00703,4.5917,7.57515,0
1720.3,0.00703,4.59171,7.57515,0
1720.4,0.00703,4.59172,7.57515,0
1720.5,0.00703,4.59173,7.57515,0
1720.6,0.00704,4.59174,7.57515,0
1720.7,0.00704,4.59175,7.57515,0
1720.8,0.00704,4.59176,7.57344,0
1720.9,0.00704,4.59178,7.57515,0
1721,0.00704,4.59179,7.57344,0
1721.1,0.00704,4.5918,7.57515,0
1721.2,0.00704,4.59181,7.57515,0
1721.3,0.00704,4.59182,7.57515,0
1721.4,0.00704,4.59184,7.57515,0
1721.5,0.00704,4.59185,7.57344,0
1721.6,0.00704,4.59186,7.57515,0
1721.7,0.00704,4.59187,7.57515,0
1721.8,0.00704,4.59188,7.57515,0
1721.9,0.00704,4.5919,7.57515,0
1722,0.00704,4.59191,7.57515,0
1722.1,0.00704,4.59192,7.57515,0
1722.2,0.00704,4.59193,7.57344,0
1722.3,0.00704,4.59194,7.57515,0
1722.4,0.00704,4.59195,7.57344,0
1722.5,0.00704,4.59197,7.57344,0
1722.6,0.00704,4.59198,7.57344,0
1722.7,0.00704,4.59199,7.57515,0
1722.8,0.00704,4.592,7.57515,0
1722.9,0.00704,4.59202,7.57344,0
1723,0.00704,4.59203,7.57515,0
1723.1,0.00704,4.59204,7.57344,0
1723.2,0.00704,4.59206,7.57344,0
1723.3,0.00704,4.59207,7.57515,0
1723.4,0.00705,4.59208,7.57515,0
1723.5,0.00705,4.5921,7.57515,0
1723.6,0.00705,4.59211,7.57515,0
1723.7,0.00705,4.59212,7.57515,0
1723.8,0.00705,4.59214,7.57515,0
1723.9,0.00705,4.59215,7.57515,0
1724,0.00705,4.59216,7.57515,0
1724.1,0.00705,4.59218,7.57515,0
1724.2,0.00705,4.59219,7.57515,0
1724.3,0.00705,4.59221,7.57515,0
1724.4,0.00705,4.59222,7.57515,0
1724.5,0.00705,4.59223,7.57515,0
1724.6,0.00705,4.59225,7.57344,0
1724.7,0.00705,4.59226,7.57515,0
1724.8,0.00705,4.59228,7.57515,0
1724.9,0.00705,4.59229,7.57515,0
1725,0.00705,4.59231,7.57515,0
1725.1,0.00705,4.59232,7.57515,0
1725.2,0.00705,4.59234,7.57515,0
1725.3,0.00705,4.59235,7.57515,0
1725.4,0.00705,4.59236,7.57515,0
1725.5,0.00705,4.59238,7.57515,0
1725.6,0.00705,4.59239,7.57344,0
1725.7,0.00705,4.59241,7.57515,0
1725.8,0.00705,4.59242,7.57515,0
1725.9,0.00705,4.59244,7.57515,0
1726,0.00705,4.59245,7.57515,0
1726.1,0.00705,4.59247,7.57515,0
1726.2,0.00705,4.59248,7.57515,0
1726.3,0.00705,4.5925,7.57515,0
1726.4,0.00705,4.59251,7.57515,0
1726.5,0.00705,4.59253,7.57515,0
1726.6,0.00705,4.59254,7.57515,0
1726.7,0.00705,4.59255,7.57515,0
1726.8,0.00705,4.59257,7.57515,0
1726.9,0.00705,4.59258,7.57515,0
1727,0.00705,4.5926,7.57515,0
1727.1,0.00705,4.59261,7.57515,0
1727.2,0.00705,4.59263,7.57515,0
1727.3,0.00705,4.59264,7.57515,0
1727.4,0.00705,4.59266,7.57515,0
1727.5,0.00705,4.59267,7.57515,0
1727.6,0.00705,4.59269,7.57515,0
1727.7,0.00705,4.5927,7.57515,0
1727.8,0.00705,4.59272,7.57515,0
1727.9,0.00705,4.59273,7.57515,0
1728,0.00705,4.59274,7.57515,0
1728.1,0.00705,4.59276,7.57515,0
1728.2,0.00705,4.59277,7.57515,0
1728.3,0.00705,4.59278,7.57515,0
1728.4,0.00705,4.5928,7.57515,0
1728.5,0.00705,4.59281,7.57515,0
1728.6,0.00705,4.59282,7.57515,0
1728.7,0.00705,4.59283,7.57515,0
1728.8,0.00705,4.59285,7.57515,0
1728.9,0.00705,4.59286,7.57515,0
1729,0.00706,4.59287,7.57515,0
1729.1,0.00706,4.59288,7.57344,0
1729.2,0.00706,4.5929,7.57515,0
1729.3,0.00706,4.59291,7.57515,0
1729.4,0.00706,4.59292,7.57515,0
1729.5,0.00706,4.59294,7.57515,0
1729.6,0.00706,4.59295,7.57515,0
1729.7,0.00706,4.59296,7.57515,0
1729.8,0.00706,4.59297,7.57515,0
1729.9,0.00706,4.59299,7.57515,0
1730,0.00706,4.593,7.57344,0
1730.1,0.00706,4.59301,7.57515,0
1730.2,0.00706,4.59303,7.57515,0
1730.3,0.00706,4.59304,7.57515,0
1730.4,0.00706,4.59305,7.57515,0
1730.5,0.00706,4.59306,7.57515,0
1730.6,0.00706,4.59307,7.57515,0
1730.7,0.00706,4.59309,7.57515,0
1730.8,0.00706,4.5931,7.57515,0
1730.9,0.00706,4.59311,7.57515,0
1731,0.00706,4.59312,7.57515,0
1731.1,0.00706,4.59313,7.57515,0
1731.2,0.00706,4.59314,7.57515,0
1731.3,0.00706,4.59315,7.57515,0
1731.4,0.00706,4.59316,7.57515,0
1731.5,0.00706,4.59317,7.57515,0
1731.6,0.00706,4.59318,7.57515,0
1731.7,0.00706,4.59319,7.57515,0
1731.8,0.00706,4.5932,7.57515,0
1731.9,0.00706,4.59321,7.57515,0
1732,0.00706,4.59322,7.57515,0
1732.1,0.00706,4.59323,7.57515,0
1732.2,0.00706,4.59324,7.57515,0
1732.3,0.00706,4.59325,7.57515,0
1732.4,0.00706,4.59326,7.57515,0
1732.5,0.00706,4.59327,7.57515,0
1732.6,0.00706,4.59328,7.57515,0
1732.7,0.00706,4.59329,7.57515,0
1732.8,0.00706,4.5933,7.57515,0
1732.9,0.00706,4.59331,7.57515,0
1733,0.00706,4.59332,7.57515,0
1733.1,0.00706,4.59333,7.57515,0
1733.2,0.00706,4.59334,7.57515,0
1733.3,0.00706,4.59334,7.57515,0
1733.4,0.00706,4.59335,7.57515,0
1733.5,0.00706,4.59336,7.57515,0
1733.6,0.00706,4.59337,7.57515,0
1733.7,0.00706,4.59338,7.57515,0
1733.8,0.00706,4.59338,7.57515,0
1733.9,0.00706,4.59339,7.57515,0
1734,0.00706,4.5934,7.57515,0
1734.1,0.00706,4.59341,7.57515,0
1734.2,0.00706,4.59341,7.57515,0
1734.3,0.00706,4.59342,7.57515,0
1734.4,0.00706,4.59343,7.57515,0
1734.5,0.00706,4.59343,7.57515,0
1734.6,0.00706,4.59344,7.57515,0
1734.7,0.00706,4.59345,7.57344,0
1734.8,0.00707,4.59346,7.57515,0
1734.9,0.00707,4.59346,7.57515,0
1735,0.00707,4.59347,7.57515,0
1735.1,0.00707,4.59348,7.57515,0
1735.2,0.00707,4.59348,7.57515,0
1735.3,0.00707,4.59349,7.57515,0
1735.4,0.00707,4.59349,7.57515,0
1735.5,0.00707,4.5935,7.57515,0
1735.6,0.00707,4.59351,7.57515,0
1735.7,0.00707,4.59351,7.57515,0
1735.8,0.00707,4.59352,7.57515,0
1735.9,0.00707,4.59352,7.57515,0
1736,0.00707,4.59353,7.57515,0
1736.1,0.00707,4.59353,7.57515,0
1736.2,0.00707,4.59354,7.57515,0
1736.3,0.00707,4.59355,7.57515,0
1736.4,0.00707,4.59355,7.57515,0
1736.5,0.00707,4.59356,7.57515,0
1736.6,0.00707,4.59357,7.57515,0
1736.7,0.00707,4.59357,7.57515,0
1736.8,0.00707,4.59358,7.57515,0
1736.9,0.00707,4.59359,7.57515,0
1737,0.00707,4.5936,7.57515,0
1737.1,0.00707,4.5936,7.57515,0
1737.2,0.00707,4.59361,7.57515,0
1737.3,0.00707,4.59362,7.57515,0
1737.4,0.00707,4.59362,7.57515,0
1737.5,0.00707,4.59363,7.57515,0
1737.6,0.00707,4.59364,7.57515,0
1737.7,0.00707,4.59364,7.57515,0
1737.8,0.00707,4.59365,7.57515,0
1737.9,0.00707,4.59366,7.57515,0
1738,0.00707,4.59366,7.57515,0
1738.1,0.00707,4.59367,7.57515,0
1738.2,0.00707,4.59368,7.57515,0
1738.3,0.00707,4.59368,7.57515,0
1738.4,0.00707,4.59369,7.57515,0
1738.5,0.00707,4.5937,7.57344,0
1738.6,0.00707,4.5937,7.57515,0
1738.7,0.00707,4.59371,7.57515,0
1738.8,0.00707,4.59372,7.57515,0
1738.9,0.00708,4.59373,7.57515,0
1739,0.00708,4.59373,7.57515,0
1739.1,0.00708,4.59374,7.57515,0
1739.2,0.00708,4.59375,7.57515,0
1739.3,0.00708,4.59376,7.57515,0
1739.4,0.00708,4.59377,7.57515,0
1739.5,0.00708,4.59378,7.57515,0
1739.6,0.00708,4.59378,7.57515,0
1739.7,0.00708,4.59379,7.57515,0
1739.8,0.00708,4.5938,7.57515,0
1739.9,0.00708,4.59381,7.57515,0
1740,0.00708,4.59382,7.57515,0
1740.1,0.00708,4.59383,7.57515,0
1740.2,0.00708,4.59384,7.57515,0
1740.3,0.00708,4.59384,7.57515,0
1740.4,0.00708,4.59385,7.57515,0
1740.5,0.00708,4.59386,7.57515,0
1740.6,0.00708,4.59387,7.57515,0
1740.7,0.00708,4.59388,7.57515,0
1740.8,0.00708,4.59389,7.57515,0
1740.9,0.00708,4.59389,7.57515,0
1741,0.00708,4.5939,7.57515,0
1741.1,0.00708,4.59391,7.57515,0
1741.2,0.00708,4.59392,7.57515,0
1741.3,0.00708,4.59393,7.57515,0
1741.4,0.00708,4.59393,7.57515,0
1741.5,0.00708,4.59394,7.57515,0
1741.6,0.00708,4.59395,7.57515,0
1741.7,0.00708,4.59395,7.57515,0
1741.8,0.00708,4.59396,7.57515,0
1741.9,0.00708,4.59397,7.57515,0
1742,0.00708,4.59398,7.57515,0
1742.1,0.00708,4.59399,7.57683,0
1742.2,0.00708,4.59399,7.57515,0
1742.3,0.00708,4.594,7.57515,0
1742.4,0.00708,4.59401,7.57515,0
1742.5,0.00708,4.59402,7.57515,0
1742.6,0.00708,4.59403,7.57515,0
1742.7,0.00708,4.59404,7.57515,0
1742.8,0.00708,4.59405,7.57515,0
1742.9,0.00708,4.59406,7.57515,0
1743,0.00709,4.59407,7.57515,0
1743.1,0.00709,4.59407,7.57515,0
1743.2,0.00709,4.59408,7.57515,0
1743.3,0.00709,4.59409,7.57515,0
1743.4,0.00709,4.5941,7.57515,0
1743.5,0.00709,4.59411,7.57515,0
1743.6,0.00709,4.59412,7.57515,0
1743.7,0.00709,4.59413,7.57515,0
1743.8,0.00709,4.59414,7.57515,0
1743.9,0.00709,4.59415,7.57515,0
1744,0.00709,4.59416,7.57515,0
1744.1,0.00709,4.59417,7.57515,0
1744.2,0.00709,4.59418,7.57515,0
1744.3,0.00709,4.59419,7.57515,0
1744.4,0.00709,4.5942,7.57515,0
1744.5,0.00709,4.59421,7.57515,0
1744.6,0.00709,4.59422,7.57515,0
1744.7,0.00709,4.59423,7.57515,0
1744.8,0.00709,4.59424,7.57515,0
1744.9,0.00709,4.59425,7.57515,0
1745,0.00709,4.59426,7.57515,0
1745.1,0.00709,4.59427,7.57515,0
1745.2,0.00709,4.59428,7.57515,0
1745.3,0.00709,4.59429,7.57515,0
1745.4,0.00709,4.59431,7.57515,0
1745.5,0.00709,4.59431,7.57515,0
1745.6,0.00709,4.59433,7.57515,0
1745.7,0.00709,4.59434,7.57515,0
1745.8,0.00709,4.59435,7.57515,0
1745.9,0.00709,4.59436,7.57515,0
1746,0.00709,4.59437,7.57515,0
1746.1,0.00709,4.59438,7.57515,0
1746.2,0.00709,4.59439,7.57515,0
1746.3,0.00709,4.5944,7.57515,0
1746.4,0.00709,4.59441,7.57515,0
1746.5,0.00709,4.59442,7.57515,0
1746.6,0.00709,4.59443,7.57515,0
1746.7,0.00709,4.59444,7.57515,0
1746.8,0.00709,4.59445,7.57515,0
1746.9,0.00709,4.59446,7.57515,0
1747,0.00709,4.59446,7.57515,0
1747.1,0.00709,4.59447,7.57515,0
1747.2,0.00709,4.59448,7.57515,0
1747.3,0.00709,4.59449,7.57515,0
1747.4,0.00709,4.5945,7.57515,0
1747.5,0.00709,4.59451,7.57515,0
1747.6,0.00709,4.59452,7.57515,0
1747.7,0.00709,4.59453,7.57515,0
1747.8,0.00709,4.59454,7.57515,0
1747.9,0.00709,4.59455,7.57515,0
1748,0.00709,4.59456,7.57515,0
1748.1,0.00709,4.59457,7.57515,0
1748.2,0.00709,4.59458,7.57515,0
1748.3,0.00709,4.5946,7.57515,0
1748.4,0.00709,4.59461,7.57515,0
1748.5,0.00709,4.59462,7.57515,0
1748.6,0.00709,4.59463,7.57515,0
1748.7,0.00709,4.59464,7.57515,0
1748.8,0.00709,4.59466,7.57515,0
1748.9,0.00709,4.59467,7.57515,0
1749,0.00709,4.59468,7.57515,0
1749.1,0.00709,4.59469,7.57515,0
1749.2,0.00709,4.59471,7.57515,0
1749.3,0.00709,4.59472,7.57515,0
1749.4,0.00709,4.59473,7.57515,0
1749.5,0.00709,4.59475,7.57515,0
1749.6,0.00709,4.59476,7.57515,0
1749.7,0.00709,4.59477,7.57515,0
1749.8,0.00709,4.59478,7.57515,0
1749.9,0.00709,4.5948,7.57515,0
1750,0.00709,4.59481,7.57515,0
1750.1,0.00709,4.59482,7.57515,0
1750.2,0.00709,4.59484,7.57515,0
1750.3,0.00709,4.59485,7.57515,0
1750.4,0.00709,4.59486,7.57515,0
1750.5,0.00709,4.59488,7.57515,0
1750.6,0.00709,4.59489,7.57515,0
1750.7,0.0071,4.5949,7.57515,0
1750.8,0.0071,4.59492,7.57515,0
1750.9,0.0071,4.59493,7.57515,0
1751,0.0071,4.59495,7.57515,0
1751.1,0.0071,4.59496,7.57515,0
1751.2,0.0071,4.59497,7.57515,0
1751.3,0.0071,4.59499,7.57515,0
1751.4,0.0071,4.595,7.57515,0
1751.5,0.0071,4.59501,7.57515,0
1751.6,0.0071,4.59503,7.57515,0
1751.7,0.0071,4.59504,7.57515,0
1751.8,0.0071,4.59505,7.57515,0
1751.9,0.0071,4.59506,7.57515,0
1752,0.0071,4.59508,7.57515,0
1752.1,0.0071,4.59509,7.57515,0
1752.2,0.0071,4.5951,7.57515,0
1752.3,0.0071,4.59512,7.57515,0
1752.4,0.0071,4.59513,7.57515,0
1752.5,0.0071,4.59514,7.57515,0
1752.6,0.0071,4.59515,7.57515,0
1752.7,0.0071,4.59517,7.57515,0
1752.8,0.0071,4.59518,7.57515,0
1752.9,0.0071,4.59519,7.57515,0
1753,0.0071,4.5952,7.57515,0
1753.1,0.0071,4.59522,7.57515,0
1753.2,0.0071,4.59523,7.57515,0
1753.3,0.0071,4.59524,7.57515,0
1753.4,0.0071,4.59526,7.57515,0
1753.5,0.0071,4.59527,7.57515,0
1753.6,0.0071,4.59528,7.57515,0
1753.7,0.0071,4.59529,7.57515,0
1753.8,0.0071,4.59531,7.57515,0
1753.9,0.0071,4.59532,7.57515,0
1754,0.0071,4.59533,7.57515,0
1754.1,0.0071,4.59535,7.57515,0
1754.2,0.0071,4.59536,7.57515,0
1754.3,0.0071,4.59537,7.57515,0
1754.4,0.0071,4.59539,7.57515,0
1754.5,0.0071,4.5954,7.57515,0
1754.6,0.0071,4.59541,7.57515,0
1754.7,0.0071,4.59543,7.57515,0
1754.8,0.0071,4.59544,7.57515,0
1754.9,0.0071,4.59545,7.57515,0
1755,0.0071,4.59547,7.57515,0
1755.1,0.0071,4.59548,7.57515,0
1755.2,0.0071,4.59549,7.57515,0
1755.3,0.0071,4.59551,7.57515,0
1755.4,0.0071,4.59552,7.57515,0
1755.5,0.0071,4.59553,7.57515,0
1755.6,0.0071,4.59554,7.57515,0
1755.7,0.0071,4.59556,7.57515,0
1755.8,0.0071,4.59557,7.57515,0
1755.9,0.0071,4.59558,7.57515,0
1756,0.0071,4.5956,7.57515,0
1756.1,0.0071,4.59561,7.57515,0
1756.2,0.0071,4.59562,7.57515,0
1756.3,0.0071,4.59564,7.57515,0
1756.4,0.0071,4.59565,7.57515,0
1756.5,0.0071,4.59566,7.57515,0
1756.6,0.0071,4.59568,7.57515,0
1756.7,0.0071,4.59569,7.57515,0
1756.8,0.0071,4.59571,7.57515,0
1756.9,0.0071,4.59572,7.57515,0
1757,0.0071,4.59573,7.57515,0
1757.1,0.0071,4.59575,7.57515,0
1757.2,0.0071,4.59576,7.57515,0
1757.3,0.0071,4.59577,7.57515,0
1757.4,0.0071,4.59578,7.57515,0
1757.5,0.0071,4.5958,7.57515,0
1757.6,0.0071,4.59581,7.57515,0
1757.7,0.0071,4.59582,7.57515,0
1757.8,0.0071,4.59584,7.57515,0
1757.9,0.0071,4.59585,7.57515,0
1758,0.0071,4.59586,7.57515,0
1758.1,0.0071,4.59587,7.57515,0
1758.2,0.0071,4.59589,7.57515,0
1758.3,0.0071,4.5959,7.57515,0
1758.4,0.0071,4.59591,7.57515,0
1758.5,0.0071,4.59592,7.57515,0
1758.6,0.0071,4.59593,7.57515,0
1758.7,0.0071,4.59594,7.57515,0
1758.8,0.0071,4.59595,7.57515,0
1758.9,0.0071,4.59596,7.57515,0
1759,0.0071,4.59597,7.57515,0
1759.1,0.0071,4.59598,7.57515,0
1759.2,0.0071,4.59599,7.57515,0
1759.3,0.0071,4.596,7.57515,0
1759.4,0.0071,4.59602,7.57515,0
1759.5,0.00709,4.59603,7.57515,0
1759.6,0.00709,4.59604,7.57515,0
1759.7,0.00709,4.59605,7.57515,0
1759.8,0.00709,4.59607,7.57515,0
1759.9,0.00709,4.59608,7.57515,0
1760,0.00709,4.59609,7.57515,0
1760.1,0.00709,4.5961,7.57515,0
1760.2,0.00709,4.59612,7.57515,0
1760.3,0.00709,4.59613,7.57515,0
1760.4,0.00709,4.59614,7.57515,0
1760.5,0.00709,4.59615,7.57344,0
1760.6,0.00709,4.59616,7.57515,0
1760.7,0.00709,4.59617,7.57515,0
1760.8,0.00709,4.59619,7.57515,0
1760.9,0.00709,4.5962,7.57515,0
1761,0.00709,4.59621,7.57515,0
1761.1,0.00709,4.59622,7.57515,0
1761.2,0.00709,4.59623,7.57515,0
1761.3,0.00709,4.59624,7.57515,0
1761.4,0.00709,4.59625,7.57515,0
1761.5,0.00709,4.59626,7.57515,0
1761.6,0.00709,4.59627,7.57515,0
1761.7,0.00709,4.59628,7.57515,0
1761.8,0.00709,4.59629,7.57515,0
1761.9,0.00709,4.5963,7.57515,0
1762,0.00709,4.59631,7.57515,0
1762.1,0.00709,4.59632,7.57515,0
1762.2,0.00709,4.59633,7.57515,0
1762.3,0.00709,4.59634,7.57515,0
1762.4,0.00709,4.59635,7.57515,0
1762.5,0.00709,4.59636,7.57515,0
1762.6,0.00709,4.59637,7.57515,0
1762.7,0.00709,4.59638,7.57515,0
1762.8,0.00709,4.5964,7.57515,0
1762.9,0.00709,4.5964,7.57515,0
1763,0.00709,4.59642,7.57515,0
1763.1,0.00709,4.59642,7.57515,0
1763.2,0.00709,4.59644,7.57515,0
1763.3,0.00709,4.59645,7.57515,0
1763.4,0.00709,4.59645,7.57515,0
1763.5,0.00709,4.59646,7.57515,0
1763.6,0.00709,4.59647,7.57515,0
1763.7,0.00709,4.59648,7.57515,0
1763.8,0.00709,4.59649,7.57515,0
1763.9,0.00709,4.5965,7.57515,0
1764,0.00709,4.59651,7.57515,0
1764.1,0.00709,4.59652,7.57515,0
1764.2,0.00709,4.59653,7.57515,0
1764.3,0.00709,4.59654,7.57515,0
1764.4,0.00709,4.59655,7.57515,0
1764.5,0.00709,4.59656,7.57683,0
1764.6,0.00709,4.59656,7.57515,0
1764.7,0.00709,4.59657,7.57515,0
1764.8,0.00709,4.59658,7.57515,0
1764.9,0.00709,4.59659,7.57515,0
1765,0.00709,4.5966,7.57515,0
1765.1,0.00709,4.59661,7.57515,0
1765.2,0.00709,4.59662,7.57515,0
1765.3,0.00709,4.59663,7.57515,0
1765.4,0.00709,4.59664,7.57515,0
1765.5,0.00709,4.59665,7.57515,0
1765.6,0.00709,4.59665,7.57515,0
1765.7,0.00709,4.59666,7.57515,0
1765.8,0.00708,4.59667,7.57515,0
1765.9,0.00708,4.59668,7.57515,0
1766,0.00708,4.59669,7.57515,0
1766.1,0.00708,4.5967,7.57515,0
1766.2,0.00708,4.5967,7.57515,0
1766.3,0.00708,4.59671,7.57515,0
1766.4,0.00708,4.59672,7.57515,0
1766.5,0.00708,4.59672,7.57515,0
1766.6,0.00708,4.59673,7.57515,0
1766.7,0.00708,4.59674,7.57515,0
1766.8,0.00708,4.59675,7.57515,0
1766.9,0.00708,4.59675,7.57515,0
1767,0.00708,4.59676,7.57515,0
1767.1,0.00708,4.59676,7.57515,0
1767.2,0.00708,4.59677,7.57515,0
1767.3,0.00708,4.59677,7.57515,0
1767.4,0.00708,4.59678,7.57515,0
1767.5,0.00708,4.59678,7.57515,0
1767.6,0.00708,4.59679,7.57515,0
1767.7,0.00708,4.59679,7.57515,0
1767.8,0.00708,4.5968,7.57515,0
1767.9,0.00708,4.59681,7.57515,0
1768,0.00708,4.59681,7.57515,0
1768.1,0.00708,4.59682,7.57515,0
1768.2,0.00708,4.59682,7.57515,0
1768.3,0.00708,4.59683,7.57515,0
1768.4,0.00708,4.59683,7.57515,0
1768.5,0.00708,4.59684,7.57515,0
1768.6,0.00708,4.59685,7.57515,0
1768.7,0.00708,4.59685,7.57515,0
1768.8,0.00708,4.59686,7.57515,0
1768.9,0.00708,4.59686,7.57515,0
1769,0.00708,4.59687,7.57515,0
1769.1,0.00708,4.59687,7.57515,0
1769.2,0.00708,4.59688,7.57515,0
1769.3,0.00708,4.59689,7.57515,0
1769.4,0.00708,4.59689,7.57515,0
1769.5,0.00708,4.5969,7.57515,0
1769.6,0.00708,4.5969,7.57515,0
1769.7,0.00708,4.59691,7.57515,0
1769.8,0.00708,4.59691,7.57515,0
1769.9,0.00708,4.59692,7.57515,0
1770,0.00708,4.59692,7.57515,0
1770.1,0.00708,4.59693,7.57515,0
1770.2,0.00708,4.59693,7.57515,0
1770.3,0.00708,4.59694,7.57515,0
1770.4,0.00708,4.59695,7.57515,0
1770.5,0.00708,4.59695,7.57515,0
1770.6,0.00708,4.59696,7.57515,0
1770.7,0.00708,4.59696,7.57515,0
1770.8,0.00708,4.59697,7.57515,0
1770.9,0.00708,4.59698,7.57515,0
1771,0.00708,4.59698,7.57515,0
1771.1,0.00708,4.59699,7.57515,0
1771.2,0.00708,4.59699,7.57515,0
1771.3,0.00708,4.597,7.57515,0
1771.4,0.00708,4.597,7.57344,0
1771.5,0.00708,4.59701,7.57515,0
1771.6,0.00708,4.59702,7.57515,0
1771.7,0.00708,4.59702,7.57515,0
1771.8,0.00708,4.59703,7.57515,0
1771.9,0.00708,4.59703,7.57515,0
1772,0.00708,4.59704,7.57515,0
1772.1,0.00708,4.59704,7.57515,0
1772.2,0.00708,4.59705,7.57515,0
1772.3,0.00708,4.59706,7.57515,0
1772.4,0.00708,4.59706,7.57515,0
1772.5,0.00708,4.59707,7.57515,0
1772.6,0.00708,4.59707,7.57515,0
1772.7,0.00708,4.59708,7.57515,0
1772.8,0.00708,4.59709,7.57515,0
1772.9,0.00708,4.59709,7.57515,0
1773,0.00708,4.5971,7.57515,0
1773.1,0.00708,4.5971,7.57515,0
1773.2,0.00707,4.59711,7.57515,0
1773.3,0.00707,4.59711,7.57344,0
1773.4,0.00707,4.59712,7.57515,0
1773.5,0.00707,4.59713,7.57515,0
1773.6,0.00707,4.59713,7.57515,0
1773.7,0.00707,4.59713,7.57515,0
1773.8,0.00707,4.59714,7.57515,0
1773.9,0.00707,4.59714,7.57515,0
1774,0.00707,4.59715,7.57515,0
1774.1,0.00707,4.59716,7.57515,0
1774.2,0.00707,4.59716,7.57515,0
1774.3,0.00707,4.59717,7.57344,0
1774.4,0.00707,4.59717,7.57344,0
1774.5,0.00707,4.59718,7.57344,0
1774.6,0.00707,4.59718,7.57344,0
1774.7,0.00707,4.59719,7.57515,0
1774.8,0.00707,4.59719,7.57515,0
1774.9,0.00707,4.5972,7.57515,0
1775,0.00707,4.5972,7.57515,0
1775.1,0.00707,4.5972,7.57515,0
1775.2,0.00707,4.59721,7.57515,0
1775.3,0.00707,4.59721,7.57344,0
1775.4,0.00707,4.59722,7.57515,0
1775.5,0.00707,4.59722,7.57344,0
1775.6,0.00707,4.59723,7.57344,0
1775.7,0.00707,4.59723,7.57344,0
1775.8,0.00707,4.59724,7.57344,0
1775.9,0.00707,4.59724,7.57344,0
1776,0.00707,4.59725,7.57515,0
1776.1,0.00707,4.59725,7.57515,0
1776.2,0.00707,4.59726,7.57515,0
1776.3,0.00707,4.59726,7.57515,0
1776.4,0.00707,4.59727,7.57515,0
1776.5,0.00707,4.59728,7.57515,0
1776.6,0.00707,4.59728,7.57344,0
1776.7,0.00707,4.59729,7.57344,0
1776.8,0.00707,4.5973,7.57344,0
1776.9,0.00707,4.5973,7.57344,0
1777,0.00707,4.59731,7.57515,0
1777.1,0.00707,4.59731,7.57344,0
1777.2,0.00707,4.59732,7.57515,0
1777.3,0.00707,4.59732,7.57344,0
1777.4,0.00707,4.59733,7.57344,0
1777.5,0.00707,4.59734,7.57344,0
1777.6,0.00707,4.59734,7.57515,0
1777.7,0.00707,4.59735,7.57515,0
1777.8,0.00707,4.59735,7.57344,0
1777.9,0.00707,4.59736,7.57344,0
1778,0.00707,4.59737,7.57344,0
1778.1,0.00707,4.59737,7.57515,0
1778.2,0.00707,4.59738,7.57344,0
1778.3,0.00707,4.59738,7.57515,0
1778.4,0.00707,4.59739,7.57344,0
1778.5,0.00707,4.59739,7.57515,0
1778.6,0.00707,4.5974,7.57515,0
1778.7,0.00707,4.59741,7.57515,0
1778.8,0.00707,4.59741,7.57515,0
1778.9,0.00707,4.59742,7.57515,0
1779,0.00707,4.59743,7.57515,0
1779.1,0.00707,4.59744,7.57515,0
1779.2,0.00707,4.59744,7.57515,0
1779.3,0.00707,4.59745,7.57515,0
1779.4,0.00707,4.59745,7.57515,0
1779.5,0.00707,4.59746,7.57515,0
1779.6,0.00707,4.59746,7.57515,0
1779.7,0.00707,4.59747,7.57515,0
1779.8,0.00707,4.59748,7.57515,0
1779.9,0.00707,4.59748,7.57515,0
1780,0.00707,4.59749,7.57515,0
1780.1,0.00707,4.5975,7.57515,0
1780.2,0.00707,4.5975,7.57515,0
1780.3,0.00707,4.59751,7.57515,0
1780.4,0.00707,4.59752,7.57515,0
1780.5,0.00707,4.59752,7.57515,0
1780.6,0.00707,4.59753,7.57515,0
1780.7,0.00707,4.59753,7.57515,0
1780.8,0.00707,4.59754,7.57515,0
1780.9,0.00707,4.59755,7.57515,0
1781,0.00707,4.59755,7.57515,0
1781.1,0.00707,4.59756,7.57515,0
1781.2,0.00707,4.59756,7.57515,0
1781.3,0.00707,4.59757,7.57515,0
1781.4,0.00707,4.59757,7.57515,0
1781.5,0.00707,4.59758,7.57515,0
1781.6,0.00707,4.59758,7.57515,0
1781.7,0.00707,4.59759,7.57515,0
1781.8,0.00707,4.59759,7.57515,0
1781.9,0.00707,4.5976,7.57515,0
1782,0.00707,4.5976,7.57515,0
1782.1,0.00707,4.59761,7.57515,0
1782.2,0.00707,4.59762,7.57515,0
1782.3,0.00707,4.59762,7.57515,0
1782.4,0.00707,4.59763,7.57515,0
1782.5,0.00707,4.59763,7.57515,0
1782.6,0.00707,4.59764,7.57515,0
1782.7,0.00707,4.59764,7.57515,0
1782.8,0.00707,4.59765,7.57515,0
1782.9,0.00707,4.59765,7.57515,0
1783,0.00707,4.59766,7.57515,0
1783.1,0.00707,4.59766,7.57515,0
1783.2,0.00707,4.59767,7.57515,0
1783.3,0.00707,4.59767,7.57515,0
1783.4,0.00707,4.59768,7.57515,0
1783.5,0.00707,4.59768,7.57515,0
1783.6,0.00707,4.59769,7.57515,0
1783.7,0.00707,4.59769,7.57515,0
1783.8,0.00707,4.5977,7.57515,0
1783.9,0.00707,4.5977,7.57515,0
1784,0.00707,4.5977,7.57515,0
1784.1,0.00707,4.59771,7.57515,0
1784.2,0.00707,4.59771,7.57515,0
1784.3,0.00707,4.59772,7.57515,0
1784.4,0.00707,4.59772,7.57515,0
1784.5,0.00707,4.59773,7.57515,0
1784.6,0.00707,4.59773,7.57515,0
1784.7,0.00707,4.59774,7.57515,0
1784.8,0.00707,4.59774,7.57344,0
1784.9,0.00707,4.59775,7.57515,0
1785,0.00707,4.59775,7.57515,0
1785.1,0.00707,4.59776,7.57515,0
1785.2,0.00707,4.59776,7.57515,0
1785.3,0.00707,4.59777,7.57515,0
1785.4,0.00707,4.59777,7.57515,0
1785.5,0.00707,4.59777,7.57515,0
1785.6,0.00707,4.59778,7.57515,0
1785.7,0.00707,4.59778,7.57515,0
1785.8,0.00707,4.59779,7.57515,0
1785.9,0.00707,4.59779,7.57515,0
1786,0.00707,4.5978,7.57515,0
1786.1,0.00707,4.5978,7.57515,0
1786.2,0.00707,4.59781,7.57515,0
1786.3,0.00707,4.59781,7.57515,0
1786.4,0.00707,4.59782,7.57515,0
1786.5,0.00707,4.59782,7.57515,0
1786.6,0.00707,4.59783,7.57515,0
1786.7,0.00707,4.59783,7.57515,0
1786.8,0.00707,4.59784,7.57515,0
1786.9,0.00707,4.59784,7.57515,0
1787,0.00707,4.59785,7.57515,0
1787.1,0.00707,4.59785,7.57515,0
1787.2,0.00707,4.59785,7.57515,0
1787.3,0.00707,4.59786,7.57515,0
1787.4,0.00707,4.59786,7.57515,0
1787.5,0.00707,4.59787,7.57515,0
1787.6,0.00707,4.59787,7.57515,0
1787.7,0.00707,4.59788,7.57515,0
1787.8,0.00707,4.59788,7.57515,0
1787.9,0.00707,4.59788,7.57515,0
1788,0.00707,4.59789,7.57515,0
1788.1,0.00707,4.59789,7.57515,0
1788.2,0.00707,4.59789,7.57515,0
1788.3,0.00707,4.59789,7.57515,0
1788.4,0.00707,4.5979,7.57515,0
1788.5,0.00707,4.5979,7.57515,0
1788.6,0.00707,4.5979,7.57515,0
1788.7,0.00707,4.59791,7.57515,0
1788.8,0.00707,4.59791,7.57344,0
1788.9,0.00707,4.59792,7.57515,0
1789,0.00707,4.59792,7.57515,0
1789.1,0.00707,4.59792,7.57515,0
1789.2,0.00707,4.59793,7.57515,0
1789.3,0.00707,4.59793,7.57515,0
1789.4,0.00707,4.59794,7.57515,0
1789.5,0.00707,4.59794,7.57515,0
1789.6,0.00707,4.59794,7.57515,0
1789.7,0.00707,4.59795,7.57515,0
1789.8,0.00707,4.59795,7.57515,0
1789.9,0.00707,4.59795,7.57515,0
1790,0.00707,4.59795,7.57515,0
1790.1,0.00707,4.59796,7.57515,0
1790.2,0.00707,4.59796,7.57515,0
1790.3,0.00707,4.59796,7.57515,0
1790.4,0.00707,4.59796,7.57515,0
1790.5,0.00707,4.59796,7.57515,0
1790.6,0.00707,4.59797,7.57515,0
1790.7,0.00707,4.59797,7.57515,0
1790.8,0.00707,4.59797,7.57515,0
1790.9,0.00707,4.59797,7.57515,0
1791,0.00707,4.59798,7.57515,0
1791.1,0.00707,4.59798,7.57515,0
1791.2,0.00707,4.59798,7.57515,0
1791.3,0.00707,4.59798,7.57515,0
1791.4,0.00707,4.59798,7.57515,0
1791.5,0.00707,4.59798,7.57515,0
1791.6,0.00707,4.59799,7.57515,0
1791.7,0.00707,4.59799,7.57515,0
1791.8,0.00707,4.59799,7.57515,0
1791.9,0.00707,4.59799,7.57515,0
1792,0.00707,4.59799,7.57515,0
1792.1,0.00707,4.59799,7.57515,0
1792.2,0.00707,4.598,7.57515,0
1792.3,0.00707,4.598,7.57515,0
1792.4,0.00707,4.598,7.57515,0
1792.5,0.00707,4.598,7.57515,0
1792.6,0.00707,4.598,7.57515,0
1792.7,0.00707,4.598,7.57515,0
1792.8,0.00707,4.598,7.57515,0
1792.9,0.00707,4.598,7.57515,0
1793,0.00707,4.598,7.57515,0
1793.1,0.00707,4.598,7.57515,0
1793.2,0.00707,4.598,7.57515,0
1793.3,0.00707,4.598,7.57515,0
1793.4,0.00707,4.598,7.57515,0
1793.5,0.00707,4.59799,7.57515,0
1793.6,0.00707,4.59799,7.57344,0
1793.7,0.00707,4.59799,7.57515,0
1793.8,0.00707,4.59799,7.57515,0
1793.9,0.00707,4.59799,7.57515,0
1794,0.00707,4.59799,7.57515,0
1794.1,0.00707,4.59798,7.57515,0
1794.2,0.00707,4.59798,7.57515,0
1794.3,0.00707,4.59798,7.57515,0
1794.4,0.00707,4.59798,7.57515,0
1794.5,0.00707,4.59797,7.57515,0
1794.6,0.00707,4.59797,7.57515,0
1794.7,0.00707,4.59797,7.57515,0
1794.8,0.00707,4.59796,7.57515,0
1794.9,0.00707,4.59796,7.57515,0
1795,0.00707,4.59795,7.57344,0
1795.1,0.00707,4.59795,7.57515,0
1795.2,0.00707,4.59795,7.57515,0
1795.3,0.00707,4.59794,7.57515,0
1795.4,0.00707,4.59794,7.57515,0
1795.5,0.00707,4.59793,7.57515,0
1795.6,0.00707,4.59793,7.57515,0
1795.7,0.00707,4.59792,7.57515,0
1795.8,0.00707,4.59792,7.57515,0
1795.9,0.00707,4.59791,7.57344,0
1796,0.00707,4.59791,7.57515,0
1796.1,0.00707,4.5979,7.57515,0
1796.2,0.00707,4.5979,7.57515,0
1796.3,0.00707,4.59789,7.57515,0
1796.4,0.00707,4.59788,7.57515,0
1796.5,0.00707,4.59788,7.57515,0
1796.6,0.00707,4.59788,7.57515,0
1796.7,0.00707,4.59787,7.57515,0
1796.8,0.00707,4.59787,7.57515,0
1796.9,0.00707,4.59786,7.57515,0
1797,0.00707,4.59786,7.57515,0
1797.1,0.00707,4.59785,7.57515,0
1797.2,0.00707,4.59785,7.57515,0
1797.3,0.00707,4.59785,7.57515,0
1797.4,0.00707,4.59784,7.57515,0
1797.5,0.00707,4.59784,7.57515,0
1797.6,0.00707,4.59784,7.57515,0
1797.7,0.00707,4.59783,7.57515,0
1797.8,0.00707,4.59783,7.57515,0
1797.9,0.00707,4.59782,7.57515,0
1798,0.00707,4.59782,7.57515,0
1798.1,0.00707,4.59782,7.57515,0
1798.2,0.00707,4.59781,7.57515,0
1798.3,0.00707,4.5978,7.57344,0
1798.4,0.00707,4.5978,7.57515,0
1798.5,0.00707,4.59779,7.57515,0
1798.6,0.00707,4.59778,7.57515,0
1798.7,0.00707,4.59778,7.57515,0
1798.8,0.00707,4.59777,7.57515,0
1798.9,0.00707,4.59776,7.57515,0
1799,0.00707,4.59775,7.57515,0
1799.1,0.00707,4.59774,7.57515,0
1799.2,0.00707,4.59773,7.57515,0
1799.3,0.00707,4.59773,7.57515,0
1799.4,0.00707,4.59772,7.57515,0
1799.5,0.00707,4.59771,7.57515,0
1799.6,0.00707,4.5977,7.57515,0
1799.7,0.00707,4.5977,7.57515,0
1799.8,0.00707,4.59769,7.57515,0
1799.9,0.00707,4.59768,7.57515,0
1800,0.00707,4.59768,7.57515,0
