Time (s),HB (mM),Glu (mM),pH,label
0.1,0.0216,3.6798,7.55805,0
0.2,0.0216,3.68306,7.55802,0
0.3,0.0216,3.68631,7.55799,0
0.4,0.0216,3.68954,7.55796,0
0.5,0.02161,3.69275,7.55793,0
0.6,0.02161,3.69595,7.5579,0
0.7,0.02161,3.69913,7.55787,0
0.8,0.02161,3.7023,7.55784,0
0.9,0.02161,3.70545,7.55781,0
1,0.02161,3.70858,7.55778,0
1.1,0.02161,3.7117,7.55775,0
1.2,0.02161,3.71481,7.55772,0
1.3,0.02161,3.7179,7.55769,0
1.4,0.02161,3.72097,7.55766,0
1.5,0.02162,3.72403,7.55763,0
1.6,0.02162,3.72707,7.5576,0
1.7,0.02162,3.73009,7.55757,0
1.8,0.02162,3.73311,7.55754,0
1.9,0.02162,3.7361,7.55752,0
2,0.02162,3.73908,7.55749,0
2.1,0.02162,3.74205,7.55746,0
2.2,0.02162,3.745,7.55743,0
2.3,0.02162,3.74793,7.5574,0
2.4,0.02162,3.75085,7.55737,0
2.5,0.02162,3.75376,7.55734,0
2.6,0.02163,3.75665,7.55731,0
2.7,0.02163,3.75952,7.55729,0
2.8,0.02163,3.76238,7.55726,0
2.9,0.02163,3.76523,7.55723,0
3,0.02163,3.76806,7.5572,0
3.1,0.02163,3.77088,7.55717,0
3.2,0.02163,3.77368,7.55715,0
3.3,0.02163,3.77646,7.55712,0
3.4,0.02163,3.77923,7.55709,0
3.5,0.02163,3.78199,7.55706,0
3.6,0.02163,3.78474,7.55703,0
3.7,0.02163,3.78746,7.55701,0
3.8,0.02163,3.79018,7.55698,0
3.9,0.02164,3.79288,7.55695,0
4,0.02164,3.79556,7.55692,0
4.1,0.02164,3.79823,7.5569,0
4.2,0.02164,3.80089,7.55687,0
4.3,0.02164,3.80353,7.55684,0
4.4,0.02164,3.80616,7.55682,0
4.5,0.02164,3.80878,7.55679,0
4.6,0.02164,3.81138,7.55676,0
4.7,0.02164,3.81396,7.55673,0
4.8,0.02164,3.81653,7.55671,0
4.9,0.02164,3.81909,7.55668,0
5,0.02164,3.82164,7.55665,0
5.1,0.02164,3.82417,7.55663,0
5.2,0.02164,3.82668,7.5566,0
5.3,0.02164,3.82919,7.55657,0
5.4,0.02164,3.83168,7.55655,0
5.5,0.02165,3.83415,7.55652,0
5.6,0.02165,3.83661,7.5565,0
5.7,0.02165,3.83906,7.55647,0
5.8,0.02165,3.8415,7.55644,0
5.9,0.02165,3.84392,7.55642,0
6,0.02165,3.84633,7.55639,0
6.1,0.02165,3.84872,7.55637,0
6.2,0.02165,3.8511,7.55634,0
6.3,0.02165,3.85347,7.55631,0
6.4,0.02165,3.85583,7.55629,0
6.5,0.02165,3.85817,7.55626,0
6.6,0.02165,3.86049,7.55624,0
6.7,0.02165,3.86281,7.55621,0
6.8,0.02165,3.86511,7.55619,0
6.9,0.02165,3.8674,7.55616,0
7,0.02165,3.86968,7.55614,0
7.1,0.02165,3.87194,7.55611,0
7.2,0.02165,3.87419,7.55609,0
7.3,0.02165,3.87643,7.55606,0
7.4,0.02166,3.87865,7.55604,0
7.5,0.02166,3.88086,7.55601,0
7.6,0.02166,3.88306,7.55599,0
7.7,0.02166,3.88525,7.55596,0
7.8,0.02166,3.88742,7.55594,0
7.9,0.02166,3.88958,7.55591,0
8,0.02166,3.89173,7.55589,0
8.1,0.02166,3.89387,7.55586,0
8.2,0.02166,3.89599,7.55584,0
8.3,0.02166,3.8981,7.55581,0
8.4,0.02166,3.9002,7.55579,0
8.5,0.02166,3.90228,7.55577,0
8.6,0.02166,3.90436,7.55574,0
8.7,0.02166,3.90642,7.55572,0
8.8,0.02166,3.90847,7.55569,0
8.9,0.02166,3.9105,7.55567,0
9,0.02166,3.91253,7.55565,0
9.1,0.02166,3.91454,7.55562,0
9.2,0.02166,3.91654,7.5556,0
9.3,0.02166,3.91853,7.55557,0
9.4,0.02166,3.92051,7.55555,0
9.5,0.02166,3.92247,7.55553,0
9.6,0.02166,3.92442,7.5555,0
9.7,0.02166,3.92636,7.55548,0
9.8,0.02166,3.92829,7.55546,0
9.9,0.02166,3.93021,7.55543,0
10,0.02166,3.93211,7.55541,0
10.1,0.02166,3.93401,7.55539,0
10.2,0.02166,3.93589,7.55537,0
10.3,0.02166,3.93776,7.55534,0
10.4,0.02167,3.93962,7.55532,0
10.5,0.02167,3.94147,7.5553,0
10.6,0.02167,3.9433,7.55527,0
10.7,0.02167,3.94512,7.55525,0
10.8,0.02167,3.94694,7.55523,0
10.9,0.02167,3.94874,7.55521,0
11,0.02167,3.95053,7.55518,0
11.1,0.02167,3.95231,7.55516,0
11.2,0.02167,3.95407,7.55514,0
11.3,0.02167,3.95583,7.55512,0
11.4,0.02167,3.95757,7.55509,0
11.5,0.02167,3.95931,7.55507,0
11.6,0.02167,3.96103,7.55505,0
11.7,0.02167,3.96274,7.55503,0
11.8,0.02167,3.96444,7.55501,0
11.9,0.02167,3.96613,7.55499,0
12,0.02167,3.96781,7.55496,0
12.1,0.02167,3.96948,7.55494,0
12.2,0.02167,3.97113,7.55492,0
12.3,0.02167,3.97278,7.5549,0
12.4,0.02167,3.97441,7.55488,0
12.5,0.02167,3.97604,7.55486,0
12.6,0.02167,3.97765,7.55483,0
12.7,0.02167,3.97925,7.55481,0
12.8,0.02167,3.98084,7.55479,0
12.9,0.02167,3.98242,7.55477,0
13,0.02167,3.98399,7.55475,0
13.1,0.02167,3.98555,7.55473,0
13.2,0.02167,3.9871,7.55471,0
13.3,0.02167,3.98864,7.55469,0
13.4,0.02167,3.99017,7.55467,0
13.5,0.02167,3.99169,7.55464,0
13.6,0.02167,3.9932,7.55462,0
13.7,0.02167,3.99469,7.5546,0
13.8,0.02167,3.99618,7.55458,0
13.9,0.02167,3.99766,7.55456,0
14,0.02167,3.99913,7.55454,0
14.1,0.02167,4.00058,7.55452,0
14.2,0.02167,4.00203,7.5545,0
14.3,0.02167,4.00346,7.55448,0
14.4,0.02167,4.00489,7.55446,0
14.5,0.02167,4.00631,7.55444,0
14.6,0.02167,4.00771,7.55442,0
14.7,0.02167,4.00911,7.5544,0
14.8,0.02167,4.0105,7.55438,0
14.9,0.02167,4.01187,7.55436,0
15,0.02167,4.01324,7.55434,0
15.1,0.02167,4.0146,7.55432,0
15.2,0.02167,4.01594,7.5543,0
15.3,0.02167,4.01728,7.55428,0
15.4,0.02167,4.01861,7.55426,0
15.5,0.02167,4.01993,7.55424,0
15.6,0.02167,4.02123,7.55422,0
15.7,0.02167,4.02253,7.5542,0
15.8,0.02167,4.02382,7.55418,0
15.9,0.02167,4.0251,7.55417,0
16,0.02167,4.02637,7.55415,0
16.1,0.02167,4.02763,7.55413,0
16.2,0.02167,4.02888,7.55411,0
16.3,0.02167,4.03012,7.55409,0
16.4,0.02167,4.03136,7.55407,0
16.5,0.02167,4.03258,7.55405,0
16.6,0.02167,4.03379,7.55403,0
16.7,0.02167,4.035,7.55401,0
16.8,0.02167,4.03619,7.554,0
16.9,0.02167,4.03738,7.55398,0
17,0.02167,4.03856,7.55396,0
17.1,0.02167,4.03973,7.55394,0
17.2,0.02167,4.04088,7.55392,0
17.3,0.02167,4.04203,7.5539,0
17.4,0.02167,4.04318,7.55388,0
17.5,0.02167,4.04431,7.55387,0
17.6,0.02167,4.04543,7.55385,0
17.7,0.02167,4.04654,7.55383,0
17.8,0.02167,4.04765,7.55381,0
17.9,0.02167,4.04875,7.55379,0
18,0.02167,4.04983,7.55378,0
18.1,0.02167,4.05091,7.55376,0
18.2,0.02167,4.05198,7.55374,0
18.3,0.02167,4.05304,7.55372,0
18.4,0.02167,4.0541,7.55371,0
18.5,0.02167,4.05514,7.55369,0
18.6,0.02167,4.05618,7.55367,0
18.7,0.02167,4.0572,7.55365,0
18.8,0.02167,4.05822,7.55364,0
18.9,0.02167,4.05923,7.55362,0
19,0.02167,4.06023,7.5536,0
19.1,0.02166,4.06123,7.55358,0
19.2,0.02166,4.06221,7.55357,0
19.3,0.02166,4.06319,7.55355,0
19.4,0.02166,4.06416,7.55353,0
19.5,0.02166,4.06512,7.55352,0
19.6,0.02166,4.06607,7.5535,0
19.7,0.02166,4.06701,7.55348,0
19.8,0.02166,4.06795,7.55346,0
19.9,0.02166,4.06887,7.55345,0
20,0.02166,4.06979,7.55343,0
20.1,0.02166,4.0707,7.55341,0
20.2,0.02166,4.07161,7.5534,0
20.3,0.02166,4.0725,7.55338,0
20.4,0.02166,4.07339,7.55336,0
20.5,0.02166,4.07427,7.55335,0
20.6,0.02166,4.07514,7.55333,0
20.7,0.02166,4.076,7.55332,0
20.8,0.02166,4.07686,7.5533,0
20.9,0.02166,4.0777,7.55328,0
21,0.02166,4.07854,7.55327,0
21.1,0.02166,4.07937,7.55325,0
21.2,0.02166,4.0802,7.55324,0
21.3,0.02166,4.08101,7.55322,0
21.4,0.02166,4.08182,7.5532,0
21.5,0.02166,4.08262,7.55319,0
21.6,0.02166,4.08342,7.55317,0
21.7,0.02166,4.0842,7.55316,0
21.8,0.02166,4.08498,7.55314,0
21.9,0.02166,4.08575,7.55312,0
22,0.02166,4.08651,7.55311,0
22.1,0.02166,4.08727,7.55309,0
22.2,0.02166,4.08802,7.55308,0
22.3,0.02166,4.08876,7.55306,0
22.4,0.02166,4.08949,7.55305,0
22.5,0.02166,4.09022,7.55303,0
22.6,0.02166,4.09094,7.55302,0
22.7,0.02166,4.09165,7.553,0
22.8,0.02165,4.09235,7.55299,0
22.9,0.02165,4.09305,7.55297,0
23,0.02165,4.09374,7.55296,0
23.1,0.02165,4.09442,7.55294,0
23.2,0.02165,4.0951,7.55293,0
23.3,0.02165,4.09577,7.55291,0
23.4,0.02165,4.09643,7.5529,0
23.5,0.02165,4.09708,7.55288,0
23.6,0.02165,4.09773,7.55287,0
23.7,0.02165,4.09837,7.55285,0
23.8,0.02165,4.09901,7.55284,0
23.9,0.02165,4.09963,7.55283,0
24,0.02165,4.10025,7.55281,0
24.1,0.02165,4.10086,7.5528,0
24.2,0.02165,4.10147,7.55278,0
24.3,0.02165,4.10207,7.55277,0
24.4,0.02165,4.10266,7.55275,0
24.5,0.02165,4.10325,7.55274,0
24.6,0.02165,4.10383,7.55273,0
24.7,0.02165,4.1044,7.55271,0
24.8,0.02165,4.10497,7.5527,0
24.9,0.02165,4.10553,7.55268,0
25,0.02165,4.10608,7.55267,0
25.1,0.02165,4.10662,7.55266,0
25.2,0.02165,4.10716,7.55264,0
25.3,0.02165,4.1077,7.55263,0
25.4,0.02165,4.10822,7.55262,0
25.5,0.02164,4.10874,7.5526,0
25.6,0.02164,4.10926,7.55259,0
25.7,0.02164,4.10977,7.55257,0
25.8,0.02164,4.11027,7.55256,0
25.9,0.02164,4.11076,7.55255,0
26,0.02164,4.11125,7.55253,0
26.1,0.02164,4.11173,7.55252,0
26.2,0.02164,4.11221,7.55251,0
26.3,0.02164,4.11268,7.5525,0
26.4,0.02164,4.11314,7.55248,0
26.5,0.02164,4.1136,7.55247,0
26.6,0.02164,4.11405,7.55246,0
26.7,0.02164,4.11449,7.55244,0
26.8,0.02164,4.11493,7.55243,0
26.9,0.02164,4.11537,7.55242,0
27,0.02164,4.11579,7.5524,0
27.1,0.02164,4.11621,7.55239,0
27.2,0.02164,4.11663,7.55238,0
27.3,0.02164,4.11704,7.55237,0
27.4,0.02164,4.11744,7.55235,0
27.5,0.02164,4.11784,7.55234,0
27.6,0.02164,4.11823,7.55233,0
27.7,0.02164,4.11862,7.55232,0
27.8,0.02164,4.119,7.5523,0
27.9,0.02163,4.11937,7.55229,0
28,0.02163,4.11974,7.55228,0
28.1,0.02163,4.1201,7.55227,0
28.2,0.02163,4.12046,7.55226,0
28.3,0.02163,4.12081,7.55224,0
28.4,0.02163,4.12115,7.55223,0
28.5,0.02163,4.12149,7.55222,0
28.6,0.02163,4.12183,7.55221,0
28.7,0.02163,4.12216,7.5522,0
28.8,0.02163,4.12248,7.55218,0
28.9,0.02163,4.1228,7.55217,0
29,0.02163,4.12311,7.55216,0
29.1,0.02163,4.12342,7.55215,0
29.2,0.02163,4.12372,7.55214,0
29.3,0.02163,4.12401,7.55213,0
29.4,0.02163,4.12431,7.55211,0
29.5,0.02163,4.12459,7.5521,0
29.6,0.02163,4.12487,7.55209,0
29.7,0.02163,4.12515,7.55208,0
29.8,0.02163,4.12542,7.55207,0
29.9,0.02163,4.12568,7.55206,0
30,0.02162,4.12594,7.55205,0
30.1,0.02162,4.12619,7.55204,0
30.2,0.02162,4.12644,7.55202,0
30.3,0.02162,4.12668,7.55201,0
30.4,0.02162,4.12692,7.552,0
30.5,0.02162,4.12716,7.55199,0
30.6,0.02162,4.12738,7.55198,0
30.7,0.02162,4.12761,7.55197,0
30.8,0.02162,4.12783,7.55196,0
30.9,0.02162,4.12804,7.55195,0
31,0.02162,4.12825,7.55194,0
31.1,0.02162,4.12845,7.55193,0
31.2,0.02162,4.12865,7.55192,0
31.3,0.02162,4.12884,7.55191,0
31.4,0.02162,4.12903,7.5519,0
31.5,0.02162,4.12921,7.55188,0
31.6,0.02162,4.12939,7.55187,0
31.7,0.02162,4.12957,7.55186,0
31.8,0.02162,4.12974,7.55185,0
31.9,0.02162,4.1299,7.55184,0
32,0.02161,4.13006,7.55183,0
32.1,0.02161,4.13022,7.55182,0
32.2,0.02161,4.13037,7.55181,0
32.3,0.02161,4.13051,7.5518,0
32.4,0.02161,4.13065,7.55179,0
32.5,0.02161,4.13079,7.55178,0
32.6,0.02161,4.13092,7.55177,0
32.7,0.02161,4.13105,7.55176,0
32.8,0.02161,4.13117,7.55175,0
32.9,0.02161,4.13129,7.55174,0
33,0.02161,4.13141,7.55173,0
33.1,0.02161,4.13151,7.55172,0
33.2,0.02161,4.13162,7.55171,0
33.3,0.02161,4.13172,7.5517,0
33.4,0.02161,4.13182,7.5517,0
33.5,0.02161,4.13191,7.55169,0
33.6,0.02161,4.132,7.55168,0
33.7,0.02161,4.13208,7.55167,0
33.8,0.02161,4.13216,7.55166,0
33.9,0.0216,4.13223,7.55165,0
34,0.0216,4.1323,7.55164,0
34.1,0.0216,4.13237,7.55163,0
34.2,0.0216,4.13243,7.55162,0
34.3,0.0216,4.13249,7.55161,0
34.4,0.0216,4.13254,7.5516,0
34.5,0.0216,4.13259,7.55159,0
34.6,0.0216,4.13264,7.55158,0
34.7,0.0216,4.13268,7.55158,0
34.8,0.0216,4.13272,7.55157,0
34.9,0.0216,4.13275,7.55156,0
35,0.0216,4.13278,7.55155,0
35.1,0.0216,4.13281,7.55154,0
35.2,0.0216,4.13283,7.55153,0
35.3,0.0216,4.13284,7.55152,0
35.4,0.0216,4.13286,7.55151,0
35.5,0.0216,4.13287,7.55151,0
35.6,0.0216,4.13287,7.5515,0
35.7,0.02159,4.13288,7.55149,0
35.8,0.02159,4.13287,7.55148,0
35.9,0.02159,4.13287,7.55147,0
36,0.02159,4.13286,7.55146,0
36.1,0.02159,4.13284,7.55146,0
36.2,0.02159,4.13283,7.55145,0
36.3,0.02159,4.13281,7.55144,0
36.4,0.02159,4.13278,7.55143,0
36.5,0.02159,4.13275,7.55142,0
36.6,0.02159,4.13272,7.55141,0
36.7,0.02159,4.13269,7.55141,0
36.8,0.02159,4.13265,7.5514,0
36.9,0.02159,4.1326,7.55139,0
37,0.02159,4.13256,7.55138,0
37.1,0.02159,4.13251,7.55138,0
37.2,0.02159,4.13245,7.55137,0
37.3,0.02159,4.1324,7.55136,0
37.4,0.02159,4.13234,7.55135,0
37.5,0.02159,4.13227,7.55134,0
37.6,0.02158,4.1322,7.55134,0
37.7,0.02158,4.13213,7.55133,0
37.8,0.02158,4.13206,7.55132,0
37.9,0.02158,4.13198,7.55131,0
38,0.02158,4.1319,7.55131,0
38.1,0.02158,4.13182,7.5513,0
38.2,0.02158,4.13173,7.55129,0
38.3,0.02158,4.13164,7.55128,0
38.4,0.02158,4.13154,7.55128,0
38.5,0.02158,4.13145,7.55127,0
38.6,0.02158,4.13134,7.55126,0
38.7,0.02158,4.13124,7.55126,0
38.8,0.02158,4.13113,7.55125,0
38.9,0.02158,4.13102,7.55124,0
39,0.02158,4.13091,7.55123,0
39.1,0.02158,4.13079,7.55123,0
39.2,0.02158,4.13067,7.55122,0
39.3,0.02158,4.13055,7.55121,0
39.4,0.02157,4.13042,7.55121,0
39.5,0.02157,4.13029,7.5512,0
39.6,0.02157,4.13016,7.55119,0
39.7,0.02157,4.13003,7.55119,0
39.8,0.02157,4.12989,7.55118,0
39.9,0.02157,4.12975,7.55117,0
40,0.02157,4.1296,7.55117,0
40.1,0.02157,4.12945,7.55116,0
40.2,0.02157,4.1293,7.55115,0
40.3,0.02157,4.12915,7.55115,0
40.4,0.02157,4.129,7.55114,0
40.5,0.02157,4.12884,7.55113,0
40.6,0.02157,4.12867,7.55113,0
40.7,0.02157,4.12851,7.55112,0
40.8,0.02157,4.12834,7.55111,0
40.9,0.02157,4.12817,7.55111,0
41,0.02157,4.128,7.5511,0
41.1,0.02157,4.12782,7.5511,0
41.2,0.02156,4.12765,7.55109,0
41.3,0.02156,4.12746,7.55108,0
41.4,0.02156,4.12728,7.55108,0
41.5,0.02156,4.12709,7.55107,0
41.6,0.02156,4.1269,7.55107,0
41.7,0.02156,4.12671,7.55106,0
41.8,0.02156,4.12652,7.55105,0
41.9,0.02156,4.12632,7.55105,0
42,0.02156,4.12612,7.55104,0
42.1,0.02156,4.12592,7.55104,0
42.2,0.02156,4.12571,7.55103,0
42.3,0.02156,4.12551,7.55103,0
42.4,0.02156,4.1253,7.55102,0
42.5,0.02156,4.12508,7.55101,0
42.6,0.02156,4.12487,7.55101,0
42.7,0.02156,4.12465,7.551,0
42.8,0.02156,4.12443,7.551,0
42.9,0.02156,4.12421,7.55099,0
43,0.02155,4.12398,7.55099,0
43.1,0.02155,4.12376,7.55098,0
43.2,0.02155,4.12353,7.55098,0
43.3,0.02155,4.1233,7.55097,0
43.4,0.02155,4.12306,7.55096,0
43.5,0.02155,4.12282,7.55096,0
43.6,0.02155,4.12259,7.55095,0
43.7,0.02155,4.12234,7.55095,0
43.8,0.02155,4.1221,7.55094,0
43.9,0.02155,4.12186,7.55094,0
44,0.02155,4.12161,7.55093,0
44.1,0.02155,4.12136,7.55093,0
44.2,0.02155,4.12111,7.55092,0
44.3,0.02155,4.12085,7.55092,0
44.4,0.02155,4.12059,7.55091,0
44.5,0.02155,4.12033,7.55091,0
44.6,0.02155,4.12007,7.5509,0
44.7,0.02155,4.11981,7.5509,0
44.8,0.02154,4.11955,7.5509,0
44.9,0.02154,4.11928,7.55089,0
45,0.02154,4.11901,7.55089,0
45.1,0.02154,4.11874,7.55088,0
45.2,0.02154,4.11846,7.55088,0
45.3,0.02154,4.11819,7.55087,0
45.4,0.02154,4.11791,7.55087,0
45.5,0.02154,4.11763,7.55086,0
45.6,0.02154,4.11735,7.55086,0
45.7,0.02154,4.11707,7.55085,0
45.8,0.02154,4.11678,7.55085,0
45.9,0.02154,4.11649,7.55085,0
46,0.02154,4.1162,7.55084,0
46.1,0.02154,4.11591,7.55084,0
46.2,0.02154,4.11562,7.55083,0
46.3,0.02154,4.11532,7.55083,0
46.4,0.02154,4.11503,7.55082,0
46.5,0.02154,4.11473,7.55082,0
46.6,0.02154,4.11443,7.55082,0
46.7,0.02153,4.11413,7.55081,0
46.8,0.02153,4.11382,7.55081,0
46.9,0.02153,4.11352,7.5508,0
47,0.02153,4.11321,7.5508,0
47.1,0.02153,4.1129,7.5508,0
47.2,0.02153,4.11259,7.55079,0
47.3,0.02153,4.11228,7.55079,0
47.4,0.02153,4.11196,7.55078,0
47.5,0.02153,4.11165,7.55078,0
47.6,0.02153,4.11133,7.55078,0
47.7,0.02153,4.11101,7.55077,0
47.8,0.02153,4.11069,7.55077,0
47.9,0.02153,4.11036,7.55077,0
48,0.02153,4.11004,7.55076,0
48.1,0.02153,4.10971,7.55076,0
48.2,0.02153,4.10939,7.55075,0
48.3,0.02153,4.10906,7.55075,0
48.4,0.02153,4.10873,7.55075,0
48.5,0.02153,4.1084,7.55074,0
48.6,0.02152,4.10806,7.55074,0
48.7,0.02152,4.10773,7.55074,0
48.8,0.02152,4.10739,7.55073,0
48.9,0.02152,4.10705,7.55073,0
49,0.02152,4.10671,7.55073,0
49.1,0.02152,4.10637,7.55072,0
49.2,0.02152,4.10603,7.55072,0
49.3,0.02152,4.10569,7.55072,0
49.4,0.02152,4.10534,7.55071,0
49.5,0.02152,4.10499,7.55071,0
49.6,0.02152,4.10465,7.55071,0
49.7,0.02152,4.1043,7.55071,0
49.8,0.02152,4.10395,7.5507,0
49.9,0.02152,4.10359,7.5507,0
50,0.02152,4.10324,7.5507,0
50.1,0.02152,4.10289,7.55069,0
50.2,0.02152,4.10253,7.55069,0
50.3,0.02152,4.10217,7.55069,0
50.4,0.02152,4.10182,7.55069,0
50.5,0.02152,4.10146,7.55068,0
50.6,0.02151,4.1011,7.55068,0
50.7,0.02151,4.10073,7.55068,0
50.8,0.02151,4.10037,7.55067,0
50.9,0.02151,4.10001,7.55067,0
51,0.02151,4.09964,7.55067,0
51.1,0.02151,4.09927,7.55067,0
51.2,0.02151,4.09891,7.55066,0
51.3,0.02151,4.09854,7.55066,0
51.4,0.02151,4.09817,7.55066,0
51.5,0.02151,4.09779,7.55066,0
51.6,0.02151,4.09742,7.55065,0
51.7,0.02151,4.09705,7.55065,0
51.8,0.02151,4.09667,7.55065,0
51.9,0.02151,4.0963,7.55065,0
52,0.02151,4.09592,7.55064,0
52.1,0.02151,4.09554,7.55064,0
52.2,0.02151,4.09517,7.55064,0
52.3,0.02151,4.09479,7.55064,0
52.4,0.02151,4.09441,7.55063,0
52.5,0.02151,4.09402,7.55063,0
52.6,0.02151,4.09364,7.55063,0
52.7,0.0215,4.09326,7.55063,0
52.8,0.0215,4.09287,7.55063,0
52.9,0.0215,4.09249,7.55062,0
53,0.0215,4.0921,7.55062,0
53.1,0.0215,4.09171,7.55062,0
53.2,0.0215,4.09133,7.55062,0
53.3,0.0215,4.09094,7.55062,0
53.4,0.0215,4.09055,7.55061,0
53.5,0.0215,4.09016,7.55061,0
53.6,0.0215,4.08976,7.55061,0
53.7,0.0215,4.08937,7.55061,0
53.8,0.0215,4.08898,7.55061,0
53.9,0.0215,4.08858,7.55061,0
54,0.0215,4.08819,7.5506,0
54.1,0.0215,4.08779,7.5506,0
54.2,0.0215,4.0874,7.5506,0
54.3,0.0215,4.087,7.5506,0
54.4,0.0215,4.0866,7.5506,0
54.5,0.0215,4.0862,7.5506,0
54.6,0.0215,4.0858,7.55059,0
54.7,0.0215,4.0854,7.55059,0
54.8,0.0215,4.085,7.55059,0
54.9,0.02149,4.0846,7.55059,0
55,0.02149,4.0842,7.55059,0
55.1,0.02149,4.0838,7.55059,0
55.2,0.02149,4.08339,7.55058,0
55.3,0.02149,4.08299,7.55058,0
55.4,0.02149,4.08258,7.55058,0
55.5,0.02149,4.08218,7.55058,0
55.6,0.02149,4.08177,7.55058,0
55.7,0.02149,4.08136,7.55058,0
55.8,0.02149,4.08096,7.55058,0
55.9,0.02149,4.08055,7.55058,0
56,0.02149,4.08014,7.55057,0
56.1,0.02149,4.07973,7.55057,0
56.2,0.02149,4.07932,7.55057,0
56.3,0.02149,4.07891,7.55057,0
56.4,0.02149,4.0785,7.55057,0
56.5,0.02149,4.07809,7.55057,0
56.6,0.02149,4.07768,7.55057,0
56.7,0.02149,4.07727,7.55057,0
56.8,0.02149,4.07685,7.55057,0
56.9,0.02149,4.07644,7.55056,0
57,0.02149,4.07603,7.55056,0
57.1,0.02149,4.07561,7.55056,0
57.2,0.02148,4.0752,7.55056,0
57.3,0.02148,4.07478,7.55056,0
57.4,0.02148,4.07437,7.55056,0
57.5,0.02148,4.07395,7.55056,0
57.6,0.02148,4.07354,7.55056,0
57.7,0.02148,4.07312,7.55056,0
57.8,0.02148,4.0727,7.55056,0
57.9,0.02148,4.07229,7.55056,0
58,0.02148,4.07187,7.55056,0
58.1,0.02148,4.07145,7.55056,0
58.2,0.02148,4.07103,7.55055,0
58.3,0.02148,4.07061,7.55055,0
58.4,0.02148,4.0702,7.55055,0
58.5,0.02148,4.06978,7.55055,0
58.6,0.02148,4.06936,7.55055,0
58.7,0.02148,4.06894,7.55055,0
58.8,0.02148,4.06852,7.55055,0
58.9,0.02148,4.0681,7.55055,0
59,0.02148,4.06768,7.55055,0
59.1,0.02148,4.06725,7.55055,0
59.2,0.02148,4.06683,7.55055,0
59.3,0.02148,4.06641,7.55055,0
59.4,0.02148,4.06599,7.55055,0
59.5,0.02148,4.06557,7.55055,0
59.6,0.02148,4.06515,7.55055,0
59.7,0.02148,4.06472,7.55055,0
59.8,0.02147,4.0643,7.55055,0
59.9,0.02147,4.06388,7.55055,0
60,0.02147,4.06346,7.55055,0
60.1,0.02147,4.06303,7.55055,0
60.2,0.02147,4.06261,7.55055,0
60.3,0.02147,4.06219,7.55055,0
60.4,0.02147,4.06176,7.55055,0
60.5,0.02147,4.06134,7.55055,0
60.6,0.02147,4.06092,7.55055,0
60.7,0.02147,4.06049,7.55055,0
60.8,0.02147,4.06007,7.55055,0
60.9,0.02147,4.05965,7.55055,0
61,0.02147,4.05922,7.55055,0
61.1,0.02147,4.0588,7.55055,0
61.2,0.02147,4.05837,7.55055,0
61.3,0.02147,4.05795,7.55055,0
61.4,0.02147,4.05753,7.55055,0
61.5,0.02147,4.0571,7.55055,0
61.6,0.02147,4.05668,7.55055,0
61.7,0.02147,4.05625,7.55055,0
61.8,0.02147,4.05583,7.55055,0
61.9,0.02147,4.05541,7.55055,0
62,0.02147,4.05498,7.55055,0
62.1,0.02147,4.05456,7.55055,0
62.2,0.02147,4.05413,7.55055,0
62.3,0.02147,4.05371,7.55055,0
62.4,0.02147,4.05328,7.55055,0
62.5,0.02147,4.05286,7.55055,0
62.6,0.02147,4.05244,7.55055,0
62.7,0.02147,4.05201,7.55055,0
62.8,0.02146,4.05159,7.55055,0
62.9,0.02146,4.05117,7.55055,0
63,0.02146,4.05074,7.55055,0
63.1,0.02146,4.05032,7.55055,0
63.2,0.02146,4.04989,7.55055,0
63.3,0.02146,4.04947,7.55055,0
63.4,0.02146,4.04905,7.55055,0
63.5,0.02146,4.04862,7.55055,0
63.6,0.02146,4.0482,7.55055,0
63.7,0.02146,4.04778,7.55056,0
63.8,0.02146,4.04736,7.55056,0
63.9,0.02146,4.04693,7.55056,0
64,0.02146,4.04651,7.55056,0
64.1,0.02146,4.04609,7.55056,0
64.2,0.02146,4.04567,7.55056,0
64.3,0.02146,4.04525,7.55056,0
64.4,0.02146,4.04482,7.55056,0
64.5,0.02146,4.0444,7.55056,0
64.6,0.02146,4.04398,7.55056,0
64.7,0.02146,4.04356,7.55056,0
64.8,0.02146,4.04314,7.55056,0
64.9,0.02146,4.04272,7.55056,0
65,0.02146,4.0423,7.55057,0
65.1,0.02146,4.04188,7.55057,0
65.2,0.02146,4.04146,7.55057,0
65.3,0.02146,4.04104,7.55057,0
65.4,0.02146,4.04062,7.55057,0
65.5,0.02146,4.0402,7.55057,0
65.6,0.02146,4.03978,7.55057,0
65.7,0.02146,4.03936,7.55057,0
65.8,0.02146,4.03895,7.55057,0
65.9,0.02146,4.03853,7.55057,0
66,0.02146,4.03811,7.55057,0
66.1,0.02146,4.03769,7.55058,0
66.2,0.02146,4.03728,7.55058,0
66.3,0.02145,4.03686,7.55058,0
66.4,0.02145,4.03644,7.55058,0
66.5,0.02145,4.03603,7.55058,0
66.6,0.02145,4.03561,7.55058,0
66.7,0.02145,4.0352,7.55058,0
66.8,0.02145,4.03478,7.55058,0
66.9,0.02145,4.03437,7.55058,0
67,0.02145,4.03395,7.55059,0
67.1,0.02145,4.03354,7.55059,0
67.2,0.02145,4.03313,7.55059,0
67.3,0.02145,4.03271,7.55059,0
67.4,0.02145,4.0323,7.55059,0
67.5,0.02145,4.03189,7.55059,0
67.6,0.02145,4.03148,7.55059,0
67.7,0.02145,4.03106,7.5506,0
67.8,0.02145,4.03065,7.5506,0
67.9,0.02145,4.03024,7.5506,0
68,0.02145,4.02983,7.5506,0
68.1,0.02145,4.02942,7.5506,0
68.2,0.02145,4.02901,7.5506,0
68.3,0.02145,4.02861,7.5506,0
68.4,0.02145,4.0282,7.55061,0
68.5,0.02145,4.02779,7.55061,0
68.6,0.02145,4.02738,7.55061,0
68.7,0.02145,4.02697,7.55061,0
68.8,0.02145,4.02657,7.55061,0
68.9,0.02145,4.02616,7.55061,0
69,0.02145,4.02576,7.55061,0
69.1,0.02145,4.02535,7.55062,0
69.2,0.02145,4.02495,7.55062,0
69.3,0.02145,4.02454,7.55062,0
69.4,0.02145,4.02414,7.55062,0
69.5,0.02145,4.02374,7.55062,0
69.6,0.02145,4.02333,7.55062,0
69.7,0.02145,4.02293,7.55063,0
69.8,0.02145,4.02253,7.55063,0
69.9,0.02145,4.02213,7.55063,0
70,0.02145,4.02173,7.55063,0
70.1,0.02145,4.02133,7.55063,0
70.2,0.02145,4.02093,7.55063,0
70.3,0.02145,4.02053,7.55064,0
70.4,0.02145,4.02013,7.55064,0
70.5,0.02145,4.01974,7.55064,0
70.6,0.02145,4.01934,7.55064,0
70.7,0.02145,4.01894,7.55064,0
70.8,0.02145,4.01855,7.55064,0
70.9,0.02144,4.01815,7.55065,0
71,0.02144,4.01776,7.55065,0
71.1,0.02144,4.01736,7.55065,0
71.2,0.02144,4.01697,7.55065,0
71.3,0.02144,4.01658,7.55065,0
71.4,0.02144,4.01619,7.55066,0
71.5,0.02144,4.01579,7.55066,0
71.6,0.02144,4.0154,7.55066,0
71.7,0.02144,4.01501,7.55066,0
71.8,0.02144,4.01462,7.55066,0
71.9,0.02144,4.01423,7.55067,0
72,0.02144,4.01385,7.55067,0
72.1,0.02144,4.01346,7.55067,0
72.2,0.02144,4.01307,7.55067,0
72.3,0.02144,4.01268,7.55067,0
72.4,0.02144,4.0123,7.55068,0
72.5,0.02144,4.01191,7.55068,0
72.6,0.02144,4.01153,7.55068,0
72.7,0.02144,4.01114,7.55068,0
72.8,0.02144,4.01076,7.55068,0
72.9,0.02144,4.01038,7.55069,0
73,0.02144,4.01,7.55069,0
73.1,0.02144,4.00962,7.55069,0
73.2,0.02144,4.00923,7.55069,0
73.3,0.02144,4.00886,7.5507,0
73.4,0.02144,4.00848,7.5507,0
73.5,0.02144,4.0081,7.5507,0
73.6,0.02144,4.00772,7.5507,0
73.7,0.02144,4.00734,7.5507,0
73.8,0.02144,4.00697,7.55071,0
73.9,0.02144,4.00659,7.55071,0
74,0.02144,4.00622,7.55071,0
74.1,0.02144,4.00584,7.55071,0
74.2,0.02144,4.00547,7.55072,0
74.3,0.02144,4.0051,7.55072,0
74.4,0.02144,4.00472,7.55072,0
74.5,0.02144,4.00435,7.55072,0
74.6,0.02144,4.00398,7.55072,0
74.7,0.02144,4.00361,7.55073,0
74.8,0.02144,4.00324,7.55073,0
74.9,0.02144,4.00288,7.55073,0
75,0.02144,4.00251,7.55073,0
75.1,0.02144,4.00214,7.55074,0
75.2,0.02144,4.00178,7.55074,0
75.3,0.02144,4.00141,7.55074,0
75.4,0.02144,4.00105,7.55074,0
75.5,0.02144,4.00068,7.55075,0
75.6,0.02144,4.00032,7.55075,0
75.7,0.02144,3.99996,7.55075,0
75.8,0.02144,3.9996,7.55075,0
75.9,0.02144,3.99924,7.55076,0
76,0.02144,3.99888,7.55076,0
76.1,0.02144,3.99852,7.55076,0
76.2,0.02144,3.99816,7.55076,0
76.3,0.02144,3.9978,7.55077,0
76.4,0.02144,3.99744,7.55077,0
76.5,0.02144,3.99709,7.55077,0
76.6,0.02144,3.99673,7.55077,0
76.7,0.02144,3.99638,7.55078,0
76.8,0.02144,3.99603,7.55078,0
76.9,0.02144,3.99567,7.55078,0
77,0.02144,3.99532,7.55078,0
77.1,0.02144,3.99497,7.55079,0
77.2,0.02144,3.99462,7.55079,0
77.3,0.02144,3.99427,7.55079,0
77.4,0.02144,3.99392,7.55079,0
77.5,0.02144,3.99358,7.5508,0
77.6,0.02144,3.99323,7.5508,0
77.7,0.02144,3.99288,7.5508,0
77.8,0.02144,3.99254,7.5508,0
77.9,0.02144,3.99219,7.55081,0
78,0.02144,3.99185,7.55081,0
78.1,0.02144,3.99151,7.55081,0
78.2,0.02144,3.99117,7.55082,0
78.3,0.02144,3.99082,7.55082,0
78.4,0.02144,3.99048,7.55082,0
78.5,0.02144,3.99015,7.55082,0
78.6,0.02144,3.98981,7.55083,0
78.7,0.02144,3.98947,7.55083,0
78.8,0.02144,3.98913,7.55083,0
78.9,0.02144,3.9888,7.55083,0
79,0.02144,3.98846,7.55084,0
79.1,0.02144,3.98813,7.55084,0
79.2,0.02144,3.9878,7.55084,0
79.3,0.02144,3.98746,7.55085,0
79.4,0.02144,3.98713,7.55085,0
79.5,0.02144,3.9868,7.55085,0
79.6,0.02144,3.98647,7.55085,0
79.7,0.02144,3.98614,7.55086,0
79.8,0.02144,3.98581,7.55086,0
79.9,0.02144,3.98549,7.55086,0
80,0.02144,3.98516,7.55087,0
80.1,0.02144,3.98484,7.55087,0
80.2,0.02144,3.98451,7.55087,0
80.3,0.02144,3.98419,7.55087,0
80.4,0.02144,3.98387,7.55088,0
80.5,0.02144,3.98354,7.55088,0
80.6,0.02144,3.98322,7.55088,0
80.7,0.02144,3.9829,7.55089,0
80.8,0.02144,3.98258,7.55089,0
80.9,0.02144,3.98227,7.55089,0
81,0.02144,3.98195,7.55089,0
81.1,0.02144,3.98163,7.5509,0
81.2,0.02144,3.98132,7.5509,0
81.3,0.02144,3.981,7.5509,0
81.4,0.02144,3.98069,7.55091,0
81.5,0.02144,3.98038,7.55091,0
81.6,0.02144,3.98006,7.55091,0
81.7,0.02144,3.97975,7.55091,0
81.8,0.02144,3.97944,7.55092,0
81.9,0.02144,3.97913,7.55092,0
82,0.02144,3.97883,7.55092,0
82.1,0.02144,3.97852,7.55093,0
82.2,0.02144,3.97821,7.55093,0
82.3,0.02144,3.97791,7.55093,0
82.4,0.02144,3.9776,7.55094,0
82.5,0.02144,3.9773,7.55094,0
82.6,0.02144,3.977,7.55094,0
82.7,0.02144,3.9767,7.55094,0
82.8,0.02144,3.97639,7.55095,0
82.9,0.02144,3.9761,7.55095,0
83,0.02144,3.9758,7.55095,0
83.1,0.02144,3.9755,7.55096,0
83.2,0.02144,3.9752,7.55096,0
83.3,0.02144,3.9749,7.55096,0
83.4,0.02144,3.97461,7.55097,0
83.5,0.02144,3.97432,7.55097,0
83.6,0.02144,3.97402,7.55097,0
83.7,0.02144,3.97373,7.55098,0
83.8,0.02144,3.97344,7.55098,0
83.9,0.02144,3.97315,7.55098,0
84,0.02144,3.97286,7.55098,0
84.1,0.02144,3.97257,7.55099,0
84.2,0.02144,3.97228,7.55099,0
84.3,0.02144,3.972,7.55099,0
84.4,0.02144,3.97171,7.551,0
84.5,0.02144,3.97142,7.551,0
84.6,0.02144,3.97114,7.551,0
84.7,0.02144,3.97086,7.55101,0
84.8,0.02144,3.97058,7.55101,0
84.9,0.02144,3.97029,7.55101,0
85,0.02144,3.97001,7.55102,0
85.1,0.02144,3.96973,7.55102,0
85.2,0.02144,3.96946,7.55102,0
85.3,0.02144,3.96918,7.55103,0
85.4,0.02144,3.9689,7.55103,0
85.5,0.02144,3.96863,7.55103,0
85.6,0.02144,3.96835,7.55103,0
85.7,0.02144,3.96808,7.55104,0
85.8,0.02144,3.96781,7.55104,0
85.9,0.02144,3.96753,7.55104,0
86,0.02144,3.96726,7.55105,0
86.1,0.02144,3.96699,7.55105,0
86.2,0.02144,3.96673,7.55105,0
86.3,0.02144,3.96646,7.55106,0
86.4,0.02144,3.96619,7.55106,0
86.5,0.02144,3.96592,7.55106,0
86.6,0.02144,3.96566,7.55107,0
86.7,0.02144,3.9654,7.55107,0
86.8,0.02144,3.96513,7.55107,0
86.9,0.02144,3.96487,7.55108,0
87,0.02144,3.96461,7.55108,0
87.1,0.02144,3.96435,7.55108,0
87.2,0.02144,3.96409,7.55109,0
87.3,0.02144,3.96383,7.55109,0
87.4,0.02144,3.96357,7.55109,0
87.5,0.02144,3.96332,7.5511,0
87.6,0.02144,3.96306,7.5511,0
87.7,0.02144,3.96281,7.5511,0
87.8,0.02144,3.96255,7.55111,0
87.9,0.02144,3.9623,7.55111,0
88,0.02144,3.96205,7.55111,0
88.1,0.02144,3.9618,7.55112,0
88.2,0.02144,3.96155,7.55112,0
88.3,0.02144,3.9613,7.55112,0
88.4,0.02144,3.96105,7.55112,0
88.5,0.02144,3.9608,7.55113,0
88.6,0.02144,3.96056,7.55113,0
88.7,0.02144,3.96031,7.55113,0
88.8,0.02144,3.96007,7.55114,0
88.9,0.02144,3.95982,7.55114,0
89,0.02144,3.95958,7.55114,0
89.1,0.02144,3.95934,7.55115,0
89.2,0.02144,3.9591,7.55115,0
89.3,0.02144,3.95886,7.55115,0
89.4,0.02144,3.95862,7.55116,0
89.5,0.02144,3.95838,7.55116,0
89.6,0.02144,3.95815,7.55116,0
89.7,0.02144,3.95791,7.55117,0
89.8,0.02144,3.95768,7.55117,0
89.9,0.02144,3.95744,7.55117,0
90,0.02144,3.95721,7.55118,0
90.1,0.02144,3.95698,7.55118,0
90.2,0.02144,3.95675,7.55118,0
90.3,0.02144,3.95652,7.55119,0
90.4,0.02144,3.95629,7.55119,0
90.5,0.02144,3.95606,7.55119,0
90.6,0.02144,3.95583,7.5512,0
90.7,0.02144,3.9556,7.5512,0
90.8,0.02144,3.95538,7.5512,0
90.9,0.02144,3.95515,7.55121,0
91,0.02144,3.95493,7.55121,0
91.1,0.02144,3.95471,7.55121,0
91.2,0.02144,3.95449,7.55122,0
91.3,0.02144,3.95426,7.55122,0
91.4,0.02144,3.95404,7.55122,0
91.5,0.02144,3.95383,7.55123,0
91.6,0.02144,3.95361,7.55123,0
91.7,0.02144,3.95339,7.55123,0
91.8,0.02144,3.95317,7.55124,0
91.9,0.02144,3.95296,7.55124,0
92,0.02144,3.95274,7.55124,0
92.1,0.02144,3.95253,7.55125,0
92.2,0.02144,3.95232,7.55125,0
92.3,0.02144,3.95211,7.55125,0
92.4,0.02145,3.9519,7.55126,0
92.5,0.02145,3.95169,7.55126,0
92.6,0.02145,3.95148,7.55126,0
92.7,0.02145,3.95127,7.55127,0
92.8,0.02145,3.95106,7.55127,0
92.9,0.02145,3.95085,7.55127,0
93,0.02145,3.95065,7.55128,0
93.1,0.02145,3.95044,7.55128,0
93.2,0.02145,3.95024,7.55128,0
93.3,0.02145,3.95004,7.55129,0
93.4,0.02145,3.94984,7.55129,0
93.5,0.02145,3.94964,7.55129,0
93.6,0.02145,3.94944,7.5513,0
93.7,0.02145,3.94924,7.5513,0
93.8,0.02145,3.94904,7.5513,0
93.9,0.02145,3.94884,7.55131,0
94,0.02145,3.94865,7.55131,0
94.1,0.02145,3.94845,7.55131,0
94.2,0.02145,3.94825,7.55131,0
94.3,0.02145,3.94806,7.55132,0
94.4,0.02145,3.94787,7.55132,0
94.5,0.02145,3.94768,7.55132,0
94.6,0.02145,3.94749,7.55133,0
94.7,0.02145,3.9473,7.55133,0
94.8,0.02145,3.94711,7.55133,0
94.9,0.02145,3.94692,7.55134,0
95,0.02145,3.94673,7.55134,0
95.1,0.02145,3.94654,7.55134,0
95.2,0.02145,3.94636,7.55135,0
95.3,0.02145,3.94617,7.55135,0
95.4,0.02145,3.94599,7.55135,0
95.5,0.02145,3.94581,7.55136,0
95.6,0.02145,3.94562,7.55136,0
95.7,0.02145,3.94544,7.55136,0
95.8,0.02145,3.94526,7.55137,0
95.9,0.02145,3.94508,7.55137,0
96,0.02145,3.9449,7.55137,0
96.1,0.02145,3.94472,7.55138,0
96.2,0.02145,3.94455,7.55138,0
96.3,0.02145,3.94437,7.55138,0
96.4,0.02145,3.94419,7.55139,0
96.5,0.02145,3.94402,7.55139,0
96.6,0.02145,3.94385,7.55139,0
96.7,0.02145,3.94367,7.5514,0
96.8,0.02145,3.9435,7.5514,0
96.9,0.02145,3.94333,7.5514,0
97,0.02145,3.94316,7.55141,0
97.1,0.02145,3.94299,7.55141,0
97.2,0.02145,3.94282,7.55141,0
97.3,0.02145,3.94265,7.55142,0
97.4,0.02145,3.94249,7.55142,0
97.5,0.02145,3.94232,7.55142,0
97.6,0.02145,3.94215,7.55143,0
97.7,0.02145,3.94199,7.55143,0
97.8,0.02145,3.94183,7.55143,0
97.9,0.02146,3.94166,7.55143,0
98,0.02146,3.9415,7.55144,0
98.1,0.02146,3.94134,7.55144,0
98.2,0.02146,3.94118,7.55144,0
98.3,0.02146,3.94102,7.55145,0
98.4,0.02146,3.94086,7.55145,0
98.5,0.02146,3.9407,7.55145,0
98.6,0.02146,3.94054,7.55146,0
98.7,0.02146,3.94039,7.55146,0
98.8,0.02146,3.94023,7.55146,0
98.9,0.02146,3.94008,7.55147,0
99,0.02146,3.93992,7.55147,0
99.1,0.02146,3.93977,7.55147,0
99.2,0.02146,3.93962,7.55148,0
99.3,0.02146,3.93947,7.55148,0
99.4,0.02146,3.93932,7.55148,0
99.5,0.02146,3.93916,7.55149,0
99.6,0.02146,3.93902,7.55149,0
99.7,0.02146,3.93887,7.55149,0
99.8,0.02146,3.93872,7.55149,0
99.9,0.02146,3.93857,7.5515,0
100,0.02146,3.93843,7.5515,0
100.1,0.02146,3.93828,7.5515,0
100.2,0.02146,3.9381,7.55151,0
100.3,0.02146,3.93791,7.55151,0
100.4,0.02146,3.93773,7.55151,0
100.5,0.02146,3.93755,7.55152,0
100.6,0.02146,3.93737,7.55152,0
100.7,0.02146,3.93719,7.55152,0
100.8,0.02146,3.93701,7.55152,0
100.9,0.02146,3.93683,7.55153,0
101,0.02146,3.93665,7.55153,0
101.1,0.02146,3.93647,7.55153,0
101.2,0.02146,3.9363,7.55153,0
101.3,0.02146,3.93613,7.55154,0
101.4,0.02146,3.93596,7.55154,0
101.5,0.02146,3.93579,7.55154,0
101.6,0.02146,3.93562,7.55155,0
101.7,0.02146,3.93546,7.55155,0
101.8,0.02146,3.93529,7.55155,0
101.9,0.02146,3.93514,7.55155,0
102,0.02146,3.93498,7.55156,0
102.1,0.02146,3.93482,7.55156,0
102.2,0.02146,3.93467,7.55156,0
102.3,0.02146,3.93452,7.55156,0
102.4,0.02146,3.93437,7.55157,0
102.5,0.02146,3.93423,7.55157,0
102.6,0.02146,3.93408,7.55157,0
102.7,0.02147,3.93394,7.55158,0
102.8,0.02147,3.9338,7.55158,0
102.9,0.02147,3.93366,7.55158,0
103,0.02147,3.93353,7.55158,0
103.1,0.02147,3.9334,7.55159,0
103.2,0.02147,3.93327,7.55159,0
103.3,0.02147,3.93315,7.55159,0
103.4,0.02147,3.93303,7.55159,0
103.5,0.02147,3.9329,7.5516,0
103.6,0.02147,3.93278,7.5516,0
103.7,0.02147,3.93266,7.5516,0
103.8,0.02147,3.93254,7.5516,0
103.9,0.02147,3.93242,7.55161,0
104,0.02147,3.9323,7.55161,0
104.1,0.02147,3.93218,7.55161,0
104.2,0.02147,3.93205,7.55161,0
104.3,0.02147,3.93193,7.55162,0
104.4,0.02147,3.93181,7.55162,0
104.5,0.02147,3.93168,7.55162,0
104.6,0.02147,3.93155,7.55162,0
104.7,0.02147,3.93142,7.55163,0
104.8,0.02147,3.93129,7.55163,0
104.9,0.02147,3.93116,7.55163,0
105,0.02147,3.93103,7.55163,0
105.1,0.02147,3.9309,7.55164,0
105.2,0.02147,3.93078,7.55164,0
105.3,0.02147,3.93065,7.55164,0
105.4,0.02147,3.93052,7.55164,0
105.5,0.02147,3.9304,7.55165,0
105.6,0.02147,3.93028,7.55165,0
105.7,0.02147,3.93015,7.55165,0
105.8,0.02147,3.93003,7.55165,0
105.9,0.02147,3.92991,7.55166,0
106,0.02147,3.92979,7.55166,0
106.1,0.02147,3.92967,7.55166,0
106.2,0.02147,3.92955,7.55166,0
106.3,0.02147,3.92943,7.55167,0
106.4,0.02147,3.92931,7.55167,0
106.5,0.02147,3.92919,7.55167,0
106.6,0.02147,3.92907,7.55167,0
106.7,0.02147,3.92895,7.55168,0
106.8,0.02147,3.92883,7.55168,0
106.9,0.02147,3.92871,7.55168,0
107,0.02147,3.92859,7.55168,0
107.1,0.02147,3.92847,7.55169,0
107.2,0.02147,3.92835,7.55169,0
107.3,0.02147,3.92824,7.55169,0
107.4,0.02147,3.92812,7.55169,0
107.5,0.02147,3.928,7.55169,0
107.6,0.02147,3.92788,7.5517,0
107.7,0.02147,3.92776,7.5517,0
107.8,0.02147,3.92764,7.5517,0
107.9,0.02148,3.92751,7.5517,0
108,0.02148,3.92739,7.55171,0
108.1,0.02148,3.92727,7.55171,0
108.2,0.02148,3.92715,7.55171,0
108.3,0.02148,3.92703,7.55171,0
108.4,0.02148,3.92691,7.55171,0
108.5,0.02148,3.92679,7.55172,0
108.6,0.02148,3.92668,7.55172,0
108.7,0.02148,3.92656,7.55172,0
108.8,0.02148,3.92645,7.55172,0
108.9,0.02148,3.92633,7.55173,0
109,0.02148,3.92622,7.55173,0
109.1,0.02148,3.9261,7.55173,0
109.2,0.02148,3.92599,7.55173,0
109.3,0.02148,3.92587,7.55173,0
109.4,0.02148,3.92576,7.55174,0
109.5,0.02148,3.92565,7.55174,0
109.6,0.02148,3.92554,7.55174,0
109.7,0.02148,3.92542,7.55174,0
109.8,0.02148,3.92531,7.55174,0
109.9,0.02148,3.9252,7.55175,0
110,0.02148,3.92509,7.55175,0
110.1,0.02148,3.92499,7.55175,0
110.2,0.02148,3.92488,7.55175,0
110.3,0.02148,3.92478,7.55175,0
110.4,0.02148,3.92467,7.55176,0
110.5,0.02148,3.92457,7.55176,0
110.6,0.02148,3.92446,7.55176,0
110.7,0.02148,3.92436,7.55176,0
110.8,0.02148,3.92426,7.55176,0
110.9,0.02148,3.92416,7.55176,0
111,0.02148,3.92406,7.55177,0
111.1,0.02148,3.92396,7.55177,0
111.2,0.02148,3.92386,7.55177,0
111.3,0.02148,3.92376,7.55177,0
111.4,0.02148,3.92366,7.55177,0
111.5,0.02148,3.92356,7.55178,0
111.6,0.02148,3.92346,7.55178,0
111.7,0.02148,3.92337,7.55178,0
111.8,0.02148,3.92327,7.55178,0
111.9,0.02148,3.92317,7.55178,0
112,0.02148,3.92307,7.55178,0
112.1,0.02148,3.92297,7.55179,0
112.2,0.02148,3.92287,7.55179,0
112.3,0.02149,3.92277,7.55179,0
112.4,0.02149,3.92267,7.55179,0
112.5,0.02149,3.92257,7.55179,0
112.6,0.02149,3.92247,7.5518,0
112.7,0.02149,3.92237,7.5518,0
112.8,0.02149,3.92227,7.5518,0
112.9,0.02149,3.92217,7.5518,0
113,0.02149,3.92207,7.5518,0
113.1,0.02149,3.92198,7.5518,0
113.2,0.02149,3.92188,7.55181,0
113.3,0.02149,3.92178,7.55181,0
113.4,0.02149,3.92168,7.55181,0
113.5,0.02149,3.92158,7.55181,0
113.6,0.02149,3.92148,7.55181,0
113.7,0.02149,3.92139,7.55181,0
113.8,0.02149,3.92129,7.55182,0
113.9,0.02149,3.92119,7.55182,0
114,0.02149,3.92109,7.55182,0
114.1,0.02149,3.92099,7.55182,0
114.2,0.02149,3.92088,7.55182,0
114.3,0.02149,3.92078,7.55182,0
114.4,0.02149,3.92067,7.55182,0
114.5,0.02149,3.92057,7.55183,0
114.6,0.02149,3.92046,7.55183,0
114.7,0.02149,3.92035,7.55183,0
114.8,0.02149,3.92024,7.55183,0
114.9,0.02149,3.92013,7.55183,0
115,0.02149,3.92001,7.55183,0
115.1,0.02149,3.9199,7.55183,0
115.2,0.02149,3.91978,7.55184,0
115.3,0.02149,3.91967,7.55184,0
115.4,0.02149,3.91955,7.55184,0
115.5,0.02149,3.91943,7.55184,0
115.6,0.02149,3.91931,7.55184,0
115.7,0.02149,3.91919,7.55184,0
115.8,0.02149,3.91907,7.55184,0
115.9,0.02149,3.91895,7.55185,0
116,0.02149,3.91882,7.55185,0
116.1,0.02149,3.91869,7.55185,0
116.2,0.02149,3.91857,7.55185,0
116.3,0.02149,3.91844,7.55185,0
116.4,0.02149,3.91831,7.55185,0
116.5,0.0215,3.91818,7.55186,0
116.6,0.0215,3.91805,7.55186,0
116.7,0.0215,3.91792,7.55186,0
116.8,0.0215,3.91779,7.55186,0
116.9,0.0215,3.91765,7.55186,0
117,0.0215,3.91752,7.55186,0
117.1,0.0215,3.91739,7.55186,0
117.2,0.0215,3.91726,7.55187,0
117.3,0.0215,3.91713,7.55187,0
117.4,0.0215,3.91699,7.55187,0
117.5,0.0215,3.91686,7.55187,0
117.6,0.0215,3.91672,7.55187,0
117.7,0.0215,3.91659,7.55187,0
117.8,0.0215,3.91645,7.55188,0
117.9,0.0215,3.9163,7.55188,0
118,0.0215,3.91616,7.55188,0
118.1,0.0215,3.91601,7.55188,0
118.2,0.0215,3.91586,7.55188,0
118.3,0.0215,3.9157,7.55188,0
118.4,0.0215,3.91555,7.55188,0
118.5,0.0215,3.91539,7.55189,0
118.6,0.0215,3.91523,7.55189,0
118.7,0.0215,3.91507,7.55189,0
118.8,0.0215,3.91491,7.55189,0
118.9,0.0215,3.91474,7.55189,0
119,0.0215,3.91457,7.55189,0
119.1,0.0215,3.9144,7.5519,0
119.2,0.0215,3.91423,7.5519,0
119.3,0.0215,3.91406,7.5519,0
119.4,0.0215,3.91388,7.5519,0
119.5,0.0215,3.91371,7.5519,0
119.6,0.0215,3.91353,7.5519,0
119.7,0.0215,3.91335,7.5519,0
119.8,0.0215,3.91317,7.5519,0
119.9,0.0215,3.91299,7.55191,0
120,0.0215,3.9128,7.55191,0
120.1,0.0215,3.91261,7.55191,0
120.2,0.0215,3.91243,7.55191,0
120.3,0.0215,3.91223,7.55191,0
120.4,0.0215,3.91204,7.55191,0
120.5,0.0215,3.91185,7.55191,0
120.6,0.0215,3.91165,7.55192,0
120.7,0.02151,3.91146,7.55192,0
120.8,0.02151,3.91126,7.55192,0
120.9,0.02151,3.91105,7.55192,0
121,0.02151,3.91085,7.55192,0
121.1,0.02151,3.91065,7.55192,0
121.2,0.02151,3.91052,7.55192,0
121.3,0.02151,3.91046,7.55192,0
121.4,0.02151,3.91041,7.55192,0
121.5,0.02151,3.91035,7.55193,0
121.6,0.02151,3.9103,7.55193,0
121.7,0.02151,3.91024,7.55193,0
121.8,0.02151,3.91019,7.55193,0
121.9,0.02151,3.91013,7.55193,0
122,0.02151,3.91007,7.55193,0
122.1,0.02151,3.91001,7.55193,0
122.2,0.02151,3.90995,7.55193,0
122.3,0.02151,3.9099,7.55194,0
122.4,0.02151,3.90984,7.55194,0
122.5,0.02151,3.90978,7.55194,0
122.6,0.02151,3.90972,7.55194,0
122.7,0.02151,3.90966,7.55194,0
122.8,0.02151,3.9096,7.55194,0
122.9,0.02151,3.90954,7.55194,0
123,0.02151,3.90948,7.55194,0
123.1,0.02151,3.90942,7.55194,0
123.2,0.02151,3.90936,7.55194,0
123.3,0.02151,3.90929,7.55195,0
123.4,0.02151,3.90923,7.55195,0
123.5,0.02151,3.90917,7.55195,0
123.6,0.02151,3.90911,7.55195,0
123.7,0.02151,3.90905,7.55195,0
123.8,0.02151,3.909,7.55195,0
123.9,0.02151,3.90894,7.55195,0
124,0.02151,3.90888,7.55195,0
124.1,0.02151,3.90882,7.55195,0
124.2,0.02151,3.90876,7.55196,0
124.3,0.02151,3.90871,7.55196,0
124.4,0.02151,3.90864,7.55196,0
124.5,0.02151,3.90858,7.55196,0
124.6,0.02151,3.90852,7.55196,0
124.7,0.02151,3.90845,7.55196,0
124.8,0.02151,3.90839,7.55196,0
124.9,0.02151,3.90832,7.55196,0
125,0.02151,3.90826,7.55196,0
125.1,0.02151,3.9082,7.55196,0
125.2,0.02151,3.90814,7.55196,0
125.3,0.02151,3.90808,7.55196,0
125.4,0.02151,3.90802,7.55196,0
125.5,0.02151,3.90797,7.55197,0
125.6,0.02151,3.90791,7.55197,0
125.7,0.02151,3.90785,7.55197,0
125.8,0.02151,3.90778,7.55197,0
125.9,0.02152,3.90772,7.55197,0
126,0.02152,3.90766,7.55197,0
126.1,0.02152,3.90759,7.55197,0
126.2,0.02152,3.90753,7.55197,0
126.3,0.02152,3.90746,7.55197,0
126.4,0.02152,3.9074,7.55197,0
126.5,0.02152,3.90733,7.55197,0
126.6,0.02152,3.90726,7.55197,0
126.7,0.02152,3.90719,7.55197,0
126.8,0.02152,3.90711,7.55197,0
126.9,0.02152,3.90704,7.55197,0
127,0.02152,3.90697,7.55198,0
127.1,0.02152,3.9069,7.55198,0
127.2,0.02152,3.90683,7.55198,0
127.3,0.02152,3.90675,7.55198,0
127.4,0.02152,3.90668,7.55198,0
127.5,0.02152,3.90661,7.55198,0
127.6,0.02152,3.90653,7.55198,0
127.7,0.02152,3.90646,7.55198,0
127.8,0.02152,3.90639,7.55198,0
127.9,0.02152,3.90631,7.55198,0
128,0.02152,3.90624,7.55198,0
128.1,0.02152,3.90617,7.55198,0
128.2,0.02152,3.90609,7.55198,0
128.3,0.02152,3.90602,7.55198,0
128.4,0.02152,3.90594,7.55198,0
128.5,0.02152,3.90586,7.55198,0
128.6,0.02152,3.90578,7.55198,0
128.7,0.02152,3.90571,7.55198,0
128.8,0.02152,3.90563,7.55198,0
128.9,0.02152,3.90556,7.55198,0
129,0.02152,3.90549,7.55198,0
129.1,0.02152,3.90542,7.55199,0
129.2,0.02152,3.90534,7.55199,0
129.3,0.02152,3.90528,7.55199,0
129.4,0.02152,3.90521,7.55199,0
129.5,0.02152,3.90513,7.55199,0
129.6,0.02152,3.90505,7.55199,0
129.7,0.02152,3.90498,7.55199,0
129.8,0.02152,3.9049,7.55199,0
129.9,0.02152,3.90482,7.55199,0
130,0.02152,3.90474,7.55199,0
130.1,0.02152,3.90466,7.55199,0
130.2,0.02152,3.90458,7.55199,0
130.3,0.02152,3.90451,7.55199,0
130.4,0.02152,3.90443,7.55199,0
130.5,0.02152,3.90436,7.55199,0
130.6,0.02152,3.90428,7.55199,0
130.7,0.02152,3.90421,7.55199,0
130.8,0.02152,3.90413,7.55199,0
130.9,0.02152,3.90405,7.55199,0
131,0.02152,3.90398,7.55199,0
131.1,0.02152,3.9039,7.55199,0
131.2,0.02152,3.90383,7.55199,0
131.3,0.02152,3.90375,7.55199,0
131.4,0.02152,3.90367,7.55199,0
131.5,0.02152,3.9036,7.55199,0
131.6,0.02152,3.90352,7.55199,0
131.7,0.02152,3.90345,7.55199,0
131.8,0.02152,3.90337,7.55199,0
131.9,0.02152,3.9033,7.55199,0
132,0.02152,3.90323,7.55199,0
132.1,0.02152,3.90315,7.55199,0
132.2,0.02152,3.90308,7.55199,0
132.3,0.02152,3.90301,7.55199,0
132.4,0.02152,3.90293,7.55199,0
132.5,0.02152,3.90285,7.55199,0
132.6,0.02152,3.90277,7.55199,0
132.7,0.02152,3.9027,7.55199,0
132.8,0.02152,3.90262,7.55199,0
132.9,0.02152,3.90254,7.55199,0
133,0.02152,3.90246,7.55199,0
133.1,0.02152,3.90239,7.55199,0
133.2,0.02152,3.90232,7.55199,0
133.3,0.02152,3.90225,7.55199,0
133.4,0.02152,3.90218,7.55199,0
133.5,0.02152,3.90211,7.55199,0
133.6,0.02152,3.90204,7.55199,0
133.7,0.02152,3.90197,7.552,0
133.8,0.02153,3.9019,7.552,0
133.9,0.02153,3.90184,7.552,0
134,0.02153,3.90178,7.552,0
134.1,0.02153,3.90174,7.552,0
134.2,0.02153,3.90169,7.552,0
134.3,0.02153,3.90164,7.552,0
134.4,0.02153,3.90159,7.552,0
134.5,0.02153,3.90154,7.552,0
134.6,0.02153,3.90149,7.552,0
134.7,0.02153,3.90144,7.552,0
134.8,0.02153,3.90138,7.552,0
134.9,0.02153,3.90133,7.552,0
135,0.02153,3.90127,7.552,0
135.1,0.02153,3.90122,7.552,0
135.2,0.02153,3.90117,7.552,0
135.3,0.02153,3.90111,7.552,0
135.4,0.02153,3.90106,7.552,0
135.5,0.02153,3.90101,7.552,0
135.6,0.02153,3.90095,7.552,0
135.7,0.02153,3.9009,7.552,0
135.8,0.02153,3.90084,7.552,0
135.9,0.02153,3.90079,7.552,0
136,0.02153,3.90073,7.552,0
136.1,0.02153,3.90068,7.552,0
136.2,0.02153,3.90062,7.552,0
136.3,0.02153,3.90057,7.552,0
136.4,0.02153,3.90051,7.552,0
136.5,0.02153,3.90045,7.552,0
136.6,0.02153,3.90039,7.552,0
136.7,0.02153,3.90034,7.55199,0
136.8,0.02153,3.90027,7.55199,0
136.9,0.02153,3.90022,7.55199,0
137,0.02153,3.90015,7.55199,0
137.1,0.02153,3.90009,7.55199,0
137.2,0.02153,3.90003,7.55199,0
137.3,0.02153,3.89996,7.55199,0
137.4,0.02153,3.8999,7.55199,0
137.5,0.02153,3.89984,7.55199,0
137.6,0.02153,3.89977,7.55199,0
137.7,0.02153,3.89971,7.55199,0
137.8,0.02153,3.89964,7.55199,0
137.9,0.02153,3.89957,7.55199,0
138,0.02153,3.89951,7.55199,0
138.1,0.02153,3.89944,7.55199,0
138.2,0.02153,3.89937,7.55199,0
138.3,0.02153,3.89929,7.55199,0
138.4,0.02153,3.89922,7.55199,0
138.5,0.02153,3.89915,7.55199,0
138.6,0.02153,3.89908,7.55199,0
138.7,0.02153,3.89901,7.55199,0
138.8,0.02153,3.89893,7.55199,0
138.9,0.02153,3.89885,7.55199,0
139,0.02153,3.89878,7.55199,0
139.1,0.02153,3.89871,7.55199,0
139.2,0.02153,3.89863,7.55199,0
139.3,0.02153,3.89855,7.55199,0
139.4,0.02153,3.89847,7.55199,0
139.5,0.02153,3.8984,7.55199,0
139.6,0.02153,3.89832,7.55199,0
139.7,0.02153,3.89824,7.55199,0
139.8,0.02153,3.89816,7.55199,0
139.9,0.02153,3.89808,7.55199,0
140,0.02153,3.898,7.55199,0
140.1,0.02153,3.89792,7.55199,0
140.2,0.02153,3.89784,7.55199,0
140.3,0.02153,3.89776,7.55199,0
140.4,0.02153,3.89768,7.55199,0
140.5,0.02153,3.8976,7.55198,0
140.6,0.02153,3.89753,7.55198,0
140.7,0.02153,3.89746,7.55198,0
140.8,0.02153,3.89739,7.55198,0
140.9,0.02153,3.89732,7.55198,0
141,0.02153,3.89725,7.55198,0
141.1,0.02153,3.89718,7.55198,0
141.2,0.02153,3.89711,7.55198,0
141.3,0.02153,3.89703,7.55198,0
141.4,0.02153,3.89696,7.55198,0
141.5,0.02153,3.89688,7.55198,0
141.6,0.02153,3.8968,7.55198,0
141.7,0.02153,3.89672,7.55198,0
141.8,0.02153,3.89664,7.55198,0
141.9,0.02153,3.89656,7.55198,0
142,0.02153,3.89648,7.55198,0
142.1,0.02153,3.8964,7.55198,0
142.2,0.02153,3.89631,7.55198,0
142.3,0.02153,3.89623,7.55198,0
142.4,0.02153,3.89615,7.55198,0
142.5,0.02153,3.89607,7.55197,0
142.6,0.02153,3.89599,7.55197,0
142.7,0.02153,3.89591,7.55197,0
142.8,0.02153,3.89582,7.55197,0
142.9,0.02153,3.89573,7.55197,0
143,0.02153,3.89564,7.55197,0
143.1,0.02153,3.89555,7.55197,0
143.2,0.02153,3.89547,7.55197,0
143.3,0.02153,3.89537,7.55197,0
143.4,0.02153,3.89527,7.55197,0
143.5,0.02153,3.89517,7.55197,0
143.6,0.02153,3.89506,7.55197,0
143.7,0.02153,3.89495,7.55197,0
143.8,0.02153,3.89484,7.55196,0
143.9,0.02153,3.89473,7.55196,0
144,0.02153,3.89462,7.55196,0
144.1,0.02153,3.89451,7.55196,0
144.2,0.02153,3.89439,7.55196,0
144.3,0.02153,3.89428,7.55196,0
144.4,0.02153,3.89416,7.55196,0
144.5,0.02153,3.89404,7.55196,0
144.6,0.02153,3.89392,7.55196,0
144.7,0.02153,3.89379,7.55196,0
144.8,0.02153,3.89367,7.55196,0
144.9,0.02153,3.89355,7.55196,0
145,0.02153,3.89342,7.55195,0
145.1,0.02153,3.8933,7.55195,0
145.2,0.02152,3.89317,7.55195,0
145.3,0.02152,3.89303,7.55195,0
145.4,0.02152,3.8929,7.55195,0
145.5,0.02152,3.89277,7.55195,0
145.6,0.02152,3.89264,7.55195,0
145.7,0.02152,3.8925,7.55195,0
145.8,0.02152,3.89237,7.55195,0
145.9,0.02152,3.89223,7.55195,0
146,0.02152,3.89208,7.55194,0
146.1,0.02152,3.89194,7.55194,0
146.2,0.02152,3.89179,7.55194,0
146.3,0.02152,3.89164,7.55194,0
146.4,0.02152,3.89149,7.55194,0
146.5,0.02152,3.89134,7.55194,0
146.6,0.02152,3.89119,7.55194,0
146.7,0.02152,3.89104,7.55194,0
146.8,0.02152,3.89089,7.55194,0
146.9,0.02152,3.89074,7.55193,0
147,0.02152,3.89059,7.55193,0
147.1,0.02152,3.89044,7.55193,0
147.2,0.02152,3.89028,7.55193,0
147.3,0.02152,3.89012,7.55193,0
147.4,0.02152,3.88996,7.55193,0
147.5,0.02152,3.8898,7.55193,0
147.6,0.02152,3.88963,7.55192,0
147.7,0.02152,3.88947,7.55192,0
147.8,0.02152,3.88931,7.55192,0
147.9,0.02152,3.88915,7.55192,0
148,0.02152,3.88899,7.55192,0
148.1,0.02152,3.88883,7.55192,0
148.2,0.02152,3.88865,7.55192,0
148.3,0.02152,3.88849,7.55191,0
148.4,0.02152,3.88832,7.55191,0
148.5,0.02152,3.88815,7.55191,0
148.6,0.02152,3.88798,7.55191,0
148.7,0.02152,3.88782,7.55191,0
148.8,0.02152,3.88765,7.55191,0
148.9,0.02152,3.88749,7.55191,0
149,0.02152,3.88733,7.5519,0
149.1,0.02152,3.88717,7.5519,0
149.2,0.02152,3.88702,7.5519,0
149.3,0.02152,3.88686,7.5519,0
149.4,0.02152,3.88668,7.5519,0
149.5,0.02152,3.88652,7.5519,0
149.6,0.02152,3.88636,7.5519,0
149.7,0.02152,3.88619,7.55189,0
149.8,0.02152,3.88603,7.55189,0
149.9,0.02152,3.88587,7.55189,0
150,0.02152,3.8857,7.55189,0
150.1,0.02152,3.88554,7.55189,0
150.2,0.02152,3.88538,7.55189,0
150.3,0.02152,3.88522,7.55188,0
150.4,0.02152,3.88507,7.55188,0
150.5,0.02152,3.88491,7.55188,0
150.6,0.02152,3.88475,7.55188,0
150.7,0.02152,3.88459,7.55188,0
150.8,0.02152,3.88443,7.55188,0
150.9,0.02152,3.88427,7.55188,0
151,0.02152,3.88412,7.55187,0
151.1,0.02152,3.88396,7.55187,0
151.2,0.02152,3.88379,7.55187,0
151.3,0.02152,3.88363,7.55187,0
151.4,0.02152,3.88347,7.55187,0
151.5,0.02152,3.88331,7.55187,0
151.6,0.02152,3.88315,7.55187,0
151.7,0.02152,3.88299,7.55186,0
151.8,0.02152,3.88284,7.55186,0
151.9,0.02152,3.88268,7.55186,0
152,0.02152,3.88253,7.55186,0
152.1,0.02152,3.88238,7.55186,0
152.2,0.02152,3.88222,7.55186,0
152.3,0.02152,3.88207,7.55186,0
152.4,0.02152,3.88192,7.55186,0
152.5,0.02152,3.88176,7.55185,0
152.6,0.02152,3.8816,7.55185,0
152.7,0.02152,3.88144,7.55185,0
152.8,0.02152,3.88128,7.55185,0
152.9,0.02152,3.88111,7.55185,0
153,0.02152,3.88095,7.55185,0
153.1,0.02152,3.88078,7.55185,0
153.2,0.02152,3.88061,7.55185,0
153.3,0.02151,3.88044,7.55184,0
153.4,0.02151,3.88026,7.55184,0
153.5,0.02151,3.88009,7.55184,0
153.6,0.02151,3.87992,7.55184,0
153.7,0.02151,3.87975,7.55184,0
153.8,0.02151,3.87958,7.55184,0
153.9,0.02151,3.8794,7.55184,0
154,0.02151,3.87923,7.55184,0
154.1,0.02151,3.87907,7.55184,0
154.2,0.02151,3.87889,7.55183,0
154.3,0.02151,3.87873,7.55183,0
154.4,0.02151,3.87856,7.55183,0
154.5,0.02151,3.8784,7.55183,0
154.6,0.02151,3.87824,7.55183,0
154.7,0.02151,3.87807,7.55183,0
154.8,0.02151,3.87791,7.55183,0
154.9,0.02151,3.87776,7.55183,0
155,0.02151,3.87761,7.55182,0
155.1,0.02151,3.87745,7.55182,0
155.2,0.02151,3.8773,7.55182,0
155.3,0.02151,3.87714,7.55182,0
155.4,0.02151,3.87699,7.55182,0
155.5,0.02151,3.87684,7.55182,0
155.6,0.02151,3.87669,7.55182,0
155.7,0.02151,3.87654,7.55182,0
155.8,0.02151,3.87639,7.55182,0
155.9,0.02151,3.87622,7.55181,0
156,0.02151,3.87606,7.55181,0
156.1,0.02151,3.8759,7.55181,0
156.2,0.02151,3.87573,7.55181,0
156.3,0.02151,3.87557,7.55181,0
156.4,0.02151,3.87541,7.55181,0
156.5,0.02151,3.87524,7.55181,0
156.6,0.02151,3.87507,7.55181,0
156.7,0.02151,3.87491,7.5518,0
156.8,0.02151,3.87475,7.5518,0
156.9,0.02151,3.87458,7.5518,0
157,0.02151,3.87441,7.5518,0
157.1,0.02151,3.87424,7.5518,0
157.2,0.02151,3.87408,7.5518,0
157.3,0.02151,3.87392,7.5518,0
157.4,0.02151,3.87375,7.55179,0
157.5,0.02151,3.87358,7.55179,0
157.6,0.02151,3.87341,7.55179,0
157.7,0.02151,3.87325,7.55179,0
157.8,0.02151,3.87309,7.55179,0
157.9,0.02151,3.87292,7.55179,0
158,0.02151,3.87276,7.55179,0
158.1,0.02151,3.87259,7.55178,0
158.2,0.02151,3.87243,7.55178,0
158.3,0.02151,3.87226,7.55178,0
158.4,0.02151,3.87209,7.55178,0
158.5,0.02151,3.87192,7.55178,0
158.6,0.02151,3.87175,7.55178,0
158.7,0.02151,3.87158,7.55177,0
158.8,0.02151,3.8714,7.55177,0
158.9,0.02151,3.87123,7.55177,0
159,0.02151,3.87106,7.55177,0
159.1,0.02151,3.87089,7.55177,0
159.2,0.02151,3.87071,7.55177,0
159.3,0.0215,3.87054,7.55176,0
159.4,0.0215,3.87037,7.55176,0
159.5,0.0215,3.87021,7.55176,0
159.6,0.0215,3.87004,7.55176,0
159.7,0.0215,3.86987,7.55176,0
159.8,0.0215,3.8697,7.55175,0
159.9,0.0215,3.86952,7.55175,0
160,0.0215,3.86934,7.55175,0
160.1,0.0215,3.86916,7.55175,0
160.2,0.0215,3.86899,7.55175,0
160.3,0.0215,3.86881,7.55175,0
160.4,0.0215,3.86863,7.55174,0
160.5,0.0215,3.86846,7.55174,0
160.6,0.0215,3.86828,7.55174,0
160.7,0.0215,3.86811,7.55174,0
160.8,0.0215,3.86793,7.55174,0
160.9,0.0215,3.86775,7.55174,0
161,0.0215,3.86757,7.55173,0
161.1,0.0215,3.8674,7.55173,0
161.2,0.0215,3.86721,7.55173,0
161.3,0.0215,3.86704,7.55173,0
161.4,0.0215,3.86686,7.55173,0
161.5,0.0215,3.86668,7.55173,0
161.6,0.0215,3.8665,7.55172,0
161.7,0.0215,3.86632,7.55172,0
161.8,0.0215,3.86613,7.55172,0
161.9,0.0215,3.86594,7.55172,0
162,0.0215,3.86575,7.55172,0
162.1,0.0215,3.86555,7.55172,0
162.2,0.0215,3.86536,7.55172,0
162.3,0.0215,3.86516,7.55171,0
162.4,0.0215,3.86496,7.55171,0
162.5,0.0215,3.86477,7.55171,0
162.6,0.0215,3.86457,7.55171,0
162.7,0.0215,3.86437,7.55171,0
162.8,0.0215,3.86417,7.55171,0
162.9,0.0215,3.86397,7.55171,0
163,0.0215,3.86377,7.5517,0
163.1,0.0215,3.86358,7.5517,0
163.2,0.0215,3.86338,7.5517,0
163.3,0.0215,3.86318,7.5517,0
163.4,0.0215,3.86298,7.5517,0
163.5,0.0215,3.86277,7.5517,0
163.6,0.0215,3.86257,7.5517,0
163.7,0.0215,3.86236,7.5517,0
163.8,0.0215,3.86216,7.55169,0
163.9,0.0215,3.86195,7.55169,0
164,0.0215,3.86175,7.55169,0
164.1,0.0215,3.86155,7.55169,0
164.2,0.0215,3.86134,7.55169,0
164.3,0.0215,3.86113,7.55169,0
164.4,0.0215,3.86093,7.55169,0
164.5,0.0215,3.86072,7.55169,0
164.6,0.0215,3.86051,7.55169,0
164.7,0.0215,3.86031,7.55168,0
164.8,0.0215,3.8601,7.55168,0
164.9,0.0215,3.85989,7.55168,0
165,0.0215,3.85969,7.55168,0
165.1,0.0215,3.85948,7.55167,0
165.2,0.0215,3.85927,7.55167,0
165.3,0.0215,3.85906,7.55167,0
165.4,0.0215,3.85884,7.55167,0
165.5,0.0215,3.85862,7.55166,0
165.6,0.0215,3.85841,7.55166,0
165.7,0.0215,3.85819,7.55166,0
165.8,0.0215,3.85797,7.55165,0
165.9,0.0215,3.85774,7.55165,0
166,0.0215,3.85753,7.55164,0
166.1,0.0215,3.85731,7.55164,0
166.2,0.0215,3.85709,7.55164,0
166.3,0.0215,3.85687,7.55163,0
166.4,0.0215,3.85666,7.55163,0
166.5,0.0215,3.85644,7.55162,0
166.6,0.0215,3.85623,7.55162,0
166.7,0.0215,3.85603,7.55161,0
166.8,0.0215,3.85583,7.55161,0
166.9,0.0215,3.85564,7.55161,0
167,0.0215,3.85544,7.5516,0
167.1,0.0215,3.85525,7.5516,0
167.2,0.0215,3.85506,7.55159,0
167.3,0.0215,3.85487,7.55159,0
167.4,0.0215,3.85468,7.55159,0
167.5,0.0215,3.8545,7.55158,0
167.6,0.0215,3.85432,7.55158,0
167.7,0.0215,3.85414,7.55157,0
167.8,0.0215,3.85395,7.55157,0
167.9,0.0215,3.85376,7.55156,0
168,0.0215,3.85356,7.55156,0
168.1,0.0215,3.85336,7.55156,0
168.2,0.0215,3.85316,7.55155,0
168.3,0.0215,3.85296,7.55155,0
168.4,0.0215,3.85276,7.55154,0
168.5,0.0215,3.85255,7.55154,0
168.6,0.0215,3.85235,7.55154,0
168.7,0.0215,3.85215,7.55153,0
168.8,0.0215,3.85195,7.55153,0
168.9,0.0215,3.85175,7.55152,0
169,0.0215,3.85155,7.55152,0
169.1,0.0215,3.85136,7.55151,0
169.2,0.0215,3.85116,7.55151,0
169.3,0.0215,3.85097,7.55151,0
169.4,0.0215,3.85077,7.5515,0
169.5,0.0215,3.85056,7.5515,0
169.6,0.0215,3.85035,7.5515,0
169.7,0.0215,3.85013,7.55149,0
169.8,0.0215,3.84992,7.55149,0
169.9,0.0215,3.8497,7.55149,0
170,0.0215,3.84949,7.55148,0
170.1,0.0215,3.84928,7.55148,0
170.2,0.0215,3.84906,7.55148,0
170.3,0.02149,3.84884,7.55147,0
170.4,0.02149,3.84861,7.55147,0
170.5,0.02149,3.84837,7.55147,0
170.6,0.02149,3.84813,7.55146,0
170.7,0.02149,3.84789,7.55146,0
170.8,0.02149,3.84766,7.55146,0
170.9,0.02149,3.84742,7.55145,0
171,0.02149,3.84718,7.55145,0
171.1,0.02149,3.84694,7.55145,0
171.2,0.02149,3.8467,7.55144,0
171.3,0.02149,3.84645,7.55144,0
171.4,0.02149,3.84621,7.55144,0
171.5,0.02149,3.84595,7.55144,0
171.6,0.02149,3.8457,7.55143,0
171.7,0.02149,3.84544,7.55143,0
171.8,0.02149,3.84517,7.55143,0
171.9,0.02149,3.84492,7.55143,0
172,0.02149,3.84468,7.55142,0
172.1,0.02149,3.84443,7.55142,0
172.2,0.02149,3.84419,7.55142,0
172.3,0.02149,3.84393,7.55142,0
172.4,0.02149,3.84367,7.55141,0
172.5,0.02149,3.8434,7.55141,0
172.6,0.02149,3.84313,7.55141,0
172.7,0.02149,3.84286,7.55141,0
172.8,0.02149,3.84256,7.55141,0
172.9,0.02149,3.84227,7.55141,0
173,0.02149,3.84198,7.5514,0
173.1,0.02149,3.84171,7.5514,0
173.2,0.02149,3.84143,7.5514,0
173.3,0.02149,3.84115,7.5514,0
173.4,0.02149,3.84087,7.5514,0
173.5,0.02149,3.84059,7.5514,0
173.6,0.02148,3.84032,7.55139,0
173.7,0.02148,3.84004,7.55139,0
173.8,0.02148,3.83976,7.55139,0
173.9,0.02148,3.83948,7.55139,0
174,0.02148,3.83921,7.55139,0
174.1,0.02148,3.83892,7.55138,0
174.2,0.02148,3.83864,7.55138,0
174.3,0.02148,3.83835,7.55138,0
174.4,0.02148,3.83806,7.55138,0
174.5,0.02148,3.83775,7.55137,0
174.6,0.02148,3.83744,7.55137,0
174.7,0.02148,3.83712,7.55137,0
174.8,0.02148,3.83678,7.55137,0
174.9,0.02148,3.83647,7.55137,0
175,0.02148,3.83618,7.55136,0
175.1,0.02148,3.83582,7.55136,0
175.2,0.02148,3.83547,7.55136,0
175.3,0.02148,3.8351,7.55136,0
175.4,0.02148,3.83478,7.55135,0
175.5,0.02148,3.8345,7.55135,0
175.6,0.02148,3.8342,7.55135,0
175.7,0.02148,3.8339,7.55135,0
175.8,0.02148,3.83348,7.55134,0
175.9,0.02148,3.83295,7.55134,0
176,0.02148,3.83239,7.55134,0
176.1,0.02148,3.83183,7.55134,0
176.2,0.02148,3.83127,7.55133,0
176.3,0.02147,3.83071,7.55133,0
176.4,0.02147,3.83014,7.55133,0
176.5,0.02147,3.82958,7.55133,0
176.6,0.02147,3.829,7.55133,0
176.7,0.02147,3.82844,7.55132,0
176.8,0.02147,3.82788,7.55132,0
176.9,0.02147,3.82731,7.55132,0
177,0.02147,3.82675,7.55132,0
177.1,0.02147,3.82619,7.55132,0
177.2,0.02147,3.82591,7.55132,0
177.3,0.02147,3.82564,7.55132,0
177.4,0.02147,3.82538,7.55132,0
177.5,0.02147,3.82512,7.55132,0
177.6,0.02147,3.82486,7.55131,0
177.7,0.02147,3.82461,7.55131,0
177.8,0.02147,3.82435,7.55131,0
177.9,0.02147,3.82409,7.55131,0
178,0.02147,3.82383,7.55131,0
178.1,0.02147,3.82358,7.55131,0
178.2,0.02147,3.82332,7.55131,0
178.3,0.02147,3.82306,7.55131,0
178.4,0.02147,3.8228,7.55131,0
178.5,0.02147,3.82243,7.55131,0
178.6,0.02146,3.82193,7.55131,0
178.7,0.02146,3.82144,7.55131,0
178.8,0.02146,3.82114,7.55131,0
178.9,0.02146,3.82088,7.55131,0
179,0.02146,3.8206,7.55131,0
179.1,0.02146,3.82033,7.55131,0
179.2,0.02146,3.82006,7.55131,0
179.3,0.02146,3.81979,7.5513,0
179.4,0.02146,3.81952,7.5513,0
179.5,0.02146,3.81924,7.5513,0
179.6,0.02146,3.81895,7.5513,0
179.7,0.02146,3.81857,7.5513,0
179.8,0.02146,3.81808,7.5513,0
179.9,0.02146,3.8176,7.5513,0
180,0.02146,3.8173,7.5513,0
180.1,0.02146,3.81702,7.5513,0
180.2,0.02146,3.81674,7.55129,0
180.3,0.02146,3.81646,7.55129,0
180.4,0.02146,3.81618,7.55129,0
180.5,0.02145,3.8159,7.55129,0
180.6,0.02145,3.81563,7.55129,0
180.7,0.02145,3.81526,7.55129,0
180.8,0.02145,3.8148,7.55129,0
180.9,0.02145,3.81443,7.55128,0
181,0.02145,3.81394,7.55128,0
181.1,0.02145,3.81346,7.55128,0
181.2,0.02145,3.81298,7.55128,0
181.3,0.02145,3.8125,7.55128,0
181.4,0.02145,3.81202,7.55128,0
181.5,0.02145,3.81154,7.55127,0
181.6,0.02145,3.81107,7.55127,0
181.7,0.02145,3.81059,7.55127,0
181.8,0.02145,3.81011,7.55127,0
181.9,0.02145,3.80963,7.55127,0
182,0.02145,3.80932,7.55127,0
182.1,0.02145,3.80902,7.55126,0
182.2,0.02145,3.80872,7.55126,0
182.3,0.02144,3.80842,7.55126,0
182.4,0.02144,3.80813,7.55126,0
182.5,0.02144,3.80783,7.55126,0
182.6,0.02144,3.80753,7.55126,0
182.7,0.02144,3.80724,7.55125,0
182.8,0.02144,3.80693,7.55125,0
182.9,0.02144,3.80647,7.55125,0
183,0.02144,3.80599,7.55125,0
183.1,0.02144,3.80551,7.55125,0
183.2,0.02144,3.80504,7.55125,0
183.3,0.02144,3.80473,7.55125,0
183.4,0.02144,3.80443,7.55124,0
183.5,0.02144,3.80412,7.55124,0
183.6,0.02144,3.80382,7.55124,0
183.7,0.02144,3.80352,7.55124,0
183.8,0.02144,3.80322,7.55124,0
183.9,0.02144,3.80293,7.55124,0
184,0.02143,3.80263,7.55123,0
184.1,0.02143,3.80233,7.55123,0
184.2,0.02143,3.80203,7.55123,0
184.3,0.02143,3.80174,7.55123,0
184.4,0.02143,3.80144,7.55123,0
184.5,0.02143,3.80114,7.55123,0
184.6,0.02143,3.80085,7.55122,0
184.7,0.02143,3.80056,7.55122,0
184.8,0.02143,3.80027,7.55122,0
184.9,0.02143,3.79998,7.55122,0
185,0.02143,3.79969,7.55121,0
185.1,0.02143,3.7994,7.55121,0
185.2,0.02143,3.79911,7.55121,0
185.3,0.02143,3.79882,7.5512,0
185.4,0.02143,3.79853,7.5512,0
185.5,0.02143,3.79823,7.5512,0
185.6,0.02143,3.79794,7.55119,0
185.7,0.02142,3.79765,7.55119,0
185.8,0.02142,3.79736,7.55119,0
185.9,0.02142,3.79707,7.55118,0
186,0.02142,3.79679,7.55118,0
186.1,0.02142,3.7965,7.55118,0
186.2,0.02142,3.79622,7.55118,0
186.3,0.02142,3.79594,7.55117,0
186.4,0.02142,3.79566,7.55117,0
186.5,0.02142,3.79539,7.55117,0
186.6,0.02142,3.79511,7.55116,0
186.7,0.02142,3.79484,7.55116,0
186.8,0.02142,3.79456,7.55116,0
186.9,0.02142,3.79429,7.55115,0
187,0.02142,3.79402,7.55115,0
187.1,0.02142,3.79375,7.55115,0
187.2,0.02142,3.79348,7.55114,0
187.3,0.02142,3.79321,7.55114,0
187.4,0.02142,3.79295,7.55114,0
187.5,0.02142,3.79269,7.55113,0
187.6,0.02141,3.79243,7.55113,0
187.7,0.02141,3.79217,7.55113,0
187.8,0.02141,3.79191,7.55113,0
187.9,0.02141,3.79165,7.55112,0
188,0.02141,3.79139,7.55112,0
188.1,0.02141,3.79114,7.55112,0
188.2,0.02141,3.79088,7.55111,0
188.3,0.02141,3.79063,7.55111,0
188.4,0.02141,3.79037,7.55111,0
188.5,0.02141,3.79012,7.55111,0
188.6,0.02141,3.78986,7.5511,0
188.7,0.02141,3.7896,7.5511,0
188.8,0.02141,3.78934,7.5511,0
188.9,0.02141,3.78908,7.55109,0
189,0.02141,3.78882,7.55109,0
189.1,0.02141,3.78856,7.55109,0
189.2,0.02141,3.78831,7.55108,0
189.3,0.02141,3.78805,7.55108,0
189.4,0.02141,3.78779,7.55108,0
189.5,0.02141,3.78753,7.55107,0
189.6,0.0214,3.78727,7.55107,0
189.7,0.0214,3.78701,7.55107,0
189.8,0.0214,3.78675,7.55106,0
189.9,0.0214,3.7865,7.55106,0
190,0.0214,3.78624,7.55105,0
190.1,0.0214,3.78598,7.55105,0
190.2,0.0214,3.78573,7.55105,0
190.3,0.0214,3.78548,7.55104,0
190.4,0.0214,3.78523,7.55104,0
190.5,0.0214,3.78498,7.55104,0
190.6,0.0214,3.78474,7.55103,0
190.7,0.0214,3.78449,7.55103,0
190.8,0.0214,3.78425,7.55103,0
190.9,0.0214,3.78401,7.55102,0
191,0.0214,3.78377,7.55102,0
191.1,0.0214,3.78352,7.55102,0
191.2,0.0214,3.78328,7.55101,0
191.3,0.0214,3.78304,7.55101,0
191.4,0.0214,3.7828,7.55101,0
191.5,0.0214,3.78256,7.551,0
191.6,0.0214,3.78231,7.551,0
191.7,0.02139,3.78207,7.551,0
191.8,0.02139,3.78183,7.551,0
191.9,0.02139,3.78159,7.55099,0
192,0.02139,3.78135,7.55099,0
192.1,0.02139,3.78111,7.55099,0
192.2,0.02139,3.78087,7.55098,0
192.3,0.02139,3.78063,7.55098,0
192.4,0.02139,3.7804,7.55098,0
192.5,0.02139,3.78016,7.55098,0
192.6,0.02139,3.77992,7.55097,0
192.7,0.02139,3.77969,7.55097,0
192.8,0.02139,3.77945,7.55097,0
192.9,0.02139,3.77922,7.55097,0
193,0.02139,3.77898,7.55096,0
193.1,0.02139,3.77874,7.55096,0
193.2,0.02139,3.77851,7.55096,0
193.3,0.02139,3.77827,7.55096,0
193.4,0.02139,3.77803,7.55095,0
193.5,0.02139,3.7778,7.55095,0
193.6,0.02139,3.77756,7.55095,0
193.7,0.02139,3.77733,7.55095,0
193.8,0.02138,3.77709,7.55095,0
193.9,0.02138,3.77686,7.55095,0
194,0.02138,3.77662,7.55094,0
194.1,0.02138,3.77639,7.55094,0
194.2,0.02138,3.77615,7.55094,0
194.3,0.02138,3.77592,7.55094,0
194.4,0.02138,3.77568,7.55094,0
194.5,0.02138,3.77545,7.55094,0
194.6,0.02138,3.77521,7.55094,0
194.7,0.02138,3.77498,7.55094,0
194.8,0.02138,3.77474,7.55094,0
194.9,0.02138,3.77451,7.55093,0
195,0.02138,3.77427,7.55093,0
195.1,0.02138,3.77403,7.55094,0
195.2,0.02138,3.7738,7.55094,0
195.3,0.02138,3.77356,7.55094,0
195.4,0.02138,3.77332,7.55094,0
195.5,0.02138,3.77309,7.55094,0
195.6,0.02138,3.77285,7.55094,0
195.7,0.02138,3.77261,7.55094,0
195.8,0.02138,3.77237,7.55094,0
195.9,0.02137,3.77213,7.55094,0
196,0.02137,3.77189,7.55094,0
196.1,0.02137,3.77165,7.55094,0
196.2,0.02137,3.77141,7.55094,0
196.3,0.02137,3.77117,7.55094,0
196.4,0.02137,3.77092,7.55094,0
196.5,0.02137,3.77067,7.55094,0
196.6,0.02137,3.77043,7.55094,0
196.7,0.02137,3.77018,7.55094,0
196.8,0.02137,3.76992,7.55094,0
196.9,0.02137,3.76967,7.55094,0
197,0.02137,3.76942,7.55094,0
197.1,0.02137,3.76917,7.55094,0
197.2,0.02137,3.76893,7.55093,0
197.3,0.02137,3.76868,7.55093,0
197.4,0.02137,3.76844,7.55093,0
197.5,0.02137,3.7682,7.55093,0
197.6,0.02137,3.76797,7.55093,0
197.7,0.02137,3.76773,7.55093,0
197.8,0.02137,3.7675,7.55093,0
197.9,0.02137,3.76726,7.55093,0
198,0.02137,3.76704,7.55092,0
198.1,0.02136,3.76681,7.55092,0
198.2,0.02136,3.76658,7.55092,0
198.3,0.02136,3.76636,7.55092,0
198.4,0.02136,3.76614,7.55092,0
198.5,0.02136,3.76592,7.55092,0
198.6,0.02136,3.76571,7.55092,0
198.7,0.02136,3.76549,7.55092,0
198.8,0.02136,3.76528,7.55091,0
198.9,0.02136,3.76507,7.55091,0
199,0.02136,3.76486,7.55091,0
199.1,0.02136,3.76465,7.55091,0
199.2,0.02136,3.76445,7.55091,0
199.3,0.02136,3.76424,7.55091,0
199.4,0.02136,3.76404,7.55091,0
199.5,0.02136,3.76384,7.55091,0
199.6,0.02136,3.76364,7.55091,0
199.7,0.02136,3.76344,7.55091,0
199.8,0.02136,3.76325,7.55091,0
199.9,0.02136,3.76305,7.5509,0
200,0.02136,3.76286,7.5509,0
200.1,0.02135,3.76266,7.5509,0
200.2,0.02135,3.76247,7.5509,0
200.3,0.02135,3.76228,7.5509,0
200.4,0.02135,3.76209,7.5509,0
200.5,0.02135,3.7619,7.5509,0
200.6,0.02135,3.76171,7.5509,0
200.7,0.02135,3.76152,7.55089,0
200.8,0.02135,3.76133,7.55089,0
200.9,0.02135,3.76114,7.55089,0
201,0.02135,3.76095,7.55089,0
201.1,0.02135,3.76076,7.55089,0
201.2,0.02135,3.76057,7.55089,0
201.3,0.02135,3.76038,7.55089,0
201.4,0.02135,3.7602,7.55088,0
201.5,0.02135,3.76002,7.55088,0
201.6,0.02135,3.75983,7.55088,0
201.7,0.02135,3.75965,7.55088,0
201.8,0.02135,3.75947,7.55088,0
201.9,0.02134,3.75929,7.55087,0
202,0.02134,3.75912,7.55087,0
202.1,0.02134,3.75894,7.55087,0
202.2,0.02134,3.75877,7.55087,0
202.3,0.02134,3.7586,7.55087,0
202.4,0.02134,3.75843,7.55086,0
202.5,0.02134,3.75826,7.55086,0
202.6,0.02134,3.75809,7.55086,0
202.7,0.02134,3.75793,7.55086,0
202.8,0.02134,3.75776,7.55086,0
202.9,0.02134,3.7576,7.55085,0
203,0.02134,3.75744,7.55085,0
203.1,0.02134,3.75727,7.55085,0
203.2,0.02134,3.75711,7.55085,0
203.3,0.02134,3.75695,7.55085,0
203.4,0.02134,3.75679,7.55084,0
203.5,0.02134,3.75663,7.55084,0
203.6,0.02134,3.75647,7.55084,0
203.7,0.02134,3.75632,7.55084,0
203.8,0.02134,3.75616,7.55083,0
203.9,0.02133,3.75601,7.55083,0
204,0.02133,3.75585,7.55083,0
204.1,0.02133,3.7557,7.55083,0
204.2,0.02133,3.75555,7.55082,0
204.3,0.02133,3.7554,7.55082,0
204.4,0.02133,3.75524,7.55082,0
204.5,0.02133,3.75509,7.55082,0
204.6,0.02133,3.75494,7.55081,0
204.7,0.02133,3.75479,7.55081,0
204.8,0.02133,3.75464,7.55081,0
204.9,0.02133,3.75449,7.55081,0
205,0.02133,3.75435,7.5508,0
205.1,0.02133,3.7542,7.5508,0
205.2,0.02133,3.75406,7.5508,0
205.3,0.02133,3.75391,7.5508,0
205.4,0.02133,3.75377,7.5508,0
205.5,0.02133,3.75363,7.55079,0
205.6,0.02133,3.75348,7.55079,0
205.7,0.02133,3.75334,7.55079,0
205.8,0.02133,3.75319,7.55079,0
205.9,0.02133,3.75305,7.55078,0
206,0.02133,3.7529,7.55078,0
206.1,0.02133,3.75276,7.55078,0
206.2,0.02132,3.75261,7.55078,0
206.3,0.02132,3.75247,7.55078,0
206.4,0.02132,3.75232,7.55077,0
206.5,0.02132,3.75218,7.55077,0
206.6,0.02132,3.75203,7.55077,0
206.7,0.02132,3.75188,7.55077,0
206.8,0.02132,3.75174,7.55076,0
206.9,0.02132,3.75159,7.55076,0
207,0.02132,3.75144,7.55076,0
207.1,0.02132,3.7513,7.55076,0
207.2,0.02132,3.75115,7.55075,0
207.3,0.02132,3.751,7.55075,0
207.4,0.02132,3.75085,7.55075,0
207.5,0.02132,3.7507,7.55075,0
207.6,0.02132,3.75056,7.55075,0
207.7,0.02132,3.75041,7.55074,0
207.8,0.02132,3.75026,7.55074,0
207.9,0.02132,3.75012,7.55074,0
208,0.02132,3.74997,7.55074,0
208.1,0.02132,3.74982,7.55074,0
208.2,0.02132,3.74967,7.55073,0
208.3,0.02132,3.74953,7.55073,0
208.4,0.02132,3.74938,7.55073,0
208.5,0.02132,3.74923,7.55073,0
208.6,0.02131,3.74909,7.55073,0
208.7,0.02131,3.74894,7.55072,0
208.8,0.02131,3.7488,7.55072,0
208.9,0.02131,3.74866,7.55072,0
209,0.02131,3.74851,7.55072,0
209.1,0.02131,3.74837,7.55072,0
209.2,0.02131,3.74823,7.55071,0
209.3,0.02131,3.74809,7.55071,0
209.4,0.02131,3.74794,7.55071,0
209.5,0.02131,3.7478,7.55071,0
209.6,0.02131,3.74766,7.55071,0
209.7,0.02131,3.74752,7.5507,0
209.8,0.02131,3.74737,7.5507,0
209.9,0.02131,3.74723,7.5507,0
210,0.02131,3.74709,7.5507,0
210.1,0.02131,3.74695,7.5507,0
210.2,0.02131,3.7468,7.5507,0
210.3,0.02131,3.74666,7.55069,0
210.4,0.02131,3.74652,7.55069,0
210.5,0.02131,3.74637,7.55069,0
210.6,0.02131,3.74623,7.55069,0
210.7,0.02131,3.74609,7.55069,0
210.8,0.02131,3.74595,7.55068,0
210.9,0.02131,3.74581,7.55068,0
211,0.02131,3.74566,7.55068,0
211.1,0.02131,3.74552,7.55068,0
211.2,0.0213,3.74538,7.55068,0
211.3,0.0213,3.74524,7.55068,0
211.4,0.0213,3.7451,7.55067,0
211.5,0.0213,3.74497,7.55067,0
211.6,0.0213,3.74483,7.55067,0
211.7,0.0213,3.74469,7.55067,0
211.8,0.0213,3.74455,7.55067,0
211.9,0.0213,3.74441,7.55066,0
212,0.0213,3.74427,7.55066,0
212.1,0.0213,3.74414,7.55066,0
212.2,0.0213,3.74401,7.55066,0
212.3,0.0213,3.74387,7.55066,0
212.4,0.0213,3.74374,7.55065,0
212.5,0.0213,3.74361,7.55065,0
212.6,0.0213,3.74347,7.55065,0
212.7,0.0213,3.74334,7.55065,0
212.8,0.0213,3.74321,7.55065,0
212.9,0.0213,3.74308,7.55065,0
213,0.0213,3.74296,7.55064,0
213.1,0.0213,3.74283,7.55064,0
213.2,0.0213,3.7427,7.55064,0
213.3,0.0213,3.74257,7.55064,0
213.4,0.0213,3.74245,7.55064,0
213.5,0.0213,3.74232,7.55063,0
213.6,0.0213,3.74219,7.55063,0
213.7,0.0213,3.74206,7.55063,0
213.8,0.0213,3.74194,7.55063,0
213.9,0.0213,3.74181,7.55063,0
214,0.02129,3.74168,7.55063,0
214.1,0.02129,3.74156,7.55062,0
214.2,0.02129,3.74143,7.55062,0
214.3,0.02129,3.7413,7.55062,0
214.4,0.02129,3.74117,7.55062,0
214.5,0.02129,3.74104,7.55062,0
214.6,0.02129,3.74091,7.55062,0
214.7,0.02129,3.74078,7.55061,0
214.8,0.02129,3.74064,7.55061,0
214.9,0.02129,3.7405,7.55061,0
215,0.02129,3.74036,7.55061,0
215.1,0.02129,3.74022,7.55061,0
215.2,0.02129,3.74008,7.55061,0
215.3,0.02129,3.73995,7.55061,0
215.4,0.02129,3.73981,7.5506,0
215.5,0.02129,3.73967,7.5506,0
215.6,0.02129,3.73953,7.5506,0
215.7,0.02129,3.73939,7.5506,0
215.8,0.02129,3.73925,7.5506,0
215.9,0.02129,3.73911,7.5506,0
216,0.02129,3.73897,7.5506,0
216.1,0.02129,3.73883,7.5506,0
216.2,0.02128,3.73869,7.55059,0
216.3,0.02128,3.73855,7.55059,0
216.4,0.02128,3.73841,7.55059,0
216.5,0.02128,3.73827,7.55059,0
216.6,0.02128,3.73813,7.55059,0
216.7,0.02128,3.738,7.55059,0
216.8,0.02128,3.73786,7.55059,0
216.9,0.02128,3.73772,7.55059,0
217,0.02128,3.73758,7.55059,0
217.1,0.02128,3.73744,7.55058,0
217.2,0.02128,3.73731,7.55058,0
217.3,0.02128,3.73717,7.55058,0
217.4,0.02128,3.73703,7.55058,0
217.5,0.02128,3.73689,7.55058,0
217.6,0.02128,3.73675,7.55058,0
217.7,0.02128,3.73661,7.55058,0
217.8,0.02128,3.73647,7.55058,0
217.9,0.02128,3.73633,7.55058,0
218,0.02128,3.73619,7.55057,0
218.1,0.02127,3.73605,7.55057,0
218.2,0.02127,3.73591,7.55057,0
218.3,0.02127,3.73577,7.55057,0
218.4,0.02127,3.73563,7.55057,0
218.5,0.02127,3.73548,7.55057,0
218.6,0.02127,3.73534,7.55057,0
218.7,0.02127,3.73519,7.55057,0
218.8,0.02127,3.73504,7.55057,0
218.9,0.02127,3.7349,7.55057,0
219,0.02127,3.73475,7.55057,0
219.1,0.02127,3.73461,7.55057,0
219.2,0.02127,3.73446,7.55057,0
219.3,0.02127,3.73431,7.55057,0
219.4,0.02127,3.73417,7.55057,0
219.5,0.02127,3.73402,7.55057,0
219.6,0.02127,3.73387,7.55057,0
219.7,0.02127,3.73372,7.55057,0
219.8,0.02126,3.73357,7.55057,0
219.9,0.02126,3.73342,7.55057,0
220,0.02126,3.73326,7.55057,0
220.1,0.02126,3.73311,7.55057,0
220.2,0.02126,3.73295,7.55057,0
220.3,0.02126,3.7328,7.55057,0
220.4,0.02126,3.73264,7.55057,0
220.5,0.02126,3.73248,7.55057,0
220.6,0.02126,3.73232,7.55056,0
220.7,0.02126,3.73216,7.55056,0
220.8,0.02126,3.732,7.55056,0
220.9,0.02126,3.73185,7.55056,0
221,0.02126,3.73169,7.55056,0
221.1,0.02126,3.73153,7.55056,0
221.2,0.02126,3.73136,7.55056,0
221.3,0.02126,3.7312,7.55056,0
221.4,0.02126,3.73104,7.55056,0
221.5,0.02126,3.73088,7.55056,0
221.6,0.02125,3.73072,7.55056,0
221.7,0.02125,3.73057,7.55056,0
221.8,0.02125,3.73041,7.55056,0
221.9,0.02125,3.73025,7.55055,0
222,0.02125,3.73009,7.55055,0
222.1,0.02125,3.72993,7.55055,0
222.2,0.02125,3.72978,7.55055,0
222.3,0.02125,3.72962,7.55055,0
222.4,0.02125,3.72946,7.55055,0
222.5,0.02125,3.7293,7.55055,0
222.6,0.02125,3.72914,7.55055,0
222.7,0.02125,3.72898,7.55054,0
222.8,0.02125,3.72882,7.55054,0
222.9,0.02125,3.72867,7.55054,0
223,0.02125,3.72851,7.55054,0
223.1,0.02125,3.72836,7.55054,0
223.2,0.02125,3.72821,7.55054,0
223.3,0.02125,3.72805,7.55053,0
223.4,0.02124,3.72789,7.55053,0
223.5,0.02124,3.72774,7.55053,0
223.6,0.02124,3.72758,7.55053,0
223.7,0.02124,3.72743,7.55053,0
223.8,0.02124,3.72728,7.55053,0
223.9,0.02124,3.72713,7.55052,0
224,0.02124,3.72698,7.55052,0
224.1,0.02124,3.72683,7.55052,0
224.2,0.02124,3.72668,7.55052,0
224.3,0.02124,3.72652,7.55052,0
224.4,0.02124,3.72637,7.55051,0
224.5,0.02124,3.72622,7.55051,0
224.6,0.02124,3.72607,7.55051,0
224.7,0.02124,3.72592,7.55051,0
224.8,0.02124,3.72577,7.55051,0
224.9,0.02124,3.72561,7.55051,0
225,0.02124,3.72546,7.5505,0
225.1,0.02123,3.72531,7.5505,0
225.2,0.02123,3.72515,7.5505,0
225.3,0.02123,3.725,7.5505,0
225.4,0.02123,3.72485,7.5505,0
225.5,0.02123,3.72469,7.55049,0
225.6,0.02123,3.72454,7.55049,0
225.7,0.02123,3.72439,7.55049,0
225.8,0.02123,3.72423,7.55049,0
225.9,0.02123,3.72408,7.55049,0
226,0.02123,3.72392,7.55048,0
226.1,0.02123,3.72376,7.55048,0
226.2,0.02123,3.72361,7.55048,0
226.3,0.02123,3.72345,7.55048,0
226.4,0.02123,3.72329,7.55048,0
226.5,0.02123,3.72313,7.55047,0
226.6,0.02123,3.72297,7.55047,0
226.7,0.02123,3.72281,7.55047,0
226.8,0.02122,3.72265,7.55047,0
226.9,0.02122,3.72249,7.55046,0
227,0.02122,3.72237,7.55046,0
227.1,0.02122,3.72226,7.55046,0
227.2,0.02122,3.72214,7.55046,0
227.3,0.02122,3.72203,7.55046,0
227.4,0.02122,3.72192,7.55045,0
227.5,0.02122,3.72181,7.55045,0
227.6,0.02122,3.7217,7.55045,0
227.7,0.02122,3.72159,7.55045,0
227.8,0.02122,3.72148,7.55045,0
227.9,0.02122,3.72137,7.55044,0
228,0.02122,3.72126,7.55044,0
228.1,0.02122,3.72116,7.55044,0
228.2,0.02122,3.72105,7.55044,0
228.3,0.02122,3.72095,7.55044,0
228.4,0.02121,3.72084,7.55043,0
228.5,0.02121,3.72074,7.55043,0
228.6,0.02121,3.72064,7.55043,0
228.7,0.02121,3.72054,7.55043,0
228.8,0.02121,3.72044,7.55043,0
228.9,0.02121,3.72034,7.55042,0
229,0.02121,3.72023,7.55042,0
229.1,0.02121,3.72012,7.55042,0
229.2,0.02121,3.72,7.55042,0
229.3,0.02121,3.71989,7.55042,0
229.4,0.02121,3.71979,7.55042,0
229.5,0.02121,3.71969,7.55041,0
229.6,0.02121,3.71959,7.55041,0
229.7,0.02121,3.71948,7.55041,0
229.8,0.0212,3.71938,7.55041,0
229.9,0.0212,3.71928,7.55041,0
230,0.0212,3.71918,7.5504,0
230.1,0.0212,3.71908,7.5504,0
230.2,0.0212,3.71898,7.5504,0
230.3,0.0212,3.71886,7.5504,0
230.4,0.0212,3.71875,7.5504,0
230.5,0.0212,3.71862,7.5504,0
230.6,0.0212,3.71849,7.55039,0
230.7,0.0212,3.71835,7.55039,0
230.8,0.02119,3.71823,7.55039,0
230.9,0.02119,3.71813,7.55039,0
231,0.02119,3.71802,7.55039,0
231.1,0.02119,3.71792,7.55038,0
231.2,0.02119,3.71781,7.55038,0
231.3,0.02119,3.7177,7.55038,0
231.4,0.02119,3.71758,7.55038,0
231.5,0.02119,3.71748,7.55038,0
231.6,0.02119,3.71735,7.55038,0
231.7,0.02119,3.71721,7.55037,0
231.8,0.02119,3.71706,7.55037,0
231.9,0.02119,3.71693,7.55037,0
232,0.02119,3.71682,7.55037,0
232.1,0.02119,3.71671,7.55037,0
232.2,0.02119,3.71661,7.55037,0
232.3,0.02119,3.71651,7.55037,0
232.4,0.02118,3.7164,7.55036,0
232.5,0.02118,3.71627,7.55036,0
232.6,0.02118,3.71613,7.55036,0
232.7,0.02118,3.71601,7.55036,0
232.8,0.02118,3.7159,7.55036,0
232.9,0.02118,3.71578,7.55036,0
233,0.02118,3.71567,7.55035,0
233.1,0.02118,3.71556,7.55035,0
233.2,0.02118,3.71542,7.55035,0
233.3,0.02118,3.71526,7.55035,0
233.4,0.02118,3.71512,7.55035,0
233.5,0.02118,3.71499,7.55035,0
233.6,0.02118,3.71488,7.55035,0
233.7,0.02118,3.71478,7.55034,0
233.8,0.02118,3.71467,7.55034,0
233.9,0.02118,3.71456,7.55034,0
234,0.02117,3.71446,7.55034,0
234.1,0.02117,3.71435,7.55034,0
234.2,0.02117,3.71425,7.55034,0
234.3,0.02117,3.71414,7.55033,0
234.4,0.02117,3.71404,7.55033,0
234.5,0.02117,3.71393,7.55033,0
234.6,0.02117,3.71383,7.55033,0
234.7,0.02117,3.71372,7.55033,0
234.8,0.02117,3.71362,7.55033,0
234.9,0.02117,3.71351,7.55033,0
235,0.02117,3.71338,7.55032,0
235.1,0.02117,3.71325,7.55032,0
235.2,0.02117,3.71311,7.55032,0
235.3,0.02117,3.71299,7.55032,0
235.4,0.02117,3.71289,7.55032,0
235.5,0.02116,3.71278,7.55032,0
235.6,0.02116,3.71267,7.55031,0
235.7,0.02116,3.71257,7.55031,0
235.8,0.02116,3.71246,7.55031,0
235.9,0.02116,3.71236,7.55031,0
236,0.02116,3.71226,7.55031,0
236.1,0.02116,3.71216,7.55031,0
236.2,0.02116,3.71205,7.55031,0
236.3,0.02116,3.71196,7.5503,0
236.4,0.02116,3.71186,7.5503,0
236.5,0.02116,3.71176,7.5503,0
236.6,0.02116,3.71167,7.5503,0
236.7,0.02116,3.71156,7.5503,0
236.8,0.02116,3.71145,7.5503,0
236.9,0.02116,3.71134,7.55029,0
237,0.02116,3.71121,7.55029,0
237.1,0.02115,3.71108,7.55029,0
237.2,0.02115,3.71094,7.55029,0
237.3,0.02115,3.7108,7.55029,0
237.4,0.02115,3.7107,7.55029,0
237.5,0.02115,3.7106,7.55028,0
237.6,0.02115,3.71051,7.55028,0
237.7,0.02115,3.71042,7.55028,0
237.8,0.02115,3.71032,7.55028,0
237.9,0.02115,3.71019,7.55028,0
238,0.02115,3.71008,7.55028,0
238.1,0.02115,3.70998,7.55027,0
238.2,0.02115,3.70985,7.55027,0
238.3,0.02115,3.70975,7.55027,0
238.4,0.02115,3.70966,7.55027,0
238.5,0.02115,3.70958,7.55027,0
238.6,0.02114,3.7095,7.55026,0
238.7,0.02114,3.70942,7.55026,0
238.8,0.02114,3.70934,7.55026,0
238.9,0.02114,3.70926,7.55026,0
239,0.02114,3.70918,7.55025,0
239.1,0.02114,3.7091,7.55025,0
239.2,0.02114,3.70902,7.55025,0
239.3,0.02114,3.70895,7.55025,0
239.4,0.02114,3.70887,7.55025,0
239.5,0.02114,3.7088,7.55024,0
239.6,0.02114,3.70872,7.55024,0
239.7,0.02114,3.70865,7.55024,0
239.8,0.02114,3.70857,7.55024,0
239.9,0.02114,3.70849,7.55023,0
240,0.02114,3.70842,7.55023,0
240.1,0.02114,3.70835,7.55023,0
240.2,0.02113,3.70828,7.55023,0
240.3,0.02113,3.70821,7.55023,0
240.4,0.02113,3.70814,7.55022,0
240.5,0.02113,3.70807,7.55022,0
240.6,0.02113,3.708,7.55022,0
240.7,0.02113,3.70793,7.55022,0
240.8,0.02113,3.70786,7.55021,0
240.9,0.02113,3.70779,7.55021,0
241,0.02113,3.70772,7.55021,0
241.1,0.02113,3.70765,7.55021,0
241.2,0.02113,3.70758,7.55021,0
241.3,0.02113,3.70752,7.5502,0
241.4,0.02113,3.70745,7.5502,0
241.5,0.02113,3.70738,7.5502,0
241.6,0.02113,3.70732,7.5502,0
241.7,0.02112,3.70726,7.55019,0
241.8,0.02112,3.70719,7.55019,0
241.9,0.02112,3.70713,7.55019,0
242,0.02112,3.70707,7.55019,0
242.1,0.02112,3.707,7.55018,0
242.2,0.02112,3.70694,7.55018,0
242.3,0.02112,3.70688,7.55018,0
242.4,0.02112,3.70682,7.55018,0
242.5,0.02112,3.70677,7.55017,0
242.6,0.02112,3.70671,7.55017,0
242.7,0.02112,3.70665,7.55017,0
242.8,0.02112,3.70659,7.55016,0
242.9,0.02112,3.70653,7.55016,0
243,0.02112,3.70648,7.55016,0
243.1,0.02112,3.70642,7.55016,0
243.2,0.02112,3.70637,7.55015,0
243.3,0.02111,3.70632,7.55015,0
243.4,0.02111,3.70626,7.55015,0
243.5,0.02111,3.70621,7.55014,0
243.6,0.02111,3.70616,7.55014,0
243.7,0.02111,3.70611,7.55014,0
243.8,0.02111,3.70606,7.55013,0
243.9,0.02111,3.70602,7.55013,0
244,0.02111,3.70597,7.55013,0
244.1,0.02111,3.70592,7.55012,0
244.2,0.02111,3.70587,7.55012,0
244.3,0.02111,3.70582,7.55012,0
244.4,0.02111,3.70577,7.55011,0
244.5,0.02111,3.70573,7.55011,0
244.6,0.02111,3.70568,7.55011,0
244.7,0.0211,3.70563,7.5501,0
244.8,0.0211,3.70558,7.5501,0
244.9,0.0211,3.70554,7.5501,0
245,0.0211,3.7055,7.55009,0
245.1,0.0211,3.70545,7.55009,0
245.2,0.0211,3.70541,7.55009,0
245.3,0.0211,3.70537,7.55008,0
245.4,0.0211,3.70532,7.55008,0
245.5,0.0211,3.70528,7.55008,0
245.6,0.0211,3.70524,7.55007,0
245.7,0.0211,3.70519,7.55007,0
245.8,0.0211,3.70515,7.55007,0
245.9,0.0211,3.70511,7.55006,0
246,0.0211,3.70507,7.55006,0
246.1,0.02109,3.70504,7.55006,0
246.2,0.02109,3.705,7.55005,0
246.3,0.02109,3.70497,7.55005,0
246.4,0.02109,3.70494,7.55005,0
246.5,0.02109,3.7049,7.55004,0
246.6,0.02109,3.70487,7.55004,0
246.7,0.02109,3.70484,7.55004,0
246.8,0.02109,3.70481,7.55003,0
246.9,0.02109,3.70478,7.55003,0
247,0.02109,3.70476,7.55003,0
247.1,0.02109,3.70472,7.55002,0
247.2,0.02109,3.70469,7.55002,0
247.3,0.02109,3.70466,7.55001,0
247.4,0.02109,3.70464,7.55001,0
247.5,0.02109,3.70461,7.55001,0
247.6,0.02108,3.70458,7.55,0
247.7,0.02108,3.70455,7.55,0
247.8,0.02108,3.70453,7.55,0
247.9,0.02108,3.7045,7.54999,0
248,0.02108,3.70447,7.54999,0
248.1,0.02108,3.70445,7.54999,0
248.2,0.02108,3.70442,7.54998,0
248.3,0.02108,3.70439,7.54998,0
248.4,0.02108,3.70435,7.54997,0
248.5,0.02108,3.70432,7.54997,0
248.6,0.02108,3.70429,7.54997,0
248.7,0.02108,3.70426,7.54996,0
248.8,0.02108,3.70423,7.54996,0
248.9,0.02107,3.70419,7.54996,0
249,0.02107,3.70416,7.54995,0
249.1,0.02107,3.70413,7.54995,0
249.2,0.02107,3.7041,7.54994,0
249.3,0.02107,3.70407,7.54994,0
249.4,0.02107,3.70404,7.54994,0
249.5,0.02107,3.70401,7.54993,0
249.6,0.02107,3.70399,7.54993,0
249.7,0.02107,3.70396,7.54993,0
249.8,0.02107,3.70393,7.54992,0
249.9,0.02107,3.7039,7.54992,0
250,0.02107,3.70387,7.54992,0
250.1,0.02107,3.70385,7.54991,0
250.2,0.02107,3.70382,7.54991,0
250.3,0.02106,3.70379,7.5499,0
250.4,0.02106,3.70377,7.5499,0
250.5,0.02106,3.70374,7.5499,0
250.6,0.02106,3.70371,7.54989,0
250.7,0.02106,3.70368,7.54989,0
250.8,0.02106,3.70365,7.54989,0
250.9,0.02106,3.70363,7.54988,0
251,0.02106,3.70361,7.54988,0
251.1,0.02106,3.70359,7.54987,0
251.2,0.02106,3.70357,7.54987,0
251.3,0.02106,3.70355,7.54987,0
251.4,0.02106,3.70353,7.54986,0
251.5,0.02106,3.70351,7.54986,0
251.6,0.02105,3.70349,7.54986,0
251.7,0.02105,3.70348,7.54985,0
251.8,0.02105,3.70346,7.54985,0
251.9,0.02105,3.70345,7.54984,0
252,0.02105,3.70343,7.54984,0
252.1,0.02105,3.70342,7.54984,0
252.2,0.02105,3.7034,7.54983,0
252.3,0.02105,3.70339,7.54983,0
252.4,0.02105,3.70337,7.54983,0
252.5,0.02105,3.70336,7.54982,0
252.6,0.02105,3.70335,7.54982,0
252.7,0.02105,3.70333,7.54981,0
252.8,0.02105,3.70332,7.54981,0
252.9,0.02104,3.70331,7.54981,0
253,0.02104,3.7033,7.5498,0
253.1,0.02104,3.70328,7.5498,0
253.2,0.02104,3.70327,7.54979,0
253.3,0.02104,3.70326,7.54979,0
253.4,0.02104,3.70325,7.54979,0
253.5,0.02104,3.70325,7.54978,0
253.6,0.02104,3.70324,7.54978,0
253.7,0.02104,3.70323,7.54978,0
253.8,0.02104,3.70322,7.54977,0
253.9,0.02104,3.70321,7.54977,0
254,0.02104,3.7032,7.54976,0
254.1,0.02104,3.70318,7.54976,0
254.2,0.02103,3.70317,7.54976,0
254.3,0.02103,3.70316,7.54975,0
254.4,0.02103,3.70314,7.54975,0
254.5,0.02103,3.70313,7.54974,0
254.6,0.02103,3.70311,7.54974,0
254.7,0.02103,3.7031,7.54974,0
254.8,0.02103,3.70309,7.54973,0
254.9,0.02103,3.70307,7.54973,0
255,0.02103,3.70306,7.54972,0
255.1,0.02103,3.70304,7.54972,0
255.2,0.02103,3.70303,7.54972,0
255.3,0.02103,3.70302,7.54971,0
255.4,0.02103,3.703,7.54971,0
255.5,0.02102,3.70299,7.5497,0
255.6,0.02102,3.70298,7.5497,0
255.7,0.02102,3.70297,7.5497,0
255.8,0.02102,3.70296,7.54969,0
255.9,0.02102,3.70295,7.54969,0
256,0.02102,3.70295,7.54969,0
256.1,0.02102,3.70294,7.54969,0
256.2,0.02102,3.70293,7.5497,0
256.3,0.02102,3.70292,7.5497,0
256.4,0.02102,3.70291,7.5497,0
256.5,0.02102,3.7029,7.5497,0
256.6,0.02102,3.70289,7.5497,0
256.7,0.02102,3.70288,7.54971,0
256.8,0.02101,3.70288,7.54971,0
256.9,0.02101,3.70287,7.54971,0
257,0.02101,3.70286,7.54971,0
257.1,0.02101,3.70286,7.54971,0
257.2,0.02101,3.70286,7.54972,0
257.3,0.02101,3.70285,7.54972,0
257.4,0.02101,3.70271,7.54972,0
257.5,0.02101,3.70258,7.54972,0
257.6,0.02101,3.70245,7.54972,0
257.7,0.02101,3.70233,7.54972,0
257.8,0.02101,3.70221,7.54972,0
257.9,0.02101,3.7021,7.54973,0
258,0.02101,3.702,7.54973,0
258.1,0.021,3.70189,7.54973,0
258.2,0.021,3.70178,7.54973,0
258.3,0.021,3.70168,7.54973,0
258.4,0.021,3.70158,7.54973,0
258.5,0.021,3.70148,7.54973,0
258.6,0.021,3.70138,7.54973,0
258.7,0.021,3.70128,7.54973,0
258.8,0.021,3.70118,7.54973,0
258.9,0.021,3.70109,7.54973,0
259,0.021,3.70099,7.54973,0
259.1,0.021,3.7009,7.54973,0
259.2,0.021,3.70081,7.54973,0
259.3,0.02099,3.70072,7.54973,0
259.4,0.02099,3.70063,7.54973,0
259.5,0.02099,3.70054,7.54973,0
259.6,0.02099,3.70045,7.54973,0
259.7,0.02099,3.70036,7.54973,0
259.8,0.02099,3.70028,7.54973,0
259.9,0.02099,3.70019,7.54973,0
260,0.02099,3.70011,7.54973,0
260.1,0.02099,3.70003,7.54973,0
260.2,0.02099,3.69995,7.54973,0
260.3,0.02099,3.69988,7.54973,0
260.4,0.02099,3.6998,7.54973,0
260.5,0.02098,3.69973,7.54973,0
260.6,0.02098,3.69965,7.54973,0
260.7,0.02098,3.69958,7.54973,0
260.8,0.02098,3.69951,7.54973,0
260.9,0.02098,3.69944,7.54972,0
261,0.02098,3.69937,7.54972,0
261.1,0.02098,3.69931,7.54972,0
261.2,0.02098,3.69924,7.54972,0
261.3,0.02098,3.69918,7.54972,0
261.4,0.02098,3.69912,7.54972,0
261.5,0.02098,3.69906,7.54972,0
261.6,0.02098,3.699,7.54972,0
261.7,0.02097,3.69895,7.54971,0
261.8,0.02097,3.6989,7.54971,0
261.9,0.02097,3.69884,7.54971,0
262,0.02097,3.69879,7.54971,0
262.1,0.02097,3.69874,7.54971,0
262.2,0.02097,3.6987,7.5497,0
262.3,0.02097,3.69865,7.5497,0
262.4,0.02097,3.6986,7.5497,0
262.5,0.02097,3.69856,7.5497,0
262.6,0.02097,3.69851,7.5497,0
262.7,0.02097,3.69847,7.54969,0
262.8,0.02097,3.69843,7.54969,0
262.9,0.02096,3.69839,7.54969,0
263,0.02096,3.69835,7.54969,0
263.1,0.02096,3.69831,7.54968,0
263.2,0.02096,3.69828,7.54968,0
263.3,0.02096,3.69824,7.54968,0
263.4,0.02096,3.69821,7.54968,0
263.5,0.02096,3.69817,7.54967,0
263.6,0.02096,3.69814,7.54967,0
263.7,0.02096,3.69811,7.54967,0
263.8,0.02096,3.69808,7.54966,0
263.9,0.02096,3.69806,7.54966,0
264,0.02096,3.69803,7.54966,0
264.1,0.02096,3.69801,7.54966,0
264.2,0.02095,3.69798,7.54965,0
264.3,0.02095,3.69796,7.54965,0
264.4,0.02095,3.69794,7.54965,0
264.5,0.02095,3.69792,7.54964,0
264.6,0.02095,3.6979,7.54964,0
264.7,0.02095,3.69788,7.54964,0
264.8,0.02095,3.69786,7.54963,0
264.9,0.02095,3.69784,7.54963,0
265,0.02095,3.69782,7.54963,0
265.1,0.02095,3.69781,7.54962,0
265.2,0.02095,3.6978,7.54962,0
265.3,0.02095,3.69779,7.54962,0
265.4,0.02094,3.69778,7.54961,0
265.5,0.02094,3.69777,7.54961,0
265.6,0.02094,3.69776,7.54961,0
265.7,0.02094,3.69776,7.5496,0
265.8,0.02094,3.69775,7.5496,0
265.9,0.02094,3.69774,7.54959,0
266,0.02094,3.69773,7.54959,0
266.1,0.02094,3.69773,7.54959,0
266.2,0.02094,3.69772,7.54958,0
266.3,0.02094,3.69772,7.54958,0
266.4,0.02094,3.69771,7.54958,0
266.5,0.02094,3.69771,7.54957,0
266.6,0.02093,3.6977,7.54957,0
266.7,0.02093,3.6977,7.54956,0
266.8,0.02093,3.6977,7.54956,0
266.9,0.02093,3.6977,7.54955,0
267,0.02093,3.6977,7.54955,0
267.1,0.02093,3.69769,7.54955,0
267.2,0.02093,3.69769,7.54954,0
267.3,0.02093,3.69769,7.54954,0
267.4,0.02093,3.69769,7.54953,0
267.5,0.02093,3.6977,7.54953,0
267.6,0.02093,3.6977,7.54952,0
267.7,0.02093,3.6977,7.54952,0
267.8,0.02093,3.6977,7.54951,0
267.9,0.02092,3.6977,7.54951,0
268,0.02092,3.69771,7.54951,0
268.1,0.02092,3.69771,7.5495,0
268.2,0.02092,3.69772,7.5495,0
268.3,0.02092,3.69773,7.54949,0
268.4,0.02092,3.69773,7.54949,0
268.5,0.02092,3.69774,7.54948,0
268.6,0.02092,3.69775,7.54948,0
268.7,0.02092,3.69776,7.54947,0
268.8,0.02092,3.69777,7.54947,0
268.9,0.02092,3.69778,7.54946,0
269,0.02092,3.6978,7.54946,0
269.1,0.02091,3.69781,7.54945,0
269.2,0.02091,3.69782,7.54945,0
269.3,0.02091,3.69784,7.54944,0
269.4,0.02091,3.69785,7.54943,0
269.5,0.02091,3.69787,7.54943,0
269.6,0.02091,3.69788,7.54942,0
269.7,0.02091,3.6979,7.54942,0
269.8,0.02091,3.69791,7.54941,0
269.9,0.02091,3.69793,7.54941,0
270,0.02091,3.69795,7.5494,0
270.1,0.02091,3.69796,7.5494,0
270.2,0.02091,3.69798,7.54939,0
270.3,0.0209,3.698,7.54939,0
270.4,0.0209,3.69802,7.54938,0
270.5,0.0209,3.69804,7.54937,0
270.6,0.0209,3.69806,7.54937,0
270.7,0.0209,3.69808,7.54936,0
270.8,0.0209,3.6981,7.54936,0
270.9,0.0209,3.69812,7.54935,0
271,0.0209,3.69814,7.54934,0
271.1,0.0209,3.69816,7.54934,0
271.2,0.0209,3.69819,7.54933,0
271.3,0.0209,3.69821,7.54933,0
271.4,0.0209,3.69823,7.54932,0
271.5,0.0209,3.69826,7.54931,0
271.6,0.02089,3.69828,7.54931,0
271.7,0.02089,3.69831,7.5493,0
271.8,0.02089,3.69834,7.5493,0
271.9,0.02089,3.69836,7.54929,0
272,0.02089,3.69839,7.54928,0
272.1,0.02089,3.69842,7.54928,0
272.2,0.02089,3.69845,7.54927,0
272.3,0.02089,3.69848,7.54927,0
272.4,0.02089,3.69851,7.54926,0
272.5,0.02089,3.69854,7.54925,0
272.6,0.02089,3.69857,7.54925,0
272.7,0.02089,3.6986,7.54924,0
272.8,0.02089,3.69864,7.54923,0
272.9,0.02088,3.69867,7.54923,0
273,0.02088,3.6987,7.54922,0
273.1,0.02088,3.69874,7.54921,0
273.2,0.02088,3.69877,7.54921,0
273.3,0.02088,3.69881,7.5492,0
273.4,0.02088,3.69885,7.54919,0
273.5,0.02088,3.69889,7.54919,0
273.6,0.02088,3.69892,7.54918,0
273.7,0.02088,3.69896,7.54917,0
273.8,0.02088,3.699,7.54917,0
273.9,0.02088,3.69904,7.54916,0
274,0.02088,3.69908,7.54915,0
274.1,0.02088,3.69912,7.54914,0
274.2,0.02087,3.69916,7.54914,0
274.3,0.02087,3.6992,7.54913,0
274.4,0.02087,3.69925,7.54912,0
274.5,0.02087,3.69929,7.54912,0
274.6,0.02087,3.69933,7.54911,0
274.7,0.02087,3.69937,7.5491,0
274.8,0.02087,3.69942,7.54909,0
274.9,0.02087,3.69946,7.54909,0
275,0.02087,3.69951,7.54908,0
275.1,0.02087,3.69955,7.54907,0
275.2,0.02087,3.69959,7.54906,0
275.3,0.02087,3.69964,7.54906,0
275.4,0.02087,3.69969,7.54905,0
275.5,0.02087,3.69973,7.54904,0
275.6,0.02086,3.69978,7.54904,0
275.7,0.02086,3.69982,7.54903,0
275.8,0.02086,3.69987,7.54902,0
275.9,0.02086,3.69991,7.54901,0
276,0.02086,3.69996,7.54901,0
276.1,0.02086,3.70001,7.549,0
276.2,0.02086,3.70006,7.54899,0
276.3,0.02086,3.70011,7.54898,0
276.4,0.02086,3.70016,7.54898,0
276.5,0.02086,3.70021,7.54897,0
276.6,0.02086,3.70026,7.54896,0
276.7,0.02086,3.70031,7.54895,0
276.8,0.02086,3.70036,7.54895,0
276.9,0.02085,3.70041,7.54894,0
277,0.02085,3.70046,7.54893,0
277.1,0.02085,3.70051,7.54892,0
277.2,0.02085,3.70057,7.54892,0
277.3,0.02085,3.70062,7.54891,0
277.4,0.02085,3.70067,7.5489,0
277.5,0.02085,3.70072,7.54889,0
277.6,0.02085,3.70078,7.54889,0
277.7,0.02085,3.70083,7.54888,0
277.8,0.02085,3.70088,7.54887,0
277.9,0.02085,3.70094,7.54886,0
278,0.02085,3.70099,7.54886,0
278.1,0.02085,3.70105,7.54885,0
278.2,0.02085,3.7011,7.54884,0
278.3,0.02084,3.70116,7.54883,0
278.4,0.02084,3.70121,7.54883,0
278.5,0.02084,3.70127,7.54882,0
278.6,0.02084,3.70133,7.54881,0
278.7,0.02084,3.70138,7.5488,0
278.8,0.02084,3.70144,7.5488,0
278.9,0.02084,3.7015,7.54879,0
279,0.02084,3.70156,7.54878,0
279.1,0.02084,3.70162,7.54877,0
279.2,0.02084,3.70167,7.54877,0
279.3,0.02084,3.70173,7.54876,0
279.4,0.02084,3.70179,7.54875,0
279.5,0.02084,3.70185,7.54874,0
279.6,0.02084,3.70191,7.54873,0
279.7,0.02083,3.70197,7.54873,0
279.8,0.02083,3.70203,7.54872,0
279.9,0.02083,3.70209,7.54871,0
280,0.02083,3.70215,7.5487,0
280.1,0.02083,3.70221,7.5487,0
280.2,0.02083,3.70227,7.54869,0
280.3,0.02083,3.70234,7.54868,0
280.4,0.02083,3.7024,7.54867,0
280.5,0.02083,3.70246,7.54867,0
280.6,0.02083,3.70252,7.54866,0
280.7,0.02083,3.70259,7.54865,0
280.8,0.02083,3.70265,7.54864,0
280.9,0.02083,3.70272,7.54863,0
281,0.02083,3.70278,7.54863,0
281.1,0.02082,3.70285,7.54862,0
281.2,0.02082,3.70291,7.54861,0
281.3,0.02082,3.70298,7.5486,0
281.4,0.02082,3.70304,7.54859,0
281.5,0.02082,3.70311,7.54859,0
281.6,0.02082,3.70318,7.54858,0
281.7,0.02082,3.70324,7.54857,0
281.8,0.02082,3.70331,7.54856,0
281.9,0.02082,3.70337,7.54855,0
282,0.02082,3.70344,7.54855,0
282.1,0.02082,3.70351,7.54854,0
282.2,0.02082,3.70358,7.54853,0
282.3,0.02082,3.70365,7.54852,0
282.4,0.02082,3.70371,7.54851,0
282.5,0.02081,3.70378,7.54851,0
282.6,0.02081,3.70385,7.5485,0
282.7,0.02081,3.70392,7.54849,0
282.8,0.02081,3.70399,7.54848,0
282.9,0.02081,3.70406,7.54847,0
283,0.02081,3.70413,7.54846,0
283.1,0.02081,3.7042,7.54846,0
283.2,0.02081,3.70427,7.54845,0
283.3,0.02081,3.70434,7.54844,0
283.4,0.02081,3.70441,7.54843,0
283.5,0.02081,3.70448,7.54842,0
283.6,0.02081,3.70455,7.54841,0
283.7,0.02081,3.70462,7.54841,0
283.8,0.02081,3.70469,7.5484,0
283.9,0.0208,3.70476,7.54839,0
284,0.0208,3.70484,7.54838,0
284.1,0.0208,3.70491,7.54837,0
284.2,0.0208,3.70499,7.54836,0
284.3,0.0208,3.70506,7.54835,0
284.4,0.0208,3.70513,7.54835,0
284.5,0.0208,3.70521,7.54834,0
284.6,0.0208,3.70528,7.54833,0
284.7,0.0208,3.70536,7.54832,0
284.8,0.0208,3.70543,7.54831,0
284.9,0.0208,3.7055,7.5483,0
285,0.0208,3.70558,7.54829,0
285.1,0.0208,3.70565,7.54829,0
285.2,0.0208,3.70573,7.54828,0
285.3,0.02079,3.7058,7.54827,0
285.4,0.02079,3.70588,7.54826,0
285.5,0.02079,3.70595,7.54825,0
285.6,0.02079,3.70603,7.54824,0
285.7,0.02079,3.7061,7.54823,0
285.8,0.02079,3.70618,7.54822,0
285.9,0.02079,3.70625,7.54822,0
286,0.02079,3.70633,7.54821,0
286.1,0.02079,3.7064,7.5482,0
286.2,0.02079,3.70648,7.54819,0
286.3,0.02079,3.70655,7.54818,0
286.4,0.02079,3.70663,7.54817,0
286.5,0.02079,3.7067,7.54816,0
286.6,0.02079,3.70678,7.54815,0
286.7,0.02079,3.70685,7.54814,0
286.8,0.02078,3.70693,7.54814,0
286.9,0.02078,3.707,7.54813,0
287,0.02078,3.70707,7.54812,0
287.1,0.02078,3.70715,7.54811,0
287.2,0.02078,3.70722,7.5481,0
287.3,0.02078,3.7073,7.54809,0
287.4,0.02078,3.70737,7.54808,0
287.5,0.02078,3.70745,7.54807,0
287.6,0.02078,3.70752,7.54806,0
287.7,0.02078,3.7076,7.54806,0
287.8,0.02078,3.70767,7.54805,0
287.9,0.02078,3.70775,7.54804,0
288,0.02078,3.70782,7.54803,0
288.1,0.02078,3.7079,7.54802,0
288.2,0.02078,3.70797,7.54801,0
288.3,0.02077,3.70805,7.548,0
288.4,0.02077,3.70812,7.54799,0
288.5,0.02077,3.7082,7.54798,0
288.6,0.02077,3.70827,7.54797,0
288.7,0.02077,3.70835,7.54797,0
288.8,0.02077,3.70842,7.54796,0
288.9,0.02077,3.7085,7.54795,0
289,0.02077,3.70857,7.54794,0
289.1,0.02077,3.70864,7.54793,0
289.2,0.02077,3.70872,7.54792,0
289.3,0.02077,3.70879,7.54791,0
289.4,0.02077,3.70887,7.5479,0
289.5,0.02077,3.70894,7.54789,0
289.6,0.02077,3.70902,7.54789,0
289.7,0.02077,3.70909,7.54788,0
289.8,0.02076,3.70916,7.54787,0
289.9,0.02076,3.70924,7.54786,0
290,0.02076,3.70931,7.54785,0
290.1,0.02076,3.70939,7.54784,0
290.2,0.02076,3.70946,7.54783,0
290.3,0.02076,3.70954,7.54782,0
290.4,0.02076,3.70961,7.54781,0
290.5,0.02076,3.70968,7.54781,0
290.6,0.02076,3.70976,7.5478,0
290.7,0.02076,3.70983,7.54779,0
290.8,0.02076,3.70991,7.54778,0
290.9,0.02076,3.70998,7.54777,0
291,0.02076,3.71006,7.54776,0
291.1,0.02076,3.71013,7.54775,0
291.2,0.02076,3.71021,7.54774,0
291.3,0.02075,3.71028,7.54774,0
291.4,0.02075,3.71035,7.54773,0
291.5,0.02075,3.71043,7.54772,0
291.6,0.02075,3.7105,7.54771,0
291.7,0.02075,3.71058,7.5477,0
291.8,0.02075,3.71065,7.54769,0
291.9,0.02075,3.71072,7.54768,0
292,0.02075,3.7108,7.54767,0
292.1,0.02075,3.71087,7.54767,0
292.2,0.02075,3.71095,7.54766,0
292.3,0.02075,3.71102,7.54765,0
292.4,0.02075,3.7111,7.54764,0
292.5,0.02075,3.71117,7.54763,0
292.6,0.02075,3.71125,7.54762,0
292.7,0.02075,3.71132,7.54761,0
292.8,0.02075,3.7114,7.54761,0
292.9,0.02074,3.71147,7.5476,0
293,0.02074,3.71155,7.54759,0
293.1,0.02074,3.71162,7.54758,0
293.2,0.02074,3.7117,7.54757,0
293.3,0.02074,3.71178,7.54756,0
293.4,0.02074,3.71185,7.54755,0
293.5,0.02074,3.71193,7.54755,0
293.6,0.02074,3.712,7.54754,0
293.7,0.02074,3.71208,7.54753,0
293.8,0.02074,3.71215,7.54752,0
293.9,0.02074,3.71223,7.54751,0
294,0.02074,3.7123,7.5475,0
294.1,0.02074,3.71238,7.5475,0
294.2,0.02074,3.71245,7.54749,0
294.3,0.02074,3.71252,7.54748,0
294.4,0.02074,3.7126,7.54747,0
294.5,0.02073,3.71267,7.54746,0
294.6,0.02073,3.71275,7.54745,0
294.7,0.02073,3.71282,7.54744,0
294.8,0.02073,3.7129,7.54744,0
294.9,0.02073,3.71297,7.54743,0
295,0.02073,3.71304,7.54742,0
295.1,0.02073,3.71312,7.54741,0
295.2,0.02073,3.71319,7.5474,0
295.3,0.02073,3.71326,7.54739,0
295.4,0.02073,3.71333,7.54739,0
295.5,0.02073,3.7134,7.54738,0
295.6,0.02073,3.71347,7.54737,0
295.7,0.02073,3.71354,7.54736,0
295.8,0.02073,3.71361,7.54735,0
295.9,0.02073,3.71368,7.54734,0
296,0.02073,3.71375,7.54734,0
296.1,0.02073,3.71382,7.54733,0
296.2,0.02072,3.71389,7.54732,0
296.3,0.02072,3.71396,7.54731,0
296.4,0.02072,3.71403,7.5473,0
296.5,0.02072,3.7141,7.54729,0
296.6,0.02072,3.71417,7.54729,0
296.7,0.02072,3.71424,7.54728,0
296.8,0.02072,3.7143,7.54727,0
296.9,0.02072,3.71437,7.54726,0
297,0.02072,3.71444,7.54725,0
297.1,0.02072,3.71451,7.54724,0
297.2,0.02072,3.71457,7.54724,0
297.3,0.02072,3.71464,7.54723,0
297.4,0.02072,3.71471,7.54722,0
297.5,0.02072,3.71478,7.54721,0
297.6,0.02072,3.71484,7.5472,0
297.7,0.02072,3.71491,7.5472,0
297.8,0.02072,3.71498,7.54719,0
297.9,0.02072,3.71505,7.54718,0
298,0.02071,3.71512,7.54717,0
298.1,0.02071,3.71519,7.54716,0
298.2,0.02071,3.71526,7.54716,0
298.3,0.02071,3.71533,7.54715,0
298.4,0.02071,3.71539,7.54714,0
298.5,0.02071,3.71546,7.54713,0
298.6,0.02071,3.71553,7.54713,0
298.7,0.02071,3.71559,7.54712,0
298.8,0.02071,3.71566,7.54711,0
298.9,0.02071,3.71573,7.5471,0
299,0.02071,3.71579,7.54709,0
299.1,0.02071,3.71586,7.54709,0
299.2,0.02071,3.71593,7.54708,0
299.3,0.02071,3.71599,7.54707,0
299.4,0.02071,3.71606,7.54706,0
299.5,0.02071,3.71613,7.54706,0
299.6,0.02071,3.71619,7.54705,0
299.7,0.02071,3.71626,7.54704,0
299.8,0.0207,3.71632,7.54704,0
299.9,0.0207,3.71638,7.54703,0
300,0.0207,3.71644,7.54702,0
300.1,0.0207,3.71651,7.54701,0
300.2,0.0207,3.71657,7.54701,0
300.3,0.0207,3.71663,7.547,0
300.4,0.0207,3.71669,7.54699,0
300.5,0.0207,3.71675,7.54699,0
300.6,0.0207,3.71681,7.54698,0
300.7,0.0207,3.71687,7.54697,0
300.8,0.0207,3.71693,7.54697,0
300.9,0.0207,3.71699,7.54696,0
301,0.0207,3.71705,7.54695,0
301.1,0.0207,3.7171,7.54695,0
301.2,0.0207,3.71716,7.54694,0
301.3,0.0207,3.71722,7.54693,0
301.4,0.0207,3.71727,7.54693,0
301.5,0.0207,3.71732,7.54692,0
301.6,0.0207,3.71738,7.54691,0
301.7,0.02069,3.71743,7.54691,0
301.8,0.02069,3.71748,7.5469,0
301.9,0.02069,3.71753,7.54689,0
302,0.02069,3.71758,7.54689,0
302.1,0.02069,3.71763,7.54688,0
302.2,0.02069,3.71768,7.54687,0
302.3,0.02069,3.71773,7.54687,0
302.4,0.02069,3.71778,7.54686,0
302.5,0.02069,3.71783,7.54686,0
302.6,0.02069,3.71787,7.54685,0
302.7,0.02069,3.71792,7.54684,0
302.8,0.02069,3.71797,7.54684,0
302.9,0.02069,3.71801,7.54683,0
303,0.02069,3.71806,7.54682,0
303.1,0.02069,3.7181,7.54682,0
303.2,0.02069,3.71815,7.54681,0
303.3,0.02069,3.71819,7.54681,0
303.4,0.02069,3.71824,7.5468,0
303.5,0.02069,3.71828,7.54679,0
303.6,0.02069,3.71832,7.54679,0
303.7,0.02068,3.71837,7.54678,0
303.8,0.02068,3.71841,7.54678,0
303.9,0.02068,3.71845,7.54677,0
304,0.02068,3.71849,7.54676,0
304.1,0.02068,3.71853,7.54676,0
304.2,0.02068,3.71857,7.54675,0
304.3,0.02068,3.71861,7.54675,0
304.4,0.02068,3.71865,7.54674,0
304.5,0.02068,3.71869,7.54674,0
304.6,0.02068,3.71873,7.54673,0
304.7,0.02068,3.71877,7.54672,0
304.8,0.02068,3.71881,7.54672,0
304.9,0.02068,3.71885,7.54671,0
305,0.02068,3.71888,7.54671,0
305.1,0.02068,3.71892,7.5467,0
305.2,0.02068,3.71896,7.5467,0
305.3,0.02068,3.71899,7.54669,0
305.4,0.02068,3.71903,7.54669,0
305.5,0.02068,3.71906,7.54668,0
305.6,0.02068,3.7191,7.54667,0
305.7,0.02068,3.71913,7.54667,0
305.8,0.02067,3.71917,7.54666,0
305.9,0.02067,3.7192,7.54666,0
306,0.02067,3.71923,7.54665,0
306.1,0.02067,3.71926,7.54665,0
306.2,0.02067,3.71929,7.54664,0
306.3,0.02067,3.71933,7.54664,0
306.4,0.02067,3.71936,7.54663,0
306.5,0.02067,3.71939,7.54663,0
306.6,0.02067,3.71942,7.54662,0
306.7,0.02067,3.71946,7.54662,0
306.8,0.02067,3.71949,7.54661,0
306.9,0.02067,3.71952,7.54661,0
307,0.02067,3.71955,7.5466,0
307.1,0.02067,3.71959,7.5466,0
307.2,0.02067,3.71962,7.54659,0
307.3,0.02067,3.71965,7.54659,0
307.4,0.02067,3.71968,7.54658,0
307.5,0.02067,3.71971,7.54658,0
307.6,0.02067,3.71975,7.54657,0
307.7,0.02067,3.71978,7.54657,0
307.8,0.02067,3.71981,7.54656,0
307.9,0.02067,3.71984,7.54656,0
308,0.02066,3.71988,7.54656,0
308.1,0.02066,3.71991,7.54655,0
308.2,0.02066,3.71995,7.54655,0
308.3,0.02066,3.71998,7.54654,0
308.4,0.02066,3.72002,7.54654,0
308.5,0.02066,3.72005,7.54653,0
308.6,0.02066,3.72009,7.54653,0
308.7,0.02066,3.72012,7.54652,0
308.8,0.02066,3.72016,7.54652,0
308.9,0.02066,3.72019,7.54651,0
309,0.02066,3.72023,7.54651,0
309.1,0.02066,3.72026,7.54651,0
309.2,0.02066,3.72029,7.5465,0
309.3,0.02066,3.72033,7.5465,0
309.4,0.02066,3.72036,7.54649,0
309.5,0.02066,3.7204,7.54649,0
309.6,0.02066,3.72044,7.54648,0
309.7,0.02066,3.72048,7.54648,0
309.8,0.02066,3.72051,7.54648,0
309.9,0.02066,3.72055,7.54647,0
310,0.02066,3.72058,7.54647,0
310.1,0.02066,3.72062,7.54646,0
310.2,0.02066,3.72065,7.54646,0
310.3,0.02066,3.72069,7.54645,0
310.4,0.02065,3.72072,7.54645,0
310.5,0.02065,3.72075,7.54645,0
310.6,0.02065,3.72078,7.54644,0
310.7,0.02065,3.72081,7.54644,0
310.8,0.02065,3.72084,7.54644,0
310.9,0.02065,3.72088,7.54643,0
311,0.02065,3.72091,7.54643,0
311.1,0.02065,3.72094,7.54642,0
311.2,0.02065,3.72096,7.54642,0
311.3,0.02065,3.72099,7.54642,0
311.4,0.02065,3.72102,7.54641,0
311.5,0.02065,3.72105,7.54641,0
311.6,0.02065,3.72108,7.54641,0
311.7,0.02065,3.72111,7.5464,0
311.8,0.02065,3.72113,7.5464,0
311.9,0.02065,3.72116,7.5464,0
312,0.02065,3.72119,7.54639,0
312.1,0.02065,3.72121,7.54639,0
312.2,0.02065,3.72124,7.54639,0
312.3,0.02065,3.72127,7.54639,0
312.4,0.02065,3.72129,7.54638,0
312.5,0.02065,3.72132,7.54638,0
312.6,0.02065,3.72134,7.54638,0
312.7,0.02065,3.72137,7.54637,0
312.8,0.02064,3.72139,7.54637,0
312.9,0.02064,3.72142,7.54637,0
313,0.02064,3.72144,7.54637,0
313.1,0.02064,3.72146,7.54636,0
313.2,0.02064,3.72149,7.54636,0
313.3,0.02064,3.72151,7.54636,0
313.4,0.02064,3.72153,7.54636,0
313.5,0.02064,3.72155,7.54635,0
313.6,0.02064,3.72157,7.54635,0
313.7,0.02064,3.72159,7.54635,0
313.8,0.02064,3.72161,7.54635,0
313.9,0.02064,3.72163,7.54634,0
314,0.02064,3.72165,7.54634,0
314.1,0.02064,3.72166,7.54634,0
314.2,0.02064,3.72168,7.54634,0
314.3,0.02064,3.7217,7.54633,0
314.4,0.02064,3.72172,7.54633,0
314.5,0.02064,3.72173,7.54633,0
314.6,0.02064,3.72175,7.54633,0
314.7,0.02064,3.72177,7.54633,0
314.8,0.02064,3.72178,7.54632,0
314.9,0.02064,3.7218,7.54632,0
315,0.02064,3.72181,7.54632,0
315.1,0.02064,3.72183,7.54632,0
315.2,0.02064,3.72184,7.54632,0
315.3,0.02063,3.72186,7.54632,0
315.4,0.02063,3.72187,7.54631,0
315.5,0.02063,3.72188,7.54631,0
315.6,0.02063,3.72189,7.54631,0
315.7,0.02063,3.72191,7.54631,0
315.8,0.02063,3.72192,7.54631,0
315.9,0.02063,3.72193,7.54631,0
316,0.02063,3.72194,7.5463,0
316.1,0.02063,3.72195,7.5463,0
316.2,0.02063,3.72196,7.5463,0
316.3,0.02063,3.72197,7.5463,0
316.4,0.02063,3.72198,7.5463,0
316.5,0.02063,3.72199,7.5463,0
316.6,0.02063,3.722,7.5463,0
316.7,0.02063,3.72201,7.5463,0
316.8,0.02063,3.72202,7.5463,0
316.9,0.02063,3.72202,7.54629,0
317,0.02063,3.72203,7.54629,0
317.1,0.02063,3.72204,7.54629,0
317.2,0.02063,3.72204,7.54629,0
317.3,0.02063,3.72205,7.54629,0
317.4,0.02063,3.72206,7.54629,0
317.5,0.02063,3.72206,7.54629,0
317.6,0.02063,3.72207,7.54629,0
317.7,0.02063,3.72207,7.54629,0
317.8,0.02062,3.72207,7.54629,0
317.9,0.02062,3.72208,7.54629,0
318,0.02062,3.72208,7.54629,0
318.1,0.02062,3.72209,7.54629,0
318.2,0.02062,3.72209,7.54629,0
318.3,0.02062,3.72209,7.54629,0
318.4,0.02062,3.72209,7.54629,0
318.5,0.02062,3.7221,7.54629,0
318.6,0.02062,3.7221,7.54629,0
318.7,0.02062,3.7221,7.54628,0
318.8,0.02062,3.7221,7.54628,0
318.9,0.02062,3.7221,7.54628,0
319,0.02062,3.7221,7.54628,0
319.1,0.02062,3.7221,7.54628,0
319.2,0.02062,3.72211,7.54628,0
319.3,0.02062,3.72211,7.54628,0
319.4,0.02062,3.72211,7.54629,0
319.5,0.02062,3.72211,7.54629,0
319.6,0.02062,3.72211,7.54629,0
319.7,0.02062,3.72211,7.54629,0
319.8,0.02062,3.7221,7.54629,0
319.9,0.02062,3.7221,7.54629,0
320,0.02062,3.7221,7.54629,0
320.1,0.02062,3.7221,7.54629,0
320.2,0.02062,3.7221,7.54629,0
320.3,0.02062,3.72209,7.54629,0
320.4,0.02061,3.72209,7.54629,0
320.5,0.02061,3.72209,7.54629,0
320.6,0.02061,3.72208,7.54629,0
320.7,0.02061,3.72208,7.54629,0
320.8,0.02061,3.72207,7.54629,0
320.9,0.02061,3.72207,7.5463,0
321,0.02061,3.72206,7.5463,0
321.1,0.02061,3.72206,7.5463,0
321.2,0.02061,3.72205,7.5463,0
321.3,0.02061,3.72204,7.5463,0
321.4,0.02061,3.72203,7.5463,0
321.5,0.02061,3.72203,7.5463,0
321.6,0.02061,3.72202,7.5463,0
321.7,0.02061,3.72201,7.5463,0
321.8,0.02061,3.722,7.54631,0
321.9,0.02061,3.72198,7.54631,0
322,0.02061,3.72197,7.54631,0
322.1,0.02061,3.72196,7.54631,0
322.2,0.02061,3.72195,7.54631,0
322.3,0.02061,3.72194,7.54631,0
322.4,0.02061,3.72192,7.54632,0
322.5,0.02061,3.72191,7.54632,0
322.6,0.02061,3.7219,7.54632,0
322.7,0.02061,3.72189,7.54632,0
322.8,0.02061,3.72187,7.54632,0
322.9,0.02061,3.72186,7.54633,0
323,0.02061,3.72184,7.54633,0
323.1,0.0206,3.72183,7.54633,0
323.2,0.0206,3.72181,7.54633,0
323.3,0.0206,3.7218,7.54633,0
323.4,0.0206,3.72178,7.54634,0
323.5,0.0206,3.72176,7.54634,0
323.6,0.0206,3.72175,7.54634,0
323.7,0.0206,3.72173,7.54634,0
323.8,0.0206,3.72171,7.54635,0
323.9,0.0206,3.72169,7.54635,0
324,0.0206,3.72167,7.54635,0
324.1,0.0206,3.72165,7.54635,0
324.2,0.0206,3.72163,7.54636,0
324.3,0.0206,3.72161,7.54636,0
324.4,0.0206,3.72159,7.54636,0
324.5,0.0206,3.72157,7.54637,0
324.6,0.0206,3.72155,7.54637,0
324.7,0.0206,3.72153,7.54637,0
324.8,0.0206,3.7215,7.54637,0
324.9,0.0206,3.72148,7.54638,0
325,0.0206,3.72145,7.54638,0
325.1,0.0206,3.72142,7.54638,0
325.2,0.0206,3.7214,7.54639,0
325.3,0.0206,3.72137,7.54639,0
325.4,0.0206,3.72134,7.54639,0
325.5,0.0206,3.72131,7.5464,0
325.6,0.0206,3.72128,7.5464,0
325.7,0.0206,3.72125,7.5464,0
325.8,0.02059,3.72122,7.54641,0
325.9,0.02059,3.72119,7.54641,0
326,0.02059,3.72116,7.54642,0
326.1,0.02059,3.72113,7.54642,0
326.2,0.02059,3.7211,7.54642,0
326.3,0.02059,3.72106,7.54643,0
326.4,0.02059,3.72103,7.54643,0
326.5,0.02059,3.721,7.54643,0
326.6,0.02059,3.72097,7.54644,0
326.7,0.02059,3.72094,7.54644,0
326.8,0.02059,3.7209,7.54645,0
326.9,0.02059,3.72087,7.54645,0
327,0.02059,3.72084,7.54645,0
327.1,0.02059,3.7208,7.54646,0
327.2,0.02059,3.72077,7.54646,0
327.3,0.02059,3.72074,7.54647,0
327.4,0.02059,3.7207,7.54647,0
327.5,0.02059,3.72067,7.54648,0
327.6,0.02059,3.72063,7.54648,0
327.7,0.02059,3.7206,7.54648,0
327.8,0.02059,3.72056,7.54649,0
327.9,0.02059,3.72052,7.54649,0
328,0.02059,3.72049,7.5465,0
328.1,0.02059,3.72045,7.5465,0
328.2,0.02059,3.72042,7.54651,0
328.3,0.02059,3.72038,7.54651,0
328.4,0.02059,3.72034,7.54652,0
328.5,0.02059,3.7203,7.54652,0
328.6,0.02058,3.72027,7.54653,0
328.7,0.02058,3.72023,7.54653,0
328.8,0.02058,3.72019,7.54654,0
328.9,0.02058,3.72015,7.54654,0
329,0.02058,3.72011,7.54655,0
329.1,0.02058,3.72007,7.54655,0
329.2,0.02058,3.72004,7.54656,0
329.3,0.02058,3.72,7.54656,0
329.4,0.02058,3.71996,7.54657,0
329.5,0.02058,3.71992,7.54657,0
329.6,0.02058,3.71988,7.54658,0
329.7,0.02058,3.71984,7.54658,0
329.8,0.02058,3.7198,7.54659,0
329.9,0.02058,3.71976,7.5466,0
330,0.02058,3.71971,7.5466,0
330.1,0.02058,3.71967,7.54661,0
330.2,0.02058,3.71963,7.54661,0
330.3,0.02058,3.71959,7.54662,0
330.4,0.02058,3.71955,7.54662,0
330.5,0.02058,3.7195,7.54663,0
330.6,0.02058,3.71946,7.54664,0
330.7,0.02058,3.71942,7.54664,0
330.8,0.02058,3.71937,7.54665,0
330.9,0.02058,3.71933,7.54665,0
331,0.02058,3.71928,7.54666,0
331.1,0.02058,3.71923,7.54667,0
331.2,0.02058,3.71919,7.54667,0
331.3,0.02058,3.71914,7.54668,0
331.4,0.02058,3.7191,7.54669,0
331.5,0.02057,3.71905,7.54669,0
331.6,0.02057,3.719,7.5467,0
331.7,0.02057,3.71895,7.54671,0
331.8,0.02057,3.71891,7.54671,0
331.9,0.02057,3.71886,7.54672,0
332,0.02057,3.71881,7.54673,0
332.1,0.02057,3.71876,7.54673,0
332.2,0.02057,3.71871,7.54674,0
332.3,0.02057,3.71866,7.54675,0
332.4,0.02057,3.71861,7.54675,0
332.5,0.02057,3.71857,7.54676,0
332.6,0.02057,3.71851,7.54677,0
332.7,0.02057,3.71846,7.54677,0
332.8,0.02057,3.71841,7.54678,0
332.9,0.02057,3.71836,7.54679,0
333,0.02057,3.71831,7.5468,0
333.1,0.02057,3.71826,7.5468,0
333.2,0.02057,3.71821,7.54681,0
333.3,0.02057,3.71815,7.54682,0
333.4,0.02057,3.7181,7.54682,0
333.5,0.02057,3.71805,7.54683,0
333.6,0.02057,3.71799,7.54684,0
333.7,0.02057,3.71794,7.54685,0
333.8,0.02057,3.71788,7.54685,0
333.9,0.02057,3.71783,7.54686,0
334,0.02057,3.71777,7.54687,0
334.1,0.02057,3.71772,7.54688,0
334.2,0.02056,3.71766,7.54689,0
334.3,0.02056,3.71761,7.54689,0
334.4,0.02056,3.71755,7.5469,0
334.5,0.02056,3.7175,7.54691,0
334.6,0.02056,3.71744,7.54692,0
334.7,0.02056,3.71738,7.54692,0
334.8,0.02056,3.71733,7.54693,0
334.9,0.02056,3.71727,7.54694,0
335,0.02056,3.71721,7.54695,0
335.1,0.02056,3.71716,7.54696,0
335.2,0.02056,3.7171,7.54697,0
335.3,0.02056,3.71704,7.54697,0
335.4,0.02056,3.71698,7.54698,0
335.5,0.02056,3.71692,7.54699,0
335.6,0.02056,3.71686,7.547,0
335.7,0.02056,3.7168,7.54701,0
335.8,0.02056,3.71674,7.54702,0
335.9,0.02056,3.71668,7.54702,0
336,0.02056,3.71662,7.54703,0
336.1,0.02056,3.71656,7.54704,0
336.2,0.02056,3.7165,7.54705,0
336.3,0.02056,3.71644,7.54706,0
336.4,0.02056,3.71638,7.54707,0
336.5,0.02056,3.71632,7.54708,0
336.6,0.02056,3.71626,7.54709,0
336.7,0.02056,3.7162,7.5471,0
336.8,0.02055,3.71613,7.5471,0
336.9,0.02055,3.71607,7.54711,0
337,0.02055,3.71601,7.54712,0
337.1,0.02055,3.71595,7.54713,0
337.2,0.02055,3.71588,7.54714,0
337.3,0.02055,3.71582,7.54715,0
337.4,0.02055,3.71575,7.54716,0
337.5,0.02055,3.71569,7.54717,0
337.6,0.02055,3.71563,7.54718,0
337.7,0.02055,3.71556,7.54719,0
337.8,0.02055,3.7155,7.5472,0
337.9,0.02055,3.71543,7.54721,0
338,0.02055,3.71537,7.54722,0
338.1,0.02055,3.7153,7.54723,0
338.2,0.02055,3.71523,7.54724,0
338.3,0.02055,3.71517,7.54724,0
338.4,0.02055,3.7151,7.54725,0
338.5,0.02055,3.71504,7.54726,0
338.6,0.02055,3.71497,7.54727,0
338.7,0.02055,3.7149,7.54728,0
338.8,0.02055,3.71484,7.54729,0
338.9,0.02055,3.71477,7.5473,0
339,0.02055,3.7147,7.54731,0
339.1,0.02055,3.71463,7.54732,0
339.2,0.02054,3.71457,7.54733,0
339.3,0.02054,3.7145,7.54734,0
339.4,0.02054,3.71443,7.54735,0
339.5,0.02054,3.71436,7.54736,0
339.6,0.02054,3.71429,7.54737,0
339.7,0.02054,3.71422,7.54738,0
339.8,0.02054,3.71415,7.54739,0
339.9,0.02054,3.71408,7.54741,0
340,0.02054,3.714,7.54742,0
340.1,0.02054,3.71393,7.54743,0
340.2,0.02054,3.71386,7.54744,0
340.3,0.02054,3.71379,7.54745,0
340.4,0.02054,3.71372,7.54746,0
340.5,0.02054,3.71364,7.54747,0
340.6,0.02054,3.71357,7.54748,0
340.7,0.02054,3.7135,7.54749,0
340.8,0.02054,3.71342,7.5475,0
340.9,0.02054,3.71335,7.54751,0
341,0.02054,3.71327,7.54752,0
341.1,0.02054,3.7132,7.54753,0
341.2,0.02054,3.71312,7.54754,0
341.3,0.02054,3.71305,7.54756,0
341.4,0.02054,3.71297,7.54757,0
341.5,0.02054,3.7129,7.54758,0
341.6,0.02053,3.71282,7.54759,0
341.7,0.02053,3.71275,7.5476,0
341.8,0.02053,3.71267,7.54761,0
341.9,0.02053,3.7126,7.54762,0
342,0.02053,3.71252,7.54763,0
342.1,0.02053,3.71244,7.54765,0
342.2,0.02053,3.71237,7.54766,0
342.3,0.02053,3.71229,7.54767,0
342.4,0.02053,3.71221,7.54768,0
342.5,0.02053,3.71213,7.54769,0
342.6,0.02053,3.71205,7.5477,0
342.7,0.02053,3.71197,7.54771,0
342.8,0.02053,3.71189,7.54773,0
342.9,0.02053,3.71181,7.54774,0
343,0.02053,3.71173,7.54775,0
343.1,0.02053,3.71165,7.54776,0
343.2,0.02053,3.71157,7.54777,0
343.3,0.02053,3.71149,7.54778,0
343.4,0.02053,3.71141,7.5478,0
343.5,0.02053,3.71133,7.54781,0
343.6,0.02053,3.71125,7.54782,0
343.7,0.02053,3.71117,7.54783,0
343.8,0.02053,3.71109,7.54784,0
343.9,0.02053,3.711,7.54786,0
344,0.02053,3.71092,7.54787,0
344.1,0.02053,3.71084,7.54788,0
344.2,0.02053,3.71076,7.54789,0
344.3,0.02052,3.71067,7.5479,0
344.4,0.02052,3.71059,7.54792,0
344.5,0.02052,3.71051,7.54793,0
344.6,0.02052,3.71043,7.54794,0
344.7,0.02052,3.71034,7.54795,0
344.8,0.02052,3.71026,7.54797,0
344.9,0.02052,3.71018,7.54798,0
345,0.02052,3.71009,7.54799,0
345.1,0.02052,3.71001,7.548,0
345.2,0.02052,3.70993,7.54801,0
345.3,0.02052,3.70984,7.54803,0
345.4,0.02052,3.70976,7.54804,0
345.5,0.02052,3.70968,7.54805,0
345.6,0.02052,3.70959,7.54807,0
345.7,0.02052,3.70951,7.54808,0
345.8,0.02052,3.70942,7.54809,0
345.9,0.02052,3.70934,7.5481,0
346,0.02052,3.70925,7.54812,0
346.1,0.02052,3.70917,7.54813,0
346.2,0.02052,3.70908,7.54814,0
346.3,0.02052,3.709,7.54815,0
346.4,0.02052,3.70891,7.54817,0
346.5,0.02052,3.70883,7.54818,0
346.6,0.02052,3.70874,7.54819,0
346.7,0.02052,3.70866,7.54821,0
346.8,0.02052,3.70857,7.54822,0
346.9,0.02052,3.70849,7.54823,0
347,0.02052,3.7084,7.54825,0
347.1,0.02052,3.70831,7.54826,0
347.2,0.02051,3.70823,7.54827,0
347.3,0.02051,3.70814,7.54829,0
347.4,0.02051,3.70806,7.5483,0
347.5,0.02051,3.70797,7.54831,0
347.6,0.02051,3.70788,7.54833,0
347.7,0.02051,3.70779,7.54834,0
347.8,0.02051,3.70771,7.54835,0
347.9,0.02051,3.70762,7.54837,0
348,0.02051,3.70753,7.54838,0
348.1,0.02051,3.70744,7.54839,0
348.2,0.02051,3.70735,7.54841,0
348.3,0.02051,3.70726,7.54842,0
348.4,0.02051,3.70718,7.54843,0
348.5,0.02051,3.70709,7.54845,0
348.6,0.02051,3.707,7.54846,0
348.7,0.02051,3.70691,7.54847,0
348.8,0.02051,3.70682,7.54849,0
348.9,0.02051,3.70673,7.5485,0
349,0.02051,3.70664,7.54852,0
349.1,0.02051,3.70655,7.54853,0
349.2,0.02051,3.70645,7.54854,0
349.3,0.02051,3.70636,7.54856,0
349.4,0.02051,3.70627,7.54857,0
349.5,0.02051,3.70618,7.54858,0
349.6,0.02051,3.70608,7.5486,0
349.7,0.02051,3.70599,7.54861,0
349.8,0.02051,3.7059,7.54863,0
349.9,0.02051,3.7058,7.54864,0
350,0.02051,3.70571,7.54865,0
350.1,0.02051,3.70562,7.54867,0
350.2,0.02051,3.70552,7.54868,0
350.3,0.02051,3.70543,7.5487,0
350.4,0.0205,3.70533,7.54871,0
350.5,0.0205,3.70524,7.54873,0
350.6,0.0205,3.70515,7.54874,0
350.7,0.0205,3.70505,7.54875,0
350.8,0.0205,3.70496,7.54877,0
350.9,0.0205,3.70486,7.54878,0
351,0.0205,3.70477,7.5488,0
351.1,0.0205,3.70467,7.54881,0
351.2,0.0205,3.70457,7.54883,0
351.3,0.0205,3.70448,7.54884,0
351.4,0.0205,3.70438,7.54885,0
351.5,0.0205,3.70429,7.54887,0
351.6,0.0205,3.70419,7.54888,0
351.7,0.0205,3.7041,7.5489,0
351.8,0.0205,3.704,7.54891,0
351.9,0.0205,3.7039,7.54893,0
352,0.0205,3.70381,7.54894,0
352.1,0.0205,3.70371,7.54896,0
352.2,0.0205,3.70361,7.54897,0
352.3,0.0205,3.70352,7.54899,0
352.4,0.0205,3.70342,7.549,0
352.5,0.0205,3.70332,7.54901,0
352.6,0.0205,3.70322,7.54903,0
352.7,0.0205,3.70312,7.54904,0
352.8,0.0205,3.70303,7.54906,0
352.9,0.0205,3.70293,7.54907,0
353,0.0205,3.70283,7.54909,0
353.1,0.0205,3.70273,7.5491,0
353.2,0.0205,3.70263,7.54912,0
353.3,0.0205,3.70253,7.54913,0
353.4,0.0205,3.70243,7.54915,0
353.5,0.0205,3.70233,7.54916,0
353.6,0.0205,3.70224,7.54918,0
353.7,0.0205,3.70214,7.54919,0
353.8,0.0205,3.70204,7.54921,0
353.9,0.0205,3.70194,7.54922,0
354,0.0205,3.70184,7.54924,0
354.1,0.02049,3.70174,7.54925,0
354.2,0.02049,3.70164,7.54927,0
354.3,0.02049,3.70154,7.54928,0
354.4,0.02049,3.70144,7.5493,0
354.5,0.02049,3.70134,7.54931,0
354.6,0.02049,3.70124,7.54933,0
354.7,0.02049,3.70114,7.54934,0
354.8,0.02049,3.70104,7.54936,0
354.9,0.02049,3.70094,7.54937,0
355,0.02049,3.70084,7.54939,0
355.1,0.02049,3.70074,7.5494,0
355.2,0.02049,3.70064,7.54942,0
355.3,0.02049,3.70053,7.54943,0
355.4,0.02049,3.70043,7.54945,0
355.5,0.02049,3.70033,7.54946,0
355.6,0.02049,3.70023,7.54948,0
355.7,0.02049,3.70013,7.54949,0
355.8,0.02049,3.70003,7.54951,0
355.9,0.02049,3.69993,7.54952,0
356,0.02049,3.69983,7.54954,0
356.1,0.02049,3.69973,7.54955,0
356.2,0.02049,3.69963,7.54957,0
356.3,0.02049,3.69952,7.54958,0
356.4,0.02049,3.69942,7.5496,0
356.5,0.02049,3.69932,7.54961,0
356.6,0.02049,3.69922,7.54963,0
356.7,0.02049,3.69912,7.54964,0
356.8,0.02049,3.69902,7.54966,0
356.9,0.02049,3.69892,7.54967,0
357,0.02049,3.69882,7.54969,0
357.1,0.02049,3.69872,7.5497,0
357.2,0.02049,3.69861,7.54972,0
357.3,0.02049,3.69851,7.54973,0
357.4,0.02049,3.69841,7.54975,0
357.5,0.02049,3.69831,7.54977,0
357.6,0.02049,3.69821,7.54978,0
357.7,0.02049,3.69811,7.5498,0
357.8,0.02049,3.69801,7.54981,0
357.9,0.02049,3.6979,7.54983,0
358,0.02049,3.6978,7.54984,0
358.1,0.02049,3.6977,7.54986,0
358.2,0.02049,3.69759,7.54987,0
358.3,0.02049,3.69749,7.54989,0
358.4,0.02049,3.69739,7.54991,0
358.5,0.02049,3.69728,7.54992,0
358.6,0.02049,3.69718,7.54994,0
358.7,0.02049,3.69708,7.54995,0
358.8,0.02049,3.69697,7.54997,0
358.9,0.02049,3.69687,7.54998,0
359,0.02049,3.69677,7.55,0
359.1,0.02049,3.69666,7.55002,0
359.2,0.02049,3.69656,7.55003,0
359.3,0.02049,3.69646,7.55005,0
359.4,0.02049,3.69636,7.55006,0
359.5,0.02049,3.69625,7.55008,0
359.6,0.02049,3.69615,7.55009,0
359.7,0.02049,3.69605,7.55011,0
359.8,0.02049,3.69594,7.55012,0
359.9,0.02049,3.69584,7.55014,0
360,0.02049,3.69574,7.55016,0
360.1,0.02049,3.69563,7.55017,0
360.2,0.02049,3.69553,7.55019,0
360.3,0.02049,3.69543,7.5502,0
360.4,0.02049,3.69532,7.55022,0
360.5,0.02049,3.69522,7.55023,0
360.6,0.02049,3.69512,7.55025,0
360.7,0.02049,3.69501,7.55026,0
360.8,0.02049,3.69491,7.55028,0
360.9,0.02049,3.69481,7.55029,0
361,0.02049,3.6947,7.55031,0
361.1,0.02049,3.6946,7.55033,0
361.2,0.02049,3.6945,7.55034,0
361.3,0.02049,3.6944,7.55036,0
361.4,0.02049,3.69429,7.55037,0
361.5,0.02049,3.69419,7.55039,0
361.6,0.02049,3.69409,7.5504,0
361.7,0.02049,3.69399,7.55042,0
361.8,0.02049,3.69389,7.55043,0
361.9,0.02049,3.69379,7.55045,0
362,0.02049,3.69368,7.55046,0
362.1,0.02049,3.69358,7.55048,0
362.2,0.02049,3.69348,7.55049,0
362.3,0.02049,3.69338,7.55051,0
362.4,0.02049,3.69328,7.55052,0
362.5,0.02049,3.69318,7.55054,0
362.6,0.02049,3.69308,7.55055,0
362.7,0.02049,3.69298,7.55057,0
362.8,0.02049,3.69288,7.55058,0
362.9,0.02049,3.69277,7.5506,0
363,0.02049,3.69267,7.55061,0
363.1,0.02049,3.69257,7.55063,0
363.2,0.02049,3.69247,7.55064,0
363.3,0.02049,3.69237,7.55066,0
363.4,0.02049,3.69227,7.55067,0
363.5,0.02049,3.69217,7.55069,0
363.6,0.02048,3.69207,7.5507,0
363.7,0.02048,3.69197,7.55071,0
363.8,0.02048,3.69187,7.55073,0
363.9,0.02048,3.69177,7.55074,0
364,0.02048,3.69167,7.55075,0
364.1,0.02048,3.69157,7.55077,0
364.2,0.02048,3.69147,7.55078,0
364.3,0.02048,3.69137,7.5508,0
364.4,0.02048,3.69127,7.55081,0
364.5,0.02048,3.69117,7.55082,0
364.6,0.02048,3.69107,7.55084,0
364.7,0.02048,3.69098,7.55085,0
364.8,0.02048,3.69088,7.55087,0
364.9,0.02048,3.69078,7.55088,0
365,0.02048,3.69068,7.55089,0
365.1,0.02048,3.69058,7.55091,0
365.2,0.02048,3.69048,7.55092,0
365.3,0.02048,3.69038,7.55094,0
365.4,0.02048,3.69029,7.55095,0
365.5,0.02048,3.6902,7.55097,0
365.6,0.02048,3.6901,7.55098,0
365.7,0.02048,3.69001,7.551,0
365.8,0.02048,3.68992,7.55101,0
365.9,0.02048,3.68982,7.55103,0
366,0.02048,3.68973,7.55105,0
366.1,0.02048,3.68964,7.55106,0
366.2,0.02048,3.68954,7.55108,0
366.3,0.02048,3.68944,7.5511,0
366.4,0.02048,3.68934,7.55111,0
366.5,0.02048,3.68924,7.55113,0
366.6,0.02048,3.68914,7.55115,0
366.7,0.02048,3.68903,7.55116,0
366.8,0.02048,3.68893,7.55118,0
366.9,0.02048,3.68882,7.5512,0
367,0.02048,3.68871,7.55121,0
367.1,0.02048,3.6886,7.55123,0
367.2,0.02048,3.68848,7.55125,0
367.3,0.02048,3.68836,7.55126,0
367.4,0.02048,3.68824,7.55128,0
367.5,0.02047,3.68812,7.5513,0
367.6,0.02047,3.68799,7.55132,0
367.7,0.02047,3.68786,7.55133,0
367.8,0.02047,3.68773,7.55135,0
367.9,0.02047,3.6876,7.55137,0
368,0.02047,3.68746,7.55138,0
368.1,0.02047,3.68732,7.5514,0
368.2,0.02047,3.68719,7.55142,0
368.3,0.02047,3.68705,7.55144,0
368.4,0.02047,3.68691,7.55145,0
368.5,0.02047,3.68677,7.55147,0
368.6,0.02047,3.68663,7.55149,0
368.7,0.02047,3.68648,7.55151,0
368.8,0.02047,3.68634,7.55152,0
368.9,0.02047,3.6862,7.55154,0
369,0.02047,3.68605,7.55156,0
369.1,0.02047,3.68591,7.55158,0
369.2,0.02047,3.68576,7.55159,0
369.3,0.02047,3.68561,7.55161,0
369.4,0.02047,3.68546,7.55163,0
369.5,0.02047,3.68531,7.55165,0
369.6,0.02047,3.68517,7.55166,0
369.7,0.02047,3.68502,7.55168,0
369.8,0.02047,3.68487,7.5517,0
369.9,0.02047,3.68472,7.55172,0
370,0.02047,3.68457,7.55173,0
370.1,0.02047,3.68442,7.55175,0
370.2,0.02047,3.68427,7.55177,0
370.3,0.02047,3.68411,7.55178,0
370.4,0.02046,3.68396,7.5518,0
370.5,0.02046,3.68381,7.55182,0
370.6,0.02046,3.68366,7.55184,0
370.7,0.02046,3.6835,7.55185,0
370.8,0.02046,3.68335,7.55187,0
370.9,0.02046,3.6832,7.55189,0
371,0.02046,3.68305,7.55191,0
371.1,0.02046,3.68289,7.55192,0
371.2,0.02046,3.68274,7.55194,0
371.3,0.02046,3.68259,7.55196,0
371.4,0.02046,3.68244,7.55197,0
371.5,0.02046,3.68229,7.55199,0
371.6,0.02046,3.68214,7.55201,0
371.7,0.02046,3.68199,7.55203,0
371.8,0.02046,3.68184,7.55204,0
371.9,0.02046,3.68169,7.55206,0
372,0.02046,3.68154,7.55208,0
372.1,0.02046,3.68139,7.55209,0
372.2,0.02046,3.68124,7.55211,0
372.3,0.02046,3.68109,7.55213,0
372.4,0.02046,3.68095,7.55214,0
372.5,0.02046,3.6808,7.55216,0
372.6,0.02046,3.68066,7.55218,0
372.7,0.02046,3.68051,7.55219,0
372.8,0.02046,3.68036,7.55221,0
372.9,0.02046,3.68022,7.55222,0
373,0.02046,3.68007,7.55224,0
373.1,0.02046,3.67993,7.55225,0
373.2,0.02046,3.67978,7.55227,0
373.3,0.02046,3.67964,7.55229,0
373.4,0.02046,3.67949,7.5523,0
373.5,0.02046,3.67935,7.55232,0
373.6,0.02046,3.6792,7.55233,0
373.7,0.02045,3.67906,7.55235,0
373.8,0.02045,3.67892,7.55236,0
373.9,0.02045,3.67877,7.55238,0
374,0.02045,3.67863,7.5524,0
374.1,0.02045,3.67849,7.55241,0
374.2,0.02045,3.67835,7.55243,0
374.3,0.02045,3.67821,7.55244,0
374.4,0.02045,3.67808,7.55246,0
374.5,0.02045,3.67794,7.55248,0
374.6,0.02045,3.67781,7.55249,0
374.7,0.02045,3.67768,7.55251,0
374.8,0.02045,3.67755,7.55252,0
374.9,0.02045,3.67742,7.55254,0
375,0.02045,3.6773,7.55256,0
375.1,0.02045,3.67717,7.55257,0
375.2,0.02045,3.67704,7.55259,0
375.3,0.02045,3.67691,7.55261,0
375.4,0.02045,3.67677,7.55262,0
375.5,0.02045,3.67664,7.55264,0
375.6,0.02045,3.67651,7.55266,0
375.7,0.02045,3.67637,7.55267,0
375.8,0.02045,3.67624,7.55269,0
375.9,0.02045,3.6761,7.55271,0
376,0.02045,3.67596,7.55272,0
376.1,0.02045,3.67582,7.55274,0
376.2,0.02045,3.67568,7.55275,0
376.3,0.02045,3.67554,7.55277,0
376.4,0.02045,3.67539,7.55279,0
376.5,0.02045,3.67525,7.5528,0
376.6,0.02045,3.67511,7.55282,0
376.7,0.02045,3.67496,7.55283,0
376.8,0.02044,3.67482,7.55285,0
376.9,0.02044,3.67467,7.55286,0
377,0.02044,3.67453,7.55288,0
377.1,0.02044,3.67438,7.55289,0
377.2,0.02044,3.67424,7.55291,0
377.3,0.02044,3.67409,7.55292,0
377.4,0.02044,3.67395,7.55294,0
377.5,0.02044,3.6738,7.55295,0
377.6,0.02044,3.67366,7.55297,0
377.7,0.02044,3.67351,7.55298,0
377.8,0.02044,3.67337,7.553,0
377.9,0.02044,3.67322,7.55301,0
378,0.02044,3.67308,7.55302,0
378.1,0.02044,3.67293,7.55304,0
378.2,0.02044,3.67279,7.55305,0
378.3,0.02044,3.67265,7.55307,0
378.4,0.02044,3.67251,7.55308,0
378.5,0.02044,3.67237,7.55309,0
378.6,0.02044,3.67223,7.55311,0
378.7,0.02044,3.6721,7.55312,0
378.8,0.02044,3.67196,7.55313,0
378.9,0.02044,3.67183,7.55315,0
379,0.02044,3.6717,7.55316,0
379.1,0.02044,3.67157,7.55317,0
379.2,0.02044,3.67144,7.55319,0
379.3,0.02044,3.67131,7.5532,0
379.4,0.02044,3.67119,7.55321,0
379.5,0.02044,3.67106,7.55323,0
379.6,0.02044,3.67094,7.55324,0
379.7,0.02044,3.67081,7.55325,0
379.8,0.02044,3.67069,7.55327,0
379.9,0.02043,3.67057,7.55328,0
380,0.02043,3.67045,7.55329,0
380.1,0.02043,3.67033,7.55331,0
380.2,0.02043,3.6702,7.55332,0
380.3,0.02043,3.67008,7.55334,0
380.4,0.02043,3.66996,7.55335,0
380.5,0.02043,3.66984,7.55336,0
380.6,0.02043,3.66971,7.55338,0
380.7,0.02043,3.66959,7.55339,0
380.8,0.02043,3.66947,7.5534,0
380.9,0.02043,3.66935,7.55342,0
381,0.02043,3.66922,7.55343,0
381.1,0.02043,3.6691,7.55344,0
381.2,0.02043,3.66898,7.55346,0
381.3,0.02043,3.66886,7.55347,0
381.4,0.02043,3.66874,7.55348,0
381.5,0.02043,3.66861,7.5535,0
381.6,0.02043,3.66849,7.55351,0
381.7,0.02043,3.66837,7.55352,0
381.8,0.02043,3.66824,7.55354,0
381.9,0.02043,3.66812,7.55355,0
382,0.02043,3.668,7.55356,0
382.1,0.02043,3.66787,7.55357,0
382.2,0.02043,3.66775,7.55359,0
382.3,0.02043,3.66763,7.5536,0
382.4,0.02043,3.66751,7.55361,0
382.5,0.02043,3.66738,7.55363,0
382.6,0.02043,3.66726,7.55364,0
382.7,0.02043,3.66714,7.55365,0
382.8,0.02043,3.66702,7.55366,0
382.9,0.02043,3.6669,7.55368,0
383,0.02043,3.66678,7.55369,0
383.1,0.02043,3.66665,7.5537,0
383.2,0.02043,3.66653,7.55371,0
383.3,0.02043,3.66641,7.55373,0
383.4,0.02043,3.66628,7.55374,0
383.5,0.02043,3.66616,7.55375,0
383.6,0.02043,3.66604,7.55376,0
383.7,0.02043,3.66591,7.55377,0
383.8,0.02043,3.66579,7.55379,0
383.9,0.02042,3.66567,7.5538,0
384,0.02042,3.66555,7.55381,0
384.1,0.02042,3.66543,7.55382,0
384.2,0.02042,3.66531,7.55383,0
384.3,0.02042,3.66519,7.55384,0
384.4,0.02042,3.66507,7.55386,0
384.5,0.02042,3.66495,7.55387,0
384.6,0.02042,3.66483,7.55388,0
384.7,0.02042,3.66472,7.55389,0
384.8,0.02042,3.6646,7.5539,0
384.9,0.02042,3.66449,7.55392,0
385,0.02042,3.66438,7.55393,0
385.1,0.02042,3.66426,7.55394,0
385.2,0.02042,3.66415,7.55395,0
385.3,0.02042,3.66404,7.55397,0
385.4,0.02042,3.66393,7.55398,0
385.5,0.02042,3.66382,7.55399,0
385.6,0.02042,3.66371,7.554,0
385.7,0.02042,3.6636,7.55402,0
385.8,0.02042,3.66349,7.55403,0
385.9,0.02042,3.66338,7.55404,0
386,0.02042,3.66327,7.55405,0
386.1,0.02042,3.66316,7.55407,0
386.2,0.02042,3.66304,7.55408,0
386.3,0.02042,3.66293,7.55409,0
386.4,0.02042,3.66281,7.5541,0
386.5,0.02042,3.66269,7.55412,0
386.6,0.02042,3.66257,7.55413,0
386.7,0.02042,3.66245,7.55414,0
386.8,0.02042,3.66232,7.55415,0
386.9,0.02042,3.6622,7.55417,0
387,0.02042,3.66207,7.55418,0
387.1,0.02042,3.66195,7.55419,0
387.2,0.02042,3.66182,7.5542,0
387.3,0.02042,3.66169,7.55422,0
387.4,0.02042,3.66156,7.55423,0
387.5,0.02042,3.66144,7.55424,0
387.6,0.02042,3.66131,7.55425,0
387.7,0.02042,3.66118,7.55427,0
387.8,0.02042,3.66105,7.55428,0
387.9,0.02042,3.66092,7.55429,0
388,0.02042,3.66079,7.5543,0
388.1,0.02042,3.66066,7.55432,0
388.2,0.02042,3.66053,7.55433,0
388.3,0.02042,3.6604,7.55434,0
388.4,0.02042,3.66027,7.55435,0
388.5,0.02042,3.66014,7.55436,0
388.6,0.02041,3.66001,7.55438,0
388.7,0.02041,3.65988,7.55439,0
388.8,0.02041,3.65975,7.5544,0
388.9,0.02041,3.65962,7.55441,0
389,0.02041,3.65949,7.55443,0
389.1,0.02041,3.65936,7.55444,0
389.2,0.02041,3.65923,7.55445,0
389.3,0.02041,3.6591,7.55446,0
389.4,0.02041,3.65897,7.55448,0
389.5,0.02041,3.65884,7.55449,0
389.6,0.02041,3.65871,7.5545,0
389.7,0.02041,3.65858,7.55451,0
389.8,0.02041,3.65845,7.55453,0
389.9,0.02041,3.65832,7.55454,0
390,0.02041,3.65819,7.55455,0
390.1,0.02041,3.65806,7.55456,0
390.2,0.02041,3.65792,7.55458,0
390.3,0.02041,3.65779,7.55459,0
390.4,0.02041,3.65766,7.5546,0
390.5,0.02041,3.65752,7.55461,0
390.6,0.02041,3.65738,7.55463,0
390.7,0.02041,3.65725,7.55464,0
390.8,0.02041,3.65711,7.55465,0
390.9,0.02041,3.65697,7.55466,0
391,0.02041,3.65683,7.55468,0
391.1,0.02041,3.65669,7.55469,0
391.2,0.02041,3.65655,7.5547,0
391.3,0.02041,3.65641,7.55472,0
391.4,0.02041,3.65626,7.55473,0
391.5,0.02041,3.65612,7.55474,0
391.6,0.02041,3.65598,7.55475,0
391.7,0.02041,3.65584,7.55476,0
391.8,0.02041,3.6557,7.55478,0
391.9,0.02041,3.65556,7.55479,0
392,0.02041,3.65542,7.5548,0
392.1,0.02041,3.65527,7.55481,0
392.2,0.02041,3.65513,7.55483,0
392.3,0.02041,3.65499,7.55484,0
392.4,0.02041,3.65485,7.55485,0
392.5,0.0204,3.65471,7.55486,0
392.6,0.0204,3.65456,7.55487,0
392.7,0.0204,3.65442,7.55489,0
392.8,0.0204,3.65428,7.5549,0
392.9,0.0204,3.65414,7.55491,0
393,0.0204,3.654,7.55492,0
393.1,0.0204,3.65386,7.55493,0
393.2,0.0204,3.65372,7.55494,0
393.3,0.0204,3.65359,7.55496,0
393.4,0.0204,3.65345,7.55497,0
393.5,0.0204,3.65331,7.55498,0
393.6,0.0204,3.65317,7.55499,0
393.7,0.0204,3.65304,7.555,0
393.8,0.0204,3.6529,7.55501,0
393.9,0.0204,3.65276,7.55502,0
394,0.0204,3.65263,7.55504,0
394.1,0.0204,3.65249,7.55505,0
394.2,0.0204,3.65236,7.55506,0
394.3,0.0204,3.65222,7.55507,0
394.4,0.0204,3.65209,7.55508,0
394.5,0.0204,3.65195,7.55509,0
394.6,0.0204,3.65182,7.5551,0
394.7,0.0204,3.65168,7.55511,0
394.8,0.0204,3.65155,7.55512,0
394.9,0.0204,3.65142,7.55513,0
395,0.0204,3.65129,7.55513,0
395.1,0.0204,3.65116,7.55514,0
395.2,0.0204,3.65103,7.55515,0
395.3,0.0204,3.6509,7.55516,0
395.4,0.0204,3.65078,7.55517,0
395.5,0.0204,3.65065,7.55518,0
395.6,0.0204,3.65053,7.55518,0
395.7,0.0204,3.65041,7.55519,0
395.8,0.0204,3.65028,7.5552,0
395.9,0.0204,3.65016,7.55521,0
396,0.0204,3.65005,7.55521,0
396.1,0.0204,3.64993,7.55522,0
396.2,0.0204,3.64982,7.55523,0
396.3,0.0204,3.64971,7.55524,0
396.4,0.02039,3.64961,7.55524,0
396.5,0.02039,3.6495,7.55525,0
396.6,0.02039,3.6494,7.55526,0
396.7,0.02039,3.64931,7.55527,0
396.8,0.02039,3.64922,7.55528,0
396.9,0.02039,3.64913,7.55528,0
397,0.02039,3.64904,7.55529,0
397.1,0.02039,3.64895,7.5553,0
397.2,0.02039,3.64887,7.55531,0
397.3,0.02039,3.64878,7.55532,0
397.4,0.02039,3.6487,7.55532,0
397.5,0.02039,3.64861,7.55533,0
397.6,0.02039,3.64852,7.55534,0
397.7,0.02039,3.64844,7.55535,0
397.8,0.02039,3.64835,7.55536,0
397.9,0.02039,3.64826,7.55536,0
398,0.02039,3.64817,7.55537,0
398.1,0.02039,3.64808,7.55538,0
398.2,0.02039,3.64798,7.55539,0
398.3,0.02039,3.64789,7.5554,0
398.4,0.02039,3.64779,7.5554,0
398.5,0.02039,3.6477,7.55541,0
398.6,0.02039,3.6476,7.55542,0
398.7,0.02039,3.64751,7.55543,0
398.8,0.02039,3.64741,7.55544,0
398.9,0.02039,3.64731,7.55544,0
399,0.02039,3.64721,7.55545,0
399.1,0.02039,3.64712,7.55546,0
399.2,0.02039,3.64702,7.55547,0
399.3,0.02039,3.64692,7.55547,0
399.4,0.02039,3.64682,7.55548,0
399.5,0.02039,3.64672,7.55549,0
399.6,0.02039,3.64662,7.5555,0
399.7,0.02039,3.64652,7.5555,0
399.8,0.02039,3.64641,7.55551,0
399.9,0.02039,3.64631,7.55552,0
400,0.02039,3.64621,7.55552,0
400.1,0.02039,3.64611,7.55553,0
400.2,0.02039,3.64601,7.55554,0
400.3,0.02039,3.64591,7.55554,0
400.4,0.02039,3.6458,7.55555,0
400.5,0.02039,3.6457,7.55556,0
400.6,0.02039,3.6456,7.55556,0
400.7,0.02039,3.6455,7.55557,0
400.8,0.02039,3.6454,7.55558,0
400.9,0.02039,3.6453,7.55558,0
401,0.02039,3.6452,7.55559,0
401.1,0.02039,3.6451,7.5556,0
401.2,0.02039,3.64501,7.5556,0
401.3,0.02038,3.64491,7.55561,0
401.4,0.02038,3.64482,7.55562,0
401.5,0.02038,3.64473,7.55562,0
401.6,0.02038,3.64463,7.55563,0
401.7,0.02038,3.64454,7.55564,0
401.8,0.02038,3.64444,7.55564,0
401.9,0.02038,3.64434,7.55565,0
402,0.02038,3.64424,7.55566,0
402.1,0.02038,3.64415,7.55566,0
402.2,0.02038,3.64404,7.55567,0
402.3,0.02038,3.64394,7.55568,0
402.4,0.02038,3.64383,7.55568,0
402.5,0.02038,3.64372,7.55569,0
402.6,0.02038,3.64361,7.5557,0
402.7,0.02038,3.6435,7.5557,0
402.8,0.02038,3.64339,7.55571,0
402.9,0.02038,3.64328,7.55572,0
403,0.02038,3.64317,7.55572,0
403.1,0.02038,3.64305,7.55573,0
403.2,0.02038,3.64294,7.55574,0
403.3,0.02038,3.64282,7.55574,0
403.4,0.02038,3.64271,7.55575,0
403.5,0.02038,3.64259,7.55576,0
403.6,0.02038,3.64248,7.55576,0
403.7,0.02038,3.64236,7.55577,0
403.8,0.02038,3.64225,7.55578,0
403.9,0.02038,3.64213,7.55578,0
404,0.02038,3.64201,7.55579,0
404.1,0.02038,3.64189,7.5558,0
404.2,0.02038,3.64177,7.5558,0
404.3,0.02038,3.64165,7.55581,0
404.4,0.02038,3.64153,7.55582,0
404.5,0.02038,3.64141,7.55582,0
404.6,0.02038,3.6413,7.55583,0
404.7,0.02038,3.64118,7.55583,0
404.8,0.02038,3.64106,7.55584,0
404.9,0.02038,3.64094,7.55585,0
405,0.02038,3.64082,7.55585,0
405.1,0.02038,3.6407,7.55586,0
405.2,0.02038,3.64058,7.55586,0
405.3,0.02038,3.64046,7.55587,0
405.4,0.02038,3.64034,7.55588,0
405.5,0.02038,3.64022,7.55588,0
405.6,0.02038,3.6401,7.55589,0
405.7,0.02038,3.63998,7.55589,0
405.8,0.02038,3.63986,7.5559,0
405.9,0.02038,3.63974,7.55591,0
406,0.02038,3.63962,7.55591,0
406.1,0.02038,3.6395,7.55592,0
406.2,0.02038,3.63939,7.55592,0
406.3,0.02038,3.63927,7.55593,0
406.4,0.02038,3.63916,7.55593,0
406.5,0.02038,3.63904,7.55594,0
406.6,0.02037,3.63893,7.55595,0
406.7,0.02037,3.63882,7.55595,0
406.8,0.02037,3.63871,7.55596,0
406.9,0.02037,3.63859,7.55596,0
407,0.02037,3.63848,7.55597,0
407.1,0.02037,3.63837,7.55597,0
407.2,0.02037,3.63827,7.55598,0
407.3,0.02037,3.63816,7.55598,0
407.4,0.02037,3.63806,7.55599,0
407.5,0.02037,3.63795,7.55599,0
407.6,0.02037,3.63785,7.556,0
407.7,0.02037,3.63774,7.556,0
407.8,0.02037,3.63764,7.55601,0
407.9,0.02037,3.63754,7.55602,0
408,0.02037,3.63744,7.55602,0
408.1,0.02037,3.63734,7.55603,0
408.2,0.02037,3.63724,7.55603,0
408.3,0.02037,3.63714,7.55604,0
408.4,0.02037,3.63704,7.55604,0
408.5,0.02037,3.63694,7.55605,0
408.6,0.02037,3.63685,7.55605,0
408.7,0.02037,3.63675,7.55606,0
408.8,0.02037,3.63665,7.55606,0
408.9,0.02037,3.63656,7.55607,0
409,0.02037,3.63646,7.55607,0
409.1,0.02037,3.63637,7.55608,0
409.2,0.02037,3.63628,7.55608,0
409.3,0.02037,3.63618,7.55608,0
409.4,0.02037,3.63609,7.55609,0
409.5,0.02037,3.636,7.55609,0
409.6,0.02037,3.63591,7.5561,0
409.7,0.02037,3.63582,7.5561,0
409.8,0.02037,3.63573,7.55611,0
409.9,0.02037,3.63565,7.55611,0
410,0.02037,3.63556,7.55612,0
410.1,0.02037,3.63547,7.55612,0
410.2,0.02037,3.63538,7.55613,0
410.3,0.02037,3.6353,7.55613,0
410.4,0.02037,3.63521,7.55613,0
410.5,0.02037,3.63513,7.55614,0
410.6,0.02037,3.63504,7.55614,0
410.7,0.02037,3.63496,7.55615,0
410.8,0.02036,3.63488,7.55615,0
410.9,0.02036,3.6348,7.55616,0
411,0.02036,3.63472,7.55616,0
411.1,0.02036,3.63464,7.55616,0
411.2,0.02036,3.63456,7.55617,0
411.3,0.02036,3.63448,7.55617,0
411.4,0.02036,3.6344,7.55618,0
411.5,0.02036,3.63432,7.55618,0
411.6,0.02036,3.63424,7.55619,0
411.7,0.02036,3.63417,7.55619,0
411.8,0.02036,3.63409,7.55619,0
411.9,0.02036,3.63402,7.5562,0
412,0.02036,3.63394,7.5562,0
412.1,0.02036,3.63386,7.55621,0
412.2,0.02036,3.63379,7.55621,0
412.3,0.02036,3.63371,7.55621,0
412.4,0.02036,3.63364,7.55622,0
412.5,0.02036,3.63356,7.55622,0
412.6,0.02036,3.63349,7.55623,0
412.7,0.02036,3.63341,7.55623,0
412.8,0.02036,3.63334,7.55624,0
412.9,0.02036,3.63326,7.55624,0
413,0.02036,3.63319,7.55624,0
413.1,0.02036,3.63311,7.55625,0
413.2,0.02036,3.63303,7.55625,0
413.3,0.02036,3.63296,7.55626,0
413.4,0.02036,3.63288,7.55626,0
413.5,0.02036,3.6328,7.55626,0
413.6,0.02036,3.63273,7.55627,0
413.7,0.02036,3.63265,7.55627,0
413.8,0.02036,3.63258,7.55627,0
413.9,0.02036,3.6325,7.55628,0
414,0.02036,3.63243,7.55628,0
414.1,0.02036,3.63235,7.55628,0
414.2,0.02036,3.63228,7.55629,0
414.3,0.02036,3.63221,7.55629,0
414.4,0.02036,3.63213,7.5563,0
414.5,0.02036,3.63206,7.5563,0
414.6,0.02036,3.63199,7.5563,0
414.7,0.02036,3.63192,7.55631,0
414.8,0.02036,3.63185,7.55631,0
414.9,0.02036,3.63178,7.55631,0
415,0.02036,3.63172,7.55632,0
415.1,0.02035,3.63165,7.55632,0
415.2,0.02035,3.63158,7.55632,0
415.3,0.02035,3.63152,7.55632,0
415.4,0.02035,3.63145,7.55633,0
415.5,0.02035,3.63139,7.55633,0
415.6,0.02035,3.63132,7.55633,0
415.7,0.02035,3.63125,7.55634,0
415.8,0.02035,3.63119,7.55634,0
415.9,0.02035,3.63113,7.55634,0
416,0.02035,3.63106,7.55635,0
416.1,0.02035,3.631,7.55635,0
416.2,0.02035,3.63094,7.55635,0
416.3,0.02035,3.63088,7.55635,0
416.4,0.02035,3.63082,7.55636,0
416.5,0.02035,3.63076,7.55636,0
416.6,0.02035,3.6307,7.55636,0
416.7,0.02035,3.63064,7.55636,0
416.8,0.02035,3.63058,7.55637,0
416.9,0.02035,3.63053,7.55637,0
417,0.02035,3.63047,7.55637,0
417.1,0.02035,3.63041,7.55637,0
417.2,0.02035,3.63035,7.55638,0
417.3,0.02035,3.63029,7.55638,0
417.4,0.02035,3.63023,7.55638,0
417.5,0.02035,3.63017,7.55638,0
417.6,0.02035,3.63012,7.55638,0
417.7,0.02035,3.63006,7.55639,0
417.8,0.02035,3.63001,7.55639,0
417.9,0.02035,3.62995,7.55639,0
418,0.02035,3.62989,7.55639,0
418.1,0.02035,3.62984,7.55639,0
418.2,0.02035,3.62978,7.5564,0
418.3,0.02035,3.62972,7.5564,0
418.4,0.02035,3.62967,7.5564,0
418.5,0.02035,3.62961,7.5564,0
418.6,0.02035,3.62956,7.5564,0
418.7,0.02035,3.62951,7.5564,0
418.8,0.02035,3.62946,7.5564,0
418.9,0.02035,3.6294,7.5564,0
419,0.02035,3.62935,7.5564,0
419.1,0.02035,3.6293,7.5564,0
419.2,0.02035,3.62925,7.55641,0
419.3,0.02035,3.6292,7.55641,0
419.4,0.02035,3.62916,7.55641,0
419.5,0.02035,3.62911,7.55641,0
419.6,0.02035,3.62906,7.55641,0
419.7,0.02034,3.62902,7.55641,0
419.8,0.02034,3.62898,7.55641,0
419.9,0.02034,3.62894,7.55641,0
420,0.02034,3.6289,7.55641,0
420.1,0.02034,3.62886,7.55641,0
420.2,0.02034,3.62882,7.55641,0
420.3,0.02034,3.62879,7.55641,0
420.4,0.02034,3.62876,7.55641,0
420.5,0.02034,3.62872,7.55641,0
420.6,0.02034,3.62869,7.55641,0
420.7,0.02034,3.62866,7.55641,0
420.8,0.02034,3.62863,7.55641,0
420.9,0.02034,3.6286,7.55641,0
421,0.02034,3.62856,7.55641,0
421.1,0.02034,3.62853,7.55641,0
421.2,0.02034,3.6285,7.55641,0
421.3,0.02034,3.62847,7.55641,0
421.4,0.02034,3.62844,7.55641,0
421.5,0.02034,3.62842,7.55641,0
421.6,0.02034,3.62839,7.55641,0
421.7,0.02034,3.62836,7.55641,0
421.8,0.02034,3.62833,7.55641,0
421.9,0.02034,3.6283,7.55641,0
422,0.02034,3.62828,7.55641,0
422.1,0.02034,3.62825,7.55641,0
422.2,0.02034,3.62822,7.55641,0
422.3,0.02034,3.6282,7.55641,0
422.4,0.02034,3.62817,7.55641,0
422.5,0.02034,3.62815,7.55641,0
422.6,0.02034,3.62812,7.55641,0
422.7,0.02034,3.6281,7.55641,0
422.8,0.02034,3.62807,7.55641,0
422.9,0.02034,3.62805,7.55641,0
423,0.02034,3.62802,7.55641,0
423.1,0.02034,3.62799,7.55641,0
423.2,0.02034,3.62797,7.55641,0
423.3,0.02034,3.62794,7.55641,0
423.4,0.02034,3.62791,7.55641,0
423.5,0.02034,3.62789,7.55641,0
423.6,0.02034,3.62786,7.55641,0
423.7,0.02034,3.62784,7.55641,0
423.8,0.02034,3.62781,7.55641,0
423.9,0.02034,3.62778,7.55641,0
424,0.02034,3.62775,7.55641,0
424.1,0.02034,3.62772,7.55641,0
424.2,0.02034,3.62768,7.55641,0
424.3,0.02033,3.62765,7.55641,0
424.4,0.02033,3.62762,7.55641,0
424.5,0.02033,3.62759,7.55641,0
424.6,0.02033,3.62755,7.55641,0
424.7,0.02033,3.62752,7.55641,0
424.8,0.02033,3.62749,7.55641,0
424.9,0.02033,3.62745,7.55641,0
425,0.02033,3.62742,7.55641,0
425.1,0.02033,3.62739,7.55641,0
425.2,0.02033,3.62735,7.55641,0
425.3,0.02033,3.62732,7.55641,0
425.4,0.02033,3.62729,7.55641,0
425.5,0.02033,3.62725,7.55641,0
425.6,0.02033,3.62722,7.55641,0
425.7,0.02033,3.62719,7.55641,0
425.8,0.02033,3.62715,7.55641,0
425.9,0.02033,3.62711,7.55641,0
426,0.02033,3.62708,7.55641,0
426.1,0.02033,3.62704,7.55641,0
426.2,0.02033,3.62701,7.55641,0
426.3,0.02033,3.62698,7.55641,0
426.4,0.02033,3.62694,7.55641,0
426.5,0.02033,3.62691,7.55641,0
426.6,0.02033,3.62687,7.55641,0
426.7,0.02033,3.62683,7.55641,0
426.8,0.02033,3.6268,7.55641,0
426.9,0.02033,3.62676,7.55641,0
427,0.02033,3.62672,7.55641,0
427.1,0.02033,3.62669,7.55641,0
427.2,0.02033,3.62665,7.55641,0
427.3,0.02033,3.62662,7.55641,0
427.4,0.02033,3.62658,7.55641,0
427.5,0.02033,3.62654,7.55641,0
427.6,0.02033,3.62651,7.55641,0
427.7,0.02033,3.62647,7.55641,0
427.8,0.02033,3.62643,7.55641,0
427.9,0.02033,3.62639,7.55641,0
428,0.02033,3.62636,7.55641,0
428.1,0.02033,3.62632,7.5564,0
428.2,0.02033,3.62628,7.5564,0
428.3,0.02033,3.62624,7.5564,0
428.4,0.02033,3.6262,7.5564,0
428.5,0.02032,3.62616,7.5564,0
428.6,0.02032,3.62613,7.5564,0
428.7,0.02032,3.62609,7.5564,0
428.8,0.02032,3.62605,7.5564,0
428.9,0.02032,3.62602,7.5564,0
429,0.02032,3.62598,7.5564,0
429.1,0.02032,3.62595,7.5564,0
429.2,0.02032,3.62592,7.5564,0
429.3,0.02032,3.62588,7.5564,0
429.4,0.02032,3.62585,7.5564,0
429.5,0.02032,3.62582,7.5564,0
429.6,0.02032,3.62579,7.5564,0
429.7,0.02032,3.62576,7.5564,0
429.8,0.02032,3.62573,7.5564,0
429.9,0.02032,3.6257,7.55639,0
430,0.02032,3.62567,7.55639,0
430.1,0.02032,3.62565,7.55639,0
430.2,0.02032,3.62562,7.55639,0
430.3,0.02032,3.6256,7.55639,0
430.4,0.02032,3.62557,7.55639,0
430.5,0.02032,3.62555,7.55639,0
430.6,0.02032,3.62552,7.55639,0
430.7,0.02032,3.6255,7.55639,0
430.8,0.02032,3.62547,7.55639,0
430.9,0.02033,3.62545,7.55639,0
431,0.02033,3.62543,7.55639,0
431.1,0.02033,3.6254,7.55639,0
431.2,0.02032,3.62538,7.55638,0
431.3,0.02032,3.62536,7.55638,0
431.4,0.02032,3.62533,7.55638,0
431.5,0.02032,3.62531,7.55638,0
431.6,0.02032,3.62529,7.55638,0
431.7,0.02032,3.62527,7.55638,0
431.8,0.02032,3.62525,7.55638,0
431.9,0.02032,3.62523,7.55638,0
432,0.02032,3.62521,7.55638,0
432.1,0.02032,3.62519,7.55637,0
432.2,0.02032,3.62517,7.55637,0
432.3,0.02032,3.62515,7.55637,0
432.4,0.02032,3.62514,7.55637,0
432.5,0.02032,3.62512,7.55637,0
432.6,0.02032,3.6251,7.55637,0
432.7,0.02032,3.62509,7.55637,0
432.8,0.02032,3.62507,7.55636,0
432.9,0.02032,3.62506,7.55636,0
433,0.02032,3.62504,7.55636,0
433.1,0.02032,3.62503,7.55636,0
433.2,0.02032,3.62502,7.55636,0
433.3,0.02032,3.625,7.55636,0
433.4,0.02032,3.62499,7.55636,0
433.5,0.02032,3.62497,7.55635,0
433.6,0.02032,3.62496,7.55635,0
433.7,0.02032,3.62495,7.55635,0
433.8,0.02032,3.62493,7.55635,0
433.9,0.02032,3.62492,7.55635,0
434,0.02032,3.6249,7.55634,0
434.1,0.02032,3.62489,7.55634,0
434.2,0.02032,3.62487,7.55634,0
434.3,0.02032,3.62486,7.55634,0
434.4,0.02032,3.62485,7.55634,0
434.5,0.02032,3.62484,7.55634,0
434.6,0.02032,3.62483,7.55633,0
434.7,0.02032,3.62482,7.55633,0
434.8,0.02032,3.62481,7.55633,0
434.9,0.02032,3.62479,7.55633,0
435,0.02032,3.62478,7.55633,0
435.1,0.02032,3.62477,7.55633,0
435.2,0.02032,3.62476,7.55632,0
435.3,0.02032,3.62475,7.55632,0
435.4,0.02032,3.62474,7.55632,0
435.5,0.02032,3.62473,7.55632,0
435.6,0.02032,3.62472,7.55632,0
435.7,0.02032,3.62471,7.55631,0
435.8,0.02032,3.6247,7.55631,0
435.9,0.02032,3.62469,7.55631,0
436,0.02032,3.62468,7.55631,0
436.1,0.02032,3.62467,7.55631,0
436.2,0.02032,3.62466,7.5563,0
436.3,0.02032,3.62465,7.5563,0
436.4,0.02032,3.62464,7.5563,0
436.5,0.02032,3.62464,7.5563,0
436.6,0.02032,3.62463,7.5563,0
436.7,0.02032,3.62462,7.55629,0
436.8,0.02032,3.62461,7.55629,0
436.9,0.02032,3.6246,7.55629,0
437,0.02032,3.6246,7.55629,0
437.1,0.02032,3.62459,7.55628,0
437.2,0.02032,3.62458,7.55628,0
437.3,0.02032,3.62458,7.55628,0
437.4,0.02032,3.62457,7.55628,0
437.5,0.02032,3.62456,7.55628,0
437.6,0.02032,3.62455,7.55627,0
437.7,0.02032,3.62455,7.55627,0
437.8,0.02032,3.62454,7.55627,0
437.9,0.02032,3.62453,7.55627,0
438,0.02032,3.62452,7.55627,0
438.1,0.02032,3.62451,7.55626,0
438.2,0.02032,3.6245,7.55626,0
438.3,0.02032,3.62449,7.55626,0
438.4,0.02032,3.62448,7.55626,0
438.5,0.02032,3.62447,7.55626,0
438.6,0.02032,3.62446,7.55625,0
438.7,0.02032,3.62444,7.55625,0
438.8,0.02032,3.62443,7.55625,0
438.9,0.02032,3.62442,7.55625,0
439,0.02032,3.6244,7.55625,0
439.1,0.02032,3.62439,7.55625,0
439.2,0.02032,3.62438,7.55624,0
439.3,0.02032,3.62437,7.55624,0
439.4,0.02032,3.62435,7.55624,0
439.5,0.02032,3.62434,7.55624,0
439.6,0.02032,3.62433,7.55624,0
439.7,0.02032,3.62432,7.55623,0
439.8,0.02032,3.6243,7.55623,0
439.9,0.02032,3.62429,7.55623,0
440,0.02032,3.62428,7.55623,0
440.1,0.02032,3.62427,7.55623,0
440.2,0.02032,3.62425,7.55623,0
440.3,0.02032,3.62424,7.55622,0
440.4,0.02032,3.62422,7.55622,0
440.5,0.02032,3.62421,7.55622,0
440.6,0.02032,3.62419,7.55622,0
440.7,0.02032,3.62418,7.55622,0
440.8,0.02032,3.62416,7.55621,0
440.9,0.02032,3.62415,7.55621,0
441,0.02032,3.62414,7.55621,0
441.1,0.02032,3.62412,7.55621,0
441.2,0.02032,3.62411,7.55621,0
441.3,0.02032,3.6241,7.55621,0
441.4,0.02032,3.62408,7.5562,0
441.5,0.02032,3.62407,7.5562,0
441.6,0.02031,3.62405,7.5562,0
441.7,0.02031,3.62404,7.5562,0
441.8,0.02031,3.62402,7.5562,0
441.9,0.02031,3.624,7.5562,0
442,0.02031,3.62399,7.55619,0
442.1,0.02031,3.62397,7.55619,0
442.2,0.02031,3.62396,7.55619,0
442.3,0.02031,3.62394,7.55619,0
442.4,0.02031,3.62392,7.55619,0
442.5,0.02031,3.62391,7.55619,0
442.6,0.02031,3.62389,7.55619,0
442.7,0.02031,3.62387,7.55619,0
442.8,0.02031,3.62385,7.55618,0
442.9,0.02031,3.62384,7.55618,0
443,0.02031,3.62382,7.55618,0
443.1,0.02031,3.6238,7.55618,0
443.2,0.02031,3.62378,7.55618,0
443.3,0.02031,3.62376,7.55618,0
443.4,0.02031,3.62374,7.55618,0
443.5,0.02031,3.62372,7.55618,0
443.6,0.02031,3.62369,7.55618,0
443.7,0.02031,3.62367,7.55618,0
443.8,0.02031,3.62364,7.55618,0
443.9,0.02031,3.62362,7.55617,0
444,0.02031,3.62359,7.55617,0
444.1,0.02031,3.62356,7.55617,0
444.2,0.02031,3.62353,7.55617,0
444.3,0.02031,3.6235,7.55617,0
444.4,0.02031,3.62347,7.55617,0
444.5,0.02031,3.62344,7.55617,0
444.6,0.02031,3.62341,7.55617,0
444.7,0.02031,3.62338,7.55617,0
444.8,0.02031,3.62335,7.55617,0
444.9,0.02031,3.62331,7.55617,0
445,0.02031,3.62328,7.55617,0
445.1,0.02031,3.62324,7.55617,0
445.2,0.02031,3.6232,7.55617,0
445.3,0.02031,3.62317,7.55617,0
445.4,0.02031,3.62313,7.55617,0
445.5,0.02031,3.6231,7.55617,0
445.6,0.02031,3.62307,7.55617,0
445.7,0.02031,3.62303,7.55617,0
445.8,0.02031,3.623,7.55618,0
445.9,0.02031,3.62296,7.55618,0
446,0.02031,3.62292,7.55618,0
446.1,0.02031,3.62288,7.55618,0
446.2,0.02031,3.62284,7.55618,0
446.3,0.02031,3.6228,7.55618,0
446.4,0.02031,3.62275,7.55618,0
446.5,0.02031,3.6227,7.55618,0
446.6,0.02031,3.62266,7.55618,0
446.7,0.02031,3.62261,7.55618,0
446.8,0.02031,3.62257,7.55618,0
446.9,0.02031,3.62251,7.55618,0
447,0.02031,3.62246,7.55619,0
447.1,0.02031,3.62241,7.55619,0
447.2,0.02031,3.62235,7.55619,0
447.3,0.02031,3.6223,7.55619,0
447.4,0.02031,3.62224,7.55619,0
447.5,0.02031,3.62219,7.55619,0
447.6,0.02031,3.62213,7.55619,0
447.7,0.02031,3.62207,7.5562,0
447.8,0.02031,3.62202,7.5562,0
447.9,0.02031,3.62196,7.5562,0
448,0.02031,3.6219,7.5562,0
448.1,0.02031,3.62184,7.5562,0
448.2,0.02031,3.62178,7.55621,0
448.3,0.02031,3.62173,7.55621,0
448.4,0.02031,3.62167,7.55621,0
448.5,0.02031,3.62162,7.55621,0
448.6,0.02031,3.62156,7.55621,0
448.7,0.02031,3.6215,7.55622,0
448.8,0.02031,3.62144,7.55622,0
448.9,0.02031,3.62138,7.55622,0
449,0.02031,3.62132,7.55622,0
449.1,0.02031,3.62126,7.55623,0
449.2,0.02031,3.6212,7.55623,0
449.3,0.02031,3.62114,7.55623,0
449.4,0.02031,3.62108,7.55623,0
449.5,0.02031,3.62101,7.55624,0
449.6,0.02031,3.62095,7.55624,0
449.7,0.02031,3.62088,7.55624,0
449.8,0.02031,3.62082,7.55625,0
449.9,0.02031,3.62075,7.55625,0
450,0.02031,3.62068,7.55625,0
450.1,0.02031,3.62061,7.55626,0
450.2,0.02031,3.62054,7.55626,0
450.3,0.02031,3.62047,7.55626,0
450.4,0.02031,3.62039,7.55627,0
450.5,0.02031,3.62033,7.55627,0
450.6,0.02031,3.62026,7.55627,0
450.7,0.02031,3.62018,7.55628,0
450.8,0.02031,3.62011,7.55628,0
450.9,0.02031,3.62004,7.55628,0
451,0.02031,3.61996,7.55629,0
451.1,0.02031,3.61988,7.55629,0
451.2,0.02031,3.6198,7.5563,0
451.3,0.02031,3.61972,7.5563,0
451.4,0.02031,3.61963,7.55631,0
451.5,0.0203,3.61954,7.55631,0
451.6,0.0203,3.61945,7.55631,0
451.7,0.0203,3.61936,7.55632,0
451.8,0.0203,3.61926,7.55632,0
451.9,0.0203,3.61916,7.55633,0
452,0.0203,3.61907,7.55633,0
452.1,0.0203,3.61897,7.55634,0
452.2,0.0203,3.61886,7.55634,0
452.3,0.0203,3.61876,7.55635,0
452.4,0.0203,3.61865,7.55635,0
452.5,0.0203,3.61855,7.55636,0
452.6,0.0203,3.61844,7.55636,0
452.7,0.0203,3.61833,7.55637,0
452.8,0.0203,3.61822,7.55638,0
452.9,0.0203,3.61812,7.55638,0
453,0.0203,3.61802,7.55639,0
453.1,0.0203,3.61791,7.55639,0
453.2,0.0203,3.6178,7.5564,0
453.3,0.0203,3.6177,7.55641,0
453.4,0.0203,3.61758,7.55641,0
453.5,0.0203,3.61747,7.55642,0
453.6,0.0203,3.61735,7.55642,0
453.7,0.0203,3.61723,7.55643,0
453.8,0.0203,3.61711,7.55644,0
453.9,0.0203,3.61698,7.55644,0
454,0.0203,3.61686,7.55645,0
454.1,0.0203,3.61673,7.55646,0
454.2,0.0203,3.61661,7.55646,0
454.3,0.0203,3.61649,7.55647,0
454.4,0.0203,3.61636,7.55648,0
454.5,0.0203,3.61624,7.55649,0
454.6,0.0203,3.61611,7.55649,0
454.7,0.0203,3.61598,7.5565,0
454.8,0.0203,3.61585,7.55651,0
454.9,0.0203,3.61572,7.55652,0
455,0.0203,3.61559,7.55652,0
455.1,0.0203,3.61546,7.55653,0
455.2,0.0203,3.61532,7.55654,0
455.3,0.0203,3.61518,7.55655,0
455.4,0.0203,3.61505,7.55656,0
455.5,0.0203,3.61491,7.55657,0
455.6,0.0203,3.61477,7.55657,0
455.7,0.0203,3.61462,7.55658,0
455.8,0.0203,3.61448,7.55659,0
455.9,0.0203,3.61433,7.5566,0
456,0.0203,3.61418,7.55661,0
456.1,0.0203,3.61403,7.55661,0
456.2,0.0203,3.61388,7.55661,0
456.3,0.0203,3.61373,7.55662,0
456.4,0.0203,3.61358,7.55662,0
456.5,0.0203,3.61342,7.55662,0
456.6,0.0203,3.61327,7.55662,0
456.7,0.0203,3.61311,7.55663,0
456.8,0.0203,3.61295,7.55663,0
456.9,0.0203,3.61278,7.55663,0
457,0.0203,3.61262,7.55663,0
457.1,0.0203,3.61245,7.55664,0
457.2,0.0203,3.61227,7.55664,0
457.3,0.0203,3.6121,7.55664,0
457.4,0.0203,3.61193,7.55664,0
457.5,0.0203,3.61189,7.55665,0
457.6,0.0203,3.61184,7.55665,0
457.7,0.0203,3.61179,7.55665,0
457.8,0.0203,3.61175,7.55665,0
457.9,0.0203,3.61169,7.55666,0
458,0.0203,3.61163,7.55666,0
458.1,0.0203,3.61157,7.55666,0
458.2,0.0203,3.61151,7.55666,0
458.3,0.0203,3.61145,7.55666,0
458.4,0.0203,3.61139,7.55667,0
458.5,0.0203,3.61133,7.55667,0
458.6,0.0203,3.61127,7.55667,0
458.7,0.0203,3.61122,7.55667,0
458.8,0.0203,3.61116,7.55668,0
458.9,0.0203,3.6111,7.55668,0
459,0.0203,3.61105,7.55668,0
459.1,0.0203,3.61099,7.55669,0
459.2,0.0203,3.61093,7.55669,0
459.3,0.0203,3.61088,7.55669,0
459.4,0.0203,3.61082,7.55669,0
459.5,0.0203,3.61077,7.5567,0
459.6,0.0203,3.61071,7.5567,0
459.7,0.0203,3.61066,7.5567,0
459.8,0.0203,3.6106,7.5567,0
459.9,0.0203,3.61055,7.55671,0
460,0.0203,3.61049,7.55671,0
460.1,0.0203,3.61044,7.55671,0
460.2,0.0203,3.61038,7.55671,0
460.3,0.0203,3.61033,7.55672,0
460.4,0.0203,3.61028,7.55672,0
460.5,0.0203,3.61022,7.55672,0
460.6,0.0203,3.61017,7.55672,0
460.7,0.0203,3.61012,7.55673,0
460.8,0.0203,3.61006,7.55673,0
460.9,0.0203,3.61001,7.55673,0
461,0.0203,3.60996,7.55673,0
461.1,0.0203,3.60991,7.55674,0
461.2,0.0203,3.60986,7.55674,0
461.3,0.0203,3.6098,7.55674,0
461.4,0.02029,3.60975,7.55675,0
461.5,0.02029,3.6097,7.55675,0
461.6,0.02029,3.60964,7.55675,0
461.7,0.02029,3.60959,7.55675,0
461.8,0.02029,3.60953,7.55676,0
461.9,0.02029,3.60948,7.55676,0
462,0.02029,3.60942,7.55676,0
462.1,0.02029,3.60937,7.55676,0
462.2,0.02029,3.60931,7.55677,0
462.3,0.02029,3.60926,7.55677,0
462.4,0.02029,3.6092,7.55677,0
462.5,0.02029,3.60915,7.55677,0
462.6,0.02029,3.60909,7.55678,0
462.7,0.02029,3.60904,7.55678,0
462.8,0.02029,3.60898,7.55678,0
462.9,0.02029,3.60893,7.55679,0
463,0.02029,3.60887,7.55679,0
463.1,0.02029,3.60882,7.55679,0
463.2,0.02029,3.60877,7.55679,0
463.3,0.02029,3.60871,7.5568,0
463.4,0.02029,3.60866,7.5568,0
463.5,0.02029,3.6086,7.5568,0
463.6,0.02029,3.60855,7.5568,0
463.7,0.02029,3.60849,7.55681,0
463.8,0.02029,3.60844,7.55681,0
463.9,0.02029,3.60838,7.55681,0
464,0.02029,3.60832,7.55682,0
464.1,0.02029,3.60827,7.55682,0
464.2,0.02029,3.60821,7.55682,0
464.3,0.02029,3.60816,7.55682,0
464.4,0.02029,3.6081,7.55683,0
464.5,0.02029,3.60805,7.55683,0
464.6,0.02029,3.60799,7.55683,0
464.7,0.02029,3.60794,7.55684,0
464.8,0.02029,3.60788,7.55684,0
464.9,0.02029,3.60783,7.55684,0
465,0.02029,3.60778,7.55684,0
465.1,0.02029,3.60772,7.55685,0
465.2,0.02029,3.60766,7.55685,0
465.3,0.02029,3.6076,7.55685,0
465.4,0.02029,3.60755,7.55686,0
465.5,0.02029,3.60749,7.55686,0
465.6,0.02029,3.60744,7.55686,0
465.7,0.02029,3.60738,7.55687,0
465.8,0.02029,3.60732,7.55687,0
465.9,0.02029,3.60727,7.55687,0
466,0.02029,3.60721,7.55687,0
466.1,0.02029,3.60715,7.55688,0
466.2,0.02029,3.60709,7.55688,0
466.3,0.02029,3.60703,7.55688,0
466.4,0.02029,3.60697,7.55689,0
466.5,0.02029,3.60692,7.55689,0
466.6,0.02029,3.60686,7.55689,0
466.7,0.02029,3.6068,7.55689,0
466.8,0.02029,3.60674,7.5569,0
466.9,0.02029,3.60668,7.5569,0
467,0.02029,3.60661,7.5569,0
467.1,0.02029,3.60655,7.55691,0
467.2,0.02029,3.60648,7.55691,0
467.3,0.02029,3.60642,7.55691,0
467.4,0.02029,3.60636,7.55692,0
467.5,0.02029,3.6063,7.55692,0
467.6,0.02029,3.60624,7.55692,0
467.7,0.02029,3.60617,7.55692,0
467.8,0.02029,3.60611,7.55693,0
467.9,0.02029,3.60605,7.55693,0
468,0.02029,3.60599,7.55693,0
468.1,0.02029,3.60592,7.55694,0
468.2,0.02029,3.60586,7.55694,0
468.3,0.02029,3.60579,7.55694,0
468.4,0.02029,3.60573,7.55694,0
468.5,0.02029,3.60566,7.55695,0
468.6,0.02029,3.6056,7.55695,0
468.7,0.02029,3.60553,7.55695,0
468.8,0.02029,3.60547,7.55696,0
468.9,0.02029,3.6054,7.55696,0
469,0.02029,3.60534,7.55696,0
469.1,0.02029,3.60527,7.55697,0
469.2,0.02029,3.6052,7.55697,0
469.3,0.02029,3.60513,7.55697,0
469.4,0.02029,3.60507,7.55697,0
469.5,0.02029,3.605,7.55698,0
469.6,0.02029,3.60493,7.55698,0
469.7,0.02029,3.60486,7.55698,0
469.8,0.02029,3.6048,7.55699,0
469.9,0.02029,3.60473,7.55699,0
470,0.02029,3.60466,7.55699,0
470.1,0.02029,3.6046,7.557,0
470.2,0.02029,3.60453,7.557,0
470.3,0.02029,3.60446,7.557,0
470.4,0.02029,3.6044,7.557,0
470.5,0.02029,3.60433,7.55701,0
470.6,0.02029,3.60426,7.55701,0
470.7,0.02029,3.6042,7.55701,0
470.8,0.02029,3.60413,7.55702,0
470.9,0.02029,3.60406,7.55702,0
471,0.02029,3.60399,7.55702,0
471.1,0.02029,3.60392,7.55703,0
471.2,0.02029,3.60386,7.55703,0
471.3,0.02029,3.60379,7.55703,0
471.4,0.02029,3.60372,7.55704,0
471.5,0.02029,3.60365,7.55704,0
471.6,0.02029,3.60358,7.55704,0
471.7,0.02029,3.60351,7.55704,0
471.8,0.02029,3.60344,7.55705,0
471.9,0.02029,3.60336,7.55705,0
472,0.02029,3.60329,7.55705,0
472.1,0.02029,3.60322,7.55706,0
472.2,0.02029,3.60315,7.55706,0
472.3,0.02029,3.60308,7.55706,0
472.4,0.02029,3.60301,7.55707,0
472.5,0.02029,3.60293,7.55707,0
472.6,0.02029,3.60286,7.55707,0
472.7,0.02029,3.60279,7.55708,0
472.8,0.02029,3.60272,7.55708,0
472.9,0.02029,3.60264,7.55708,0
473,0.02029,3.60257,7.55708,0
473.1,0.02029,3.6025,7.55709,0
473.2,0.02029,3.60242,7.55709,0
473.3,0.02029,3.60235,7.55709,0
473.4,0.02029,3.60228,7.5571,0
473.5,0.02029,3.6022,7.5571,0
473.6,0.02029,3.60213,7.5571,0
473.7,0.02029,3.60205,7.55711,0
473.8,0.02029,3.60198,7.55711,0
473.9,0.02029,3.60191,7.55711,0
474,0.02029,3.60183,7.55712,0
474.1,0.02029,3.60176,7.55712,0
474.2,0.02029,3.60168,7.55712,0
474.3,0.02029,3.60161,7.55713,0
474.4,0.02029,3.60154,7.55713,0
474.5,0.02029,3.60146,7.55713,0
474.6,0.02029,3.60139,7.55714,0
474.7,0.02029,3.60131,7.55714,0
474.8,0.02029,3.60124,7.55714,0
474.9,0.02029,3.60116,7.55715,0
475,0.02029,3.60109,7.55715,0
475.1,0.02029,3.60102,7.55715,0
475.2,0.02029,3.60094,7.55716,0
475.3,0.02029,3.60087,7.55716,0
475.4,0.02029,3.60079,7.55716,0
475.5,0.02029,3.60072,7.55717,0
475.6,0.02029,3.60065,7.55717,0
475.7,0.02029,3.60057,7.55718,0
475.8,0.02029,3.6005,7.55718,0
475.9,0.02029,3.60042,7.55718,0
476,0.02029,3.60035,7.55719,0
476.1,0.02029,3.60028,7.55719,0
476.2,0.02029,3.6002,7.55719,0
476.3,0.02029,3.60013,7.5572,0
476.4,0.02029,3.60005,7.5572,0
476.5,0.02029,3.59998,7.5572,0
476.6,0.02028,3.5999,7.55721,0
476.7,0.02028,3.59983,7.55721,0
476.8,0.02028,3.59975,7.55721,0
476.9,0.02028,3.59968,7.55722,0
477,0.02028,3.5996,7.55722,0
477.1,0.02028,3.59953,7.55722,0
477.2,0.02028,3.59945,7.55723,0
477.3,0.02028,3.59938,7.55723,0
477.4,0.02028,3.5993,7.55723,0
477.5,0.02028,3.59923,7.55724,0
477.6,0.02028,3.59915,7.55724,0
477.7,0.02028,3.59908,7.55724,0
477.8,0.02028,3.599,7.55725,0
477.9,0.02028,3.59892,7.55725,0
478,0.02028,3.59885,7.55725,0
478.1,0.02028,3.59877,7.55726,0
478.2,0.02028,3.59869,7.55726,0
478.3,0.02028,3.59862,7.55726,0
478.4,0.02028,3.59854,7.55727,0
478.5,0.02028,3.59846,7.55727,0
478.6,0.02028,3.59838,7.55727,0
478.7,0.02028,3.5983,7.55728,0
478.8,0.02028,3.59822,7.55728,0
478.9,0.02028,3.59815,7.55728,0
479,0.02028,3.59807,7.55729,0
479.1,0.02028,3.59799,7.55729,0
479.2,0.02028,3.59791,7.55729,0
479.3,0.02028,3.59783,7.5573,0
479.4,0.02028,3.59775,7.5573,0
479.5,0.02028,3.59767,7.5573,0
479.6,0.02028,3.5976,7.55731,0
479.7,0.02028,3.59752,7.55731,0
479.8,0.02028,3.59744,7.55731,0
479.9,0.02028,3.59736,7.55731,0
480,0.02028,3.59728,7.55732,0
480.1,0.02028,3.5972,7.55732,0
480.2,0.02028,3.59712,7.55732,0
480.3,0.02028,3.59704,7.55733,0
480.4,0.02028,3.59696,7.55733,0
480.5,0.02028,3.59688,7.55733,0
480.6,0.02028,3.5968,7.55734,0
480.7,0.02028,3.59672,7.55734,0
480.8,0.02028,3.59664,7.55734,0
480.9,0.02028,3.59656,7.55734,0
481,0.02028,3.59648,7.55735,0
481.1,0.02028,3.5964,7.55735,0
481.2,0.02028,3.59632,7.55735,0
481.3,0.02028,3.59624,7.55736,0
481.4,0.02028,3.59615,7.55736,0
481.5,0.02028,3.59607,7.55736,0
481.6,0.02028,3.59599,7.55736,0
481.7,0.02028,3.59591,7.55737,0
481.8,0.02028,3.59582,7.55737,0
481.9,0.02028,3.59574,7.55737,0
482,0.02028,3.59566,7.55738,0
482.1,0.02028,3.59558,7.55738,0
482.2,0.02028,3.5955,7.55738,0
482.3,0.02028,3.59541,7.55739,0
482.4,0.02028,3.59533,7.55739,0
482.5,0.02028,3.59525,7.55739,0
482.6,0.02028,3.59516,7.55739,0
482.7,0.02028,3.59508,7.5574,0
482.8,0.02028,3.595,7.5574,0
482.9,0.02028,3.59491,7.5574,0
483,0.02028,3.59483,7.55741,0
483.1,0.02028,3.59474,7.55741,0
483.2,0.02028,3.59466,7.55741,0
483.3,0.02028,3.59458,7.55741,0
483.4,0.02028,3.59449,7.55742,0
483.5,0.02028,3.59441,7.55742,0
483.6,0.02028,3.59432,7.55742,0
483.7,0.02028,3.59424,7.55743,0
483.8,0.02028,3.59415,7.55743,0
483.9,0.02028,3.59407,7.55743,0
484,0.02028,3.59398,7.55743,0
484.1,0.02028,3.5939,7.55744,0
484.2,0.02028,3.59381,7.55744,0
484.3,0.02028,3.59372,7.55744,0
484.4,0.02028,3.59364,7.55745,0
484.5,0.02028,3.59355,7.55745,0
484.6,0.02028,3.59347,7.55745,0
484.7,0.02028,3.59338,7.55746,0
484.8,0.02028,3.59329,7.55746,0
484.9,0.02028,3.59321,7.55746,0
485,0.02028,3.59312,7.55746,0
485.1,0.02028,3.59303,7.55747,0
485.2,0.02028,3.59294,7.55747,0
485.3,0.02028,3.59286,7.55747,0
485.4,0.02028,3.59277,7.55748,0
485.5,0.02028,3.59268,7.55748,0
485.6,0.02028,3.59259,7.55748,0
485.7,0.02028,3.59251,7.55749,0
485.8,0.02028,3.59242,7.55749,0
485.9,0.02028,3.59233,7.55749,0
486,0.02028,3.59224,7.5575,0
486.1,0.02028,3.59215,7.5575,0
486.2,0.02028,3.59207,7.5575,0
486.3,0.02028,3.59198,7.5575,0
486.4,0.02028,3.59189,7.55751,0
486.5,0.02028,3.5918,7.55751,0
486.6,0.02028,3.59171,7.55751,0
486.7,0.02028,3.59162,7.55752,0
486.8,0.02028,3.59153,7.55752,0
486.9,0.02028,3.59144,7.55752,0
487,0.02028,3.59135,7.55753,0
487.1,0.02028,3.59126,7.55753,0
487.2,0.02028,3.59117,7.55753,0
487.3,0.02028,3.59108,7.55754,0
487.4,0.02028,3.59099,7.55754,0
487.5,0.02028,3.5909,7.55754,0
487.6,0.02028,3.5908,7.55755,0
487.7,0.02028,3.59071,7.55755,0
487.8,0.02028,3.59062,7.55755,0
487.9,0.02028,3.59053,7.55756,0
488,0.02028,3.59044,7.55756,0
488.1,0.02028,3.59035,7.55756,0
488.2,0.02027,3.59026,7.55757,0
488.3,0.02027,3.59016,7.55757,0
488.4,0.02027,3.59007,7.55757,0
488.5,0.02027,3.58998,7.55758,0
488.6,0.02027,3.58989,7.55758,0
488.7,0.02027,3.58979,7.55758,0
488.8,0.02027,3.5897,7.55758,0
488.9,0.02027,3.5896,7.55759,0
489,0.02027,3.58951,7.55759,0
489.1,0.02027,3.58942,7.55759,0
489.2,0.02027,3.58932,7.5576,0
489.3,0.02027,3.58923,7.5576,0
489.4,0.02027,3.58913,7.5576,0
489.5,0.02027,3.58904,7.55761,0
489.6,0.02027,3.58894,7.55761,0
489.7,0.02027,3.58885,7.55761,0
489.8,0.02027,3.58875,7.55762,0
489.9,0.02027,3.58865,7.55762,0
490,0.02027,3.58856,7.55762,0
490.1,0.02027,3.58846,7.55763,0
490.2,0.02027,3.58837,7.55763,0
490.3,0.02027,3.58827,7.55763,0
490.4,0.02027,3.58817,7.55764,0
490.5,0.02027,3.58807,7.55764,0
490.6,0.02027,3.58798,7.55764,0
490.7,0.02027,3.58788,7.55764,0
490.8,0.02027,3.58778,7.55765,0
490.9,0.02027,3.58769,7.55765,0
491,0.02027,3.58759,7.55765,0
491.1,0.02027,3.58749,7.55766,0
491.2,0.02027,3.58739,7.55766,0
491.3,0.02027,3.5873,7.55766,0
491.4,0.02027,3.5872,7.55767,0
491.5,0.02027,3.5871,7.55767,0
491.6,0.02027,3.587,7.55767,0
491.7,0.02027,3.5869,7.55768,0
491.8,0.02027,3.5868,7.55768,0
491.9,0.02027,3.58671,7.55768,0
492,0.02027,3.58661,7.55768,0
492.1,0.02027,3.58651,7.55769,0
492.2,0.02027,3.58641,7.55769,0
492.3,0.02027,3.58631,7.55769,0
492.4,0.02027,3.58621,7.5577,0
492.5,0.02027,3.58612,7.5577,0
492.6,0.02027,3.58602,7.5577,0
492.7,0.02027,3.58592,7.55771,0
492.8,0.02027,3.58582,7.55771,0
492.9,0.02027,3.58572,7.55771,0
493,0.02027,3.58562,7.55771,0
493.1,0.02027,3.58552,7.55772,0
493.2,0.02027,3.58542,7.55772,0
493.3,0.02027,3.58532,7.55772,0
493.4,0.02027,3.58522,7.55773,0
493.5,0.02027,3.58512,7.55773,0
493.6,0.02027,3.58502,7.55773,0
493.7,0.02027,3.58492,7.55774,0
493.8,0.02027,3.58482,7.55774,0
493.9,0.02027,3.58472,7.55774,0
494,0.02027,3.58462,7.55775,0
494.1,0.02027,3.58452,7.55775,0
494.2,0.02027,3.58442,7.55775,0
494.3,0.02027,3.58432,7.55775,0
494.4,0.02027,3.58422,7.55776,0
494.5,0.02027,3.58412,7.55776,0
494.6,0.02027,3.58402,7.55776,0
494.7,0.02027,3.58392,7.55777,0
494.8,0.02027,3.58382,7.55777,0
494.9,0.02027,3.58372,7.55777,0
495,0.02027,3.58362,7.55778,0
495.1,0.02027,3.58352,7.55778,0
495.2,0.02027,3.58342,7.55778,0
495.3,0.02027,3.58332,7.55779,0
495.4,0.02027,3.58322,7.55779,0
495.5,0.02027,3.58312,7.55779,0
495.6,0.02027,3.58302,7.55779,0
495.7,0.02027,3.58292,7.5578,0
495.8,0.02027,3.58282,7.5578,0
495.9,0.02027,3.58272,7.5578,0
496,0.02027,3.58262,7.55781,0
496.1,0.02027,3.58252,7.55781,0
496.2,0.02027,3.58242,7.55781,0
496.3,0.02027,3.58231,7.55782,0
496.4,0.02027,3.58221,7.55782,0
496.5,0.02027,3.58211,7.55782,0
496.6,0.02027,3.58201,7.55783,0
496.7,0.02027,3.58191,7.55783,0
496.8,0.02027,3.58181,7.55783,0
496.9,0.02027,3.58171,7.55784,0
497,0.02027,3.58161,7.55784,0
497.1,0.02027,3.58151,7.55784,0
497.2,0.02027,3.58141,7.55784,0
497.3,0.02027,3.58131,7.55785,0
497.4,0.02027,3.58121,7.55785,0
497.5,0.02027,3.58111,7.55785,0
497.6,0.02027,3.581,7.55786,0
497.7,0.02027,3.5809,7.55786,0
497.8,0.02027,3.5808,7.55786,0
497.9,0.02027,3.5807,7.55787,0
498,0.02027,3.5806,7.55787,0
498.1,0.02027,3.58049,7.55787,0
498.2,0.02027,3.58039,7.55788,0
498.3,0.02027,3.58029,7.55788,0
498.4,0.02027,3.58019,7.55788,0
498.5,0.02027,3.58008,7.55788,0
498.6,0.02027,3.57998,7.55789,0
498.7,0.02027,3.57988,7.55789,0
498.8,0.02027,3.57978,7.55789,0
498.9,0.02027,3.57968,7.5579,0
499,0.02027,3.57957,7.5579,0
499.1,0.02027,3.57947,7.5579,0
499.2,0.02027,3.57937,7.55791,0
499.3,0.02027,3.57927,7.55791,0
499.4,0.02027,3.57916,7.55791,0
499.5,0.02027,3.57906,7.55791,0
499.6,0.02027,3.57896,7.55792,0
499.7,0.02027,3.57886,7.55792,0
499.8,0.02027,3.57875,7.55792,0
499.9,0.02027,3.57865,7.55793,0
500,0.02027,3.57855,7.55793,0
500.1,0.02027,3.57844,7.55793,0
500.2,0.02027,3.57834,7.55794,0
500.3,0.02027,3.57824,7.55794,0
500.4,0.02027,3.57813,7.55794,0
500.5,0.02027,3.57803,7.55794,0
500.6,0.02027,3.57792,7.55795,0
500.7,0.02027,3.57782,7.55795,0
500.8,0.02027,3.57772,7.55795,0
500.9,0.02027,3.57761,7.55795,0
501,0.02027,3.57751,7.55796,0
501.1,0.02027,3.5774,7.55796,0
501.2,0.02027,3.5773,7.55796,0
501.3,0.02027,3.5772,7.55797,0
501.4,0.02027,3.57709,7.55797,0
501.5,0.02027,3.57699,7.55797,0
501.6,0.02026,3.57689,7.55797,0
501.7,0.02026,3.57678,7.55798,0
501.8,0.02026,3.57668,7.55798,0
501.9,0.02026,3.57657,7.55798,0
502,0.02026,3.57647,7.55799,0
502.1,0.02026,3.57637,7.55799,0
502.2,0.02026,3.57626,7.55799,0
502.3,0.02026,3.57616,7.55799,0
502.4,0.02026,3.57606,7.558,0
502.5,0.02026,3.57595,7.558,0
502.6,0.02026,3.57585,7.558,0
502.7,0.02026,3.57574,7.558,0
502.8,0.02026,3.57564,7.55801,0
502.9,0.02026,3.57554,7.55801,0
503,0.02026,3.57543,7.55801,0
503.1,0.02026,3.57533,7.55801,0
503.2,0.02026,3.57522,7.55802,0
503.3,0.02026,3.57512,7.55802,0
503.4,0.02026,3.57502,7.55802,0
503.5,0.02026,3.57491,7.55802,0
503.6,0.02026,3.57481,7.55803,0
503.7,0.02026,3.5747,7.55803,0
503.8,0.02026,3.5746,7.55803,0
503.9,0.02026,3.57449,7.55803,0
504,0.02026,3.57439,7.55804,0
504.1,0.02026,3.57428,7.55804,0
504.2,0.02026,3.57418,7.55804,0
504.3,0.02026,3.57408,7.55804,0
504.4,0.02026,3.57397,7.55805,0
504.5,0.02026,3.57387,7.55805,0
504.6,0.02026,3.57377,7.55805,0
504.7,0.02026,3.57366,7.55805,0
504.8,0.02026,3.57356,7.55806,0
504.9,0.02026,3.57345,7.55806,0
505,0.02026,3.57335,7.55806,0
505.1,0.02026,3.57325,7.55806,0
505.2,0.02026,3.57314,7.55807,0
505.3,0.02026,3.57304,7.55807,0
505.4,0.02026,3.57294,7.55807,0
505.5,0.02026,3.57284,7.55807,0
505.6,0.02026,3.57273,7.55808,0
505.7,0.02026,3.57263,7.55808,0
505.8,0.02026,3.57253,7.55808,0
505.9,0.02026,3.57243,7.55808,0
506,0.02026,3.57232,7.55809,0
506.1,0.02026,3.57222,7.55809,0
506.2,0.02026,3.57212,7.55809,0
506.3,0.02026,3.57202,7.55809,0
506.4,0.02026,3.57191,7.5581,0
506.5,0.02026,3.57181,7.5581,0
506.6,0.02026,3.57171,7.5581,0
506.7,0.02026,3.57161,7.5581,0
506.8,0.02026,3.5715,7.5581,0
506.9,0.02026,3.5714,7.55811,0
507,0.02026,3.5713,7.55811,0
507.1,0.02026,3.5712,7.55811,0
507.2,0.02026,3.57109,7.55811,0
507.3,0.02026,3.57099,7.55812,0
507.4,0.02026,3.57089,7.55812,0
507.5,0.02026,3.57079,7.55812,0
507.6,0.02026,3.57068,7.55812,0
507.7,0.02026,3.57058,7.55813,0
507.8,0.02026,3.57048,7.55813,0
507.9,0.02026,3.57038,7.55813,0
508,0.02026,3.57027,7.55813,0
508.1,0.02026,3.57017,7.55813,0
508.2,0.02026,3.57007,7.55814,0
508.3,0.02026,3.56997,7.55814,0
508.4,0.02026,3.56986,7.55814,0
508.5,0.02026,3.56976,7.55814,0
508.6,0.02026,3.56966,7.55815,0
508.7,0.02026,3.56955,7.55815,0
508.8,0.02026,3.56945,7.55815,0
508.9,0.02026,3.56935,7.55815,0
509,0.02026,3.56925,7.55816,0
509.1,0.02026,3.56914,7.55816,0
509.2,0.02026,3.56904,7.55816,0
509.3,0.02026,3.56894,7.55816,0
509.4,0.02026,3.56883,7.55816,0
509.5,0.02026,3.56873,7.55817,0
509.6,0.02026,3.56862,7.55817,0
509.7,0.02026,3.56852,7.55817,0
509.8,0.02026,3.56841,7.55817,0
509.9,0.02026,3.56831,7.55818,0
510,0.02026,3.5682,7.55818,0
510.1,0.02026,3.56809,7.55818,0
510.2,0.02026,3.56799,7.55818,0
510.3,0.02026,3.56788,7.55818,0
510.4,0.02026,3.56777,7.55819,0
510.5,0.02026,3.56766,7.55819,0
510.6,0.02026,3.56755,7.55819,0
510.7,0.02026,3.56744,7.55819,0
510.8,0.02026,3.56733,7.5582,0
510.9,0.02026,3.56723,7.5582,0
511,0.02026,3.56712,7.5582,0
511.1,0.02026,3.56701,7.5582,0
511.2,0.02026,3.5669,7.5582,0
511.3,0.02026,3.5668,7.55821,0
511.4,0.02026,3.56669,7.55821,0
511.5,0.02026,3.56658,7.55821,0
511.6,0.02026,3.56647,7.55821,0
511.7,0.02026,3.56637,7.55821,0
511.8,0.02026,3.56626,7.55822,0
511.9,0.02026,3.56615,7.55822,0
512,0.02026,3.56604,7.55822,0
512.1,0.02026,3.56594,7.55822,0
512.2,0.02026,3.56583,7.55822,0
512.3,0.02026,3.56572,7.55823,0
512.4,0.02026,3.56561,7.55823,0
512.5,0.02026,3.5655,7.55823,0
512.6,0.02026,3.56539,7.55823,0
512.7,0.02026,3.56529,7.55823,0
512.8,0.02026,3.56518,7.55824,0
512.9,0.02026,3.56507,7.55824,0
513,0.02026,3.56496,7.55824,0
513.1,0.02026,3.56485,7.55824,0
513.2,0.02026,3.56474,7.55824,0
513.3,0.02026,3.56463,7.55825,0
513.4,0.02026,3.56452,7.55825,0
513.5,0.02026,3.5644,7.55825,0
513.6,0.02026,3.56429,7.55825,0
513.7,0.02026,3.56418,7.55825,0
513.8,0.02026,3.56407,7.55825,0
513.9,0.02026,3.56396,7.55826,0
514,0.02026,3.56385,7.55826,0
514.1,0.02026,3.56374,7.55826,0
514.2,0.02026,3.56363,7.55826,0
514.3,0.02026,3.56352,7.55826,0
514.4,0.02026,3.56341,7.55827,0
514.5,0.02026,3.5633,7.55827,0
514.6,0.02026,3.56319,7.55827,0
514.7,0.02026,3.56308,7.55827,0
514.8,0.02026,3.56297,7.55827,0
514.9,0.02026,3.56286,7.55827,0
515,0.02026,3.56274,7.55828,0
515.1,0.02026,3.56263,7.55828,0
515.2,0.02026,3.56252,7.55828,0
515.3,0.02026,3.56241,7.55828,0
515.4,0.02026,3.5623,7.55828,0
515.5,0.02026,3.56219,7.55829,0
515.6,0.02026,3.56207,7.55829,0
515.7,0.02026,3.56196,7.55829,0
515.8,0.02026,3.56185,7.55829,0
515.9,0.02026,3.56173,7.55829,0
516,0.02026,3.56162,7.5583,0
516.1,0.02026,3.56151,7.5583,0
516.2,0.02026,3.56139,7.5583,0
516.3,0.02026,3.56128,7.5583,0
516.4,0.02026,3.56116,7.5583,0
516.5,0.02026,3.56105,7.5583,0
516.6,0.02026,3.56093,7.55831,0
516.7,0.02026,3.56082,7.55831,0
516.8,0.02026,3.5607,7.55831,0
516.9,0.02026,3.56059,7.55831,0
517,0.02026,3.56047,7.55831,0
517.1,0.02026,3.56036,7.55832,0
517.2,0.02026,3.56024,7.55832,0
517.3,0.02026,3.56012,7.55832,0
517.4,0.02026,3.56001,7.55832,0
517.5,0.02026,3.55989,7.55832,0
517.6,0.02026,3.55978,7.55832,0
517.7,0.02026,3.55966,7.55833,0
517.8,0.02026,3.55954,7.55833,0
517.9,0.02026,3.55943,7.55833,0
518,0.02026,3.55931,7.55833,0
518.1,0.02026,3.5592,7.55833,0
518.2,0.02026,3.55908,7.55833,0
518.3,0.02026,3.55896,7.55834,0
518.4,0.02026,3.55885,7.55834,0
518.5,0.02026,3.55873,7.55834,0
518.6,0.02026,3.55861,7.55834,0
518.7,0.02026,3.5585,7.55834,0
518.8,0.02026,3.55838,7.55834,0
518.9,0.02026,3.55826,7.55835,0
519,0.02026,3.55814,7.55835,0
519.1,0.02025,3.55802,7.55835,0
519.2,0.02025,3.5579,7.55835,0
519.3,0.02025,3.55778,7.55835,0
519.4,0.02025,3.55766,7.55836,0
519.5,0.02025,3.55754,7.55836,0
519.6,0.02025,3.55742,7.55836,0
519.7,0.02025,3.5573,7.55836,0
519.8,0.02025,3.55718,7.55836,0
519.9,0.02025,3.55706,7.55836,0
520,0.02025,3.55693,7.55837,0
520.1,0.02025,3.55681,7.55837,0
520.2,0.02025,3.55669,7.55837,0
520.3,0.02025,3.55657,7.55837,0
520.4,0.02025,3.55645,7.55837,0
520.5,0.02025,3.55633,7.55838,0
520.6,0.02025,3.55621,7.55838,0
520.7,0.02025,3.55608,7.55838,0
520.8,0.02025,3.55596,7.55838,0
520.9,0.02025,3.55584,7.55838,0
521,0.02025,3.55572,7.55838,0
521.1,0.02025,3.55559,7.55839,0
521.2,0.02025,3.55547,7.55839,0
521.3,0.02025,3.55535,7.55839,0
521.4,0.02025,3.55523,7.55839,0
521.5,0.02025,3.55511,7.55839,0
521.6,0.02025,3.55499,7.5584,0
521.7,0.02025,3.55486,7.5584,0
521.8,0.02025,3.55474,7.5584,0
521.9,0.02025,3.55462,7.5584,0
522,0.02025,3.5545,7.5584,0
522.1,0.02025,3.55438,7.55841,0
522.2,0.02025,3.55425,7.55841,0
522.3,0.02025,3.55413,7.55841,0
522.4,0.02025,3.55401,7.55841,0
522.5,0.02025,3.55389,7.55841,0
522.6,0.02025,3.55377,7.55842,0
522.7,0.02025,3.55365,7.55842,0
522.8,0.02025,3.55352,7.55842,0
522.9,0.02025,3.5534,7.55842,0
523,0.02025,3.55328,7.55842,0
523.1,0.02025,3.55316,7.55843,0
523.2,0.02025,3.55304,7.55843,0
523.3,0.02025,3.55292,7.55843,0
523.4,0.02025,3.55279,7.55843,0
523.5,0.02025,3.55267,7.55843,0
523.6,0.02025,3.55255,7.55844,0
523.7,0.02025,3.55243,7.55844,0
523.8,0.02025,3.55231,7.55844,0
523.9,0.02025,3.55219,7.55844,0
524,0.02025,3.55207,7.55844,0
524.1,0.02025,3.55195,7.55845,0
524.2,0.02025,3.55183,7.55845,0
524.3,0.02025,3.55171,7.55845,0
524.4,0.02025,3.55159,7.55845,0
524.5,0.02025,3.55147,7.55845,0
524.6,0.02025,3.55135,7.55846,0
524.7,0.02025,3.55123,7.55846,0
524.8,0.02025,3.55111,7.55846,0
524.9,0.02025,3.55099,7.55846,0
525,0.02025,3.55087,7.55846,0
525.1,0.02025,3.55075,7.55847,0
525.2,0.02025,3.55064,7.55847,0
525.3,0.02025,3.55052,7.55847,0
525.4,0.02025,3.55041,7.55847,0
525.5,0.02025,3.55029,7.55847,0
525.6,0.02025,3.55018,7.55848,0
525.7,0.02025,3.55006,7.55848,0
525.8,0.02025,3.54995,7.55848,0
525.9,0.02025,3.54983,7.55848,0
526,0.02025,3.54972,7.55848,0
526.1,0.02025,3.54961,7.55849,0
526.2,0.02025,3.54949,7.55849,0
526.3,0.02025,3.54938,7.55849,0
526.4,0.02025,3.54927,7.55849,0
526.5,0.02025,3.54915,7.55849,0
526.6,0.02025,3.54904,7.5585,0
526.7,0.02025,3.54893,7.5585,0
526.8,0.02025,3.54881,7.5585,0
526.9,0.02025,3.5487,7.5585,0
527,0.02025,3.54859,7.5585,0
527.1,0.02025,3.54848,7.55851,0
527.2,0.02025,3.54836,7.55851,0
527.3,0.02025,3.54825,7.55851,0
527.4,0.02025,3.54814,7.55851,0
527.5,0.02025,3.54803,7.55852,0
527.6,0.02025,3.54792,7.55852,0
527.7,0.02025,3.54781,7.55852,0
527.8,0.02025,3.5477,7.55852,0
527.9,0.02025,3.54758,7.55852,0
528,0.02025,3.54747,7.55853,0
528.1,0.02025,3.54736,7.55853,0
528.2,0.02025,3.54725,7.55853,0
528.3,0.02025,3.54714,7.55853,0
528.4,0.02025,3.54703,7.55853,0
528.5,0.02025,3.54692,7.55854,0
528.6,0.02025,3.54681,7.55854,0
528.7,0.02025,3.5467,7.55854,0
528.8,0.02025,3.54659,7.55854,0
528.9,0.02025,3.54648,7.55855,0
529,0.02025,3.54637,7.55855,0
529.1,0.02025,3.54626,7.55855,0
529.2,0.02025,3.54615,7.55855,0
529.3,0.02025,3.54604,7.55855,0
529.4,0.02025,3.54593,7.55856,0
529.5,0.02025,3.54582,7.55856,0
529.6,0.02025,3.54571,7.55856,0
529.7,0.02025,3.5456,7.55856,0
529.8,0.02025,3.54549,7.55857,0
529.9,0.02025,3.54538,7.55857,0
530,0.02025,3.54527,7.55857,0
530.1,0.02025,3.54516,7.55857,0
530.2,0.02025,3.54505,7.55857,0
530.3,0.02025,3.54495,7.55858,0
530.4,0.02025,3.54484,7.55858,0
530.5,0.02025,3.54473,7.55858,0
530.6,0.02025,3.54462,7.55858,0
530.7,0.02025,3.54452,7.55858,0
530.8,0.02025,3.54441,7.55859,0
530.9,0.02025,3.5443,7.55859,0
531,0.02025,3.5442,7.55859,0
531.1,0.02025,3.54409,7.55859,0
531.2,0.02025,3.54399,7.5586,0
531.3,0.02025,3.54388,7.5586,0
531.4,0.02025,3.54378,7.5586,0
531.5,0.02025,3.54367,7.5586,0
531.6,0.02025,3.54357,7.55861,0
531.7,0.02025,3.54346,7.55861,0
531.8,0.02025,3.54336,7.55861,0
531.9,0.02025,3.54325,7.55861,0
532,0.02025,3.54315,7.55861,0
532.1,0.02025,3.54304,7.55862,0
532.2,0.02025,3.54294,7.55862,0
532.3,0.02025,3.54283,7.55862,0
532.4,0.02025,3.54273,7.55862,0
532.5,0.02025,3.54262,7.55863,0
532.6,0.02025,3.54252,7.55863,0
532.7,0.02025,3.54242,7.55863,0
532.8,0.02025,3.54231,7.55863,0
532.9,0.02025,3.54221,7.55864,0
533,0.02025,3.54211,7.55864,0
533.1,0.02025,3.542,7.55864,0
533.2,0.02025,3.5419,7.55864,0
533.3,0.02025,3.5418,7.55865,0
533.4,0.02025,3.54169,7.55865,0
533.5,0.02025,3.54159,7.55865,0
533.6,0.02025,3.54149,7.55865,0
533.7,0.02025,3.54139,7.55865,0
533.8,0.02025,3.54128,7.55866,0
533.9,0.02025,3.54118,7.55866,0
534,0.02025,3.54108,7.55866,0
534.1,0.02025,3.54098,7.55866,0
534.2,0.02025,3.54088,7.55867,0
534.3,0.02025,3.54078,7.55867,0
534.4,0.02025,3.54068,7.55867,0
534.5,0.02025,3.54057,7.55867,0
534.6,0.02025,3.54047,7.55868,0
534.7,0.02025,3.54037,7.55868,0
534.8,0.02025,3.54027,7.55868,0
534.9,0.02025,3.54017,7.55868,0
535,0.02025,3.54007,7.55868,0
535.1,0.02025,3.53997,7.55869,0
535.2,0.02025,3.53987,7.55869,0
535.3,0.02025,3.53977,7.55869,0
535.4,0.02025,3.53967,7.55869,0
535.5,0.02025,3.53957,7.5587,0
535.6,0.02025,3.53948,7.5587,0
535.7,0.02025,3.53938,7.5587,0
535.8,0.02025,3.53928,7.5587,0
535.9,0.02025,3.53918,7.5587,0
536,0.02025,3.53908,7.55871,0
536.1,0.02025,3.53898,7.55871,0
536.2,0.02024,3.53888,7.55871,0
536.3,0.02024,3.53878,7.55871,0
536.4,0.02024,3.53869,7.55872,0
536.5,0.02024,3.53859,7.55872,0
536.6,0.02024,3.53849,7.55872,0
536.7,0.02024,3.53839,7.55872,0
536.8,0.02024,3.5383,7.55872,0
536.9,0.02024,3.5382,7.55873,0
537,0.02024,3.5381,7.55873,0
537.1,0.02024,3.538,7.55873,0
537.2,0.02024,3.53791,7.55873,0
537.3,0.02024,3.53781,7.55874,0
537.4,0.02024,3.53771,7.55874,0
537.5,0.02024,3.53762,7.55874,0
537.6,0.02024,3.53752,7.55874,0
537.7,0.02024,3.53743,7.55874,0
537.8,0.02024,3.53733,7.55875,0
537.9,0.02024,3.53724,7.55875,0
538,0.02024,3.53714,7.55875,0
538.1,0.02024,3.53704,7.55875,0
538.2,0.02024,3.53695,7.55876,0
538.3,0.02024,3.53685,7.55876,0
538.4,0.02024,3.53676,7.55876,0
538.5,0.02024,3.53666,7.55876,0
538.6,0.02024,3.53657,7.55876,0
538.7,0.02024,3.53647,7.55877,0
538.8,0.02024,3.53638,7.55877,0
538.9,0.02024,3.53628,7.55877,0
539,0.02024,3.53618,7.55877,0
539.1,0.02024,3.53609,7.55878,0
539.2,0.02024,3.53599,7.55878,0
539.3,0.02024,3.53589,7.55878,0
539.4,0.02024,3.5358,7.55878,0
539.5,0.02024,3.5357,7.55879,0
539.6,0.02024,3.53561,7.55879,0
539.7,0.02024,3.53551,7.55879,0
539.8,0.02024,3.53541,7.55879,0
539.9,0.02024,3.53532,7.55879,0
540,0.02024,3.53522,7.5588,0
540.1,0.02024,3.53513,7.5588,0
540.2,0.02024,3.53503,7.5588,0
540.3,0.02024,3.53493,7.5588,0
540.4,0.02024,3.53484,7.55881,0
540.5,0.02024,3.53474,7.55881,0
540.6,0.02024,3.53465,7.55881,0
540.7,0.02024,3.53455,7.55881,0
540.8,0.02024,3.53446,7.55882,0
540.9,0.02024,3.53436,7.55882,0
541,0.02024,3.53427,7.55882,0
541.1,0.02024,3.53417,7.55882,0
541.2,0.02024,3.53408,7.55883,0
541.3,0.02024,3.53398,7.55883,0
541.4,0.02024,3.53389,7.55883,0
541.5,0.02024,3.53379,7.55883,0
541.6,0.02024,3.5337,7.55883,0
541.7,0.02024,3.5336,7.55884,0
541.8,0.02024,3.53351,7.55884,0
541.9,0.02024,3.53341,7.55884,0
542,0.02024,3.53332,7.55884,0
542.1,0.02024,3.53322,7.55885,0
542.2,0.02024,3.53313,7.55885,0
542.3,0.02024,3.53303,7.55885,0
542.4,0.02024,3.53294,7.55885,0
542.5,0.02024,3.53285,7.55885,0
542.6,0.02024,3.53275,7.55886,0
542.7,0.02024,3.53266,7.55886,0
542.8,0.02024,3.53256,7.55886,0
542.9,0.02024,3.53247,7.55886,0
543,0.02024,3.53238,7.55886,0
543.1,0.02024,3.53228,7.55887,0
543.2,0.02024,3.53219,7.55887,0
543.3,0.02024,3.5321,7.55887,0
543.4,0.02024,3.532,7.55887,0
543.5,0.02024,3.53191,7.55887,0
543.6,0.02024,3.53182,7.55888,0
543.7,0.02024,3.53172,7.55888,0
543.8,0.02024,3.53163,7.55888,0
543.9,0.02024,3.53154,7.55888,0
544,0.02024,3.53144,7.55888,0
544.1,0.02024,3.53135,7.55889,0
544.2,0.02024,3.53126,7.55889,0
544.3,0.02024,3.53116,7.55889,0
544.4,0.02024,3.53107,7.55889,0
544.5,0.02024,3.53098,7.5589,0
544.6,0.02024,3.53088,7.5589,0
544.7,0.02024,3.53079,7.5589,0
544.8,0.02024,3.5307,7.5589,0
544.9,0.02024,3.5306,7.5589,0
545,0.02024,3.53051,7.55891,0
545.1,0.02024,3.53042,7.55891,0
545.2,0.02024,3.53032,7.55891,0
545.3,0.02024,3.53023,7.55891,0
545.4,0.02024,3.53014,7.55891,0
545.5,0.02024,3.53004,7.55892,0
545.6,0.02024,3.52995,7.55892,0
545.7,0.02024,3.52985,7.55892,0
545.8,0.02024,3.52976,7.55892,0
545.9,0.02024,3.52967,7.55892,0
546,0.02024,3.52957,7.55893,0
546.1,0.02024,3.52948,7.55893,0
546.2,0.02024,3.52939,7.55893,0
546.3,0.02024,3.52929,7.55893,0
546.4,0.02024,3.5292,7.55893,0
546.5,0.02024,3.52911,7.55894,0
546.6,0.02024,3.52901,7.55894,0
546.7,0.02024,3.52892,7.55894,0
546.8,0.02024,3.52882,7.55894,0
546.9,0.02024,3.52873,7.55894,0
547,0.02024,3.52864,7.55895,0
547.1,0.02024,3.52855,7.55895,0
547.2,0.02024,3.52845,7.55895,0
547.3,0.02024,3.52836,7.55895,0
547.4,0.02024,3.52827,7.55895,0
547.5,0.02024,3.52817,7.55896,0
547.6,0.02024,3.52808,7.55896,0
547.7,0.02024,3.52799,7.55896,0
547.8,0.02024,3.52789,7.55896,0
547.9,0.02024,3.5278,7.55896,0
548,0.02024,3.52771,7.55897,0
548.1,0.02024,3.52762,7.55897,0
548.2,0.02024,3.52753,7.55897,0
548.3,0.02024,3.52743,7.55897,0
548.4,0.02024,3.52734,7.55897,0
548.5,0.02024,3.52725,7.55898,0
548.6,0.02024,3.52716,7.55898,0
548.7,0.02024,3.52707,7.55898,0
548.8,0.02024,3.52698,7.55898,0
548.9,0.02024,3.52689,7.55898,0
549,0.02024,3.5268,7.55899,0
549.1,0.02024,3.52671,7.55899,0
549.2,0.02024,3.52662,7.55899,0
549.3,0.02024,3.52653,7.55899,0
549.4,0.02024,3.52644,7.55899,0
549.5,0.02024,3.52635,7.559,0
549.6,0.02024,3.52626,7.559,0
549.7,0.02024,3.52617,7.559,0
549.8,0.02024,3.52608,7.559,0
549.9,0.02024,3.52599,7.559,0
550,0.02024,3.5259,7.55901,0
550.1,0.02024,3.52582,7.55901,0
550.2,0.02024,3.52573,7.55901,0
550.3,0.02024,3.52564,7.55901,0
550.4,0.02024,3.52555,7.55901,0
550.5,0.02024,3.52546,7.55901,0
550.6,0.02024,3.52538,7.55902,0
550.7,0.02024,3.52529,7.55902,0
550.8,0.02024,3.5252,7.55902,0
550.9,0.02024,3.52512,7.55902,0
551,0.02024,3.52503,7.55902,0
551.1,0.02024,3.52494,7.55903,0
551.2,0.02024,3.52486,7.55903,0
551.3,0.02024,3.52477,7.55903,0
551.4,0.02024,3.52468,7.55903,0
551.5,0.02024,3.5246,7.55903,0
551.6,0.02024,3.52451,7.55903,0
551.7,0.02024,3.52443,7.55904,0
551.8,0.02024,3.52434,7.55904,0
551.9,0.02024,3.52426,7.55904,0
552,0.02024,3.52417,7.55904,0
552.1,0.02024,3.52409,7.55904,0
552.2,0.02024,3.52401,7.55905,0
552.3,0.02024,3.52392,7.55905,0
552.4,0.02024,3.52384,7.55905,0
552.5,0.02024,3.52376,7.55905,0
552.6,0.02024,3.52367,7.55905,0
552.7,0.02024,3.52359,7.55905,0
552.8,0.02024,3.52351,7.55906,0
552.9,0.02024,3.52342,7.55906,0
553,0.02024,3.52334,7.55906,0
553.1,0.02024,3.52326,7.55906,0
553.2,0.02024,3.52318,7.55906,0
553.3,0.02024,3.5231,7.55906,0
553.4,0.02024,3.52302,7.55907,0
553.5,0.02024,3.52293,7.55907,0
553.6,0.02024,3.52285,7.55907,0
553.7,0.02024,3.52277,7.55907,0
553.8,0.02024,3.52269,7.55907,0
553.9,0.02024,3.52261,7.55907,0
554,0.02024,3.52253,7.55908,0
554.1,0.02024,3.52245,7.55908,0
554.2,0.02024,3.52237,7.55908,0
554.3,0.02024,3.52229,7.55908,0
554.4,0.02024,3.52222,7.55908,0
554.5,0.02024,3.52214,7.55908,0
554.6,0.02023,3.52206,7.55909,0
554.7,0.02023,3.52198,7.55909,0
554.8,0.02023,3.5219,7.55909,0
554.9,0.02023,3.52182,7.55909,0
555,0.02023,3.52175,7.55909,0
555.1,0.02023,3.52167,7.55909,0
555.2,0.02023,3.52159,7.5591,0
555.3,0.02023,3.52152,7.5591,0
555.4,0.02023,3.52144,7.5591,0
555.5,0.02023,3.52136,7.5591,0
555.6,0.02023,3.52129,7.5591,0
555.7,0.02023,3.52121,7.5591,0
555.8,0.02023,3.52114,7.5591,0
555.9,0.02023,3.52106,7.55911,0
556,0.02023,3.52098,7.55911,0
556.1,0.02023,3.52091,7.55911,0
556.2,0.02023,3.52083,7.55911,0
556.3,0.02023,3.52076,7.55911,0
556.4,0.02023,3.52069,7.55911,0
556.5,0.02023,3.52061,7.55912,0
556.6,0.02023,3.52054,7.55912,0
556.7,0.02023,3.52047,7.55912,0
556.8,0.02023,3.52039,7.55912,0
556.9,0.02023,3.52032,7.55912,0
557,0.02023,3.52025,7.55912,0
557.1,0.02023,3.52018,7.55912,0
557.2,0.02023,3.5201,7.55913,0
557.3,0.02023,3.52003,7.55913,0
557.4,0.02023,3.51996,7.55913,0
557.5,0.02023,3.51989,7.55913,0
557.6,0.02023,3.51982,7.55913,0
557.7,0.02023,3.51975,7.55913,0
557.8,0.02023,3.51968,7.55913,0
557.9,0.02023,3.51961,7.55914,0
558,0.02023,3.51954,7.55914,0
558.1,0.02023,3.51947,7.55914,0
558.2,0.02023,3.5194,7.55914,0
558.3,0.02023,3.51933,7.55914,0
558.4,0.02023,3.51926,7.55914,0
558.5,0.02023,3.51919,7.55914,0
558.6,0.02023,3.51912,7.55915,0
558.7,0.02023,3.51906,7.55915,0
558.8,0.02023,3.51899,7.55915,0
558.9,0.02023,3.51892,7.55915,0
559,0.02023,3.51885,7.55915,0
559.1,0.02023,3.51878,7.55915,0
559.2,0.02023,3.51872,7.55915,0
559.3,0.02023,3.51865,7.55915,0
559.4,0.02023,3.51859,7.55916,0
559.5,0.02023,3.51852,7.55916,0
559.6,0.02023,3.51846,7.55916,0
559.7,0.02023,3.51839,7.55916,0
559.8,0.02023,3.51833,7.55916,0
559.9,0.02023,3.51826,7.55916,0
560,0.02023,3.5182,7.55916,0
560.1,0.02023,3.51813,7.55917,0
560.2,0.02023,3.51807,7.55917,0
560.3,0.02023,3.518,7.55917,0
560.4,0.02023,3.51794,7.55917,0
560.5,0.02023,3.51788,7.55917,0
560.6,0.02023,3.51781,7.55917,0
560.7,0.02023,3.51775,7.55917,0
560.8,0.02023,3.51769,7.55917,0
560.9,0.02023,3.51762,7.55918,0
561,0.02023,3.51756,7.55918,0
561.1,0.02023,3.5175,7.55918,0
561.2,0.02023,3.51744,7.55918,0
561.3,0.02023,3.51737,7.55918,0
561.4,0.02023,3.51731,7.55918,0
561.5,0.02023,3.51725,7.55918,0
561.6,0.02023,3.51719,7.55918,0
561.7,0.02023,3.51713,7.55919,0
561.8,0.02023,3.51707,7.55919,0
561.9,0.02023,3.51701,7.55919,0
562,0.02023,3.51695,7.55919,0
562.1,0.02023,3.51688,7.55919,0
562.2,0.02023,3.51682,7.55919,0
562.3,0.02023,3.51676,7.55919,0
562.4,0.02023,3.5167,7.55919,0
562.5,0.02023,3.51664,7.5592,0
562.6,0.02023,3.51658,7.5592,0
562.7,0.02023,3.51652,7.5592,0
562.8,0.02023,3.51646,7.5592,0
562.9,0.02023,3.5164,7.5592,0
563,0.02023,3.51634,7.5592,0
563.1,0.02023,3.51628,7.5592,0
563.2,0.02023,3.51622,7.5592,0
563.3,0.02023,3.51616,7.5592,0
563.4,0.02023,3.5161,7.55921,0
563.5,0.02023,3.51604,7.55921,0
563.6,0.02023,3.51598,7.55921,0
563.7,0.02023,3.51592,7.55921,0
563.8,0.02023,3.51587,7.55921,0
563.9,0.02023,3.51581,7.55921,0
564,0.02023,3.51575,7.55921,0
564.1,0.02023,3.51569,7.55921,0
564.2,0.02023,3.51563,7.55921,0
564.3,0.02023,3.51558,7.55921,0
564.4,0.02023,3.51552,7.55922,0
564.5,0.02023,3.51546,7.55922,0
564.6,0.02023,3.5154,7.55922,0
564.7,0.02023,3.51535,7.55922,0
564.8,0.02023,3.51529,7.55922,0
564.9,0.02023,3.51523,7.55922,0
565,0.02023,3.51518,7.55922,0
565.1,0.02023,3.51512,7.55922,0
565.2,0.02023,3.51506,7.55922,0
565.3,0.02023,3.51501,7.55922,0
565.4,0.02023,3.51495,7.55923,0
565.5,0.02023,3.51489,7.55923,0
565.6,0.02023,3.51484,7.55923,0
565.7,0.02023,3.51478,7.55923,0
565.8,0.02023,3.51473,7.55923,0
565.9,0.02023,3.51467,7.55923,0
566,0.02023,3.51462,7.55923,0
566.1,0.02023,3.51456,7.55923,0
566.2,0.02023,3.51451,7.55923,0
566.3,0.02023,3.51445,7.55923,0
566.4,0.02023,3.5144,7.55924,0
566.5,0.02023,3.51435,7.55924,0
566.6,0.02023,3.51429,7.55924,0
566.7,0.02023,3.51424,7.55924,0
566.8,0.02023,3.51418,7.55924,0
566.9,0.02023,3.51413,7.55924,0
567,0.02023,3.51408,7.55924,0
567.1,0.02023,3.51402,7.55924,0
567.2,0.02023,3.51397,7.55924,0
567.3,0.02023,3.51392,7.55924,0
567.4,0.02023,3.51386,7.55925,0
567.5,0.02023,3.51381,7.55925,0
567.6,0.02023,3.51376,7.55925,0
567.7,0.02023,3.5137,7.55925,0
567.8,0.02023,3.51365,7.55925,0
567.9,0.02023,3.5136,7.55925,0
568,0.02023,3.51355,7.55925,0
568.1,0.02023,3.51349,7.55925,0
568.2,0.02023,3.51344,7.55925,0
568.3,0.02023,3.51339,7.55925,0
568.4,0.02023,3.51334,7.55926,0
568.5,0.02023,3.51328,7.55926,0
568.6,0.02023,3.51323,7.55926,0
568.7,0.02023,3.51318,7.55926,0
568.8,0.02023,3.51313,7.55926,0
568.9,0.02023,3.51308,7.55926,0
569,0.02023,3.51302,7.55926,0
569.1,0.02023,3.51297,7.55926,0
569.2,0.02023,3.51292,7.55926,0
569.3,0.02023,3.51287,7.55926,0
569.4,0.02023,3.51282,7.55927,0
569.5,0.02023,3.51277,7.55927,0
569.6,0.02023,3.51272,7.55927,0
569.7,0.02023,3.51267,7.55927,0
569.8,0.02023,3.51261,7.55927,0
569.9,0.02023,3.51256,7.55927,0
570,0.02023,3.51251,7.55927,0
570.1,0.02023,3.51246,7.55927,0
570.2,0.02023,3.51241,7.55927,0
570.3,0.02023,3.51236,7.55927,0
570.4,0.02023,3.51231,7.55927,0
570.5,0.02023,3.51226,7.55928,0
570.6,0.02023,3.51221,7.55928,0
570.7,0.02023,3.51216,7.55928,0
570.8,0.02023,3.51211,7.55928,0
570.9,0.02023,3.51206,7.55928,0
571,0.02023,3.51201,7.55928,0
571.1,0.02023,3.51196,7.55928,0
571.2,0.02023,3.5119,7.55928,0
571.3,0.02023,3.51185,7.55928,0
571.4,0.02023,3.5118,7.55928,0
571.5,0.02023,3.51175,7.55928,0
571.6,0.02023,3.5117,7.55928,0
571.7,0.02023,3.51165,7.55929,0
571.8,0.02023,3.5116,7.55929,0
571.9,0.02023,3.51155,7.55929,0
572,0.02023,3.5115,7.55929,0
572.1,0.02023,3.51145,7.55929,0
572.2,0.02023,3.5114,7.55929,0
572.3,0.02023,3.51135,7.55929,0
572.4,0.02023,3.5113,7.55929,0
572.5,0.02023,3.51125,7.55929,0
572.6,0.02023,3.5112,7.55929,0
572.7,0.02023,3.51115,7.55929,0
572.8,0.02023,3.5111,7.55929,0
572.9,0.02023,3.51105,7.5593,0
573,0.02023,3.511,7.5593,0
573.1,0.02023,3.51095,7.5593,0
573.2,0.02023,3.5109,7.5593,0
573.3,0.02023,3.51085,7.5593,0
573.4,0.02023,3.5108,7.5593,0
573.5,0.02023,3.51075,7.5593,0
573.6,0.02023,3.5107,7.5593,0
573.7,0.02023,3.51065,7.5593,0
573.8,0.02023,3.5106,7.5593,0
573.9,0.02023,3.51055,7.5593,0
574,0.02023,3.5105,7.5593,0
574.1,0.02023,3.51045,7.5593,0
574.2,0.02023,3.5104,7.5593,0
574.3,0.02023,3.51035,7.5593,0
574.4,0.02023,3.5103,7.55931,0
574.5,0.02023,3.51025,7.55931,0
574.6,0.02023,3.5102,7.55931,0
574.7,0.02023,3.51015,7.55931,0
574.8,0.02023,3.5101,7.55931,0
574.9,0.02023,3.51005,7.55931,0
575,0.02023,3.51,7.55931,0
575.1,0.02023,3.50995,7.55931,0
575.2,0.02023,3.5099,7.55931,0
575.3,0.02023,3.50985,7.55931,0
575.4,0.02023,3.50981,7.55931,0
575.5,0.02023,3.50976,7.55931,0
575.6,0.02023,3.50971,7.55931,0
575.7,0.02023,3.50966,7.55931,0
575.8,0.02023,3.50961,7.55931,0
575.9,0.02023,3.50956,7.55931,0
576,0.02023,3.50951,7.55931,0
576.1,0.02023,3.50946,7.55932,0
576.2,0.02023,3.50941,7.55932,0
576.3,0.02023,3.50937,7.55932,0
576.4,0.02023,3.50932,7.55932,0
576.5,0.02023,3.50927,7.55932,0
576.6,0.02023,3.50922,7.55932,0
576.7,0.02023,3.50917,7.55932,0
576.8,0.02023,3.50912,7.55932,0
576.9,0.02023,3.50907,7.55932,0
577,0.02023,3.50903,7.55932,0
577.1,0.02023,3.50898,7.55932,0
577.2,0.02023,3.50893,7.55932,0
577.3,0.02023,3.50888,7.55932,0
577.4,0.02023,3.50883,7.55932,0
577.5,0.02023,3.50879,7.55932,0
577.6,0.02023,3.50874,7.55932,0
577.7,0.02023,3.50869,7.55932,0
577.8,0.02023,3.50864,7.55932,0
577.9,0.02023,3.50859,7.55932,0
578,0.02023,3.50855,7.55932,0
578.1,0.02023,3.5085,7.55932,0
578.2,0.02023,3.50845,7.55933,0
578.3,0.02023,3.5084,7.55933,0
578.4,0.02023,3.50836,7.55933,0
578.5,0.02023,3.50831,7.55933,0
578.6,0.02023,3.50826,7.55933,0
578.7,0.02023,3.50821,7.55933,0
578.8,0.02023,3.50816,7.55933,0
578.9,0.02023,3.50812,7.55933,0
579,0.02023,3.50807,7.55933,0
579.1,0.02023,3.50802,7.55933,0
579.2,0.02023,3.50798,7.55933,0
579.3,0.02023,3.50793,7.55933,0
579.4,0.02023,3.50788,7.55933,0
579.5,0.02023,3.50784,7.55933,0
579.6,0.02023,3.50779,7.55933,0
579.7,0.02023,3.50774,7.55933,0
579.8,0.02023,3.5077,7.55933,0
579.9,0.02023,3.50765,7.55933,0
580,0.02023,3.5076,7.55933,0
580.1,0.02023,3.50756,7.55933,0
580.2,0.02023,3.50751,7.55933,0
580.3,0.02023,3.50747,7.55933,0
580.4,0.02023,3.50742,7.55933,0
580.5,0.02023,3.50737,7.55933,0
580.6,0.02023,3.50733,7.55933,0
580.7,0.02023,3.50728,7.55933,0
580.8,0.02023,3.50724,7.55933,0
580.9,0.02023,3.50719,7.55933,0
581,0.02023,3.50715,7.55933,0
581.1,0.02023,3.5071,7.55933,0
581.2,0.02023,3.50706,7.55933,0
581.3,0.02023,3.50701,7.55933,0
581.4,0.02023,3.50697,7.55934,0
581.5,0.02023,3.50692,7.55934,0
581.6,0.02023,3.50688,7.55934,0
581.7,0.02023,3.50683,7.55934,0
581.8,0.02023,3.50679,7.55934,0
581.9,0.02023,3.50674,7.55934,0
582,0.02023,3.5067,7.55934,0
582.1,0.02023,3.50665,7.55934,0
582.2,0.02023,3.50661,7.55934,0
582.3,0.02023,3.50657,7.55934,0
582.4,0.02023,3.50652,7.55934,0
582.5,0.02023,3.50648,7.55934,0
582.6,0.02023,3.50643,7.55934,0
582.7,0.02023,3.50639,7.55934,0
582.8,0.02023,3.50634,7.55934,0
582.9,0.02023,3.5063,7.55934,0
583,0.02023,3.50626,7.55934,0
583.1,0.02023,3.50621,7.55934,0
583.2,0.02023,3.50617,7.55934,0
583.3,0.02023,3.50613,7.55934,0
583.4,0.02023,3.50608,7.55934,0
583.5,0.02023,3.50604,7.55934,0
583.6,0.02023,3.506,7.55934,0
583.7,0.02022,3.50595,7.55934,0
583.8,0.02022,3.50591,7.55934,0
583.9,0.02022,3.50587,7.55934,0
584,0.02022,3.50582,7.55934,0
584.1,0.02022,3.50578,7.55934,0
584.2,0.02022,3.50574,7.55934,0
584.3,0.02022,3.5057,7.55934,0
584.4,0.02022,3.50565,7.55934,0
584.5,0.02022,3.50561,7.55934,0
584.6,0.02022,3.50557,7.55934,0
584.7,0.02022,3.50553,7.55934,0
584.8,0.02022,3.50549,7.55934,0
584.9,0.02022,3.50544,7.55934,0
585,0.02022,3.5054,7.55934,0
585.1,0.02022,3.50536,7.55934,0
585.2,0.02022,3.50532,7.55934,0
585.3,0.02022,3.50527,7.55934,0
585.4,0.02022,3.50523,7.55934,0
585.5,0.02022,3.50519,7.55934,0
585.6,0.02022,3.50515,7.55934,0
585.7,0.02022,3.50511,7.55934,0
585.8,0.02022,3.50506,7.55934,0
585.9,0.02022,3.50502,7.55934,0
586,0.02022,3.50498,7.55934,0
586.1,0.02022,3.50494,7.55934,0
586.2,0.02022,3.50489,7.55934,0
586.3,0.02022,3.50485,7.55934,0
586.4,0.02022,3.50481,7.55934,0
586.5,0.02022,3.50477,7.55934,0
586.6,0.02022,3.50473,7.55934,0
586.7,0.02022,3.50469,7.55934,0
586.8,0.02022,3.50465,7.55934,0
586.9,0.02022,3.5046,7.55934,0
587,0.02022,3.50456,7.55934,0
587.1,0.02022,3.50452,7.55934,0
587.2,0.02022,3.50448,7.55934,0
587.3,0.02022,3.50444,7.55934,0
587.4,0.02022,3.5044,7.55934,0
587.5,0.02022,3.50436,7.55934,0
587.6,0.02022,3.50432,7.55934,0
587.7,0.02022,3.50428,7.55934,0
587.8,0.02022,3.50424,7.55934,0
587.9,0.02022,3.5042,7.55934,0
588,0.02022,3.50416,7.55934,0
588.1,0.02022,3.50412,7.55934,0
588.2,0.02022,3.50408,7.55934,0
588.3,0.02022,3.50404,7.55934,0
588.4,0.02022,3.50399,7.55934,0
588.5,0.02022,3.50395,7.55934,0
588.6,0.02022,3.50391,7.55934,0
588.7,0.02022,3.50387,7.55934,0
588.8,0.02022,3.50383,7.55934,0
588.9,0.02022,3.50379,7.55934,0
589,0.02022,3.50375,7.55934,0
589.1,0.02022,3.50372,7.55934,0
589.2,0.02022,3.50368,7.55934,0
589.3,0.02022,3.50364,7.55934,0
589.4,0.02022,3.5036,7.55934,0
589.5,0.02022,3.50356,7.55934,0
589.6,0.02022,3.50352,7.55934,0
589.7,0.02022,3.50348,7.55934,0
589.8,0.02022,3.50344,7.55934,0
589.9,0.02022,3.5034,7.55934,0
590,0.02022,3.50336,7.55934,0
590.1,0.02022,3.50332,7.55934,0
590.2,0.02022,3.50328,7.55934,0
590.3,0.02022,3.50324,7.55934,0
590.4,0.02022,3.5032,7.55934,0
590.5,0.02022,3.50316,7.55934,0
590.6,0.02022,3.50312,7.55934,0
590.7,0.02022,3.50308,7.55934,0
590.8,0.02022,3.50304,7.55934,0
590.9,0.02022,3.503,7.55934,0
591,0.02022,3.50296,7.55934,0
591.1,0.02022,3.50292,7.55934,0
591.2,0.02022,3.50288,7.55934,0
591.3,0.02022,3.50284,7.55934,0
591.4,0.02022,3.5028,7.55934,0
591.5,0.02022,3.50276,7.55934,0
591.6,0.02022,3.50271,7.55934,0
591.7,0.02022,3.50267,7.55934,0
591.8,0.02022,3.50263,7.55934,0
591.9,0.02022,3.50259,7.55934,0
592,0.02022,3.50255,7.55934,0
592.1,0.02022,3.50251,7.55934,0
592.2,0.02022,3.50247,7.55934,0
592.3,0.02022,3.50243,7.55934,0
592.4,0.02022,3.50239,7.55934,0
592.5,0.02022,3.50235,7.55934,0
592.6,0.02022,3.50231,7.55934,0
592.7,0.02022,3.50226,7.55934,0
592.8,0.02022,3.50222,7.55934,0
592.9,0.02022,3.50218,7.55934,0
593,0.02022,3.50214,7.55934,0
593.1,0.02022,3.5021,7.55934,0
593.2,0.02022,3.50206,7.55934,0
593.3,0.02022,3.50202,7.55934,0
593.4,0.02022,3.50198,7.55934,0
593.5,0.02022,3.50194,7.55934,0
593.6,0.02022,3.50189,7.55934,0
593.7,0.02022,3.50185,7.55934,0
593.8,0.02022,3.50181,7.55934,0
593.9,0.02022,3.50177,7.55934,0
594,0.02022,3.50173,7.55934,0
594.1,0.02022,3.50169,7.55934,0
594.2,0.02022,3.50165,7.55934,0
594.3,0.02022,3.5016,7.55934,0
594.4,0.02022,3.50156,7.55934,0
594.5,0.02022,3.50152,7.55934,0
594.6,0.02022,3.50148,7.55934,0
594.7,0.02022,3.50144,7.55934,0
594.8,0.02022,3.5014,7.55933,0
594.9,0.02022,3.50135,7.55933,0
595,0.02022,3.50131,7.55933,0
595.1,0.02022,3.50127,7.55933,0
595.2,0.02022,3.50123,7.55933,0
595.3,0.02022,3.50119,7.55933,0
595.4,0.02022,3.50114,7.55933,0
595.5,0.02022,3.5011,7.55933,0
595.6,0.02022,3.50106,7.55933,0
595.7,0.02022,3.50102,7.55933,0
595.8,0.02022,3.50097,7.55933,0
595.9,0.02022,3.50093,7.55933,0
596,0.02022,3.50089,7.55933,0
596.1,0.02022,3.50085,7.55933,0
596.2,0.02022,3.50081,7.55933,0
596.3,0.02022,3.50076,7.55933,0
596.4,0.02022,3.50072,7.55933,0
596.5,0.02022,3.50068,7.55933,0
596.6,0.02022,3.50064,7.55933,0
596.7,0.02022,3.50059,7.55933,0
596.8,0.02022,3.50055,7.55933,0
596.9,0.02022,3.5005,7.55933,0
597,0.02022,3.50046,7.55933,0
597.1,0.02022,3.50042,7.55933,0
597.2,0.02022,3.50037,7.55933,0
597.3,0.02022,3.50033,7.55933,0
597.4,0.02022,3.50028,7.55933,0
597.5,0.02022,3.50024,7.55933,0
597.6,0.02022,3.50019,7.55933,0
597.7,0.02022,3.50015,7.55932,0
597.8,0.02022,3.5001,7.55932,0
597.9,0.02022,3.50005,7.55932,0
598,0.02022,3.50001,7.55932,0
598.1,0.02022,3.49996,7.55932,0
598.2,0.02022,3.49991,7.55932,0
598.3,0.02022,3.49987,7.55932,0
598.4,0.02022,3.49982,7.55932,0
598.5,0.02022,3.49977,7.55932,0
598.6,0.02022,3.49972,7.55932,0
598.7,0.02022,3.49967,7.55932,0
598.8,0.02022,3.49962,7.55932,0
598.9,0.02022,3.49957,7.55932,0
599,0.02022,3.49952,7.55932,0
599.1,0.02022,3.49947,7.55932,0
599.2,0.02022,3.49942,7.55932,0
599.3,0.02022,3.49937,7.55932,0
599.4,0.02022,3.49932,7.55932,0
599.5,0.02022,3.49927,7.55932,0
599.6,0.02022,3.49922,7.55932,0
599.7,0.02022,3.49916,7.55932,0
599.8,0.02022,3.49911,7.55932,0
599.9,0.02022,3.49906,7.55932,0
600,0.02022,3.49901,7.55931,0
600.1,0.02022,3.49896,7.55931,0
600.2,0.02022,3.49891,7.55931,0
600.3,0.02022,3.49885,7.55931,0
600.4,0.02022,3.4988,7.55931,0
600.5,0.02022,3.49875,7.55931,0
600.6,0.02022,3.4987,7.55931,0
600.7,0.02022,3.49865,7.55931,0
600.8,0.02022,3.4986,7.55931,0
600.9,0.02022,3.49855,7.55931,0
601,0.02022,3.4985,7.55931,0
601.1,0.02022,3.49845,7.55931,0
601.2,0.02022,3.49839,7.55931,0
601.3,0.02022,3.49834,7.55931,0
601.4,0.02022,3.49829,7.55931,0
601.5,0.02022,3.49824,7.55931,0
601.6,0.02022,3.49819,7.55931,0
601.7,0.02022,3.49814,7.55931,0
601.8,0.02022,3.49809,7.55931,0
601.9,0.02022,3.49805,7.55931,0
602,0.02022,3.498,7.55931,0
602.1,0.02022,3.49795,7.55931,0
602.2,0.02022,3.4979,7.5593,0
602.3,0.02022,3.49786,7.5593,0
602.4,0.02022,3.49781,7.5593,0
602.5,0.02022,3.49777,7.5593,0
602.6,0.02022,3.49772,7.5593,0
602.7,0.02022,3.49768,7.5593,0
602.8,0.02022,3.49764,7.5593,0
602.9,0.02022,3.4976,7.5593,0
603,0.02022,3.49756,7.5593,0
603.1,0.02022,3.49752,7.5593,0
603.2,0.02022,3.49749,7.5593,0
603.3,0.02022,3.49745,7.5593,0
603.4,0.02022,3.49741,7.5593,0
603.5,0.02022,3.49737,7.5593,0
603.6,0.02022,3.49733,7.5593,0
603.7,0.02022,3.4973,7.5593,0
603.8,0.02022,3.49726,7.5593,0
603.9,0.02022,3.49722,7.5593,0
604,0.02022,3.49719,7.5593,0
604.1,0.02022,3.49715,7.5593,0
604.2,0.02022,3.49711,7.5593,0
604.3,0.02022,3.49708,7.55929,0
604.4,0.02022,3.49704,7.55929,0
604.5,0.02022,3.497,7.55929,0
604.6,0.02022,3.49697,7.55929,0
604.7,0.02022,3.49693,7.55929,0
604.8,0.02022,3.4969,7.55929,0
604.9,0.02022,3.49686,7.55929,0
605,0.02022,3.49682,7.55929,0
605.1,0.02022,3.49679,7.55929,0
605.2,0.02022,3.49675,7.55929,0
605.3,0.02022,3.49672,7.55929,0
605.4,0.02022,3.49668,7.55929,0
605.5,0.02022,3.49665,7.55929,0
605.6,0.02022,3.49661,7.55929,0
605.7,0.02022,3.49658,7.55929,0
605.8,0.02022,3.49654,7.55929,0
605.9,0.02022,3.49651,7.55929,0
606,0.02022,3.49648,7.55929,0
606.1,0.02022,3.49644,7.55929,0
606.2,0.02022,3.49641,7.55929,0
606.3,0.02022,3.49637,7.55929,0
606.4,0.02022,3.49634,7.55928,0
606.5,0.02022,3.4963,7.55928,0
606.6,0.02022,3.49627,7.55928,0
606.7,0.02022,3.49623,7.55928,0
606.8,0.02022,3.4962,7.55928,0
606.9,0.02022,3.49617,7.55928,0
607,0.02022,3.49613,7.55928,0
607.1,0.02022,3.4961,7.55928,0
607.2,0.02022,3.49607,7.55928,0
607.3,0.02022,3.49603,7.55928,0
607.4,0.02022,3.496,7.55928,0
607.5,0.02022,3.49597,7.55928,0
607.6,0.02022,3.49593,7.55928,0
607.7,0.02022,3.4959,7.55928,0
607.8,0.02022,3.49587,7.55928,0
607.9,0.02022,3.49583,7.55928,0
608,0.02022,3.4958,7.55928,0
608.1,0.02022,3.49577,7.55928,0
608.2,0.02022,3.49574,7.55928,0
608.3,0.02022,3.49571,7.55928,0
608.4,0.02022,3.49567,7.55928,0
608.5,0.02022,3.49564,7.55928,0
608.6,0.02022,3.49561,7.55927,0
608.7,0.02022,3.49558,7.55927,0
608.8,0.02022,3.49555,7.55927,0
608.9,0.02022,3.49551,7.55927,0
609,0.02022,3.49548,7.55927,0
609.1,0.02022,3.49545,7.55927,0
609.2,0.02022,3.49542,7.55927,0
609.3,0.02022,3.49539,7.55927,0
609.4,0.02022,3.49536,7.55927,0
609.5,0.02022,3.49533,7.55927,0
609.6,0.02022,3.4953,7.55927,0
609.7,0.02022,3.49527,7.55927,0
609.8,0.02022,3.49523,7.55927,0
609.9,0.02022,3.4952,7.55927,0
610,0.02022,3.49517,7.55927,0
610.1,0.02022,3.49514,7.55927,0
610.2,0.02022,3.49511,7.55927,0
610.3,0.02022,3.49508,7.55927,0
610.4,0.02022,3.49505,7.55927,0
610.5,0.02022,3.49502,7.55927,0
610.6,0.02022,3.495,7.55927,0
610.7,0.02022,3.49497,7.55927,0
610.8,0.02022,3.49494,7.55927,0
610.9,0.02022,3.49491,7.55926,0
611,0.02022,3.49488,7.55926,0
611.1,0.02022,3.49485,7.55926,0
611.2,0.02022,3.49482,7.55926,0
611.3,0.02022,3.49479,7.55926,0
611.4,0.02022,3.49476,7.55926,0
611.5,0.02022,3.49473,7.55926,0
611.6,0.02022,3.49471,7.55926,0
611.7,0.02022,3.49468,7.55926,0
611.8,0.02022,3.49465,7.55926,0
611.9,0.02022,3.49462,7.55926,0
612,0.02022,3.49459,7.55926,0
612.1,0.02022,3.49456,7.55926,0
612.2,0.02022,3.49453,7.55926,0
612.3,0.02022,3.4945,7.55926,0
612.4,0.02022,3.49447,7.55926,0
612.5,0.02022,3.49445,7.55926,0
612.6,0.02022,3.49442,7.55926,0
612.7,0.02022,3.49439,7.55926,0
612.8,0.02022,3.49436,7.55926,0
612.9,0.02022,3.49433,7.55926,0
613,0.02022,3.4943,7.55926,0
613.1,0.02022,3.49427,7.55925,0
613.2,0.02022,3.49424,7.55925,0
613.3,0.02022,3.49421,7.55925,0
613.4,0.02022,3.49418,7.55925,0
613.5,0.02022,3.49416,7.55925,0
613.6,0.02022,3.49413,7.55925,0
613.7,0.02022,3.4941,7.55925,0
613.8,0.02022,3.49407,7.55925,0
613.9,0.02022,3.49404,7.55925,0
614,0.02022,3.49402,7.55925,0
614.1,0.02022,3.49399,7.55925,0
614.2,0.02022,3.49396,7.55925,0
614.3,0.02022,3.49394,7.55925,0
614.4,0.02022,3.49391,7.55925,0
614.5,0.02022,3.49388,7.55925,0
614.6,0.02022,3.49385,7.55925,0
614.7,0.02022,3.49383,7.55925,0
614.8,0.02022,3.4938,7.55925,0
614.9,0.02022,3.49378,7.55925,0
615,0.02022,3.49375,7.55925,0
615.1,0.02022,3.49372,7.55925,0
615.2,0.02022,3.4937,7.55925,0
615.3,0.02022,3.49367,7.55925,0
615.4,0.02022,3.49364,7.55925,0
615.5,0.02022,3.49362,7.55925,0
615.6,0.02022,3.49359,7.55925,0
615.7,0.02022,3.49357,7.55925,0
615.8,0.02022,3.49354,7.55924,0
615.9,0.02022,3.49351,7.55924,0
616,0.02022,3.49349,7.55924,0
616.1,0.02022,3.49346,7.55924,0
616.2,0.02022,3.49344,7.55924,0
616.3,0.02022,3.49341,7.55924,0
616.4,0.02022,3.49339,7.55924,0
616.5,0.02022,3.49336,7.55924,0
616.6,0.02022,3.49334,7.55924,0
616.7,0.02022,3.49331,7.55924,0
616.8,0.02022,3.49329,7.55924,0
616.9,0.02022,3.49326,7.55924,0
617,0.02022,3.49324,7.55924,0
617.1,0.02022,3.49322,7.55924,0
617.2,0.02022,3.49319,7.55924,0
617.3,0.02022,3.49317,7.55924,0
617.4,0.02022,3.49314,7.55924,0
617.5,0.02022,3.49312,7.55924,0
617.6,0.02022,3.4931,7.55924,0
617.7,0.02022,3.49307,7.55924,0
617.8,0.02022,3.49305,7.55924,0
617.9,0.02022,3.49303,7.55924,0
618,0.02022,3.493,7.55924,0
618.1,0.02022,3.49298,7.55924,0
618.2,0.02022,3.49296,7.55924,0
618.3,0.02022,3.49293,7.55924,0
618.4,0.02022,3.49291,7.55924,0
618.5,0.02022,3.49289,7.55924,0
618.6,0.02022,3.49286,7.55923,0
618.7,0.02022,3.49284,7.55923,0
618.8,0.02022,3.49282,7.55923,0
618.9,0.02022,3.4928,7.55923,0
619,0.02022,3.49277,7.55923,0
619.1,0.02022,3.49275,7.55923,0
619.2,0.02022,3.49273,7.55923,0
619.3,0.02022,3.49271,7.55923,0
619.4,0.02022,3.49268,7.55923,0
619.5,0.02022,3.49266,7.55923,0
619.6,0.02022,3.49264,7.55923,0
619.7,0.02022,3.49262,7.55923,0
619.8,0.02022,3.49259,7.55923,0
619.9,0.02022,3.49257,7.55923,0
620,0.02022,3.49255,7.55923,0
620.1,0.02022,3.49253,7.55923,0
620.2,0.02022,3.49251,7.55923,0
620.3,0.02022,3.49249,7.55923,0
620.4,0.02022,3.49247,7.55923,0
620.5,0.02022,3.49244,7.55923,0
620.6,0.02022,3.49242,7.55923,0
620.7,0.02022,3.4924,7.55923,0
620.8,0.02022,3.49238,7.55923,0
620.9,0.02022,3.49236,7.55923,0
621,0.02022,3.49234,7.55923,0
621.1,0.02022,3.49232,7.55923,0
621.2,0.02022,3.4923,7.55923,0
621.3,0.02021,3.49228,7.55922,0
621.4,0.02021,3.49226,7.55922,0
621.5,0.02021,3.49224,7.55922,0
621.6,0.02021,3.49222,7.55922,0
621.7,0.02021,3.4922,7.55922,0
621.8,0.02021,3.49218,7.55922,0
621.9,0.02021,3.49216,7.55922,0
622,0.02021,3.49214,7.55922,0
622.1,0.02021,3.49212,7.55922,0
622.2,0.02021,3.4921,7.55922,0
622.3,0.02021,3.49208,7.55922,0
622.4,0.02021,3.49206,7.55922,0
622.5,0.02021,3.49204,7.55922,0
622.6,0.02021,3.49202,7.55922,0
622.7,0.02021,3.492,7.55922,0
622.8,0.02021,3.49198,7.55922,0
622.9,0.02021,3.49196,7.55922,0
623,0.02021,3.49194,7.55922,0
623.1,0.02021,3.49192,7.55922,0
623.2,0.02021,3.4919,7.55922,0
623.3,0.02021,3.49188,7.55922,0
623.4,0.02021,3.49186,7.55922,0
623.5,0.02021,3.49184,7.55922,0
623.6,0.02021,3.49182,7.55921,0
623.7,0.02021,3.4918,7.55921,0
623.8,0.02021,3.49178,7.55921,0
623.9,0.02021,3.49176,7.55921,0
624,0.02021,3.49174,7.55921,0
624.1,0.02021,3.49172,7.55921,0
624.2,0.02021,3.4917,7.55921,0
624.3,0.02021,3.49168,7.55921,0
624.4,0.02021,3.49166,7.55921,0
624.5,0.02021,3.49164,7.55921,0
624.6,0.02021,3.49162,7.55921,0
624.7,0.02021,3.4916,7.55921,0
624.8,0.02021,3.49158,7.55921,0
624.9,0.02021,3.49156,7.55921,0
625,0.02021,3.49154,7.55921,0
625.1,0.02021,3.49152,7.55921,0
625.2,0.02021,3.49151,7.55921,0
625.3,0.02021,3.49149,7.55921,0
625.4,0.02021,3.49147,7.5592,0
625.5,0.02021,3.49145,7.5592,0
625.6,0.02021,3.49143,7.5592,0
625.7,0.02021,3.49141,7.5592,0
625.8,0.02021,3.49139,7.5592,0
625.9,0.02021,3.49137,7.5592,0
626,0.02021,3.49135,7.5592,0
626.1,0.02021,3.49133,7.5592,0
626.2,0.02021,3.49131,7.5592,0
626.3,0.02021,3.49129,7.5592,0
626.4,0.02021,3.49127,7.5592,0
626.5,0.02021,3.49126,7.5592,0
626.6,0.02021,3.49124,7.5592,0
626.7,0.02021,3.49122,7.5592,0
626.8,0.02021,3.4912,7.5592,0
626.9,0.02021,3.49118,7.5592,0
627,0.02021,3.49116,7.55919,0
627.1,0.02021,3.49114,7.55919,0
627.2,0.02021,3.49112,7.55919,0
627.3,0.02021,3.4911,7.55919,0
627.4,0.02021,3.49108,7.55919,0
627.5,0.02021,3.49106,7.55919,0
627.6,0.02021,3.49104,7.55919,0
627.7,0.02021,3.49103,7.55919,0
627.8,0.02021,3.49101,7.55919,0
627.9,0.02021,3.49099,7.55919,0
628,0.02021,3.49097,7.55919,0
628.1,0.02021,3.49095,7.55919,0
628.2,0.02021,3.49093,7.55919,0
628.3,0.02021,3.49091,7.55919,0
628.4,0.02021,3.49089,7.55919,0
628.5,0.02021,3.49087,7.55919,0
628.6,0.02021,3.49085,7.55918,0
628.7,0.02021,3.49083,7.55918,0
628.8,0.02021,3.49081,7.55918,0
628.9,0.02021,3.4908,7.55918,0
629,0.02021,3.49078,7.55918,0
629.1,0.02021,3.49076,7.55918,0
629.2,0.02021,3.49074,7.55918,0
629.3,0.02021,3.49072,7.55918,0
629.4,0.02021,3.4907,7.55918,0
629.5,0.02021,3.49068,7.55918,0
629.6,0.02021,3.49066,7.55918,0
629.7,0.02021,3.49064,7.55918,0
629.8,0.02021,3.49062,7.55918,0
629.9,0.02021,3.4906,7.55918,0
630,0.02021,3.49058,7.55918,0
630.1,0.02021,3.49056,7.55918,0
630.2,0.02021,3.49054,7.55917,0
630.3,0.02021,3.49052,7.55917,0
630.4,0.02021,3.4905,7.55917,0
630.5,0.02021,3.49048,7.55917,0
630.6,0.02021,3.49046,7.55917,0
630.7,0.02021,3.49044,7.55917,0
630.8,0.02021,3.49042,7.55917,0
630.9,0.02021,3.4904,7.55917,0
631,0.02021,3.49038,7.55917,0
631.1,0.02021,3.49036,7.55917,0
631.2,0.02021,3.49034,7.55917,0
631.3,0.02021,3.49032,7.55917,0
631.4,0.02021,3.4903,7.55917,0
631.5,0.02021,3.49028,7.55917,0
631.6,0.02021,3.49026,7.55917,0
631.7,0.02021,3.49024,7.55917,0
631.8,0.02021,3.49022,7.55916,0
631.9,0.02021,3.4902,7.55916,0
632,0.02021,3.49017,7.55916,0
632.1,0.02021,3.49015,7.55916,0
632.2,0.02021,3.49013,7.55916,0
632.3,0.02021,3.49011,7.55916,0
632.4,0.02021,3.49009,7.55916,0
632.5,0.02021,3.49007,7.55916,0
632.6,0.02021,3.49005,7.55916,0
632.7,0.02021,3.49003,7.55916,0
632.8,0.02021,3.49001,7.55916,0
632.9,0.02021,3.48998,7.55916,0
633,0.02021,3.48996,7.55916,0
633.1,0.02021,3.48994,7.55916,0
633.2,0.02021,3.48992,7.55916,0
633.3,0.02021,3.4899,7.55916,0
633.4,0.02021,3.48987,7.55916,0
633.5,0.02021,3.48985,7.55915,0
633.6,0.02021,3.48983,7.55915,0
633.7,0.02021,3.48981,7.55915,0
633.8,0.02021,3.48979,7.55915,0
633.9,0.02021,3.48976,7.55915,0
634,0.02021,3.48974,7.55915,0
634.1,0.02021,3.48972,7.55915,0
634.2,0.02021,3.4897,7.55915,0
634.3,0.02021,3.48968,7.55915,0
634.4,0.02021,3.48965,7.55915,0
634.5,0.02021,3.48963,7.55915,0
634.6,0.02021,3.48961,7.55915,0
634.7,0.02021,3.48959,7.55915,0
634.8,0.02021,3.48957,7.55915,0
634.9,0.02021,3.48954,7.55915,0
635,0.02021,3.48952,7.55915,0
635.1,0.02021,3.48951,7.55914,0
635.2,0.02021,3.48949,7.55914,0
635.3,0.02021,3.48947,7.55914,0
635.4,0.02021,3.48945,7.55914,0
635.5,0.02021,3.48943,7.55914,0
635.6,0.02021,3.48941,7.55914,0
635.7,0.02021,3.48939,7.55914,0
635.8,0.02021,3.48936,7.55914,0
635.9,0.02021,3.48934,7.55914,0
636,0.02021,3.48932,7.55914,0
636.1,0.02021,3.4893,7.55914,0
636.2,0.02021,3.48928,7.55914,0
636.3,0.02021,3.48926,7.55914,0
636.4,0.02021,3.48924,7.55914,0
636.5,0.02021,3.48922,7.55913,0
636.6,0.02021,3.4892,7.55913,0
636.7,0.02021,3.48918,7.55913,0
636.8,0.02021,3.48916,7.55913,0
636.9,0.02021,3.48914,7.55913,0
637,0.02021,3.48912,7.55913,0
637.1,0.02021,3.4891,7.55913,0
637.2,0.02021,3.48908,7.55913,0
637.3,0.02021,3.48906,7.55913,0
637.4,0.02021,3.48904,7.55913,0
637.5,0.02021,3.48902,7.55913,0
637.6,0.02021,3.489,7.55913,0
637.7,0.02021,3.48898,7.55913,0
637.8,0.02021,3.48896,7.55913,0
637.9,0.02021,3.48894,7.55913,0
638,0.02021,3.48892,7.55912,0
638.1,0.02021,3.4889,7.55912,0
638.2,0.02021,3.48887,7.55912,0
638.3,0.02021,3.48885,7.55912,0
638.4,0.02021,3.48883,7.55912,0
638.5,0.02021,3.48881,7.55912,0
638.6,0.02021,3.48879,7.55912,0
638.7,0.02021,3.48877,7.55912,0
638.8,0.02021,3.48875,7.55912,0
638.9,0.02021,3.48874,7.55912,0
639,0.02021,3.48872,7.55912,0
639.1,0.02021,3.4887,7.55912,0
639.2,0.02021,3.48868,7.55912,0
639.3,0.02021,3.48866,7.55912,0
639.4,0.02021,3.48864,7.55912,0
639.5,0.02021,3.48862,7.55912,0
639.6,0.02021,3.4886,7.55912,0
639.7,0.02021,3.48858,7.55911,0
639.8,0.02021,3.48856,7.55911,0
639.9,0.02021,3.48854,7.55911,0
640,0.02021,3.48852,7.55911,0
640.1,0.02021,3.4885,7.55911,0
640.2,0.02021,3.48848,7.55911,0
640.3,0.02021,3.48846,7.55911,0
640.4,0.02021,3.48844,7.55911,0
640.5,0.02021,3.48842,7.55911,0
640.6,0.02021,3.4884,7.55911,0
640.7,0.02021,3.48838,7.55911,0
640.8,0.02021,3.48836,7.55911,0
640.9,0.02021,3.48834,7.55911,0
641,0.02021,3.48832,7.55911,0
641.1,0.02021,3.4883,7.55911,0
641.2,0.02021,3.48828,7.55911,0
641.3,0.02021,3.48826,7.55911,0
641.4,0.02021,3.48823,7.55911,0
641.5,0.02021,3.48821,7.5591,0
641.6,0.02021,3.48819,7.5591,0
641.7,0.02021,3.48817,7.5591,0
641.8,0.02021,3.48815,7.5591,0
641.9,0.02021,3.48813,7.5591,0
642,0.02021,3.48811,7.5591,0
642.1,0.02021,3.48809,7.5591,0
642.2,0.02021,3.48806,7.5591,0
642.3,0.02021,3.48804,7.5591,0
642.4,0.02021,3.48802,7.5591,0
642.5,0.02021,3.488,7.5591,0
642.6,0.02021,3.48797,7.5591,0
642.7,0.02021,3.48795,7.5591,0
642.8,0.02021,3.48793,7.5591,0
642.9,0.02021,3.48791,7.5591,0
643,0.02021,3.48788,7.5591,0
643.1,0.02021,3.48786,7.5591,0
643.2,0.02021,3.48784,7.5591,0
643.3,0.02021,3.48781,7.5591,0
643.4,0.02021,3.48779,7.5591,0
643.5,0.02021,3.48777,7.55909,0
643.6,0.02021,3.48775,7.55909,0
643.7,0.02021,3.48772,7.55909,0
643.8,0.02021,3.4877,7.55909,0
643.9,0.02021,3.48768,7.55909,0
644,0.02021,3.48765,7.55909,0
644.1,0.02021,3.48763,7.55909,0
644.2,0.02021,3.48761,7.55909,0
644.3,0.02021,3.48759,7.55909,0
644.4,0.02021,3.48757,7.55909,0
644.5,0.02021,3.48755,7.55909,0
644.6,0.02021,3.48753,7.55909,0
644.7,0.02021,3.48751,7.55909,0
644.8,0.02021,3.48749,7.55909,0
644.9,0.02021,3.48747,7.55909,0
645,0.02021,3.48745,7.55909,0
645.1,0.02021,3.48743,7.55909,0
645.2,0.02021,3.48741,7.55909,0
645.3,0.02021,3.48739,7.55909,0
645.4,0.02021,3.48737,7.55909,0
645.5,0.02021,3.48735,7.55909,0
645.6,0.02021,3.48733,7.55908,0
645.7,0.02021,3.48731,7.55908,0
645.8,0.02021,3.48729,7.55908,0
645.9,0.02021,3.48727,7.55908,0
646,0.02021,3.48725,7.55908,0
646.1,0.02021,3.48723,7.55908,0
646.2,0.02021,3.48721,7.55908,0
646.3,0.02021,3.48719,7.55908,0
646.4,0.02021,3.48717,7.55908,0
646.5,0.02021,3.48715,7.55908,0
646.6,0.02021,3.48713,7.55908,0
646.7,0.0202,3.48711,7.55908,0
646.8,0.0202,3.48708,7.55908,0
646.9,0.0202,3.48706,7.55908,0
647,0.0202,3.48704,7.55908,0
647.1,0.0202,3.48702,7.55908,0
647.2,0.0202,3.487,7.55908,0
647.3,0.0202,3.48698,7.55908,0
647.4,0.0202,3.48696,7.55908,0
647.5,0.0202,3.48694,7.55908,0
647.6,0.0202,3.48692,7.55908,0
647.7,0.0202,3.4869,7.55908,0
647.8,0.0202,3.48688,7.55908,0
647.9,0.0202,3.48686,7.55907,0
648,0.0202,3.48683,7.55907,0
648.1,0.0202,3.48681,7.55907,0
648.2,0.0202,3.4868,7.55907,0
648.3,0.0202,3.48677,7.55907,0
648.4,0.0202,3.48675,7.55907,0
648.5,0.0202,3.48672,7.55907,0
648.6,0.0202,3.4867,7.55907,0
648.7,0.0202,3.48668,7.55907,0
648.8,0.0202,3.48666,7.55907,0
648.9,0.0202,3.48664,7.55907,0
649,0.0202,3.48662,7.55907,0
649.1,0.0202,3.4866,7.55907,0
649.2,0.0202,3.48658,7.55907,0
649.3,0.0202,3.48656,7.55907,0
649.4,0.0202,3.48654,7.55907,0
649.5,0.0202,3.48652,7.55907,0
649.6,0.0202,3.4865,7.55907,0
649.7,0.0202,3.48648,7.55907,0
649.8,0.0202,3.48646,7.55907,0
649.9,0.0202,3.48644,7.55907,0
650,0.0202,3.48642,7.55907,0
650.1,0.0202,3.4864,7.55907,0
650.2,0.0202,3.48638,7.55907,0
650.3,0.0202,3.48637,7.55906,0
650.4,0.0202,3.48635,7.55906,0
650.5,0.0202,3.48633,7.55906,0
650.6,0.0202,3.48631,7.55906,0
650.7,0.0202,3.48629,7.55906,0
650.8,0.0202,3.48628,7.55906,0
650.9,0.0202,3.48626,7.55906,0
651,0.0202,3.48624,7.55906,0
651.1,0.0202,3.48622,7.55906,0
651.2,0.0202,3.48621,7.55906,0
651.3,0.0202,3.48619,7.55906,0
651.4,0.0202,3.48617,7.55906,0
651.5,0.0202,3.48616,7.55906,0
651.6,0.0202,3.48615,7.55906,0
651.7,0.0202,3.48614,7.55906,0
651.8,0.0202,3.48612,7.55906,0
651.9,0.0202,3.48611,7.55906,0
652,0.0202,3.4861,7.55906,0
652.1,0.0202,3.48609,7.55906,0
652.2,0.0202,3.48607,7.55906,0
652.3,0.0202,3.48606,7.55906,0
652.4,0.0202,3.48605,7.55906,0
652.5,0.0202,3.48604,7.55906,0
652.6,0.0202,3.48603,7.55905,0
652.7,0.0202,3.48602,7.55905,0
652.8,0.0202,3.486,7.55905,0
652.9,0.0202,3.48599,7.55905,0
653,0.0202,3.48598,7.55905,0
653.1,0.0202,3.48595,7.55905,0
653.2,0.0202,3.48593,7.55905,0
653.3,0.0202,3.48591,7.55905,0
653.4,0.0202,3.48589,7.55905,0
653.5,0.0202,3.48587,7.55905,0
653.6,0.0202,3.48585,7.55905,0
653.7,0.0202,3.48584,7.55905,0
653.8,0.0202,3.48582,7.55905,0
653.9,0.0202,3.48581,7.55905,0
654,0.0202,3.48579,7.55905,0
654.1,0.0202,3.48578,7.55905,0
654.2,0.0202,3.48576,7.55905,0
654.3,0.0202,3.48575,7.55905,0
654.4,0.0202,3.48574,7.55904,0
654.5,0.0202,3.48573,7.55904,0
654.6,0.0202,3.48571,7.55904,0
654.7,0.0202,3.4857,7.55904,0
654.8,0.0202,3.48569,7.55904,0
654.9,0.0202,3.48568,7.55904,0
655,0.0202,3.48567,7.55904,0
655.1,0.0202,3.48565,7.55904,0
655.2,0.0202,3.48564,7.55904,0
655.3,0.0202,3.48563,7.55904,0
655.4,0.0202,3.48562,7.55904,0
655.5,0.0202,3.48561,7.55904,0
655.6,0.0202,3.4856,7.55904,0
655.7,0.0202,3.48559,7.55904,0
655.8,0.0202,3.48558,7.55904,0
655.9,0.0202,3.48558,7.55904,0
656,0.0202,3.48556,7.55904,0
656.1,0.0202,3.48555,7.55903,0
656.2,0.0202,3.48554,7.55903,0
656.3,0.0202,3.48553,7.55903,0
656.4,0.0202,3.48552,7.55903,0
656.5,0.0202,3.48551,7.55903,0
656.6,0.0202,3.48549,7.55903,0
656.7,0.0202,3.48548,7.55903,0
656.8,0.0202,3.48547,7.55903,0
656.9,0.0202,3.48546,7.55903,0
657,0.0202,3.48545,7.55903,0
657.1,0.0202,3.48544,7.55903,0
657.2,0.0202,3.48543,7.55903,0
657.3,0.0202,3.48542,7.55903,0
657.4,0.0202,3.48541,7.55903,0
657.5,0.0202,3.4854,7.55903,0
657.6,0.0202,3.4854,7.55903,0
657.7,0.0202,3.48539,7.55903,0
657.8,0.0202,3.48538,7.55902,0
657.9,0.0202,3.48537,7.55902,0
658,0.0202,3.48536,7.55902,0
658.1,0.0202,3.48535,7.55902,0
658.2,0.0202,3.48535,7.55902,0
658.3,0.0202,3.48534,7.55902,0
658.4,0.0202,3.48533,7.55902,0
658.5,0.0202,3.48532,7.55902,0
658.6,0.0202,3.48532,7.55902,0
658.7,0.0202,3.48531,7.55902,0
658.8,0.0202,3.4853,7.55902,0
658.9,0.0202,3.48529,7.55902,0
659,0.0202,3.48528,7.55902,0
659.1,0.0202,3.48527,7.55902,0
659.2,0.0202,3.48526,7.55902,0
659.3,0.0202,3.48525,7.55902,0
659.4,0.0202,3.48524,7.55902,0
659.5,0.0202,3.48524,7.55902,0
659.6,0.0202,3.48523,7.55901,0
659.7,0.0202,3.48522,7.55901,0
659.8,0.0202,3.48521,7.55901,0
659.9,0.0202,3.4852,7.55901,0
660,0.0202,3.48519,7.55901,0
660.1,0.0202,3.48518,7.55901,0
660.2,0.0202,3.48517,7.55901,0
660.3,0.0202,3.48516,7.55901,0
660.4,0.0202,3.48515,7.55901,0
660.5,0.0202,3.48514,7.55901,0
660.6,0.0202,3.48513,7.55901,0
660.7,0.0202,3.48512,7.55901,0
660.8,0.0202,3.48511,7.55901,0
660.9,0.0202,3.48511,7.55901,0
661,0.0202,3.4851,7.55901,0
661.1,0.0202,3.48509,7.55901,0
661.2,0.0202,3.48508,7.55901,0
661.3,0.0202,3.48507,7.55901,0
661.4,0.0202,3.48506,7.559,0
661.5,0.0202,3.48505,7.559,0
661.6,0.0202,3.48505,7.559,0
661.7,0.0202,3.48504,7.559,0
661.8,0.0202,3.48503,7.559,0
661.9,0.0202,3.48503,7.559,0
662,0.0202,3.48502,7.559,0
662.1,0.0202,3.48501,7.559,0
662.2,0.0202,3.48501,7.559,0
662.3,0.0202,3.485,7.559,0
662.4,0.0202,3.48499,7.559,0
662.5,0.0202,3.48498,7.559,0
662.6,0.0202,3.48498,7.559,0
662.7,0.0202,3.48497,7.559,0
662.8,0.0202,3.48496,7.559,0
662.9,0.0202,3.48496,7.559,0
663,0.0202,3.48495,7.55899,0
663.1,0.0202,3.48494,7.55899,0
663.2,0.0202,3.48494,7.55899,0
663.3,0.0202,3.48493,7.55899,0
663.4,0.0202,3.48492,7.55899,0
663.5,0.0202,3.48492,7.55899,0
663.6,0.0202,3.48491,7.55899,0
663.7,0.0202,3.4849,7.55899,0
663.8,0.0202,3.4849,7.55899,0
663.9,0.0202,3.48489,7.55899,0
664,0.0202,3.48489,7.55899,0
664.1,0.0202,3.48488,7.55899,0
664.2,0.0202,3.48487,7.55899,0
664.3,0.0202,3.48487,7.55899,0
664.4,0.0202,3.48486,7.55899,0
664.5,0.0202,3.48485,7.55899,0
664.6,0.0202,3.48484,7.55899,0
664.7,0.0202,3.48483,7.55898,0
664.8,0.0202,3.48483,7.55898,0
664.9,0.0202,3.48482,7.55898,0
665,0.0202,3.48482,7.55898,0
665.1,0.0202,3.48481,7.55898,0
665.2,0.0202,3.4848,7.55898,0
665.3,0.0202,3.4848,7.55898,0
665.4,0.0202,3.48479,7.55898,0
665.5,0.0202,3.48479,7.55898,0
665.6,0.0202,3.48478,7.55898,0
665.7,0.0202,3.48478,7.55898,0
665.8,0.0202,3.48477,7.55898,0
665.9,0.0202,3.48476,7.55898,0
666,0.0202,3.48476,7.55898,0
666.1,0.0202,3.48475,7.55898,0
666.2,0.0202,3.48475,7.55898,0
666.3,0.0202,3.48475,7.55898,0
666.4,0.0202,3.48474,7.55897,0
666.5,0.0202,3.48474,7.55897,0
666.6,0.0202,3.48473,7.55897,0
666.7,0.0202,3.48472,7.55897,0
666.8,0.0202,3.48471,7.55897,0
666.9,0.0202,3.48471,7.55897,0
667,0.0202,3.4847,7.55897,0
667.1,0.0202,3.4847,7.55897,0
667.2,0.0202,3.4847,7.55897,0
667.3,0.0202,3.48469,7.55897,0
667.4,0.0202,3.48469,7.55897,0
667.5,0.0202,3.48468,7.55897,0
667.6,0.0202,3.48468,7.55897,0
667.7,0.0202,3.48467,7.55897,0
667.8,0.0202,3.48466,7.55897,0
667.9,0.0202,3.48466,7.55897,0
668,0.0202,3.48465,7.55896,0
668.1,0.0202,3.48465,7.55896,0
668.2,0.0202,3.48464,7.55896,0
668.3,0.0202,3.48464,7.55896,0
668.4,0.0202,3.48463,7.55896,0
668.5,0.0202,3.48463,7.55896,0
668.6,0.0202,3.48462,7.55896,0
668.7,0.0202,3.48462,7.55896,0
668.8,0.0202,3.48461,7.55896,0
668.9,0.0202,3.48461,7.55896,0
669,0.0202,3.4846,7.55896,0
669.1,0.0202,3.48459,7.55896,0
669.2,0.0202,3.48459,7.55896,0
669.3,0.0202,3.48458,7.55896,0
669.4,0.0202,3.48458,7.55896,0
669.5,0.0202,3.48457,7.55896,0
669.6,0.0202,3.48457,7.55895,0
669.7,0.0202,3.48456,7.55895,0
669.8,0.0202,3.48455,7.55895,0
669.9,0.0202,3.48455,7.55895,0
670,0.0202,3.48454,7.55895,0
670.1,0.0202,3.48453,7.55895,0
670.2,0.0202,3.48453,7.55895,0
670.3,0.0202,3.48452,7.55895,0
670.4,0.0202,3.48451,7.55895,0
670.5,0.0202,3.48451,7.55895,0
670.6,0.0202,3.4845,7.55895,0
670.7,0.0202,3.48449,7.55895,0
670.8,0.0202,3.48449,7.55895,0
670.9,0.0202,3.48448,7.55895,0
671,0.0202,3.48447,7.55895,0
671.1,0.0202,3.48447,7.55895,0
671.2,0.0202,3.48446,7.55894,0
671.3,0.0202,3.48445,7.55894,0
671.4,0.0202,3.48445,7.55894,0
671.5,0.0202,3.48444,7.55894,0
671.6,0.0202,3.48443,7.55894,0
671.7,0.0202,3.48443,7.55894,0
671.8,0.0202,3.48442,7.55894,0
671.9,0.0202,3.48441,7.55894,0
672,0.0202,3.48441,7.55894,0
672.1,0.0202,3.4844,7.55894,0
672.2,0.0202,3.4844,7.55894,0
672.3,0.0202,3.48439,7.55894,0
672.4,0.0202,3.48438,7.55894,0
672.5,0.0202,3.48438,7.55894,0
672.6,0.0202,3.48437,7.55894,0
672.7,0.0202,3.48437,7.55894,0
672.8,0.0202,3.48436,7.55893,0
672.9,0.0202,3.48435,7.55893,0
673,0.0202,3.48435,7.55893,0
673.1,0.0202,3.48434,7.55893,0
673.2,0.0202,3.48433,7.55893,0
673.3,0.0202,3.48433,7.55893,0
673.4,0.0202,3.48432,7.55893,0
673.5,0.0202,3.48431,7.55893,0
673.6,0.0202,3.48431,7.55893,0
673.7,0.0202,3.4843,7.55893,0
673.8,0.0202,3.48429,7.55893,0
673.9,0.0202,3.48429,7.55893,0
674,0.0202,3.48428,7.55893,0
674.1,0.0202,3.48427,7.55893,0
674.2,0.0202,3.48426,7.55893,0
674.3,0.0202,3.48426,7.55893,0
674.4,0.0202,3.48425,7.55892,0
674.5,0.0202,3.48424,7.55892,0
674.6,0.0202,3.48423,7.55892,0
674.7,0.0202,3.48422,7.55892,0
674.8,0.0202,3.48422,7.55892,0
674.9,0.0202,3.48421,7.55892,0
675,0.0202,3.4842,7.55892,0
675.1,0.0202,3.48419,7.55892,0
675.2,0.0202,3.48418,7.55892,0
675.3,0.0202,3.48417,7.55892,0
675.4,0.0202,3.48416,7.55892,0
675.5,0.0202,3.48415,7.55892,0
675.6,0.0202,3.48414,7.55892,0
675.7,0.02019,3.48413,7.55892,0
675.8,0.02019,3.48413,7.55892,0
675.9,0.02019,3.48412,7.55891,0
676,0.02019,3.48411,7.55891,0
676.1,0.02019,3.4841,7.55891,0
676.2,0.02019,3.48409,7.55891,0
676.3,0.02019,3.48408,7.55891,0
676.4,0.02019,3.48407,7.55891,0
676.5,0.02019,3.48406,7.55891,0
676.6,0.02019,3.48405,7.55891,0
676.7,0.02019,3.48404,7.55891,0
676.8,0.02019,3.48403,7.55891,0
676.9,0.02019,3.48402,7.55891,0
677,0.02019,3.48401,7.55891,0
677.1,0.02019,3.484,7.55891,0
677.2,0.02019,3.48399,7.55891,0
677.3,0.02019,3.48398,7.5589,0
677.4,0.02019,3.48397,7.5589,0
677.5,0.02019,3.48396,7.5589,0
677.6,0.02019,3.48395,7.5589,0
677.7,0.02019,3.48394,7.5589,0
677.8,0.02019,3.48392,7.5589,0
677.9,0.02019,3.48391,7.5589,0
678,0.02019,3.4839,7.5589,0
678.1,0.02019,3.48389,7.5589,0
678.2,0.02019,3.48388,7.5589,0
678.3,0.02019,3.48387,7.5589,0
678.4,0.02019,3.48386,7.5589,0
678.5,0.02019,3.48385,7.5589,0
678.6,0.02019,3.48384,7.5589,0
678.7,0.02019,3.48383,7.55889,0
678.8,0.02019,3.48382,7.55889,0
678.9,0.02019,3.48381,7.55889,0
679,0.02019,3.48379,7.55889,0
679.1,0.02019,3.48378,7.55889,0
679.2,0.02019,3.48377,7.55889,0
679.3,0.02019,3.48376,7.55889,0
679.4,0.02019,3.48375,7.55889,0
679.5,0.02019,3.48373,7.55889,0
679.6,0.02019,3.48372,7.55889,0
679.7,0.02019,3.48371,7.55889,0
679.8,0.02019,3.4837,7.55889,0
679.9,0.02019,3.48368,7.55889,0
680,0.02019,3.48367,7.55889,0
680.1,0.02019,3.48366,7.55889,0
680.2,0.02019,3.48365,7.55888,0
680.3,0.02019,3.48363,7.55888,0
680.4,0.02019,3.48362,7.55888,0
680.5,0.02019,3.48361,7.55888,0
680.6,0.02019,3.48359,7.55888,0
680.7,0.02019,3.48358,7.55888,0
680.8,0.02019,3.48356,7.55888,0
680.9,0.02019,3.48355,7.55888,0
681,0.02019,3.48354,7.55888,0
681.1,0.02019,3.48352,7.55888,0
681.2,0.02019,3.48351,7.55888,0
681.3,0.02019,3.48349,7.55888,0
681.4,0.02019,3.48348,7.55888,0
681.5,0.02019,3.48346,7.55888,0
681.6,0.02019,3.48345,7.55888,0
681.7,0.02019,3.48344,7.55887,0
681.8,0.02019,3.48342,7.55887,0
681.9,0.02019,3.48341,7.55887,0
682,0.02019,3.48339,7.55887,0
682.1,0.02019,3.48338,7.55887,0
682.2,0.02019,3.48336,7.55887,0
682.3,0.02019,3.48335,7.55887,0
682.4,0.02019,3.48333,7.55887,0
682.5,0.02019,3.48331,7.55887,0
682.6,0.02019,3.4833,7.55887,0
682.7,0.02019,3.48328,7.55887,0
682.8,0.02019,3.48327,7.55887,0
682.9,0.02019,3.48325,7.55887,0
683,0.02019,3.48324,7.55887,0
683.1,0.02019,3.48322,7.55886,0
683.2,0.02019,3.4832,7.55886,0
683.3,0.02019,3.48319,7.55886,0
683.4,0.02019,3.48317,7.55886,0
683.5,0.02019,3.48316,7.55886,0
683.6,0.02019,3.48314,7.55886,0
683.7,0.02019,3.48312,7.55886,0
683.8,0.02019,3.48311,7.55886,0
683.9,0.02019,3.48309,7.55886,0
684,0.02019,3.48308,7.55886,0
684.1,0.02019,3.48306,7.55886,0
684.2,0.02019,3.48304,7.55886,0
684.3,0.02019,3.48303,7.55886,0
684.4,0.02019,3.48301,7.55886,0
684.5,0.02019,3.483,7.55885,0
684.6,0.02019,3.48298,7.55885,0
684.7,0.02019,3.48296,7.55885,0
684.8,0.02019,3.48295,7.55885,0
684.9,0.02019,3.48293,7.55885,0
685,0.02019,3.48292,7.55885,0
685.1,0.02019,3.4829,7.55885,0
685.2,0.02019,3.48288,7.55885,0
685.3,0.02019,3.48287,7.55885,0
685.4,0.02019,3.48285,7.55885,0
685.5,0.02019,3.48284,7.55885,0
685.6,0.02019,3.48282,7.55885,0
685.7,0.02019,3.4828,7.55885,0
685.8,0.02019,3.48279,7.55885,0
685.9,0.02019,3.48277,7.55884,0
686,0.02019,3.48276,7.55884,0
686.1,0.02019,3.48274,7.55884,0
686.2,0.02019,3.48272,7.55884,0
686.3,0.02019,3.48271,7.55884,0
686.4,0.02019,3.48269,7.55884,0
686.5,0.02019,3.48267,7.55884,0
686.6,0.02019,3.48266,7.55884,0
686.7,0.02019,3.48264,7.55884,0
686.8,0.02019,3.48263,7.55884,0
686.9,0.02019,3.48261,7.55884,0
687,0.02019,3.48259,7.55884,0
687.1,0.02019,3.48258,7.55884,0
687.2,0.02019,3.48256,7.55883,0
687.3,0.02019,3.48255,7.55883,0
687.4,0.02019,3.48253,7.55883,0
687.5,0.02019,3.48252,7.55883,0
687.6,0.02019,3.4825,7.55883,0
687.7,0.02019,3.48249,7.55883,0
687.8,0.02019,3.48247,7.55883,0
687.9,0.02019,3.48246,7.55883,0
688,0.02019,3.48244,7.55883,0
688.1,0.02019,3.48243,7.55883,0
688.2,0.02019,3.48241,7.55883,0
688.3,0.02019,3.48239,7.55883,0
688.4,0.02019,3.48238,7.55882,0
688.5,0.02019,3.48236,7.55882,0
688.6,0.02019,3.48235,7.55882,0
688.7,0.02019,3.48233,7.55882,0
688.8,0.02019,3.48232,7.55882,0
688.9,0.02019,3.48231,7.55882,0
689,0.02019,3.48229,7.55882,0
689.1,0.02019,3.48228,7.55882,0
689.2,0.02019,3.48226,7.55882,0
689.3,0.02019,3.48225,7.55882,0
689.4,0.02019,3.48224,7.55882,0
689.5,0.02019,3.48222,7.55882,0
689.6,0.02019,3.48221,7.55882,0
689.7,0.02019,3.4822,7.55881,0
689.8,0.02019,3.48219,7.55881,0
689.9,0.02019,3.48217,7.55881,0
690,0.02019,3.48216,7.55881,0
690.1,0.02019,3.48215,7.55881,0
690.2,0.02019,3.48214,7.55881,0
690.3,0.02019,3.48213,7.55881,0
690.4,0.02019,3.48212,7.55881,0
690.5,0.02019,3.4821,7.55881,0
690.6,0.02019,3.48209,7.55881,0
690.7,0.02019,3.48208,7.55881,0
690.8,0.02019,3.48207,7.55881,0
690.9,0.02019,3.48206,7.5588,0
691,0.02019,3.48205,7.5588,0
691.1,0.02019,3.48204,7.5588,0
691.2,0.02019,3.48203,7.5588,0
691.3,0.02019,3.48202,7.5588,0
691.4,0.02019,3.48201,7.5588,0
691.5,0.02019,3.482,7.5588,0
691.6,0.02019,3.48199,7.5588,0
691.7,0.02019,3.48198,7.5588,0
691.8,0.02019,3.48197,7.5588,0
691.9,0.02019,3.48196,7.5588,0
692,0.02019,3.48195,7.5588,0
692.1,0.02019,3.48194,7.55879,0
692.2,0.02019,3.48193,7.55879,0
692.3,0.02019,3.48192,7.55879,0
692.4,0.02019,3.48191,7.55879,0
692.5,0.02019,3.4819,7.55879,0
692.6,0.02019,3.48189,7.55879,0
692.7,0.02019,3.48188,7.55879,0
692.8,0.02019,3.48187,7.55879,0
692.9,0.02019,3.48186,7.55879,0
693,0.02019,3.48185,7.55879,0
693.1,0.02019,3.48184,7.55879,0
693.2,0.02019,3.48183,7.55878,0
693.3,0.02019,3.48182,7.55878,0
693.4,0.02019,3.48181,7.55878,0
693.5,0.02019,3.48181,7.55878,0
693.6,0.02019,3.4818,7.55878,0
693.7,0.02019,3.48179,7.55878,0
693.8,0.02019,3.48178,7.55878,0
693.9,0.02019,3.48177,7.55878,0
694,0.02019,3.48176,7.55878,0
694.1,0.02019,3.48175,7.55878,0
694.2,0.02019,3.48174,7.55877,0
694.3,0.02019,3.48173,7.55877,0
694.4,0.02019,3.48173,7.55877,0
694.5,0.02019,3.48172,7.55877,0
694.6,0.02019,3.48171,7.55877,0
694.7,0.02019,3.4817,7.55877,0
694.8,0.02019,3.48169,7.55877,0
694.9,0.02019,3.48168,7.55877,0
695,0.02019,3.48167,7.55877,0
695.1,0.02019,3.48167,7.55877,0
695.2,0.02019,3.48166,7.55876,0
695.3,0.02019,3.48165,7.55876,0
695.4,0.02019,3.48164,7.55876,0
695.5,0.02019,3.48163,7.55876,0
695.6,0.02019,3.48162,7.55876,0
695.7,0.02019,3.48162,7.55876,0
695.8,0.02019,3.48161,7.55876,0
695.9,0.02019,3.4816,7.55876,0
696,0.02019,3.48159,7.55876,0
696.1,0.02019,3.48158,7.55875,0
696.2,0.02019,3.48157,7.55875,0
696.3,0.02019,3.48157,7.55875,0
696.4,0.02019,3.48156,7.55875,0
696.5,0.02019,3.48155,7.55875,0
696.6,0.02019,3.48154,7.55875,0
696.7,0.02019,3.48153,7.55875,0
696.8,0.02019,3.48153,7.55875,0
696.9,0.02019,3.48152,7.55875,0
697,0.02019,3.48151,7.55874,0
697.1,0.02019,3.4815,7.55874,0
697.2,0.02019,3.48149,7.55874,0
697.3,0.02019,3.48149,7.55874,0
697.4,0.02019,3.48148,7.55874,0
697.5,0.02019,3.48147,7.55874,0
697.6,0.02019,3.48146,7.55874,0
697.7,0.02019,3.48145,7.55874,0
697.8,0.02019,3.48144,7.55874,0
697.9,0.02019,3.48144,7.55873,0
698,0.02019,3.48143,7.55873,0
698.1,0.02019,3.48142,7.55873,0
698.2,0.02019,3.48141,7.55873,0
698.3,0.02019,3.4814,7.55873,0
698.4,0.02019,3.4814,7.55873,0
698.5,0.02019,3.48139,7.55873,0
698.6,0.02019,3.48138,7.55873,0
698.7,0.02019,3.48137,7.55872,0
698.8,0.02019,3.48136,7.55872,0
698.9,0.02019,3.48136,7.55872,0
699,0.02019,3.48135,7.55872,0
699.1,0.02019,3.48134,7.55872,0
699.2,0.02019,3.48133,7.55872,0
699.3,0.02019,3.48132,7.55872,0
699.4,0.02019,3.48132,7.55871,0
699.5,0.02019,3.48131,7.55871,0
699.6,0.02019,3.4813,7.55871,0
699.7,0.02019,3.48129,7.55871,0
699.8,0.02019,3.48129,7.55871,0
699.9,0.02019,3.48128,7.55871,0
700,0.02019,3.48127,7.55871,0
700.1,0.02019,3.48126,7.55871,0
700.2,0.02019,3.48126,7.5587,0
700.3,0.02019,3.48125,7.5587,0
700.4,0.02019,3.48124,7.5587,0
700.5,0.02019,3.48123,7.5587,0
700.6,0.02019,3.48123,7.5587,0
700.7,0.02019,3.48122,7.5587,0
700.8,0.02019,3.48121,7.55869,0
700.9,0.02019,3.48121,7.55869,0
701,0.02019,3.4812,7.55869,0
701.1,0.02019,3.48119,7.55869,0
701.2,0.02019,3.48119,7.55869,0
701.3,0.02019,3.48118,7.55869,0
701.4,0.02019,3.48117,7.55869,0
701.5,0.02019,3.48116,7.55868,0
701.6,0.02019,3.48116,7.55868,0
701.7,0.02019,3.48115,7.55868,0
701.8,0.02019,3.48114,7.55868,0
701.9,0.02019,3.48114,7.55868,0
702,0.02019,3.48113,7.55868,0
702.1,0.02019,3.48112,7.55867,0
702.2,0.02019,3.48111,7.55867,0
702.3,0.02019,3.48111,7.55867,0
702.4,0.02019,3.4811,7.55867,0
702.5,0.02019,3.48109,7.55867,0
702.6,0.02019,3.48108,7.55867,0
702.7,0.02019,3.48107,7.55866,0
702.8,0.02019,3.48107,7.55866,0
702.9,0.02019,3.48106,7.55866,0
703,0.02019,3.48105,7.55866,0
703.1,0.02019,3.48104,7.55866,0
703.2,0.02019,3.48104,7.55866,0
703.3,0.02019,3.48103,7.55865,0
703.4,0.02019,3.48102,7.55865,0
703.5,0.02019,3.48101,7.55865,0
703.6,0.02019,3.48101,7.55865,0
703.7,0.02019,3.481,7.55865,0
703.8,0.02019,3.48099,7.55865,0
703.9,0.02019,3.48098,7.55864,0
704,0.02019,3.48097,7.55864,0
704.1,0.02019,3.48097,7.55864,0
704.2,0.02019,3.48096,7.55864,0
704.3,0.02019,3.48095,7.55864,0
704.4,0.02019,3.48094,7.55863,0
704.5,0.02019,3.48094,7.55863,0
704.6,0.02019,3.48093,7.55863,0
704.7,0.02019,3.48092,7.55863,0
704.8,0.02019,3.48091,7.55863,0
704.9,0.02019,3.4809,7.55863,0
705,0.02019,3.48089,7.55862,0
705.1,0.02019,3.48088,7.55862,0
705.2,0.02019,3.48088,7.55862,0
705.3,0.02019,3.48087,7.55862,0
705.4,0.02019,3.48086,7.55862,0
705.5,0.02019,3.48085,7.55861,0
705.6,0.02019,3.48084,7.55861,0
705.7,0.02019,3.48083,7.55861,0
705.8,0.02019,3.48082,7.55861,0
705.9,0.02019,3.48081,7.55861,0
706,0.02019,3.4808,7.5586,0
706.1,0.02019,3.48079,7.5586,0
706.2,0.02019,3.48078,7.5586,0
706.3,0.02019,3.48077,7.5586,0
706.4,0.02019,3.48076,7.5586,0
706.5,0.02019,3.48075,7.55859,0
706.6,0.02019,3.48074,7.55859,0
706.7,0.02019,3.48073,7.55859,0
706.8,0.02019,3.48072,7.55859,0
706.9,0.02019,3.48071,7.55859,0
707,0.02019,3.4807,7.55859,0
707.1,0.02019,3.48069,7.55858,0
707.2,0.02019,3.48068,7.55858,0
707.3,0.02019,3.48067,7.55858,0
707.4,0.02019,3.48066,7.55858,0
707.5,0.02019,3.48065,7.55857,0
707.6,0.02019,3.48064,7.55857,0
707.7,0.02019,3.48063,7.55857,0
707.8,0.02019,3.48062,7.55857,0
707.9,0.02019,3.48061,7.55857,0
708,0.02019,3.4806,7.55856,0
708.1,0.02019,3.48059,7.55856,0
708.2,0.02019,3.48057,7.55856,0
708.3,0.02019,3.48056,7.55856,0
708.4,0.02019,3.48055,7.55856,0
708.5,0.02019,3.48054,7.55855,0
708.6,0.02019,3.48053,7.55855,0
708.7,0.02019,3.48052,7.55855,0
708.8,0.02019,3.4805,7.55855,0
708.9,0.02019,3.48049,7.55855,0
709,0.02019,3.48048,7.55854,0
709.1,0.02019,3.48047,7.55854,0
709.2,0.02019,3.48045,7.55854,0
709.3,0.02019,3.48044,7.55854,0
709.4,0.02019,3.48043,7.55854,0
709.5,0.02019,3.48041,7.55853,0
709.6,0.02019,3.4804,7.55853,0
709.7,0.02019,3.48038,7.55853,0
709.8,0.02019,3.48037,7.55853,0
709.9,0.02019,3.48035,7.55853,0
710,0.02019,3.48034,7.55852,0
710.1,0.02019,3.48032,7.55852,0
710.2,0.02019,3.48031,7.55852,0
710.3,0.02019,3.48029,7.55852,0
710.4,0.02019,3.48028,7.55852,0
710.5,0.02019,3.48027,7.55851,0
710.6,0.02019,3.48025,7.55851,0
710.7,0.02019,3.48024,7.55851,0
710.8,0.02019,3.48023,7.55851,0
710.9,0.02019,3.48021,7.55851,0
711,0.02019,3.4802,7.5585,0
711.1,0.02019,3.48018,7.5585,0
711.2,0.02019,3.48017,7.5585,0
711.3,0.02019,3.48015,7.5585,0
711.4,0.02019,3.48014,7.5585,0
711.5,0.02019,3.48012,7.55849,0
711.6,0.02019,3.48011,7.55849,0
711.7,0.02019,3.48009,7.55849,0
711.8,0.02019,3.48008,7.55849,0
711.9,0.02019,3.48006,7.55848,0
712,0.02019,3.48004,7.55848,0
712.1,0.02019,3.48003,7.55848,0
712.2,0.02019,3.48001,7.55848,0
712.3,0.02019,3.48,7.55848,0
712.4,0.02019,3.47998,7.55847,0
712.5,0.02019,3.47996,7.55847,0
712.6,0.02019,3.47995,7.55847,0
712.7,0.02019,3.47993,7.55847,0
712.8,0.02019,3.47992,7.55847,0
712.9,0.02019,3.4799,7.55846,0
713,0.02019,3.47988,7.55846,0
713.1,0.02019,3.47987,7.55846,0
713.2,0.02019,3.47985,7.55846,0
713.3,0.02019,3.47984,7.55846,0
713.4,0.02019,3.47982,7.55845,0
713.5,0.02019,3.4798,7.55845,0
713.6,0.02019,3.47979,7.55845,0
713.7,0.02019,3.47977,7.55845,0
713.8,0.02019,3.47975,7.55845,0
713.9,0.02019,3.47974,7.55844,0
714,0.02019,3.47972,7.55844,0
714.1,0.02019,3.4797,7.55844,0
714.2,0.02019,3.47968,7.55844,0
714.3,0.02019,3.47967,7.55844,0
714.4,0.02019,3.47965,7.55843,0
714.5,0.02019,3.47963,7.55843,0
714.6,0.02019,3.47961,7.55843,0
714.7,0.02019,3.47959,7.55843,0
714.8,0.02019,3.47958,7.55843,0
714.9,0.02019,3.47956,7.55842,0
715,0.02019,3.47954,7.55842,0
715.1,0.02019,3.47952,7.55842,0
715.2,0.02019,3.4795,7.55842,0
715.3,0.02019,3.47949,7.55842,0
715.4,0.02019,3.47947,7.55841,0
715.5,0.02019,3.47945,7.55841,0
715.6,0.02019,3.47943,7.55841,0
715.7,0.02019,3.47941,7.55841,0
715.8,0.02019,3.47939,7.55841,0
715.9,0.02019,3.47938,7.55841,0
716,0.02019,3.47936,7.5584,0
716.1,0.02019,3.47934,7.5584,0
716.2,0.02019,3.47932,7.5584,0
716.3,0.02019,3.47931,7.5584,0
716.4,0.02019,3.47929,7.5584,0
716.5,0.02019,3.47927,7.55839,0
716.6,0.02019,3.47925,7.55839,0
716.7,0.02019,3.47924,7.55839,0
716.8,0.02019,3.47922,7.55839,0
716.9,0.02019,3.4792,7.55839,0
717,0.02019,3.47919,7.55839,0
717.1,0.02019,3.47917,7.55838,0
717.2,0.02019,3.47915,7.55838,0
717.3,0.02019,3.47914,7.55838,0
717.4,0.02019,3.47912,7.55838,0
717.5,0.02018,3.4791,7.55838,0
717.6,0.02018,3.47909,7.55837,0
717.7,0.02018,3.47907,7.55837,0
717.8,0.02018,3.47905,7.55837,0
717.9,0.02018,3.47904,7.55837,0
718,0.02018,3.47902,7.55837,0
718.1,0.02018,3.479,7.55837,0
718.2,0.02018,3.47898,7.55836,0
718.3,0.02018,3.47896,7.55836,0
718.4,0.02018,3.47895,7.55836,0
718.5,0.02018,3.47893,7.55836,0
718.6,0.02018,3.47891,7.55836,0
718.7,0.02018,3.47889,7.55835,0
718.8,0.02018,3.47888,7.55835,0
718.9,0.02018,3.47886,7.55835,0
719,0.02018,3.47884,7.55835,0
719.1,0.02018,3.47883,7.55835,0
719.2,0.02018,3.47881,7.55835,0
719.3,0.02018,3.4788,7.55834,0
719.4,0.02018,3.47878,7.55834,0
719.5,0.02018,3.47877,7.55834,0
719.6,0.02018,3.47875,7.55834,0
719.7,0.02018,3.47874,7.55834,0
719.8,0.02018,3.47872,7.55834,0
719.9,0.02018,3.47871,7.55833,0
720,0.02018,3.4787,7.55833,0
720.1,0.02018,3.47868,7.55833,0
720.2,0.02018,3.47867,7.55833,0
720.3,0.02018,3.47865,7.55833,0
720.4,0.02018,3.47864,7.55832,0
720.5,0.02018,3.47863,7.55832,0
720.6,0.02018,3.47861,7.55832,0
720.7,0.02018,3.4786,7.55832,0
720.8,0.02018,3.47859,7.55832,0
720.9,0.02018,3.47857,7.55832,0
721,0.02018,3.47856,7.55831,0
721.1,0.02018,3.47855,7.55831,0
721.2,0.02018,3.47854,7.55831,0
721.3,0.02018,3.47852,7.55831,0
721.4,0.02018,3.47851,7.55831,0
721.5,0.02018,3.4785,7.55831,0
721.6,0.02018,3.47849,7.5583,0
721.7,0.02018,3.47847,7.5583,0
721.8,0.02018,3.47846,7.5583,0
721.9,0.02018,3.47845,7.5583,0
722,0.02018,3.47843,7.5583,0
722.1,0.02018,3.47842,7.55829,0
722.2,0.02018,3.47841,7.55829,0
722.3,0.02018,3.4784,7.55829,0
722.4,0.02018,3.47838,7.55829,0
722.5,0.02018,3.47837,7.55829,0
722.6,0.02018,3.47836,7.55829,0
722.7,0.02018,3.47835,7.55828,0
722.8,0.02018,3.47834,7.55828,0
722.9,0.02018,3.47832,7.55828,0
723,0.02018,3.47831,7.55828,0
723.1,0.02018,3.4783,7.55828,0
723.2,0.02018,3.47829,7.55827,0
723.3,0.02018,3.47827,7.55827,0
723.4,0.02018,3.47826,7.55827,0
723.5,0.02018,3.47825,7.55827,0
723.6,0.02018,3.47824,7.55827,0
723.7,0.02018,3.47823,7.55827,0
723.8,0.02018,3.47821,7.55826,0
723.9,0.02018,3.4782,7.55826,0
724,0.02018,3.47819,7.55826,0
724.1,0.02018,3.47818,7.55826,0
724.2,0.02018,3.47817,7.55826,0
724.3,0.02018,3.47816,7.55825,0
724.4,0.02018,3.47814,7.55825,0
724.5,0.02018,3.47813,7.55825,0
724.6,0.02018,3.47812,7.55825,0
724.7,0.02018,3.47811,7.55825,0
724.8,0.02018,3.4781,7.55825,0
724.9,0.02018,3.47808,7.55824,0
725,0.02018,3.47807,7.55824,0
725.1,0.02018,3.47806,7.55824,0
725.2,0.02018,3.47805,7.55824,0
725.3,0.02018,3.47804,7.55824,0
725.4,0.02018,3.47802,7.55824,0
725.5,0.02018,3.47801,7.55823,0
725.6,0.02018,3.478,7.55823,0
725.7,0.02018,3.47799,7.55823,0
725.8,0.02018,3.47798,7.55823,0
725.9,0.02018,3.47797,7.55823,0
726,0.02018,3.47795,7.55823,0
726.1,0.02018,3.47794,7.55822,0
726.2,0.02018,3.47793,7.55822,0
726.3,0.02018,3.47792,7.55822,0
726.4,0.02018,3.47791,7.55822,0
726.5,0.02018,3.47789,7.55822,0
726.6,0.02018,3.47788,7.55822,0
726.7,0.02018,3.47787,7.55821,0
726.8,0.02018,3.47786,7.55821,0
726.9,0.02018,3.47785,7.55821,0
727,0.02018,3.47783,7.55821,0
727.1,0.02018,3.47782,7.55821,0
727.2,0.02018,3.47781,7.5582,0
727.3,0.02018,3.4778,7.5582,0
727.4,0.02018,3.47778,7.5582,0
727.5,0.02018,3.47777,7.5582,0
727.6,0.02018,3.47776,7.5582,0
727.7,0.02018,3.47775,7.5582,0
727.8,0.02018,3.47773,7.55819,0
727.9,0.02018,3.47772,7.55819,0
728,0.02018,3.47771,7.55819,0
728.1,0.02018,3.4777,7.55819,0
728.2,0.02018,3.47768,7.55819,0
728.3,0.02018,3.47767,7.55819,0
728.4,0.02018,3.47766,7.55818,0
728.5,0.02018,3.47765,7.55818,0
728.6,0.02018,3.47764,7.55818,0
728.7,0.02018,3.47762,7.55818,0
728.8,0.02018,3.47761,7.55818,0
728.9,0.02018,3.4776,7.55817,0
729,0.02018,3.47759,7.55817,0
729.1,0.02018,3.47757,7.55817,0
729.2,0.02018,3.47756,7.55817,0
729.3,0.02018,3.47755,7.55817,0
729.4,0.02018,3.47754,7.55817,0
729.5,0.02018,3.47752,7.55816,0
729.6,0.02018,3.47751,7.55816,0
729.7,0.02018,3.4775,7.55816,0
729.8,0.02018,3.47749,7.55816,0
729.9,0.02018,3.47747,7.55816,0
730,0.02018,3.47746,7.55815,0
730.1,0.02018,3.47745,7.55815,0
730.2,0.02018,3.47743,7.55815,0
730.3,0.02018,3.47742,7.55815,0
730.4,0.02018,3.47741,7.55815,0
730.5,0.02018,3.4774,7.55815,0
730.6,0.02018,3.47738,7.55814,0
730.7,0.02018,3.47737,7.55814,0
730.8,0.02018,3.47735,7.55814,0
730.9,0.02018,3.47734,7.55814,0
731,0.02018,3.47733,7.55814,0
731.1,0.02018,3.47731,7.55813,0
731.2,0.02018,3.4773,7.55813,0
731.3,0.02018,3.47728,7.55813,0
731.4,0.02018,3.47727,7.55813,0
731.5,0.02018,3.47725,7.55813,0
731.6,0.02018,3.47724,7.55812,0
731.7,0.02018,3.47722,7.55812,0
731.8,0.02018,3.47721,7.55812,0
731.9,0.02018,3.47719,7.55812,0
732,0.02018,3.47718,7.55812,0
732.1,0.02018,3.47716,7.55811,0
732.2,0.02018,3.47715,7.55811,0
732.3,0.02018,3.47713,7.55811,0
732.4,0.02018,3.47712,7.55811,0
732.5,0.02018,3.4771,7.55811,0
732.6,0.02018,3.47709,7.5581,0
732.7,0.02018,3.47707,7.5581,0
732.8,0.02018,3.47705,7.5581,0
732.9,0.02018,3.47704,7.5581,0
733,0.02018,3.47702,7.55809,0
733.1,0.02018,3.47701,7.55809,0
733.2,0.02018,3.47699,7.55809,0
733.3,0.02018,3.47697,7.55809,0
733.4,0.02018,3.47696,7.55809,0
733.5,0.02018,3.47694,7.55808,0
733.6,0.02018,3.47693,7.55808,0
733.7,0.02018,3.47691,7.55808,0
733.8,0.02018,3.47689,7.55808,0
733.9,0.02018,3.47688,7.55807,0
734,0.02018,3.47686,7.55807,0
734.1,0.02018,3.47684,7.55807,0
734.2,0.02018,3.47683,7.55807,0
734.3,0.02018,3.47681,7.55807,0
734.4,0.02018,3.47679,7.55806,0
734.5,0.02018,3.47678,7.55806,0
734.6,0.02018,3.47676,7.55806,0
734.7,0.02018,3.47674,7.55806,0
734.8,0.02018,3.47672,7.55805,0
734.9,0.02018,3.47671,7.55805,0
735,0.02018,3.47669,7.55805,0
735.1,0.02018,3.47667,7.55805,0
735.2,0.02018,3.47665,7.55805,0
735.3,0.02018,3.47664,7.55804,0
735.4,0.02018,3.47662,7.55804,0
735.5,0.02018,3.4766,7.55804,0
735.6,0.02018,3.47658,7.55804,0
735.7,0.02018,3.47656,7.55803,0
735.8,0.02018,3.47655,7.55803,0
735.9,0.02018,3.47653,7.55803,0
736,0.02018,3.47651,7.55803,0
736.1,0.02018,3.47649,7.55802,0
736.2,0.02018,3.47647,7.55802,0
736.3,0.02018,3.47645,7.55802,0
736.4,0.02018,3.47643,7.55802,0
736.5,0.02018,3.47641,7.55802,0
736.6,0.02018,3.4764,7.55801,0
736.7,0.02018,3.47638,7.55801,0
736.8,0.02018,3.47636,7.55801,0
736.9,0.02018,3.47634,7.55801,0
737,0.02018,3.47632,7.558,0
737.1,0.02018,3.4763,7.558,0
737.2,0.02018,3.47628,7.558,0
737.3,0.02018,3.47625,7.558,0
737.4,0.02018,3.47623,7.55799,0
737.5,0.02018,3.47621,7.55799,0
737.6,0.02018,3.47619,7.55799,0
737.7,0.02018,3.47617,7.55799,0
737.8,0.02018,3.47615,7.55798,0
737.9,0.02018,3.47612,7.55798,0
738,0.02018,3.4761,7.55798,0
738.1,0.02018,3.47608,7.55798,0
738.2,0.02018,3.47606,7.55798,0
738.3,0.02018,3.47603,7.55797,0
738.4,0.02018,3.47601,7.55797,0
738.5,0.02018,3.47599,7.55797,0
738.6,0.02018,3.47596,7.55797,0
738.7,0.02018,3.47594,7.55796,0
738.8,0.02018,3.47591,7.55796,0
738.9,0.02018,3.47589,7.55796,0
739,0.02018,3.47587,7.55796,0
739.1,0.02018,3.47584,7.55795,0
739.2,0.02018,3.47582,7.55795,0
739.3,0.02018,3.4758,7.55795,0
739.4,0.02018,3.47577,7.55795,0
739.5,0.02018,3.47575,7.55794,0
739.6,0.02018,3.47572,7.55794,0
739.7,0.02018,3.47569,7.55794,0
739.8,0.02018,3.47567,7.55794,0
739.9,0.02018,3.47564,7.55794,0
740,0.02018,3.47562,7.55793,0
740.1,0.02018,3.47559,7.55793,0
740.2,0.02018,3.47556,7.55793,0
740.3,0.02018,3.47554,7.55793,0
740.4,0.02018,3.47551,7.55792,0
740.5,0.02018,3.47549,7.55792,0
740.6,0.02018,3.47546,7.55792,0
740.7,0.02018,3.47543,7.55792,0
740.8,0.02018,3.47541,7.55791,0
740.9,0.02018,3.47538,7.55791,0
741,0.02018,3.47535,7.55791,0
741.1,0.02018,3.47532,7.55791,0
741.2,0.02018,3.4753,7.55791,0
741.3,0.02018,3.47527,7.5579,0
741.4,0.02018,3.47524,7.5579,0
741.5,0.02018,3.47521,7.5579,0
741.6,0.02018,3.47518,7.5579,0
741.7,0.02018,3.47516,7.55789,0
741.8,0.02018,3.47513,7.55789,0
741.9,0.02018,3.4751,7.55789,0
742,0.02018,3.47507,7.55789,0
742.1,0.02018,3.47504,7.55788,0
742.2,0.02018,3.47501,7.55788,0
742.3,0.02018,3.47499,7.55788,0
742.4,0.02018,3.47496,7.55788,0
742.5,0.02018,3.47493,7.55788,0
742.6,0.02018,3.4749,7.55787,0
742.7,0.02018,3.47487,7.55787,0
742.8,0.02018,3.47484,7.55787,0
742.9,0.02018,3.47482,7.55787,0
743,0.02018,3.47479,7.55786,0
743.1,0.02018,3.47476,7.55786,0
743.2,0.02018,3.47473,7.55786,0
743.3,0.02018,3.4747,7.55786,0
743.4,0.02018,3.47467,7.55786,0
743.5,0.02018,3.47465,7.55785,0
743.6,0.02018,3.47462,7.55785,0
743.7,0.02018,3.47459,7.55785,0
743.8,0.02018,3.47456,7.55785,0
743.9,0.02018,3.47453,7.55784,0
744,0.02018,3.47451,7.55784,0
744.1,0.02018,3.47448,7.55784,0
744.2,0.02018,3.47445,7.55784,0
744.3,0.02018,3.47442,7.55784,0
744.4,0.02018,3.4744,7.55783,0
744.5,0.02018,3.47437,7.55783,0
744.6,0.02017,3.47434,7.55783,0
744.7,0.02017,3.47431,7.55783,0
744.8,0.02017,3.47428,7.55782,0
744.9,0.02017,3.47426,7.55782,0
745,0.02017,3.47423,7.55782,0
745.1,0.02017,3.47421,7.55782,0
745.2,0.02017,3.47418,7.55781,0
745.3,0.02017,3.47415,7.55781,0
745.4,0.02017,3.47413,7.55781,0
745.5,0.02017,3.4741,7.55781,0
745.6,0.02017,3.47408,7.55781,0
745.7,0.02017,3.47405,7.5578,0
745.8,0.02017,3.47403,7.5578,0
745.9,0.02017,3.474,7.5578,0
746,0.02017,3.47398,7.5578,0
746.1,0.02017,3.47395,7.55779,0
746.2,0.02017,3.47393,7.55779,0
746.3,0.02017,3.47391,7.55779,0
746.4,0.02017,3.47388,7.55779,0
746.5,0.02017,3.47386,7.55778,0
746.6,0.02017,3.47383,7.55778,0
746.7,0.02017,3.47381,7.55778,0
746.8,0.02017,3.47379,7.55778,0
746.9,0.02017,3.47376,7.55777,0
747,0.02017,3.47374,7.55777,0
747.1,0.02017,3.47372,7.55777,0
747.2,0.02017,3.47369,7.55777,0
747.3,0.02017,3.47367,7.55776,0
747.4,0.02017,3.47365,7.55776,0
747.5,0.02017,3.47363,7.55776,0
747.6,0.02017,3.47361,7.55776,0
747.7,0.02017,3.47358,7.55775,0
747.8,0.02017,3.47356,7.55775,0
747.9,0.02017,3.47354,7.55775,0
748,0.02017,3.47352,7.55775,0
748.1,0.02017,3.4735,7.55774,0
748.2,0.02017,3.47348,7.55774,0
748.3,0.02017,3.47345,7.55774,0
748.4,0.02017,3.47343,7.55774,0
748.5,0.02017,3.47341,7.55773,0
748.6,0.02017,3.47339,7.55773,0
748.7,0.02017,3.47337,7.55773,0
748.8,0.02017,3.47335,7.55773,0
748.9,0.02017,3.47333,7.55772,0
749,0.02017,3.47331,7.55772,0
749.1,0.02017,3.47328,7.55772,0
749.2,0.02017,3.47326,7.55771,0
749.3,0.02017,3.47324,7.55771,0
749.4,0.02017,3.47322,7.55771,0
749.5,0.02017,3.4732,7.55771,0
749.6,0.02017,3.47318,7.5577,0
749.7,0.02017,3.47316,7.5577,0
749.8,0.02017,3.47314,7.5577,0
749.9,0.02017,3.47311,7.5577,0
750,0.02017,3.47309,7.55769,0
750.1,0.02017,3.47307,7.55769,0
750.2,0.02017,3.47305,7.55769,0
750.3,0.02017,3.47303,7.55769,0
750.4,0.02017,3.47301,7.55768,0
750.5,0.02017,3.47299,7.55768,0
750.6,0.02017,3.47297,7.55768,0
750.7,0.02017,3.47295,7.55768,0
750.8,0.02017,3.47292,7.55767,0
750.9,0.02017,3.4729,7.55767,0
751,0.02017,3.47288,7.55767,0
751.1,0.02017,3.47286,7.55767,0
751.2,0.02017,3.47284,7.55766,0
751.3,0.02017,3.47282,7.55766,0
751.4,0.02017,3.4728,7.55766,0
751.5,0.02017,3.47278,7.55766,0
751.6,0.02017,3.47275,7.55765,0
751.7,0.02017,3.47273,7.55765,0
751.8,0.02017,3.47271,7.55765,0
751.9,0.02017,3.47269,7.55765,0
752,0.02017,3.47267,7.55764,0
752.1,0.02017,3.47265,7.55764,0
752.2,0.02017,3.47263,7.55764,0
752.3,0.02017,3.47261,7.55764,0
752.4,0.02017,3.47258,7.55764,0
752.5,0.02017,3.47256,7.55763,0
752.6,0.02017,3.47254,7.55763,0
752.7,0.02017,3.47252,7.55763,0
752.8,0.02017,3.4725,7.55763,0
752.9,0.02017,3.47248,7.55762,0
753,0.02017,3.47246,7.55762,0
753.1,0.02017,3.47244,7.55762,0
753.2,0.02017,3.47242,7.55762,0
753.3,0.02017,3.47239,7.55761,0
753.4,0.02017,3.47237,7.55761,0
753.5,0.02017,3.47235,7.55761,0
753.6,0.02017,3.47233,7.55761,0
753.7,0.02017,3.47231,7.55761,0
753.8,0.02017,3.47229,7.5576,0
753.9,0.02017,3.47227,7.5576,0
754,0.02017,3.47225,7.5576,0
754.1,0.02017,3.47223,7.5576,0
754.2,0.02017,3.47221,7.55759,0
754.3,0.02017,3.47219,7.55759,0
754.4,0.02017,3.47217,7.55759,0
754.5,0.02017,3.47215,7.55759,0
754.6,0.02017,3.47213,7.55758,0
754.7,0.02017,3.47211,7.55758,0
754.8,0.02017,3.47209,7.55758,0
754.9,0.02017,3.47207,7.55758,0
755,0.02017,3.47205,7.55758,0
755.1,0.02017,3.47202,7.55757,0
755.2,0.02017,3.472,7.55757,0
755.3,0.02017,3.47198,7.55757,0
755.4,0.02017,3.47196,7.55757,0
755.5,0.02017,3.47194,7.55756,0
755.6,0.02017,3.47192,7.55756,0
755.7,0.02017,3.4719,7.55756,0
755.8,0.02017,3.47188,7.55756,0
755.9,0.02017,3.47186,7.55756,0
756,0.02017,3.47185,7.55755,0
756.1,0.02017,3.47183,7.55755,0
756.2,0.02017,3.47181,7.55755,0
756.3,0.02017,3.47179,7.55755,0
756.4,0.02017,3.47177,7.55754,0
756.5,0.02017,3.47175,7.55754,0
756.6,0.02017,3.47173,7.55754,0
756.7,0.02017,3.47171,7.55754,0
756.8,0.02017,3.47169,7.55753,0
756.9,0.02017,3.47167,7.55753,0
757,0.02017,3.47165,7.55753,0
757.1,0.02017,3.47163,7.55753,0
757.2,0.02017,3.47161,7.55752,0
757.3,0.02017,3.47159,7.55752,0
757.4,0.02017,3.47157,7.55752,0
757.5,0.02017,3.47155,7.55752,0
757.6,0.02017,3.47153,7.55751,0
757.7,0.02017,3.47151,7.55751,0
757.8,0.02017,3.47149,7.55751,0
757.9,0.02017,3.47147,7.5575,0
758,0.02017,3.47145,7.5575,0
758.1,0.02017,3.47144,7.5575,0
758.2,0.02017,3.47142,7.5575,0
758.3,0.02017,3.4714,7.55749,0
758.4,0.02017,3.47138,7.55749,0
758.5,0.02017,3.47136,7.55749,0
758.6,0.02017,3.47134,7.55748,0
758.7,0.02017,3.47132,7.55748,0
758.8,0.02017,3.47131,7.55748,0
758.9,0.02017,3.47129,7.55748,0
759,0.02017,3.47127,7.55747,0
759.1,0.02017,3.47125,7.55747,0
759.2,0.02017,3.47123,7.55747,0
759.3,0.02017,3.47122,7.55746,0
759.4,0.02017,3.4712,7.55746,0
759.5,0.02017,3.47118,7.55745,0
759.6,0.02017,3.47116,7.55745,0
759.7,0.02017,3.47114,7.55745,0
759.8,0.02017,3.47112,7.55744,0
759.9,0.02017,3.4711,7.55744,0
760,0.02017,3.47108,7.55739,0
760.1,0.02017,3.47106,7.55739,0
760.2,0.02017,3.47105,7.55739,0
760.3,0.02017,3.47103,7.55738,0
760.4,0.02017,3.47101,7.55738,0
760.5,0.02017,3.47099,7.55738,0
760.6,0.02017,3.47097,7.55737,0
760.7,0.02017,3.47096,7.55737,0
760.8,0.02017,3.47094,7.55737,0
760.9,0.02017,3.47092,7.55736,0
761,0.02017,3.47091,7.55736,0
761.1,0.02017,3.47089,7.55736,0
761.2,0.02017,3.47087,7.55735,0
761.3,0.02017,3.47086,7.55735,0
761.4,0.02017,3.47084,7.55734,0
761.5,0.02017,3.47082,7.55734,0
761.6,0.02017,3.47081,7.55733,0
761.7,0.02017,3.47079,7.55733,0
761.8,0.02017,3.47077,7.55732,0
761.9,0.02017,3.47075,7.55732,0
762,0.02017,3.47074,7.55731,0
762.1,0.02017,3.47072,7.55731,0
762.2,0.02017,3.4707,7.5573,0
762.3,0.02017,3.47069,7.5573,0
762.4,0.02017,3.47067,7.55729,0
762.5,0.02017,3.47065,7.55729,0
762.6,0.02017,3.47064,7.55728,0
762.7,0.02017,3.47062,7.55728,0
762.8,0.02017,3.4706,7.55727,0
762.9,0.02017,3.47059,7.55727,0
763,0.02017,3.47057,7.55726,0
763.1,0.02017,3.47055,7.55726,0
763.2,0.02017,3.47054,7.55725,0
763.3,0.02017,3.47052,7.55725,0
763.4,0.02017,3.4705,7.55724,0
763.5,0.02017,3.47048,7.55724,0
763.6,0.02017,3.47047,7.55723,0
763.7,0.02017,3.47045,7.55722,0
763.8,0.02017,3.47043,7.55722,0
763.9,0.02017,3.47041,7.55721,0
764,0.02017,3.4704,7.55721,0
764.1,0.02017,3.47038,7.5572,0
764.2,0.02017,3.47036,7.5572,0
764.3,0.02017,3.47034,7.55719,0
764.4,0.02017,3.47032,7.55719,0
764.5,0.02017,3.4703,7.55718,0
764.6,0.02017,3.47029,7.55718,0
764.7,0.02017,3.47027,7.55717,0
764.8,0.02016,3.47025,7.55716,0
764.9,0.02016,3.47023,7.55716,0
765,0.02016,3.47021,7.55715,0
765.1,0.02016,3.47019,7.55715,0
765.2,0.02016,3.47017,7.55714,0
765.3,0.02016,3.47015,7.55714,0
765.4,0.02016,3.47013,7.55713,0
765.5,0.02016,3.47011,7.55713,0
765.6,0.02016,3.47009,7.55712,0
765.7,0.02016,3.47007,7.55712,0
765.8,0.02016,3.47005,7.55711,0
765.9,0.02016,3.47003,7.55711,0
766,0.02016,3.47001,7.5571,0
766.1,0.02016,3.46999,7.5571,0
766.2,0.02016,3.46996,7.55709,0
766.3,0.02016,3.46994,7.55709,0
766.4,0.02016,3.46992,7.55708,0
766.5,0.02016,3.4699,7.55708,0
766.6,0.02016,3.46988,7.55707,0
766.7,0.02016,3.46985,7.55707,0
766.8,0.02016,3.46983,7.55707,0
766.9,0.02016,3.46981,7.55706,0
767,0.02016,3.46978,7.55706,0
767.1,0.02016,3.46976,7.55705,0
767.2,0.02016,3.46973,7.55705,0
767.3,0.02016,3.46971,7.55704,0
767.4,0.02016,3.46968,7.55704,0
767.5,0.02016,3.46966,7.55703,0
767.6,0.02016,3.46963,7.55703,0
767.7,0.02016,3.46961,7.55703,0
767.8,0.02016,3.46958,7.55702,0
767.9,0.02016,3.46956,7.55702,0
768,0.02016,3.46953,7.55701,0
768.1,0.02016,3.4695,7.55701,0
768.2,0.02016,3.46948,7.55701,0
768.3,0.02016,3.46945,7.557,0
768.4,0.02016,3.46942,7.557,0
768.5,0.02016,3.4694,7.55699,0
768.6,0.02016,3.46937,7.55699,0
768.7,0.02016,3.46934,7.55699,0
768.8,0.02016,3.46931,7.55698,0
768.9,0.02016,3.46929,7.55698,0
769,0.02016,3.46926,7.55698,0
769.1,0.02016,3.46923,7.55697,0
769.2,0.02016,3.4692,7.55697,0
769.3,0.02016,3.46917,7.55697,0
769.4,0.02016,3.46914,7.55697,0
769.5,0.02016,3.46912,7.55696,0
769.6,0.02016,3.46909,7.55696,0
769.7,0.02016,3.46906,7.55696,0
769.8,0.02016,3.46903,7.55695,0
769.9,0.02016,3.469,7.55695,0
770,0.02016,3.46897,7.55695,0
770.1,0.02016,3.46894,7.55695,0
770.2,0.02016,3.46891,7.55694,0
770.3,0.02016,3.46888,7.55694,0
770.4,0.02016,3.46885,7.55694,0
770.5,0.02016,3.46883,7.55694,0
770.6,0.02016,3.4688,7.55693,0
770.7,0.02016,3.46877,7.55693,0
770.8,0.02016,3.46874,7.55693,0
770.9,0.02016,3.46871,7.55693,0
771,0.02016,3.46868,7.55692,0
771.1,0.02016,3.46865,7.55692,0
771.2,0.02016,3.46862,7.55692,0
771.3,0.02016,3.46859,7.55692,0
771.4,0.02016,3.46856,7.55691,0
771.5,0.02016,3.46853,7.55691,0
771.6,0.02016,3.4685,7.55691,0
771.7,0.02016,3.46847,7.55691,0
771.8,0.02016,3.46845,7.5569,0
771.9,0.02016,3.46842,7.5569,0
772,0.02016,3.46839,7.5569,0
772.1,0.02016,3.46836,7.5569,0
772.2,0.02016,3.46833,7.55689,0
772.3,0.02016,3.4683,7.55689,0
772.4,0.02016,3.46827,7.55689,0
772.5,0.02016,3.46824,7.55689,0
772.6,0.02016,3.46821,7.55688,0
772.7,0.02016,3.46819,7.55688,0
772.8,0.02016,3.46816,7.55688,0
772.9,0.02016,3.46813,7.55688,0
773,0.02016,3.4681,7.55687,0
773.1,0.02016,3.46807,7.55687,0
773.2,0.02016,3.46804,7.55687,0
773.3,0.02016,3.46801,7.55687,0
773.4,0.02016,3.46798,7.55686,0
773.5,0.02016,3.46795,7.55686,0
773.6,0.02016,3.46792,7.55686,0
773.7,0.02016,3.46789,7.55686,0
773.8,0.02016,3.46786,7.55685,0
773.9,0.02016,3.46783,7.55685,0
774,0.02016,3.4678,7.55685,0
774.1,0.02016,3.46777,7.55685,0
774.2,0.02016,3.46774,7.55684,0
774.3,0.02016,3.46771,7.55684,0
774.4,0.02016,3.46768,7.55684,0
774.5,0.02016,3.46765,7.55684,0
774.6,0.02016,3.46762,7.55683,0
774.7,0.02016,3.46759,7.55683,0
774.8,0.02016,3.46756,7.55683,0
774.9,0.02016,3.46753,7.55683,0
775,0.02016,3.4675,7.55682,0
775.1,0.02016,3.46747,7.55682,0
775.2,0.02016,3.46744,7.55682,0
775.3,0.02016,3.46741,7.55682,0
775.4,0.02016,3.46738,7.55681,0
775.5,0.02016,3.46735,7.55681,0
775.6,0.02016,3.46732,7.55681,0
775.7,0.02016,3.46729,7.55681,0
775.8,0.02016,3.46726,7.5568,0
775.9,0.02016,3.46723,7.5568,0
776,0.02016,3.4672,7.5568,0
776.1,0.02016,3.46717,7.5568,0
776.2,0.02016,3.46714,7.5568,0
776.3,0.02016,3.46711,7.55679,0
776.4,0.02016,3.46708,7.55679,0
776.5,0.02016,3.46705,7.55679,0
776.6,0.02016,3.46702,7.55679,0
776.7,0.02016,3.46699,7.55679,0
776.8,0.02016,3.46696,7.55678,0
776.9,0.02016,3.46693,7.55678,0
777,0.02016,3.4669,7.55678,0
777.1,0.02016,3.46687,7.55678,0
777.2,0.02016,3.46684,7.55678,0
777.3,0.02016,3.46681,7.55678,0
777.4,0.02016,3.46678,7.55677,0
777.5,0.02016,3.46675,7.55677,0
777.6,0.02016,3.46672,7.55677,0
777.7,0.02016,3.46669,7.55677,0
777.8,0.02016,3.46665,7.55677,0
777.9,0.02016,3.46662,7.55677,0
778,0.02016,3.46659,7.55676,0
778.1,0.02016,3.46656,7.55676,0
778.2,0.02016,3.46653,7.55676,0
778.3,0.02016,3.4665,7.55676,0
778.4,0.02016,3.46647,7.55676,0
778.5,0.02016,3.46644,7.55676,0
778.6,0.02016,3.46641,7.55676,0
778.7,0.02016,3.46638,7.55676,0
778.8,0.02016,3.46635,7.55675,0
778.9,0.02016,3.46632,7.55675,0
779,0.02016,3.46629,7.55675,0
779.1,0.02016,3.46626,7.55675,0
779.2,0.02016,3.46623,7.55675,0
779.3,0.02016,3.4662,7.55675,0
779.4,0.02016,3.46617,7.55675,0
779.5,0.02016,3.46614,7.55675,0
779.6,0.02016,3.46611,7.55675,0
779.7,0.02016,3.46608,7.55675,0
779.8,0.02016,3.46605,7.55674,0
779.9,0.02016,3.46602,7.55674,0
780,0.02016,3.46599,7.55674,0
780.1,0.02016,3.46596,7.55674,0
780.2,0.02016,3.46593,7.55674,0
780.3,0.02016,3.4659,7.55674,0
780.4,0.02016,3.46587,7.55674,0
780.5,0.02016,3.46584,7.55674,0
780.6,0.02016,3.46581,7.55674,0
780.7,0.02016,3.46578,7.55673,0
780.8,0.02016,3.46575,7.55673,0
780.9,0.02016,3.46572,7.55673,0
781,0.02016,3.46569,7.55673,0
781.1,0.02016,3.46566,7.55673,0
781.2,0.02016,3.46563,7.55673,0
781.3,0.02016,3.4656,7.55673,0
781.4,0.02016,3.46557,7.55673,0
781.5,0.02016,3.46554,7.55672,0
781.6,0.02016,3.46551,7.55672,0
781.7,0.02016,3.46548,7.55672,0
781.8,0.02016,3.46545,7.55672,0
781.9,0.02016,3.46542,7.55672,0
782,0.02016,3.46539,7.55672,0
782.1,0.02016,3.46537,7.55672,0
782.2,0.02016,3.46534,7.55672,0
782.3,0.02016,3.46531,7.55672,0
782.4,0.02016,3.46528,7.55672,0
782.5,0.02016,3.46525,7.55671,0
782.6,0.02016,3.46522,7.55671,0
782.7,0.02016,3.46519,7.55671,0
782.8,0.02016,3.46517,7.55671,0
782.9,0.02016,3.46514,7.55671,0
783,0.02016,3.46511,7.55671,0
783.1,0.02016,3.46508,7.55671,0
783.2,0.02016,3.46506,7.55671,0
783.3,0.02016,3.46503,7.5567,0
783.4,0.02016,3.465,7.5567,0
783.5,0.02016,3.46497,7.5567,0
783.6,0.02016,3.46495,7.5567,0
783.7,0.02016,3.46492,7.5567,0
783.8,0.02016,3.46489,7.55669,0
783.9,0.02016,3.46486,7.55669,0
784,0.02016,3.46484,7.55669,0
784.1,0.02016,3.46481,7.55669,0
784.2,0.02016,3.46478,7.55669,0
784.3,0.02016,3.46476,7.55668,0
784.4,0.02016,3.46473,7.55668,0
784.5,0.02016,3.4647,7.55668,0
784.6,0.02016,3.46467,7.55668,0
784.7,0.02016,3.46465,7.55667,0
784.8,0.02016,3.46462,7.55667,0
784.9,0.02016,3.46459,7.55667,0
785,0.02016,3.46457,7.55667,0
785.1,0.02016,3.46454,7.55666,0
785.2,0.02016,3.46451,7.55666,0
785.3,0.02016,3.46449,7.55666,0
785.4,0.02016,3.46446,7.55666,0
785.5,0.02016,3.46444,7.55665,0
785.6,0.02016,3.46441,7.55665,0
785.7,0.02016,3.46439,7.55665,0
785.8,0.02016,3.46436,7.55664,0
785.9,0.02016,3.46433,7.55664,0
786,0.02016,3.46431,7.55664,0
786.1,0.02016,3.46428,7.55664,0
786.2,0.02016,3.46426,7.55663,0
786.3,0.02016,3.46423,7.55663,0
786.4,0.02015,3.46421,7.55663,0
786.5,0.02015,3.46418,7.55662,0
786.6,0.02015,3.46416,7.55662,0
786.7,0.02015,3.46413,7.55662,0
786.8,0.02015,3.46411,7.55661,0
786.9,0.02015,3.46408,7.55661,0
787,0.02015,3.46405,7.55661,0
787.1,0.02015,3.46403,7.5566,0
787.2,0.02015,3.464,7.5566,0
787.3,0.02015,3.46398,7.55659,0
787.4,0.02015,3.46395,7.55659,0
787.5,0.02015,3.46393,7.55659,0
787.6,0.02015,3.4639,7.55658,0
787.7,0.02015,3.46387,7.55658,0
787.8,0.02015,3.46385,7.55658,0
787.9,0.02015,3.46382,7.55657,0
788,0.02015,3.4638,7.55657,0
788.1,0.02015,3.46377,7.55657,0
788.2,0.02015,3.46375,7.55656,0
788.3,0.02015,3.46372,7.55656,0
788.4,0.02015,3.4637,7.55656,0
788.5,0.02015,3.46367,7.55655,0
788.6,0.02015,3.46365,7.55655,0
788.7,0.02015,3.46362,7.55654,0
788.8,0.02015,3.46359,7.55654,0
788.9,0.02015,3.46357,7.55654,0
789,0.02015,3.46354,7.55653,0
789.1,0.02015,3.46352,7.55653,0
789.2,0.02015,3.46349,7.55653,0
789.3,0.02015,3.46346,7.55652,0
789.4,0.02015,3.46344,7.55652,0
789.5,0.02015,3.46341,7.55651,0
789.6,0.02015,3.46338,7.55651,0
789.7,0.02015,3.46336,7.55651,0
789.8,0.02015,3.46333,7.5565,0
789.9,0.02015,3.46331,7.5565,0
790,0.02015,3.46328,7.5565,0
790.1,0.02015,3.46325,7.55649,0
790.2,0.02015,3.46323,7.55649,0
790.3,0.02015,3.4632,7.55649,0
790.4,0.02015,3.46317,7.55648,0
790.5,0.02015,3.46315,7.55648,0
790.6,0.02015,3.46312,7.55648,0
790.7,0.02015,3.46309,7.55647,0
790.8,0.02015,3.46307,7.55647,0
790.9,0.02015,3.46304,7.55646,0
791,0.02015,3.46301,7.55646,0
791.1,0.02015,3.46299,7.55646,0
791.2,0.02015,3.46296,7.55645,0
791.3,0.02015,3.46293,7.55645,0
791.4,0.02015,3.46291,7.55645,0
791.5,0.02015,3.46288,7.55644,0
791.6,0.02015,3.46285,7.55644,0
791.7,0.02015,3.46283,7.55644,0
791.8,0.02015,3.4628,7.55643,0
791.9,0.02015,3.46277,7.55643,0
792,0.02015,3.46275,7.55643,0
792.1,0.02015,3.46272,7.55642,0
792.2,0.02015,3.46269,7.55642,0
792.3,0.02015,3.46267,7.55641,0
792.4,0.02015,3.46264,7.55641,0
792.5,0.02015,3.46261,7.55641,0
792.6,0.02015,3.46259,7.5564,0
792.7,0.02015,3.46256,7.5564,0
792.8,0.02015,3.46254,7.5564,0
792.9,0.02015,3.46251,7.55639,0
793,0.02015,3.46248,7.55639,0
793.1,0.02015,3.46246,7.55638,0
793.2,0.02015,3.46243,7.55638,0
793.3,0.02015,3.4624,7.55638,0
793.4,0.02015,3.46238,7.55637,0
793.5,0.02015,3.46235,7.55637,0
793.6,0.02015,3.46232,7.55637,0
793.7,0.02015,3.4623,7.55636,0
793.8,0.02015,3.46227,7.55636,0
793.9,0.02015,3.46224,7.55635,0
794,0.02015,3.46222,7.55635,0
794.1,0.02015,3.46219,7.55635,0
794.2,0.02015,3.46216,7.55634,0
794.3,0.02015,3.46213,7.55634,0
794.4,0.02015,3.46211,7.55634,0
794.5,0.02015,3.46208,7.55633,0
794.6,0.02015,3.46205,7.55633,0
794.7,0.02015,3.46203,7.55633,0
794.8,0.02015,3.462,7.55632,0
794.9,0.02015,3.46197,7.55632,0
795,0.02015,3.46194,7.55632,0
795.1,0.02015,3.46192,7.55631,0
795.2,0.02015,3.46189,7.55631,0
795.3,0.02015,3.46186,7.55631,0
795.4,0.02015,3.46183,7.5563,0
795.5,0.02015,3.46181,7.5563,0
795.6,0.02015,3.46178,7.5563,0
795.7,0.02015,3.46175,7.55629,0
795.8,0.02015,3.46172,7.55629,0
795.9,0.02015,3.46169,7.55629,0
796,0.02015,3.46166,7.55628,0
796.1,0.02015,3.46163,7.55628,0
796.2,0.02015,3.4616,7.55628,0
796.3,0.02015,3.46157,7.55627,0
796.4,0.02015,3.46154,7.55627,0
796.5,0.02015,3.46151,7.55627,0
796.6,0.02015,3.46148,7.55626,0
796.7,0.02015,3.46145,7.55626,0
796.8,0.02015,3.46141,7.55626,0
796.9,0.02015,3.46138,7.55625,0
797,0.02015,3.46135,7.55625,0
797.1,0.02015,3.46132,7.55625,0
797.2,0.02015,3.46129,7.55625,0
797.3,0.02015,3.46126,7.55624,0
797.4,0.02015,3.46123,7.55624,0
797.5,0.02015,3.46119,7.55624,0
797.6,0.02015,3.46116,7.55623,0
797.7,0.02015,3.46113,7.55623,0
797.8,0.02015,3.4611,7.55623,0
797.9,0.02015,3.46107,7.55623,0
798,0.02015,3.46103,7.55622,0
798.1,0.02015,3.461,7.55622,0
798.2,0.02015,3.46097,7.55622,0
798.3,0.02015,3.46094,7.55621,0
798.4,0.02015,3.46091,7.55621,0
798.5,0.02015,3.46087,7.55621,0
798.6,0.02015,3.46084,7.5562,0
798.7,0.02015,3.46081,7.5562,0
798.8,0.02015,3.46078,7.5562,0
798.9,0.02015,3.46075,7.55619,0
799,0.02015,3.46071,7.55619,0
799.1,0.02015,3.46068,7.55619,0
799.2,0.02015,3.46065,7.55618,0
799.3,0.02015,3.46062,7.55618,0
799.4,0.02015,3.46059,7.55618,0
799.5,0.02015,3.46056,7.55617,0
799.6,0.02015,3.46053,7.55617,0
799.7,0.02015,3.4605,7.55617,0
799.8,0.02015,3.46046,7.55616,0
799.9,0.02015,3.46043,7.55616,0
800,0.02015,3.4604,7.55615,0
800.1,0.02015,3.46037,7.55615,0
800.2,0.02015,3.46034,7.55615,0
800.3,0.02015,3.46031,7.55614,0
800.4,0.02015,3.46028,7.55614,0
800.5,0.02015,3.46025,7.55613,0
800.6,0.02015,3.46022,7.55613,0
800.7,0.02015,3.46019,7.55613,0
800.8,0.02015,3.46015,7.55612,0
800.9,0.02015,3.46012,7.55612,0
801,0.02015,3.46009,7.55611,0
801.1,0.02015,3.46006,7.55611,0
801.2,0.02015,3.46003,7.5561,0
801.3,0.02015,3.46,7.5561,0
801.4,0.02015,3.45997,7.5561,0
801.5,0.02015,3.45994,7.55609,0
801.6,0.02015,3.45991,7.55609,0
801.7,0.02015,3.45987,7.55608,0
801.8,0.02015,3.45984,7.55608,0
801.9,0.02015,3.45981,7.55607,0
802,0.02015,3.45978,7.55607,0
802.1,0.02015,3.45975,7.55606,0
802.2,0.02015,3.45972,7.55606,0
802.3,0.02015,3.45969,7.55605,0
802.4,0.02015,3.45966,7.55605,0
802.5,0.02015,3.45963,7.55604,0
802.6,0.02015,3.4596,7.55604,0
802.7,0.02015,3.45957,7.55603,0
802.8,0.02015,3.45954,7.55603,0
802.9,0.02015,3.4595,7.55602,0
803,0.02015,3.45947,7.55602,0
803.1,0.02015,3.45944,7.55601,0
803.2,0.02015,3.45941,7.55601,0
803.3,0.02015,3.45938,7.556,0
803.4,0.02015,3.45935,7.55599,0
803.5,0.02015,3.45932,7.55599,0
803.6,0.02015,3.45929,7.55598,0
803.7,0.02015,3.45926,7.55598,0
803.8,0.02015,3.45923,7.55597,0
803.9,0.02015,3.45919,7.55597,0
804,0.02015,3.45916,7.55596,0
804.1,0.02015,3.45913,7.55595,0
804.2,0.02015,3.4591,7.55595,0
804.3,0.02015,3.45907,7.55594,0
804.4,0.02015,3.45904,7.55594,0
804.5,0.02015,3.45901,7.55593,0
804.6,0.02015,3.45897,7.55592,0
804.7,0.02015,3.45894,7.55592,0
804.8,0.02015,3.45891,7.55591,0
804.9,0.02015,3.45888,7.55591,0
805,0.02015,3.45885,7.5559,0
805.1,0.02015,3.45882,7.55589,0
805.2,0.02015,3.45879,7.55589,0
805.3,0.02015,3.45875,7.55588,0
805.4,0.02015,3.45872,7.55588,0
805.5,0.02015,3.45869,7.55587,0
805.6,0.02015,3.45866,7.55586,0
805.7,0.02015,3.45863,7.55586,0
805.8,0.02015,3.4586,7.55585,0
805.9,0.02015,3.45857,7.55585,0
806,0.02015,3.45853,7.55584,0
806.1,0.02015,3.4585,7.55584,0
806.2,0.02015,3.45847,7.55583,0
806.3,0.02015,3.45844,7.55582,0
806.4,0.02015,3.45841,7.55582,0
806.5,0.02015,3.45838,7.55581,0
806.6,0.02015,3.45835,7.55581,0
806.7,0.02015,3.45832,7.5558,0
806.8,0.02015,3.45828,7.5558,0
806.9,0.02015,3.45825,7.55579,0
807,0.02015,3.45822,7.55578,0
807.1,0.02015,3.45819,7.55578,0
807.2,0.02015,3.45816,7.55577,0
807.3,0.02015,3.45813,7.55577,0
807.4,0.02015,3.4581,7.55576,0
807.5,0.02015,3.45807,7.55576,0
807.6,0.02015,3.45804,7.55575,0
807.7,0.02015,3.45801,7.55574,0
807.8,0.02015,3.45798,7.55574,0
807.9,0.02015,3.45795,7.55573,0
808,0.02015,3.45792,7.55573,0
808.1,0.02015,3.45789,7.55572,0
808.2,0.02015,3.45786,7.55572,0
808.3,0.02015,3.45783,7.55571,0
808.4,0.02015,3.45781,7.55571,0
808.5,0.02015,3.45778,7.5557,0
808.6,0.02015,3.45775,7.55569,0
808.7,0.02015,3.45772,7.55569,0
808.8,0.02015,3.45769,7.55568,0
808.9,0.02015,3.45766,7.55568,0
809,0.02015,3.45763,7.55567,0
809.1,0.02015,3.4576,7.55567,0
809.2,0.02015,3.45757,7.55566,0
809.3,0.02015,3.45754,7.55566,0
809.4,0.02015,3.45751,7.55565,0
809.5,0.02015,3.45748,7.55565,0
809.6,0.02015,3.45745,7.55564,0
809.7,0.02015,3.45742,7.55564,0
809.8,0.02015,3.45739,7.55563,0
809.9,0.02015,3.45736,7.55563,0
810,0.02015,3.45733,7.55562,0
810.1,0.02015,3.4573,7.55562,0
810.2,0.02015,3.45727,7.55561,0
810.3,0.02015,3.45724,7.55561,0
810.4,0.02015,3.45721,7.5556,0
810.5,0.02015,3.45718,7.55559,0
810.6,0.02015,3.45714,7.55559,0
810.7,0.02015,3.45711,7.55558,0
810.8,0.02015,3.45708,7.55558,0
810.9,0.02015,3.45705,7.55557,0
811,0.02015,3.45702,7.55557,0
811.1,0.02015,3.45699,7.55556,0
811.2,0.02015,3.45696,7.55556,0
811.3,0.02015,3.45693,7.55555,0
811.4,0.02015,3.4569,7.55555,0
811.5,0.02015,3.45686,7.55554,0
811.6,0.02015,3.45683,7.55554,0
811.7,0.02015,3.4568,7.55553,0
811.8,0.02015,3.45677,7.55553,0
811.9,0.02015,3.45674,7.55552,0
812,0.02015,3.45671,7.55552,0
812.1,0.02015,3.45668,7.55551,0
812.2,0.02015,3.45664,7.55551,0
812.3,0.02015,3.45661,7.5555,0
812.4,0.02015,3.45658,7.5555,0
812.5,0.02015,3.45655,7.5555,0
812.6,0.02015,3.45652,7.55549,0
812.7,0.02015,3.45649,7.55549,0
812.8,0.02015,3.45646,7.55548,0
812.9,0.02015,3.45643,7.55548,0
813,0.02015,3.45639,7.55547,0
813.1,0.02015,3.45636,7.55547,0
813.2,0.02015,3.45633,7.55546,0
813.3,0.02015,3.4563,7.55546,0
813.4,0.02015,3.45627,7.55545,0
813.5,0.02015,3.45624,7.55545,0
813.6,0.02015,3.45621,7.55544,0
813.7,0.02015,3.45617,7.55544,0
813.8,0.02015,3.45614,7.55543,0
813.9,0.02015,3.45611,7.55543,0
814,0.02015,3.45608,7.55542,0
814.1,0.02015,3.45605,7.55542,0
814.2,0.02015,3.45601,7.55541,0
814.3,0.02015,3.45598,7.55541,0
814.4,0.02015,3.45595,7.55541,0
814.5,0.02015,3.45592,7.5554,0
814.6,0.02015,3.45589,7.5554,0
814.7,0.02015,3.45585,7.55539,0
814.8,0.02015,3.45582,7.55539,0
814.9,0.02015,3.45579,7.55538,0
815,0.02015,3.45576,7.55538,0
815.1,0.02015,3.45572,7.55537,0
815.2,0.02015,3.45569,7.55537,0
815.3,0.02015,3.45566,7.55537,0
815.4,0.02015,3.45563,7.55536,0
815.5,0.02015,3.45559,7.55536,0
815.6,0.02015,3.45556,7.55535,0
815.7,0.02015,3.45553,7.55535,0
815.8,0.02015,3.45549,7.55534,0
815.9,0.02015,3.45546,7.55534,0
816,0.02015,3.45543,7.55533,0
816.1,0.02015,3.4554,7.55533,0
816.2,0.02015,3.45536,7.55532,0
816.3,0.02015,3.45533,7.55532,0
816.4,0.02015,3.4553,7.55531,0
816.5,0.02015,3.45527,7.55531,0
816.6,0.02015,3.45523,7.55531,0
816.7,0.02015,3.4552,7.5553,0
816.8,0.02015,3.45517,7.5553,0
816.9,0.02015,3.45513,7.55529,0
817,0.02015,3.4551,7.55529,0
817.1,0.02015,3.45507,7.55528,0
817.2,0.02015,3.45503,7.55528,0
817.3,0.02015,3.455,7.55527,0
817.4,0.02015,3.45497,7.55527,0
817.5,0.02015,3.45493,7.55526,0
817.6,0.02015,3.4549,7.55526,0
817.7,0.02015,3.45487,7.55525,0
817.8,0.02015,3.45484,7.55525,0
817.9,0.02015,3.4548,7.55524,0
818,0.02015,3.45477,7.55524,0
818.1,0.02015,3.45474,7.55523,0
818.2,0.02015,3.4547,7.55523,0
818.3,0.02015,3.45467,7.55522,0
818.4,0.02015,3.45464,7.55522,0
818.5,0.02015,3.4546,7.55521,0
818.6,0.02015,3.45457,7.55521,0
818.7,0.02015,3.45454,7.5552,0
818.8,0.02015,3.4545,7.5552,0
818.9,0.02015,3.45447,7.55519,0
819,0.02015,3.45443,7.55519,0
819.1,0.02015,3.4544,7.55518,0
819.2,0.02015,3.45437,7.55518,0
819.3,0.02015,3.45433,7.55517,0
819.4,0.02015,3.4543,7.55517,0
819.5,0.02015,3.45427,7.55516,0
819.6,0.02015,3.45423,7.55516,0
819.7,0.02015,3.4542,7.55515,0
819.8,0.02015,3.45417,7.55515,0
819.9,0.02015,3.45413,7.55514,0
820,0.02015,3.4541,7.55514,0
820.1,0.02015,3.45407,7.55513,0
820.2,0.02015,3.45403,7.55513,0
820.3,0.02015,3.454,7.55512,0
820.4,0.02015,3.45397,7.55512,0
820.5,0.02015,3.45393,7.55511,0
820.6,0.02015,3.4539,7.5551,0
820.7,0.02015,3.45386,7.5551,0
820.8,0.02015,3.45383,7.55509,0
820.9,0.02015,3.4538,7.55509,0
821,0.02015,3.45376,7.55508,0
821.1,0.02015,3.45373,7.55508,0
821.2,0.02015,3.45369,7.55507,0
821.3,0.02015,3.45366,7.55506,0
821.4,0.02015,3.45363,7.55506,0
821.5,0.02015,3.45359,7.55505,0
821.6,0.02015,3.45356,7.55505,0
821.7,0.02015,3.45352,7.55504,0
821.8,0.02015,3.45349,7.55503,0
821.9,0.02015,3.45346,7.55503,0
822,0.02015,3.45342,7.55502,0
822.1,0.02015,3.45339,7.55502,0
822.2,0.02015,3.45335,7.55501,0
822.3,0.02015,3.45332,7.555,0
822.4,0.02015,3.45329,7.555,0
822.5,0.02015,3.45325,7.55499,0
822.6,0.02015,3.45322,7.55499,0
822.7,0.02015,3.45318,7.55498,0
822.8,0.02015,3.45315,7.55498,0
822.9,0.02015,3.45311,7.55497,0
823,0.02015,3.45308,7.55496,0
823.1,0.02015,3.45304,7.55496,0
823.2,0.02015,3.45301,7.55495,0
823.3,0.02015,3.45297,7.55495,0
823.4,0.02015,3.45294,7.55494,0
823.5,0.02015,3.45291,7.55494,0
823.6,0.02015,3.45287,7.55493,0
823.7,0.02015,3.45284,7.55492,0
823.8,0.02015,3.4528,7.55492,0
823.9,0.02015,3.45277,7.55491,0
824,0.02015,3.45273,7.55491,0
824.1,0.02015,3.4527,7.5549,0
824.2,0.02015,3.45266,7.5549,0
824.3,0.02015,3.45263,7.55489,0
824.4,0.02015,3.45259,7.55489,0
824.5,0.02015,3.45256,7.55488,0
824.6,0.02015,3.45252,7.55488,0
824.7,0.02015,3.45249,7.55487,0
824.8,0.02015,3.45245,7.55486,0
824.9,0.02015,3.45242,7.55486,0
825,0.02015,3.45238,7.55485,0
825.1,0.02015,3.45235,7.55485,0
825.2,0.02015,3.45231,7.55484,0
825.3,0.02015,3.45228,7.55484,0
825.4,0.02015,3.45224,7.55483,0
825.5,0.02015,3.45221,7.55483,0
825.6,0.02015,3.45217,7.55482,0
825.7,0.02015,3.45214,7.55481,0
825.8,0.02015,3.4521,7.55481,0
825.9,0.02015,3.45207,7.5548,0
826,0.02015,3.45203,7.5548,0
826.1,0.02015,3.452,7.55479,0
826.2,0.02015,3.45196,7.55479,0
826.3,0.02015,3.45193,7.55478,0
826.4,0.02015,3.45189,7.55478,0
826.5,0.02015,3.45186,7.55477,0
826.6,0.02015,3.45182,7.55476,0
826.7,0.02015,3.45179,7.55476,0
826.8,0.02015,3.45175,7.55475,0
826.9,0.02015,3.45171,7.55475,0
827,0.02015,3.45166,7.55474,0
827.1,0.02015,3.45161,7.55474,0
827.2,0.02015,3.45155,7.55473,0
827.3,0.02015,3.4515,7.55472,0
827.4,0.02015,3.45145,7.55472,0
827.5,0.02015,3.4514,7.55471,0
827.6,0.02015,3.45135,7.55471,0
827.7,0.02015,3.4513,7.5547,0
827.8,0.02015,3.45125,7.5547,0
827.9,0.02015,3.45121,7.55468,0
828,0.02015,3.45116,7.55468,0
828.1,0.02015,3.45111,7.55468,0
828.2,0.02015,3.45106,7.55468,0
828.3,0.02015,3.45102,7.55468,0
828.4,0.02015,3.45099,7.55469,0
828.5,0.02015,3.45096,7.55469,0
828.6,0.02015,3.45093,7.55469,0
828.7,0.02015,3.45089,7.55469,0
828.8,0.02015,3.45086,7.55469,0
828.9,0.02015,3.45083,7.5547,0
829,0.02015,3.45079,7.5547,0
829.1,0.02015,3.45076,7.5547,0
829.2,0.02015,3.45072,7.5547,0
829.3,0.02015,3.45069,7.5547,0
829.4,0.02015,3.45066,7.55469,0
829.5,0.02015,3.45062,7.55469,0
829.6,0.02015,3.45059,7.55468,0
829.7,0.02015,3.45056,7.55467,0
829.8,0.02015,3.45052,7.55467,0
829.9,0.02015,3.45049,7.55466,0
830,0.02015,3.45046,7.55465,0
830.1,0.02015,3.45042,7.55465,0
830.2,0.02015,3.45039,7.55464,0
830.3,0.02015,3.45036,7.55463,0
830.4,0.02015,3.45032,7.55463,0
830.5,0.02015,3.45029,7.55462,0
830.6,0.02015,3.45025,7.55462,0
830.7,0.02015,3.45022,7.55461,0
830.8,0.02015,3.45019,7.5546,0
830.9,0.02015,3.45015,7.5546,0
831,0.02015,3.45012,7.55459,0
831.1,0.02015,3.45008,7.55458,0
831.2,0.02015,3.45005,7.55458,0
831.3,0.02015,3.45002,7.55457,0
831.4,0.02015,3.44998,7.55457,0
831.5,0.02015,3.44995,7.55456,0
831.6,0.02015,3.44991,7.55455,0
831.7,0.02015,3.44988,7.55455,0
831.8,0.02015,3.44985,7.55454,0
831.9,0.02015,3.44981,7.55454,0
832,0.02015,3.44978,7.55453,0
832.1,0.02015,3.44974,7.55452,0
832.2,0.02015,3.44971,7.55452,0
832.3,0.02015,3.44967,7.55451,0
832.4,0.02015,3.44964,7.55451,0
832.5,0.02015,3.4496,7.5545,0
832.6,0.02015,3.44957,7.5545,0
832.7,0.02015,3.44954,7.55449,0
832.8,0.02015,3.4495,7.55448,0
832.9,0.02015,3.44947,7.55448,0
833,0.02015,3.44943,7.55447,0
833.1,0.02015,3.4494,7.55447,0
833.2,0.02015,3.44936,7.55446,0
833.3,0.02015,3.44933,7.55446,0
833.4,0.02015,3.44929,7.55445,0
833.5,0.02015,3.44926,7.55445,0
833.6,0.02015,3.44923,7.55444,0
833.7,0.02015,3.44919,7.55444,0
833.8,0.02015,3.44916,7.55443,0
833.9,0.02015,3.44912,7.55443,0
834,0.02015,3.44909,7.55442,0
834.1,0.02015,3.44905,7.55441,0
834.2,0.02015,3.44902,7.55441,0
834.3,0.02015,3.44899,7.5544,0
834.4,0.02015,3.44895,7.5544,0
834.5,0.02015,3.44892,7.55439,0
834.6,0.02015,3.44888,7.55439,0
834.7,0.02015,3.44885,7.55438,0
834.8,0.02015,3.44881,7.55438,0
834.9,0.02015,3.44878,7.55437,0
835,0.02015,3.44875,7.55437,0
835.1,0.02015,3.44871,7.55436,0
835.2,0.02015,3.44868,7.55435,0
835.3,0.02015,3.44864,7.55435,0
835.4,0.02015,3.44861,7.55434,0
835.5,0.02015,3.44858,7.55434,0
835.6,0.02015,3.44854,7.55433,0
835.7,0.02015,3.44851,7.55433,0
835.8,0.02015,3.44848,7.55432,0
835.9,0.02015,3.44844,7.55431,0
836,0.02015,3.44841,7.55431,0
836.1,0.02014,3.44838,7.5543,0
836.2,0.02014,3.44834,7.5543,0
836.3,0.02014,3.44831,7.55429,0
836.4,0.02014,3.44828,7.55428,0
836.5,0.02014,3.44824,7.55428,0
836.6,0.02014,3.44821,7.55427,0
836.7,0.02014,3.44818,7.55426,0
836.8,0.02014,3.44814,7.55426,0
836.9,0.02014,3.44811,7.55425,0
837,0.02014,3.44808,7.55424,0
837.1,0.02014,3.44805,7.55424,0
837.2,0.02014,3.44801,7.55423,0
837.3,0.02014,3.44798,7.55422,0
837.4,0.02014,3.44795,7.55422,0
837.5,0.02014,3.44792,7.55421,0
837.6,0.02014,3.44788,7.5542,0
837.7,0.02014,3.44785,7.5542,0
837.8,0.02014,3.44782,7.55419,0
837.9,0.02014,3.44779,7.55418,0
838,0.02014,3.44775,7.55418,0
838.1,0.02014,3.44772,7.55417,0
838.2,0.02014,3.44769,7.55416,0
838.3,0.02014,3.44766,7.55415,0
838.4,0.02014,3.44763,7.55415,0
838.5,0.02014,3.44759,7.55414,0
838.6,0.02014,3.44756,7.55413,0
838.7,0.02014,3.44753,7.55413,0
838.8,0.02014,3.4475,7.55412,0
838.9,0.02014,3.44747,7.55411,0
839,0.02014,3.44743,7.5541,0
839.1,0.02014,3.4474,7.5541,0
839.2,0.02014,3.44737,7.55409,0
839.3,0.02014,3.44734,7.55408,0
839.4,0.02014,3.44731,7.55408,0
839.5,0.02014,3.44727,7.55407,0
839.6,0.02014,3.44724,7.55406,0
839.7,0.02014,3.44721,7.55405,0
839.8,0.02014,3.44718,7.55405,0
839.9,0.02014,3.44715,7.55404,0
840,0.02014,3.44711,7.55403,0
840.1,0.02014,3.44708,7.55402,0
840.2,0.02014,3.44705,7.55402,0
840.3,0.02014,3.44702,7.55401,0
840.4,0.02014,3.44699,7.554,0
840.5,0.02014,3.44695,7.554,0
840.6,0.02014,3.44692,7.55399,0
840.7,0.02014,3.44689,7.55398,0
840.8,0.02014,3.44686,7.55397,0
840.9,0.02014,3.44683,7.55397,0
841,0.02014,3.4468,7.55396,0
841.1,0.02014,3.44676,7.55395,0
841.2,0.02014,3.44673,7.55394,0
841.3,0.02014,3.4467,7.55394,0
841.4,0.02014,3.44667,7.55393,0
841.5,0.02014,3.44664,7.55392,0
841.6,0.02014,3.4466,7.55392,0
841.7,0.02014,3.44657,7.55391,0
841.8,0.02014,3.44654,7.5539,0
841.9,0.02014,3.44651,7.55389,0
842,0.02014,3.44648,7.55389,0
842.1,0.02014,3.44645,7.55388,0
842.2,0.02014,3.44641,7.55387,0
842.3,0.02014,3.44638,7.55387,0
842.4,0.02014,3.44635,7.55386,0
842.5,0.02014,3.44632,7.55385,0
842.6,0.02014,3.44629,7.55384,0
842.7,0.02014,3.44626,7.55384,0
842.8,0.02014,3.44623,7.55383,0
842.9,0.02014,3.44619,7.55382,0
843,0.02014,3.44616,7.55382,0
843.1,0.02014,3.44613,7.55381,0
843.2,0.02014,3.4461,7.5538,0
843.3,0.02014,3.44607,7.55379,0
843.4,0.02014,3.44604,7.55379,0
843.5,0.02014,3.44601,7.55378,0
843.6,0.02014,3.44598,7.55377,0
843.7,0.02014,3.44594,7.55377,0
843.8,0.02014,3.44591,7.55376,0
843.9,0.02014,3.44588,7.55375,0
844,0.02014,3.44585,7.55374,0
844.1,0.02014,3.44582,7.55374,0
844.2,0.02014,3.44579,7.55373,0
844.3,0.02014,3.44575,7.55372,0
844.4,0.02014,3.44572,7.55372,0
844.5,0.02014,3.44569,7.55371,0
844.6,0.02014,3.44566,7.5537,0
844.7,0.02014,3.44563,7.55369,0
844.8,0.02014,3.4456,7.55369,0
844.9,0.02014,3.44557,7.55368,0
845,0.02014,3.44553,7.55367,0
845.1,0.02014,3.4455,7.55367,0
845.2,0.02014,3.44547,7.55366,0
845.3,0.02014,3.44544,7.55365,0
845.4,0.02014,3.44541,7.55364,0
845.5,0.02014,3.44538,7.55364,0
845.6,0.02014,3.44535,7.55363,0
845.7,0.02014,3.44532,7.55362,0
845.8,0.02014,3.44528,7.55362,0
845.9,0.02014,3.44525,7.55361,0
846,0.02014,3.44522,7.5536,0
846.1,0.02014,3.44519,7.55359,0
846.2,0.02014,3.44516,7.55359,0
846.3,0.02014,3.44513,7.55358,0
846.4,0.02014,3.4451,7.55357,0
846.5,0.02014,3.44506,7.55357,0
846.6,0.02014,3.44503,7.55356,0
846.7,0.02014,3.445,7.55355,0
846.8,0.02014,3.44497,7.55355,0
846.9,0.02014,3.44494,7.55354,0
847,0.02014,3.44491,7.55353,0
847.1,0.02014,3.44488,7.55352,0
847.2,0.02014,3.44485,7.55352,0
847.3,0.02014,3.44482,7.55351,0
847.4,0.02014,3.44478,7.5535,0
847.5,0.02014,3.44475,7.5535,0
847.6,0.02014,3.44472,7.55349,0
847.7,0.02014,3.44469,7.55348,0
847.8,0.02014,3.44466,7.55348,0
847.9,0.02014,3.44463,7.55347,0
848,0.02014,3.4446,7.55346,0
848.1,0.02014,3.44457,7.55346,0
848.2,0.02014,3.44453,7.55345,0
848.3,0.02014,3.4445,7.55344,0
848.4,0.02014,3.44447,7.55343,0
848.5,0.02014,3.44444,7.55343,0
848.6,0.02014,3.44441,7.55342,0
848.7,0.02014,3.44438,7.55341,0
848.8,0.02014,3.44435,7.55341,0
848.9,0.02014,3.44432,7.5534,0
849,0.02014,3.44428,7.55339,0
849.1,0.02014,3.44425,7.55339,0
849.2,0.02014,3.44422,7.55338,0
849.3,0.02014,3.44419,7.55337,0
849.4,0.02014,3.44416,7.55337,0
849.5,0.02014,3.44413,7.55336,0
849.6,0.02014,3.4441,7.55335,0
849.7,0.02014,3.44407,7.55335,0
849.8,0.02014,3.44404,7.55334,0
849.9,0.02014,3.44401,7.55334,0
850,0.02014,3.44398,7.55333,0
850.1,0.02014,3.44395,7.55332,0
850.2,0.02014,3.44392,7.55332,0
850.3,0.02014,3.44388,7.55331,0
850.4,0.02014,3.44385,7.5533,0
850.5,0.02014,3.44382,7.5533,0
850.6,0.02014,3.44379,7.55329,0
850.7,0.02014,3.44376,7.55328,0
850.8,0.02014,3.44373,7.55328,0
850.9,0.02014,3.4437,7.55327,0
851,0.02014,3.44367,7.55326,0
851.1,0.02014,3.44364,7.55326,0
851.2,0.02014,3.44361,7.55325,0
851.3,0.02014,3.44358,7.55324,0
851.4,0.02014,3.44354,7.55324,0
851.5,0.02014,3.44351,7.55323,0
851.6,0.02014,3.44348,7.55322,0
851.7,0.02014,3.44345,7.55322,0
851.8,0.02014,3.44342,7.55321,0
851.9,0.02014,3.44339,7.5532,0
852,0.02014,3.44336,7.5532,0
852.1,0.02014,3.44333,7.55319,0
852.2,0.02014,3.4433,7.55319,0
852.3,0.02014,3.44327,7.55318,0
852.4,0.02014,3.44324,7.55317,0
852.5,0.02014,3.44321,7.55317,0
852.6,0.02014,3.44318,7.55316,0
852.7,0.02014,3.44315,7.55315,0
852.8,0.02014,3.44312,7.55315,0
852.9,0.02014,3.44309,7.55314,0
853,0.02014,3.44306,7.55313,0
853.1,0.02014,3.44302,7.55313,0
853.2,0.02014,3.44299,7.55312,0
853.3,0.02014,3.44296,7.55312,0
853.4,0.02014,3.44293,7.55311,0
853.5,0.02014,3.4429,7.5531,0
853.6,0.02014,3.44287,7.5531,0
853.7,0.02014,3.44284,7.55309,0
853.8,0.02014,3.44281,7.55309,0
853.9,0.02014,3.44278,7.55308,0
854,0.02014,3.44275,7.55307,0
854.1,0.02014,3.44272,7.55307,0
854.2,0.02014,3.44269,7.55306,0
854.3,0.02014,3.44266,7.55306,0
854.4,0.02014,3.44263,7.55305,0
854.5,0.02014,3.4426,7.55304,0
854.6,0.02014,3.44257,7.55304,0
854.7,0.02014,3.44254,7.55303,0
854.8,0.02014,3.44251,7.55303,0
854.9,0.02014,3.44248,7.55302,0
855,0.02014,3.44245,7.55301,0
855.1,0.02014,3.44242,7.55301,0
855.2,0.02014,3.44239,7.553,0
855.3,0.02014,3.44236,7.553,0
855.4,0.02014,3.44233,7.55299,0
855.5,0.02014,3.4423,7.55298,0
855.6,0.02014,3.44227,7.55298,0
855.7,0.02014,3.44224,7.55297,0
855.8,0.02014,3.44221,7.55297,0
855.9,0.02014,3.44218,7.55296,0
856,0.02014,3.44215,7.55295,0
856.1,0.02014,3.44212,7.55295,0
856.2,0.02014,3.44209,7.55294,0
856.3,0.02014,3.44206,7.55294,0
856.4,0.02014,3.44203,7.55293,0
856.5,0.02014,3.442,7.55292,0
856.6,0.02014,3.44197,7.55292,0
856.7,0.02014,3.44194,7.55291,0
856.8,0.02014,3.44191,7.5529,0
856.9,0.02014,3.44188,7.5529,0
857,0.02014,3.44185,7.55289,0
857.1,0.02014,3.44182,7.55289,0
857.2,0.02014,3.44179,7.55288,0
857.3,0.02014,3.44176,7.55287,0
857.4,0.02014,3.44173,7.55287,0
857.5,0.02014,3.4417,7.55286,0
857.6,0.02014,3.44167,7.55286,0
857.7,0.02014,3.44164,7.55285,0
857.8,0.02014,3.44161,7.55284,0
857.9,0.02014,3.44158,7.55284,0
858,0.02014,3.44155,7.55283,0
858.1,0.02014,3.44152,7.55283,0
858.2,0.02014,3.44149,7.55282,0
858.3,0.02014,3.44146,7.55281,0
858.4,0.02014,3.44143,7.55281,0
858.5,0.02014,3.4414,7.5528,0
858.6,0.02014,3.44137,7.5528,0
858.7,0.02014,3.44134,7.55279,0
858.8,0.02014,3.44131,7.55278,0
858.9,0.02014,3.44128,7.55278,0
859,0.02014,3.44125,7.55277,0
859.1,0.02014,3.44122,7.55277,0
859.2,0.02014,3.44119,7.55276,0
859.3,0.02014,3.44116,7.55275,0
859.4,0.02014,3.44113,7.55275,0
859.5,0.02014,3.44111,7.55274,0
859.6,0.02014,3.44108,7.55274,0
859.7,0.02014,3.44105,7.55273,0
859.8,0.02014,3.44102,7.55273,0
859.9,0.02014,3.44099,7.55272,0
860,0.02014,3.44096,7.55271,0
860.1,0.02014,3.44093,7.55271,0
860.2,0.02014,3.4409,7.5527,0
860.3,0.02014,3.44087,7.5527,0
860.4,0.02014,3.44084,7.55269,0
860.5,0.02014,3.44081,7.55269,0
860.6,0.02014,3.44078,7.55268,0
860.7,0.02014,3.44075,7.55268,0
860.8,0.02014,3.44072,7.55267,0
860.9,0.02014,3.44069,7.55266,0
861,0.02014,3.44066,7.55266,0
861.1,0.02014,3.44063,7.55265,0
861.2,0.02014,3.44061,7.55265,0
861.3,0.02014,3.44058,7.55264,0
861.4,0.02014,3.44055,7.55264,0
861.5,0.02014,3.44052,7.55263,0
861.6,0.02014,3.44049,7.55263,0
861.7,0.02014,3.44046,7.55262,0
861.8,0.02014,3.44043,7.55262,0
861.9,0.02014,3.4404,7.55261,0
862,0.02014,3.44037,7.5526,0
862.1,0.02014,3.44034,7.5526,0
862.2,0.02014,3.44032,7.55259,0
862.3,0.02014,3.44029,7.55259,0
862.4,0.02014,3.44026,7.55258,0
862.5,0.02014,3.44023,7.55258,0
862.6,0.02014,3.4402,7.55257,0
862.7,0.02014,3.44017,7.55256,0
862.8,0.02014,3.44014,7.55256,0
862.9,0.02014,3.44012,7.55255,0
863,0.02014,3.44009,7.55255,0
863.1,0.02014,3.44006,7.55254,0
863.2,0.02014,3.44003,7.55254,0
863.3,0.02014,3.44,7.55253,0
863.4,0.02014,3.43997,7.55252,0
863.5,0.02014,3.43995,7.55252,0
863.6,0.02014,3.43992,7.55251,0
863.7,0.02014,3.43989,7.55251,0
863.8,0.02014,3.43986,7.5525,0
863.9,0.02014,3.43983,7.55249,0
864,0.02014,3.4398,7.55249,0
864.1,0.02014,3.43978,7.55248,0
864.2,0.02014,3.43975,7.55248,0
864.3,0.02014,3.43972,7.55247,0
864.4,0.02014,3.43969,7.55247,0
864.5,0.02014,3.43966,7.55246,0
864.6,0.02014,3.43963,7.55245,0
864.7,0.02014,3.4396,7.55245,0
864.8,0.02014,3.43958,7.55244,0
864.9,0.02014,3.43955,7.55244,0
865,0.02014,3.43952,7.55243,0
865.1,0.02014,3.43949,7.55242,0
865.2,0.02014,3.43946,7.55242,0
865.3,0.02014,3.43943,7.55241,0
865.4,0.02014,3.43941,7.55241,0
865.5,0.02014,3.43938,7.5524,0
865.6,0.02014,3.43935,7.5524,0
865.7,0.02014,3.43932,7.55239,0
865.8,0.02014,3.43929,7.55239,0
865.9,0.02014,3.43927,7.55238,0
866,0.02014,3.43924,7.55237,0
866.1,0.02014,3.43921,7.55237,0
866.2,0.02014,3.43918,7.55236,0
866.3,0.02014,3.43915,7.55236,0
866.4,0.02014,3.43912,7.55235,0
866.5,0.02014,3.4391,7.55235,0
866.6,0.02014,3.43907,7.55234,0
866.7,0.02014,3.43904,7.55234,0
866.8,0.02014,3.43901,7.55233,0
866.9,0.02014,3.43898,7.55233,0
867,0.02014,3.43896,7.55232,0
867.1,0.02014,3.43893,7.55232,0
867.2,0.02014,3.4389,7.55231,0
867.3,0.02014,3.43887,7.55231,0
867.4,0.02014,3.43884,7.5523,0
867.5,0.02014,3.43882,7.5523,0
867.6,0.02014,3.43879,7.55229,0
867.7,0.02014,3.43876,7.55229,0
867.8,0.02014,3.43873,7.55228,0
867.9,0.02014,3.43871,7.55228,0
868,0.02014,3.43868,7.55227,0
868.1,0.02014,3.43865,7.55227,0
868.2,0.02014,3.43862,7.55227,0
868.3,0.02014,3.4386,7.55226,0
868.4,0.02014,3.43857,7.55226,0
868.5,0.02014,3.43854,7.55225,0
868.6,0.02014,3.43852,7.55225,0
868.7,0.02014,3.43849,7.55224,0
868.8,0.02014,3.43846,7.55223,0
868.9,0.02014,3.43844,7.55223,0
869,0.02014,3.43841,7.55222,0
869.1,0.02014,3.43838,7.55222,0
869.2,0.02014,3.43836,7.55221,0
869.3,0.02014,3.43833,7.55221,0
869.4,0.02014,3.4383,7.5522,0
869.5,0.02014,3.43828,7.5522,0
869.6,0.02014,3.43825,7.55219,0
869.7,0.02014,3.43822,7.55219,0
869.8,0.02014,3.4382,7.55218,0
869.9,0.02014,3.43817,7.55217,0
870,0.02014,3.43815,7.55217,0
870.1,0.02014,3.43812,7.55216,0
870.2,0.02014,3.43809,7.55216,0
870.3,0.02014,3.43807,7.55215,0
870.4,0.02014,3.43804,7.55214,0
870.5,0.02014,3.43802,7.55214,0
870.6,0.02014,3.43799,7.55213,0
870.7,0.02014,3.43796,7.55212,0
870.8,0.02014,3.43794,7.55212,0
870.9,0.02014,3.43791,7.55211,0
871,0.02014,3.43789,7.5521,0
871.1,0.02014,3.43786,7.5521,0
871.2,0.02014,3.43784,7.55209,0
871.3,0.02014,3.43781,7.55208,0
871.4,0.02014,3.43778,7.55208,0
871.5,0.02014,3.43776,7.55207,0
871.6,0.02014,3.43773,7.55206,0
871.7,0.02014,3.43771,7.55206,0
871.8,0.02014,3.43768,7.55205,0
871.9,0.02014,3.43766,7.55204,0
872,0.02014,3.43763,7.55204,0
872.1,0.02014,3.43761,7.55203,0
872.2,0.02014,3.43758,7.55202,0
872.3,0.02014,3.43756,7.55202,0
872.4,0.02014,3.43753,7.55201,0
872.5,0.02014,3.4375,7.552,0
872.6,0.02014,3.43748,7.55199,0
872.7,0.02014,3.43745,7.55199,0
872.8,0.02014,3.43743,7.55198,0
872.9,0.02014,3.4374,7.55197,0
873,0.02014,3.43738,7.55197,0
873.1,0.02014,3.43735,7.55196,0
873.2,0.02014,3.43733,7.55195,0
873.3,0.02014,3.4373,7.55195,0
873.4,0.02014,3.43728,7.55194,0
873.5,0.02014,3.43725,7.55193,0
873.6,0.02014,3.43723,7.55192,0
873.7,0.02014,3.4372,7.55192,0
873.8,0.02014,3.43718,7.55191,0
873.9,0.02014,3.43715,7.5519,0
874,0.02014,3.43713,7.5519,0
874.1,0.02014,3.43711,7.55189,0
874.2,0.02014,3.43708,7.55188,0
874.3,0.02014,3.43706,7.55188,0
874.4,0.02014,3.43703,7.55187,0
874.5,0.02014,3.43701,7.55186,0
874.6,0.02014,3.43698,7.55186,0
874.7,0.02014,3.43696,7.55185,0
874.8,0.02014,3.43693,7.55184,0
874.9,0.02014,3.43691,7.55184,0
875,0.02014,3.43688,7.55183,0
875.1,0.02014,3.43686,7.55182,0
875.2,0.02014,3.43684,7.55182,0
875.3,0.02014,3.43681,7.55181,0
875.4,0.02014,3.43679,7.5518,0
875.5,0.02014,3.43676,7.5518,0
875.6,0.02014,3.43674,7.55179,0
875.7,0.02014,3.43672,7.55178,0
875.8,0.02014,3.43669,7.55178,0
875.9,0.02014,3.43667,7.55177,0
876,0.02014,3.43664,7.55176,0
876.1,0.02014,3.43662,7.55176,0
876.2,0.02014,3.4366,7.55175,0
876.3,0.02014,3.43657,7.55174,0
876.4,0.02014,3.43655,7.55174,0
876.5,0.02014,3.43652,7.55173,0
876.6,0.02014,3.4365,7.55172,0
876.7,0.02014,3.43648,7.55172,0
876.8,0.02014,3.43645,7.55171,0
876.9,0.02014,3.43643,7.5517,0
877,0.02014,3.43641,7.5517,0
877.1,0.02014,3.43638,7.55169,0
877.2,0.02014,3.43636,7.55169,0
877.3,0.02014,3.43633,7.55168,0
877.4,0.02014,3.43631,7.55167,0
877.5,0.02014,3.43629,7.55167,0
877.6,0.02014,3.43626,7.55166,0
877.7,0.02014,3.43624,7.55165,0
877.8,0.02014,3.43622,7.55165,0
877.9,0.02014,3.43619,7.55164,0
878,0.02014,3.43617,7.55163,0
878.1,0.02014,3.43615,7.55163,0
878.2,0.02014,3.43612,7.55162,0
878.3,0.02014,3.4361,7.55162,0
878.4,0.02014,3.43608,7.55161,0
878.5,0.02014,3.43605,7.5516,0
878.6,0.02014,3.43603,7.5516,0
878.7,0.02014,3.43601,7.55159,0
878.8,0.02014,3.43598,7.55158,0
878.9,0.02014,3.43596,7.55158,0
879,0.02014,3.43594,7.55157,0
879.1,0.02014,3.43591,7.55157,0
879.2,0.02014,3.43589,7.55156,0
879.3,0.02014,3.43587,7.55155,0
879.4,0.02014,3.43585,7.55155,0
879.5,0.02014,3.43582,7.55154,0
879.6,0.02014,3.4358,7.55154,0
879.7,0.02014,3.43578,7.55153,0
879.8,0.02014,3.43575,7.55152,0
879.9,0.02014,3.43573,7.55152,0
880,0.02014,3.43571,7.55151,0
880.1,0.02014,3.43569,7.55151,0
880.2,0.02014,3.43566,7.5515,0
880.3,0.02014,3.43564,7.55149,0
880.4,0.02014,3.43562,7.55149,0
880.5,0.02014,3.4356,7.55148,0
880.6,0.02014,3.43557,7.55148,0
880.7,0.02014,3.43555,7.55147,0
880.8,0.02014,3.43553,7.55146,0
880.9,0.02014,3.43551,7.55146,0
881,0.02014,3.43548,7.55145,0
881.1,0.02014,3.43546,7.55145,0
881.2,0.02014,3.43544,7.55144,0
881.3,0.02014,3.43542,7.55143,0
881.4,0.02014,3.43539,7.55143,0
881.5,0.02014,3.43537,7.55142,0
881.6,0.02014,3.43535,7.55142,0
881.7,0.02014,3.43533,7.55141,0
881.8,0.02014,3.4353,7.55141,0
881.9,0.02014,3.43528,7.5514,0
882,0.02014,3.43526,7.55139,0
882.1,0.02014,3.43524,7.55139,0
882.2,0.02014,3.43522,7.55138,0
882.3,0.02014,3.43519,7.55138,0
882.4,0.02014,3.43517,7.55137,0
882.5,0.02014,3.43515,7.55137,0
882.6,0.02014,3.43513,7.55136,0
882.7,0.02014,3.43511,7.55135,0
882.8,0.02014,3.43508,7.55135,0
882.9,0.02014,3.43506,7.55134,0
883,0.02014,3.43504,7.55134,0
883.1,0.02014,3.43502,7.55133,0
883.2,0.02014,3.435,7.55133,0
883.3,0.02014,3.43498,7.55132,0
883.4,0.02014,3.43495,7.55132,0
883.5,0.02014,3.43493,7.55131,0
883.6,0.02014,3.43491,7.5513,0
883.7,0.02014,3.43489,7.5513,0
883.8,0.02014,3.43487,7.55129,0
883.9,0.02014,3.43485,7.55129,0
884,0.02014,3.43482,7.55128,0
884.1,0.02014,3.4348,7.55128,0
884.2,0.02014,3.43478,7.55127,0
884.3,0.02014,3.43476,7.55127,0
884.4,0.02014,3.43474,7.55126,0
884.5,0.02014,3.43472,7.55126,0
884.6,0.02014,3.4347,7.55125,0
884.7,0.02014,3.43468,7.55125,0
884.8,0.02014,3.43465,7.55124,0
884.9,0.02014,3.43463,7.55124,0
885,0.02014,3.43461,7.55123,0
885.1,0.02014,3.43459,7.55123,0
885.2,0.02014,3.43457,7.55122,0
885.3,0.02014,3.43455,7.55121,0
885.4,0.02014,3.43453,7.55121,0
885.5,0.02014,3.43451,7.5512,0
885.6,0.02014,3.43449,7.5512,0
885.7,0.02014,3.43446,7.55119,0
885.8,0.02014,3.43444,7.55119,0
885.9,0.02014,3.43442,7.55118,0
886,0.02014,3.4344,7.55118,0
886.1,0.02014,3.43438,7.55117,0
886.2,0.02014,3.43436,7.55117,0
886.3,0.02014,3.43434,7.55116,0
886.4,0.02014,3.43432,7.55116,0
886.5,0.02014,3.4343,7.55115,0
886.6,0.02014,3.43428,7.55115,0
886.7,0.02014,3.43426,7.55114,0
886.8,0.02014,3.43424,7.55114,0
886.9,0.02014,3.43422,7.55113,0
887,0.02014,3.4342,7.55113,0
887.1,0.02014,3.43418,7.55112,0
887.2,0.02014,3.43416,7.55112,0
887.3,0.02014,3.43414,7.55111,0
887.4,0.02014,3.43411,7.55111,0
887.5,0.02014,3.43409,7.5511,0
887.6,0.02014,3.43407,7.5511,0
887.7,0.02014,3.43405,7.55109,0
887.8,0.02014,3.43403,7.55109,0
887.9,0.02014,3.43401,7.55108,0
888,0.02014,3.43399,7.55108,0
888.1,0.02014,3.43397,7.55107,0
888.2,0.02014,3.43395,7.55107,0
888.3,0.02014,3.43393,7.55107,0
888.4,0.02014,3.43391,7.55106,0
888.5,0.02014,3.43389,7.55106,0
888.6,0.02014,3.43387,7.55105,0
888.7,0.02014,3.43385,7.55105,0
888.8,0.02014,3.43383,7.55104,0
888.9,0.02014,3.43381,7.55104,0
889,0.02014,3.43379,7.55103,0
889.1,0.02014,3.43377,7.55103,0
889.2,0.02014,3.43376,7.55102,0
889.3,0.02014,3.43374,7.55102,0
889.4,0.02014,3.43372,7.55101,0
889.5,0.02014,3.4337,7.55101,0
889.6,0.02014,3.43368,7.55101,0
889.7,0.02014,3.43366,7.551,0
889.8,0.02014,3.43364,7.551,0
889.9,0.02014,3.43362,7.55099,0
890,0.02014,3.4336,7.55099,0
890.1,0.02014,3.43358,7.55098,0
890.2,0.02014,3.43356,7.55098,0
890.3,0.02014,3.43354,7.55097,0
890.4,0.02014,3.43352,7.55097,0
890.5,0.02014,3.4335,7.55097,0
890.6,0.02014,3.43348,7.55096,0
890.7,0.02014,3.43346,7.55096,0
890.8,0.02014,3.43344,7.55095,0
890.9,0.02014,3.43343,7.55095,0
891,0.02014,3.43341,7.55094,0
891.1,0.02014,3.43339,7.55094,0
891.2,0.02014,3.43337,7.55094,0
891.3,0.02014,3.43335,7.55093,0
891.4,0.02014,3.43333,7.55093,0
891.5,0.02014,3.43331,7.55092,0
891.6,0.02014,3.43329,7.55092,0
891.7,0.02014,3.43327,7.55091,0
891.8,0.02014,3.43325,7.55091,0
891.9,0.02014,3.43324,7.55091,0
892,0.02014,3.43322,7.5509,0
892.1,0.02014,3.4332,7.5509,0
892.2,0.02014,3.43318,7.55089,0
892.3,0.02014,3.43316,7.55089,0
892.4,0.02014,3.43314,7.55089,0
892.5,0.02014,3.43312,7.55088,0
892.6,0.02014,3.43311,7.55088,0
892.7,0.02014,3.43309,7.55087,0
892.8,0.02014,3.43307,7.55087,0
892.9,0.02014,3.43305,7.55087,0
893,0.02014,3.43303,7.55086,0
893.1,0.02014,3.43301,7.55086,0
893.2,0.02014,3.433,7.55085,0
893.3,0.02014,3.43298,7.55085,0
893.4,0.02014,3.43296,7.55084,0
893.5,0.02014,3.43294,7.55084,0
893.6,0.02014,3.43292,7.55084,0
893.7,0.02014,3.43291,7.55083,0
893.8,0.02014,3.43289,7.55083,0
893.9,0.02014,3.43287,7.55082,0
894,0.02014,3.43285,7.55082,0
894.1,0.02014,3.43283,7.55082,0
894.2,0.02014,3.43282,7.55081,0
894.3,0.02014,3.4328,7.55081,0
894.4,0.02014,3.43278,7.5508,0
894.5,0.02014,3.43276,7.5508,0
894.6,0.02014,3.43275,7.5508,0
894.7,0.02014,3.43273,7.55079,0
894.8,0.02014,3.43271,7.55079,0
894.9,0.02014,3.43269,7.55078,0
895,0.02014,3.43268,7.55078,0
895.1,0.02014,3.43266,7.55077,0
895.2,0.02014,3.43264,7.55077,0
895.3,0.02014,3.43262,7.55077,0
895.4,0.02014,3.43261,7.55076,0
895.5,0.02014,3.43259,7.55076,0
895.6,0.02014,3.43257,7.55075,0
895.7,0.02014,3.43256,7.55075,0
895.8,0.02014,3.43254,7.55075,0
895.9,0.02014,3.43252,7.55074,0
896,0.02014,3.4325,7.55074,0
896.1,0.02014,3.43249,7.55073,0
896.2,0.02014,3.43247,7.55073,0
896.3,0.02014,3.43245,7.55073,0
896.4,0.02014,3.43244,7.55072,0
896.5,0.02014,3.43242,7.55072,0
896.6,0.02014,3.4324,7.55072,0
896.7,0.02014,3.43239,7.55071,0
896.8,0.02014,3.43237,7.55071,0
896.9,0.02014,3.43235,7.5507,0
897,0.02014,3.43233,7.5507,0
897.1,0.02014,3.43232,7.5507,0
897.2,0.02014,3.4323,7.55069,0
897.3,0.02014,3.43229,7.55069,0
897.4,0.02014,3.43227,7.55068,0
897.5,0.02014,3.43225,7.55068,0
897.6,0.02014,3.43224,7.55068,0
897.7,0.02014,3.43222,7.55067,0
897.8,0.02014,3.4322,7.55067,0
897.9,0.02014,3.43219,7.55066,0
898,0.02014,3.43217,7.55066,0
898.1,0.02014,3.43216,7.55066,0
898.2,0.02014,3.43214,7.55065,0
898.3,0.02014,3.43212,7.55065,0
898.4,0.02014,3.43211,7.55065,0
898.5,0.02014,3.43209,7.55064,0
898.6,0.02014,3.43207,7.55064,0
898.7,0.02014,3.43206,7.55063,0
898.8,0.02014,3.43204,7.55063,0
898.9,0.02014,3.43203,7.55063,0
899,0.02014,3.43201,7.55062,0
899.1,0.02014,3.43199,7.55062,0
899.2,0.02014,3.43198,7.55061,0
899.3,0.02014,3.43196,7.55061,0
899.4,0.02014,3.43195,7.55061,0
899.5,0.02014,3.43193,7.5506,0
899.6,0.02014,3.43192,7.5506,0
899.7,0.02014,3.4319,7.5506,0
899.8,0.02014,3.43188,7.55059,0
899.9,0.02014,3.43187,7.55059,0
900,0.02014,3.43185,7.55058,0
900.1,0.02014,3.43184,7.55058,0
900.2,0.02014,3.43182,7.55058,0
900.3,0.02014,3.43181,7.55057,0
900.4,0.02014,3.43179,7.55057,0
900.5,0.02014,3.43178,7.55056,0
900.6,0.02014,3.43176,7.55056,0
900.7,0.02014,3.43175,7.55056,0
900.8,0.02014,3.43173,7.55055,0
900.9,0.02014,3.43172,7.55055,0
901,0.02014,3.4317,7.55055,0
901.1,0.02014,3.43168,7.55054,0
901.2,0.02014,3.43167,7.55054,0
901.3,0.02014,3.43165,7.55053,0
901.4,0.02014,3.43164,7.55053,0
901.5,0.02014,3.43162,7.55053,0
901.6,0.02014,3.43161,7.55052,0
901.7,0.02014,3.43159,7.55052,0
901.8,0.02014,3.43158,7.55051,0
901.9,0.02014,3.43156,7.55051,0
902,0.02014,3.43155,7.55051,0
902.1,0.02014,3.43153,7.5505,0
902.2,0.02014,3.43152,7.5505,0
902.3,0.02014,3.4315,7.55049,0
902.4,0.02014,3.43149,7.55049,0
902.5,0.02014,3.43147,7.55049,0
902.6,0.02014,3.43146,7.55048,0
902.7,0.02014,3.43144,7.55048,0
902.8,0.02014,3.43143,7.55048,0
902.9,0.02014,3.43141,7.55047,0
903,0.02014,3.4314,7.55047,0
903.1,0.02014,3.43138,7.55046,0
903.2,0.02014,3.43137,7.55046,0
903.3,0.02014,3.43135,7.55046,0
903.4,0.02014,3.43134,7.55045,0
903.5,0.02014,3.43132,7.55045,0
903.6,0.02014,3.43131,7.55045,0
903.7,0.02014,3.43129,7.55044,0
903.8,0.02014,3.43128,7.55044,0
903.9,0.02014,3.43127,7.55043,0
904,0.02014,3.43125,7.55043,0
904.1,0.02014,3.43124,7.55043,0
904.2,0.02014,3.43122,7.55042,0
904.3,0.02014,3.43121,7.55042,0
904.4,0.02014,3.43119,7.55041,0
904.5,0.02014,3.43118,7.55041,0
904.6,0.02014,3.43116,7.55041,0
904.7,0.02014,3.43115,7.5504,0
904.8,0.02014,3.43114,7.5504,0
904.9,0.02014,3.43112,7.5504,0
905,0.02014,3.43111,7.55039,0
905.1,0.02014,3.43109,7.55039,0
905.2,0.02014,3.43108,7.55038,0
905.3,0.02014,3.43107,7.55038,0
905.4,0.02014,3.43105,7.55038,0
905.5,0.02014,3.43104,7.55037,0
905.6,0.02014,3.43102,7.55037,0
905.7,0.02014,3.43101,7.55037,0
905.8,0.02014,3.431,7.55036,0
905.9,0.02014,3.43098,7.55036,0
906,0.02014,3.43097,7.55035,0
906.1,0.02014,3.43096,7.55035,0
906.2,0.02014,3.43094,7.55035,0
906.3,0.02014,3.43093,7.55034,0
906.4,0.02014,3.43091,7.55034,0
906.5,0.02014,3.4309,7.55034,0
906.6,0.02014,3.43089,7.55033,0
906.7,0.02014,3.43087,7.55033,0
906.8,0.02014,3.43086,7.55032,0
906.9,0.02014,3.43084,7.55032,0
907,0.02014,3.43083,7.55032,0
907.1,0.02014,3.43082,7.55031,0
907.2,0.02014,3.4308,7.55031,0
907.3,0.02014,3.43079,7.55031,0
907.4,0.02014,3.43077,7.5503,0
907.5,0.02014,3.43076,7.5503,0
907.6,0.02014,3.43075,7.5503,0
907.7,0.02014,3.43073,7.55029,0
907.8,0.02014,3.43072,7.55029,0
907.9,0.02014,3.43071,7.55029,0
908,0.02014,3.43069,7.55028,0
908.1,0.02014,3.43068,7.55028,0
908.2,0.02014,3.43067,7.55027,0
908.3,0.02014,3.43065,7.55027,0
908.4,0.02014,3.43064,7.55027,0
908.5,0.02014,3.43063,7.55026,0
908.6,0.02014,3.43061,7.55026,0
908.7,0.02014,3.4306,7.55026,0
908.8,0.02014,3.43059,7.55025,0
908.9,0.02014,3.43057,7.55025,0
909,0.02014,3.43056,7.55024,0
909.1,0.02014,3.43054,7.55024,0
909.2,0.02014,3.43053,7.55024,0
909.3,0.02014,3.43052,7.55023,0
909.4,0.02014,3.43051,7.55023,0
909.5,0.02014,3.43049,7.55023,0
909.6,0.02014,3.43048,7.55022,0
909.7,0.02014,3.43047,7.55022,0
909.8,0.02014,3.43045,7.55021,0
909.9,0.02014,3.43044,7.55021,0
910,0.02014,3.43043,7.55021,0
910.1,0.02014,3.43041,7.5502,0
910.2,0.02014,3.4304,7.5502,0
910.3,0.02014,3.43039,7.5502,0
910.4,0.02014,3.43038,7.55019,0
910.5,0.02014,3.43036,7.55019,0
910.6,0.02014,3.43035,7.55018,0
910.7,0.02014,3.43034,7.55018,0
910.8,0.02014,3.43033,7.55018,0
910.9,0.02014,3.43031,7.55017,0
911,0.02014,3.4303,7.55017,0
911.1,0.02014,3.43029,7.55017,0
911.2,0.02014,3.43028,7.55016,0
911.3,0.02014,3.43026,7.55016,0
911.4,0.02014,3.43025,7.55015,0
911.5,0.02014,3.43024,7.55015,0
911.6,0.02014,3.43023,7.55015,0
911.7,0.02014,3.43022,7.55014,0
911.8,0.02014,3.4302,7.55014,0
911.9,0.02014,3.43019,7.55014,0
912,0.02014,3.43018,7.55013,0
912.1,0.02014,3.43017,7.55013,0
912.2,0.02014,3.43015,7.55013,0
912.3,0.02014,3.43014,7.55012,0
912.4,0.02014,3.43013,7.55012,0
912.5,0.02014,3.43012,7.55012,0
912.6,0.02014,3.43011,7.55011,0
912.7,0.02014,3.43009,7.55011,0
912.8,0.02014,3.43008,7.5501,0
912.9,0.02014,3.43007,7.5501,0
913,0.02014,3.43006,7.5501,0
913.1,0.02014,3.43005,7.55009,0
913.2,0.02014,3.43003,7.55009,0
913.3,0.02014,3.43002,7.55009,0
913.4,0.02014,3.43001,7.55008,0
913.5,0.02014,3.43,7.55008,0
913.6,0.02014,3.42999,7.55007,0
913.7,0.02014,3.42998,7.55007,0
913.8,0.02014,3.42996,7.55007,0
913.9,0.02014,3.42995,7.55006,0
914,0.02014,3.42994,7.55006,0
914.1,0.02014,3.42993,7.55006,0
914.2,0.02014,3.42992,7.55005,0
914.3,0.02014,3.42991,7.55005,0
914.4,0.02014,3.42989,7.55004,0
914.5,0.02014,3.42988,7.55004,0
914.6,0.02014,3.42987,7.55004,0
914.7,0.02014,3.42986,7.55003,0
914.8,0.02014,3.42985,7.55003,0
914.9,0.02014,3.42984,7.55002,0
915,0.02014,3.42983,7.55002,0
915.1,0.02014,3.42981,7.55002,0
915.2,0.02014,3.4298,7.55001,0
915.3,0.02014,3.42979,7.55001,0
915.4,0.02014,3.42978,7.55,0
915.5,0.02014,3.42977,7.55,0
915.6,0.02014,3.42976,7.54999,0
915.7,0.02014,3.42975,7.54999,0
915.8,0.02014,3.42974,7.54999,0
915.9,0.02014,3.42972,7.54998,0
916,0.02014,3.42971,7.54998,0
916.1,0.02014,3.4297,7.54997,0
916.2,0.02014,3.42969,7.54997,0
916.3,0.02014,3.42968,7.54996,0
916.4,0.02014,3.42967,7.54996,0
916.5,0.02014,3.42966,7.54996,0
916.6,0.02014,3.42965,7.54995,0
916.7,0.02014,3.42963,7.54995,0
916.8,0.02014,3.42962,7.54994,0
916.9,0.02014,3.42961,7.54994,0
917,0.02014,3.4296,7.54993,0
917.1,0.02014,3.42959,7.54993,0
917.2,0.02014,3.42958,7.54993,0
917.3,0.02014,3.42957,7.54992,0
917.4,0.02014,3.42956,7.54992,0
917.5,0.02014,3.42955,7.54991,0
917.6,0.02014,3.42954,7.54991,0
917.7,0.02014,3.42952,7.5499,0
917.8,0.02014,3.42951,7.5499,0
917.9,0.02014,3.4295,7.5499,0
918,0.02014,3.42949,7.54989,0
918.1,0.02014,3.42948,7.54989,0
918.2,0.02014,3.42947,7.54988,0
918.3,0.02014,3.42946,7.54988,0
918.4,0.02014,3.42945,7.54988,0
918.5,0.02014,3.42944,7.54987,0
918.6,0.02014,3.42943,7.54987,0
918.7,0.02014,3.42942,7.54986,0
918.8,0.02014,3.4294,7.54986,0
918.9,0.02014,3.42939,7.54985,0
919,0.02014,3.42938,7.54985,0
919.1,0.02014,3.42937,7.54985,0
919.2,0.02014,3.42936,7.54984,0
919.3,0.02014,3.42935,7.54984,0
919.4,0.02014,3.42934,7.54983,0
919.5,0.02014,3.42933,7.54983,0
919.6,0.02014,3.42932,7.54982,0
919.7,0.02014,3.42931,7.54982,0
919.8,0.02014,3.4293,7.54982,0
919.9,0.02014,3.42928,7.54981,0
920,0.02014,3.42927,7.54981,0
920.1,0.02014,3.42926,7.5498,0
920.2,0.02014,3.42925,7.5498,0
920.3,0.02014,3.42924,7.5498,0
920.4,0.02014,3.42923,7.54979,0
920.5,0.02014,3.42922,7.54979,0
920.6,0.02014,3.42921,7.54978,0
920.7,0.02014,3.4292,7.54978,0
920.8,0.02014,3.42919,7.54977,0
920.9,0.02014,3.42917,7.54977,0
921,0.02014,3.42916,7.54977,0
921.1,0.02014,3.42915,7.54976,0
921.2,0.02014,3.42914,7.54976,0
921.3,0.02014,3.42913,7.54975,0
921.4,0.02014,3.42912,7.54975,0
921.5,0.02014,3.42911,7.54974,0
921.6,0.02014,3.4291,7.54974,0
921.7,0.02014,3.42909,7.54974,0
921.8,0.02014,3.42907,7.54973,0
921.9,0.02014,3.42906,7.54973,0
922,0.02014,3.42905,7.54972,0
922.1,0.02014,3.42904,7.54972,0
922.2,0.02014,3.42903,7.54972,0
922.3,0.02014,3.42902,7.54971,0
922.4,0.02014,3.42901,7.54971,0
922.5,0.02014,3.429,7.5497,0
922.6,0.02014,3.42899,7.5497,0
922.7,0.02014,3.42898,7.54969,0
922.8,0.02014,3.42896,7.54969,0
922.9,0.02014,3.42895,7.54969,0
923,0.02014,3.42894,7.54968,0
923.1,0.02014,3.42893,7.54968,0
923.2,0.02014,3.42892,7.54967,0
923.3,0.02014,3.42891,7.54967,0
923.4,0.02014,3.4289,7.54967,0
923.5,0.02014,3.42889,7.54966,0
923.6,0.02014,3.42888,7.54966,0
923.7,0.02014,3.42886,7.54965,0
923.8,0.02014,3.42885,7.54965,0
923.9,0.02014,3.42884,7.54965,0
924,0.02014,3.42883,7.54964,0
924.1,0.02014,3.42882,7.54964,0
924.2,0.02014,3.42881,7.54963,0
924.3,0.02014,3.4288,7.54963,0
924.4,0.02014,3.42879,7.54962,0
924.5,0.02014,3.42877,7.54962,0
924.6,0.02014,3.42876,7.54962,0
924.7,0.02014,3.42875,7.54961,0
924.8,0.02014,3.42874,7.54961,0
924.9,0.02014,3.42873,7.5496,0
925,0.02014,3.42872,7.5496,0
925.1,0.02014,3.42871,7.5496,0
925.2,0.02014,3.42869,7.54959,0
925.3,0.02014,3.42868,7.54959,0
925.4,0.02014,3.42867,7.54958,0
925.5,0.02014,3.42866,7.54958,0
925.6,0.02014,3.42865,7.54957,0
925.7,0.02014,3.42864,7.54957,0
925.8,0.02014,3.42863,7.54957,0
925.9,0.02014,3.42862,7.54956,0
926,0.02014,3.4286,7.54956,0
926.1,0.02014,3.42859,7.54955,0
926.2,0.02014,3.42858,7.54955,0
926.3,0.02014,3.42857,7.54955,0
926.4,0.02014,3.42856,7.54954,0
926.5,0.02014,3.42855,7.54954,0
926.6,0.02014,3.42854,7.54953,0
926.7,0.02014,3.42852,7.54953,0
926.8,0.02014,3.42851,7.54952,0
926.9,0.02014,3.4285,7.54952,0
927,0.02014,3.42849,7.54952,0
927.1,0.02014,3.42848,7.54951,0
927.2,0.02014,3.42847,7.54951,0
927.3,0.02014,3.42846,7.5495,0
927.4,0.02014,3.42845,7.5495,0
927.5,0.02014,3.42843,7.54949,0
927.6,0.02014,3.42842,7.54949,0
927.7,0.02014,3.42841,7.54949,0
927.8,0.02014,3.4284,7.54948,0
927.9,0.02014,3.42839,7.54948,0
928,0.02014,3.42838,7.54947,0
928.1,0.02014,3.42837,7.54947,0
928.2,0.02014,3.42835,7.54946,0
928.3,0.02014,3.42834,7.54946,0
928.4,0.02014,3.42833,7.54946,0
928.5,0.02014,3.42832,7.54945,0
928.6,0.02014,3.42831,7.54945,0
928.7,0.02014,3.4283,7.54944,0
928.8,0.02014,3.42828,7.54944,0
928.9,0.02014,3.42827,7.54943,0
929,0.02014,3.42826,7.54943,0
929.1,0.02014,3.42825,7.54943,0
929.2,0.02014,3.42824,7.54942,0
929.3,0.02014,3.42822,7.54942,0
929.4,0.02014,3.42821,7.54941,0
929.5,0.02014,3.4282,7.54941,0
929.6,0.02014,3.42819,7.5494,0
929.7,0.02014,3.42818,7.5494,0
929.8,0.02014,3.42817,7.5494,0
929.9,0.02014,3.42815,7.54939,0
930,0.02014,3.42814,7.54939,0
930.1,0.02014,3.42813,7.54938,0
930.2,0.02014,3.42812,7.54938,0
930.3,0.02014,3.42811,7.54937,0
930.4,0.02014,3.42809,7.54937,0
930.5,0.02014,3.42808,7.54936,0
930.6,0.02014,3.42807,7.54936,0
930.7,0.02014,3.42806,7.54936,0
930.8,0.02014,3.42804,7.54935,0
930.9,0.02014,3.42803,7.54935,0
931,0.02014,3.42802,7.54934,0
931.1,0.02014,3.42801,7.54934,0
931.2,0.02014,3.428,7.54933,0
931.3,0.02014,3.42798,7.54933,0
931.4,0.02014,3.42797,7.54932,0
931.5,0.02014,3.42796,7.54932,0
931.6,0.02014,3.42795,7.54932,0
931.7,0.02014,3.42794,7.54931,0
931.8,0.02014,3.42792,7.54931,0
931.9,0.02014,3.42791,7.5493,0
932,0.02014,3.4279,7.5493,0
932.1,0.02014,3.42789,7.54929,0
932.2,0.02014,3.42787,7.54929,0
932.3,0.02014,3.42786,7.54928,0
932.4,0.02014,3.42785,7.54928,0
932.5,0.02014,3.42784,7.54928,0
932.6,0.02014,3.42782,7.54927,0
932.7,0.02014,3.42781,7.54927,0
932.8,0.02014,3.4278,7.54926,0
932.9,0.02014,3.42779,7.54926,0
933,0.02014,3.42777,7.54925,0
933.1,0.02014,3.42776,7.54925,0
933.2,0.02014,3.42775,7.54925,0
933.3,0.02014,3.42774,7.54924,0
933.4,0.02014,3.42772,7.54924,0
933.5,0.02014,3.42771,7.54923,0
933.6,0.02014,3.4277,7.54923,0
933.7,0.02014,3.42769,7.54922,0
933.8,0.02014,3.42767,7.54922,0
933.9,0.02014,3.42766,7.54921,0
934,0.02014,3.42765,7.54921,0
934.1,0.02014,3.42764,7.54921,0
934.2,0.02014,3.42762,7.5492,0
934.3,0.02014,3.42761,7.5492,0
934.4,0.02014,3.4276,7.54919,0
934.5,0.02014,3.42758,7.54919,0
934.6,0.02014,3.42757,7.54918,0
934.7,0.02014,3.42756,7.54918,0
934.8,0.02014,3.42754,7.54918,0
934.9,0.02014,3.42753,7.54917,0
935,0.02014,3.42752,7.54917,0
935.1,0.02014,3.42751,7.54916,0
935.2,0.02014,3.42749,7.54916,0
935.3,0.02014,3.42748,7.54915,0
935.4,0.02014,3.42747,7.54915,0
935.5,0.02014,3.42745,7.54915,0
935.6,0.02014,3.42744,7.54914,0
935.7,0.02014,3.42743,7.54914,0
935.8,0.02014,3.42741,7.54913,0
935.9,0.02014,3.4274,7.54913,0
936,0.02014,3.42739,7.54912,0
936.1,0.02014,3.42737,7.54912,0
936.2,0.02014,3.42736,7.54912,0
936.3,0.02014,3.42735,7.54911,0
936.4,0.02014,3.42733,7.54911,0
936.5,0.02014,3.42732,7.5491,0
936.6,0.02014,3.4273,7.5491,0
936.7,0.02014,3.42729,7.54909,0
936.8,0.02014,3.42728,7.54909,0
936.9,0.02014,3.42726,7.54909,0
937,0.02014,3.42725,7.54908,0
937.1,0.02014,3.42724,7.54908,0
937.2,0.02014,3.42722,7.54907,0
937.3,0.02014,3.42721,7.54907,0
937.4,0.02014,3.42719,7.54906,0
937.5,0.02014,3.42718,7.54906,0
937.6,0.02014,3.42717,7.54906,0
937.7,0.02014,3.42715,7.54905,0
937.8,0.02014,3.42714,7.54905,0
937.9,0.02014,3.42713,7.54904,0
938,0.02014,3.42711,7.54904,0
938.1,0.02014,3.4271,7.54903,0
938.2,0.02014,3.42709,7.54903,0
938.3,0.02014,3.42707,7.54903,0
938.4,0.02014,3.42706,7.54902,0
938.5,0.02014,3.42704,7.54902,0
938.6,0.02014,3.42703,7.54901,0
938.7,0.02014,3.42702,7.54901,0
938.8,0.02014,3.427,7.549,0
938.9,0.02014,3.42699,7.549,0
939,0.02014,3.42698,7.549,0
939.1,0.02014,3.42696,7.54899,0
939.2,0.02014,3.42695,7.54899,0
939.3,0.02014,3.42694,7.54898,0
939.4,0.02014,3.42693,7.54898,0
939.5,0.02014,3.42691,7.54898,0
939.6,0.02014,3.4269,7.54897,0
939.7,0.02014,3.42689,7.54897,0
939.8,0.02014,3.42687,7.54896,0
939.9,0.02014,3.42686,7.54896,0
940,0.02014,3.42685,7.54895,0
940.1,0.02014,3.42684,7.54895,0
940.2,0.02014,3.42682,7.54894,0
940.3,0.02014,3.42681,7.54894,0
940.4,0.02014,3.4268,7.54894,0
940.5,0.02014,3.42679,7.54893,0
940.6,0.02014,3.42678,7.54893,0
940.7,0.02014,3.42676,7.54892,0
940.8,0.02014,3.42675,7.54892,0
940.9,0.02014,3.42674,7.54891,0
941,0.02014,3.42673,7.54891,0
941.1,0.02014,3.42672,7.54891,0
941.2,0.02014,3.4267,7.5489,0
941.3,0.02014,3.42669,7.5489,0
941.4,0.02014,3.42668,7.54889,0
941.5,0.02014,3.42667,7.54889,0
941.6,0.02014,3.42666,7.54888,0
941.7,0.02014,3.42665,7.54888,0
941.8,0.02014,3.42663,7.54887,0
941.9,0.02014,3.42662,7.54887,0
942,0.02014,3.42661,7.54887,0
942.1,0.02014,3.4266,7.54886,0
942.2,0.02014,3.42659,7.54886,0
942.3,0.02014,3.42658,7.54885,0
942.4,0.02014,3.42656,7.54885,0
942.5,0.02014,3.42655,7.54884,0
942.6,0.02014,3.42654,7.54884,0
942.7,0.02014,3.42653,7.54883,0
942.8,0.02014,3.42652,7.54883,0
942.9,0.02014,3.42651,7.54883,0
943,0.02014,3.4265,7.54882,0
943.1,0.02014,3.42648,7.54882,0
943.2,0.02014,3.42647,7.54881,0
943.3,0.02014,3.42646,7.54881,0
943.4,0.02014,3.42645,7.5488,0
943.5,0.02014,3.42644,7.5488,0
943.6,0.02014,3.42643,7.54879,0
943.7,0.02014,3.42642,7.54879,0
943.8,0.02014,3.42641,7.54878,0
943.9,0.02014,3.4264,7.54878,0
944,0.02014,3.42639,7.54877,0
944.1,0.02014,3.42637,7.54877,0
944.2,0.02014,3.42636,7.54877,0
944.3,0.02014,3.42635,7.54876,0
944.4,0.02014,3.42634,7.54876,0
944.5,0.02014,3.42633,7.54875,0
944.6,0.02014,3.42632,7.54875,0
944.7,0.02014,3.42631,7.54874,0
944.8,0.02014,3.4263,7.54874,0
944.9,0.02014,3.42629,7.54873,0
945,0.02014,3.42627,7.54873,0
945.1,0.02014,3.42626,7.54872,0
945.2,0.02014,3.42625,7.54872,0
945.3,0.02014,3.42624,7.54871,0
945.4,0.02014,3.42623,7.54871,0
945.5,0.02014,3.42622,7.5487,0
945.6,0.02014,3.42621,7.5487,0
945.7,0.02014,3.4262,7.54869,0
945.8,0.02014,3.42618,7.54869,0
945.9,0.02014,3.42617,7.54868,0
946,0.02014,3.42616,7.54868,0
946.1,0.02014,3.42615,7.54867,0
946.2,0.02014,3.42614,7.54867,0
946.3,0.02014,3.42613,7.54866,0
946.4,0.02014,3.42612,7.54866,0
946.5,0.02014,3.42611,7.54865,0
946.6,0.02014,3.4261,7.54865,0
946.7,0.02014,3.42608,7.54864,0
946.8,0.02014,3.42607,7.54864,0
946.9,0.02014,3.42606,7.54863,0
947,0.02014,3.42605,7.54863,0
947.1,0.02014,3.42604,7.54862,0
947.2,0.02014,3.42603,7.54862,0
947.3,0.02014,3.42602,7.54861,0
947.4,0.02014,3.42601,7.54861,0
947.5,0.02014,3.426,7.5486,0
947.6,0.02014,3.42599,7.5486,0
947.7,0.02014,3.42597,7.54859,0
947.8,0.02014,3.42596,7.54859,0
947.9,0.02014,3.42595,7.54858,0
948,0.02014,3.42594,7.54858,0
948.1,0.02014,3.42593,7.54857,0
948.2,0.02014,3.42592,7.54857,0
948.3,0.02014,3.42591,7.54856,0
948.4,0.02014,3.4259,7.54855,0
948.5,0.02014,3.42589,7.54855,0
948.6,0.02014,3.42588,7.54854,0
948.7,0.02014,3.42587,7.54854,0
948.8,0.02014,3.42585,7.54853,0
948.9,0.02014,3.42584,7.54853,0
949,0.02014,3.42583,7.54852,0
949.1,0.02014,3.42582,7.54852,0
949.2,0.02014,3.42581,7.54851,0
949.3,0.02014,3.4258,7.54851,0
949.4,0.02014,3.42579,7.5485,0
949.5,0.02014,3.42578,7.5485,0
949.6,0.02014,3.42577,7.54849,0
949.7,0.02014,3.42576,7.54848,0
949.8,0.02014,3.42575,7.54848,0
949.9,0.02014,3.42574,7.54847,0
950,0.02014,3.42573,7.54847,0
950.1,0.02014,3.42572,7.54846,0
950.2,0.02014,3.42571,7.54846,0
950.3,0.02014,3.4257,7.54845,0
950.4,0.02014,3.42569,7.54844,0
950.5,0.02014,3.42568,7.54844,0
950.6,0.02014,3.42567,7.54843,0
950.7,0.02014,3.42566,7.54843,0
950.8,0.02014,3.42565,7.54842,0
950.9,0.02014,3.42565,7.54841,0
951,0.02014,3.42564,7.54841,0
951.1,0.02014,3.42563,7.5484,0
951.2,0.02014,3.42562,7.5484,0
951.3,0.02014,3.42561,7.54839,0
951.4,0.02014,3.4256,7.54838,0
951.5,0.02014,3.42559,7.54838,0
951.6,0.02014,3.42559,7.54837,0
951.7,0.02014,3.42558,7.54836,0
951.8,0.02014,3.42557,7.54836,0
951.9,0.02014,3.42556,7.54835,0
952,0.02014,3.42555,7.54835,0
952.1,0.02014,3.42555,7.54834,0
952.2,0.02014,3.42554,7.54833,0
952.3,0.02014,3.42553,7.54833,0
952.4,0.02014,3.42552,7.54832,0
952.5,0.02014,3.42552,7.54831,0
952.6,0.02014,3.42551,7.54831,0
952.7,0.02014,3.4255,7.5483,0
952.8,0.02014,3.4255,7.54829,0
952.9,0.02014,3.42549,7.54829,0
953,0.02014,3.42548,7.54828,0
953.1,0.02014,3.42547,7.54827,0
953.2,0.02014,3.42547,7.54827,0
953.3,0.02014,3.42546,7.54826,0
953.4,0.02014,3.42545,7.54825,0
953.5,0.02014,3.42545,7.54825,0
953.6,0.02014,3.42544,7.54824,0
953.7,0.02014,3.42543,7.54823,0
953.8,0.02014,3.42543,7.54822,0
953.9,0.02014,3.42542,7.54822,0
954,0.02014,3.42541,7.54821,0
954.1,0.02014,3.42541,7.5482,0
954.2,0.02014,3.4254,7.5482,0
954.3,0.02014,3.4254,7.54819,0
954.4,0.02014,3.42539,7.54818,0
954.5,0.02014,3.42539,7.54817,0
954.6,0.02014,3.42538,7.54817,0
954.7,0.02014,3.42537,7.54816,0
954.8,0.02014,3.42537,7.54815,0
954.9,0.02014,3.42536,7.54814,0
955,0.02014,3.42536,7.54814,0
955.1,0.02014,3.42535,7.54813,0
955.2,0.02014,3.42535,7.54812,0
955.3,0.02014,3.42534,7.54811,0
955.4,0.02014,3.42534,7.54811,0
955.5,0.02014,3.42533,7.5481,0
955.6,0.02014,3.42533,7.54809,0
955.7,0.02014,3.42532,7.54808,0
955.8,0.02014,3.42532,7.54807,0
955.9,0.02014,3.42531,7.54807,0
956,0.02014,3.42531,7.54806,0
956.1,0.02014,3.4253,7.54805,0
956.2,0.02014,3.4253,7.54804,0
956.3,0.02014,3.42529,7.54803,0
956.4,0.02014,3.42529,7.54803,0
956.5,0.02014,3.42529,7.54802,0
956.6,0.02014,3.42528,7.54801,0
956.7,0.02014,3.42528,7.548,0
956.8,0.02014,3.42527,7.54799,0
956.9,0.02014,3.42527,7.54798,0
957,0.02014,3.42526,7.54798,0
957.1,0.02014,3.42526,7.54797,0
957.2,0.02014,3.42525,7.54796,0
957.3,0.02014,3.42525,7.54795,0
957.4,0.02014,3.42524,7.54794,0
957.5,0.02014,3.42524,7.54793,0
957.6,0.02014,3.42524,7.54792,0
957.7,0.02014,3.42523,7.54792,0
957.8,0.02014,3.42523,7.54791,0
957.9,0.02014,3.42522,7.5479,0
958,0.02014,3.42522,7.54789,0
958.1,0.02014,3.42521,7.54788,0
958.2,0.02014,3.42521,7.54787,0
958.3,0.02014,3.4252,7.54786,0
958.4,0.02014,3.4252,7.54785,0
958.5,0.02014,3.4252,7.54785,0
958.6,0.02014,3.42519,7.54784,0
958.7,0.02014,3.42519,7.54783,0
958.8,0.02014,3.42518,7.54782,0
958.9,0.02014,3.42518,7.54781,0
959,0.02014,3.42517,7.5478,0
959.1,0.02014,3.42517,7.54779,0
959.2,0.02014,3.42516,7.54778,0
959.3,0.02014,3.42515,7.54778,0
959.4,0.02014,3.42515,7.54777,0
959.5,0.02014,3.42514,7.54776,0
959.6,0.02014,3.42514,7.54775,0
959.7,0.02014,3.42513,7.54774,0
959.8,0.02014,3.42512,7.54773,0
959.9,0.02014,3.42512,7.54772,0
960,0.02014,3.42511,7.54771,0
960.1,0.02014,3.42511,7.54775,0
960.2,0.02014,3.4251,7.54774,0
960.3,0.02014,3.4251,7.54773,0
960.4,0.02014,3.42509,7.54772,0
960.5,0.02014,3.42508,7.54772,0
960.6,0.02014,3.42508,7.54771,0
960.7,0.02014,3.42507,7.5477,0
960.8,0.02014,3.42506,7.54769,0
960.9,0.02014,3.42505,7.54768,0
961,0.02014,3.42504,7.54767,0
961.1,0.02014,3.42503,7.54767,0
961.2,0.02014,3.42503,7.54766,0
961.3,0.02014,3.42502,7.54765,0
961.4,0.02014,3.42501,7.54764,0
961.5,0.02014,3.425,7.54764,0
961.6,0.02014,3.42499,7.54763,0
961.7,0.02014,3.42498,7.54762,0
961.8,0.02014,3.42497,7.54762,0
961.9,0.02014,3.42496,7.54761,0
962,0.02014,3.42495,7.5476,0
962.1,0.02014,3.42494,7.5476,0
962.2,0.02014,3.42493,7.54759,0
962.3,0.02014,3.42492,7.54758,0
962.4,0.02014,3.42491,7.54758,0
962.5,0.02014,3.42489,7.54757,0
962.6,0.02014,3.42488,7.54757,0
962.7,0.02014,3.42487,7.54756,0
962.8,0.02014,3.42486,7.54755,0
962.9,0.02014,3.42485,7.54755,0
963,0.02014,3.42484,7.54754,0
963.1,0.02014,3.42483,7.54754,0
963.2,0.02014,3.42481,7.54753,0
963.3,0.02014,3.4248,7.54753,0
963.4,0.02014,3.42479,7.54752,0
963.5,0.02014,3.42478,7.54751,0
963.6,0.02014,3.42476,7.54751,0
963.7,0.02014,3.42475,7.5475,0
963.8,0.02014,3.42474,7.5475,0
963.9,0.02014,3.42473,7.54749,0
964,0.02014,3.42471,7.54749,0
964.1,0.02014,3.4247,7.54748,0
964.2,0.02014,3.42469,7.54748,0
964.3,0.02014,3.42468,7.54747,0
964.4,0.02014,3.42466,7.54747,0
964.5,0.02014,3.42465,7.54746,0
964.6,0.02014,3.42464,7.54746,0
964.7,0.02014,3.42462,7.54745,0
964.8,0.02014,3.42461,7.54745,0
964.9,0.02014,3.4246,7.54745,0
965,0.02014,3.42458,7.54744,0
965.1,0.02014,3.42457,7.54744,0
965.2,0.02014,3.42456,7.54743,0
965.3,0.02014,3.42455,7.54743,0
965.4,0.02014,3.42453,7.54742,0
965.5,0.02014,3.42452,7.54742,0
965.6,0.02014,3.42451,7.54741,0
965.7,0.02014,3.42449,7.54741,0
965.8,0.02014,3.42448,7.54741,0
965.9,0.02014,3.42447,7.5474,0
966,0.02014,3.42445,7.5474,0
966.1,0.02014,3.42444,7.54739,0
966.2,0.02014,3.42443,7.54739,0
966.3,0.02014,3.42441,7.54738,0
966.4,0.02014,3.4244,7.54738,0
966.5,0.02014,3.42439,7.54738,0
966.6,0.02014,3.42437,7.54737,0
966.7,0.02014,3.42436,7.54737,0
966.8,0.02014,3.42435,7.54736,0
966.9,0.02014,3.42433,7.54736,0
967,0.02014,3.42432,7.54736,0
967.1,0.02014,3.42431,7.54735,0
967.2,0.02014,3.4243,7.54735,0
967.3,0.02014,3.42428,7.54735,0
967.4,0.02014,3.42427,7.54734,0
967.5,0.02014,3.42426,7.54734,0
967.6,0.02014,3.42425,7.54733,0
967.7,0.02014,3.42424,7.54733,0
967.8,0.02014,3.42422,7.54733,0
967.9,0.02014,3.42421,7.54732,0
968,0.02014,3.4242,7.54732,0
968.1,0.02014,3.42419,7.54731,0
968.2,0.02014,3.42418,7.54731,0
968.3,0.02014,3.42416,7.54731,0
968.4,0.02014,3.42415,7.5473,0
968.5,0.02014,3.42414,7.5473,0
968.6,0.02014,3.42413,7.5473,0
968.7,0.02014,3.42412,7.54729,0
968.8,0.02014,3.42411,7.54729,0
968.9,0.02014,3.4241,7.54728,0
969,0.02014,3.42408,7.54728,0
969.1,0.02014,3.42407,7.54727,0
969.2,0.02014,3.42406,7.54727,0
969.3,0.02014,3.42405,7.54727,0
969.4,0.02014,3.42404,7.54726,0
969.5,0.02014,3.42403,7.54726,0
969.6,0.02014,3.42402,7.54725,0
969.7,0.02014,3.42401,7.54725,0
969.8,0.02014,3.424,7.54725,0
969.9,0.02014,3.42399,7.54724,0
970,0.02014,3.42398,7.54724,0
970.1,0.02014,3.42397,7.54723,0
970.2,0.02014,3.42396,7.54723,0
970.3,0.02014,3.42394,7.54722,0
970.4,0.02014,3.42393,7.54722,0
970.5,0.02014,3.42392,7.54721,0
970.6,0.02014,3.42391,7.54721,0
970.7,0.02014,3.4239,7.54721,0
970.8,0.02014,3.42389,7.5472,0
970.9,0.02014,3.42388,7.5472,0
971,0.02014,3.42387,7.54719,0
971.1,0.02014,3.42386,7.54719,0
971.2,0.02014,3.42385,7.54718,0
971.3,0.02014,3.42383,7.54718,0
971.4,0.02014,3.42382,7.54718,0
971.5,0.02014,3.42381,7.54717,0
971.6,0.02014,3.4238,7.54717,0
971.7,0.02014,3.42379,7.54716,0
971.8,0.02014,3.42378,7.54716,0
971.9,0.02014,3.42377,7.54715,0
972,0.02014,3.42376,7.54715,0
972.1,0.02014,3.42375,7.54715,0
972.2,0.02014,3.42373,7.54714,0
972.3,0.02014,3.42372,7.54714,0
972.4,0.02014,3.42371,7.54713,0
972.5,0.02014,3.4237,7.54713,0
972.6,0.02014,3.42369,7.54713,0
972.7,0.02014,3.42367,7.54712,0
972.8,0.02014,3.42366,7.54712,0
972.9,0.02014,3.42365,7.54711,0
973,0.02014,3.42364,7.54711,0
973.1,0.02014,3.42363,7.54711,0
973.2,0.02014,3.42362,7.5471,0
973.3,0.02014,3.42361,7.5471,0
973.4,0.02014,3.42359,7.5471,0
973.5,0.02014,3.42358,7.54709,0
973.6,0.02014,3.42357,7.54709,0
973.7,0.02014,3.42356,7.54709,0
973.8,0.02014,3.42355,7.54708,0
973.9,0.02014,3.42354,7.54708,0
974,0.02014,3.42353,7.54707,0
974.1,0.02014,3.42352,7.54707,0
974.2,0.02014,3.42351,7.54707,0
974.3,0.02014,3.42349,7.54706,0
974.4,0.02014,3.42348,7.54706,0
974.5,0.02014,3.42347,7.54706,0
974.6,0.02014,3.42346,7.54705,0
974.7,0.02014,3.42345,7.54705,0
974.8,0.02014,3.42344,7.54705,0
974.9,0.02014,3.42343,7.54704,0
975,0.02014,3.42342,7.54704,0
975.1,0.02014,3.4234,7.54704,0
975.2,0.02014,3.42339,7.54703,0
975.3,0.02014,3.42338,7.54703,0
975.4,0.02014,3.42337,7.54703,0
975.5,0.02014,3.42336,7.54702,0
975.6,0.02014,3.42335,7.54702,0
975.7,0.02014,3.42334,7.54702,0
975.8,0.02014,3.42333,7.54701,0
975.9,0.02014,3.42332,7.54701,0
976,0.02014,3.42331,7.54701,0
976.1,0.02014,3.4233,7.547,0
976.2,0.02014,3.42329,7.547,0
976.3,0.02014,3.42328,7.547,0
976.4,0.02014,3.42327,7.54699,0
976.5,0.02014,3.42326,7.54699,0
976.6,0.02014,3.42325,7.54699,0
976.7,0.02014,3.42324,7.54698,0
976.8,0.02014,3.42323,7.54698,0
976.9,0.02014,3.42322,7.54698,0
977,0.02014,3.42321,7.54697,0
977.1,0.02014,3.4232,7.54697,0
977.2,0.02014,3.42319,7.54697,0
977.3,0.02014,3.42318,7.54696,0
977.4,0.02014,3.42317,7.54696,0
977.5,0.02014,3.42316,7.54696,0
977.6,0.02014,3.42315,7.54695,0
977.7,0.02014,3.42314,7.54695,0
977.8,0.02014,3.42313,7.54695,0
977.9,0.02014,3.42312,7.54694,0
978,0.02014,3.42312,7.54694,0
978.1,0.02014,3.42311,7.54693,0
978.2,0.02014,3.4231,7.54693,0
978.3,0.02014,3.42309,7.54693,0
978.4,0.02014,3.42308,7.54692,0
978.5,0.02014,3.42307,7.54692,0
978.6,0.02014,3.42307,7.54691,0
978.7,0.02014,3.42306,7.54691,0
978.8,0.02014,3.42305,7.54691,0
978.9,0.02014,3.42304,7.5469,0
979,0.02014,3.42303,7.5469,0
979.1,0.02014,3.42303,7.54689,0
979.2,0.02014,3.42302,7.54689,0
979.3,0.02014,3.42301,7.54688,0
979.4,0.02014,3.423,7.54688,0
979.5,0.02014,3.423,7.54687,0
979.6,0.02014,3.42299,7.54687,0
979.7,0.02014,3.42298,7.54687,0
979.8,0.02014,3.42297,7.54686,0
979.9,0.02014,3.42297,7.54686,0
980,0.02014,3.42296,7.54685,0
980.1,0.02014,3.42295,7.54685,0
980.2,0.02014,3.42294,7.54684,0
980.3,0.02014,3.42294,7.54684,0
980.4,0.02014,3.42293,7.54683,0
980.5,0.02014,3.42292,7.54683,0
980.6,0.02014,3.42291,7.54682,0
980.7,0.02014,3.42291,7.54682,0
980.8,0.02014,3.4229,7.54682,0
980.9,0.02014,3.42289,7.54681,0
981,0.02014,3.42289,7.54681,0
981.1,0.02014,3.42288,7.5468,0
981.2,0.02014,3.42287,7.5468,0
981.3,0.02014,3.42286,7.54679,0
981.4,0.02014,3.42286,7.54679,0
981.5,0.02014,3.42285,7.54678,0
981.6,0.02014,3.42284,7.54678,0
981.7,0.02014,3.42284,7.54677,0
981.8,0.02014,3.42283,7.54677,0
981.9,0.02014,3.42282,7.54676,0
982,0.02014,3.42282,7.54676,0
982.1,0.02014,3.42281,7.54675,0
982.2,0.02014,3.42281,7.54675,0
982.3,0.02014,3.4228,7.54674,0
982.4,0.02014,3.42279,7.54674,0
982.5,0.02014,3.42279,7.54673,0
982.6,0.02014,3.42278,7.54673,0
982.7,0.02014,3.42277,7.54672,0
982.8,0.02014,3.42277,7.54671,0
982.9,0.02014,3.42276,7.54671,0
983,0.02014,3.42275,7.5467,0
983.1,0.02014,3.42274,7.5467,0
983.2,0.02014,3.42274,7.54669,0
983.3,0.02014,3.42273,7.54669,0
983.4,0.02014,3.42272,7.54668,0
983.5,0.02014,3.42271,7.54668,0
983.6,0.02014,3.42271,7.54667,0
983.7,0.02014,3.4227,7.54667,0
983.8,0.02014,3.42269,7.54666,0
983.9,0.02014,3.42268,7.54666,0
984,0.02014,3.42268,7.54665,0
984.1,0.02014,3.42267,7.54665,0
984.2,0.02014,3.42266,7.54664,0
984.3,0.02014,3.42266,7.54664,0
984.4,0.02014,3.42265,7.54663,0
984.5,0.02014,3.42264,7.54663,0
984.6,0.02014,3.42263,7.54662,0
984.7,0.02014,3.42263,7.54662,0
984.8,0.02014,3.42262,7.54661,0
984.9,0.02014,3.42261,7.54661,0
985,0.02014,3.4226,7.54661,0
985.1,0.02014,3.4226,7.5466,0
985.2,0.02014,3.42259,7.5466,0
985.3,0.02014,3.42258,7.54659,0
985.4,0.02014,3.42257,7.54659,0
985.5,0.02014,3.42257,7.54658,0
985.6,0.02014,3.42256,7.54658,0
985.7,0.02014,3.42255,7.54657,0
985.8,0.02014,3.42254,7.54657,0
985.9,0.02014,3.42254,7.54656,0
986,0.02014,3.42253,7.54656,0
986.1,0.02014,3.42252,7.54656,0
986.2,0.02014,3.42251,7.54655,0
986.3,0.02014,3.4225,7.54655,0
986.4,0.02014,3.4225,7.54654,0
986.5,0.02014,3.42249,7.54654,0
986.6,0.02014,3.42248,7.54653,0
986.7,0.02014,3.42247,7.54653,0
986.8,0.02014,3.42246,7.54653,0
986.9,0.02014,3.42246,7.54652,0
987,0.02014,3.42245,7.54652,0
987.1,0.02014,3.42244,7.54652,0
987.2,0.02014,3.42243,7.54651,0
987.3,0.02014,3.42242,7.54651,0
987.4,0.02014,3.42242,7.5465,0
987.5,0.02014,3.42241,7.5465,0
987.6,0.02014,3.4224,7.5465,0
987.7,0.02014,3.42239,7.54649,0
987.8,0.02014,3.42238,7.54649,0
987.9,0.02014,3.42238,7.54649,0
988,0.02014,3.42237,7.54648,0
988.1,0.02014,3.42236,7.54648,0
988.2,0.02014,3.42235,7.54647,0
988.3,0.02014,3.42234,7.54647,0
988.4,0.02014,3.42234,7.54647,0
988.5,0.02014,3.42233,7.54646,0
988.6,0.02014,3.42232,7.54646,0
988.7,0.02014,3.42231,7.54646,0
988.8,0.02014,3.42231,7.54645,0
988.9,0.02014,3.4223,7.54645,0
989,0.02014,3.42229,7.54645,0
989.1,0.02014,3.42228,7.54644,0
989.2,0.02014,3.42227,7.54644,0
989.3,0.02014,3.42227,7.54644,0
989.4,0.02014,3.42226,7.54643,0
989.5,0.02014,3.42225,7.54643,0
989.6,0.02014,3.42224,7.54643,0
989.7,0.02014,3.42224,7.54642,0
989.8,0.02014,3.42223,7.54642,0
989.9,0.02014,3.42222,7.54641,0
990,0.02014,3.42221,7.54641,0
990.1,0.02014,3.42221,7.54641,0
990.2,0.02014,3.4222,7.5464,0
990.3,0.02014,3.42219,7.5464,0
990.4,0.02014,3.42219,7.5464,0
990.5,0.02014,3.42218,7.54639,0
990.6,0.02014,3.42217,7.54639,0
990.7,0.02014,3.42216,7.54639,0
990.8,0.02014,3.42216,7.54638,0
990.9,0.02014,3.42215,7.54638,0
991,0.02014,3.42214,7.54638,0
991.1,0.02014,3.42214,7.54637,0
991.2,0.02014,3.42213,7.54637,0
991.3,0.02014,3.42212,7.54636,0
991.4,0.02014,3.42211,7.54636,0
991.5,0.02014,3.42211,7.54636,0
991.6,0.02014,3.4221,7.54635,0
991.7,0.02014,3.42209,7.54635,0
991.8,0.02014,3.42209,7.54635,0
991.9,0.02014,3.42208,7.54634,0
992,0.02014,3.42207,7.54634,0
992.1,0.02014,3.42206,7.54634,0
992.2,0.02014,3.42206,7.54633,0
992.3,0.02014,3.42205,7.54633,0
992.4,0.02014,3.42204,7.54633,0
992.5,0.02014,3.42204,7.54632,0
992.6,0.02014,3.42203,7.54632,0
992.7,0.02014,3.42202,7.54632,0
992.8,0.02014,3.42201,7.54631,0
992.9,0.02014,3.42201,7.54631,0
993,0.02014,3.422,7.54631,0
993.1,0.02014,3.42199,7.5463,0
993.2,0.02014,3.42199,7.5463,0
993.3,0.02014,3.42198,7.5463,0
993.4,0.02014,3.42197,7.54629,0
993.5,0.02014,3.42197,7.54629,0
993.6,0.02014,3.42196,7.54629,0
993.7,0.02014,3.42195,7.54628,0
993.8,0.02014,3.42195,7.54628,0
993.9,0.02014,3.42194,7.54628,0
994,0.02014,3.42193,7.54627,0
994.1,0.02014,3.42193,7.54627,0
994.2,0.02014,3.42192,7.54627,0
994.3,0.02014,3.42192,7.54626,0
994.4,0.02014,3.42191,7.54626,0
994.5,0.02014,3.4219,7.54625,0
994.6,0.02014,3.4219,7.54625,0
994.7,0.02014,3.42189,7.54625,0
994.8,0.02014,3.42189,7.54624,0
994.9,0.02014,3.42188,7.54624,0
995,0.02014,3.42188,7.54624,0
995.1,0.02014,3.42187,7.54623,0
995.2,0.02014,3.42186,7.54623,0
995.3,0.02014,3.42186,7.54622,0
995.4,0.02014,3.42185,7.54622,0
995.5,0.02014,3.42185,7.54622,0
995.6,0.02014,3.42184,7.54621,0
995.7,0.02014,3.42184,7.54621,0
995.8,0.02014,3.42183,7.5462,0
995.9,0.02014,3.42183,7.5462,0
996,0.02014,3.42182,7.5462,0
996.1,0.02014,3.42182,7.54619,0
996.2,0.02014,3.42182,7.54619,0
996.3,0.02014,3.42181,7.54618,0
996.4,0.02014,3.42181,7.54618,0
996.5,0.02014,3.4218,7.54618,0
996.6,0.02014,3.4218,7.54617,0
996.7,0.02014,3.42179,7.54617,0
996.8,0.02014,3.42179,7.54616,0
996.9,0.02014,3.42179,7.54616,0
997,0.02014,3.42178,7.54615,0
997.1,0.02014,3.42178,7.54615,0
997.2,0.02014,3.42177,7.54615,0
997.3,0.02014,3.42177,7.54614,0
997.4,0.02014,3.42177,7.54614,0
997.5,0.02014,3.42176,7.54613,0
997.6,0.02014,3.42176,7.54613,0
997.7,0.02014,3.42175,7.54612,0
997.8,0.02014,3.42175,7.54612,0
997.9,0.02014,3.42175,7.54611,0
998,0.02014,3.42174,7.54611,0
998.1,0.02014,3.42174,7.5461,0
998.2,0.02014,3.42174,7.5461,0
998.3,0.02014,3.42173,7.54609,0
998.4,0.02014,3.42173,7.54609,0
998.5,0.02014,3.42173,7.54608,0
998.6,0.02014,3.42172,7.54608,0
998.7,0.02014,3.42172,7.54607,0
998.8,0.02014,3.42172,7.54607,0
998.9,0.02014,3.42171,7.54606,0
999,0.02014,3.42171,7.54606,0
999.1,0.02014,3.42171,7.54605,0
999.2,0.02014,3.4217,7.54605,0
999.3,0.02014,3.4217,7.54604,0
999.4,0.02014,3.4217,7.54604,0
999.5,0.02014,3.42169,7.54603,0
999.6,0.02014,3.42169,7.54603,0
999.7,0.02014,3.42168,7.54602,0
999.8,0.02014,3.42168,7.54602,0
999.9,0.02014,3.42168,7.54601,0
1000,0.02014,3.42167,7.54601,0
1000.1,0.02014,3.42167,7.546,0
1000.2,0.02014,3.42167,7.546,0
1000.3,0.02014,3.42166,7.54599,0
1000.4,0.02014,3.42166,7.54599,0
1000.5,0.02013,3.42165,7.54599,0
1000.6,0.02013,3.42165,7.54598,0
1000.7,0.02013,3.42165,7.54598,0
1000.8,0.02013,3.42164,7.54597,0
1000.9,0.02013,3.42164,7.54597,0
1001,0.02013,3.42163,7.54596,0
1001.1,0.02013,3.42163,7.54596,0
1001.2,0.02013,3.42163,7.54595,0
1001.3,0.02013,3.42162,7.54595,0
1001.4,0.02013,3.42162,7.54594,0
1001.5,0.02013,3.42162,7.54594,0
1001.6,0.02013,3.42161,7.54594,0
1001.7,0.02013,3.42161,7.54593,0
1001.8,0.02013,3.4216,7.54593,0
1001.9,0.02013,3.4216,7.54592,0
1002,0.02013,3.42159,7.54592,0
1002.1,0.02013,3.42159,7.54591,0
1002.2,0.02013,3.42159,7.54591,0
1002.3,0.02013,3.42158,7.54591,0
1002.4,0.02013,3.42158,7.5459,0
1002.5,0.02013,3.42157,7.5459,0
1002.6,0.02013,3.42157,7.54589,0
1002.7,0.02013,3.42156,7.54589,0
1002.8,0.02013,3.42156,7.54589,0
1002.9,0.02013,3.42155,7.54588,0
1003,0.02013,3.42155,7.54588,0
1003.1,0.02013,3.42154,7.54588,0
1003.2,0.02013,3.42154,7.54587,0
1003.3,0.02013,3.42154,7.54587,0
1003.4,0.02013,3.42153,7.54587,0
1003.5,0.02013,3.42153,7.54586,0
1003.6,0.02013,3.42152,7.54586,0
1003.7,0.02013,3.42152,7.54586,0
1003.8,0.02013,3.42151,7.54585,0
1003.9,0.02013,3.42151,7.54585,0
1004,0.02013,3.4215,7.54585,0
1004.1,0.02013,3.4215,7.54584,0
1004.2,0.02013,3.42149,7.54584,0
1004.3,0.02013,3.42149,7.54584,0
1004.4,0.02013,3.42148,7.54583,0
1004.5,0.02013,3.42148,7.54583,0
1004.6,0.02013,3.42147,7.54583,0
1004.7,0.02013,3.42147,7.54583,0
1004.8,0.02013,3.42146,7.54582,0
1004.9,0.02013,3.42146,7.54582,0
1005,0.02013,3.42145,7.54582,0
1005.1,0.02013,3.42145,7.54582,0
1005.2,0.02013,3.42144,7.54581,0
1005.3,0.02013,3.42144,7.54581,0
1005.4,0.02013,3.42143,7.54581,0
1005.5,0.02013,3.42143,7.54581,0
1005.6,0.02013,3.42142,7.5458,0
1005.7,0.02013,3.42142,7.5458,0
1005.8,0.02013,3.42141,7.5458,0
1005.9,0.02013,3.42141,7.5458,0
1006,0.02013,3.4214,7.54579,0
1006.1,0.02013,3.4214,7.54579,0
1006.2,0.02013,3.42139,7.54579,0
1006.3,0.02013,3.42138,7.54579,0
1006.4,0.02013,3.42138,7.54578,0
1006.5,0.02013,3.42137,7.54578,0
1006.6,0.02013,3.42137,7.54578,0
1006.7,0.02013,3.42136,7.54578,0
1006.8,0.02013,3.42136,7.54577,0
1006.9,0.02013,3.42135,7.54577,0
1007,0.02013,3.42134,7.54577,0
1007.1,0.02013,3.42134,7.54577,0
1007.2,0.02013,3.42133,7.54577,0
1007.3,0.02013,3.42132,7.54576,0
1007.4,0.02013,3.42132,7.54576,0
1007.5,0.02013,3.42131,7.54576,0
1007.6,0.02013,3.4213,7.54576,0
1007.7,0.02013,3.4213,7.54575,0
1007.8,0.02013,3.42129,7.54575,0
1007.9,0.02013,3.42128,7.54575,0
1008,0.02013,3.42127,7.54575,0
1008.1,0.02013,3.42126,7.54575,0
1008.2,0.02013,3.42126,7.54574,0
1008.3,0.02013,3.42125,7.54574,0
1008.4,0.02013,3.42124,7.54574,0
1008.5,0.02013,3.42123,7.54574,0
1008.6,0.02013,3.42122,7.54574,0
1008.7,0.02013,3.42121,7.54573,0
1008.8,0.02013,3.42121,7.54573,0
1008.9,0.02013,3.4212,7.54573,0
1009,0.02013,3.42119,7.54573,0
1009.1,0.02013,3.42118,7.54573,0
1009.2,0.02013,3.42117,7.54572,0
1009.3,0.02013,3.42116,7.54572,0
1009.4,0.02013,3.42115,7.54572,0
1009.5,0.02013,3.42114,7.54572,0
1009.6,0.02013,3.42113,7.54572,0
1009.7,0.02013,3.42112,7.54571,0
1009.8,0.02013,3.42112,7.54571,0
1009.9,0.02013,3.42111,7.54571,0
1010,0.02013,3.4211,7.54571,0
1010.1,0.02013,3.42109,7.54571,0
1010.2,0.02013,3.42108,7.54571,0
1010.3,0.02013,3.42107,7.5457,0
1010.4,0.02013,3.42106,7.5457,0
1010.5,0.02013,3.42105,7.5457,0
1010.6,0.02013,3.42104,7.5457,0
1010.7,0.02013,3.42103,7.5457,0
1010.8,0.02013,3.42102,7.54569,0
1010.9,0.02013,3.42101,7.54569,0
1011,0.02013,3.421,7.54569,0
1011.1,0.02013,3.42099,7.54569,0
1011.2,0.02013,3.42099,7.54569,0
1011.3,0.02013,3.42098,7.54568,0
1011.4,0.02013,3.42097,7.54568,0
1011.5,0.02013,3.42096,7.54568,0
1011.6,0.02013,3.42095,7.54568,0
1011.7,0.02013,3.42094,7.54568,0
1011.8,0.02013,3.42093,7.54568,0
1011.9,0.02013,3.42092,7.54567,0
1012,0.02013,3.42091,7.54567,0
1012.1,0.02013,3.4209,7.54567,0
1012.2,0.02013,3.42089,7.54567,0
1012.3,0.02013,3.42088,7.54567,0
1012.4,0.02013,3.42087,7.54566,0
1012.5,0.02013,3.42086,7.54566,0
1012.6,0.02013,3.42085,7.54566,0
1012.7,0.02013,3.42084,7.54566,0
1012.8,0.02013,3.42083,7.54566,0
1012.9,0.02013,3.42082,7.54566,0
1013,0.02013,3.42081,7.54565,0
1013.1,0.02013,3.4208,7.54565,0
1013.2,0.02013,3.42079,7.54565,0
1013.3,0.02013,3.42078,7.54565,0
1013.4,0.02013,3.42078,7.54565,0
1013.5,0.02013,3.42077,7.54564,0
1013.6,0.02013,3.42076,7.54564,0
1013.7,0.02013,3.42075,7.54564,0
1013.8,0.02013,3.42074,7.54564,0
1013.9,0.02013,3.42073,7.54564,0
1014,0.02013,3.42072,7.54563,0
1014.1,0.02013,3.42071,7.54563,0
1014.2,0.02013,3.4207,7.54563,0
1014.3,0.02013,3.42069,7.54563,0
1014.4,0.02013,3.42068,7.54563,0
1014.5,0.02013,3.42067,7.54562,0
1014.6,0.02013,3.42066,7.54562,0
1014.7,0.02013,3.42065,7.54562,0
1014.8,0.02013,3.42064,7.54562,0
1014.9,0.02013,3.42063,7.54562,0
1015,0.02013,3.42062,7.54561,0
1015.1,0.02013,3.42061,7.54561,0
1015.2,0.02013,3.4206,7.54561,0
1015.3,0.02013,3.4206,7.54561,0
1015.4,0.02013,3.42059,7.54561,0
1015.5,0.02013,3.42058,7.5456,0
1015.6,0.02013,3.42057,7.5456,0
1015.7,0.02013,3.42056,7.5456,0
1015.8,0.02013,3.42055,7.5456,0
1015.9,0.02013,3.42054,7.5456,0
1016,0.02013,3.42053,7.54559,0
1016.1,0.02013,3.42052,7.54559,0
1016.2,0.02013,3.42051,7.54559,0
1016.3,0.02013,3.4205,7.54559,0
1016.4,0.02013,3.42049,7.54558,0
1016.5,0.02013,3.42048,7.54558,0
1016.6,0.02013,3.42047,7.54558,0
1016.7,0.02013,3.42046,7.54558,0
1016.8,0.02013,3.42045,7.54558,0
1016.9,0.02013,3.42044,7.54557,0
1017,0.02013,3.42043,7.54557,0
1017.1,0.02013,3.42042,7.54557,0
1017.2,0.02013,3.42041,7.54557,0
1017.3,0.02013,3.4204,7.54557,0
1017.4,0.02013,3.42039,7.54556,0
1017.5,0.02013,3.42038,7.54556,0
1017.6,0.02013,3.42037,7.54556,0
1017.7,0.02013,3.42036,7.54556,0
1017.8,0.02013,3.42035,7.54556,0
1017.9,0.02013,3.42034,7.54556,0
1018,0.02013,3.42033,7.54555,0
1018.1,0.02013,3.42032,7.54555,0
1018.2,0.02013,3.42031,7.54555,0
1018.3,0.02013,3.4203,7.54555,0
1018.4,0.02013,3.42029,7.54555,0
1018.5,0.02013,3.42028,7.54555,0
1018.6,0.02013,3.42027,7.54554,0
1018.7,0.02013,3.42026,7.54554,0
1018.8,0.02013,3.42025,7.54554,0
1018.9,0.02013,3.42024,7.54554,0
1019,0.02013,3.42023,7.54554,0
1019.1,0.02013,3.42022,7.54554,0
1019.2,0.02013,3.42021,7.54553,0
1019.3,0.02013,3.4202,7.54553,0
1019.4,0.02013,3.42019,7.54553,0
1019.5,0.02013,3.42018,7.54553,0
1019.6,0.02013,3.42017,7.54553,0
1019.7,0.02013,3.42016,7.54553,0
1019.8,0.02013,3.42015,7.54552,0
1019.9,0.02013,3.42014,7.54552,0
1020,0.02013,3.42013,7.54552,0
1020.1,0.02013,3.42012,7.54552,0
1020.2,0.02013,3.42011,7.54552,0
1020.3,0.02013,3.4201,7.54552,0
1020.4,0.02013,3.42008,7.54551,0
1020.5,0.02013,3.42007,7.54551,0
1020.6,0.02013,3.42006,7.54551,0
1020.7,0.02013,3.42005,7.54551,0
1020.8,0.02013,3.42004,7.54551,0
1020.9,0.02013,3.42003,7.54551,0
1021,0.02013,3.42002,7.54551,0
1021.1,0.02013,3.42001,7.54551,0
1021.2,0.02013,3.42,7.54551,0
1021.3,0.02013,3.41998,7.5455,0
1021.4,0.02013,3.41997,7.5455,0
1021.5,0.02013,3.41996,7.5455,0
1021.6,0.02013,3.41995,7.5455,0
1021.7,0.02013,3.41994,7.5455,0
1021.8,0.02013,3.41993,7.5455,0
1021.9,0.02013,3.41992,7.5455,0
1022,0.02013,3.41991,7.5455,0
1022.1,0.02013,3.4199,7.5455,0
1022.2,0.02013,3.41988,7.5455,0
1022.3,0.02013,3.41987,7.5455,0
1022.4,0.02013,3.41986,7.5455,0
1022.5,0.02013,3.41985,7.5455,0
1022.6,0.02013,3.41984,7.5455,0
1022.7,0.02013,3.41983,7.5455,0
1022.8,0.02013,3.41982,7.5455,0
1022.9,0.02013,3.4198,7.54549,0
1023,0.02013,3.41979,7.54549,0
1023.1,0.02013,3.41978,7.54549,0
1023.2,0.02013,3.41977,7.54549,0
1023.3,0.02013,3.41976,7.54549,0
1023.4,0.02013,3.41975,7.54549,0
1023.5,0.02013,3.41974,7.54549,0
1023.6,0.02013,3.41973,7.54549,0
1023.7,0.02013,3.41971,7.54549,0
1023.8,0.02013,3.4197,7.54549,0
1023.9,0.02013,3.41969,7.54549,0
1024,0.02013,3.41968,7.54549,0
1024.1,0.02013,3.41967,7.54549,0
1024.2,0.02013,3.41966,7.54549,0
1024.3,0.02013,3.41965,7.54549,0
1024.4,0.02013,3.41963,7.54549,0
1024.5,0.02013,3.41962,7.54549,0
1024.6,0.02013,3.41961,7.54549,0
1024.7,0.02013,3.4196,7.54549,0
1024.8,0.02013,3.41959,7.54548,0
1024.9,0.02013,3.41957,7.54548,0
1025,0.02013,3.41956,7.54548,0
1025.1,0.02013,3.41955,7.54548,0
1025.2,0.02013,3.41954,7.54548,0
1025.3,0.02013,3.41953,7.54548,0
1025.4,0.02013,3.41951,7.54548,0
1025.5,0.02013,3.4195,7.54548,0
1025.6,0.02013,3.41949,7.54548,0
1025.7,0.02013,3.41948,7.54548,0
1025.8,0.02013,3.41947,7.54548,0
1025.9,0.02013,3.41946,7.54548,0
1026,0.02013,3.41944,7.54548,0
1026.1,0.02013,3.41943,7.54548,0
1026.2,0.02013,3.41942,7.54548,0
1026.3,0.02013,3.41941,7.54548,0
1026.4,0.02013,3.4194,7.54548,0
1026.5,0.02013,3.41939,7.54548,0
1026.6,0.02013,3.41937,7.54548,0
1026.7,0.02013,3.41936,7.54548,0
1026.8,0.02013,3.41935,7.54548,0
1026.9,0.02013,3.41934,7.54548,0
1027,0.02013,3.41933,7.54548,0
1027.1,0.02013,3.41934,7.54548,0
1027.2,0.02013,3.41935,7.54548,0
1027.3,0.02013,3.41935,7.54548,0
1027.4,0.02013,3.41936,7.54548,0
1027.5,0.02013,3.41936,7.54548,0
1027.6,0.02013,3.41937,7.54548,0
1027.7,0.02013,3.41937,7.54548,0
1027.8,0.02013,3.41938,7.54548,0
1027.9,0.02013,3.41939,7.54548,0
1028,0.02013,3.41939,7.54549,0
1028.1,0.02013,3.4194,7.54548,0
1028.2,0.02013,3.4194,7.54548,0
1028.3,0.02013,3.4194,7.54547,0
1028.4,0.02013,3.4194,7.54547,0
1028.5,0.02013,3.41939,7.54546,0
1028.6,0.02013,3.41938,7.54545,0
1028.7,0.02013,3.41937,7.54544,0
1028.8,0.02013,3.41937,7.54543,0
1028.9,0.02013,3.41936,7.54542,0
1029,0.02013,3.41935,7.54541,0
1029.1,0.02013,3.41934,7.5454,0
1029.2,0.02013,3.41933,7.54539,0
1029.3,0.02013,3.41932,7.54538,0
1029.4,0.02013,3.41932,7.54538,0
1029.5,0.02013,3.41931,7.54538,0
1029.6,0.02013,3.4193,7.54538,0
1029.7,0.02013,3.41929,7.54538,0
1029.8,0.02013,3.41928,7.54538,0
1029.9,0.02013,3.41927,7.54538,0
1030,0.02013,3.41926,7.54538,0
1030.1,0.02013,3.41926,7.54537,0
1030.2,0.02013,3.41925,7.54537,0
1030.3,0.02013,3.41924,7.54537,0
1030.4,0.02013,3.41923,7.54537,0
1030.5,0.02013,3.41922,7.54537,0
1030.6,0.02013,3.41921,7.54537,0
1030.7,0.02013,3.41921,7.54537,0
1030.8,0.02013,3.4192,7.54536,0
1030.9,0.02013,3.41919,7.54536,0
1031,0.02013,3.41918,7.54536,0
1031.1,0.02013,3.41917,7.54536,0
1031.2,0.02013,3.41917,7.54536,0
1031.3,0.02013,3.41916,7.54536,0
1031.4,0.02013,3.41915,7.54536,0
1031.5,0.02013,3.41914,7.54535,0
1031.6,0.02013,3.41914,7.54535,0
1031.7,0.02013,3.41913,7.54535,0
1031.8,0.02013,3.41912,7.54535,0
1031.9,0.02013,3.41911,7.54535,0
1032,0.02013,3.4191,7.54535,0
1032.1,0.02013,3.4191,7.54534,0
1032.2,0.02013,3.41909,7.54534,0
1032.3,0.02013,3.41908,7.54534,0
1032.4,0.02013,3.41907,7.54534,0
1032.5,0.02013,3.41907,7.54534,0
1032.6,0.02013,3.41906,7.54533,0
1032.7,0.02013,3.41905,7.54533,0
1032.8,0.02013,3.41905,7.54533,0
1032.9,0.02013,3.41904,7.54533,0
1033,0.02013,3.41903,7.54532,0
1033.1,0.02013,3.41902,7.54532,0
1033.2,0.02013,3.41902,7.54532,0
1033.3,0.02013,3.41901,7.54532,0
1033.4,0.02013,3.419,7.54532,0
1033.5,0.02013,3.419,7.54531,0
1033.6,0.02013,3.41899,7.54531,0
1033.7,0.02013,3.41898,7.54531,0
1033.8,0.02013,3.41898,7.54531,0
1033.9,0.02013,3.41897,7.5453,0
1034,0.02013,3.41896,7.5453,0
1034.1,0.02013,3.41895,7.5453,0
1034.2,0.02013,3.41895,7.54529,0
1034.3,0.02013,3.41894,7.54529,0
1034.4,0.02013,3.41893,7.54529,0
1034.5,0.02013,3.41893,7.54529,0
1034.6,0.02013,3.41892,7.54528,0
1034.7,0.02013,3.41891,7.54528,0
1034.8,0.02013,3.4189,7.54528,0
1034.9,0.02013,3.4189,7.54527,0
1035,0.02013,3.41889,7.54527,0
1035.1,0.02013,3.41888,7.54527,0
1035.2,0.02013,3.41888,7.54527,0
1035.3,0.02013,3.41887,7.54526,0
1035.4,0.02013,3.41886,7.54526,0
1035.5,0.02013,3.41885,7.54526,0
1035.6,0.02013,3.41885,7.54525,0
1035.7,0.02013,3.41884,7.54525,0
1035.8,0.02013,3.41883,7.54525,0
1035.9,0.02013,3.41882,7.54524,0
1036,0.02013,3.41882,7.54524,0
1036.1,0.02013,3.41881,7.54524,0
1036.2,0.02013,3.4188,7.54524,0
1036.3,0.02013,3.41879,7.54523,0
1036.4,0.02013,3.41879,7.54523,0
1036.5,0.02013,3.41878,7.54523,0
1036.6,0.02013,3.41877,7.54523,0
1036.7,0.02013,3.41876,7.54522,0
1036.8,0.02013,3.41876,7.54522,0
1036.9,0.02013,3.41875,7.54522,0
1037,0.02013,3.41874,7.54522,0
1037.1,0.02013,3.41873,7.54521,0
1037.2,0.02013,3.41872,7.54521,0
1037.3,0.02013,3.41872,7.54521,0
1037.4,0.02013,3.41871,7.54521,0
1037.5,0.02013,3.4187,7.54521,0
1037.6,0.02013,3.41869,7.5452,0
1037.7,0.02013,3.41868,7.5452,0
1037.8,0.02013,3.41868,7.5452,0
1037.9,0.02013,3.41867,7.5452,0
1038,0.02013,3.41866,7.5452,0
1038.1,0.02013,3.41865,7.54519,0
1038.2,0.02013,3.41864,7.54519,0
1038.3,0.02013,3.41864,7.54519,0
1038.4,0.02013,3.41863,7.54519,0
1038.5,0.02013,3.41862,7.54519,0
1038.6,0.02013,3.41861,7.54518,0
1038.7,0.02013,3.41861,7.54518,0
1038.8,0.02013,3.4186,7.54518,0
1038.9,0.02013,3.41859,7.54518,0
1039,0.02013,3.41858,7.54518,0
1039.1,0.02013,3.41857,7.54518,0
1039.2,0.02013,3.41856,7.54517,0
1039.3,0.02013,3.41856,7.54517,0
1039.4,0.02013,3.41855,7.54517,0
1039.5,0.02013,3.41854,7.54517,0
1039.6,0.02013,3.41853,7.54517,0
1039.7,0.02013,3.41852,7.54517,0
1039.8,0.02013,3.41852,7.54516,0
1039.9,0.02013,3.41851,7.54516,0
1040,0.02013,3.4185,7.54516,0
1040.1,0.02013,3.41849,7.54516,0
1040.2,0.02013,3.41849,7.54516,0
1040.3,0.02013,3.41848,7.54516,0
1040.4,0.02013,3.41847,7.54516,0
1040.5,0.02013,3.41846,7.54515,0
1040.6,0.02013,3.41845,7.54515,0
1040.7,0.02013,3.41845,7.54515,0
1040.8,0.02013,3.41844,7.54515,0
1040.9,0.02013,3.41843,7.54515,0
1041,0.02013,3.41842,7.54515,0
1041.1,0.02013,3.41842,7.54515,0
1041.2,0.02013,3.41841,7.54514,0
1041.3,0.02013,3.4184,7.54514,0
1041.4,0.02013,3.41839,7.54514,0
1041.5,0.02013,3.41838,7.54514,0
1041.6,0.02013,3.41838,7.54514,0
1041.7,0.02013,3.41837,7.54514,0
1041.8,0.02013,3.41836,7.54514,0
1041.9,0.02013,3.41835,7.54513,0
1042,0.02013,3.41835,7.54513,0
1042.1,0.02013,3.41834,7.54513,0
1042.2,0.02013,3.41833,7.54513,0
1042.3,0.02013,3.41832,7.54513,0
1042.4,0.02013,3.41831,7.54513,0
1042.5,0.02013,3.41831,7.54513,0
1042.6,0.02013,3.4183,7.54512,0
1042.7,0.02013,3.41829,7.54512,0
1042.8,0.02013,3.41828,7.54512,0
1042.9,0.02013,3.41828,7.54512,0
1043,0.02013,3.41827,7.54512,0
1043.1,0.02013,3.41826,7.54512,0
1043.2,0.02013,3.41825,7.54512,0
1043.3,0.02013,3.41825,7.54512,0
1043.4,0.02013,3.41824,7.54511,0
1043.5,0.02013,3.41823,7.54511,0
1043.6,0.02013,3.41822,7.54511,0
1043.7,0.02013,3.41822,7.54511,0
1043.8,0.02013,3.41821,7.54511,0
1043.9,0.02013,3.4182,7.54511,0
1044,0.02013,3.41819,7.54511,0
1044.1,0.02013,3.41819,7.54511,0
1044.2,0.02013,3.41818,7.54511,0
1044.3,0.02013,3.41817,7.54511,0
1044.4,0.02013,3.41816,7.5451,0
1044.5,0.02013,3.41816,7.5451,0
1044.6,0.02013,3.41815,7.5451,0
1044.7,0.02013,3.41814,7.5451,0
1044.8,0.02013,3.41814,7.5451,0
1044.9,0.02013,3.41813,7.5451,0
1045,0.02013,3.41812,7.5451,0
1045.1,0.02013,3.41811,7.5451,0
1045.2,0.02013,3.41811,7.5451,0
1045.3,0.02013,3.4181,7.5451,0
1045.4,0.02013,3.41809,7.54509,0
1045.5,0.02013,3.41809,7.54509,0
1045.6,0.02013,3.41808,7.54509,0
1045.7,0.02013,3.41807,7.54509,0
1045.8,0.02013,3.41806,7.54509,0
1045.9,0.02013,3.41806,7.54509,0
1046,0.02013,3.41805,7.54509,0
1046.1,0.02013,3.41804,7.54509,0
1046.2,0.02013,3.41804,7.54509,0
1046.3,0.02013,3.41803,7.54509,0
1046.4,0.02013,3.41802,7.54509,0
1046.5,0.02013,3.41801,7.54509,0
1046.6,0.02013,3.41801,7.54508,0
1046.7,0.02013,3.418,7.54508,0
1046.8,0.02013,3.41799,7.54508,0
1046.9,0.02013,3.41799,7.54508,0
1047,0.02013,3.41798,7.54508,0
1047.1,0.02013,3.41797,7.54508,0
1047.2,0.02013,3.41797,7.54508,0
1047.3,0.02013,3.41796,7.54508,0
1047.4,0.02013,3.41795,7.54508,0
1047.5,0.02013,3.41795,7.54508,0
1047.6,0.02013,3.41794,7.54508,0
1047.7,0.02013,3.41793,7.54508,0
1047.8,0.02013,3.41793,7.54508,0
1047.9,0.02013,3.41792,7.54508,0
1048,0.02013,3.41791,7.54508,0
1048.1,0.02013,3.41791,7.54507,0
1048.2,0.02013,3.4179,7.54507,0
1048.3,0.02013,3.41789,7.54507,0
1048.4,0.02013,3.41789,7.54507,0
1048.5,0.02013,3.41788,7.54507,0
1048.6,0.02013,3.41787,7.54507,0
1048.7,0.02013,3.41787,7.54507,0
1048.8,0.02013,3.41786,7.54507,0
1048.9,0.02013,3.41785,7.54507,0
1049,0.02013,3.41785,7.54507,0
1049.1,0.02013,3.41784,7.54507,0
1049.2,0.02013,3.41783,7.54507,0
1049.3,0.02013,3.41783,7.54507,0
1049.4,0.02013,3.41782,7.54507,0
1049.5,0.02013,3.41781,7.54507,0
1049.6,0.02013,3.41781,7.54507,0
1049.7,0.02013,3.4178,7.54506,0
1049.8,0.02013,3.41779,7.54506,0
1049.9,0.02013,3.41779,7.54506,0
1050,0.02013,3.41778,7.54506,0
1050.1,0.02013,3.41777,7.54506,0
1050.2,0.02013,3.41776,7.54506,0
1050.3,0.02013,3.41776,7.54506,0
1050.4,0.02013,3.41775,7.54506,0
1050.5,0.02013,3.41774,7.54506,0
1050.6,0.02013,3.41774,7.54506,0
1050.7,0.02013,3.41773,7.54506,0
1050.8,0.02013,3.41772,7.54506,0
1050.9,0.02013,3.41772,7.54506,0
1051,0.02013,3.41771,7.54506,0
1051.1,0.02013,3.4177,7.54506,0
1051.2,0.02013,3.4177,7.54505,0
1051.3,0.02013,3.41769,7.54505,0
1051.4,0.02013,3.41769,7.54505,0
1051.5,0.02013,3.41768,7.54505,0
1051.6,0.02013,3.41767,7.54505,0
1051.7,0.02013,3.41767,7.54505,0
1051.8,0.02013,3.41766,7.54505,0
1051.9,0.02013,3.41765,7.54505,0
1052,0.02013,3.41765,7.54505,0
1052.1,0.02013,3.41764,7.54505,0
1052.2,0.02013,3.41763,7.54505,0
1052.3,0.02013,3.41763,7.54505,0
1052.4,0.02013,3.41762,7.54505,0
1052.5,0.02013,3.41761,7.54505,0
1052.6,0.02013,3.41761,7.54505,0
1052.7,0.02013,3.4176,7.54505,0
1052.8,0.02013,3.4176,7.54504,0
1052.9,0.02013,3.41759,7.54504,0
1053,0.02013,3.41758,7.54504,0
1053.1,0.02013,3.41758,7.54504,0
1053.2,0.02013,3.41757,7.54504,0
1053.3,0.02013,3.41756,7.54504,0
1053.4,0.02013,3.41756,7.54504,0
1053.5,0.02013,3.41755,7.54504,0
1053.6,0.02013,3.41755,7.54504,0
1053.7,0.02013,3.41754,7.54504,0
1053.8,0.02013,3.41753,7.54504,0
1053.9,0.02013,3.41753,7.54504,0
1054,0.02013,3.41752,7.54504,0
1054.1,0.02013,3.41752,7.54503,0
1054.2,0.02013,3.41751,7.54503,0
1054.3,0.02013,3.4175,7.54503,0
1054.4,0.02013,3.4175,7.54503,0
1054.5,0.02013,3.41749,7.54503,0
1054.6,0.02013,3.41749,7.54503,0
1054.7,0.02013,3.41748,7.54503,0
1054.8,0.02013,3.41747,7.54503,0
1054.9,0.02013,3.41747,7.54503,0
1055,0.02013,3.41746,7.54503,0
1055.1,0.02013,3.41746,7.54502,0
1055.2,0.02013,3.41745,7.54502,0
1055.3,0.02013,3.41744,7.54502,0
1055.4,0.02013,3.41744,7.54502,0
1055.5,0.02013,3.41743,7.54502,0
1055.6,0.02013,3.41743,7.54502,0
1055.7,0.02013,3.41742,7.54502,0
1055.8,0.02013,3.41741,7.54502,0
1055.9,0.02013,3.41741,7.54502,0
1056,0.02013,3.4174,7.54502,0
1056.1,0.02013,3.4174,7.54502,0
1056.2,0.02013,3.41739,7.54501,0
1056.3,0.02013,3.41739,7.54501,0
1056.4,0.02013,3.41738,7.54501,0
1056.5,0.02013,3.41737,7.54501,0
1056.6,0.02013,3.41737,7.54501,0
1056.7,0.02013,3.41736,7.54501,0
1056.8,0.02013,3.41736,7.54501,0
1056.9,0.02013,3.41735,7.54501,0
1057,0.02013,3.41735,7.54501,0
1057.1,0.02013,3.41734,7.54501,0
1057.2,0.02013,3.41733,7.54501,0
1057.3,0.02013,3.41733,7.54501,0
1057.4,0.02013,3.41732,7.54501,0
1057.5,0.02013,3.41732,7.54501,0
1057.6,0.02013,3.41731,7.545,0
1057.7,0.02013,3.41731,7.545,0
1057.8,0.02013,3.4173,7.545,0
1057.9,0.02013,3.4173,7.545,0
1058,0.02013,3.41729,7.545,0
1058.1,0.02013,3.41728,7.545,0
1058.2,0.02013,3.41728,7.545,0
1058.3,0.02013,3.41727,7.545,0
1058.4,0.02013,3.41727,7.545,0
1058.5,0.02013,3.41726,7.545,0
1058.6,0.02013,3.41726,7.545,0
1058.7,0.02013,3.41725,7.545,0
1058.8,0.02013,3.41725,7.545,0
1058.9,0.02013,3.41724,7.545,0
1059,0.02013,3.41724,7.54499,0
1059.1,0.02013,3.41723,7.54499,0
1059.2,0.02013,3.41722,7.54499,0
1059.3,0.02013,3.41722,7.54499,0
1059.4,0.02013,3.41721,7.54499,0
1059.5,0.02013,3.41721,7.54499,0
1059.6,0.02013,3.4172,7.54499,0
1059.7,0.02013,3.4172,7.54499,0
1059.8,0.02013,3.41719,7.54499,0
1059.9,0.02013,3.41719,7.54499,0
1060,0.02013,3.41718,7.54499,0
1060.1,0.02013,3.41718,7.54498,0
1060.2,0.02013,3.41717,7.54498,0
1060.3,0.02013,3.41717,7.54498,0
1060.4,0.02013,3.41716,7.54498,0
1060.5,0.02013,3.41715,7.54498,0
1060.6,0.02013,3.41715,7.54498,0
1060.7,0.02013,3.41714,7.54498,0
1060.8,0.02013,3.41714,7.54498,0
1060.9,0.02013,3.41713,7.54497,0
1061,0.02013,3.41713,7.54497,0
1061.1,0.02013,3.41712,7.54497,0
1061.2,0.02013,3.41712,7.54497,0
1061.3,0.02013,3.41711,7.54497,0
1061.4,0.02013,3.41711,7.54497,0
1061.5,0.02013,3.4171,7.54497,0
1061.6,0.02013,3.4171,7.54496,0
1061.7,0.02013,3.41709,7.54496,0
1061.8,0.02013,3.41709,7.54496,0
1061.9,0.02013,3.41708,7.54496,0
1062,0.02013,3.41708,7.54496,0
1062.1,0.02013,3.41707,7.54496,0
1062.2,0.02013,3.41707,7.54496,0
1062.3,0.02013,3.41706,7.54495,0
1062.4,0.02013,3.41706,7.54495,0
1062.5,0.02013,3.41705,7.54495,0
1062.6,0.02013,3.41705,7.54495,0
1062.7,0.02013,3.41704,7.54495,0
1062.8,0.02013,3.41704,7.54495,0
1062.9,0.02013,3.41703,7.54495,0
1063,0.02013,3.41703,7.54494,0
1063.1,0.02013,3.41702,7.54494,0
1063.2,0.02013,3.41702,7.54494,0
1063.3,0.02013,3.41701,7.54494,0
1063.4,0.02013,3.417,7.54494,0
1063.5,0.02013,3.417,7.54494,0
1063.6,0.02013,3.41699,7.54494,0
1063.7,0.02013,3.41699,7.54494,0
1063.8,0.02013,3.41698,7.54493,0
1063.9,0.02013,3.41698,7.54493,0
1064,0.02013,3.41697,7.54493,0
1064.1,0.02013,3.41697,7.54493,0
1064.2,0.02013,3.41696,7.54493,0
1064.3,0.02013,3.41696,7.54493,0
1064.4,0.02013,3.41695,7.54493,0
1064.5,0.02013,3.41695,7.54493,0
1064.6,0.02013,3.41694,7.54492,0
1064.7,0.02013,3.41694,7.54492,0
1064.8,0.02013,3.41694,7.54492,0
1064.9,0.02013,3.41693,7.54492,0
1065,0.02013,3.41693,7.54492,0
1065.1,0.02013,3.41692,7.54492,0
1065.2,0.02013,3.41692,7.54492,0
1065.3,0.02013,3.41691,7.54491,0
1065.4,0.02013,3.41691,7.54491,0
1065.5,0.02013,3.4169,7.54491,0
1065.6,0.02013,3.4169,7.54491,0
1065.7,0.02013,3.41689,7.54491,0
1065.8,0.02013,3.41689,7.54491,0
1065.9,0.02013,3.41689,7.5449,0
1066,0.02013,3.41688,7.5449,0
1066.1,0.02013,3.41688,7.5449,0
1066.2,0.02013,3.41687,7.5449,0
1066.3,0.02013,3.41687,7.5449,0
1066.4,0.02013,3.41687,7.54489,0
1066.5,0.02013,3.41686,7.54489,0
1066.6,0.02013,3.41686,7.54489,0
1066.7,0.02013,3.41685,7.54489,0
1066.8,0.02013,3.41685,7.54489,0
1066.9,0.02013,3.41685,7.54488,0
1067,0.02013,3.41684,7.54488,0
1067.1,0.02013,3.41684,7.54488,0
1067.2,0.02013,3.41684,7.54488,0
1067.3,0.02013,3.41683,7.54487,0
1067.4,0.02013,3.41683,7.54487,0
1067.5,0.02013,3.41682,7.54487,0
1067.6,0.02013,3.41682,7.54486,0
1067.7,0.02013,3.41682,7.54486,0
1067.8,0.02013,3.41681,7.54486,0
1067.9,0.02013,3.41681,7.54485,0
1068,0.02013,3.41681,7.54485,0
1068.1,0.02013,3.4168,7.54485,0
1068.2,0.02013,3.4168,7.54485,0
1068.3,0.02013,3.41679,7.54484,0
1068.4,0.02013,3.41679,7.54484,0
1068.5,0.02013,3.41679,7.54484,0
1068.6,0.02013,3.41678,7.54483,0
1068.7,0.02013,3.41678,7.54483,0
1068.8,0.02013,3.41677,7.54483,0
1068.9,0.02013,3.41677,7.54482,0
1069,0.02013,3.41676,7.54482,0
1069.1,0.02013,3.41676,7.54482,0
1069.2,0.02013,3.41676,7.54481,0
1069.3,0.02013,3.41675,7.54481,0
1069.4,0.02013,3.41675,7.54481,0
1069.5,0.02013,3.41674,7.54481,0
1069.6,0.02013,3.41674,7.5448,0
1069.7,0.02013,3.41673,7.5448,0
1069.8,0.02013,3.41673,7.5448,0
1069.9,0.02013,3.41673,7.5448,0
1070,0.02013,3.41672,7.54479,0
1070.1,0.02013,3.41672,7.54479,0
1070.2,0.02013,3.41671,7.54479,0
1070.3,0.02013,3.41671,7.54479,0
1070.4,0.02013,3.4167,7.54478,0
1070.5,0.02013,3.4167,7.54478,0
1070.6,0.02013,3.41669,7.54478,0
1070.7,0.02013,3.41669,7.54478,0
1070.8,0.02013,3.41669,7.54478,0
1070.9,0.02013,3.41668,7.54477,0
1071,0.02013,3.41668,7.54477,0
1071.1,0.02013,3.41667,7.54477,0
1071.2,0.02013,3.41667,7.54477,0
1071.3,0.02013,3.41666,7.54477,0
1071.4,0.02013,3.41666,7.54476,0
1071.5,0.02013,3.41665,7.54476,0
1071.6,0.02013,3.41665,7.54476,0
1071.7,0.02013,3.41665,7.54476,0
1071.8,0.02013,3.41664,7.54476,0
1071.9,0.02013,3.41664,7.54476,0
1072,0.02013,3.41663,7.54475,0
1072.1,0.02013,3.41663,7.54475,0
1072.2,0.02013,3.41662,7.54475,0
1072.3,0.02013,3.41662,7.54475,0
1072.4,0.02013,3.41661,7.54475,0
1072.5,0.02013,3.41661,7.54475,0
1072.6,0.02013,3.41661,7.54474,0
1072.7,0.02013,3.4166,7.54474,0
1072.8,0.02013,3.4166,7.54474,0
1072.9,0.02013,3.41659,7.54474,0
1073,0.02013,3.41659,7.54474,0
1073.1,0.02013,3.41658,7.54474,0
1073.2,0.02013,3.41658,7.54474,0
1073.3,0.02013,3.41657,7.54474,0
1073.4,0.02013,3.41657,7.54473,0
1073.5,0.02013,3.41656,7.54473,0
1073.6,0.02013,3.41656,7.54473,0
1073.7,0.02013,3.41656,7.54473,0
1073.8,0.02013,3.41655,7.54473,0
1073.9,0.02013,3.41655,7.54473,0
1074,0.02013,3.41654,7.54473,0
1074.1,0.02013,3.41654,7.54473,0
1074.2,0.02013,3.41653,7.54473,0
1074.3,0.02013,3.41653,7.54472,0
1074.4,0.02013,3.41652,7.54472,0
1074.5,0.02013,3.41652,7.54472,0
1074.6,0.02013,3.41651,7.54472,0
1074.7,0.02013,3.41651,7.54472,0
1074.8,0.02013,3.41651,7.54472,0
1074.9,0.02013,3.4165,7.54472,0
1075,0.02013,3.4165,7.54472,0
1075.1,0.02013,3.41649,7.54472,0
1075.2,0.02013,3.41649,7.54471,0
1075.3,0.02013,3.41648,7.54471,0
1075.4,0.02013,3.41648,7.54471,0
1075.5,0.02013,3.41647,7.54471,0
1075.6,0.02013,3.41647,7.54471,0
1075.7,0.02013,3.41647,7.54471,0
1075.8,0.02013,3.41646,7.54471,0
1075.9,0.02013,3.41646,7.54471,0
1076,0.02013,3.41645,7.54471,0
1076.1,0.02013,3.41645,7.54471,0
1076.2,0.02013,3.41644,7.5447,0
1076.3,0.02013,3.41644,7.5447,0
1076.4,0.02013,3.41643,7.5447,0
1076.5,0.02013,3.41643,7.5447,0
1076.6,0.02013,3.41642,7.5447,0
1076.7,0.02013,3.41642,7.5447,0
1076.8,0.02013,3.41641,7.5447,0
1076.9,0.02013,3.41641,7.5447,0
1077,0.02013,3.41641,7.5447,0
1077.1,0.02013,3.4164,7.5447,0
1077.2,0.02013,3.4164,7.54469,0
1077.3,0.02013,3.41639,7.54469,0
1077.4,0.02013,3.41639,7.54469,0
1077.5,0.02013,3.41638,7.54469,0
1077.6,0.02013,3.41638,7.54469,0
1077.7,0.02013,3.41637,7.54469,0
1077.8,0.02013,3.41637,7.54469,0
1077.9,0.02013,3.41636,7.54469,0
1078,0.02013,3.41636,7.54469,0
1078.1,0.02013,3.41635,7.54469,0
1078.2,0.02013,3.41635,7.54469,0
1078.3,0.02013,3.41635,7.54469,0
1078.4,0.02013,3.41634,7.54469,0
1078.5,0.02013,3.41634,7.54469,0
1078.6,0.02013,3.41633,7.54468,0
1078.7,0.02013,3.41633,7.54468,0
1078.8,0.02013,3.41632,7.54468,0
1078.9,0.02013,3.41632,7.54468,0
1079,0.02013,3.41631,7.54468,0
1079.1,0.02013,3.41631,7.54468,0
1079.2,0.02013,3.4163,7.54468,0
1079.3,0.02013,3.4163,7.54468,0
1079.4,0.02013,3.41629,7.54468,0
1079.5,0.02013,3.41629,7.54468,0
1079.6,0.02013,3.41629,7.54468,0
1079.7,0.02013,3.41628,7.54468,0
1079.8,0.02013,3.41628,7.54468,0
1079.9,0.02013,3.41627,7.54468,0
1080,0.02013,3.41627,7.54468,0
1080.1,0.02013,3.41626,7.54468,0
1080.2,0.02013,3.41626,7.54468,0
1080.3,0.02013,3.41625,7.54468,0
1080.4,0.02013,3.41625,7.54467,0
1080.5,0.02013,3.41624,7.54467,0
1080.6,0.02013,3.41624,7.54467,0
1080.7,0.02013,3.41624,7.54467,0
1080.8,0.02013,3.41623,7.54467,0
1080.9,0.02013,3.41623,7.54467,0
1081,0.02013,3.41622,7.54467,0
1081.1,0.02013,3.41622,7.54467,0
1081.2,0.02013,3.41621,7.54467,0
1081.3,0.02013,3.41621,7.54467,0
1081.4,0.02013,3.4162,7.54467,0
1081.5,0.02013,3.4162,7.54467,0
1081.6,0.02013,3.41619,7.54467,0
1081.7,0.02013,3.41619,7.54467,0
1081.8,0.02013,3.41619,7.54467,0
1081.9,0.02013,3.41618,7.54467,0
1082,0.02013,3.41618,7.54467,0
1082.1,0.02013,3.41617,7.54467,0
1082.2,0.02013,3.41617,7.54467,0
1082.3,0.02013,3.41616,7.54467,0
1082.4,0.02013,3.41616,7.54467,0
1082.5,0.02013,3.41615,7.54467,0
1082.6,0.02013,3.41615,7.54467,0
1082.7,0.02013,3.41615,7.54467,0
1082.8,0.02013,3.41614,7.54467,0
1082.9,0.02013,3.41614,7.54467,0
1083,0.02013,3.41613,7.54467,0
1083.1,0.02013,3.41613,7.54467,0
1083.2,0.02013,3.41612,7.54467,0
1083.3,0.02013,3.41612,7.54467,0
1083.4,0.02013,3.41611,7.54467,0
1083.5,0.02013,3.41611,7.54467,0
1083.6,0.02013,3.41611,7.54467,0
1083.7,0.02013,3.4161,7.54467,0
1083.8,0.02013,3.4161,7.54467,0
1083.9,0.02013,3.41609,7.54467,0
1084,0.02013,3.41609,7.54467,0
1084.1,0.02013,3.41608,7.54467,0
1084.2,0.02013,3.41608,7.54467,0
1084.3,0.02013,3.41608,7.54467,0
1084.4,0.02013,3.41607,7.54467,0
1084.5,0.02013,3.41607,7.54467,0
1084.6,0.02013,3.41606,7.54467,0
1084.7,0.02013,3.41606,7.54467,0
1084.8,0.02013,3.41606,7.54467,0
1084.9,0.02013,3.41605,7.54467,0
1085,0.02013,3.41605,7.54467,0
1085.1,0.02013,3.41604,7.54467,0
1085.2,0.02013,3.41604,7.54467,0
1085.3,0.02013,3.41603,7.54467,0
1085.4,0.02013,3.41603,7.54467,0
1085.5,0.02013,3.41603,7.54467,0
1085.6,0.02013,3.41602,7.54467,0
1085.7,0.02013,3.41602,7.54467,0
1085.8,0.02013,3.41601,7.54467,0
1085.9,0.02013,3.41601,7.54467,0
1086,0.02013,3.416,7.54467,0
1086.1,0.02013,3.416,7.54467,0
1086.2,0.02013,3.416,7.54467,0
1086.3,0.02013,3.41599,7.54467,0
1086.4,0.02013,3.41599,7.54467,0
1086.5,0.02013,3.41598,7.54467,0
1086.6,0.02013,3.41598,7.54467,0
1086.7,0.02013,3.41598,7.54467,0
1086.8,0.02013,3.41597,7.54467,0
1086.9,0.02013,3.41597,7.54467,0
1087,0.02013,3.41596,7.54467,0
1087.1,0.02013,3.41596,7.54467,0
1087.2,0.02013,3.41595,7.54467,0
1087.3,0.02013,3.41595,7.54467,0
1087.4,0.02013,3.41595,7.54467,0
1087.5,0.02013,3.41594,7.54467,0
1087.6,0.02013,3.41594,7.54467,0
1087.7,0.02013,3.41593,7.54467,0
1087.8,0.02013,3.41593,7.54467,0
1087.9,0.02013,3.41592,7.54467,0
1088,0.02013,3.41592,7.54467,0
1088.1,0.02013,3.41592,7.54467,0
1088.2,0.02013,3.41591,7.54468,0
1088.3,0.02013,3.41591,7.54468,0
1088.4,0.02013,3.4159,7.54468,0
1088.5,0.02013,3.4159,7.54468,0
1088.6,0.02013,3.41589,7.54468,0
1088.7,0.02013,3.41589,7.54468,0
1088.8,0.02013,3.41589,7.54468,0
1088.9,0.02013,3.41588,7.54468,0
1089,0.02013,3.41588,7.54468,0
1089.1,0.02013,3.41587,7.54468,0
1089.2,0.02013,3.41587,7.54468,0
1089.3,0.02013,3.41586,7.54468,0
1089.4,0.02013,3.41586,7.54468,0
1089.5,0.02013,3.41586,7.54468,0
1089.6,0.02013,3.41585,7.54468,0
1089.7,0.02013,3.41585,7.54468,0
1089.8,0.02013,3.41584,7.54468,0
1089.9,0.02013,3.41584,7.54468,0
1090,0.02013,3.41583,7.54468,0
1090.1,0.02013,3.41583,7.54468,0
1090.2,0.02013,3.41583,7.54468,0
1090.3,0.02013,3.41582,7.54468,0
1090.4,0.02013,3.41582,7.54468,0
1090.5,0.02013,3.41581,7.54468,0
1090.6,0.02013,3.41581,7.54469,0
1090.7,0.02013,3.4158,7.54469,0
1090.8,0.02013,3.4158,7.54469,0
1090.9,0.02013,3.41579,7.54469,0
1091,0.02013,3.41579,7.54469,0
1091.1,0.02013,3.41579,7.54469,0
1091.2,0.02013,3.41578,7.54469,0
1091.3,0.02013,3.41578,7.54469,0
1091.4,0.02013,3.41577,7.54469,0
1091.5,0.02013,3.41577,7.54469,0
1091.6,0.02013,3.41576,7.54469,0
1091.7,0.02013,3.41576,7.54469,0
1091.8,0.02013,3.41576,7.54469,0
1091.9,0.02013,3.41575,7.54469,0
1092,0.02013,3.41575,7.54469,0
1092.1,0.02013,3.41574,7.54469,0
1092.2,0.02013,3.41574,7.54469,0
1092.3,0.02013,3.41573,7.54469,0
1092.4,0.02013,3.41573,7.54469,0
1092.5,0.02013,3.41572,7.54469,0
1092.6,0.02013,3.41572,7.54469,0
1092.7,0.02013,3.41572,7.5447,0
1092.8,0.02013,3.41571,7.5447,0
1092.9,0.02013,3.41571,7.5447,0
1093,0.02013,3.4157,7.5447,0
1093.1,0.02013,3.4157,7.5447,0
1093.2,0.02013,3.41569,7.5447,0
1093.3,0.02013,3.41569,7.5447,0
1093.4,0.02013,3.41568,7.5447,0
1093.5,0.02013,3.41568,7.5447,0
1093.6,0.02013,3.41568,7.5447,0
1093.7,0.02013,3.41567,7.5447,0
1093.8,0.02013,3.41567,7.5447,0
1093.9,0.02013,3.41566,7.5447,0
1094,0.02013,3.41566,7.5447,0
1094.1,0.02013,3.41565,7.5447,0
1094.2,0.02013,3.41565,7.5447,0
1094.3,0.02013,3.41564,7.5447,0
1094.4,0.02013,3.41564,7.54471,0
1094.5,0.02013,3.41564,7.54471,0
1094.6,0.02013,3.41563,7.54471,0
1094.7,0.02013,3.41563,7.54471,0
1094.8,0.02013,3.41562,7.54471,0
1094.9,0.02013,3.41562,7.54471,0
1095,0.02013,3.41561,7.54471,0
1095.1,0.02013,3.41561,7.54471,0
1095.2,0.02013,3.4156,7.54471,0
1095.3,0.02013,3.4156,7.54471,0
1095.4,0.02013,3.41559,7.54471,0
1095.5,0.02013,3.41559,7.54471,0
1095.6,0.02013,3.41559,7.54471,0
1095.7,0.02013,3.41558,7.54471,0
1095.8,0.02013,3.41558,7.54472,0
1095.9,0.02013,3.41557,7.54472,0
1096,0.02013,3.41557,7.54472,0
1096.1,0.02013,3.41556,7.54472,0
1096.2,0.02013,3.41556,7.54472,0
1096.3,0.02013,3.41555,7.54472,0
1096.4,0.02013,3.41555,7.54472,0
1096.5,0.02013,3.41554,7.54472,0
1096.6,0.02013,3.41554,7.54472,0
1096.7,0.02013,3.41554,7.54472,0
1096.8,0.02013,3.41553,7.54472,0
1096.9,0.02013,3.41553,7.54472,0
1097,0.02013,3.41552,7.54473,0
1097.1,0.02013,3.41552,7.54473,0
1097.2,0.02013,3.41551,7.54473,0
1097.3,0.02013,3.41551,7.54473,0
1097.4,0.02013,3.4155,7.54473,0
1097.5,0.02013,3.4155,7.54473,0
1097.6,0.02013,3.4155,7.54473,0
1097.7,0.02013,3.41549,7.54473,0
1097.8,0.02013,3.41549,7.54473,0
1097.9,0.02013,3.41548,7.54473,0
1098,0.02013,3.41548,7.54473,0
1098.1,0.02013,3.41547,7.54473,0
1098.2,0.02013,3.41547,7.54474,0
1098.3,0.02013,3.41546,7.54474,0
1098.4,0.02013,3.41546,7.54474,0
1098.5,0.02013,3.41546,7.54474,0
1098.6,0.02013,3.41545,7.54474,0
1098.7,0.02013,3.41545,7.54474,0
1098.8,0.02013,3.41544,7.54474,0
1098.9,0.02013,3.41544,7.54474,0
1099,0.02013,3.41543,7.54474,0
1099.1,0.02013,3.41543,7.54474,0
1099.2,0.02013,3.41542,7.54474,0
1099.3,0.02013,3.41542,7.54474,0
1099.4,0.02013,3.41542,7.54475,0
1099.5,0.02013,3.41541,7.54475,0
1099.6,0.02013,3.41541,7.54475,0
1099.7,0.02013,3.4154,7.54475,0
1099.8,0.02013,3.4154,7.54475,0
1099.9,0.02013,3.41539,7.54475,0
1100,0.02013,3.41539,7.54475,0
1100.1,0.02013,3.41538,7.54475,0
1100.2,0.02013,3.41538,7.54475,0
1100.3,0.02013,3.41537,7.54475,0
1100.4,0.02013,3.41537,7.54476,0
1100.5,0.02013,3.41537,7.54476,0
1100.6,0.02013,3.41536,7.54476,0
1100.7,0.02013,3.41536,7.54476,0
1100.8,0.02013,3.41535,7.54476,0
1100.9,0.02013,3.41535,7.54476,0
1101,0.02013,3.41534,7.54476,0
1101.1,0.02013,3.41534,7.54476,0
1101.2,0.02013,3.41533,7.54476,0
1101.3,0.02013,3.41533,7.54477,0
1101.4,0.02013,3.41532,7.54477,0
1101.5,0.02013,3.41532,7.54477,0
1101.6,0.02013,3.41532,7.54477,0
1101.7,0.02013,3.41531,7.54477,0
1101.8,0.02013,3.41531,7.54477,0
1101.9,0.02013,3.4153,7.54477,0
1102,0.02013,3.4153,7.54477,0
1102.1,0.02013,3.41529,7.54477,0
1102.2,0.02013,3.41529,7.54478,0
1102.3,0.02013,3.41528,7.54478,0
1102.4,0.02013,3.41528,7.54478,0
1102.5,0.02013,3.41528,7.54478,0
1102.6,0.02013,3.41527,7.54478,0
1102.7,0.02013,3.41527,7.54478,0
1102.8,0.02013,3.41526,7.54478,0
1102.9,0.02013,3.41526,7.54478,0
1103,0.02013,3.41525,7.54479,0
1103.1,0.02013,3.41525,7.54479,0
1103.2,0.02013,3.41524,7.54479,0
1103.3,0.02013,3.41524,7.54479,0
1103.4,0.02013,3.41524,7.54479,0
1103.5,0.02013,3.41523,7.54479,0
1103.6,0.02013,3.41523,7.54479,0
1103.7,0.02013,3.41522,7.54479,0
1103.8,0.02013,3.41522,7.5448,0
1103.9,0.02013,3.41521,7.5448,0
1104,0.02013,3.41521,7.5448,0
1104.1,0.02013,3.41521,7.5448,0
1104.2,0.02013,3.4152,7.5448,0
1104.3,0.02013,3.4152,7.5448,0
1104.4,0.02013,3.41519,7.5448,0
1104.5,0.02013,3.41519,7.54481,0
1104.6,0.02013,3.41518,7.54481,0
1104.7,0.02013,3.41518,7.54481,0
1104.8,0.02013,3.41518,7.54481,0
1104.9,0.02013,3.41517,7.54481,0
1105,0.02013,3.41517,7.54481,0
1105.1,0.02013,3.41516,7.54481,0
1105.2,0.02013,3.41516,7.54482,0
1105.3,0.02013,3.41516,7.54482,0
1105.4,0.02013,3.41515,7.54482,0
1105.5,0.02013,3.41515,7.54482,0
1105.6,0.02013,3.41514,7.54482,0
1105.7,0.02013,3.41514,7.54482,0
1105.8,0.02013,3.41513,7.54482,0
1105.9,0.02013,3.41513,7.54483,0
1106,0.02013,3.41512,7.54483,0
1106.1,0.02013,3.41512,7.54483,0
1106.2,0.02013,3.41511,7.54483,0
1106.3,0.02013,3.41511,7.54483,0
1106.4,0.02013,3.4151,7.54483,0
1106.5,0.02013,3.4151,7.54483,0
1106.6,0.02013,3.4151,7.54484,0
1106.7,0.02013,3.41509,7.54484,0
1106.8,0.02013,3.41509,7.54484,0
1106.9,0.02013,3.41508,7.54484,0
1107,0.02013,3.41508,7.54484,0
1107.1,0.02013,3.41507,7.54484,0
1107.2,0.02013,3.41507,7.54484,0
1107.3,0.02013,3.41507,7.54485,0
1107.4,0.02013,3.41506,7.54485,0
1107.5,0.02013,3.41506,7.54485,0
1107.6,0.02013,3.41505,7.54485,0
1107.7,0.02013,3.41505,7.54485,0
1107.8,0.02013,3.41505,7.54485,0
1107.9,0.02013,3.41504,7.54485,0
1108,0.02013,3.41504,7.54486,0
1108.1,0.02013,3.41503,7.54486,0
1108.2,0.02013,3.41503,7.54486,0
1108.3,0.02013,3.41502,7.54486,0
1108.4,0.02013,3.41502,7.54486,0
1108.5,0.02013,3.41502,7.54486,0
1108.6,0.02013,3.41501,7.54487,0
1108.7,0.02013,3.41501,7.54487,0
1108.8,0.02013,3.415,7.54487,0
1108.9,0.02013,3.415,7.54487,0
1109,0.02013,3.415,7.54487,0
1109.1,0.02013,3.41499,7.54487,0
1109.2,0.02013,3.41499,7.54487,0
1109.3,0.02013,3.41498,7.54488,0
1109.4,0.02013,3.41498,7.54488,0
1109.5,0.02013,3.41498,7.54488,0
1109.6,0.02013,3.41497,7.54488,0
1109.7,0.02013,3.41497,7.54488,0
1109.8,0.02013,3.41496,7.54488,0
1109.9,0.02013,3.41496,7.54489,0
1110,0.02013,3.41495,7.54489,0
1110.1,0.02013,3.41495,7.54489,0
1110.2,0.02013,3.41495,7.54489,0
1110.3,0.02013,3.41494,7.54489,0
1110.4,0.02013,3.41494,7.54489,0
1110.5,0.02013,3.41493,7.5449,0
1110.6,0.02013,3.41493,7.5449,0
1110.7,0.02013,3.41493,7.5449,0
1110.8,0.02013,3.41492,7.5449,0
1110.9,0.02013,3.41492,7.5449,0
1111,0.02013,3.41491,7.5449,0
1111.1,0.02013,3.41491,7.5449,0
1111.2,0.02013,3.41491,7.54491,0
1111.3,0.02013,3.4149,7.54491,0
1111.4,0.02013,3.4149,7.54491,0
1111.5,0.02013,3.41489,7.54491,0
1111.6,0.02013,3.41489,7.54491,0
1111.7,0.02012,3.41488,7.54491,0
1111.8,0.02012,3.41488,7.54492,0
1111.9,0.02012,3.41488,7.54492,0
1112,0.02012,3.41487,7.54492,0
1112.1,0.02012,3.41487,7.54492,0
1112.2,0.02012,3.41486,7.54492,0
1112.3,0.02012,3.41486,7.54492,0
1112.4,0.02012,3.41486,7.54492,0
1112.5,0.02012,3.41485,7.54493,0
1112.6,0.02012,3.41485,7.54493,0
1112.7,0.02012,3.41484,7.54493,0
1112.8,0.02012,3.41484,7.54493,0
1112.9,0.02012,3.41483,7.54493,0
1113,0.02012,3.41483,7.54493,0
1113.1,0.02012,3.41483,7.54494,0
1113.2,0.02012,3.41482,7.54494,0
1113.3,0.02012,3.41482,7.54494,0
1113.4,0.02012,3.41481,7.54494,0
1113.5,0.02012,3.41481,7.54494,0
1113.6,0.02012,3.4148,7.54494,0
1113.7,0.02012,3.4148,7.54495,0
1113.8,0.02012,3.4148,7.54495,0
1113.9,0.02012,3.41479,7.54495,0
1114,0.02012,3.41479,7.54495,0
1114.1,0.02012,3.41478,7.54495,0
1114.2,0.02012,3.41478,7.54495,0
1114.3,0.02012,3.41477,7.54496,0
1114.4,0.02012,3.41477,7.54496,0
1114.5,0.02012,3.41477,7.54496,0
1114.6,0.02012,3.41476,7.54496,0
1114.7,0.02012,3.41476,7.54496,0
1114.8,0.02012,3.41475,7.54496,0
1114.9,0.02012,3.41475,7.54497,0
1115,0.02012,3.41474,7.54497,0
1115.1,0.02012,3.41474,7.54497,0
1115.2,0.02012,3.41474,7.54497,0
1115.3,0.02012,3.41473,7.54497,0
1115.4,0.02012,3.41473,7.54498,0
1115.5,0.02012,3.41472,7.54498,0
1115.6,0.02012,3.41472,7.54498,0
1115.7,0.02012,3.41471,7.54498,0
1115.8,0.02012,3.41471,7.54498,0
1115.9,0.02012,3.4147,7.54499,0
1116,0.02012,3.4147,7.54499,0
1116.1,0.02012,3.4147,7.54499,0
1116.2,0.02012,3.41469,7.54499,0
1116.3,0.02012,3.41469,7.545,0
1116.4,0.02012,3.41468,7.545,0
1116.5,0.02012,3.41468,7.545,0
1116.6,0.02012,3.41467,7.545,0
1116.7,0.02012,3.41467,7.545,0
1116.8,0.02012,3.41466,7.54501,0
1116.9,0.02012,3.41466,7.54501,0
1117,0.02012,3.41466,7.54501,0
1117.1,0.02012,3.41465,7.54501,0
1117.2,0.02012,3.41465,7.54502,0
1117.3,0.02012,3.41464,7.54502,0
1117.4,0.02012,3.41464,7.54502,0
1117.5,0.02012,3.41463,7.54502,0
1117.6,0.02012,3.41463,7.54502,0
1117.7,0.02012,3.41462,7.54503,0
1117.8,0.02012,3.41462,7.54503,0
1117.9,0.02012,3.41461,7.54503,0
1118,0.02012,3.41461,7.54503,0
1118.1,0.02012,3.4146,7.54504,0
1118.2,0.02012,3.4146,7.54504,0
1118.3,0.02012,3.4146,7.54504,0
1118.4,0.02012,3.41459,7.54504,0
1118.5,0.02012,3.41459,7.54505,0
1118.6,0.02012,3.41458,7.54505,0
1118.7,0.02012,3.41458,7.54505,0
1118.8,0.02012,3.41457,7.54505,0
1118.9,0.02012,3.41457,7.54506,0
1119,0.02012,3.41456,7.54506,0
1119.1,0.02012,3.41456,7.54506,0
1119.2,0.02012,3.41455,7.54506,0
1119.3,0.02012,3.41455,7.54507,0
1119.4,0.02012,3.41454,7.54507,0
1119.5,0.02012,3.41454,7.54507,0
1119.6,0.02012,3.41453,7.54507,0
1119.7,0.02012,3.41453,7.54508,0
1119.8,0.02012,3.41452,7.54508,0
1119.9,0.02012,3.41452,7.54508,0
1120,0.02012,3.41452,7.54508,0
1120.1,0.02012,3.41451,7.54509,0
1120.2,0.02012,3.41451,7.54509,0
1120.3,0.02012,3.4145,7.54509,0
1120.4,0.02012,3.4145,7.54509,0
1120.5,0.02012,3.41449,7.5451,0
1120.6,0.02012,3.41449,7.5451,0
1120.7,0.02012,3.41448,7.5451,0
1120.8,0.02012,3.41448,7.5451,0
1120.9,0.02012,3.41447,7.54511,0
1121,0.02012,3.41447,7.54511,0
1121.1,0.02012,3.41446,7.54511,0
1121.2,0.02012,3.41446,7.54512,0
1121.3,0.02012,3.41445,7.54512,0
1121.4,0.02012,3.41445,7.54512,0
1121.5,0.02012,3.41444,7.54512,0
1121.6,0.02012,3.41444,7.54513,0
1121.7,0.02012,3.41444,7.54513,0
1121.8,0.02012,3.41443,7.54513,0
1121.9,0.02012,3.41443,7.54513,0
1122,0.02012,3.41442,7.54514,0
1122.1,0.02012,3.41442,7.54514,0
1122.2,0.02012,3.41441,7.54514,0
1122.3,0.02012,3.41441,7.54515,0
1122.4,0.02012,3.4144,7.54515,0
1122.5,0.02012,3.4144,7.54515,0
1122.6,0.02012,3.41439,7.54516,0
1122.7,0.02012,3.41439,7.54516,0
1122.8,0.02012,3.41438,7.54516,0
1122.9,0.02012,3.41438,7.54516,0
1123,0.02012,3.41437,7.54517,0
1123.1,0.02012,3.41437,7.54517,0
1123.2,0.02012,3.41436,7.54517,0
1123.3,0.02012,3.41436,7.54518,0
1123.4,0.02012,3.41435,7.54518,0
1123.5,0.02012,3.41435,7.54518,0
1123.6,0.02012,3.41434,7.54518,0
1123.7,0.02012,3.41434,7.54519,0
1123.8,0.02012,3.41433,7.54519,0
1123.9,0.02012,3.41433,7.54519,0
1124,0.02012,3.41432,7.5452,0
1124.1,0.02012,3.41432,7.5452,0
1124.2,0.02012,3.41431,7.5452,0
1124.3,0.02012,3.41431,7.5452,0
1124.4,0.02012,3.4143,7.54521,0
1124.5,0.02012,3.4143,7.54521,0
1124.6,0.02012,3.4143,7.54521,0
1124.7,0.02012,3.41429,7.54522,0
1124.8,0.02012,3.41429,7.54522,0
1124.9,0.02012,3.41428,7.54522,0
1125,0.02012,3.41428,7.54522,0
1125.1,0.02012,3.41427,7.54523,0
1125.2,0.02012,3.41427,7.54523,0
1125.3,0.02012,3.41426,7.54523,0
1125.4,0.02012,3.41426,7.54524,0
1125.5,0.02012,3.41425,7.54524,0
1125.6,0.02012,3.41425,7.54524,0
1125.7,0.02012,3.41424,7.54525,0
1125.8,0.02012,3.41424,7.54525,0
1125.9,0.02012,3.41423,7.54525,0
1126,0.02012,3.41423,7.54526,0
1126.1,0.02012,3.41422,7.54526,0
1126.2,0.02012,3.41422,7.54526,0
1126.3,0.02012,3.41421,7.54527,0
1126.4,0.02012,3.41421,7.54527,0
1126.5,0.02012,3.4142,7.54527,0
1126.6,0.02012,3.4142,7.54527,0
1126.7,0.02012,3.41419,7.54528,0
1126.8,0.02012,3.41419,7.54528,0
1126.9,0.02012,3.41418,7.54528,0
1127,0.02012,3.41418,7.54529,0
1127.1,0.02012,3.41417,7.54529,0
1127.2,0.02012,3.41417,7.54529,0
1127.3,0.02012,3.41416,7.5453,0
1127.4,0.02012,3.41416,7.5453,0
1127.5,0.02012,3.41415,7.5453,0
1127.6,0.02012,3.41415,7.54531,0
1127.7,0.02012,3.41414,7.54531,0
1127.8,0.02012,3.41413,7.54531,0
1127.9,0.02012,3.41413,7.54532,0
1128,0.02012,3.41412,7.54532,0
1128.1,0.02012,3.41412,7.54532,0
1128.2,0.02012,3.41411,7.54533,0
1128.3,0.02012,3.41411,7.54533,0
1128.4,0.02012,3.4141,7.54533,0
1128.5,0.02012,3.4141,7.54534,0
1128.6,0.02012,3.41409,7.54534,0
1128.7,0.02012,3.41409,7.54534,0
1128.8,0.02012,3.41408,7.54535,0
1128.9,0.02012,3.41408,7.54535,0
1129,0.02012,3.41407,7.54535,0
1129.1,0.02012,3.41407,7.54536,0
1129.2,0.02012,3.41406,7.54536,0
1129.3,0.02012,3.41406,7.54536,0
1129.4,0.02012,3.41405,7.54537,0
1129.5,0.02012,3.41405,7.54537,0
1129.6,0.02012,3.41404,7.54537,0
1129.7,0.02012,3.41404,7.54538,0
1129.8,0.02012,3.41403,7.54538,0
1129.9,0.02012,3.41403,7.54538,0
1130,0.02012,3.41402,7.54539,0
1130.1,0.02012,3.41402,7.54539,0
1130.2,0.02012,3.41401,7.54539,0
1130.3,0.02012,3.41401,7.5454,0
1130.4,0.02012,3.414,7.5454,0
1130.5,0.02012,3.414,7.5454,0
1130.6,0.02012,3.41399,7.54541,0
1130.7,0.02012,3.41399,7.54541,0
1130.8,0.02012,3.41398,7.54541,0
1130.9,0.02012,3.41398,7.54542,0
1131,0.02012,3.41397,7.54542,0
1131.1,0.02012,3.41397,7.54542,0
1131.2,0.02012,3.41396,7.54543,0
1131.3,0.02012,3.41396,7.54543,0
1131.4,0.02012,3.41395,7.54543,0
1131.5,0.02012,3.41394,7.54544,0
1131.6,0.02012,3.41394,7.54544,0
1131.7,0.02012,3.41393,7.54544,0
1131.8,0.02012,3.41393,7.54545,0
1131.9,0.02012,3.41392,7.54545,0
1132,0.02012,3.41392,7.54545,0
1132.1,0.02012,3.41391,7.54546,0
1132.2,0.02012,3.41391,7.54546,0
1132.3,0.02012,3.4139,7.54547,0
1132.4,0.02012,3.4139,7.54547,0
1132.5,0.02012,3.41389,7.54547,0
1132.6,0.02012,3.41389,7.54548,0
1132.7,0.02012,3.41388,7.54548,0
1132.8,0.02012,3.41388,7.54548,0
1132.9,0.02012,3.41387,7.54549,0
1133,0.02012,3.41386,7.54549,0
1133.1,0.02012,3.41386,7.54549,0
1133.2,0.02012,3.41385,7.5455,0
1133.3,0.02012,3.41385,7.5455,0
1133.4,0.02012,3.41384,7.54551,0
1133.5,0.02012,3.41384,7.54551,0
1133.6,0.02012,3.41383,7.54551,0
1133.7,0.02012,3.41383,7.54552,0
1133.8,0.02012,3.41382,7.54552,0
1133.9,0.02012,3.41382,7.54552,0
1134,0.02012,3.41381,7.54553,0
1134.1,0.02012,3.41381,7.54553,0
1134.2,0.02012,3.4138,7.54553,0
1134.3,0.02012,3.4138,7.54554,0
1134.4,0.02012,3.41379,7.54554,0
1134.5,0.02012,3.41378,7.54554,0
1134.6,0.02012,3.41378,7.54555,0
1134.7,0.02012,3.41377,7.54555,0
1134.8,0.02012,3.41377,7.54556,0
1134.9,0.02012,3.41376,7.54556,0
1135,0.02012,3.41376,7.54556,0
1135.1,0.02012,3.41375,7.54557,0
1135.2,0.02012,3.41375,7.54557,0
1135.3,0.02012,3.41374,7.54557,0
1135.4,0.02012,3.41374,7.54558,0
1135.5,0.02012,3.41373,7.54558,0
1135.6,0.02012,3.41373,7.54558,0
1135.7,0.02012,3.41372,7.54559,0
1135.8,0.02012,3.41372,7.54559,0
1135.9,0.02012,3.41371,7.5456,0
1136,0.02012,3.4137,7.5456,0
1136.1,0.02012,3.4137,7.5456,0
1136.2,0.02012,3.41369,7.54561,0
1136.3,0.02012,3.41369,7.54561,0
1136.4,0.02012,3.41368,7.54561,0
1136.5,0.02012,3.41368,7.54562,0
1136.6,0.02012,3.41367,7.54562,0
1136.7,0.02012,3.41367,7.54562,0
1136.8,0.02012,3.41366,7.54563,0
1136.9,0.02012,3.41366,7.54563,0
1137,0.02012,3.41365,7.54564,0
1137.1,0.02012,3.41365,7.54564,0
1137.2,0.02012,3.41364,7.54564,0
1137.3,0.02012,3.41364,7.54565,0
1137.4,0.02012,3.41363,7.54565,0
1137.5,0.02012,3.41363,7.54565,0
1137.6,0.02012,3.41362,7.54566,0
1137.7,0.02012,3.41362,7.54566,0
1137.8,0.02012,3.41361,7.54566,0
1137.9,0.02012,3.4136,7.54567,0
1138,0.02012,3.4136,7.54567,0
1138.1,0.02012,3.41359,7.54568,0
1138.2,0.02012,3.41359,7.54568,0
1138.3,0.02012,3.41358,7.54568,0
1138.4,0.02012,3.41358,7.54569,0
1138.5,0.02012,3.41357,7.54569,0
1138.6,0.02012,3.41357,7.54569,0
1138.7,0.02012,3.41356,7.5457,0
1138.8,0.02012,3.41356,7.5457,0
1138.9,0.02012,3.41355,7.54571,0
1139,0.02012,3.41355,7.54571,0
1139.1,0.02012,3.41354,7.54571,0
1139.2,0.02012,3.41354,7.54572,0
1139.3,0.02012,3.41353,7.54572,0
1139.4,0.02012,3.41353,7.54572,0
1139.5,0.02012,3.41352,7.54573,0
1139.6,0.02012,3.41352,7.54573,0
1139.7,0.02012,3.41351,7.54574,0
1139.8,0.02012,3.41351,7.54574,0
1139.9,0.02012,3.4135,7.54574,0
1140,0.02012,3.4135,7.54575,0
1140.1,0.02012,3.41349,7.54575,0
1140.2,0.02012,3.41348,7.54575,0
1140.3,0.02012,3.41348,7.54576,0
1140.4,0.02012,3.41347,7.54576,0
1140.5,0.02012,3.41347,7.54576,0
1140.6,0.02012,3.41346,7.54577,0
1140.7,0.02012,3.41346,7.54577,0
1140.8,0.02012,3.41345,7.54578,0
1140.9,0.02012,3.41345,7.54578,0
1141,0.02012,3.41344,7.54578,0
1141.1,0.02012,3.41344,7.54579,0
1141.2,0.02012,3.41343,7.54579,0
1141.3,0.02012,3.41343,7.54579,0
1141.4,0.02012,3.41342,7.5458,0
1141.5,0.02012,3.41342,7.5458,0
1141.6,0.02012,3.41341,7.5458,0
1141.7,0.02012,3.41341,7.54581,0
1141.8,0.02012,3.4134,7.54581,0
1141.9,0.02012,3.4134,7.54581,0
1142,0.02012,3.41339,7.54582,0
1142.1,0.02012,3.41339,7.54582,0
1142.2,0.02012,3.41338,7.54582,0
1142.3,0.02012,3.41338,7.54583,0
1142.4,0.02012,3.41337,7.54583,0
1142.5,0.02012,3.41337,7.54583,0
1142.6,0.02012,3.41336,7.54584,0
1142.7,0.02012,3.41336,7.54584,0
1142.8,0.02012,3.41335,7.54584,0
1142.9,0.02012,3.41335,7.54585,0
1143,0.02012,3.41334,7.54585,0
1143.1,0.02012,3.41334,7.54585,0
1143.2,0.02012,3.41333,7.54586,0
1143.3,0.02012,3.41333,7.54586,0
1143.4,0.02012,3.41332,7.54586,0
1143.5,0.02012,3.41332,7.54587,0
1143.6,0.02012,3.41331,7.54587,0
1143.7,0.02012,3.41331,7.54587,0
1143.8,0.02012,3.4133,7.54588,0
1143.9,0.02012,3.4133,7.54588,0
1144,0.02012,3.41329,7.54588,0
1144.1,0.02012,3.41329,7.54589,0
1144.2,0.02012,3.41328,7.54589,0
1144.3,0.02012,3.41328,7.54589,0
1144.4,0.02012,3.41327,7.5459,0
1144.5,0.02012,3.41327,7.5459,0
1144.6,0.02012,3.41326,7.5459,0
1144.7,0.02012,3.41326,7.54591,0
1144.8,0.02012,3.41325,7.54591,0
1144.9,0.02012,3.41325,7.54591,0
1145,0.02012,3.41324,7.54592,0
1145.1,0.02012,3.41324,7.54592,0
1145.2,0.02012,3.41323,7.54592,0
1145.3,0.02012,3.41323,7.54593,0
1145.4,0.02012,3.41322,7.54593,0
1145.5,0.02012,3.41322,7.54593,0
1145.6,0.02012,3.41321,7.54594,0
1145.7,0.02012,3.41321,7.54594,0
1145.8,0.02012,3.4132,7.54594,0
1145.9,0.02012,3.4132,7.54595,0
1146,0.02012,3.41319,7.54595,0
1146.1,0.02012,3.41319,7.54595,0
1146.2,0.02012,3.41319,7.54596,0
1146.3,0.02012,3.41318,7.54596,0
1146.4,0.02012,3.41318,7.54596,0
1146.5,0.02012,3.41317,7.54596,0
1146.6,0.02012,3.41317,7.54597,0
1146.7,0.02012,3.41316,7.54597,0
1146.8,0.02012,3.41316,7.54597,0
1146.9,0.02012,3.41315,7.54598,0
1147,0.02012,3.41315,7.54598,0
1147.1,0.02012,3.41314,7.54598,0
1147.2,0.02012,3.41314,7.54599,0
1147.3,0.02012,3.41313,7.54599,0
1147.4,0.02012,3.41313,7.54599,0
1147.5,0.02012,3.41312,7.546,0
1147.6,0.02012,3.41312,7.546,0
1147.7,0.02012,3.41311,7.546,0
1147.8,0.02012,3.41311,7.54601,0
1147.9,0.02012,3.4131,7.54601,0
1148,0.02012,3.4131,7.54601,0
1148.1,0.02012,3.41309,7.54601,0
1148.2,0.02012,3.41309,7.54602,0
1148.3,0.02012,3.41308,7.54602,0
1148.4,0.02012,3.41308,7.54602,0
1148.5,0.02012,3.41308,7.54603,0
1148.6,0.02012,3.41307,7.54603,0
1148.7,0.02012,3.41307,7.54603,0
1148.8,0.02012,3.41306,7.54604,0
1148.9,0.02012,3.41306,7.54604,0
1149,0.02012,3.41305,7.54604,0
1149.1,0.02012,3.41305,7.54605,0
1149.2,0.02012,3.41304,7.54605,0
1149.3,0.02012,3.41304,7.54605,0
1149.4,0.02012,3.41303,7.54605,0
1149.5,0.02012,3.41303,7.54606,0
1149.6,0.02012,3.41302,7.54606,0
1149.7,0.02012,3.41302,7.54606,0
1149.8,0.02012,3.41301,7.54607,0
1149.9,0.02012,3.41301,7.54607,0
1150,0.02012,3.413,7.54607,0
1150.1,0.02012,3.413,7.54608,0
1150.2,0.02012,3.41299,7.54608,0
1150.3,0.02012,3.41299,7.54608,0
1150.4,0.02012,3.41299,7.54609,0
1150.5,0.02012,3.41298,7.54609,0
1150.6,0.02012,3.41298,7.54609,0
1150.7,0.02012,3.41297,7.54609,0
1150.8,0.02012,3.41297,7.5461,0
1150.9,0.02012,3.41296,7.5461,0
1151,0.02012,3.41296,7.5461,0
1151.1,0.02012,3.41295,7.54611,0
1151.2,0.02012,3.41295,7.54611,0
1151.3,0.02012,3.41294,7.54611,0
1151.4,0.02012,3.41294,7.54611,0
1151.5,0.02012,3.41293,7.54612,0
1151.6,0.02012,3.41293,7.54612,0
1151.7,0.02012,3.41292,7.54612,0
1151.8,0.02012,3.41292,7.54613,0
1151.9,0.02012,3.41291,7.54613,0
1152,0.02012,3.41291,7.54613,0
1152.1,0.02012,3.4129,7.54614,0
1152.2,0.02012,3.4129,7.54614,0
1152.3,0.02012,3.41289,7.54614,0
1152.4,0.02012,3.41289,7.54614,0
1152.5,0.02012,3.41288,7.54615,0
1152.6,0.02012,3.41288,7.54615,0
1152.7,0.02012,3.41287,7.54615,0
1152.8,0.02012,3.41287,7.54616,0
1152.9,0.02012,3.41287,7.54616,0
1153,0.02012,3.41286,7.54616,0
1153.1,0.02012,3.41286,7.54616,0
1153.2,0.02012,3.41285,7.54617,0
1153.3,0.02012,3.41285,7.54617,0
1153.4,0.02012,3.41284,7.54617,0
1153.5,0.02012,3.41284,7.54617,0
1153.6,0.02012,3.41283,7.54618,0
1153.7,0.02012,3.41283,7.54618,0
1153.8,0.02012,3.41282,7.54618,0
1153.9,0.02012,3.41282,7.54619,0
1154,0.02012,3.41281,7.54619,0
1154.1,0.02012,3.41281,7.54619,0
1154.2,0.02012,3.4128,7.54619,0
1154.3,0.02012,3.4128,7.5462,0
1154.4,0.02012,3.41279,7.5462,0
1154.5,0.02012,3.41279,7.5462,0
1154.6,0.02012,3.41278,7.5462,0
1154.7,0.02012,3.41278,7.54621,0
1154.8,0.02012,3.41278,7.54621,0
1154.9,0.02012,3.41277,7.54621,0
1155,0.02012,3.41277,7.54621,0
1155.1,0.02012,3.41276,7.54622,0
1155.2,0.02012,3.41276,7.54622,0
1155.3,0.02012,3.41275,7.54622,0
1155.4,0.02012,3.41275,7.54622,0
1155.5,0.02012,3.41274,7.54623,0
1155.6,0.02012,3.41274,7.54623,0
1155.7,0.02012,3.41273,7.54623,0
1155.8,0.02012,3.41273,7.54623,0
1155.9,0.02012,3.41272,7.54624,0
1156,0.02012,3.41272,7.54624,0
1156.1,0.02012,3.41272,7.54624,0
1156.2,0.02012,3.41271,7.54624,0
1156.3,0.02012,3.41271,7.54625,0
1156.4,0.02012,3.4127,7.54625,0
1156.5,0.02012,3.4127,7.54625,0
1156.6,0.02012,3.41269,7.54625,0
1156.7,0.02012,3.41269,7.54626,0
1156.8,0.02012,3.41268,7.54626,0
1156.9,0.02012,3.41268,7.54626,0
1157,0.02012,3.41267,7.54626,0
1157.1,0.02012,3.41267,7.54626,0
1157.2,0.02012,3.41267,7.54627,0
1157.3,0.02012,3.41266,7.54627,0
1157.4,0.02012,3.41266,7.54627,0
1157.5,0.02012,3.41265,7.54627,0
1157.6,0.02012,3.41265,7.54628,0
1157.7,0.02012,3.41264,7.54628,0
1157.8,0.02012,3.41264,7.54628,0
1157.9,0.02012,3.41263,7.54628,0
1158,0.02012,3.41263,7.54628,0
1158.1,0.02012,3.41263,7.54629,0
1158.2,0.02012,3.41262,7.54629,0
1158.3,0.02012,3.41262,7.54629,0
1158.4,0.02012,3.41261,7.54629,0
1158.5,0.02012,3.41261,7.5463,0
1158.6,0.02012,3.4126,7.5463,0
1158.7,0.02012,3.4126,7.5463,0
1158.8,0.02012,3.4126,7.5463,0
1158.9,0.02012,3.41259,7.5463,0
1159,0.02012,3.41259,7.54631,0
1159.1,0.02012,3.41258,7.54631,0
1159.2,0.02012,3.41258,7.54631,0
1159.3,0.02012,3.41257,7.54631,0
1159.4,0.02012,3.41257,7.54631,0
1159.5,0.02012,3.41256,7.54632,0
1159.6,0.02012,3.41256,7.54632,0
1159.7,0.02012,3.41256,7.54632,0
1159.8,0.02012,3.41255,7.54632,0
1159.9,0.02012,3.41255,7.54632,0
1160,0.02012,3.41254,7.54633,0
1160.1,0.02012,3.41254,7.54633,0
1160.2,0.02012,3.41253,7.54633,0
1160.3,0.02012,3.41253,7.54633,0
1160.4,0.02012,3.41253,7.54633,0
1160.5,0.02012,3.41252,7.54633,0
1160.6,0.02012,3.41252,7.54634,0
1160.7,0.02012,3.41251,7.54634,0
1160.8,0.02012,3.41251,7.54634,0
1160.9,0.02012,3.4125,7.54634,0
1161,0.02012,3.4125,7.54634,0
1161.1,0.02012,3.4125,7.54635,0
1161.2,0.02012,3.41249,7.54635,0
1161.3,0.02012,3.41249,7.54635,0
1161.4,0.02012,3.41248,7.54635,0
1161.5,0.02012,3.41248,7.54635,0
1161.6,0.02012,3.41247,7.54636,0
1161.7,0.02012,3.41247,7.54636,0
1161.8,0.02012,3.41246,7.54636,0
1161.9,0.02012,3.41246,7.54636,0
1162,0.02012,3.41246,7.54636,0
1162.1,0.02012,3.41245,7.54636,0
1162.2,0.02012,3.41245,7.54637,0
1162.3,0.02012,3.41244,7.54637,0
1162.4,0.02012,3.41244,7.54637,0
1162.5,0.02012,3.41243,7.54637,0
1162.6,0.02012,3.41243,7.54637,0
1162.7,0.02012,3.41243,7.54637,0
1162.8,0.02012,3.41242,7.54638,0
1162.9,0.02012,3.41242,7.54638,0
1163,0.02012,3.41241,7.54638,0
1163.1,0.02012,3.41241,7.54638,0
1163.2,0.02012,3.4124,7.54638,0
1163.3,0.02012,3.4124,7.54638,0
1163.4,0.02012,3.4124,7.54639,0
1163.5,0.02012,3.41239,7.54639,0
1163.6,0.02012,3.41239,7.54639,0
1163.7,0.02012,3.41238,7.54639,0
1163.8,0.02012,3.41238,7.54639,0
1163.9,0.02012,3.41238,7.54639,0
1164,0.02012,3.41237,7.5464,0
1164.1,0.02012,3.41237,7.5464,0
1164.2,0.02012,3.41236,7.5464,0
1164.3,0.02012,3.41236,7.5464,0
1164.4,0.02012,3.41235,7.5464,0
1164.5,0.02012,3.41235,7.5464,0
1164.6,0.02012,3.41235,7.54641,0
1164.7,0.02012,3.41234,7.54641,0
1164.8,0.02012,3.41234,7.54641,0
1164.9,0.02012,3.41233,7.54641,0
1165,0.02012,3.41233,7.54641,0
1165.1,0.02012,3.41233,7.54641,0
1165.2,0.02012,3.41232,7.54642,0
1165.3,0.02012,3.41232,7.54642,0
1165.4,0.02012,3.41231,7.54642,0
1165.5,0.02012,3.41231,7.54642,0
1165.6,0.02012,3.41231,7.54642,0
1165.7,0.02012,3.4123,7.54642,0
1165.8,0.02012,3.4123,7.54642,0
1165.9,0.02012,3.41229,7.54643,0
1166,0.02012,3.41229,7.54643,0
1166.1,0.02012,3.41229,7.54643,0
1166.2,0.02012,3.41228,7.54643,0
1166.3,0.02012,3.41228,7.54643,0
1166.4,0.02012,3.41228,7.54643,0
1166.5,0.02012,3.41227,7.54643,0
1166.6,0.02012,3.41227,7.54643,0
1166.7,0.02012,3.41226,7.54644,0
1166.8,0.02012,3.41226,7.54644,0
1166.9,0.02012,3.41226,7.54644,0
1167,0.02012,3.41225,7.54644,0
1167.1,0.02012,3.41225,7.54644,0
1167.2,0.02012,3.41224,7.54644,0
1167.3,0.02012,3.41224,7.54644,0
1167.4,0.02012,3.41224,7.54644,0
1167.5,0.02012,3.41223,7.54644,0
1167.6,0.02012,3.41223,7.54645,0
1167.7,0.02012,3.41223,7.54645,0
1167.8,0.02012,3.41222,7.54645,0
1167.9,0.02012,3.41222,7.54645,0
1168,0.02012,3.41221,7.54645,0
1168.1,0.02012,3.41221,7.54645,0
1168.2,0.02012,3.41221,7.54645,0
1168.3,0.02012,3.4122,7.54645,0
1168.4,0.02012,3.4122,7.54645,0
1168.5,0.02012,3.41219,7.54646,0
1168.6,0.02012,3.41219,7.54646,0
1168.7,0.02012,3.41219,7.54646,0
1168.8,0.02012,3.41218,7.54646,0
1168.9,0.02012,3.41218,7.54646,0
1169,0.02012,3.41218,7.54646,0
1169.1,0.02012,3.41217,7.54646,0
1169.2,0.02012,3.41217,7.54646,0
1169.3,0.02012,3.41217,7.54646,0
1169.4,0.02012,3.41216,7.54646,0
1169.5,0.02012,3.41216,7.54646,0
1169.6,0.02012,3.41215,7.54647,0
1169.7,0.02012,3.41215,7.54647,0
1169.8,0.02012,3.41215,7.54647,0
1169.9,0.02012,3.41214,7.54647,0
1170,0.02012,3.41214,7.54647,0
1170.1,0.02012,3.41214,7.54647,0
1170.2,0.02012,3.41213,7.54647,0
1170.3,0.02012,3.41213,7.54647,0
1170.4,0.02012,3.41213,7.54647,0
1170.5,0.02012,3.41212,7.54647,0
1170.6,0.02012,3.41212,7.54647,0
1170.7,0.02012,3.41212,7.54647,0
1170.8,0.02012,3.41211,7.54647,0
1170.9,0.02012,3.41211,7.54647,0
1171,0.02012,3.41211,7.54647,0
1171.1,0.02012,3.4121,7.54647,0
1171.2,0.02012,3.4121,7.54647,0
1171.3,0.02012,3.4121,7.54648,0
1171.4,0.02012,3.41209,7.54648,0
1171.5,0.02012,3.41209,7.54648,0
1171.6,0.02012,3.41209,7.54648,0
1171.7,0.02012,3.41208,7.54648,0
1171.8,0.02012,3.41208,7.54648,0
1171.9,0.02012,3.41208,7.54648,0
1172,0.02012,3.41207,7.54648,0
1172.1,0.02012,3.41207,7.54648,0
1172.2,0.02012,3.41207,7.54648,0
1172.3,0.02012,3.41206,7.54648,0
1172.4,0.02012,3.41206,7.54648,0
1172.5,0.02012,3.41206,7.54648,0
1172.6,0.02012,3.41205,7.54648,0
1172.7,0.02012,3.41205,7.54648,0
1172.8,0.02012,3.41205,7.54648,0
1172.9,0.02012,3.41204,7.54648,0
1173,0.02012,3.41204,7.54648,0
1173.1,0.02012,3.41204,7.54648,0
1173.2,0.02012,3.41203,7.54648,0
1173.3,0.02012,3.41203,7.54648,0
1173.4,0.02012,3.41203,7.54648,0
1173.5,0.02012,3.41203,7.54648,0
1173.6,0.02012,3.41202,7.54648,0
1173.7,0.02012,3.41202,7.54648,0
1173.8,0.02012,3.41202,7.54648,0
1173.9,0.02012,3.41201,7.54648,0
1174,0.02012,3.41201,7.54648,0
1174.1,0.02012,3.41201,7.54648,0
1174.2,0.02012,3.412,7.54648,0
1174.3,0.02012,3.412,7.54648,0
1174.4,0.02012,3.412,7.54648,0
1174.5,0.02012,3.41199,7.54648,0
1174.6,0.02012,3.41199,7.54648,0
1174.7,0.02012,3.41199,7.54648,0
1174.8,0.02012,3.41199,7.54648,0
1174.9,0.02012,3.41198,7.54648,0
1175,0.02012,3.41198,7.54648,0
1175.1,0.02012,3.41198,7.54648,0
1175.2,0.02012,3.41197,7.54648,0
1175.3,0.02012,3.41197,7.54648,0
1175.4,0.02012,3.41197,7.54648,0
1175.5,0.02012,3.41196,7.54647,0
1175.6,0.02012,3.41196,7.54647,0
1175.7,0.02012,3.41196,7.54647,0
1175.8,0.02012,3.41196,7.54647,0
1175.9,0.02012,3.41195,7.54647,0
1176,0.02012,3.41195,7.54647,0
1176.1,0.02012,3.41195,7.54647,0
1176.2,0.02012,3.41194,7.54647,0
1176.3,0.02012,3.41194,7.54647,0
1176.4,0.02012,3.41194,7.54647,0
1176.5,0.02012,3.41194,7.54647,0
1176.6,0.02012,3.41193,7.54647,0
1176.7,0.02012,3.41193,7.54647,0
1176.8,0.02012,3.41193,7.54647,0
1176.9,0.02012,3.41192,7.54647,0
1177,0.02012,3.41192,7.54647,0
1177.1,0.02012,3.41192,7.54647,0
1177.2,0.02012,3.41192,7.54647,0
1177.3,0.02012,3.41191,7.54647,0
1177.4,0.02012,3.41191,7.54647,0
1177.5,0.02012,3.41191,7.54647,0
1177.6,0.02012,3.41191,7.54647,0
1177.7,0.02012,3.4119,7.54646,0
1177.8,0.02012,3.4119,7.54646,0
1177.9,0.02012,3.4119,7.54646,0
1178,0.02012,3.41189,7.54646,0
1178.1,0.02012,3.41189,7.54646,0
1178.2,0.02012,3.41189,7.54646,0
1178.3,0.02012,3.41189,7.54646,0
1178.4,0.02012,3.41188,7.54646,0
1178.5,0.02012,3.41188,7.54646,0
1178.6,0.02012,3.41188,7.54646,0
1178.7,0.02012,3.41188,7.54646,0
1178.8,0.02012,3.41187,7.54646,0
1178.9,0.02012,3.41187,7.54646,0
1179,0.02012,3.41187,7.54646,0
1179.1,0.02012,3.41187,7.54646,0
1179.2,0.02012,3.41186,7.54646,0
1179.3,0.02012,3.41186,7.54645,0
1179.4,0.02012,3.41186,7.54645,0
1179.5,0.02012,3.41186,7.54645,0
1179.6,0.02012,3.41185,7.54645,0
1179.7,0.02012,3.41185,7.54645,0
1179.8,0.02012,3.41185,7.54645,0
1179.9,0.02012,3.41185,7.54645,0
1180,0.02012,3.41184,7.54645,0
1180.1,0.02012,3.41184,7.54645,0
1180.2,0.02012,3.41184,7.54645,0
1180.3,0.02012,3.41184,7.54645,0
1180.4,0.02012,3.41183,7.54645,0
1180.5,0.02012,3.41183,7.54645,0
1180.6,0.02012,3.41183,7.54644,0
1180.7,0.02012,3.41183,7.54644,0
1180.8,0.02012,3.41182,7.54644,0
1180.9,0.02012,3.41182,7.54644,0
1181,0.02012,3.41182,7.54644,0
1181.1,0.02012,3.41182,7.54644,0
1181.2,0.02012,3.41181,7.54644,0
1181.3,0.02012,3.41181,7.54644,0
1181.4,0.02012,3.41181,7.54644,0
1181.5,0.02012,3.41181,7.54644,0
1181.6,0.02012,3.4118,7.54643,0
1181.7,0.02012,3.4118,7.54643,0
1181.8,0.02012,3.4118,7.54643,0
1181.9,0.02012,3.4118,7.54643,0
1182,0.02012,3.41179,7.54643,0
1182.1,0.02012,3.41179,7.54643,0
1182.2,0.02012,3.41179,7.54643,0
1182.3,0.02012,3.41179,7.54643,0
1182.4,0.02012,3.41179,7.54643,0
1182.5,0.02012,3.41178,7.54643,0
1182.6,0.02012,3.41178,7.54642,0
1182.7,0.02012,3.41178,7.54642,0
1182.8,0.02012,3.41178,7.54642,0
1182.9,0.02012,3.41177,7.54642,0
1183,0.02012,3.41177,7.54642,0
1183.1,0.02012,3.41177,7.54642,0
1183.2,0.02012,3.41177,7.54642,0
1183.3,0.02012,3.41177,7.54642,0
1183.4,0.02012,3.41176,7.54642,0
1183.5,0.02012,3.41176,7.54641,0
1183.6,0.02012,3.41176,7.54641,0
1183.7,0.02012,3.41176,7.54641,0
1183.8,0.02012,3.41176,7.54641,0
1183.9,0.02012,3.41175,7.54641,0
1184,0.02012,3.41175,7.54641,0
1184.1,0.02012,3.41175,7.54641,0
1184.2,0.02012,3.41175,7.54641,0
1184.3,0.02012,3.41175,7.54641,0
1184.4,0.02012,3.41174,7.54641,0
1184.5,0.02012,3.41174,7.5464,0
1184.6,0.02012,3.41174,7.5464,0
1184.7,0.02012,3.41174,7.5464,0
1184.8,0.02012,3.41174,7.5464,0
1184.9,0.02012,3.41173,7.5464,0
1185,0.02012,3.41173,7.5464,0
1185.1,0.02012,3.41173,7.5464,0
1185.2,0.02012,3.41173,7.5464,0
1185.3,0.02012,3.41173,7.5464,0
1185.4,0.02012,3.41172,7.5464,0
1185.5,0.02012,3.41172,7.54639,0
1185.6,0.02012,3.41172,7.54639,0
1185.7,0.02012,3.41172,7.54639,0
1185.8,0.02012,3.41172,7.54639,0
1185.9,0.02012,3.41171,7.54639,0
1186,0.02012,3.41171,7.54639,0
1186.1,0.02012,3.41171,7.54639,0
1186.2,0.02012,3.41171,7.54639,0
1186.3,0.02012,3.41171,7.54639,0
1186.4,0.02012,3.4117,7.54638,0
1186.5,0.02012,3.4117,7.54638,0
1186.6,0.02012,3.4117,7.54638,0
1186.7,0.02012,3.4117,7.54638,0
1186.8,0.02012,3.4117,7.54638,0
1186.9,0.02012,3.41169,7.54638,0
1187,0.02012,3.41169,7.54638,0
1187.1,0.02012,3.41169,7.54638,0
1187.2,0.02012,3.41169,7.54638,0
1187.3,0.02012,3.41169,7.54637,0
1187.4,0.02012,3.41169,7.54637,0
1187.5,0.02012,3.41168,7.54637,0
1187.6,0.02012,3.41168,7.54637,0
1187.7,0.02012,3.41168,7.54637,0
1187.8,0.02012,3.41168,7.54637,0
1187.9,0.02012,3.41168,7.54637,0
1188,0.02012,3.41167,7.54637,0
1188.1,0.02012,3.41167,7.54637,0
1188.2,0.02012,3.41167,7.54636,0
1188.3,0.02012,3.41167,7.54636,0
1188.4,0.02012,3.41167,7.54636,0
1188.5,0.02012,3.41167,7.54636,0
1188.6,0.02012,3.41166,7.54636,0
1188.7,0.02012,3.41166,7.54636,0
1188.8,0.02012,3.41166,7.54636,0
1188.9,0.02012,3.41166,7.54636,0
1189,0.02012,3.41166,7.54636,0
1189.1,0.02012,3.41166,7.54635,0
1189.2,0.02012,3.41165,7.54635,0
1189.3,0.02012,3.41165,7.54635,0
1189.4,0.02012,3.41165,7.54635,0
1189.5,0.02012,3.41165,7.54635,0
1189.6,0.02012,3.41165,7.54635,0
1189.7,0.02012,3.41165,7.54635,0
1189.8,0.02012,3.41164,7.54635,0
1189.9,0.02012,3.41164,7.54635,0
1190,0.02012,3.41164,7.54634,0
1190.1,0.02012,3.41164,7.54634,0
1190.2,0.02012,3.41164,7.54634,0
1190.3,0.02012,3.41164,7.54634,0
1190.4,0.02012,3.41163,7.54634,0
1190.5,0.02012,3.41163,7.54634,0
1190.6,0.02012,3.41163,7.54634,0
1190.7,0.02012,3.41163,7.54634,0
1190.8,0.02012,3.41163,7.54634,0
1190.9,0.02012,3.41163,7.54634,0
1191,0.02012,3.41162,7.54633,0
1191.1,0.02012,3.41162,7.54633,0
1191.2,0.02012,3.41162,7.54633,0
1191.3,0.02012,3.41162,7.54633,0
1191.4,0.02012,3.41162,7.54633,0
1191.5,0.02012,3.41162,7.54633,0
1191.6,0.02012,3.41161,7.54633,0
1191.7,0.02012,3.41161,7.54633,0
1191.8,0.02012,3.41161,7.54633,0
1191.9,0.02012,3.41161,7.54632,0
1192,0.02012,3.41161,7.54632,0
1192.1,0.02012,3.41161,7.54632,0
1192.2,0.02012,3.4116,7.54632,0
1192.3,0.02012,3.4116,7.54632,0
1192.4,0.02012,3.4116,7.54632,0
1192.5,0.02012,3.4116,7.54632,0
1192.6,0.02012,3.4116,7.54632,0
1192.7,0.02012,3.4116,7.54632,0
1192.8,0.02012,3.4116,7.54631,0
1192.9,0.02012,3.41159,7.54631,0
1193,0.02012,3.41159,7.54631,0
1193.1,0.02012,3.41159,7.54631,0
1193.2,0.02012,3.41159,7.54631,0
1193.3,0.02012,3.41159,7.54631,0
1193.4,0.02012,3.41159,7.54631,0
1193.5,0.02012,3.41158,7.54631,0
1193.6,0.02012,3.41158,7.54631,0
1193.7,0.02012,3.41158,7.5463,0
1193.8,0.02012,3.41158,7.5463,0
1193.9,0.02012,3.41158,7.5463,0
1194,0.02012,3.41158,7.5463,0
1194.1,0.02012,3.41157,7.5463,0
1194.2,0.02012,3.41157,7.5463,0
1194.3,0.02012,3.41157,7.5463,0
1194.4,0.02012,3.41157,7.5463,0
1194.5,0.02012,3.41157,7.5463,0
1194.6,0.02012,3.41157,7.5463,0
1194.7,0.02012,3.41156,7.54629,0
1194.8,0.02012,3.41156,7.54629,0
1194.9,0.02012,3.41156,7.54629,0
1195,0.02012,3.41156,7.54629,0
1195.1,0.02012,3.41156,7.54629,0
1195.2,0.02012,3.41155,7.54629,0
1195.3,0.02012,3.41155,7.54629,0
1195.4,0.02012,3.41155,7.54629,0
1195.5,0.02012,3.41155,7.54629,0
1195.6,0.02012,3.41155,7.54629,0
1195.7,0.02012,3.41155,7.54628,0
1195.8,0.02012,3.41154,7.54628,0
1195.9,0.02012,3.41154,7.54628,0
1196,0.02012,3.41154,7.54628,0
1196.1,0.02012,3.41154,7.54628,0
1196.2,0.02012,3.41154,7.54628,0
1196.3,0.02012,3.41153,7.54628,0
1196.4,0.02012,3.41153,7.54628,0
1196.5,0.02012,3.41153,7.54628,0
1196.6,0.02012,3.41153,7.54627,0
1196.7,0.02012,3.41153,7.54627,0
1196.8,0.02012,3.41152,7.54627,0
1196.9,0.02012,3.41152,7.54627,0
1197,0.02012,3.41152,7.54627,0
1197.1,0.02012,3.41152,7.54627,0
1197.2,0.02012,3.41152,7.54627,0
1197.3,0.02012,3.41152,7.54627,0
1197.4,0.02012,3.41151,7.54626,0
1197.5,0.02012,3.41151,7.54626,0
1197.6,0.02012,3.41151,7.54626,0
1197.7,0.02012,3.41151,7.54626,0
1197.8,0.02012,3.41151,7.54626,0
1197.9,0.02012,3.4115,7.54626,0
1198,0.02012,3.4115,7.54626,0
1198.1,0.02012,3.4115,7.54626,0
1198.2,0.02012,3.4115,7.54626,0
1198.3,0.02012,3.4115,7.54625,0
1198.4,0.02012,3.4115,7.54625,0
1198.5,0.02012,3.41149,7.54625,0
1198.6,0.02012,3.41149,7.54625,0
1198.7,0.02012,3.41149,7.54625,0
1198.8,0.02012,3.41149,7.54625,0
1198.9,0.02012,3.41149,7.54625,0
1199,0.02012,3.41148,7.54625,0
1199.1,0.02012,3.41148,7.54624,0
1199.2,0.02012,3.41148,7.54624,0
1199.3,0.02012,3.41148,7.54624,0
1199.4,0.02012,3.41148,7.54624,0
1199.5,0.02012,3.41147,7.54624,0
1199.6,0.02012,3.41147,7.54624,0
1199.7,0.02012,3.41147,7.54624,0
1199.8,0.02012,3.41147,7.54624,0
1199.9,0.02012,3.41147,7.54624,0
1200,0.02012,3.41146,7.54623,0
1200.1,0.02012,3.41146,7.54623,0
1200.2,0.02012,3.41146,7.54623,0
1200.3,0.02012,3.41146,7.54623,0
1200.4,0.02012,3.41146,7.54623,0
1200.5,0.02012,3.41145,7.54623,0
1200.6,0.02012,3.41145,7.54623,0
1200.7,0.02012,3.41145,7.54623,0
1200.8,0.02012,3.41145,7.54623,0
1200.9,0.02012,3.41145,7.54622,0
1201,0.02012,3.41144,7.54622,0
1201.1,0.02012,3.41144,7.54622,0
1201.2,0.02012,3.41144,7.54622,0
1201.3,0.02012,3.41144,7.54622,0
1201.4,0.02012,3.41144,7.54622,0
1201.5,0.02012,3.41143,7.54622,0
1201.6,0.02012,3.41143,7.54622,0
1201.7,0.02012,3.41143,7.54621,0
1201.8,0.02012,3.41143,7.54621,0
1201.9,0.02012,3.41143,7.54621,0
1202,0.02012,3.41142,7.54621,0
1202.1,0.02012,3.41142,7.54621,0
1202.2,0.02012,3.41142,7.54621,0
1202.3,0.02012,3.41142,7.54621,0
1202.4,0.02012,3.41142,7.54621,0
1202.5,0.02012,3.41141,7.5462,0
1202.6,0.02012,3.41141,7.5462,0
1202.7,0.02012,3.41141,7.5462,0
1202.8,0.02012,3.41141,7.5462,0
1202.9,0.02012,3.4114,7.5462,0
1203,0.02012,3.4114,7.5462,0
1203.1,0.02012,3.4114,7.5462,0
1203.2,0.02012,3.4114,7.5462,0
1203.3,0.02012,3.4114,7.5462,0
1203.4,0.02012,3.41139,7.54619,0
1203.5,0.02012,3.41139,7.54619,0
1203.6,0.02012,3.41139,7.54619,0
1203.7,0.02012,3.41139,7.54619,0
1203.8,0.02012,3.41139,7.54619,0
1203.9,0.02012,3.41138,7.54619,0
1204,0.02012,3.41138,7.54619,0
1204.1,0.02012,3.41138,7.54619,0
1204.2,0.02012,3.41138,7.54619,0
1204.3,0.02012,3.41138,7.54618,0
1204.4,0.02012,3.41137,7.54618,0
1204.5,0.02012,3.41137,7.54618,0
1204.6,0.02012,3.41137,7.54618,0
1204.7,0.02012,3.41137,7.54618,0
1204.8,0.02012,3.41136,7.54618,0
1204.9,0.02012,3.41136,7.54618,0
1205,0.02012,3.41136,7.54618,0
1205.1,0.02012,3.41136,7.54618,0
1205.2,0.02012,3.41136,7.54617,0
1205.3,0.02012,3.41135,7.54617,0
1205.4,0.02012,3.41135,7.54617,0
1205.5,0.02012,3.41135,7.54617,0
1205.6,0.02012,3.41135,7.54617,0
1205.7,0.02012,3.41135,7.54617,0
1205.8,0.02012,3.41134,7.54617,0
1205.9,0.02012,3.41134,7.54617,0
1206,0.02012,3.41134,7.54617,0
1206.1,0.02012,3.41134,7.54616,0
1206.2,0.02012,3.41133,7.54616,0
1206.3,0.02012,3.41133,7.54616,0
1206.4,0.02012,3.41133,7.54616,0
1206.5,0.02012,3.41133,7.54616,0
1206.6,0.02012,3.41132,7.54616,0
1206.7,0.02012,3.41132,7.54616,0
1206.8,0.02012,3.41132,7.54616,0
1206.9,0.02012,3.41132,7.54616,0
1207,0.02012,3.41131,7.54615,0
1207.1,0.02012,3.41131,7.54615,0
1207.2,0.02012,3.41131,7.54615,0
1207.3,0.02012,3.41131,7.54615,0
1207.4,0.02012,3.41131,7.54615,0
1207.5,0.02012,3.4113,7.54615,0
1207.6,0.02012,3.4113,7.54615,0
1207.7,0.02012,3.4113,7.54615,0
1207.8,0.02012,3.4113,7.54615,0
1207.9,0.02012,3.41129,7.54615,0
1208,0.02012,3.41129,7.54614,0
1208.1,0.02012,3.41129,7.54614,0
1208.2,0.02012,3.41129,7.54614,0
1208.3,0.02012,3.41128,7.54614,0
1208.4,0.02012,3.41128,7.54614,0
1208.5,0.02012,3.41128,7.54614,0
1208.6,0.02012,3.41128,7.54614,0
1208.7,0.02012,3.41127,7.54614,0
1208.8,0.02012,3.41127,7.54614,0
1208.9,0.02012,3.41127,7.54614,0
1209,0.02012,3.41127,7.54613,0
1209.1,0.02012,3.41126,7.54613,0
1209.2,0.02012,3.41126,7.54613,0
1209.3,0.02012,3.41126,7.54613,0
1209.4,0.02012,3.41126,7.54613,0
1209.5,0.02012,3.41125,7.54613,0
1209.6,0.02012,3.41125,7.54613,0
1209.7,0.02012,3.41125,7.54613,0
1209.8,0.02012,3.41125,7.54613,0
1209.9,0.02012,3.41124,7.54612,0
1210,0.02012,3.41124,7.54612,0
1210.1,0.02012,3.41124,7.54612,0
1210.2,0.02012,3.41124,7.54612,0
1210.3,0.02012,3.41123,7.54612,0
1210.4,0.02012,3.41123,7.54612,0
1210.5,0.02012,3.41123,7.54612,0
1210.6,0.02012,3.41122,7.54612,0
1210.7,0.02012,3.41122,7.54612,0
1210.8,0.02012,3.41122,7.54612,0
1210.9,0.02012,3.41122,7.54611,0
1211,0.02012,3.41121,7.54611,0
1211.1,0.02012,3.41121,7.54611,0
1211.2,0.02012,3.41121,7.54611,0
1211.3,0.02012,3.41121,7.54611,0
1211.4,0.02012,3.4112,7.54611,0
1211.5,0.02012,3.4112,7.54611,0
1211.6,0.02012,3.4112,7.54611,0
1211.7,0.02012,3.4112,7.54611,0
1211.8,0.02012,3.41119,7.5461,0
1211.9,0.02012,3.41119,7.5461,0
1212,0.02012,3.41119,7.5461,0
1212.1,0.02012,3.41118,7.5461,0
1212.2,0.02012,3.41118,7.5461,0
1212.3,0.02012,3.41118,7.5461,0
1212.4,0.02012,3.41118,7.5461,0
1212.5,0.02012,3.41117,7.5461,0
1212.6,0.02012,3.41117,7.5461,0
1212.7,0.02012,3.41117,7.5461,0
1212.8,0.02012,3.41117,7.54609,0
1212.9,0.02012,3.41116,7.54609,0
1213,0.02012,3.41116,7.54609,0
1213.1,0.02012,3.41116,7.54609,0
1213.2,0.02012,3.41116,7.54609,0
1213.3,0.02012,3.41115,7.54609,0
1213.4,0.02012,3.41115,7.54609,0
1213.5,0.02012,3.41115,7.54609,0
1213.6,0.02012,3.41114,7.54609,0
1213.7,0.02012,3.41114,7.54608,0
1213.8,0.02012,3.41114,7.54608,0
1213.9,0.02012,3.41114,7.54608,0
1214,0.02012,3.41113,7.54608,0
1214.1,0.02012,3.41113,7.54608,0
1214.2,0.02012,3.41113,7.54608,0
1214.3,0.02012,3.41112,7.54608,0
1214.4,0.02012,3.41112,7.54608,0
1214.5,0.02012,3.41112,7.54608,0
1214.6,0.02012,3.41111,7.54608,0
1214.7,0.02012,3.41111,7.54607,0
1214.8,0.02012,3.41111,7.54607,0
1214.9,0.02012,3.41111,7.54607,0
1215,0.02012,3.4111,7.54607,0
1215.1,0.02012,3.4111,7.54607,0
1215.2,0.02012,3.4111,7.54607,0
1215.3,0.02012,3.41109,7.54607,0
1215.4,0.02012,3.41109,7.54607,0
1215.5,0.02012,3.41109,7.54607,0
1215.6,0.02012,3.41108,7.54607,0
1215.7,0.02012,3.41108,7.54606,0
1215.8,0.02012,3.41108,7.54606,0
1215.9,0.02012,3.41108,7.54606,0
1216,0.02012,3.41107,7.54606,0
1216.1,0.02012,3.41107,7.54606,0
1216.2,0.02012,3.41107,7.54606,0
1216.3,0.02012,3.41106,7.54606,0
1216.4,0.02012,3.41106,7.54606,0
1216.5,0.02012,3.41106,7.54606,0
1216.6,0.02012,3.41105,7.54606,0
1216.7,0.02012,3.41105,7.54606,0
1216.8,0.02012,3.41105,7.54605,0
1216.9,0.02012,3.41104,7.54605,0
1217,0.02012,3.41104,7.54605,0
1217.1,0.02012,3.41104,7.54605,0
1217.2,0.02012,3.41103,7.54605,0
1217.3,0.02012,3.41103,7.54605,0
1217.4,0.02012,3.41103,7.54605,0
1217.5,0.02012,3.41102,7.54605,0
1217.6,0.02012,3.41102,7.54605,0
1217.7,0.02012,3.41102,7.54605,0
1217.8,0.02012,3.41101,7.54604,0
1217.9,0.02012,3.41101,7.54604,0
1218,0.02012,3.41101,7.54604,0
1218.1,0.02012,3.41101,7.54604,0
1218.2,0.02012,3.411,7.54604,0
1218.3,0.02012,3.411,7.54604,0
1218.4,0.02012,3.411,7.54604,0
1218.5,0.02012,3.41099,7.54604,0
1218.6,0.02012,3.41099,7.54604,0
1218.7,0.02012,3.41099,7.54604,0
1218.8,0.02012,3.41098,7.54603,0
1218.9,0.02012,3.41098,7.54603,0
1219,0.02012,3.41098,7.54603,0
1219.1,0.02012,3.41097,7.54603,0
1219.2,0.02012,3.41097,7.54603,0
1219.3,0.02012,3.41097,7.54603,0
1219.4,0.02012,3.41096,7.54603,0
1219.5,0.02012,3.41096,7.54603,0
1219.6,0.02012,3.41096,7.54603,0
1219.7,0.02012,3.41095,7.54603,0
1219.8,0.02012,3.41095,7.54602,0
1219.9,0.02012,3.41095,7.54602,0
1220,0.02012,3.41094,7.54602,0
1220.1,0.02012,3.41094,7.54602,0
1220.2,0.02012,3.41094,7.54602,0
1220.3,0.02012,3.41093,7.54602,0
1220.4,0.02012,3.41093,7.54602,0
1220.5,0.02012,3.41093,7.54602,0
1220.6,0.02012,3.41092,7.54602,0
1220.7,0.02012,3.41092,7.54602,0
1220.8,0.02012,3.41092,7.54602,0
1220.9,0.02012,3.41091,7.54601,0
1221,0.02012,3.41091,7.54601,0
1221.1,0.02012,3.41091,7.54601,0
1221.2,0.02012,3.4109,7.54601,0
1221.3,0.02012,3.4109,7.54601,0
1221.4,0.02012,3.4109,7.54601,0
1221.5,0.02012,3.41089,7.54601,0
1221.6,0.02012,3.41089,7.54601,0
1221.7,0.02012,3.41089,7.54601,0
1221.8,0.02012,3.41089,7.54601,0
1221.9,0.02012,3.41088,7.54601,0
1222,0.02012,3.41088,7.546,0
1222.1,0.02012,3.41088,7.546,0
1222.2,0.02012,3.41087,7.546,0
1222.3,0.02012,3.41087,7.546,0
1222.4,0.02012,3.41087,7.546,0
1222.5,0.02012,3.41086,7.546,0
1222.6,0.02012,3.41086,7.546,0
1222.7,0.02012,3.41086,7.546,0
1222.8,0.02012,3.41085,7.546,0
1222.9,0.02012,3.41085,7.546,0
1223,0.02012,3.41085,7.54599,0
1223.1,0.02012,3.41084,7.54599,0
1223.2,0.02012,3.41084,7.54599,0
1223.3,0.02012,3.41084,7.54599,0
1223.4,0.02012,3.41083,7.54599,0
1223.5,0.02012,3.41083,7.54599,0
1223.6,0.02012,3.41083,7.54599,0
1223.7,0.02012,3.41082,7.54599,0
1223.8,0.02012,3.41082,7.54599,0
1223.9,0.02012,3.41082,7.54599,0
1224,0.02012,3.41081,7.54599,0
1224.1,0.02012,3.41081,7.54599,0
1224.2,0.02012,3.41081,7.54598,0
1224.3,0.02012,3.4108,7.54598,0
1224.4,0.02012,3.4108,7.54598,0
1224.5,0.02012,3.4108,7.54598,0
1224.6,0.02012,3.4108,7.54598,0
1224.7,0.02012,3.41079,7.54598,0
1224.8,0.02012,3.41079,7.54598,0
1224.9,0.02012,3.41079,7.54598,0
1225,0.02012,3.41078,7.54598,0
1225.1,0.02012,3.41078,7.54598,0
1225.2,0.02012,3.41078,7.54598,0
1225.3,0.02012,3.41077,7.54598,0
1225.4,0.02012,3.41077,7.54598,0
1225.5,0.02012,3.41077,7.54598,0
1225.6,0.02012,3.41076,7.54597,0
1225.7,0.02012,3.41076,7.54597,0
1225.8,0.02012,3.41076,7.54597,0
1225.9,0.02012,3.41075,7.54597,0
1226,0.02012,3.41075,7.54597,0
1226.1,0.02012,3.41075,7.54597,0
1226.2,0.02012,3.41074,7.54597,0
1226.3,0.02012,3.41074,7.54597,0
1226.4,0.02012,3.41074,7.54597,0
1226.5,0.02012,3.41073,7.54597,0
1226.6,0.02012,3.41073,7.54597,0
1226.7,0.02012,3.41072,7.54597,0
1226.8,0.02012,3.41072,7.54597,0
1226.9,0.02012,3.41072,7.54597,0
1227,0.02012,3.41071,7.54597,0
1227.1,0.02012,3.41071,7.54596,0
1227.2,0.02012,3.41071,7.54596,0
1227.3,0.02012,3.4107,7.54596,0
1227.4,0.02012,3.4107,7.54596,0
1227.5,0.02012,3.4107,7.54596,0
1227.6,0.02012,3.41069,7.54596,0
1227.7,0.02012,3.41069,7.54596,0
1227.8,0.02012,3.41068,7.54596,0
1227.9,0.02012,3.41068,7.54596,0
1228,0.02012,3.41068,7.54596,0
1228.1,0.02012,3.41067,7.54596,0
1228.2,0.02012,3.41067,7.54596,0
1228.3,0.02012,3.41067,7.54596,0
1228.4,0.02012,3.41066,7.54596,0
1228.5,0.02012,3.41066,7.54596,0
1228.6,0.02012,3.41066,7.54596,0
1228.7,0.02012,3.41065,7.54595,0
1228.8,0.02012,3.41065,7.54595,0
1228.9,0.02012,3.41064,7.54595,0
1229,0.02012,3.41064,7.54595,0
1229.1,0.02012,3.41064,7.54595,0
1229.2,0.02012,3.41063,7.54595,0
1229.3,0.02012,3.41063,7.54595,0
1229.4,0.02012,3.41063,7.54595,0
1229.5,0.02012,3.41062,7.54595,0
1229.6,0.02012,3.41062,7.54595,0
1229.7,0.02012,3.41062,7.54595,0
1229.8,0.02012,3.41061,7.54595,0
1229.9,0.02012,3.41061,7.54595,0
1230,0.02012,3.41061,7.54594,0
1230.1,0.02012,3.4106,7.54594,0
1230.2,0.02012,3.4106,7.54594,0
1230.3,0.02012,3.4106,7.54594,0
1230.4,0.02012,3.41059,7.54594,0
1230.5,0.02012,3.41059,7.54594,0
1230.6,0.02012,3.41059,7.54594,0
1230.7,0.02012,3.41058,7.54594,0
1230.8,0.02012,3.41058,7.54594,0
1230.9,0.02012,3.41057,7.54594,0
1231,0.02012,3.41057,7.54594,0
1231.1,0.02012,3.41057,7.54594,0
1231.2,0.02012,3.41056,7.54594,0
1231.3,0.02012,3.41056,7.54594,0
1231.4,0.02012,3.41056,7.54594,0
1231.5,0.02012,3.41055,7.54594,0
1231.6,0.02012,3.41055,7.54593,0
1231.7,0.02012,3.41055,7.54593,0
1231.8,0.02012,3.41054,7.54593,0
1231.9,0.02012,3.41054,7.54593,0
1232,0.02012,3.41054,7.54593,0
1232.1,0.02012,3.41053,7.54593,0
1232.2,0.02012,3.41053,7.54593,0
1232.3,0.02012,3.41053,7.54593,0
1232.4,0.02012,3.41052,7.54593,0
1232.5,0.02012,3.41052,7.54593,0
1232.6,0.02012,3.41051,7.54593,0
1232.7,0.02012,3.41051,7.54593,0
1232.8,0.02012,3.41051,7.54593,0
1232.9,0.02012,3.4105,7.54593,0
1233,0.02012,3.4105,7.54593,0
1233.1,0.02012,3.4105,7.54593,0
1233.2,0.02012,3.41049,7.54593,0
1233.3,0.02012,3.41049,7.54592,0
1233.4,0.02012,3.41049,7.54592,0
1233.5,0.02012,3.41048,7.54592,0
1233.6,0.02012,3.41048,7.54592,0
1233.7,0.02012,3.41048,7.54592,0
1233.8,0.02012,3.41047,7.54592,0
1233.9,0.02012,3.41047,7.54592,0
1234,0.02012,3.41047,7.54592,0
1234.1,0.02012,3.41046,7.54592,0
1234.2,0.02012,3.41046,7.54592,0
1234.3,0.02012,3.41046,7.54592,0
1234.4,0.02012,3.41045,7.54592,0
1234.5,0.02012,3.41045,7.54592,0
1234.6,0.02012,3.41045,7.54592,0
1234.7,0.02012,3.41044,7.54592,0
1234.8,0.02012,3.41044,7.54592,0
1234.9,0.02012,3.41044,7.54592,0
1235,0.02012,3.41043,7.54591,0
1235.1,0.02012,3.41043,7.54591,0
1235.2,0.02012,3.41043,7.54591,0
1235.3,0.02012,3.41042,7.54591,0
1235.4,0.02012,3.41042,7.54591,0
1235.5,0.02012,3.41042,7.54591,0
1235.6,0.02012,3.41041,7.54591,0
1235.7,0.02012,3.41041,7.54591,0
1235.8,0.02012,3.41041,7.54591,0
1235.9,0.02012,3.41041,7.54591,0
1236,0.02012,3.4104,7.54591,0
1236.1,0.02012,3.4104,7.54591,0
1236.2,0.02012,3.4104,7.54591,0
1236.3,0.02012,3.41039,7.54591,0
1236.4,0.02012,3.41039,7.54591,0
1236.5,0.02012,3.41039,7.54591,0
1236.6,0.02012,3.41038,7.54591,0
1236.7,0.02012,3.41038,7.54591,0
1236.8,0.02012,3.41038,7.54591,0
1236.9,0.02012,3.41037,7.54591,0
1237,0.02012,3.41037,7.54591,0
1237.1,0.02012,3.41037,7.54591,0
1237.2,0.02012,3.41036,7.5459,0
1237.3,0.02012,3.41036,7.5459,0
1237.4,0.02012,3.41036,7.5459,0
1237.5,0.02012,3.41035,7.5459,0
1237.6,0.02012,3.41035,7.5459,0
1237.7,0.02012,3.41035,7.5459,0
1237.8,0.02012,3.41034,7.5459,0
1237.9,0.02012,3.41034,7.5459,0
1238,0.02012,3.41034,7.5459,0
1238.1,0.02012,3.41033,7.5459,0
1238.2,0.02012,3.41033,7.5459,0
1238.3,0.02012,3.41033,7.5459,0
1238.4,0.02012,3.41032,7.5459,0
1238.5,0.02012,3.41032,7.5459,0
1238.6,0.02012,3.41032,7.5459,0
1238.7,0.02012,3.41031,7.5459,0
1238.8,0.02012,3.41031,7.5459,0
1238.9,0.02012,3.41031,7.5459,0
1239,0.02012,3.4103,7.5459,0
1239.1,0.02012,3.4103,7.5459,0
1239.2,0.02012,3.4103,7.5459,0
1239.3,0.02012,3.4103,7.5459,0
1239.4,0.02012,3.41029,7.5459,0
1239.5,0.02012,3.41029,7.5459,0
1239.6,0.02012,3.41029,7.5459,0
1239.7,0.02012,3.41028,7.5459,0
1239.8,0.02012,3.41028,7.5459,0
1239.9,0.02012,3.41028,7.54589,0
1240,0.02012,3.41027,7.54589,0
1240.1,0.02012,3.41027,7.54589,0
1240.2,0.02012,3.41027,7.54589,0
1240.3,0.02012,3.41026,7.54589,0
1240.4,0.02012,3.41026,7.54589,0
1240.5,0.02012,3.41026,7.54589,0
1240.6,0.02012,3.41025,7.54589,0
1240.7,0.02012,3.41025,7.54589,0
1240.8,0.02012,3.41025,7.54589,0
1240.9,0.02012,3.41024,7.54589,0
1241,0.02012,3.41024,7.54589,0
1241.1,0.02012,3.41024,7.54589,0
1241.2,0.02012,3.41023,7.54589,0
1241.3,0.02012,3.41023,7.54589,0
1241.4,0.02012,3.41023,7.54589,0
1241.5,0.02012,3.41022,7.54589,0
1241.6,0.02012,3.41022,7.54589,0
1241.7,0.02012,3.41022,7.54589,0
1241.8,0.02012,3.41021,7.54589,0
1241.9,0.02012,3.41021,7.54589,0
1242,0.02012,3.41021,7.54589,0
1242.1,0.02012,3.4102,7.54589,0
1242.2,0.02012,3.4102,7.54589,0
1242.3,0.02012,3.4102,7.54589,0
1242.4,0.02012,3.4102,7.54589,0
1242.5,0.02012,3.41019,7.54589,0
1242.6,0.02012,3.41019,7.54588,0
1242.7,0.02012,3.41019,7.54588,0
1242.8,0.02012,3.41018,7.54588,0
1242.9,0.02012,3.41018,7.54588,0
1243,0.02012,3.41018,7.54588,0
1243.1,0.02012,3.41017,7.54588,0
1243.2,0.02012,3.41017,7.54588,0
1243.3,0.02012,3.41017,7.54588,0
1243.4,0.02012,3.41016,7.54588,0
1243.5,0.02012,3.41016,7.54588,0
1243.6,0.02012,3.41016,7.54588,0
1243.7,0.02012,3.41015,7.54588,0
1243.8,0.02012,3.41015,7.54588,0
1243.9,0.02012,3.41015,7.54588,0
1244,0.02012,3.41014,7.54588,0
1244.1,0.02012,3.41014,7.54588,0
1244.2,0.02012,3.41014,7.54588,0
1244.3,0.02012,3.41013,7.54588,0
1244.4,0.02012,3.41013,7.54588,0
1244.5,0.02012,3.41013,7.54588,0
1244.6,0.02012,3.41012,7.54588,0
1244.7,0.02012,3.41012,7.54588,0
1244.8,0.02012,3.41012,7.54588,0
1244.9,0.02012,3.41011,7.54588,0
1245,0.02012,3.41011,7.54588,0
1245.1,0.02012,3.41011,7.54588,0
1245.2,0.02012,3.4101,7.54588,0
1245.3,0.02012,3.4101,7.54588,0
1245.4,0.02012,3.4101,7.54588,0
1245.5,0.02012,3.41009,7.54587,0
1245.6,0.02012,3.41009,7.54587,0
1245.7,0.02012,3.41009,7.54587,0
1245.8,0.02012,3.41008,7.54587,0
1245.9,0.02012,3.41008,7.54587,0
1246,0.02012,3.41008,7.54587,0
1246.1,0.02012,3.41007,7.54587,0
1246.2,0.02012,3.41007,7.54587,0
1246.3,0.02012,3.41007,7.54587,0
1246.4,0.02012,3.41006,7.54587,0
1246.5,0.02012,3.41006,7.54587,0
1246.6,0.02012,3.41006,7.54587,0
1246.7,0.02012,3.41005,7.54587,0
1246.8,0.02011,3.41005,7.54587,0
1246.9,0.02011,3.41005,7.54587,0
1247,0.02011,3.41004,7.54587,0
1247.1,0.02011,3.41004,7.54587,0
1247.2,0.02011,3.41004,7.54587,0
1247.3,0.02011,3.41003,7.54587,0
1247.4,0.02011,3.41003,7.54587,0
1247.5,0.02011,3.41003,7.54587,0
1247.6,0.02011,3.41002,7.54587,0
1247.7,0.02011,3.41002,7.54587,0
1247.8,0.02011,3.41002,7.54587,0
1247.9,0.02011,3.41001,7.54587,0
1248,0.02011,3.41001,7.54586,0
1248.1,0.02011,3.41001,7.54586,0
1248.2,0.02011,3.41,7.54586,0
1248.3,0.02011,3.41,7.54586,0
1248.4,0.02011,3.41,7.54586,0
1248.5,0.02011,3.40999,7.54586,0
1248.6,0.02011,3.40999,7.54586,0
1248.7,0.02011,3.40999,7.54586,0
1248.8,0.02011,3.40998,7.54586,0
1248.9,0.02011,3.40998,7.54586,0
1249,0.02011,3.40998,7.54586,0
1249.1,0.02011,3.40997,7.54586,0
1249.2,0.02011,3.40997,7.54586,0
1249.3,0.02011,3.40997,7.54586,0
1249.4,0.02011,3.40996,7.54586,0
1249.5,0.02011,3.40996,7.54586,0
1249.6,0.02011,3.40996,7.54586,0
1249.7,0.02011,3.40996,7.54585,0
1249.8,0.02011,3.40995,7.54585,0
1249.9,0.02011,3.40995,7.54585,0
1250,0.02011,3.40995,7.54585,0
1250.1,0.02011,3.40994,7.54585,0
1250.2,0.02011,3.40994,7.54585,0
1250.3,0.02011,3.40994,7.54585,0
1250.4,0.02011,3.40993,7.54585,0
1250.5,0.02011,3.40993,7.54585,0
1250.6,0.02011,3.40993,7.54585,0
1250.7,0.02011,3.40992,7.54585,0
1250.8,0.02011,3.40992,7.54585,0
1250.9,0.02011,3.40992,7.54585,0
1251,0.02011,3.40991,7.54585,0
1251.1,0.02011,3.40991,7.54585,0
1251.2,0.02011,3.40991,7.54584,0
1251.3,0.02011,3.40991,7.54584,0
1251.4,0.02011,3.4099,7.54584,0
1251.5,0.02011,3.4099,7.54584,0
1251.6,0.02011,3.4099,7.54584,0
1251.7,0.02011,3.40989,7.54584,0
1251.8,0.02011,3.40989,7.54584,0
1251.9,0.02011,3.40989,7.54584,0
1252,0.02011,3.40988,7.54584,0
1252.1,0.02011,3.40988,7.54584,0
1252.2,0.02011,3.40988,7.54584,0
1252.3,0.02011,3.40987,7.54584,0
1252.4,0.02011,3.40987,7.54584,0
1252.5,0.02011,3.40987,7.54584,0
1252.6,0.02011,3.40986,7.54584,0
1252.7,0.02011,3.40986,7.54584,0
1252.8,0.02011,3.40986,7.54583,0
1252.9,0.02011,3.40985,7.54583,0
1253,0.02011,3.40985,7.54583,0
1253.1,0.02011,3.40985,7.54583,0
1253.2,0.02011,3.40985,7.54583,0
1253.3,0.02011,3.40984,7.54583,0
1253.4,0.02011,3.40984,7.54583,0
1253.5,0.02011,3.40984,7.54583,0
1253.6,0.02011,3.40983,7.54583,0
1253.7,0.02011,3.40983,7.54583,0
1253.8,0.02011,3.40983,7.54583,0
1253.9,0.02011,3.40982,7.54583,0
1254,0.02011,3.40982,7.54583,0
1254.1,0.02011,3.40982,7.54583,0
1254.2,0.02011,3.40981,7.54583,0
1254.3,0.02011,3.40981,7.54582,0
1254.4,0.02011,3.40981,7.54582,0
1254.5,0.02011,3.4098,7.54582,0
1254.6,0.02011,3.4098,7.54582,0
1254.7,0.02011,3.4098,7.54582,0
1254.8,0.02011,3.4098,7.54582,0
1254.9,0.02011,3.40979,7.54582,0
1255,0.02011,3.40979,7.54582,0
1255.1,0.02011,3.40979,7.54582,0
1255.2,0.02011,3.40978,7.54582,0
1255.3,0.02011,3.40978,7.54582,0
1255.4,0.02011,3.40978,7.54582,0
1255.5,0.02011,3.40977,7.54582,0
1255.6,0.02011,3.40977,7.54582,0
1255.7,0.02011,3.40977,7.54581,0
1255.8,0.02011,3.40976,7.54581,0
1255.9,0.02011,3.40976,7.54581,0
1256,0.02011,3.40976,7.54581,0
1256.1,0.02011,3.40975,7.54581,0
1256.2,0.02011,3.40975,7.54581,0
1256.3,0.02011,3.40975,7.54581,0
1256.4,0.02011,3.40975,7.54581,0
1256.5,0.02011,3.40974,7.54581,0
1256.6,0.02011,3.40974,7.54581,0
1256.7,0.02011,3.40974,7.54581,0
1256.8,0.02011,3.40973,7.54581,0
1256.9,0.02011,3.40973,7.54581,0
1257,0.02011,3.40973,7.5458,0
1257.1,0.02011,3.40972,7.5458,0
1257.2,0.02011,3.40972,7.5458,0
1257.3,0.02011,3.40972,7.5458,0
1257.4,0.02011,3.40971,7.5458,0
1257.5,0.02011,3.40971,7.5458,0
1257.6,0.02011,3.40971,7.5458,0
1257.7,0.02011,3.4097,7.5458,0
1257.8,0.02011,3.4097,7.5458,0
1257.9,0.02011,3.4097,7.5458,0
1258,0.02011,3.4097,7.5458,0
1258.1,0.02011,3.40969,7.5458,0
1258.2,0.02011,3.40969,7.5458,0
1258.3,0.02011,3.40969,7.5458,0
1258.4,0.02011,3.40968,7.54579,0
1258.5,0.02011,3.40968,7.54579,0
1258.6,0.02011,3.40968,7.54579,0
1258.7,0.02011,3.40967,7.54579,0
1258.8,0.02011,3.40967,7.54579,0
1258.9,0.02011,3.40967,7.54579,0
1259,0.02011,3.40966,7.54579,0
1259.1,0.02011,3.40966,7.54579,0
1259.2,0.02011,3.40966,7.54579,0
1259.3,0.02011,3.40965,7.54579,0
1259.4,0.02011,3.40965,7.54579,0
1259.5,0.02011,3.40965,7.54579,0
1259.6,0.02011,3.40965,7.54578,0
1259.7,0.02011,3.40964,7.54578,0
1259.8,0.02011,3.40964,7.54578,0
1259.9,0.02011,3.40964,7.54578,0
1260,0.02011,3.40963,7.54578,0
1260.1,0.02011,3.40963,7.54578,0
1260.2,0.02011,3.40963,7.54578,0
1260.3,0.02011,3.40962,7.54578,0
1260.4,0.02011,3.40962,7.54578,0
1260.5,0.02011,3.40962,7.54578,0
1260.6,0.02011,3.40961,7.54578,0
1260.7,0.02011,3.40961,7.54578,0
1260.8,0.02011,3.40961,7.54577,0
1260.9,0.02011,3.4096,7.54577,0
1261,0.02011,3.4096,7.54577,0
1261.1,0.02011,3.4096,7.54577,0
1261.2,0.02011,3.4096,7.54577,0
1261.3,0.02011,3.40959,7.54577,0
1261.4,0.02011,3.40959,7.54577,0
1261.5,0.02011,3.40959,7.54577,0
1261.6,0.02011,3.40958,7.54577,0
1261.7,0.02011,3.40958,7.54577,0
1261.8,0.02011,3.40958,7.54577,0
1261.9,0.02011,3.40957,7.54576,0
1262,0.02011,3.40957,7.54576,0
1262.1,0.02011,3.40957,7.54576,0
1262.2,0.02011,3.40957,7.54576,0
1262.3,0.02011,3.40956,7.54576,0
1262.4,0.02011,3.40956,7.54576,0
1262.5,0.02011,3.40956,7.54576,0
1262.6,0.02011,3.40955,7.54576,0
1262.7,0.02011,3.40955,7.54576,0
1262.8,0.02011,3.40955,7.54576,0
1262.9,0.02011,3.40954,7.54576,0
1263,0.02011,3.40954,7.54575,0
1263.1,0.02011,3.40954,7.54575,0
1263.2,0.02011,3.40954,7.54575,0
1263.3,0.02011,3.40953,7.54575,0
1263.4,0.02011,3.40953,7.54575,0
1263.5,0.02011,3.40953,7.54575,0
1263.6,0.02011,3.40952,7.54575,0
1263.7,0.02011,3.40952,7.54575,0
1263.8,0.02011,3.40952,7.54575,0
1263.9,0.02011,3.40951,7.54575,0
1264,0.02011,3.40951,7.54575,0
1264.1,0.02011,3.40951,7.54574,0
1264.2,0.02011,3.40951,7.54574,0
1264.3,0.02011,3.4095,7.54574,0
1264.4,0.02011,3.4095,7.54574,0
1264.5,0.02011,3.4095,7.54574,0
1264.6,0.02011,3.40949,7.54574,0
1264.7,0.02011,3.40949,7.54574,0
1264.8,0.02011,3.40949,7.54574,0
1264.9,0.02011,3.40948,7.54574,0
1265,0.02011,3.40948,7.54574,0
1265.1,0.02011,3.40948,7.54574,0
1265.2,0.02011,3.40948,7.54573,0
1265.3,0.02011,3.40947,7.54573,0
1265.4,0.02011,3.40947,7.54573,0
1265.5,0.02011,3.40947,7.54573,0
1265.6,0.02011,3.40946,7.54573,0
1265.7,0.02011,3.40946,7.54573,0
1265.8,0.02011,3.40946,7.54573,0
1265.9,0.02011,3.40945,7.54573,0
1266,0.02011,3.40945,7.54573,0
1266.1,0.02011,3.40945,7.54573,0
1266.2,0.02011,3.40945,7.54573,0
1266.3,0.02011,3.40944,7.54572,0
1266.4,0.02011,3.40944,7.54572,0
1266.5,0.02011,3.40944,7.54572,0
1266.6,0.02011,3.40943,7.54572,0
1266.7,0.02011,3.40943,7.54572,0
1266.8,0.02011,3.40943,7.54572,0
1266.9,0.02011,3.40942,7.54572,0
1267,0.02011,3.40942,7.54572,0
1267.1,0.02011,3.40942,7.54572,0
1267.2,0.02011,3.40942,7.54572,0
1267.3,0.02011,3.40941,7.54571,0
1267.4,0.02011,3.40941,7.54571,0
1267.5,0.02011,3.40941,7.54571,0
1267.6,0.02011,3.4094,7.54571,0
1267.7,0.02011,3.4094,7.54571,0
1267.8,0.02011,3.4094,7.54571,0
1267.9,0.02011,3.40939,7.54571,0
1268,0.02011,3.40939,7.54571,0
1268.1,0.02011,3.40939,7.54571,0
1268.2,0.02011,3.40939,7.54571,0
1268.3,0.02011,3.40938,7.5457,0
1268.4,0.02011,3.40938,7.5457,0
1268.5,0.02011,3.40938,7.5457,0
1268.6,0.02011,3.40937,7.5457,0
1268.7,0.02011,3.40937,7.5457,0
1268.8,0.02011,3.40937,7.5457,0
1268.9,0.02011,3.40937,7.5457,0
1269,0.02011,3.40936,7.5457,0
1269.1,0.02011,3.40936,7.5457,0
1269.2,0.02011,3.40936,7.5457,0
1269.3,0.02011,3.40935,7.54569,0
1269.4,0.02011,3.40935,7.54569,0
1269.5,0.02011,3.40935,7.54569,0
1269.6,0.02011,3.40935,7.54569,0
1269.7,0.02011,3.40934,7.54569,0
1269.8,0.02011,3.40934,7.54569,0
1269.9,0.02011,3.40934,7.54569,0
1270,0.02011,3.40933,7.54569,0
1270.1,0.02011,3.40933,7.54569,0
1270.2,0.02011,3.40933,7.54568,0
1270.3,0.02011,3.40932,7.54568,0
1270.4,0.02011,3.40932,7.54568,0
1270.5,0.02011,3.40932,7.54568,0
1270.6,0.02011,3.40932,7.54568,0
1270.7,0.02011,3.40931,7.54568,0
1270.8,0.02011,3.40931,7.54568,0
1270.9,0.02011,3.40931,7.54568,0
1271,0.02011,3.4093,7.54567,0
1271.1,0.02011,3.4093,7.54567,0
1271.2,0.02011,3.4093,7.54567,0
1271.3,0.02011,3.4093,7.54567,0
1271.4,0.02011,3.40929,7.54567,0
1271.5,0.02011,3.40929,7.54567,0
1271.6,0.02011,3.40929,7.54567,0
1271.7,0.02011,3.40928,7.54567,0
1271.8,0.02011,3.40928,7.54566,0
1271.9,0.02011,3.40928,7.54566,0
1272,0.02011,3.40928,7.54566,0
1272.1,0.02011,3.40927,7.54566,0
1272.2,0.02011,3.40927,7.54566,0
1272.3,0.02011,3.40927,7.54566,0
1272.4,0.02011,3.40926,7.54566,0
1272.5,0.02011,3.40926,7.54566,0
1272.6,0.02011,3.40926,7.54565,0
1272.7,0.02011,3.40926,7.54565,0
1272.8,0.02011,3.40925,7.54565,0
1272.9,0.02011,3.40925,7.54565,0
1273,0.02011,3.40925,7.54565,0
1273.1,0.02011,3.40924,7.54565,0
1273.2,0.02011,3.40924,7.54565,0
1273.3,0.02011,3.40924,7.54564,0
1273.4,0.02011,3.40924,7.54564,0
1273.5,0.02011,3.40923,7.54564,0
1273.6,0.02011,3.40923,7.54564,0
1273.7,0.02011,3.40923,7.54564,0
1273.8,0.02011,3.40922,7.54564,0
1273.9,0.02011,3.40922,7.54564,0
1274,0.02011,3.40922,7.54563,0
1274.1,0.02011,3.40922,7.54563,0
1274.2,0.02011,3.40921,7.54563,0
1274.3,0.02011,3.40921,7.54563,0
1274.4,0.02011,3.40921,7.54563,0
1274.5,0.02011,3.4092,7.54563,0
1274.6,0.02011,3.4092,7.54562,0
1274.7,0.02011,3.4092,7.54562,0
1274.8,0.02011,3.4092,7.54562,0
1274.9,0.02011,3.40919,7.54562,0
1275,0.02011,3.40919,7.54562,0
1275.1,0.02011,3.40919,7.54562,0
1275.2,0.02011,3.40919,7.54561,0
1275.3,0.02011,3.40918,7.54561,0
1275.4,0.02011,3.40918,7.54561,0
1275.5,0.02011,3.40918,7.54561,0
1275.6,0.02011,3.40917,7.54561,0
1275.7,0.02011,3.40917,7.54561,0
1275.8,0.02011,3.40917,7.5456,0
1275.9,0.02011,3.40917,7.5456,0
1276,0.02011,3.40916,7.5456,0
1276.1,0.02011,3.40916,7.5456,0
1276.2,0.02011,3.40916,7.5456,0
1276.3,0.02011,3.40916,7.5456,0
1276.4,0.02011,3.40915,7.54559,0
1276.5,0.02011,3.40915,7.54559,0
1276.6,0.02011,3.40915,7.54559,0
1276.7,0.02011,3.40914,7.54559,0
1276.8,0.02011,3.40914,7.54559,0
1276.9,0.02011,3.40914,7.54558,0
1277,0.02011,3.40914,7.54558,0
1277.1,0.02011,3.40913,7.54558,0
1277.2,0.02011,3.40913,7.54558,0
1277.3,0.02011,3.40913,7.54558,0
1277.4,0.02011,3.40913,7.54558,0
1277.5,0.02011,3.40912,7.54557,0
1277.6,0.02011,3.40912,7.54557,0
1277.7,0.02011,3.40912,7.54557,0
1277.8,0.02011,3.40912,7.54557,0
1277.9,0.02011,3.40911,7.54557,0
1278,0.02011,3.40911,7.54556,0
1278.1,0.02011,3.40911,7.54556,0
1278.2,0.02011,3.4091,7.54556,0
1278.3,0.02011,3.4091,7.54556,0
1278.4,0.02011,3.4091,7.54556,0
1278.5,0.02011,3.4091,7.54555,0
1278.6,0.02011,3.40909,7.54555,0
1278.7,0.02011,3.40909,7.54555,0
1278.8,0.02011,3.40909,7.54555,0
1278.9,0.02011,3.40909,7.54555,0
1279,0.02011,3.40908,7.54555,0
1279.1,0.02011,3.40908,7.54554,0
1279.2,0.02011,3.40908,7.54554,0
1279.3,0.02011,3.40908,7.54554,0
1279.4,0.02011,3.40907,7.54554,0
1279.5,0.02011,3.40907,7.54554,0
1279.6,0.02011,3.40907,7.54553,0
1279.7,0.02011,3.40907,7.54553,0
1279.8,0.02011,3.40906,7.54553,0
1279.9,0.02011,3.40906,7.54553,0
1280,0.02011,3.40906,7.54553,0
1280.1,0.02011,3.40906,7.54552,0
1280.2,0.02011,3.40905,7.54552,0
1280.3,0.02011,3.40905,7.54552,0
1280.4,0.02011,3.40905,7.54552,0
1280.5,0.02011,3.40905,7.54552,0
1280.6,0.02011,3.40904,7.54551,0
1280.7,0.02011,3.40904,7.54551,0
1280.8,0.02011,3.40904,7.54551,0
1280.9,0.02011,3.40904,7.54551,0
1281,0.02011,3.40903,7.54551,0
1281.1,0.02011,3.40903,7.5455,0
1281.2,0.02011,3.40903,7.5455,0
1281.3,0.02011,3.40903,7.5455,0
1281.4,0.02011,3.40902,7.5455,0
1281.5,0.02011,3.40902,7.5455,0
1281.6,0.02011,3.40902,7.54549,0
1281.7,0.02011,3.40902,7.54549,0
1281.8,0.02011,3.40901,7.54549,0
1281.9,0.02011,3.40901,7.54549,0
1282,0.02011,3.40901,7.54549,0
1282.1,0.02011,3.40901,7.54548,0
1282.2,0.02011,3.409,7.54548,0
1282.3,0.02011,3.409,7.54548,0
1282.4,0.02011,3.409,7.54548,0
1282.5,0.02011,3.409,7.54548,0
1282.6,0.02011,3.40899,7.54547,0
1282.7,0.02011,3.40899,7.54547,0
1282.8,0.02011,3.40899,7.54547,0
1282.9,0.02011,3.40899,7.54547,0
1283,0.02011,3.40898,7.54547,0
1283.1,0.02011,3.40898,7.54546,0
1283.2,0.02011,3.40898,7.54546,0
1283.3,0.02011,3.40898,7.54546,0
1283.4,0.02011,3.40898,7.54546,0
1283.5,0.02011,3.40897,7.54546,0
1283.6,0.02011,3.40897,7.54545,0
1283.7,0.02011,3.40897,7.54545,0
1283.8,0.02011,3.40897,7.54545,0
1283.9,0.02011,3.40896,7.54545,0
1284,0.02011,3.40896,7.54545,0
1284.1,0.02011,3.40896,7.54544,0
1284.2,0.02011,3.40896,7.54544,0
1284.3,0.02011,3.40895,7.54544,0
1284.4,0.02011,3.40895,7.54544,0
1284.5,0.02011,3.40895,7.54543,0
1284.6,0.02011,3.40895,7.54543,0
1284.7,0.02011,3.40894,7.54543,0
1284.8,0.02011,3.40894,7.54543,0
1284.9,0.02011,3.40894,7.54543,0
1285,0.02011,3.40894,7.54542,0
1285.1,0.02011,3.40893,7.54542,0
1285.2,0.02011,3.40893,7.54542,0
1285.3,0.02011,3.40893,7.54542,0
1285.4,0.02011,3.40893,7.54542,0
1285.5,0.02011,3.40892,7.54541,0
1285.6,0.02011,3.40892,7.54541,0
1285.7,0.02011,3.40892,7.54541,0
1285.8,0.02011,3.40892,7.54541,0
1285.9,0.02011,3.40891,7.5454,0
1286,0.02011,3.40891,7.5454,0
1286.1,0.02011,3.40891,7.5454,0
1286.2,0.02011,3.4089,7.5454,0
1286.3,0.02011,3.4089,7.5454,0
1286.4,0.02011,3.4089,7.54539,0
1286.5,0.02011,3.4089,7.54539,0
1286.6,0.02011,3.40889,7.54539,0
1286.7,0.02011,3.40889,7.54539,0
1286.8,0.02011,3.40889,7.54539,0
1286.9,0.02011,3.40889,7.54538,0
1287,0.02011,3.40888,7.54538,0
1287.1,0.02011,3.40888,7.54538,0
1287.2,0.02011,3.40888,7.54538,0
1287.3,0.02011,3.40888,7.54537,0
1287.4,0.02011,3.40887,7.54537,0
1287.5,0.02011,3.40887,7.54537,0
1287.6,0.02011,3.40887,7.54537,0
1287.7,0.02011,3.40887,7.54537,0
1287.8,0.02011,3.40886,7.54536,0
1287.9,0.02011,3.40886,7.54536,0
1288,0.02011,3.40886,7.54536,0
1288.1,0.02011,3.40886,7.54536,0
1288.2,0.02011,3.40885,7.54535,0
1288.3,0.02011,3.40885,7.54535,0
1288.4,0.02011,3.40885,7.54535,0
1288.5,0.02011,3.40885,7.54535,0
1288.6,0.02011,3.40884,7.54535,0
1288.7,0.02011,3.40884,7.54534,0
1288.8,0.02011,3.40884,7.54534,0
1288.9,0.02011,3.40883,7.54534,0
1289,0.02011,3.40883,7.54534,0
1289.1,0.02011,3.40883,7.54534,0
1289.2,0.02011,3.40883,7.54533,0
1289.3,0.02011,3.40882,7.54533,0
1289.4,0.02011,3.40882,7.54533,0
1289.5,0.02011,3.40882,7.54533,0
1289.6,0.02011,3.40882,7.54532,0
1289.7,0.02011,3.40881,7.54532,0
1289.8,0.02011,3.40881,7.54532,0
1289.9,0.02011,3.40881,7.54532,0
1290,0.02011,3.40881,7.54532,0
1290.1,0.02011,3.4088,7.54531,0
1290.2,0.02011,3.4088,7.54531,0
1290.3,0.02011,3.4088,7.54531,0
1290.4,0.02011,3.4088,7.54531,0
1290.5,0.02011,3.40879,7.5453,0
1290.6,0.02011,3.40879,7.5453,0
1290.7,0.02011,3.40879,7.5453,0
1290.8,0.02011,3.40879,7.5453,0
1290.9,0.02011,3.40878,7.5453,0
1291,0.02011,3.40878,7.54529,0
1291.1,0.02011,3.40878,7.54529,0
1291.2,0.02011,3.40878,7.54529,0
1291.3,0.02011,3.40877,7.54529,0
1291.4,0.02011,3.40877,7.54528,0
1291.5,0.02011,3.40877,7.54528,0
1291.6,0.02011,3.40877,7.54528,0
1291.7,0.02011,3.40876,7.54528,0
1291.8,0.02011,3.40876,7.54528,0
1291.9,0.02011,3.40876,7.54527,0
1292,0.02011,3.40876,7.54527,0
1292.1,0.02011,3.40875,7.54527,0
1292.2,0.02011,3.40875,7.54527,0
1292.3,0.02011,3.40875,7.54526,0
1292.4,0.02011,3.40875,7.54526,0
1292.5,0.02011,3.40874,7.54526,0
1292.6,0.02011,3.40874,7.54526,0
1292.7,0.02011,3.40874,7.54525,0
1292.8,0.02011,3.40874,7.54525,0
1292.9,0.02011,3.40873,7.54525,0
1293,0.02011,3.40873,7.54525,0
1293.1,0.02011,3.40873,7.54525,0
1293.2,0.02011,3.40873,7.54524,0
1293.3,0.02011,3.40873,7.54524,0
1293.4,0.02011,3.40872,7.54524,0
1293.5,0.02011,3.40872,7.54524,0
1293.6,0.02011,3.40872,7.54523,0
1293.7,0.02011,3.40872,7.54523,0
1293.8,0.02011,3.40871,7.54523,0
1293.9,0.02011,3.40871,7.54523,0
1294,0.02011,3.40871,7.54523,0
1294.1,0.02011,3.40871,7.54522,0
1294.2,0.02011,3.4087,7.54522,0
1294.3,0.02011,3.4087,7.54522,0
1294.4,0.02011,3.4087,7.54522,0
1294.5,0.02011,3.4087,7.54521,0
1294.6,0.02011,3.40869,7.54521,0
1294.7,0.02011,3.40869,7.54521,0
1294.8,0.02011,3.40869,7.54521,0
1294.9,0.02011,3.40869,7.5452,0
1295,0.02011,3.40868,7.5452,0
1295.1,0.02011,3.40868,7.5452,0
1295.2,0.02011,3.40868,7.5452,0
1295.3,0.02011,3.40868,7.54519,0
1295.4,0.02011,3.40867,7.54519,0
1295.5,0.02011,3.40867,7.54519,0
1295.6,0.02011,3.40867,7.54519,0
1295.7,0.02011,3.40867,7.54519,0
1295.8,0.02011,3.40867,7.54518,0
1295.9,0.02011,3.40866,7.54518,0
1296,0.02011,3.40866,7.54518,0
1296.1,0.02011,3.40866,7.54518,0
1296.2,0.02011,3.40866,7.54517,0
1296.3,0.02011,3.40865,7.54517,0
1296.4,0.02011,3.40865,7.54517,0
1296.5,0.02011,3.40865,7.54517,0
1296.6,0.02011,3.40865,7.54516,0
1296.7,0.02011,3.40864,7.54516,0
1296.8,0.02011,3.40864,7.54516,0
1296.9,0.02011,3.40864,7.54516,0
1297,0.02011,3.40864,7.54515,0
1297.1,0.02011,3.40863,7.54515,0
1297.2,0.02011,3.40863,7.54515,0
1297.3,0.02011,3.40863,7.54515,0
1297.4,0.02011,3.40863,7.54515,0
1297.5,0.02011,3.40863,7.54514,0
1297.6,0.02011,3.40862,7.54514,0
1297.7,0.02011,3.40862,7.54514,0
1297.8,0.02011,3.40862,7.54514,0
1297.9,0.02011,3.40862,7.54513,0
1298,0.02011,3.40861,7.54513,0
1298.1,0.02011,3.40861,7.54513,0
1298.2,0.02011,3.40861,7.54513,0
1298.3,0.02011,3.40861,7.54512,0
1298.4,0.02011,3.4086,7.54512,0
1298.5,0.02011,3.4086,7.54512,0
1298.6,0.02011,3.4086,7.54512,0
1298.7,0.02011,3.4086,7.54511,0
1298.8,0.02011,3.40859,7.54511,0
1298.9,0.02011,3.40859,7.54511,0
1299,0.02011,3.40859,7.54511,0
1299.1,0.02011,3.40859,7.5451,0
1299.2,0.02011,3.40859,7.5451,0
1299.3,0.02011,3.40858,7.5451,0
1299.4,0.02011,3.40858,7.5451,0
1299.5,0.02011,3.40858,7.54509,0
1299.6,0.02011,3.40858,7.54509,0
1299.7,0.02011,3.40857,7.54509,0
1299.8,0.02011,3.40857,7.54509,0
1299.9,0.02011,3.40857,7.54508,0
1300,0.02011,3.40857,7.54508,0
1300.1,0.02011,3.40856,7.54508,0
1300.2,0.02011,3.40856,7.54508,0
1300.3,0.02011,3.40856,7.54507,0
1300.4,0.02011,3.40856,7.54507,0
1300.5,0.02011,3.40855,7.54507,0
1300.6,0.02011,3.40855,7.54507,0
1300.7,0.02011,3.40855,7.54506,0
1300.8,0.02011,3.40855,7.54506,0
1300.9,0.02011,3.40855,7.54506,0
1301,0.02011,3.40854,7.54506,0
1301.1,0.02011,3.40854,7.54506,0
1301.2,0.02011,3.40854,7.54505,0
1301.3,0.02011,3.40854,7.54505,0
1301.4,0.02011,3.40853,7.54505,0
1301.5,0.02011,3.40853,7.54505,0
1301.6,0.02011,3.40853,7.54504,0
1301.7,0.02011,3.40853,7.54504,0
1301.8,0.02011,3.40852,7.54504,0
1301.9,0.02011,3.40852,7.54504,0
1302,0.02011,3.40852,7.54503,0
1302.1,0.02011,3.40852,7.54503,0
1302.2,0.02011,3.40851,7.54503,0
1302.3,0.02011,3.40851,7.54503,0
1302.4,0.02011,3.40851,7.54502,0
1302.5,0.02011,3.40851,7.54502,0
1302.6,0.02011,3.4085,7.54502,0
1302.7,0.02011,3.4085,7.54502,0
1302.8,0.02011,3.4085,7.54501,0
1302.9,0.02011,3.4085,7.54501,0
1303,0.02011,3.40849,7.54501,0
1303.1,0.02011,3.40849,7.54501,0
1303.2,0.02011,3.40849,7.545,0
1303.3,0.02011,3.40849,7.545,0
1303.4,0.02011,3.40849,7.545,0
1303.5,0.02011,3.40848,7.545,0
1303.6,0.02011,3.40848,7.54499,0
1303.7,0.02011,3.40848,7.54499,0
1303.8,0.02011,3.40848,7.54499,0
1303.9,0.02011,3.40847,7.54499,0
1304,0.02011,3.40847,7.54498,0
1304.1,0.02011,3.40847,7.54498,0
1304.2,0.02011,3.40847,7.54498,0
1304.3,0.02011,3.40846,7.54498,0
1304.4,0.02011,3.40846,7.54498,0
1304.5,0.02011,3.40846,7.54497,0
1304.6,0.02011,3.40846,7.54497,0
1304.7,0.02011,3.40845,7.54497,0
1304.8,0.02011,3.40845,7.54497,0
1304.9,0.02011,3.40845,7.54496,0
1305,0.02011,3.40845,7.54496,0
1305.1,0.02011,3.40844,7.54496,0
1305.2,0.02011,3.40844,7.54496,0
1305.3,0.02011,3.40844,7.54495,0
1305.4,0.02011,3.40843,7.54495,0
1305.5,0.02011,3.40843,7.54495,0
1305.6,0.02011,3.40843,7.54495,0
1305.7,0.02011,3.40843,7.54494,0
1305.8,0.02011,3.40842,7.54494,0
1305.9,0.02011,3.40842,7.54494,0
1306,0.02011,3.40842,7.54494,0
1306.1,0.02011,3.40842,7.54493,0
1306.2,0.02011,3.40841,7.54493,0
1306.3,0.02011,3.40841,7.54493,0
1306.4,0.02011,3.40841,7.54493,0
1306.5,0.02011,3.40841,7.54493,0
1306.6,0.02011,3.4084,7.54492,0
1306.7,0.02011,3.4084,7.54492,0
1306.8,0.02011,3.4084,7.54492,0
1306.9,0.02011,3.4084,7.54492,0
1307,0.02011,3.40839,7.54491,0
1307.1,0.02011,3.40839,7.54491,0
1307.2,0.02011,3.40839,7.54491,0
1307.3,0.02011,3.40839,7.54491,0
1307.4,0.02011,3.40838,7.5449,0
1307.5,0.02011,3.40838,7.5449,0
1307.6,0.02011,3.40838,7.5449,0
1307.7,0.02011,3.40838,7.5449,0
1307.8,0.02011,3.40837,7.54489,0
1307.9,0.02011,3.40837,7.54489,0
1308,0.02011,3.40837,7.54489,0
1308.1,0.02011,3.40837,7.54489,0
1308.2,0.02011,3.40836,7.54489,0
1308.3,0.02011,3.40836,7.54488,0
1308.4,0.02011,3.40836,7.54488,0
1308.5,0.02011,3.40836,7.54488,0
1308.6,0.02011,3.40835,7.54488,0
1308.7,0.02011,3.40835,7.54487,0
1308.8,0.02011,3.40835,7.54487,0
1308.9,0.02011,3.40835,7.54487,0
1309,0.02011,3.40834,7.54487,0
1309.1,0.02011,3.40834,7.54486,0
1309.2,0.02011,3.40834,7.54486,0
1309.3,0.02011,3.40834,7.54486,0
1309.4,0.02011,3.40833,7.54486,0
1309.5,0.02011,3.40833,7.54486,0
1309.6,0.02011,3.40833,7.54485,0
1309.7,0.02011,3.40832,7.54485,0
1309.8,0.02011,3.40832,7.54485,0
1309.9,0.02011,3.40832,7.54485,0
1310,0.02011,3.40832,7.54484,0
1310.1,0.02011,3.40831,7.54484,0
1310.2,0.02011,3.40831,7.54484,0
1310.3,0.02011,3.40831,7.54484,0
1310.4,0.02011,3.40831,7.54484,0
1310.5,0.02011,3.4083,7.54483,0
1310.6,0.02011,3.4083,7.54483,0
1310.7,0.02011,3.4083,7.54483,0
1310.8,0.02011,3.4083,7.54483,0
1310.9,0.02011,3.40829,7.54482,0
1311,0.02011,3.40829,7.54482,0
1311.1,0.02011,3.40829,7.54482,0
1311.2,0.02011,3.40829,7.54482,0
1311.3,0.02011,3.40828,7.54482,0
1311.4,0.02011,3.40828,7.54481,0
1311.5,0.02011,3.40828,7.54481,0
1311.6,0.02011,3.40827,7.54481,0
1311.7,0.02011,3.40827,7.54481,0
1311.8,0.02011,3.40827,7.5448,0
1311.9,0.02011,3.40827,7.5448,0
1312,0.02011,3.40826,7.5448,0
1312.1,0.02011,3.40826,7.5448,0
1312.2,0.02011,3.40826,7.5448,0
1312.3,0.02011,3.40826,7.54479,0
1312.4,0.02011,3.40825,7.54479,0
1312.5,0.02011,3.40825,7.54479,0
1312.6,0.02011,3.40825,7.54479,0
1312.7,0.02011,3.40825,7.54478,0
1312.8,0.02011,3.40824,7.54478,0
1312.9,0.02011,3.40824,7.54478,0
1313,0.02011,3.40824,7.54478,0
1313.1,0.02011,3.40824,7.54478,0
1313.2,0.02011,3.40823,7.54477,0
1313.3,0.02011,3.40823,7.54477,0
1313.4,0.02011,3.40823,7.54477,0
1313.5,0.02011,3.40822,7.54477,0
1313.6,0.02011,3.40822,7.54476,0
1313.7,0.02011,3.40822,7.54476,0
1313.8,0.02011,3.40822,7.54476,0
1313.9,0.02011,3.40821,7.54476,0
1314,0.02011,3.40821,7.54476,0
1314.1,0.02011,3.40821,7.54475,0
1314.2,0.02011,3.40821,7.54475,0
1314.3,0.02011,3.4082,7.54475,0
1314.4,0.02011,3.4082,7.54475,0
1314.5,0.02011,3.4082,7.54474,0
1314.6,0.02011,3.4082,7.54474,0
1314.7,0.02011,3.40819,7.54474,0
1314.8,0.02011,3.40819,7.54474,0
1314.9,0.02011,3.40819,7.54474,0
1315,0.02011,3.40819,7.54473,0
1315.1,0.02011,3.40818,7.54473,0
1315.2,0.02011,3.40818,7.54473,0
1315.3,0.02011,3.40818,7.54473,0
1315.4,0.02011,3.40817,7.54473,0
1315.5,0.02011,3.40817,7.54472,0
1315.6,0.02011,3.40817,7.54472,0
1315.7,0.02011,3.40817,7.54472,0
1315.8,0.02011,3.40816,7.54472,0
1315.9,0.02011,3.40816,7.54472,0
1316,0.02011,3.40816,7.54471,0
1316.1,0.02011,3.40816,7.54471,0
1316.2,0.02011,3.40815,7.54471,0
1316.3,0.02011,3.40815,7.54471,0
1316.4,0.02011,3.40815,7.54471,0
1316.5,0.02011,3.40815,7.5447,0
1316.6,0.02011,3.40814,7.5447,0
1316.7,0.02011,3.40814,7.5447,0
1316.8,0.02011,3.40814,7.5447,0
1316.9,0.02011,3.40814,7.54469,0
1317,0.02011,3.40813,7.54469,0
1317.1,0.02011,3.40813,7.54469,0
1317.2,0.02011,3.40813,7.54469,0
1317.3,0.02011,3.40812,7.54469,0
1317.4,0.02011,3.40812,7.54468,0
1317.5,0.02011,3.40812,7.54468,0
1317.6,0.02011,3.40812,7.54468,0
1317.7,0.02011,3.40811,7.54468,0
1317.8,0.02011,3.40811,7.54468,0
1317.9,0.02011,3.40811,7.54467,0
1318,0.02011,3.40811,7.54467,0
1318.1,0.02011,3.4081,7.54467,0
1318.2,0.02011,3.4081,7.54467,0
1318.3,0.02011,3.4081,7.54467,0
1318.4,0.02011,3.4081,7.54467,0
1318.5,0.02011,3.40809,7.54466,0
1318.6,0.02011,3.40809,7.54466,0
1318.7,0.02011,3.40809,7.54466,0
1318.8,0.02011,3.40808,7.54466,0
1318.9,0.02011,3.40808,7.54466,0
1319,0.02011,3.40808,7.54465,0
1319.1,0.02011,3.40808,7.54465,0
1319.2,0.02011,3.40807,7.54465,0
1319.3,0.02011,3.40807,7.54465,0
1319.4,0.02011,3.40807,7.54465,0
1319.5,0.02011,3.40807,7.54464,0
1319.6,0.02011,3.40806,7.54464,0
1319.7,0.02011,3.40806,7.54464,0
1319.8,0.02011,3.40806,7.54464,0
1319.9,0.02011,3.40805,7.54464,0
1320,0.02011,3.40805,7.54464,0
1320.1,0.02011,3.40805,7.54463,0
1320.2,0.02011,3.40805,7.54463,0
1320.3,0.02011,3.40804,7.54463,0
1320.4,0.02011,3.40804,7.54463,0
1320.5,0.02011,3.40804,7.54463,0
1320.6,0.02011,3.40804,7.54463,0
1320.7,0.02011,3.40803,7.54462,0
1320.8,0.02011,3.40803,7.54462,0
1320.9,0.02011,3.40803,7.54462,0
1321,0.02011,3.40802,7.54462,0
1321.1,0.02011,3.40802,7.54462,0
1321.2,0.02011,3.40802,7.54461,0
1321.3,0.02011,3.40802,7.54461,0
1321.4,0.02011,3.40801,7.54461,0
1321.5,0.02011,3.40801,7.54461,0
1321.6,0.02011,3.40801,7.54461,0
1321.7,0.02011,3.408,7.54461,0
1321.8,0.02011,3.408,7.5446,0
1321.9,0.02011,3.408,7.5446,0
1322,0.02011,3.408,7.5446,0
1322.1,0.02011,3.40799,7.5446,0
1322.2,0.02011,3.40799,7.5446,0
1322.3,0.02011,3.40799,7.5446,0
1322.4,0.02011,3.40799,7.54459,0
1322.5,0.02011,3.40798,7.54459,0
1322.6,0.02011,3.40798,7.54459,0
1322.7,0.02011,3.40798,7.54459,0
1322.8,0.02011,3.40797,7.54459,0
1322.9,0.02011,3.40797,7.54459,0
1323,0.02011,3.40797,7.54458,0
1323.1,0.02011,3.40797,7.54458,0
1323.2,0.02011,3.40796,7.54458,0
1323.3,0.02011,3.40796,7.54458,0
1323.4,0.02011,3.40796,7.54458,0
1323.5,0.02011,3.40795,7.54458,0
1323.6,0.02011,3.40795,7.54457,0
1323.7,0.02011,3.40795,7.54457,0
1323.8,0.02011,3.40795,7.54457,0
1323.9,0.02011,3.40794,7.54457,0
1324,0.02011,3.40794,7.54457,0
1324.1,0.02011,3.40794,7.54457,0
1324.2,0.02011,3.40794,7.54457,0
1324.3,0.02011,3.40793,7.54456,0
1324.4,0.02011,3.40793,7.54456,0
1324.5,0.02011,3.40793,7.54456,0
1324.6,0.02011,3.40792,7.54456,0
1324.7,0.02011,3.40792,7.54456,0
1324.8,0.02011,3.40792,7.54456,0
1324.9,0.02011,3.40792,7.54456,0
1325,0.02011,3.40791,7.54455,0
1325.1,0.02011,3.40791,7.54455,0
1325.2,0.02011,3.40791,7.54455,0
1325.3,0.02011,3.4079,7.54455,0
1325.4,0.02011,3.4079,7.54455,0
1325.5,0.02011,3.4079,7.54455,0
1325.6,0.02011,3.4079,7.54455,0
1325.7,0.02011,3.40789,7.54454,0
1325.8,0.02011,3.40789,7.54454,0
1325.9,0.02011,3.40789,7.54454,0
1326,0.02011,3.40788,7.54454,0
1326.1,0.02011,3.40788,7.54454,0
1326.2,0.02011,3.40788,7.54454,0
1326.3,0.02011,3.40788,7.54454,0
1326.4,0.02011,3.40787,7.54454,0
1326.5,0.02011,3.40787,7.54453,0
1326.6,0.02011,3.40787,7.54453,0
1326.7,0.02011,3.40786,7.54453,0
1326.8,0.02011,3.40786,7.54453,0
1326.9,0.02011,3.40786,7.54453,0
1327,0.02011,3.40786,7.54453,0
1327.1,0.02011,3.40785,7.54453,0
1327.2,0.02011,3.40785,7.54453,0
1327.3,0.02011,3.40785,7.54452,0
1327.4,0.02011,3.40784,7.54452,0
1327.5,0.02011,3.40784,7.54452,0
1327.6,0.02011,3.40784,7.54452,0
1327.7,0.02011,3.40784,7.54452,0
1327.8,0.02011,3.40783,7.54452,0
1327.9,0.02011,3.40783,7.54452,0
1328,0.02011,3.40783,7.54452,0
1328.1,0.02011,3.40782,7.54451,0
1328.2,0.02011,3.40782,7.54451,0
1328.3,0.02011,3.40782,7.54451,0
1328.4,0.02011,3.40781,7.54451,0
1328.5,0.02011,3.40781,7.54451,0
1328.6,0.02011,3.40781,7.54451,0
1328.7,0.02011,3.40781,7.54451,0
1328.8,0.02011,3.4078,7.54451,0
1328.9,0.02011,3.4078,7.5445,0
1329,0.02011,3.4078,7.5445,0
1329.1,0.02011,3.40779,7.5445,0
1329.2,0.02011,3.40779,7.5445,0
1329.3,0.02011,3.40779,7.5445,0
1329.4,0.02011,3.40779,7.5445,0
1329.5,0.02011,3.40778,7.5445,0
1329.6,0.02011,3.40778,7.5445,0
1329.7,0.02011,3.40778,7.5445,0
1329.8,0.02011,3.40777,7.54449,0
1329.9,0.02011,3.40777,7.54449,0
1330,0.02011,3.40777,7.54449,0
1330.1,0.02011,3.40777,7.54449,0
1330.2,0.02011,3.40776,7.54449,0
1330.3,0.02011,3.40776,7.54449,0
1330.4,0.02011,3.40776,7.54449,0
1330.5,0.02011,3.40775,7.54449,0
1330.6,0.02011,3.40775,7.54449,0
1330.7,0.02011,3.40775,7.54449,0
1330.8,0.02011,3.40774,7.54448,0
1330.9,0.02011,3.40774,7.54448,0
1331,0.02011,3.40774,7.54448,0
1331.1,0.02011,3.40774,7.54448,0
1331.2,0.02011,3.40773,7.54448,0
1331.3,0.02011,3.40773,7.54448,0
1331.4,0.02011,3.40773,7.54448,0
1331.5,0.02011,3.40772,7.54448,0
1331.6,0.02011,3.40772,7.54448,0
1331.7,0.02011,3.40772,7.54448,0
1331.8,0.02011,3.40772,7.54448,0
1331.9,0.02011,3.40771,7.54448,0
1332,0.02011,3.40771,7.54447,0
1332.1,0.02011,3.40771,7.54447,0
1332.2,0.02011,3.4077,7.54447,0
1332.3,0.02011,3.4077,7.54447,0
1332.4,0.02011,3.4077,7.54447,0
1332.5,0.02011,3.40769,7.54447,0
1332.6,0.02011,3.40769,7.54447,0
1332.7,0.02011,3.40769,7.54447,0
1332.8,0.02011,3.40769,7.54447,0
1332.9,0.02011,3.40768,7.54447,0
1333,0.02011,3.40768,7.54447,0
1333.1,0.02011,3.40768,7.54447,0
1333.2,0.02011,3.40767,7.54447,0
1333.3,0.02011,3.40767,7.54446,0
1333.4,0.02011,3.40767,7.54446,0
1333.5,0.02011,3.40766,7.54446,0
1333.6,0.02011,3.40766,7.54446,0
1333.7,0.02011,3.40766,7.54446,0
1333.8,0.02011,3.40766,7.54446,0
1333.9,0.02011,3.40765,7.54446,0
1334,0.02011,3.40765,7.54446,0
1334.1,0.02011,3.40765,7.54446,0
1334.2,0.02011,3.40764,7.54446,0
1334.3,0.02011,3.40764,7.54446,0
1334.4,0.02011,3.40764,7.54446,0
1334.5,0.02011,3.40763,7.54446,0
1334.6,0.02011,3.40763,7.54446,0
1334.7,0.02011,3.40763,7.54446,0
1334.8,0.02011,3.40763,7.54446,0
1334.9,0.02011,3.40762,7.54446,0
1335,0.02011,3.40762,7.54445,0
1335.1,0.02011,3.40762,7.54445,0
1335.2,0.02011,3.40761,7.54445,0
1335.3,0.02011,3.40761,7.54445,0
1335.4,0.02011,3.40761,7.54445,0
1335.5,0.02011,3.4076,7.54445,0
1335.6,0.02011,3.4076,7.54445,0
1335.7,0.02011,3.4076,7.54445,0
1335.8,0.02011,3.4076,7.54445,0
1335.9,0.02011,3.40759,7.54445,0
1336,0.02011,3.40759,7.54445,0
1336.1,0.02011,3.40759,7.54445,0
1336.2,0.02011,3.40758,7.54445,0
1336.3,0.02011,3.40758,7.54445,0
1336.4,0.02011,3.40758,7.54445,0
1336.5,0.02011,3.40757,7.54445,0
1336.6,0.02011,3.40757,7.54445,0
1336.7,0.02011,3.40757,7.54445,0
1336.8,0.02011,3.40756,7.54445,0
1336.9,0.02011,3.40756,7.54445,0
1337,0.02011,3.40756,7.54445,0
1337.1,0.02011,3.40756,7.54445,0
1337.2,0.02011,3.40755,7.54444,0
1337.3,0.02011,3.40755,7.54444,0
1337.4,0.02011,3.40755,7.54444,0
1337.5,0.02011,3.40754,7.54444,0
1337.6,0.02011,3.40754,7.54444,0
1337.7,0.02011,3.40754,7.54444,0
1337.8,0.02011,3.40753,7.54444,0
1337.9,0.02011,3.40753,7.54444,0
1338,0.02011,3.40753,7.54444,0
1338.1,0.02011,3.40752,7.54444,0
1338.2,0.02011,3.40752,7.54444,0
1338.3,0.02011,3.40752,7.54444,0
1338.4,0.02011,3.40752,7.54444,0
1338.5,0.02011,3.40751,7.54444,0
1338.6,0.02011,3.40751,7.54444,0
1338.7,0.02011,3.40751,7.54444,0
1338.8,0.02011,3.4075,7.54444,0
1338.9,0.02011,3.4075,7.54444,0
1339,0.02011,3.4075,7.54444,0
1339.1,0.02011,3.40749,7.54444,0
1339.2,0.02011,3.40749,7.54444,0
1339.3,0.02011,3.40749,7.54444,0
1339.4,0.02011,3.40748,7.54444,0
1339.5,0.02011,3.40748,7.54444,0
1339.6,0.02011,3.40748,7.54444,0
1339.7,0.02011,3.40748,7.54444,0
1339.8,0.02011,3.40747,7.54444,0
1339.9,0.02011,3.40747,7.54444,0
1340,0.02011,3.40747,7.54444,0
1340.1,0.02011,3.40746,7.54444,0
1340.2,0.02011,3.40746,7.54444,0
1340.3,0.02011,3.40746,7.54444,0
1340.4,0.02011,3.40745,7.54444,0
1340.5,0.02011,3.40745,7.54444,0
1340.6,0.02011,3.40745,7.54443,0
1340.7,0.02011,3.40744,7.54443,0
1340.8,0.02011,3.40744,7.54443,0
1340.9,0.02011,3.40744,7.54443,0
1341,0.02011,3.40744,7.54443,0
1341.1,0.02011,3.40743,7.54443,0
1341.2,0.02011,3.40743,7.54443,0
1341.3,0.02011,3.40743,7.54443,0
1341.4,0.02011,3.40742,7.54443,0
1341.5,0.02011,3.40742,7.54443,0
1341.6,0.02011,3.40742,7.54443,0
1341.7,0.02011,3.40741,7.54443,0
1341.8,0.02011,3.40741,7.54443,0
1341.9,0.02011,3.40741,7.54443,0
1342,0.02011,3.4074,7.54443,0
1342.1,0.02011,3.4074,7.54443,0
1342.2,0.02011,3.4074,7.54443,0
1342.3,0.02011,3.40739,7.54443,0
1342.4,0.02011,3.40739,7.54443,0
1342.5,0.02011,3.40739,7.54443,0
1342.6,0.02011,3.40738,7.54443,0
1342.7,0.02011,3.40738,7.54443,0
1342.8,0.02011,3.40738,7.54443,0
1342.9,0.02011,3.40737,7.54443,0
1343,0.02011,3.40737,7.54443,0
1343.1,0.02011,3.40737,7.54443,0
1343.2,0.02011,3.40737,7.54443,0
1343.3,0.02011,3.40736,7.54443,0
1343.4,0.02011,3.40736,7.54443,0
1343.5,0.02011,3.40736,7.54443,0
1343.6,0.02011,3.40735,7.54443,0
1343.7,0.02011,3.40735,7.54443,0
1343.8,0.02011,3.40735,7.54443,0
1343.9,0.02011,3.40734,7.54443,0
1344,0.02011,3.40734,7.54443,0
1344.1,0.02011,3.40734,7.54443,0
1344.2,0.02011,3.40733,7.54443,0
1344.3,0.02011,3.40733,7.54444,0
1344.4,0.02011,3.40733,7.54444,0
1344.5,0.02011,3.40732,7.54444,0
1344.6,0.02011,3.40732,7.54444,0
1344.7,0.02011,3.40732,7.54444,0
1344.8,0.02011,3.40731,7.54444,0
1344.9,0.02011,3.40731,7.54444,0
1345,0.02011,3.40731,7.54444,0
1345.1,0.02011,3.4073,7.54444,0
1345.2,0.02011,3.4073,7.54444,0
1345.3,0.02011,3.4073,7.54444,0
1345.4,0.02011,3.40729,7.54444,0
1345.5,0.02011,3.40729,7.54444,0
1345.6,0.02011,3.40729,7.54444,0
1345.7,0.02011,3.40729,7.54444,0
1345.8,0.02011,3.40728,7.54444,0
1345.9,0.02011,3.40728,7.54444,0
1346,0.02011,3.40728,7.54444,0
1346.1,0.02011,3.40727,7.54444,0
1346.2,0.02011,3.40727,7.54444,0
1346.3,0.02011,3.40727,7.54444,0
1346.4,0.02011,3.40726,7.54444,0
1346.5,0.02011,3.40726,7.54444,0
1346.6,0.02011,3.40726,7.54444,0
1346.7,0.02011,3.40725,7.54444,0
1346.8,0.02011,3.40725,7.54444,0
1346.9,0.02011,3.40725,7.54444,0
1347,0.02011,3.40724,7.54444,0
1347.1,0.02011,3.40724,7.54444,0
1347.2,0.02011,3.40724,7.54444,0
1347.3,0.02011,3.40723,7.54444,0
1347.4,0.02011,3.40723,7.54444,0
1347.5,0.02011,3.40723,7.54444,0
1347.6,0.02011,3.40722,7.54444,0
1347.7,0.02011,3.40722,7.54444,0
1347.8,0.02011,3.40722,7.54444,0
1347.9,0.02011,3.40721,7.54444,0
1348,0.02011,3.40721,7.54444,0
1348.1,0.02011,3.40721,7.54445,0
1348.2,0.02011,3.4072,7.54445,0
1348.3,0.02011,3.4072,7.54445,0
1348.4,0.02011,3.4072,7.54445,0
1348.5,0.02011,3.40719,7.54445,0
1348.6,0.02011,3.40719,7.54445,0
1348.7,0.02011,3.40719,7.54445,0
1348.8,0.02011,3.40719,7.54445,0
1348.9,0.02011,3.40718,7.54445,0
1349,0.02011,3.40718,7.54445,0
1349.1,0.02011,3.40718,7.54445,0
1349.2,0.02011,3.40717,7.54445,0
1349.3,0.02011,3.40717,7.54445,0
1349.4,0.02011,3.40717,7.54445,0
1349.5,0.02011,3.40716,7.54445,0
1349.6,0.02011,3.40716,7.54445,0
1349.7,0.02011,3.40716,7.54445,0
1349.8,0.02011,3.40715,7.54445,0
1349.9,0.02011,3.40715,7.54445,0
1350,0.02011,3.40715,7.54445,0
1350.1,0.02011,3.40714,7.54445,0
1350.2,0.02011,3.40714,7.54445,0
1350.3,0.02011,3.40714,7.54446,0
1350.4,0.02011,3.40713,7.54446,0
1350.5,0.02011,3.40713,7.54446,0
1350.6,0.02011,3.40713,7.54446,0
1350.7,0.02011,3.40712,7.54446,0
1350.8,0.02011,3.40712,7.54446,0
1350.9,0.02011,3.40712,7.54446,0
1351,0.02011,3.40711,7.54446,0
1351.1,0.02011,3.40711,7.54446,0
1351.2,0.02011,3.40711,7.54446,0
1351.3,0.02011,3.4071,7.54446,0
1351.4,0.02011,3.4071,7.54446,0
1351.5,0.02011,3.4071,7.54446,0
1351.6,0.02011,3.4071,7.54446,0
1351.7,0.02011,3.40709,7.54446,0
1351.8,0.02011,3.40709,7.54446,0
1351.9,0.02011,3.40709,7.54446,0
1352,0.02011,3.40708,7.54447,0
1352.1,0.02011,3.40708,7.54447,0
1352.2,0.02011,3.40708,7.54447,0
1352.3,0.02011,3.40707,7.54447,0
1352.4,0.02011,3.40707,7.54447,0
1352.5,0.02011,3.40707,7.54447,0
1352.6,0.02011,3.40706,7.54447,0
1352.7,0.02011,3.40706,7.54447,0
1352.8,0.02011,3.40706,7.54447,0
1352.9,0.02011,3.40705,7.54447,0
1353,0.02011,3.40705,7.54447,0
1353.1,0.02011,3.40705,7.54447,0
1353.2,0.02011,3.40704,7.54447,0
1353.3,0.02011,3.40704,7.54447,0
1353.4,0.02011,3.40704,7.54447,0
1353.5,0.02011,3.40704,7.54447,0
1353.6,0.02011,3.40703,7.54447,0
1353.7,0.02011,3.40703,7.54448,0
1353.8,0.02011,3.40703,7.54448,0
1353.9,0.02011,3.40702,7.54448,0
1354,0.02011,3.40702,7.54448,0
1354.1,0.02011,3.40702,7.54448,0
1354.2,0.02011,3.40701,7.54448,0
1354.3,0.02011,3.40701,7.54448,0
1354.4,0.02011,3.40701,7.54448,0
1354.5,0.02011,3.407,7.54448,0
1354.6,0.02011,3.407,7.54448,0
1354.7,0.02011,3.407,7.54448,0
1354.8,0.02011,3.407,7.54448,0
1354.9,0.02011,3.40699,7.54448,0
1355,0.02011,3.40699,7.54448,0
1355.1,0.02011,3.40699,7.54448,0
1355.2,0.02011,3.40698,7.54448,0
1355.3,0.02011,3.40698,7.54448,0
1355.4,0.02011,3.40698,7.54448,0
1355.5,0.02011,3.40697,7.54448,0
1355.6,0.02011,3.40697,7.54449,0
1355.7,0.02011,3.40697,7.54449,0
1355.8,0.02011,3.40696,7.54449,0
1355.9,0.02011,3.40696,7.54449,0
1356,0.02011,3.40696,7.54449,0
1356.1,0.02011,3.40696,7.54449,0
1356.2,0.02011,3.40695,7.54449,0
1356.3,0.02011,3.40695,7.54449,0
1356.4,0.02011,3.40695,7.54449,0
1356.5,0.02011,3.40694,7.54449,0
1356.6,0.02011,3.40694,7.54449,0
1356.7,0.02011,3.40694,7.54449,0
1356.8,0.02011,3.40693,7.54449,0
1356.9,0.02011,3.40693,7.54449,0
1357,0.02011,3.40693,7.54449,0
1357.1,0.02011,3.40692,7.54449,0
1357.2,0.02011,3.40692,7.54449,0
1357.3,0.02011,3.40692,7.54449,0
1357.4,0.02011,3.40692,7.54449,0
1357.5,0.02011,3.40691,7.54449,0
1357.6,0.02011,3.40691,7.54449,0
1357.7,0.02011,3.40691,7.54449,0
1357.8,0.02011,3.4069,7.54449,0
1357.9,0.02011,3.4069,7.54449,0
1358,0.02011,3.4069,7.54449,0
1358.1,0.02011,3.40689,7.54449,0
1358.2,0.02011,3.40689,7.54449,0
1358.3,0.02011,3.40689,7.54449,0
1358.4,0.02011,3.40689,7.5445,0
1358.5,0.02011,3.40688,7.5445,0
1358.6,0.02011,3.40688,7.5445,0
1358.7,0.02011,3.40688,7.5445,0
1358.8,0.02011,3.40687,7.5445,0
1358.9,0.02011,3.40687,7.5445,0
1359,0.02011,3.40687,7.5445,0
1359.1,0.02011,3.40686,7.5445,0
1359.2,0.02011,3.40686,7.5445,0
1359.3,0.02011,3.40686,7.5445,0
1359.4,0.02011,3.40686,7.5445,0
1359.5,0.02011,3.40685,7.5445,0
1359.6,0.02011,3.40685,7.5445,0
1359.7,0.02011,3.40685,7.5445,0
1359.8,0.02011,3.40684,7.5445,0
1359.9,0.02011,3.40684,7.5445,0
1360,0.02011,3.40684,7.5445,0
1360.1,0.02011,3.40683,7.5445,0
1360.2,0.02011,3.40683,7.5445,0
1360.3,0.02011,3.40683,7.5445,0
1360.4,0.02011,3.40683,7.5445,0
1360.5,0.02011,3.40682,7.5445,0
1360.6,0.02011,3.40682,7.5445,0
1360.7,0.02011,3.40682,7.5445,0
1360.8,0.02011,3.40681,7.5445,0
1360.9,0.02011,3.40681,7.5445,0
1361,0.02011,3.40681,7.5445,0
1361.1,0.02011,3.4068,7.5445,0
1361.2,0.02011,3.4068,7.5445,0
1361.3,0.02011,3.4068,7.5445,0
1361.4,0.02011,3.4068,7.5445,0
1361.5,0.02011,3.40679,7.5445,0
1361.6,0.02011,3.40679,7.5445,0
1361.7,0.02011,3.40679,7.5445,0
1361.8,0.02011,3.40678,7.5445,0
1361.9,0.02011,3.40678,7.5445,0
1362,0.02011,3.40678,7.5445,0
1362.1,0.02011,3.40678,7.5445,0
1362.2,0.02011,3.40677,7.5445,0
1362.3,0.02011,3.40677,7.5445,0
1362.4,0.02011,3.40677,7.5445,0
1362.5,0.02011,3.40676,7.5445,0
1362.6,0.02011,3.40676,7.5445,0
1362.7,0.02011,3.40676,7.54451,0
1362.8,0.02011,3.40676,7.54451,0
1362.9,0.02011,3.40675,7.54451,0
1363,0.02011,3.40675,7.54451,0
1363.1,0.02011,3.40675,7.54451,0
1363.2,0.02011,3.40674,7.54451,0
1363.3,0.02011,3.40674,7.54451,0
1363.4,0.02011,3.40674,7.54451,0
1363.5,0.02011,3.40674,7.54451,0
1363.6,0.02011,3.40673,7.54451,0
1363.7,0.02011,3.40673,7.54451,0
1363.8,0.02011,3.40673,7.54451,0
1363.9,0.02011,3.40673,7.54451,0
1364,0.02011,3.40672,7.54451,0
1364.1,0.02011,3.40672,7.54451,0
1364.2,0.02011,3.40672,7.54451,0
1364.3,0.02011,3.40671,7.54451,0
1364.4,0.02011,3.40671,7.54451,0
1364.5,0.02011,3.40671,7.54451,0
1364.6,0.02011,3.40671,7.54451,0
1364.7,0.02011,3.4067,7.54451,0
1364.8,0.02011,3.4067,7.54451,0
1364.9,0.02011,3.4067,7.5445,0
1365,0.02011,3.4067,7.5445,0
1365.1,0.02011,3.40669,7.5445,0
1365.2,0.02011,3.40669,7.5445,0
1365.3,0.02011,3.40669,7.5445,0
1365.4,0.02011,3.40668,7.5445,0
1365.5,0.02011,3.40668,7.5445,0
1365.6,0.02011,3.40668,7.5445,0
1365.7,0.02011,3.40668,7.5445,0
1365.8,0.02011,3.40667,7.5445,0
1365.9,0.02011,3.40667,7.5445,0
1366,0.02011,3.40667,7.5445,0
1366.1,0.02011,3.40667,7.5445,0
1366.2,0.02011,3.40666,7.5445,0
1366.3,0.02011,3.40666,7.5445,0
1366.4,0.02011,3.40666,7.5445,0
1366.5,0.02011,3.40665,7.5445,0
1366.6,0.02011,3.40665,7.5445,0
1366.7,0.02011,3.40665,7.5445,0
1366.8,0.02011,3.40665,7.5445,0
1366.9,0.02011,3.40664,7.5445,0
1367,0.02011,3.40664,7.5445,0
1367.1,0.02011,3.40664,7.5445,0
1367.2,0.02011,3.40664,7.5445,0
1367.3,0.02011,3.40663,7.5445,0
1367.4,0.02011,3.40663,7.5445,0
1367.5,0.02011,3.40663,7.5445,0
1367.6,0.02011,3.40663,7.5445,0
1367.7,0.02011,3.40662,7.5445,0
1367.8,0.02011,3.40662,7.5445,0
1367.9,0.02011,3.40662,7.5445,0
1368,0.02011,3.40661,7.5445,0
1368.1,0.02011,3.40661,7.5445,0
1368.2,0.02011,3.40661,7.5445,0
1368.3,0.02011,3.40661,7.5445,0
1368.4,0.02011,3.4066,7.5445,0
1368.5,0.02011,3.4066,7.54449,0
1368.6,0.02011,3.4066,7.54449,0
1368.7,0.02011,3.4066,7.54449,0
1368.8,0.02011,3.40659,7.54449,0
1368.9,0.02011,3.40659,7.54449,0
1369,0.02011,3.40659,7.54449,0
1369.1,0.02011,3.40659,7.54449,0
1369.2,0.02011,3.40658,7.54449,0
1369.3,0.02011,3.40658,7.54449,0
1369.4,0.02011,3.40658,7.54449,0
1369.5,0.02011,3.40658,7.54449,0
1369.6,0.02011,3.40657,7.54449,0
1369.7,0.02011,3.40657,7.54449,0
1369.8,0.02011,3.40657,7.54449,0
1369.9,0.02011,3.40657,7.54449,0
1370,0.02011,3.40656,7.54449,0
1370.1,0.02011,3.40656,7.54449,0
1370.2,0.02011,3.40656,7.54449,0
1370.3,0.02011,3.40656,7.54449,0
1370.4,0.02011,3.40655,7.54448,0
1370.5,0.02011,3.40655,7.54448,0
1370.6,0.02011,3.40655,7.54448,0
1370.7,0.02011,3.40655,7.54448,0
1370.8,0.02011,3.40654,7.54448,0
1370.9,0.02011,3.40654,7.54448,0
1371,0.02011,3.40654,7.54448,0
1371.1,0.02011,3.40654,7.54448,0
1371.2,0.02011,3.40653,7.54448,0
1371.3,0.02011,3.40653,7.54448,0
1371.4,0.02011,3.40653,7.54448,0
1371.5,0.02011,3.40653,7.54448,0
1371.6,0.02011,3.40652,7.54448,0
1371.7,0.02011,3.40652,7.54448,0
1371.8,0.02011,3.40652,7.54448,0
1371.9,0.02011,3.40651,7.54448,0
1372,0.02011,3.40651,7.54448,0
1372.1,0.02011,3.40651,7.54448,0
1372.2,0.02011,3.40651,7.54448,0
1372.3,0.02011,3.4065,7.54448,0
1372.4,0.02011,3.4065,7.54448,0
1372.5,0.02011,3.4065,7.54447,0
1372.6,0.02011,3.4065,7.54447,0
1372.7,0.02011,3.40649,7.54447,0
1372.8,0.02011,3.40649,7.54447,0
1372.9,0.02011,3.40649,7.54447,0
1373,0.02011,3.40649,7.54447,0
1373.1,0.02011,3.40648,7.54447,0
1373.2,0.02011,3.40648,7.54447,0
1373.3,0.02011,3.40648,7.54447,0
1373.4,0.02011,3.40648,7.54447,0
1373.5,0.02011,3.40648,7.54447,0
1373.6,0.02011,3.40647,7.54447,0
1373.7,0.02011,3.40647,7.54447,0
1373.8,0.02011,3.40647,7.54447,0
1373.9,0.02011,3.40647,7.54447,0
1374,0.02011,3.40646,7.54447,0
1374.1,0.02011,3.40646,7.54447,0
1374.2,0.02011,3.40646,7.54447,0
1374.3,0.02011,3.40646,7.54447,0
1374.4,0.02011,3.40645,7.54447,0
1374.5,0.02011,3.40645,7.54446,0
1374.6,0.02011,3.40645,7.54446,0
1374.7,0.02011,3.40645,7.54446,0
1374.8,0.02011,3.40644,7.54446,0
1374.9,0.02011,3.40644,7.54446,0
1375,0.02011,3.40644,7.54446,0
1375.1,0.02011,3.40644,7.54446,0
1375.2,0.02011,3.40643,7.54446,0
1375.3,0.02011,3.40643,7.54446,0
1375.4,0.02011,3.40643,7.54446,0
1375.5,0.02011,3.40643,7.54446,0
1375.6,0.02011,3.40642,7.54446,0
1375.7,0.02011,3.40642,7.54446,0
1375.8,0.02011,3.40642,7.54446,0
1375.9,0.02011,3.40642,7.54446,0
1376,0.02011,3.40641,7.54446,0
1376.1,0.02011,3.40641,7.54446,0
1376.2,0.02011,3.40641,7.54446,0
1376.3,0.02011,3.40641,7.54446,0
1376.4,0.02011,3.40641,7.54446,0
1376.5,0.02011,3.4064,7.54445,0
1376.6,0.02011,3.4064,7.54445,0
1376.7,0.02011,3.4064,7.54445,0
1376.8,0.02011,3.4064,7.54445,0
1376.9,0.02011,3.40639,7.54445,0
1377,0.02011,3.40639,7.54445,0
1377.1,0.02011,3.40639,7.54445,0
1377.2,0.02011,3.40639,7.54445,0
1377.3,0.02011,3.40638,7.54445,0
1377.4,0.02011,3.40638,7.54445,0
1377.5,0.02011,3.40638,7.54445,0
1377.6,0.02011,3.40638,7.54445,0
1377.7,0.02011,3.40638,7.54445,0
1377.8,0.02011,3.40637,7.54445,0
1377.9,0.02011,3.40637,7.54445,0
1378,0.02011,3.40637,7.54445,0
1378.1,0.02011,3.40637,7.54445,0
1378.2,0.02011,3.40636,7.54445,0
1378.3,0.02011,3.40636,7.54445,0
1378.4,0.02011,3.40636,7.54445,0
1378.5,0.02011,3.40636,7.54444,0
1378.6,0.02011,3.40635,7.54444,0
1378.7,0.02011,3.40635,7.54444,0
1378.8,0.02011,3.40635,7.54444,0
1378.9,0.02011,3.40635,7.54444,0
1379,0.02011,3.40635,7.54444,0
1379.1,0.02011,3.40634,7.54444,0
1379.2,0.02011,3.40634,7.54444,0
1379.3,0.02011,3.40634,7.54444,0
1379.4,0.02011,3.40634,7.54444,0
1379.5,0.02011,3.40633,7.54444,0
1379.6,0.02011,3.40633,7.54444,0
1379.7,0.02011,3.40633,7.54444,0
1379.8,0.02011,3.40633,7.54444,0
1379.9,0.02011,3.40632,7.54444,0
1380,0.02011,3.40632,7.54444,0
1380.1,0.02011,3.40632,7.54444,0
1380.2,0.02011,3.40632,7.54444,0
1380.3,0.02011,3.40631,7.54444,0
1380.4,0.02011,3.40631,7.54444,0
1380.5,0.02011,3.40631,7.54443,0
1380.6,0.02011,3.40631,7.54443,0
1380.7,0.02011,3.40631,7.54443,0
1380.8,0.02011,3.4063,7.54443,0
1380.9,0.02011,3.4063,7.54443,0
1381,0.02011,3.4063,7.54443,0
1381.1,0.02011,3.4063,7.54443,0
1381.2,0.02011,3.40629,7.54443,0
1381.3,0.02011,3.40629,7.54443,0
1381.4,0.02011,3.40629,7.54443,0
1381.5,0.02011,3.40629,7.54443,0
1381.6,0.02011,3.40629,7.54443,0
1381.7,0.02011,3.40628,7.54443,0
1381.8,0.02011,3.40628,7.54443,0
1381.9,0.02011,3.40628,7.54443,0
1382,0.02011,3.40628,7.54443,0
1382.1,0.02011,3.40627,7.54443,0
1382.2,0.02011,3.40627,7.54443,0
1382.3,0.02011,3.40627,7.54443,0
1382.4,0.02011,3.40627,7.54443,0
1382.5,0.02011,3.40626,7.54443,0
1382.6,0.02011,3.40626,7.54443,0
1382.7,0.02011,3.40626,7.54443,0
1382.8,0.02011,3.40626,7.54443,0
1382.9,0.02011,3.40626,7.54443,0
1383,0.02011,3.40625,7.54442,0
1383.1,0.02011,3.40625,7.54442,0
1383.2,0.02011,3.40625,7.54442,0
1383.3,0.02011,3.40625,7.54442,0
1383.4,0.02011,3.40624,7.54442,0
1383.5,0.02011,3.40624,7.54442,0
1383.6,0.02011,3.40624,7.54442,0
1383.7,0.02011,3.40624,7.54442,0
1383.8,0.02011,3.40624,7.54442,0
1383.9,0.02011,3.40623,7.54442,0
1384,0.02011,3.40623,7.54442,0
1384.1,0.02011,3.40623,7.54442,0
1384.2,0.02011,3.40623,7.54442,0
1384.3,0.02011,3.40622,7.54442,0
1384.4,0.02011,3.40622,7.54442,0
1384.5,0.02011,3.40622,7.54442,0
1384.6,0.02011,3.40622,7.54442,0
1384.7,0.02011,3.40622,7.54442,0
1384.8,0.02011,3.40621,7.54442,0
1384.9,0.02011,3.40621,7.54442,0
1385,0.02011,3.40621,7.54442,0
1385.1,0.02011,3.40621,7.54442,0
1385.2,0.02011,3.4062,7.54442,0
1385.3,0.02011,3.4062,7.54442,0
1385.4,0.02011,3.4062,7.54442,0
1385.5,0.02011,3.4062,7.54441,0
1385.6,0.02011,3.4062,7.54441,0
1385.7,0.02011,3.40619,7.54441,0
1385.8,0.02011,3.40619,7.54441,0
1385.9,0.02011,3.40619,7.54441,0
1386,0.02011,3.40619,7.54441,0
1386.1,0.02011,3.40618,7.54441,0
1386.2,0.02011,3.40618,7.54441,0
1386.3,0.02011,3.40618,7.54441,0
1386.4,0.02011,3.40618,7.54441,0
1386.5,0.02011,3.40618,7.54441,0
1386.6,0.02011,3.40617,7.54441,0
1386.7,0.02011,3.40617,7.54441,0
1386.8,0.02011,3.40617,7.54441,0
1386.9,0.02011,3.40617,7.54441,0
1387,0.02011,3.40617,7.54441,0
1387.1,0.02011,3.40616,7.54441,0
1387.2,0.02011,3.40616,7.54441,0
1387.3,0.02011,3.40616,7.54441,0
1387.4,0.02011,3.40616,7.54441,0
1387.5,0.02011,3.40616,7.54441,0
1387.6,0.02011,3.40615,7.54441,0
1387.7,0.02011,3.40615,7.54441,0
1387.8,0.02011,3.40615,7.54441,0
1387.9,0.02011,3.40615,7.54441,0
1388,0.02011,3.40615,7.54441,0
1388.1,0.02011,3.40614,7.54441,0
1388.2,0.02011,3.40614,7.54441,0
1388.3,0.02011,3.40614,7.54441,0
1388.4,0.02011,3.40614,7.54441,0
1388.5,0.02011,3.40613,7.54441,0
1388.6,0.02011,3.40613,7.54441,0
1388.7,0.02011,3.40613,7.54441,0
1388.8,0.02011,3.40613,7.54441,0
1388.9,0.02011,3.40613,7.54441,0
1389,0.02011,3.40612,7.54441,0
1389.1,0.02011,3.40612,7.54441,0
1389.2,0.02011,3.40612,7.5444,0
1389.3,0.02011,3.40612,7.5444,0
1389.4,0.02011,3.40612,7.5444,0
1389.5,0.02011,3.40611,7.5444,0
1389.6,0.02011,3.40611,7.5444,0
1389.7,0.02011,3.40611,7.5444,0
1389.8,0.02011,3.40611,7.5444,0
1389.9,0.02011,3.40611,7.5444,0
1390,0.02011,3.4061,7.5444,0
1390.1,0.02011,3.4061,7.5444,0
1390.2,0.02011,3.4061,7.5444,0
1390.3,0.02011,3.4061,7.5444,0
1390.4,0.02011,3.4061,7.5444,0
1390.5,0.02011,3.40609,7.5444,0
1390.6,0.02011,3.40609,7.5444,0
1390.7,0.02011,3.40609,7.5444,0
1390.8,0.02011,3.40609,7.5444,0
1390.9,0.02011,3.40609,7.5444,0
1391,0.02011,3.40608,7.5444,0
1391.1,0.02011,3.40608,7.5444,0
1391.2,0.02011,3.40608,7.5444,0
1391.3,0.02011,3.40608,7.5444,0
1391.4,0.02011,3.40608,7.5444,0
1391.5,0.02011,3.40607,7.5444,0
1391.6,0.02011,3.40607,7.5444,0
1391.7,0.02011,3.40607,7.5444,0
1391.8,0.02011,3.40607,7.5444,0
1391.9,0.02011,3.40607,7.5444,0
1392,0.02011,3.40606,7.5444,0
1392.1,0.02011,3.40606,7.5444,0
1392.2,0.02011,3.40606,7.5444,0
1392.3,0.02011,3.40606,7.5444,0
1392.4,0.02011,3.40606,7.5444,0
1392.5,0.02011,3.40606,7.5444,0
1392.6,0.02011,3.40605,7.5444,0
1392.7,0.02011,3.40605,7.5444,0
1392.8,0.02011,3.40605,7.5444,0
1392.9,0.02011,3.40605,7.5444,0
1393,0.02011,3.40605,7.5444,0
1393.1,0.02011,3.40604,7.5444,0
1393.2,0.02011,3.40604,7.5444,0
1393.3,0.02011,3.40604,7.54439,0
1393.4,0.02011,3.40604,7.54439,0
1393.5,0.02011,3.40604,7.54439,0
1393.6,0.02011,3.40603,7.54439,0
1393.7,0.02011,3.40603,7.54439,0
1393.8,0.02011,3.40603,7.54439,0
1393.9,0.02011,3.40603,7.54439,0
1394,0.02011,3.40603,7.54439,0
1394.1,0.02011,3.40602,7.54439,0
1394.2,0.02011,3.40602,7.54439,0
1394.3,0.02011,3.40602,7.54439,0
1394.4,0.02011,3.40602,7.54439,0
1394.5,0.02011,3.40602,7.54439,0
1394.6,0.02011,3.40602,7.54439,0
1394.7,0.02011,3.40601,7.54439,0
1394.8,0.02011,3.40601,7.54439,0
1394.9,0.02011,3.40601,7.54439,0
1395,0.02011,3.40601,7.54439,0
1395.1,0.02011,3.40601,7.54439,0
1395.2,0.02011,3.406,7.54439,0
1395.3,0.02011,3.406,7.54439,0
1395.4,0.02011,3.406,7.54439,0
1395.5,0.02011,3.406,7.54439,0
1395.6,0.02011,3.406,7.54439,0
1395.7,0.02011,3.406,7.54439,0
1395.8,0.02011,3.40599,7.54439,0
1395.9,0.02011,3.40599,7.54439,0
1396,0.02011,3.40599,7.54439,0
1396.1,0.02011,3.40599,7.54439,0
1396.2,0.02011,3.40599,7.54439,0
1396.3,0.02011,3.40599,7.54439,0
1396.4,0.02011,3.40598,7.54439,0
1396.5,0.02011,3.40598,7.54439,0
1396.6,0.02011,3.40598,7.54439,0
1396.7,0.02011,3.40598,7.54439,0
1396.8,0.02011,3.40598,7.54439,0
1396.9,0.02011,3.40597,7.54439,0
1397,0.02011,3.40597,7.54439,0
1397.1,0.02011,3.40597,7.54439,0
1397.2,0.02011,3.40597,7.54439,0
1397.3,0.02011,3.40597,7.54439,0
1397.4,0.02011,3.40597,7.54438,0
1397.5,0.02011,3.40596,7.54438,0
1397.6,0.02011,3.40596,7.54438,0
1397.7,0.02011,3.40596,7.54438,0
1397.8,0.02011,3.40596,7.54438,0
1397.9,0.02011,3.40596,7.54438,0
1398,0.02011,3.40596,7.54438,0
1398.1,0.02011,3.40595,7.54438,0
1398.2,0.02011,3.40595,7.54438,0
1398.3,0.02011,3.40595,7.54438,0
1398.4,0.02011,3.40595,7.54438,0
1398.5,0.02011,3.40595,7.54438,0
1398.6,0.02011,3.40595,7.54438,0
1398.7,0.02011,3.40594,7.54438,0
1398.8,0.02011,3.40594,7.54438,0
1398.9,0.02011,3.40594,7.54438,0
1399,0.02011,3.40594,7.54438,0
1399.1,0.02011,3.40594,7.54438,0
1399.2,0.02011,3.40594,7.54438,0
1399.3,0.02011,3.40593,7.54438,0
1399.4,0.02011,3.40593,7.54438,0
1399.5,0.02011,3.40593,7.54438,0
1399.6,0.02011,3.40593,7.54438,0
1399.7,0.02011,3.40593,7.54438,0
1399.8,0.02011,3.40592,7.54438,0
1399.9,0.02011,3.40592,7.54438,0
1400,0.02011,3.40592,7.54438,0
1400.1,0.02011,3.40592,7.54438,0
1400.2,0.02011,3.40592,7.54438,0
1400.3,0.02011,3.40592,7.54438,0
1400.4,0.02011,3.40591,7.54438,0
1400.5,0.02011,3.40591,7.54438,0
1400.6,0.02011,3.40591,7.54438,0
1400.7,0.02011,3.40591,7.54438,0
1400.8,0.02011,3.40591,7.54438,0
1400.9,0.02011,3.40591,7.54438,0
1401,0.02011,3.4059,7.54438,0
1401.1,0.02011,3.4059,7.54438,0
1401.2,0.02011,3.4059,7.54438,0
1401.3,0.02011,3.4059,7.54438,0
1401.4,0.02011,3.4059,7.54438,0
1401.5,0.02011,3.4059,7.54438,0
1401.6,0.02011,3.40589,7.54438,0
1401.7,0.02011,3.40589,7.54438,0
1401.8,0.02011,3.40589,7.54438,0
1401.9,0.02011,3.40589,7.54438,0
1402,0.02011,3.40589,7.54438,0
1402.1,0.02011,3.40589,7.54438,0
1402.2,0.02011,3.40588,7.54438,0
1402.3,0.02011,3.40588,7.54438,0
1402.4,0.02011,3.40588,7.54437,0
1402.5,0.02011,3.40588,7.54437,0
1402.6,0.02011,3.40588,7.54437,0
1402.7,0.02011,3.40588,7.54437,0
1402.8,0.02011,3.40587,7.54437,0
1402.9,0.02011,3.40587,7.54437,0
1403,0.02011,3.40587,7.54437,0
1403.1,0.02011,3.40587,7.54437,0
1403.2,0.02011,3.40587,7.54437,0
1403.3,0.02011,3.40587,7.54437,0
1403.4,0.02011,3.40586,7.54437,0
1403.5,0.02011,3.40586,7.54437,0
1403.6,0.02011,3.40586,7.54437,0
1403.7,0.02011,3.40586,7.54437,0
1403.8,0.02011,3.40586,7.54437,0
1403.9,0.02011,3.40586,7.54437,0
1404,0.02011,3.40586,7.54437,0
1404.1,0.02011,3.40585,7.54437,0
1404.2,0.02011,3.40585,7.54437,0
1404.3,0.02011,3.40585,7.54437,0
1404.4,0.02011,3.40585,7.54437,0
1404.5,0.02011,3.40585,7.54437,0
1404.6,0.02011,3.40585,7.54437,0
1404.7,0.02011,3.40584,7.54437,0
1404.8,0.02011,3.40584,7.54437,0
1404.9,0.02011,3.40584,7.54437,0
1405,0.02011,3.40584,7.54437,0
1405.1,0.02011,3.40584,7.54437,0
1405.2,0.02011,3.40584,7.54437,0
1405.3,0.02011,3.40583,7.54437,0
1405.4,0.02011,3.40583,7.54437,0
1405.5,0.02011,3.40583,7.54437,0
1405.6,0.02011,3.40583,7.54437,0
1405.7,0.02011,3.40583,7.54437,0
1405.8,0.02011,3.40583,7.54437,0
1405.9,0.02011,3.40582,7.54437,0
1406,0.02011,3.40582,7.54437,0
1406.1,0.02011,3.40582,7.54437,0
1406.2,0.02011,3.40582,7.54437,0
1406.3,0.02011,3.40582,7.54437,0
1406.4,0.02011,3.40582,7.54437,0
1406.5,0.02011,3.40581,7.54436,0
1406.6,0.02011,3.40581,7.54436,0
1406.7,0.02011,3.40581,7.54436,0
1406.8,0.02011,3.40581,7.54436,0
1406.9,0.02011,3.40581,7.54436,0
1407,0.02011,3.40581,7.54436,0
1407.1,0.02011,3.4058,7.54436,0
1407.2,0.02011,3.4058,7.54436,0
1407.3,0.02011,3.4058,7.54436,0
1407.4,0.02011,3.4058,7.54436,0
1407.5,0.02011,3.4058,7.54436,0
1407.6,0.02011,3.4058,7.54436,0
1407.7,0.02011,3.40579,7.54436,0
1407.8,0.02011,3.40579,7.54436,0
1407.9,0.02011,3.40579,7.54436,0
1408,0.02011,3.40579,7.54436,0
1408.1,0.02011,3.40579,7.54436,0
1408.2,0.02011,3.40579,7.54436,0
1408.3,0.02011,3.40579,7.54436,0
1408.4,0.02011,3.40578,7.54436,0
1408.5,0.02011,3.40578,7.54436,0
1408.6,0.02011,3.40578,7.54436,0
1408.7,0.02011,3.40578,7.54436,0
1408.8,0.02011,3.40578,7.54436,0
1408.9,0.02011,3.40578,7.54436,0
1409,0.02011,3.40577,7.54436,0
1409.1,0.02011,3.40577,7.54436,0
1409.2,0.02011,3.40577,7.54436,0
1409.3,0.02011,3.40577,7.54436,0
1409.4,0.02011,3.40577,7.54436,0
1409.5,0.02011,3.40577,7.54436,0
1409.6,0.02011,3.40576,7.54436,0
1409.7,0.02011,3.40576,7.54436,0
1409.8,0.02011,3.40576,7.54436,0
1409.9,0.02011,3.40576,7.54436,0
1410,0.02011,3.40576,7.54436,0
1410.1,0.02011,3.40576,7.54436,0
1410.2,0.02011,3.40575,7.54436,0
1410.3,0.02011,3.40575,7.54436,0
1410.4,0.02011,3.40575,7.54436,0
1410.5,0.02011,3.40575,7.54436,0
1410.6,0.02011,3.40575,7.54436,0
1410.7,0.02011,3.40575,7.54436,0
1410.8,0.02011,3.40574,7.54436,0
1410.9,0.02011,3.40574,7.54436,0
1411,0.02011,3.40574,7.54436,0
1411.1,0.02011,3.40574,7.54436,0
1411.2,0.02011,3.40574,7.54436,0
1411.3,0.02011,3.40574,7.54436,0
1411.4,0.02011,3.40574,7.54436,0
1411.5,0.02011,3.40573,7.54436,0
1411.6,0.02011,3.40573,7.54435,0
1411.7,0.02011,3.40573,7.54435,0
1411.8,0.02011,3.40573,7.54435,0
1411.9,0.02011,3.40573,7.54435,0
1412,0.02011,3.40573,7.54435,0
1412.1,0.02011,3.40572,7.54435,0
1412.2,0.02011,3.40572,7.54435,0
1412.3,0.02011,3.40572,7.54435,0
1412.4,0.02011,3.40572,7.54435,0
1412.5,0.02011,3.40572,7.54435,0
1412.6,0.02011,3.40572,7.54435,0
1412.7,0.02011,3.40571,7.54435,0
1412.8,0.02011,3.40571,7.54435,0
1412.9,0.02011,3.40571,7.54435,0
1413,0.02011,3.40571,7.54435,0
1413.1,0.02011,3.40571,7.54435,0
1413.2,0.02011,3.40571,7.54435,0
1413.3,0.02011,3.4057,7.54435,0
1413.4,0.02011,3.4057,7.54435,0
1413.5,0.02011,3.4057,7.54435,0
1413.6,0.02011,3.4057,7.54435,0
1413.7,0.02011,3.4057,7.54435,0
1413.8,0.02011,3.4057,7.54435,0
1413.9,0.02011,3.4057,7.54435,0
1414,0.02011,3.40569,7.54435,0
1414.1,0.02011,3.40569,7.54435,0
1414.2,0.02011,3.40569,7.54435,0
1414.3,0.02011,3.40569,7.54435,0
1414.4,0.02011,3.40569,7.54435,0
1414.5,0.02011,3.40569,7.54435,0
1414.6,0.02011,3.40568,7.54435,0
1414.7,0.02011,3.40568,7.54435,0
1414.8,0.02011,3.40568,7.54435,0
1414.9,0.02011,3.40568,7.54435,0
1415,0.02011,3.40568,7.54435,0
1415.1,0.02011,3.40568,7.54435,0
1415.2,0.02011,3.40568,7.54435,0
1415.3,0.02011,3.40567,7.54435,0
1415.4,0.02011,3.40567,7.54435,0
1415.5,0.02011,3.40567,7.54435,0
1415.6,0.02011,3.40567,7.54435,0
1415.7,0.02011,3.40567,7.54435,0
1415.8,0.02011,3.40567,7.54435,0
1415.9,0.02011,3.40567,7.54435,0
1416,0.02011,3.40566,7.54435,0
1416.1,0.02011,3.40566,7.54435,0
1416.2,0.02011,3.40566,7.54435,0
1416.3,0.02011,3.40566,7.54435,0
1416.4,0.02011,3.40566,7.54435,0
1416.5,0.02011,3.40566,7.54435,0
1416.6,0.02011,3.40566,7.54435,0
1416.7,0.02011,3.40565,7.54435,0
1416.8,0.02011,3.40565,7.54435,0
1416.9,0.02011,3.40565,7.54435,0
1417,0.02011,3.40565,7.54435,0
1417.1,0.02011,3.40565,7.54435,0
1417.2,0.02011,3.40565,7.54435,0
1417.3,0.02011,3.40565,7.54435,0
1417.4,0.02011,3.40564,7.54435,0
1417.5,0.02011,3.40564,7.54435,0
1417.6,0.02011,3.40564,7.54435,0
1417.7,0.02011,3.40564,7.54435,0
1417.8,0.02011,3.40564,7.54435,0
1417.9,0.02011,3.40564,7.54435,0
1418,0.02011,3.40564,7.54435,0
1418.1,0.02011,3.40563,7.54435,0
1418.2,0.02011,3.40563,7.54435,0
1418.3,0.02011,3.40563,7.54435,0
1418.4,0.02011,3.40563,7.54435,0
1418.5,0.02011,3.40563,7.54435,0
1418.6,0.02011,3.40563,7.54435,0
1418.7,0.02011,3.40563,7.54435,0
1418.8,0.02011,3.40563,7.54435,0
1418.9,0.02011,3.40562,7.54435,0
1419,0.02011,3.40562,7.54435,0
1419.1,0.02011,3.40562,7.54435,0
1419.2,0.02011,3.40562,7.54435,0
1419.3,0.02011,3.40562,7.54435,0
1419.4,0.02011,3.40562,7.54435,0
1419.5,0.02011,3.40562,7.54435,0
1419.6,0.02011,3.40561,7.54435,0
1419.7,0.02011,3.40561,7.54435,0
1419.8,0.02011,3.40561,7.54435,0
1419.9,0.02011,3.40561,7.54435,0
1420,0.02011,3.40561,7.54435,0
1420.1,0.02011,3.40561,7.54435,0
1420.2,0.02011,3.40561,7.54435,0
1420.3,0.02011,3.4056,7.54435,0
1420.4,0.02011,3.4056,7.54435,0
1420.5,0.02011,3.4056,7.54435,0
1420.6,0.02011,3.4056,7.54435,0
1420.7,0.02011,3.4056,7.54435,0
1420.8,0.02011,3.4056,7.54435,0
1420.9,0.02011,3.4056,7.54435,0
1421,0.02011,3.4056,7.54435,0
1421.1,0.02011,3.40559,7.54434,0
1421.2,0.02011,3.40559,7.54434,0
1421.3,0.02011,3.40559,7.54434,0
1421.4,0.02011,3.40559,7.54434,0
1421.5,0.02011,3.40559,7.54434,0
1421.6,0.02011,3.40559,7.54434,0
1421.7,0.02011,3.40559,7.54434,0
1421.8,0.02011,3.40558,7.54434,0
1421.9,0.02011,3.40558,7.54434,0
1422,0.02011,3.40558,7.54434,0
1422.1,0.02011,3.40558,7.54434,0
1422.2,0.02011,3.40558,7.54434,0
1422.3,0.02011,3.40558,7.54434,0
1422.4,0.02011,3.40558,7.54434,0
1422.5,0.02011,3.40557,7.54434,0
1422.6,0.02011,3.40557,7.54434,0
1422.7,0.02011,3.40557,7.54434,0
1422.8,0.02011,3.40557,7.54434,0
1422.9,0.02011,3.40557,7.54434,0
1423,0.02011,3.40557,7.54434,0
1423.1,0.02011,3.40557,7.54434,0
1423.2,0.02011,3.40557,7.54434,0
1423.3,0.02011,3.40556,7.54434,0
1423.4,0.02011,3.40556,7.54434,0
1423.5,0.02011,3.40556,7.54434,0
1423.6,0.02011,3.40556,7.54434,0
1423.7,0.02011,3.40556,7.54434,0
1423.8,0.02011,3.40556,7.54434,0
1423.9,0.02011,3.40556,7.54434,0
1424,0.02011,3.40556,7.54434,0
1424.1,0.02011,3.40555,7.54434,0
1424.2,0.02011,3.40555,7.54434,0
1424.3,0.02011,3.40555,7.54434,0
1424.4,0.02011,3.40555,7.54434,0
1424.5,0.02011,3.40555,7.54434,0
1424.6,0.02011,3.40555,7.54434,0
1424.7,0.02011,3.40555,7.54434,0
1424.8,0.02011,3.40554,7.54434,0
1424.9,0.02011,3.40554,7.54434,0
1425,0.02011,3.40554,7.54434,0
1425.1,0.02011,3.40554,7.54434,0
1425.2,0.02011,3.40554,7.54434,0
1425.3,0.02011,3.40554,7.54434,0
1425.4,0.02011,3.40554,7.54434,0
1425.5,0.02011,3.40554,7.54434,0
1425.6,0.02011,3.40553,7.54434,0
1425.7,0.02011,3.40553,7.54434,0
1425.8,0.02011,3.40553,7.54434,0
1425.9,0.02011,3.40553,7.54434,0
1426,0.02011,3.40553,7.54434,0
1426.1,0.02011,3.40553,7.54434,0
1426.2,0.02011,3.40553,7.54434,0
1426.3,0.02011,3.40552,7.54434,0
1426.4,0.02011,3.40552,7.54434,0
1426.5,0.02011,3.40552,7.54434,0
1426.6,0.02011,3.40552,7.54434,0
1426.7,0.02011,3.40552,7.54434,0
1426.8,0.02011,3.40552,7.54434,0
1426.9,0.02011,3.40552,7.54434,0
1427,0.02011,3.40552,7.54434,0
1427.1,0.02011,3.40551,7.54434,0
1427.2,0.02011,3.40551,7.54434,0
1427.3,0.02011,3.40551,7.54434,0
1427.4,0.02011,3.40551,7.54434,0
1427.5,0.02011,3.40551,7.54434,0
1427.6,0.02011,3.40551,7.54434,0
1427.7,0.02011,3.40551,7.54434,0
1427.8,0.02011,3.40551,7.54434,0
1427.9,0.02011,3.40551,7.54434,0
1428,0.02011,3.4055,7.54434,0
1428.1,0.02011,3.4055,7.54434,0
1428.2,0.02011,3.4055,7.54434,0
1428.3,0.02011,3.4055,7.54434,0
1428.4,0.02011,3.4055,7.54434,0
1428.5,0.02011,3.4055,7.54434,0
1428.6,0.02011,3.4055,7.54434,0
1428.7,0.02011,3.4055,7.54434,0
1428.8,0.02011,3.4055,7.54434,0
1428.9,0.02011,3.40549,7.54434,0
1429,0.02011,3.40549,7.54434,0
1429.1,0.02011,3.40549,7.54434,0
1429.2,0.02011,3.40549,7.54434,0
1429.3,0.02011,3.40549,7.54434,0
1429.4,0.02011,3.40549,7.54434,0
1429.5,0.02011,3.40549,7.54434,0
1429.6,0.02011,3.40549,7.54434,0
1429.7,0.02011,3.40549,7.54434,0
1429.8,0.02011,3.40549,7.54434,0
1429.9,0.02011,3.40548,7.54434,0
1430,0.02011,3.40548,7.54434,0
1430.1,0.02011,3.40548,7.54434,0
1430.2,0.02011,3.40548,7.54434,0
1430.3,0.02011,3.40548,7.54434,0
1430.4,0.02011,3.40548,7.54434,0
1430.5,0.02011,3.40548,7.54434,0
1430.6,0.02011,3.40548,7.54434,0
1430.7,0.02011,3.40548,7.54434,0
1430.8,0.02011,3.40548,7.54434,0
1430.9,0.02011,3.40547,7.54434,0
1431,0.02011,3.40547,7.54434,0
1431.1,0.02011,3.40547,7.54434,0
1431.2,0.02011,3.40547,7.54434,0
1431.3,0.02011,3.40547,7.54434,0
1431.4,0.02011,3.40547,7.54434,0
1431.5,0.02011,3.40547,7.54434,0
1431.6,0.02011,3.40547,7.54434,0
1431.7,0.02011,3.40547,7.54434,0
1431.8,0.02011,3.40546,7.54434,0
1431.9,0.02011,3.40546,7.54434,0
1432,0.02011,3.40546,7.54434,0
1432.1,0.02011,3.40546,7.54434,0
1432.2,0.02011,3.40546,7.54434,0
1432.3,0.02011,3.40546,7.54434,0
1432.4,0.02011,3.40546,7.54434,0
1432.5,0.02011,3.40546,7.54434,0
1432.6,0.02011,3.40546,7.54434,0
1432.7,0.02011,3.40546,7.54434,0
1432.8,0.02011,3.40545,7.54434,0
1432.9,0.02011,3.40545,7.54434,0
1433,0.02011,3.40545,7.54434,0
1433.1,0.02011,3.40545,7.54434,0
1433.2,0.02011,3.40545,7.54434,0
1433.3,0.02011,3.40545,7.54434,0
1433.4,0.02011,3.40545,7.54434,0
1433.5,0.02011,3.40545,7.54434,0
1433.6,0.02011,3.40545,7.54434,0
1433.7,0.02011,3.40545,7.54434,0
1433.8,0.02011,3.40544,7.54434,0
1433.9,0.02011,3.40544,7.54434,0
1434,0.02011,3.40544,7.54434,0
1434.1,0.02011,3.40544,7.54434,0
1434.2,0.02011,3.40544,7.54434,0
1434.3,0.02011,3.40544,7.54434,0
1434.4,0.02011,3.40544,7.54434,0
1434.5,0.02011,3.40544,7.54434,0
1434.6,0.02011,3.40544,7.54434,0
1434.7,0.02011,3.40544,7.54434,0
1434.8,0.02011,3.40543,7.54434,0
1434.9,0.02011,3.40543,7.54434,0
1435,0.02011,3.40543,7.54434,0
1435.1,0.02011,3.40543,7.54434,0
1435.2,0.02011,3.40543,7.54434,0
1435.3,0.02011,3.40543,7.54434,0
1435.4,0.02011,3.40543,7.54434,0
1435.5,0.02011,3.40543,7.54434,0
1435.6,0.02011,3.40543,7.54434,0
1435.7,0.02011,3.40543,7.54434,0
1435.8,0.02011,3.40542,7.54434,0
1435.9,0.02011,3.40542,7.54434,0
1436,0.02011,3.40542,7.54434,0
1436.1,0.02011,3.40542,7.54434,0
1436.2,0.02011,3.40542,7.54434,0
1436.3,0.02011,3.40542,7.54434,0
1436.4,0.02011,3.40542,7.54434,0
1436.5,0.02011,3.40542,7.54434,0
1436.6,0.02011,3.40542,7.54434,0
1436.7,0.02011,3.40542,7.54434,0
1436.8,0.02011,3.40541,7.54434,0
1436.9,0.02011,3.40541,7.54434,0
1437,0.02011,3.40541,7.54434,0
1437.1,0.02011,3.40541,7.54434,0
1437.2,0.02011,3.40541,7.54434,0
1437.3,0.02011,3.40541,7.54434,0
1437.4,0.02011,3.40541,7.54434,0
1437.5,0.02011,3.40541,7.54434,0
1437.6,0.02011,3.40541,7.54434,0
1437.7,0.02011,3.40541,7.54434,0
1437.8,0.02011,3.4054,7.54434,0
1437.9,0.02011,3.4054,7.54434,0
1438,0.02011,3.4054,7.54434,0
1438.1,0.02011,3.4054,7.54434,0
1438.2,0.02011,3.4054,7.54434,0
1438.3,0.02011,3.4054,7.54434,0
1438.4,0.02011,3.4054,7.54434,0
1438.5,0.02011,3.4054,7.54434,0
1438.6,0.02011,3.4054,7.54434,0
1438.7,0.02011,3.4054,7.54434,0
1438.8,0.02011,3.40539,7.54434,0
1438.9,0.02011,3.40539,7.54434,0
1439,0.02011,3.40539,7.54434,0
1439.1,0.02011,3.40539,7.54434,0
1439.2,0.02011,3.40539,7.54434,0
1439.3,0.02011,3.40539,7.54434,0
1439.4,0.02011,3.40539,7.54434,0
1439.5,0.02011,3.40539,7.54435,0
1439.6,0.02011,3.40539,7.54435,0
1439.7,0.02011,3.40539,7.54435,0
1439.8,0.02011,3.40539,7.54435,0
1439.9,0.02011,3.40538,7.54435,0
1440,0.02011,3.40538,7.54435,0
1440.1,0.02011,3.40538,7.54435,0
1440.2,0.02011,3.40538,7.54435,0
1440.3,0.02011,3.40538,7.54435,0
1440.4,0.02011,3.40538,7.54435,0
1440.5,0.02011,3.40538,7.54435,0
1440.6,0.02011,3.40538,7.54435,0
1440.7,0.02011,3.40538,7.54435,0
1440.8,0.02011,3.40538,7.54435,0
1440.9,0.02011,3.40537,7.54435,0
1441,0.02011,3.40537,7.54435,0
1441.1,0.02011,3.40537,7.54435,0
1441.2,0.02011,3.40537,7.54435,0
1441.3,0.02011,3.40537,7.54435,0
1441.4,0.02011,3.40537,7.54435,0
1441.5,0.02011,3.40537,7.54435,0
1441.6,0.02011,3.40537,7.54435,0
1441.7,0.02011,3.40537,7.54435,0
1441.8,0.02011,3.40537,7.54435,0
1441.9,0.02011,3.40536,7.54435,0
1442,0.02011,3.40536,7.54435,0
1442.1,0.02011,3.40536,7.54435,0
1442.2,0.02011,3.40536,7.54435,0
1442.3,0.02011,3.40536,7.54435,0
1442.4,0.02011,3.40536,7.54435,0
1442.5,0.02011,3.40536,7.54435,0
1442.6,0.02011,3.40536,7.54435,0
1442.7,0.02011,3.40536,7.54435,0
1442.8,0.02011,3.40536,7.54435,0
1442.9,0.02011,3.40536,7.54435,0
1443,0.02011,3.40535,7.54435,0
1443.1,0.02011,3.40535,7.54435,0
1443.2,0.02011,3.40535,7.54435,0
1443.3,0.02011,3.40535,7.54435,0
1443.4,0.02011,3.40535,7.54435,0
1443.5,0.02011,3.40535,7.54435,0
1443.6,0.02011,3.40535,7.54436,0
1443.7,0.02011,3.40535,7.54436,0
1443.8,0.02011,3.40535,7.54436,0
1443.9,0.02011,3.40535,7.54436,0
1444,0.02011,3.40534,7.54436,0
1444.1,0.02011,3.40534,7.54436,0
1444.2,0.02011,3.40534,7.54436,0
1444.3,0.02011,3.40534,7.54436,0
1444.4,0.02011,3.40534,7.54436,0
1444.5,0.02011,3.40534,7.54436,0
1444.6,0.02011,3.40534,7.54436,0
1444.7,0.02011,3.40534,7.54436,0
1444.8,0.02011,3.40534,7.54436,0
1444.9,0.02011,3.40534,7.54436,0
1445,0.02011,3.40533,7.54436,0
1445.1,0.02011,3.40533,7.54436,0
1445.2,0.02011,3.40533,7.54436,0
1445.3,0.02011,3.40533,7.54436,0
1445.4,0.02011,3.40533,7.54436,0
1445.5,0.02011,3.40533,7.54436,0
1445.6,0.02011,3.40533,7.54436,0
1445.7,0.02011,3.40533,7.54436,0
1445.8,0.02011,3.40533,7.54436,0
1445.9,0.02011,3.40533,7.54436,0
1446,0.02011,3.40532,7.54436,0
1446.1,0.02011,3.40532,7.54436,0
1446.2,0.02011,3.40532,7.54436,0
1446.3,0.02011,3.40532,7.54436,0
1446.4,0.02011,3.40532,7.54436,0
1446.5,0.02011,3.40532,7.54436,0
1446.6,0.02011,3.40532,7.54436,0
1446.7,0.02011,3.40532,7.54436,0
1446.8,0.02011,3.40532,7.54436,0
1446.9,0.02011,3.40532,7.54436,0
1447,0.02011,3.40532,7.54436,0
1447.1,0.02011,3.40531,7.54436,0
1447.2,0.02011,3.40531,7.54436,0
1447.3,0.02011,3.40531,7.54436,0
1447.4,0.02011,3.40531,7.54436,0
1447.5,0.02011,3.40531,7.54436,0
1447.6,0.02011,3.40531,7.54436,0
1447.7,0.02011,3.40531,7.54436,0
1447.8,0.02011,3.40531,7.54436,0
1447.9,0.02011,3.40531,7.54436,0
1448,0.02011,3.40531,7.54436,0
1448.1,0.02011,3.40531,7.54436,0
1448.2,0.02011,3.4053,7.54436,0
1448.3,0.02011,3.4053,7.54436,0
1448.4,0.02011,3.4053,7.54436,0
1448.5,0.02011,3.4053,7.54436,0
1448.6,0.02011,3.4053,7.54436,0
1448.7,0.02011,3.4053,7.54436,0
1448.8,0.02011,3.4053,7.54436,0
1448.9,0.02011,3.4053,7.54436,0
1449,0.02011,3.4053,7.54436,0
1449.1,0.02011,3.4053,7.54436,0
1449.2,0.02011,3.4053,7.54436,0
1449.3,0.02011,3.40529,7.54436,0
1449.4,0.02011,3.40529,7.54436,0
1449.5,0.02011,3.40529,7.54436,0
1449.6,0.02011,3.40529,7.54436,0
1449.7,0.02011,3.40529,7.54436,0
1449.8,0.02011,3.40529,7.54436,0
1449.9,0.02011,3.40529,7.54436,0
1450,0.02011,3.40529,7.54436,0
1450.1,0.02011,3.40529,7.54436,0
1450.2,0.02011,3.40529,7.54436,0
1450.3,0.02011,3.40529,7.54436,0
1450.4,0.02011,3.40528,7.54436,0
1450.5,0.02011,3.40528,7.54436,0
1450.6,0.02011,3.40528,7.54436,0
1450.7,0.02011,3.40528,7.54436,0
1450.8,0.02011,3.40528,7.54436,0
1450.9,0.02011,3.40528,7.54436,0
1451,0.02011,3.40528,7.54436,0
1451.1,0.02011,3.40528,7.54436,0
1451.2,0.02011,3.40528,7.54436,0
1451.3,0.02011,3.40528,7.54436,0
1451.4,0.02011,3.40528,7.54436,0
1451.5,0.02011,3.40527,7.54436,0
1451.6,0.02011,3.40527,7.54437,0
1451.7,0.02011,3.40527,7.54437,0
1451.8,0.02011,3.40527,7.54437,0
1451.9,0.02011,3.40527,7.54437,0
1452,0.02011,3.40527,7.54437,0
1452.1,0.02011,3.40527,7.54437,0
1452.2,0.02011,3.40527,7.54437,0
1452.3,0.02011,3.40527,7.54437,0
1452.4,0.02011,3.40527,7.54437,0
1452.5,0.02011,3.40526,7.54437,0
1452.6,0.02011,3.40526,7.54437,0
1452.7,0.02011,3.40526,7.54437,0
1452.8,0.02011,3.40526,7.54437,0
1452.9,0.02011,3.40526,7.54437,0
1453,0.02011,3.40526,7.54437,0
1453.1,0.02011,3.40526,7.54437,0
1453.2,0.02011,3.40526,7.54437,0
1453.3,0.02011,3.40526,7.54437,0
1453.4,0.02011,3.40526,7.54437,0
1453.5,0.02011,3.40526,7.54437,0
1453.6,0.02011,3.40525,7.54437,0
1453.7,0.02011,3.40525,7.54437,0
1453.8,0.02011,3.40525,7.54437,0
1453.9,0.02011,3.40525,7.54437,0
1454,0.02011,3.40525,7.54437,0
1454.1,0.02011,3.40525,7.54437,0
1454.2,0.02011,3.40525,7.54437,0
1454.3,0.02011,3.40525,7.54437,0
1454.4,0.02011,3.40525,7.54437,0
1454.5,0.02011,3.40525,7.54437,0
1454.6,0.02011,3.40524,7.54437,0
1454.7,0.02011,3.40524,7.54437,0
1454.8,0.02011,3.40524,7.54437,0
1454.9,0.02011,3.40524,7.54437,0
1455,0.02011,3.40524,7.54437,0
1455.1,0.02011,3.40524,7.54437,0
1455.2,0.02011,3.40524,7.54437,0
1455.3,0.02011,3.40524,7.54437,0
1455.4,0.02011,3.40524,7.54437,0
1455.5,0.02011,3.40524,7.54437,0
1455.6,0.02011,3.40524,7.54437,0
1455.7,0.02011,3.40523,7.54437,0
1455.8,0.02011,3.40523,7.54437,0
1455.9,0.02011,3.40523,7.54437,0
1456,0.02011,3.40523,7.54437,0
1456.1,0.02011,3.40523,7.54437,0
1456.2,0.02011,3.40523,7.54437,0
1456.3,0.02011,3.40523,7.54437,0
1456.4,0.02011,3.40523,7.54437,0
1456.5,0.02011,3.40523,7.54437,0
1456.6,0.02011,3.40523,7.54437,0
1456.7,0.02011,3.40522,7.54437,0
1456.8,0.02011,3.40522,7.54437,0
1456.9,0.02011,3.40522,7.54437,0
1457,0.02011,3.40522,7.54437,0
1457.1,0.02011,3.40522,7.54437,0
1457.2,0.02011,3.40522,7.54437,0
1457.3,0.02011,3.40522,7.54437,0
1457.4,0.02011,3.40522,7.54437,0
1457.5,0.02011,3.40522,7.54437,0
1457.6,0.02011,3.40521,7.54437,0
1457.7,0.02011,3.40521,7.54437,0
1457.8,0.02011,3.40521,7.54437,0
1457.9,0.02011,3.40521,7.54437,0
1458,0.02011,3.40521,7.54437,0
1458.1,0.02011,3.40521,7.54437,0
1458.2,0.02011,3.40521,7.54437,0
1458.3,0.02011,3.40521,7.54437,0
1458.4,0.02011,3.40521,7.54437,0
1458.5,0.02011,3.40521,7.54437,0
1458.6,0.02011,3.4052,7.54437,0
1458.7,0.02011,3.4052,7.54437,0
1458.8,0.02011,3.4052,7.54437,0
1458.9,0.02011,3.4052,7.54437,0
1459,0.02011,3.4052,7.54437,0
1459.1,0.02011,3.4052,7.54437,0
1459.2,0.02011,3.4052,7.54437,0
1459.3,0.02011,3.4052,7.54437,0
1459.4,0.02011,3.4052,7.54437,0
1459.5,0.02011,3.40519,7.54437,0
1459.6,0.02011,3.40519,7.54437,0
1459.7,0.02011,3.40519,7.54437,0
1459.8,0.02011,3.40519,7.54437,0
1459.9,0.02011,3.40519,7.54437,0
1460,0.02011,3.40519,7.54437,0
1460.1,0.02011,3.40519,7.54437,0
1460.2,0.02011,3.40519,7.54437,0
1460.3,0.02011,3.40519,7.54437,0
1460.4,0.02011,3.40519,7.54437,0
1460.5,0.02011,3.40518,7.54437,0
1460.6,0.02011,3.40518,7.54437,0
1460.7,0.02011,3.40518,7.54437,0
1460.8,0.02011,3.40518,7.54437,0
1460.9,0.02011,3.40518,7.54437,0
1461,0.02011,3.40518,7.54437,0
1461.1,0.02011,3.40518,7.54437,0
1461.2,0.02011,3.40518,7.54437,0
1461.3,0.02011,3.40518,7.54437,0
1461.4,0.02011,3.40517,7.54437,0
1461.5,0.02011,3.40517,7.54437,0
1461.6,0.02011,3.40517,7.54437,0
1461.7,0.02011,3.40517,7.54437,0
1461.8,0.02011,3.40517,7.54437,0
1461.9,0.02011,3.40517,7.54437,0
1462,0.02011,3.40517,7.54437,0
1462.1,0.02011,3.40517,7.54437,0
1462.2,0.02011,3.40517,7.54437,0
1462.3,0.02011,3.40516,7.54437,0
1462.4,0.02011,3.40516,7.54437,0
1462.5,0.02011,3.40516,7.54437,0
1462.6,0.02011,3.40516,7.54437,0
1462.7,0.02011,3.40516,7.54437,0
1462.8,0.02011,3.40516,7.54437,0
1462.9,0.02011,3.40516,7.54437,0
1463,0.02011,3.40516,7.54437,0
1463.1,0.02011,3.40516,7.54437,0
1463.2,0.02011,3.40515,7.54437,0
1463.3,0.02011,3.40515,7.54437,0
1463.4,0.02011,3.40515,7.54437,0
1463.5,0.02011,3.40515,7.54437,0
1463.6,0.02011,3.40515,7.54437,0
1463.7,0.02011,3.40515,7.54437,0
1463.8,0.02011,3.40515,7.54437,0
1463.9,0.02011,3.40515,7.54437,0
1464,0.02011,3.40515,7.54437,0
1464.1,0.02011,3.40515,7.54437,0
1464.2,0.02011,3.40514,7.54437,0
1464.3,0.02011,3.40514,7.54437,0
1464.4,0.02011,3.40514,7.54437,0
1464.5,0.02011,3.40514,7.54437,0
1464.6,0.02011,3.40514,7.54437,0
1464.7,0.02011,3.40514,7.54437,0
1464.8,0.02011,3.40514,7.54437,0
1464.9,0.02011,3.40514,7.54437,0
1465,0.02011,3.40513,7.54437,0
1465.1,0.02011,3.40513,7.54437,0
1465.2,0.02011,3.40513,7.54437,0
1465.3,0.02011,3.40513,7.54437,0
1465.4,0.02011,3.40513,7.54437,0
1465.5,0.02011,3.40513,7.54437,0
1465.6,0.02011,3.40513,7.54437,0
1465.7,0.02011,3.40513,7.54437,0
1465.8,0.02011,3.40513,7.54437,0
1465.9,0.02011,3.40513,7.54437,0
1466,0.02011,3.40512,7.54437,0
1466.1,0.02011,3.40512,7.54437,0
1466.2,0.02011,3.40512,7.54437,0
1466.3,0.02011,3.40512,7.54437,0
1466.4,0.02011,3.40512,7.54437,0
1466.5,0.02011,3.40512,7.54437,0
1466.6,0.02011,3.40512,7.54437,0
1466.7,0.02011,3.40512,7.54437,0
1466.8,0.02011,3.40512,7.54437,0
1466.9,0.02011,3.40511,7.54437,0
1467,0.02011,3.40511,7.54437,0
1467.1,0.02011,3.40511,7.54437,0
1467.2,0.02011,3.40511,7.54437,0
1467.3,0.02011,3.40511,7.54437,0
1467.4,0.02011,3.40511,7.54437,0
1467.5,0.02011,3.40511,7.54437,0
1467.6,0.02011,3.40511,7.54437,0
1467.7,0.02011,3.40511,7.54437,0
1467.8,0.02011,3.4051,7.54437,0
1467.9,0.02011,3.4051,7.54437,0
1468,0.02011,3.4051,7.54437,0
1468.1,0.02011,3.4051,7.54437,0
1468.2,0.02011,3.4051,7.54437,0
1468.3,0.02011,3.4051,7.54437,0
1468.4,0.02011,3.4051,7.54437,0
1468.5,0.02011,3.4051,7.54437,0
1468.6,0.02011,3.4051,7.54437,0
1468.7,0.02011,3.40509,7.54437,0
1468.8,0.02011,3.40509,7.54437,0
1468.9,0.02011,3.40509,7.54437,0
1469,0.02011,3.40509,7.54437,0
1469.1,0.02011,3.40509,7.54437,0
1469.2,0.02011,3.40509,7.54437,0
1469.3,0.02011,3.40509,7.54437,0
1469.4,0.02011,3.40509,7.54437,0
1469.5,0.02011,3.40508,7.54437,0
1469.6,0.02011,3.40508,7.54437,0
1469.7,0.02011,3.40508,7.54437,0
1469.8,0.02011,3.40508,7.54437,0
1469.9,0.02011,3.40508,7.54437,0
1470,0.02011,3.40508,7.54437,0
1470.1,0.02011,3.40508,7.54437,0
1470.2,0.02011,3.40508,7.54437,0
1470.3,0.02011,3.40508,7.54437,0
1470.4,0.02011,3.40507,7.54436,0
1470.5,0.02011,3.40507,7.54436,0
1470.6,0.02011,3.40507,7.54436,0
1470.7,0.02011,3.40507,7.54436,0
1470.8,0.02011,3.40507,7.54436,0
1470.9,0.02011,3.40507,7.54436,0
1471,0.02011,3.40507,7.54436,0
1471.1,0.02011,3.40507,7.54436,0
1471.2,0.02011,3.40507,7.54436,0
1471.3,0.02011,3.40506,7.54436,0
1471.4,0.02011,3.40506,7.54436,0
1471.5,0.02011,3.40506,7.54436,0
1471.6,0.02011,3.40506,7.54436,0
1471.7,0.02011,3.40506,7.54436,0
1471.8,0.02011,3.40506,7.54436,0
1471.9,0.02011,3.40506,7.54436,0
1472,0.02011,3.40506,7.54436,0
1472.1,0.02011,3.40506,7.54436,0
1472.2,0.02011,3.40505,7.54436,0
1472.3,0.02011,3.40505,7.54436,0
1472.4,0.02011,3.40505,7.54436,0
1472.5,0.02011,3.40505,7.54436,0
1472.6,0.02011,3.40505,7.54436,0
1472.7,0.02011,3.40505,7.54436,0
1472.8,0.02011,3.40505,7.54436,0
1472.9,0.02011,3.40505,7.54436,0
1473,0.02011,3.40505,7.54436,0
1473.1,0.02011,3.40505,7.54436,0
1473.2,0.02011,3.40504,7.54436,0
1473.3,0.02011,3.40504,7.54436,0
1473.4,0.02011,3.40504,7.54436,0
1473.5,0.02011,3.40504,7.54436,0
1473.6,0.02011,3.40504,7.54436,0
1473.7,0.02011,3.40504,7.54436,0
1473.8,0.02011,3.40504,7.54436,0
1473.9,0.02011,3.40504,7.54436,0
1474,0.02011,3.40504,7.54436,0
1474.1,0.02011,3.40503,7.54435,0
1474.2,0.02011,3.40503,7.54435,0
1474.3,0.02011,3.40503,7.54435,0
1474.4,0.02011,3.40503,7.54435,0
1474.5,0.02011,3.40503,7.54435,0
1474.6,0.02011,3.40503,7.54435,0
1474.7,0.02011,3.40503,7.54435,0
1474.8,0.02011,3.40503,7.54435,0
1474.9,0.02011,3.40503,7.54435,0
1475,0.02011,3.40502,7.54435,0
1475.1,0.02011,3.40502,7.54435,0
1475.2,0.02011,3.40502,7.54435,0
1475.3,0.02011,3.40502,7.54435,0
1475.4,0.02011,3.40502,7.54435,0
1475.5,0.02011,3.40502,7.54435,0
1475.6,0.02011,3.40502,7.54435,0
1475.7,0.02011,3.40502,7.54435,0
1475.8,0.02011,3.40502,7.54435,0
1475.9,0.02011,3.40501,7.54435,0
1476,0.02011,3.40501,7.54435,0
1476.1,0.02011,3.40501,7.54435,0
1476.2,0.02011,3.40501,7.54435,0
1476.3,0.02011,3.40501,7.54435,0
1476.4,0.02011,3.40501,7.54435,0
1476.5,0.02011,3.40501,7.54435,0
1476.6,0.02011,3.40501,7.54435,0
1476.7,0.02011,3.40501,7.54435,0
1476.8,0.02011,3.40501,7.54435,0
1476.9,0.02011,3.405,7.54435,0
1477,0.02011,3.405,7.54435,0
1477.1,0.02011,3.405,7.54435,0
1477.2,0.02011,3.405,7.54435,0
1477.3,0.02011,3.405,7.54435,0
1477.4,0.02011,3.405,7.54435,0
1477.5,0.02011,3.405,7.54435,0
1477.6,0.02011,3.405,7.54435,0
1477.7,0.02011,3.405,7.54435,0
1477.8,0.02011,3.40499,7.54435,0
1477.9,0.02011,3.40499,7.54435,0
1478,0.02011,3.40499,7.54435,0
1478.1,0.02011,3.40499,7.54435,0
1478.2,0.02011,3.40499,7.54435,0
1478.3,0.02011,3.40499,7.54435,0
1478.4,0.02011,3.40499,7.54435,0
1478.5,0.02011,3.40499,7.54435,0
1478.6,0.02011,3.40499,7.54435,0
1478.7,0.02011,3.40499,7.54435,0
1478.8,0.02011,3.40498,7.54435,0
1478.9,0.02011,3.40498,7.54435,0
1479,0.02011,3.40498,7.54435,0
1479.1,0.02011,3.40498,7.54435,0
1479.2,0.02011,3.40498,7.54435,0
1479.3,0.02011,3.40498,7.54435,0
1479.4,0.02011,3.40498,7.54435,0
1479.5,0.02011,3.40498,7.54435,0
1479.6,0.02011,3.40498,7.54435,0
1479.7,0.02011,3.40498,7.54435,0
1479.8,0.02011,3.40498,7.54435,0
1479.9,0.02011,3.40497,7.54435,0
1480,0.02011,3.40497,7.54435,0
1480.1,0.02011,3.40497,7.54435,0
1480.2,0.02011,3.40497,7.54435,0
1480.3,0.02011,3.40497,7.54435,0
1480.4,0.02011,3.40497,7.54435,0
1480.5,0.02011,3.40497,7.54435,0
1480.6,0.02011,3.40497,7.54435,0
1480.7,0.02011,3.40497,7.54435,0
1480.8,0.02011,3.40497,7.54435,0
1480.9,0.02011,3.40496,7.54435,0
1481,0.02011,3.40496,7.54435,0
1481.1,0.02011,3.40496,7.54435,0
1481.2,0.02011,3.40496,7.54435,0
1481.3,0.02011,3.40496,7.54435,0
1481.4,0.02011,3.40496,7.54435,0
1481.5,0.02011,3.40496,7.54435,0
1481.6,0.02011,3.40496,7.54435,0
1481.7,0.02011,3.40496,7.54435,0
1481.8,0.02011,3.40496,7.54435,0
1481.9,0.02011,3.40496,7.54435,0
1482,0.02011,3.40495,7.54435,0
1482.1,0.02011,3.40495,7.54434,0
1482.2,0.02011,3.40495,7.54434,0
1482.3,0.02011,3.40495,7.54434,0
1482.4,0.02011,3.40495,7.54434,0
1482.5,0.02011,3.40495,7.54434,0
1482.6,0.02011,3.40495,7.54434,0
1482.7,0.02011,3.40495,7.54434,0
1482.8,0.02011,3.40495,7.54434,0
1482.9,0.02011,3.40495,7.54434,0
1483,0.02011,3.40495,7.54434,0
1483.1,0.02011,3.40495,7.54434,0
1483.2,0.02011,3.40494,7.54434,0
1483.3,0.02011,3.40494,7.54434,0
1483.4,0.02011,3.40494,7.54434,0
1483.5,0.02011,3.40494,7.54434,0
1483.6,0.02011,3.40494,7.54434,0
1483.7,0.02011,3.40494,7.54434,0
1483.8,0.02011,3.40494,7.54434,0
1483.9,0.02011,3.40494,7.54434,0
1484,0.02011,3.40494,7.54434,0
1484.1,0.02011,3.40494,7.54434,0
1484.2,0.02011,3.40494,7.54434,0
1484.3,0.02011,3.40493,7.54434,0
1484.4,0.02011,3.40493,7.54434,0
1484.5,0.02011,3.40493,7.54434,0
1484.6,0.02011,3.40493,7.54434,0
1484.7,0.02011,3.40493,7.54434,0
1484.8,0.02011,3.40493,7.54434,0
1484.9,0.02011,3.40493,7.54434,0
1485,0.02011,3.40493,7.54434,0
1485.1,0.02011,3.40493,7.54434,0
1485.2,0.02011,3.40493,7.54434,0
1485.3,0.02011,3.40493,7.54434,0
1485.4,0.02011,3.40493,7.54434,0
1485.5,0.02011,3.40492,7.54434,0
1485.6,0.02011,3.40492,7.54434,0
1485.7,0.02011,3.40492,7.54434,0
1485.8,0.02011,3.40492,7.54434,0
1485.9,0.02011,3.40492,7.54434,0
1486,0.02011,3.40492,7.54434,0
1486.1,0.02011,3.40492,7.54434,0
1486.2,0.02011,3.40492,7.54434,0
1486.3,0.02011,3.40492,7.54434,0
1486.4,0.02011,3.40492,7.54434,0
1486.5,0.02011,3.40492,7.54434,0
1486.6,0.02011,3.40491,7.54434,0
1486.7,0.02011,3.40491,7.54434,0
1486.8,0.02011,3.40491,7.54434,0
1486.9,0.02011,3.40491,7.54434,0
1487,0.02011,3.40491,7.54434,0
1487.1,0.02011,3.40491,7.54434,0
1487.2,0.02011,3.40491,7.54434,0
1487.3,0.02011,3.40491,7.54434,0
1487.4,0.02011,3.40491,7.54434,0
1487.5,0.02011,3.40491,7.54434,0
1487.6,0.02011,3.40491,7.54434,0
1487.7,0.02011,3.40491,7.54434,0
1487.8,0.02011,3.4049,7.54434,0
1487.9,0.02011,3.4049,7.54434,0
1488,0.02011,3.4049,7.54434,0
1488.1,0.02011,3.4049,7.54434,0
1488.2,0.02011,3.4049,7.54434,0
1488.3,0.02011,3.4049,7.54434,0
1488.4,0.02011,3.4049,7.54434,0
1488.5,0.02011,3.4049,7.54434,0
1488.6,0.02011,3.4049,7.54434,0
1488.7,0.02011,3.4049,7.54434,0
1488.8,0.02011,3.4049,7.54434,0
1488.9,0.02011,3.4049,7.54434,0
1489,0.02011,3.40489,7.54434,0
1489.1,0.02011,3.40489,7.54434,0
1489.2,0.02011,3.40489,7.54434,0
1489.3,0.02011,3.40489,7.54434,0
1489.4,0.02011,3.40489,7.54434,0
1489.5,0.02011,3.40489,7.54434,0
1489.6,0.02011,3.40489,7.54434,0
1489.7,0.02011,3.40489,7.54434,0
1489.8,0.02011,3.40489,7.54434,0
1489.9,0.02011,3.40489,7.54434,0
1490,0.02011,3.40489,7.54434,0
1490.1,0.02011,3.40488,7.54434,0
1490.2,0.02011,3.40488,7.54434,0
1490.3,0.02011,3.40488,7.54434,0
1490.4,0.02011,3.40488,7.54434,0
1490.5,0.02011,3.40488,7.54434,0
1490.6,0.02011,3.40488,7.54434,0
1490.7,0.02011,3.40488,7.54434,0
1490.8,0.02011,3.40488,7.54434,0
1490.9,0.02011,3.40488,7.54434,0
1491,0.02011,3.40488,7.54434,0
1491.1,0.02011,3.40488,7.54434,0
1491.2,0.02011,3.40488,7.54434,0
1491.3,0.02011,3.40487,7.54434,0
1491.4,0.02011,3.40487,7.54434,0
1491.5,0.02011,3.40487,7.54434,0
1491.6,0.02011,3.40487,7.54434,0
1491.7,0.02011,3.40487,7.54434,0
1491.8,0.02011,3.40487,7.54434,0
1491.9,0.02011,3.40487,7.54434,0
1492,0.02011,3.40487,7.54434,0
1492.1,0.02011,3.40487,7.54434,0
1492.2,0.02011,3.40487,7.54433,0
1492.3,0.02011,3.40487,7.54433,0
1492.4,0.02011,3.40487,7.54433,0
1492.5,0.02011,3.40486,7.54433,0
1492.6,0.02011,3.40486,7.54433,0
1492.7,0.02011,3.40486,7.54433,0
1492.8,0.02011,3.40486,7.54433,0
1492.9,0.02011,3.40486,7.54433,0
1493,0.02011,3.40486,7.54433,0
1493.1,0.02011,3.40486,7.54433,0
1493.2,0.02011,3.40486,7.54433,0
1493.3,0.02011,3.40486,7.54433,0
1493.4,0.02011,3.40486,7.54433,0
1493.5,0.02011,3.40486,7.54433,0
1493.6,0.02011,3.40486,7.54433,0
1493.7,0.02011,3.40485,7.54433,0
1493.8,0.02011,3.40485,7.54433,0
1493.9,0.02011,3.40485,7.54433,0
1494,0.02011,3.40485,7.54433,0
1494.1,0.02011,3.40485,7.54433,0
1494.2,0.02011,3.40485,7.54433,0
1494.3,0.02011,3.40485,7.54433,0
1494.4,0.02011,3.40485,7.54433,0
1494.5,0.02011,3.40485,7.54433,0
1494.6,0.02011,3.40485,7.54433,0
1494.7,0.02011,3.40485,7.54433,0
1494.8,0.02011,3.40484,7.54433,0
1494.9,0.02011,3.40484,7.54433,0
1495,0.02011,3.40484,7.54433,0
1495.1,0.02011,3.40484,7.54433,0
1495.2,0.02011,3.40484,7.54433,0
1495.3,0.02011,3.40484,7.54433,0
1495.4,0.02011,3.40484,7.54433,0
1495.5,0.02011,3.40484,7.54433,0
1495.6,0.02011,3.40484,7.54433,0
1495.7,0.02011,3.40484,7.54433,0
1495.8,0.02011,3.40484,7.54433,0
1495.9,0.02011,3.40484,7.54433,0
1496,0.02011,3.40483,7.54433,0
1496.1,0.02011,3.40483,7.54433,0
1496.2,0.02011,3.40483,7.54433,0
1496.3,0.02011,3.40483,7.54433,0
1496.4,0.02011,3.40483,7.54433,0
1496.5,0.02011,3.40483,7.54433,0
1496.6,0.02011,3.40483,7.54433,0
1496.7,0.02011,3.40483,7.54433,0
1496.8,0.02011,3.40483,7.54433,0
1496.9,0.02011,3.40483,7.54433,0
1497,0.02011,3.40483,7.54433,0
1497.1,0.02011,3.40483,7.54433,0
1497.2,0.02011,3.40482,7.54433,0
1497.3,0.02011,3.40482,7.54433,0
1497.4,0.02011,3.40482,7.54433,0
1497.5,0.02011,3.40482,7.54433,0
1497.6,0.02011,3.40482,7.54433,0
1497.7,0.02011,3.40482,7.54433,0
1497.8,0.02011,3.40482,7.54433,0
1497.9,0.02011,3.40482,7.54433,0
1498,0.02011,3.40482,7.54433,0
1498.1,0.02011,3.40482,7.54433,0
1498.2,0.02011,3.40482,7.54433,0
1498.3,0.02011,3.40482,7.54433,0
1498.4,0.02011,3.40481,7.54433,0
1498.5,0.02011,3.40481,7.54433,0
1498.6,0.02011,3.40481,7.54433,0
1498.7,0.02011,3.40481,7.54433,0
1498.8,0.02011,3.40481,7.54433,0
1498.9,0.02011,3.40481,7.54433,0
1499,0.02011,3.40481,7.54433,0
1499.1,0.02011,3.40481,7.54433,0
1499.2,0.02011,3.40481,7.54433,0
1499.3,0.02011,3.40481,7.54432,0
1499.4,0.02011,3.40481,7.54432,0
1499.5,0.02011,3.40481,7.54432,0
1499.6,0.02011,3.4048,7.54432,0
1499.7,0.02011,3.4048,7.54432,0
1499.8,0.02011,3.4048,7.54432,0
1499.9,0.02011,3.4048,7.54432,0
1500,0.02011,3.4048,7.54432,0
1500.1,0.02011,3.4048,7.54432,0
1500.2,0.02011,3.4048,7.54432,0
1500.3,0.02011,3.4048,7.54432,0
1500.4,0.02011,3.4048,7.54432,0
1500.5,0.02011,3.4048,7.54432,0
1500.6,0.02011,3.4048,7.54432,0
1500.7,0.02011,3.4048,7.54432,0
1500.8,0.02011,3.4048,7.54432,0
1500.9,0.02011,3.40479,7.54432,0
1501,0.02011,3.40479,7.54432,0
1501.1,0.02011,3.40479,7.54432,0
1501.2,0.02011,3.40479,7.54432,0
1501.3,0.02011,3.40479,7.54432,0
1501.4,0.02011,3.40479,7.54432,0
1501.5,0.02011,3.40479,7.54432,0
1501.6,0.02011,3.40479,7.54432,0
1501.7,0.02011,3.40479,7.54432,0
1501.8,0.02011,3.40479,7.54432,0
1501.9,0.02011,3.40479,7.54432,0
1502,0.02011,3.40479,7.54432,0
1502.1,0.02011,3.40478,7.54432,0
1502.2,0.02011,3.40478,7.54432,0
1502.3,0.02011,3.40478,7.54432,0
1502.4,0.02011,3.40478,7.54432,0
1502.5,0.02011,3.40478,7.54432,0
1502.6,0.02011,3.40478,7.54432,0
1502.7,0.02011,3.40478,7.54432,0
1502.8,0.02011,3.40478,7.54432,0
1502.9,0.02011,3.40478,7.54432,0
1503,0.02011,3.40478,7.54432,0
1503.1,0.02011,3.40478,7.54432,0
1503.2,0.02011,3.40478,7.54432,0
1503.3,0.02011,3.40477,7.54432,0
1503.4,0.02011,3.40477,7.54432,0
1503.5,0.02011,3.40477,7.54432,0
1503.6,0.02011,3.40477,7.54432,0
1503.7,0.02011,3.40477,7.54432,0
1503.8,0.02011,3.40477,7.54432,0
1503.9,0.02011,3.40477,7.54432,0
1504,0.02011,3.40477,7.54432,0
1504.1,0.02011,3.40477,7.54432,0
1504.2,0.02011,3.40477,7.54432,0
1504.3,0.02011,3.40477,7.54432,0
1504.4,0.02011,3.40477,7.54432,0
1504.5,0.02011,3.40477,7.54432,0
1504.6,0.02011,3.40476,7.54432,0
1504.7,0.02011,3.40476,7.54432,0
1504.8,0.02011,3.40476,7.54432,0
1504.9,0.02011,3.40476,7.54432,0
1505,0.02011,3.40476,7.54432,0
1505.1,0.02011,3.40476,7.54432,0
1505.2,0.02011,3.40476,7.54432,0
1505.3,0.02011,3.40476,7.54432,0
1505.4,0.02011,3.40476,7.54432,0
1505.5,0.02011,3.40476,7.54432,0
1505.6,0.02011,3.40476,7.54432,0
1505.7,0.02011,3.40476,7.54432,0
1505.8,0.02011,3.40476,7.54432,0
1505.9,0.02011,3.40475,7.54432,0
1506,0.02011,3.40475,7.54432,0
1506.1,0.02011,3.40475,7.54432,0
1506.2,0.02011,3.40475,7.54432,0
1506.3,0.02011,3.40475,7.54432,0
1506.4,0.02011,3.40475,7.54432,0
1506.5,0.02011,3.40475,7.54432,0
1506.6,0.02011,3.40475,7.54432,0
1506.7,0.02011,3.40475,7.54432,0
1506.8,0.02011,3.40475,7.54432,0
1506.9,0.02011,3.40475,7.54432,0
1507,0.02011,3.40475,7.54432,0
1507.1,0.02011,3.40475,7.54432,0
1507.2,0.02011,3.40474,7.54432,0
1507.3,0.02011,3.40474,7.54432,0
1507.4,0.02011,3.40474,7.54432,0
1507.5,0.02011,3.40474,7.54432,0
1507.6,0.02011,3.40474,7.54432,0
1507.7,0.02011,3.40474,7.54432,0
1507.8,0.02011,3.40474,7.54432,0
1507.9,0.02011,3.40474,7.54432,0
1508,0.02011,3.40474,7.54432,0
1508.1,0.02011,3.40474,7.54432,0
1508.2,0.02011,3.40474,7.54432,0
1508.3,0.02011,3.40474,7.54432,0
1508.4,0.02011,3.40474,7.54432,0
1508.5,0.02011,3.40474,7.54432,0
1508.6,0.02011,3.40473,7.54432,0
1508.7,0.02011,3.40473,7.54432,0
1508.8,0.02011,3.40473,7.54432,0
1508.9,0.02011,3.40473,7.54432,0
1509,0.02011,3.40473,7.54432,0
1509.1,0.02011,3.40473,7.54432,0
1509.2,0.02011,3.40473,7.54432,0
1509.3,0.02011,3.40473,7.54432,0
1509.4,0.02011,3.40473,7.54432,0
1509.5,0.02011,3.40473,7.54432,0
1509.6,0.02011,3.40473,7.54432,0
1509.7,0.02011,3.40473,7.54432,0
1509.8,0.02011,3.40473,7.54432,0
1509.9,0.02011,3.40473,7.54432,0
1510,0.02011,3.40472,7.54432,0
1510.1,0.02011,3.40472,7.54432,0
1510.2,0.02011,3.40472,7.54432,0
1510.3,0.02011,3.40472,7.54432,0
1510.4,0.02011,3.40472,7.54432,0
1510.5,0.02011,3.40472,7.54432,0
1510.6,0.02011,3.40472,7.54432,0
1510.7,0.02011,3.40472,7.54432,0
1510.8,0.02011,3.40472,7.54432,0
1510.9,0.02011,3.40472,7.54432,0
1511,0.02011,3.40472,7.54432,0
1511.1,0.02011,3.40472,7.54432,0
1511.2,0.02011,3.40472,7.54432,0
1511.3,0.02011,3.40472,7.54432,0
1511.4,0.02011,3.40472,7.54432,0
1511.5,0.02011,3.40471,7.54432,0
1511.6,0.02011,3.40471,7.54432,0
1511.7,0.02011,3.40471,7.54432,0
1511.8,0.02011,3.40471,7.54432,0
1511.9,0.02011,3.40471,7.54432,0
1512,0.02011,3.40471,7.54432,0
1512.1,0.02011,3.40471,7.54432,0
1512.2,0.02011,3.40471,7.54432,0
1512.3,0.02011,3.40471,7.54432,0
1512.4,0.02011,3.40471,7.54432,0
1512.5,0.02011,3.40471,7.54432,0
1512.6,0.02011,3.40471,7.54432,0
1512.7,0.02011,3.40471,7.54432,0
1512.8,0.02011,3.40471,7.54432,0
1512.9,0.02011,3.40471,7.54432,0
1513,0.02011,3.40471,7.54432,0
1513.1,0.02011,3.4047,7.54432,0
1513.2,0.02011,3.4047,7.54432,0
1513.3,0.02011,3.4047,7.54432,0
1513.4,0.02011,3.4047,7.54432,0
1513.5,0.02011,3.4047,7.54432,0
1513.6,0.02011,3.4047,7.54432,0
1513.7,0.02011,3.4047,7.54432,0
1513.8,0.02011,3.4047,7.54432,0
1513.9,0.02011,3.4047,7.54432,0
1514,0.02011,3.4047,7.54432,0
1514.1,0.02011,3.4047,7.54432,0
1514.2,0.02011,3.4047,7.54432,0
1514.3,0.02011,3.4047,7.54432,0
1514.4,0.02011,3.4047,7.54432,0
1514.5,0.02011,3.4047,7.54432,0
1514.6,0.02011,3.4047,7.54432,0
1514.7,0.02011,3.40469,7.54432,0
1514.8,0.02011,3.40469,7.54432,0
1514.9,0.02011,3.40469,7.54432,0
1515,0.02011,3.40469,7.54432,0
1515.1,0.02011,3.40469,7.54432,0
1515.2,0.02011,3.40469,7.54432,0
1515.3,0.02011,3.40469,7.54432,0
1515.4,0.02011,3.40469,7.54432,0
1515.5,0.02011,3.40469,7.54432,0
1515.6,0.02011,3.40469,7.54432,0
1515.7,0.02011,3.40469,7.54432,0
1515.8,0.02011,3.40469,7.54432,0
1515.9,0.02011,3.40469,7.54432,0
1516,0.02011,3.40469,7.54432,0
1516.1,0.02011,3.40469,7.54432,0
1516.2,0.02011,3.40469,7.54432,0
1516.3,0.02011,3.40469,7.54432,0
1516.4,0.02011,3.40468,7.54432,0
1516.5,0.02011,3.40468,7.54432,0
1516.6,0.02011,3.40468,7.54432,0
1516.7,0.02011,3.40468,7.54432,0
1516.8,0.02011,3.40468,7.54432,0
1516.9,0.02011,3.40468,7.54432,0
1517,0.02011,3.40468,7.54432,0
1517.1,0.02011,3.40468,7.54432,0
1517.2,0.02011,3.40468,7.54432,0
1517.3,0.02011,3.40468,7.54432,0
1517.4,0.02011,3.40468,7.54432,0
1517.5,0.02011,3.40468,7.54433,0
1517.6,0.02011,3.40468,7.54433,0
1517.7,0.02011,3.40468,7.54433,0
1517.8,0.02011,3.40468,7.54433,0
1517.9,0.02011,3.40468,7.54433,0
1518,0.02011,3.40468,7.54433,0
1518.1,0.02011,3.40467,7.54433,0
1518.2,0.02011,3.40467,7.54433,0
1518.3,0.02011,3.40467,7.54433,0
1518.4,0.02011,3.40467,7.54433,0
1518.5,0.02011,3.40467,7.54433,0
1518.6,0.02011,3.40467,7.54433,0
1518.7,0.02011,3.40467,7.54433,0
1518.8,0.02011,3.40467,7.54433,0
1518.9,0.02011,3.40467,7.54433,0
1519,0.02011,3.40467,7.54433,0
1519.1,0.02011,3.40467,7.54433,0
1519.2,0.02011,3.40467,7.54433,0
1519.3,0.02011,3.40467,7.54433,0
1519.4,0.02011,3.40467,7.54433,0
1519.5,0.02011,3.40467,7.54433,0
1519.6,0.02011,3.40467,7.54433,0
1519.7,0.02011,3.40467,7.54433,0
1519.8,0.02011,3.40466,7.54433,0
1519.9,0.02011,3.40466,7.54433,0
1520,0.02011,3.40466,7.54433,0
1520.1,0.02011,3.40466,7.54433,0
1520.2,0.02011,3.40466,7.54433,0
1520.3,0.02011,3.40466,7.54433,0
1520.4,0.02011,3.40466,7.54433,0
1520.5,0.02011,3.40466,7.54433,0
1520.6,0.02011,3.40466,7.54433,0
1520.7,0.02011,3.40466,7.54433,0
1520.8,0.02011,3.40466,7.54433,0
1520.9,0.02011,3.40466,7.54433,0
1521,0.02011,3.40466,7.54433,0
1521.1,0.02011,3.40466,7.54433,0
1521.2,0.02011,3.40466,7.54433,0
1521.3,0.02011,3.40466,7.54433,0
1521.4,0.02011,3.40466,7.54433,0
1521.5,0.02011,3.40465,7.54433,0
1521.6,0.02011,3.40465,7.54433,0
1521.7,0.02011,3.40465,7.54433,0
1521.8,0.02011,3.40465,7.54433,0
1521.9,0.02011,3.40465,7.54433,0
1522,0.02011,3.40465,7.54433,0
1522.1,0.02011,3.40465,7.54433,0
1522.2,0.02011,3.40465,7.54433,0
1522.3,0.02011,3.40465,7.54433,0
1522.4,0.02011,3.40465,7.54433,0
1522.5,0.02011,3.40465,7.54433,0
1522.6,0.02011,3.40465,7.54433,0
1522.7,0.02011,3.40465,7.54433,0
1522.8,0.02011,3.40465,7.54433,0
1522.9,0.02011,3.40465,7.54433,0
1523,0.02011,3.40465,7.54433,0
1523.1,0.02011,3.40464,7.54433,0
1523.2,0.02011,3.40464,7.54433,0
1523.3,0.02011,3.40464,7.54433,0
1523.4,0.02011,3.40464,7.54433,0
1523.5,0.02011,3.40464,7.54433,0
1523.6,0.02011,3.40464,7.54433,0
1523.7,0.02011,3.40464,7.54433,0
1523.8,0.02011,3.40464,7.54433,0
1523.9,0.02011,3.40464,7.54433,0
1524,0.02011,3.40464,7.54433,0
1524.1,0.02011,3.40464,7.54433,0
1524.2,0.02011,3.40464,7.54433,0
1524.3,0.02011,3.40464,7.54433,0
1524.4,0.02011,3.40464,7.54433,0
1524.5,0.02011,3.40464,7.54433,0
1524.6,0.02011,3.40464,7.54433,0
1524.7,0.02011,3.40464,7.54433,0
1524.8,0.02011,3.40463,7.54433,0
1524.9,0.02011,3.40463,7.54433,0
1525,0.02011,3.40463,7.54433,0
1525.1,0.02011,3.40463,7.54433,0
1525.2,0.02011,3.40463,7.54433,0
1525.3,0.02011,3.40463,7.54434,0
1525.4,0.02011,3.40463,7.54434,0
1525.5,0.02011,3.40463,7.54434,0
1525.6,0.02011,3.40463,7.54434,0
1525.7,0.02011,3.40463,7.54434,0
1525.8,0.02011,3.40463,7.54434,0
1525.9,0.02011,3.40463,7.54434,0
1526,0.02011,3.40463,7.54434,0
1526.1,0.02011,3.40463,7.54434,0
1526.2,0.02011,3.40463,7.54434,0
1526.3,0.02011,3.40463,7.54434,0
1526.4,0.02011,3.40463,7.54434,0
1526.5,0.02011,3.40462,7.54434,0
1526.6,0.02011,3.40462,7.54434,0
1526.7,0.02011,3.40462,7.54434,0
1526.8,0.02011,3.40462,7.54434,0
1526.9,0.02011,3.40462,7.54434,0
1527,0.02011,3.40462,7.54434,0
1527.1,0.02011,3.40462,7.54434,0
1527.2,0.02011,3.40462,7.54434,0
1527.3,0.02011,3.40462,7.54434,0
1527.4,0.02011,3.40462,7.54434,0
1527.5,0.02011,3.40462,7.54434,0
1527.6,0.02011,3.40462,7.54434,0
1527.7,0.02011,3.40462,7.54434,0
1527.8,0.02011,3.40462,7.54434,0
1527.9,0.02011,3.40462,7.54434,0
1528,0.02011,3.40462,7.54434,0
1528.1,0.02011,3.40461,7.54434,0
1528.2,0.02011,3.40461,7.54434,0
1528.3,0.02011,3.40461,7.54434,0
1528.4,0.02011,3.40461,7.54434,0
1528.5,0.02011,3.40461,7.54434,0
1528.6,0.02011,3.40461,7.54434,0
1528.7,0.02011,3.40461,7.54434,0
1528.8,0.02011,3.40461,7.54434,0
1528.9,0.02011,3.40461,7.54434,0
1529,0.02011,3.40461,7.54434,0
1529.1,0.02011,3.40461,7.54434,0
1529.2,0.02011,3.40461,7.54434,0
1529.3,0.02011,3.40461,7.54434,0
1529.4,0.02011,3.40461,7.54434,0
1529.5,0.02011,3.40461,7.54434,0
1529.6,0.02011,3.40461,7.54434,0
1529.7,0.02011,3.4046,7.54434,0
1529.8,0.02011,3.4046,7.54434,0
1529.9,0.02011,3.4046,7.54434,0
1530,0.02011,3.4046,7.54434,0
1530.1,0.02011,3.4046,7.54434,0
1530.2,0.02011,3.4046,7.54434,0
1530.3,0.02011,3.4046,7.54434,0
1530.4,0.02011,3.4046,7.54434,0
1530.5,0.02011,3.4046,7.54434,0
1530.6,0.02011,3.4046,7.54434,0
1530.7,0.02011,3.4046,7.54434,0
1530.8,0.02011,3.4046,7.54434,0
1530.9,0.02011,3.4046,7.54434,0
1531,0.02011,3.4046,7.54434,0
1531.1,0.02011,3.4046,7.54434,0
1531.2,0.02011,3.40459,7.54434,0
1531.3,0.02011,3.40459,7.54434,0
1531.4,0.02011,3.40459,7.54434,0
1531.5,0.02011,3.40459,7.54434,0
1531.6,0.02011,3.40459,7.54435,0
1531.7,0.02011,3.40459,7.54435,0
1531.8,0.02011,3.40459,7.54435,0
1531.9,0.02011,3.40459,7.54435,0
1532,0.02011,3.40459,7.54435,0
1532.1,0.02011,3.40459,7.54435,0
1532.2,0.02011,3.40459,7.54435,0
1532.3,0.02011,3.40459,7.54435,0
1532.4,0.02011,3.40459,7.54435,0
1532.5,0.02011,3.40459,7.54435,0
1532.6,0.02011,3.40459,7.54435,0
1532.7,0.02011,3.40458,7.54435,0
1532.8,0.02011,3.40458,7.54435,0
1532.9,0.02011,3.40458,7.54435,0
1533,0.02011,3.40458,7.54435,0
1533.1,0.02011,3.40458,7.54435,0
1533.2,0.02011,3.40458,7.54435,0
1533.3,0.02011,3.40458,7.54435,0
1533.4,0.02011,3.40458,7.54435,0
1533.5,0.02011,3.40458,7.54435,0
1533.6,0.02011,3.40458,7.54435,0
1533.7,0.02011,3.40458,7.54435,0
1533.8,0.02011,3.40458,7.54435,0
1533.9,0.02011,3.40458,7.54435,0
1534,0.02011,3.40458,7.54435,0
1534.1,0.02011,3.40457,7.54435,0
1534.2,0.02011,3.40457,7.54435,0
1534.3,0.02011,3.40457,7.54435,0
1534.4,0.02011,3.40457,7.54435,0
1534.5,0.02011,3.40457,7.54435,0
1534.6,0.02011,3.40457,7.54435,0
1534.7,0.02011,3.40457,7.54435,0
1534.8,0.02011,3.40457,7.54435,0
1534.9,0.02011,3.40457,7.54435,0
1535,0.02011,3.40457,7.54435,0
1535.1,0.02011,3.40457,7.54435,0
1535.2,0.02011,3.40457,7.54435,0
1535.3,0.02011,3.40457,7.54435,0
1535.4,0.02011,3.40457,7.54435,0
1535.5,0.02011,3.40457,7.54435,0
1535.6,0.02011,3.40456,7.54435,0
1535.7,0.02011,3.40456,7.54435,0
1535.8,0.02011,3.40456,7.54435,0
1535.9,0.02011,3.40456,7.54435,0
1536,0.02011,3.40456,7.54435,0
1536.1,0.02011,3.40456,7.54435,0
1536.2,0.02011,3.40456,7.54435,0
1536.3,0.02011,3.40456,7.54435,0
1536.4,0.02011,3.40456,7.54435,0
1536.5,0.02011,3.40456,7.54435,0
1536.6,0.02011,3.40456,7.54435,0
1536.7,0.02011,3.40456,7.54435,0
1536.8,0.02011,3.40456,7.54435,0
1536.9,0.02011,3.40455,7.54435,0
1537,0.02011,3.40455,7.54435,0
1537.1,0.02011,3.40455,7.54435,0
1537.2,0.02011,3.40455,7.54435,0
1537.3,0.02011,3.40455,7.54435,0
1537.4,0.02011,3.40455,7.54435,0
1537.5,0.02011,3.40455,7.54435,0
1537.6,0.02011,3.40455,7.54435,0
1537.7,0.02011,3.40455,7.54435,0
1537.8,0.02011,3.40455,7.54435,0
1537.9,0.02011,3.40455,7.54435,0
1538,0.02011,3.40455,7.54435,0
1538.1,0.02011,3.40455,7.54435,0
1538.2,0.02011,3.40454,7.54435,0
1538.3,0.02011,3.40454,7.54435,0
1538.4,0.02011,3.40454,7.54435,0
1538.5,0.02011,3.40454,7.54435,0
1538.6,0.02011,3.40454,7.54435,0
1538.7,0.02011,3.40454,7.54435,0
1538.8,0.02011,3.40454,7.54435,0
1538.9,0.02011,3.40454,7.54435,0
1539,0.02011,3.40454,7.54435,0
1539.1,0.02011,3.40454,7.54435,0
1539.2,0.02011,3.40454,7.54435,0
1539.3,0.02011,3.40454,7.54435,0
1539.4,0.02011,3.40454,7.54435,0
1539.5,0.02011,3.40454,7.54435,0
1539.6,0.02011,3.40453,7.54435,0
1539.7,0.02011,3.40453,7.54435,0
1539.8,0.02011,3.40453,7.54435,0
1539.9,0.02011,3.40453,7.54435,0
1540,0.02011,3.40453,7.54435,0
1540.1,0.02011,3.40453,7.54435,0
1540.2,0.02011,3.40453,7.54435,0
1540.3,0.02011,3.40453,7.54435,0
1540.4,0.02011,3.40453,7.54435,0
1540.5,0.02011,3.40453,7.54435,0
1540.6,0.02011,3.40453,7.54435,0
1540.7,0.02011,3.40453,7.54435,0
1540.8,0.02011,3.40452,7.54435,0
1540.9,0.02011,3.40452,7.54435,0
1541,0.02011,3.40452,7.54435,0
1541.1,0.02011,3.40452,7.54435,0
1541.2,0.02011,3.40452,7.54435,0
1541.3,0.02011,3.40452,7.54435,0
1541.4,0.02011,3.40452,7.54435,0
1541.5,0.02011,3.40452,7.54435,0
1541.6,0.02011,3.40452,7.54435,0
1541.7,0.02011,3.40452,7.54435,0
1541.8,0.02011,3.40452,7.54435,0
1541.9,0.02011,3.40452,7.54435,0
1542,0.02011,3.40452,7.54435,0
1542.1,0.02011,3.40452,7.54435,0
1542.2,0.02011,3.40451,7.54435,0
1542.3,0.02011,3.40451,7.54435,0
1542.4,0.02011,3.40451,7.54435,0
1542.5,0.02011,3.40451,7.54435,0
1542.6,0.02011,3.40451,7.54435,0
1542.7,0.02011,3.40451,7.54435,0
1542.8,0.02011,3.40451,7.54435,0
1542.9,0.02011,3.40451,7.54435,0
1543,0.02011,3.40451,7.54435,0
1543.1,0.02011,3.40451,7.54435,0
1543.2,0.02011,3.40451,7.54435,0
1543.3,0.02011,3.40451,7.54435,0
1543.4,0.02011,3.40451,7.54435,0
1543.5,0.02011,3.4045,7.54435,0
1543.6,0.02011,3.4045,7.54435,0
1543.7,0.02011,3.4045,7.54435,0
1543.8,0.02011,3.4045,7.54435,0
1543.9,0.02011,3.4045,7.54435,0
1544,0.02011,3.4045,7.54435,0
1544.1,0.02011,3.4045,7.54435,0
1544.2,0.02011,3.4045,7.54435,0
1544.3,0.02011,3.4045,7.54436,0
1544.4,0.02011,3.4045,7.54436,0
1544.5,0.02011,3.4045,7.54436,0
1544.6,0.02011,3.4045,7.54436,0
1544.7,0.02011,3.4045,7.54436,0
1544.8,0.02011,3.4045,7.54436,0
1544.9,0.02011,3.40449,7.54436,0
1545,0.02011,3.40449,7.54436,0
1545.1,0.02011,3.40449,7.54436,0
1545.2,0.02011,3.40449,7.54436,0
1545.3,0.02011,3.40449,7.54436,0
1545.4,0.02011,3.40449,7.54436,0
1545.5,0.02011,3.40449,7.54436,0
1545.6,0.02011,3.40449,7.54436,0
1545.7,0.02011,3.40449,7.54436,0
1545.8,0.02011,3.40449,7.54436,0
1545.9,0.02011,3.40449,7.54436,0
1546,0.02011,3.40449,7.54436,0
1546.1,0.02011,3.40449,7.54436,0
1546.2,0.02011,3.40448,7.54436,0
1546.3,0.02011,3.40448,7.54436,0
1546.4,0.02011,3.40448,7.54436,0
1546.5,0.02011,3.40448,7.54436,0
1546.6,0.02011,3.40448,7.54436,0
1546.7,0.02011,3.40448,7.54436,0
1546.8,0.02011,3.40448,7.54436,0
1546.9,0.02011,3.40448,7.54436,0
1547,0.02011,3.40448,7.54436,0
1547.1,0.02011,3.40448,7.54436,0
1547.2,0.02011,3.40448,7.54436,0
1547.3,0.02011,3.40448,7.54436,0
1547.4,0.02011,3.40448,7.54436,0
1547.5,0.02011,3.40448,7.54436,0
1547.6,0.02011,3.40447,7.54436,0
1547.7,0.02011,3.40447,7.54436,0
1547.8,0.02011,3.40447,7.54436,0
1547.9,0.02011,3.40447,7.54436,0
1548,0.02011,3.40447,7.54436,0
1548.1,0.02011,3.40447,7.54436,0
1548.2,0.02011,3.40447,7.54436,0
1548.3,0.02011,3.40447,7.54436,0
1548.4,0.02011,3.40447,7.54436,0
1548.5,0.02011,3.40447,7.54436,0
1548.6,0.02011,3.40447,7.54436,0
1548.7,0.02011,3.40447,7.54436,0
1548.8,0.02011,3.40447,7.54436,0
1548.9,0.02011,3.40446,7.54436,0
1549,0.02011,3.40446,7.54436,0
1549.1,0.02011,3.40446,7.54436,0
1549.2,0.02011,3.40446,7.54436,0
1549.3,0.02011,3.40446,7.54436,0
1549.4,0.02011,3.40446,7.54436,0
1549.5,0.02011,3.40446,7.54436,0
1549.6,0.02011,3.40446,7.54436,0
1549.7,0.02011,3.40446,7.54436,0
1549.8,0.02011,3.40446,7.54436,0
1549.9,0.02011,3.40446,7.54436,0
1550,0.02011,3.40446,7.54436,0
1550.1,0.02011,3.40446,7.54436,0
1550.2,0.02011,3.40446,7.54436,0
1550.3,0.02011,3.40445,7.54436,0
1550.4,0.02011,3.40445,7.54436,0
1550.5,0.02011,3.40445,7.54436,0
1550.6,0.02011,3.40445,7.54436,0
1550.7,0.02011,3.40445,7.54436,0
1550.8,0.02011,3.40445,7.54436,0
1550.9,0.02011,3.40445,7.54436,0
1551,0.02011,3.40445,7.54436,0
1551.1,0.02011,3.40445,7.54436,0
1551.2,0.02011,3.40445,7.54436,0
1551.3,0.02011,3.40445,7.54436,0
1551.4,0.02011,3.40445,7.54436,0
1551.5,0.02011,3.40445,7.54436,0
1551.6,0.02011,3.40445,7.54436,0
1551.7,0.02011,3.40444,7.54436,0
1551.8,0.02011,3.40444,7.54436,0
1551.9,0.02011,3.40444,7.54436,0
1552,0.02011,3.40444,7.54436,0
1552.1,0.02011,3.40444,7.54436,0
1552.2,0.02011,3.40444,7.54436,0
1552.3,0.02011,3.40444,7.54436,0
1552.4,0.02011,3.40444,7.54436,0
1552.5,0.02011,3.40444,7.54436,0
1552.6,0.02011,3.40444,7.54436,0
1552.7,0.02011,3.40444,7.54436,0
1552.8,0.02011,3.40444,7.54436,0
1552.9,0.02011,3.40444,7.54436,0
1553,0.02011,3.40444,7.54436,0
1553.1,0.02011,3.40443,7.54436,0
1553.2,0.02011,3.40443,7.54436,0
1553.3,0.02011,3.40443,7.54436,0
1553.4,0.02011,3.40443,7.54436,0
1553.5,0.02011,3.40443,7.54436,0
1553.6,0.02011,3.40443,7.54436,0
1553.7,0.02011,3.40443,7.54436,0
1553.8,0.02011,3.40443,7.54436,0
1553.9,0.02011,3.40443,7.54436,0
1554,0.02011,3.40443,7.54436,0
1554.1,0.02011,3.40443,7.54436,0
1554.2,0.02011,3.40443,7.54436,0
1554.3,0.02011,3.40443,7.54436,0
1554.4,0.02011,3.40443,7.54436,0
1554.5,0.02011,3.40443,7.54436,0
1554.6,0.02011,3.40442,7.54436,0
1554.7,0.02011,3.40442,7.54436,0
1554.8,0.02011,3.40442,7.54436,0
1554.9,0.02011,3.40442,7.54436,0
1555,0.02011,3.40442,7.54436,0
1555.1,0.02011,3.40442,7.54436,0
1555.2,0.02011,3.40442,7.54436,0
1555.3,0.02011,3.40442,7.54436,0
1555.4,0.02011,3.40442,7.54436,0
1555.5,0.02011,3.40442,7.54436,0
1555.6,0.02011,3.40442,7.54436,0
1555.7,0.02011,3.40442,7.54436,0
1555.8,0.02011,3.40442,7.54436,0
1555.9,0.02011,3.40442,7.54436,0
1556,0.02011,3.40441,7.54436,0
1556.1,0.02011,3.40441,7.54436,0
1556.2,0.02011,3.40441,7.54436,0
1556.3,0.02011,3.40441,7.54436,0
1556.4,0.02011,3.40441,7.54436,0
1556.5,0.02011,3.40441,7.54436,0
1556.6,0.02011,3.40441,7.54436,0
1556.7,0.02011,3.40441,7.54436,0
1556.8,0.02011,3.40441,7.54436,0
1556.9,0.02011,3.40441,7.54436,0
1557,0.02011,3.40441,7.54436,0
1557.1,0.02011,3.40441,7.54436,0
1557.2,0.02011,3.40441,7.54436,0
1557.3,0.02011,3.40441,7.54436,0
1557.4,0.02011,3.4044,7.54436,0
1557.5,0.02011,3.4044,7.54436,0
1557.6,0.02011,3.4044,7.54436,0
1557.7,0.02011,3.4044,7.54436,0
1557.8,0.02011,3.4044,7.54436,0
1557.9,0.02011,3.4044,7.54436,0
1558,0.02011,3.4044,7.54436,0
1558.1,0.02011,3.4044,7.54436,0
1558.2,0.02011,3.4044,7.54436,0
1558.3,0.02011,3.4044,7.54436,0
1558.4,0.02011,3.4044,7.54436,0
1558.5,0.02011,3.4044,7.54436,0
1558.6,0.02011,3.4044,7.54436,0
1558.7,0.02011,3.4044,7.54436,0
1558.8,0.02011,3.4044,7.54436,0
1558.9,0.02011,3.40439,7.54436,0
1559,0.02011,3.40439,7.54436,0
1559.1,0.02011,3.40439,7.54436,0
1559.2,0.02011,3.40439,7.54436,0
1559.3,0.02011,3.40439,7.54436,0
1559.4,0.02011,3.40439,7.54436,0
1559.5,0.02011,3.40439,7.54436,0
1559.6,0.02011,3.40439,7.54436,0
1559.7,0.02011,3.40439,7.54436,0
1559.8,0.02011,3.40439,7.54436,0
1559.9,0.02011,3.40439,7.54436,0
1560,0.02011,3.40439,7.54436,0
1560.1,0.02011,3.40439,7.54436,0
1560.2,0.02011,3.40439,7.54436,0
1560.3,0.02011,3.40439,7.54436,0
1560.4,0.02011,3.40438,7.54436,0
1560.5,0.02011,3.40438,7.54436,0
1560.6,0.02011,3.40438,7.54436,0
1560.7,0.02011,3.40438,7.54436,0
1560.8,0.02011,3.40438,7.54436,0
1560.9,0.02011,3.40438,7.54436,0
1561,0.02011,3.40438,7.54436,0
1561.1,0.02011,3.40438,7.54436,0
1561.2,0.02011,3.40438,7.54436,0
1561.3,0.02011,3.40438,7.54436,0
1561.4,0.02011,3.40438,7.54436,0
1561.5,0.02011,3.40438,7.54436,0
1561.6,0.02011,3.40438,7.54436,0
1561.7,0.02011,3.40438,7.54436,0
1561.8,0.02011,3.40437,7.54436,0
1561.9,0.02011,3.40437,7.54436,0
1562,0.02011,3.40437,7.54436,0
1562.1,0.02011,3.40437,7.54436,0
1562.2,0.02011,3.40437,7.54436,0
1562.3,0.02011,3.40437,7.54436,0
1562.4,0.0201,3.40437,7.54436,0
1562.5,0.0201,3.40437,7.54436,0
1562.6,0.0201,3.40437,7.54436,0
1562.7,0.0201,3.40437,7.54436,0
1562.8,0.0201,3.40437,7.54436,0
1562.9,0.0201,3.40437,7.54436,0
1563,0.0201,3.40437,7.54436,0
1563.1,0.0201,3.40437,7.54436,0
1563.2,0.0201,3.40437,7.54436,0
1563.3,0.0201,3.40436,7.54436,0
1563.4,0.0201,3.40436,7.54436,0
1563.5,0.0201,3.40436,7.54436,0
1563.6,0.0201,3.40436,7.54436,0
1563.7,0.0201,3.40436,7.54436,0
1563.8,0.0201,3.40436,7.54436,0
1563.9,0.0201,3.40436,7.54436,0
1564,0.0201,3.40436,7.54436,0
1564.1,0.0201,3.40436,7.54435,0
1564.2,0.0201,3.40436,7.54435,0
1564.3,0.0201,3.40436,7.54435,0
1564.4,0.0201,3.40436,7.54435,0
1564.5,0.0201,3.40436,7.54435,0
1564.6,0.0201,3.40436,7.54435,0
1564.7,0.0201,3.40436,7.54435,0
1564.8,0.0201,3.40435,7.54435,0
1564.9,0.0201,3.40435,7.54435,0
1565,0.0201,3.40435,7.54435,0
1565.1,0.0201,3.40435,7.54435,0
1565.2,0.0201,3.40435,7.54435,0
1565.3,0.0201,3.40435,7.54435,0
1565.4,0.0201,3.40435,7.54435,0
1565.5,0.0201,3.40435,7.54435,0
1565.6,0.0201,3.40435,7.54435,0
1565.7,0.0201,3.40435,7.54435,0
1565.8,0.0201,3.40435,7.54435,0
1565.9,0.0201,3.40435,7.54435,0
1566,0.0201,3.40435,7.54435,0
1566.1,0.0201,3.40435,7.54435,0
1566.2,0.0201,3.40435,7.54435,0
1566.3,0.0201,3.40434,7.54435,0
1566.4,0.0201,3.40434,7.54435,0
1566.5,0.0201,3.40434,7.54435,0
1566.6,0.0201,3.40434,7.54435,0
1566.7,0.0201,3.40434,7.54435,0
1566.8,0.0201,3.40434,7.54435,0
1566.9,0.0201,3.40434,7.54435,0
1567,0.0201,3.40434,7.54435,0
1567.1,0.0201,3.40434,7.54435,0
1567.2,0.0201,3.40434,7.54435,0
1567.3,0.0201,3.40434,7.54435,0
1567.4,0.0201,3.40434,7.54435,0
1567.5,0.0201,3.40434,7.54435,0
1567.6,0.0201,3.40434,7.54435,0
1567.7,0.0201,3.40434,7.54435,0
1567.8,0.0201,3.40433,7.54435,0
1567.9,0.0201,3.40433,7.54435,0
1568,0.0201,3.40433,7.54435,0
1568.1,0.0201,3.40433,7.54435,0
1568.2,0.0201,3.40433,7.54435,0
1568.3,0.0201,3.40433,7.54435,0
1568.4,0.0201,3.40433,7.54435,0
1568.5,0.0201,3.40433,7.54435,0
1568.6,0.0201,3.40433,7.54435,0
1568.7,0.0201,3.40433,7.54435,0
1568.8,0.0201,3.40433,7.54435,0
1568.9,0.0201,3.40433,7.54435,0
1569,0.0201,3.40433,7.54435,0
1569.1,0.0201,3.40433,7.54435,0
1569.2,0.0201,3.40433,7.54435,0
1569.3,0.0201,3.40433,7.54434,0
1569.4,0.0201,3.40432,7.54434,0
1569.5,0.0201,3.40432,7.54434,0
1569.6,0.0201,3.40432,7.54434,0
1569.7,0.0201,3.40432,7.54434,0
1569.8,0.0201,3.40432,7.54434,0
1569.9,0.0201,3.40432,7.54434,0
1570,0.0201,3.40432,7.54434,0
1570.1,0.0201,3.40432,7.54434,0
1570.2,0.0201,3.40432,7.54434,0
1570.3,0.0201,3.40432,7.54434,0
1570.4,0.0201,3.40432,7.54434,0
1570.5,0.0201,3.40432,7.54434,0
1570.6,0.0201,3.40432,7.54434,0
1570.7,0.0201,3.40432,7.54434,0
1570.8,0.0201,3.40432,7.54434,0
1570.9,0.0201,3.40431,7.54434,0
1571,0.0201,3.40431,7.54434,0
1571.1,0.0201,3.40431,7.54434,0
1571.2,0.0201,3.40431,7.54434,0
1571.3,0.0201,3.40431,7.54434,0
1571.4,0.0201,3.40431,7.54434,0
1571.5,0.0201,3.40431,7.54434,0
1571.6,0.0201,3.40431,7.54434,0
1571.7,0.0201,3.40431,7.54434,0
1571.8,0.0201,3.40431,7.54434,0
1571.9,0.0201,3.40431,7.54434,0
1572,0.0201,3.40431,7.54434,0
1572.1,0.0201,3.40431,7.54434,0
1572.2,0.0201,3.40431,7.54434,0
1572.3,0.0201,3.40431,7.54434,0
1572.4,0.0201,3.4043,7.54434,0
1572.5,0.0201,3.4043,7.54434,0
1572.6,0.0201,3.4043,7.54434,0
1572.7,0.0201,3.4043,7.54434,0
1572.8,0.0201,3.4043,7.54434,0
1572.9,0.0201,3.4043,7.54434,0
1573,0.0201,3.4043,7.54434,0
1573.1,0.0201,3.4043,7.54433,0
1573.2,0.0201,3.4043,7.54433,0
1573.3,0.0201,3.4043,7.54433,0
1573.4,0.0201,3.4043,7.54433,0
1573.5,0.0201,3.4043,7.54433,0
1573.6,0.0201,3.4043,7.54433,0
1573.7,0.0201,3.4043,7.54433,0
1573.8,0.0201,3.4043,7.54433,0
1573.9,0.0201,3.40429,7.54433,0
1574,0.0201,3.40429,7.54433,0
1574.1,0.0201,3.40429,7.54433,0
1574.2,0.0201,3.40429,7.54433,0
1574.3,0.0201,3.40429,7.54433,0
1574.4,0.0201,3.40429,7.54433,0
1574.5,0.0201,3.40429,7.54433,0
1574.6,0.0201,3.40429,7.54433,0
1574.7,0.0201,3.40429,7.54433,0
1574.8,0.0201,3.40429,7.54433,0
1574.9,0.0201,3.40429,7.54433,0
1575,0.0201,3.40429,7.54433,0
1575.1,0.0201,3.40429,7.54433,0
1575.2,0.0201,3.40429,7.54433,0
1575.3,0.0201,3.40429,7.54433,0
1575.4,0.0201,3.40428,7.54433,0
1575.5,0.0201,3.40428,7.54433,0
1575.6,0.0201,3.40428,7.54433,0
1575.7,0.0201,3.40428,7.54433,0
1575.8,0.0201,3.40428,7.54433,0
1575.9,0.0201,3.40428,7.54433,0
1576,0.0201,3.40428,7.54433,0
1576.1,0.0201,3.40428,7.54433,0
1576.2,0.0201,3.40428,7.54433,0
1576.3,0.0201,3.40428,7.54433,0
1576.4,0.0201,3.40428,7.54433,0
1576.5,0.0201,3.40428,7.54432,0
1576.6,0.0201,3.40428,7.54432,0
1576.7,0.0201,3.40428,7.54432,0
1576.8,0.0201,3.40428,7.54432,0
1576.9,0.0201,3.40427,7.54432,0
1577,0.0201,3.40427,7.54432,0
1577.1,0.0201,3.40427,7.54432,0
1577.2,0.0201,3.40427,7.54432,0
1577.3,0.0201,3.40427,7.54432,0
1577.4,0.0201,3.40427,7.54432,0
1577.5,0.0201,3.40427,7.54432,0
1577.6,0.0201,3.40427,7.54432,0
1577.7,0.0201,3.40427,7.54432,0
1577.8,0.0201,3.40427,7.54432,0
1577.9,0.0201,3.40427,7.54432,0
1578,0.0201,3.40427,7.54432,0
1578.1,0.0201,3.40427,7.54432,0
1578.2,0.0201,3.40427,7.54432,0
1578.3,0.0201,3.40427,7.54432,0
1578.4,0.0201,3.40426,7.54432,0
1578.5,0.0201,3.40426,7.54432,0
1578.6,0.0201,3.40426,7.54432,0
1578.7,0.0201,3.40426,7.54432,0
1578.8,0.0201,3.40426,7.54432,0
1578.9,0.0201,3.40426,7.54432,0
1579,0.0201,3.40426,7.54431,0
1579.1,0.0201,3.40426,7.54431,0
1579.2,0.0201,3.40426,7.54431,0
1579.3,0.0201,3.40426,7.54431,0
1579.4,0.0201,3.40426,7.54431,0
1579.5,0.0201,3.40426,7.54431,0
1579.6,0.0201,3.40426,7.54431,0
1579.7,0.0201,3.40426,7.54431,0
1579.8,0.0201,3.40426,7.54431,0
1579.9,0.0201,3.40426,7.54431,0
1580,0.0201,3.40425,7.54431,0
1580.1,0.0201,3.40425,7.54431,0
1580.2,0.0201,3.40425,7.54431,0
1580.3,0.0201,3.40425,7.54431,0
1580.4,0.0201,3.40425,7.54431,0
1580.5,0.0201,3.40425,7.54431,0
1580.6,0.0201,3.40425,7.54431,0
1580.7,0.0201,3.40425,7.54431,0
1580.8,0.0201,3.40425,7.54431,0
1580.9,0.0201,3.40425,7.54431,0
1581,0.0201,3.40425,7.54431,0
1581.1,0.0201,3.40425,7.54431,0
1581.2,0.0201,3.40425,7.54431,0
1581.3,0.0201,3.40425,7.5443,0
1581.4,0.0201,3.40425,7.5443,0
1581.5,0.0201,3.40425,7.5443,0
1581.6,0.0201,3.40425,7.5443,0
1581.7,0.0201,3.40424,7.5443,0
1581.8,0.0201,3.40424,7.5443,0
1581.9,0.0201,3.40424,7.5443,0
1582,0.0201,3.40424,7.5443,0
1582.1,0.0201,3.40424,7.5443,0
1582.2,0.0201,3.40424,7.5443,0
1582.3,0.0201,3.40424,7.5443,0
1582.4,0.0201,3.40424,7.5443,0
1582.5,0.0201,3.40424,7.5443,0
1582.6,0.0201,3.40424,7.5443,0
1582.7,0.0201,3.40424,7.5443,0
1582.8,0.0201,3.40424,7.5443,0
1582.9,0.0201,3.40424,7.5443,0
1583,0.0201,3.40424,7.5443,0
1583.1,0.0201,3.40424,7.5443,0
1583.2,0.0201,3.40424,7.5443,0
1583.3,0.0201,3.40424,7.5443,0
1583.4,0.0201,3.40423,7.5443,0
1583.5,0.0201,3.40423,7.5443,0
1583.6,0.0201,3.40423,7.5443,0
1583.7,0.0201,3.40423,7.54429,0
1583.8,0.0201,3.40423,7.54429,0
1583.9,0.0201,3.40423,7.54429,0
1584,0.0201,3.40423,7.54429,0
1584.1,0.0201,3.40423,7.54429,0
1584.2,0.0201,3.40423,7.54429,0
1584.3,0.0201,3.40423,7.54429,0
1584.4,0.0201,3.40423,7.54429,0
1584.5,0.0201,3.40423,7.54429,0
1584.6,0.0201,3.40423,7.54429,0
1584.7,0.0201,3.40423,7.54429,0
1584.8,0.0201,3.40423,7.54429,0
1584.9,0.0201,3.40423,7.54429,0
1585,0.0201,3.40423,7.54429,0
1585.1,0.0201,3.40423,7.54429,0
1585.2,0.0201,3.40422,7.54429,0
1585.3,0.0201,3.40422,7.54429,0
1585.4,0.0201,3.40422,7.54429,0
1585.5,0.0201,3.40422,7.54429,0
1585.6,0.0201,3.40422,7.54429,0
1585.7,0.0201,3.40422,7.54429,0
1585.8,0.0201,3.40422,7.54429,0
1585.9,0.0201,3.40422,7.54429,0
1586,0.0201,3.40422,7.54429,0
1586.1,0.0201,3.40422,7.54429,0
1586.2,0.0201,3.40422,7.54429,0
1586.3,0.0201,3.40422,7.54429,0
1586.4,0.0201,3.40422,7.54429,0
1586.5,0.0201,3.40422,7.54429,0
1586.6,0.0201,3.40422,7.54429,0
1586.7,0.0201,3.40422,7.54428,0
1586.8,0.0201,3.40421,7.54428,0
1586.9,0.0201,3.40421,7.54428,0
1587,0.0201,3.40421,7.54428,0
1587.1,0.0201,3.40421,7.54428,0
1587.2,0.0201,3.40421,7.54428,0
1587.3,0.0201,3.40421,7.54428,0
1587.4,0.0201,3.40421,7.54428,0
1587.5,0.0201,3.40421,7.54428,0
1587.6,0.0201,3.40421,7.54428,0
1587.7,0.0201,3.40421,7.54428,0
1587.8,0.0201,3.40421,7.54428,0
1587.9,0.0201,3.40421,7.54428,0
1588,0.0201,3.40421,7.54428,0
1588.1,0.0201,3.40421,7.54428,0
1588.2,0.0201,3.40421,7.54428,0
1588.3,0.0201,3.40421,7.54428,0
1588.4,0.0201,3.40421,7.54428,0
1588.5,0.0201,3.4042,7.54428,0
1588.6,0.0201,3.4042,7.54428,0
1588.7,0.0201,3.4042,7.54428,0
1588.8,0.0201,3.4042,7.54428,0
1588.9,0.0201,3.4042,7.54428,0
1589,0.0201,3.4042,7.54428,0
1589.1,0.0201,3.4042,7.54428,0
1589.2,0.0201,3.4042,7.54428,0
1589.3,0.0201,3.4042,7.54428,0
1589.4,0.0201,3.4042,7.54428,0
1589.5,0.0201,3.4042,7.54428,0
1589.6,0.0201,3.4042,7.54428,0
1589.7,0.0201,3.4042,7.54428,0
1589.8,0.0201,3.4042,7.54428,0
1589.9,0.0201,3.4042,7.54428,0
1590,0.0201,3.4042,7.54428,0
1590.1,0.0201,3.4042,7.54428,0
1590.2,0.0201,3.40419,7.54428,0
1590.3,0.0201,3.40419,7.54428,0
1590.4,0.0201,3.40419,7.54428,0
1590.5,0.0201,3.40419,7.54428,0
1590.6,0.0201,3.40419,7.54428,0
1590.7,0.0201,3.40419,7.54428,0
1590.8,0.0201,3.40419,7.54428,0
1590.9,0.0201,3.40419,7.54427,0
1591,0.0201,3.40419,7.54427,0
1591.1,0.0201,3.40419,7.54427,0
1591.2,0.0201,3.40419,7.54427,0
1591.3,0.0201,3.40419,7.54427,0
1591.4,0.0201,3.40419,7.54427,0
1591.5,0.0201,3.40419,7.54427,0
1591.6,0.0201,3.40419,7.54427,0
1591.7,0.0201,3.40419,7.54427,0
1591.8,0.0201,3.40419,7.54427,0
1591.9,0.0201,3.40418,7.54427,0
1592,0.0201,3.40418,7.54427,0
1592.1,0.0201,3.40418,7.54427,0
1592.2,0.0201,3.40418,7.54427,0
1592.3,0.0201,3.40418,7.54427,0
1592.4,0.0201,3.40418,7.54427,0
1592.5,0.0201,3.40418,7.54427,0
1592.6,0.0201,3.40418,7.54427,0
1592.7,0.0201,3.40418,7.54427,0
1592.8,0.0201,3.40418,7.54427,0
1592.9,0.0201,3.40418,7.54427,0
1593,0.0201,3.40418,7.54427,0
1593.1,0.0201,3.40418,7.54427,0
1593.2,0.0201,3.40418,7.54427,0
1593.3,0.0201,3.40418,7.54427,0
1593.4,0.0201,3.40418,7.54427,0
1593.5,0.0201,3.40417,7.54427,0
1593.6,0.0201,3.40417,7.54427,0
1593.7,0.0201,3.40417,7.54427,0
1593.8,0.0201,3.40417,7.54427,0
1593.9,0.0201,3.40417,7.54427,0
1594,0.0201,3.40417,7.54427,0
1594.1,0.0201,3.40417,7.54427,0
1594.2,0.0201,3.40417,7.54427,0
1594.3,0.0201,3.40417,7.54427,0
1594.4,0.0201,3.40417,7.54427,0
1594.5,0.0201,3.40417,7.54427,0
1594.6,0.0201,3.40417,7.54427,0
1594.7,0.0201,3.40417,7.54427,0
1594.8,0.0201,3.40417,7.54427,0
1594.9,0.0201,3.40417,7.54427,0
1595,0.0201,3.40417,7.54427,0
1595.1,0.0201,3.40416,7.54427,0
1595.2,0.0201,3.40416,7.54427,0
1595.3,0.0201,3.40416,7.54427,0
1595.4,0.0201,3.40416,7.54427,0
1595.5,0.0201,3.40416,7.54427,0
1595.6,0.0201,3.40416,7.54427,0
1595.7,0.0201,3.40416,7.54427,0
1595.8,0.0201,3.40416,7.54427,0
1595.9,0.0201,3.40416,7.54427,0
1596,0.0201,3.40416,7.54427,0
1596.1,0.0201,3.40416,7.54427,0
1596.2,0.0201,3.40416,7.54427,0
1596.3,0.0201,3.40416,7.54427,0
1596.4,0.0201,3.40416,7.54427,0
1596.5,0.0201,3.40416,7.54427,0
1596.6,0.0201,3.40416,7.54427,0
1596.7,0.0201,3.40415,7.54427,0
1596.8,0.0201,3.40415,7.54427,0
1596.9,0.0201,3.40415,7.54427,0
1597,0.0201,3.40415,7.54427,0
1597.1,0.0201,3.40415,7.54427,0
1597.2,0.0201,3.40415,7.54427,0
1597.3,0.0201,3.40415,7.54427,0
1597.4,0.0201,3.40415,7.54427,0
1597.5,0.0201,3.40415,7.54427,0
1597.6,0.0201,3.40415,7.54427,0
1597.7,0.0201,3.40415,7.54427,0
1597.8,0.0201,3.40415,7.54427,0
1597.9,0.0201,3.40415,7.54427,0
1598,0.0201,3.40415,7.54427,0
1598.1,0.0201,3.40415,7.54427,0
1598.2,0.0201,3.40415,7.54427,0
1598.3,0.0201,3.40414,7.54427,0
1598.4,0.0201,3.40414,7.54427,0
1598.5,0.0201,3.40414,7.54427,0
1598.6,0.0201,3.40414,7.54427,0
1598.7,0.0201,3.40414,7.54427,0
1598.8,0.0201,3.40414,7.54426,0
1598.9,0.0201,3.40414,7.54426,0
1599,0.0201,3.40414,7.54426,0
1599.1,0.0201,3.40414,7.54426,0
1599.2,0.0201,3.40414,7.54426,0
1599.3,0.0201,3.40414,7.54426,0
1599.4,0.0201,3.40414,7.54426,0
1599.5,0.0201,3.40414,7.54426,0
1599.6,0.0201,3.40414,7.54426,0
1599.7,0.0201,3.40414,7.54426,0
1599.8,0.0201,3.40414,7.54426,0
1599.9,0.0201,3.40413,7.54426,0
1600,0.0201,3.40413,7.54426,0
1600.1,0.0201,3.40413,7.54426,0
1600.2,0.0201,3.40413,7.54426,0
1600.3,0.0201,3.40413,7.54426,0
1600.4,0.0201,3.40413,7.54426,0
1600.5,0.0201,3.40413,7.54426,0
1600.6,0.0201,3.40413,7.54426,0
1600.7,0.0201,3.40413,7.54426,0
1600.8,0.0201,3.40413,7.54426,0
1600.9,0.0201,3.40413,7.54426,0
1601,0.0201,3.40413,7.54426,0
1601.1,0.0201,3.40413,7.54426,0
1601.2,0.0201,3.40413,7.54426,0
1601.3,0.0201,3.40413,7.54426,0
1601.4,0.0201,3.40412,7.54426,0
1601.5,0.0201,3.40412,7.54426,0
1601.6,0.0201,3.40412,7.54426,0
1601.7,0.0201,3.40412,7.54426,0
1601.8,0.0201,3.40412,7.54426,0
1601.9,0.0201,3.40412,7.54426,0
1602,0.0201,3.40412,7.54426,0
1602.1,0.0201,3.40412,7.54426,0
1602.2,0.0201,3.40412,7.54426,0
1602.3,0.0201,3.40412,7.54426,0
1602.4,0.0201,3.40412,7.54426,0
1602.5,0.0201,3.40412,7.54426,0
1602.6,0.0201,3.40412,7.54426,0
1602.7,0.0201,3.40412,7.54426,0
1602.8,0.0201,3.40412,7.54426,0
1602.9,0.0201,3.40412,7.54426,0
1603,0.0201,3.40412,7.54426,0
1603.1,0.0201,3.40411,7.54426,0
1603.2,0.0201,3.40411,7.54426,0
1603.3,0.0201,3.40411,7.54426,0
1603.4,0.0201,3.40411,7.54426,0
1603.5,0.0201,3.40411,7.54426,0
1603.6,0.0201,3.40411,7.54426,0
1603.7,0.0201,3.40411,7.54426,0
1603.8,0.0201,3.40411,7.54426,0
1603.9,0.0201,3.40411,7.54426,0
1604,0.0201,3.40411,7.54426,0
1604.1,0.0201,3.40411,7.54426,0
1604.2,0.0201,3.40411,7.54426,0
1604.3,0.0201,3.40411,7.54426,0
1604.4,0.0201,3.40411,7.54426,0
1604.5,0.0201,3.40411,7.54426,0
1604.6,0.0201,3.40411,7.54426,0
1604.7,0.0201,3.4041,7.54426,0
1604.8,0.0201,3.4041,7.54426,0
1604.9,0.0201,3.4041,7.54426,0
1605,0.0201,3.4041,7.54426,0
1605.1,0.0201,3.4041,7.54426,0
1605.2,0.0201,3.4041,7.54426,0
1605.3,0.0201,3.4041,7.54426,0
1605.4,0.0201,3.4041,7.54426,0
1605.5,0.0201,3.4041,7.54426,0
1605.6,0.0201,3.4041,7.54426,0
1605.7,0.0201,3.4041,7.54426,0
1605.8,0.0201,3.4041,7.54426,0
1605.9,0.0201,3.4041,7.54426,0
1606,0.0201,3.4041,7.54426,0
1606.1,0.0201,3.4041,7.54426,0
1606.2,0.0201,3.4041,7.54426,0
1606.3,0.0201,3.40409,7.54426,0
1606.4,0.0201,3.40409,7.54426,0
1606.5,0.0201,3.40409,7.54426,0
1606.6,0.0201,3.40409,7.54426,0
1606.7,0.0201,3.40409,7.54426,0
1606.8,0.0201,3.40409,7.54426,0
1606.9,0.0201,3.40409,7.54426,0
1607,0.0201,3.40409,7.54426,0
1607.1,0.0201,3.40409,7.54426,0
1607.2,0.0201,3.40409,7.54426,0
1607.3,0.0201,3.40409,7.54426,0
1607.4,0.0201,3.40409,7.54426,0
1607.5,0.0201,3.40409,7.54426,0
1607.6,0.0201,3.40409,7.54426,0
1607.7,0.0201,3.40409,7.54426,0
1607.8,0.0201,3.40409,7.54426,0
1607.9,0.0201,3.40409,7.54426,0
1608,0.0201,3.40409,7.54426,0
1608.1,0.0201,3.40408,7.54425,0
1608.2,0.0201,3.40408,7.54425,0
1608.3,0.0201,3.40408,7.54425,0
1608.4,0.0201,3.40408,7.54425,0
1608.5,0.0201,3.40408,7.54425,0
1608.6,0.0201,3.40408,7.54425,0
1608.7,0.0201,3.40408,7.54425,0
1608.8,0.0201,3.40408,7.54425,0
1608.9,0.0201,3.40408,7.54425,0
1609,0.0201,3.40408,7.54425,0
1609.1,0.0201,3.40408,7.54425,0
1609.2,0.0201,3.40408,7.54425,0
1609.3,0.0201,3.40408,7.54425,0
1609.4,0.0201,3.40408,7.54425,0
1609.5,0.0201,3.40408,7.54425,0
1609.6,0.0201,3.40408,7.54425,0
1609.7,0.0201,3.40408,7.54425,0
1609.8,0.0201,3.40408,7.54425,0
1609.9,0.0201,3.40407,7.54425,0
1610,0.0201,3.40407,7.54425,0
1610.1,0.0201,3.40407,7.54425,0
1610.2,0.0201,3.40407,7.54425,0
1610.3,0.0201,3.40407,7.54425,0
1610.4,0.0201,3.40407,7.54425,0
1610.5,0.0201,3.40407,7.54425,0
1610.6,0.0201,3.40407,7.54425,0
1610.7,0.0201,3.40407,7.54425,0
1610.8,0.0201,3.40407,7.54425,0
1610.9,0.0201,3.40407,7.54425,0
1611,0.0201,3.40407,7.54425,0
1611.1,0.0201,3.40407,7.54425,0
1611.2,0.0201,3.40407,7.54425,0
1611.3,0.0201,3.40407,7.54425,0
1611.4,0.0201,3.40407,7.54425,0
1611.5,0.0201,3.40407,7.54425,0
1611.6,0.0201,3.40406,7.54425,0
1611.7,0.0201,3.40406,7.54425,0
1611.8,0.0201,3.40406,7.54425,0
1611.9,0.0201,3.40406,7.54425,0
1612,0.0201,3.40406,7.54425,0
1612.1,0.0201,3.40406,7.54425,0
1612.2,0.0201,3.40406,7.54425,0
1612.3,0.0201,3.40406,7.54425,0
1612.4,0.0201,3.40406,7.54425,0
1612.5,0.0201,3.40406,7.54425,0
1612.6,0.0201,3.40406,7.54425,0
1612.7,0.0201,3.40406,7.54425,0
1612.8,0.0201,3.40406,7.54425,0
1612.9,0.0201,3.40406,7.54425,0
1613,0.0201,3.40406,7.54425,0
1613.1,0.0201,3.40406,7.54425,0
1613.2,0.0201,3.40406,7.54425,0
1613.3,0.0201,3.40406,7.54425,0
1613.4,0.0201,3.40405,7.54425,0
1613.5,0.0201,3.40405,7.54425,0
1613.6,0.0201,3.40405,7.54425,0
1613.7,0.0201,3.40405,7.54425,0
1613.8,0.0201,3.40405,7.54425,0
1613.9,0.0201,3.40405,7.54425,0
1614,0.0201,3.40405,7.54425,0
1614.1,0.0201,3.40405,7.54425,0
1614.2,0.0201,3.40405,7.54425,0
1614.3,0.0201,3.40405,7.54425,0
1614.4,0.0201,3.40405,7.54425,0
1614.5,0.0201,3.40405,7.54425,0
1614.6,0.0201,3.40405,7.54425,0
1614.7,0.0201,3.40405,7.54425,0
1614.8,0.0201,3.40405,7.54425,0
1614.9,0.0201,3.40405,7.54425,0
1615,0.0201,3.40405,7.54425,0
1615.1,0.0201,3.40405,7.54425,0
1615.2,0.0201,3.40404,7.54425,0
1615.3,0.0201,3.40404,7.54425,0
1615.4,0.0201,3.40404,7.54425,0
1615.5,0.0201,3.40404,7.54425,0
1615.6,0.0201,3.40404,7.54425,0
1615.7,0.0201,3.40404,7.54426,0
1615.8,0.0201,3.40404,7.54426,0
1615.9,0.0201,3.40404,7.54426,0
1616,0.0201,3.40404,7.54426,0
1616.1,0.0201,3.40404,7.54426,0
1616.2,0.0201,3.40404,7.54426,0
1616.3,0.0201,3.40404,7.54426,0
1616.4,0.0201,3.40404,7.54426,0
1616.5,0.0201,3.40404,7.54426,0
1616.6,0.0201,3.40404,7.54426,0
1616.7,0.0201,3.40404,7.54426,0
1616.8,0.0201,3.40404,7.54426,0
1616.9,0.0201,3.40404,7.54426,0
1617,0.0201,3.40403,7.54426,0
1617.1,0.0201,3.40403,7.54426,0
1617.2,0.0201,3.40403,7.54426,0
1617.3,0.0201,3.40403,7.54426,0
1617.4,0.0201,3.40403,7.54426,0
1617.5,0.0201,3.40403,7.54426,0
1617.6,0.0201,3.40403,7.54426,0
1617.7,0.0201,3.40403,7.54426,0
1617.8,0.0201,3.40403,7.54426,0
1617.9,0.0201,3.40403,7.54426,0
1618,0.0201,3.40403,7.54426,0
1618.1,0.0201,3.40403,7.54426,0
1618.2,0.0201,3.40403,7.54426,0
1618.3,0.0201,3.40403,7.54426,0
1618.4,0.0201,3.40403,7.54426,0
1618.5,0.0201,3.40403,7.54426,0
1618.6,0.0201,3.40403,7.54426,0
1618.7,0.0201,3.40403,7.54426,0
1618.8,0.0201,3.40403,7.54426,0
1618.9,0.0201,3.40402,7.54426,0
1619,0.0201,3.40402,7.54426,0
1619.1,0.0201,3.40402,7.54426,0
1619.2,0.0201,3.40402,7.54426,0
1619.3,0.0201,3.40402,7.54426,0
1619.4,0.0201,3.40402,7.54426,0
1619.5,0.0201,3.40402,7.54426,0
1619.6,0.0201,3.40402,7.54426,0
1619.7,0.0201,3.40402,7.54426,0
1619.8,0.0201,3.40402,7.54426,0
1619.9,0.0201,3.40402,7.54426,0
1620,0.0201,3.40402,7.54426,0
1620.1,0.0201,3.40402,7.54426,0
1620.2,0.0201,3.40402,7.54426,0
1620.3,0.0201,3.40402,7.54426,0
1620.4,0.0201,3.40402,7.54426,0
1620.5,0.0201,3.40402,7.54426,0
1620.6,0.0201,3.40402,7.54426,0
1620.7,0.0201,3.40402,7.54426,0
1620.8,0.0201,3.40401,7.54426,0
1620.9,0.0201,3.40401,7.54426,0
1621,0.0201,3.40401,7.54426,0
1621.1,0.0201,3.40401,7.54426,0
1621.2,0.0201,3.40401,7.54426,0
1621.3,0.0201,3.40401,7.54426,0
1621.4,0.0201,3.40401,7.54426,0
1621.5,0.0201,3.40401,7.54426,0
1621.6,0.0201,3.40401,7.54426,0
1621.7,0.0201,3.40401,7.54426,0
1621.8,0.0201,3.40401,7.54426,0
1621.9,0.0201,3.40401,7.54426,0
1622,0.0201,3.40401,7.54426,0
1622.1,0.0201,3.40401,7.54426,0
1622.2,0.0201,3.40401,7.54426,0
1622.3,0.0201,3.40401,7.54426,0
1622.4,0.0201,3.40401,7.54426,0
1622.5,0.0201,3.40401,7.54426,0
1622.6,0.0201,3.40401,7.54426,0
1622.7,0.0201,3.40401,7.54426,0
1622.8,0.0201,3.404,7.54426,0
1622.9,0.0201,3.404,7.54426,0
1623,0.0201,3.404,7.54426,0
1623.1,0.0201,3.404,7.54426,0
1623.2,0.0201,3.404,7.54426,0
1623.3,0.0201,3.404,7.54426,0
1623.4,0.0201,3.404,7.54426,0
1623.5,0.0201,3.404,7.54426,0
1623.6,0.0201,3.404,7.54426,0
1623.7,0.0201,3.404,7.54426,0
1623.8,0.0201,3.404,7.54426,0
1623.9,0.0201,3.404,7.54426,0
1624,0.0201,3.404,7.54426,0
1624.1,0.0201,3.404,7.54426,0
1624.2,0.0201,3.404,7.54426,0
1624.3,0.0201,3.404,7.54426,0
1624.4,0.0201,3.404,7.54426,0
1624.5,0.0201,3.404,7.54426,0
1624.6,0.0201,3.404,7.54426,0
1624.7,0.0201,3.404,7.54426,0
1624.8,0.0201,3.404,7.54426,0
1624.9,0.0201,3.40399,7.54426,0
1625,0.0201,3.40399,7.54426,0
1625.1,0.0201,3.40399,7.54426,0
1625.2,0.0201,3.40399,7.54426,0
1625.3,0.0201,3.40399,7.54426,0
1625.4,0.0201,3.40399,7.54426,0
1625.5,0.0201,3.40399,7.54426,0
1625.6,0.0201,3.40399,7.54426,0
1625.7,0.0201,3.40399,7.54426,0
1625.8,0.0201,3.40399,7.54426,0
1625.9,0.0201,3.40399,7.54426,0
1626,0.0201,3.40399,7.54426,0
1626.1,0.0201,3.40399,7.54426,0
1626.2,0.0201,3.40399,7.54426,0
1626.3,0.0201,3.40399,7.54426,0
1626.4,0.0201,3.40399,7.54426,0
1626.5,0.0201,3.40399,7.54426,0
1626.6,0.0201,3.40399,7.54426,0
1626.7,0.0201,3.40399,7.54426,0
1626.8,0.0201,3.40399,7.54426,0
1626.9,0.0201,3.40399,7.54426,0
1627,0.0201,3.40398,7.54426,0
1627.1,0.0201,3.40398,7.54426,0
1627.2,0.0201,3.40398,7.54426,0
1627.3,0.0201,3.40398,7.54426,0
1627.4,0.0201,3.40398,7.54426,0
1627.5,0.0201,3.40398,7.54426,0
1627.6,0.0201,3.40398,7.54426,0
1627.7,0.0201,3.40398,7.54426,0
1627.8,0.0201,3.40398,7.54426,0
1627.9,0.0201,3.40398,7.54426,0
1628,0.0201,3.40398,7.54426,0
1628.1,0.0201,3.40398,7.54426,0
1628.2,0.0201,3.40398,7.54426,0
1628.3,0.0201,3.40398,7.54426,0
1628.4,0.0201,3.40398,7.54426,0
1628.5,0.0201,3.40398,7.54426,0
1628.6,0.0201,3.40398,7.54426,0
1628.7,0.0201,3.40398,7.54426,0
1628.8,0.0201,3.40398,7.54426,0
1628.9,0.0201,3.40398,7.54426,0
1629,0.0201,3.40398,7.54426,0
1629.1,0.0201,3.40398,7.54426,0
1629.2,0.0201,3.40398,7.54426,0
1629.3,0.0201,3.40397,7.54426,0
1629.4,0.0201,3.40397,7.54426,0
1629.5,0.0201,3.40397,7.54426,0
1629.6,0.0201,3.40397,7.54426,0
1629.7,0.0201,3.40397,7.54426,0
1629.8,0.0201,3.40397,7.54426,0
1629.9,0.0201,3.40397,7.54426,0
1630,0.0201,3.40397,7.54426,0
1630.1,0.0201,3.40397,7.54426,0
1630.2,0.0201,3.40397,7.54426,0
1630.3,0.0201,3.40397,7.54426,0
1630.4,0.0201,3.40397,7.54426,0
1630.5,0.0201,3.40397,7.54426,0
1630.6,0.0201,3.40397,7.54426,0
1630.7,0.0201,3.40397,7.54426,0
1630.8,0.0201,3.40397,7.54426,0
1630.9,0.0201,3.40397,7.54426,0
1631,0.0201,3.40397,7.54426,0
1631.1,0.0201,3.40397,7.54426,0
1631.2,0.0201,3.40397,7.54426,0
1631.3,0.0201,3.40397,7.54426,0
1631.4,0.0201,3.40397,7.54426,0
1631.5,0.0201,3.40396,7.54426,0
1631.6,0.0201,3.40396,7.54426,0
1631.7,0.0201,3.40396,7.54426,0
1631.8,0.0201,3.40396,7.54426,0
1631.9,0.0201,3.40396,7.54426,0
1632,0.0201,3.40396,7.54426,0
1632.1,0.0201,3.40396,7.54427,0
1632.2,0.0201,3.40396,7.54427,0
1632.3,0.0201,3.40396,7.54427,0
1632.4,0.0201,3.40396,7.54427,0
1632.5,0.0201,3.40396,7.54427,0
1632.6,0.0201,3.40396,7.54427,0
1632.7,0.0201,3.40396,7.54427,0
1632.8,0.0201,3.40396,7.54427,0
1632.9,0.0201,3.40396,7.54427,0
1633,0.0201,3.40396,7.54427,0
1633.1,0.0201,3.40396,7.54427,0
1633.2,0.0201,3.40396,7.54427,0
1633.3,0.0201,3.40396,7.54427,0
1633.4,0.0201,3.40396,7.54427,0
1633.5,0.0201,3.40396,7.54427,0
1633.6,0.0201,3.40396,7.54427,0
1633.7,0.0201,3.40396,7.54427,0
1633.8,0.0201,3.40395,7.54427,0
1633.9,0.0201,3.40395,7.54427,0
1634,0.0201,3.40395,7.54427,0
1634.1,0.0201,3.40395,7.54427,0
1634.2,0.0201,3.40395,7.54427,0
1634.3,0.0201,3.40395,7.54427,0
1634.4,0.0201,3.40395,7.54427,0
1634.5,0.0201,3.40395,7.54427,0
1634.6,0.0201,3.40395,7.54427,0
1634.7,0.0201,3.40395,7.54427,0
1634.8,0.0201,3.40395,7.54427,0
1634.9,0.0201,3.40395,7.54427,0
1635,0.0201,3.40395,7.54427,0
1635.1,0.0201,3.40395,7.54427,0
1635.2,0.0201,3.40395,7.54427,0
1635.3,0.0201,3.40395,7.54427,0
1635.4,0.0201,3.40395,7.54427,0
1635.5,0.0201,3.40395,7.54427,0
1635.6,0.0201,3.40395,7.54427,0
1635.7,0.0201,3.40395,7.54427,0
1635.8,0.0201,3.40395,7.54427,0
1635.9,0.0201,3.40395,7.54427,0
1636,0.0201,3.40395,7.54427,0
1636.1,0.0201,3.40395,7.54427,0
1636.2,0.0201,3.40395,7.54427,0
1636.3,0.0201,3.40394,7.54427,0
1636.4,0.0201,3.40394,7.54427,0
1636.5,0.0201,3.40394,7.54427,0
1636.6,0.0201,3.40394,7.54427,0
1636.7,0.0201,3.40394,7.54427,0
1636.8,0.0201,3.40394,7.54427,0
1636.9,0.0201,3.40394,7.54427,0
1637,0.0201,3.40394,7.54427,0
1637.1,0.0201,3.40394,7.54427,0
1637.2,0.0201,3.40394,7.54427,0
1637.3,0.0201,3.40394,7.54427,0
1637.4,0.0201,3.40394,7.54427,0
1637.5,0.0201,3.40394,7.54427,0
1637.6,0.0201,3.40394,7.54427,0
1637.7,0.0201,3.40394,7.54428,0
1637.8,0.0201,3.40394,7.54428,0
1637.9,0.0201,3.40394,7.54428,0
1638,0.0201,3.40394,7.54428,0
1638.1,0.0201,3.40394,7.54428,0
1638.2,0.0201,3.40394,7.54428,0
1638.3,0.0201,3.40394,7.54428,0
1638.4,0.0201,3.40394,7.54428,0
1638.5,0.0201,3.40394,7.54428,0
1638.6,0.0201,3.40394,7.54428,0
1638.7,0.0201,3.40393,7.54428,0
1638.8,0.0201,3.40393,7.54428,0
1638.9,0.0201,3.40393,7.54428,0
1639,0.0201,3.40393,7.54428,0
1639.1,0.0201,3.40393,7.54428,0
1639.2,0.0201,3.40393,7.54428,0
1639.3,0.0201,3.40393,7.54428,0
1639.4,0.0201,3.40393,7.54428,0
1639.5,0.0201,3.40393,7.54428,0
1639.6,0.0201,3.40393,7.54428,0
1639.7,0.0201,3.40393,7.54428,0
1639.8,0.0201,3.40393,7.54428,0
1639.9,0.0201,3.40393,7.54428,0
1640,0.0201,3.40393,7.54428,0
1640.1,0.0201,3.40393,7.54428,0
1640.2,0.0201,3.40393,7.54428,0
1640.3,0.0201,3.40393,7.54428,0
1640.4,0.0201,3.40393,7.54428,0
1640.5,0.0201,3.40393,7.54428,0
1640.6,0.0201,3.40393,7.54428,0
1640.7,0.0201,3.40393,7.54428,0
1640.8,0.0201,3.40393,7.54428,0
1640.9,0.0201,3.40393,7.54428,0
1641,0.0201,3.40393,7.54428,0
1641.1,0.0201,3.40393,7.54428,0
1641.2,0.0201,3.40392,7.54428,0
1641.3,0.0201,3.40392,7.54428,0
1641.4,0.0201,3.40392,7.54428,0
1641.5,0.0201,3.40392,7.54428,0
1641.6,0.0201,3.40392,7.54428,0
1641.7,0.0201,3.40392,7.54428,0
1641.8,0.0201,3.40392,7.54428,0
1641.9,0.0201,3.40392,7.54428,0
1642,0.0201,3.40392,7.54428,0
1642.1,0.0201,3.40392,7.54428,0
1642.2,0.0201,3.40392,7.54428,0
1642.3,0.0201,3.40392,7.54428,0
1642.4,0.0201,3.40392,7.54428,0
1642.5,0.0201,3.40392,7.54428,0
1642.6,0.0201,3.40392,7.54428,0
1642.7,0.0201,3.40392,7.54428,0
1642.8,0.0201,3.40392,7.54428,0
1642.9,0.0201,3.40392,7.54428,0
1643,0.0201,3.40392,7.54428,0
1643.1,0.0201,3.40392,7.54428,0
1643.2,0.0201,3.40392,7.54428,0
1643.3,0.0201,3.40392,7.54428,0
1643.4,0.0201,3.40392,7.54428,0
1643.5,0.0201,3.40392,7.54428,0
1643.6,0.0201,3.40392,7.54428,0
1643.7,0.0201,3.40391,7.54428,0
1643.8,0.0201,3.40391,7.54428,0
1643.9,0.0201,3.40391,7.54428,0
1644,0.0201,3.40391,7.54428,0
1644.1,0.0201,3.40391,7.54428,0
1644.2,0.0201,3.40391,7.54428,0
1644.3,0.0201,3.40391,7.54428,0
1644.4,0.0201,3.40391,7.54428,0
1644.5,0.0201,3.40391,7.54428,0
1644.6,0.0201,3.40391,7.54428,0
1644.7,0.0201,3.40391,7.54428,0
1644.8,0.0201,3.40391,7.54428,0
1644.9,0.0201,3.40391,7.54428,0
1645,0.0201,3.40391,7.54428,0
1645.1,0.0201,3.40391,7.54428,0
1645.2,0.0201,3.40391,7.54428,0
1645.3,0.0201,3.40391,7.54428,0
1645.4,0.0201,3.40391,7.54428,0
1645.5,0.0201,3.40391,7.54428,0
1645.6,0.0201,3.40391,7.54428,0
1645.7,0.0201,3.40391,7.54428,0
1645.8,0.0201,3.40391,7.54428,0
1645.9,0.0201,3.40391,7.54429,0
1646,0.0201,3.40391,7.54429,0
1646.1,0.0201,3.40391,7.54429,0
1646.2,0.0201,3.40391,7.54429,0
1646.3,0.0201,3.4039,7.54429,0
1646.4,0.0201,3.4039,7.54429,0
1646.5,0.0201,3.4039,7.54429,0
1646.6,0.0201,3.4039,7.54429,0
1646.7,0.0201,3.4039,7.54429,0
1646.8,0.0201,3.4039,7.54429,0
1646.9,0.0201,3.4039,7.54429,0
1647,0.0201,3.4039,7.54429,0
1647.1,0.0201,3.4039,7.54429,0
1647.2,0.0201,3.4039,7.54429,0
1647.3,0.0201,3.4039,7.54429,0
1647.4,0.0201,3.4039,7.54429,0
1647.5,0.0201,3.4039,7.54429,0
1647.6,0.0201,3.4039,7.54429,0
1647.7,0.0201,3.4039,7.54429,0
1647.8,0.0201,3.4039,7.54429,0
1647.9,0.0201,3.4039,7.54429,0
1648,0.0201,3.4039,7.54429,0
1648.1,0.0201,3.4039,7.54429,0
1648.2,0.0201,3.4039,7.54429,0
1648.3,0.0201,3.4039,7.54429,0
1648.4,0.0201,3.4039,7.54429,0
1648.5,0.0201,3.4039,7.54429,0
1648.6,0.0201,3.4039,7.54429,0
1648.7,0.0201,3.40389,7.54429,0
1648.8,0.0201,3.40389,7.54429,0
1648.9,0.0201,3.40389,7.54429,0
1649,0.0201,3.40389,7.54429,0
1649.1,0.0201,3.40389,7.54429,0
1649.2,0.0201,3.40389,7.54429,0
1649.3,0.0201,3.40389,7.54429,0
1649.4,0.0201,3.40389,7.54429,0
1649.5,0.0201,3.40389,7.54429,0
1649.6,0.0201,3.40389,7.54429,0
1649.7,0.0201,3.40389,7.54429,0
1649.8,0.0201,3.40389,7.54429,0
1649.9,0.0201,3.40389,7.54429,0
1650,0.0201,3.40389,7.54429,0
1650.1,0.0201,3.40389,7.54429,0
1650.2,0.0201,3.40389,7.54429,0
1650.3,0.0201,3.40389,7.54429,0
1650.4,0.0201,3.40389,7.54429,0
1650.5,0.0201,3.40389,7.54429,0
1650.6,0.0201,3.40389,7.54429,0
1650.7,0.0201,3.40389,7.54429,0
1650.8,0.0201,3.40389,7.54429,0
1650.9,0.0201,3.40389,7.54429,0
1651,0.0201,3.40389,7.54429,0
1651.1,0.0201,3.40388,7.54429,0
1651.2,0.0201,3.40388,7.54429,0
1651.3,0.0201,3.40388,7.54429,0
1651.4,0.0201,3.40388,7.54429,0
1651.5,0.0201,3.40388,7.54429,0
1651.6,0.0201,3.40388,7.54429,0
1651.7,0.0201,3.40388,7.54429,0
1651.8,0.0201,3.40388,7.54429,0
1651.9,0.0201,3.40388,7.54429,0
1652,0.0201,3.40388,7.54429,0
1652.1,0.0201,3.40388,7.54429,0
1652.2,0.0201,3.40388,7.54429,0
1652.3,0.0201,3.40388,7.54429,0
1652.4,0.0201,3.40388,7.54429,0
1652.5,0.0201,3.40388,7.54429,0
1652.6,0.0201,3.40388,7.54429,0
1652.7,0.0201,3.40388,7.54429,0
1652.8,0.0201,3.40388,7.54429,0
1652.9,0.0201,3.40388,7.54429,0
1653,0.0201,3.40388,7.54429,0
1653.1,0.0201,3.40388,7.54429,0
1653.2,0.0201,3.40388,7.54429,0
1653.3,0.0201,3.40388,7.54429,0
1653.4,0.0201,3.40387,7.54429,0
1653.5,0.0201,3.40387,7.54429,0
1653.6,0.0201,3.40387,7.54429,0
1653.7,0.0201,3.40387,7.54429,0
1653.8,0.0201,3.40387,7.5443,0
1653.9,0.0201,3.40387,7.5443,0
1654,0.0201,3.40387,7.5443,0
1654.1,0.0201,3.40387,7.5443,0
1654.2,0.0201,3.40387,7.5443,0
1654.3,0.0201,3.40387,7.5443,0
1654.4,0.0201,3.40387,7.5443,0
1654.5,0.0201,3.40387,7.5443,0
1654.6,0.0201,3.40387,7.5443,0
1654.7,0.0201,3.40387,7.5443,0
1654.8,0.0201,3.40387,7.5443,0
1654.9,0.0201,3.40387,7.5443,0
1655,0.0201,3.40387,7.5443,0
1655.1,0.0201,3.40387,7.5443,0
1655.2,0.0201,3.40387,7.5443,0
1655.3,0.0201,3.40387,7.5443,0
1655.4,0.0201,3.40387,7.5443,0
1655.5,0.0201,3.40387,7.5443,0
1655.6,0.0201,3.40386,7.5443,0
1655.7,0.0201,3.40386,7.5443,0
1655.8,0.0201,3.40386,7.5443,0
1655.9,0.0201,3.40386,7.5443,0
1656,0.0201,3.40386,7.5443,0
1656.1,0.0201,3.40386,7.5443,0
1656.2,0.0201,3.40386,7.5443,0
1656.3,0.0201,3.40386,7.5443,0
1656.4,0.0201,3.40386,7.5443,0
1656.5,0.0201,3.40386,7.5443,0
1656.6,0.0201,3.40386,7.5443,0
1656.7,0.0201,3.40386,7.5443,0
1656.8,0.0201,3.40386,7.5443,0
1656.9,0.0201,3.40386,7.5443,0
1657,0.0201,3.40386,7.5443,0
1657.1,0.0201,3.40386,7.5443,0
1657.2,0.0201,3.40386,7.5443,0
1657.3,0.0201,3.40386,7.5443,0
1657.4,0.0201,3.40386,7.5443,0
1657.5,0.0201,3.40386,7.5443,0
1657.6,0.0201,3.40386,7.5443,0
1657.7,0.0201,3.40385,7.5443,0
1657.8,0.0201,3.40385,7.5443,0
1657.9,0.0201,3.40385,7.5443,0
1658,0.0201,3.40385,7.5443,0
1658.1,0.0201,3.40385,7.54431,0
1658.2,0.0201,3.40385,7.54431,0
1658.3,0.0201,3.40385,7.54431,0
1658.4,0.0201,3.40385,7.54431,0
1658.5,0.0201,3.40385,7.54431,0
1658.6,0.0201,3.40385,7.54431,0
1658.7,0.0201,3.40385,7.54431,0
1658.8,0.0201,3.40385,7.54431,0
1658.9,0.0201,3.40385,7.54431,0
1659,0.0201,3.40385,7.54431,0
1659.1,0.0201,3.40385,7.54431,0
1659.2,0.0201,3.40385,7.54431,0
1659.3,0.0201,3.40385,7.54431,0
1659.4,0.0201,3.40385,7.54431,0
1659.5,0.0201,3.40385,7.54431,0
1659.6,0.0201,3.40385,7.54431,0
1659.7,0.0201,3.40385,7.54431,0
1659.8,0.0201,3.40384,7.54431,0
1659.9,0.0201,3.40384,7.54431,0
1660,0.0201,3.40384,7.54431,0
1660.1,0.0201,3.40384,7.54431,0
1660.2,0.0201,3.40384,7.54431,0
1660.3,0.0201,3.40384,7.54431,0
1660.4,0.0201,3.40384,7.54431,0
1660.5,0.0201,3.40384,7.54431,0
1660.6,0.0201,3.40384,7.54431,0
1660.7,0.0201,3.40384,7.54431,0
1660.8,0.0201,3.40384,7.54431,0
1660.9,0.0201,3.40384,7.54431,0
1661,0.0201,3.40384,7.54431,0
1661.1,0.0201,3.40384,7.54431,0
1661.2,0.0201,3.40384,7.54431,0
1661.3,0.0201,3.40384,7.54431,0
1661.4,0.0201,3.40384,7.54431,0
1661.5,0.0201,3.40384,7.54431,0
1661.6,0.0201,3.40384,7.54431,0
1661.7,0.0201,3.40384,7.54432,0
1661.8,0.0201,3.40384,7.54432,0
1661.9,0.0201,3.40383,7.54432,0
1662,0.0201,3.40383,7.54432,0
1662.1,0.0201,3.40383,7.54432,0
1662.2,0.0201,3.40383,7.54432,0
1662.3,0.0201,3.40383,7.54432,0
1662.4,0.0201,3.40383,7.54432,0
1662.5,0.0201,3.40383,7.54432,0
1662.6,0.0201,3.40383,7.54432,0
1662.7,0.0201,3.40383,7.54432,0
1662.8,0.0201,3.40383,7.54432,0
1662.9,0.0201,3.40383,7.54432,0
1663,0.0201,3.40383,7.54432,0
1663.1,0.0201,3.40383,7.54432,0
1663.2,0.0201,3.40383,7.54432,0
1663.3,0.0201,3.40383,7.54432,0
1663.4,0.0201,3.40383,7.54432,0
1663.5,0.0201,3.40383,7.54432,0
1663.6,0.0201,3.40383,7.54432,0
1663.7,0.0201,3.40383,7.54432,0
1663.8,0.0201,3.40383,7.54432,0
1663.9,0.0201,3.40382,7.54432,0
1664,0.0201,3.40382,7.54432,0
1664.1,0.0201,3.40382,7.54432,0
1664.2,0.0201,3.40382,7.54432,0
1664.3,0.0201,3.40382,7.54432,0
1664.4,0.0201,3.40382,7.54432,0
1664.5,0.0201,3.40382,7.54432,0
1664.6,0.0201,3.40382,7.54433,0
1664.7,0.0201,3.40382,7.54433,0
1664.8,0.0201,3.40382,7.54433,0
1664.9,0.0201,3.40382,7.54433,0
1665,0.0201,3.40382,7.54433,0
1665.1,0.0201,3.40382,7.54433,0
1665.2,0.0201,3.40382,7.54433,0
1665.3,0.0201,3.40382,7.54433,0
1665.4,0.0201,3.40382,7.54433,0
1665.5,0.0201,3.40382,7.54433,0
1665.6,0.0201,3.40382,7.54433,0
1665.7,0.0201,3.40382,7.54433,0
1665.8,0.0201,3.40382,7.54433,0
1665.9,0.0201,3.40382,7.54433,0
1666,0.0201,3.40381,7.54433,0
1666.1,0.0201,3.40381,7.54433,0
1666.2,0.0201,3.40381,7.54433,0
1666.3,0.0201,3.40381,7.54433,0
1666.4,0.0201,3.40381,7.54433,0
1666.5,0.0201,3.40381,7.54433,0
1666.6,0.0201,3.40381,7.54433,0
1666.7,0.0201,3.40381,7.54433,0
1666.8,0.0201,3.40381,7.54433,0
1666.9,0.0201,3.40381,7.54433,0
1667,0.0201,3.40381,7.54434,0
1667.1,0.0201,3.40381,7.54434,0
1667.2,0.0201,3.40381,7.54434,0
1667.3,0.0201,3.40381,7.54434,0
1667.4,0.0201,3.40381,7.54434,0
1667.5,0.0201,3.40381,7.54434,0
1667.6,0.0201,3.40381,7.54434,0
1667.7,0.0201,3.40381,7.54434,0
1667.8,0.0201,3.40381,7.54434,0
1667.9,0.0201,3.4038,7.54434,0
1668,0.0201,3.4038,7.54434,0
1668.1,0.0201,3.4038,7.54434,0
1668.2,0.0201,3.4038,7.54434,0
1668.3,0.0201,3.4038,7.54434,0
1668.4,0.0201,3.4038,7.54434,0
1668.5,0.0201,3.4038,7.54434,0
1668.6,0.0201,3.4038,7.54434,0
1668.7,0.0201,3.4038,7.54434,0
1668.8,0.0201,3.4038,7.54434,0
1668.9,0.0201,3.4038,7.54434,0
1669,0.0201,3.4038,7.54434,0
1669.1,0.0201,3.4038,7.54434,0
1669.2,0.0201,3.4038,7.54434,0
1669.3,0.0201,3.4038,7.54434,0
1669.4,0.0201,3.4038,7.54434,0
1669.5,0.0201,3.4038,7.54435,0
1669.6,0.0201,3.4038,7.54435,0
1669.7,0.0201,3.4038,7.54435,0
1669.8,0.0201,3.4038,7.54435,0
1669.9,0.0201,3.4038,7.54435,0
1670,0.0201,3.40379,7.54435,0
1670.1,0.0201,3.40379,7.54435,0
1670.2,0.0201,3.40379,7.54435,0
1670.3,0.0201,3.40379,7.54435,0
1670.4,0.0201,3.40379,7.54435,0
1670.5,0.0201,3.40379,7.54435,0
1670.6,0.0201,3.40379,7.54435,0
1670.7,0.0201,3.40379,7.54435,0
1670.8,0.0201,3.40379,7.54435,0
1670.9,0.0201,3.40379,7.54435,0
1671,0.0201,3.40379,7.54435,0
1671.1,0.0201,3.40379,7.54435,0
1671.2,0.0201,3.40379,7.54435,0
1671.3,0.0201,3.40379,7.54435,0
1671.4,0.0201,3.40379,7.54435,0
1671.5,0.0201,3.40379,7.54435,0
1671.6,0.0201,3.40379,7.54435,0
1671.7,0.0201,3.40379,7.54436,0
1671.8,0.0201,3.40379,7.54436,0
1671.9,0.0201,3.40378,7.54436,0
1672,0.0201,3.40378,7.54436,0
1672.1,0.02009,3.40378,7.54436,0
1672.2,0.02009,3.40378,7.54436,0
1672.3,0.02009,3.40378,7.54436,0
1672.4,0.02009,3.40378,7.54436,0
1672.5,0.02009,3.40378,7.54436,0
1672.6,0.02009,3.40378,7.54436,0
1672.7,0.02009,3.40378,7.54436,0
1672.8,0.02009,3.40378,7.54436,0
1672.9,0.02009,3.40378,7.54436,0
1673,0.02009,3.40378,7.54436,0
1673.1,0.02009,3.40378,7.54436,0
1673.2,0.02009,3.40378,7.54436,0
1673.3,0.02009,3.40378,7.54436,0
1673.4,0.02009,3.40378,7.54436,0
1673.5,0.02009,3.40378,7.54436,0
1673.6,0.02009,3.40378,7.54436,0
1673.7,0.02009,3.40377,7.54436,0
1673.8,0.02009,3.40377,7.54436,0
1673.9,0.02009,3.40377,7.54436,0
1674,0.02009,3.40377,7.54437,0
1674.1,0.02009,3.40377,7.54437,0
1674.2,0.02009,3.40377,7.54437,0
1674.3,0.02009,3.40377,7.54437,0
1674.4,0.02009,3.40377,7.54437,0
1674.5,0.02009,3.40377,7.54437,0
1674.6,0.02009,3.40377,7.54437,0
1674.7,0.02009,3.40377,7.54437,0
1674.8,0.02009,3.40377,7.54437,0
1674.9,0.02009,3.40377,7.54437,0
1675,0.02009,3.40377,7.54437,0
1675.1,0.02009,3.40377,7.54437,0
1675.2,0.02009,3.40377,7.54437,0
1675.3,0.02009,3.40377,7.54437,0
1675.4,0.02009,3.40377,7.54437,0
1675.5,0.02009,3.40377,7.54437,0
1675.6,0.02009,3.40376,7.54437,0
1675.7,0.02009,3.40376,7.54437,0
1675.8,0.02009,3.40376,7.54437,0
1675.9,0.02009,3.40376,7.54437,0
1676,0.02009,3.40376,7.54437,0
1676.1,0.02009,3.40376,7.54437,0
1676.2,0.02009,3.40376,7.54437,0
1676.3,0.02009,3.40376,7.54438,0
1676.4,0.02009,3.40376,7.54438,0
1676.5,0.02009,3.40376,7.54438,0
1676.6,0.02009,3.40376,7.54438,0
1676.7,0.02009,3.40376,7.54438,0
1676.8,0.02009,3.40376,7.54438,0
1676.9,0.02009,3.40376,7.54438,0
1677,0.02009,3.40376,7.54438,0
1677.1,0.02009,3.40376,7.54438,0
1677.2,0.02009,3.40376,7.54438,0
1677.3,0.02009,3.40376,7.54438,0
1677.4,0.02009,3.40376,7.54438,0
1677.5,0.02009,3.40375,7.54438,0
1677.6,0.02009,3.40375,7.54438,0
1677.7,0.02009,3.40375,7.54438,0
1677.8,0.02009,3.40375,7.54438,0
1677.9,0.02009,3.40375,7.54438,0
1678,0.02009,3.40375,7.54438,0
1678.1,0.02009,3.40375,7.54438,0
1678.2,0.02009,3.40375,7.54438,0
1678.3,0.02009,3.40375,7.54438,0
1678.4,0.02009,3.40375,7.54438,0
1678.5,0.02009,3.40375,7.54438,0
1678.6,0.02009,3.40375,7.54438,0
1678.7,0.02009,3.40375,7.54438,0
1678.8,0.02009,3.40375,7.54439,0
1678.9,0.02009,3.40375,7.54439,0
1679,0.02009,3.40375,7.54439,0
1679.1,0.02009,3.40375,7.54439,0
1679.2,0.02009,3.40375,7.54439,0
1679.3,0.02009,3.40375,7.54439,0
1679.4,0.02009,3.40374,7.54439,0
1679.5,0.02009,3.40374,7.54439,0
1679.6,0.02009,3.40374,7.54439,0
1679.7,0.02009,3.40374,7.54439,0
1679.8,0.02009,3.40374,7.54439,0
1679.9,0.02009,3.40374,7.54439,0
1680,0.02009,3.40374,7.54439,0
1680.1,0.02009,3.40374,7.54439,0
1680.2,0.02009,3.40374,7.54439,0
1680.3,0.02009,3.40374,7.54439,0
1680.4,0.02009,3.40374,7.54439,0
1680.5,0.02009,3.40374,7.54439,0
1680.6,0.02009,3.40374,7.54439,0
1680.7,0.02009,3.40374,7.54439,0
1680.8,0.02009,3.40374,7.54439,0
1680.9,0.02009,3.40374,7.54439,0
1681,0.02009,3.40374,7.54439,0
1681.1,0.02009,3.40374,7.54439,0
1681.2,0.02009,3.40374,7.5444,0
1681.3,0.02009,3.40374,7.5444,0
1681.4,0.02009,3.40373,7.5444,0
1681.5,0.02009,3.40373,7.5444,0
1681.6,0.02009,3.40373,7.5444,0
1681.7,0.02009,3.40373,7.5444,0
1681.8,0.02009,3.40373,7.5444,0
1681.9,0.02009,3.40373,7.5444,0
1682,0.02009,3.40373,7.5444,0
1682.1,0.02009,3.40373,7.5444,0
1682.2,0.02009,3.40373,7.5444,0
1682.3,0.02009,3.40373,7.5444,0
1682.4,0.02009,3.40373,7.5444,0
1682.5,0.02009,3.40373,7.5444,0
1682.6,0.02009,3.40373,7.5444,0
1682.7,0.02009,3.40373,7.5444,0
1682.8,0.02009,3.40373,7.5444,0
1682.9,0.02009,3.40373,7.5444,0
1683,0.02009,3.40373,7.5444,0
1683.1,0.02009,3.40373,7.5444,0
1683.2,0.02009,3.40373,7.5444,0
1683.3,0.02009,3.40373,7.5444,0
1683.4,0.02009,3.40372,7.5444,0
1683.5,0.02009,3.40372,7.5444,0
1683.6,0.02009,3.40372,7.5444,0
1683.7,0.02009,3.40372,7.5444,0
1683.8,0.02009,3.40372,7.5444,0
1683.9,0.02009,3.40372,7.5444,0
1684,0.02009,3.40372,7.54441,0
1684.1,0.02009,3.40372,7.54441,0
1684.2,0.02009,3.40372,7.54441,0
1684.3,0.02009,3.40372,7.54441,0
1684.4,0.02009,3.40372,7.54441,0
1684.5,0.02009,3.40372,7.54441,0
1684.6,0.02009,3.40372,7.54441,0
1684.7,0.02009,3.40372,7.54441,0
1684.8,0.02009,3.40372,7.54441,0
1684.9,0.02009,3.40372,7.54441,0
1685,0.02009,3.40372,7.54441,0
1685.1,0.02009,3.40372,7.54441,0
1685.2,0.02009,3.40372,7.54441,0
1685.3,0.02009,3.40372,7.54441,0
1685.4,0.02009,3.40371,7.54441,0
1685.5,0.02009,3.40371,7.54441,0
1685.6,0.02009,3.40371,7.54441,0
1685.7,0.02009,3.40371,7.54441,0
1685.8,0.02009,3.40371,7.54441,0
1685.9,0.02009,3.40371,7.54441,0
1686,0.02009,3.40371,7.54441,0
1686.1,0.02009,3.40371,7.54441,0
1686.2,0.02009,3.40371,7.54441,0
1686.3,0.02009,3.40371,7.54441,0
1686.4,0.02009,3.40371,7.54441,0
1686.5,0.02009,3.40371,7.54442,0
1686.6,0.02009,3.40371,7.54442,0
1686.7,0.02009,3.40371,7.54442,0
1686.8,0.02009,3.40371,7.54442,0
1686.9,0.02009,3.40371,7.54442,0
1687,0.02009,3.40371,7.54442,0
1687.1,0.02009,3.40371,7.54442,0
1687.2,0.02009,3.40371,7.54442,0
1687.3,0.02009,3.40371,7.54442,0
1687.4,0.02009,3.40371,7.54442,0
1687.5,0.02009,3.4037,7.54442,0
1687.6,0.02009,3.4037,7.54442,0
1687.7,0.02009,3.4037,7.54442,0
1687.8,0.02009,3.4037,7.54442,0
1687.9,0.02009,3.4037,7.54442,0
1688,0.02009,3.4037,7.54442,0
1688.1,0.02009,3.4037,7.54442,0
1688.2,0.02009,3.4037,7.54442,0
1688.3,0.02009,3.4037,7.54442,0
1688.4,0.02009,3.4037,7.54442,0
1688.5,0.02009,3.4037,7.54442,0
1688.6,0.02009,3.4037,7.54442,0
1688.7,0.02009,3.4037,7.54442,0
1688.8,0.02009,3.4037,7.54442,0
1688.9,0.02009,3.4037,7.54442,0
1689,0.02009,3.4037,7.54442,0
1689.1,0.02009,3.4037,7.54442,0
1689.2,0.02009,3.4037,7.54442,0
1689.3,0.02009,3.4037,7.54442,0
1689.4,0.02009,3.4037,7.54443,0
1689.5,0.02009,3.4037,7.54443,0
1689.6,0.02009,3.4037,7.54443,0
1689.7,0.02009,3.40369,7.54443,0
1689.8,0.02009,3.40369,7.54443,0
1689.9,0.02009,3.40369,7.54443,0
1690,0.02009,3.40369,7.54443,0
1690.1,0.02009,3.40369,7.54443,0
1690.2,0.02009,3.40369,7.54443,0
1690.3,0.02009,3.40369,7.54443,0
1690.4,0.02009,3.40369,7.54443,0
1690.5,0.02009,3.40369,7.54443,0
1690.6,0.02009,3.40369,7.54443,0
1690.7,0.02009,3.40369,7.54443,0
1690.8,0.02009,3.40369,7.54443,0
1690.9,0.02009,3.40369,7.54443,0
1691,0.02009,3.40369,7.54443,0
1691.1,0.02009,3.40369,7.54443,0
1691.2,0.02009,3.40369,7.54443,0
1691.3,0.02009,3.40369,7.54443,0
1691.4,0.02009,3.40369,7.54443,0
1691.5,0.02009,3.40369,7.54443,0
1691.6,0.02009,3.40369,7.54443,0
1691.7,0.02009,3.40369,7.54443,0
1691.8,0.02009,3.40369,7.54443,0
1691.9,0.02009,3.40368,7.54443,0
1692,0.02009,3.40368,7.54443,0
1692.1,0.02009,3.40368,7.54443,0
1692.2,0.02009,3.40368,7.54443,0
1692.3,0.02009,3.40368,7.54444,0
1692.4,0.02009,3.40368,7.54444,0
1692.5,0.02009,3.40368,7.54444,0
1692.6,0.02009,3.40368,7.54444,0
1692.7,0.02009,3.40368,7.54444,0
1692.8,0.02009,3.40368,7.54444,0
1692.9,0.02009,3.40368,7.54444,0
1693,0.02009,3.40368,7.54444,0
1693.1,0.02009,3.40368,7.54444,0
1693.2,0.02009,3.40368,7.54444,0
1693.3,0.02009,3.40368,7.54444,0
1693.4,0.02009,3.40368,7.54444,0
1693.5,0.02009,3.40368,7.54444,0
1693.6,0.02009,3.40368,7.54444,0
1693.7,0.02009,3.40368,7.54444,0
1693.8,0.02009,3.40368,7.54444,0
1693.9,0.02009,3.40368,7.54444,0
1694,0.02009,3.40368,7.54444,0
1694.1,0.02009,3.40368,7.54444,0
1694.2,0.02009,3.40368,7.54444,0
1694.3,0.02009,3.40367,7.54444,0
1694.4,0.02009,3.40367,7.54444,0
1694.5,0.02009,3.40367,7.54444,0
1694.6,0.02009,3.40367,7.54444,0
1694.7,0.02009,3.40367,7.54444,0
1694.8,0.02009,3.40367,7.54444,0
1694.9,0.02009,3.40367,7.54444,0
1695,0.02009,3.40367,7.54444,0
1695.1,0.02009,3.40367,7.54444,0
1695.2,0.02009,3.40367,7.54444,0
1695.3,0.02009,3.40367,7.54444,0
1695.4,0.02009,3.40367,7.54445,0
1695.5,0.02009,3.40367,7.54445,0
1695.6,0.02009,3.40367,7.54445,0
1695.7,0.02009,3.40367,7.54445,0
1695.8,0.02009,3.40367,7.54445,0
1695.9,0.02009,3.40367,7.54445,0
1696,0.02009,3.40367,7.54445,0
1696.1,0.02009,3.40367,7.54445,0
1696.2,0.02009,3.40367,7.54445,0
1696.3,0.02009,3.40367,7.54445,0
1696.4,0.02009,3.40367,7.54445,0
1696.5,0.02009,3.40367,7.54445,0
1696.6,0.02009,3.40367,7.54445,0
1696.7,0.02009,3.40367,7.54445,0
1696.8,0.02009,3.40366,7.54445,0
1696.9,0.02009,3.40366,7.54445,0
1697,0.02009,3.40366,7.54445,0
1697.1,0.02009,3.40366,7.54445,0
1697.2,0.02009,3.40366,7.54445,0
1697.3,0.02009,3.40366,7.54445,0
1697.4,0.02009,3.40366,7.54445,0
1697.5,0.02009,3.40366,7.54445,0
1697.6,0.02009,3.40366,7.54445,0
1697.7,0.02009,3.40366,7.54445,0
1697.8,0.02009,3.40366,7.54445,0
1697.9,0.02009,3.40366,7.54446,0
1698,0.02009,3.40366,7.54446,0
1698.1,0.02009,3.40366,7.54446,0
1698.2,0.02009,3.40366,7.54446,0
1698.3,0.02009,3.40366,7.54446,0
1698.4,0.02009,3.40366,7.54446,0
1698.5,0.02009,3.40366,7.54446,0
1698.6,0.02009,3.40366,7.54446,0
1698.7,0.02009,3.40366,7.54446,0
1698.8,0.02009,3.40366,7.54446,0
1698.9,0.02009,3.40366,7.54446,0
1699,0.02009,3.40366,7.54446,0
1699.1,0.02009,3.40366,7.54446,0
1699.2,0.02009,3.40366,7.54446,0
1699.3,0.02009,3.40366,7.54446,0
1699.4,0.02009,3.40366,7.54446,0
1699.5,0.02009,3.40366,7.54446,0
1699.6,0.02009,3.40365,7.54446,0
1699.7,0.02009,3.40365,7.54446,0
1699.8,0.02009,3.40365,7.54446,0
1699.9,0.02009,3.40365,7.54446,0
1700,0.02009,3.40365,7.54446,0
1700.1,0.02009,3.40365,7.54446,0
1700.2,0.02009,3.40365,7.54446,0
1700.3,0.02009,3.40365,7.54446,0
1700.4,0.02009,3.40365,7.54447,0
1700.5,0.02009,3.40365,7.54447,0
1700.6,0.02009,3.40365,7.54447,0
1700.7,0.02009,3.40365,7.54447,0
1700.8,0.02009,3.40365,7.54447,0
1700.9,0.02009,3.40365,7.54447,0
1701,0.02009,3.40365,7.54447,0
1701.1,0.02009,3.40365,7.54447,0
1701.2,0.02009,3.40365,7.54447,0
1701.3,0.02009,3.40365,7.54447,0
1701.4,0.02009,3.40365,7.54447,0
1701.5,0.02009,3.40365,7.54447,0
1701.6,0.02009,3.40365,7.54447,0
1701.7,0.02009,3.40365,7.54447,0
1701.8,0.02009,3.40365,7.54447,0
1701.9,0.02009,3.40365,7.54447,0
1702,0.02009,3.40365,7.54447,0
1702.1,0.02009,3.40365,7.54447,0
1702.2,0.02009,3.40365,7.54447,0
1702.3,0.02009,3.40365,7.54447,0
1702.4,0.02009,3.40364,7.54447,0
1702.5,0.02009,3.40364,7.54447,0
1702.6,0.02009,3.40364,7.54447,0
1702.7,0.02009,3.40364,7.54447,0
1702.8,0.02009,3.40364,7.54447,0
1702.9,0.02009,3.40364,7.54448,0
1703,0.02009,3.40364,7.54448,0
1703.1,0.02009,3.40364,7.54448,0
1703.2,0.02009,3.40364,7.54448,0
1703.3,0.02009,3.40364,7.54448,0
1703.4,0.02009,3.40364,7.54448,0
1703.5,0.02009,3.40364,7.54448,0
1703.6,0.02009,3.40364,7.54448,0
1703.7,0.02009,3.40364,7.54448,0
1703.8,0.02009,3.40364,7.54448,0
1703.9,0.02009,3.40364,7.54448,0
1704,0.02009,3.40364,7.54448,0
1704.1,0.02009,3.40364,7.54448,0
1704.2,0.02009,3.40364,7.54448,0
1704.3,0.02009,3.40364,7.54448,0
1704.4,0.02009,3.40364,7.54448,0
1704.5,0.02009,3.40364,7.54448,0
1704.6,0.02009,3.40364,7.54448,0
1704.7,0.02009,3.40364,7.54448,0
1704.8,0.02009,3.40364,7.54448,0
1704.9,0.02009,3.40364,7.54448,0
1705,0.02009,3.40364,7.54448,0
1705.1,0.02009,3.40364,7.54448,0
1705.2,0.02009,3.40364,7.54449,0
1705.3,0.02009,3.40364,7.54449,0
1705.4,0.02009,3.40364,7.54449,0
1705.5,0.02009,3.40364,7.54449,0
1705.6,0.02009,3.40363,7.54449,0
1705.7,0.02009,3.40363,7.54449,0
1705.8,0.02009,3.40363,7.54449,0
1705.9,0.02009,3.40363,7.54449,0
1706,0.02009,3.40363,7.54449,0
1706.1,0.02009,3.40363,7.54449,0
1706.2,0.02009,3.40363,7.54449,0
1706.3,0.02009,3.40363,7.54449,0
1706.4,0.02009,3.40363,7.54449,0
1706.5,0.02009,3.40363,7.54449,0
1706.6,0.02009,3.40363,7.54449,0
1706.7,0.02009,3.40363,7.54449,0
1706.8,0.02009,3.40363,7.54449,0
1706.9,0.02009,3.40363,7.54449,0
1707,0.02009,3.40363,7.54449,0
1707.1,0.02009,3.40363,7.54449,0
1707.2,0.02009,3.40363,7.54449,0
1707.3,0.02009,3.40363,7.54449,0
1707.4,0.02009,3.40363,7.54449,0
1707.5,0.02009,3.40363,7.5445,0
1707.6,0.02009,3.40363,7.5445,0
1707.7,0.02009,3.40363,7.5445,0
1707.8,0.02009,3.40363,7.5445,0
1707.9,0.02009,3.40363,7.5445,0
1708,0.02009,3.40363,7.5445,0
1708.1,0.02009,3.40363,7.5445,0
1708.2,0.02009,3.40363,7.5445,0
1708.3,0.02009,3.40363,7.5445,0
1708.4,0.02009,3.40363,7.5445,0
1708.5,0.02009,3.40363,7.5445,0
1708.6,0.02009,3.40363,7.5445,0
1708.7,0.02009,3.40363,7.5445,0
1708.8,0.02009,3.40363,7.5445,0
1708.9,0.02009,3.40362,7.5445,0
1709,0.02009,3.40362,7.5445,0
1709.1,0.02009,3.40362,7.5445,0
1709.2,0.02009,3.40362,7.5445,0
1709.3,0.02009,3.40362,7.5445,0
1709.4,0.02009,3.40362,7.5445,0
1709.5,0.02009,3.40362,7.5445,0
1709.6,0.02009,3.40362,7.5445,0
1709.7,0.02009,3.40362,7.54451,0
1709.8,0.02009,3.40362,7.54451,0
1709.9,0.02009,3.40362,7.54451,0
1710,0.02009,3.40362,7.54451,0
1710.1,0.02009,3.40362,7.54451,0
1710.2,0.02009,3.40362,7.54451,0
1710.3,0.02009,3.40362,7.54451,0
1710.4,0.02009,3.40362,7.54451,0
1710.5,0.02009,3.40362,7.54451,0
1710.6,0.02009,3.40362,7.54451,0
1710.7,0.02009,3.40362,7.54451,0
1710.8,0.02009,3.40362,7.54451,0
1710.9,0.02009,3.40362,7.54451,0
1711,0.02009,3.40362,7.54451,0
1711.1,0.02009,3.40362,7.54451,0
1711.2,0.02009,3.40362,7.54451,0
1711.3,0.02009,3.40362,7.54451,0
1711.4,0.02009,3.40362,7.54451,0
1711.5,0.02009,3.40362,7.54451,0
1711.6,0.02009,3.40362,7.54451,0
1711.7,0.02009,3.40362,7.54451,0
1711.8,0.02009,3.40362,7.54451,0
1711.9,0.02009,3.40362,7.54451,0
1712,0.02009,3.40362,7.54451,0
1712.1,0.02009,3.40362,7.54451,0
1712.2,0.02009,3.40362,7.54452,0
1712.3,0.02009,3.40362,7.54452,0
1712.4,0.02009,3.40362,7.54452,0
1712.5,0.02009,3.40362,7.54452,0
1712.6,0.02009,3.40362,7.54452,0
1712.7,0.02009,3.40361,7.54452,0
1712.8,0.02009,3.40361,7.54452,0
1712.9,0.02009,3.40361,7.54452,0
1713,0.02009,3.40361,7.54452,0
1713.1,0.02009,3.40361,7.54452,0
1713.2,0.02009,3.40361,7.54452,0
1713.3,0.02009,3.40361,7.54452,0
1713.4,0.02009,3.40361,7.54452,0
1713.5,0.02009,3.40361,7.54452,0
1713.6,0.02009,3.40361,7.54452,0
1713.7,0.02009,3.40361,7.54452,0
1713.8,0.02009,3.40361,7.54452,0
1713.9,0.02009,3.40361,7.54452,0
1714,0.02009,3.40361,7.54452,0
1714.1,0.02009,3.40361,7.54452,0
1714.2,0.02009,3.40361,7.54452,0
1714.3,0.02009,3.40361,7.54452,0
1714.4,0.02009,3.40361,7.54452,0
1714.5,0.02009,3.40361,7.54452,0
1714.6,0.02009,3.40361,7.54452,0
1714.7,0.02009,3.40361,7.54452,0
1714.8,0.02009,3.40361,7.54452,0
1714.9,0.02009,3.40361,7.54452,0
1715,0.02009,3.40361,7.54452,0
1715.1,0.02009,3.40361,7.54453,0
1715.2,0.02009,3.40361,7.54453,0
1715.3,0.02009,3.40361,7.54453,0
1715.4,0.02009,3.40361,7.54453,0
1715.5,0.02009,3.40361,7.54453,0
1715.6,0.02009,3.40361,7.54453,0
1715.7,0.02009,3.40361,7.54453,0
1715.8,0.02009,3.40361,7.54453,0
1715.9,0.02009,3.40361,7.54453,0
1716,0.02009,3.40361,7.54453,0
1716.1,0.02009,3.40361,7.54453,0
1716.2,0.02009,3.40361,7.54453,0
1716.3,0.02009,3.40361,7.54453,0
1716.4,0.02009,3.40361,7.54453,0
1716.5,0.02009,3.40361,7.54453,0
1716.6,0.02009,3.40361,7.54453,0
1716.7,0.02009,3.40361,7.54453,0
1716.8,0.02009,3.4036,7.54453,0
1716.9,0.02009,3.4036,7.54453,0
1717,0.02009,3.4036,7.54453,0
1717.1,0.02009,3.4036,7.54453,0
1717.2,0.02009,3.4036,7.54453,0
1717.3,0.02009,3.4036,7.54453,0
1717.4,0.02009,3.4036,7.54453,0
1717.5,0.02009,3.4036,7.54453,0
1717.6,0.02009,3.4036,7.54453,0
1717.7,0.02009,3.4036,7.54453,0
1717.8,0.02009,3.4036,7.54453,0
1717.9,0.02009,3.4036,7.54454,0
1718,0.02009,3.4036,7.54454,0
1718.1,0.02009,3.4036,7.54454,0
1718.2,0.02009,3.4036,7.54454,0
1718.3,0.02009,3.4036,7.54454,0
1718.4,0.02009,3.4036,7.54454,0
1718.5,0.02009,3.4036,7.54454,0
1718.6,0.02009,3.4036,7.54454,0
1718.7,0.02009,3.4036,7.54454,0
1718.8,0.02009,3.4036,7.54454,0
1718.9,0.02009,3.4036,7.54454,0
1719,0.02009,3.4036,7.54454,0
1719.1,0.02009,3.4036,7.54454,0
1719.2,0.02009,3.4036,7.54454,0
1719.3,0.02009,3.4036,7.54454,0
1719.4,0.02009,3.4036,7.54454,0
1719.5,0.02009,3.4036,7.54454,0
1719.6,0.02009,3.4036,7.54454,0
1719.7,0.02009,3.4036,7.54454,0
1719.8,0.02009,3.4036,7.54454,0
1719.9,0.02009,3.4036,7.54454,0
1720,0.02009,3.4036,7.54454,0
1720.1,0.02009,3.4036,7.54454,0
1720.2,0.02009,3.4036,7.54454,0
1720.3,0.02009,3.4036,7.54454,0
1720.4,0.02009,3.4036,7.54454,0
1720.5,0.02009,3.4036,7.54455,0
1720.6,0.02009,3.4036,7.54455,0
1720.7,0.02009,3.4036,7.54455,0
1720.8,0.02009,3.4036,7.54455,0
1720.9,0.02009,3.4036,7.54455,0
1721,0.02009,3.4036,7.54455,0
1721.1,0.02009,3.4036,7.54455,0
1721.2,0.02009,3.4036,7.54455,0
1721.3,0.02009,3.4036,7.54455,0
1721.4,0.02009,3.4036,7.54455,0
1721.5,0.02009,3.4036,7.54455,0
1721.6,0.02009,3.40359,7.54455,0
1721.7,0.02009,3.40359,7.54455,0
1721.8,0.02009,3.40359,7.54455,0
1721.9,0.02009,3.40359,7.54455,0
1722,0.02009,3.40359,7.54455,0
1722.1,0.02009,3.40359,7.54455,0
1722.2,0.02009,3.40359,7.54455,0
1722.3,0.02009,3.40359,7.54455,0
1722.4,0.02009,3.40359,7.54455,0
1722.5,0.02009,3.40359,7.54455,0
1722.6,0.02009,3.40359,7.54455,0
1722.7,0.02009,3.40359,7.54455,0
1722.8,0.02009,3.40359,7.54455,0
1722.9,0.02009,3.40359,7.54455,0
1723,0.02009,3.40359,7.54455,0
1723.1,0.02009,3.40359,7.54455,0
1723.2,0.02009,3.40359,7.54455,0
1723.3,0.02009,3.40359,7.54455,0
1723.4,0.02009,3.40359,7.54455,0
1723.5,0.02009,3.40359,7.54456,0
1723.6,0.02009,3.40359,7.54456,0
1723.7,0.02009,3.40359,7.54456,0
1723.8,0.02009,3.40359,7.54456,0
1723.9,0.02009,3.40359,7.54456,0
1724,0.02009,3.40359,7.54456,0
1724.1,0.02009,3.40359,7.54456,0
1724.2,0.02009,3.40359,7.54456,0
1724.3,0.02009,3.40359,7.54456,0
1724.4,0.02009,3.40359,7.54456,0
1724.5,0.02009,3.40359,7.54456,0
1724.6,0.02009,3.40359,7.54456,0
1724.7,0.02009,3.40359,7.54456,0
1724.8,0.02009,3.40359,7.54456,0
1724.9,0.02009,3.40359,7.54456,0
1725,0.02009,3.40359,7.54456,0
1725.1,0.02009,3.40359,7.54456,0
1725.2,0.02009,3.40359,7.54456,0
1725.3,0.02009,3.40359,7.54456,0
1725.4,0.02009,3.40359,7.54456,0
1725.5,0.02009,3.40359,7.54456,0
1725.6,0.02009,3.40359,7.54456,0
1725.7,0.02009,3.40359,7.54456,0
1725.8,0.02009,3.40359,7.54456,0
1725.9,0.02009,3.40359,7.54456,0
1726,0.02009,3.40359,7.54456,0
1726.1,0.02009,3.40359,7.54457,0
1726.2,0.02009,3.40359,7.54457,0
1726.3,0.02009,3.40359,7.54457,0
1726.4,0.02009,3.40359,7.54457,0
1726.5,0.02009,3.40359,7.54457,0
1726.6,0.02009,3.40359,7.54457,0
1726.7,0.02009,3.40358,7.54457,0
1726.8,0.02009,3.40358,7.54457,0
1726.9,0.02009,3.40358,7.54457,0
1727,0.02009,3.40358,7.54457,0
1727.1,0.02009,3.40358,7.54457,0
1727.2,0.02009,3.40358,7.54457,0
1727.3,0.02009,3.40358,7.54457,0
1727.4,0.02009,3.40358,7.54457,0
1727.5,0.02009,3.40358,7.54457,0
1727.6,0.02009,3.40358,7.54457,0
1727.7,0.02009,3.40358,7.54457,0
1727.8,0.02009,3.40358,7.54457,0
1727.9,0.02009,3.40358,7.54457,0
1728,0.02009,3.40358,7.54457,0
1728.1,0.02009,3.40358,7.54457,0
1728.2,0.02009,3.40358,7.54457,0
1728.3,0.02009,3.40358,7.54457,0
1728.4,0.02009,3.40358,7.54457,0
1728.5,0.02009,3.40358,7.54457,0
1728.6,0.02009,3.40358,7.54457,0
1728.7,0.02009,3.40358,7.54458,0
1728.8,0.02009,3.40358,7.54458,0
1728.9,0.02009,3.40358,7.54458,0
1729,0.02009,3.40358,7.54458,0
1729.1,0.02009,3.40358,7.54458,0
1729.2,0.02009,3.40358,7.54458,0
1729.3,0.02009,3.40358,7.54458,0
1729.4,0.02009,3.40358,7.54458,0
1729.5,0.02009,3.40358,7.54458,0
1729.6,0.02009,3.40358,7.54458,0
1729.7,0.02009,3.40358,7.54458,0
1729.8,0.02009,3.40358,7.54458,0
1729.9,0.02009,3.40358,7.54458,0
1730,0.02009,3.40358,7.54458,0
1730.1,0.02009,3.40358,7.54458,0
1730.2,0.02009,3.40358,7.54458,0
1730.3,0.02009,3.40358,7.54458,0
1730.4,0.02009,3.40358,7.54458,0
1730.5,0.02009,3.40358,7.54458,0
1730.6,0.02009,3.40358,7.54458,0
1730.7,0.02009,3.40358,7.54458,0
1730.8,0.02009,3.40358,7.54458,0
1730.9,0.02009,3.40358,7.54458,0
1731,0.02009,3.40358,7.54458,0
1731.1,0.02009,3.40358,7.54458,0
1731.2,0.02009,3.40358,7.54458,0
1731.3,0.02009,3.40358,7.54459,0
1731.4,0.02009,3.40358,7.54459,0
1731.5,0.02009,3.40358,7.54459,0
1731.6,0.02009,3.40358,7.54459,0
1731.7,0.02009,3.40358,7.54459,0
1731.8,0.02009,3.40358,7.54459,0
1731.9,0.02009,3.40358,7.54459,0
1732,0.02009,3.40358,7.54459,0
1732.1,0.02009,3.40358,7.54459,0
1732.2,0.02009,3.40358,7.54459,0
1732.3,0.02009,3.40358,7.54459,0
1732.4,0.02009,3.40358,7.54459,0
1732.5,0.02009,3.40357,7.54459,0
1732.6,0.02009,3.40357,7.54459,0
1732.7,0.02009,3.40357,7.54459,0
1732.8,0.02009,3.40357,7.54459,0
1732.9,0.02009,3.40357,7.54459,0
1733,0.02009,3.40357,7.54459,0
1733.1,0.02009,3.40357,7.54459,0
1733.2,0.02009,3.40357,7.54459,0
1733.3,0.02009,3.40357,7.54459,0
1733.4,0.02009,3.40357,7.54459,0
1733.5,0.02009,3.40357,7.54459,0
1733.6,0.02009,3.40357,7.54459,0
1733.7,0.02009,3.40357,7.54459,0
1733.8,0.02009,3.40357,7.54459,0
1733.9,0.02009,3.40357,7.54459,0
1734,0.02009,3.40357,7.54459,0
1734.1,0.02009,3.40357,7.54459,0
1734.2,0.02009,3.40357,7.54459,0
1734.3,0.02009,3.40357,7.54459,0
1734.4,0.02009,3.40357,7.5446,0
1734.5,0.02009,3.40357,7.5446,0
1734.6,0.02009,3.40357,7.5446,0
1734.7,0.02009,3.40357,7.5446,0
1734.8,0.02009,3.40357,7.5446,0
1734.9,0.02009,3.40357,7.5446,0
1735,0.02009,3.40357,7.5446,0
1735.1,0.02009,3.40357,7.5446,0
1735.2,0.02009,3.40357,7.5446,0
1735.3,0.02009,3.40357,7.5446,0
1735.4,0.02009,3.40357,7.5446,0
1735.5,0.02009,3.40357,7.5446,0
1735.6,0.02009,3.40357,7.5446,0
1735.7,0.02009,3.40357,7.5446,0
1735.8,0.02009,3.40357,7.5446,0
1735.9,0.02009,3.40357,7.5446,0
1736,0.02009,3.40357,7.5446,0
1736.1,0.02009,3.40357,7.5446,0
1736.2,0.02009,3.40357,7.5446,0
1736.3,0.02009,3.40357,7.5446,0
1736.4,0.02009,3.40357,7.5446,0
1736.5,0.02009,3.40357,7.5446,0
1736.6,0.02009,3.40357,7.5446,0
1736.7,0.02009,3.40357,7.5446,0
1736.8,0.02009,3.40357,7.5446,0
1736.9,0.02009,3.40357,7.5446,0
1737,0.02009,3.40357,7.5446,0
1737.1,0.02009,3.40357,7.5446,0
1737.2,0.02009,3.40357,7.5446,0
1737.3,0.02009,3.40357,7.5446,0
1737.4,0.02009,3.40357,7.5446,0
1737.5,0.02009,3.40357,7.5446,0
1737.6,0.02009,3.40357,7.5446,0
1737.7,0.02009,3.40357,7.5446,0
1737.8,0.02009,3.40357,7.5446,0
1737.9,0.02009,3.40357,7.5446,0
1738,0.02009,3.40357,7.5446,0
1738.1,0.02009,3.40357,7.54461,0
1738.2,0.02009,3.40357,7.54461,0
1738.3,0.02009,3.40357,7.54461,0
1738.4,0.02009,3.40357,7.54461,0
1738.5,0.02009,3.40357,7.54461,0
1738.6,0.02009,3.40357,7.54461,0
1738.7,0.02009,3.40357,7.54461,0
1738.8,0.02009,3.40357,7.54461,0
1738.9,0.02009,3.40357,7.54461,0
1739,0.02009,3.40357,7.54461,0
1739.1,0.02009,3.40357,7.54461,0
1739.2,0.02009,3.40357,7.54461,0
1739.3,0.02009,3.40357,7.54461,0
1739.4,0.02009,3.40357,7.54461,0
1739.5,0.02009,3.40356,7.54461,0
1739.6,0.02009,3.40356,7.54461,0
1739.7,0.02009,3.40356,7.54461,0
1739.8,0.02009,3.40356,7.54461,0
1739.9,0.02009,3.40356,7.54461,0
1740,0.02009,3.40356,7.54461,0
1740.1,0.02009,3.40356,7.54461,0
1740.2,0.02009,3.40356,7.54461,0
1740.3,0.02009,3.40356,7.54461,0
1740.4,0.02009,3.40356,7.54461,0
1740.5,0.02009,3.40356,7.54461,0
1740.6,0.02009,3.40356,7.54461,0
1740.7,0.02009,3.40356,7.54461,0
1740.8,0.02009,3.40356,7.54461,0
1740.9,0.02009,3.40356,7.54461,0
1741,0.02009,3.40356,7.54461,0
1741.1,0.02009,3.40356,7.54461,0
1741.2,0.02009,3.40356,7.54461,0
1741.3,0.02009,3.40356,7.54461,0
1741.4,0.02009,3.40356,7.54461,0
1741.5,0.02009,3.40356,7.54461,0
1741.6,0.02009,3.40356,7.54461,0
1741.7,0.02009,3.40356,7.54461,0
1741.8,0.02009,3.40356,7.54461,0
1741.9,0.02009,3.40356,7.54461,0
1742,0.02009,3.40356,7.54461,0
1742.1,0.02009,3.40356,7.54461,0
1742.2,0.02009,3.40356,7.54461,0
1742.3,0.02009,3.40356,7.54462,0
1742.4,0.02009,3.40356,7.54462,0
1742.5,0.02009,3.40356,7.54462,0
1742.6,0.02009,3.40356,7.54462,0
1742.7,0.02009,3.40356,7.54462,0
1742.8,0.02009,3.40356,7.54462,0
1742.9,0.02009,3.40356,7.54462,0
1743,0.02009,3.40356,7.54462,0
1743.1,0.02009,3.40356,7.54462,0
1743.2,0.02009,3.40356,7.54462,0
1743.3,0.02009,3.40356,7.54462,0
1743.4,0.02009,3.40356,7.54462,0
1743.5,0.02009,3.40356,7.54462,0
1743.6,0.02009,3.40356,7.54462,0
1743.7,0.02009,3.40356,7.54462,0
1743.8,0.02009,3.40356,7.54462,0
1743.9,0.02009,3.40356,7.54462,0
1744,0.02009,3.40356,7.54462,0
1744.1,0.02009,3.40356,7.54462,0
1744.2,0.02009,3.40356,7.54462,0
1744.3,0.02009,3.40356,7.54462,0
1744.4,0.02009,3.40356,7.54462,0
1744.5,0.02009,3.40356,7.54462,0
1744.6,0.02009,3.40356,7.54462,0
1744.7,0.02009,3.40356,7.54462,0
1744.8,0.02009,3.40356,7.54462,0
1744.9,0.02009,3.40356,7.54462,0
1745,0.02009,3.40356,7.54462,0
1745.1,0.02009,3.40356,7.54462,0
1745.2,0.02009,3.40356,7.54462,0
1745.3,0.02009,3.40356,7.54462,0
1745.4,0.02009,3.40356,7.54462,0
1745.5,0.02009,3.40356,7.54462,0
1745.6,0.02009,3.40356,7.54462,0
1745.7,0.02009,3.40356,7.54462,0
1745.8,0.02009,3.40356,7.54462,0
1745.9,0.02009,3.40356,7.54462,0
1746,0.02009,3.40356,7.54463,0
1746.1,0.02009,3.40356,7.54463,0
1746.2,0.02009,3.40356,7.54463,0
1746.3,0.02009,3.40356,7.54463,0
1746.4,0.02009,3.40356,7.54463,0
1746.5,0.02009,3.40356,7.54463,0
1746.6,0.02009,3.40356,7.54463,0
1746.7,0.02009,3.40356,7.54463,0
1746.8,0.02009,3.40356,7.54463,0
1746.9,0.02009,3.40356,7.54463,0
1747,0.02009,3.40356,7.54463,0
1747.1,0.02009,3.40356,7.54463,0
1747.2,0.02009,3.40356,7.54463,0
1747.3,0.02009,3.40355,7.54463,0
1747.4,0.02009,3.40355,7.54463,0
1747.5,0.02009,3.40355,7.54463,0
1747.6,0.02009,3.40355,7.54463,0
1747.7,0.02009,3.40355,7.54463,0
1747.8,0.02009,3.40355,7.54463,0
1747.9,0.02009,3.40355,7.54463,0
1748,0.02009,3.40355,7.54463,0
1748.1,0.02009,3.40355,7.54463,0
1748.2,0.02009,3.40355,7.54463,0
1748.3,0.02009,3.40355,7.54463,0
1748.4,0.02009,3.40355,7.54463,0
1748.5,0.02009,3.40355,7.54463,0
1748.6,0.02009,3.40355,7.54463,0
1748.7,0.02009,3.40355,7.54463,0
1748.8,0.02009,3.40355,7.54463,0
1748.9,0.02009,3.40355,7.54463,0
1749,0.02009,3.40355,7.54463,0
1749.1,0.02009,3.40355,7.54463,0
1749.2,0.02009,3.40355,7.54463,0
1749.3,0.02009,3.40355,7.54463,0
1749.4,0.02009,3.40355,7.54464,0
1749.5,0.02009,3.40355,7.54464,0
1749.6,0.02009,3.40355,7.54464,0
1749.7,0.02009,3.40355,7.54464,0
1749.8,0.02009,3.40355,7.54464,0
1749.9,0.02009,3.40355,7.54464,0
1750,0.02009,3.40355,7.54464,0
1750.1,0.02009,3.40355,7.54464,0
1750.2,0.02009,3.40355,7.54464,0
1750.3,0.02009,3.40355,7.54464,0
1750.4,0.02009,3.40355,7.54464,0
1750.5,0.02009,3.40355,7.54464,0
1750.6,0.02009,3.40355,7.54464,0
1750.7,0.02009,3.40355,7.54464,0
1750.8,0.02009,3.40355,7.54464,0
1750.9,0.02009,3.40355,7.54464,0
1751,0.02009,3.40355,7.54464,0
1751.1,0.02009,3.40355,7.54464,0
1751.2,0.02009,3.40355,7.54464,0
1751.3,0.02009,3.40355,7.54464,0
1751.4,0.02009,3.40355,7.54464,0
1751.5,0.02009,3.40355,7.54464,0
1751.6,0.02009,3.40355,7.54464,0
1751.7,0.02009,3.40355,7.54464,0
1751.8,0.02009,3.40355,7.54464,0
1751.9,0.02009,3.40355,7.54464,0
1752,0.02009,3.40355,7.54464,0
1752.1,0.02009,3.40355,7.54464,0
1752.2,0.02009,3.40355,7.54464,0
1752.3,0.02009,3.40355,7.54464,0
1752.4,0.02009,3.40355,7.54464,0
1752.5,0.02009,3.40355,7.54464,0
1752.6,0.02009,3.40355,7.54464,0
1752.7,0.02009,3.40355,7.54464,0
1752.8,0.02009,3.40355,7.54465,0
1752.9,0.02009,3.40355,7.54465,0
1753,0.02009,3.40355,7.54465,0
1753.1,0.02009,3.40355,7.54465,0
1753.2,0.02009,3.40355,7.54465,0
1753.3,0.02009,3.40355,7.54465,0
1753.4,0.02009,3.40355,7.54465,0
1753.5,0.02009,3.40355,7.54465,0
1753.6,0.02009,3.40355,7.54465,0
1753.7,0.02009,3.40355,7.54465,0
1753.8,0.02009,3.40355,7.54465,0
1753.9,0.02009,3.40355,7.54465,0
1754,0.02009,3.40355,7.54465,0
1754.1,0.02009,3.40355,7.54465,0
1754.2,0.02009,3.40355,7.54465,0
1754.3,0.02009,3.40355,7.54465,0
1754.4,0.02009,3.40355,7.54465,0
1754.5,0.02009,3.40355,7.54465,0
1754.6,0.02009,3.40355,7.54465,0
1754.7,0.02009,3.40355,7.54465,0
1754.8,0.02009,3.40355,7.54465,0
1754.9,0.02009,3.40355,7.54465,0
1755,0.02009,3.40355,7.54465,0
1755.1,0.02009,3.40355,7.54465,0
1755.2,0.02009,3.40355,7.54465,0
1755.3,0.02009,3.40355,7.54465,0
1755.4,0.02009,3.40355,7.54465,0
1755.5,0.02009,3.40355,7.54465,0
1755.6,0.02009,3.40355,7.54465,0
1755.7,0.02009,3.40355,7.54465,0
1755.8,0.02009,3.40355,7.54465,0
1755.9,0.02009,3.40355,7.54465,0
1756,0.02009,3.40355,7.54465,0
1756.1,0.02009,3.40355,7.54465,0
1756.2,0.02009,3.40355,7.54465,0
1756.3,0.02009,3.40355,7.54465,0
1756.4,0.02009,3.40355,7.54465,0
1756.5,0.02009,3.40355,7.54465,0
1756.6,0.02009,3.40355,7.54465,0
1756.7,0.02009,3.40355,7.54465,0
1756.8,0.02009,3.40355,7.54466,0
1756.9,0.02009,3.40354,7.54466,0
1757,0.02009,3.40354,7.54466,0
1757.1,0.02009,3.40354,7.54466,0
1757.2,0.02009,3.40354,7.54466,0
1757.3,0.02009,3.40354,7.54466,0
1757.4,0.02009,3.40354,7.54466,0
1757.5,0.02009,3.40354,7.54466,0
1757.6,0.02009,3.40354,7.54466,0
1757.7,0.02009,3.40354,7.54466,0
1757.8,0.02009,3.40354,7.54466,0
1757.9,0.02009,3.40354,7.54466,0
1758,0.02009,3.40354,7.54466,0
1758.1,0.02009,3.40354,7.54466,0
1758.2,0.02009,3.40354,7.54466,0
1758.3,0.02009,3.40354,7.54466,0
1758.4,0.02009,3.40354,7.54466,0
1758.5,0.02009,3.40354,7.54466,0
1758.6,0.02009,3.40354,7.54466,0
1758.7,0.02009,3.40354,7.54466,0
1758.8,0.02009,3.40354,7.54466,0
1758.9,0.02009,3.40354,7.54466,0
1759,0.02009,3.40354,7.54466,0
1759.1,0.02009,3.40354,7.54466,0
1759.2,0.02009,3.40354,7.54466,0
1759.3,0.02009,3.40354,7.54466,0
1759.4,0.02009,3.40354,7.54466,0
1759.5,0.02009,3.40354,7.54466,0
1759.6,0.02009,3.40354,7.54466,0
1759.7,0.02009,3.40354,7.54466,0
1759.8,0.02009,3.40354,7.54466,0
1759.9,0.02009,3.40354,7.54466,0
1760,0.02009,3.40354,7.54466,0
1760.1,0.02009,3.40354,7.54466,0
1760.2,0.02009,3.40354,7.54466,0
1760.3,0.02009,3.40354,7.54466,0
1760.4,0.02009,3.40354,7.54466,0
1760.5,0.02009,3.40354,7.54466,0
1760.6,0.02009,3.40354,7.54466,0
1760.7,0.02009,3.40354,7.54466,0
1760.8,0.02009,3.40354,7.54466,0
1760.9,0.02009,3.40354,7.54466,0
1761,0.02009,3.40354,7.54466,0
1761.1,0.02009,3.40354,7.54466,0
1761.2,0.02009,3.40354,7.54466,0
1761.3,0.02009,3.40354,7.54466,0
1761.4,0.02009,3.40354,7.54466,0
1761.5,0.02009,3.40354,7.54466,0
1761.6,0.02009,3.40354,7.54466,0
1761.7,0.02009,3.40354,7.54466,0
1761.8,0.02009,3.40354,7.54466,0
1761.9,0.02009,3.40354,7.54466,0
1762,0.02009,3.40354,7.54466,0
1762.1,0.02009,3.40354,7.54466,0
1762.2,0.02009,3.40354,7.54466,0
1762.3,0.02009,3.40354,7.54466,0
1762.4,0.02009,3.40354,7.54466,0
1762.5,0.02009,3.40354,7.54466,0
1762.6,0.02009,3.40354,7.54466,0
1762.7,0.02009,3.40354,7.54466,0
1762.8,0.02009,3.40354,7.54466,0
1762.9,0.02009,3.40354,7.54466,0
1763,0.02009,3.40354,7.54466,0
1763.1,0.02009,3.40354,7.54466,0
1763.2,0.02009,3.40354,7.54466,0
1763.3,0.02009,3.40354,7.54466,0
1763.4,0.02009,3.40354,7.54466,0
1763.5,0.02009,3.40354,7.54466,0
1763.6,0.02009,3.40354,7.54466,0
1763.7,0.02009,3.40354,7.54466,0
1763.8,0.02009,3.40354,7.54466,0
1763.9,0.02009,3.40354,7.54466,0
1764,0.02009,3.40354,7.54466,0
1764.1,0.02009,3.40354,7.54466,0
1764.2,0.02009,3.40354,7.54466,0
1764.3,0.02009,3.40354,7.54466,0
1764.4,0.02009,3.40354,7.54466,0
1764.5,0.02009,3.40354,7.54466,0
1764.6,0.02009,3.40354,7.54466,0
1764.7,0.02009,3.40354,7.54466,0
1764.8,0.02009,3.40354,7.54466,0
1764.9,0.02009,3.40354,7.54466,0
1765,0.02009,3.40354,7.54466,0
1765.1,0.02009,3.40354,7.54466,0
1765.2,0.02009,3.40354,7.54466,0
1765.3,0.02009,3.40354,7.54466,0
1765.4,0.02009,3.40354,7.54466,0
1765.5,0.02009,3.40354,7.54466,0
1765.6,0.02009,3.40354,7.54466,0
1765.7,0.02009,3.40354,7.54466,0
1765.8,0.02009,3.40354,7.54466,0
1765.9,0.02009,3.40354,7.54467,0
1766,0.02009,3.40354,7.54467,0
1766.1,0.02009,3.40354,7.54467,0
1766.2,0.02009,3.40354,7.54467,0
1766.3,0.02009,3.40354,7.54467,0
1766.4,0.02009,3.40354,7.54467,0
1766.5,0.02009,3.40354,7.54467,0
1766.6,0.02009,3.40354,7.54467,0
1766.7,0.02009,3.40354,7.54467,0
1766.8,0.02009,3.40354,7.54467,0
1766.9,0.02009,3.40354,7.54467,0
1767,0.02009,3.40354,7.54467,0
1767.1,0.02009,3.40354,7.54467,0
1767.2,0.02009,3.40354,7.54467,0
1767.3,0.02009,3.40354,7.54467,0
1767.4,0.02009,3.40354,7.54467,0
1767.5,0.02009,3.40354,7.54467,0
1767.6,0.02009,3.40354,7.54467,0
1767.7,0.02009,3.40354,7.54467,0
1767.8,0.02009,3.40354,7.54467,0
1767.9,0.02009,3.40354,7.54467,0
1768,0.02009,3.40354,7.54467,0
1768.1,0.02009,3.40354,7.54467,0
1768.2,0.02009,3.40354,7.54467,0
1768.3,0.02009,3.40354,7.54467,0
1768.4,0.02009,3.40354,7.54467,0
1768.5,0.02009,3.40354,7.54467,0
1768.6,0.02009,3.40354,7.54467,0
1768.7,0.02009,3.40354,7.54467,0
1768.8,0.02009,3.40354,7.54467,0
1768.9,0.02009,3.40354,7.54467,0
1769,0.02009,3.40354,7.54467,0
1769.1,0.02009,3.40353,7.54467,0
1769.2,0.02009,3.40353,7.54467,0
1769.3,0.02009,3.40353,7.54467,0
1769.4,0.02009,3.40353,7.54467,0
1769.5,0.02009,3.40353,7.54467,0
1769.6,0.02009,3.40353,7.54467,0
1769.7,0.02009,3.40353,7.54467,0
1769.8,0.02009,3.40353,7.54467,0
1769.9,0.02009,3.40353,7.54467,0
1770,0.02009,3.40353,7.54467,0
1770.1,0.02009,3.40353,7.54467,0
1770.2,0.02009,3.40353,7.54467,0
1770.3,0.02009,3.40353,7.54467,0
1770.4,0.02009,3.40353,7.54467,0
1770.5,0.02009,3.40353,7.54467,0
1770.6,0.02009,3.40353,7.54467,0
1770.7,0.02009,3.40353,7.54467,0
1770.8,0.02009,3.40353,7.54467,0
1770.9,0.02009,3.40353,7.54467,0
1771,0.02009,3.40353,7.54467,0
1771.1,0.02009,3.40353,7.54467,0
1771.2,0.02009,3.40353,7.54467,0
1771.3,0.02009,3.40353,7.54467,0
1771.4,0.02009,3.40353,7.54467,0
1771.5,0.02009,3.40353,7.54467,0
1771.6,0.02009,3.40353,7.54467,0
1771.7,0.02009,3.40353,7.54467,0
1771.8,0.02009,3.40353,7.54467,0
1771.9,0.02009,3.40353,7.54467,0
1772,0.02009,3.40353,7.54467,0
1772.1,0.02009,3.40353,7.54467,0
1772.2,0.02009,3.40353,7.54467,0
1772.3,0.02009,3.40353,7.54467,0
1772.4,0.02009,3.40353,7.54467,0
1772.5,0.02009,3.40353,7.54467,0
1772.6,0.02009,3.40353,7.54467,0
1772.7,0.02009,3.40353,7.54467,0
1772.8,0.02009,3.40353,7.54467,0
1772.9,0.02009,3.40353,7.54467,0
1773,0.02009,3.40353,7.54467,0
1773.1,0.02009,3.40353,7.54467,0
1773.2,0.02009,3.40353,7.54467,0
1773.3,0.02009,3.40353,7.54467,0
1773.4,0.02009,3.40353,7.54467,0
1773.5,0.02009,3.40353,7.54467,0
1773.6,0.02009,3.40353,7.54467,0
1773.7,0.02009,3.40353,7.54467,0
1773.8,0.02009,3.40353,7.54467,0
1773.9,0.02009,3.40353,7.54467,0
1774,0.02009,3.40353,7.54467,0
1774.1,0.02009,3.40353,7.54467,0
1774.2,0.02009,3.40353,7.54467,0
1774.3,0.02009,3.40353,7.54467,0
1774.4,0.02009,3.40353,7.54467,0
1774.5,0.02009,3.40353,7.54467,0
1774.6,0.02009,3.40353,7.54467,0
1774.7,0.02009,3.40353,7.54467,0
1774.8,0.02009,3.40353,7.54467,0
1774.9,0.02009,3.40353,7.54467,0
1775,0.02009,3.40353,7.54467,0
1775.1,0.02009,3.40353,7.54467,0
1775.2,0.02009,3.40353,7.54467,0
1775.3,0.02009,3.40353,7.54467,0
1775.4,0.02009,3.40353,7.54467,0
1775.5,0.02009,3.40353,7.54467,0
1775.6,0.02009,3.40353,7.54467,0
1775.7,0.02009,3.40353,7.54467,0
1775.8,0.02009,3.40353,7.54467,0
1775.9,0.02009,3.40353,7.54467,0
1776,0.02009,3.40353,7.54467,0
1776.1,0.02009,3.40353,7.54467,0
1776.2,0.02009,3.40353,7.54467,0
1776.3,0.02009,3.40353,7.54467,0
1776.4,0.02009,3.40353,7.54467,0
1776.5,0.02009,3.40353,7.54467,0
1776.6,0.02009,3.40353,7.54467,0
1776.7,0.02009,3.40353,7.54467,0
1776.8,0.02009,3.40353,7.54467,0
1776.9,0.02009,3.40353,7.54467,0
1777,0.02009,3.40353,7.54467,0
1777.1,0.02009,3.40353,7.54467,0
1777.2,0.02009,3.40353,7.54467,0
1777.3,0.02009,3.40353,7.54467,0
1777.4,0.02009,3.40353,7.54467,0
1777.5,0.02009,3.40353,7.54467,0
1777.6,0.02009,3.40353,7.54467,0
1777.7,0.02009,3.40353,7.54467,0
1777.8,0.02009,3.40353,7.54467,0
1777.9,0.02009,3.40353,7.54467,0
1778,0.02009,3.40353,7.54467,0
1778.1,0.02009,3.40353,7.54467,0
1778.2,0.02009,3.40353,7.54467,0
1778.3,0.02009,3.40353,7.54467,0
1778.4,0.02009,3.40353,7.54467,0
1778.5,0.02009,3.40353,7.54467,0
1778.6,0.02009,3.40353,7.54467,0
1778.7,0.02009,3.40353,7.54467,0
1778.8,0.02009,3.40353,7.54467,0
1778.9,0.02009,3.40353,7.54467,0
1779,0.02009,3.40353,7.54467,0
1779.1,0.02009,3.40353,7.54467,0
1779.2,0.02009,3.40353,7.54467,0
1779.3,0.02009,3.40353,7.54467,0
1779.4,0.02009,3.40353,7.54467,0
1779.5,0.02009,3.40353,7.54467,0
1779.6,0.02009,3.40353,7.54467,0
1779.7,0.02009,3.40353,7.54467,0
1779.8,0.02009,3.40353,7.54467,0
1779.9,0.02009,3.40353,7.54467,0
1780,0.02009,3.40353,7.54467,0
1780.1,0.02009,3.40353,7.54467,0
1780.2,0.02009,3.40353,7.54467,0
1780.3,0.02009,3.40353,7.54467,0
1780.4,0.02009,3.40353,7.54467,0
1780.5,0.02009,3.40353,7.54467,0
1780.6,0.02009,3.40353,7.54467,0
1780.7,0.02009,3.40353,7.54467,0
1780.8,0.02009,3.40353,7.54467,0
1780.9,0.02009,3.40353,7.54467,0
1781,0.02009,3.40353,7.54467,0
1781.1,0.02009,3.40353,7.54467,0
1781.2,0.02009,3.40353,7.54467,0
1781.3,0.02009,3.40353,7.54467,0
1781.4,0.02009,3.40353,7.54467,0
1781.5,0.02009,3.40353,7.54467,0
1781.6,0.02009,3.40353,7.54467,0
1781.7,0.02009,3.40353,7.54467,0
1781.8,0.02009,3.40353,7.54467,0
1781.9,0.02009,3.40353,7.54467,0
1782,0.02009,3.40353,7.54467,0
1782.1,0.02009,3.40353,7.54467,0
1782.2,0.02009,3.40353,7.54467,0
1782.3,0.02009,3.40353,7.54467,0
1782.4,0.02009,3.40353,7.54467,0
1782.5,0.02009,3.40353,7.54467,0
1782.6,0.02009,3.40353,7.54467,0
1782.7,0.02009,3.40353,7.54467,0
1782.8,0.02009,3.40353,7.54467,0
1782.9,0.02009,3.40353,7.54467,0
1783,0.02009,3.40353,7.54467,0
1783.1,0.02009,3.40353,7.54467,0
1783.2,0.02009,3.40353,7.54467,0
1783.3,0.02009,3.40353,7.54467,0
1783.4,0.02009,3.40353,7.54467,0
1783.5,0.02009,3.40353,7.54467,0
1783.6,0.02009,3.40353,7.54467,0
1783.7,0.02009,3.40353,7.54467,0
1783.8,0.02009,3.40352,7.54467,0
1783.9,0.02009,3.40352,7.54467,0
1784,0.02009,3.40352,7.54467,0
1784.1,0.02009,3.40352,7.54467,0
1784.2,0.02009,3.40352,7.54467,0
1784.3,0.02009,3.40352,7.54467,0
1784.4,0.02009,3.40352,7.54467,0
1784.5,0.02009,3.40352,7.54467,0
1784.6,0.02009,3.40352,7.54467,0
1784.7,0.02009,3.40352,7.54467,0
1784.8,0.02009,3.40352,7.54467,0
1784.9,0.02009,3.40352,7.54467,0
1785,0.02009,3.40352,7.54467,0
1785.1,0.02009,3.40352,7.54467,0
1785.2,0.02009,3.40352,7.54467,0
1785.3,0.02009,3.40352,7.54467,0
1785.4,0.02009,3.40352,7.54467,0
1785.5,0.02009,3.40352,7.54467,0
1785.6,0.02009,3.40352,7.54467,0
1785.7,0.02009,3.40352,7.54467,0
1785.8,0.02009,3.40352,7.54467,0
1785.9,0.02009,3.40352,7.54467,0
1786,0.02009,3.40352,7.54467,0
1786.1,0.02009,3.40352,7.54467,0
1786.2,0.02009,3.40352,7.54467,0
1786.3,0.02009,3.40352,7.54467,0
1786.4,0.02009,3.40352,7.54467,0
1786.5,0.02009,3.40352,7.54467,0
1786.6,0.02009,3.40352,7.54467,0
1786.7,0.02009,3.40352,7.54467,0
1786.8,0.02009,3.40352,7.54467,0
1786.9,0.02009,3.40352,7.54467,0
1787,0.02009,3.40352,7.54467,0
1787.1,0.02009,3.40352,7.54467,0
1787.2,0.02009,3.40352,7.54467,0
1787.3,0.02009,3.40352,7.54467,0
1787.4,0.02009,3.40352,7.54467,0
1787.5,0.02009,3.40352,7.54467,0
1787.6,0.02009,3.40352,7.54467,0
1787.7,0.02009,3.40352,7.54467,0
1787.8,0.02009,3.40352,7.54467,0
1787.9,0.02009,3.40352,7.54467,0
1788,0.02009,3.40352,7.54467,0
1788.1,0.02009,3.40352,7.54467,0
1788.2,0.02009,3.40352,7.54467,0
1788.3,0.02009,3.40352,7.54467,0
1788.4,0.02009,3.40352,7.54467,0
1788.5,0.02009,3.40352,7.54467,0
1788.6,0.02009,3.40352,7.54467,0
1788.7,0.02009,3.40352,7.54467,0
1788.8,0.02009,3.40352,7.54467,0
1788.9,0.02009,3.40352,7.54467,0
1789,0.02009,3.40352,7.54467,0
1789.1,0.02009,3.40352,7.54467,0
1789.2,0.02009,3.40352,7.54467,0
1789.3,0.02009,3.40352,7.54467,0
1789.4,0.02009,3.40352,7.54467,0
1789.5,0.02009,3.40352,7.54467,0
1789.6,0.02009,3.40352,7.54467,0
1789.7,0.02009,3.40352,7.54467,0
1789.8,0.02009,3.40352,7.54467,0
1789.9,0.02009,3.40352,7.54467,0
1790,0.02009,3.40352,7.54467,0
1790.1,0.02009,3.40352,7.54467,0
1790.2,0.02009,3.40352,7.54467,0
1790.3,0.02009,3.40352,7.54467,0
1790.4,0.02009,3.40352,7.54467,0
1790.5,0.02009,3.40352,7.54467,0
1790.6,0.02009,3.40352,7.54467,0
1790.7,0.02009,3.40352,7.54467,0
1790.8,0.02009,3.40352,7.54467,0
1790.9,0.02009,3.40352,7.54467,0
1791,0.02009,3.40352,7.54467,0
1791.1,0.02009,3.40352,7.54467,0
1791.2,0.02009,3.40352,7.54467,0
1791.3,0.02009,3.40352,7.54467,0
1791.4,0.02009,3.40352,7.54467,0
1791.5,0.02009,3.40352,7.54467,0
1791.6,0.02009,3.40352,7.54467,0
1791.7,0.02009,3.40352,7.54467,0
1791.8,0.02009,3.40352,7.54467,0
1791.9,0.02009,3.40352,7.54467,0
1792,0.02009,3.40352,7.54467,0
1792.1,0.02009,3.40352,7.54467,0
1792.2,0.02009,3.40352,7.54467,0
1792.3,0.02009,3.40352,7.54467,0
1792.4,0.02009,3.40352,7.54467,0
1792.5,0.02009,3.40352,7.54467,0
1792.6,0.02009,3.40352,7.54467,0
1792.7,0.02009,3.40352,7.54467,0
1792.8,0.02009,3.40352,7.54467,0
1792.9,0.02009,3.40352,7.54467,0
1793,0.02009,3.40352,7.54467,0
1793.1,0.02009,3.40352,7.54467,0
1793.2,0.02009,3.40352,7.54467,0
1793.3,0.02009,3.40352,7.54467,0
1793.4,0.02009,3.40352,7.54467,0
1793.5,0.02009,3.40352,7.54467,0
1793.6,0.02009,3.40352,7.54467,0
1793.7,0.02009,3.40352,7.54467,0
1793.8,0.02009,3.40352,7.54467,0
1793.9,0.02009,3.40352,7.54467,0
1794,0.02009,3.40351,7.54467,0
1794.1,0.02009,3.40351,7.54467,0
1794.2,0.02009,3.40351,7.54467,0
1794.3,0.02009,3.40351,7.54467,0
1794.4,0.02009,3.40351,7.54467,0
1794.5,0.02009,3.40351,7.54467,0
1794.6,0.02009,3.40351,7.54467,0
1794.7,0.02009,3.40351,7.54467,0
1794.8,0.02009,3.40351,7.54467,0
1794.9,0.02009,3.40351,7.54467,0
1795,0.02009,3.40351,7.54467,0
1795.1,0.02009,3.40351,7.54467,0
1795.2,0.02009,3.40351,7.54467,0
1795.3,0.02009,3.40351,7.54467,0
1795.4,0.02009,3.40351,7.54467,0
1795.5,0.02009,3.40351,7.54467,0
1795.6,0.02009,3.40351,7.54467,0
1795.7,0.02009,3.40351,7.54467,0
1795.8,0.02009,3.40351,7.54467,0
1795.9,0.02009,3.40351,7.54467,0
1796,0.02009,3.40351,7.54467,0
1796.1,0.02009,3.40351,7.54467,0
1796.2,0.02009,3.40351,7.54467,0
1796.3,0.02009,3.40351,7.54467,0
1796.4,0.02009,3.40351,7.54467,0
1796.5,0.02009,3.40351,7.54467,0
1796.6,0.02009,3.40351,7.54467,0
1796.7,0.02009,3.40351,7.54467,0
1796.8,0.02009,3.40351,7.54467,0
1796.9,0.02009,3.40351,7.54467,0
1797,0.02009,3.40351,7.54467,0
1797.1,0.02009,3.40351,7.54467,0
1797.2,0.02009,3.40351,7.54467,0
1797.3,0.02009,3.40351,7.54467,0
1797.4,0.02009,3.40351,7.54467,0
1797.5,0.02009,3.40351,7.54467,0
1797.6,0.02009,3.40351,7.54467,0
1797.7,0.02009,3.40351,7.54467,0
1797.8,0.02009,3.40351,7.54467,0
1797.9,0.02009,3.40351,7.54467,0
1798,0.02009,3.40351,7.54467,0
1798.1,0.02009,3.40351,7.54467,0
1798.2,0.02009,3.40351,7.54467,0
1798.3,0.02009,3.40351,7.54467,0
1798.4,0.02009,3.40351,7.54467,0
1798.5,0.02009,3.40351,7.54468,0
1798.6,0.02009,3.40351,7.54468,0
1798.7,0.02009,3.40351,7.54468,0
1798.8,0.02009,3.40351,7.54468,0
1798.9,0.02009,3.40351,7.54468,0
1799,0.02009,3.40351,7.54468,0
1799.1,0.02009,3.40351,7.54468,0
1799.2,0.02009,3.40351,7.54468,0
1799.3,0.02009,3.40351,7.54468,0
1799.4,0.02009,3.40351,7.54468,0
1799.5,0.02008,3.40351,7.54468,0
1799.6,0.02008,3.40351,7.54468,0
1799.7,0.02008,3.40351,7.54468,0
1799.8,0.02008,3.40351,7.54468,0
1799.9,0.02008,3.40351,7.54468,0
1800,0.02008,3.40351,7.54468,0
