Time (s),HB (mM),Glu (mM),pH,label
0.1,0.04942,3.82568,7.53886,2
0.2,0.04942,3.82571,7.53886,2
0.3,0.04942,3.82573,7.53886,2
0.4,0.04943,3.82576,7.53886,2
0.5,0.04943,3.82579,7.53886,2
0.6,0.04943,3.82581,7.53886,2
0.7,0.04944,3.82584,7.53885,2
0.8,0.04944,3.82587,7.53885,2
0.9,0.04944,3.82589,7.53885,2
1,0.04945,3.82592,7.53885,2
1.1,0.04945,3.82595,7.53885,2
1.2,0.04945,3.82598,7.53885,2
1.3,0.04946,3.82601,7.53885,2
1.4,0.04946,3.82604,7.53885,2
1.5,0.04946,3.82608,7.53885,2
1.6,0.04947,3.82611,7.53885,2
1.7,0.04947,3.82614,7.53885,2
1.8,0.04947,3.82617,7.53885,2
1.9,0.04948,3.8262,7.53885,2
2,0.04948,3.82622,7.53885,2
2.1,0.04948,3.82626,7.53885,2
2.2,0.04949,3.82628,7.53885,2
2.3,0.04949,3.82631,7.53885,2
2.4,0.04949,3.82634,7.53885,2
2.5,0.0495,3.82637,7.53885,2
2.6,0.0495,3.8264,7.53885,2
2.7,0.0495,3.82643,7.53885,2
2.8,0.04951,3.82646,7.53885,2
2.9,0.04951,3.82649,7.53884,2
3,0.04951,3.82652,7.53884,2
3.1,0.04952,3.82655,7.53884,2
3.2,0.04952,3.82658,7.53884,2
3.3,0.04952,3.82661,7.53884,2
3.4,0.04953,3.82665,7.53884,2
3.5,0.04953,3.82668,7.53884,2
3.6,0.04953,3.82671,7.53884,2
3.7,0.04954,3.82675,7.53885,2
3.8,0.04954,3.82678,7.53885,2
3.9,0.04954,3.82682,7.53885,2
4,0.04955,3.82685,7.53885,2
4.1,0.04955,3.82689,7.53885,2
4.2,0.04955,3.82692,7.53885,2
4.3,0.04955,3.82696,7.53886,2
4.4,0.04956,3.82699,7.53886,2
4.5,0.04956,3.82702,7.53886,2
4.6,0.04956,3.82706,7.53886,2
4.7,0.04957,3.82709,7.53886,2
4.8,0.04957,3.82713,7.53886,2
4.9,0.04957,3.82716,7.53886,2
5,0.04958,3.82719,7.53886,2
5.1,0.04958,3.82723,7.53886,2
5.2,0.04958,3.82726,7.53886,2
5.3,0.04959,3.8273,7.53886,2
5.4,0.04959,3.82733,7.53886,2
5.5,0.04959,3.82737,7.53886,2
5.6,0.0496,3.8274,7.53887,2
5.7,0.0496,3.82744,7.53887,2
5.8,0.0496,3.82748,7.53887,2
5.9,0.04961,3.82751,7.53887,2
6,0.04961,3.82755,7.53887,2
6.1,0.04961,3.82759,7.53887,2
6.2,0.04962,3.82763,7.53887,2
6.3,0.04962,3.82766,7.53887,2
6.4,0.04962,3.8277,7.53887,2
6.5,0.04963,3.82774,7.53887,2
6.6,0.04963,3.82778,7.53887,2
6.7,0.04963,3.82782,7.53887,2
6.8,0.04964,3.82786,7.53887,2
6.9,0.04964,3.8279,7.53887,2
7,0.04964,3.82795,7.53887,2
7.1,0.04965,3.82799,7.53887,2
7.2,0.04965,3.82803,7.53887,2
7.3,0.04965,3.82807,7.53887,2
7.4,0.04966,3.82812,7.53887,2
7.5,0.04966,3.82816,7.53887,2
7.6,0.04966,3.8282,7.53887,2
7.7,0.04967,3.82825,7.53887,2
7.8,0.04967,3.82829,7.53887,2
7.9,0.04967,3.82834,7.53887,2
8,0.04967,3.82838,7.53887,2
8.1,0.04968,3.82842,7.53887,2
8.2,0.04968,3.82847,7.53887,2
8.3,0.04968,3.82851,7.53887,2
8.4,0.04969,3.82856,7.53888,2
8.5,0.04969,3.8286,7.53888,2
8.6,0.04969,3.82865,7.53888,2
8.7,0.0497,3.8287,7.53888,2
8.8,0.0497,3.82874,7.53888,2
8.9,0.0497,3.82879,7.53888,2
9,0.04971,3.82883,7.53888,2
9.1,0.04971,3.82887,7.53888,2
9.2,0.04971,3.82892,7.53888,2
9.3,0.04972,3.82896,7.53888,2
9.4,0.04972,3.82901,7.53888,2
9.5,0.04972,3.82905,7.53888,2
9.6,0.04972,3.8291,7.53888,2
9.7,0.04973,3.82914,7.53888,2
9.8,0.04973,3.82918,7.53888,2
9.9,0.04973,3.82923,7.53888,2
10,0.04974,3.82927,7.53888,2
10.1,0.04974,3.82932,7.53888,2
10.2,0.04974,3.82936,7.53888,2
10.3,0.04975,3.82941,7.53888,2
10.4,0.04975,3.82945,7.53888,2
10.5,0.04975,3.8295,7.53888,2
10.6,0.04975,3.82954,7.53888,2
10.7,0.04976,3.82959,7.53888,2
10.8,0.04976,3.82964,7.53888,2
10.9,0.04976,3.82968,7.53888,2
11,0.04977,3.82973,7.53888,2
11.1,0.04977,3.82978,7.53888,2
11.2,0.04977,3.82982,7.53888,2
11.3,0.04978,3.82987,7.53888,2
11.4,0.04978,3.82992,7.53888,2
11.5,0.04978,3.82997,7.53888,2
11.6,0.04978,3.83002,7.53888,2
11.7,0.04979,3.83007,7.53888,2
11.8,0.04979,3.83011,7.53888,2
11.9,0.04979,3.83016,7.53888,2
12,0.0498,3.83021,7.53888,2
12.1,0.0498,3.83026,7.53889,2
12.2,0.0498,3.83031,7.53889,2
12.3,0.0498,3.83036,7.53889,2
12.4,0.04981,3.83041,7.53889,2
12.5,0.04981,3.83046,7.53889,2
12.6,0.04981,3.83051,7.53889,2
12.7,0.04982,3.83056,7.53889,2
12.8,0.04982,3.83061,7.53889,2
12.9,0.04982,3.83066,7.53889,2
13,0.04982,3.83071,7.53889,2
13.1,0.04983,3.83076,7.53889,2
13.2,0.04983,3.83081,7.53889,2
13.3,0.04983,3.83086,7.53889,2
13.4,0.04984,3.83092,7.53889,2
13.5,0.04984,3.83097,7.53889,2
13.6,0.04984,3.83102,7.53889,2
13.7,0.04985,3.83108,7.53889,2
13.8,0.04985,3.83113,7.53889,2
13.9,0.04985,3.83118,7.53889,2
14,0.04985,3.83124,7.53889,2
14.1,0.04986,3.83129,7.53889,2
14.2,0.04986,3.83135,7.53889,2
14.3,0.04986,3.8314,7.53889,2
14.4,0.04987,3.83145,7.53889,2
14.5,0.04987,3.83151,7.53889,2
14.6,0.04987,3.83156,7.53889,2
14.7,0.04987,3.83162,7.53889,2
14.8,0.04988,3.83167,7.53889,2
14.9,0.04988,3.83173,7.53889,2
15,0.04988,3.83178,7.53889,2
15.1,0.04989,3.83183,7.53889,2
15.2,0.04989,3.83189,7.53889,2
15.3,0.04989,3.83194,7.53889,2
15.4,0.04989,3.832,7.53889,2
15.5,0.0499,3.83205,7.53889,2
15.6,0.0499,3.8321,7.53889,2
15.7,0.0499,3.83216,7.53889,2
15.8,0.04991,3.83222,7.53889,2
15.9,0.04991,3.83227,7.53889,2
16,0.04991,3.83233,7.5389,2
16.1,0.04991,3.83239,7.5389,2
16.2,0.04992,3.83245,7.5389,2
16.3,0.04992,3.8325,7.5389,2
16.4,0.04992,3.83256,7.5389,2
16.5,0.04993,3.83262,7.5389,2
16.6,0.04993,3.83268,7.5389,2
16.7,0.04993,3.83274,7.5389,2
16.8,0.04993,3.8328,7.5389,2
16.9,0.04994,3.83286,7.5389,2
17,0.04994,3.83291,7.5389,2
17.1,0.04994,3.83297,7.5389,2
17.2,0.04994,3.83303,7.5389,2
17.3,0.04995,3.83309,7.5389,2
17.4,0.04995,3.83315,7.5389,2
17.5,0.04995,3.83322,7.5389,2
17.6,0.04996,3.83328,7.5389,2
17.7,0.04996,3.83334,7.5389,2
17.8,0.04996,3.8334,7.5389,2
17.9,0.04996,3.83346,7.5389,2
18,0.04997,3.83352,7.5389,2
18.1,0.04997,3.83359,7.5389,2
18.2,0.04997,3.83365,7.5389,2
18.3,0.04997,3.83371,7.5389,2
18.4,0.04998,3.83377,7.5389,2
18.5,0.04998,3.83384,7.5389,2
18.6,0.04998,3.8339,7.5389,2
18.7,0.04998,3.83396,7.5389,2
18.8,0.04999,3.83403,7.5389,2
18.9,0.04999,3.83409,7.5389,2
19,0.04999,3.83415,7.5389,2
19.1,0.04999,3.83422,7.5389,2
19.2,0.05,3.83428,7.5389,2
19.3,0.05,3.83435,7.5389,2
19.4,0.05,3.83441,7.5389,2
19.5,0.05,3.83447,7.5389,2
19.6,0.05001,3.83454,7.5389,2
19.7,0.05001,3.8346,7.5389,2
19.8,0.05001,3.83467,7.5389,2
19.9,0.05001,3.83473,7.5389,2
20,0.05002,3.8348,7.5389,2
20.1,0.05002,3.83486,7.5389,2
20.2,0.05002,3.83493,7.5389,2
20.3,0.05002,3.83499,7.5389,2
20.4,0.05003,3.83506,7.5389,2
20.5,0.05003,3.83513,7.5389,2
20.6,0.05003,3.83519,7.5389,2
20.7,0.05003,3.83526,7.5389,2
20.8,0.05004,3.83532,7.5389,2
20.9,0.05004,3.83539,7.5389,2
21,0.05004,3.83545,7.5389,2
21.1,0.05005,3.83552,7.5389,2
21.2,0.05005,3.83559,7.5389,2
21.3,0.05005,3.83566,7.5389,2
21.4,0.05005,3.83573,7.5389,2
21.5,0.05006,3.83579,7.5389,2
21.6,0.05006,3.83586,7.5389,2
21.7,0.05006,3.83593,7.5389,2
21.8,0.05006,3.836,7.5389,2
21.9,0.05007,3.83607,7.5389,2
22,0.05007,3.83614,7.5389,2
22.1,0.05007,3.83621,7.5389,2
22.2,0.05007,3.83628,7.53889,2
22.3,0.05008,3.83635,7.53889,2
22.4,0.05008,3.83642,7.53889,2
22.5,0.05008,3.83649,7.53889,2
22.6,0.05008,3.83656,7.53889,2
22.7,0.05009,3.83663,7.53889,2
22.8,0.05009,3.8367,7.53889,2
22.9,0.05009,3.83677,7.53889,2
23,0.05009,3.83684,7.53889,2
23.1,0.0501,3.83691,7.53889,2
23.2,0.0501,3.83698,7.53889,2
23.3,0.0501,3.83705,7.53889,2
23.4,0.0501,3.83712,7.53889,2
23.5,0.05011,3.83719,7.53889,2
23.6,0.05011,3.83727,7.53889,2
23.7,0.05011,3.83734,7.53889,2
23.8,0.05011,3.83741,7.53889,2
23.9,0.05012,3.83748,7.53889,2
24,0.05012,3.83756,7.53889,2
24.1,0.05012,3.83763,7.53889,2
24.2,0.05012,3.83771,7.53889,2
24.3,0.05013,3.83778,7.53889,2
24.4,0.05013,3.83785,7.53889,2
24.5,0.05013,3.83793,7.53889,2
24.6,0.05013,3.838,7.53889,2
24.7,0.05014,3.83807,7.53889,2
24.8,0.05014,3.83814,7.53889,2
24.9,0.05014,3.83822,7.53889,2
25,0.05014,3.83829,7.53889,2
25.1,0.05014,3.83837,7.53889,2
25.2,0.05015,3.83844,7.53889,2
25.3,0.05015,3.83851,7.53889,2
25.4,0.05015,3.83859,7.53889,2
25.5,0.05015,3.83866,7.53889,2
25.6,0.05016,3.83874,7.53889,2
25.7,0.05016,3.83881,7.53889,2
25.8,0.05016,3.83889,7.53889,2
25.9,0.05016,3.83896,7.53889,2
26,0.05017,3.83904,7.53888,2
26.1,0.05017,3.83911,7.53888,2
26.2,0.05017,3.83919,7.53888,2
26.3,0.05017,3.83926,7.53888,2
26.4,0.05018,3.83934,7.53888,2
26.5,0.05018,3.83942,7.53888,2
26.6,0.05018,3.83949,7.53888,2
26.7,0.05018,3.83957,7.53888,2
26.8,0.05019,3.83964,7.53888,2
26.9,0.05019,3.83972,7.53888,2
27,0.05019,3.8398,7.53888,2
27.1,0.05019,3.83988,7.53888,2
27.2,0.0502,3.83996,7.53888,2
27.3,0.0502,3.84003,7.53888,2
27.4,0.0502,3.84011,7.53888,2
27.5,0.0502,3.84019,7.53888,2
27.6,0.0502,3.84027,7.53888,2
27.7,0.05021,3.84034,7.53888,2
27.8,0.05021,3.84042,7.53888,2
27.9,0.05021,3.8405,7.53888,2
28,0.05021,3.84058,7.53888,2
28.1,0.05022,3.84066,7.53887,2
28.2,0.05022,3.84073,7.53887,2
28.3,0.05022,3.84081,7.53887,2
28.4,0.05022,3.84089,7.53887,2
28.5,0.05023,3.84097,7.53887,2
28.6,0.05023,3.84105,7.53887,2
28.7,0.05023,3.84112,7.53887,2
28.8,0.05023,3.8412,7.53887,2
28.9,0.05024,3.84128,7.53887,2
29,0.05024,3.84136,7.53887,2
29.1,0.05024,3.84144,7.53887,2
29.2,0.05024,3.84152,7.53887,2
29.3,0.05024,3.84159,7.53887,2
29.4,0.05025,3.84167,7.53887,2
29.5,0.05025,3.84175,7.53887,2
29.6,0.05025,3.84183,7.53887,2
29.7,0.05025,3.8419,7.53887,2
29.8,0.05026,3.84198,7.53887,2
29.9,0.05026,3.84206,7.53886,2
30,0.05026,3.84214,7.53886,2
30.1,0.05026,3.84221,7.53886,2
30.2,0.05026,3.84229,7.53886,2
30.3,0.05027,3.84237,7.53886,2
30.4,0.05027,3.84245,7.53886,2
30.5,0.05027,3.84252,7.53886,2
30.6,0.05027,3.8426,7.53886,2
30.7,0.05028,3.84268,7.53886,2
30.8,0.05028,3.84276,7.53887,2
30.9,0.05028,3.84284,7.53887,2
31,0.05028,3.84292,7.53887,2
31.1,0.05029,3.843,7.53887,2
31.2,0.05029,3.84307,7.53887,2
31.3,0.05029,3.84315,7.53887,2
31.4,0.05029,3.84323,7.53888,2
31.5,0.05029,3.84331,7.53888,2
31.6,0.0503,3.84339,7.53888,2
31.7,0.0503,3.84347,7.53888,2
31.8,0.0503,3.84355,7.53888,2
31.9,0.0503,3.84363,7.53888,2
32,0.05031,3.84371,7.53888,2
32.1,0.05031,3.84379,7.53888,2
32.2,0.05031,3.84387,7.53888,2
32.3,0.05031,3.84396,7.53889,2
32.4,0.05031,3.84404,7.53889,2
32.5,0.05032,3.84412,7.53889,2
32.6,0.05032,3.8442,7.53889,2
32.7,0.05032,3.84428,7.53889,2
32.8,0.05032,3.84436,7.53889,2
32.9,0.05033,3.84444,7.53889,2
33,0.05033,3.84453,7.53889,2
33.1,0.05033,3.84461,7.53889,2
33.2,0.05033,3.84469,7.53889,2
33.3,0.05033,3.84477,7.53889,2
33.4,0.05034,3.84485,7.5389,2
33.5,0.05034,3.84493,7.5389,2
33.6,0.05034,3.84501,7.5389,2
33.7,0.05034,3.8451,7.5389,2
33.8,0.05034,3.84518,7.5389,2
33.9,0.05035,3.84526,7.5389,2
34,0.05035,3.84534,7.5389,2
34.1,0.05035,3.84542,7.5389,2
34.2,0.05035,3.84551,7.5389,2
34.3,0.05035,3.84559,7.5389,2
34.4,0.05036,3.84567,7.5389,2
34.5,0.05036,3.84575,7.5389,2
34.6,0.05036,3.84583,7.5389,2
34.7,0.05036,3.84591,7.53891,2
34.8,0.05037,3.846,7.53891,2
34.9,0.05037,3.84608,7.53891,2
35,0.05037,3.84616,7.53891,2
35.1,0.05037,3.84624,7.53891,2
35.2,0.05037,3.84632,7.53891,2
35.3,0.05038,3.8464,7.53891,2
35.4,0.05038,3.84648,7.53891,2
35.5,0.05038,3.84656,7.53891,2
35.6,0.05038,3.84664,7.53891,2
35.7,0.05038,3.84672,7.53891,2
35.8,0.05038,3.8468,7.53891,2
35.9,0.05039,3.84688,7.53891,2
36,0.05039,3.84696,7.53891,2
36.1,0.05039,3.84704,7.53891,2
36.2,0.05039,3.84712,7.53891,2
36.3,0.05039,3.8472,7.53892,2
36.4,0.0504,3.84728,7.53892,2
36.5,0.0504,3.84736,7.53892,2
36.6,0.0504,3.84744,7.53892,2
36.7,0.0504,3.84752,7.53892,2
36.8,0.0504,3.8476,7.53892,2
36.9,0.05041,3.84768,7.53892,2
37,0.05041,3.84776,7.53892,2
37.1,0.05041,3.84784,7.53892,2
37.2,0.05041,3.84792,7.53892,2
37.3,0.05041,3.848,7.53892,2
37.4,0.05041,3.84808,7.53892,2
37.5,0.05042,3.84815,7.53892,2
37.6,0.05042,3.84823,7.53892,2
37.7,0.05042,3.84831,7.53892,2
37.8,0.05042,3.84839,7.53892,2
37.9,0.05042,3.84847,7.53893,2
38,0.05042,3.84854,7.53893,2
38.1,0.05043,3.84862,7.53893,2
38.2,0.05043,3.8487,7.53893,2
38.3,0.05043,3.84878,7.53893,2
38.4,0.05043,3.84886,7.53893,2
38.5,0.05043,3.84893,7.53893,2
38.6,0.05043,3.84901,7.53893,2
38.7,0.05044,3.84908,7.53893,2
38.8,0.05044,3.84916,7.53893,2
38.9,0.05044,3.84923,7.53893,2
39,0.05044,3.84931,7.53893,2
39.1,0.05044,3.84938,7.53893,2
39.2,0.05044,3.84946,7.53893,2
39.3,0.05045,3.84954,7.53893,2
39.4,0.05045,3.84961,7.53893,2
39.5,0.05045,3.84969,7.53893,2
39.6,0.05045,3.84976,7.53893,2
39.7,0.05045,3.84984,7.53893,2
39.8,0.05045,3.84991,7.53893,2
39.9,0.05046,3.84999,7.53893,2
40,0.05046,3.85007,7.53893,2
40.1,0.05046,3.85014,7.53893,2
40.2,0.05046,3.85022,7.53893,2
40.3,0.05046,3.8503,7.53893,2
40.4,0.05046,3.85038,7.53893,2
40.5,0.05047,3.85046,7.53893,2
40.6,0.05047,3.85054,7.53893,2
40.7,0.05047,3.85061,7.53894,2
40.8,0.05047,3.85069,7.53894,2
40.9,0.05047,3.85077,7.53894,2
41,0.05047,3.85085,7.53894,2
41.1,0.05048,3.85093,7.53894,2
41.2,0.05048,3.85101,7.53894,2
41.3,0.05048,3.85108,7.53894,2
41.4,0.05048,3.85116,7.53894,2
41.5,0.05048,3.85124,7.53894,2
41.6,0.05048,3.85132,7.53894,2
41.7,0.05049,3.8514,7.53894,2
41.8,0.05049,3.85148,7.53894,2
41.9,0.05049,3.85155,7.53894,2
42,0.05049,3.85163,7.53894,2
42.1,0.05049,3.85171,7.53894,2
42.2,0.05049,3.85179,7.53894,2
42.3,0.05049,3.85186,7.53894,2
42.4,0.0505,3.85194,7.53894,2
42.5,0.0505,3.85201,7.53894,2
42.6,0.0505,3.85209,7.53894,2
42.7,0.0505,3.85217,7.53894,2
42.8,0.0505,3.85225,7.53894,2
42.9,0.0505,3.85232,7.53894,2
43,0.0505,3.8524,7.53894,2
43.1,0.05051,3.85248,7.53894,2
43.2,0.05051,3.85255,7.53894,2
43.3,0.05051,3.85263,7.53894,2
43.4,0.05051,3.85271,7.53894,2
43.5,0.05051,3.85278,7.53894,2
43.6,0.05051,3.85286,7.53894,2
43.7,0.05052,3.85293,7.53894,2
43.8,0.05052,3.85301,7.53894,2
43.9,0.05052,3.85309,7.53894,2
44,0.05052,3.85317,7.53894,2
44.1,0.05052,3.85325,7.53894,2
44.2,0.05052,3.85333,7.53894,2
44.3,0.05052,3.85341,7.53894,2
44.4,0.05053,3.85348,7.53894,2
44.5,0.05053,3.85356,7.53894,2
44.6,0.05053,3.85364,7.53894,2
44.7,0.05053,3.85372,7.53894,2
44.8,0.05053,3.85379,7.53894,2
44.9,0.05053,3.85387,7.53894,2
45,0.05053,3.85395,7.53894,2
45.1,0.05054,3.85403,7.53894,2
45.2,0.05054,3.8541,7.53894,2
45.3,0.05054,3.85418,7.53894,2
45.4,0.05054,3.85426,7.53894,2
45.5,0.05054,3.85433,7.53894,2
45.6,0.05054,3.85441,7.53894,2
45.7,0.05054,3.85449,7.53894,2
45.8,0.05055,3.85456,7.53894,2
45.9,0.05055,3.85464,7.53894,2
46,0.05055,3.85472,7.53894,2
46.1,0.05055,3.85479,7.53894,2
46.2,0.05055,3.85487,7.53895,2
46.3,0.05055,3.85495,7.53895,2
46.4,0.05055,3.85502,7.53895,2
46.5,0.05055,3.8551,7.53895,2
46.6,0.05056,3.85517,7.53895,2
46.7,0.05056,3.85525,7.53895,2
46.8,0.05056,3.85533,7.53895,2
46.9,0.05056,3.8554,7.53895,2
47,0.05056,3.85548,7.53895,2
47.1,0.05056,3.85555,7.53895,2
47.2,0.05056,3.85563,7.53895,2
47.3,0.05057,3.8557,7.53895,2
47.4,0.05057,3.85577,7.53895,2
47.5,0.05057,3.85585,7.53895,2
47.6,0.05057,3.85592,7.53895,2
47.7,0.05057,3.856,7.53895,2
47.8,0.05057,3.85607,7.53895,2
47.9,0.05057,3.85614,7.53895,2
48,0.05057,3.85622,7.53895,2
48.1,0.05058,3.85629,7.53895,2
48.2,0.05058,3.85636,7.53895,2
48.3,0.05058,3.85644,7.53895,2
48.4,0.05058,3.85651,7.53895,2
48.5,0.05058,3.85658,7.53895,2
48.6,0.05058,3.85666,7.53895,2
48.7,0.05058,3.85673,7.53895,2
48.8,0.05058,3.8568,7.53895,2
48.9,0.05059,3.85687,7.53895,2
49,0.05059,3.85695,7.53895,2
49.1,0.05059,3.85702,7.53895,2
49.2,0.05059,3.85709,7.53895,2
49.3,0.05059,3.85716,7.53895,2
49.4,0.05059,3.85723,7.53895,2
49.5,0.05059,3.85731,7.53895,2
49.6,0.05059,3.85738,7.53895,2
49.7,0.0506,3.85745,7.53895,2
49.8,0.0506,3.85752,7.53895,2
49.9,0.0506,3.85759,7.53895,2
50,0.0506,3.85766,7.53895,2
50.1,0.0506,3.85773,7.53895,2
50.2,0.0506,3.8578,7.53895,2
50.3,0.0506,3.85787,7.53895,2
50.4,0.0506,3.85794,7.53895,2
50.5,0.05061,3.85801,7.53895,2
50.6,0.05061,3.85807,7.53895,2
50.7,0.05061,3.85814,7.53895,2
50.8,0.05061,3.85821,7.53895,2
50.9,0.05061,3.85828,7.53895,2
51,0.05061,3.85836,7.53895,2
51.1,0.05061,3.85843,7.53895,2
51.2,0.05061,3.8585,7.53895,2
51.3,0.05061,3.85857,7.53895,2
51.4,0.05062,3.85864,7.53895,2
51.5,0.05062,3.85871,7.53896,2
51.6,0.05062,3.85878,7.53896,2
51.7,0.05062,3.85885,7.53896,2
51.8,0.05062,3.85891,7.53896,2
51.9,0.05062,3.85898,7.53896,2
52,0.05062,3.85905,7.53896,2
52.1,0.05062,3.85912,7.53896,2
52.2,0.05062,3.85919,7.53896,2
52.3,0.05062,3.85926,7.53896,2
52.4,0.05062,3.85932,7.53896,2
52.5,0.05063,3.85939,7.53896,2
52.6,0.05063,3.85946,7.53896,2
52.7,0.05063,3.85952,7.53896,2
52.8,0.05063,3.85959,7.53896,2
52.9,0.05063,3.85966,7.53896,2
53,0.05063,3.85972,7.53896,2
53.1,0.05063,3.85979,7.53896,2
53.2,0.05063,3.85986,7.53896,2
53.3,0.05063,3.85992,7.53896,2
53.4,0.05063,3.85999,7.53896,2
53.5,0.05063,3.86005,7.53896,2
53.6,0.05064,3.86012,7.53896,2
53.7,0.05064,3.86018,7.53896,2
53.8,0.05064,3.86025,7.53896,2
53.9,0.05064,3.86031,7.53896,2
54,0.05064,3.86038,7.53896,2
54.1,0.05064,3.86044,7.53896,2
54.2,0.05064,3.8605,7.53896,2
54.3,0.05064,3.86057,7.53896,2
54.4,0.05064,3.86063,7.53896,2
54.5,0.05064,3.8607,7.53896,2
54.6,0.05064,3.86076,7.53896,2
54.7,0.05064,3.86082,7.53896,2
54.8,0.05065,3.86089,7.53896,2
54.9,0.05065,3.86095,7.53896,2
55,0.05065,3.86101,7.53896,2
55.1,0.05065,3.86107,7.53896,2
55.2,0.05065,3.86113,7.53896,2
55.3,0.05065,3.86119,7.53896,2
55.4,0.05065,3.86125,7.53896,2
55.5,0.05065,3.86131,7.53896,2
55.6,0.05065,3.86137,7.53896,2
55.7,0.05065,3.86143,7.53896,2
55.8,0.05065,3.86149,7.53896,2
55.9,0.05066,3.86155,7.53896,2
56,0.05066,3.86162,7.53896,2
56.1,0.05066,3.86167,7.53896,2
56.2,0.05066,3.86173,7.53896,2
56.3,0.05066,3.86179,7.53896,2
56.4,0.05066,3.86185,7.53896,2
56.5,0.05066,3.86191,7.53896,2
56.6,0.05066,3.86197,7.53897,2
56.7,0.05066,3.86203,7.53897,2
56.8,0.05066,3.86208,7.53897,2
56.9,0.05066,3.86214,7.53897,2
57,0.05066,3.8622,7.53897,2
57.1,0.05067,3.86226,7.53897,2
57.2,0.05067,3.86231,7.53897,2
57.3,0.05067,3.86237,7.53897,2
57.4,0.05067,3.86243,7.53897,2
57.5,0.05067,3.86249,7.53897,2
57.6,0.05067,3.86254,7.53897,2
57.7,0.05067,3.8626,7.53897,2
57.8,0.05067,3.86266,7.53897,2
57.9,0.05067,3.86272,7.53897,2
58,0.05067,3.86277,7.53897,2
58.1,0.05067,3.86283,7.53897,2
58.2,0.05067,3.86289,7.53897,2
58.3,0.05068,3.86294,7.53897,2
58.4,0.05068,3.863,7.53897,2
58.5,0.05068,3.86306,7.53897,2
58.6,0.05068,3.86311,7.53897,2
58.7,0.05068,3.86317,7.53897,2
58.8,0.05068,3.86323,7.53897,2
58.9,0.05068,3.86328,7.53897,2
59,0.05068,3.86334,7.53897,2
59.1,0.05068,3.8634,7.53897,2
59.2,0.05068,3.86345,7.53897,2
59.3,0.05068,3.86351,7.53897,2
59.4,0.05068,3.86356,7.53897,2
59.5,0.05069,3.86362,7.53897,2
59.6,0.05069,3.86368,7.53897,2
59.7,0.05069,3.86373,7.53897,2
59.8,0.05069,3.86379,7.53897,2
59.9,0.05069,3.86384,7.53897,2
60,0.05069,3.8639,7.53897,2
60.1,0.05069,3.86395,7.53897,2
60.2,0.05069,3.86401,7.53897,2
60.3,0.05069,3.86406,7.53897,2
60.4,0.05069,3.86412,7.53897,2
60.5,0.05069,3.86417,7.53897,2
60.6,0.05069,3.86423,7.53897,2
60.7,0.0507,3.86428,7.53897,2
60.8,0.0507,3.86433,7.53897,2
60.9,0.0507,3.86439,7.53897,2
61,0.0507,3.86444,7.53897,2
61.1,0.0507,3.86449,7.53897,2
61.2,0.0507,3.86455,7.53897,2
61.3,0.0507,3.8646,7.53897,2
61.4,0.0507,3.86465,7.53897,2
61.5,0.0507,3.8647,7.53897,2
61.6,0.0507,3.86476,7.53897,2
61.7,0.0507,3.86481,7.53897,2
61.8,0.05071,3.86486,7.53897,2
61.9,0.05071,3.86491,7.53897,2
62,0.05071,3.86497,7.53897,2
62.1,0.05071,3.86502,7.53897,2
62.2,0.05071,3.86507,7.53897,2
62.3,0.05071,3.86512,7.53897,2
62.4,0.05071,3.86517,7.53897,2
62.5,0.05071,3.86523,7.53897,2
62.6,0.05071,3.86528,7.53897,2
62.7,0.05071,3.86533,7.53897,2
62.8,0.05072,3.86538,7.53897,2
62.9,0.05072,3.86543,7.53897,2
63,0.05072,3.86549,7.53897,2
63.1,0.05072,3.86554,7.53897,2
63.2,0.05072,3.86559,7.53897,2
63.3,0.05072,3.86564,7.53897,2
63.4,0.05072,3.8657,7.53897,2
63.5,0.05072,3.86575,7.53897,2
63.6,0.05072,3.8658,7.53897,2
63.7,0.05072,3.86585,7.53897,2
63.8,0.05072,3.8659,7.53898,2
63.9,0.05073,3.86595,7.53898,2
64,0.05073,3.866,7.53898,2
64.1,0.05073,3.86605,7.53898,2
64.2,0.05073,3.8661,7.53898,2
64.3,0.05073,3.86615,7.53898,2
64.4,0.05073,3.8662,7.53898,2
64.5,0.05073,3.86625,7.53898,2
64.6,0.05073,3.8663,7.53898,2
64.7,0.05073,3.86636,7.53898,2
64.8,0.05074,3.86641,7.53898,2
64.9,0.05074,3.86646,7.53898,2
65,0.05074,3.86651,7.53898,2
65.1,0.05074,3.86656,7.53898,2
65.2,0.05074,3.86661,7.53898,2
65.3,0.05074,3.86666,7.53898,2
65.4,0.05074,3.86672,7.53898,2
65.5,0.05074,3.86677,7.53898,2
65.6,0.05074,3.86682,7.53898,2
65.7,0.05074,3.86687,7.53898,2
65.8,0.05075,3.86692,7.53898,2
65.9,0.05075,3.86696,7.53898,2
66,0.05075,3.86701,7.53898,2
66.1,0.05075,3.86706,7.53898,2
66.2,0.05075,3.8671,7.53898,2
66.3,0.05075,3.86715,7.53898,2
66.4,0.05075,3.8672,7.53898,2
66.5,0.05075,3.86724,7.53898,2
66.6,0.05075,3.86729,7.53898,2
66.7,0.05076,3.86734,7.53898,2
66.8,0.05076,3.86738,7.53898,2
66.9,0.05076,3.86743,7.53898,2
67,0.05076,3.86747,7.53898,2
67.1,0.05076,3.86752,7.53898,2
67.2,0.05076,3.86756,7.53898,2
67.3,0.05076,3.86761,7.53898,2
67.4,0.05076,3.86765,7.53898,2
67.5,0.05076,3.8677,7.53898,2
67.6,0.05076,3.86774,7.53898,2
67.7,0.05077,3.86779,7.53898,2
67.8,0.05077,3.86783,7.53898,2
67.9,0.05077,3.86787,7.53898,2
68,0.05077,3.86792,7.53898,2
68.1,0.05077,3.86796,7.53898,2
68.2,0.05077,3.86801,7.53898,2
68.3,0.05077,3.86805,7.53898,2
68.4,0.05077,3.86809,7.53898,2
68.5,0.05077,3.86814,7.53898,2
68.6,0.05078,3.86818,7.53898,2
68.7,0.05078,3.86822,7.53898,2
68.8,0.05078,3.86826,7.53898,2
68.9,0.05078,3.8683,7.53899,2
69,0.05078,3.86834,7.53899,2
69.1,0.05078,3.86839,7.53899,2
69.2,0.05078,3.86843,7.53899,2
69.3,0.05078,3.86847,7.53899,2
69.4,0.05078,3.86851,7.53899,2
69.5,0.05079,3.86855,7.53899,2
69.6,0.05079,3.86859,7.53899,2
69.7,0.05079,3.86863,7.53899,2
69.8,0.05079,3.86867,7.53899,2
69.9,0.05079,3.86871,7.53899,2
70,0.05079,3.86875,7.53899,2
70.1,0.05079,3.86879,7.53899,2
70.2,0.05079,3.86883,7.53899,2
70.3,0.05079,3.86887,7.53899,2
70.4,0.0508,3.86891,7.53899,2
70.5,0.0508,3.86895,7.53899,2
70.6,0.0508,3.86899,7.53899,2
70.7,0.0508,3.86903,7.53899,2
70.8,0.0508,3.86907,7.53899,2
70.9,0.0508,3.86911,7.53899,2
71,0.0508,3.86915,7.53899,2
71.1,0.0508,3.86919,7.53899,2
71.2,0.05081,3.86923,7.53899,2
71.3,0.05081,3.86926,7.53899,2
71.4,0.05081,3.8693,7.53899,2
71.5,0.05081,3.86934,7.53899,2
71.6,0.05081,3.86938,7.53899,2
71.7,0.05081,3.86942,7.53899,2
71.8,0.05081,3.86946,7.53899,2
71.9,0.05081,3.86949,7.53899,2
72,0.05081,3.86953,7.53899,2
72.1,0.05082,3.86957,7.53899,2
72.2,0.05082,3.86961,7.53899,2
72.3,0.05082,3.86964,7.53899,2
72.4,0.05082,3.86968,7.53899,2
72.5,0.05082,3.86972,7.53899,2
72.6,0.05082,3.86975,7.53899,2
72.7,0.05082,3.86979,7.53899,2
72.8,0.05082,3.86983,7.53899,2
72.9,0.05083,3.86987,7.53899,2
73,0.05083,3.8699,7.53899,2
73.1,0.05083,3.86994,7.53899,2
73.2,0.05083,3.86998,7.53899,2
73.3,0.05083,3.87002,7.53899,2
73.4,0.05083,3.87005,7.53899,2
73.5,0.05083,3.87009,7.53899,2
73.6,0.05083,3.87013,7.53899,2
73.7,0.05084,3.87016,7.53899,2
73.8,0.05084,3.8702,7.53899,2
73.9,0.05084,3.87024,7.53899,2
74,0.05084,3.87027,7.53899,2
74.1,0.05084,3.87031,7.53899,2
74.2,0.05084,3.87035,7.53899,2
74.3,0.05084,3.87039,7.53899,2
74.4,0.05084,3.87042,7.53899,2
74.5,0.05085,3.87046,7.53899,2
74.6,0.05085,3.8705,7.53899,2
74.7,0.05085,3.87053,7.53899,2
74.8,0.05085,3.87056,7.53899,2
74.9,0.05085,3.8706,7.53899,2
75,0.05085,3.87063,7.53899,2
75.1,0.05085,3.87066,7.53899,2
75.2,0.05085,3.8707,7.53899,2
75.3,0.05085,3.87073,7.53899,2
75.4,0.05086,3.87076,7.53899,2
75.5,0.05086,3.87079,7.53899,2
75.6,0.05086,3.87083,7.53899,2
75.7,0.05086,3.87086,7.53899,2
75.8,0.05086,3.87089,7.53899,2
75.9,0.05086,3.87092,7.53899,2
76,0.05086,3.87095,7.53899,2
76.1,0.05086,3.87098,7.53899,2
76.2,0.05087,3.87101,7.53899,2
76.3,0.05087,3.87104,7.53899,2
76.4,0.05087,3.87107,7.53899,2
76.5,0.05087,3.8711,7.53899,2
76.6,0.05087,3.87113,7.53899,2
76.7,0.05087,3.87116,7.53899,2
76.8,0.05087,3.87119,7.53899,2
76.9,0.05087,3.87121,7.53899,2
77,0.05088,3.87124,7.53899,2
77.1,0.05088,3.87127,7.53899,2
77.2,0.05088,3.8713,7.53899,2
77.3,0.05088,3.87133,7.53899,2
77.4,0.05088,3.87136,7.53899,2
77.5,0.05088,3.87138,7.53899,2
77.6,0.05088,3.87141,7.53899,2
77.7,0.05089,3.87144,7.53899,2
77.8,0.05089,3.87147,7.53899,2
77.9,0.05089,3.8715,7.53899,2
78,0.05089,3.87153,7.53899,2
78.1,0.05089,3.87156,7.53899,2
78.2,0.05089,3.87158,7.53899,2
78.3,0.05089,3.87161,7.53899,2
78.4,0.05089,3.87164,7.53899,2
78.5,0.0509,3.87167,7.53899,2
78.6,0.0509,3.8717,7.53899,2
78.7,0.0509,3.87173,7.53899,2
78.8,0.0509,3.87175,7.53899,2
78.9,0.0509,3.87178,7.53899,2
79,0.0509,3.87181,7.53899,2
79.1,0.0509,3.87183,7.53899,2
79.2,0.0509,3.87186,7.53899,2
79.3,0.05091,3.87188,7.53899,2
79.4,0.05091,3.8719,7.53899,2
79.5,0.05091,3.87193,7.53899,2
79.6,0.05091,3.87195,7.53899,2
79.7,0.05091,3.87197,7.53899,2
79.8,0.05091,3.87199,7.53899,2
79.9,0.05091,3.87201,7.53899,2
80,0.05092,3.87204,7.53899,2
80.1,0.05092,3.87206,7.53899,2
80.2,0.05092,3.87208,7.53899,2
80.3,0.05092,3.87211,7.53899,2
80.4,0.05092,3.87213,7.53899,2
80.5,0.05092,3.87215,7.53899,2
80.6,0.05092,3.87218,7.53899,2
80.7,0.05092,3.8722,7.53899,2
80.8,0.05093,3.87222,7.53899,2
80.9,0.05093,3.87224,7.53899,2
81,0.05093,3.87226,7.53899,2
81.1,0.05093,3.87228,7.53899,2
81.2,0.05093,3.87231,7.53899,2
81.3,0.05093,3.87233,7.53899,2
81.4,0.05094,3.87235,7.53899,2
81.5,0.05094,3.87237,7.53899,2
81.6,0.05094,3.87239,7.53899,2
81.7,0.05094,3.87242,7.53899,2
81.8,0.05094,3.87244,7.53899,2
81.9,0.05094,3.87246,7.53899,2
82,0.05094,3.87248,7.53899,2
82.1,0.05094,3.87251,7.53899,2
82.2,0.05095,3.87253,7.53899,2
82.3,0.05095,3.87255,7.53899,2
82.4,0.05095,3.87257,7.53899,2
82.5,0.05095,3.87259,7.53899,2
82.6,0.05095,3.87261,7.53899,2
82.7,0.05095,3.87263,7.539,2
82.8,0.05095,3.87265,7.539,2
82.9,0.05096,3.87267,7.539,2
83,0.05096,3.87269,7.539,2
83.1,0.05096,3.87271,7.539,2
83.2,0.05096,3.87272,7.539,2
83.3,0.05096,3.87274,7.539,2
83.4,0.05096,3.87275,7.539,2
83.5,0.05096,3.87277,7.539,2
83.6,0.05097,3.87279,7.539,2
83.7,0.05097,3.8728,7.539,2
83.8,0.05097,3.87282,7.539,2
83.9,0.05097,3.87283,7.539,2
84,0.05097,3.87285,7.539,2
84.1,0.05097,3.87286,7.539,2
84.2,0.05097,3.87288,7.539,2
84.3,0.05098,3.87289,7.539,2
84.4,0.05098,3.8729,7.539,2
84.5,0.05098,3.87292,7.539,2
84.6,0.05098,3.87293,7.539,2
84.7,0.05098,3.87294,7.539,2
84.8,0.05098,3.87296,7.539,2
84.9,0.05098,3.87297,7.539,2
85,0.05099,3.87299,7.539,2
85.1,0.05099,3.873,7.539,2
85.2,0.05099,3.87302,7.539,2
85.3,0.05099,3.87303,7.539,2
85.4,0.05099,3.87304,7.539,2
85.5,0.05099,3.87306,7.539,2
85.6,0.051,3.87307,7.539,2
85.7,0.051,3.87308,7.539,2
85.8,0.051,3.8731,7.539,2
85.9,0.051,3.87311,7.539,2
86,0.051,3.87312,7.539,2
86.1,0.051,3.87314,7.539,2
86.2,0.051,3.87315,7.539,2
86.3,0.05101,3.87316,7.539,2
86.4,0.05101,3.87318,7.539,2
86.5,0.05101,3.87319,7.539,2
86.6,0.05101,3.8732,7.539,2
86.7,0.05101,3.87321,7.539,2
86.8,0.05101,3.87322,7.539,2
86.9,0.05101,3.87323,7.539,2
87,0.05102,3.87325,7.539,2
87.1,0.05102,3.87326,7.539,2
87.2,0.05102,3.87327,7.539,2
87.3,0.05102,3.87328,7.539,2
87.4,0.05102,3.87329,7.539,2
87.5,0.05102,3.8733,7.539,2
87.6,0.05103,3.87331,7.539,2
87.7,0.05103,3.87332,7.539,2
87.8,0.05103,3.87333,7.539,2
87.9,0.05103,3.87334,7.539,2
88,0.05103,3.87335,7.539,2
88.1,0.05103,3.87336,7.539,2
88.2,0.05103,3.87337,7.539,2
88.3,0.05104,3.87338,7.539,2
88.4,0.05104,3.87338,7.539,2
88.5,0.05104,3.87339,7.539,2
88.6,0.05104,3.8734,7.539,2
88.7,0.05104,3.87341,7.539,2
88.8,0.05104,3.87342,7.539,2
88.9,0.05104,3.87342,7.539,2
89,0.05105,3.87343,7.539,2
89.1,0.05105,3.87344,7.539,2
89.2,0.05105,3.87344,7.539,2
89.3,0.05105,3.87345,7.539,2
89.4,0.05105,3.87346,7.539,2
89.5,0.05105,3.87346,7.539,2
89.6,0.05105,3.87347,7.539,2
89.7,0.05106,3.87348,7.539,2
89.8,0.05106,3.87348,7.539,2
89.9,0.05106,3.87349,7.539,2
90,0.05106,3.87349,7.539,2
90.1,0.05106,3.8735,7.539,2
90.2,0.05106,3.8735,7.539,2
90.3,0.05106,3.87351,7.539,2
90.4,0.05107,3.87351,7.539,2
90.5,0.05107,3.87352,7.539,2
90.6,0.05107,3.87352,7.539,2
90.7,0.05107,3.87353,7.539,2
90.8,0.05107,3.87353,7.539,2
90.9,0.05107,3.87353,7.539,2
91,0.05107,3.87353,7.539,2
91.1,0.05108,3.87353,7.539,2
91.2,0.05108,3.87353,7.539,2
91.3,0.05108,3.87354,7.539,2
91.4,0.05108,3.87354,7.539,2
91.5,0.05108,3.87354,7.539,2
91.6,0.05108,3.87354,7.539,2
91.7,0.05108,3.87354,7.539,2
91.8,0.05109,3.87354,7.539,2
91.9,0.05109,3.87355,7.539,2
92,0.05109,3.87355,7.539,2
92.1,0.05109,3.87355,7.539,2
92.2,0.05109,3.87355,7.539,2
92.3,0.05109,3.87355,7.539,2
92.4,0.05109,3.87355,7.539,2
92.5,0.0511,3.87355,7.539,2
92.6,0.0511,3.87355,7.539,2
92.7,0.0511,3.87355,7.539,2
92.8,0.0511,3.87355,7.539,2
92.9,0.0511,3.87355,7.539,2
93,0.0511,3.87355,7.539,2
93.1,0.05111,3.87355,7.539,2
93.2,0.05111,3.87355,7.539,2
93.3,0.05111,3.87355,7.539,2
93.4,0.05111,3.87355,7.539,2
93.5,0.05111,3.87355,7.539,2
93.6,0.05111,3.87355,7.539,2
93.7,0.05111,3.87355,7.539,2
93.8,0.05112,3.87355,7.539,2
93.9,0.05112,3.87355,7.539,2
94,0.05112,3.87355,7.539,2
94.1,0.05112,3.87355,7.539,2
94.2,0.05112,3.87355,7.539,2
94.3,0.05112,3.87354,7.539,2
94.4,0.05112,3.87354,7.539,2
94.5,0.05113,3.87354,7.539,2
94.6,0.05113,3.87354,7.539,2
94.7,0.05113,3.87353,7.539,2
94.8,0.05113,3.87353,7.539,2
94.9,0.05113,3.87353,7.539,2
95,0.05113,3.87352,7.539,2
95.1,0.05114,3.87352,7.539,2
95.2,0.05114,3.87352,7.539,2
95.3,0.05114,3.87351,7.539,2
95.4,0.05114,3.87351,7.539,2
95.5,0.05114,3.8735,7.539,2
95.6,0.05114,3.8735,7.539,2
95.7,0.05115,3.8735,7.539,2
95.8,0.05115,3.87349,7.539,2
95.9,0.05115,3.87349,7.539,2
96,0.05115,3.87349,7.539,2
96.1,0.05115,3.87349,7.539,2
96.2,0.05115,3.87348,7.539,2
96.3,0.05115,3.87348,7.539,2
96.4,0.05116,3.87348,7.539,2
96.5,0.05116,3.87348,7.539,2
96.6,0.05116,3.87347,7.539,2
96.7,0.05116,3.87347,7.539,2
96.8,0.05116,3.87347,7.539,2
96.9,0.05116,3.87346,7.539,2
97,0.05117,3.87346,7.539,2
97.1,0.05117,3.87345,7.539,2
97.2,0.05117,3.87345,7.539,2
97.3,0.05117,3.87344,7.539,2
97.4,0.05117,3.87344,7.539,2
97.5,0.05117,3.87343,7.539,2
97.6,0.05118,3.87342,7.539,2
97.7,0.05118,3.87342,7.539,2
97.8,0.05118,3.87341,7.539,2
97.9,0.05118,3.8734,7.539,2
98,0.05118,3.8734,7.539,2
98.1,0.05118,3.87339,7.539,2
98.2,0.05119,3.87338,7.53901,2
98.3,0.05119,3.87337,7.53901,2
98.4,0.05119,3.87336,7.53901,2
98.5,0.05119,3.87335,7.53901,2
98.6,0.05119,3.87335,7.53901,2
98.7,0.05119,3.87334,7.53901,2
98.8,0.0512,3.87333,7.53901,2
98.9,0.0512,3.87332,7.53901,2
99,0.0512,3.87331,7.53901,2
99.1,0.0512,3.8733,7.53901,2
99.2,0.0512,3.87329,7.53901,2
99.3,0.0512,3.87328,7.53901,2
99.4,0.05121,3.87327,7.53901,2
99.5,0.05121,3.87326,7.53901,2
99.6,0.05121,3.87325,7.53901,2
99.7,0.05121,3.87324,7.53901,2
99.8,0.05121,3.87323,7.53901,2
99.9,0.05121,3.87322,7.53901,2
100,0.05122,3.87321,7.53901,2
100.1,0.05122,3.8732,7.53901,2
100.2,0.05122,3.87319,7.53901,2
100.3,0.05122,3.87318,7.53901,2
100.4,0.05122,3.87317,7.53901,2
100.5,0.05122,3.87315,7.53901,2
100.6,0.05123,3.87314,7.53901,2
100.7,0.05123,3.87313,7.53901,2
100.8,0.05123,3.87312,7.53901,2
100.9,0.05123,3.8731,7.53901,2
101,0.05123,3.87309,7.53901,2
101.1,0.05123,3.87308,7.53901,2
101.2,0.05124,3.87307,7.53901,2
101.3,0.05124,3.87306,7.53901,2
101.4,0.05124,3.87305,7.53901,2
101.5,0.05124,3.87303,7.53901,2
101.6,0.05124,3.87302,7.53901,2
101.7,0.05125,3.87301,7.53901,2
101.8,0.05125,3.873,7.53901,2
101.9,0.05125,3.87299,7.53901,2
102,0.05125,3.87297,7.53901,2
102.1,0.05125,3.87296,7.53901,2
102.2,0.05125,3.87295,7.53901,2
102.3,0.05126,3.87293,7.53901,2
102.4,0.05126,3.87292,7.53901,2
102.5,0.05126,3.8729,7.53901,2
102.6,0.05126,3.87289,7.53901,2
102.7,0.05126,3.87287,7.53901,2
102.8,0.05127,3.87286,7.53901,2
102.9,0.05127,3.87285,7.53901,2
103,0.05127,3.87283,7.53901,2
103.1,0.05127,3.87282,7.53901,2
103.2,0.05127,3.8728,7.53901,2
103.3,0.05127,3.87279,7.53901,2
103.4,0.05128,3.87278,7.53901,2
103.5,0.05128,3.87276,7.53901,2
103.6,0.05128,3.87275,7.53901,2
103.7,0.05128,3.87274,7.53901,2
103.8,0.05128,3.87272,7.53901,2
103.9,0.05129,3.87271,7.53901,2
104,0.05129,3.87269,7.53901,2
104.1,0.05129,3.87268,7.53901,2
104.2,0.05129,3.87266,7.53902,2
104.3,0.05129,3.87265,7.53902,2
104.4,0.05129,3.87263,7.53902,2
104.5,0.0513,3.87262,7.53902,2
104.6,0.0513,3.87261,7.53902,2
104.7,0.0513,3.87259,7.53902,2
104.8,0.0513,3.87258,7.53902,2
104.9,0.0513,3.87256,7.53902,2
105,0.05131,3.87254,7.53902,2
105.1,0.05131,3.87253,7.53902,2
105.2,0.05131,3.87251,7.53902,2
105.3,0.05131,3.8725,7.53902,2
105.4,0.05131,3.87248,7.53902,2
105.5,0.05131,3.87246,7.53902,2
105.6,0.05132,3.87245,7.53902,2
105.7,0.05132,3.87243,7.53902,2
105.8,0.05132,3.87241,7.53902,2
105.9,0.05132,3.8724,7.53902,2
106,0.05132,3.87238,7.53902,2
106.1,0.05132,3.87236,7.53902,2
106.2,0.05133,3.87235,7.53902,2
106.3,0.05133,3.87233,7.53902,2
106.4,0.05133,3.87231,7.53902,2
106.5,0.05133,3.8723,7.53902,2
106.6,0.05133,3.87228,7.53902,2
106.7,0.05134,3.87226,7.53902,2
106.8,0.05134,3.87225,7.53902,2
106.9,0.05134,3.87223,7.53902,2
107,0.05134,3.87221,7.53902,2
107.1,0.05134,3.87219,7.53902,2
107.2,0.05134,3.87218,7.53902,2
107.3,0.05135,3.87216,7.53902,2
107.4,0.05135,3.87214,7.53902,2
107.5,0.05135,3.87212,7.53902,2
107.6,0.05135,3.87211,7.53902,2
107.7,0.05135,3.87209,7.53902,2
107.8,0.05135,3.87207,7.53902,2
107.9,0.05136,3.87205,7.53902,2
108,0.05136,3.87204,7.53902,2
108.1,0.05136,3.87202,7.53902,2
108.2,0.05136,3.872,7.53902,2
108.3,0.05136,3.87198,7.53902,2
108.4,0.05136,3.87196,7.53902,2
108.5,0.05137,3.87195,7.53902,2
108.6,0.05137,3.87193,7.53902,2
108.7,0.05137,3.87191,7.53902,2
108.8,0.05137,3.87189,7.53902,2
108.9,0.05137,3.87187,7.53902,2
109,0.05137,3.87185,7.53902,2
109.1,0.05138,3.87184,7.53902,2
109.2,0.05138,3.87182,7.53902,2
109.3,0.05138,3.8718,7.53902,2
109.4,0.05138,3.87178,7.53902,2
109.5,0.05138,3.87176,7.53902,2
109.6,0.05138,3.87174,7.53902,2
109.7,0.05139,3.87172,7.53902,2
109.8,0.05139,3.8717,7.53902,2
109.9,0.05139,3.87168,7.53902,2
110,0.05139,3.87166,7.53902,2
110.1,0.05139,3.87164,7.53902,2
110.2,0.05139,3.87162,7.53902,2
110.3,0.0514,3.8716,7.53902,2
110.4,0.0514,3.87158,7.53902,2
110.5,0.0514,3.87157,7.53902,2
110.6,0.0514,3.87155,7.53902,2
110.7,0.0514,3.87153,7.53902,2
110.8,0.0514,3.87151,7.53902,2
110.9,0.05141,3.87149,7.53902,2
111,0.05141,3.87147,7.53902,2
111.1,0.05141,3.87145,7.53902,2
111.2,0.05141,3.87143,7.53902,2
111.3,0.05141,3.87141,7.53902,2
111.4,0.05142,3.87139,7.53902,2
111.5,0.05142,3.87137,7.53902,2
111.6,0.05142,3.87135,7.53902,2
111.7,0.05142,3.87133,7.53902,2
111.8,0.05142,3.87131,7.53902,2
111.9,0.05142,3.87129,7.53902,2
112,0.05143,3.87127,7.53902,2
112.1,0.05143,3.87125,7.53902,2
112.2,0.05143,3.87123,7.53902,2
112.3,0.05143,3.87121,7.53902,2
112.4,0.05143,3.87119,7.53902,2
112.5,0.05143,3.87117,7.53902,2
112.6,0.05144,3.87115,7.53902,2
112.7,0.05144,3.87114,7.53902,2
112.8,0.05144,3.87112,7.53902,2
112.9,0.05144,3.8711,7.53902,2
113,0.05144,3.87108,7.53902,2
113.1,0.05145,3.87106,7.53902,2
113.2,0.05145,3.87105,7.53902,2
113.3,0.05145,3.87103,7.53902,2
113.4,0.05145,3.87101,7.53902,2
113.5,0.05145,3.87099,7.53902,2
113.6,0.05145,3.87096,7.53902,2
113.7,0.05146,3.87094,7.53902,2
113.8,0.05146,3.87092,7.53902,2
113.9,0.05146,3.8709,7.53902,2
114,0.05146,3.87088,7.53903,2
114.1,0.05146,3.87085,7.53903,2
114.2,0.05146,3.87083,7.53903,2
114.3,0.05147,3.87081,7.53903,2
114.4,0.05147,3.87079,7.53903,2
114.5,0.05147,3.87077,7.53903,2
114.6,0.05147,3.87075,7.53903,2
114.7,0.05147,3.87073,7.53903,2
114.8,0.05147,3.87071,7.53903,2
114.9,0.05148,3.87069,7.53903,2
115,0.05148,3.87067,7.53903,2
115.1,0.05148,3.87064,7.53903,2
115.2,0.05148,3.87062,7.53903,2
115.3,0.05148,3.8706,7.53903,2
115.4,0.05148,3.87058,7.53903,2
115.5,0.05149,3.87056,7.53903,2
115.6,0.05149,3.87054,7.53903,2
115.7,0.05149,3.87052,7.53903,2
115.8,0.05149,3.87049,7.53903,2
115.9,0.05149,3.87047,7.53903,2
116,0.05149,3.87045,7.53903,2
116.1,0.0515,3.87042,7.53903,2
116.2,0.0515,3.8704,7.53903,2
116.3,0.0515,3.87038,7.53903,2
116.4,0.0515,3.87036,7.53903,2
116.5,0.0515,3.87033,7.53903,2
116.6,0.0515,3.87031,7.53903,2
116.7,0.05151,3.87029,7.53903,2
116.8,0.05151,3.87026,7.53903,2
116.9,0.05151,3.87024,7.53903,2
117,0.05151,3.87022,7.53903,2
117.1,0.05151,3.87019,7.53903,2
117.2,0.05151,3.87017,7.53903,2
117.3,0.05152,3.87015,7.53903,2
117.4,0.05152,3.87012,7.53903,2
117.5,0.05152,3.8701,7.53903,2
117.6,0.05152,3.87008,7.53903,2
117.7,0.05152,3.87005,7.53903,2
117.8,0.05152,3.87003,7.53903,2
117.9,0.05153,3.87001,7.53903,2
118,0.05153,3.86998,7.53903,2
118.1,0.05153,3.86996,7.53903,2
118.2,0.05153,3.86994,7.53903,2
118.3,0.05153,3.86992,7.53903,2
118.4,0.05153,3.86989,7.53903,2
118.5,0.05154,3.86987,7.53903,2
118.6,0.05154,3.86985,7.53903,2
118.7,0.05154,3.86982,7.53903,2
118.8,0.05154,3.8698,7.53903,2
118.9,0.05154,3.86978,7.53903,2
119,0.05154,3.86976,7.53903,2
119.1,0.05155,3.86973,7.53903,2
119.2,0.05155,3.86971,7.53903,2
119.3,0.05155,3.86969,7.53903,2
119.4,0.05155,3.86966,7.53903,2
119.5,0.05155,3.86964,7.53903,2
119.6,0.05155,3.86962,7.53903,2
119.7,0.05156,3.86959,7.53903,2
119.8,0.05156,3.86957,7.53903,2
119.9,0.05156,3.86955,7.53903,2
120,0.05156,3.86952,7.53903,2
120.1,0.05156,3.8695,7.53903,2
120.2,0.05156,3.86947,7.53903,2
120.3,0.05157,3.86945,7.53903,2
120.4,0.05157,3.86943,7.53903,2
120.5,0.05157,3.8694,7.53903,2
120.6,0.05157,3.86938,7.53903,2
120.7,0.05157,3.86936,7.53903,2
120.8,0.05157,3.86933,7.53903,2
120.9,0.05158,3.86931,7.53903,2
121,0.05158,3.86929,7.53903,2
121.1,0.05158,3.86926,7.53903,2
121.2,0.05158,3.86924,7.53903,2
121.3,0.05158,3.86922,7.53903,2
121.4,0.05158,3.8692,7.53903,2
121.5,0.05159,3.86917,7.53903,2
121.6,0.05159,3.86915,7.53903,2
121.7,0.05159,3.86913,7.53903,2
121.8,0.05159,3.8691,7.53903,2
121.9,0.05159,3.86908,7.53903,2
122,0.05159,3.86906,7.53903,2
122.1,0.0516,3.86903,7.53903,2
122.2,0.0516,3.86901,7.53903,2
122.3,0.0516,3.86899,7.53904,2
122.4,0.0516,3.86897,7.53904,2
122.5,0.0516,3.86894,7.53904,2
122.6,0.0516,3.86892,7.53904,2
122.7,0.05161,3.8689,7.53904,2
122.8,0.05161,3.86887,7.53904,2
122.9,0.05161,3.86885,7.53904,2
123,0.05161,3.86883,7.53904,2
123.1,0.05161,3.8688,7.53904,2
123.2,0.05161,3.86878,7.53904,2
123.3,0.05162,3.86876,7.53904,2
123.4,0.05162,3.86873,7.53904,2
123.5,0.05162,3.86871,7.53904,2
123.6,0.05162,3.86869,7.53904,2
123.7,0.05162,3.86867,7.53904,2
123.8,0.05162,3.86864,7.53904,2
123.9,0.05163,3.86862,7.53904,2
124,0.05163,3.8686,7.53904,2
124.1,0.05163,3.86857,7.53904,2
124.2,0.05163,3.86855,7.53904,2
124.3,0.05163,3.86852,7.53904,2
124.4,0.05163,3.8685,7.53904,2
124.5,0.05163,3.86848,7.53904,2
124.6,0.05164,3.86845,7.53904,2
124.7,0.05164,3.86843,7.53904,2
124.8,0.05164,3.8684,7.53904,2
124.9,0.05164,3.86838,7.53904,2
125,0.05164,3.86835,7.53904,2
125.1,0.05164,3.86833,7.53904,2
125.2,0.05164,3.86831,7.53904,2
125.3,0.05165,3.86828,7.53904,2
125.4,0.05165,3.86826,7.53904,2
125.5,0.05165,3.86823,7.53904,2
125.6,0.05165,3.86821,7.53904,2
125.7,0.05165,3.86819,7.53904,2
125.8,0.05165,3.86817,7.53904,2
125.9,0.05166,3.86814,7.53904,2
126,0.05166,3.86812,7.53904,2
126.1,0.05166,3.86809,7.53904,2
126.2,0.05166,3.86807,7.53904,2
126.3,0.05166,3.86805,7.53904,2
126.4,0.05166,3.86802,7.53904,2
126.5,0.05166,3.868,7.53904,2
126.6,0.05167,3.86797,7.53904,2
126.7,0.05167,3.86795,7.53904,2
126.8,0.05167,3.86792,7.53904,2
126.9,0.05167,3.8679,7.53904,2
127,0.05167,3.86787,7.53904,2
127.1,0.05167,3.86785,7.53904,2
127.2,0.05167,3.86783,7.53904,2
127.3,0.05167,3.8678,7.53904,2
127.4,0.05168,3.86778,7.53904,2
127.5,0.05168,3.86775,7.53904,2
127.6,0.05168,3.86773,7.53904,2
127.7,0.05168,3.86771,7.53904,2
127.8,0.05168,3.86768,7.53904,2
127.9,0.05168,3.86766,7.53904,2
128,0.05168,3.86763,7.53904,2
128.1,0.05169,3.86761,7.53904,2
128.2,0.05169,3.86758,7.53904,2
128.3,0.05169,3.86756,7.53904,2
128.4,0.05169,3.86753,7.53904,2
128.5,0.05169,3.86751,7.53904,2
128.6,0.05169,3.86749,7.53904,2
128.7,0.05169,3.86746,7.53904,2
128.8,0.0517,3.86744,7.53904,2
128.9,0.0517,3.86741,7.53904,2
129,0.0517,3.86739,7.53904,2
129.1,0.0517,3.86737,7.53904,2
129.2,0.0517,3.86734,7.53904,2
129.3,0.0517,3.86732,7.53904,2
129.4,0.0517,3.8673,7.53904,2
129.5,0.0517,3.86727,7.53904,2
129.6,0.05171,3.86725,7.53904,2
129.7,0.05171,3.86723,7.53904,2
129.8,0.05171,3.8672,7.53904,2
129.9,0.05171,3.86718,7.53904,2
130,0.05171,3.86715,7.53904,2
130.1,0.05171,3.86713,7.53904,2
130.2,0.05171,3.8671,7.53904,2
130.3,0.05171,3.86708,7.53904,2
130.4,0.05172,3.86705,7.53904,2
130.5,0.05172,3.86703,7.53904,2
130.6,0.05172,3.86701,7.53904,2
130.7,0.05172,3.86698,7.53904,2
130.8,0.05172,3.86696,7.53904,2
130.9,0.05172,3.86693,7.53904,2
131,0.05173,3.86691,7.53904,2
131.1,0.05173,3.86689,7.53904,2
131.2,0.05173,3.86686,7.53904,2
131.3,0.05173,3.86684,7.53904,2
131.4,0.05173,3.86682,7.53904,2
131.5,0.05173,3.8668,7.53904,2
131.6,0.05173,3.86678,7.53904,2
131.7,0.05174,3.86676,7.53904,2
131.8,0.05174,3.86674,7.53904,2
131.9,0.05174,3.86672,7.53904,2
132,0.05174,3.8667,7.53904,2
132.1,0.05174,3.86668,7.53904,2
132.2,0.05174,3.86666,7.53904,2
132.3,0.05174,3.86664,7.53904,2
132.4,0.05175,3.86662,7.53904,2
132.5,0.05175,3.8666,7.53904,2
132.6,0.05175,3.86658,7.53904,2
132.7,0.05175,3.86656,7.53904,2
132.8,0.05175,3.86654,7.53904,2
132.9,0.05175,3.86651,7.53904,2
133,0.05175,3.86649,7.53904,2
133.1,0.05176,3.86647,7.53904,2
133.2,0.05176,3.86645,7.53904,2
133.3,0.05176,3.86643,7.53904,2
133.4,0.05176,3.86641,7.53904,2
133.5,0.05176,3.86639,7.53904,2
133.6,0.05176,3.86637,7.53904,2
133.7,0.05176,3.86635,7.53904,2
133.8,0.05177,3.86632,7.53904,2
133.9,0.05177,3.8663,7.53904,2
134,0.05177,3.86628,7.53904,2
134.1,0.05177,3.86626,7.53904,2
134.2,0.05177,3.86624,7.53904,2
134.3,0.05177,3.86622,7.53904,2
134.4,0.05177,3.8662,7.53904,2
134.5,0.05178,3.86618,7.53904,2
134.6,0.05178,3.86616,7.53904,2
134.7,0.05178,3.86614,7.53904,2
134.8,0.05178,3.86612,7.53904,2
134.9,0.05178,3.8661,7.53904,2
135,0.05178,3.86608,7.53904,2
135.1,0.05178,3.86606,7.53904,2
135.2,0.05179,3.86603,7.53904,2
135.3,0.05179,3.86601,7.53904,2
135.4,0.05179,3.86599,7.53904,2
135.5,0.05179,3.86597,7.53904,2
135.6,0.05179,3.86594,7.53905,2
135.7,0.05179,3.86592,7.53905,2
135.8,0.05179,3.8659,7.53905,2
135.9,0.0518,3.86588,7.53905,2
136,0.0518,3.86585,7.53905,2
136.1,0.0518,3.86583,7.53905,2
136.2,0.0518,3.86581,7.53905,2
136.3,0.0518,3.86578,7.53905,2
136.4,0.0518,3.86576,7.53905,2
136.5,0.0518,3.86574,7.53905,2
136.6,0.0518,3.86571,7.53905,2
136.7,0.05181,3.86569,7.53905,2
136.8,0.05181,3.86566,7.53905,2
136.9,0.05181,3.86564,7.53905,2
137,0.05181,3.86561,7.53905,2
137.1,0.05181,3.86559,7.53905,2
137.2,0.05181,3.86556,7.53905,2
137.3,0.05181,3.86554,7.53905,2
137.4,0.05181,3.86551,7.53905,2
137.5,0.05182,3.86549,7.53905,2
137.6,0.05182,3.86547,7.53905,2
137.7,0.05182,3.86544,7.53905,2
137.8,0.05182,3.86542,7.53905,2
137.9,0.05182,3.8654,7.53905,2
138,0.05182,3.86537,7.53905,2
138.1,0.05182,3.86535,7.53905,2
138.2,0.05182,3.86533,7.53905,2
138.3,0.05183,3.8653,7.53905,2
138.4,0.05183,3.86528,7.53905,2
138.5,0.05183,3.86526,7.53905,2
138.6,0.05183,3.86523,7.53905,2
138.7,0.05183,3.86521,7.53905,2
138.8,0.05183,3.86519,7.53905,2
138.9,0.05183,3.86516,7.53905,2
139,0.05183,3.86514,7.53905,2
139.1,0.05183,3.86512,7.53905,2
139.2,0.05184,3.86509,7.53905,2
139.3,0.05184,3.86507,7.53905,2
139.4,0.05184,3.86504,7.53905,2
139.5,0.05184,3.86502,7.53905,2
139.6,0.05184,3.86499,7.53905,2
139.7,0.05184,3.86497,7.53905,2
139.8,0.05184,3.86494,7.53905,2
139.9,0.05184,3.86492,7.53905,2
140,0.05185,3.86489,7.53905,2
140.1,0.05185,3.86487,7.53905,2
140.2,0.05185,3.86485,7.53905,2
140.3,0.05185,3.86482,7.53905,2
140.4,0.05185,3.8648,7.53905,2
140.5,0.05185,3.86477,7.53905,2
140.6,0.05185,3.86475,7.53905,2
140.7,0.05185,3.86472,7.53905,2
140.8,0.05185,3.8647,7.53905,2
140.9,0.05186,3.86468,7.53905,2
141,0.05186,3.86465,7.53905,2
141.1,0.05186,3.86463,7.53905,2
141.2,0.05186,3.86461,7.53905,2
141.3,0.05186,3.86458,7.53905,2
141.4,0.05186,3.86456,7.53905,2
141.5,0.05186,3.86453,7.53905,2
141.6,0.05186,3.86451,7.53905,2
141.7,0.05186,3.86449,7.53905,2
141.8,0.05186,3.86446,7.53905,2
141.9,0.05187,3.86444,7.53905,2
142,0.05187,3.86442,7.53905,2
142.1,0.05187,3.86439,7.53905,2
142.2,0.05187,3.86437,7.53905,2
142.3,0.05187,3.86435,7.53905,2
142.4,0.05187,3.86432,7.53905,2
142.5,0.05187,3.8643,7.53905,2
142.6,0.05187,3.86428,7.53905,2
142.7,0.05187,3.86425,7.53905,2
142.8,0.05187,3.86422,7.53905,2
142.9,0.05188,3.8642,7.53905,2
143,0.05188,3.86417,7.53905,2
143.1,0.05188,3.86415,7.53905,2
143.2,0.05188,3.86412,7.53905,2
143.3,0.05188,3.8641,7.53905,2
143.4,0.05188,3.86407,7.53905,2
143.5,0.05188,3.86405,7.53905,2
143.6,0.05188,3.86403,7.53905,2
143.7,0.05188,3.86401,7.53905,2
143.8,0.05189,3.86399,7.53905,2
143.9,0.05189,3.86397,7.53905,2
144,0.05189,3.86395,7.53905,2
144.1,0.05189,3.86393,7.53905,2
144.2,0.05189,3.86391,7.53905,2
144.3,0.05189,3.86389,7.53905,2
144.4,0.05189,3.86387,7.53905,2
144.5,0.05189,3.86385,7.53905,2
144.6,0.05189,3.86383,7.53905,2
144.7,0.0519,3.8638,7.53905,2
144.8,0.0519,3.86378,7.53905,2
144.9,0.0519,3.86376,7.53905,2
145,0.0519,3.86374,7.53905,2
145.1,0.0519,3.86372,7.53905,2
145.2,0.0519,3.8637,7.53905,2
145.3,0.0519,3.86368,7.53905,2
145.4,0.0519,3.86366,7.53905,2
145.5,0.0519,3.86364,7.53905,2
145.6,0.05191,3.86362,7.53905,2
145.7,0.05191,3.8636,7.53905,2
145.8,0.05191,3.86358,7.53905,2
145.9,0.05191,3.86356,7.53905,2
146,0.05191,3.86354,7.53905,2
146.1,0.05191,3.86352,7.53905,2
146.2,0.05191,3.8635,7.53905,2
146.3,0.05191,3.86348,7.53905,2
146.4,0.05191,3.86347,7.53905,2
146.5,0.05191,3.86345,7.53905,2
146.6,0.05192,3.86344,7.53906,2
146.7,0.05192,3.86342,7.53906,2
146.8,0.05192,3.86341,7.53906,2
146.9,0.05192,3.86339,7.53906,2
147,0.05192,3.86338,7.53906,2
147.1,0.05192,3.86336,7.53906,2
147.2,0.05192,3.86334,7.53906,2
147.3,0.05192,3.86332,7.53906,2
147.4,0.05192,3.8633,7.53906,2
147.5,0.05193,3.86328,7.53906,2
147.6,0.05193,3.86326,7.53906,2
147.7,0.05193,3.86324,7.53906,2
147.8,0.05193,3.86322,7.53906,2
147.9,0.05193,3.8632,7.53906,2
148,0.05193,3.86318,7.53906,2
148.1,0.05193,3.86316,7.53906,2
148.2,0.05193,3.86314,7.53906,2
148.3,0.05193,3.86312,7.53906,2
148.4,0.05193,3.8631,7.53906,2
148.5,0.05194,3.86308,7.53906,2
148.6,0.05194,3.86306,7.53906,2
148.7,0.05194,3.86303,7.53906,2
148.8,0.05194,3.86301,7.53906,2
148.9,0.05194,3.86299,7.53906,2
149,0.05194,3.86297,7.53906,2
149.1,0.05194,3.86296,7.53906,2
149.2,0.05194,3.86294,7.53906,2
149.3,0.05194,3.86291,7.53906,2
149.4,0.05194,3.86289,7.53906,2
149.5,0.05195,3.86287,7.53906,2
149.6,0.05195,3.86285,7.53906,2
149.7,0.05195,3.86283,7.53906,2
149.8,0.05195,3.86281,7.53906,2
149.9,0.05195,3.86279,7.53906,2
150,0.05195,3.86277,7.53906,2
150.1,0.05195,3.86275,7.53906,2
150.2,0.05195,3.86274,7.53906,2
150.3,0.05195,3.86272,7.53906,2
150.4,0.05195,3.8627,7.53906,2
150.5,0.05196,3.86268,7.53906,2
150.6,0.05196,3.86266,7.53906,2
150.7,0.05196,3.86263,7.53906,2
150.8,0.05196,3.86261,7.53906,2
150.9,0.05196,3.86259,7.53906,2
151,0.05196,3.86257,7.53906,2
151.1,0.05196,3.86255,7.53906,2
151.2,0.05196,3.86254,7.53906,2
151.3,0.05196,3.86252,7.53906,2
151.4,0.05196,3.8625,7.53906,2
151.5,0.05197,3.86248,7.53906,2
151.6,0.05197,3.86246,7.53906,2
151.7,0.05197,3.86244,7.53906,2
151.8,0.05197,3.86242,7.53906,2
151.9,0.05197,3.86241,7.53906,2
152,0.05197,3.86239,7.53906,2
152.1,0.05197,3.86237,7.53906,2
152.2,0.05197,3.86235,7.53906,2
152.3,0.05197,3.86233,7.53906,2
152.4,0.05197,3.86232,7.53906,2
152.5,0.05197,3.8623,7.53906,2
152.6,0.05198,3.86228,7.53906,2
152.7,0.05198,3.86226,7.53906,2
152.8,0.05198,3.86225,7.53906,2
152.9,0.05198,3.86223,7.53906,2
153,0.05198,3.86221,7.53906,2
153.1,0.05198,3.86219,7.53906,2
153.2,0.05198,3.86218,7.53906,2
153.3,0.05198,3.86216,7.53906,2
153.4,0.05198,3.86214,7.53906,2
153.5,0.05198,3.86211,7.53906,2
153.6,0.05199,3.86209,7.53906,2
153.7,0.05199,3.86207,7.53906,2
153.8,0.05199,3.86205,7.53906,2
153.9,0.05199,3.86203,7.53906,2
154,0.05199,3.86201,7.53906,2
154.1,0.05199,3.86199,7.53906,2
154.2,0.05199,3.86197,7.53906,2
154.3,0.05199,3.86194,7.53906,2
154.4,0.052,3.86192,7.53906,2
154.5,0.052,3.8619,7.53906,2
154.6,0.052,3.86189,7.53906,2
154.7,0.052,3.86187,7.53906,2
154.8,0.052,3.86185,7.53906,2
154.9,0.052,3.86184,7.53907,2
155,0.052,3.86182,7.53907,2
155.1,0.052,3.86181,7.53907,2
155.2,0.05201,3.8618,7.53907,2
155.3,0.05201,3.86178,7.53907,2
155.4,0.05201,3.86177,7.53907,2
155.5,0.05201,3.86175,7.53907,2
155.6,0.05201,3.86174,7.53907,2
155.7,0.05201,3.86172,7.53907,2
155.8,0.05201,3.86171,7.53907,2
155.9,0.05202,3.8617,7.53907,2
156,0.05202,3.86169,7.53907,2
156.1,0.05202,3.86168,7.53907,2
156.2,0.05202,3.86167,7.53907,2
156.3,0.05202,3.86166,7.53907,2
156.4,0.05202,3.86165,7.53907,2
156.5,0.05202,3.86164,7.53907,2
156.6,0.05202,3.86163,7.53907,2
156.7,0.05202,3.86162,7.53907,2
156.8,0.05203,3.86161,7.53907,2
156.9,0.05203,3.86159,7.53907,2
157,0.05203,3.86158,7.53907,2
157.1,0.05203,3.86156,7.53907,2
157.2,0.05203,3.86155,7.53907,2
157.3,0.05203,3.86153,7.53907,2
157.4,0.05203,3.86151,7.53907,2
157.5,0.05203,3.8615,7.53907,2
157.6,0.05203,3.86148,7.53907,2
157.7,0.05204,3.86147,7.53907,2
157.8,0.05204,3.86145,7.53907,2
157.9,0.05204,3.86143,7.53907,2
158,0.05204,3.86142,7.53907,2
158.1,0.05204,3.8614,7.53907,2
158.2,0.05204,3.86138,7.53907,2
158.3,0.05204,3.86136,7.53907,2
158.4,0.05204,3.86134,7.53907,2
158.5,0.05204,3.86133,7.53907,2
158.6,0.05205,3.86131,7.53907,2
158.7,0.05205,3.86129,7.53907,2
158.8,0.05205,3.86128,7.53907,2
158.9,0.05205,3.86126,7.53907,2
159,0.05205,3.86124,7.53907,2
159.1,0.05205,3.86123,7.53907,2
159.2,0.05205,3.86121,7.53907,2
159.3,0.05205,3.8612,7.53907,2
159.4,0.05205,3.86118,7.53907,2
159.5,0.05205,3.86117,7.53907,2
159.6,0.05206,3.86115,7.53907,2
159.7,0.05206,3.86113,7.53907,2
159.8,0.05206,3.86112,7.53907,2
159.9,0.05206,3.8611,7.53907,2
160,0.05206,3.86109,7.53907,2
160.1,0.05206,3.86108,7.53907,2
160.2,0.05206,3.86106,7.53907,2
160.3,0.05206,3.86104,7.53907,2
160.4,0.05207,3.86102,7.53907,2
160.5,0.05207,3.861,7.53907,2
160.6,0.05207,3.86098,7.53907,2
160.7,0.05207,3.86096,7.53907,2
160.8,0.05207,3.86094,7.53907,2
160.9,0.05207,3.86093,7.53907,2
161,0.05207,3.86091,7.53907,2
161.1,0.05207,3.86089,7.53907,2
161.2,0.05208,3.86088,7.53907,2
161.3,0.05208,3.86086,7.53907,2
161.4,0.05208,3.86085,7.53907,2
161.5,0.05208,3.86084,7.53907,2
161.6,0.05208,3.86083,7.53907,2
161.7,0.05208,3.86081,7.53907,2
161.8,0.05209,3.8608,7.53907,2
161.9,0.05209,3.86079,7.53907,2
162,0.05209,3.86077,7.53907,2
162.1,0.05209,3.86076,7.53907,2
162.2,0.05209,3.86076,7.53907,2
162.3,0.05209,3.86075,7.53907,2
162.4,0.05209,3.86074,7.53907,2
162.5,0.0521,3.86073,7.53907,2
162.6,0.0521,3.86072,7.53907,2
162.7,0.0521,3.86072,7.53907,2
162.8,0.0521,3.86071,7.53907,2
162.9,0.0521,3.8607,7.53907,2
163,0.0521,3.8607,7.53907,2
163.1,0.0521,3.86069,7.53907,2
163.2,0.05211,3.86068,7.53907,2
163.3,0.05211,3.86068,7.53907,2
163.4,0.05211,3.86067,7.53907,2
163.5,0.05211,3.86066,7.53907,2
163.6,0.05211,3.86066,7.53907,2
163.7,0.05211,3.86065,7.53907,2
163.8,0.05211,3.86064,7.53907,2
163.9,0.05212,3.86063,7.53907,2
164,0.05212,3.86062,7.53907,2
164.1,0.05212,3.86061,7.53907,2
164.2,0.05212,3.8606,7.53907,2
164.3,0.05212,3.86059,7.53907,2
164.4,0.05212,3.86058,7.53907,2
164.5,0.05212,3.86056,7.53907,2
164.6,0.05213,3.86055,7.53907,2
164.7,0.05213,3.86054,7.53907,2
164.8,0.05213,3.86053,7.53907,2
164.9,0.05213,3.86052,7.53908,2
165,0.05213,3.86051,7.53908,2
165.1,0.05213,3.8605,7.53908,2
165.2,0.05213,3.86049,7.53908,2
165.3,0.05213,3.86048,7.53908,2
165.4,0.05214,3.86047,7.53908,2
165.5,0.05214,3.86045,7.53908,2
165.6,0.05214,3.86044,7.53908,2
165.7,0.05214,3.86043,7.53908,2
165.8,0.05214,3.86042,7.53908,2
165.9,0.05214,3.86041,7.53908,2
166,0.05214,3.8604,7.53908,2
166.1,0.05214,3.86038,7.53908,2
166.2,0.05215,3.86037,7.53908,2
166.3,0.05215,3.86036,7.53908,2
166.4,0.05215,3.86035,7.53908,2
166.5,0.05215,3.86033,7.53908,2
166.6,0.05215,3.86032,7.53908,2
166.7,0.05215,3.8603,7.53908,2
166.8,0.05215,3.86029,7.53908,2
166.9,0.05216,3.86027,7.53908,2
167,0.05216,3.86026,7.53908,2
167.1,0.05216,3.86024,7.53908,2
167.2,0.05216,3.86023,7.53908,2
167.3,0.05216,3.86021,7.53908,2
167.4,0.05216,3.8602,7.53908,2
167.5,0.05216,3.86018,7.53908,2
167.6,0.05217,3.86017,7.53908,2
167.7,0.05217,3.86016,7.53908,2
167.8,0.05217,3.86015,7.53908,2
167.9,0.05217,3.86014,7.53908,2
168,0.05217,3.86012,7.53908,2
168.1,0.05217,3.86011,7.53908,2
168.2,0.05218,3.8601,7.53908,2
168.3,0.05218,3.86009,7.53908,2
168.4,0.05218,3.86007,7.53908,2
168.5,0.05218,3.86006,7.53908,2
168.6,0.05218,3.86005,7.53908,2
168.7,0.05218,3.86004,7.53908,2
168.8,0.05219,3.86003,7.53908,2
168.9,0.05219,3.86001,7.53908,2
169,0.05219,3.86001,7.53908,2
169.1,0.05219,3.86,7.53908,2
169.2,0.05219,3.85999,7.53908,2
169.3,0.05219,3.85998,7.53908,2
169.4,0.0522,3.85998,7.53908,2
169.5,0.0522,3.85997,7.53908,2
169.6,0.0522,3.85996,7.53908,2
169.7,0.0522,3.85995,7.53908,2
169.8,0.0522,3.85994,7.53908,2
169.9,0.0522,3.85994,7.53908,2
170,0.0522,3.85993,7.53908,2
170.1,0.05221,3.85992,7.53908,2
170.2,0.05221,3.85991,7.53908,2
170.3,0.05221,3.8599,7.53908,2
170.4,0.05221,3.85989,7.53908,2
170.5,0.05221,3.85988,7.53908,2
170.6,0.05221,3.85986,7.53908,2
170.7,0.05222,3.85985,7.53908,2
170.8,0.05222,3.85984,7.53908,2
170.9,0.05222,3.85982,7.53908,2
171,0.05222,3.85981,7.53908,2
171.1,0.05222,3.8598,7.53908,2
171.2,0.05222,3.85978,7.53908,2
171.3,0.05222,3.85977,7.53908,2
171.4,0.05223,3.85976,7.53908,2
171.5,0.05223,3.85974,7.53908,2
171.6,0.05223,3.85973,7.53908,2
171.7,0.05223,3.85971,7.53908,2
171.8,0.05223,3.8597,7.53908,2
171.9,0.05223,3.85969,7.53908,2
172,0.05223,3.85967,7.53908,2
172.1,0.05224,3.85966,7.53908,2
172.2,0.05224,3.85965,7.53908,2
172.3,0.05224,3.85964,7.53908,2
172.4,0.05224,3.85962,7.53908,2
172.5,0.05224,3.85961,7.53908,2
172.6,0.05225,3.8596,7.53908,2
172.7,0.05225,3.85958,7.53908,2
172.8,0.05225,3.85957,7.53908,2
172.9,0.05225,3.85955,7.53908,2
173,0.05225,3.85954,7.53908,2
173.1,0.05226,3.85954,7.53908,2
173.2,0.05226,3.85953,7.53908,2
173.3,0.05226,3.85952,7.53908,2
173.4,0.05226,3.85951,7.53908,2
173.5,0.05226,3.8595,7.53908,2
173.6,0.05226,3.85949,7.53908,2
173.7,0.05227,3.85948,7.53908,2
173.8,0.05227,3.85947,7.53908,2
173.9,0.05227,3.85946,7.53908,2
174,0.05227,3.85945,7.53908,2
174.1,0.05227,3.85944,7.53908,2
174.2,0.05228,3.85944,7.53908,2
174.3,0.05228,3.85943,7.53908,2
174.4,0.05228,3.85942,7.53908,2
174.5,0.05228,3.85941,7.53908,2
174.6,0.05228,3.8594,7.53908,2
174.7,0.05228,3.85939,7.53908,2
174.8,0.05229,3.85938,7.53908,2
174.9,0.05229,3.85937,7.53908,2
175,0.05229,3.85936,7.53908,2
175.1,0.05229,3.85935,7.53908,2
175.2,0.05229,3.85934,7.53908,2
175.3,0.0523,3.85933,7.53908,2
175.4,0.0523,3.85932,7.53908,2
175.5,0.0523,3.85931,7.53908,2
175.6,0.0523,3.85929,7.53908,2
175.7,0.0523,3.85928,7.53908,2
175.8,0.0523,3.85927,7.53908,2
175.9,0.05231,3.85926,7.53908,2
176,0.05231,3.85924,7.53908,2
176.1,0.05231,3.85923,7.53908,2
176.2,0.05231,3.85922,7.53908,2
176.3,0.05231,3.85921,7.53908,2
176.4,0.05231,3.8592,7.53908,2
176.5,0.05232,3.85919,7.53908,2
176.6,0.05232,3.85918,7.53908,2
176.7,0.05232,3.85917,7.53908,2
176.8,0.05232,3.85916,7.53908,2
176.9,0.05232,3.85915,7.53908,2
177,0.05232,3.85914,7.53908,2
177.1,0.05233,3.85913,7.53908,2
177.2,0.05233,3.85912,7.53908,2
177.3,0.05233,3.85911,7.53908,2
177.4,0.05233,3.85909,7.53909,2
177.5,0.05233,3.85908,7.53909,2
177.6,0.05233,3.85907,7.53909,2
177.7,0.05234,3.85905,7.53909,2
177.8,0.05234,3.85904,7.53909,2
177.9,0.05234,3.85903,7.53909,2
178,0.05234,3.85902,7.53909,2
178.1,0.05234,3.859,7.53909,2
178.2,0.05234,3.85899,7.53909,2
178.3,0.05235,3.85898,7.53909,2
178.4,0.05235,3.85896,7.53909,2
178.5,0.05235,3.85895,7.53909,2
178.6,0.05235,3.85894,7.53909,2
178.7,0.05235,3.85892,7.53909,2
178.8,0.05235,3.85891,7.53909,2
178.9,0.05236,3.8589,7.53909,2
179,0.05236,3.85888,7.53909,2
179.1,0.05236,3.85887,7.53909,2
179.2,0.05236,3.85886,7.53909,2
179.3,0.05236,3.85885,7.53909,2
179.4,0.05236,3.85883,7.53909,2
179.5,0.05237,3.85882,7.53909,2
179.6,0.05237,3.85881,7.53909,2
179.7,0.05237,3.85879,7.53909,2
179.8,0.05237,3.85878,7.53909,2
179.9,0.05237,3.85877,7.53909,2
180,0.05237,3.85875,7.53909,2
180.1,0.05238,3.85874,7.53909,2
180.2,0.05238,3.85872,7.53909,2
180.3,0.05238,3.85871,7.53909,2
180.4,0.05238,3.8587,7.53909,2
180.5,0.05238,3.85868,7.53909,2
180.6,0.05238,3.85867,7.53909,2
180.7,0.05238,3.85865,7.53909,2
180.8,0.05239,3.85864,7.53909,2
180.9,0.05239,3.85862,7.53909,2
181,0.05239,3.85861,7.53909,2
181.1,0.05239,3.8586,7.53909,2
181.2,0.05239,3.85858,7.53909,2
181.3,0.05239,3.85857,7.53909,2
181.4,0.0524,3.85855,7.53909,2
181.5,0.0524,3.85854,7.53909,2
181.6,0.0524,3.85852,7.53909,2
181.7,0.0524,3.85851,7.53909,2
181.8,0.0524,3.85849,7.53909,2
181.9,0.0524,3.85848,7.53909,2
182,0.0524,3.85846,7.53909,2
182.1,0.05241,3.85845,7.53909,2
182.2,0.05241,3.85843,7.53909,2
182.3,0.05241,3.85841,7.53909,2
182.4,0.05241,3.8584,7.53909,2
182.5,0.05241,3.85838,7.53909,2
182.6,0.05241,3.85837,7.53909,2
182.7,0.05242,3.85835,7.53909,2
182.8,0.05242,3.85833,7.53909,2
182.9,0.05242,3.85832,7.53909,2
183,0.05242,3.8583,7.53909,2
183.1,0.05242,3.85829,7.53909,2
183.2,0.05242,3.85827,7.53909,2
183.3,0.05242,3.85825,7.53909,2
183.4,0.05243,3.85824,7.53909,2
183.5,0.05243,3.85822,7.53909,2
183.6,0.05243,3.85821,7.53909,2
183.7,0.05243,3.85819,7.53909,2
183.8,0.05243,3.85818,7.53909,2
183.9,0.05243,3.85816,7.53909,2
184,0.05243,3.85815,7.53909,2
184.1,0.05244,3.85813,7.53909,2
184.2,0.05244,3.85812,7.53909,2
184.3,0.05244,3.8581,7.53909,2
184.4,0.05244,3.85808,7.53909,2
184.5,0.05244,3.85806,7.53909,2
184.6,0.05244,3.85805,7.53909,2
184.7,0.05245,3.85803,7.53909,2
184.8,0.05245,3.85801,7.53909,2
184.9,0.05245,3.858,7.53909,2
185,0.05245,3.85798,7.53909,2
185.1,0.05245,3.85796,7.53909,2
185.2,0.05245,3.85794,7.53909,2
185.3,0.05246,3.85792,7.53909,2
185.4,0.05246,3.8579,7.53909,2
185.5,0.05246,3.85788,7.53909,2
185.6,0.05246,3.85787,7.53909,2
185.7,0.05246,3.85785,7.53909,2
185.8,0.05246,3.85784,7.53909,2
185.9,0.05246,3.85783,7.53909,2
186,0.05247,3.85781,7.53909,2
186.1,0.05247,3.8578,7.53909,2
186.2,0.05247,3.85778,7.53909,2
186.3,0.05247,3.85777,7.53909,2
186.4,0.05247,3.85775,7.53909,2
186.5,0.05247,3.85773,7.53909,2
186.6,0.05248,3.85771,7.53909,2
186.7,0.05248,3.85769,7.53909,2
186.8,0.05248,3.85767,7.53909,2
186.9,0.05248,3.85765,7.53909,2
187,0.05248,3.85763,7.53909,2
187.1,0.05248,3.85761,7.53909,2
187.2,0.05249,3.85759,7.53909,2
187.3,0.05249,3.85757,7.53909,2
187.4,0.05249,3.85755,7.53909,2
187.5,0.05249,3.85754,7.53909,2
187.6,0.05249,3.85752,7.53909,2
187.7,0.05249,3.8575,7.53909,2
187.8,0.05249,3.85748,7.53909,2
187.9,0.0525,3.85747,7.53909,2
188,0.0525,3.85745,7.53909,2
188.1,0.0525,3.85743,7.53909,2
188.2,0.0525,3.85741,7.53909,2
188.3,0.0525,3.85739,7.53909,2
188.4,0.0525,3.85737,7.53909,2
188.5,0.05251,3.85734,7.53909,2
188.6,0.05251,3.85732,7.53909,2
188.7,0.05251,3.8573,7.53909,2
188.8,0.05251,3.85727,7.53909,2
188.9,0.05251,3.85725,7.53909,2
189,0.05251,3.85723,7.53909,2
189.1,0.05252,3.85721,7.53909,2
189.2,0.05252,3.85719,7.53909,2
189.3,0.05252,3.85717,7.53909,2
189.4,0.05252,3.85714,7.53909,2
189.5,0.05252,3.85712,7.53909,2
189.6,0.05252,3.8571,7.53909,2
189.7,0.05253,3.85708,7.53909,2
189.8,0.05253,3.85706,7.53909,2
189.9,0.05253,3.85703,7.53909,2
190,0.05253,3.85701,7.53909,2
190.1,0.05253,3.85699,7.53909,2
190.2,0.05253,3.85696,7.53909,2
190.3,0.05254,3.85694,7.53909,2
190.4,0.05254,3.85692,7.53909,2
190.5,0.05254,3.8569,7.53909,2
190.6,0.05254,3.85687,7.53909,2
190.7,0.05254,3.85685,7.53909,2
190.8,0.05254,3.85683,7.53909,2
190.9,0.05254,3.85681,7.53909,2
191,0.05255,3.85678,7.53909,2
191.1,0.05255,3.85676,7.53909,2
191.2,0.05255,3.85674,7.53909,2
191.3,0.05255,3.85671,7.53909,2
191.4,0.05255,3.85669,7.53909,2
191.5,0.05256,3.85667,7.53909,2
191.6,0.05256,3.85665,7.53909,2
191.7,0.05256,3.85662,7.53909,2
191.8,0.05256,3.8566,7.53909,2
191.9,0.05256,3.85658,7.53909,2
192,0.05256,3.85656,7.53909,2
192.1,0.05257,3.85654,7.53909,2
192.2,0.05257,3.85652,7.53909,2
192.3,0.05257,3.8565,7.53909,2
192.4,0.05257,3.85649,7.53909,2
192.5,0.05257,3.85647,7.53909,2
192.6,0.05257,3.85645,7.53909,2
192.7,0.05258,3.85643,7.53909,2
192.8,0.05258,3.85641,7.53909,2
192.9,0.05258,3.85639,7.53909,2
193,0.05258,3.85637,7.53909,2
193.1,0.05258,3.85635,7.53908,2
193.2,0.05258,3.85633,7.53908,2
193.3,0.05259,3.85631,7.53908,2
193.4,0.05259,3.85628,7.53908,2
193.5,0.05259,3.85626,7.53908,2
193.6,0.05259,3.85623,7.53908,2
193.7,0.05259,3.85621,7.53908,2
193.8,0.05259,3.85618,7.53908,2
193.9,0.0526,3.85616,7.53908,2
194,0.0526,3.85613,7.53908,2
194.1,0.0526,3.8561,7.53908,2
194.2,0.0526,3.85608,7.53908,2
194.3,0.0526,3.85605,7.53908,2
194.4,0.0526,3.85603,7.53908,2
194.5,0.05261,3.856,7.53908,2
194.6,0.05261,3.85597,7.53908,2
194.7,0.05261,3.85594,7.53908,2
194.8,0.05261,3.85592,7.53908,2
194.9,0.05261,3.85589,7.53908,2
195,0.05261,3.85586,7.53908,2
195.1,0.05262,3.85583,7.53908,2
195.2,0.05262,3.8558,7.53908,2
195.3,0.05262,3.85577,7.53908,2
195.4,0.05262,3.85575,7.53908,2
195.5,0.05262,3.85572,7.53908,2
195.6,0.05262,3.85569,7.53908,2
195.7,0.05263,3.85566,7.53908,2
195.8,0.05263,3.85563,7.53908,2
195.9,0.05263,3.8556,7.53908,2
196,0.05263,3.85557,7.53908,2
196.1,0.05263,3.85554,7.53908,2
196.2,0.05263,3.85551,7.53908,2
196.3,0.05264,3.85548,7.53908,2
196.4,0.05264,3.85545,7.53908,2
196.5,0.05264,3.85542,7.53908,2
196.6,0.05264,3.85539,7.53908,2
196.7,0.05264,3.85535,7.53908,2
196.8,0.05264,3.85532,7.53908,2
196.9,0.05265,3.85529,7.53908,2
197,0.05265,3.85526,7.53908,2
197.1,0.05265,3.85524,7.53908,2
197.2,0.05265,3.85521,7.53908,2
197.3,0.05265,3.85518,7.53908,2
197.4,0.05265,3.85515,7.53908,2
197.5,0.05266,3.85512,7.53908,2
197.6,0.05266,3.85508,7.53908,2
197.7,0.05266,3.85505,7.53908,2
197.8,0.05266,3.85502,7.53908,2
197.9,0.05266,3.85499,7.53908,2
198,0.05267,3.85495,7.53908,2
198.1,0.05267,3.85492,7.53908,2
198.2,0.05267,3.85489,7.53908,2
198.3,0.05267,3.85486,7.53908,2
198.4,0.05267,3.85483,7.53908,2
198.5,0.05267,3.8548,7.53908,2
198.6,0.05268,3.85476,7.53908,2
198.7,0.05268,3.85474,7.53908,2
198.8,0.05268,3.85471,7.53908,2
198.9,0.05268,3.85468,7.53908,2
199,0.05268,3.85465,7.53908,2
199.1,0.05268,3.85462,7.53908,2
199.2,0.05269,3.85459,7.53908,2
199.3,0.05269,3.85456,7.53908,2
199.4,0.05269,3.85453,7.53908,2
199.5,0.05269,3.8545,7.53908,2
199.6,0.05269,3.85447,7.53908,2
199.7,0.0527,3.85444,7.53908,2
199.8,0.0527,3.8544,7.53908,2
199.9,0.0527,3.85437,7.53908,2
200,0.0527,3.85434,7.53908,2
200.1,0.0527,3.85431,7.53908,2
200.2,0.0527,3.85428,7.53908,2
200.3,0.05271,3.85425,7.53908,2
200.4,0.05271,3.85422,7.53908,2
200.5,0.05271,3.85419,7.53908,2
200.6,0.05271,3.85416,7.53908,2
200.7,0.05271,3.85413,7.53908,2
200.8,0.05271,3.8541,7.53908,2
200.9,0.05272,3.85407,7.53908,2
201,0.05272,3.85404,7.53908,2
201.1,0.05272,3.85401,7.53908,2
201.2,0.05272,3.85398,7.53908,2
201.3,0.05272,3.85395,7.53908,2
201.4,0.05273,3.85392,7.53908,2
201.5,0.05273,3.85389,7.53908,2
201.6,0.05273,3.85386,7.53908,2
201.7,0.05273,3.85383,7.53908,2
201.8,0.05273,3.8538,7.53908,2
201.9,0.05273,3.85377,7.53908,2
202,0.05274,3.85374,7.53908,2
202.1,0.05274,3.85372,7.53908,2
202.2,0.05274,3.85369,7.53908,2
202.3,0.05274,3.85366,7.53908,2
202.4,0.05274,3.85363,7.53908,2
202.5,0.05274,3.8536,7.53908,2
202.6,0.05275,3.85357,7.53908,2
202.7,0.05275,3.85354,7.53908,2
202.8,0.05275,3.85351,7.53908,2
202.9,0.05275,3.85348,7.53908,2
203,0.05275,3.85345,7.53908,2
203.1,0.05276,3.85342,7.53908,2
203.2,0.05276,3.85339,7.53908,2
203.3,0.05276,3.85336,7.53908,2
203.4,0.05276,3.85333,7.53908,2
203.5,0.05276,3.8533,7.53908,2
203.6,0.05277,3.85328,7.53908,2
203.7,0.05277,3.85325,7.53908,2
203.8,0.05277,3.85322,7.53908,2
203.9,0.05277,3.8532,7.53908,2
204,0.05277,3.85317,7.53908,2
204.1,0.05278,3.85315,7.53908,2
204.2,0.05278,3.85312,7.53908,2
204.3,0.05278,3.85309,7.53908,2
204.4,0.05278,3.85307,7.53908,2
204.5,0.05278,3.85304,7.53908,2
204.6,0.05279,3.85302,7.53908,2
204.7,0.05279,3.853,7.53908,2
204.8,0.05279,3.85297,7.53908,2
204.9,0.05279,3.85295,7.53908,2
205,0.05279,3.85292,7.53908,2
205.1,0.0528,3.8529,7.53908,2
205.2,0.0528,3.85288,7.53908,2
205.3,0.0528,3.85286,7.53908,2
205.4,0.0528,3.85284,7.53908,2
205.5,0.0528,3.85281,7.53908,2
205.6,0.05281,3.85279,7.53908,2
205.7,0.05281,3.85277,7.53908,2
205.8,0.05281,3.85274,7.53908,2
205.9,0.05281,3.85272,7.53908,2
206,0.05281,3.8527,7.53908,2
206.1,0.05281,3.85267,7.53908,2
206.2,0.05282,3.85265,7.53908,2
206.3,0.05282,3.85263,7.53908,2
206.4,0.05282,3.8526,7.53908,2
206.5,0.05282,3.85258,7.53908,2
206.6,0.05282,3.85255,7.53908,2
206.7,0.05283,3.85253,7.53908,2
206.8,0.05283,3.8525,7.53908,2
206.9,0.05283,3.85247,7.53908,2
207,0.05283,3.85245,7.53908,2
207.1,0.05283,3.85242,7.53908,2
207.2,0.05284,3.8524,7.53908,2
207.3,0.05284,3.85237,7.53908,2
207.4,0.05284,3.85235,7.53908,2
207.5,0.05284,3.85232,7.53908,2
207.6,0.05284,3.8523,7.53908,2
207.7,0.05285,3.85227,7.53908,2
207.8,0.05285,3.85225,7.53907,2
207.9,0.05285,3.85222,7.53907,2
208,0.05285,3.8522,7.53907,2
208.1,0.05285,3.85217,7.53907,2
208.2,0.05286,3.85215,7.53907,2
208.3,0.05286,3.85212,7.53907,2
208.4,0.05286,3.8521,7.53907,2
208.5,0.05286,3.85207,7.53907,2
208.6,0.05286,3.85205,7.53907,2
208.7,0.05287,3.85202,7.53907,2
208.8,0.05287,3.852,7.53907,2
208.9,0.05287,3.85198,7.53907,2
209,0.05287,3.85195,7.53907,2
209.1,0.05287,3.85193,7.53907,2
209.2,0.05287,3.85191,7.53907,2
209.3,0.05288,3.85189,7.53907,2
209.4,0.05288,3.85186,7.53907,2
209.5,0.05288,3.85184,7.53907,2
209.6,0.05288,3.85182,7.53907,2
209.7,0.05288,3.85179,7.53907,2
209.8,0.05289,3.85177,7.53907,2
209.9,0.05289,3.85175,7.53907,2
210,0.05289,3.85173,7.53907,2
210.1,0.05289,3.85171,7.53907,2
210.2,0.05289,3.85169,7.53907,2
210.3,0.0529,3.85167,7.53907,2
210.4,0.0529,3.85164,7.53907,2
210.5,0.0529,3.85162,7.53907,2
210.6,0.0529,3.8516,7.53907,2
210.7,0.0529,3.85158,7.53907,2
210.8,0.0529,3.85156,7.53907,2
210.9,0.05291,3.85153,7.53907,2
211,0.05291,3.85151,7.53907,2
211.1,0.05291,3.85149,7.53907,2
211.2,0.05291,3.85147,7.53907,2
211.3,0.05291,3.85145,7.53907,2
211.4,0.05291,3.85142,7.53907,2
211.5,0.05292,3.8514,7.53907,2
211.6,0.05292,3.85138,7.53907,2
211.7,0.05292,3.85136,7.53907,2
211.8,0.05292,3.85134,7.53907,2
211.9,0.05292,3.85131,7.53907,2
212,0.05293,3.85129,7.53907,2
212.1,0.05293,3.85126,7.53907,2
212.2,0.05293,3.85124,7.53907,2
212.3,0.05293,3.85121,7.53907,2
212.4,0.05293,3.85119,7.53907,2
212.5,0.05294,3.85116,7.53907,2
212.6,0.05294,3.85114,7.53907,2
212.7,0.05294,3.85111,7.53907,2
212.8,0.05294,3.85109,7.53907,2
212.9,0.05294,3.85107,7.53907,2
213,0.05294,3.85105,7.53907,2
213.1,0.05295,3.85103,7.53907,2
213.2,0.05295,3.85101,7.53907,2
213.3,0.05295,3.85099,7.53907,2
213.4,0.05295,3.85097,7.53907,2
213.5,0.05295,3.85094,7.53907,2
213.6,0.05296,3.85092,7.53907,2
213.7,0.05296,3.8509,7.53907,2
213.8,0.05296,3.85088,7.53907,2
213.9,0.05296,3.85085,7.53907,2
214,0.05296,3.85083,7.53907,2
214.1,0.05297,3.85081,7.53907,2
214.2,0.05297,3.85078,7.53907,2
214.3,0.05297,3.85076,7.53907,2
214.4,0.05297,3.85074,7.53907,2
214.5,0.05297,3.85072,7.53907,2
214.6,0.05297,3.8507,7.53906,2
214.7,0.05298,3.85067,7.53906,2
214.8,0.05298,3.85065,7.53906,2
214.9,0.05298,3.85063,7.53906,2
215,0.05298,3.85061,7.53906,2
215.1,0.05298,3.85059,7.53906,2
215.2,0.05299,3.85057,7.53906,2
215.3,0.05299,3.85055,7.53906,2
215.4,0.05299,3.85054,7.53906,2
215.5,0.05299,3.85052,7.53906,2
215.6,0.05299,3.8505,7.53906,2
215.7,0.053,3.85048,7.53906,2
215.8,0.053,3.85046,7.53906,2
215.9,0.053,3.85044,7.53906,2
216,0.053,3.85042,7.53906,2
216.1,0.053,3.8504,7.53906,2
216.2,0.053,3.85038,7.53906,2
216.3,0.05301,3.85037,7.53906,2
216.4,0.05301,3.85035,7.53906,2
216.5,0.05301,3.85033,7.53906,2
216.6,0.05301,3.85031,7.53906,2
216.7,0.05301,3.85029,7.53906,2
216.8,0.05302,3.85028,7.53905,2
216.9,0.05302,3.85026,7.53905,2
217,0.05302,3.85024,7.53905,2
217.1,0.05302,3.85022,7.53904,2
217.2,0.05302,3.8502,7.53904,2
217.3,0.05302,3.85018,7.53904,2
217.4,0.05303,3.85016,7.53904,2
217.5,0.05303,3.85014,7.53903,2
217.6,0.05303,3.85012,7.53903,2
217.7,0.05303,3.8501,7.53903,2
217.8,0.05303,3.85008,7.53903,2
217.9,0.05304,3.85006,7.53902,2
218,0.05304,3.85004,7.53902,2
218.1,0.05304,3.85002,7.53902,2
218.2,0.05304,3.85,7.53902,2
218.3,0.05304,3.84998,7.53901,2
218.4,0.05304,3.84996,7.53901,2
218.5,0.05305,3.84994,7.53901,2
218.6,0.05305,3.84992,7.539,2
218.7,0.05305,3.84991,7.539,2
218.8,0.05305,3.84989,7.539,2
218.9,0.05305,3.84987,7.539,2
219,0.05306,3.84986,7.539,2
219.1,0.05306,3.84984,7.539,2
219.2,0.05306,3.84982,7.53899,2
219.3,0.05306,3.8498,7.53899,2
219.4,0.05306,3.84978,7.53899,2
219.5,0.05307,3.84977,7.53899,2
219.6,0.05307,3.84975,7.53899,2
219.7,0.05307,3.84973,7.53898,2
219.8,0.05307,3.84972,7.53898,2
219.9,0.05307,3.8497,7.53898,2
220,0.05308,3.84969,7.53898,2
220.1,0.05308,3.84967,7.53898,2
220.2,0.05308,3.84966,7.53898,2
220.3,0.05308,3.84964,7.53897,2
220.4,0.05308,3.84962,7.53897,2
220.5,0.05309,3.84961,7.53897,2
220.6,0.05309,3.84959,7.53897,2
220.7,0.05309,3.84957,7.53897,2
220.8,0.05309,3.84955,7.53897,2
220.9,0.05309,3.84954,7.53896,2
221,0.0531,3.84952,7.53896,2
221.1,0.0531,3.8495,7.53896,2
221.2,0.0531,3.84948,7.53896,2
221.3,0.0531,3.84947,7.53896,2
221.4,0.0531,3.84945,7.53896,2
221.5,0.05311,3.84944,7.53896,2
221.6,0.05311,3.84942,7.53896,2
221.7,0.05311,3.8494,7.53895,2
221.8,0.05311,3.84939,7.53895,2
221.9,0.05312,3.84937,7.53895,2
222,0.05312,3.84935,7.53895,2
222.1,0.05312,3.84934,7.53895,2
222.2,0.05312,3.84932,7.53895,2
222.3,0.05312,3.84931,7.53895,2
222.4,0.05313,3.84929,7.53894,2
222.5,0.05313,3.84927,7.53894,2
222.6,0.05313,3.84926,7.53894,2
222.7,0.05313,3.84925,7.53894,2
222.8,0.05314,3.84923,7.53894,2
222.9,0.05314,3.84922,7.53894,2
223,0.05314,3.8492,7.53893,2
223.1,0.05314,3.84919,7.53893,2
223.2,0.05315,3.84918,7.53893,2
223.3,0.05315,3.84917,7.53893,2
223.4,0.05315,3.84916,7.53893,2
223.5,0.05315,3.84914,7.53893,2
223.6,0.05316,3.84913,7.53892,2
223.7,0.05316,3.84912,7.53892,2
223.8,0.05316,3.84911,7.53892,2
223.9,0.05316,3.84909,7.53892,2
224,0.05316,3.84908,7.53892,2
224.1,0.05317,3.84907,7.53892,2
224.2,0.05317,3.84906,7.53892,2
224.3,0.05317,3.84905,7.53891,2
224.4,0.05317,3.84904,7.53891,2
224.5,0.05318,3.84903,7.53891,2
224.6,0.05318,3.84902,7.53891,2
224.7,0.05318,3.84901,7.53891,2
224.8,0.05318,3.849,7.53891,2
224.9,0.05319,3.84899,7.53891,2
225,0.05319,3.84898,7.53891,2
225.1,0.05319,3.84897,7.53891,2
225.2,0.05319,3.84896,7.53891,2
225.3,0.0532,3.84895,7.53892,2
225.4,0.0532,3.84894,7.53892,2
225.5,0.0532,3.84893,7.53892,2
225.6,0.0532,3.84893,7.53892,2
225.7,0.05321,3.84892,7.53892,2
225.8,0.05321,3.84891,7.53893,2
225.9,0.05321,3.8489,7.53893,2
226,0.05321,3.84889,7.53893,2
226.1,0.05321,3.84888,7.53893,2
226.2,0.05322,3.84887,7.53894,2
226.3,0.05322,3.84886,7.53894,2
226.4,0.05322,3.84885,7.53894,2
226.5,0.05322,3.84884,7.53894,2
226.6,0.05323,3.84883,7.53895,2
226.7,0.05323,3.84882,7.53895,2
226.8,0.05323,3.84881,7.53895,2
226.9,0.05323,3.8488,7.53896,2
227,0.05324,3.84879,7.53896,2
227.1,0.05324,3.84878,7.53896,2
227.2,0.05324,3.84877,7.53896,2
227.3,0.05324,3.84876,7.53896,2
227.4,0.05325,3.84875,7.53897,2
227.5,0.05325,3.84875,7.53897,2
227.6,0.05325,3.84874,7.53897,2
227.7,0.05325,3.84873,7.53897,2
227.8,0.05326,3.84872,7.53898,2
227.9,0.05326,3.84871,7.53898,2
228,0.05326,3.84871,7.53898,2
228.1,0.05326,3.8487,7.53898,2
228.2,0.05327,3.84869,7.53899,2
228.3,0.05327,3.84868,7.53899,2
228.4,0.05327,3.84868,7.53899,2
228.5,0.05327,3.84867,7.53899,2
228.6,0.05328,3.84866,7.53899,2
228.7,0.05328,3.84865,7.539,2
228.8,0.05328,3.84865,7.539,2
228.9,0.05328,3.84864,7.539,2
229,0.05329,3.84863,7.539,2
229.1,0.05329,3.84862,7.539,2
229.2,0.05329,3.84862,7.53901,2
229.3,0.05329,3.84861,7.53901,2
229.4,0.0533,3.8486,7.53901,2
229.5,0.0533,3.8486,7.53901,2
229.6,0.0533,3.84859,7.53901,2
229.7,0.0533,3.84858,7.53902,2
229.8,0.05331,3.84857,7.53902,2
229.9,0.05331,3.84857,7.53902,2
230,0.05331,3.84856,7.53902,2
230.1,0.05331,3.84855,7.53902,2
230.2,0.05332,3.84855,7.53903,2
230.3,0.05332,3.84854,7.53903,2
230.4,0.05332,3.84853,7.53903,2
230.5,0.05332,3.84853,7.53903,2
230.6,0.05333,3.84852,7.53903,2
230.7,0.05333,3.84851,7.53904,2
230.8,0.05333,3.84851,7.53904,2
230.9,0.05333,3.8485,7.53904,2
231,0.05334,3.8485,7.53904,2
231.1,0.05334,3.84849,7.53904,2
231.2,0.05334,3.84848,7.53904,2
231.3,0.05334,3.84848,7.53904,2
231.4,0.05335,3.84847,7.53905,2
231.5,0.05335,3.84846,7.53905,2
231.6,0.05335,3.84846,7.53905,2
231.7,0.05335,3.84845,7.53905,2
231.8,0.05336,3.84845,7.53905,2
231.9,0.05336,3.84844,7.53906,2
232,0.05336,3.84844,7.53906,2
232.1,0.05336,3.84843,7.53906,2
232.2,0.05337,3.84842,7.53906,2
232.3,0.05337,3.84842,7.53906,2
232.4,0.05337,3.84842,7.53906,2
232.5,0.05337,3.84841,7.53907,2
232.6,0.05338,3.84841,7.53907,2
232.7,0.05338,3.8484,7.53907,2
232.8,0.05338,3.8484,7.53907,2
232.9,0.05338,3.8484,7.53907,2
233,0.05339,3.84839,7.53907,2
233.1,0.05339,3.84839,7.53908,2
233.2,0.05339,3.84838,7.53908,2
233.3,0.05339,3.84838,7.53908,2
233.4,0.0534,3.84838,7.53908,2
233.5,0.0534,3.84837,7.53908,2
233.6,0.0534,3.84837,7.53908,2
233.7,0.0534,3.84836,7.53908,2
233.8,0.05341,3.84836,7.53908,2
233.9,0.05341,3.84835,7.53909,2
234,0.05341,3.84835,7.53909,2
234.1,0.05341,3.84835,7.53909,2
234.2,0.05342,3.84834,7.53909,2
234.3,0.05342,3.84834,7.53909,2
234.4,0.05342,3.84834,7.53909,2
234.5,0.05342,3.84833,7.53909,2
234.6,0.05343,3.84833,7.5391,2
234.7,0.05343,3.84833,7.5391,2
234.8,0.05343,3.84832,7.5391,2
234.9,0.05343,3.84832,7.5391,2
235,0.05344,3.84832,7.5391,2
235.1,0.05344,3.84832,7.5391,2
235.2,0.05344,3.84832,7.5391,2
235.3,0.05344,3.84831,7.5391,2
235.4,0.05345,3.84831,7.53911,2
235.5,0.05345,3.84831,7.53911,2
235.6,0.05345,3.84831,7.53911,2
235.7,0.05345,3.8483,7.53911,2
235.8,0.05346,3.8483,7.53911,2
235.9,0.05346,3.8483,7.53911,2
236,0.05346,3.84829,7.53911,2
236.1,0.05346,3.84829,7.53911,2
236.2,0.05347,3.84828,7.53911,2
236.3,0.05347,3.84828,7.53912,2
236.4,0.05347,3.84828,7.53912,2
236.5,0.05347,3.84828,7.53912,2
236.6,0.05348,3.84828,7.53912,2
236.7,0.05348,3.84828,7.53912,2
236.8,0.05348,3.84828,7.53912,2
236.9,0.05348,3.84828,7.53912,2
237,0.05349,3.84828,7.53912,2
237.1,0.05349,3.84828,7.53912,2
237.2,0.05349,3.84828,7.53912,2
237.3,0.05349,3.84828,7.53912,2
237.4,0.0535,3.84827,7.53913,2
237.5,0.0535,3.84827,7.53913,2
237.6,0.0535,3.84827,7.53913,2
237.7,0.05351,3.84827,7.53913,2
237.8,0.05351,3.84827,7.53913,2
237.9,0.05351,3.84827,7.53913,2
238,0.05351,3.84827,7.53913,2
238.1,0.05352,3.84828,7.53913,2
238.2,0.05352,3.84828,7.53913,2
238.3,0.05352,3.84828,7.53913,2
238.4,0.05352,3.84828,7.53913,2
238.5,0.05353,3.84828,7.53913,2
238.6,0.05353,3.84828,7.53913,2
238.7,0.05353,3.84828,7.53914,2
238.8,0.05354,3.84828,7.53914,2
238.9,0.05354,3.84829,7.53914,2
239,0.05354,3.84829,7.53914,2
239.1,0.05354,3.8483,7.53914,2
239.2,0.05355,3.8483,7.53914,2
239.3,0.05355,3.8483,7.53914,2
239.4,0.05355,3.84831,7.53914,2
239.5,0.05355,3.84831,7.53914,2
239.6,0.05356,3.84831,7.53914,2
239.7,0.05356,3.84832,7.53914,2
239.8,0.05356,3.84832,7.53914,2
239.9,0.05356,3.84833,7.53914,2
240,0.05357,3.84833,7.53914,2
240.1,0.05357,3.84834,7.53914,2
240.2,0.05357,3.84834,7.53914,2
240.3,0.05357,3.84834,7.53915,2
240.4,0.05358,3.84835,7.53915,2
240.5,0.05358,3.84835,7.53915,2
240.6,0.05358,3.84835,7.53915,2
240.7,0.05359,3.84835,7.53915,2
240.8,0.05359,3.84835,7.53915,2
240.9,0.05359,3.84836,7.53915,2
241,0.05359,3.84836,7.53915,2
241.1,0.0536,3.84836,7.53915,2
241.2,0.0536,3.84837,7.53915,2
241.3,0.0536,3.84837,7.53915,2
241.4,0.0536,3.84837,7.53915,2
241.5,0.05361,3.84837,7.53915,2
241.6,0.05361,3.84837,7.53915,2
241.7,0.05361,3.84837,7.53915,2
241.8,0.05361,3.84838,7.53915,2
241.9,0.05362,3.84838,7.53915,2
242,0.05362,3.84838,7.53915,2
242.1,0.05362,3.84838,7.53915,2
242.2,0.05362,3.84839,7.53915,2
242.3,0.05363,3.84839,7.53915,2
242.4,0.05363,3.84839,7.53916,2
242.5,0.05363,3.8484,7.53916,2
242.6,0.05363,3.8484,7.53916,2
242.7,0.05364,3.8484,7.53916,2
242.8,0.05364,3.8484,7.53916,2
242.9,0.05364,3.8484,7.53916,2
243,0.05364,3.84841,7.53916,2
243.1,0.05365,3.84841,7.53916,2
243.2,0.05365,3.84841,7.53916,2
243.3,0.05365,3.84841,7.53916,2
243.4,0.05365,3.84841,7.53916,2
243.5,0.05366,3.84841,7.53916,2
243.6,0.05366,3.84842,7.53916,2
243.7,0.05366,3.84842,7.53916,2
243.8,0.05366,3.84842,7.53916,2
243.9,0.05367,3.84843,7.53916,2
244,0.05367,3.84843,7.53916,2
244.1,0.05367,3.84843,7.53916,2
244.2,0.05368,3.84843,7.53916,2
244.3,0.05368,3.84844,7.53916,2
244.4,0.05368,3.84844,7.53916,2
244.5,0.05368,3.84844,7.53916,2
244.6,0.05369,3.84845,7.53916,2
244.7,0.05369,3.84845,7.53916,2
244.8,0.05369,3.84845,7.53916,2
244.9,0.05369,3.84846,7.53916,2
245,0.0537,3.84846,7.53916,2
245.1,0.0537,3.84847,7.53916,2
245.2,0.0537,3.84848,7.53916,2
245.3,0.0537,3.84848,7.53916,2
245.4,0.05371,3.84849,7.53916,2
245.5,0.05371,3.84849,7.53916,2
245.6,0.05371,3.84849,7.53916,2
245.7,0.05371,3.8485,7.53916,2
245.8,0.05372,3.8485,7.53916,2
245.9,0.05372,3.8485,7.53916,2
246,0.05372,3.84851,7.53916,2
246.1,0.05372,3.84851,7.53916,2
246.2,0.05373,3.84851,7.53916,2
246.3,0.05373,3.84852,7.53916,2
246.4,0.05373,3.84852,7.53916,2
246.5,0.05373,3.84852,7.53916,2
246.6,0.05374,3.84852,7.53916,2
246.7,0.05374,3.84853,7.53916,2
246.8,0.05374,3.84853,7.53916,2
246.9,0.05375,3.84853,7.53916,2
247,0.05375,3.84854,7.53916,2
247.1,0.05375,3.84854,7.53916,2
247.2,0.05375,3.84855,7.53916,2
247.3,0.05376,3.84855,7.53916,2
247.4,0.05376,3.84856,7.53916,2
247.5,0.05376,3.84857,7.53916,2
247.6,0.05376,3.84857,7.53916,2
247.7,0.05377,3.84858,7.53916,2
247.8,0.05377,3.84858,7.53916,2
247.9,0.05377,3.84859,7.53916,2
248,0.05377,3.84859,7.53916,2
248.1,0.05378,3.8486,7.53916,2
248.2,0.05378,3.8486,7.53916,2
248.3,0.05378,3.84861,7.53916,2
248.4,0.05378,3.84861,7.53916,2
248.5,0.05379,3.84861,7.53916,2
248.6,0.05379,3.84862,7.53916,2
248.7,0.05379,3.84862,7.53916,2
248.8,0.05379,3.84862,7.53916,2
248.9,0.0538,3.84863,7.53916,2
249,0.0538,3.84863,7.53916,2
249.1,0.0538,3.84864,7.53916,2
249.2,0.05381,3.84864,7.53916,2
249.3,0.05381,3.84865,7.53916,2
249.4,0.05381,3.84866,7.53916,2
249.5,0.05381,3.84866,7.53915,2
249.6,0.05382,3.84867,7.53915,2
249.7,0.05382,3.84867,7.53915,2
249.8,0.05382,3.84868,7.53915,2
249.9,0.05382,3.84868,7.53915,2
250,0.05383,3.84869,7.53915,2
250.1,0.05383,3.8487,7.53915,2
250.2,0.05383,3.8487,7.53915,2
250.3,0.05384,3.84871,7.53915,2
250.4,0.05384,3.84872,7.53915,2
250.5,0.05384,3.84873,7.53915,2
250.6,0.05384,3.84873,7.53915,2
250.7,0.05385,3.84874,7.53915,2
250.8,0.05385,3.84875,7.53915,2
250.9,0.05385,3.84875,7.53915,2
251,0.05386,3.84876,7.53915,2
251.1,0.05386,3.84877,7.53915,2
251.2,0.05386,3.84877,7.53915,2
251.3,0.05386,3.84878,7.53915,2
251.4,0.05387,3.84879,7.53915,2
251.5,0.05387,3.8488,7.53915,2
251.6,0.05387,3.84881,7.53915,2
251.7,0.05387,3.84881,7.53915,2
251.8,0.05388,3.84882,7.53915,2
251.9,0.05388,3.84883,7.53915,2
252,0.05388,3.84883,7.53914,2
252.1,0.05389,3.84884,7.53914,2
252.2,0.05389,3.84885,7.53914,2
252.3,0.05389,3.84885,7.53914,2
252.4,0.05389,3.84886,7.53914,2
252.5,0.0539,3.84887,7.53914,2
252.6,0.0539,3.84888,7.53914,2
252.7,0.0539,3.84889,7.53914,2
252.8,0.05391,3.84889,7.53914,2
252.9,0.05391,3.8489,7.53914,2
253,0.05391,3.84891,7.53914,2
253.1,0.05391,3.84892,7.53914,2
253.2,0.05392,3.84892,7.53914,2
253.3,0.05392,3.84893,7.53914,2
253.4,0.05392,3.84894,7.53914,2
253.5,0.05393,3.84895,7.53914,2
253.6,0.05393,3.84895,7.53914,2
253.7,0.05393,3.84896,7.53914,2
253.8,0.05393,3.84897,7.53914,2
253.9,0.05394,3.84898,7.53913,2
254,0.05394,3.84899,7.53913,2
254.1,0.05394,3.849,7.53913,2
254.2,0.05395,3.849,7.53913,2
254.3,0.05395,3.84901,7.53913,2
254.4,0.05395,3.84902,7.53913,2
254.5,0.05395,3.84903,7.53913,2
254.6,0.05396,3.84904,7.53913,2
254.7,0.05396,3.84905,7.53913,2
254.8,0.05396,3.84905,7.53913,2
254.9,0.05397,3.84906,7.53913,2
255,0.05397,3.84907,7.53913,2
255.1,0.05397,3.84908,7.53913,2
255.2,0.05398,3.84909,7.53913,2
255.3,0.05398,3.8491,7.53913,2
255.4,0.05398,3.8491,7.53913,2
255.5,0.05398,3.84911,7.53912,2
255.6,0.05399,3.84912,7.53912,2
255.7,0.05399,3.84913,7.53912,2
255.8,0.05399,3.84914,7.53912,2
255.9,0.054,3.84914,7.53912,2
256,0.054,3.84915,7.53912,2
256.1,0.054,3.84916,7.53912,2
256.2,0.054,3.84917,7.53912,2
256.3,0.05401,3.84918,7.53912,2
256.4,0.05401,3.84919,7.53912,2
256.5,0.05401,3.8492,7.53912,2
256.6,0.05402,3.84921,7.53912,2
256.7,0.05402,3.84922,7.53912,2
256.8,0.05402,3.84923,7.53912,2
256.9,0.05402,3.84923,7.53912,2
257,0.05403,3.84924,7.53911,2
257.1,0.05403,3.84925,7.53911,2
257.2,0.05403,3.84926,7.53911,2
257.3,0.05404,3.84927,7.53911,2
257.4,0.05404,3.84928,7.53911,2
257.5,0.05404,3.84929,7.53911,2
257.6,0.05405,3.8493,7.53911,2
257.7,0.05405,3.84931,7.53911,2
257.8,0.05405,3.84932,7.53911,2
257.9,0.05406,3.84933,7.53911,2
258,0.05406,3.84934,7.53911,2
258.1,0.05406,3.84935,7.53911,2
258.2,0.05406,3.84936,7.53911,2
258.3,0.05407,3.84937,7.5391,2
258.4,0.05407,3.84938,7.5391,2
258.5,0.05407,3.84939,7.5391,2
258.6,0.05408,3.84941,7.5391,2
258.7,0.05408,3.84942,7.5391,2
258.8,0.05408,3.84943,7.5391,2
258.9,0.05409,3.84944,7.5391,2
259,0.05409,3.84945,7.5391,2
259.1,0.05409,3.84946,7.5391,2
259.2,0.05409,3.84947,7.5391,2
259.3,0.0541,3.84948,7.5391,2
259.4,0.0541,3.84949,7.53909,2
259.5,0.0541,3.8495,7.53909,2
259.6,0.05411,3.84951,7.53909,2
259.7,0.05411,3.84952,7.53909,2
259.8,0.05411,3.84953,7.53909,2
259.9,0.05412,3.84954,7.53909,2
260,0.05412,3.84955,7.53909,2
260.1,0.05412,3.84956,7.53909,2
260.2,0.05413,3.84957,7.53909,2
260.3,0.05413,3.84958,7.53909,2
260.4,0.05413,3.84959,7.53908,2
260.5,0.05413,3.8496,7.53908,2
260.6,0.05414,3.84961,7.53908,2
260.7,0.05414,3.84963,7.53908,2
260.8,0.05414,3.84964,7.53908,2
260.9,0.05415,3.84965,7.53908,2
261,0.05415,3.84966,7.53908,2
261.1,0.05415,3.84967,7.53908,2
261.2,0.05416,3.84968,7.53908,2
261.3,0.05416,3.84969,7.53908,2
261.4,0.05416,3.8497,7.53908,2
261.5,0.05417,3.84971,7.53908,2
261.6,0.05417,3.84972,7.53907,2
261.7,0.05417,3.84973,7.53907,2
261.8,0.05418,3.84975,7.53907,2
261.9,0.05418,3.84976,7.53907,2
262,0.05418,3.84977,7.53907,2
262.1,0.05418,3.84978,7.53907,2
262.2,0.05419,3.84979,7.53907,2
262.3,0.05419,3.8498,7.53907,2
262.4,0.05419,3.84981,7.53907,2
262.5,0.0542,3.84983,7.53906,2
262.6,0.0542,3.84984,7.53906,2
262.7,0.0542,3.84985,7.53906,2
262.8,0.05421,3.84986,7.53906,2
262.9,0.05421,3.84987,7.53906,2
263,0.05421,3.84988,7.53906,2
263.1,0.05422,3.84989,7.53906,2
263.2,0.05422,3.8499,7.53906,2
263.3,0.05422,3.84991,7.53906,2
263.4,0.05423,3.84992,7.53905,2
263.5,0.05423,3.84993,7.53905,2
263.6,0.05423,3.84994,7.53905,2
263.7,0.05423,3.84995,7.53905,2
263.8,0.05424,3.84996,7.53905,2
263.9,0.05424,3.84997,7.53905,2
264,0.05424,3.84998,7.53905,2
264.1,0.05425,3.84998,7.53905,2
264.2,0.05425,3.84999,7.53904,2
264.3,0.05425,3.85,7.53904,2
264.4,0.05426,3.85001,7.53904,2
264.5,0.05426,3.85002,7.53904,2
264.6,0.05426,3.85003,7.53904,2
264.7,0.05427,3.85004,7.53904,2
264.8,0.05427,3.85005,7.53904,2
264.9,0.05427,3.85006,7.53904,2
265,0.05428,3.85007,7.53904,2
265.1,0.05428,3.85008,7.53904,2
265.2,0.05428,3.85009,7.53903,2
265.3,0.05428,3.85009,7.53903,2
265.4,0.05429,3.8501,7.53903,2
265.5,0.05429,3.85011,7.53903,2
265.6,0.05429,3.85012,7.53903,2
265.7,0.0543,3.85013,7.53903,2
265.8,0.0543,3.85014,7.53903,2
265.9,0.0543,3.85015,7.53903,2
266,0.05431,3.85016,7.53902,2
266.1,0.05431,3.85017,7.53902,2
266.2,0.05431,3.85018,7.53902,2
266.3,0.05432,3.8502,7.53902,2
266.4,0.05432,3.85021,7.53902,2
266.5,0.05432,3.85022,7.53902,2
266.6,0.05433,3.85022,7.53902,2
266.7,0.05433,3.85024,7.53901,2
266.8,0.05433,3.85024,7.53901,2
266.9,0.05433,3.85025,7.53901,2
267,0.05434,3.85026,7.53901,2
267.1,0.05434,3.85027,7.53901,2
267.2,0.05434,3.85028,7.53901,2
267.3,0.05435,3.85029,7.53901,2
267.4,0.05435,3.8503,7.53901,2
267.5,0.05435,3.85031,7.539,2
267.6,0.05436,3.85032,7.539,2
267.7,0.05436,3.85032,7.539,2
267.8,0.05436,3.85033,7.539,2
267.9,0.05437,3.85034,7.539,2
268,0.05437,3.85034,7.539,2
268.1,0.05437,3.85035,7.539,2
268.2,0.05438,3.85036,7.539,2
268.3,0.05438,3.85036,7.53899,2
268.4,0.05438,3.85037,7.53899,2
268.5,0.05439,3.85038,7.53899,2
268.6,0.05439,3.85039,7.53899,2
268.7,0.05439,3.8504,7.53899,2
268.8,0.05439,3.85041,7.53899,2
268.9,0.0544,3.85042,7.53899,2
269,0.0544,3.85043,7.53899,2
269.1,0.0544,3.85045,7.53898,2
269.2,0.05441,3.85046,7.53898,2
269.3,0.05441,3.85047,7.53898,2
269.4,0.05441,3.85048,7.53898,2
269.5,0.05442,3.85049,7.53898,2
269.6,0.05442,3.8505,7.53898,2
269.7,0.05442,3.85051,7.53898,2
269.8,0.05443,3.85052,7.53897,2
269.9,0.05443,3.85054,7.53897,2
270,0.05443,3.85054,7.53897,2
270.1,0.05444,3.85055,7.53897,2
270.2,0.05444,3.85056,7.53897,2
270.3,0.05444,3.85057,7.53897,2
270.4,0.05445,3.85058,7.53897,2
270.5,0.05445,3.85059,7.53896,2
270.6,0.05445,3.85059,7.53896,2
270.7,0.05446,3.8506,7.53896,2
270.8,0.05446,3.8506,7.53896,2
270.9,0.05446,3.85059,7.53896,2
271,0.05447,3.85057,7.53896,2
271.1,0.05447,3.85055,7.53896,2
271.2,0.05447,3.85053,7.53896,2
271.3,0.05448,3.8505,7.53895,2
271.4,0.05448,3.85048,7.53895,2
271.5,0.05448,3.85048,7.53895,2
271.6,0.05449,3.85048,7.53895,2
271.7,0.05449,3.85048,7.53895,2
271.8,0.05449,3.85048,7.53895,2
271.9,0.0545,3.85048,7.53895,2
272,0.0545,3.85049,7.53894,2
272.1,0.0545,3.85051,7.53894,2
272.2,0.05451,3.85052,7.53894,2
272.3,0.05451,3.85053,7.53894,2
272.4,0.05451,3.85055,7.53894,2
272.5,0.05452,3.85055,7.53894,2
272.6,0.05452,3.85056,7.53894,2
272.7,0.05452,3.85057,7.53893,2
272.8,0.05453,3.85058,7.53893,2
272.9,0.05453,3.8506,7.53893,2
273,0.05453,3.85061,7.53893,2
273.1,0.05454,3.85062,7.53893,2
273.2,0.05454,3.85063,7.53893,2
273.3,0.05454,3.85063,7.53893,2
273.4,0.05455,3.85063,7.53892,2
273.5,0.05455,3.85063,7.53892,2
273.6,0.05455,3.85063,7.53892,2
273.7,0.05456,3.85064,7.53892,2
273.8,0.05456,3.85064,7.53892,2
273.9,0.05456,3.85064,7.53892,2
274,0.05457,3.85064,7.53892,2
274.1,0.05457,3.85064,7.53892,2
274.2,0.05457,3.85065,7.53891,2
274.3,0.05458,3.85063,7.53891,2
274.4,0.05458,3.85064,7.53891,2
274.5,0.05458,3.85062,7.53891,2
274.6,0.05459,3.8506,7.53891,2
274.7,0.05459,3.85058,7.53891,2
274.8,0.05459,3.85055,7.53891,2
274.9,0.0546,3.85053,7.5389,2
275,0.0546,3.8505,7.5389,2
275.1,0.0546,3.85048,7.5389,2
275.2,0.05461,3.85046,7.5389,2
275.3,0.05461,3.85045,7.5389,2
275.4,0.05462,3.85043,7.5389,2
275.5,0.05462,3.85041,7.53889,2
275.6,0.05462,3.8504,7.53889,2
275.7,0.05463,3.85038,7.53889,2
275.8,0.05463,3.85036,7.53889,2
275.9,0.05463,3.85034,7.53889,2
276,0.05464,3.85036,7.53889,2
276.1,0.05464,3.85037,7.53889,2
276.2,0.05464,3.85038,7.53888,2
276.3,0.05465,3.85039,7.53888,2
276.4,0.05465,3.8504,7.53888,2
276.5,0.05465,3.85042,7.53888,2
276.6,0.05466,3.85043,7.53888,2
276.7,0.05466,3.85045,7.53888,2
276.8,0.05467,3.85046,7.53888,2
276.9,0.05467,3.85045,7.53888,2
277,0.05467,3.85046,7.53887,2
277.1,0.05468,3.85048,7.53887,2
277.2,0.05468,3.8505,7.53887,2
277.3,0.05468,3.85051,7.53887,2
277.4,0.05469,3.85051,7.53887,2
277.5,0.05469,3.8505,7.53887,2
277.6,0.05469,3.85051,7.53886,2
277.7,0.0547,3.85053,7.53886,2
277.8,0.0547,3.85055,7.53886,2
277.9,0.0547,3.85057,7.53886,2
278,0.05471,3.85059,7.53886,2
278.1,0.05471,3.85061,7.53886,2
278.2,0.05471,3.85063,7.53885,2
278.3,0.05472,3.85065,7.53885,2
278.4,0.05472,3.85067,7.53885,2
278.5,0.05472,3.85069,7.53885,2
278.6,0.05473,3.8507,7.53885,2
278.7,0.05473,3.85072,7.53885,2
278.8,0.05473,3.85073,7.53885,2
278.9,0.05474,3.85074,7.53884,2
279,0.05474,3.85076,7.53884,2
279.1,0.05474,3.85077,7.53884,2
279.2,0.05475,3.85079,7.53884,2
279.3,0.05475,3.85081,7.53884,2
279.4,0.05476,3.85083,7.53884,2
279.5,0.05476,3.85085,7.53884,2
279.6,0.05476,3.85086,7.53883,2
279.7,0.05477,3.85088,7.53883,2
279.8,0.05477,3.85089,7.53883,2
279.9,0.05477,3.85091,7.53883,2
280,0.05478,3.85092,7.53883,2
280.1,0.05478,3.85094,7.53883,2
280.2,0.05478,3.85096,7.53882,2
280.3,0.05479,3.85097,7.53882,2
280.4,0.05479,3.85099,7.53882,2
280.5,0.05479,3.85101,7.53882,2
280.6,0.0548,3.85103,7.53882,2
280.7,0.0548,3.85104,7.53882,2
280.8,0.0548,3.85104,7.53881,2
280.9,0.05481,3.85106,7.53881,2
281,0.05481,3.85105,7.53881,2
281.1,0.05481,3.85106,7.53881,2
281.2,0.05482,3.85108,7.53881,2
281.3,0.05482,3.85108,7.53881,2
281.4,0.05482,3.85107,7.5388,2
281.5,0.05483,3.85106,7.5388,2
281.6,0.05483,3.85107,7.5388,2
281.7,0.05484,3.85107,7.5388,2
281.8,0.05484,3.85107,7.5388,2
281.9,0.05484,3.85107,7.5388,2
282,0.05485,3.85106,7.5388,2
282.1,0.05485,3.85106,7.5388,2
282.2,0.05485,3.85105,7.53879,2
282.3,0.05486,3.85105,7.53879,2
282.4,0.05486,3.85104,7.53879,2
282.5,0.05486,3.85102,7.53879,2
282.6,0.05487,3.85101,7.53879,2
282.7,0.05487,3.851,7.53879,2
282.8,0.05487,3.851,7.53878,2
282.9,0.05488,3.851,7.53878,2
283,0.05488,3.851,7.53878,2
283.1,0.05488,3.85099,7.53878,2
283.2,0.05489,3.85098,7.53878,2
283.3,0.05489,3.85098,7.53878,2
283.4,0.0549,3.85098,7.53878,2
283.5,0.0549,3.85099,7.53877,2
283.6,0.0549,3.85098,7.53877,2
283.7,0.05491,3.85099,7.53877,2
283.8,0.05491,3.85099,7.53877,2
283.9,0.05491,3.851,7.53877,2
284,0.05492,3.851,7.53877,2
284.1,0.05492,3.85101,7.53876,2
284.2,0.05492,3.85102,7.53876,2
284.3,0.05493,3.85103,7.53876,2
284.4,0.05493,3.85103,7.53876,2
284.5,0.05493,3.85104,7.53876,2
284.6,0.05494,3.85103,7.53876,2
284.7,0.05494,3.85103,7.53876,2
284.8,0.05495,3.85103,7.53876,2
284.9,0.05495,3.85103,7.53875,2
285,0.05495,3.85104,7.53875,2
285.1,0.05496,3.85103,7.53875,2
285.2,0.05496,3.85103,7.53875,2
285.3,0.05496,3.85102,7.53875,2
285.4,0.05497,3.85101,7.53875,2
285.5,0.05497,3.851,7.53874,2
285.6,0.05497,3.85099,7.53874,2
285.7,0.05498,3.85098,7.53874,2
285.8,0.05498,3.85098,7.53874,2
285.9,0.05498,3.85097,7.53874,2
286,0.05499,3.85096,7.53874,2
286.1,0.05499,3.85096,7.53874,2
286.2,0.055,3.85096,7.53873,2
286.3,0.055,3.85096,7.53873,2
286.4,0.055,3.85096,7.53873,2
286.5,0.05501,3.85095,7.53873,2
286.6,0.05501,3.85095,7.53873,2
286.7,0.05501,3.85095,7.53873,2
286.8,0.05502,3.85095,7.53873,2
286.9,0.05502,3.85094,7.53872,2
287,0.05502,3.85094,7.53872,2
287.1,0.05503,3.85094,7.53872,2
287.2,0.05503,3.85093,7.53872,2
287.3,0.05504,3.85092,7.53872,2
287.4,0.05504,3.85091,7.53872,2
287.5,0.05504,3.85091,7.53872,2
287.6,0.05505,3.8509,7.53871,2
287.7,0.05505,3.85089,7.53871,2
287.8,0.05505,3.85089,7.53871,2
287.9,0.05506,3.85088,7.53871,2
288,0.05506,3.85088,7.53871,2
288.1,0.05506,3.85087,7.53871,2
288.2,0.05507,3.85087,7.53871,2
288.3,0.05507,3.85086,7.5387,2
288.4,0.05508,3.85086,7.5387,2
288.5,0.05508,3.85086,7.5387,2
288.6,0.05508,3.85085,7.5387,2
288.7,0.05509,3.85085,7.5387,2
288.8,0.05509,3.85085,7.5387,2
288.9,0.0551,3.85085,7.5387,2
289,0.0551,3.85084,7.53869,2
289.1,0.0551,3.85084,7.53869,2
289.2,0.05511,3.85084,7.53869,2
289.3,0.05511,3.85084,7.53869,2
289.4,0.05511,3.85085,7.53869,2
289.5,0.05512,3.85085,7.53869,2
289.6,0.05512,3.85085,7.53868,2
289.7,0.05513,3.85085,7.53868,2
289.8,0.05513,3.85085,7.53868,2
289.9,0.05513,3.85086,7.53868,2
290,0.05514,3.85086,7.53868,2
290.1,0.05514,3.85086,7.53868,2
290.2,0.05514,3.85087,7.53868,2
290.3,0.05515,3.85087,7.53868,2
290.4,0.05515,3.85088,7.53867,2
290.5,0.05516,3.85088,7.53867,2
290.6,0.05516,3.85089,7.53867,2
290.7,0.05516,3.8509,7.53867,2
290.8,0.05517,3.8509,7.53867,2
290.9,0.05517,3.8509,7.53867,2
291,0.05517,3.85091,7.53867,2
291.1,0.05518,3.85091,7.53866,2
291.2,0.05518,3.85092,7.53866,2
291.3,0.05519,3.85093,7.53866,2
291.4,0.05519,3.85094,7.53866,2
291.5,0.05519,3.85094,7.53866,2
291.6,0.0552,3.85095,7.53866,2
291.7,0.0552,3.85096,7.53866,2
291.8,0.0552,3.85097,7.53865,2
291.9,0.05521,3.85098,7.53865,2
292,0.05521,3.85099,7.53865,2
292.1,0.05522,3.851,7.53865,2
292.2,0.05522,3.85102,7.53865,2
292.3,0.05522,3.85103,7.53865,2
292.4,0.05523,3.85104,7.53865,2
292.5,0.05523,3.85106,7.53864,2
292.6,0.05524,3.85107,7.53864,2
292.7,0.05524,3.85108,7.53864,2
292.8,0.05524,3.8511,7.53864,2
292.9,0.05525,3.85111,7.53864,2
293,0.05525,3.85112,7.53864,2
293.1,0.05525,3.85114,7.53864,2
293.2,0.05526,3.85115,7.53864,2
293.3,0.05526,3.85116,7.53863,2
293.4,0.05526,3.85118,7.53863,2
293.5,0.05527,3.85119,7.53863,2
293.6,0.05527,3.8512,7.53863,2
293.7,0.05528,3.85121,7.53863,2
293.8,0.05528,3.85123,7.53863,2
293.9,0.05528,3.85124,7.53863,2
294,0.05529,3.85125,7.53862,2
294.1,0.05529,3.85126,7.53862,2
294.2,0.05529,3.85127,7.53862,2
294.3,0.0553,3.85129,7.53862,2
294.4,0.0553,3.8513,7.53862,2
294.5,0.05531,3.85131,7.53862,2
294.6,0.05531,3.85133,7.53862,2
294.7,0.05531,3.85134,7.53862,2
294.8,0.05532,3.85136,7.53861,2
294.9,0.05532,3.85137,7.53861,2
295,0.05532,3.85139,7.53861,2
295.1,0.05533,3.8514,7.53861,2
295.2,0.05533,3.85142,7.53861,2
295.3,0.05534,3.85144,7.53861,2
295.4,0.05534,3.85145,7.53861,2
295.5,0.05534,3.85147,7.5386,2
295.6,0.05535,3.85149,7.5386,2
295.7,0.05535,3.8515,7.5386,2
295.8,0.05535,3.85152,7.5386,2
295.9,0.05536,3.85153,7.5386,2
296,0.05536,3.85155,7.5386,2
296.1,0.05536,3.85157,7.5386,2
296.2,0.05537,3.85158,7.5386,2
296.3,0.05537,3.8516,7.53859,2
296.4,0.05538,3.85161,7.53859,2
296.5,0.05538,3.85163,7.53859,2
296.6,0.05538,3.85165,7.53859,2
296.7,0.05539,3.85166,7.53859,2
296.8,0.05539,3.85168,7.53859,2
296.9,0.0554,3.85169,7.53859,2
297,0.0554,3.85171,7.53859,2
297.1,0.0554,3.85172,7.53858,2
297.2,0.05541,3.85174,7.53858,2
297.3,0.05541,3.85175,7.53858,2
297.4,0.05541,3.85177,7.53858,2
297.5,0.05542,3.85179,7.53858,2
297.6,0.05542,3.8518,7.53858,2
297.7,0.05543,3.85182,7.53858,2
297.8,0.05543,3.85184,7.53857,2
297.9,0.05543,3.85186,7.53857,2
298,0.05544,3.85187,7.53857,2
298.1,0.05544,3.85189,7.53857,2
298.2,0.05544,3.85191,7.53857,2
298.3,0.05545,3.85192,7.53857,2
298.4,0.05545,3.85194,7.53857,2
298.5,0.05546,3.85195,7.53857,2
298.6,0.05546,3.85197,7.53856,2
298.7,0.05546,3.85198,7.53856,2
298.8,0.05547,3.852,7.53856,2
298.9,0.05547,3.85201,7.53856,2
299,0.05547,3.85203,7.53856,2
299.1,0.05548,3.85205,7.53856,2
299.2,0.05548,3.85206,7.53856,2
299.3,0.05549,3.85208,7.53856,2
299.4,0.05549,3.85209,7.53855,2
299.5,0.05549,3.85211,7.53855,2
299.6,0.0555,3.85213,7.53855,2
299.7,0.0555,3.85214,7.53855,2
299.8,0.0555,3.85216,7.53855,2
299.9,0.05551,3.85218,7.53855,2
300,0.05551,3.8522,7.53855,2
300.1,0.05552,3.85221,7.53854,2
300.2,0.05552,3.85223,7.53854,2
300.3,0.05552,3.85225,7.53854,2
300.4,0.05553,3.85227,7.53854,2
300.5,0.05553,3.85229,7.53854,2
300.6,0.05553,3.85231,7.53854,2
300.7,0.05554,3.85233,7.53854,2
300.8,0.05554,3.85235,7.53854,2
300.9,0.05555,3.85237,7.53853,2
301,0.05555,3.85239,7.53853,2
301.1,0.05555,3.8524,7.53853,2
301.2,0.05556,3.85242,7.53853,2
301.3,0.05556,3.85244,7.53853,2
301.4,0.05556,3.85246,7.53853,2
301.5,0.05557,3.85248,7.53853,2
301.6,0.05557,3.8525,7.53853,2
301.7,0.05558,3.85252,7.53852,2
301.8,0.05558,3.85254,7.53852,2
301.9,0.05558,3.85256,7.53852,2
302,0.05559,3.85257,7.53852,2
302.1,0.05559,3.85259,7.53852,2
302.2,0.05559,3.85261,7.53852,2
302.3,0.0556,3.85263,7.53852,2
302.4,0.0556,3.85265,7.53852,2
302.5,0.0556,3.85268,7.53852,2
302.6,0.05561,3.8527,7.53852,2
302.7,0.05561,3.85272,7.53851,2
302.8,0.05562,3.85273,7.53851,2
302.9,0.05562,3.85275,7.53851,2
303,0.05562,3.85277,7.53851,2
303.1,0.05563,3.85279,7.53851,2
303.2,0.05563,3.85282,7.53851,2
303.3,0.05563,3.85283,7.53851,2
303.4,0.05564,3.85285,7.53851,2
303.5,0.05564,3.85287,7.5385,2
303.6,0.05564,3.85289,7.5385,2
303.7,0.05565,3.85291,7.5385,2
303.8,0.05565,3.85293,7.5385,2
303.9,0.05566,3.85295,7.5385,2
304,0.05566,3.85297,7.5385,2
304.1,0.05566,3.85299,7.5385,2
304.2,0.05567,3.853,7.5385,2
304.3,0.05567,3.85302,7.5385,2
304.4,0.05567,3.85304,7.53849,2
304.5,0.05568,3.85307,7.53849,2
304.6,0.05568,3.85309,7.53849,2
304.7,0.05568,3.85311,7.53849,2
304.8,0.05569,3.85313,7.53849,2
304.9,0.05569,3.85315,7.53849,2
305,0.0557,3.85317,7.53849,2
305.1,0.0557,3.85319,7.53849,2
305.2,0.0557,3.85321,7.53849,2
305.3,0.05571,3.85323,7.53848,2
305.4,0.05571,3.85325,7.53848,2
305.5,0.05571,3.85327,7.53848,2
305.6,0.05572,3.85329,7.53848,2
305.7,0.05572,3.85331,7.53848,2
305.8,0.05572,3.85333,7.53848,2
305.9,0.05573,3.85335,7.53848,2
306,0.05573,3.85337,7.53848,2
306.1,0.05574,3.85339,7.53848,2
306.2,0.05574,3.85341,7.53848,2
306.3,0.05574,3.85343,7.53847,2
306.4,0.05575,3.85345,7.53847,2
306.5,0.05575,3.85347,7.53847,2
306.6,0.05575,3.85349,7.53847,2
306.7,0.05576,3.85351,7.53847,2
306.8,0.05576,3.85353,7.53847,2
306.9,0.05576,3.85355,7.53847,2
307,0.05577,3.85357,7.53847,2
307.1,0.05577,3.85359,7.53847,2
307.2,0.05578,3.85361,7.53846,2
307.3,0.05578,3.85362,7.53846,2
307.4,0.05578,3.85364,7.53846,2
307.5,0.05579,3.85366,7.53846,2
307.6,0.05579,3.85368,7.53846,2
307.7,0.05579,3.8537,7.53846,2
307.8,0.0558,3.85372,7.53846,2
307.9,0.0558,3.85373,7.53846,2
308,0.0558,3.85375,7.53846,2
308.1,0.05581,3.85377,7.53845,2
308.2,0.05581,3.85378,7.53845,2
308.3,0.05582,3.8538,7.53845,2
308.4,0.05582,3.85382,7.53845,2
308.5,0.05582,3.85383,7.53845,2
308.6,0.05583,3.85385,7.53845,2
308.7,0.05583,3.85386,7.53845,2
308.8,0.05583,3.85388,7.53845,2
308.9,0.05584,3.8539,7.53845,2
309,0.05584,3.85391,7.53845,2
309.1,0.05584,3.85392,7.53844,2
309.2,0.05585,3.85394,7.53844,2
309.3,0.05585,3.85395,7.53844,2
309.4,0.05586,3.85397,7.53844,2
309.5,0.05586,3.85398,7.53844,2
309.6,0.05586,3.854,7.53844,2
309.7,0.05587,3.85401,7.53844,2
309.8,0.05587,3.85402,7.53844,2
309.9,0.05587,3.85404,7.53844,2
310,0.05588,3.85405,7.53844,2
310.1,0.05588,3.85406,7.53844,2
310.2,0.05588,3.85408,7.53844,2
310.3,0.05589,3.85409,7.53843,2
310.4,0.05589,3.8541,7.53843,2
310.5,0.05589,3.85411,7.53843,2
310.6,0.0559,3.85413,7.53843,2
310.7,0.0559,3.85414,7.53843,2
310.8,0.05591,3.85415,7.53843,2
310.9,0.05591,3.85417,7.53843,2
311,0.05591,3.85418,7.53843,2
311.1,0.05592,3.85419,7.53843,2
311.2,0.05592,3.85421,7.53843,2
311.3,0.05592,3.85422,7.53843,2
311.4,0.05593,3.85424,7.53842,2
311.5,0.05593,3.85425,7.53842,2
311.6,0.05593,3.85427,7.53842,2
311.7,0.05594,3.85428,7.53842,2
311.8,0.05594,3.85429,7.53842,2
311.9,0.05595,3.85431,7.53842,2
312,0.05595,3.85432,7.53842,2
312.1,0.05595,3.85433,7.53842,2
312.2,0.05596,3.85434,7.53842,2
312.3,0.05596,3.85435,7.53842,2
312.4,0.05596,3.85436,7.53842,2
312.5,0.05597,3.85437,7.53842,2
312.6,0.05597,3.85438,7.53841,2
312.7,0.05597,3.85439,7.53841,2
312.8,0.05598,3.8544,7.53841,2
312.9,0.05598,3.85441,7.53841,2
313,0.05598,3.85442,7.53841,2
313.1,0.05599,3.85443,7.53841,2
313.2,0.05599,3.85443,7.53841,2
313.3,0.056,3.85444,7.53841,2
313.4,0.056,3.85445,7.53841,2
313.5,0.056,3.85446,7.53841,2
313.6,0.05601,3.85447,7.53841,2
313.7,0.05601,3.85448,7.5384,2
313.8,0.05601,3.85448,7.5384,2
313.9,0.05602,3.85449,7.5384,2
314,0.05602,3.8545,7.5384,2
314.1,0.05602,3.85451,7.5384,2
314.2,0.05603,3.85451,7.5384,2
314.3,0.05603,3.85452,7.5384,2
314.4,0.05603,3.85453,7.5384,2
314.5,0.05604,3.85453,7.5384,2
314.6,0.05604,3.85454,7.5384,2
314.7,0.05605,3.85454,7.5384,2
314.8,0.05605,3.85454,7.5384,2
314.9,0.05605,3.85455,7.5384,2
315,0.05606,3.85455,7.5384,2
315.1,0.05606,3.85455,7.5384,2
315.2,0.05606,3.85456,7.53839,2
315.3,0.05607,3.85456,7.53839,2
315.4,0.05607,3.85456,7.53839,2
315.5,0.05607,3.85457,7.53839,2
315.6,0.05608,3.85457,7.53839,2
315.7,0.05608,3.85457,7.53839,2
315.8,0.05609,3.85457,7.53839,2
315.9,0.05609,3.85457,7.53839,2
316,0.05609,3.85458,7.53839,2
316.1,0.0561,3.85458,7.53839,2
316.2,0.0561,3.85459,7.53839,2
316.3,0.0561,3.85459,7.53839,2
316.4,0.05611,3.8546,7.53839,2
316.5,0.05611,3.8546,7.53838,2
316.6,0.05612,3.8546,7.53838,2
316.7,0.05612,3.8546,7.53838,2
316.8,0.05612,3.85461,7.53838,2
316.9,0.05613,3.85461,7.53838,2
317,0.05613,3.85461,7.53838,2
317.1,0.05613,3.85462,7.53838,2
317.2,0.05614,3.85462,7.53838,2
317.3,0.05614,3.85462,7.53838,2
317.4,0.05615,3.85463,7.53838,2
317.5,0.05615,3.85463,7.53838,2
317.6,0.05615,3.85464,7.53838,2
317.7,0.05616,3.85464,7.53838,2
317.8,0.05616,3.85464,7.53838,2
317.9,0.05616,3.85464,7.53838,2
318,0.05617,3.85464,7.53837,2
318.1,0.05617,3.85464,7.53837,2
318.2,0.05618,3.85464,7.53837,2
318.3,0.05618,3.85464,7.53837,2
318.4,0.05618,3.85464,7.53837,2
318.5,0.05619,3.85464,7.53837,2
318.6,0.05619,3.85464,7.53837,2
318.7,0.05619,3.85464,7.53837,2
318.8,0.0562,3.85464,7.53837,2
318.9,0.0562,3.85464,7.53837,2
319,0.05621,3.85463,7.53837,2
319.1,0.05621,3.85463,7.53837,2
319.2,0.05621,3.85462,7.53837,2
319.3,0.05622,3.85462,7.53837,2
319.4,0.05622,3.85461,7.53837,2
319.5,0.05623,3.85461,7.53837,2
319.6,0.05623,3.85461,7.53837,2
319.7,0.05623,3.85461,7.53837,2
319.8,0.05624,3.8546,7.53837,2
319.9,0.05624,3.8546,7.53836,2
320,0.05624,3.8546,7.53836,2
320.1,0.05625,3.8546,7.53836,2
320.2,0.05625,3.8546,7.53836,2
320.3,0.05626,3.8546,7.53836,2
320.4,0.05626,3.8546,7.53836,2
320.5,0.05626,3.85459,7.53836,2
320.6,0.05627,3.85459,7.53836,2
320.7,0.05627,3.85459,7.53836,2
320.8,0.05628,3.85458,7.53836,2
320.9,0.05628,3.85458,7.53836,2
321,0.05628,3.85458,7.53836,2
321.1,0.05629,3.85457,7.53836,2
321.2,0.05629,3.85457,7.53836,2
321.3,0.0563,3.85456,7.53836,2
321.4,0.0563,3.85456,7.53836,2
321.5,0.0563,3.85455,7.53836,2
321.6,0.05631,3.85455,7.53836,2
321.7,0.05631,3.85454,7.53836,2
321.8,0.05632,3.85454,7.53836,2
321.9,0.05632,3.85453,7.53836,2
322,0.05632,3.85452,7.53836,2
322.1,0.05633,3.85452,7.53836,2
322.2,0.05633,3.85451,7.53836,2
322.3,0.05634,3.85451,7.53836,2
322.4,0.05634,3.8545,7.53836,2
322.5,0.05634,3.85449,7.53835,2
322.6,0.05635,3.85449,7.53835,2
322.7,0.05635,3.85448,7.53835,2
322.8,0.05635,3.85447,7.53835,2
322.9,0.05636,3.85447,7.53835,2
323,0.05636,3.85446,7.53835,2
323.1,0.05637,3.85445,7.53835,2
323.2,0.05637,3.85444,7.53835,2
323.3,0.05637,3.85443,7.53835,2
323.4,0.05638,3.85442,7.53835,2
323.5,0.05638,3.85441,7.53835,2
323.6,0.05639,3.8544,7.53835,2
323.7,0.05639,3.85439,7.53835,2
323.8,0.05639,3.85438,7.53835,2
323.9,0.0564,3.85437,7.53835,2
324,0.0564,3.85436,7.53835,2
324.1,0.05641,3.85435,7.53835,2
324.2,0.05641,3.85434,7.53835,2
324.3,0.05641,3.85433,7.53835,2
324.4,0.05642,3.85432,7.53835,2
324.5,0.05642,3.85431,7.53835,2
324.6,0.05642,3.8543,7.53835,2
324.7,0.05643,3.85429,7.53835,2
324.8,0.05643,3.85428,7.53835,2
324.9,0.05644,3.85427,7.53835,2
325,0.05644,3.85426,7.53835,2
325.1,0.05645,3.85425,7.53835,2
325.2,0.05645,3.85423,7.53834,2
325.3,0.05645,3.85422,7.53834,2
325.4,0.05646,3.85421,7.53834,2
325.5,0.05646,3.85419,7.53834,2
325.6,0.05647,3.85418,7.53834,2
325.7,0.05647,3.85416,7.53834,2
325.8,0.05647,3.85415,7.53834,2
325.9,0.05648,3.85413,7.53834,2
326,0.05648,3.85412,7.53834,2
326.1,0.05649,3.8541,7.53834,2
326.2,0.05649,3.85409,7.53834,2
326.3,0.05649,3.85408,7.53834,2
326.4,0.0565,3.85406,7.53834,2
326.5,0.0565,3.85405,7.53834,2
326.6,0.05651,3.85403,7.53834,2
326.7,0.05651,3.85402,7.53834,2
326.8,0.05651,3.854,7.53834,2
326.9,0.05652,3.85399,7.53834,2
327,0.05652,3.85397,7.53834,2
327.1,0.05653,3.85396,7.53834,2
327.2,0.05653,3.85395,7.53834,2
327.3,0.05654,3.85393,7.53834,2
327.4,0.05654,3.85391,7.53834,2
327.5,0.05654,3.8539,7.53834,2
327.6,0.05655,3.85388,7.53834,2
327.7,0.05655,3.85386,7.53834,2
327.8,0.05656,3.85385,7.53834,2
327.9,0.05656,3.85383,7.53834,2
328,0.05657,3.85381,7.53834,2
328.1,0.05657,3.8538,7.53834,2
328.2,0.05657,3.85378,7.53834,2
328.3,0.05658,3.85376,7.53834,2
328.4,0.05658,3.85374,7.53834,2
328.5,0.05659,3.85373,7.53834,2
328.6,0.05659,3.85371,7.53834,2
328.7,0.05659,3.85369,7.53834,2
328.8,0.0566,3.85367,7.53834,2
328.9,0.0566,3.85365,7.53834,2
329,0.05661,3.85363,7.53834,2
329.1,0.05661,3.85361,7.53834,2
329.2,0.05662,3.85359,7.53834,2
329.3,0.05662,3.85357,7.53834,2
329.4,0.05662,3.85355,7.53834,2
329.5,0.05663,3.85353,7.53834,2
329.6,0.05663,3.85351,7.53834,2
329.7,0.05664,3.85349,7.53834,2
329.8,0.05664,3.85347,7.53834,2
329.9,0.05665,3.85345,7.53834,2
330,0.05665,3.85343,7.53834,2
330.1,0.05665,3.85342,7.53834,2
330.2,0.05666,3.8534,7.53834,2
330.3,0.05666,3.85338,7.53834,2
330.4,0.05667,3.85336,7.53834,2
330.5,0.05667,3.85334,7.53834,2
330.6,0.05668,3.85332,7.53834,2
330.7,0.05668,3.8533,7.53834,2
330.8,0.05668,3.85328,7.53834,2
330.9,0.05669,3.85326,7.53834,2
331,0.05669,3.85323,7.53834,2
331.1,0.0567,3.85321,7.53834,2
331.2,0.0567,3.85319,7.53834,2
331.3,0.0567,3.85317,7.53834,2
331.4,0.05671,3.85314,7.53834,2
331.5,0.05671,3.85311,7.53834,2
331.6,0.05672,3.85309,7.53834,2
331.7,0.05672,3.85306,7.53834,2
331.8,0.05673,3.85304,7.53834,2
331.9,0.05673,3.85301,7.53834,2
332,0.05673,3.85299,7.53834,2
332.1,0.05674,3.85296,7.53834,2
332.2,0.05674,3.85293,7.53834,2
332.3,0.05675,3.85291,7.53834,2
332.4,0.05675,3.85288,7.53834,2
332.5,0.05676,3.85285,7.53834,2
332.6,0.05676,3.85283,7.53834,2
332.7,0.05676,3.8528,7.53834,2
332.8,0.05677,3.85277,7.53834,2
332.9,0.05677,3.85274,7.53834,2
333,0.05678,3.85271,7.53834,2
333.1,0.05678,3.85268,7.53834,2
333.2,0.05678,3.85265,7.53834,2
333.3,0.05679,3.85262,7.53834,2
333.4,0.05679,3.8526,7.53834,2
333.5,0.0568,3.85257,7.53834,2
333.6,0.0568,3.85254,7.53834,2
333.7,0.05681,3.85251,7.53834,2
333.8,0.05681,3.85248,7.53834,2
333.9,0.05681,3.85244,7.53834,2
334,0.05682,3.85241,7.53834,2
334.1,0.05682,3.85238,7.53834,2
334.2,0.05683,3.85235,7.53834,2
334.3,0.05683,3.85231,7.53834,2
334.4,0.05683,3.85228,7.53834,2
334.5,0.05684,3.85225,7.53834,2
334.6,0.05684,3.85221,7.53834,2
334.7,0.05685,3.85218,7.53834,2
334.8,0.05685,3.85214,7.53834,2
334.9,0.05686,3.85211,7.53834,2
335,0.05686,3.85207,7.53834,2
335.1,0.05686,3.85204,7.53834,2
335.2,0.05687,3.852,7.53834,2
335.3,0.05687,3.85197,7.53834,2
335.4,0.05688,3.85193,7.53834,2
335.5,0.05688,3.8519,7.53834,2
335.6,0.05688,3.85187,7.53834,2
335.7,0.05689,3.85183,7.53834,2
335.8,0.05689,3.8518,7.53834,2
335.9,0.05689,3.85176,7.53834,2
336,0.0569,3.85173,7.53834,2
336.1,0.0569,3.85169,7.53834,2
336.2,0.05691,3.85166,7.53834,2
336.3,0.05691,3.85162,7.53834,2
336.4,0.05691,3.85158,7.53834,2
336.5,0.05692,3.85155,7.53834,2
336.6,0.05692,3.85151,7.53834,2
336.7,0.05693,3.85147,7.53834,2
336.8,0.05693,3.85144,7.53834,2
336.9,0.05693,3.8514,7.53834,2
337,0.05694,3.85136,7.53834,2
337.1,0.05694,3.85132,7.53834,2
337.2,0.05695,3.85128,7.53834,2
337.3,0.05695,3.85124,7.53834,2
337.4,0.05696,3.8512,7.53834,2
337.5,0.05696,3.85116,7.53834,2
337.6,0.05696,3.85111,7.53834,2
337.7,0.05697,3.85107,7.53835,2
337.8,0.05697,3.85103,7.53835,2
337.9,0.05698,3.85099,7.53835,2
338,0.05698,3.85094,7.53835,2
338.1,0.05698,3.8509,7.53835,2
338.2,0.05699,3.85086,7.53835,2
338.3,0.05699,3.85082,7.53835,2
338.4,0.057,3.85077,7.53835,2
338.5,0.057,3.85073,7.53835,2
338.6,0.05701,3.85069,7.53835,2
338.7,0.05701,3.85064,7.53835,2
338.8,0.05701,3.8506,7.53835,2
338.9,0.05702,3.85056,7.53835,2
339,0.05702,3.85051,7.53835,2
339.1,0.05703,3.85047,7.53835,2
339.2,0.05703,3.85043,7.53835,2
339.3,0.05704,3.85038,7.53835,2
339.4,0.05704,3.85034,7.53835,2
339.5,0.05704,3.8503,7.53835,2
339.6,0.05705,3.85025,7.53835,2
339.7,0.05705,3.85021,7.53835,2
339.8,0.05706,3.85017,7.53835,2
339.9,0.05706,3.85012,7.53835,2
340,0.05707,3.85008,7.53835,2
340.1,0.05707,3.85003,7.53835,2
340.2,0.05707,3.84999,7.53836,2
340.3,0.05708,3.84995,7.53836,2
340.4,0.05708,3.8499,7.53836,2
340.5,0.05709,3.84986,7.53836,2
340.6,0.05709,3.84982,7.53836,2
340.7,0.0571,3.84978,7.53836,2
340.8,0.0571,3.84973,7.53836,2
340.9,0.0571,3.84968,7.53836,2
341,0.05711,3.84963,7.53836,2
341.1,0.05711,3.84959,7.53836,2
341.2,0.05712,3.84954,7.53836,2
341.3,0.05712,3.84949,7.53836,2
341.4,0.05713,3.84944,7.53836,2
341.5,0.05713,3.84939,7.53836,2
341.6,0.05714,3.84934,7.53836,2
341.7,0.05714,3.84929,7.53836,2
341.8,0.05715,3.84924,7.53836,2
341.9,0.05715,3.84919,7.53836,2
342,0.05715,3.84913,7.53836,2
342.1,0.05716,3.84908,7.53836,2
342.2,0.05716,3.84903,7.53836,2
342.3,0.05717,3.84898,7.53836,2
342.4,0.05717,3.84892,7.53836,2
342.5,0.05718,3.84887,7.53836,2
342.6,0.05718,3.84882,7.53837,2
342.7,0.05719,3.84877,7.53837,2
342.8,0.05719,3.84872,7.53837,2
342.9,0.0572,3.84867,7.53837,2
343,0.0572,3.84862,7.53837,2
343.1,0.05721,3.84857,7.53837,2
343.2,0.05721,3.84852,7.53837,2
343.3,0.05722,3.84848,7.53837,2
343.4,0.05722,3.84843,7.53837,2
343.5,0.05722,3.84838,7.53837,2
343.6,0.05723,3.84833,7.53837,2
343.7,0.05723,3.84827,7.53837,2
343.8,0.05724,3.84822,7.53837,2
343.9,0.05724,3.84817,7.53837,2
344,0.05725,3.84812,7.53837,2
344.1,0.05725,3.84807,7.53837,2
344.2,0.05726,3.84802,7.53838,2
344.3,0.05726,3.84797,7.53838,2
344.4,0.05727,3.84792,7.53838,2
344.5,0.05727,3.84787,7.53838,2
344.6,0.05728,3.84781,7.53838,2
344.7,0.05728,3.84776,7.53838,2
344.8,0.05728,3.84771,7.53838,2
344.9,0.05729,3.84765,7.53838,2
345,0.05729,3.8476,7.53838,2
345.1,0.0573,3.84755,7.53838,2
345.2,0.0573,3.84749,7.53838,2
345.3,0.05731,3.84744,7.53838,2
345.4,0.05731,3.84738,7.53838,2
345.5,0.05732,3.84733,7.53838,2
345.6,0.05732,3.84727,7.53838,2
345.7,0.05733,3.84721,7.53839,2
345.8,0.05733,3.84715,7.53839,2
345.9,0.05734,3.84709,7.53839,2
346,0.05734,3.84704,7.53839,2
346.1,0.05735,3.84698,7.53839,2
346.2,0.05735,3.84692,7.53839,2
346.3,0.05735,3.84686,7.53839,2
346.4,0.05736,3.84681,7.53839,2
346.5,0.05736,3.84675,7.53839,2
346.6,0.05737,3.84669,7.53839,2
346.7,0.05737,3.84663,7.53839,2
346.8,0.05738,3.84657,7.53839,2
346.9,0.05738,3.84651,7.53839,2
347,0.05739,3.84645,7.53839,2
347.1,0.05739,3.8464,7.5384,2
347.2,0.0574,3.84634,7.5384,2
347.3,0.0574,3.84628,7.5384,2
347.4,0.05741,3.84622,7.5384,2
347.5,0.05741,3.84616,7.5384,2
347.6,0.05741,3.8461,7.5384,2
347.7,0.05742,3.84604,7.5384,2
347.8,0.05742,3.84597,7.5384,2
347.9,0.05743,3.84591,7.5384,2
348,0.05743,3.84585,7.5384,2
348.1,0.05744,3.84579,7.5384,2
348.2,0.05744,3.84572,7.5384,2
348.3,0.05745,3.84566,7.5384,2
348.4,0.05745,3.8456,7.5384,2
348.5,0.05746,3.84553,7.5384,2
348.6,0.05746,3.84547,7.53841,2
348.7,0.05746,3.84541,7.53841,2
348.8,0.05747,3.84534,7.53841,2
348.9,0.05747,3.84528,7.53841,2
349,0.05748,3.84522,7.53841,2
349.1,0.05748,3.84515,7.53841,2
349.2,0.05749,3.84509,7.53841,2
349.3,0.05749,3.84502,7.53841,2
349.4,0.0575,3.84496,7.53841,2
349.5,0.0575,3.8449,7.53841,2
349.6,0.05751,3.84483,7.53841,2
349.7,0.05751,3.84477,7.53841,2
349.8,0.05752,3.84471,7.53841,2
349.9,0.05752,3.84465,7.53842,2
350,0.05753,3.84458,7.53842,2
350.1,0.05753,3.84452,7.53842,2
350.2,0.05753,3.84445,7.53842,2
350.3,0.05754,3.84439,7.53842,2
350.4,0.05754,3.84433,7.53842,2
350.5,0.05755,3.84427,7.53842,2
350.6,0.05755,3.8442,7.53842,2
350.7,0.05756,3.84414,7.53842,2
350.8,0.05756,3.84408,7.53842,2
350.9,0.05757,3.84402,7.53842,2
351,0.05757,3.84396,7.53843,2
351.1,0.05758,3.8439,7.53843,2
351.2,0.05758,3.84383,7.53843,2
351.3,0.05759,3.84377,7.53843,2
351.4,0.05759,3.84371,7.53843,2
351.5,0.0576,3.84365,7.53843,2
351.6,0.0576,3.84358,7.53843,2
351.7,0.05761,3.84352,7.53843,2
351.8,0.05761,3.84346,7.53843,2
351.9,0.05762,3.84339,7.53843,2
352,0.05762,3.84333,7.53843,2
352.1,0.05763,3.84327,7.53844,2
352.2,0.05763,3.8432,7.53844,2
352.3,0.05763,3.84314,7.53844,2
352.4,0.05764,3.84308,7.53844,2
352.5,0.05764,3.84301,7.53844,2
352.6,0.05765,3.84294,7.53844,2
352.7,0.05766,3.84288,7.53844,2
352.8,0.05766,3.84281,7.53844,2
352.9,0.05767,3.84275,7.53844,2
353,0.05767,3.84268,7.53844,2
353.1,0.05768,3.84262,7.53844,2
353.2,0.05768,3.84255,7.53844,2
353.3,0.05769,3.84249,7.53845,2
353.4,0.05769,3.84242,7.53845,2
353.5,0.0577,3.84236,7.53845,2
353.6,0.0577,3.8423,7.53845,2
353.7,0.05771,3.84224,7.53845,2
353.8,0.05771,3.84218,7.53845,2
353.9,0.05772,3.84211,7.53845,2
354,0.05772,3.84205,7.53845,2
354.1,0.05773,3.84199,7.53845,2
354.2,0.05773,3.84193,7.53845,2
354.3,0.05774,3.84186,7.53846,2
354.4,0.05774,3.8418,7.53846,2
354.5,0.05774,3.84174,7.53846,2
354.6,0.05775,3.84167,7.53846,2
354.7,0.05775,3.84161,7.53846,2
354.8,0.05776,3.84154,7.53846,2
354.9,0.05776,3.84147,7.53846,2
355,0.05777,3.8414,7.53846,2
355.1,0.05777,3.84133,7.53846,2
355.2,0.05778,3.84126,7.53846,2
355.3,0.05778,3.84119,7.53847,2
355.4,0.05779,3.84112,7.53847,2
355.5,0.05779,3.84105,7.53847,2
355.6,0.0578,3.84098,7.53847,2
355.7,0.05781,3.8409,7.53847,2
355.8,0.05781,3.84083,7.53847,2
355.9,0.05782,3.84076,7.53847,2
356,0.05782,3.84069,7.53847,2
356.1,0.05783,3.84062,7.53847,2
356.2,0.05783,3.84055,7.53848,2
356.3,0.05784,3.84048,7.53848,2
356.4,0.05784,3.84041,7.53848,2
356.5,0.05785,3.84034,7.53848,2
356.6,0.05785,3.84027,7.53848,2
356.7,0.05786,3.8402,7.53848,2
356.8,0.05786,3.84013,7.53848,2
356.9,0.05787,3.84005,7.53848,2
357,0.05787,3.83998,7.53848,2
357.1,0.05788,3.83991,7.53848,2
357.2,0.05788,3.83984,7.53848,2
357.3,0.05789,3.83977,7.53848,2
357.4,0.05789,3.8397,7.53849,2
357.5,0.0579,3.83962,7.53849,2
357.6,0.0579,3.83955,7.53849,2
357.7,0.05791,3.83948,7.53849,2
357.8,0.05791,3.8394,7.53849,2
357.9,0.05792,3.83933,7.53849,2
358,0.05792,3.83926,7.53849,2
358.1,0.05793,3.83918,7.53849,2
358.2,0.05793,3.83911,7.53849,2
358.3,0.05794,3.83903,7.5385,2
358.4,0.05794,3.83896,7.5385,2
358.5,0.05795,3.83889,7.5385,2
358.6,0.05795,3.83881,7.5385,2
358.7,0.05796,3.83874,7.5385,2
358.8,0.05796,3.83866,7.5385,2
358.9,0.05797,3.83859,7.5385,2
359,0.05797,3.83851,7.5385,2
359.1,0.05798,3.83844,7.5385,2
359.2,0.05798,3.83836,7.53851,2
359.3,0.05799,3.83829,7.53851,2
359.4,0.05799,3.83822,7.53851,2
359.5,0.058,3.83814,7.53851,2
359.6,0.05801,3.83807,7.53851,2
359.7,0.05801,3.838,7.53851,2
359.8,0.05802,3.83792,7.53851,2
359.9,0.05802,3.83785,7.53851,2
360,0.05803,3.83778,7.53852,2
360.1,0.05803,3.8377,7.53852,2
360.2,0.05804,3.83763,7.53852,2
360.3,0.05804,3.83756,7.53852,2
360.4,0.05805,3.83749,7.53852,2
360.5,0.05806,3.83742,7.53852,2
360.6,0.05806,3.83735,7.53852,2
360.7,0.05807,3.83728,7.53852,2
360.8,0.05807,3.83721,7.53852,2
360.9,0.05808,3.83715,7.53852,2
361,0.05808,3.83708,7.53853,2
361.1,0.05809,3.83701,7.53853,2
361.2,0.05809,3.83694,7.53853,2
361.3,0.0581,3.83687,7.53853,2
361.4,0.05811,3.8368,7.53853,2
361.5,0.05811,3.83673,7.53853,2
361.6,0.05812,3.83666,7.53853,2
361.7,0.05812,3.83659,7.53853,2
361.8,0.05813,3.83652,7.53854,2
361.9,0.05813,3.83645,7.53854,2
362,0.05814,3.83639,7.53854,2
362.1,0.05814,3.83632,7.53854,2
362.2,0.05815,3.83625,7.53854,2
362.3,0.05815,3.83617,7.53854,2
362.4,0.05816,3.8361,7.53854,2
362.5,0.05817,3.83602,7.53854,2
362.6,0.05817,3.83595,7.53855,2
362.7,0.05818,3.83587,7.53855,2
362.8,0.05818,3.8358,7.53855,2
362.9,0.05819,3.83572,7.53855,2
363,0.05819,3.83564,7.53855,2
363.1,0.0582,3.83557,7.53855,2
363.2,0.0582,3.83549,7.53855,2
363.3,0.05821,3.83541,7.53855,2
363.4,0.05822,3.83534,7.53856,2
363.5,0.05822,3.83526,7.53856,2
363.6,0.05823,3.83518,7.53856,2
363.7,0.05823,3.8351,7.53856,2
363.8,0.05824,3.83502,7.53856,2
363.9,0.05824,3.83495,7.53856,2
364,0.05825,3.83487,7.53856,2
364.1,0.05825,3.83479,7.53856,2
364.2,0.05826,3.83471,7.53856,2
364.3,0.05826,3.83463,7.53857,2
364.4,0.05827,3.83455,7.53857,2
364.5,0.05828,3.83447,7.53857,2
364.6,0.05828,3.83438,7.53857,2
364.7,0.05829,3.8343,7.53857,2
364.8,0.05829,3.83422,7.53857,2
364.9,0.0583,3.83414,7.53857,2
365,0.0583,3.83406,7.53857,2
365.1,0.05831,3.83398,7.53858,2
365.2,0.05831,3.83389,7.53858,2
365.3,0.05832,3.83381,7.53858,2
365.4,0.05832,3.83373,7.53858,2
365.5,0.05833,3.83365,7.53858,2
365.6,0.05834,3.83357,7.53858,2
365.7,0.05834,3.83349,7.53858,2
365.8,0.05835,3.83341,7.53858,2
365.9,0.05835,3.83333,7.53859,2
366,0.05836,3.83325,7.53859,2
366.1,0.05837,3.83317,7.53859,2
366.2,0.05837,3.83308,7.53859,2
366.3,0.05838,3.833,7.53859,2
366.4,0.05838,3.83292,7.53859,2
366.5,0.05839,3.83284,7.53859,2
366.6,0.0584,3.83276,7.53859,2
366.7,0.0584,3.83268,7.5386,2
366.8,0.05841,3.8326,7.5386,2
366.9,0.05841,3.83252,7.5386,2
367,0.05842,3.83245,7.5386,2
367.1,0.05842,3.83237,7.5386,2
367.2,0.05843,3.83229,7.5386,2
367.3,0.05844,3.83222,7.5386,2
367.4,0.05844,3.83214,7.5386,2
367.5,0.05845,3.83206,7.5386,2
367.6,0.05845,3.83198,7.53861,2
367.7,0.05846,3.8319,7.53861,2
367.8,0.05846,3.83182,7.53861,2
367.9,0.05847,3.83174,7.53861,2
368,0.05848,3.83166,7.53861,2
368.1,0.05848,3.83158,7.53861,2
368.2,0.05849,3.83149,7.53861,2
368.3,0.05849,3.83141,7.53861,2
368.4,0.0585,3.83133,7.53862,2
368.5,0.0585,3.83125,7.53862,2
368.6,0.05851,3.83117,7.53862,2
368.7,0.05852,3.83108,7.53862,2
368.8,0.05852,3.831,7.53862,2
368.9,0.05853,3.83092,7.53862,2
369,0.05853,3.83083,7.53862,2
369.1,0.05854,3.83075,7.53863,2
369.2,0.05855,3.83066,7.53863,2
369.3,0.05855,3.83057,7.53863,2
369.4,0.05856,3.83049,7.53863,2
369.5,0.05856,3.8304,7.53863,2
369.6,0.05857,3.83032,7.53863,2
369.7,0.05858,3.83024,7.53863,2
369.8,0.05858,3.83015,7.53864,2
369.9,0.05859,3.83007,7.53864,2
370,0.05859,3.82998,7.53864,2
370.1,0.0586,3.8299,7.53864,2
370.2,0.0586,3.82981,7.53864,2
370.3,0.05861,3.82973,7.53864,2
370.4,0.05862,3.82964,7.53864,2
370.5,0.05862,3.82956,7.53864,2
370.6,0.05863,3.82947,7.53864,2
370.7,0.05863,3.82939,7.53865,2
370.8,0.05864,3.8293,7.53865,2
370.9,0.05865,3.82922,7.53865,2
371,0.05865,3.82913,7.53865,2
371.1,0.05866,3.82905,7.53865,2
371.2,0.05866,3.82896,7.53865,2
371.3,0.05867,3.82888,7.53865,2
371.4,0.05867,3.82879,7.53865,2
371.5,0.05868,3.82871,7.53866,2
371.6,0.05869,3.82862,7.53866,2
371.7,0.05869,3.82854,7.53866,2
371.8,0.0587,3.82845,7.53866,2
371.9,0.0587,3.82837,7.53866,2
372,0.05871,3.82828,7.53866,2
372.1,0.05872,3.8282,7.53866,2
372.2,0.05872,3.82812,7.53867,2
372.3,0.05873,3.82803,7.53867,2
372.4,0.05873,3.82795,7.53867,2
372.5,0.05874,3.82786,7.53867,2
372.6,0.05874,3.82778,7.53867,2
372.7,0.05875,3.8277,7.53867,2
372.8,0.05876,3.82761,7.53867,2
372.9,0.05876,3.82753,7.53867,2
373,0.05877,3.82745,7.53868,2
373.1,0.05877,3.82736,7.53868,2
373.2,0.05878,3.82728,7.53868,2
373.3,0.05878,3.8272,7.53868,2
373.4,0.05879,3.82712,7.53868,2
373.5,0.05879,3.82703,7.53868,2
373.6,0.0588,3.82695,7.53868,2
373.7,0.0588,3.82687,7.53868,2
373.8,0.05881,3.82679,7.53868,2
373.9,0.05882,3.8267,7.53869,2
374,0.05882,3.82662,7.53869,2
374.1,0.05883,3.82654,7.53869,2
374.2,0.05883,3.82645,7.53869,2
374.3,0.05884,3.82637,7.53869,2
374.4,0.05884,3.82628,7.53869,2
374.5,0.05885,3.8262,7.53869,2
374.6,0.05885,3.82611,7.53869,2
374.7,0.05886,3.82603,7.5387,2
374.8,0.05887,3.82595,7.5387,2
374.9,0.05887,3.82586,7.5387,2
375,0.05888,3.82578,7.5387,2
375.1,0.05888,3.8257,7.5387,2
375.2,0.05889,3.82562,7.5387,2
375.3,0.05889,3.82554,7.5387,2
375.4,0.0589,3.82545,7.53871,2
375.5,0.0589,3.82537,7.53871,2
375.6,0.05891,3.82529,7.53871,2
375.7,0.05891,3.82521,7.53871,2
375.8,0.05892,3.82513,7.53871,2
375.9,0.05893,3.82505,7.53871,2
376,0.05893,3.82497,7.53871,2
376.1,0.05894,3.82488,7.53871,2
376.2,0.05894,3.8248,7.53872,2
376.3,0.05895,3.82472,7.53872,2
376.4,0.05895,3.82464,7.53872,2
376.5,0.05896,3.82455,7.53872,2
376.6,0.05897,3.82447,7.53872,2
376.7,0.05897,3.82439,7.53872,2
376.8,0.05898,3.8243,7.53872,2
376.9,0.05898,3.82422,7.53872,2
377,0.05899,3.82414,7.53872,2
377.1,0.05899,3.82406,7.53872,2
377.2,0.059,3.82397,7.53873,2
377.3,0.05901,3.82389,7.53873,2
377.4,0.05901,3.82381,7.53873,2
377.5,0.05902,3.82373,7.53873,2
377.6,0.05902,3.82365,7.53873,2
377.7,0.05903,3.82357,7.53873,2
377.8,0.05903,3.82349,7.53873,2
377.9,0.05904,3.8234,7.53874,2
378,0.05904,3.82332,7.53874,2
378.1,0.05905,3.82324,7.53874,2
378.2,0.05906,3.82316,7.53874,2
378.3,0.05906,3.82308,7.53874,2
378.4,0.05907,3.823,7.53874,2
378.5,0.05907,3.82292,7.53874,2
378.6,0.05908,3.82284,7.53874,2
378.7,0.05908,3.82276,7.53875,2
378.8,0.05909,3.82268,7.53875,2
378.9,0.05909,3.8226,7.53875,2
379,0.0591,3.82252,7.53875,2
379.1,0.05911,3.82244,7.53875,2
379.2,0.05911,3.82236,7.53875,2
379.3,0.05912,3.82228,7.53875,2
379.4,0.05912,3.8222,7.53875,2
379.5,0.05913,3.82211,7.53876,2
379.6,0.05913,3.82203,7.53876,2
379.7,0.05914,3.82195,7.53876,2
379.8,0.05914,3.82187,7.53876,2
379.9,0.05915,3.82178,7.53876,2
380,0.05915,3.8217,7.53876,2
380.1,0.05916,3.82162,7.53876,2
380.2,0.05917,3.82154,7.53876,2
380.3,0.05917,3.82146,7.53876,2
380.4,0.05918,3.82137,7.53877,2
380.5,0.05918,3.82129,7.53877,2
380.6,0.05919,3.82121,7.53877,2
380.7,0.05919,3.82113,7.53877,2
380.8,0.0592,3.82105,7.53877,2
380.9,0.0592,3.82096,7.53877,2
381,0.05921,3.82088,7.53877,2
381.1,0.05921,3.8208,7.53877,2
381.2,0.05922,3.82071,7.53877,2
381.3,0.05922,3.82063,7.53878,2
381.4,0.05923,3.82054,7.53878,2
381.5,0.05924,3.82046,7.53878,2
381.6,0.05924,3.82037,7.53878,2
381.7,0.05925,3.82028,7.53878,2
381.8,0.05925,3.8202,7.53878,2
381.9,0.05926,3.82012,7.53878,2
382,0.05926,3.82003,7.53878,2
382.1,0.05927,3.81994,7.53878,2
382.2,0.05927,3.81986,7.53879,2
382.3,0.05928,3.81978,7.53879,2
382.4,0.05928,3.81969,7.53879,2
382.5,0.05929,3.81961,7.53879,2
382.6,0.05929,3.81953,7.53879,2
382.7,0.0593,3.81944,7.53879,2
382.8,0.05931,3.81936,7.53879,2
382.9,0.05931,3.81928,7.53879,2
383,0.05932,3.81919,7.53879,2
383.1,0.05932,3.81911,7.5388,2
383.2,0.05933,3.81903,7.5388,2
383.3,0.05933,3.81894,7.5388,2
383.4,0.05934,3.81886,7.5388,2
383.5,0.05934,3.81878,7.5388,2
383.6,0.05935,3.8187,7.5388,2
383.7,0.05935,3.81862,7.5388,2
383.8,0.05936,3.81853,7.5388,2
383.9,0.05937,3.81845,7.5388,2
384,0.05937,3.81837,7.5388,2
384.1,0.05938,3.81828,7.53881,2
384.2,0.05938,3.8182,7.53881,2
384.3,0.05939,3.81811,7.53881,2
384.4,0.05939,3.81803,7.53881,2
384.5,0.0594,3.81794,7.53881,2
384.6,0.0594,3.81786,7.53881,2
384.7,0.05941,3.81777,7.53881,2
384.8,0.05942,3.81769,7.53881,2
384.9,0.05942,3.8176,7.53881,2
385,0.05943,3.81752,7.53882,2
385.1,0.05943,3.81743,7.53882,2
385.2,0.05944,3.81735,7.53882,2
385.3,0.05944,3.81727,7.53882,2
385.4,0.05945,3.81718,7.53882,2
385.5,0.05945,3.8171,7.53882,2
385.6,0.05946,3.81701,7.53882,2
385.7,0.05947,3.81693,7.53882,2
385.8,0.05947,3.81684,7.53882,2
385.9,0.05948,3.81676,7.53882,2
386,0.05948,3.81668,7.53883,2
386.1,0.05949,3.8166,7.53883,2
386.2,0.0595,3.81651,7.53883,2
386.3,0.0595,3.81643,7.53883,2
386.4,0.05951,3.81635,7.53883,2
386.5,0.05951,3.81626,7.53883,2
386.6,0.05952,3.81618,7.53883,2
386.7,0.05952,3.8161,7.53883,2
386.8,0.05953,3.81602,7.53883,2
386.9,0.05953,3.81594,7.53883,2
387,0.05954,3.81586,7.53884,2
387.1,0.05955,3.81578,7.53884,2
387.2,0.05955,3.8157,7.53884,2
387.3,0.05956,3.81563,7.53884,2
387.4,0.05956,3.81555,7.53884,2
387.5,0.05957,3.81547,7.53884,2
387.6,0.05957,3.81539,7.53884,2
387.7,0.05958,3.81531,7.53884,2
387.8,0.05959,3.81523,7.53884,2
387.9,0.05959,3.81515,7.53884,2
388,0.0596,3.81507,7.53884,2
388.1,0.0596,3.81499,7.53884,2
388.2,0.05961,3.81491,7.53884,2
388.3,0.05961,3.81483,7.53885,2
388.4,0.05962,3.81475,7.53885,2
388.5,0.05963,3.81467,7.53885,2
388.6,0.05963,3.81459,7.53885,2
388.7,0.05964,3.81451,7.53885,2
388.8,0.05964,3.81443,7.53885,2
388.9,0.05965,3.81435,7.53885,2
389,0.05965,3.81428,7.53885,2
389.1,0.05966,3.8142,7.53885,2
389.2,0.05967,3.81412,7.53885,2
389.3,0.05967,3.81404,7.53885,2
389.4,0.05968,3.81396,7.53885,2
389.5,0.05968,3.81388,7.53885,2
389.6,0.05969,3.81381,7.53886,2
389.7,0.05969,3.81373,7.53886,2
389.8,0.0597,3.81365,7.53886,2
389.9,0.0597,3.81357,7.53886,2
390,0.05971,3.81349,7.53886,2
390.1,0.05972,3.81341,7.53886,2
390.2,0.05972,3.81334,7.53886,2
390.3,0.05973,3.81326,7.53886,2
390.4,0.05973,3.81318,7.53886,2
390.5,0.05974,3.8131,7.53886,2
390.6,0.05974,3.81302,7.53886,2
390.7,0.05975,3.81294,7.53886,2
390.8,0.05976,3.81286,7.53886,2
390.9,0.05976,3.81278,7.53886,2
391,0.05977,3.8127,7.53886,2
391.1,0.05977,3.81262,7.53886,2
391.2,0.05978,3.81254,7.53887,2
391.3,0.05978,3.81246,7.53887,2
391.4,0.05979,3.81238,7.53887,2
391.5,0.0598,3.8123,7.53887,2
391.6,0.0598,3.81222,7.53887,2
391.7,0.05981,3.81214,7.53887,2
391.8,0.05981,3.81206,7.53887,2
391.9,0.05982,3.81199,7.53887,2
392,0.05982,3.81191,7.53887,2
392.1,0.05983,3.81183,7.53887,2
392.2,0.05984,3.81176,7.53887,2
392.3,0.05984,3.81168,7.53887,2
392.4,0.05985,3.8116,7.53887,2
392.5,0.05985,3.81153,7.53887,2
392.6,0.05986,3.81145,7.53887,2
392.7,0.05986,3.81138,7.53887,2
392.8,0.05987,3.8113,7.53887,2
392.9,0.05987,3.81123,7.53887,2
393,0.05988,3.81115,7.53887,2
393.1,0.05989,3.81108,7.53888,2
393.2,0.05989,3.81101,7.53888,2
393.3,0.0599,3.81093,7.53888,2
393.4,0.0599,3.81086,7.53888,2
393.5,0.05991,3.81079,7.53888,2
393.6,0.05991,3.81071,7.53888,2
393.7,0.05992,3.81064,7.53888,2
393.8,0.05993,3.81057,7.53888,2
393.9,0.05993,3.81049,7.53888,2
394,0.05994,3.81042,7.53888,2
394.1,0.05994,3.81035,7.53888,2
394.2,0.05995,3.81028,7.53888,2
394.3,0.05995,3.81021,7.53888,2
394.4,0.05996,3.81013,7.53888,2
394.5,0.05996,3.81006,7.53888,2
394.6,0.05997,3.80999,7.53888,2
394.7,0.05998,3.80992,7.53888,2
394.8,0.05998,3.80985,7.53888,2
394.9,0.05999,3.80978,7.53888,2
395,0.05999,3.80971,7.53888,2
395.1,0.06,3.80964,7.53888,2
395.2,0.06,3.80957,7.53888,2
395.3,0.06001,3.8095,7.53888,2
395.4,0.06002,3.80943,7.53888,2
395.5,0.06002,3.80936,7.53888,2
395.6,0.06003,3.80929,7.53888,2
395.7,0.06003,3.80922,7.53888,2
395.8,0.06004,3.80916,7.53888,2
395.9,0.06004,3.80908,7.53888,2
396,0.06005,3.80901,7.53888,2
396.1,0.06005,3.80894,7.53888,2
396.2,0.06006,3.80887,7.53888,2
396.3,0.06007,3.8088,7.53888,2
396.4,0.06007,3.80873,7.53888,2
396.5,0.06008,3.80866,7.53888,2
396.6,0.06008,3.8086,7.53888,2
396.7,0.06009,3.80853,7.53888,2
396.8,0.06009,3.80846,7.53888,2
396.9,0.0601,3.80839,7.53888,2
397,0.06011,3.80832,7.53888,2
397.1,0.06011,3.80825,7.53888,2
397.2,0.06012,3.80818,7.53888,2
397.3,0.06012,3.80812,7.53888,2
397.4,0.06013,3.80805,7.53888,2
397.5,0.06013,3.80798,7.53888,2
397.6,0.06014,3.80792,7.53888,2
397.7,0.06014,3.80785,7.53888,2
397.8,0.06015,3.80779,7.53888,2
397.9,0.06016,3.80772,7.53888,2
398,0.06016,3.80766,7.53888,2
398.1,0.06017,3.80759,7.53888,2
398.2,0.06017,3.80753,7.53888,2
398.3,0.06018,3.80746,7.53888,2
398.4,0.06018,3.8074,7.53888,2
398.5,0.06019,3.80733,7.53888,2
398.6,0.0602,3.80727,7.53888,2
398.7,0.0602,3.8072,7.53888,2
398.8,0.06021,3.80714,7.53888,2
398.9,0.06021,3.80707,7.53888,2
399,0.06022,3.80701,7.53888,2
399.1,0.06022,3.80695,7.53888,2
399.2,0.06023,3.80688,7.53888,2
399.3,0.06024,3.80682,7.53888,2
399.4,0.06024,3.80675,7.53888,2
399.5,0.06025,3.80669,7.53888,2
399.6,0.06025,3.80663,7.53888,2
399.7,0.06026,3.80656,7.53888,2
399.8,0.06026,3.8065,7.53888,2
399.9,0.06027,3.80644,7.53888,2
400,0.06027,3.80637,7.53888,2
400.1,0.06028,3.80631,7.53888,2
400.2,0.06029,3.80625,7.53888,2
400.3,0.06029,3.80619,7.53888,2
400.4,0.0603,3.80612,7.53888,2
400.5,0.0603,3.80606,7.53888,2
400.6,0.06031,3.806,7.53888,2
400.7,0.06031,3.80594,7.53888,2
400.8,0.06032,3.80588,7.53888,2
400.9,0.06033,3.80582,7.53888,2
401,0.06033,3.80576,7.53888,2
401.1,0.06034,3.8057,7.53888,2
401.2,0.06034,3.80563,7.53888,2
401.3,0.06035,3.80557,7.53888,2
401.4,0.06035,3.80551,7.53888,2
401.5,0.06036,3.80545,7.53888,2
401.6,0.06037,3.80539,7.53888,2
401.7,0.06037,3.80533,7.53888,2
401.8,0.06038,3.80527,7.53888,2
401.9,0.06038,3.8052,7.53888,2
402,0.06039,3.80514,7.53887,2
402.1,0.06039,3.80508,7.53887,2
402.2,0.0604,3.80502,7.53887,2
402.3,0.0604,3.80496,7.53887,2
402.4,0.06041,3.8049,7.53887,2
402.5,0.06042,3.80484,7.53887,2
402.6,0.06042,3.80478,7.53887,2
402.7,0.06043,3.80472,7.53887,2
402.8,0.06043,3.80466,7.53887,2
402.9,0.06044,3.8046,7.53887,2
403,0.06044,3.80455,7.53887,2
403.1,0.06045,3.80449,7.53887,2
403.2,0.06045,3.80444,7.53887,2
403.3,0.06046,3.80438,7.53887,2
403.4,0.06047,3.80433,7.53887,2
403.5,0.06047,3.80428,7.53887,2
403.6,0.06048,3.80422,7.53887,2
403.7,0.06048,3.80417,7.53886,2
403.8,0.06049,3.80411,7.53886,2
403.9,0.06049,3.80405,7.53886,2
404,0.0605,3.804,7.53886,2
404.1,0.0605,3.80394,7.53886,2
404.2,0.06051,3.80389,7.53886,2
404.3,0.06052,3.80383,7.53886,2
404.4,0.06052,3.80377,7.53886,2
404.5,0.06053,3.80372,7.53886,2
404.6,0.06053,3.80366,7.53886,2
404.7,0.06054,3.8036,7.53886,2
404.8,0.06054,3.80355,7.53886,2
404.9,0.06055,3.8035,7.53885,2
405,0.06055,3.80344,7.53885,2
405.1,0.06056,3.80339,7.53885,2
405.2,0.06056,3.80333,7.53885,2
405.3,0.06057,3.80328,7.53885,2
405.4,0.06058,3.80322,7.53885,2
405.5,0.06058,3.80317,7.53885,2
405.6,0.06059,3.80312,7.53885,2
405.7,0.06059,3.80306,7.53885,2
405.8,0.0606,3.80301,7.53885,2
405.9,0.0606,3.80296,7.53885,2
406,0.06061,3.8029,7.53884,2
406.1,0.06061,3.80285,7.53884,2
406.2,0.06062,3.8028,7.53884,2
406.3,0.06062,3.80275,7.53884,2
406.4,0.06063,3.80269,7.53884,2
406.5,0.06063,3.80264,7.53884,2
406.6,0.06064,3.80259,7.53884,2
406.7,0.06064,3.80254,7.53884,2
406.8,0.06065,3.80249,7.53884,2
406.9,0.06065,3.80244,7.53884,2
407,0.06066,3.80239,7.53883,2
407.1,0.06066,3.80233,7.53883,2
407.2,0.06067,3.80228,7.53883,2
407.3,0.06067,3.80223,7.53883,2
407.4,0.06068,3.80217,7.53883,2
407.5,0.06069,3.80212,7.53883,2
407.6,0.06069,3.80206,7.53883,2
407.7,0.0607,3.80201,7.53883,2
407.8,0.0607,3.80195,7.53882,2
407.9,0.06071,3.8019,7.53882,2
408,0.06071,3.80184,7.53882,2
408.1,0.06072,3.80179,7.53882,2
408.2,0.06072,3.80174,7.53882,2
408.3,0.06073,3.80169,7.53882,2
408.4,0.06073,3.80163,7.53882,2
408.5,0.06074,3.80158,7.53881,2
408.6,0.06074,3.80153,7.53881,2
408.7,0.06075,3.80147,7.53881,2
408.8,0.06075,3.80142,7.53881,2
408.9,0.06076,3.80137,7.53881,2
409,0.06076,3.80132,7.53881,2
409.1,0.06077,3.80127,7.5388,2
409.2,0.06077,3.80122,7.5388,2
409.3,0.06078,3.80116,7.5388,2
409.4,0.06078,3.80112,7.5388,2
409.5,0.06079,3.80107,7.5388,2
409.6,0.06079,3.80102,7.5388,2
409.7,0.0608,3.80097,7.5388,2
409.8,0.06081,3.80092,7.53879,2
409.9,0.06081,3.80087,7.53879,2
410,0.06082,3.80082,7.53879,2
410.1,0.06082,3.80077,7.53879,2
410.2,0.06083,3.80072,7.53879,2
410.3,0.06083,3.80068,7.53879,2
410.4,0.06084,3.80063,7.53878,2
410.5,0.06084,3.80058,7.53878,2
410.6,0.06085,3.80054,7.53878,2
410.7,0.06085,3.80049,7.53878,2
410.8,0.06086,3.80045,7.53878,2
410.9,0.06086,3.8004,7.53878,2
411,0.06087,3.80036,7.53877,2
411.1,0.06088,3.80032,7.53877,2
411.2,0.06088,3.80028,7.53877,2
411.3,0.06089,3.80023,7.53877,2
411.4,0.06089,3.80019,7.53877,2
411.5,0.0609,3.80015,7.53876,2
411.6,0.0609,3.80011,7.53876,2
411.7,0.06091,3.80007,7.53876,2
411.8,0.06091,3.80003,7.53876,2
411.9,0.06092,3.79999,7.53876,2
412,0.06092,3.79995,7.53876,2
412.1,0.06093,3.79991,7.53875,2
412.2,0.06094,3.79988,7.53875,2
412.3,0.06094,3.79984,7.53875,2
412.4,0.06095,3.79981,7.53875,2
412.5,0.06095,3.79978,7.53874,2
412.6,0.06096,3.79974,7.53874,2
412.7,0.06096,3.79971,7.53874,2
412.8,0.06097,3.79968,7.53874,2
412.9,0.06097,3.79964,7.53874,2
413,0.06098,3.79961,7.53873,2
413.1,0.06098,3.79957,7.53873,2
413.2,0.06099,3.79954,7.53873,2
413.3,0.061,3.79951,7.53873,2
413.4,0.061,3.79947,7.53872,2
413.5,0.06101,3.79944,7.53872,2
413.6,0.06101,3.79941,7.53872,2
413.7,0.06102,3.79937,7.53872,2
413.8,0.06102,3.79934,7.53872,2
413.9,0.06103,3.79931,7.53871,2
414,0.06103,3.79928,7.53871,2
414.1,0.06104,3.79926,7.53871,2
414.2,0.06104,3.79923,7.53871,2
414.3,0.06105,3.7992,7.5387,2
414.4,0.06105,3.79917,7.5387,2
414.5,0.06106,3.79914,7.5387,2
414.6,0.06106,3.79912,7.5387,2
414.7,0.06107,3.79909,7.53869,2
414.8,0.06107,3.79906,7.53869,2
414.9,0.06108,3.79903,7.53869,2
415,0.06109,3.799,7.53869,2
415.1,0.06109,3.79897,7.53868,2
415.2,0.0611,3.79895,7.53868,2
415.3,0.0611,3.79892,7.53868,2
415.4,0.06111,3.79889,7.53868,2
415.5,0.06111,3.79886,7.53867,2
415.6,0.06112,3.79883,7.53867,2
415.7,0.06112,3.7988,7.53867,2
415.8,0.06113,3.79878,7.53867,2
415.9,0.06113,3.79875,7.53866,2
416,0.06114,3.79873,7.53866,2
416.1,0.06114,3.7987,7.53866,2
416.2,0.06115,3.79868,7.53865,2
416.3,0.06115,3.79865,7.53865,2
416.4,0.06116,3.79863,7.53865,2
416.5,0.06116,3.7986,7.53864,2
416.6,0.06117,3.79858,7.53864,2
416.7,0.06118,3.79855,7.53864,2
416.8,0.06118,3.79853,7.53864,2
416.9,0.06119,3.79851,7.53864,2
417,0.06119,3.79848,7.53864,2
417.1,0.0612,3.79846,7.53864,2
417.2,0.0612,3.79843,7.53864,2
417.3,0.06121,3.79841,7.53864,2
417.4,0.06121,3.79839,7.53864,2
417.5,0.06122,3.79837,7.53864,2
417.6,0.06122,3.79836,7.53864,2
417.7,0.06123,3.79834,7.53864,2
417.8,0.06124,3.79832,7.53864,2
417.9,0.06124,3.79831,7.53864,2
418,0.06125,3.7983,7.53864,2
418.1,0.06125,3.79828,7.53864,2
418.2,0.06126,3.79827,7.53864,2
418.3,0.06126,3.79826,7.53865,2
418.4,0.06127,3.79824,7.53865,2
418.5,0.06127,3.79823,7.53865,2
418.6,0.06128,3.79822,7.53865,2
418.7,0.06128,3.79821,7.53865,2
418.8,0.06129,3.7982,7.53865,2
418.9,0.0613,3.7982,7.53865,2
419,0.0613,3.79819,7.53865,2
419.1,0.06131,3.79817,7.53865,2
419.2,0.06131,3.79816,7.53865,2
419.3,0.06132,3.79816,7.53865,2
419.4,0.06132,3.79815,7.53865,2
419.5,0.06133,3.79815,7.53865,2
419.6,0.06133,3.79815,7.53865,2
419.7,0.06134,3.79814,7.53865,2
419.8,0.06134,3.79814,7.53865,2
419.9,0.06135,3.79814,7.53865,2
420,0.06135,3.79814,7.53866,2
420.1,0.06136,3.79814,7.53866,2
420.2,0.06137,3.79813,7.53866,2
420.3,0.06137,3.79813,7.53866,2
420.4,0.06138,3.79813,7.53866,2
420.5,0.06138,3.79813,7.53866,2
420.6,0.06139,3.79813,7.53866,2
420.7,0.06139,3.79814,7.53866,2
420.8,0.0614,3.79814,7.53866,2
420.9,0.0614,3.79814,7.53866,2
421,0.06141,3.79815,7.53866,2
421.1,0.06141,3.79815,7.53867,2
421.2,0.06142,3.79815,7.53867,2
421.3,0.06143,3.79816,7.53867,2
421.4,0.06143,3.79816,7.53867,2
421.5,0.06144,3.79816,7.53867,2
421.6,0.06144,3.79817,7.53867,2
421.7,0.06145,3.79817,7.53867,2
421.8,0.06145,3.79817,7.53868,2
421.9,0.06146,3.79818,7.53868,2
422,0.06146,3.79818,7.53868,2
422.1,0.06147,3.79818,7.53868,2
422.2,0.06147,3.79819,7.53868,2
422.3,0.06148,3.79819,7.53868,2
422.4,0.06148,3.79819,7.53868,2
422.5,0.06149,3.7982,7.53869,2
422.6,0.0615,3.7982,7.53869,2
422.7,0.0615,3.7982,7.53869,2
422.8,0.06151,3.79821,7.53869,2
422.9,0.06151,3.79821,7.53869,2
423,0.06152,3.79821,7.5387,2
423.1,0.06152,3.79822,7.5387,2
423.2,0.06153,3.79822,7.5387,2
423.3,0.06153,3.79822,7.5387,2
423.4,0.06154,3.79822,7.53871,2
423.5,0.06154,3.79822,7.53871,2
423.6,0.06155,3.79823,7.53871,2
423.7,0.06155,3.79823,7.53872,2
423.8,0.06156,3.79823,7.53872,2
423.9,0.06156,3.79824,7.53872,2
424,0.06157,3.79824,7.53872,2
424.1,0.06157,3.79824,7.53873,2
424.2,0.06158,3.79824,7.53873,2
424.3,0.06158,3.79824,7.53873,2
424.4,0.06159,3.79824,7.53874,2
424.5,0.06159,3.79824,7.53874,2
424.6,0.0616,3.79825,7.53875,2
424.7,0.0616,3.79825,7.53875,2
424.8,0.06161,3.79825,7.53875,2
424.9,0.06161,3.79825,7.53875,2
425,0.06162,3.79825,7.53876,2
425.1,0.06162,3.79826,7.53876,2
425.2,0.06163,3.79826,7.53876,2
425.3,0.06164,3.79826,7.53876,2
425.4,0.06164,3.79826,7.53876,2
425.5,0.06165,3.79827,7.53876,2
425.6,0.06165,3.79827,7.53876,2
425.7,0.06166,3.79827,7.53876,2
425.8,0.06166,3.79828,7.53876,2
425.9,0.06167,3.79828,7.53876,2
426,0.06167,3.79828,7.53876,2
426.1,0.06168,3.79828,7.53876,2
426.2,0.06168,3.79829,7.53876,2
426.3,0.06169,3.79829,7.53876,2
426.4,0.06169,3.79829,7.53876,2
426.5,0.0617,3.79829,7.53876,2
426.6,0.0617,3.7983,7.53876,2
426.7,0.06171,3.7983,7.53876,2
426.8,0.06171,3.79831,7.53876,2
426.9,0.06172,3.79831,7.53876,2
427,0.06172,3.79831,7.53876,2
427.1,0.06173,3.79832,7.53876,2
427.2,0.06173,3.79832,7.53876,2
427.3,0.06174,3.79832,7.53876,2
427.4,0.06174,3.79833,7.53876,2
427.5,0.06175,3.79833,7.53876,2
427.6,0.06175,3.79833,7.53876,2
427.7,0.06176,3.79834,7.53876,2
427.8,0.06176,3.79834,7.53876,2
427.9,0.06177,3.79834,7.53876,2
428,0.06177,3.79834,7.53876,2
428.1,0.06178,3.79834,7.53876,2
428.2,0.06178,3.79834,7.53876,2
428.3,0.06179,3.79834,7.53876,2
428.4,0.06179,3.79834,7.53876,2
428.5,0.0618,3.79834,7.53876,2
428.6,0.0618,3.79834,7.53876,2
428.7,0.06181,3.79834,7.53876,2
428.8,0.06181,3.79834,7.53876,2
428.9,0.06182,3.79834,7.53876,2
429,0.06182,3.79834,7.53876,2
429.1,0.06183,3.79834,7.53876,2
429.2,0.06183,3.79834,7.53876,2
429.3,0.06184,3.79833,7.53876,2
429.4,0.06184,3.79833,7.53876,2
429.5,0.06185,3.79833,7.53876,2
429.6,0.06185,3.79833,7.53876,2
429.7,0.06186,3.79833,7.53876,2
429.8,0.06186,3.79832,7.53876,2
429.9,0.06187,3.79832,7.53876,2
430,0.06187,3.79832,7.53876,2
430.1,0.06188,3.79832,7.53876,2
430.2,0.06188,3.79831,7.53876,2
430.3,0.06189,3.79831,7.53876,2
430.4,0.06189,3.79831,7.53876,2
430.5,0.0619,3.7983,7.53876,2
430.6,0.0619,3.7983,7.53876,2
430.7,0.06191,3.79829,7.53876,2
430.8,0.06191,3.79829,7.53876,2
430.9,0.06192,3.79828,7.53876,2
431,0.06192,3.79828,7.53876,2
431.1,0.06193,3.79827,7.53876,2
431.2,0.06193,3.79827,7.53876,2
431.3,0.06194,3.79826,7.53876,2
431.4,0.06194,3.79826,7.53876,2
431.5,0.06195,3.79825,7.53875,2
431.6,0.06195,3.79825,7.53875,2
431.7,0.06196,3.79824,7.53875,2
431.8,0.06196,3.79824,7.53875,2
431.9,0.06197,3.79823,7.53875,2
432,0.06197,3.79822,7.53875,2
432.1,0.06198,3.79822,7.53875,2
432.2,0.06198,3.79821,7.53875,2
432.3,0.06199,3.7982,7.53875,2
432.4,0.06199,3.79819,7.53875,2
432.5,0.062,3.79819,7.53875,2
432.6,0.062,3.79818,7.53875,2
432.7,0.06201,3.79817,7.53875,2
432.8,0.06201,3.79816,7.53875,2
432.9,0.06202,3.79815,7.53875,2
433,0.06202,3.79814,7.53875,2
433.1,0.06203,3.79813,7.53875,2
433.2,0.06203,3.79812,7.53875,2
433.3,0.06203,3.79812,7.53875,2
433.4,0.06204,3.79811,7.53875,2
433.5,0.06204,3.7981,7.53875,2
433.6,0.06205,3.79809,7.53874,2
433.7,0.06205,3.79808,7.53874,2
433.8,0.06206,3.79807,7.53874,2
433.9,0.06206,3.79806,7.53874,2
434,0.06207,3.79805,7.53874,2
434.1,0.06207,3.79804,7.53874,2
434.2,0.06208,3.79803,7.53874,2
434.3,0.06208,3.79802,7.53874,2
434.4,0.06209,3.79801,7.53874,2
434.5,0.06209,3.798,7.53874,2
434.6,0.0621,3.79799,7.53874,2
434.7,0.0621,3.79797,7.53874,2
434.8,0.06211,3.79796,7.53874,2
434.9,0.06211,3.79795,7.53874,2
435,0.06211,3.79794,7.53874,2
435.1,0.06212,3.79793,7.53874,2
435.2,0.06212,3.79791,7.53874,2
435.3,0.06213,3.7979,7.53874,2
435.4,0.06213,3.79789,7.53874,2
435.5,0.06214,3.79788,7.53874,2
435.6,0.06214,3.79787,7.53874,2
435.7,0.06215,3.79785,7.53874,2
435.8,0.06215,3.79784,7.53874,2
435.9,0.06216,3.79783,7.53874,2
436,0.06216,3.79782,7.53873,2
436.1,0.06217,3.79782,7.53873,2
436.2,0.06217,3.79781,7.53873,2
436.3,0.06218,3.7978,7.53873,2
436.4,0.06218,3.79779,7.53873,2
436.5,0.06218,3.79778,7.53873,2
436.6,0.06219,3.79776,7.53873,2
436.7,0.06219,3.79775,7.53873,2
436.8,0.0622,3.79774,7.53873,2
436.9,0.0622,3.79773,7.53873,2
437,0.06221,3.79772,7.53873,2
437.1,0.06221,3.79771,7.53873,2
437.2,0.06222,3.7977,7.53873,2
437.3,0.06222,3.79769,7.53873,2
437.4,0.06223,3.79768,7.53873,2
437.5,0.06223,3.79767,7.53873,2
437.6,0.06223,3.79766,7.53873,2
437.7,0.06224,3.79766,7.53873,2
437.8,0.06224,3.79765,7.53873,2
437.9,0.06225,3.79764,7.53873,2
438,0.06225,3.79763,7.53873,2
438.1,0.06226,3.79762,7.53873,2
438.2,0.06226,3.79762,7.53873,2
438.3,0.06227,3.79761,7.53873,2
438.4,0.06227,3.7976,7.53873,2
438.5,0.06227,3.7976,7.53873,2
438.6,0.06228,3.79759,7.53873,2
438.7,0.06228,3.79758,7.53873,2
438.8,0.06229,3.79757,7.53873,2
438.9,0.06229,3.79757,7.53873,2
439,0.0623,3.79756,7.53873,2
439.1,0.0623,3.79755,7.53873,2
439.2,0.0623,3.79755,7.53873,2
439.3,0.06231,3.79754,7.53873,2
439.4,0.06231,3.79753,7.53873,2
439.5,0.06232,3.79753,7.53873,2
439.6,0.06232,3.79752,7.53873,2
439.7,0.06233,3.79752,7.53873,2
439.8,0.06233,3.79751,7.53873,2
439.9,0.06234,3.79751,7.53873,2
440,0.06234,3.7975,7.53873,2
440.1,0.06234,3.7975,7.53873,2
440.2,0.06235,3.79749,7.53873,2
440.3,0.06235,3.79749,7.53873,2
440.4,0.06236,3.79748,7.53873,2
440.5,0.06236,3.79748,7.53873,2
440.6,0.06237,3.79747,7.53873,2
440.7,0.06237,3.79747,7.53873,2
440.8,0.06238,3.79747,7.53873,2
440.9,0.06238,3.79746,7.53873,2
441,0.06238,3.79746,7.53873,2
441.1,0.06239,3.79746,7.53873,2
441.2,0.06239,3.79745,7.53873,2
441.3,0.0624,3.79745,7.53873,2
441.4,0.0624,3.79745,7.53873,2
441.5,0.06241,3.79745,7.53873,2
441.6,0.06241,3.79745,7.53873,2
441.7,0.06241,3.79746,7.53873,2
441.8,0.06242,3.79745,7.53873,2
441.9,0.06242,3.79746,7.53872,2
442,0.06243,3.79746,7.53872,2
442.1,0.06243,3.79746,7.53872,2
442.2,0.06244,3.79746,7.53872,2
442.3,0.06244,3.79746,7.53872,2
442.4,0.06245,3.79746,7.53872,2
442.5,0.06245,3.79746,7.53872,2
442.6,0.06245,3.79746,7.53872,2
442.7,0.06246,3.79747,7.53872,2
442.8,0.06246,3.79747,7.53872,2
442.9,0.06247,3.79748,7.53872,2
443,0.06247,3.79749,7.53872,2
443.1,0.06248,3.79749,7.53872,2
443.2,0.06248,3.7975,7.53872,2
443.3,0.06249,3.79751,7.53872,2
443.4,0.06249,3.79752,7.53872,2
443.5,0.06249,3.79752,7.53872,2
443.6,0.0625,3.79753,7.53872,2
443.7,0.0625,3.79754,7.53872,2
443.8,0.06251,3.79755,7.53872,2
443.9,0.06251,3.79756,7.53872,2
444,0.06252,3.79756,7.53872,2
444.1,0.06252,3.79757,7.53872,2
444.2,0.06252,3.79758,7.53872,2
444.3,0.06253,3.79759,7.53872,2
444.4,0.06253,3.7976,7.53872,2
444.5,0.06254,3.79761,7.53872,2
444.6,0.06254,3.79762,7.53872,2
444.7,0.06255,3.79763,7.53872,2
444.8,0.06255,3.79764,7.53872,2
444.9,0.06255,3.79765,7.53872,2
445,0.06256,3.79766,7.53872,2
445.1,0.06256,3.79767,7.53872,2
445.2,0.06257,3.79768,7.53872,2
445.3,0.06257,3.79769,7.53872,2
445.4,0.06258,3.7977,7.53872,2
445.5,0.06258,3.79771,7.53873,2
445.6,0.06259,3.79772,7.53873,2
445.7,0.06259,3.79774,7.53873,2
445.8,0.06259,3.79775,7.53873,2
445.9,0.0626,3.79777,7.53873,2
446,0.0626,3.79778,7.53873,2
446.1,0.06261,3.7978,7.53873,2
446.2,0.06261,3.79781,7.53873,2
446.3,0.06262,3.79783,7.53873,2
446.4,0.06262,3.79785,7.53873,2
446.5,0.06262,3.79787,7.53873,2
446.6,0.06263,3.79788,7.53873,2
446.7,0.06263,3.7979,7.53873,2
446.8,0.06264,3.79792,7.53873,2
446.9,0.06264,3.79794,7.53873,2
447,0.06265,3.79796,7.53873,2
447.1,0.06265,3.79798,7.53873,2
447.2,0.06265,3.798,7.53873,2
447.3,0.06266,3.79802,7.53873,2
447.4,0.06266,3.79804,7.53873,2
447.5,0.06267,3.79805,7.53873,2
447.6,0.06267,3.79807,7.53873,2
447.7,0.06268,3.79809,7.53873,2
447.8,0.06268,3.79811,7.53873,2
447.9,0.06268,3.79813,7.53873,2
448,0.06269,3.79815,7.53873,2
448.1,0.06269,3.79817,7.53873,2
448.2,0.0627,3.79819,7.53873,2
448.3,0.0627,3.79821,7.53873,2
448.4,0.06271,3.79823,7.53873,2
448.5,0.06271,3.79825,7.53873,2
448.6,0.06271,3.79828,7.53873,2
448.7,0.06272,3.7983,7.53873,2
448.8,0.06272,3.79833,7.53873,2
448.9,0.06273,3.79836,7.53873,2
449,0.06273,3.79838,7.53873,2
449.1,0.06274,3.79841,7.53873,2
449.2,0.06274,3.79843,7.53873,2
449.3,0.06274,3.79846,7.53873,2
449.4,0.06275,3.79848,7.53873,2
449.5,0.06275,3.79851,7.53873,2
449.6,0.06276,3.79854,7.53873,2
449.7,0.06276,3.79856,7.53873,2
449.8,0.06277,3.79859,7.53873,2
449.9,0.06277,3.79862,7.53873,2
450,0.06277,3.79865,7.53873,2
450.1,0.06278,3.79868,7.53873,2
450.2,0.06278,3.79871,7.53873,2
450.3,0.06279,3.79874,7.53873,2
450.4,0.06279,3.79877,7.53873,2
450.5,0.0628,3.7988,7.53873,2
450.6,0.0628,3.79884,7.53873,2
450.7,0.0628,3.79887,7.53873,2
450.8,0.06281,3.7989,7.53873,2
450.9,0.06281,3.79894,7.53873,2
451,0.06282,3.79897,7.53873,2
451.1,0.06282,3.79901,7.53873,2
451.2,0.06283,3.79904,7.53873,2
451.3,0.06283,3.79907,7.53873,2
451.4,0.06283,3.79911,7.53873,2
451.5,0.06284,3.79914,7.53874,2
451.6,0.06284,3.79918,7.53874,2
451.7,0.06285,3.79922,7.53874,2
451.8,0.06285,3.79925,7.53874,2
451.9,0.06286,3.79929,7.53874,2
452,0.06286,3.79933,7.53874,2
452.1,0.06286,3.79937,7.53874,2
452.2,0.06287,3.79941,7.53874,2
452.3,0.06287,3.79945,7.53874,2
452.4,0.06288,3.79949,7.53874,2
452.5,0.06288,3.79953,7.53874,2
452.6,0.06289,3.79957,7.53874,2
452.7,0.06289,3.79962,7.53874,2
452.8,0.06289,3.79966,7.53874,2
452.9,0.0629,3.7997,7.53874,2
453,0.0629,3.79974,7.53874,2
453.1,0.06291,3.79978,7.53874,2
453.2,0.06291,3.79983,7.53874,2
453.3,0.06292,3.79987,7.53874,2
453.4,0.06292,3.79991,7.53874,2
453.5,0.06292,3.79996,7.53874,2
453.6,0.06293,3.80001,7.53874,2
453.7,0.06293,3.80005,7.53873,2
453.8,0.06294,3.8001,7.53874,2
453.9,0.06294,3.80014,7.53874,2
454,0.06295,3.80019,7.53874,2
454.1,0.06295,3.80023,7.53874,2
454.2,0.06295,3.80028,7.53874,2
454.3,0.06296,3.80033,7.53874,2
454.4,0.06296,3.80037,7.53874,2
454.5,0.06297,3.80042,7.53874,2
454.6,0.06297,3.80047,7.53874,2
454.7,0.06297,3.80051,7.53874,2
454.8,0.06298,3.80056,7.53874,2
454.9,0.06298,3.80061,7.53874,2
455,0.06299,3.80066,7.53874,2
455.1,0.06299,3.8007,7.53874,2
455.2,0.063,3.80075,7.53874,2
455.3,0.063,3.8008,7.53874,2
455.4,0.063,3.80085,7.53874,2
455.5,0.06301,3.8009,7.53874,2
455.6,0.06301,3.80095,7.53874,2
455.7,0.06302,3.801,7.53874,2
455.8,0.06302,3.80105,7.53874,2
455.9,0.06303,3.8011,7.53874,2
456,0.06303,3.80115,7.53874,2
456.1,0.06303,3.80121,7.53874,2
456.2,0.06304,3.80126,7.53874,2
456.3,0.06304,3.80131,7.53874,2
456.4,0.06305,3.80136,7.53874,2
456.5,0.06305,3.80142,7.53874,2
456.6,0.06306,3.80147,7.53874,2
456.7,0.06306,3.80153,7.53874,2
456.8,0.06307,3.80158,7.53874,2
456.9,0.06307,3.80164,7.53874,2
457,0.06307,3.80169,7.53875,2
457.1,0.06308,3.80175,7.53875,2
457.2,0.06308,3.80181,7.53875,2
457.3,0.06309,3.80186,7.53875,2
457.4,0.06309,3.80192,7.53875,2
457.5,0.0631,3.80198,7.53875,2
457.6,0.0631,3.80204,7.53875,2
457.7,0.0631,3.80209,7.53875,2
457.8,0.06311,3.80215,7.53875,2
457.9,0.06311,3.80221,7.53875,2
458,0.06312,3.80227,7.53875,2
458.1,0.06312,3.80232,7.53875,2
458.2,0.06313,3.80238,7.53875,2
458.3,0.06313,3.80244,7.53875,2
458.4,0.06313,3.8025,7.53875,2
458.5,0.06314,3.80256,7.53875,2
458.6,0.06314,3.80261,7.53875,2
458.7,0.06315,3.80267,7.53875,2
458.8,0.06315,3.80273,7.53875,2
458.9,0.06316,3.80279,7.53875,2
459,0.06316,3.80285,7.53875,2
459.1,0.06316,3.80291,7.53875,2
459.2,0.06317,3.80297,7.53875,2
459.3,0.06317,3.80304,7.53875,2
459.4,0.06318,3.8031,7.53875,2
459.5,0.06318,3.80316,7.53875,2
459.6,0.06319,3.80322,7.53875,2
459.7,0.06319,3.80328,7.53875,2
459.8,0.06319,3.80335,7.53875,2
459.9,0.0632,3.80341,7.53875,2
460,0.0632,3.80347,7.53875,2
460.1,0.06321,3.80354,7.53875,2
460.2,0.06321,3.8036,7.53875,2
460.3,0.06322,3.80367,7.53875,2
460.4,0.06322,3.80373,7.53875,2
460.5,0.06322,3.80379,7.53875,2
460.6,0.06323,3.80386,7.53875,2
460.7,0.06323,3.80392,7.53875,2
460.8,0.06324,3.80399,7.53875,2
460.9,0.06324,3.80405,7.53875,2
461,0.06325,3.80412,7.53876,2
461.1,0.06325,3.80418,7.53876,2
461.2,0.06325,3.80425,7.53876,2
461.3,0.06326,3.80432,7.53876,2
461.4,0.06326,3.80438,7.53876,2
461.5,0.06327,3.80445,7.53876,2
461.6,0.06327,3.80452,7.53876,2
461.7,0.06328,3.80459,7.53876,2
461.8,0.06328,3.80466,7.53876,2
461.9,0.06328,3.80473,7.53876,2
462,0.06329,3.8048,7.53876,2
462.1,0.06329,3.80487,7.53876,2
462.2,0.0633,3.80494,7.53876,2
462.3,0.0633,3.80501,7.53876,2
462.4,0.06331,3.80508,7.53876,2
462.5,0.06331,3.80515,7.53876,2
462.6,0.06331,3.80522,7.53876,2
462.7,0.06332,3.80529,7.53876,2
462.8,0.06332,3.80536,7.53876,2
462.9,0.06333,3.80543,7.53876,2
463,0.06333,3.8055,7.53876,2
463.1,0.06333,3.80557,7.53876,2
463.2,0.06334,3.80564,7.53876,2
463.3,0.06334,3.80571,7.53876,2
463.4,0.06335,3.80578,7.53876,2
463.5,0.06335,3.80585,7.53876,2
463.6,0.06336,3.80592,7.53876,2
463.7,0.06336,3.80599,7.53876,2
463.8,0.06336,3.80606,7.53876,2
463.9,0.06337,3.80613,7.53876,2
464,0.06337,3.8062,7.53876,2
464.1,0.06338,3.80627,7.53876,2
464.2,0.06338,3.80634,7.53876,2
464.3,0.06338,3.80641,7.53876,2
464.4,0.06339,3.80649,7.53876,2
464.5,0.06339,3.80656,7.53876,2
464.6,0.0634,3.80663,7.53876,2
464.7,0.0634,3.8067,7.53876,2
464.8,0.0634,3.80677,7.53876,2
464.9,0.06341,3.80684,7.53876,2
465,0.06341,3.80691,7.53876,2
465.1,0.06342,3.80699,7.53876,2
465.2,0.06342,3.80706,7.53876,2
465.3,0.06343,3.80713,7.53877,2
465.4,0.06343,3.80721,7.53877,2
465.5,0.06343,3.80728,7.53877,2
465.6,0.06344,3.80735,7.53877,2
465.7,0.06344,3.80743,7.53877,2
465.8,0.06345,3.8075,7.53877,2
465.9,0.06345,3.80757,7.53877,2
466,0.06345,3.80765,7.53877,2
466.1,0.06346,3.80772,7.53877,2
466.2,0.06346,3.8078,7.53877,2
466.3,0.06347,3.80787,7.53877,2
466.4,0.06347,3.80795,7.53877,2
466.5,0.06348,3.80802,7.53877,2
466.6,0.06348,3.8081,7.53877,2
466.7,0.06348,3.80818,7.53877,2
466.8,0.06349,3.80825,7.53877,2
466.9,0.06349,3.80833,7.53877,2
467,0.0635,3.8084,7.53877,2
467.1,0.0635,3.80848,7.53877,2
467.2,0.06351,3.80855,7.53877,2
467.3,0.06351,3.80863,7.53877,2
467.4,0.06352,3.80871,7.53877,2
467.5,0.06352,3.80878,7.53877,2
467.6,0.06352,3.80886,7.53877,2
467.7,0.06353,3.80894,7.53877,2
467.8,0.06353,3.80902,7.53877,2
467.9,0.06354,3.80909,7.53877,2
468,0.06354,3.80917,7.53877,2
468.1,0.06354,3.80925,7.53877,2
468.2,0.06355,3.80933,7.53877,2
468.3,0.06355,3.80941,7.53877,2
468.4,0.06356,3.80949,7.53877,2
468.5,0.06356,3.80956,7.53877,2
468.6,0.06357,3.80964,7.53877,2
468.7,0.06357,3.80972,7.53877,2
468.8,0.06357,3.80979,7.53877,2
468.9,0.06358,3.80986,7.53877,2
469,0.06358,3.80994,7.53877,2
469.1,0.06359,3.81001,7.53877,2
469.2,0.06359,3.81008,7.53877,2
469.3,0.0636,3.81015,7.53877,2
469.4,0.0636,3.81023,7.53877,2
469.5,0.0636,3.8103,7.53877,2
469.6,0.06361,3.81038,7.53877,2
469.7,0.06361,3.81045,7.53877,2
469.8,0.06362,3.81053,7.53877,2
469.9,0.06362,3.8106,7.53877,2
470,0.06363,3.81068,7.53877,2
470.1,0.06363,3.81075,7.53877,2
470.2,0.06363,3.81083,7.53877,2
470.3,0.06364,3.81091,7.53878,2
470.4,0.06364,3.81099,7.53878,2
470.5,0.06365,3.81107,7.53878,2
470.6,0.06365,3.81114,7.53878,2
470.7,0.06366,3.81122,7.53878,2
470.8,0.06366,3.8113,7.53878,2
470.9,0.06366,3.81139,7.53878,2
471,0.06367,3.81149,7.53878,2
471.1,0.06367,3.8116,7.53878,2
471.2,0.06368,3.81171,7.53878,2
471.3,0.06368,3.81182,7.53878,2
471.4,0.06368,3.81193,7.53878,2
471.5,0.06369,3.81204,7.53878,2
471.6,0.06369,3.81215,7.53878,2
471.7,0.0637,3.81224,7.53878,2
471.8,0.0637,3.81233,7.53878,2
471.9,0.06371,3.81242,7.53878,2
472,0.06371,3.8125,7.53878,2
472.1,0.06371,3.81259,7.53878,2
472.2,0.06372,3.81266,7.53878,2
472.3,0.06372,3.81274,7.53878,2
472.4,0.06373,3.81282,7.53878,2
472.5,0.06373,3.8129,7.53878,2
472.6,0.06373,3.81298,7.53878,2
472.7,0.06374,3.81306,7.53878,2
472.8,0.06374,3.81314,7.53878,2
472.9,0.06375,3.81322,7.53878,2
473,0.06375,3.81329,7.53878,2
473.1,0.06376,3.81337,7.53878,2
473.2,0.06376,3.81344,7.53878,2
473.3,0.06377,3.81352,7.53878,2
473.4,0.06377,3.8136,7.53878,2
473.5,0.06377,3.81369,7.53878,2
473.6,0.06378,3.81378,7.53878,2
473.7,0.06378,3.81387,7.53878,2
473.8,0.06379,3.81396,7.53878,2
473.9,0.06379,3.81404,7.53878,2
474,0.0638,3.81414,7.53878,2
474.1,0.0638,3.81422,7.53878,2
474.2,0.0638,3.8143,7.53878,2
474.3,0.06381,3.81439,7.53878,2
474.4,0.06381,3.81449,7.53878,2
474.5,0.06382,3.81457,7.53878,2
474.6,0.06382,3.81468,7.53878,2
474.7,0.06383,3.81479,7.53878,2
474.8,0.06383,3.8149,7.53878,2
474.9,0.06384,3.81502,7.53878,2
475,0.06384,3.81513,7.53878,2
475.1,0.06384,3.81525,7.53878,2
475.2,0.06385,3.81536,7.53878,2
475.3,0.06385,3.81548,7.53878,2
475.4,0.06386,3.81558,7.53878,2
475.5,0.06386,3.81569,7.53878,2
475.6,0.06387,3.8158,7.53878,2
475.7,0.06387,3.81591,7.53878,2
475.8,0.06388,3.81603,7.53878,2
475.9,0.06388,3.81614,7.53878,2
476,0.06388,3.81625,7.53878,2
476.1,0.06389,3.81634,7.53878,2
476.2,0.06389,3.81642,7.53878,2
476.3,0.0639,3.81651,7.53878,2
476.4,0.0639,3.81659,7.53878,2
476.5,0.0639,3.81667,7.53878,2
476.6,0.06391,3.81675,7.53878,2
476.7,0.06391,3.81683,7.53877,2
476.8,0.06392,3.81691,7.53877,2
476.9,0.06392,3.81699,7.53877,2
477,0.06393,3.81709,7.53877,2
477.1,0.06393,3.81719,7.53877,2
477.2,0.06393,3.81726,7.53877,2
477.3,0.06394,3.81733,7.53877,2
477.4,0.06394,3.81742,7.53877,2
477.5,0.06395,3.81751,7.53877,2
477.6,0.06395,3.81761,7.53877,2
477.7,0.06396,3.8177,7.53877,2
477.8,0.06396,3.81778,7.53877,2
477.9,0.06397,3.81785,7.53877,2
478,0.06397,3.81792,7.53877,2
478.1,0.06397,3.818,7.53877,2
478.2,0.06398,3.81807,7.53877,2
478.3,0.06398,3.81815,7.53877,2
478.4,0.06399,3.81822,7.53877,2
478.5,0.06399,3.8183,7.53877,2
478.6,0.064,3.81837,7.53877,2
478.7,0.064,3.81845,7.53877,2
478.8,0.06401,3.81853,7.53877,2
478.9,0.06401,3.8186,7.53877,2
479,0.06401,3.81868,7.53877,2
479.1,0.06402,3.81876,7.53877,2
479.2,0.06402,3.81883,7.53877,2
479.3,0.06403,3.81891,7.53877,2
479.4,0.06403,3.81898,7.53877,2
479.5,0.06404,3.81905,7.53877,2
479.6,0.06404,3.81912,7.53877,2
479.7,0.06405,3.81919,7.53877,2
479.8,0.06405,3.81926,7.53877,2
479.9,0.06406,3.81933,7.53877,2
480,0.06406,3.81941,7.53877,2
480.1,0.06406,3.81948,7.53877,2
480.2,0.06407,3.81955,7.53877,2
480.3,0.06407,3.81962,7.53877,2
480.4,0.06408,3.81969,7.53877,2
480.5,0.06408,3.81975,7.53877,2
480.6,0.06409,3.81982,7.53877,2
480.7,0.06409,3.81989,7.53877,2
480.8,0.0641,3.81996,7.53877,2
480.9,0.0641,3.82004,7.53877,2
481,0.06411,3.8201,7.53877,2
481.1,0.06411,3.8202,7.53877,2
481.2,0.06412,3.82026,7.53877,2
481.3,0.06412,3.82033,7.53877,2
481.4,0.06413,3.82041,7.53877,2
481.5,0.06413,3.8205,7.53877,2
481.6,0.06413,3.82058,7.53877,2
481.7,0.06414,3.82066,7.53877,2
481.8,0.06414,3.82074,7.53877,2
481.9,0.06415,3.82082,7.53877,2
482,0.06415,3.8209,7.53877,2
482.1,0.06416,3.82099,7.53877,2
482.2,0.06416,3.82107,7.53877,2
482.3,0.06417,3.82116,7.53877,2
482.4,0.06417,3.82124,7.53877,2
482.5,0.06418,3.82133,7.53877,2
482.6,0.06418,3.82143,7.53877,2
482.7,0.06418,3.82152,7.53877,2
482.8,0.06419,3.82161,7.53877,2
482.9,0.06419,3.82169,7.53877,2
483,0.0642,3.82177,7.53877,2
483.1,0.0642,3.82185,7.53877,2
483.2,0.06421,3.82194,7.53877,2
483.3,0.06421,3.82203,7.53877,2
483.4,0.06422,3.82211,7.53877,2
483.5,0.06422,3.8222,7.53877,2
483.6,0.06423,3.82227,7.53877,2
483.7,0.06423,3.82236,7.53877,2
483.8,0.06424,3.82244,7.53877,2
483.9,0.06424,3.82252,7.53877,2
484,0.06425,3.8226,7.53877,2
484.1,0.06425,3.82267,7.53877,2
484.2,0.06426,3.82275,7.53877,2
484.3,0.06426,3.82282,7.53877,2
484.4,0.06426,3.8229,7.53877,2
484.5,0.06427,3.82297,7.53877,2
484.6,0.06427,3.82305,7.53877,2
484.7,0.06428,3.82314,7.53877,2
484.8,0.06428,3.82322,7.53877,2
484.9,0.06429,3.82331,7.53877,2
485,0.06429,3.82338,7.53877,2
485.1,0.0643,3.82346,7.53877,2
485.2,0.0643,3.82355,7.53877,2
485.3,0.06431,3.82364,7.53877,2
485.4,0.06431,3.82373,7.53877,2
485.5,0.06432,3.82382,7.53877,2
485.6,0.06432,3.82392,7.53877,2
485.7,0.06433,3.82401,7.53877,2
485.8,0.06433,3.8241,7.53877,2
485.9,0.06434,3.82419,7.53877,2
486,0.06434,3.82428,7.53877,2
486.1,0.06435,3.82437,7.53877,2
486.2,0.06435,3.82445,7.53877,2
486.3,0.06436,3.82454,7.53877,2
486.4,0.06436,3.82462,7.53877,2
486.5,0.06436,3.82471,7.53877,2
486.6,0.06437,3.8248,7.53877,2
486.7,0.06437,3.82489,7.53877,2
486.8,0.06438,3.82498,7.53877,2
486.9,0.06438,3.82506,7.53877,2
487,0.06439,3.82515,7.53877,2
487.1,0.06439,3.82524,7.53877,2
487.2,0.0644,3.82533,7.53877,2
487.3,0.0644,3.82542,7.53877,2
487.4,0.06441,3.82552,7.53877,2
487.5,0.06441,3.82561,7.53877,2
487.6,0.06442,3.8257,7.53877,2
487.7,0.06442,3.8258,7.53877,2
487.8,0.06443,3.82589,7.53876,2
487.9,0.06443,3.82598,7.53876,2
488,0.06444,3.82608,7.53876,2
488.1,0.06444,3.82617,7.53876,2
488.2,0.06445,3.82626,7.53876,2
488.3,0.06445,3.82636,7.53876,2
488.4,0.06445,3.82645,7.53876,2
488.5,0.06446,3.82654,7.53876,2
488.6,0.06446,3.82663,7.53876,2
488.7,0.06447,3.82672,7.53876,2
488.8,0.06447,3.82682,7.53876,2
488.9,0.06448,3.82691,7.53876,2
489,0.06448,3.827,7.53876,2
489.1,0.06449,3.82709,7.53876,2
489.2,0.06449,3.82718,7.53876,2
489.3,0.0645,3.82727,7.53876,2
489.4,0.0645,3.82736,7.53876,2
489.5,0.0645,3.82745,7.53876,2
489.6,0.06451,3.82754,7.53876,2
489.7,0.06451,3.82763,7.53876,2
489.8,0.06452,3.82772,7.53876,2
489.9,0.06452,3.82781,7.53876,2
490,0.06453,3.8279,7.53876,2
490.1,0.06453,3.82799,7.53876,2
490.2,0.06454,3.82808,7.53876,2
490.3,0.06454,3.82817,7.53876,2
490.4,0.06455,3.82826,7.53876,2
490.5,0.06455,3.82835,7.53876,2
490.6,0.06456,3.82844,7.53876,2
490.7,0.06456,3.82853,7.53876,2
490.8,0.06457,3.82862,7.53876,2
490.9,0.06457,3.82871,7.53876,2
491,0.06457,3.8288,7.53876,2
491.1,0.06458,3.8289,7.53876,2
491.2,0.06458,3.82899,7.53876,2
491.3,0.06459,3.82908,7.53876,2
491.4,0.06459,3.82917,7.53876,2
491.5,0.0646,3.82926,7.53876,2
491.6,0.0646,3.82935,7.53876,2
491.7,0.06461,3.82944,7.53876,2
491.8,0.06461,3.82953,7.53876,2
491.9,0.06461,3.82962,7.53876,2
492,0.06462,3.8297,7.53876,2
492.1,0.06462,3.82979,7.53876,2
492.2,0.06463,3.82988,7.53876,2
492.3,0.06463,3.82996,7.53876,2
492.4,0.06464,3.83005,7.53876,2
492.5,0.06464,3.83013,7.53876,2
492.6,0.06465,3.83022,7.53876,2
492.7,0.06465,3.8303,7.53876,2
492.8,0.06465,3.83039,7.53876,2
492.9,0.06466,3.83047,7.53876,2
493,0.06466,3.83056,7.53875,2
493.1,0.06467,3.83064,7.53875,2
493.2,0.06467,3.83073,7.53875,2
493.3,0.06468,3.83081,7.53875,2
493.4,0.06468,3.8309,7.53875,2
493.5,0.06469,3.83099,7.53875,2
493.6,0.06469,3.83108,7.53875,2
493.7,0.06469,3.83116,7.53875,2
493.8,0.0647,3.83125,7.53875,2
493.9,0.0647,3.83134,7.53875,2
494,0.06471,3.83143,7.53875,2
494.1,0.06471,3.83152,7.53875,2
494.2,0.06472,3.83161,7.53875,2
494.3,0.06472,3.8317,7.53875,2
494.4,0.06473,3.83179,7.53875,2
494.5,0.06473,3.83188,7.53875,2
494.6,0.06474,3.83197,7.53875,2
494.7,0.06474,3.83206,7.53875,2
494.8,0.06474,3.83215,7.53875,2
494.9,0.06475,3.83223,7.53875,2
495,0.06475,3.83232,7.53875,2
495.1,0.06476,3.83241,7.53875,2
495.2,0.06476,3.83249,7.53875,2
495.3,0.06477,3.83257,7.53875,2
495.4,0.06477,3.83266,7.53875,2
495.5,0.06478,3.83274,7.53875,2
495.6,0.06478,3.83283,7.53874,2
495.7,0.06478,3.83291,7.53874,2
495.8,0.06479,3.83299,7.53874,2
495.9,0.06479,3.83308,7.53874,2
496,0.0648,3.83316,7.53874,2
496.1,0.0648,3.83324,7.53874,2
496.2,0.06481,3.83332,7.53874,2
496.3,0.06481,3.83341,7.53874,2
496.4,0.06482,3.83349,7.53874,2
496.5,0.06482,3.83357,7.53874,2
496.6,0.06482,3.83365,7.53874,2
496.7,0.06483,3.83374,7.53874,2
496.8,0.06483,3.83382,7.53873,2
496.9,0.06484,3.8339,7.53873,2
497,0.06484,3.83398,7.53873,2
497.1,0.06485,3.83407,7.53873,2
497.2,0.06485,3.83415,7.53873,2
497.3,0.06486,3.83423,7.53873,2
497.4,0.06486,3.83431,7.53873,2
497.5,0.06486,3.8344,7.53873,2
497.6,0.06487,3.83448,7.53873,2
497.7,0.06487,3.83455,7.53873,2
497.8,0.06488,3.83463,7.53873,2
497.9,0.06488,3.83471,7.53872,2
498,0.06489,3.83479,7.53872,2
498.1,0.06489,3.83487,7.53872,2
498.2,0.06489,3.83495,7.53872,2
498.3,0.0649,3.83503,7.53872,2
498.4,0.0649,3.83512,7.53872,2
498.5,0.06491,3.8352,7.53872,2
498.6,0.06491,3.83528,7.53872,2
498.7,0.06492,3.83536,7.53872,2
498.8,0.06492,3.83544,7.53872,2
498.9,0.06492,3.83552,7.53872,2
499,0.06493,3.8356,7.53872,2
499.1,0.06493,3.83568,7.53872,2
499.2,0.06494,3.83576,7.53872,2
499.3,0.06494,3.83584,7.53872,2
499.4,0.06495,3.83592,7.53872,2
499.5,0.06495,3.836,7.53872,2
499.6,0.06495,3.83608,7.53871,2
499.7,0.06496,3.83615,7.53871,2
499.8,0.06496,3.83623,7.53871,2
499.9,0.06497,3.83631,7.53871,2
500,0.06497,3.83639,7.53871,2
500.1,0.06498,3.83646,7.53871,2
500.2,0.06498,3.83654,7.53871,2
500.3,0.06498,3.83661,7.53871,2
500.4,0.06499,3.83669,7.53871,2
500.5,0.06499,3.83677,7.53871,2
500.6,0.065,3.83684,7.53871,2
500.7,0.065,3.83692,7.53871,2
500.8,0.06501,3.83699,7.53871,2
500.9,0.06501,3.83707,7.53871,2
501,0.06501,3.83714,7.53871,2
501.1,0.06502,3.83722,7.5387,2
501.2,0.06502,3.83729,7.5387,2
501.3,0.06503,3.83736,7.5387,2
501.4,0.06503,3.83744,7.5387,2
501.5,0.06504,3.83751,7.5387,2
501.6,0.06504,3.83758,7.5387,2
501.7,0.06504,3.83765,7.5387,2
501.8,0.06505,3.83773,7.5387,2
501.9,0.06505,3.8378,7.5387,2
502,0.06506,3.83787,7.5387,2
502.1,0.06506,3.83794,7.5387,2
502.2,0.06507,3.83801,7.5387,2
502.3,0.06507,3.83808,7.5387,2
502.4,0.06507,3.83815,7.5387,2
502.5,0.06508,3.83822,7.5387,2
502.6,0.06508,3.83829,7.5387,2
502.7,0.06509,3.83836,7.5387,2
502.8,0.06509,3.83842,7.53869,2
502.9,0.06509,3.83849,7.53869,2
503,0.0651,3.83856,7.53869,2
503.1,0.0651,3.83862,7.53869,2
503.2,0.06511,3.83869,7.53869,2
503.3,0.06511,3.83876,7.53869,2
503.4,0.06512,3.83882,7.53869,2
503.5,0.06512,3.83889,7.53869,2
503.6,0.06512,3.83896,7.53869,2
503.7,0.06513,3.83902,7.53869,2
503.8,0.06513,3.83909,7.53869,2
503.9,0.06514,3.83915,7.53869,2
504,0.06514,3.83922,7.53869,2
504.1,0.06515,3.83928,7.53869,2
504.2,0.06515,3.83934,7.53869,2
504.3,0.06515,3.83941,7.53869,2
504.4,0.06516,3.83947,7.53869,2
504.5,0.06516,3.83953,7.53869,2
504.6,0.06517,3.8396,7.53868,2
504.7,0.06517,3.83966,7.53868,2
504.8,0.06517,3.83972,7.53868,2
504.9,0.06518,3.83978,7.53868,2
505,0.06518,3.83984,7.53868,2
505.1,0.06519,3.83989,7.53868,2
505.2,0.06519,3.83996,7.53868,2
505.3,0.0652,3.84001,7.53868,2
505.4,0.0652,3.84007,7.53868,2
505.5,0.0652,3.84013,7.53868,2
505.6,0.06521,3.84019,7.53868,2
505.7,0.06521,3.84025,7.53868,2
505.8,0.06522,3.84031,7.53868,2
505.9,0.06522,3.84037,7.53868,2
506,0.06522,3.84042,7.53868,2
506.1,0.06523,3.84048,7.53868,2
506.2,0.06523,3.84054,7.53868,2
506.3,0.06524,3.84059,7.53868,2
506.4,0.06524,3.84065,7.53868,2
506.5,0.06524,3.84071,7.53868,2
506.6,0.06525,3.84076,7.53868,2
506.7,0.06525,3.84082,7.53868,2
506.8,0.06526,3.84087,7.53868,2
506.9,0.06526,3.84093,7.53868,2
507,0.06526,3.84098,7.53867,2
507.1,0.06527,3.84104,7.53867,2
507.2,0.06527,3.84109,7.53867,2
507.3,0.06528,3.84114,7.53867,2
507.4,0.06528,3.8412,7.53867,2
507.5,0.06529,3.84125,7.53867,2
507.6,0.06529,3.84131,7.53867,2
507.7,0.06529,3.84136,7.53867,2
507.8,0.0653,3.84141,7.53867,2
507.9,0.0653,3.84146,7.53867,2
508,0.06531,3.84151,7.53867,2
508.1,0.06531,3.84157,7.53867,2
508.2,0.06531,3.84162,7.53867,2
508.3,0.06532,3.84167,7.53867,2
508.4,0.06532,3.84172,7.53867,2
508.5,0.06533,3.84178,7.53867,2
508.6,0.06533,3.84183,7.53867,2
508.7,0.06533,3.84188,7.53867,2
508.8,0.06534,3.84193,7.53867,2
508.9,0.06534,3.84198,7.53867,2
509,0.06535,3.84203,7.53866,2
509.1,0.06535,3.84208,7.53866,2
509.2,0.06535,3.84213,7.53866,2
509.3,0.06536,3.84217,7.53866,2
509.4,0.06536,3.84222,7.53866,2
509.5,0.06536,3.84227,7.53866,2
509.6,0.06537,3.84231,7.53866,2
509.7,0.06537,3.84236,7.53866,2
509.8,0.06538,3.84241,7.53866,2
509.9,0.06538,3.84245,7.53866,2
510,0.06538,3.8425,7.53866,2
510.1,0.06539,3.84254,7.53866,2
510.2,0.06539,3.84259,7.53866,2
510.3,0.0654,3.84264,7.53866,2
510.4,0.0654,3.84268,7.53866,2
510.5,0.0654,3.84272,7.53866,2
510.6,0.06541,3.84277,7.53866,2
510.7,0.06541,3.84281,7.53866,2
510.8,0.06542,3.84285,7.53866,2
510.9,0.06542,3.84289,7.53866,2
511,0.06542,3.84293,7.53866,2
511.1,0.06543,3.84297,7.53866,2
511.2,0.06543,3.843,7.53865,2
511.3,0.06544,3.84304,7.53865,2
511.4,0.06544,3.84308,7.53865,2
511.5,0.06544,3.84311,7.53865,2
511.6,0.06545,3.84315,7.53865,2
511.7,0.06545,3.84318,7.53865,2
511.8,0.06545,3.84321,7.53865,2
511.9,0.06546,3.84325,7.53865,2
512,0.06546,3.84328,7.53865,2
512.1,0.06547,3.84331,7.53865,2
512.2,0.06547,3.84334,7.53865,2
512.3,0.06547,3.84337,7.53865,2
512.4,0.06548,3.84341,7.53865,2
512.5,0.06548,3.84344,7.53865,2
512.6,0.06549,3.84347,7.53865,2
512.7,0.06549,3.8435,7.53865,2
512.8,0.06549,3.84353,7.53865,2
512.9,0.0655,3.84356,7.53865,2
513,0.0655,3.84359,7.53865,2
513.1,0.06551,3.84362,7.53865,2
513.2,0.06551,3.84365,7.53865,2
513.3,0.06551,3.84368,7.53865,2
513.4,0.06552,3.84371,7.53865,2
513.5,0.06552,3.84374,7.53865,2
513.6,0.06552,3.84377,7.53865,2
513.7,0.06553,3.8438,7.53865,2
513.8,0.06553,3.84383,7.53865,2
513.9,0.06554,3.84385,7.53865,2
514,0.06554,3.84388,7.53865,2
514.1,0.06554,3.84391,7.53864,2
514.2,0.06555,3.84393,7.53864,2
514.3,0.06555,3.84396,7.53864,2
514.4,0.06555,3.84399,7.53864,2
514.5,0.06556,3.84401,7.53864,2
514.6,0.06556,3.84404,7.53864,2
514.7,0.06557,3.84406,7.53864,2
514.8,0.06557,3.84409,7.53864,2
514.9,0.06557,3.84411,7.53864,2
515,0.06558,3.84414,7.53864,2
515.1,0.06558,3.84416,7.53864,2
515.2,0.06559,3.84419,7.53864,2
515.3,0.06559,3.84421,7.53864,2
515.4,0.06559,3.84424,7.53864,2
515.5,0.0656,3.84426,7.53864,2
515.6,0.0656,3.84428,7.53864,2
515.7,0.0656,3.8443,7.53864,2
515.8,0.06561,3.84432,7.53864,2
515.9,0.06561,3.84434,7.53864,2
516,0.06562,3.84436,7.53864,2
516.1,0.06562,3.84438,7.53864,2
516.2,0.06562,3.84439,7.53864,2
516.3,0.06563,3.84441,7.53864,2
516.4,0.06563,3.84442,7.53864,2
516.5,0.06563,3.84444,7.53864,2
516.6,0.06564,3.84445,7.53864,2
516.7,0.06564,3.84447,7.53864,2
516.8,0.06564,3.84448,7.53864,2
516.9,0.06565,3.8445,7.53864,2
517,0.06565,3.84451,7.53864,2
517.1,0.06566,3.84452,7.53864,2
517.2,0.06566,3.84453,7.53864,2
517.3,0.06566,3.84455,7.53863,2
517.4,0.06567,3.84455,7.53863,2
517.5,0.06567,3.84456,7.53863,2
517.6,0.06567,3.84457,7.53863,2
517.7,0.06568,3.84458,7.53863,2
517.8,0.06568,3.84459,7.53863,2
517.9,0.06568,3.8446,7.53863,2
518,0.06569,3.84461,7.53863,2
518.1,0.06569,3.84462,7.53863,2
518.2,0.0657,3.84463,7.53863,2
518.3,0.0657,3.84464,7.53863,2
518.4,0.0657,3.84465,7.53863,2
518.5,0.06571,3.84466,7.53863,2
518.6,0.06571,3.84467,7.53863,2
518.7,0.06571,3.84468,7.53863,2
518.8,0.06572,3.84469,7.53863,2
518.9,0.06572,3.8447,7.53863,2
519,0.06572,3.84471,7.53863,2
519.1,0.06573,3.84472,7.53863,2
519.2,0.06573,3.84473,7.53863,2
519.3,0.06573,3.84474,7.53863,2
519.4,0.06574,3.84475,7.53863,2
519.5,0.06574,3.84476,7.53863,2
519.6,0.06574,3.84477,7.53862,2
519.7,0.06575,3.84477,7.53862,2
519.8,0.06575,3.84478,7.53862,2
519.9,0.06576,3.84478,7.53862,2
520,0.06576,3.84479,7.53862,2
520.1,0.06576,3.84479,7.53862,2
520.2,0.06577,3.84479,7.53862,2
520.3,0.06577,3.8448,7.53862,2
520.4,0.06577,3.8448,7.53862,2
520.5,0.06578,3.8448,7.53862,2
520.6,0.06578,3.8448,7.53862,2
520.7,0.06578,3.8448,7.53862,2
520.8,0.06579,3.8448,7.53862,2
520.9,0.06579,3.8448,7.53862,2
521,0.06579,3.8448,7.53862,2
521.1,0.0658,3.8448,7.53862,2
521.2,0.0658,3.84479,7.53862,2
521.3,0.0658,3.84479,7.53862,2
521.4,0.06581,3.84479,7.53862,2
521.5,0.06581,3.84478,7.53862,2
521.6,0.06581,3.84478,7.53862,2
521.7,0.06582,3.84477,7.53862,2
521.8,0.06582,3.84477,7.53862,2
521.9,0.06582,3.84476,7.53862,2
522,0.06583,3.84476,7.53862,2
522.1,0.06583,3.84475,7.53862,2
522.2,0.06583,3.84474,7.53861,2
522.3,0.06584,3.84473,7.53861,2
522.4,0.06584,3.84472,7.53861,2
522.5,0.06584,3.84471,7.53861,2
522.6,0.06585,3.8447,7.53861,2
522.7,0.06585,3.84469,7.53861,2
522.8,0.06585,3.84468,7.53861,2
522.9,0.06586,3.84467,7.53861,2
523,0.06586,3.84466,7.53861,2
523.1,0.06586,3.84464,7.53861,2
523.2,0.06587,3.84463,7.53861,2
523.3,0.06587,3.84462,7.53861,2
523.4,0.06587,3.84461,7.53861,2
523.5,0.06588,3.84459,7.53861,2
523.6,0.06588,3.84458,7.53861,2
523.7,0.06588,3.84456,7.53861,2
523.8,0.06588,3.84455,7.53861,2
523.9,0.06589,3.84453,7.53861,2
524,0.06589,3.84452,7.53861,2
524.1,0.06589,3.8445,7.53861,2
524.2,0.0659,3.84448,7.53861,2
524.3,0.0659,3.84446,7.53861,2
524.4,0.0659,3.84445,7.53861,2
524.5,0.06591,3.84443,7.53861,2
524.6,0.06591,3.84441,7.53861,2
524.7,0.06591,3.84439,7.53861,2
524.8,0.06592,3.84437,7.5386,2
524.9,0.06592,3.84435,7.5386,2
525,0.06592,3.84433,7.5386,2
525.1,0.06593,3.8443,7.5386,2
525.2,0.06593,3.84428,7.5386,2
525.3,0.06593,3.84426,7.5386,2
525.4,0.06594,3.84424,7.5386,2
525.5,0.06594,3.84422,7.5386,2
525.6,0.06594,3.8442,7.5386,2
525.7,0.06594,3.84418,7.5386,2
525.8,0.06595,3.84416,7.5386,2
525.9,0.06595,3.84414,7.5386,2
526,0.06595,3.84411,7.5386,2
526.1,0.06596,3.84409,7.5386,2
526.2,0.06596,3.84407,7.5386,2
526.3,0.06596,3.84404,7.5386,2
526.4,0.06597,3.84401,7.5386,2
526.5,0.06597,3.84399,7.5386,2
526.6,0.06597,3.84396,7.5386,2
526.7,0.06598,3.84394,7.5386,2
526.8,0.06598,3.84391,7.5386,2
526.9,0.06598,3.84389,7.5386,2
527,0.06598,3.84386,7.5386,2
527.1,0.06599,3.84383,7.5386,2
527.2,0.06599,3.8438,7.5386,2
527.3,0.06599,3.84377,7.5386,2
527.4,0.066,3.84374,7.53859,2
527.5,0.066,3.84371,7.53859,2
527.6,0.066,3.84368,7.53859,2
527.7,0.066,3.84365,7.53859,2
527.8,0.06601,3.84362,7.53859,2
527.9,0.06601,3.84358,7.53859,2
528,0.06601,3.84355,7.53859,2
528.1,0.06602,3.84352,7.53859,2
528.2,0.06602,3.84348,7.53859,2
528.3,0.06602,3.84345,7.53859,2
528.4,0.06602,3.84342,7.53859,2
528.5,0.06603,3.84338,7.53859,2
528.6,0.06603,3.84335,7.53859,2
528.7,0.06603,3.84331,7.53859,2
528.8,0.06604,3.84328,7.53859,2
528.9,0.06604,3.84324,7.53859,2
529,0.06604,3.84321,7.53859,2
529.1,0.06604,3.84317,7.53859,2
529.2,0.06605,3.84314,7.53859,2
529.3,0.06605,3.8431,7.53859,2
529.4,0.06605,3.84306,7.53859,2
529.5,0.06605,3.84302,7.53859,2
529.6,0.06606,3.84299,7.53858,2
529.7,0.06606,3.84295,7.53858,2
529.8,0.06606,3.84291,7.53858,2
529.9,0.06607,3.84287,7.53858,2
530,0.06607,3.84283,7.53858,2
530.1,0.06607,3.84279,7.53858,2
530.2,0.06607,3.84275,7.53858,2
530.3,0.06608,3.84271,7.53858,2
530.4,0.06608,3.84267,7.53858,2
530.5,0.06608,3.84262,7.53858,2
530.6,0.06609,3.84258,7.53858,2
530.7,0.06609,3.84254,7.53858,2
530.8,0.06609,3.84249,7.53858,2
530.9,0.06609,3.84245,7.53858,2
531,0.0661,3.84241,7.53858,2
531.1,0.0661,3.84237,7.53858,2
531.2,0.0661,3.84232,7.53858,2
531.3,0.0661,3.84228,7.53858,2
531.4,0.06611,3.84223,7.53858,2
531.5,0.06611,3.84219,7.53858,2
531.6,0.06611,3.84214,7.53858,2
531.7,0.06611,3.8421,7.53858,2
531.8,0.06612,3.84205,7.53858,2
531.9,0.06612,3.842,7.53858,2
532,0.06612,3.84195,7.53857,2
532.1,0.06613,3.8419,7.53857,2
532.2,0.06613,3.84185,7.53857,2
532.3,0.06613,3.8418,7.53857,2
532.4,0.06613,3.84175,7.53857,2
532.5,0.06614,3.8417,7.53857,2
532.6,0.06614,3.84165,7.53857,2
532.7,0.06614,3.84159,7.53857,2
532.8,0.06614,3.84154,7.53857,2
532.9,0.06615,3.84149,7.53857,2
533,0.06615,3.84143,7.53857,2
533.1,0.06615,3.84138,7.53857,2
533.2,0.06615,3.84132,7.53857,2
533.3,0.06616,3.84127,7.53857,2
533.4,0.06616,3.84121,7.53857,2
533.5,0.06616,3.84116,7.53857,2
533.6,0.06616,3.8411,7.53857,2
533.7,0.06617,3.84104,7.53857,2
533.8,0.06617,3.84098,7.53857,2
533.9,0.06617,3.84092,7.53857,2
534,0.06617,3.84086,7.53857,2
534.1,0.06618,3.84081,7.53857,2
534.2,0.06618,3.84075,7.53857,2
534.3,0.06618,3.84069,7.53857,2
534.4,0.06618,3.84063,7.53857,2
534.5,0.06618,3.84057,7.53857,2
534.6,0.06619,3.84051,7.53857,2
534.7,0.06619,3.84045,7.53857,2
534.8,0.06619,3.84039,7.53857,2
534.9,0.06619,3.84032,7.53857,2
535,0.0662,3.84026,7.53856,2
535.1,0.0662,3.8402,7.53856,2
535.2,0.0662,3.84014,7.53856,2
535.3,0.0662,3.84007,7.53856,2
535.4,0.06621,3.84001,7.53856,2
535.5,0.06621,3.83995,7.53856,2
535.6,0.06621,3.83988,7.53856,2
535.7,0.06621,3.83981,7.53856,2
535.8,0.06622,3.83975,7.53856,2
535.9,0.06622,3.83968,7.53856,2
536,0.06622,3.83961,7.53856,2
536.1,0.06622,3.83954,7.53856,2
536.2,0.06623,3.83947,7.53856,2
536.3,0.06623,3.83941,7.53856,2
536.4,0.06623,3.83934,7.53856,2
536.5,0.06623,3.83927,7.53856,2
536.6,0.06624,3.8392,7.53856,2
536.7,0.06624,3.83913,7.53856,2
536.8,0.06624,3.83906,7.53856,2
536.9,0.06624,3.839,7.53856,2
537,0.06625,3.83893,7.53856,2
537.1,0.06625,3.83886,7.53856,2
537.2,0.06625,3.8388,7.53856,2
537.3,0.06625,3.83873,7.53856,2
537.4,0.06626,3.83867,7.53856,2
537.5,0.06626,3.8386,7.53856,2
537.6,0.06626,3.83854,7.53856,2
537.7,0.06626,3.83847,7.53856,2
537.8,0.06627,3.83841,7.53856,2
537.9,0.06627,3.83835,7.53856,2
538,0.06627,3.83828,7.53856,2
538.1,0.06627,3.83822,7.53856,2
538.2,0.06628,3.83815,7.53856,2
538.3,0.06628,3.83808,7.53856,2
538.4,0.06628,3.83802,7.53856,2
538.5,0.06628,3.83795,7.53856,2
538.6,0.06628,3.83788,7.53855,2
538.7,0.06629,3.83781,7.53855,2
538.8,0.06629,3.83775,7.53855,2
538.9,0.06629,3.83768,7.53855,2
539,0.06629,3.83761,7.53855,2
539.1,0.0663,3.83754,7.53855,2
539.2,0.0663,3.83748,7.53855,2
539.3,0.0663,3.83741,7.53855,2
539.4,0.0663,3.83734,7.53855,2
539.5,0.0663,3.83727,7.53855,2
539.6,0.06631,3.8372,7.53855,2
539.7,0.06631,3.83713,7.53855,2
539.8,0.06631,3.83705,7.53855,2
539.9,0.06631,3.83698,7.53855,2
540,0.06632,3.83691,7.53855,2
540.1,0.06632,3.83684,7.53855,2
540.2,0.06632,3.83676,7.53855,2
540.3,0.06632,3.83669,7.53855,2
540.4,0.06632,3.83661,7.53855,2
540.5,0.06633,3.83654,7.53855,2
540.6,0.06633,3.83646,7.53855,2
540.7,0.06633,3.83638,7.53855,2
540.8,0.06633,3.8363,7.53855,2
540.9,0.06633,3.83623,7.53855,2
541,0.06634,3.83615,7.53854,2
541.1,0.06634,3.83608,7.53854,2
541.2,0.06634,3.836,7.53854,2
541.3,0.06634,3.83593,7.53854,2
541.4,0.06635,3.83585,7.53854,2
541.5,0.06635,3.83578,7.53854,2
541.6,0.06635,3.8357,7.53854,2
541.7,0.06635,3.83563,7.53854,2
541.8,0.06635,3.83555,7.53854,2
541.9,0.06636,3.83547,7.53854,2
542,0.06636,3.8354,7.53854,2
542.1,0.06636,3.83532,7.53854,2
542.2,0.06636,3.83525,7.53854,2
542.3,0.06636,3.83517,7.53854,2
542.4,0.06637,3.8351,7.53854,2
542.5,0.06637,3.83502,7.53854,2
542.6,0.06637,3.83495,7.53854,2
542.7,0.06637,3.83487,7.53854,2
542.8,0.06637,3.83479,7.53854,2
542.9,0.06637,3.83471,7.53854,2
543,0.06638,3.83463,7.53854,2
543.1,0.06638,3.83455,7.53854,2
543.2,0.06638,3.83447,7.53854,2
543.3,0.06638,3.83439,7.53853,2
543.4,0.06638,3.83431,7.53853,2
543.5,0.06639,3.83423,7.53853,2
543.6,0.06639,3.83415,7.53853,2
543.7,0.06639,3.83406,7.53853,2
543.8,0.06639,3.83398,7.53853,2
543.9,0.06639,3.83389,7.53853,2
544,0.06639,3.83381,7.53853,2
544.1,0.0664,3.83372,7.53853,2
544.2,0.0664,3.83363,7.53853,2
544.3,0.0664,3.83354,7.53853,2
544.4,0.0664,3.83346,7.53853,2
544.5,0.0664,3.83337,7.53853,2
544.6,0.06641,3.83328,7.53853,2
544.7,0.06641,3.83319,7.53853,2
544.8,0.06641,3.8331,7.53853,2
544.9,0.06641,3.83301,7.53853,2
545,0.06641,3.83292,7.53853,2
545.1,0.06641,3.83283,7.53853,2
545.2,0.06642,3.83274,7.53853,2
545.3,0.06642,3.83264,7.53853,2
545.4,0.06642,3.83255,7.53853,2
545.5,0.06642,3.83246,7.53853,2
545.6,0.06642,3.83237,7.53853,2
545.7,0.06643,3.83229,7.53853,2
545.8,0.06643,3.8322,7.53853,2
545.9,0.06643,3.83211,7.53853,2
546,0.06643,3.83201,7.53853,2
546.1,0.06643,3.83192,7.53852,2
546.2,0.06643,3.83183,7.53852,2
546.3,0.06644,3.83174,7.53852,2
546.4,0.06644,3.83164,7.53852,2
546.5,0.06644,3.83155,7.53852,2
546.6,0.06644,3.83146,7.53852,2
546.7,0.06644,3.83136,7.53852,2
546.8,0.06644,3.83127,7.53852,2
546.9,0.06645,3.83118,7.53852,2
547,0.06645,3.83108,7.53852,2
547.1,0.06645,3.83099,7.53852,2
547.2,0.06645,3.83089,7.53852,2
547.3,0.06645,3.83079,7.53852,2
547.4,0.06646,3.8307,7.53852,2
547.5,0.06646,3.8306,7.53852,2
547.6,0.06646,3.83051,7.53852,2
547.7,0.06646,3.83041,7.53852,2
547.8,0.06646,3.83031,7.53852,2
547.9,0.06646,3.83022,7.53852,2
548,0.06647,3.83012,7.53852,2
548.1,0.06647,3.83003,7.53852,2
548.2,0.06647,3.82993,7.53852,2
548.3,0.06647,3.82984,7.53852,2
548.4,0.06647,3.82974,7.53852,2
548.5,0.06648,3.82965,7.53852,2
548.6,0.06648,3.82955,7.53852,2
548.7,0.06648,3.82945,7.53852,2
548.8,0.06648,3.82936,7.53852,2
548.9,0.06648,3.82926,7.53852,2
549,0.06648,3.82916,7.53851,2
549.1,0.06649,3.82907,7.53851,2
549.2,0.06649,3.82897,7.53851,2
549.3,0.06649,3.82887,7.53851,2
549.4,0.06649,3.82877,7.53851,2
549.5,0.06649,3.82867,7.53851,2
549.6,0.06649,3.82857,7.53851,2
549.7,0.0665,3.82847,7.53851,2
549.8,0.0665,3.82837,7.53851,2
549.9,0.0665,3.82827,7.53851,2
550,0.0665,3.82817,7.53851,2
550.1,0.0665,3.82807,7.53851,2
550.2,0.06651,3.82796,7.53851,2
550.3,0.06651,3.82786,7.53851,2
550.4,0.06651,3.82776,7.53851,2
550.5,0.06651,3.82766,7.53851,2
550.6,0.06651,3.82755,7.53851,2
550.7,0.06651,3.82745,7.53851,2
550.8,0.06652,3.82734,7.53851,2
550.9,0.06652,3.82724,7.53851,2
551,0.06652,3.82713,7.53851,2
551.1,0.06652,3.82703,7.5385,2
551.2,0.06652,3.82692,7.5385,2
551.3,0.06652,3.82681,7.5385,2
551.4,0.06653,3.82671,7.5385,2
551.5,0.06653,3.8266,7.5385,2
551.6,0.06653,3.82649,7.5385,2
551.7,0.06653,3.82638,7.5385,2
551.8,0.06653,3.82628,7.5385,2
551.9,0.06653,3.82617,7.5385,2
552,0.06654,3.82606,7.5385,2
552.1,0.06654,3.82595,7.5385,2
552.2,0.06654,3.82584,7.5385,2
552.3,0.06654,3.82573,7.5385,2
552.4,0.06654,3.82562,7.5385,2
552.5,0.06654,3.82552,7.5385,2
552.6,0.06655,3.82541,7.5385,2
552.7,0.06655,3.8253,7.5385,2
552.8,0.06655,3.82519,7.5385,2
552.9,0.06655,3.82508,7.5385,2
553,0.06655,3.82497,7.53849,2
553.1,0.06655,3.82486,7.53849,2
553.2,0.06655,3.82475,7.53849,2
553.3,0.06656,3.82464,7.53849,2
553.4,0.06656,3.82453,7.53849,2
553.5,0.06656,3.82442,7.53849,2
553.6,0.06656,3.82431,7.53849,2
553.7,0.06656,3.8242,7.53849,2
553.8,0.06656,3.82409,7.53849,2
553.9,0.06657,3.82398,7.53849,2
554,0.06657,3.82387,7.53849,2
554.1,0.06657,3.82376,7.53849,2
554.2,0.06657,3.82365,7.53849,2
554.3,0.06657,3.82354,7.53849,2
554.4,0.06657,3.82343,7.53849,2
554.5,0.06658,3.82332,7.53849,2
554.6,0.06658,3.82321,7.53849,2
554.7,0.06658,3.8231,7.53849,2
554.8,0.06658,3.82299,7.53848,2
554.9,0.06658,3.82288,7.53848,2
555,0.06658,3.82276,7.53848,2
555.1,0.06658,3.82265,7.53848,2
555.2,0.06659,3.82254,7.53848,2
555.3,0.06659,3.82243,7.53848,2
555.4,0.06659,3.82233,7.53848,2
555.5,0.06659,3.82222,7.53848,2
555.6,0.06659,3.82211,7.53848,2
555.7,0.06659,3.822,7.53848,2
555.8,0.0666,3.82189,7.53848,2
555.9,0.0666,3.82178,7.53848,2
556,0.0666,3.82167,7.53848,2
556.1,0.0666,3.82155,7.53848,2
556.2,0.0666,3.82144,7.53848,2
556.3,0.0666,3.82133,7.53848,2
556.4,0.0666,3.82122,7.53848,2
556.5,0.06661,3.8211,7.53848,2
556.6,0.06661,3.82099,7.53848,2
556.7,0.06661,3.82087,7.53847,2
556.8,0.06661,3.82076,7.53847,2
556.9,0.06661,3.82065,7.53847,2
557,0.06661,3.82053,7.53847,2
557.1,0.06662,3.82042,7.53847,2
557.2,0.06662,3.8203,7.53847,2
557.3,0.06662,3.82019,7.53847,2
557.4,0.06662,3.82008,7.53847,2
557.5,0.06662,3.81996,7.53847,2
557.6,0.06662,3.81985,7.53847,2
557.7,0.06662,3.81973,7.53847,2
557.8,0.06663,3.81962,7.53847,2
557.9,0.06663,3.81951,7.53847,2
558,0.06663,3.81939,7.53847,2
558.1,0.06663,3.81928,7.53847,2
558.2,0.06663,3.81916,7.53846,2
558.3,0.06663,3.81905,7.53846,2
558.4,0.06663,3.81894,7.53846,2
558.5,0.06664,3.81882,7.53846,2
558.6,0.06664,3.81871,7.53846,2
558.7,0.06664,3.81859,7.53846,2
558.8,0.06664,3.81848,7.53846,2
558.9,0.06664,3.81837,7.53846,2
559,0.06664,3.81825,7.53846,2
559.1,0.06664,3.81814,7.53846,2
559.2,0.06665,3.81802,7.53846,2
559.3,0.06665,3.81791,7.53846,2
559.4,0.06665,3.81779,7.53846,2
559.5,0.06665,3.81767,7.53845,2
559.6,0.06665,3.81756,7.53845,2
559.7,0.06665,3.81744,7.53845,2
559.8,0.06665,3.81732,7.53845,2
559.9,0.06666,3.8172,7.53845,2
560,0.06666,3.81708,7.53845,2
560.1,0.06666,3.81697,7.53845,2
560.2,0.06666,3.81685,7.53845,2
560.3,0.06666,3.81673,7.53845,2
560.4,0.06666,3.81661,7.53845,2
560.5,0.06666,3.81649,7.53845,2
560.6,0.06667,3.81638,7.53845,2
560.7,0.06667,3.81626,7.53845,2
560.8,0.06667,3.81614,7.53844,2
560.9,0.06667,3.81603,7.53844,2
561,0.06667,3.81591,7.53844,2
561.1,0.06667,3.81579,7.53844,2
561.2,0.06667,3.81567,7.53844,2
561.3,0.06667,3.81555,7.53844,2
561.4,0.06668,3.81544,7.53844,2
561.5,0.06668,3.81532,7.53844,2
561.6,0.06668,3.8152,7.53844,2
561.7,0.06668,3.81508,7.53844,2
561.8,0.06668,3.81497,7.53844,2
561.9,0.06668,3.81485,7.53844,2
562,0.06668,3.81473,7.53844,2
562.1,0.06669,3.81462,7.53844,2
562.2,0.06669,3.8145,7.53844,2
562.3,0.06669,3.81438,7.53843,2
562.4,0.06669,3.81426,7.53843,2
562.5,0.06669,3.81415,7.53843,2
562.6,0.06669,3.81403,7.53843,2
562.7,0.06669,3.81391,7.53843,2
562.8,0.06669,3.8138,7.53843,2
562.9,0.06669,3.81368,7.53843,2
563,0.0667,3.81356,7.53843,2
563.1,0.0667,3.81345,7.53843,2
563.2,0.0667,3.81333,7.53843,2
563.3,0.0667,3.81321,7.53843,2
563.4,0.0667,3.8131,7.53843,2
563.5,0.0667,3.81298,7.53843,2
563.6,0.0667,3.81286,7.53843,2
563.7,0.0667,3.81275,7.53842,2
563.8,0.06671,3.81263,7.53842,2
563.9,0.06671,3.81251,7.53842,2
564,0.06671,3.81239,7.53842,2
564.1,0.06671,3.81228,7.53842,2
564.2,0.06671,3.81216,7.53842,2
564.3,0.06671,3.81204,7.53842,2
564.4,0.06671,3.81192,7.53842,2
564.5,0.06671,3.81181,7.53842,2
564.6,0.06672,3.8117,7.53842,2
564.7,0.06672,3.81159,7.53842,2
564.8,0.06672,3.81148,7.53842,2
564.9,0.06672,3.81136,7.53842,2
565,0.06672,3.81125,7.53841,2
565.1,0.06672,3.81114,7.53841,2
565.2,0.06672,3.81103,7.53841,2
565.3,0.06673,3.81091,7.53841,2
565.4,0.06673,3.8108,7.53841,2
565.5,0.06673,3.81069,7.53841,2
565.6,0.06673,3.81058,7.53841,2
565.7,0.06673,3.81046,7.53841,2
565.8,0.06673,3.81035,7.53841,2
565.9,0.06673,3.81024,7.53841,2
566,0.06674,3.81012,7.53841,2
566.1,0.06674,3.81001,7.53841,2
566.2,0.06674,3.8099,7.53841,2
566.3,0.06674,3.80979,7.53841,2
566.4,0.06674,3.80968,7.5384,2
566.5,0.06674,3.80957,7.5384,2
566.6,0.06674,3.80946,7.5384,2
566.7,0.06674,3.80935,7.5384,2
566.8,0.06674,3.80924,7.5384,2
566.9,0.06675,3.80913,7.5384,2
567,0.06675,3.80902,7.5384,2
567.1,0.06675,3.80891,7.5384,2
567.2,0.06675,3.8088,7.5384,2
567.3,0.06675,3.80868,7.5384,2
567.4,0.06675,3.80857,7.5384,2
567.5,0.06675,3.80846,7.5384,2
567.6,0.06675,3.80835,7.5384,2
567.7,0.06676,3.80823,7.5384,2
567.8,0.06676,3.80812,7.5384,2
567.9,0.06676,3.80801,7.53839,2
568,0.06676,3.8079,7.53839,2
568.1,0.06676,3.80779,7.53839,2
568.2,0.06676,3.80768,7.53839,2
568.3,0.06676,3.80757,7.53839,2
568.4,0.06676,3.80746,7.53839,2
568.5,0.06677,3.80735,7.53839,2
568.6,0.06677,3.80724,7.53839,2
568.7,0.06677,3.80713,7.53839,2
568.8,0.06677,3.80702,7.53839,2
568.9,0.06677,3.80691,7.53839,2
569,0.06677,3.8068,7.53839,2
569.1,0.06677,3.80669,7.53839,2
569.2,0.06677,3.80659,7.53839,2
569.3,0.06677,3.80648,7.53838,2
569.4,0.06677,3.80638,7.53838,2
569.5,0.06678,3.80627,7.53838,2
569.6,0.06678,3.80617,7.53838,2
569.7,0.06678,3.80606,7.53838,2
569.8,0.06678,3.80595,7.53838,2
569.9,0.06678,3.80585,7.53838,2
570,0.06678,3.80574,7.53838,2
570.1,0.06678,3.80564,7.53838,2
570.2,0.06678,3.80553,7.53838,2
570.3,0.06678,3.80543,7.53838,2
570.4,0.06679,3.80532,7.53838,2
570.5,0.06679,3.80522,7.53838,2
570.6,0.06679,3.80511,7.53838,2
570.7,0.06679,3.80501,7.53838,2
570.8,0.06679,3.8049,7.53837,2
570.9,0.06679,3.8048,7.53837,2
571,0.06679,3.8047,7.53837,2
571.1,0.06679,3.80459,7.53837,2
571.2,0.06679,3.80449,7.53837,2
571.3,0.06679,3.80439,7.53837,2
571.4,0.0668,3.80429,7.53837,2
571.5,0.0668,3.80418,7.53837,2
571.6,0.0668,3.80408,7.53837,2
571.7,0.0668,3.80398,7.53837,2
571.8,0.0668,3.80388,7.53837,2
571.9,0.0668,3.80378,7.53837,2
572,0.0668,3.80368,7.53837,2
572.1,0.0668,3.80357,7.53837,2
572.2,0.0668,3.80347,7.53837,2
572.3,0.0668,3.80337,7.53837,2
572.4,0.0668,3.80327,7.53836,2
572.5,0.06681,3.80317,7.53836,2
572.6,0.06681,3.80307,7.53836,2
572.7,0.06681,3.80297,7.53836,2
572.8,0.06681,3.80287,7.53836,2
572.9,0.06681,3.80277,7.53836,2
573,0.06681,3.80267,7.53836,2
573.1,0.06681,3.80257,7.53836,2
573.2,0.06681,3.80247,7.53836,2
573.3,0.06681,3.80237,7.53836,2
573.4,0.06682,3.80227,7.53836,2
573.5,0.06682,3.80217,7.53836,2
573.6,0.06682,3.80207,7.53836,2
573.7,0.06682,3.80197,7.53836,2
573.8,0.06682,3.80187,7.53836,2
573.9,0.06682,3.80177,7.53836,2
574,0.06682,3.80168,7.53836,2
574.1,0.06682,3.80158,7.53836,2
574.2,0.06682,3.80149,7.53836,2
574.3,0.06683,3.80139,7.53836,2
574.4,0.06683,3.8013,7.53836,2
574.5,0.06683,3.80121,7.53835,2
574.6,0.06683,3.80111,7.53835,2
574.7,0.06683,3.80102,7.53835,2
574.8,0.06683,3.80093,7.53835,2
574.9,0.06683,3.80084,7.53835,2
575,0.06683,3.80074,7.53835,2
575.1,0.06684,3.80065,7.53835,2
575.2,0.06684,3.80056,7.53835,2
575.3,0.06684,3.80047,7.53835,2
575.4,0.06684,3.80037,7.53835,2
575.5,0.06684,3.80028,7.53835,2
575.6,0.06684,3.80019,7.53835,2
575.7,0.06684,3.8001,7.53835,2
575.8,0.06684,3.80001,7.53835,2
575.9,0.06684,3.79992,7.53835,2
576,0.06685,3.79983,7.53835,2
576.1,0.06685,3.79974,7.53835,2
576.2,0.06685,3.79965,7.53834,2
576.3,0.06685,3.79956,7.53834,2
576.4,0.06685,3.79947,7.53834,2
576.5,0.06685,3.79939,7.53834,2
576.6,0.06685,3.7993,7.53834,2
576.7,0.06685,3.79922,7.53834,2
576.8,0.06685,3.79913,7.53834,2
576.9,0.06686,3.79904,7.53834,2
577,0.06686,3.79896,7.53834,2
577.1,0.06686,3.79888,7.53834,2
577.2,0.06686,3.79879,7.53834,2
577.3,0.06686,3.79871,7.53834,2
577.4,0.06686,3.79862,7.53834,2
577.5,0.06686,3.79854,7.53834,2
577.6,0.06686,3.79845,7.53834,2
577.7,0.06686,3.79837,7.53834,2
577.8,0.06686,3.79828,7.53834,2
577.9,0.06687,3.7982,7.53834,2
578,0.06687,3.79811,7.53833,2
578.1,0.06687,3.79803,7.53833,2
578.2,0.06687,3.79795,7.53833,2
578.3,0.06687,3.79786,7.53833,2
578.4,0.06687,3.79778,7.53833,2
578.5,0.06687,3.7977,7.53833,2
578.6,0.06687,3.79761,7.53833,2
578.7,0.06688,3.79753,7.53833,2
578.8,0.06688,3.79745,7.53833,2
578.9,0.06688,3.79737,7.53833,2
579,0.06688,3.79728,7.53833,2
579.1,0.06688,3.7972,7.53833,2
579.2,0.06688,3.79712,7.53833,2
579.3,0.06688,3.79703,7.53833,2
579.4,0.06688,3.79695,7.53833,2
579.5,0.06688,3.79687,7.53833,2
579.6,0.06689,3.79679,7.53833,2
579.7,0.06689,3.79671,7.53833,2
579.8,0.06689,3.79663,7.53833,2
579.9,0.06689,3.79655,7.53833,2
580,0.06689,3.79647,7.53833,2
580.1,0.06689,3.79639,7.53832,2
580.2,0.06689,3.79631,7.53832,2
580.3,0.0669,3.79622,7.53832,2
580.4,0.0669,3.79614,7.53832,2
580.5,0.0669,3.79606,7.53832,2
580.6,0.0669,3.79598,7.53832,2
580.7,0.0669,3.7959,7.53832,2
580.8,0.0669,3.79582,7.53832,2
580.9,0.0669,3.79573,7.53832,2
581,0.0669,3.79565,7.53832,2
581.1,0.06691,3.79557,7.53832,2
581.2,0.06691,3.7955,7.53832,2
581.3,0.06691,3.79542,7.53832,2
581.4,0.06691,3.79534,7.53832,2
581.5,0.06691,3.79526,7.53832,2
581.6,0.06691,3.79518,7.53832,2
581.7,0.06691,3.7951,7.53832,2
581.8,0.06692,3.79502,7.53832,2
581.9,0.06692,3.79495,7.53832,2
582,0.06692,3.79487,7.53832,2
582.1,0.06692,3.79479,7.53832,2
582.2,0.06692,3.79471,7.53832,2
582.3,0.06692,3.79463,7.53832,2
582.4,0.06693,3.79455,7.53832,2
582.5,0.06693,3.79448,7.53832,2
582.6,0.06693,3.7944,7.53832,2
582.7,0.06693,3.79432,7.53832,2
582.8,0.06693,3.79424,7.53832,2
582.9,0.06693,3.79416,7.53831,2
583,0.06693,3.79408,7.53831,2
583.1,0.06694,3.794,7.53831,2
583.2,0.06694,3.79393,7.53831,2
583.3,0.06694,3.79385,7.53831,2
583.4,0.06694,3.79377,7.53831,2
583.5,0.06694,3.79369,7.53831,2
583.6,0.06694,3.79361,7.53831,2
583.7,0.06694,3.79353,7.53831,2
583.8,0.06695,3.79345,7.53831,2
583.9,0.06695,3.79337,7.53831,2
584,0.06695,3.79329,7.53831,2
584.1,0.06695,3.79322,7.53831,2
584.2,0.06695,3.79314,7.53831,2
584.3,0.06695,3.79306,7.53831,2
584.4,0.06696,3.79299,7.53831,2
584.5,0.06696,3.79291,7.53831,2
584.6,0.06696,3.79284,7.53831,2
584.7,0.06696,3.79276,7.53831,2
584.8,0.06696,3.79269,7.53831,2
584.9,0.06696,3.79261,7.53831,2
585,0.06697,3.79254,7.53831,2
585.1,0.06697,3.79246,7.53831,2
585.2,0.06697,3.79239,7.5383,2
585.3,0.06697,3.79231,7.5383,2
585.4,0.06697,3.79224,7.5383,2
585.5,0.06697,3.79217,7.5383,2
585.6,0.06697,3.79209,7.5383,2
585.7,0.06698,3.79202,7.5383,2
585.8,0.06698,3.79195,7.5383,2
585.9,0.06698,3.79188,7.5383,2
586,0.06698,3.7918,7.5383,2
586.1,0.06698,3.79173,7.5383,2
586.2,0.06698,3.79166,7.5383,2
586.3,0.06698,3.79159,7.5383,2
586.4,0.06699,3.79152,7.5383,2
586.5,0.06699,3.79145,7.5383,2
586.6,0.06699,3.79137,7.5383,2
586.7,0.06699,3.7913,7.5383,2
586.8,0.06699,3.79123,7.5383,2
586.9,0.06699,3.79116,7.5383,2
587,0.06699,3.79108,7.5383,2
587.1,0.067,3.79101,7.5383,2
587.2,0.067,3.79094,7.5383,2
587.3,0.067,3.79087,7.5383,2
587.4,0.067,3.7908,7.5383,2
587.5,0.067,3.79073,7.5383,2
587.6,0.067,3.79065,7.5383,2
587.7,0.067,3.79058,7.5383,2
587.8,0.06701,3.79051,7.5383,2
587.9,0.06701,3.79044,7.5383,2
588,0.06701,3.79037,7.5383,2
588.1,0.06701,3.7903,7.5383,2
588.2,0.06701,3.79024,7.5383,2
588.3,0.06701,3.79017,7.5383,2
588.4,0.06702,3.7901,7.5383,2
588.5,0.06702,3.79004,7.5383,2
588.6,0.06702,3.78997,7.5383,2
588.7,0.06702,3.7899,7.5383,2
588.8,0.06702,3.78984,7.5383,2
588.9,0.06702,3.78978,7.5383,2
589,0.06702,3.78971,7.5383,2
589.1,0.06703,3.78965,7.5383,2
589.2,0.06703,3.78959,7.5383,2
589.3,0.06703,3.78953,7.5383,2
589.4,0.06703,3.78947,7.5383,2
589.5,0.06703,3.78941,7.5383,2
589.6,0.06703,3.78935,7.5383,2
589.7,0.06704,3.78929,7.53829,2
589.8,0.06704,3.78923,7.53829,2
589.9,0.06704,3.78917,7.53829,2
590,0.06704,3.78911,7.53829,2
590.1,0.06704,3.78906,7.53829,2
590.2,0.06704,3.789,7.53829,2
590.3,0.06704,3.78894,7.53829,2
590.4,0.06705,3.78889,7.53829,2
590.5,0.06705,3.78884,7.53829,2
590.6,0.06705,3.78878,7.53829,2
590.7,0.06705,3.78873,7.53829,2
590.8,0.06705,3.78868,7.53829,2
590.9,0.06705,3.78863,7.53829,2
591,0.06706,3.78858,7.53829,2
591.1,0.06706,3.78853,7.53829,2
591.2,0.06706,3.78849,7.53829,2
591.3,0.06706,3.78844,7.53829,2
591.4,0.06706,3.78839,7.53829,2
591.5,0.06706,3.78835,7.53829,2
591.6,0.06707,3.7883,7.53829,2
591.7,0.06707,3.78826,7.53829,2
591.8,0.06707,3.78821,7.53829,2
591.9,0.06707,3.78817,7.53829,2
592,0.06707,3.78812,7.53829,2
592.1,0.06707,3.78808,7.53829,2
592.2,0.06707,3.78804,7.53829,2
592.3,0.06708,3.78799,7.53829,2
592.4,0.06708,3.78795,7.53829,2
592.5,0.06708,3.78791,7.53829,2
592.6,0.06708,3.78786,7.53829,2
592.7,0.06708,3.78782,7.53829,2
592.8,0.06708,3.78778,7.53829,2
592.9,0.06709,3.78773,7.53829,2
593,0.06709,3.78769,7.53829,2
593.1,0.06709,3.78765,7.53829,2
593.2,0.06709,3.78761,7.53829,2
593.3,0.06709,3.78757,7.53829,2
593.4,0.06709,3.78753,7.53829,2
593.5,0.0671,3.78749,7.53829,2
593.6,0.0671,3.78745,7.53829,2
593.7,0.0671,3.78742,7.53829,2
593.8,0.0671,3.78738,7.53829,2
593.9,0.0671,3.78734,7.53829,2
594,0.0671,3.7873,7.53829,2
594.1,0.06711,3.78727,7.53829,2
594.2,0.06711,3.78723,7.53829,2
594.3,0.06711,3.7872,7.53829,2
594.4,0.06711,3.78716,7.53829,2
594.5,0.06711,3.78713,7.53829,2
594.6,0.06711,3.78709,7.53829,2
594.7,0.06712,3.78706,7.53829,2
594.8,0.06712,3.78702,7.53829,2
594.9,0.06712,3.78699,7.53829,2
595,0.06712,3.78695,7.53829,2
595.1,0.06712,3.78692,7.53829,2
595.2,0.06712,3.78689,7.53829,2
595.3,0.06713,3.78686,7.53829,2
595.4,0.06713,3.78683,7.53829,2
595.5,0.06713,3.7868,7.53829,2
595.6,0.06713,3.78677,7.53829,2
595.7,0.06713,3.78674,7.53829,2
595.8,0.06713,3.78672,7.53829,2
595.9,0.06714,3.78669,7.53829,2
596,0.06714,3.78666,7.53829,2
596.1,0.06714,3.78663,7.53829,2
596.2,0.06714,3.78661,7.53829,2
596.3,0.06714,3.78659,7.53829,2
596.4,0.06715,3.78656,7.53829,2
596.5,0.06715,3.78654,7.53829,2
596.6,0.06715,3.78652,7.53829,2
596.7,0.06715,3.7865,7.53829,2
596.8,0.06715,3.78648,7.53829,2
596.9,0.06715,3.78647,7.53829,2
597,0.06716,3.78645,7.53829,2
597.1,0.06716,3.78643,7.53829,2
597.2,0.06716,3.78642,7.53829,2
597.3,0.06716,3.7864,7.53829,2
597.4,0.06716,3.78639,7.53829,2
597.5,0.06716,3.78637,7.53829,2
597.6,0.06717,3.78636,7.53829,2
597.7,0.06717,3.78634,7.53829,2
597.8,0.06717,3.78633,7.53829,2
597.9,0.06717,3.78632,7.53829,2
598,0.06717,3.78631,7.53829,2
598.1,0.06717,3.7863,7.53829,2
598.2,0.06718,3.78629,7.53829,2
598.3,0.06718,3.78628,7.53829,2
598.4,0.06718,3.78627,7.53829,2
598.5,0.06718,3.78626,7.53829,2
598.6,0.06718,3.78626,7.53829,2
598.7,0.06719,3.78625,7.53829,2
598.8,0.06719,3.78625,7.53829,2
598.9,0.06719,3.78625,7.53829,2
599,0.06719,3.78624,7.53829,2
599.1,0.06719,3.78624,7.53829,2
599.2,0.06719,3.78624,7.53829,2
599.3,0.0672,3.78624,7.5383,2
599.4,0.0672,3.78624,7.5383,2
599.5,0.0672,3.78625,7.5383,2
599.6,0.0672,3.78625,7.5383,2
599.7,0.0672,3.78625,7.5383,2
599.8,0.0672,3.78626,7.5383,2
599.9,0.06721,3.78626,7.5383,2
600,0.06721,3.78627,7.5383,2
600.1,0.06721,3.78628,7.5383,2
600.2,0.06721,3.78629,7.5383,2
600.3,0.06721,3.78629,7.5383,2
600.4,0.06721,3.7863,7.5383,2
600.5,0.06722,3.78631,7.5383,2
600.6,0.06722,3.78633,7.5383,2
600.7,0.06722,3.78634,7.5383,2
600.8,0.06722,3.78635,7.5383,2
600.9,0.06722,3.78636,7.5383,2
601,0.06722,3.78638,7.5383,2
601.1,0.06723,3.78639,7.5383,2
601.2,0.06723,3.78641,7.5383,2
601.3,0.06723,3.78643,7.5383,2
601.4,0.06723,3.78644,7.5383,2
601.5,0.06723,3.78646,7.5383,2
601.6,0.06723,3.78648,7.5383,2
601.7,0.06724,3.78651,7.5383,2
601.8,0.06724,3.78653,7.5383,2
601.9,0.06724,3.78655,7.5383,2
602,0.06724,3.78657,7.5383,2
602.1,0.06724,3.7866,7.5383,2
602.2,0.06724,3.78662,7.5383,2
602.3,0.06725,3.78665,7.5383,2
602.4,0.06725,3.78668,7.5383,2
602.5,0.06725,3.78671,7.5383,2
602.6,0.06725,3.78673,7.5383,2
602.7,0.06725,3.78676,7.5383,2
602.8,0.06725,3.78679,7.5383,2
602.9,0.06726,3.78682,7.5383,2
603,0.06726,3.78686,7.5383,2
603.1,0.06726,3.78689,7.5383,2
603.2,0.06726,3.78692,7.5383,2
603.3,0.06726,3.78695,7.5383,2
603.4,0.06726,3.78698,7.5383,2
603.5,0.06727,3.78702,7.5383,2
603.6,0.06727,3.78705,7.5383,2
603.7,0.06727,3.78709,7.5383,2
603.8,0.06727,3.78713,7.5383,2
603.9,0.06727,3.78716,7.5383,2
604,0.06728,3.7872,7.5383,2
604.1,0.06728,3.78724,7.5383,2
604.2,0.06728,3.78728,7.53831,2
604.3,0.06728,3.78732,7.53831,2
604.4,0.06728,3.78736,7.53831,2
604.5,0.06728,3.78741,7.53831,2
604.6,0.06729,3.78745,7.53831,2
604.7,0.06729,3.78749,7.53831,2
604.8,0.06729,3.78754,7.53831,2
604.9,0.06729,3.78758,7.53831,2
605,0.06729,3.78763,7.53831,2
605.1,0.06729,3.78767,7.53831,2
605.2,0.0673,3.78772,7.53831,2
605.3,0.0673,3.78777,7.53831,2
605.4,0.0673,3.78782,7.53831,2
605.5,0.0673,3.78787,7.53831,2
605.6,0.0673,3.78792,7.53831,2
605.7,0.0673,3.78797,7.53831,2
605.8,0.06731,3.78802,7.53831,2
605.9,0.06731,3.78807,7.53831,2
606,0.06731,3.78812,7.53831,2
606.1,0.06731,3.78818,7.53831,2
606.2,0.06731,3.78823,7.53831,2
606.3,0.06732,3.78828,7.53831,2
606.4,0.06732,3.78834,7.53831,2
606.5,0.06732,3.7884,7.53831,2
606.6,0.06732,3.78845,7.53831,2
606.7,0.06732,3.78851,7.53831,2
606.8,0.06732,3.78857,7.53831,2
606.9,0.06733,3.78863,7.53831,2
607,0.06733,3.78869,7.53831,2
607.1,0.06733,3.78876,7.53831,2
607.2,0.06733,3.78882,7.53831,2
607.3,0.06733,3.78889,7.53831,2
607.4,0.06734,3.78895,7.53831,2
607.5,0.06734,3.78902,7.53831,2
607.6,0.06734,3.78909,7.53831,2
607.7,0.06734,3.78916,7.53831,2
607.8,0.06734,3.78924,7.53831,2
607.9,0.06735,3.78931,7.53831,2
608,0.06735,3.78938,7.53831,2
608.1,0.06735,3.78946,7.53831,2
608.2,0.06735,3.78953,7.53831,2
608.3,0.06735,3.78961,7.53831,2
608.4,0.06736,3.78969,7.53831,2
608.5,0.06736,3.78977,7.53831,2
608.6,0.06736,3.78985,7.53831,2
608.7,0.06736,3.78992,7.53831,2
608.8,0.06736,3.79,7.53831,2
608.9,0.06737,3.79009,7.53831,2
609,0.06737,3.79017,7.53831,2
609.1,0.06737,3.79025,7.53831,2
609.2,0.06737,3.79033,7.53831,2
609.3,0.06737,3.79042,7.53831,2
609.4,0.06738,3.7905,7.53831,2
609.5,0.06738,3.79059,7.53831,2
609.6,0.06738,3.79068,7.53831,2
609.7,0.06738,3.79076,7.53831,2
609.8,0.06738,3.79085,7.53831,2
609.9,0.06739,3.79094,7.53831,2
610,0.06739,3.79103,7.53831,2
610.1,0.06739,3.79112,7.53831,2
610.2,0.06739,3.79121,7.53831,2
610.3,0.06739,3.7913,7.53831,2
610.4,0.06739,3.7914,7.53831,2
610.5,0.0674,3.79149,7.53831,2
610.6,0.0674,3.79158,7.53831,2
610.7,0.0674,3.79167,7.53831,2
610.8,0.0674,3.79177,7.53831,2
610.9,0.0674,3.79186,7.5383,2
611,0.06741,3.79196,7.5383,2
611.1,0.06741,3.79205,7.5383,2
611.2,0.06741,3.79215,7.5383,2
611.3,0.06741,3.79225,7.5383,2
611.4,0.06741,3.79235,7.5383,2
611.5,0.06741,3.79244,7.5383,2
611.6,0.06742,3.79254,7.5383,2
611.7,0.06742,3.79264,7.5383,2
611.8,0.06742,3.79274,7.5383,2
611.9,0.06742,3.79285,7.5383,2
612,0.06742,3.79295,7.5383,2
612.1,0.06743,3.79305,7.5383,2
612.2,0.06743,3.79315,7.5383,2
612.3,0.06743,3.79325,7.5383,2
612.4,0.06743,3.79336,7.5383,2
612.5,0.06743,3.79346,7.5383,2
612.6,0.06743,3.79357,7.5383,2
612.7,0.06744,3.79367,7.5383,2
612.8,0.06744,3.79378,7.5383,2
612.9,0.06744,3.79388,7.5383,2
613,0.06744,3.79399,7.5383,2
613.1,0.06744,3.7941,7.5383,2
613.2,0.06745,3.79421,7.5383,2
613.3,0.06745,3.79432,7.5383,2
613.4,0.06745,3.79443,7.5383,2
613.5,0.06745,3.79454,7.5383,2
613.6,0.06745,3.79465,7.5383,2
613.7,0.06745,3.79476,7.5383,2
613.8,0.06746,3.79487,7.5383,2
613.9,0.06746,3.79498,7.5383,2
614,0.06746,3.79509,7.5383,2
614.1,0.06746,3.79521,7.5383,2
614.2,0.06746,3.79532,7.5383,2
614.3,0.06747,3.79544,7.5383,2
614.4,0.06747,3.79555,7.53831,2
614.5,0.06747,3.79567,7.53831,2
614.6,0.06747,3.79578,7.53831,2
614.7,0.06747,3.7959,7.53831,2
614.8,0.06747,3.79602,7.53831,2
614.9,0.06748,3.79614,7.53831,2
615,0.06748,3.79625,7.53831,2
615.1,0.06748,3.79637,7.53831,2
615.2,0.06748,3.79649,7.53831,2
615.3,0.06748,3.79661,7.53831,2
615.4,0.06749,3.79673,7.53831,2
615.5,0.06749,3.79685,7.53831,2
615.6,0.06749,3.79697,7.53831,2
615.7,0.06749,3.79709,7.53831,2
615.8,0.06749,3.79722,7.53831,2
615.9,0.06749,3.79734,7.53831,2
616,0.0675,3.79746,7.53831,2
616.1,0.0675,3.79758,7.53831,2
616.2,0.0675,3.79771,7.53831,2
616.3,0.0675,3.79783,7.53831,2
616.4,0.0675,3.79795,7.53831,2
616.5,0.06751,3.79808,7.53831,2
616.6,0.06751,3.79821,7.53831,2
616.7,0.06751,3.79833,7.53831,2
616.8,0.06751,3.79846,7.53831,2
616.9,0.06751,3.79859,7.53831,2
617,0.06751,3.79872,7.53831,2
617.1,0.06752,3.79885,7.53831,2
617.2,0.06752,3.79898,7.53831,2
617.3,0.06752,3.79912,7.53831,2
617.4,0.06752,3.79925,7.53831,2
617.5,0.06752,3.79938,7.53831,2
617.6,0.06753,3.79951,7.53831,2
617.7,0.06753,3.79964,7.53831,2
617.8,0.06753,3.79978,7.53831,2
617.9,0.06753,3.79991,7.53831,2
618,0.06753,3.80004,7.53831,2
618.1,0.06753,3.80017,7.53832,2
618.2,0.06754,3.8003,7.53832,2
618.3,0.06754,3.80043,7.53832,2
618.4,0.06754,3.80056,7.53832,2
618.5,0.06754,3.80069,7.53832,2
618.6,0.06754,3.80082,7.53832,2
618.7,0.06755,3.80095,7.53832,2
618.8,0.06755,3.80109,7.53832,2
618.9,0.06755,3.80122,7.53832,2
619,0.06755,3.80135,7.53832,2
619.1,0.06755,3.80148,7.53832,2
619.2,0.06755,3.80161,7.53832,2
619.3,0.06756,3.80174,7.53832,2
619.4,0.06756,3.80187,7.53832,2
619.5,0.06756,3.80199,7.53832,2
619.6,0.06756,3.80212,7.53832,2
619.7,0.06756,3.80225,7.53832,2
619.8,0.06757,3.80238,7.53832,2
619.9,0.06757,3.8025,7.53832,2
620,0.06757,3.80263,7.53832,2
620.1,0.06757,3.80276,7.53832,2
620.2,0.06757,3.80288,7.53832,2
620.3,0.06757,3.80301,7.53832,2
620.4,0.06758,3.80313,7.53832,2
620.5,0.06758,3.80326,7.53832,2
620.6,0.06758,3.80338,7.53832,2
620.7,0.06758,3.8035,7.53832,2
620.8,0.06758,3.80362,7.53833,2
620.9,0.06758,3.80374,7.53833,2
621,0.06759,3.80386,7.53833,2
621.1,0.06759,3.80399,7.53833,2
621.2,0.06759,3.80411,7.53833,2
621.3,0.06759,3.80423,7.53833,2
621.4,0.06759,3.80436,7.53833,2
621.5,0.0676,3.80448,7.53833,2
621.6,0.0676,3.8046,7.53833,2
621.7,0.0676,3.80472,7.53833,2
621.8,0.0676,3.80485,7.53833,2
621.9,0.0676,3.80497,7.53833,2
622,0.0676,3.80509,7.53833,2
622.1,0.06761,3.80521,7.53833,2
622.2,0.06761,3.80534,7.53833,2
622.3,0.06761,3.80546,7.53833,2
622.4,0.06761,3.80558,7.53833,2
622.5,0.06761,3.80571,7.53833,2
622.6,0.06761,3.80583,7.53833,2
622.7,0.06762,3.80595,7.53833,2
622.8,0.06762,3.80608,7.53833,2
622.9,0.06762,3.8062,7.53834,2
623,0.06762,3.80632,7.53834,2
623.1,0.06762,3.80644,7.53834,2
623.2,0.06762,3.80657,7.53834,2
623.3,0.06763,3.80669,7.53834,2
623.4,0.06763,3.80681,7.53834,2
623.5,0.06763,3.80693,7.53834,2
623.6,0.06763,3.80706,7.53834,2
623.7,0.06763,3.80718,7.53834,2
623.8,0.06763,3.8073,7.53834,2
623.9,0.06764,3.80743,7.53834,2
624,0.06764,3.80755,7.53834,2
624.1,0.06764,3.80767,7.53834,2
624.2,0.06764,3.80779,7.53834,2
624.3,0.06764,3.80792,7.53834,2
624.4,0.06764,3.80804,7.53834,2
624.5,0.06765,3.80816,7.53834,2
624.6,0.06765,3.80828,7.53834,2
624.7,0.06765,3.8084,7.53834,2
624.8,0.06765,3.80852,7.53834,2
624.9,0.06765,3.80864,7.53834,2
625,0.06765,3.80876,7.53834,2
625.1,0.06766,3.80887,7.53835,2
625.2,0.06766,3.80899,7.53835,2
625.3,0.06766,3.80911,7.53835,2
625.4,0.06766,3.80923,7.53835,2
625.5,0.06766,3.80934,7.53835,2
625.6,0.06766,3.80946,7.53835,2
625.7,0.06767,3.80958,7.53835,2
625.8,0.06767,3.80969,7.53835,2
625.9,0.06767,3.80981,7.53835,2
626,0.06767,3.80992,7.53835,2
626.1,0.06767,3.81004,7.53835,2
626.2,0.06767,3.81015,7.53835,2
626.3,0.06768,3.81027,7.53835,2
626.4,0.06768,3.81038,7.53835,2
626.5,0.06768,3.8105,7.53835,2
626.6,0.06768,3.81061,7.53835,2
626.7,0.06768,3.81072,7.53835,2
626.8,0.06768,3.81083,7.53835,2
626.9,0.06769,3.81094,7.53835,2
627,0.06769,3.81106,7.53835,2
627.1,0.06769,3.81117,7.53835,2
627.2,0.06769,3.81128,7.53835,2
627.3,0.06769,3.81139,7.53835,2
627.4,0.06769,3.8115,7.53835,2
627.5,0.06769,3.81162,7.53835,2
627.6,0.0677,3.81173,7.53835,2
627.7,0.0677,3.81184,7.53835,2
627.8,0.0677,3.81195,7.53835,2
627.9,0.0677,3.81206,7.53835,2
628,0.0677,3.81217,7.53835,2
628.1,0.0677,3.81228,7.53835,2
628.2,0.06771,3.81238,7.53836,2
628.3,0.06771,3.81249,7.53836,2
628.4,0.06771,3.8126,7.53836,2
628.5,0.06771,3.81271,7.53836,2
628.6,0.06771,3.81282,7.53836,2
628.7,0.06771,3.81293,7.53836,2
628.8,0.06771,3.81304,7.53836,2
628.9,0.06772,3.81315,7.53836,2
629,0.06772,3.81325,7.53836,2
629.1,0.06772,3.81336,7.53836,2
629.2,0.06772,3.81347,7.53836,2
629.3,0.06772,3.81358,7.53836,2
629.4,0.06772,3.81369,7.53836,2
629.5,0.06772,3.8138,7.53836,2
629.6,0.06773,3.81391,7.53836,2
629.7,0.06773,3.81402,7.53836,2
629.8,0.06773,3.81413,7.53836,2
629.9,0.06773,3.81424,7.53836,2
630,0.06773,3.81435,7.53836,2
630.1,0.06773,3.81445,7.53836,2
630.2,0.06773,3.81456,7.53836,2
630.3,0.06774,3.81467,7.53836,2
630.4,0.06774,3.81478,7.53836,2
630.5,0.06774,3.81489,7.53836,2
630.6,0.06774,3.815,7.53836,2
630.7,0.06774,3.81511,7.53836,2
630.8,0.06774,3.81521,7.53836,2
630.9,0.06774,3.81532,7.53836,2
631,0.06775,3.81543,7.53836,2
631.1,0.06775,3.81554,7.53837,2
631.2,0.06775,3.81565,7.53837,2
631.3,0.06775,3.81576,7.53837,2
631.4,0.06775,3.81587,7.53837,2
631.5,0.06775,3.81598,7.53837,2
631.6,0.06775,3.81609,7.53837,2
631.7,0.06776,3.8162,7.53837,2
631.8,0.06776,3.81631,7.53837,2
631.9,0.06776,3.81642,7.53837,2
632,0.06776,3.81654,7.53837,2
632.1,0.06776,3.81665,7.53837,2
632.2,0.06776,3.81676,7.53837,2
632.3,0.06776,3.81687,7.53837,2
632.4,0.06777,3.81698,7.53837,2
632.5,0.06777,3.81709,7.53837,2
632.6,0.06777,3.8172,7.53838,2
632.7,0.06777,3.81731,7.53838,2
632.8,0.06777,3.81742,7.53838,2
632.9,0.06777,3.81753,7.53838,2
633,0.06777,3.81764,7.53838,2
633.1,0.06777,3.81775,7.53838,2
633.2,0.06778,3.81786,7.53838,2
633.3,0.06778,3.81797,7.53838,2
633.4,0.06778,3.81808,7.53838,2
633.5,0.06778,3.81819,7.53838,2
633.6,0.06778,3.8183,7.53838,2
633.7,0.06778,3.81841,7.53838,2
633.8,0.06778,3.81852,7.53838,2
633.9,0.06778,3.81863,7.53838,2
634,0.06779,3.81873,7.53839,2
634.1,0.06779,3.81884,7.53839,2
634.2,0.06779,3.81895,7.53839,2
634.3,0.06779,3.81906,7.53839,2
634.4,0.06779,3.81917,7.53839,2
634.5,0.06779,3.81927,7.53839,2
634.6,0.06779,3.81938,7.53839,2
634.7,0.06779,3.81949,7.53839,2
634.8,0.0678,3.8196,7.53839,2
634.9,0.0678,3.81971,7.53839,2
635,0.0678,3.81982,7.53839,2
635.1,0.0678,3.81993,7.53839,2
635.2,0.0678,3.82003,7.53839,2
635.3,0.0678,3.82014,7.5384,2
635.4,0.0678,3.82025,7.5384,2
635.5,0.0678,3.82036,7.5384,2
635.6,0.0678,3.82047,7.5384,2
635.7,0.06781,3.82058,7.5384,2
635.8,0.06781,3.82069,7.5384,2
635.9,0.06781,3.8208,7.5384,2
636,0.06781,3.82091,7.5384,2
636.1,0.06781,3.82102,7.5384,2
636.2,0.06781,3.82113,7.5384,2
636.3,0.06781,3.82124,7.5384,2
636.4,0.06781,3.82135,7.5384,2
636.5,0.06781,3.82145,7.5384,2
636.6,0.06782,3.82156,7.53841,2
636.7,0.06782,3.82167,7.53841,2
636.8,0.06782,3.82178,7.53841,2
636.9,0.06782,3.82189,7.53841,2
637,0.06782,3.822,7.53841,2
637.1,0.06782,3.82211,7.53841,2
637.2,0.06782,3.82222,7.53841,2
637.3,0.06782,3.82232,7.53841,2
637.4,0.06782,3.82243,7.53841,2
637.5,0.06782,3.82254,7.53841,2
637.6,0.06783,3.82264,7.53841,2
637.7,0.06783,3.82275,7.53842,2
637.8,0.06783,3.82285,7.53842,2
637.9,0.06783,3.82296,7.53842,2
638,0.06783,3.82307,7.53842,2
638.1,0.06783,3.82317,7.53842,2
638.2,0.06783,3.82328,7.53842,2
638.3,0.06783,3.82338,7.53842,2
638.4,0.06783,3.82349,7.53842,2
638.5,0.06783,3.82359,7.53842,2
638.6,0.06784,3.8237,7.53842,2
638.7,0.06784,3.8238,7.53842,2
638.8,0.06784,3.82391,7.53843,2
638.9,0.06784,3.82401,7.53843,2
639,0.06784,3.82412,7.53843,2
639.1,0.06784,3.82422,7.53843,2
639.2,0.06784,3.82433,7.53843,2
639.3,0.06784,3.82443,7.53843,2
639.4,0.06784,3.82454,7.53843,2
639.5,0.06784,3.82464,7.53843,2
639.6,0.06784,3.82475,7.53843,2
639.7,0.06784,3.82485,7.53843,2
639.8,0.06784,3.82496,7.53843,2
639.9,0.06784,3.82506,7.53844,2
640,0.06785,3.82516,7.53844,2
640.1,0.06785,3.82526,7.53844,2
640.2,0.06785,3.82537,7.53844,2
640.3,0.06785,3.82547,7.53844,2
640.4,0.06785,3.82557,7.53844,2
640.5,0.06785,3.82568,7.53844,2
640.6,0.06785,3.82578,7.53844,2
640.7,0.06785,3.82588,7.53844,2
640.8,0.06785,3.82598,7.53844,2
640.9,0.06785,3.82609,7.53844,2
641,0.06785,3.82619,7.53844,2
641.1,0.06785,3.82629,7.53844,2
641.2,0.06785,3.8264,7.53845,2
641.3,0.06785,3.8265,7.53845,2
641.4,0.06785,3.8266,7.53845,2
641.5,0.06786,3.82671,7.53845,2
641.6,0.06786,3.82681,7.53845,2
641.7,0.06786,3.82691,7.53845,2
641.8,0.06786,3.82702,7.53845,2
641.9,0.06786,3.82712,7.53845,2
642,0.06786,3.82723,7.53845,2
642.1,0.06786,3.82733,7.53845,2
642.2,0.06786,3.82744,7.53845,2
642.3,0.06786,3.82754,7.53845,2
642.4,0.06786,3.82764,7.53846,2
642.5,0.06786,3.82775,7.53846,2
642.6,0.06786,3.82785,7.53846,2
642.7,0.06786,3.82795,7.53846,2
642.8,0.06786,3.82806,7.53846,2
642.9,0.06786,3.82816,7.53846,2
643,0.06786,3.82826,7.53846,2
643.1,0.06786,3.82836,7.53846,2
643.2,0.06786,3.82846,7.53846,2
643.3,0.06787,3.82856,7.53846,2
643.4,0.06787,3.82866,7.53846,2
643.5,0.06787,3.82876,7.53846,2
643.6,0.06787,3.82887,7.53846,2
643.7,0.06787,3.82897,7.53847,2
643.8,0.06787,3.82907,7.53847,2
643.9,0.06787,3.82917,7.53847,2
644,0.06787,3.82927,7.53847,2
644.1,0.06787,3.82937,7.53847,2
644.2,0.06787,3.82948,7.53847,2
644.3,0.06787,3.82958,7.53847,2
644.4,0.06787,3.82968,7.53847,2
644.5,0.06787,3.82979,7.53847,2
644.6,0.06787,3.82989,7.53847,2
644.7,0.06787,3.82999,7.53847,2
644.8,0.06787,3.8301,7.53847,2
644.9,0.06787,3.8302,7.53848,2
645,0.06787,3.8303,7.53848,2
645.1,0.06787,3.8304,7.53848,2
645.2,0.06787,3.83051,7.53848,2
645.3,0.06787,3.83061,7.53848,2
645.4,0.06787,3.83071,7.53848,2
645.5,0.06788,3.83081,7.53848,2
645.6,0.06788,3.83092,7.53848,2
645.7,0.06788,3.83102,7.53848,2
645.8,0.06788,3.83112,7.53848,2
645.9,0.06788,3.83122,7.53848,2
646,0.06788,3.83132,7.53848,2
646.1,0.06788,3.83142,7.53848,2
646.2,0.06788,3.83152,7.53848,2
646.3,0.06788,3.83162,7.53849,2
646.4,0.06788,3.83172,7.53849,2
646.5,0.06788,3.83182,7.53849,2
646.6,0.06788,3.83192,7.53849,2
646.7,0.06788,3.83202,7.53849,2
646.8,0.06788,3.83212,7.53849,2
646.9,0.06788,3.83222,7.53849,2
647,0.06788,3.83232,7.53849,2
647.1,0.06788,3.83242,7.53849,2
647.2,0.06788,3.83252,7.53849,2
647.3,0.06788,3.83262,7.53849,2
647.4,0.06788,3.83272,7.53849,2
647.5,0.06788,3.83282,7.5385,2
647.6,0.06788,3.83292,7.5385,2
647.7,0.06789,3.83302,7.5385,2
647.8,0.06789,3.83312,7.5385,2
647.9,0.06789,3.83322,7.5385,2
648,0.06789,3.83333,7.5385,2
648.1,0.06789,3.83343,7.5385,2
648.2,0.06789,3.83353,7.5385,2
648.3,0.06789,3.83363,7.5385,2
648.4,0.06789,3.83373,7.5385,2
648.5,0.06789,3.83383,7.5385,2
648.6,0.06789,3.83393,7.5385,2
648.7,0.06789,3.83403,7.5385,2
648.8,0.06789,3.83413,7.53851,2
648.9,0.06789,3.83423,7.53851,2
649,0.06789,3.83433,7.53851,2
649.1,0.06789,3.83443,7.53851,2
649.2,0.06789,3.83453,7.53851,2
649.3,0.06789,3.83463,7.53851,2
649.4,0.06789,3.83473,7.53851,2
649.5,0.06789,3.83482,7.53851,2
649.6,0.06789,3.83492,7.53851,2
649.7,0.06789,3.83501,7.53851,2
649.8,0.06789,3.8351,7.53851,2
649.9,0.06789,3.8352,7.53851,2
650,0.06789,3.83529,7.53851,2
650.1,0.06789,3.83539,7.53851,2
650.2,0.06789,3.83548,7.53852,2
650.3,0.06789,3.83558,7.53852,2
650.4,0.06789,3.83567,7.53852,2
650.5,0.06789,3.83576,7.53852,2
650.6,0.06789,3.83586,7.53852,2
650.7,0.06789,3.83595,7.53852,2
650.8,0.06789,3.83604,7.53852,2
650.9,0.06789,3.83614,7.53852,2
651,0.06789,3.83623,7.53852,2
651.1,0.06789,3.83632,7.53852,2
651.2,0.06789,3.83641,7.53852,2
651.3,0.06789,3.83651,7.53852,2
651.4,0.06789,3.8366,7.53852,2
651.5,0.06789,3.83669,7.53852,2
651.6,0.06789,3.83678,7.53852,2
651.7,0.06789,3.83687,7.53852,2
651.8,0.06789,3.83696,7.53852,2
651.9,0.06789,3.83705,7.53852,2
652,0.06789,3.83714,7.53852,2
652.1,0.06789,3.83722,7.53853,2
652.2,0.06789,3.83731,7.53853,2
652.3,0.06789,3.8374,7.53853,2
652.4,0.06789,3.83749,7.53853,2
652.5,0.06789,3.83757,7.53853,2
652.6,0.06789,3.83766,7.53853,2
652.7,0.06789,3.83775,7.53853,2
652.8,0.06789,3.83783,7.53853,2
652.9,0.06789,3.83792,7.53853,2
653,0.06789,3.838,7.53853,2
653.1,0.06789,3.83809,7.53853,2
653.2,0.06789,3.83817,7.53853,2
653.3,0.06789,3.83826,7.53854,2
653.4,0.06789,3.83834,7.53854,2
653.5,0.06789,3.83843,7.53854,2
653.6,0.06789,3.83851,7.53854,2
653.7,0.06789,3.83859,7.53854,2
653.8,0.06789,3.83868,7.53854,2
653.9,0.06789,3.83876,7.53854,2
654,0.06789,3.83884,7.53854,2
654.1,0.06789,3.83893,7.53854,2
654.2,0.06789,3.83901,7.53854,2
654.3,0.06789,3.83909,7.53854,2
654.4,0.06789,3.83918,7.53854,2
654.5,0.06789,3.83926,7.53855,2
654.6,0.06789,3.83934,7.53855,2
654.7,0.06789,3.83943,7.53855,2
654.8,0.06789,3.83951,7.53855,2
654.9,0.06789,3.83959,7.53855,2
655,0.06789,3.83968,7.53855,2
655.1,0.06789,3.83976,7.53855,2
655.2,0.06789,3.83984,7.53855,2
655.3,0.06789,3.83993,7.53855,2
655.4,0.06789,3.84001,7.53855,2
655.5,0.06789,3.84009,7.53855,2
655.6,0.06789,3.84017,7.53855,2
655.7,0.06789,3.84025,7.53855,2
655.8,0.06789,3.84033,7.53855,2
655.9,0.06789,3.84042,7.53855,2
656,0.06789,3.8405,7.53855,2
656.1,0.06789,3.84058,7.53855,2
656.2,0.06789,3.84066,7.53855,2
656.3,0.06789,3.84074,7.53855,2
656.4,0.06789,3.84081,7.53856,2
656.5,0.06789,3.84089,7.53856,2
656.6,0.06788,3.84097,7.53856,2
656.7,0.06788,3.84105,7.53856,2
656.8,0.06788,3.84112,7.53856,2
656.9,0.06788,3.8412,7.53856,2
657,0.06788,3.84128,7.53856,2
657.1,0.06788,3.84135,7.53856,2
657.2,0.06788,3.84143,7.53856,2
657.3,0.06788,3.8415,7.53856,2
657.4,0.06788,3.84157,7.53856,2
657.5,0.06788,3.84165,7.53856,2
657.6,0.06788,3.84172,7.53856,2
657.7,0.06788,3.84179,7.53856,2
657.8,0.06788,3.84187,7.53856,2
657.9,0.06788,3.84194,7.53856,2
658,0.06788,3.84201,7.53856,2
658.1,0.06788,3.84208,7.53856,2
658.2,0.06788,3.84216,7.53856,2
658.3,0.06787,3.84223,7.53856,2
658.4,0.06787,3.8423,7.53856,2
658.5,0.06787,3.84237,7.53856,2
658.6,0.06787,3.84244,7.53856,2
658.7,0.06787,3.84251,7.53856,2
658.8,0.06787,3.84258,7.53856,2
658.9,0.06787,3.84265,7.53857,2
659,0.06787,3.84272,7.53857,2
659.1,0.06787,3.84279,7.53857,2
659.2,0.06787,3.84285,7.53857,2
659.3,0.06787,3.84292,7.53857,2
659.4,0.06787,3.84299,7.53857,2
659.5,0.06787,3.84305,7.53857,2
659.6,0.06787,3.84312,7.53857,2
659.7,0.06786,3.84318,7.53857,2
659.8,0.06786,3.84325,7.53857,2
659.9,0.06786,3.84331,7.53857,2
660,0.06786,3.84338,7.53857,2
660.1,0.06786,3.84344,7.53857,2
660.2,0.06786,3.8435,7.53857,2
660.3,0.06786,3.84356,7.53857,2
660.4,0.06786,3.84363,7.53857,2
660.5,0.06786,3.84369,7.53857,2
660.6,0.06786,3.84375,7.53857,2
660.7,0.06785,3.84381,7.53857,2
660.8,0.06785,3.84388,7.53857,2
660.9,0.06785,3.84394,7.53857,2
661,0.06785,3.844,7.53857,2
661.1,0.06785,3.84406,7.53857,2
661.2,0.06785,3.84412,7.53857,2
661.3,0.06785,3.84418,7.53857,2
661.4,0.06785,3.84424,7.53857,2
661.5,0.06785,3.8443,7.53858,2
661.6,0.06785,3.84435,7.53858,2
661.7,0.06784,3.84441,7.53858,2
661.8,0.06784,3.84447,7.53858,2
661.9,0.06784,3.84452,7.53858,2
662,0.06784,3.84458,7.53858,2
662.1,0.06784,3.84463,7.53858,2
662.2,0.06784,3.84469,7.53858,2
662.3,0.06784,3.84474,7.53858,2
662.4,0.06784,3.8448,7.53858,2
662.5,0.06784,3.84485,7.53858,2
662.6,0.06783,3.8449,7.53858,2
662.7,0.06783,3.84496,7.53858,2
662.8,0.06783,3.84501,7.53858,2
662.9,0.06783,3.84506,7.53858,2
663,0.06783,3.84512,7.53858,2
663.1,0.06783,3.84517,7.53858,2
663.2,0.06783,3.84523,7.53858,2
663.3,0.06783,3.84528,7.53858,2
663.4,0.06782,3.84533,7.53858,2
663.5,0.06782,3.84539,7.53858,2
663.6,0.06782,3.84544,7.53858,2
663.7,0.06782,3.8455,7.53858,2
663.8,0.06782,3.84555,7.53858,2
663.9,0.06782,3.8456,7.53858,2
664,0.06782,3.84566,7.53858,2
664.1,0.06782,3.84571,7.53858,2
664.2,0.06781,3.84576,7.53858,2
664.3,0.06781,3.84582,7.53858,2
664.4,0.06781,3.84587,7.53858,2
664.5,0.06781,3.84592,7.53858,2
664.6,0.06781,3.84598,7.53858,2
664.7,0.06781,3.84603,7.53858,2
664.8,0.06781,3.84608,7.53858,2
664.9,0.06781,3.84613,7.53858,2
665,0.0678,3.84618,7.53858,2
665.1,0.0678,3.84623,7.53858,2
665.2,0.0678,3.84628,7.53858,2
665.3,0.0678,3.84633,7.53858,2
665.4,0.0678,3.84638,7.53858,2
665.5,0.0678,3.84643,7.53858,2
665.6,0.0678,3.84648,7.53858,2
665.7,0.0678,3.84653,7.53858,2
665.8,0.06779,3.84657,7.53858,2
665.9,0.06779,3.84662,7.53858,2
666,0.06779,3.84666,7.53858,2
666.1,0.06779,3.84671,7.53858,2
666.2,0.06779,3.84675,7.53858,2
666.3,0.06779,3.8468,7.53858,2
666.4,0.06779,3.84684,7.53858,2
666.5,0.06778,3.84688,7.53858,2
666.6,0.06778,3.84692,7.53858,2
666.7,0.06778,3.84697,7.53858,2
666.8,0.06778,3.84701,7.53858,2
666.9,0.06778,3.84705,7.53858,2
667,0.06778,3.84709,7.53858,2
667.1,0.06778,3.84713,7.53858,2
667.2,0.06777,3.84717,7.53858,2
667.3,0.06777,3.84721,7.53858,2
667.4,0.06777,3.84725,7.53858,2
667.5,0.06777,3.84729,7.53858,2
667.6,0.06777,3.84733,7.53858,2
667.7,0.06777,3.84737,7.53858,2
667.8,0.06776,3.8474,7.53858,2
667.9,0.06776,3.84744,7.53858,2
668,0.06776,3.84748,7.53858,2
668.1,0.06776,3.84751,7.53858,2
668.2,0.06776,3.84755,7.53858,2
668.3,0.06776,3.84759,7.53858,2
668.4,0.06775,3.84762,7.53858,2
668.5,0.06775,3.84766,7.53858,2
668.6,0.06775,3.84769,7.53858,2
668.7,0.06775,3.84772,7.53858,2
668.8,0.06775,3.84776,7.53858,2
668.9,0.06775,3.84779,7.53858,2
669,0.06774,3.84783,7.53858,2
669.1,0.06774,3.84786,7.53858,2
669.2,0.06774,3.8479,7.53858,2
669.3,0.06774,3.84793,7.53858,2
669.4,0.06774,3.84796,7.53858,2
669.5,0.06774,3.848,7.53858,2
669.6,0.06773,3.84803,7.53858,2
669.7,0.06773,3.84806,7.53858,2
669.8,0.06773,3.84809,7.53858,2
669.9,0.06773,3.84812,7.53858,2
670,0.06773,3.84815,7.53858,2
670.1,0.06773,3.84817,7.53858,2
670.2,0.06772,3.8482,7.53858,2
670.3,0.06772,3.84823,7.53858,2
670.4,0.06772,3.84825,7.53858,2
670.5,0.06772,3.84828,7.53858,2
670.6,0.06772,3.84831,7.53858,2
670.7,0.06772,3.84833,7.53858,2
670.8,0.06771,3.84836,7.53858,2
670.9,0.06771,3.84838,7.53858,2
671,0.06771,3.84841,7.53858,2
671.1,0.06771,3.84843,7.53858,2
671.2,0.06771,3.84845,7.53858,2
671.3,0.0677,3.84847,7.53858,2
671.4,0.0677,3.8485,7.53858,2
671.5,0.0677,3.84852,7.53858,2
671.6,0.0677,3.84854,7.53858,2
671.7,0.0677,3.84855,7.53857,2
671.8,0.0677,3.84857,7.53857,2
671.9,0.06769,3.84859,7.53857,2
672,0.06769,3.84861,7.53857,2
672.1,0.06769,3.84863,7.53857,2
672.2,0.06769,3.84865,7.53857,2
672.3,0.06769,3.84867,7.53857,2
672.4,0.06768,3.84868,7.53857,2
672.5,0.06768,3.8487,7.53857,2
672.6,0.06768,3.84872,7.53857,2
672.7,0.06768,3.84874,7.53857,2
672.8,0.06768,3.84875,7.53857,2
672.9,0.06768,3.84877,7.53857,2
673,0.06767,3.84879,7.53857,2
673.1,0.06767,3.84881,7.53857,2
673.2,0.06767,3.84882,7.53857,2
673.3,0.06767,3.84884,7.53857,2
673.4,0.06767,3.84886,7.53857,2
673.5,0.06766,3.84888,7.53857,2
673.6,0.06766,3.84889,7.53857,2
673.7,0.06766,3.8489,7.53857,2
673.8,0.06766,3.84891,7.53857,2
673.9,0.06766,3.84893,7.53857,2
674,0.06765,3.84894,7.53857,2
674.1,0.06765,3.84895,7.53857,2
674.2,0.06765,3.84896,7.53857,2
674.3,0.06765,3.84898,7.53857,2
674.4,0.06765,3.84899,7.53857,2
674.5,0.06765,3.849,7.53857,2
674.6,0.06764,3.84901,7.53857,2
674.7,0.06764,3.84902,7.53857,2
674.8,0.06764,3.84903,7.53856,2
674.9,0.06764,3.84904,7.53856,2
675,0.06764,3.84905,7.53856,2
675.1,0.06763,3.84906,7.53856,2
675.2,0.06763,3.84907,7.53856,2
675.3,0.06763,3.84908,7.53856,2
675.4,0.06763,3.84909,7.53856,2
675.5,0.06762,3.8491,7.53856,2
675.6,0.06762,3.84911,7.53856,2
675.7,0.06762,3.84912,7.53856,2
675.8,0.06762,3.84913,7.53856,2
675.9,0.06762,3.84914,7.53856,2
676,0.06761,3.84915,7.53856,2
676.1,0.06761,3.84915,7.53856,2
676.2,0.06761,3.84916,7.53856,2
676.3,0.06761,3.84917,7.53856,2
676.4,0.06761,3.84918,7.53856,2
676.5,0.0676,3.84918,7.53856,2
676.6,0.0676,3.84919,7.53856,2
676.7,0.0676,3.8492,7.53856,2
676.8,0.0676,3.8492,7.53856,2
676.9,0.0676,3.84921,7.53856,2
677,0.06759,3.84921,7.53855,2
677.1,0.06759,3.84922,7.53855,2
677.2,0.06759,3.84922,7.53855,2
677.3,0.06759,3.84923,7.53855,2
677.4,0.06759,3.84923,7.53855,2
677.5,0.06758,3.84924,7.53855,2
677.6,0.06758,3.84924,7.53855,2
677.7,0.06758,3.84924,7.53855,2
677.8,0.06758,3.84924,7.53855,2
677.9,0.06758,3.84924,7.53855,2
678,0.06757,3.84924,7.53855,2
678.1,0.06757,3.84924,7.53855,2
678.2,0.06757,3.84924,7.53855,2
678.3,0.06757,3.84924,7.53855,2
678.4,0.06756,3.84924,7.53855,2
678.5,0.06756,3.84924,7.53854,2
678.6,0.06756,3.84923,7.53854,2
678.7,0.06756,3.84923,7.53854,2
678.8,0.06756,3.84923,7.53854,2
678.9,0.06755,3.84923,7.53854,2
679,0.06755,3.84922,7.53854,2
679.1,0.06755,3.84922,7.53854,2
679.2,0.06755,3.84922,7.53854,2
679.3,0.06754,3.84921,7.53854,2
679.4,0.06754,3.84921,7.53854,2
679.5,0.06754,3.8492,7.53854,2
679.6,0.06754,3.8492,7.53854,2
679.7,0.06754,3.8492,7.53854,2
679.8,0.06753,3.84919,7.53854,2
679.9,0.06753,3.84919,7.53853,2
680,0.06753,3.84919,7.53853,2
680.1,0.06753,3.84919,7.53853,2
680.2,0.06752,3.84918,7.53853,2
680.3,0.06752,3.84917,7.53853,2
680.4,0.06752,3.84917,7.53853,2
680.5,0.06752,3.84916,7.53853,2
680.6,0.06752,3.84916,7.53853,2
680.7,0.06751,3.84915,7.53853,2
680.8,0.06751,3.84914,7.53853,2
680.9,0.06751,3.84914,7.53853,2
681,0.06751,3.84913,7.53853,2
681.1,0.0675,3.84912,7.53853,2
681.2,0.0675,3.84911,7.53853,2
681.3,0.0675,3.84911,7.53853,2
681.4,0.0675,3.8491,7.53852,2
681.5,0.0675,3.84909,7.53852,2
681.6,0.06749,3.84908,7.53852,2
681.7,0.06749,3.84907,7.53852,2
681.8,0.06749,3.84906,7.53852,2
681.9,0.06749,3.84905,7.53852,2
682,0.06748,3.84904,7.53852,2
682.1,0.06748,3.84903,7.53852,2
682.2,0.06748,3.84902,7.53852,2
682.3,0.06748,3.84901,7.53852,2
682.4,0.06747,3.849,7.53852,2
682.5,0.06747,3.84899,7.53852,2
682.6,0.06747,3.84897,7.53852,2
682.7,0.06747,3.84896,7.53852,2
682.8,0.06747,3.84895,7.53851,2
682.9,0.06746,3.84894,7.53851,2
683,0.06746,3.84892,7.53851,2
683.1,0.06746,3.84891,7.53851,2
683.2,0.06746,3.8489,7.53851,2
683.3,0.06745,3.84888,7.53851,2
683.4,0.06745,3.84887,7.53851,2
683.5,0.06745,3.84886,7.53851,2
683.6,0.06745,3.84884,7.53851,2
683.7,0.06744,3.84883,7.53851,2
683.8,0.06744,3.84881,7.53851,2
683.9,0.06744,3.84879,7.53851,2
684,0.06744,3.84878,7.5385,2
684.1,0.06744,3.84876,7.5385,2
684.2,0.06743,3.84874,7.5385,2
684.3,0.06743,3.84872,7.5385,2
684.4,0.06743,3.84871,7.5385,2
684.5,0.06743,3.84869,7.5385,2
684.6,0.06742,3.84867,7.5385,2
684.7,0.06742,3.84865,7.5385,2
684.8,0.06742,3.84863,7.5385,2
684.9,0.06741,3.84861,7.53849,2
685,0.06741,3.8486,7.53849,2
685.1,0.06741,3.84858,7.53849,2
685.2,0.06741,3.84856,7.53849,2
685.3,0.0674,3.84854,7.53849,2
685.4,0.0674,3.84852,7.53849,2
685.5,0.0674,3.8485,7.53849,2
685.6,0.0674,3.84848,7.53849,2
685.7,0.06739,3.84845,7.53848,2
685.8,0.06739,3.84843,7.53848,2
685.9,0.06739,3.84841,7.53848,2
686,0.06739,3.84839,7.53848,2
686.1,0.06738,3.84836,7.53848,2
686.2,0.06738,3.84834,7.53848,2
686.3,0.06738,3.84832,7.53848,2
686.4,0.06738,3.84829,7.53848,2
686.5,0.06737,3.84827,7.53848,2
686.6,0.06737,3.84825,7.53848,2
686.7,0.06737,3.84822,7.53847,2
686.8,0.06737,3.8482,7.53847,2
686.9,0.06736,3.84818,7.53847,2
687,0.06736,3.84815,7.53847,2
687.1,0.06736,3.84813,7.53847,2
687.2,0.06736,3.84811,7.53847,2
687.3,0.06735,3.84808,7.53847,2
687.4,0.06735,3.84806,7.53846,2
687.5,0.06735,3.84804,7.53846,2
687.6,0.06735,3.84802,7.53846,2
687.7,0.06734,3.84799,7.53846,2
687.8,0.06734,3.84797,7.53846,2
687.9,0.06734,3.84795,7.53846,2
688,0.06734,3.84793,7.53846,2
688.1,0.06733,3.84791,7.53845,2
688.2,0.06733,3.84789,7.53845,2
688.3,0.06733,3.84787,7.53845,2
688.4,0.06733,3.84784,7.53845,2
688.5,0.06732,3.84782,7.53845,2
688.6,0.06732,3.8478,7.53845,2
688.7,0.06732,3.84778,7.53845,2
688.8,0.06732,3.84776,7.53844,2
688.9,0.06731,3.84774,7.53844,2
689,0.06731,3.84771,7.53844,2
689.1,0.06731,3.84769,7.53844,2
689.2,0.06731,3.84767,7.53844,2
689.3,0.06731,3.84765,7.53844,2
689.4,0.0673,3.84762,7.53844,2
689.5,0.0673,3.8476,7.53844,2
689.6,0.0673,3.84758,7.53843,2
689.7,0.0673,3.84756,7.53843,2
689.8,0.06729,3.84753,7.53843,2
689.9,0.06729,3.84751,7.53843,2
690,0.06729,3.84748,7.53843,2
690.1,0.06729,3.84746,7.53843,2
690.2,0.06728,3.84744,7.53842,2
690.3,0.06728,3.84741,7.53842,2
690.4,0.06728,3.84739,7.53842,2
690.5,0.06728,3.84736,7.53842,2
690.6,0.06727,3.84734,7.53842,2
690.7,0.06727,3.84731,7.53842,2
690.8,0.06727,3.84728,7.53842,2
690.9,0.06727,3.84726,7.53841,2
691,0.06727,3.84723,7.53841,2
691.1,0.06726,3.8472,7.53841,2
691.2,0.06726,3.84718,7.53841,2
691.3,0.06726,3.84715,7.53841,2
691.4,0.06726,3.84712,7.5384,2
691.5,0.06725,3.84709,7.5384,2
691.6,0.06725,3.84706,7.5384,2
691.7,0.06725,3.84703,7.5384,2
691.8,0.06725,3.847,7.5384,2
691.9,0.06724,3.84697,7.5384,2
692,0.06724,3.84695,7.5384,2
692.1,0.06724,3.84692,7.53839,2
692.2,0.06724,3.84689,7.53839,2
692.3,0.06723,3.84686,7.53839,2
692.4,0.06723,3.84683,7.53839,2
692.5,0.06723,3.8468,7.53839,2
692.6,0.06723,3.84677,7.53838,2
692.7,0.06723,3.84674,7.53838,2
692.8,0.06722,3.84671,7.53838,2
692.9,0.06722,3.84668,7.53838,2
693,0.06722,3.84665,7.53838,2
693.1,0.06722,3.84662,7.53837,2
693.2,0.06721,3.84659,7.53837,2
693.3,0.06721,3.84656,7.53837,2
693.4,0.06721,3.84652,7.53837,2
693.5,0.06721,3.84649,7.53837,2
693.6,0.0672,3.84646,7.53836,2
693.7,0.0672,3.84642,7.53836,2
693.8,0.0672,3.84639,7.53836,2
693.9,0.0672,3.84635,7.53836,2
694,0.0672,3.84632,7.53836,2
694.1,0.06719,3.84628,7.53835,2
694.2,0.06719,3.84625,7.53835,2
694.3,0.06719,3.84621,7.53835,2
694.4,0.06719,3.84618,7.53835,2
694.5,0.06718,3.84614,7.53834,2
694.6,0.06718,3.8461,7.53834,2
694.7,0.06718,3.84607,7.53834,2
694.8,0.06718,3.84603,7.53834,2
694.9,0.06718,3.84599,7.53834,2
695,0.06717,3.84596,7.53833,2
695.1,0.06717,3.84592,7.53833,2
695.2,0.06717,3.84589,7.53833,2
695.3,0.06717,3.84585,7.53833,2
695.4,0.06716,3.84581,7.53832,2
695.5,0.06716,3.84578,7.53832,2
695.6,0.06716,3.84574,7.53832,2
695.7,0.06716,3.84571,7.53832,2
695.8,0.06716,3.84567,7.53832,2
695.9,0.06715,3.84563,7.53832,2
696,0.06715,3.8456,7.53831,2
696.1,0.06715,3.84556,7.53831,2
696.2,0.06715,3.84552,7.53831,2
696.3,0.06714,3.84548,7.53831,2
696.4,0.06714,3.84545,7.53831,2
696.5,0.06714,3.84541,7.53831,2
696.6,0.06714,3.84537,7.5383,2
696.7,0.06714,3.84534,7.5383,2
696.8,0.06713,3.8453,7.5383,2
696.9,0.06713,3.84526,7.5383,2
697,0.06713,3.84522,7.5383,2
697.1,0.06713,3.84518,7.53829,2
697.2,0.06712,3.84515,7.53829,2
697.3,0.06712,3.84511,7.53829,2
697.4,0.06712,3.84507,7.53829,2
697.5,0.06712,3.84503,7.53829,2
697.6,0.06712,3.84499,7.53829,2
697.7,0.06711,3.84495,7.53828,2
697.8,0.06711,3.84492,7.53828,2
697.9,0.06711,3.84488,7.53828,2
698,0.06711,3.84484,7.53828,2
698.1,0.0671,3.8448,7.53828,2
698.2,0.0671,3.84476,7.53828,2
698.3,0.0671,3.84472,7.53828,2
698.4,0.0671,3.84468,7.53827,2
698.5,0.0671,3.84464,7.53827,2
698.6,0.06709,3.84461,7.53827,2
698.7,0.06709,3.84457,7.53827,2
698.8,0.06709,3.84453,7.53827,2
698.9,0.06709,3.84449,7.53826,2
699,0.06708,3.84445,7.53826,2
699.1,0.06708,3.84441,7.53826,2
699.2,0.06708,3.84437,7.53826,2
699.3,0.06708,3.84433,7.53826,2
699.4,0.06708,3.84429,7.53825,2
699.5,0.06707,3.84425,7.53825,2
699.6,0.06707,3.84421,7.53825,2
699.7,0.06707,3.84417,7.53825,2
699.8,0.06707,3.84413,7.53825,2
699.9,0.06706,3.84409,7.53824,2
700,0.06706,3.84405,7.53824,2
700.1,0.06706,3.844,7.53824,2
700.2,0.06706,3.84396,7.53824,2
700.3,0.06706,3.84392,7.53824,2
700.4,0.06705,3.84388,7.53824,2
700.5,0.06705,3.84384,7.53823,2
700.6,0.06705,3.84379,7.53823,2
700.7,0.06705,3.84375,7.53823,2
700.8,0.06705,3.84371,7.53823,2
700.9,0.06704,3.84367,7.53823,2
701,0.06704,3.84363,7.53822,2
701.1,0.06704,3.84358,7.53822,2
701.2,0.06704,3.84354,7.53822,2
701.3,0.06703,3.8435,7.53822,2
701.4,0.06703,3.84346,7.53822,2
701.5,0.06703,3.84342,7.53821,2
701.6,0.06703,3.84337,7.53821,2
701.7,0.06703,3.84333,7.53821,2
701.8,0.06702,3.84329,7.53821,2
701.9,0.06702,3.84324,7.53821,2
702,0.06702,3.8432,7.5382,2
702.1,0.06702,3.84316,7.5382,2
702.2,0.06701,3.84311,7.5382,2
702.3,0.06701,3.84307,7.5382,2
702.4,0.06701,3.84302,7.5382,2
702.5,0.06701,3.84298,7.5382,2
702.6,0.06701,3.84293,7.53819,2
702.7,0.067,3.84288,7.53819,2
702.8,0.067,3.84284,7.53819,2
702.9,0.067,3.84279,7.53819,2
703,0.067,3.84274,7.53819,2
703.1,0.067,3.8427,7.53818,2
703.2,0.06699,3.84265,7.53818,2
703.3,0.06699,3.8426,7.53818,2
703.4,0.06699,3.84256,7.53818,2
703.5,0.06699,3.84251,7.53818,2
703.6,0.06699,3.84246,7.53817,2
703.7,0.06698,3.84241,7.53817,2
703.8,0.06698,3.84237,7.53817,2
703.9,0.06698,3.84232,7.53817,2
704,0.06698,3.84227,7.53817,2
704.1,0.06698,3.84222,7.53816,2
704.2,0.06697,3.84217,7.53816,2
704.3,0.06697,3.84213,7.53816,2
704.4,0.06697,3.84208,7.53816,2
704.5,0.06697,3.84203,7.53816,2
704.6,0.06697,3.84198,7.53816,2
704.7,0.06696,3.84193,7.53815,2
704.8,0.06696,3.84188,7.53815,2
704.9,0.06696,3.84183,7.53815,2
705,0.06696,3.84179,7.53815,2
705.1,0.06696,3.84174,7.53815,2
705.2,0.06695,3.84169,7.53814,2
705.3,0.06695,3.84164,7.53814,2
705.4,0.06695,3.84159,7.53814,2
705.5,0.06695,3.84154,7.53814,2
705.6,0.06695,3.8415,7.53814,2
705.7,0.06695,3.84145,7.53813,2
705.8,0.06694,3.8414,7.53813,2
705.9,0.06694,3.84135,7.53813,2
706,0.06694,3.8413,7.53813,2
706.1,0.06694,3.84125,7.53813,2
706.2,0.06694,3.84121,7.53812,2
706.3,0.06693,3.84116,7.53812,2
706.4,0.06693,3.84111,7.53812,2
706.5,0.06693,3.84106,7.53812,2
706.6,0.06693,3.84102,7.53812,2
706.7,0.06693,3.84097,7.53811,2
706.8,0.06692,3.84092,7.53811,2
706.9,0.06692,3.84088,7.53811,2
707,0.06692,3.84083,7.53811,2
707.1,0.06692,3.84078,7.53811,2
707.2,0.06692,3.84073,7.5381,2
707.3,0.06692,3.84068,7.5381,2
707.4,0.06691,3.84064,7.5381,2
707.5,0.06691,3.84059,7.5381,2
707.6,0.06691,3.84054,7.5381,2
707.7,0.06691,3.84049,7.53809,2
707.8,0.06691,3.84044,7.53809,2
707.9,0.0669,3.84039,7.53809,2
708,0.0669,3.84034,7.53809,2
708.1,0.0669,3.84029,7.53809,2
708.2,0.0669,3.84024,7.53808,2
708.3,0.0669,3.84019,7.53808,2
708.4,0.0669,3.84014,7.53808,2
708.5,0.06689,3.84008,7.53808,2
708.6,0.06689,3.84003,7.53808,2
708.7,0.06689,3.83998,7.53808,2
708.8,0.06689,3.83993,7.53807,2
708.9,0.06689,3.83988,7.53807,2
709,0.06688,3.83983,7.53807,2
709.1,0.06688,3.83978,7.53807,2
709.2,0.06688,3.83973,7.53807,2
709.3,0.06688,3.83967,7.53806,2
709.4,0.06688,3.83962,7.53806,2
709.5,0.06688,3.83957,7.53806,2
709.6,0.06687,3.83952,7.53806,2
709.7,0.06687,3.83946,7.53806,2
709.8,0.06687,3.83941,7.53805,2
709.9,0.06687,3.83936,7.53805,2
710,0.06687,3.83931,7.53805,2
710.1,0.06687,3.83926,7.53805,2
710.2,0.06686,3.8392,7.53805,2
710.3,0.06686,3.83915,7.53804,2
710.4,0.06686,3.8391,7.53804,2
710.5,0.06686,3.83905,7.53804,2
710.6,0.06686,3.83899,7.53804,2
710.7,0.06686,3.83894,7.53804,2
710.8,0.06685,3.83889,7.53803,2
710.9,0.06685,3.83884,7.53803,2
711,0.06685,3.83879,7.53803,2
711.1,0.06685,3.83874,7.53803,2
711.2,0.06685,3.83869,7.53803,2
711.3,0.06685,3.83864,7.53802,2
711.4,0.06684,3.83859,7.53802,2
711.5,0.06684,3.83854,7.53802,2
711.6,0.06684,3.83849,7.53802,2
711.7,0.06684,3.83844,7.53802,2
711.8,0.06684,3.83839,7.53801,2
711.9,0.06684,3.83834,7.53801,2
712,0.06683,3.83829,7.53801,2
712.1,0.06683,3.83824,7.53801,2
712.2,0.06683,3.83819,7.538,2
712.3,0.06683,3.83814,7.538,2
712.4,0.06683,3.83808,7.538,2
712.5,0.06683,3.83803,7.538,2
712.6,0.06682,3.83798,7.538,2
712.7,0.06682,3.83793,7.538,2
712.8,0.06682,3.83788,7.53799,2
712.9,0.06682,3.83783,7.53799,2
713,0.06682,3.83777,7.53799,2
713.1,0.06682,3.83772,7.53799,2
713.2,0.06682,3.83767,7.53799,2
713.3,0.06681,3.83762,7.53798,2
713.4,0.06681,3.83756,7.53798,2
713.5,0.06681,3.83751,7.53798,2
713.6,0.06681,3.83746,7.53798,2
713.7,0.06681,3.83741,7.53798,2
713.8,0.06681,3.83735,7.53797,2
713.9,0.0668,3.8373,7.53797,2
714,0.0668,3.83725,7.53797,2
714.1,0.0668,3.83719,7.53797,2
714.2,0.0668,3.83714,7.53797,2
714.3,0.0668,3.83709,7.53796,2
714.4,0.0668,3.83703,7.53796,2
714.5,0.0668,3.83698,7.53796,2
714.6,0.06679,3.83693,7.53796,2
714.7,0.06679,3.83687,7.53796,2
714.8,0.06679,3.83682,7.53796,2
714.9,0.06679,3.83677,7.53795,2
715,0.06679,3.83671,7.53795,2
715.1,0.06679,3.83666,7.53795,2
715.2,0.06679,3.83661,7.53795,2
715.3,0.06678,3.83655,7.53794,2
715.4,0.06678,3.8365,7.53794,2
715.5,0.06678,3.83645,7.53794,2
715.6,0.06678,3.83639,7.53794,2
715.7,0.06678,3.83634,7.53794,2
715.8,0.06678,3.83629,7.53793,2
715.9,0.06678,3.83624,7.53793,2
716,0.06677,3.83618,7.53793,2
716.1,0.06677,3.83613,7.53793,2
716.2,0.06677,3.83608,7.53793,2
716.3,0.06677,3.83603,7.53792,2
716.4,0.06677,3.83598,7.53792,2
716.5,0.06677,3.83593,7.53792,2
716.6,0.06677,3.83587,7.53792,2
716.7,0.06676,3.83582,7.53792,2
716.8,0.06676,3.83577,7.53792,2
716.9,0.06676,3.83572,7.53791,2
717,0.06676,3.83567,7.53791,2
717.1,0.06676,3.83562,7.53791,2
717.2,0.06676,3.83557,7.53791,2
717.3,0.06676,3.83551,7.53791,2
717.4,0.06675,3.83546,7.53791,2
717.5,0.06675,3.83541,7.5379,2
717.6,0.06675,3.83536,7.5379,2
717.7,0.06675,3.83531,7.5379,2
717.8,0.06675,3.83526,7.5379,2
717.9,0.06675,3.83521,7.5379,2
718,0.06675,3.83516,7.53789,2
718.1,0.06674,3.83511,7.53789,2
718.2,0.06674,3.83505,7.53789,2
718.3,0.06674,3.835,7.53789,2
718.4,0.06674,3.83495,7.53789,2
718.5,0.06674,3.8349,7.53788,2
718.6,0.06674,3.83485,7.53788,2
718.7,0.06674,3.83479,7.53788,2
718.8,0.06673,3.83474,7.53788,2
718.9,0.06673,3.83469,7.53788,2
719,0.06673,3.83463,7.53788,2
719.1,0.06673,3.83458,7.53787,2
719.2,0.06673,3.83452,7.53787,2
719.3,0.06673,3.83447,7.53787,2
719.4,0.06673,3.83441,7.53787,2
719.5,0.06673,3.83436,7.53787,2
719.6,0.06672,3.83431,7.53787,2
719.7,0.06672,3.83425,7.53786,2
719.8,0.06672,3.8342,7.53786,2
719.9,0.06672,3.83414,7.53786,2
720,0.06672,3.83409,7.53786,2
720.1,0.06672,3.83403,7.53786,2
720.2,0.06672,3.83398,7.53786,2
720.3,0.06671,3.83392,7.53785,2
720.4,0.06671,3.83387,7.53785,2
720.5,0.06671,3.83381,7.53785,2
720.6,0.06671,3.83376,7.53785,2
720.7,0.06671,3.83371,7.53785,2
720.8,0.06671,3.83365,7.53785,2
720.9,0.06671,3.8336,7.53784,2
721,0.06671,3.83354,7.53784,2
721.1,0.0667,3.83349,7.53784,2
721.2,0.0667,3.83344,7.53784,2
721.3,0.0667,3.83338,7.53784,2
721.4,0.0667,3.83333,7.53784,2
721.5,0.0667,3.83328,7.53784,2
721.6,0.0667,3.83322,7.53783,2
721.7,0.0667,3.83317,7.53783,2
721.8,0.0667,3.83312,7.53783,2
721.9,0.0667,3.83306,7.53783,2
722,0.06669,3.83301,7.53783,2
722.1,0.06669,3.83296,7.53783,2
722.2,0.06669,3.8329,7.53782,2
722.3,0.06669,3.83285,7.53782,2
722.4,0.06669,3.8328,7.53782,2
722.5,0.06669,3.83275,7.53782,2
722.6,0.06669,3.8327,7.53782,2
722.7,0.06669,3.83264,7.53782,2
722.8,0.06668,3.83259,7.53781,2
722.9,0.06668,3.83254,7.53781,2
723,0.06668,3.83249,7.53781,2
723.1,0.06668,3.83244,7.53781,2
723.2,0.06668,3.83238,7.53781,2
723.3,0.06668,3.83233,7.53781,2
723.4,0.06668,3.83228,7.53781,2
723.5,0.06668,3.83223,7.5378,2
723.6,0.06668,3.83218,7.5378,2
723.7,0.06667,3.83213,7.5378,2
723.8,0.06667,3.83209,7.5378,2
723.9,0.06667,3.83204,7.5378,2
724,0.06667,3.83199,7.5378,2
724.1,0.06667,3.83194,7.5378,2
724.2,0.06667,3.83189,7.5378,2
724.3,0.06667,3.83184,7.53779,2
724.4,0.06667,3.83179,7.53779,2
724.5,0.06667,3.83174,7.53779,2
724.6,0.06666,3.83169,7.53779,2
724.7,0.06666,3.83164,7.53779,2
724.8,0.06666,3.83159,7.53779,2
724.9,0.06666,3.83154,7.53778,2
725,0.06666,3.8315,7.53778,2
725.1,0.06666,3.83145,7.53778,2
725.2,0.06666,3.8314,7.53778,2
725.3,0.06666,3.83135,7.53778,2
725.4,0.06666,3.8313,7.53778,2
725.5,0.06665,3.83126,7.53778,2
725.6,0.06665,3.83121,7.53777,2
725.7,0.06665,3.83116,7.53777,2
725.8,0.06665,3.83112,7.53777,2
725.9,0.06665,3.83107,7.53777,2
726,0.06665,3.83102,7.53777,2
726.1,0.06665,3.83097,7.53777,2
726.2,0.06665,3.83092,7.53777,2
726.3,0.06665,3.83088,7.53776,2
726.4,0.06665,3.83083,7.53776,2
726.5,0.06664,3.83078,7.53776,2
726.6,0.06664,3.83074,7.53776,2
726.7,0.06664,3.83069,7.53776,2
726.8,0.06664,3.83065,7.53776,2
726.9,0.06664,3.8306,7.53776,2
727,0.06664,3.83056,7.53776,2
727.1,0.06664,3.83051,7.53775,2
727.2,0.06664,3.83046,7.53775,2
727.3,0.06664,3.83042,7.53775,2
727.4,0.06664,3.83038,7.53775,2
727.5,0.06663,3.83033,7.53775,2
727.6,0.06663,3.83029,7.53775,2
727.7,0.06663,3.83024,7.53775,2
727.8,0.06663,3.8302,7.53774,2
727.9,0.06663,3.83015,7.53774,2
728,0.06663,3.83011,7.53774,2
728.1,0.06663,3.83006,7.53774,2
728.2,0.06663,3.83002,7.53774,2
728.3,0.06663,3.82998,7.53774,2
728.4,0.06663,3.82993,7.53773,2
728.5,0.06662,3.82989,7.53773,2
728.6,0.06662,3.82985,7.53773,2
728.7,0.06662,3.8298,7.53773,2
728.8,0.06662,3.82976,7.53773,2
728.9,0.06662,3.82972,7.53773,2
729,0.06662,3.82967,7.53773,2
729.1,0.06662,3.82963,7.53773,2
729.2,0.06662,3.82959,7.53772,2
729.3,0.06662,3.82954,7.53772,2
729.4,0.06662,3.8295,7.53772,2
729.5,0.06661,3.82946,7.53772,2
729.6,0.06661,3.82942,7.53772,2
729.7,0.06661,3.82938,7.53772,2
729.8,0.06661,3.82933,7.53772,2
729.9,0.06661,3.82929,7.53772,2
730,0.06661,3.82925,7.53772,2
730.1,0.06661,3.82921,7.53771,2
730.2,0.06661,3.82917,7.53771,2
730.3,0.06661,3.82913,7.53771,2
730.4,0.06661,3.82908,7.53771,2
730.5,0.06661,3.82904,7.53771,2
730.6,0.06661,3.829,7.53771,2
730.7,0.0666,3.82896,7.53771,2
730.8,0.0666,3.82892,7.53771,2
730.9,0.0666,3.82888,7.53771,2
731,0.0666,3.82884,7.53771,2
731.1,0.0666,3.8288,7.5377,2
731.2,0.0666,3.82876,7.5377,2
731.3,0.0666,3.82872,7.5377,2
731.4,0.0666,3.82868,7.5377,2
731.5,0.0666,3.82864,7.5377,2
731.6,0.0666,3.8286,7.5377,2
731.7,0.0666,3.82856,7.5377,2
731.8,0.06659,3.82852,7.5377,2
731.9,0.06659,3.82848,7.5377,2
732,0.06659,3.82844,7.5377,2
732.1,0.06659,3.8284,7.5377,2
732.2,0.06659,3.82836,7.53769,2
732.3,0.06659,3.82832,7.53769,2
732.4,0.06659,3.82828,7.53769,2
732.5,0.06659,3.82824,7.53769,2
732.6,0.06659,3.82821,7.53769,2
732.7,0.06659,3.82817,7.53769,2
732.8,0.06659,3.82813,7.53769,2
732.9,0.06659,3.8281,7.53769,2
733,0.06659,3.82806,7.53769,2
733.1,0.06658,3.82803,7.53769,2
733.2,0.06658,3.82799,7.53769,2
733.3,0.06658,3.82796,7.53769,2
733.4,0.06658,3.82792,7.53768,2
733.5,0.06658,3.82789,7.53768,2
733.6,0.06658,3.82786,7.53768,2
733.7,0.06658,3.82782,7.53768,2
733.8,0.06658,3.82779,7.53768,2
733.9,0.06658,3.82776,7.53768,2
734,0.06658,3.82773,7.53768,2
734.1,0.06658,3.8277,7.53768,2
734.2,0.06658,3.82767,7.53768,2
734.3,0.06658,3.82764,7.53768,2
734.4,0.06658,3.82762,7.53768,2
734.5,0.06657,3.82759,7.53768,2
734.6,0.06657,3.82756,7.53768,2
734.7,0.06657,3.82753,7.53768,2
734.8,0.06657,3.82751,7.53767,2
734.9,0.06657,3.82748,7.53767,2
735,0.06657,3.82745,7.53767,2
735.1,0.06657,3.82743,7.53767,2
735.2,0.06657,3.8274,7.53767,2
735.3,0.06657,3.82738,7.53767,2
735.4,0.06657,3.82735,7.53767,2
735.5,0.06657,3.82733,7.53767,2
735.6,0.06657,3.82731,7.53767,2
735.7,0.06657,3.82728,7.53767,2
735.8,0.06657,3.82726,7.53766,2
735.9,0.06657,3.82724,7.53766,2
736,0.06657,3.82721,7.53766,2
736.1,0.06656,3.82719,7.53766,2
736.2,0.06656,3.82717,7.53766,2
736.3,0.06656,3.82714,7.53766,2
736.4,0.06656,3.82712,7.53766,2
736.5,0.06656,3.8271,7.53766,2
736.6,0.06656,3.82707,7.53766,2
736.7,0.06656,3.82705,7.53766,2
736.8,0.06656,3.82703,7.53766,2
736.9,0.06656,3.82701,7.53766,2
737,0.06656,3.82698,7.53765,2
737.1,0.06656,3.82696,7.53765,2
737.2,0.06656,3.82694,7.53765,2
737.3,0.06656,3.82692,7.53765,2
737.4,0.06656,3.82689,7.53765,2
737.5,0.06656,3.82687,7.53765,2
737.6,0.06656,3.82685,7.53765,2
737.7,0.06656,3.82682,7.53765,2
737.8,0.06656,3.8268,7.53765,2
737.9,0.06656,3.82678,7.53765,2
738,0.06655,3.82675,7.53765,2
738.1,0.06655,3.82673,7.53765,2
738.2,0.06655,3.82671,7.53765,2
738.3,0.06655,3.82668,7.53765,2
738.4,0.06655,3.82666,7.53765,2
738.5,0.06655,3.82663,7.53764,2
738.6,0.06655,3.82661,7.53764,2
738.7,0.06655,3.82659,7.53764,2
738.8,0.06655,3.82656,7.53764,2
738.9,0.06655,3.82654,7.53764,2
739,0.06655,3.82651,7.53764,2
739.1,0.06655,3.82649,7.53764,2
739.2,0.06655,3.82647,7.53764,2
739.3,0.06655,3.82644,7.53764,2
739.4,0.06655,3.82642,7.53764,2
739.5,0.06655,3.8264,7.53764,2
739.6,0.06655,3.82637,7.53764,2
739.7,0.06655,3.82635,7.53764,2
739.8,0.06655,3.82633,7.53764,2
739.9,0.06655,3.8263,7.53764,2
740,0.06655,3.82628,7.53764,2
740.1,0.06655,3.82626,7.53764,2
740.2,0.06654,3.82623,7.53764,2
740.3,0.06654,3.82621,7.53764,2
740.4,0.06654,3.82619,7.53764,2
740.5,0.06654,3.82616,7.53764,2
740.6,0.06654,3.82614,7.53764,2
740.7,0.06654,3.82612,7.53764,2
740.8,0.06654,3.8261,7.53764,2
740.9,0.06654,3.82607,7.53764,2
741,0.06654,3.82605,7.53764,2
741.1,0.06654,3.82603,7.53763,2
741.2,0.06654,3.82601,7.53763,2
741.3,0.06654,3.82599,7.53763,2
741.4,0.06654,3.82597,7.53763,2
741.5,0.06654,3.82595,7.53763,2
741.6,0.06654,3.82592,7.53763,2
741.7,0.06654,3.82591,7.53763,2
741.8,0.06654,3.82589,7.53763,2
741.9,0.06654,3.82587,7.53763,2
742,0.06654,3.82585,7.53763,2
742.1,0.06654,3.82583,7.53763,2
742.2,0.06654,3.82581,7.53763,2
742.3,0.06654,3.82579,7.53763,2
742.4,0.06654,3.82577,7.53763,2
742.5,0.06654,3.82575,7.53763,2
742.6,0.06654,3.82574,7.53763,2
742.7,0.06653,3.82572,7.53763,2
742.8,0.06653,3.8257,7.53763,2
742.9,0.06653,3.82568,7.53763,2
743,0.06653,3.82567,7.53763,2
743.1,0.06653,3.82565,7.53763,2
743.2,0.06653,3.82563,7.53763,2
743.3,0.06653,3.82561,7.53763,2
743.4,0.06653,3.8256,7.53763,2
743.5,0.06653,3.82558,7.53763,2
743.6,0.06653,3.82557,7.53763,2
743.7,0.06653,3.82555,7.53763,2
743.8,0.06653,3.82553,7.53763,2
743.9,0.06653,3.82552,7.53763,2
744,0.06653,3.82551,7.53763,2
744.1,0.06653,3.82549,7.53763,2
744.2,0.06653,3.82548,7.53762,2
744.3,0.06653,3.82546,7.53762,2
744.4,0.06653,3.82545,7.53762,2
744.5,0.06653,3.82544,7.53762,2
744.6,0.06653,3.82542,7.53762,2
744.7,0.06653,3.82541,7.53762,2
744.8,0.06653,3.8254,7.53762,2
744.9,0.06653,3.82538,7.53762,2
745,0.06653,3.82537,7.53762,2
745.1,0.06653,3.82536,7.53762,2
745.2,0.06653,3.82535,7.53762,2
745.3,0.06653,3.82534,7.53762,2
745.4,0.06653,3.82532,7.53762,2
745.5,0.06653,3.82531,7.53762,2
745.6,0.06653,3.8253,7.53762,2
745.7,0.06652,3.82529,7.53762,2
745.8,0.06652,3.82528,7.53762,2
745.9,0.06652,3.82527,7.53762,2
746,0.06652,3.82526,7.53762,2
746.1,0.06652,3.82525,7.53762,2
746.2,0.06652,3.82524,7.53762,2
746.3,0.06652,3.82523,7.53762,2
746.4,0.06652,3.82522,7.53762,2
746.5,0.06652,3.82522,7.53762,2
746.6,0.06652,3.82521,7.53762,2
746.7,0.06652,3.8252,7.53762,2
746.8,0.06652,3.82519,7.53762,2
746.9,0.06652,3.82519,7.53762,2
747,0.06652,3.82518,7.53762,2
747.1,0.06652,3.82517,7.53762,2
747.2,0.06652,3.82516,7.53762,2
747.3,0.06652,3.82516,7.53761,2
747.4,0.06652,3.82515,7.53761,2
747.5,0.06652,3.82514,7.53761,2
747.6,0.06652,3.82514,7.53761,2
747.7,0.06652,3.82514,7.53761,2
747.8,0.06652,3.82513,7.53761,2
747.9,0.06652,3.82513,7.53761,2
748,0.06652,3.82513,7.53761,2
748.1,0.06652,3.82512,7.53761,2
748.2,0.06652,3.82512,7.53761,2
748.3,0.06652,3.82512,7.53761,2
748.4,0.06652,3.82512,7.53761,2
748.5,0.06652,3.82512,7.53761,2
748.6,0.06652,3.82512,7.53761,2
748.7,0.06652,3.82512,7.53761,2
748.8,0.06652,3.82512,7.53761,2
748.9,0.06651,3.82512,7.53761,2
749,0.06651,3.82512,7.53761,2
749.1,0.06651,3.82512,7.53761,2
749.2,0.06651,3.82512,7.53761,2
749.3,0.06651,3.82512,7.53761,2
749.4,0.06651,3.82513,7.53761,2
749.5,0.06651,3.82513,7.53761,2
749.6,0.06651,3.82514,7.53761,2
749.7,0.06651,3.82514,7.53761,2
749.8,0.06651,3.82515,7.53761,2
749.9,0.06651,3.82515,7.53761,2
750,0.06651,3.82516,7.53761,2
750.1,0.06651,3.82517,7.53761,2
750.2,0.06651,3.82517,7.53761,2
750.3,0.06651,3.82518,7.53761,2
750.4,0.06651,3.82519,7.53761,2
750.5,0.06651,3.8252,7.53761,2
750.6,0.06651,3.82521,7.53761,2
750.7,0.06651,3.82522,7.53761,2
750.8,0.06651,3.82523,7.53761,2
750.9,0.06651,3.82524,7.53761,2
751,0.06651,3.82525,7.53761,2
751.1,0.06651,3.82526,7.53761,2
751.2,0.06651,3.82527,7.53761,2
751.3,0.06651,3.82528,7.53761,2
751.4,0.06651,3.82529,7.53761,2
751.5,0.06651,3.82531,7.53761,2
751.6,0.06651,3.82532,7.53761,2
751.7,0.06651,3.82533,7.53761,2
751.8,0.06651,3.82534,7.53761,2
751.9,0.06651,3.82536,7.53761,2
752,0.06651,3.82537,7.53761,2
752.1,0.0665,3.82538,7.53761,2
752.2,0.0665,3.8254,7.53761,2
752.3,0.0665,3.82541,7.53761,2
752.4,0.0665,3.82542,7.53761,2
752.5,0.0665,3.82544,7.53761,2
752.6,0.0665,3.82545,7.53761,2
752.7,0.0665,3.82547,7.53761,2
752.8,0.0665,3.82548,7.53761,2
752.9,0.0665,3.82549,7.53761,2
753,0.0665,3.82551,7.53761,2
753.1,0.0665,3.82552,7.53761,2
753.2,0.0665,3.82554,7.53761,2
753.3,0.0665,3.82555,7.53761,2
753.4,0.0665,3.82557,7.53761,2
753.5,0.0665,3.82558,7.53761,2
753.6,0.0665,3.8256,7.53761,2
753.7,0.0665,3.82561,7.53761,2
753.8,0.0665,3.82563,7.53761,2
753.9,0.0665,3.82564,7.53761,2
754,0.0665,3.82566,7.53761,2
754.1,0.0665,3.82567,7.53761,2
754.2,0.0665,3.82569,7.53761,2
754.3,0.0665,3.82571,7.53761,2
754.4,0.0665,3.82572,7.53761,2
754.5,0.0665,3.82574,7.53761,2
754.6,0.0665,3.82575,7.53761,2
754.7,0.0665,3.82577,7.53761,2
754.8,0.0665,3.82578,7.53761,2
754.9,0.0665,3.8258,7.53761,2
755,0.0665,3.82581,7.53761,2
755.1,0.0665,3.82583,7.53761,2
755.2,0.0665,3.82584,7.53761,2
755.3,0.0665,3.82586,7.53761,2
755.4,0.0665,3.82587,7.53761,2
755.5,0.0665,3.82589,7.53761,2
755.6,0.0665,3.8259,7.53761,2
755.7,0.0665,3.82591,7.53761,2
755.8,0.0665,3.82593,7.53761,2
755.9,0.0665,3.82594,7.53761,2
756,0.0665,3.82595,7.53761,2
756.1,0.0665,3.82597,7.53761,2
756.2,0.0665,3.82598,7.53761,2
756.3,0.0665,3.82599,7.53761,2
756.4,0.0665,3.82601,7.53761,2
756.5,0.0665,3.82602,7.53761,2
756.6,0.0665,3.82603,7.53761,2
756.7,0.0665,3.82605,7.53761,2
756.8,0.0665,3.82606,7.53761,2
756.9,0.0665,3.82608,7.53761,2
757,0.0665,3.82609,7.53761,2
757.1,0.0665,3.82611,7.53761,2
757.2,0.0665,3.82612,7.53761,2
757.3,0.0665,3.82613,7.53761,2
757.4,0.0665,3.82615,7.53761,2
757.5,0.0665,3.82616,7.53761,2
757.6,0.0665,3.82618,7.53761,2
757.7,0.0665,3.82619,7.53761,2
757.8,0.0665,3.8262,7.53761,2
757.9,0.0665,3.82621,7.53761,2
758,0.0665,3.82623,7.53762,2
758.1,0.0665,3.82624,7.53762,2
758.2,0.0665,3.82625,7.53762,2
758.3,0.0665,3.82626,7.53762,2
758.4,0.0665,3.82627,7.53762,2
758.5,0.0665,3.82629,7.53762,2
758.6,0.0665,3.8263,7.53762,2
758.7,0.0665,3.82631,7.53762,2
758.8,0.0665,3.82633,7.53762,2
758.9,0.0665,3.82634,7.53762,2
759,0.0665,3.82635,7.53762,2
759.1,0.0665,3.82636,7.53762,2
759.2,0.0665,3.82638,7.53762,2
759.3,0.0665,3.82639,7.53762,2
759.4,0.0665,3.8264,7.53762,2
759.5,0.0665,3.82642,7.53762,2
759.6,0.0665,3.82643,7.53762,2
759.7,0.0665,3.82644,7.53762,2
759.8,0.0665,3.82646,7.53762,2
759.9,0.0665,3.82647,7.53762,2
760,0.0665,3.82648,7.53762,2
760.1,0.0665,3.8265,7.53762,2
760.2,0.0665,3.82651,7.53762,2
760.3,0.0665,3.82652,7.53762,2
760.4,0.0665,3.82654,7.53762,2
760.5,0.0665,3.82655,7.53762,2
760.6,0.0665,3.82656,7.53762,2
760.7,0.0665,3.82657,7.53763,2
760.8,0.0665,3.82659,7.53763,2
760.9,0.0665,3.8266,7.53763,2
761,0.0665,3.82661,7.53763,2
761.1,0.06649,3.82662,7.53763,2
761.2,0.06649,3.82663,7.53763,2
761.3,0.06649,3.82664,7.53763,2
761.4,0.06649,3.82665,7.53763,2
761.5,0.06649,3.82666,7.53763,2
761.6,0.06649,3.82667,7.53763,2
761.7,0.06649,3.82668,7.53763,2
761.8,0.06649,3.82669,7.53763,2
761.9,0.06649,3.8267,7.53763,2
762,0.06649,3.82671,7.53763,2
762.1,0.06649,3.82672,7.53763,2
762.2,0.06649,3.82673,7.53763,2
762.3,0.06649,3.82674,7.53763,2
762.4,0.06649,3.82675,7.53763,2
762.5,0.06649,3.82676,7.53763,2
762.6,0.06649,3.82677,7.53763,2
762.7,0.06649,3.82678,7.53763,2
762.8,0.06649,3.82679,7.53763,2
762.9,0.06649,3.8268,7.53763,2
763,0.06649,3.82681,7.53763,2
763.1,0.06649,3.82682,7.53763,2
763.2,0.06649,3.82682,7.53763,2
763.3,0.06649,3.82683,7.53764,2
763.4,0.06649,3.82684,7.53764,2
763.5,0.06649,3.82685,7.53764,2
763.6,0.06649,3.82686,7.53764,2
763.7,0.06649,3.82687,7.53764,2
763.8,0.06649,3.82688,7.53764,2
763.9,0.06649,3.82689,7.53764,2
764,0.06649,3.8269,7.53764,2
764.1,0.06649,3.82691,7.53764,2
764.2,0.06649,3.82693,7.53764,2
764.3,0.06649,3.82694,7.53764,2
764.4,0.06649,3.82695,7.53764,2
764.5,0.06649,3.82697,7.53764,2
764.6,0.06649,3.82698,7.53764,2
764.7,0.06649,3.82699,7.53764,2
764.8,0.06649,3.827,7.53764,2
764.9,0.06649,3.82701,7.53764,2
765,0.06649,3.82702,7.53764,2
765.1,0.06649,3.82703,7.53764,2
765.2,0.06649,3.82704,7.53765,2
765.3,0.06649,3.82705,7.53765,2
765.4,0.06649,3.82707,7.53765,2
765.5,0.06649,3.82708,7.53765,2
765.6,0.06649,3.82709,7.53765,2
765.7,0.06649,3.8271,7.53765,2
765.8,0.0665,3.82711,7.53765,2
765.9,0.0665,3.82713,7.53765,2
766,0.0665,3.82714,7.53765,2
766.1,0.0665,3.82715,7.53765,2
766.2,0.0665,3.82716,7.53765,2
766.3,0.0665,3.82717,7.53765,2
766.4,0.0665,3.82719,7.53765,2
766.5,0.0665,3.8272,7.53765,2
766.6,0.0665,3.82721,7.53765,2
766.7,0.0665,3.82722,7.53765,2
766.8,0.0665,3.82723,7.53766,2
766.9,0.0665,3.82725,7.53766,2
767,0.0665,3.82726,7.53766,2
767.1,0.0665,3.82727,7.53766,2
767.2,0.0665,3.82729,7.53766,2
767.3,0.0665,3.8273,7.53766,2
767.4,0.0665,3.82732,7.53766,2
767.5,0.0665,3.82733,7.53766,2
767.6,0.0665,3.82734,7.53766,2
767.7,0.0665,3.82736,7.53766,2
767.8,0.0665,3.82737,7.53766,2
767.9,0.0665,3.82739,7.53766,2
768,0.0665,3.82741,7.53766,2
768.1,0.0665,3.82742,7.53766,2
768.2,0.0665,3.82744,7.53767,2
768.3,0.0665,3.82745,7.53767,2
768.4,0.0665,3.82747,7.53767,2
768.5,0.0665,3.82748,7.53767,2
768.6,0.0665,3.8275,7.53767,2
768.7,0.0665,3.82751,7.53767,2
768.8,0.0665,3.82753,7.53767,2
768.9,0.0665,3.82755,7.53767,2
769,0.0665,3.82756,7.53767,2
769.1,0.0665,3.82758,7.53767,2
769.2,0.0665,3.82759,7.53767,2
769.3,0.0665,3.82761,7.53767,2
769.4,0.0665,3.82762,7.53767,2
769.5,0.0665,3.82764,7.53767,2
769.6,0.0665,3.82766,7.53768,2
769.7,0.0665,3.82767,7.53768,2
769.8,0.0665,3.82769,7.53768,2
769.9,0.0665,3.8277,7.53768,2
770,0.0665,3.82772,7.53768,2
770.1,0.0665,3.82774,7.53768,2
770.2,0.0665,3.82775,7.53768,2
770.3,0.0665,3.82777,7.53768,2
770.4,0.0665,3.82779,7.53768,2
770.5,0.0665,3.82781,7.53768,2
770.6,0.0665,3.82782,7.53768,2
770.7,0.0665,3.82784,7.53768,2
770.8,0.0665,3.82786,7.53768,2
770.9,0.0665,3.82788,7.53768,2
771,0.0665,3.8279,7.53769,2
771.1,0.0665,3.82792,7.53769,2
771.2,0.0665,3.82794,7.53769,2
771.3,0.0665,3.82795,7.53769,2
771.4,0.0665,3.82797,7.53769,2
771.5,0.0665,3.82799,7.53769,2
771.6,0.0665,3.82801,7.53769,2
771.7,0.0665,3.82803,7.53769,2
771.8,0.0665,3.82806,7.53769,2
771.9,0.0665,3.82808,7.53769,2
772,0.0665,3.8281,7.53769,2
772.1,0.0665,3.82812,7.53769,2
772.2,0.0665,3.82814,7.53769,2
772.3,0.0665,3.82816,7.53769,2
772.4,0.0665,3.82819,7.53769,2
772.5,0.0665,3.82821,7.5377,2
772.6,0.0665,3.82823,7.5377,2
772.7,0.0665,3.82825,7.5377,2
772.8,0.0665,3.82828,7.5377,2
772.9,0.0665,3.8283,7.5377,2
773,0.0665,3.82832,7.5377,2
773.1,0.0665,3.82835,7.5377,2
773.2,0.0665,3.82837,7.5377,2
773.3,0.0665,3.82839,7.5377,2
773.4,0.0665,3.82841,7.5377,2
773.5,0.0665,3.82844,7.5377,2
773.6,0.0665,3.82846,7.5377,2
773.7,0.0665,3.82848,7.53771,2
773.8,0.0665,3.82851,7.53771,2
773.9,0.0665,3.82853,7.53771,2
774,0.0665,3.82855,7.53771,2
774.1,0.0665,3.82857,7.53771,2
774.2,0.0665,3.8286,7.53771,2
774.3,0.0665,3.82862,7.53771,2
774.4,0.0665,3.82864,7.53771,2
774.5,0.0665,3.82866,7.53771,2
774.6,0.0665,3.82868,7.53771,2
774.7,0.0665,3.82871,7.53771,2
774.8,0.0665,3.82873,7.53771,2
774.9,0.0665,3.82875,7.53771,2
775,0.0665,3.82878,7.53771,2
775.1,0.0665,3.8288,7.53772,2
775.2,0.0665,3.82882,7.53772,2
775.3,0.0665,3.82884,7.53772,2
775.4,0.0665,3.82886,7.53772,2
775.5,0.0665,3.82888,7.53772,2
775.6,0.0665,3.82891,7.53772,2
775.7,0.0665,3.82893,7.53772,2
775.8,0.0665,3.82895,7.53772,2
775.9,0.0665,3.82897,7.53772,2
776,0.0665,3.82899,7.53772,2
776.1,0.0665,3.82901,7.53772,2
776.2,0.0665,3.82903,7.53772,2
776.3,0.0665,3.82906,7.53772,2
776.4,0.0665,3.82908,7.53773,2
776.5,0.0665,3.8291,7.53773,2
776.6,0.0665,3.82912,7.53773,2
776.7,0.0665,3.82913,7.53773,2
776.8,0.0665,3.82915,7.53773,2
776.9,0.0665,3.82917,7.53773,2
777,0.0665,3.82919,7.53773,2
777.1,0.0665,3.82921,7.53773,2
777.2,0.0665,3.82923,7.53773,2
777.3,0.0665,3.82925,7.53773,2
777.4,0.06651,3.82926,7.53773,2
777.5,0.06651,3.82928,7.53774,2
777.6,0.06651,3.8293,7.53774,2
777.7,0.06651,3.82932,7.53774,2
777.8,0.06651,3.82934,7.53774,2
777.9,0.06651,3.82935,7.53774,2
778,0.06651,3.82937,7.53774,2
778.1,0.06651,3.82939,7.53774,2
778.2,0.06651,3.8294,7.53774,2
778.3,0.06651,3.82942,7.53774,2
778.4,0.06651,3.82943,7.53774,2
778.5,0.06651,3.82945,7.53774,2
778.6,0.06651,3.82946,7.53775,2
778.7,0.06651,3.82948,7.53775,2
778.8,0.06651,3.82949,7.53775,2
778.9,0.06651,3.82951,7.53775,2
779,0.06651,3.82952,7.53775,2
779.1,0.06651,3.82953,7.53775,2
779.2,0.06651,3.82955,7.53775,2
779.3,0.06651,3.82956,7.53775,2
779.4,0.06651,3.82958,7.53775,2
779.5,0.06651,3.82959,7.53775,2
779.6,0.06651,3.82961,7.53775,2
779.7,0.06651,3.82962,7.53776,2
779.8,0.06651,3.82963,7.53776,2
779.9,0.06651,3.82965,7.53776,2
780,0.06651,3.82966,7.53776,2
780.1,0.06651,3.82967,7.53776,2
780.2,0.06651,3.82969,7.53776,2
780.3,0.06651,3.8297,7.53776,2
780.4,0.06651,3.82971,7.53776,2
780.5,0.06651,3.82973,7.53776,2
780.6,0.06651,3.82974,7.53776,2
780.7,0.06651,3.82975,7.53776,2
780.8,0.06651,3.82977,7.53776,2
780.9,0.06651,3.82978,7.53776,2
781,0.06651,3.82979,7.53776,2
781.1,0.06651,3.82981,7.53777,2
781.2,0.06651,3.82982,7.53777,2
781.3,0.06651,3.82984,7.53777,2
781.4,0.06651,3.82985,7.53777,2
781.5,0.06651,3.82986,7.53777,2
781.6,0.06652,3.82988,7.53777,2
781.7,0.06652,3.82989,7.53777,2
781.8,0.06652,3.8299,7.53777,2
781.9,0.06652,3.82992,7.53777,2
782,0.06652,3.82993,7.53777,2
782.1,0.06652,3.82995,7.53777,2
782.2,0.06652,3.82996,7.53778,2
782.3,0.06652,3.82998,7.53778,2
782.4,0.06652,3.82999,7.53778,2
782.5,0.06652,3.83001,7.53778,2
782.6,0.06652,3.83003,7.53778,2
782.7,0.06652,3.83004,7.53778,2
782.8,0.06652,3.83006,7.53778,2
782.9,0.06652,3.83007,7.53778,2
783,0.06652,3.83009,7.53778,2
783.1,0.06652,3.83011,7.53778,2
783.2,0.06652,3.83012,7.53778,2
783.3,0.06652,3.83014,7.53779,2
783.4,0.06652,3.83016,7.53779,2
783.5,0.06652,3.83017,7.53779,2
783.6,0.06652,3.83019,7.53779,2
783.7,0.06652,3.83021,7.53779,2
783.8,0.06652,3.83023,7.53779,2
783.9,0.06652,3.83024,7.53779,2
784,0.06652,3.83026,7.53779,2
784.1,0.06652,3.83028,7.53779,2
784.2,0.06652,3.8303,7.53779,2
784.3,0.06652,3.83031,7.5378,2
784.4,0.06652,3.83033,7.5378,2
784.5,0.06652,3.83035,7.5378,2
784.6,0.06652,3.83037,7.5378,2
784.7,0.06652,3.83038,7.5378,2
784.8,0.06652,3.8304,7.5378,2
784.9,0.06652,3.83042,7.5378,2
785,0.06652,3.83044,7.5378,2
785.1,0.06652,3.83046,7.5378,2
785.2,0.06652,3.83048,7.5378,2
785.3,0.06652,3.8305,7.5378,2
785.4,0.06652,3.83052,7.5378,2
785.5,0.06653,3.83055,7.53781,2
785.6,0.06653,3.83057,7.53781,2
785.7,0.06653,3.83059,7.53781,2
785.8,0.06653,3.83061,7.53781,2
785.9,0.06653,3.83063,7.53781,2
786,0.06653,3.83066,7.53781,2
786.1,0.06653,3.83068,7.53781,2
786.2,0.06653,3.83071,7.53781,2
786.3,0.06653,3.83073,7.53781,2
786.4,0.06653,3.83075,7.53781,2
786.5,0.06653,3.83078,7.53781,2
786.6,0.06653,3.8308,7.53782,2
786.7,0.06653,3.83083,7.53782,2
786.8,0.06653,3.83085,7.53782,2
786.9,0.06653,3.83088,7.53782,2
787,0.06653,3.8309,7.53782,2
787.1,0.06653,3.83093,7.53782,2
787.2,0.06653,3.83096,7.53782,2
787.3,0.06653,3.83098,7.53782,2
787.4,0.06653,3.83101,7.53782,2
787.5,0.06653,3.83104,7.53782,2
787.6,0.06653,3.83107,7.53782,2
787.7,0.06653,3.8311,7.53782,2
787.8,0.06653,3.83112,7.53783,2
787.9,0.06653,3.83115,7.53783,2
788,0.06653,3.83119,7.53783,2
788.1,0.06653,3.83122,7.53783,2
788.2,0.06653,3.83125,7.53783,2
788.3,0.06653,3.83128,7.53783,2
788.4,0.06653,3.83131,7.53783,2
788.5,0.06653,3.83134,7.53783,2
788.6,0.06653,3.83137,7.53783,2
788.7,0.06653,3.8314,7.53783,2
788.8,0.06653,3.83143,7.53783,2
788.9,0.06653,3.83147,7.53783,2
789,0.06654,3.8315,7.53783,2
789.1,0.06654,3.83153,7.53783,2
789.2,0.06654,3.83156,7.53783,2
789.3,0.06654,3.83159,7.53783,2
789.4,0.06654,3.83163,7.53783,2
789.5,0.06654,3.83166,7.53784,2
789.6,0.06654,3.83169,7.53784,2
789.7,0.06654,3.83172,7.53784,2
789.8,0.06654,3.83176,7.53784,2
789.9,0.06654,3.83179,7.53784,2
790,0.06654,3.83182,7.53784,2
790.1,0.06654,3.83186,7.53784,2
790.2,0.06654,3.83189,7.53784,2
790.3,0.06654,3.83193,7.53784,2
790.4,0.06654,3.83196,7.53784,2
790.5,0.06654,3.83199,7.53784,2
790.6,0.06654,3.83203,7.53784,2
790.7,0.06654,3.83206,7.53784,2
790.8,0.06654,3.83209,7.53784,2
790.9,0.06654,3.83213,7.53784,2
791,0.06654,3.83216,7.53784,2
791.1,0.06654,3.8322,7.53784,2
791.2,0.06654,3.83223,7.53784,2
791.3,0.06654,3.83227,7.53784,2
791.4,0.06654,3.8323,7.53784,2
791.5,0.06654,3.83234,7.53784,2
791.6,0.06654,3.83238,7.53785,2
791.7,0.06654,3.83241,7.53785,2
791.8,0.06654,3.83245,7.53785,2
791.9,0.06654,3.83248,7.53785,2
792,0.06654,3.83252,7.53785,2
792.1,0.06654,3.83256,7.53785,2
792.2,0.06654,3.8326,7.53785,2
792.3,0.06654,3.83263,7.53785,2
792.4,0.06655,3.83267,7.53785,2
792.5,0.06655,3.83271,7.53785,2
792.6,0.06655,3.83275,7.53785,2
792.7,0.06655,3.83279,7.53785,2
792.8,0.06655,3.83283,7.53785,2
792.9,0.06655,3.83287,7.53785,2
793,0.06655,3.83291,7.53785,2
793.1,0.06655,3.83295,7.53786,2
793.2,0.06655,3.833,7.53786,2
793.3,0.06655,3.83304,7.53786,2
793.4,0.06655,3.83308,7.53786,2
793.5,0.06655,3.83312,7.53786,2
793.6,0.06655,3.83316,7.53786,2
793.7,0.06655,3.8332,7.53786,2
793.8,0.06655,3.83324,7.53786,2
793.9,0.06655,3.83328,7.53786,2
794,0.06655,3.83333,7.53786,2
794.1,0.06655,3.83337,7.53786,2
794.2,0.06655,3.83341,7.53786,2
794.3,0.06655,3.83346,7.53786,2
794.4,0.06655,3.8335,7.53786,2
794.5,0.06655,3.83354,7.53786,2
794.6,0.06655,3.83359,7.53786,2
794.7,0.06655,3.83363,7.53787,2
794.8,0.06655,3.83368,7.53787,2
794.9,0.06655,3.83372,7.53787,2
795,0.06655,3.83377,7.53787,2
795.1,0.06655,3.83381,7.53787,2
795.2,0.06655,3.83385,7.53787,2
795.3,0.06655,3.8339,7.53787,2
795.4,0.06655,3.83394,7.53787,2
795.5,0.06655,3.83399,7.53787,2
795.6,0.06655,3.83403,7.53787,2
795.7,0.06655,3.83408,7.53787,2
795.8,0.06655,3.83412,7.53787,2
795.9,0.06655,3.83416,7.53787,2
796,0.06656,3.83421,7.53787,2
796.1,0.06656,3.83426,7.53787,2
796.2,0.06656,3.83431,7.53787,2
796.3,0.06656,3.83436,7.53787,2
796.4,0.06656,3.8344,7.53787,2
796.5,0.06656,3.83445,7.53787,2
796.6,0.06656,3.83449,7.53787,2
796.7,0.06656,3.83454,7.53787,2
796.8,0.06656,3.83459,7.53787,2
796.9,0.06656,3.83463,7.53787,2
797,0.06656,3.83468,7.53788,2
797.1,0.06656,3.83472,7.53788,2
797.2,0.06656,3.83477,7.53788,2
797.3,0.06656,3.83482,7.53788,2
797.4,0.06656,3.83487,7.53788,2
797.5,0.06656,3.83492,7.53788,2
797.6,0.06656,3.83496,7.53788,2
797.7,0.06656,3.83501,7.53788,2
797.8,0.06656,3.83506,7.53788,2
797.9,0.06656,3.83511,7.53788,2
798,0.06656,3.83516,7.53788,2
798.1,0.06656,3.83521,7.53788,2
798.2,0.06656,3.83526,7.53788,2
798.3,0.06656,3.83531,7.53788,2
798.4,0.06656,3.83536,7.53788,2
798.5,0.06656,3.83541,7.53788,2
798.6,0.06656,3.83546,7.53788,2
798.7,0.06656,3.83551,7.53788,2
798.8,0.06656,3.83556,7.53788,2
798.9,0.06656,3.83561,7.53788,2
799,0.06656,3.83566,7.53788,2
799.1,0.06656,3.83571,7.53788,2
799.2,0.06656,3.83576,7.53788,2
799.3,0.06656,3.83581,7.53788,2
799.4,0.06656,3.83586,7.53788,2
799.5,0.06656,3.8359,7.53788,2
799.6,0.06656,3.83595,7.53788,2
799.7,0.06656,3.836,7.53788,2
799.8,0.06656,3.83605,7.53788,2
799.9,0.06656,3.8361,7.53788,2
800,0.06656,3.83615,7.53788,2
800.1,0.06656,3.8362,7.53788,2
800.2,0.06656,3.83624,7.53788,2
800.3,0.06656,3.83629,7.53788,2
800.4,0.06656,3.83634,7.53788,2
800.5,0.06656,3.83639,7.53788,2
800.6,0.06656,3.83644,7.53788,2
800.7,0.06656,3.83649,7.53788,2
800.8,0.06656,3.83654,7.53788,2
800.9,0.06656,3.83659,7.53788,2
801,0.06656,3.83664,7.53788,2
801.1,0.06656,3.83669,7.53788,2
801.2,0.06656,3.83674,7.53788,2
801.3,0.06656,3.83679,7.53788,2
801.4,0.06656,3.83684,7.53788,2
801.5,0.06656,3.83688,7.53788,2
801.6,0.06656,3.83693,7.53788,2
801.7,0.06656,3.83698,7.53788,2
801.8,0.06656,3.83703,7.53788,2
801.9,0.06656,3.83708,7.53788,2
802,0.06656,3.83712,7.53788,2
802.1,0.06656,3.83717,7.53788,2
802.2,0.06656,3.83722,7.53788,2
802.3,0.06656,3.83727,7.53788,2
802.4,0.06656,3.83732,7.53788,2
802.5,0.06656,3.83736,7.53788,2
802.6,0.06656,3.83741,7.53788,2
802.7,0.06656,3.83746,7.53788,2
802.8,0.06656,3.83751,7.53788,2
802.9,0.06656,3.83755,7.53788,2
803,0.06656,3.8376,7.53788,2
803.1,0.06656,3.83765,7.53788,2
803.2,0.06656,3.8377,7.53788,2
803.3,0.06656,3.83774,7.53788,2
803.4,0.06656,3.83779,7.53788,2
803.5,0.06656,3.83784,7.53788,2
803.6,0.06656,3.83788,7.53788,2
803.7,0.06656,3.83793,7.53788,2
803.8,0.06656,3.83797,7.53788,2
803.9,0.06656,3.83802,7.53788,2
804,0.06656,3.83807,7.53788,2
804.1,0.06656,3.83811,7.53788,2
804.2,0.06656,3.83816,7.53788,2
804.3,0.06656,3.8382,7.53788,2
804.4,0.06656,3.83825,7.53788,2
804.5,0.06656,3.8383,7.53788,2
804.6,0.06656,3.83834,7.53788,2
804.7,0.06656,3.83839,7.53788,2
804.8,0.06656,3.83843,7.53788,2
804.9,0.06656,3.83848,7.53787,2
805,0.06656,3.83852,7.53787,2
805.1,0.06656,3.83857,7.53787,2
805.2,0.06656,3.83861,7.53787,2
805.3,0.06656,3.83866,7.53787,2
805.4,0.06656,3.83871,7.53787,2
805.5,0.06656,3.83875,7.53787,2
805.6,0.06656,3.8388,7.53787,2
805.7,0.06656,3.83885,7.53787,2
805.8,0.06656,3.83889,7.53787,2
805.9,0.06656,3.83894,7.53787,2
806,0.06656,3.83899,7.53787,2
806.1,0.06656,3.83904,7.53787,2
806.2,0.06656,3.83908,7.53787,2
806.3,0.06656,3.83913,7.53787,2
806.4,0.06656,3.83918,7.53787,2
806.5,0.06656,3.83923,7.53786,2
806.6,0.06656,3.83928,7.53786,2
806.7,0.06656,3.83933,7.53786,2
806.8,0.06656,3.83937,7.53786,2
806.9,0.06656,3.83942,7.53786,2
807,0.06656,3.83947,7.53786,2
807.1,0.06656,3.83952,7.53786,2
807.2,0.06656,3.83957,7.53786,2
807.3,0.06656,3.83962,7.53786,2
807.4,0.06656,3.83967,7.53786,2
807.5,0.06656,3.83972,7.53786,2
807.6,0.06656,3.83977,7.53786,2
807.7,0.06656,3.83982,7.53786,2
807.8,0.06656,3.83987,7.53786,2
807.9,0.06656,3.83992,7.53786,2
808,0.06656,3.83997,7.53786,2
808.1,0.06656,3.84002,7.53786,2
808.2,0.06656,3.84007,7.53786,2
808.3,0.06656,3.84012,7.53786,2
808.4,0.06656,3.84017,7.53786,2
808.5,0.06656,3.84022,7.53786,2
808.6,0.06656,3.84027,7.53786,2
808.7,0.06657,3.84032,7.53786,2
808.8,0.06657,3.84037,7.53786,2
808.9,0.06657,3.84042,7.53786,2
809,0.06657,3.84047,7.53786,2
809.1,0.06657,3.84052,7.53786,2
809.2,0.06657,3.84058,7.53786,2
809.3,0.06657,3.84063,7.53786,2
809.4,0.06657,3.84068,7.53786,2
809.5,0.06657,3.84073,7.53786,2
809.6,0.06657,3.84078,7.53786,2
809.7,0.06657,3.84083,7.53786,2
809.8,0.06657,3.84088,7.53786,2
809.9,0.06657,3.84093,7.53786,2
810,0.06657,3.84098,7.53786,2
810.1,0.06657,3.84103,7.53786,2
810.2,0.06657,3.84108,7.53786,2
810.3,0.06657,3.84113,7.53786,2
810.4,0.06657,3.84118,7.53786,2
810.5,0.06657,3.84123,7.53786,2
810.6,0.06657,3.84129,7.53786,2
810.7,0.06657,3.84134,7.53786,2
810.8,0.06657,3.84139,7.53786,2
810.9,0.06657,3.84144,7.53786,2
811,0.06657,3.84149,7.53786,2
811.1,0.06657,3.84154,7.53786,2
811.2,0.06657,3.84159,7.53786,2
811.3,0.06657,3.84164,7.53786,2
811.4,0.06657,3.84169,7.53786,2
811.5,0.06657,3.84174,7.53786,2
811.6,0.06657,3.84179,7.53786,2
811.7,0.06657,3.84184,7.53786,2
811.8,0.06657,3.84189,7.53786,2
811.9,0.06657,3.84194,7.53786,2
812,0.06657,3.84199,7.53786,2
812.1,0.06657,3.84204,7.53786,2
812.2,0.06657,3.84208,7.53786,2
812.3,0.06657,3.84213,7.53786,2
812.4,0.06657,3.84218,7.53786,2
812.5,0.06657,3.84223,7.53786,2
812.6,0.06657,3.84228,7.53786,2
812.7,0.06657,3.84233,7.53786,2
812.8,0.06657,3.84238,7.53786,2
812.9,0.06657,3.84243,7.53786,2
813,0.06657,3.84248,7.53786,2
813.1,0.06657,3.84253,7.53786,2
813.2,0.06658,3.84258,7.53786,2
813.3,0.06658,3.84263,7.53786,2
813.4,0.06658,3.84268,7.53786,2
813.5,0.06658,3.84273,7.53786,2
813.6,0.06658,3.84278,7.53786,2
813.7,0.06658,3.84282,7.53786,2
813.8,0.06658,3.84287,7.53786,2
813.9,0.06658,3.84292,7.53786,2
814,0.06658,3.84297,7.53786,2
814.1,0.06658,3.84302,7.53786,2
814.2,0.06658,3.84307,7.53786,2
814.3,0.06658,3.84312,7.53786,2
814.4,0.06658,3.84316,7.53786,2
814.5,0.06658,3.84321,7.53786,2
814.6,0.06658,3.84326,7.53786,2
814.7,0.06658,3.84331,7.53786,2
814.8,0.06658,3.84335,7.53786,2
814.9,0.06658,3.8434,7.53786,2
815,0.06658,3.84345,7.53786,2
815.1,0.06658,3.8435,7.53786,2
815.2,0.06658,3.84354,7.53786,2
815.3,0.06658,3.84359,7.53786,2
815.4,0.06658,3.84363,7.53785,2
815.5,0.06658,3.84368,7.53785,2
815.6,0.06658,3.84373,7.53785,2
815.7,0.06658,3.84378,7.53785,2
815.8,0.06658,3.84382,7.53785,2
815.9,0.06658,3.84387,7.53785,2
816,0.06658,3.84391,7.53785,2
816.1,0.06658,3.84396,7.53785,2
816.2,0.06658,3.844,7.53785,2
816.3,0.06658,3.84405,7.53785,2
816.4,0.06658,3.8441,7.53785,2
816.5,0.06658,3.84414,7.53785,2
816.6,0.06659,3.84418,7.53785,2
816.7,0.06659,3.84423,7.53785,2
816.8,0.06659,3.84427,7.53785,2
816.9,0.06659,3.84432,7.53785,2
817,0.06659,3.84436,7.53785,2
817.1,0.06659,3.8444,7.53785,2
817.2,0.06659,3.84445,7.53785,2
817.3,0.06659,3.84449,7.53785,2
817.4,0.06659,3.84453,7.53785,2
817.5,0.06659,3.84457,7.53785,2
817.6,0.06659,3.84461,7.53785,2
817.7,0.06659,3.84465,7.53785,2
817.8,0.06659,3.84469,7.53785,2
817.9,0.06659,3.84474,7.53785,2
818,0.06659,3.84478,7.53785,2
818.1,0.06659,3.84482,7.53785,2
818.2,0.06659,3.84486,7.53785,2
818.3,0.06659,3.8449,7.53785,2
818.4,0.06659,3.84494,7.53785,2
818.5,0.06659,3.84498,7.53785,2
818.6,0.06659,3.84502,7.53785,2
818.7,0.06659,3.84506,7.53785,2
818.8,0.06659,3.8451,7.53785,2
818.9,0.06659,3.84513,7.53785,2
819,0.06659,3.84517,7.53785,2
819.1,0.06659,3.84521,7.53785,2
819.2,0.06659,3.84525,7.53785,2
819.3,0.06659,3.84529,7.53785,2
819.4,0.06659,3.84533,7.53785,2
819.5,0.06659,3.84537,7.53785,2
819.6,0.06659,3.8454,7.53785,2
819.7,0.0666,3.84544,7.53785,2
819.8,0.0666,3.84548,7.53785,2
819.9,0.0666,3.84552,7.53785,2
820,0.0666,3.84556,7.53785,2
820.1,0.0666,3.8456,7.53784,2
820.2,0.0666,3.84563,7.53784,2
820.3,0.0666,3.84567,7.53784,2
820.4,0.0666,3.84571,7.53784,2
820.5,0.0666,3.84575,7.53784,2
820.6,0.0666,3.84579,7.53784,2
820.7,0.0666,3.84583,7.53784,2
820.8,0.0666,3.84587,7.53784,2
820.9,0.0666,3.84591,7.53784,2
821,0.0666,3.84595,7.53784,2
821.1,0.0666,3.84599,7.53784,2
821.2,0.0666,3.84603,7.53784,2
821.3,0.0666,3.84607,7.53784,2
821.4,0.0666,3.8461,7.53784,2
821.5,0.0666,3.84614,7.53784,2
821.6,0.0666,3.84618,7.53784,2
821.7,0.0666,3.84621,7.53784,2
821.8,0.0666,3.84625,7.53784,2
821.9,0.0666,3.84628,7.53784,2
822,0.06661,3.84632,7.53784,2
822.1,0.06661,3.84635,7.53784,2
822.2,0.06661,3.84639,7.53784,2
822.3,0.06661,3.84642,7.53784,2
822.4,0.06661,3.84646,7.53784,2
822.5,0.06661,3.84649,7.53784,2
822.6,0.06661,3.84653,7.53784,2
822.7,0.06661,3.84656,7.53784,2
822.8,0.06661,3.8466,7.53784,2
822.9,0.06661,3.84663,7.53784,2
823,0.06661,3.84667,7.53784,2
823.1,0.06661,3.8467,7.53784,2
823.2,0.06661,3.84673,7.53784,2
823.3,0.06661,3.84677,7.53783,2
823.4,0.06661,3.8468,7.53783,2
823.5,0.06661,3.84683,7.53783,2
823.6,0.06661,3.84687,7.53783,2
823.7,0.06661,3.8469,7.53783,2
823.8,0.06661,3.84693,7.53783,2
823.9,0.06661,3.84696,7.53783,2
824,0.06661,3.84699,7.53783,2
824.1,0.06662,3.84703,7.53783,2
824.2,0.06662,3.84706,7.53783,2
824.3,0.06662,3.84709,7.53783,2
824.4,0.06662,3.84712,7.53783,2
824.5,0.06662,3.84715,7.53783,2
824.6,0.06662,3.84719,7.53783,2
824.7,0.06662,3.84722,7.53783,2
824.8,0.06662,3.84725,7.53783,2
824.9,0.06662,3.84728,7.53783,2
825,0.06662,3.84731,7.53783,2
825.1,0.06662,3.84734,7.53783,2
825.2,0.06662,3.84738,7.53783,2
825.3,0.06662,3.84741,7.53783,2
825.4,0.06662,3.84744,7.53783,2
825.5,0.06662,3.84747,7.53783,2
825.6,0.06662,3.84751,7.53783,2
825.7,0.06662,3.84754,7.53783,2
825.8,0.06662,3.84757,7.53783,2
825.9,0.06662,3.8476,7.53783,2
826,0.06663,3.84763,7.53783,2
826.1,0.06663,3.84767,7.53783,2
826.2,0.06663,3.8477,7.53783,2
826.3,0.06663,3.84773,7.53783,2
826.4,0.06663,3.84776,7.53783,2
826.5,0.06663,3.84779,7.53783,2
826.6,0.06663,3.84783,7.53782,2
826.7,0.06663,3.84786,7.53782,2
826.8,0.06663,3.84789,7.53782,2
826.9,0.06663,3.84792,7.53782,2
827,0.06663,3.84795,7.53782,2
827.1,0.06663,3.84799,7.53782,2
827.2,0.06663,3.84802,7.53782,2
827.3,0.06663,3.84805,7.53782,2
827.4,0.06663,3.84808,7.53782,2
827.5,0.06663,3.84812,7.53782,2
827.6,0.06663,3.84815,7.53782,2
827.7,0.06663,3.84818,7.53782,2
827.8,0.06664,3.84821,7.53782,2
827.9,0.06664,3.84824,7.53782,2
828,0.06664,3.84827,7.53782,2
828.1,0.06664,3.8483,7.53782,2
828.2,0.06664,3.84834,7.53782,2
828.3,0.06664,3.84837,7.53782,2
828.4,0.06664,3.8484,7.53782,2
828.5,0.06664,3.84843,7.53782,2
828.6,0.06664,3.84847,7.53782,2
828.7,0.06664,3.8485,7.53782,2
828.8,0.06664,3.84853,7.53782,2
828.9,0.06664,3.84856,7.53782,2
829,0.06664,3.84859,7.53782,2
829.1,0.06664,3.84863,7.53782,2
829.2,0.06664,3.84866,7.53781,2
829.3,0.06664,3.84869,7.53781,2
829.4,0.06664,3.84872,7.53781,2
829.5,0.06664,3.84875,7.53781,2
829.6,0.06665,3.84878,7.53781,2
829.7,0.06665,3.84881,7.53781,2
829.8,0.06665,3.84883,7.53781,2
829.9,0.06665,3.84886,7.53781,2
830,0.06665,3.84889,7.53781,2
830.1,0.06665,3.84892,7.53781,2
830.2,0.06665,3.84894,7.53781,2
830.3,0.06665,3.84897,7.53781,2
830.4,0.06665,3.849,7.53781,2
830.5,0.06665,3.84902,7.53781,2
830.6,0.06665,3.84904,7.53781,2
830.7,0.06665,3.84907,7.53781,2
830.8,0.06665,3.84909,7.53781,2
830.9,0.06665,3.84912,7.53781,2
831,0.06665,3.84914,7.53781,2
831.1,0.06665,3.84917,7.53781,2
831.2,0.06665,3.84919,7.5378,2
831.3,0.06665,3.84921,7.5378,2
831.4,0.06665,3.84923,7.5378,2
831.5,0.06666,3.84926,7.5378,2
831.6,0.06666,3.84928,7.5378,2
831.7,0.06666,3.8493,7.5378,2
831.8,0.06666,3.84932,7.5378,2
831.9,0.06666,3.84934,7.5378,2
832,0.06666,3.84936,7.5378,2
832.1,0.06666,3.84937,7.5378,2
832.2,0.06666,3.84939,7.5378,2
832.3,0.06666,3.84941,7.5378,2
832.4,0.06666,3.84943,7.5378,2
832.5,0.06666,3.84945,7.5378,2
832.6,0.06666,3.84946,7.5378,2
832.7,0.06666,3.84948,7.5378,2
832.8,0.06666,3.8495,7.5378,2
832.9,0.06666,3.84951,7.5378,2
833,0.06666,3.84953,7.5378,2
833.1,0.06666,3.84954,7.5378,2
833.2,0.06666,3.84956,7.5378,2
833.3,0.06666,3.84957,7.5378,2
833.4,0.06666,3.84959,7.53779,2
833.5,0.06666,3.8496,7.53779,2
833.6,0.06667,3.84962,7.53779,2
833.7,0.06667,3.84963,7.53779,2
833.8,0.06667,3.84964,7.53779,2
833.9,0.06667,3.84966,7.53779,2
834,0.06667,3.84967,7.53779,2
834.1,0.06667,3.84968,7.53779,2
834.2,0.06667,3.8497,7.53779,2
834.3,0.06667,3.84971,7.53779,2
834.4,0.06667,3.84972,7.53779,2
834.5,0.06667,3.84974,7.53779,2
834.6,0.06667,3.84975,7.53779,2
834.7,0.06667,3.84976,7.53779,2
834.8,0.06667,3.84978,7.53779,2
834.9,0.06667,3.84979,7.53779,2
835,0.06667,3.8498,7.53779,2
835.1,0.06667,3.84981,7.53779,2
835.2,0.06667,3.84982,7.53779,2
835.3,0.06667,3.84983,7.53778,2
835.4,0.06667,3.84984,7.53778,2
835.5,0.06668,3.84985,7.53778,2
835.6,0.06668,3.84986,7.53778,2
835.7,0.06668,3.84987,7.53778,2
835.8,0.06668,3.84988,7.53778,2
835.9,0.06668,3.84988,7.53778,2
836,0.06668,3.84989,7.53778,2
836.1,0.06668,3.8499,7.53778,2
836.2,0.06668,3.84991,7.53778,2
836.3,0.06668,3.84991,7.53778,2
836.4,0.06668,3.84992,7.53778,2
836.5,0.06668,3.84993,7.53778,2
836.6,0.06668,3.84993,7.53778,2
836.7,0.06668,3.84994,7.53778,2
836.8,0.06668,3.84995,7.53778,2
836.9,0.06668,3.84996,7.53777,2
837,0.06668,3.84996,7.53777,2
837.1,0.06668,3.84997,7.53777,2
837.2,0.06668,3.84998,7.53777,2
837.3,0.06668,3.84998,7.53777,2
837.4,0.06669,3.84999,7.53777,2
837.5,0.06669,3.84999,7.53777,2
837.6,0.06669,3.85,7.53777,2
837.7,0.06669,3.85001,7.53777,2
837.8,0.06669,3.85001,7.53777,2
837.9,0.06669,3.85002,7.53777,2
838,0.06669,3.85003,7.53777,2
838.1,0.06669,3.85003,7.53777,2
838.2,0.06669,3.85004,7.53777,2
838.3,0.06669,3.85005,7.53777,2
838.4,0.06669,3.85005,7.53777,2
838.5,0.06669,3.85006,7.53777,2
838.6,0.06669,3.85006,7.53776,2
838.7,0.06669,3.85007,7.53776,2
838.8,0.06669,3.85007,7.53776,2
838.9,0.06669,3.85008,7.53776,2
839,0.06669,3.85009,7.53776,2
839.1,0.0667,3.85009,7.53776,2
839.2,0.0667,3.8501,7.53776,2
839.3,0.0667,3.8501,7.53776,2
839.4,0.0667,3.85011,7.53776,2
839.5,0.0667,3.85011,7.53776,2
839.6,0.0667,3.85011,7.53776,2
839.7,0.0667,3.85012,7.53776,2
839.8,0.0667,3.85013,7.53776,2
839.9,0.0667,3.85013,7.53776,2
840,0.0667,3.85014,7.53776,2
840.1,0.0667,3.85015,7.53776,2
840.2,0.0667,3.85015,7.53776,2
840.3,0.0667,3.85016,7.53776,2
840.4,0.0667,3.85017,7.53775,2
840.5,0.06671,3.85017,7.53775,2
840.6,0.06671,3.85018,7.53775,2
840.7,0.06671,3.85018,7.53775,2
840.8,0.06671,3.85019,7.53775,2
840.9,0.06671,3.85019,7.53775,2
841,0.06671,3.8502,7.53775,2
841.1,0.06671,3.8502,7.53775,2
841.2,0.06671,3.85021,7.53775,2
841.3,0.06671,3.85021,7.53775,2
841.4,0.06671,3.85021,7.53775,2
841.5,0.06671,3.85021,7.53775,2
841.6,0.06671,3.85021,7.53775,2
841.7,0.06671,3.85021,7.53775,2
841.8,0.06671,3.85021,7.53775,2
841.9,0.06672,3.85022,7.53775,2
842,0.06672,3.85022,7.53774,2
842.1,0.06672,3.85022,7.53774,2
842.2,0.06672,3.85021,7.53774,2
842.3,0.06672,3.85021,7.53774,2
842.4,0.06672,3.85021,7.53774,2
842.5,0.06672,3.85021,7.53774,2
842.6,0.06672,3.85021,7.53774,2
842.7,0.06672,3.85021,7.53774,2
842.8,0.06672,3.85021,7.53774,2
842.9,0.06672,3.85021,7.53774,2
843,0.06672,3.85021,7.53774,2
843.1,0.06672,3.85021,7.53774,2
843.2,0.06673,3.85021,7.53774,2
843.3,0.06673,3.85021,7.53774,2
843.4,0.06673,3.85021,7.53774,2
843.5,0.06673,3.85021,7.53774,2
843.6,0.06673,3.85021,7.53774,2
843.7,0.06673,3.8502,7.53773,2
843.8,0.06673,3.8502,7.53773,2
843.9,0.06673,3.8502,7.53773,2
844,0.06673,3.8502,7.53773,2
844.1,0.06673,3.8502,7.53773,2
844.2,0.06673,3.85019,7.53773,2
844.3,0.06673,3.85019,7.53773,2
844.4,0.06673,3.85018,7.53773,2
844.5,0.06674,3.85018,7.53773,2
844.6,0.06674,3.85017,7.53773,2
844.7,0.06674,3.85017,7.53773,2
844.8,0.06674,3.85016,7.53773,2
844.9,0.06674,3.85016,7.53773,2
845,0.06674,3.85015,7.53773,2
845.1,0.06674,3.85015,7.53772,2
845.2,0.06674,3.85014,7.53772,2
845.3,0.06674,3.85013,7.53772,2
845.4,0.06674,3.85013,7.53772,2
845.5,0.06674,3.85012,7.53772,2
845.6,0.06674,3.85011,7.53772,2
845.7,0.06675,3.85011,7.53772,2
845.8,0.06675,3.8501,7.53772,2
845.9,0.06675,3.85009,7.53772,2
846,0.06675,3.85009,7.53772,2
846.1,0.06675,3.85008,7.53772,2
846.2,0.06675,3.85007,7.53772,2
846.3,0.06675,3.85007,7.53772,2
846.4,0.06675,3.85006,7.53772,2
846.5,0.06675,3.85005,7.53772,2
846.6,0.06675,3.85004,7.53772,2
846.7,0.06675,3.85003,7.53772,2
846.8,0.06676,3.85002,7.53772,2
846.9,0.06676,3.85001,7.53772,2
847,0.06676,3.85,7.53771,2
847.1,0.06676,3.84998,7.53771,2
847.2,0.06676,3.84997,7.53771,2
847.3,0.06676,3.84996,7.53771,2
847.4,0.06676,3.84994,7.53771,2
847.5,0.06676,3.84993,7.53771,2
847.6,0.06676,3.84992,7.53771,2
847.7,0.06676,3.8499,7.53771,2
847.8,0.06676,3.84989,7.53771,2
847.9,0.06676,3.84987,7.53771,2
848,0.06676,3.84986,7.53771,2
848.1,0.06676,3.84984,7.53771,2
848.2,0.06676,3.84982,7.53771,2
848.3,0.06676,3.84981,7.53771,2
848.4,0.06677,3.84979,7.5377,2
848.5,0.06677,3.84977,7.5377,2
848.6,0.06677,3.84975,7.5377,2
848.7,0.06677,3.84973,7.5377,2
848.8,0.06677,3.84971,7.5377,2
848.9,0.06677,3.84969,7.5377,2
849,0.06677,3.84967,7.5377,2
849.1,0.06677,3.84965,7.5377,2
849.2,0.06677,3.84963,7.5377,2
849.3,0.06677,3.84961,7.5377,2
849.4,0.06677,3.84959,7.5377,2
849.5,0.06677,3.84957,7.5377,2
849.6,0.06677,3.84955,7.5377,2
849.7,0.06678,3.84952,7.53769,2
849.8,0.06678,3.84951,7.53769,2
849.9,0.06678,3.84949,7.53769,2
850,0.06678,3.84947,7.53769,2
850.1,0.06678,3.84945,7.53769,2
850.2,0.06678,3.84942,7.53769,2
850.3,0.06678,3.8494,7.53769,2
850.4,0.06678,3.84937,7.53769,2
850.5,0.06678,3.84935,7.53769,2
850.6,0.06678,3.84933,7.53769,2
850.7,0.06678,3.8493,7.53769,2
850.8,0.06678,3.84928,7.53769,2
850.9,0.06678,3.84925,7.53768,2
851,0.06678,3.84922,7.53768,2
851.1,0.06679,3.84919,7.53768,2
851.2,0.06679,3.84916,7.53768,2
851.3,0.06679,3.84913,7.53768,2
851.4,0.06679,3.8491,7.53768,2
851.5,0.06679,3.84907,7.53768,2
851.6,0.06679,3.84904,7.53768,2
851.7,0.06679,3.84902,7.53768,2
851.8,0.06679,3.84898,7.53768,2
851.9,0.06679,3.84895,7.53768,2
852,0.06679,3.84892,7.53768,2
852.1,0.06679,3.84889,7.53768,2
852.2,0.06679,3.84886,7.53767,2
852.3,0.06679,3.84883,7.53767,2
852.4,0.0668,3.8488,7.53767,2
852.5,0.0668,3.84877,7.53767,2
852.6,0.0668,3.84874,7.53767,2
852.7,0.0668,3.8487,7.53767,2
852.8,0.0668,3.84867,7.53767,2
852.9,0.0668,3.84864,7.53767,2
853,0.0668,3.84861,7.53767,2
853.1,0.0668,3.84858,7.53767,2
853.2,0.0668,3.84855,7.53767,2
853.3,0.0668,3.84851,7.53766,2
853.4,0.0668,3.84848,7.53766,2
853.5,0.0668,3.84845,7.53766,2
853.6,0.0668,3.84841,7.53766,2
853.7,0.06681,3.84838,7.53766,2
853.8,0.06681,3.84835,7.53766,2
853.9,0.06681,3.84831,7.53766,2
854,0.06681,3.84828,7.53766,2
854.1,0.06681,3.84824,7.53766,2
854.2,0.06681,3.84821,7.53766,2
854.3,0.06681,3.84817,7.53766,2
854.4,0.06681,3.84814,7.53766,2
854.5,0.06681,3.8481,7.53766,2
854.6,0.06681,3.84806,7.53766,2
854.7,0.06681,3.84803,7.53765,2
854.8,0.06681,3.84799,7.53765,2
854.9,0.06681,3.84795,7.53765,2
855,0.06681,3.84791,7.53765,2
855.1,0.06681,3.84787,7.53765,2
855.2,0.06682,3.84783,7.53765,2
855.3,0.06682,3.84779,7.53765,2
855.4,0.06682,3.84775,7.53765,2
855.5,0.06682,3.84771,7.53765,2
855.6,0.06682,3.84767,7.53765,2
855.7,0.06682,3.84763,7.53765,2
855.8,0.06682,3.84759,7.53764,2
855.9,0.06682,3.84754,7.53764,2
856,0.06682,3.8475,7.53764,2
856.1,0.06682,3.84745,7.53764,2
856.2,0.06682,3.84741,7.53764,2
856.3,0.06682,3.84736,7.53764,2
856.4,0.06682,3.84732,7.53764,2
856.5,0.06682,3.84727,7.53764,2
856.6,0.06682,3.84723,7.53764,2
856.7,0.06682,3.84718,7.53764,2
856.8,0.06683,3.84714,7.53764,2
856.9,0.06683,3.84709,7.53764,2
857,0.06683,3.84705,7.53764,2
857.1,0.06683,3.847,7.53764,2
857.2,0.06683,3.84695,7.53763,2
857.3,0.06683,3.84691,7.53763,2
857.4,0.06683,3.84686,7.53763,2
857.5,0.06683,3.84682,7.53763,2
857.6,0.06683,3.84677,7.53763,2
857.7,0.06683,3.84673,7.53763,2
857.8,0.06683,3.84668,7.53763,2
857.9,0.06683,3.84663,7.53763,2
858,0.06683,3.84659,7.53763,2
858.1,0.06683,3.84654,7.53763,2
858.2,0.06683,3.8465,7.53763,2
858.3,0.06683,3.84645,7.53763,2
858.4,0.06684,3.84641,7.53762,2
858.5,0.06684,3.84636,7.53762,2
858.6,0.06684,3.84632,7.53762,2
858.7,0.06684,3.84627,7.53762,2
858.8,0.06684,3.84623,7.53762,2
858.9,0.06684,3.84618,7.53762,2
859,0.06684,3.84613,7.53762,2
859.1,0.06684,3.84609,7.53762,2
859.2,0.06684,3.84604,7.53762,2
859.3,0.06684,3.846,7.53762,2
859.4,0.06684,3.84595,7.53762,2
859.5,0.06684,3.84591,7.53762,2
859.6,0.06684,3.84586,7.53761,2
859.7,0.06684,3.84581,7.53761,2
859.8,0.06684,3.84577,7.53761,2
859.9,0.06684,3.84572,7.53761,2
860,0.06684,3.84567,7.53761,2
860.1,0.06685,3.84563,7.53761,2
860.2,0.06685,3.84558,7.53761,2
860.3,0.06685,3.84554,7.53761,2
860.4,0.06685,3.84549,7.53761,2
860.5,0.06685,3.84544,7.53761,2
860.6,0.06685,3.84539,7.53761,2
860.7,0.06685,3.84535,7.53761,2
860.8,0.06685,3.8453,7.5376,2
860.9,0.06685,3.84525,7.5376,2
861,0.06685,3.8452,7.5376,2
861.1,0.06685,3.84515,7.5376,2
861.2,0.06685,3.8451,7.5376,2
861.3,0.06685,3.84505,7.5376,2
861.4,0.06685,3.845,7.5376,2
861.5,0.06685,3.84495,7.5376,2
861.6,0.06685,3.8449,7.5376,2
861.7,0.06685,3.84486,7.5376,2
861.8,0.06685,3.84481,7.5376,2
861.9,0.06686,3.84476,7.5376,2
862,0.06686,3.84471,7.5376,2
862.1,0.06686,3.84466,7.5376,2
862.2,0.06686,3.84461,7.53759,2
862.3,0.06686,3.84456,7.53759,2
862.4,0.06686,3.84451,7.53759,2
862.5,0.06686,3.84446,7.53759,2
862.6,0.06686,3.84441,7.53759,2
862.7,0.06686,3.84436,7.53759,2
862.8,0.06686,3.84431,7.53759,2
862.9,0.06686,3.84426,7.53759,2
863,0.06686,3.84421,7.53759,2
863.1,0.06686,3.84416,7.53759,2
863.2,0.06686,3.84411,7.53759,2
863.3,0.06686,3.84406,7.53759,2
863.4,0.06686,3.844,7.53759,2
863.5,0.06686,3.84395,7.53758,2
863.6,0.06686,3.8439,7.53758,2
863.7,0.06686,3.84384,7.53758,2
863.8,0.06687,3.84379,7.53758,2
863.9,0.06687,3.84373,7.53758,2
864,0.06687,3.84368,7.53758,2
864.1,0.06687,3.84362,7.53758,2
864.2,0.06687,3.84357,7.53758,2
864.3,0.06687,3.84351,7.53758,2
864.4,0.06687,3.84346,7.53758,2
864.5,0.06687,3.8434,7.53758,2
864.6,0.06687,3.84335,7.53758,2
864.7,0.06687,3.84329,7.53758,2
864.8,0.06687,3.84324,7.53757,2
864.9,0.06687,3.84318,7.53757,2
865,0.06687,3.84313,7.53757,2
865.1,0.06687,3.84307,7.53757,2
865.2,0.06687,3.84302,7.53757,2
865.3,0.06687,3.84296,7.53757,2
865.4,0.06687,3.84291,7.53757,2
865.5,0.06687,3.84285,7.53757,2
865.6,0.06687,3.84279,7.53757,2
865.7,0.06687,3.84273,7.53757,2
865.8,0.06688,3.84268,7.53757,2
865.9,0.06688,3.84262,7.53757,2
866,0.06688,3.84256,7.53757,2
866.1,0.06688,3.84251,7.53757,2
866.2,0.06688,3.84245,7.53757,2
866.3,0.06688,3.84239,7.53757,2
866.4,0.06688,3.84233,7.53756,2
866.5,0.06688,3.84227,7.53756,2
866.6,0.06688,3.84221,7.53756,2
866.7,0.06688,3.84215,7.53756,2
866.8,0.06688,3.84209,7.53756,2
866.9,0.06688,3.84203,7.53756,2
867,0.06688,3.84197,7.53756,2
867.1,0.06688,3.84191,7.53756,2
867.2,0.06688,3.84185,7.53756,2
867.3,0.06688,3.84179,7.53756,2
867.4,0.06688,3.84173,7.53756,2
867.5,0.06688,3.84168,7.53756,2
867.6,0.06688,3.84162,7.53756,2
867.7,0.06688,3.84156,7.53756,2
867.8,0.06688,3.8415,7.53756,2
867.9,0.06688,3.84144,7.53756,2
868,0.06689,3.84138,7.53756,2
868.1,0.06689,3.84132,7.53755,2
868.2,0.06689,3.84126,7.53755,2
868.3,0.06689,3.8412,7.53755,2
868.4,0.06689,3.84114,7.53755,2
868.5,0.06689,3.84108,7.53755,2
868.6,0.06689,3.84102,7.53755,2
868.7,0.06689,3.84096,7.53755,2
868.8,0.06689,3.8409,7.53755,2
868.9,0.06689,3.84083,7.53755,2
869,0.06689,3.84077,7.53755,2
869.1,0.06689,3.84071,7.53755,2
869.2,0.06689,3.84065,7.53755,2
869.3,0.06689,3.84059,7.53755,2
869.4,0.06689,3.84053,7.53755,2
869.5,0.06689,3.84046,7.53755,2
869.6,0.06689,3.8404,7.53755,2
869.7,0.06689,3.84034,7.53755,2
869.8,0.06689,3.84028,7.53754,2
869.9,0.06689,3.84022,7.53754,2
870,0.06689,3.84016,7.53754,2
870.1,0.06689,3.84009,7.53754,2
870.2,0.06689,3.84003,7.53754,2
870.3,0.0669,3.83997,7.53754,2
870.4,0.0669,3.83991,7.53754,2
870.5,0.0669,3.83984,7.53754,2
870.6,0.0669,3.83978,7.53754,2
870.7,0.0669,3.83972,7.53754,2
870.8,0.0669,3.83965,7.53754,2
870.9,0.0669,3.83959,7.53754,2
871,0.0669,3.83952,7.53754,2
871.1,0.0669,3.83946,7.53754,2
871.2,0.0669,3.83939,7.53754,2
871.3,0.0669,3.83933,7.53754,2
871.4,0.0669,3.83926,7.53754,2
871.5,0.0669,3.83919,7.53754,2
871.6,0.0669,3.83913,7.53754,2
871.7,0.0669,3.83906,7.53753,2
871.8,0.0669,3.839,7.53753,2
871.9,0.0669,3.83893,7.53753,2
872,0.0669,3.83887,7.53753,2
872.1,0.0669,3.8388,7.53753,2
872.2,0.0669,3.83873,7.53753,2
872.3,0.0669,3.83867,7.53753,2
872.4,0.0669,3.8386,7.53753,2
872.5,0.0669,3.83853,7.53753,2
872.6,0.06691,3.83847,7.53753,2
872.7,0.06691,3.8384,7.53753,2
872.8,0.06691,3.83833,7.53753,2
872.9,0.06691,3.83827,7.53753,2
873,0.06691,3.8382,7.53753,2
873.1,0.06691,3.83814,7.53753,2
873.2,0.06691,3.83807,7.53753,2
873.3,0.06691,3.838,7.53753,2
873.4,0.06691,3.83794,7.53753,2
873.5,0.06691,3.83787,7.53753,2
873.6,0.06691,3.83781,7.53753,2
873.7,0.06691,3.83775,7.53753,2
873.8,0.06691,3.83768,7.53752,2
873.9,0.06691,3.83762,7.53752,2
874,0.06691,3.83755,7.53752,2
874.1,0.06691,3.83749,7.53752,2
874.2,0.06691,3.83742,7.53752,2
874.3,0.06691,3.83736,7.53752,2
874.4,0.06691,3.83729,7.53752,2
874.5,0.06691,3.83723,7.53752,2
874.6,0.06691,3.83716,7.53752,2
874.7,0.06691,3.8371,7.53752,2
874.8,0.06691,3.83703,7.53752,2
874.9,0.06692,3.83697,7.53752,2
875,0.06692,3.8369,7.53752,2
875.1,0.06692,3.83683,7.53752,2
875.2,0.06692,3.83677,7.53752,2
875.3,0.06692,3.8367,7.53752,2
875.4,0.06692,3.83664,7.53752,2
875.5,0.06692,3.83657,7.53752,2
875.6,0.06692,3.8365,7.53752,2
875.7,0.06692,3.83644,7.53752,2
875.8,0.06692,3.83637,7.53752,2
875.9,0.06692,3.8363,7.53752,2
876,0.06692,3.83623,7.53752,2
876.1,0.06692,3.83616,7.53752,2
876.2,0.06692,3.83609,7.53752,2
876.3,0.06692,3.83603,7.53752,2
876.4,0.06692,3.83596,7.53752,2
876.5,0.06692,3.83589,7.53752,2
876.6,0.06692,3.83582,7.53752,2
876.7,0.06692,3.83576,7.53752,2
876.8,0.06692,3.83569,7.53752,2
876.9,0.06693,3.83562,7.53752,2
877,0.06693,3.83556,7.53752,2
877.1,0.06693,3.83549,7.53751,2
877.2,0.06693,3.83542,7.53751,2
877.3,0.06693,3.83535,7.53751,2
877.4,0.06693,3.83529,7.53751,2
877.5,0.06693,3.83522,7.53751,2
877.6,0.06693,3.83515,7.53751,2
877.7,0.06693,3.83508,7.53751,2
877.8,0.06693,3.83501,7.53751,2
877.9,0.06693,3.83495,7.53751,2
878,0.06693,3.83488,7.53751,2
878.1,0.06693,3.83481,7.53751,2
878.2,0.06693,3.83474,7.53751,2
878.3,0.06693,3.83467,7.53751,2
878.4,0.06693,3.8346,7.53751,2
878.5,0.06693,3.83454,7.53751,2
878.6,0.06693,3.83447,7.53751,2
878.7,0.06693,3.8344,7.53751,2
878.8,0.06694,3.83433,7.53751,2
878.9,0.06694,3.83426,7.53751,2
879,0.06694,3.83419,7.53751,2
879.1,0.06694,3.83412,7.53751,2
879.2,0.06694,3.83405,7.53751,2
879.3,0.06694,3.83398,7.53751,2
879.4,0.06694,3.83391,7.53751,2
879.5,0.06694,3.83384,7.53751,2
879.6,0.06694,3.83377,7.53751,2
879.7,0.06694,3.83369,7.53751,2
879.8,0.06694,3.83362,7.53751,2
879.9,0.06694,3.83355,7.53751,2
880,0.06694,3.83348,7.53751,2
880.1,0.06694,3.83341,7.53751,2
880.2,0.06694,3.83334,7.53751,2
880.3,0.06694,3.83326,7.53751,2
880.4,0.06694,3.83319,7.53751,2
880.5,0.06694,3.83312,7.53751,2
880.6,0.06694,3.83305,7.53751,2
880.7,0.06694,3.83298,7.53751,2
880.8,0.06695,3.83291,7.53751,2
880.9,0.06695,3.83283,7.53751,2
881,0.06695,3.83276,7.53751,2
881.1,0.06695,3.83269,7.53751,2
881.2,0.06695,3.83262,7.53751,2
881.3,0.06695,3.83255,7.53751,2
881.4,0.06695,3.83248,7.53751,2
881.5,0.06695,3.83241,7.53751,2
881.6,0.06695,3.83233,7.53751,2
881.7,0.06695,3.83226,7.53751,2
881.8,0.06695,3.83219,7.53751,2
881.9,0.06695,3.83212,7.53751,2
882,0.06695,3.83205,7.53751,2
882.1,0.06695,3.83198,7.53751,2
882.2,0.06695,3.83191,7.53751,2
882.3,0.06695,3.83184,7.53751,2
882.4,0.06695,3.83177,7.53751,2
882.5,0.06695,3.8317,7.53751,2
882.6,0.06695,3.83163,7.5375,2
882.7,0.06695,3.83156,7.5375,2
882.8,0.06696,3.83149,7.5375,2
882.9,0.06696,3.83142,7.5375,2
883,0.06696,3.83135,7.5375,2
883.1,0.06696,3.83128,7.5375,2
883.2,0.06696,3.83121,7.5375,2
883.3,0.06696,3.83114,7.5375,2
883.4,0.06696,3.83107,7.5375,2
883.5,0.06696,3.831,7.5375,2
883.6,0.06696,3.83094,7.5375,2
883.7,0.06696,3.83087,7.5375,2
883.8,0.06696,3.8308,7.5375,2
883.9,0.06696,3.83073,7.5375,2
884,0.06696,3.83066,7.5375,2
884.1,0.06696,3.83059,7.5375,2
884.2,0.06696,3.83052,7.5375,2
884.3,0.06696,3.83045,7.5375,2
884.4,0.06696,3.83038,7.5375,2
884.5,0.06696,3.83031,7.5375,2
884.6,0.06696,3.83023,7.5375,2
884.7,0.06697,3.83016,7.5375,2
884.8,0.06697,3.83009,7.5375,2
884.9,0.06697,3.83002,7.5375,2
885,0.06697,3.82995,7.5375,2
885.1,0.06697,3.82988,7.5375,2
885.2,0.06697,3.82981,7.5375,2
885.3,0.06697,3.82974,7.5375,2
885.4,0.06697,3.82967,7.5375,2
885.5,0.06697,3.8296,7.5375,2
885.6,0.06697,3.82953,7.5375,2
885.7,0.06697,3.82946,7.5375,2
885.8,0.06697,3.82939,7.5375,2
885.9,0.06697,3.82932,7.5375,2
886,0.06697,3.82925,7.5375,2
886.1,0.06698,3.82918,7.5375,2
886.2,0.06698,3.82911,7.5375,2
886.3,0.06698,3.82904,7.5375,2
886.4,0.06698,3.82897,7.5375,2
886.5,0.06698,3.8289,7.5375,2
886.6,0.06698,3.82883,7.5375,2
886.7,0.06698,3.82876,7.5375,2
886.8,0.06698,3.82869,7.5375,2
886.9,0.06698,3.82862,7.5375,2
887,0.06698,3.82855,7.5375,2
887.1,0.06698,3.82848,7.5375,2
887.2,0.06698,3.82841,7.5375,2
887.3,0.06698,3.82834,7.5375,2
887.4,0.06698,3.82827,7.5375,2
887.5,0.06698,3.8282,7.5375,2
887.6,0.06698,3.82813,7.5375,2
887.7,0.06699,3.82806,7.5375,2
887.8,0.06699,3.82799,7.5375,2
887.9,0.06699,3.82792,7.5375,2
888,0.06699,3.82785,7.5375,2
888.1,0.06699,3.82777,7.5375,2
888.2,0.06699,3.8277,7.5375,2
888.3,0.06699,3.82763,7.5375,2
888.4,0.06699,3.82755,7.5375,2
888.5,0.06699,3.82748,7.5375,2
888.6,0.06699,3.82741,7.5375,2
888.7,0.06699,3.82733,7.5375,2
888.8,0.06699,3.82726,7.5375,2
888.9,0.06699,3.82719,7.5375,2
889,0.06699,3.82712,7.5375,2
889.1,0.06699,3.82705,7.5375,2
889.2,0.06699,3.82698,7.5375,2
889.3,0.067,3.82691,7.5375,2
889.4,0.067,3.82684,7.5375,2
889.5,0.067,3.82676,7.5375,2
889.6,0.067,3.82669,7.5375,2
889.7,0.067,3.82662,7.5375,2
889.8,0.067,3.82655,7.5375,2
889.9,0.067,3.82648,7.5375,2
890,0.067,3.82641,7.5375,2
890.1,0.067,3.82635,7.5375,2
890.2,0.067,3.82628,7.5375,2
890.3,0.067,3.82621,7.5375,2
890.4,0.067,3.82614,7.5375,2
890.5,0.067,3.82607,7.5375,2
890.6,0.067,3.826,7.5375,2
890.7,0.067,3.82593,7.5375,2
890.8,0.06701,3.82586,7.5375,2
890.9,0.06701,3.82579,7.5375,2
891,0.06701,3.82573,7.5375,2
891.1,0.06701,3.82566,7.5375,2
891.2,0.06701,3.82559,7.5375,2
891.3,0.06701,3.82552,7.5375,2
891.4,0.06701,3.82545,7.5375,2
891.5,0.06701,3.82539,7.5375,2
891.6,0.06701,3.82532,7.5375,2
891.7,0.06701,3.82526,7.5375,2
891.8,0.06701,3.82519,7.5375,2
891.9,0.06701,3.82513,7.5375,2
892,0.06701,3.82506,7.5375,2
892.1,0.06701,3.825,7.5375,2
892.2,0.06701,3.82493,7.5375,2
892.3,0.06702,3.82487,7.5375,2
892.4,0.06702,3.82481,7.5375,2
892.5,0.06702,3.82474,7.5375,2
892.6,0.06702,3.82468,7.5375,2
892.7,0.06702,3.82461,7.5375,2
892.8,0.06702,3.82455,7.5375,2
892.9,0.06702,3.82448,7.5375,2
893,0.06702,3.82442,7.5375,2
893.1,0.06702,3.82436,7.5375,2
893.2,0.06702,3.82429,7.5375,2
893.3,0.06702,3.82423,7.5375,2
893.4,0.06702,3.82417,7.5375,2
893.5,0.06702,3.82411,7.5375,2
893.6,0.06702,3.82404,7.5375,2
893.7,0.06702,3.82398,7.5375,2
893.8,0.06703,3.82392,7.5375,2
893.9,0.06703,3.82385,7.5375,2
894,0.06703,3.82379,7.5375,2
894.1,0.06703,3.82373,7.5375,2
894.2,0.06703,3.82366,7.5375,2
894.3,0.06703,3.8236,7.5375,2
894.4,0.06703,3.82354,7.5375,2
894.5,0.06703,3.82347,7.5375,2
894.6,0.06703,3.82341,7.5375,2
894.7,0.06703,3.82335,7.5375,2
894.8,0.06703,3.82328,7.5375,2
894.9,0.06703,3.82322,7.5375,2
895,0.06703,3.82315,7.5375,2
895.1,0.06703,3.82309,7.5375,2
895.2,0.06703,3.82302,7.5375,2
895.3,0.06704,3.82296,7.5375,2
895.4,0.06704,3.82289,7.5375,2
895.5,0.06704,3.82283,7.5375,2
895.6,0.06704,3.82276,7.5375,2
895.7,0.06704,3.8227,7.5375,2
895.8,0.06704,3.82263,7.5375,2
895.9,0.06704,3.82257,7.5375,2
896,0.06704,3.8225,7.5375,2
896.1,0.06704,3.82244,7.5375,2
896.2,0.06704,3.82238,7.5375,2
896.3,0.06704,3.82232,7.5375,2
896.4,0.06704,3.82225,7.5375,2
896.5,0.06704,3.82219,7.5375,2
896.6,0.06704,3.82213,7.5375,2
896.7,0.06704,3.82207,7.5375,2
896.8,0.06705,3.82201,7.5375,2
896.9,0.06705,3.82195,7.5375,2
897,0.06705,3.82188,7.5375,2
897.1,0.06705,3.82182,7.5375,2
897.2,0.06705,3.82176,7.5375,2
897.3,0.06705,3.8217,7.5375,2
897.4,0.06705,3.82164,7.5375,2
897.5,0.06705,3.82158,7.5375,2
897.6,0.06705,3.82153,7.5375,2
897.7,0.06705,3.82146,7.5375,2
897.8,0.06705,3.82141,7.5375,2
897.9,0.06705,3.82135,7.5375,2
898,0.06705,3.82128,7.5375,2
898.1,0.06706,3.82123,7.5375,2
898.2,0.06706,3.82117,7.5375,2
898.3,0.06706,3.82111,7.5375,2
898.4,0.06706,3.82105,7.5375,2
898.5,0.06706,3.82099,7.5375,2
898.6,0.06706,3.82092,7.5375,2
898.7,0.06706,3.82086,7.5375,2
898.8,0.06706,3.8208,7.5375,2
898.9,0.06706,3.82074,7.5375,2
899,0.06706,3.82068,7.5375,2
899.1,0.06706,3.82061,7.5375,2
899.2,0.06706,3.82055,7.5375,2
899.3,0.06707,3.82049,7.5375,2
899.4,0.06707,3.82043,7.5375,2
899.5,0.06707,3.82037,7.5375,2
899.6,0.06707,3.8203,7.5375,2
899.7,0.06707,3.82024,7.5375,2
899.8,0.06707,3.82018,7.5375,2
899.9,0.06707,3.82012,7.5375,2
900,0.06707,3.82006,7.5375,2
900.1,0.06707,3.82,7.5375,2
900.2,0.06707,3.81993,7.5375,2
900.3,0.06707,3.81987,7.5375,2
900.4,0.06708,3.81981,7.5375,2
900.5,0.06708,3.81975,7.5375,2
900.6,0.06708,3.81969,7.5375,2
900.7,0.06708,3.81963,7.5375,2
900.8,0.06708,3.81957,7.5375,2
900.9,0.06708,3.81951,7.5375,2
901,0.06708,3.81945,7.5375,2
901.1,0.06708,3.81939,7.5375,2
901.2,0.06708,3.81932,7.5375,2
901.3,0.06708,3.81926,7.5375,2
901.4,0.06708,3.8192,7.5375,2
901.5,0.06709,3.81914,7.5375,2
901.6,0.06709,3.81908,7.5375,2
901.7,0.06709,3.81902,7.5375,2
901.8,0.06709,3.81896,7.5375,2
901.9,0.06709,3.8189,7.5375,2
902,0.06709,3.81884,7.5375,2
902.1,0.06709,3.81879,7.5375,2
902.2,0.06709,3.81873,7.5375,2
902.3,0.06709,3.81867,7.53751,2
902.4,0.06709,3.81862,7.53751,2
902.5,0.0671,3.81856,7.53751,2
902.6,0.0671,3.8185,7.53751,2
902.7,0.0671,3.81845,7.53751,2
902.8,0.0671,3.8184,7.53751,2
902.9,0.0671,3.81834,7.53751,2
903,0.0671,3.81829,7.53751,2
903.1,0.0671,3.81824,7.53751,2
903.2,0.0671,3.81818,7.53751,2
903.3,0.0671,3.81813,7.53751,2
903.4,0.0671,3.81808,7.53751,2
903.5,0.06711,3.81803,7.53751,2
903.6,0.06711,3.81798,7.53751,2
903.7,0.06711,3.81793,7.53751,2
903.8,0.06711,3.81788,7.53751,2
903.9,0.06711,3.81783,7.53751,2
904,0.06711,3.81778,7.53751,2
904.1,0.06711,3.81773,7.53751,2
904.2,0.06711,3.81768,7.53751,2
904.3,0.06711,3.81764,7.53751,2
904.4,0.06712,3.81759,7.53751,2
904.5,0.06712,3.81754,7.53751,2
904.6,0.06712,3.8175,7.53751,2
904.7,0.06712,3.81745,7.53751,2
904.8,0.06712,3.8174,7.53751,2
904.9,0.06712,3.81736,7.53751,2
905,0.06712,3.81731,7.53751,2
905.1,0.06712,3.81727,7.53751,2
905.2,0.06712,3.81722,7.53751,2
905.3,0.06712,3.81717,7.53751,2
905.4,0.06713,3.81713,7.53751,2
905.5,0.06713,3.81708,7.53751,2
905.6,0.06713,3.81704,7.53751,2
905.7,0.06713,3.81699,7.53751,2
905.8,0.06713,3.81695,7.53751,2
905.9,0.06713,3.81691,7.53751,2
906,0.06713,3.81686,7.53751,2
906.1,0.06713,3.81682,7.53751,2
906.2,0.06713,3.81678,7.53751,2
906.3,0.06713,3.81673,7.53751,2
906.4,0.06714,3.81669,7.53751,2
906.5,0.06714,3.81665,7.53751,2
906.6,0.06714,3.8166,7.53751,2
906.7,0.06714,3.81656,7.53751,2
906.8,0.06714,3.81652,7.53751,2
906.9,0.06714,3.81647,7.53751,2
907,0.06714,3.81643,7.53751,2
907.1,0.06714,3.81638,7.53751,2
907.2,0.06714,3.81634,7.53751,2
907.3,0.06715,3.8163,7.53751,2
907.4,0.06715,3.81626,7.53751,2
907.5,0.06715,3.81622,7.53751,2
907.6,0.06715,3.81617,7.53751,2
907.7,0.06715,3.81613,7.53751,2
907.8,0.06715,3.81609,7.53751,2
907.9,0.06715,3.81605,7.53751,2
908,0.06715,3.81601,7.53752,2
908.1,0.06715,3.81597,7.53752,2
908.2,0.06716,3.81593,7.53752,2
908.3,0.06716,3.81589,7.53752,2
908.4,0.06716,3.81585,7.53752,2
908.5,0.06716,3.81581,7.53752,2
908.6,0.06716,3.81577,7.53752,2
908.7,0.06716,3.81573,7.53752,2
908.8,0.06716,3.81569,7.53752,2
908.9,0.06716,3.81565,7.53752,2
909,0.06716,3.81561,7.53752,2
909.1,0.06717,3.81557,7.53752,2
909.2,0.06717,3.81553,7.53752,2
909.3,0.06717,3.81549,7.53752,2
909.4,0.06717,3.81546,7.53752,2
909.5,0.06717,3.81542,7.53752,2
909.6,0.06717,3.81538,7.53752,2
909.7,0.06717,3.81535,7.53752,2
909.8,0.06717,3.81531,7.53752,2
909.9,0.06717,3.81527,7.53752,2
910,0.06718,3.81524,7.53752,2
910.1,0.06718,3.8152,7.53752,2
910.2,0.06718,3.81516,7.53752,2
910.3,0.06718,3.81513,7.53752,2
910.4,0.06718,3.81509,7.53752,2
910.5,0.06718,3.81506,7.53752,2
910.6,0.06718,3.81502,7.53752,2
910.7,0.06718,3.81499,7.53752,2
910.8,0.06718,3.81495,7.53752,2
910.9,0.06719,3.81492,7.53752,2
911,0.06719,3.81489,7.53752,2
911.1,0.06719,3.81485,7.53752,2
911.2,0.06719,3.81482,7.53752,2
911.3,0.06719,3.81478,7.53752,2
911.4,0.06719,3.81475,7.53752,2
911.5,0.06719,3.81472,7.53752,2
911.6,0.06719,3.81468,7.53752,2
911.7,0.06719,3.81465,7.53753,2
911.8,0.0672,3.81461,7.53753,2
911.9,0.0672,3.81458,7.53753,2
912,0.0672,3.81455,7.53753,2
912.1,0.0672,3.81451,7.53753,2
912.2,0.0672,3.81448,7.53753,2
912.3,0.0672,3.81444,7.53753,2
912.4,0.0672,3.81441,7.53753,2
912.5,0.0672,3.81438,7.53753,2
912.6,0.06721,3.81434,7.53753,2
912.7,0.06721,3.81431,7.53753,2
912.8,0.06721,3.81428,7.53753,2
912.9,0.06721,3.81425,7.53753,2
913,0.06721,3.81422,7.53753,2
913.1,0.06721,3.81418,7.53753,2
913.2,0.06721,3.81415,7.53753,2
913.3,0.06721,3.81412,7.53753,2
913.4,0.06721,3.81409,7.53753,2
913.5,0.06722,3.81406,7.53753,2
913.6,0.06722,3.81403,7.53753,2
913.7,0.06722,3.81399,7.53753,2
913.8,0.06722,3.81396,7.53753,2
913.9,0.06722,3.81393,7.53753,2
914,0.06722,3.8139,7.53753,2
914.1,0.06722,3.81387,7.53753,2
914.2,0.06722,3.81384,7.53753,2
914.3,0.06723,3.81382,7.53753,2
914.4,0.06723,3.81379,7.53753,2
914.5,0.06723,3.81376,7.53753,2
914.6,0.06723,3.81373,7.53754,2
914.7,0.06723,3.8137,7.53754,2
914.8,0.06723,3.81367,7.53754,2
914.9,0.06723,3.81365,7.53754,2
915,0.06723,3.81362,7.53754,2
915.1,0.06723,3.81359,7.53754,2
915.2,0.06724,3.81357,7.53754,2
915.3,0.06724,3.81354,7.53754,2
915.4,0.06724,3.81351,7.53754,2
915.5,0.06724,3.81349,7.53754,2
915.6,0.06724,3.81346,7.53754,2
915.7,0.06724,3.81344,7.53754,2
915.8,0.06724,3.81341,7.53754,2
915.9,0.06724,3.81338,7.53754,2
916,0.06725,3.81336,7.53754,2
916.1,0.06725,3.81333,7.53754,2
916.2,0.06725,3.81331,7.53754,2
916.3,0.06725,3.81328,7.53754,2
916.4,0.06725,3.81326,7.53754,2
916.5,0.06725,3.81323,7.53754,2
916.6,0.06725,3.81321,7.53754,2
916.7,0.06725,3.81319,7.53754,2
916.8,0.06726,3.81316,7.53754,2
916.9,0.06726,3.81314,7.53754,2
917,0.06726,3.81312,7.53754,2
917.1,0.06726,3.8131,7.53754,2
917.2,0.06726,3.81307,7.53755,2
917.3,0.06726,3.81305,7.53755,2
917.4,0.06726,3.81303,7.53755,2
917.5,0.06726,3.81301,7.53755,2
917.6,0.06727,3.81299,7.53755,2
917.7,0.06727,3.81297,7.53755,2
917.8,0.06727,3.81295,7.53755,2
917.9,0.06727,3.81293,7.53755,2
918,0.06727,3.81292,7.53755,2
918.1,0.06727,3.8129,7.53755,2
918.2,0.06727,3.81288,7.53755,2
918.3,0.06727,3.81286,7.53755,2
918.4,0.06728,3.81285,7.53755,2
918.5,0.06728,3.81283,7.53755,2
918.6,0.06728,3.81281,7.53755,2
918.7,0.06728,3.8128,7.53755,2
918.8,0.06728,3.81278,7.53755,2
918.9,0.06728,3.81276,7.53755,2
919,0.06728,3.81275,7.53755,2
919.1,0.06728,3.81273,7.53755,2
919.2,0.06729,3.81272,7.53755,2
919.3,0.06729,3.8127,7.53755,2
919.4,0.06729,3.81269,7.53755,2
919.5,0.06729,3.81267,7.53755,2
919.6,0.06729,3.81266,7.53755,2
919.7,0.06729,3.81264,7.53755,2
919.8,0.06729,3.81263,7.53755,2
919.9,0.0673,3.81262,7.53755,2
920,0.0673,3.8126,7.53755,2
920.1,0.0673,3.81259,7.53756,2
920.2,0.0673,3.81257,7.53756,2
920.3,0.0673,3.81256,7.53756,2
920.4,0.0673,3.81255,7.53756,2
920.5,0.0673,3.81253,7.53756,2
920.6,0.0673,3.81252,7.53756,2
920.7,0.06731,3.81251,7.53756,2
920.8,0.06731,3.81249,7.53756,2
920.9,0.06731,3.81248,7.53756,2
921,0.06731,3.81247,7.53756,2
921.1,0.06731,3.81246,7.53756,2
921.2,0.06731,3.81244,7.53756,2
921.3,0.06731,3.81243,7.53756,2
921.4,0.06731,3.81242,7.53756,2
921.5,0.06732,3.81241,7.53756,2
921.6,0.06732,3.8124,7.53756,2
921.7,0.06732,3.81239,7.53756,2
921.8,0.06732,3.81238,7.53756,2
921.9,0.06732,3.81237,7.53756,2
922,0.06732,3.81236,7.53756,2
922.1,0.06732,3.81235,7.53756,2
922.2,0.06733,3.81235,7.53756,2
922.3,0.06733,3.81234,7.53756,2
922.4,0.06733,3.81233,7.53756,2
922.5,0.06733,3.81232,7.53756,2
922.6,0.06733,3.81232,7.53756,2
922.7,0.06733,3.81231,7.53756,2
922.8,0.06733,3.8123,7.53756,2
922.9,0.06733,3.8123,7.53756,2
923,0.06734,3.81229,7.53756,2
923.1,0.06734,3.81229,7.53756,2
923.2,0.06734,3.81228,7.53756,2
923.3,0.06734,3.81228,7.53756,2
923.4,0.06734,3.81228,7.53756,2
923.5,0.06734,3.81227,7.53756,2
923.6,0.06734,3.81227,7.53756,2
923.7,0.06735,3.81227,7.53756,2
923.8,0.06735,3.81226,7.53756,2
923.9,0.06735,3.81226,7.53755,2
924,0.06735,3.81226,7.53755,2
924.1,0.06735,3.81226,7.53755,2
924.2,0.06735,3.81226,7.53755,2
924.3,0.06735,3.81226,7.53755,2
924.4,0.06736,3.81226,7.53755,2
924.5,0.06736,3.81226,7.53755,2
924.6,0.06736,3.81227,7.53755,2
924.7,0.06736,3.81227,7.53755,2
924.8,0.06736,3.81227,7.53755,2
924.9,0.06736,3.81227,7.53755,2
925,0.06736,3.81228,7.53755,2
925.1,0.06737,3.81228,7.53755,2
925.2,0.06737,3.81228,7.53755,2
925.3,0.06737,3.81229,7.53755,2
925.4,0.06737,3.81229,7.53755,2
925.5,0.06737,3.8123,7.53755,2
925.6,0.06737,3.8123,7.53755,2
925.7,0.06737,3.8123,7.53755,2
925.8,0.06737,3.81231,7.53755,2
925.9,0.06738,3.81232,7.53755,2
926,0.06738,3.81232,7.53755,2
926.1,0.06738,3.81233,7.53755,2
926.2,0.06738,3.81234,7.53755,2
926.3,0.06738,3.81234,7.53755,2
926.4,0.06738,3.81235,7.53755,2
926.5,0.06738,3.81236,7.53755,2
926.6,0.06739,3.81237,7.53754,2
926.7,0.06739,3.81238,7.53754,2
926.8,0.06739,3.81239,7.53754,2
926.9,0.06739,3.8124,7.53754,2
927,0.06739,3.81241,7.53754,2
927.1,0.06739,3.81242,7.53754,2
927.2,0.06739,3.81244,7.53754,2
927.3,0.0674,3.81245,7.53754,2
927.4,0.0674,3.81246,7.53754,2
927.5,0.0674,3.81247,7.53754,2
927.6,0.0674,3.81249,7.53754,2
927.7,0.0674,3.8125,7.53754,2
927.8,0.0674,3.81251,7.53754,2
927.9,0.06741,3.81253,7.53754,2
928,0.06741,3.81255,7.53755,2
928.1,0.06741,3.81256,7.53755,2
928.2,0.06741,3.81258,7.53755,2
928.3,0.06741,3.8126,7.53755,2
928.4,0.06741,3.81261,7.53755,2
928.5,0.06741,3.81263,7.53755,2
928.6,0.06742,3.81265,7.53755,2
928.7,0.06742,3.81267,7.53755,2
928.8,0.06742,3.81269,7.53755,2
928.9,0.06742,3.81271,7.53755,2
929,0.06742,3.81273,7.53755,2
929.1,0.06742,3.81275,7.53755,2
929.2,0.06742,3.81277,7.53755,2
929.3,0.06743,3.81279,7.53755,2
929.4,0.06743,3.81282,7.53755,2
929.5,0.06743,3.81284,7.53755,2
929.6,0.06743,3.81286,7.53755,2
929.7,0.06743,3.81288,7.53755,2
929.8,0.06743,3.8129,7.53755,2
929.9,0.06743,3.81293,7.53755,2
930,0.06744,3.81295,7.53755,2
930.1,0.06744,3.81297,7.53755,2
930.2,0.06744,3.813,7.53755,2
930.3,0.06744,3.81302,7.53755,2
930.4,0.06744,3.81305,7.53755,2
930.5,0.06744,3.81307,7.53755,2
930.6,0.06744,3.8131,7.53755,2
930.7,0.06745,3.81313,7.53755,2
930.8,0.06745,3.81315,7.53755,2
930.9,0.06745,3.81318,7.53755,2
931,0.06745,3.81321,7.53755,2
931.1,0.06745,3.81323,7.53755,2
931.2,0.06745,3.81326,7.53756,2
931.3,0.06745,3.81329,7.53756,2
931.4,0.06746,3.81332,7.53756,2
931.5,0.06746,3.81335,7.53756,2
931.6,0.06746,3.81338,7.53756,2
931.7,0.06746,3.81342,7.53756,2
931.8,0.06746,3.81345,7.53756,2
931.9,0.06746,3.81348,7.53756,2
932,0.06747,3.81351,7.53756,2
932.1,0.06747,3.81355,7.53756,2
932.2,0.06747,3.81358,7.53756,2
932.3,0.06747,3.81362,7.53756,2
932.4,0.06747,3.81365,7.53756,2
932.5,0.06747,3.81369,7.53756,2
932.6,0.06748,3.81373,7.53756,2
932.7,0.06748,3.81377,7.53756,2
932.8,0.06748,3.8138,7.53756,2
932.9,0.06748,3.81385,7.53756,2
933,0.06748,3.81389,7.53756,2
933.1,0.06748,3.81393,7.53756,2
933.2,0.06748,3.81397,7.53756,2
933.3,0.06749,3.81401,7.53757,2
933.4,0.06749,3.81405,7.53757,2
933.5,0.06749,3.81409,7.53757,2
933.6,0.06749,3.81413,7.53757,2
933.7,0.06749,3.81417,7.53757,2
933.8,0.06749,3.81421,7.53757,2
933.9,0.06749,3.81425,7.53757,2
934,0.0675,3.81429,7.53757,2
934.1,0.0675,3.81433,7.53757,2
934.2,0.0675,3.81437,7.53757,2
934.3,0.0675,3.81441,7.53757,2
934.4,0.0675,3.81445,7.53757,2
934.5,0.0675,3.81449,7.53757,2
934.6,0.06751,3.81453,7.53757,2
934.7,0.06751,3.81457,7.53757,2
934.8,0.06751,3.81461,7.53758,2
934.9,0.06751,3.81465,7.53758,2
935,0.06751,3.81469,7.53758,2
935.1,0.06751,3.81474,7.53758,2
935.2,0.06752,3.81478,7.53758,2
935.3,0.06752,3.81482,7.53758,2
935.4,0.06752,3.81487,7.53758,2
935.5,0.06752,3.81491,7.53758,2
935.6,0.06752,3.81496,7.53758,2
935.7,0.06752,3.815,7.53758,2
935.8,0.06753,3.81505,7.53759,2
935.9,0.06753,3.81509,7.53759,2
936,0.06753,3.81514,7.53759,2
936.1,0.06753,3.81519,7.53759,2
936.2,0.06753,3.81524,7.53759,2
936.3,0.06753,3.81528,7.53759,2
936.4,0.06754,3.81533,7.53759,2
936.5,0.06754,3.81538,7.53759,2
936.6,0.06754,3.81543,7.53759,2
936.7,0.06754,3.81548,7.5376,2
936.8,0.06754,3.81553,7.5376,2
936.9,0.06754,3.81558,7.5376,2
937,0.06755,3.81562,7.5376,2
937.1,0.06755,3.81567,7.5376,2
937.2,0.06755,3.81572,7.5376,2
937.3,0.06755,3.81577,7.5376,2
937.4,0.06755,3.81582,7.5376,2
937.5,0.06755,3.81587,7.5376,2
937.6,0.06756,3.81592,7.5376,2
937.7,0.06756,3.81597,7.53761,2
937.8,0.06756,3.81602,7.53761,2
937.9,0.06756,3.81607,7.53761,2
938,0.06756,3.81613,7.53761,2
938.1,0.06756,3.81618,7.53761,2
938.2,0.06756,3.81623,7.53761,2
938.3,0.06757,3.81628,7.53761,2
938.4,0.06757,3.81633,7.53761,2
938.5,0.06757,3.81638,7.53761,2
938.6,0.06757,3.81643,7.53761,2
938.7,0.06757,3.81649,7.53762,2
938.8,0.06757,3.81654,7.53762,2
938.9,0.06758,3.81659,7.53762,2
939,0.06758,3.81664,7.53762,2
939.1,0.06758,3.8167,7.53762,2
939.2,0.06758,3.81675,7.53762,2
939.3,0.06758,3.81681,7.53762,2
939.4,0.06758,3.81686,7.53762,2
939.5,0.06759,3.81692,7.53762,2
939.6,0.06759,3.81697,7.53763,2
939.7,0.06759,3.81703,7.53763,2
939.8,0.06759,3.81708,7.53763,2
939.9,0.06759,3.81714,7.53763,2
940,0.06759,3.8172,7.53763,2
940.1,0.0676,3.81726,7.53763,2
940.2,0.0676,3.81732,7.53763,2
940.3,0.0676,3.81737,7.53763,2
940.4,0.0676,3.81743,7.53763,2
940.5,0.0676,3.81749,7.53763,2
940.6,0.0676,3.81755,7.53764,2
940.7,0.06761,3.81761,7.53764,2
940.8,0.06761,3.81767,7.53764,2
940.9,0.06761,3.81773,7.53764,2
941,0.06761,3.81779,7.53764,2
941.1,0.06761,3.81785,7.53764,2
941.2,0.06761,3.81791,7.53764,2
941.3,0.06762,3.81797,7.53764,2
941.4,0.06762,3.81803,7.53764,2
941.5,0.06762,3.81809,7.53764,2
941.6,0.06762,3.81816,7.53764,2
941.7,0.06762,3.81822,7.53765,2
941.8,0.06762,3.81828,7.53765,2
941.9,0.06762,3.81834,7.53765,2
942,0.06763,3.8184,7.53765,2
942.1,0.06763,3.81846,7.53765,2
942.2,0.06763,3.81852,7.53765,2
942.3,0.06763,3.81858,7.53765,2
942.4,0.06763,3.81864,7.53765,2
942.5,0.06763,3.8187,7.53765,2
942.6,0.06764,3.81876,7.53765,2
942.7,0.06764,3.81883,7.53766,2
942.8,0.06764,3.81889,7.53766,2
942.9,0.06764,3.81895,7.53766,2
943,0.06764,3.81901,7.53766,2
943.1,0.06764,3.81907,7.53766,2
943.2,0.06765,3.81913,7.53766,2
943.3,0.06765,3.8192,7.53766,2
943.4,0.06765,3.81926,7.53766,2
943.5,0.06765,3.81932,7.53766,2
943.6,0.06765,3.81939,7.53766,2
943.7,0.06765,3.81945,7.53766,2
943.8,0.06765,3.81951,7.53767,2
943.9,0.06766,3.81957,7.53767,2
944,0.06766,3.81964,7.53767,2
944.1,0.06766,3.8197,7.53767,2
944.2,0.06766,3.81977,7.53767,2
944.3,0.06766,3.81983,7.53767,2
944.4,0.06766,3.8199,7.53767,2
944.5,0.06767,3.81996,7.53767,2
944.6,0.06767,3.82003,7.53767,2
944.7,0.06767,3.82009,7.53767,2
944.8,0.06767,3.82016,7.53767,2
944.9,0.06767,3.82022,7.53768,2
945,0.06767,3.82029,7.53768,2
945.1,0.06767,3.82035,7.53768,2
945.2,0.06768,3.82042,7.53768,2
945.3,0.06768,3.82049,7.53768,2
945.4,0.06768,3.82055,7.53768,2
945.5,0.06768,3.82062,7.53768,2
945.6,0.06768,3.82069,7.53768,2
945.7,0.06768,3.82076,7.53768,2
945.8,0.06769,3.82083,7.53768,2
945.9,0.06769,3.8209,7.53768,2
946,0.06769,3.82097,7.53768,2
946.1,0.06769,3.82104,7.53768,2
946.2,0.06769,3.82111,7.53769,2
946.3,0.06769,3.82118,7.53769,2
946.4,0.0677,3.82125,7.53769,2
946.5,0.0677,3.82132,7.53769,2
946.6,0.0677,3.82139,7.53769,2
946.7,0.0677,3.82146,7.53769,2
946.8,0.0677,3.82153,7.53769,2
946.9,0.0677,3.8216,7.53769,2
947,0.0677,3.82167,7.53769,2
947.1,0.06771,3.82175,7.53769,2
947.2,0.06771,3.82182,7.53769,2
947.3,0.06771,3.82189,7.53769,2
947.4,0.06771,3.82196,7.53769,2
947.5,0.06771,3.82204,7.53769,2
947.6,0.06771,3.82211,7.5377,2
947.7,0.06772,3.82218,7.5377,2
947.8,0.06772,3.82225,7.5377,2
947.9,0.06772,3.82232,7.5377,2
948,0.06772,3.8224,7.5377,2
948.1,0.06772,3.82247,7.5377,2
948.2,0.06772,3.82254,7.5377,2
948.3,0.06773,3.82261,7.5377,2
948.4,0.06773,3.82268,7.5377,2
948.5,0.06773,3.82275,7.5377,2
948.6,0.06773,3.82282,7.5377,2
948.7,0.06773,3.82289,7.5377,2
948.8,0.06773,3.82296,7.5377,2
948.9,0.06774,3.82303,7.5377,2
949,0.06774,3.8231,7.5377,2
949.1,0.06774,3.82317,7.53771,2
949.2,0.06774,3.82323,7.53771,2
949.3,0.06774,3.8233,7.53771,2
949.4,0.06774,3.82337,7.53771,2
949.5,0.06774,3.82344,7.53771,2
949.6,0.06775,3.82351,7.53771,2
949.7,0.06775,3.82358,7.53771,2
949.8,0.06775,3.82364,7.53771,2
949.9,0.06775,3.82371,7.53771,2
950,0.06775,3.82378,7.53771,2
950.1,0.06775,3.82385,7.53771,2
950.2,0.06776,3.82391,7.53771,2
950.3,0.06776,3.82398,7.53771,2
950.4,0.06776,3.82404,7.53771,2
950.5,0.06776,3.82411,7.53771,2
950.6,0.06776,3.82417,7.53771,2
950.7,0.06776,3.82424,7.53771,2
950.8,0.06777,3.8243,7.53771,2
950.9,0.06777,3.82437,7.53771,2
951,0.06777,3.82443,7.53772,2
951.1,0.06777,3.82449,7.53772,2
951.2,0.06777,3.82456,7.53772,2
951.3,0.06777,3.82462,7.53772,2
951.4,0.06778,3.82468,7.53772,2
951.5,0.06778,3.82474,7.53772,2
951.6,0.06778,3.8248,7.53772,2
951.7,0.06778,3.82487,7.53772,2
951.8,0.06778,3.82493,7.53772,2
951.9,0.06778,3.82499,7.53772,2
952,0.06778,3.82505,7.53772,2
952.1,0.06779,3.82511,7.53772,2
952.2,0.06779,3.82518,7.53772,2
952.3,0.06779,3.82524,7.53772,2
952.4,0.06779,3.8253,7.53772,2
952.5,0.06779,3.82536,7.53772,2
952.6,0.06779,3.82542,7.53772,2
952.7,0.06779,3.82548,7.53772,2
952.8,0.0678,3.82554,7.53772,2
952.9,0.0678,3.8256,7.53772,2
953,0.0678,3.82566,7.53772,2
953.1,0.0678,3.82572,7.53772,2
953.2,0.0678,3.82578,7.53772,2
953.3,0.0678,3.82584,7.53772,2
953.4,0.0678,3.8259,7.53772,2
953.5,0.06781,3.82596,7.53772,2
953.6,0.06781,3.82602,7.53772,2
953.7,0.06781,3.82608,7.53772,2
953.8,0.06781,3.82614,7.53772,2
953.9,0.06781,3.8262,7.53772,2
954,0.06781,3.82625,7.53772,2
954.1,0.06781,3.82631,7.53772,2
954.2,0.06782,3.82636,7.53772,2
954.3,0.06782,3.82642,7.53773,2
954.4,0.06782,3.82647,7.53773,2
954.5,0.06782,3.82653,7.53773,2
954.6,0.06782,3.82658,7.53773,2
954.7,0.06782,3.82664,7.53773,2
954.8,0.06782,3.82669,7.53773,2
954.9,0.06782,3.82675,7.53773,2
955,0.06783,3.8268,7.53773,2
955.1,0.06783,3.82685,7.53773,2
955.2,0.06783,3.8269,7.53773,2
955.3,0.06783,3.82696,7.53773,2
955.4,0.06783,3.82701,7.53773,2
955.5,0.06783,3.82706,7.53773,2
955.6,0.06783,3.82711,7.53773,2
955.7,0.06784,3.82716,7.53773,2
955.8,0.06784,3.82721,7.53773,2
955.9,0.06784,3.82726,7.53773,2
956,0.06784,3.82731,7.53773,2
956.1,0.06784,3.82736,7.53773,2
956.2,0.06784,3.82741,7.53773,2
956.3,0.06784,3.82746,7.53773,2
956.4,0.06784,3.82751,7.53773,2
956.5,0.06785,3.82756,7.53773,2
956.6,0.06785,3.82761,7.53773,2
956.7,0.06785,3.82765,7.53773,2
956.8,0.06785,3.8277,7.53773,2
956.9,0.06785,3.82775,7.53773,2
957,0.06785,3.82779,7.53773,2
957.1,0.06785,3.82784,7.53773,2
957.2,0.06785,3.82788,7.53773,2
957.3,0.06786,3.82793,7.53773,2
957.4,0.06786,3.82797,7.53773,2
957.5,0.06786,3.82801,7.53773,2
957.6,0.06786,3.82806,7.53773,2
957.7,0.06786,3.8281,7.53773,2
957.8,0.06786,3.82814,7.53773,2
957.9,0.06786,3.82819,7.53773,2
958,0.06786,3.82823,7.53773,2
958.1,0.06787,3.82827,7.53773,2
958.2,0.06787,3.82831,7.53773,2
958.3,0.06787,3.82836,7.53773,2
958.4,0.06787,3.8284,7.53773,2
958.5,0.06787,3.82844,7.53773,2
958.6,0.06787,3.82848,7.53773,2
958.7,0.06787,3.82852,7.53773,2
958.8,0.06787,3.82856,7.53773,2
958.9,0.06787,3.8286,7.53773,2
959,0.06788,3.82864,7.53773,2
959.1,0.06788,3.82868,7.53773,2
959.2,0.06788,3.82871,7.53773,2
959.3,0.06788,3.82875,7.53773,2
959.4,0.06788,3.82879,7.53773,2
959.5,0.06788,3.82883,7.53773,2
959.6,0.06788,3.82886,7.53773,2
959.7,0.06788,3.8289,7.53773,2
959.8,0.06788,3.82894,7.53773,2
959.9,0.06788,3.82897,7.53773,2
960,0.06788,3.82901,7.53773,2
960.1,0.06789,3.82904,7.53773,2
960.2,0.06789,3.82907,7.53773,2
960.3,0.06789,3.8291,7.53773,2
960.4,0.06789,3.82913,7.53773,2
960.5,0.06789,3.82917,7.53773,2
960.6,0.06789,3.8292,7.53773,2
960.7,0.06789,3.82923,7.53773,2
960.8,0.06789,3.82926,7.53773,2
960.9,0.06789,3.82929,7.53773,2
961,0.06789,3.82932,7.53773,2
961.1,0.0679,3.82935,7.53773,2
961.2,0.0679,3.82938,7.53773,2
961.3,0.0679,3.82941,7.53773,2
961.4,0.0679,3.82943,7.53773,2
961.5,0.0679,3.82946,7.53773,2
961.6,0.0679,3.82949,7.53773,2
961.7,0.0679,3.82952,7.53773,2
961.8,0.0679,3.82955,7.53773,2
961.9,0.0679,3.82958,7.53773,2
962,0.06791,3.82961,7.53773,2
962.1,0.06791,3.82964,7.53773,2
962.2,0.06791,3.82967,7.53773,2
962.3,0.06791,3.8297,7.53773,2
962.4,0.06791,3.82973,7.53773,2
962.5,0.06791,3.82976,7.53773,2
962.6,0.06791,3.82978,7.53772,2
962.7,0.06791,3.82981,7.53772,2
962.8,0.06791,3.82984,7.53772,2
962.9,0.06792,3.82987,7.53772,2
963,0.06792,3.82989,7.53772,2
963.1,0.06792,3.82992,7.53772,2
963.2,0.06792,3.82995,7.53772,2
963.3,0.06792,3.82998,7.53772,2
963.4,0.06792,3.83,7.53772,2
963.5,0.06792,3.83003,7.53772,2
963.6,0.06792,3.83006,7.53772,2
963.7,0.06792,3.83009,7.53772,2
963.8,0.06792,3.83012,7.53772,2
963.9,0.06793,3.83014,7.53772,2
964,0.06793,3.83017,7.53772,2
964.1,0.06793,3.8302,7.53772,2
964.2,0.06793,3.83022,7.53772,2
964.3,0.06793,3.83025,7.53772,2
964.4,0.06793,3.83027,7.53772,2
964.5,0.06793,3.8303,7.53772,2
964.6,0.06794,3.83033,7.53772,2
964.7,0.06794,3.83035,7.53772,2
964.8,0.06794,3.83038,7.53772,2
964.9,0.06794,3.8304,7.53772,2
965,0.06794,3.83043,7.53772,2
965.1,0.06794,3.83045,7.53772,2
965.2,0.06794,3.83048,7.53772,2
965.3,0.06794,3.8305,7.53772,2
965.4,0.06795,3.83052,7.53772,2
965.5,0.06795,3.83055,7.53772,2
965.6,0.06795,3.83058,7.53772,2
965.7,0.06795,3.83061,7.53772,2
965.8,0.06795,3.83063,7.53772,2
965.9,0.06795,3.83066,7.53772,2
966,0.06795,3.83069,7.53771,2
966.1,0.06796,3.83071,7.53771,2
966.2,0.06796,3.83074,7.53771,2
966.3,0.06796,3.83076,7.53771,2
966.4,0.06796,3.83079,7.53771,2
966.5,0.06796,3.83082,7.53771,2
966.6,0.06796,3.83084,7.53771,2
966.7,0.06796,3.83087,7.53771,2
966.8,0.06796,3.83089,7.53771,2
966.9,0.06797,3.83091,7.53771,2
967,0.06797,3.83094,7.53771,2
967.1,0.06797,3.83096,7.53771,2
967.2,0.06797,3.83099,7.53771,2
967.3,0.06797,3.83101,7.53771,2
967.4,0.06797,3.83103,7.53771,2
967.5,0.06797,3.83105,7.53771,2
967.6,0.06797,3.83107,7.53771,2
967.7,0.06797,3.8311,7.53771,2
967.8,0.06798,3.83112,7.53771,2
967.9,0.06798,3.83114,7.5377,2
968,0.06798,3.83116,7.5377,2
968.1,0.06798,3.83118,7.5377,2
968.2,0.06798,3.83121,7.5377,2
968.3,0.06798,3.83123,7.5377,2
968.4,0.06798,3.83125,7.5377,2
968.5,0.06798,3.83127,7.5377,2
968.6,0.06799,3.83129,7.5377,2
968.7,0.06799,3.83131,7.5377,2
968.8,0.06799,3.83133,7.5377,2
968.9,0.06799,3.83135,7.5377,2
969,0.06799,3.83137,7.5377,2
969.1,0.06799,3.8314,7.5377,2
969.2,0.06799,3.83142,7.5377,2
969.3,0.06799,3.83144,7.5377,2
969.4,0.068,3.83146,7.5377,2
969.5,0.068,3.83148,7.53769,2
969.6,0.068,3.83151,7.53769,2
969.7,0.068,3.83153,7.53769,2
969.8,0.068,3.83155,7.53769,2
969.9,0.068,3.83157,7.53769,2
970,0.068,3.83159,7.53769,2
970.1,0.068,3.83161,7.53769,2
970.2,0.068,3.83163,7.53769,2
970.3,0.06801,3.83166,7.53769,2
970.4,0.06801,3.83168,7.53769,2
970.5,0.06801,3.8317,7.53769,2
970.6,0.06801,3.83172,7.53769,2
970.7,0.06801,3.83174,7.53769,2
970.8,0.06801,3.83176,7.53769,2
970.9,0.06801,3.83178,7.53769,2
971,0.06801,3.8318,7.53768,2
971.1,0.06802,3.83182,7.53768,2
971.2,0.06802,3.83184,7.53768,2
971.3,0.06802,3.83186,7.53768,2
971.4,0.06802,3.83188,7.53768,2
971.5,0.06802,3.8319,7.53768,2
971.6,0.06802,3.83192,7.53768,2
971.7,0.06802,3.83194,7.53768,2
971.8,0.06802,3.83196,7.53768,2
971.9,0.06802,3.83198,7.53768,2
972,0.06802,3.832,7.53768,2
972.1,0.06803,3.83201,7.53768,2
972.2,0.06803,3.83203,7.53768,2
972.3,0.06803,3.83205,7.53768,2
972.4,0.06803,3.83207,7.53768,2
972.5,0.06803,3.83209,7.53768,2
972.6,0.06803,3.8321,7.53768,2
972.7,0.06803,3.83212,7.53768,2
972.8,0.06803,3.83214,7.53767,2
972.9,0.06803,3.83216,7.53767,2
973,0.06803,3.83218,7.53767,2
973.1,0.06804,3.8322,7.53767,2
973.2,0.06804,3.83221,7.53767,2
973.3,0.06804,3.83223,7.53767,2
973.4,0.06804,3.83225,7.53767,2
973.5,0.06804,3.83227,7.53767,2
973.6,0.06804,3.83228,7.53767,2
973.7,0.06804,3.8323,7.53767,2
973.8,0.06804,3.83232,7.53767,2
973.9,0.06804,3.83234,7.53767,2
974,0.06804,3.83235,7.53767,2
974.1,0.06805,3.83237,7.53767,2
974.2,0.06805,3.83239,7.53767,2
974.3,0.06805,3.83241,7.53767,2
974.4,0.06805,3.83242,7.53766,2
974.5,0.06805,3.83244,7.53766,2
974.6,0.06805,3.83246,7.53766,2
974.7,0.06805,3.83248,7.53766,2
974.8,0.06805,3.8325,7.53766,2
974.9,0.06805,3.83251,7.53766,2
975,0.06805,3.83253,7.53766,2
975.1,0.06805,3.83255,7.53766,2
975.2,0.06805,3.83257,7.53766,2
975.3,0.06806,3.83258,7.53766,2
975.4,0.06806,3.8326,7.53766,2
975.5,0.06806,3.83262,7.53766,2
975.6,0.06806,3.83264,7.53766,2
975.7,0.06806,3.83265,7.53766,2
975.8,0.06806,3.83267,7.53766,2
975.9,0.06806,3.83269,7.53766,2
976,0.06806,3.83271,7.53765,2
976.1,0.06806,3.83272,7.53765,2
976.2,0.06806,3.83274,7.53765,2
976.3,0.06806,3.83276,7.53765,2
976.4,0.06806,3.83278,7.53765,2
976.5,0.06806,3.8328,7.53765,2
976.6,0.06807,3.83281,7.53765,2
976.7,0.06807,3.83283,7.53765,2
976.8,0.06807,3.83285,7.53765,2
976.9,0.06807,3.83287,7.53765,2
977,0.06807,3.83289,7.53765,2
977.1,0.06807,3.83291,7.53765,2
977.2,0.06807,3.83293,7.53765,2
977.3,0.06807,3.83294,7.53764,2
977.4,0.06807,3.83296,7.53764,2
977.5,0.06807,3.83298,7.53764,2
977.6,0.06807,3.833,7.53764,2
977.7,0.06807,3.83302,7.53764,2
977.8,0.06808,3.83304,7.53764,2
977.9,0.06808,3.83306,7.53764,2
978,0.06808,3.83308,7.53764,2
978.1,0.06808,3.8331,7.53764,2
978.2,0.06808,3.83312,7.53764,2
978.3,0.06808,3.83314,7.53764,2
978.4,0.06808,3.83316,7.53764,2
978.5,0.06808,3.83318,7.53764,2
978.6,0.06808,3.8332,7.53764,2
978.7,0.06808,3.83322,7.53763,2
978.8,0.06808,3.83324,7.53763,2
978.9,0.06808,3.83326,7.53763,2
979,0.06808,3.83328,7.53763,2
979.1,0.06808,3.8333,7.53763,2
979.2,0.06809,3.83333,7.53763,2
979.3,0.06809,3.83335,7.53763,2
979.4,0.06809,3.83337,7.53763,2
979.5,0.06809,3.83339,7.53763,2
979.6,0.06809,3.83341,7.53763,2
979.7,0.06809,3.83343,7.53763,2
979.8,0.06809,3.83346,7.53763,2
979.9,0.06809,3.83348,7.53762,2
980,0.06809,3.8335,7.53762,2
980.1,0.06809,3.83353,7.53762,2
980.2,0.06809,3.83355,7.53762,2
980.3,0.06809,3.83358,7.53762,2
980.4,0.06809,3.8336,7.53762,2
980.5,0.06809,3.83363,7.53762,2
980.6,0.0681,3.83365,7.53762,2
980.7,0.0681,3.83368,7.53762,2
980.8,0.0681,3.83371,7.53762,2
980.9,0.0681,3.83373,7.53762,2
981,0.0681,3.83376,7.53762,2
981.1,0.0681,3.83378,7.53762,2
981.2,0.0681,3.83381,7.53761,2
981.3,0.0681,3.83384,7.53761,2
981.4,0.0681,3.83386,7.53761,2
981.5,0.0681,3.83389,7.53761,2
981.6,0.0681,3.83392,7.53761,2
981.7,0.0681,3.83394,7.53761,2
981.8,0.0681,3.83397,7.53761,2
981.9,0.0681,3.834,7.53761,2
982,0.0681,3.83403,7.53761,2
982.1,0.0681,3.83406,7.53761,2
982.2,0.0681,3.83408,7.53761,2
982.3,0.06811,3.83411,7.5376,2
982.4,0.06811,3.83414,7.5376,2
982.5,0.06811,3.83417,7.5376,2
982.6,0.06811,3.8342,7.5376,2
982.7,0.06811,3.83423,7.5376,2
982.8,0.06811,3.83426,7.5376,2
982.9,0.06811,3.83429,7.5376,2
983,0.06811,3.83432,7.5376,2
983.1,0.06811,3.83435,7.5376,2
983.2,0.06811,3.83438,7.5376,2
983.3,0.06811,3.83441,7.5376,2
983.4,0.06811,3.83444,7.5376,2
983.5,0.06811,3.83447,7.5376,2
983.6,0.06811,3.8345,7.53759,2
983.7,0.06811,3.83453,7.53759,2
983.8,0.06811,3.83456,7.53759,2
983.9,0.06811,3.8346,7.53759,2
984,0.06811,3.83463,7.53759,2
984.1,0.06811,3.83466,7.53759,2
984.2,0.06811,3.8347,7.53759,2
984.3,0.06811,3.83473,7.53759,2
984.4,0.06811,3.83477,7.53759,2
984.5,0.06811,3.8348,7.53759,2
984.6,0.06812,3.83484,7.53759,2
984.7,0.06812,3.83487,7.53758,2
984.8,0.06812,3.83491,7.53758,2
984.9,0.06812,3.83494,7.53758,2
985,0.06812,3.83498,7.53758,2
985.1,0.06812,3.83502,7.53758,2
985.2,0.06812,3.83505,7.53758,2
985.3,0.06812,3.83509,7.53758,2
985.4,0.06812,3.83512,7.53758,2
985.5,0.06812,3.83516,7.53758,2
985.6,0.06812,3.8352,7.53758,2
985.7,0.06812,3.83523,7.53757,2
985.8,0.06812,3.83527,7.53757,2
985.9,0.06812,3.83531,7.53757,2
986,0.06812,3.83535,7.53757,2
986.1,0.06812,3.83539,7.53757,2
986.2,0.06812,3.83542,7.53757,2
986.3,0.06812,3.83546,7.53757,2
986.4,0.06812,3.8355,7.53757,2
986.5,0.06812,3.83554,7.53757,2
986.6,0.06812,3.83558,7.53757,2
986.7,0.06812,3.83562,7.53756,2
986.8,0.06812,3.83566,7.53756,2
986.9,0.06812,3.8357,7.53756,2
987,0.06812,3.83575,7.53756,2
987.1,0.06812,3.83579,7.53756,2
987.2,0.06812,3.83583,7.53756,2
987.3,0.06812,3.83587,7.53756,2
987.4,0.06812,3.83591,7.53756,2
987.5,0.06812,3.83595,7.53756,2
987.6,0.06812,3.836,7.53756,2
987.7,0.06812,3.83604,7.53756,2
987.8,0.06813,3.83608,7.53756,2
987.9,0.06813,3.83612,7.53756,2
988,0.06813,3.83617,7.53755,2
988.1,0.06813,3.83621,7.53755,2
988.2,0.06813,3.83625,7.53755,2
988.3,0.06813,3.8363,7.53755,2
988.4,0.06813,3.83635,7.53755,2
988.5,0.06813,3.83639,7.53755,2
988.6,0.06813,3.83644,7.53755,2
988.7,0.06813,3.83648,7.53755,2
988.8,0.06813,3.83653,7.53755,2
988.9,0.06813,3.83657,7.53755,2
989,0.06813,3.83662,7.53755,2
989.1,0.06813,3.83667,7.53755,2
989.2,0.06813,3.83672,7.53755,2
989.3,0.06813,3.83677,7.53755,2
989.4,0.06813,3.83682,7.53755,2
989.5,0.06813,3.83687,7.53755,2
989.6,0.06813,3.83692,7.53755,2
989.7,0.06813,3.83697,7.53754,2
989.8,0.06813,3.83702,7.53754,2
989.9,0.06813,3.83707,7.53754,2
990,0.06813,3.83712,7.53754,2
990.1,0.06813,3.83717,7.53754,2
990.2,0.06813,3.83722,7.53754,2
990.3,0.06813,3.83728,7.53754,2
990.4,0.06813,3.83733,7.53754,2
990.5,0.06813,3.83738,7.53754,2
990.6,0.06813,3.83744,7.53754,2
990.7,0.06813,3.83749,7.53754,2
990.8,0.06813,3.83755,7.53754,2
990.9,0.06813,3.8376,7.53754,2
991,0.06813,3.83765,7.53754,2
991.1,0.06813,3.83771,7.53754,2
991.2,0.06813,3.83776,7.53754,2
991.3,0.06813,3.83782,7.53754,2
991.4,0.06813,3.83787,7.53754,2
991.5,0.06813,3.83793,7.53754,2
991.6,0.06813,3.83798,7.53754,2
991.7,0.06813,3.83804,7.53754,2
991.8,0.06813,3.83809,7.53754,2
991.9,0.06813,3.83815,7.53753,2
992,0.06813,3.83821,7.53753,2
992.1,0.06813,3.83826,7.53753,2
992.2,0.06813,3.83832,7.53753,2
992.3,0.06813,3.83838,7.53753,2
992.4,0.06813,3.83844,7.53753,2
992.5,0.06813,3.83849,7.53753,2
992.6,0.06813,3.83855,7.53753,2
992.7,0.06813,3.83861,7.53753,2
992.8,0.06813,3.83867,7.53753,2
992.9,0.06813,3.83873,7.53753,2
993,0.06813,3.83879,7.53753,2
993.1,0.06813,3.83884,7.53753,2
993.2,0.06813,3.8389,7.53753,2
993.3,0.06813,3.83896,7.53753,2
993.4,0.06813,3.83902,7.53753,2
993.5,0.06813,3.83908,7.53752,2
993.6,0.06813,3.83914,7.53752,2
993.7,0.06813,3.8392,7.53752,2
993.8,0.06813,3.83926,7.53752,2
993.9,0.06813,3.83932,7.53752,2
994,0.06813,3.83938,7.53752,2
994.1,0.06813,3.83944,7.53752,2
994.2,0.06813,3.8395,7.53752,2
994.3,0.06813,3.83957,7.53752,2
994.4,0.06813,3.83963,7.53752,2
994.5,0.06813,3.83969,7.53752,2
994.6,0.06813,3.83975,7.53752,2
994.7,0.06813,3.83982,7.53752,2
994.8,0.06813,3.83988,7.53752,2
994.9,0.06813,3.83994,7.53752,2
995,0.06813,3.84001,7.53752,2
995.1,0.06813,3.84007,7.53752,2
995.2,0.06813,3.84014,7.53751,2
995.3,0.06813,3.8402,7.53751,2
995.4,0.06813,3.84027,7.53751,2
995.5,0.06813,3.84034,7.53751,2
995.6,0.06813,3.8404,7.53751,2
995.7,0.06813,3.84047,7.53751,2
995.8,0.06813,3.84054,7.53751,2
995.9,0.06813,3.8406,7.53751,2
996,0.06813,3.84067,7.53751,2
996.1,0.06813,3.84074,7.53751,2
996.2,0.06813,3.84081,7.53751,2
996.3,0.06813,3.84087,7.53751,2
996.4,0.06813,3.84094,7.53751,2
996.5,0.06813,3.84101,7.53751,2
996.6,0.06813,3.84108,7.53751,2
996.7,0.06813,3.84115,7.53751,2
996.8,0.06813,3.84121,7.5375,2
996.9,0.06813,3.84128,7.5375,2
997,0.06813,3.84135,7.5375,2
997.1,0.06813,3.84142,7.5375,2
997.2,0.06813,3.84149,7.5375,2
997.3,0.06813,3.84156,7.5375,2
997.4,0.06813,3.84162,7.5375,2
997.5,0.06813,3.84169,7.5375,2
997.6,0.06813,3.84176,7.5375,2
997.7,0.06813,3.84183,7.5375,2
997.8,0.06813,3.8419,7.5375,2
997.9,0.06813,3.84196,7.5375,2
998,0.06813,3.84203,7.5375,2
998.1,0.06813,3.8421,7.5375,2
998.2,0.06813,3.84216,7.5375,2
998.3,0.06813,3.84223,7.5375,2
998.4,0.06813,3.8423,7.5375,2
998.5,0.06813,3.84237,7.5375,2
998.6,0.06813,3.84243,7.5375,2
998.7,0.06813,3.8425,7.53749,2
998.8,0.06813,3.84257,7.53749,2
998.9,0.06813,3.84264,7.53749,2
999,0.06813,3.84271,7.53749,2
999.1,0.06813,3.84278,7.53749,2
999.2,0.06813,3.84285,7.53749,2
999.3,0.06813,3.84292,7.53749,2
999.4,0.06812,3.84299,7.53749,2
999.5,0.06812,3.84306,7.53749,2
999.6,0.06812,3.84313,7.53749,2
999.7,0.06812,3.8432,7.53749,2
999.8,0.06812,3.84327,7.53749,2
999.9,0.06812,3.84334,7.53749,2
1000,0.06812,3.84341,7.53749,2
1000.1,0.06812,3.84348,7.53749,2
1000.2,0.06812,3.84355,7.53749,2
1000.3,0.06812,3.84363,7.53749,2
1000.4,0.06812,3.8437,7.53749,2
1000.5,0.06812,3.84377,7.53748,2
1000.6,0.06812,3.84384,7.53748,2
1000.7,0.06812,3.84391,7.53748,2
1000.8,0.06812,3.84399,7.53748,2
1000.9,0.06812,3.84406,7.53748,2
1001,0.06812,3.84413,7.53748,2
1001.1,0.06812,3.8442,7.53748,2
1001.2,0.06812,3.84428,7.53748,2
1001.3,0.06812,3.84435,7.53748,2
1001.4,0.06812,3.84442,7.53748,2
1001.5,0.06812,3.8445,7.53748,2
1001.6,0.06812,3.84457,7.53748,2
1001.7,0.06812,3.84465,7.53748,2
1001.8,0.06812,3.84473,7.53748,2
1001.9,0.06812,3.8448,7.53748,2
1002,0.06812,3.84488,7.53748,2
1002.1,0.06812,3.84495,7.53748,2
1002.2,0.06812,3.84503,7.53748,2
1002.3,0.06811,3.84511,7.53748,2
1002.4,0.06811,3.84518,7.53748,2
1002.5,0.06811,3.84526,7.53748,2
1002.6,0.06811,3.84534,7.53748,2
1002.7,0.06811,3.84542,7.53748,2
1002.8,0.06811,3.8455,7.53748,2
1002.9,0.06811,3.84557,7.53747,2
1003,0.06811,3.84565,7.53747,2
1003.1,0.06811,3.84573,7.53747,2
1003.2,0.06811,3.84581,7.53747,2
1003.3,0.06811,3.84589,7.53747,2
1003.4,0.06811,3.84597,7.53747,2
1003.5,0.06811,3.84605,7.53747,2
1003.6,0.06811,3.84613,7.53747,2
1003.7,0.06811,3.84621,7.53747,2
1003.8,0.06811,3.8463,7.53747,2
1003.9,0.06811,3.84638,7.53747,2
1004,0.06811,3.84646,7.53747,2
1004.1,0.06811,3.84655,7.53747,2
1004.2,0.06811,3.84663,7.53747,2
1004.3,0.06811,3.84671,7.53747,2
1004.4,0.06811,3.8468,7.53747,2
1004.5,0.06811,3.84688,7.53747,2
1004.6,0.06811,3.84697,7.53747,2
1004.7,0.06811,3.84706,7.53747,2
1004.8,0.06811,3.84714,7.53747,2
1004.9,0.0681,3.84723,7.53747,2
1005,0.0681,3.84731,7.53747,2
1005.1,0.0681,3.8474,7.53746,2
1005.2,0.0681,3.84749,7.53746,2
1005.3,0.0681,3.84758,7.53746,2
1005.4,0.0681,3.84766,7.53746,2
1005.5,0.0681,3.84775,7.53746,2
1005.6,0.0681,3.84784,7.53746,2
1005.7,0.0681,3.84793,7.53746,2
1005.8,0.0681,3.84801,7.53746,2
1005.9,0.0681,3.8481,7.53746,2
1006,0.0681,3.84819,7.53746,2
1006.1,0.0681,3.84828,7.53746,2
1006.2,0.0681,3.84837,7.53746,2
1006.3,0.0681,3.84845,7.53746,2
1006.4,0.0681,3.84854,7.53746,2
1006.5,0.0681,3.84863,7.53746,2
1006.6,0.0681,3.84872,7.53746,2
1006.7,0.0681,3.84881,7.53746,2
1006.8,0.0681,3.8489,7.53746,2
1006.9,0.0681,3.84899,7.53746,2
1007,0.0681,3.84908,7.53746,2
1007.1,0.0681,3.84917,7.53746,2
1007.2,0.0681,3.84926,7.53746,2
1007.3,0.0681,3.84935,7.53746,2
1007.4,0.0681,3.84944,7.53746,2
1007.5,0.0681,3.84953,7.53746,2
1007.6,0.0681,3.84962,7.53746,2
1007.7,0.0681,3.84971,7.53746,2
1007.8,0.06809,3.8498,7.53746,2
1007.9,0.06809,3.84989,7.53746,2
1008,0.06809,3.84998,7.53746,2
1008.1,0.06809,3.85007,7.53746,2
1008.2,0.06809,3.85017,7.53746,2
1008.3,0.06809,3.85026,7.53746,2
1008.4,0.06809,3.85035,7.53746,2
1008.5,0.06809,3.85044,7.53746,2
1008.6,0.06809,3.85053,7.53746,2
1008.7,0.06809,3.85063,7.53746,2
1008.8,0.06809,3.85072,7.53746,2
1008.9,0.06809,3.85081,7.53746,2
1009,0.06809,3.85091,7.53746,2
1009.1,0.06809,3.851,7.53746,2
1009.2,0.06809,3.85109,7.53746,2
1009.3,0.06809,3.85119,7.53746,2
1009.4,0.06809,3.85128,7.53746,2
1009.5,0.06809,3.85137,7.53746,2
1009.6,0.06809,3.85147,7.53746,2
1009.7,0.06809,3.85156,7.53746,2
1009.8,0.06809,3.85166,7.53746,2
1009.9,0.06809,3.85175,7.53746,2
1010,0.06809,3.85185,7.53746,2
1010.1,0.06808,3.85194,7.53746,2
1010.2,0.06808,3.85204,7.53746,2
1010.3,0.06808,3.85213,7.53746,2
1010.4,0.06808,3.85223,7.53746,2
1010.5,0.06808,3.85233,7.53746,2
1010.6,0.06808,3.85242,7.53746,2
1010.7,0.06808,3.85252,7.53746,2
1010.8,0.06808,3.85261,7.53746,2
1010.9,0.06808,3.85271,7.53746,2
1011,0.06808,3.85281,7.53746,2
1011.1,0.06808,3.8529,7.53746,2
1011.2,0.06808,3.853,7.53746,2
1011.3,0.06808,3.8531,7.53746,2
1011.4,0.06808,3.8532,7.53746,2
1011.5,0.06808,3.85329,7.53746,2
1011.6,0.06808,3.85339,7.53746,2
1011.7,0.06808,3.85349,7.53746,2
1011.8,0.06808,3.85359,7.53746,2
1011.9,0.06808,3.85369,7.53746,2
1012,0.06808,3.85379,7.53746,2
1012.1,0.06807,3.85389,7.53746,2
1012.2,0.06807,3.85399,7.53746,2
1012.3,0.06807,3.85409,7.53746,2
1012.4,0.06807,3.85419,7.53746,2
1012.5,0.06807,3.85429,7.53746,2
1012.6,0.06807,3.85439,7.53746,2
1012.7,0.06807,3.85448,7.53746,2
1012.8,0.06807,3.85458,7.53746,2
1012.9,0.06807,3.85468,7.53746,2
1013,0.06807,3.85478,7.53746,2
1013.1,0.06807,3.85488,7.53746,2
1013.2,0.06807,3.85498,7.53746,2
1013.3,0.06807,3.85508,7.53746,2
1013.4,0.06807,3.85518,7.53746,2
1013.5,0.06807,3.85528,7.53746,2
1013.6,0.06807,3.85537,7.53746,2
1013.7,0.06807,3.85547,7.53746,2
1013.8,0.06807,3.85557,7.53746,2
1013.9,0.06806,3.85567,7.53746,2
1014,0.06806,3.85577,7.53746,2
1014.1,0.06806,3.85586,7.53746,2
1014.2,0.06806,3.85596,7.53746,2
1014.3,0.06806,3.85606,7.53746,2
1014.4,0.06806,3.85616,7.53746,2
1014.5,0.06806,3.85626,7.53746,2
1014.6,0.06806,3.85636,7.53746,2
1014.7,0.06806,3.85646,7.53746,2
1014.8,0.06806,3.85655,7.53746,2
1014.9,0.06806,3.85665,7.53746,2
1015,0.06806,3.85675,7.53746,2
1015.1,0.06806,3.85685,7.53746,2
1015.2,0.06806,3.85695,7.53746,2
1015.3,0.06806,3.85705,7.53746,2
1015.4,0.06806,3.85715,7.53746,2
1015.5,0.06806,3.85725,7.53746,2
1015.6,0.06806,3.85735,7.53746,2
1015.7,0.06806,3.85746,7.53746,2
1015.8,0.06805,3.85756,7.53746,2
1015.9,0.06805,3.85766,7.53746,2
1016,0.06805,3.85776,7.53746,2
1016.1,0.06805,3.85787,7.53746,2
1016.2,0.06805,3.85797,7.53746,2
1016.3,0.06805,3.85807,7.53746,2
1016.4,0.06805,3.85818,7.53746,2
1016.5,0.06805,3.85828,7.53746,2
1016.6,0.06805,3.85839,7.53746,2
1016.7,0.06805,3.85849,7.53746,2
1016.8,0.06805,3.85859,7.53746,2
1016.9,0.06805,3.8587,7.53746,2
1017,0.06805,3.8588,7.53746,2
1017.1,0.06805,3.85891,7.53746,2
1017.2,0.06805,3.85901,7.53746,2
1017.3,0.06805,3.85912,7.53746,2
1017.4,0.06805,3.85922,7.53746,2
1017.5,0.06805,3.85933,7.53746,2
1017.6,0.06804,3.85943,7.53746,2
1017.7,0.06804,3.85954,7.53746,2
1017.8,0.06804,3.85964,7.53746,2
1017.9,0.06804,3.85975,7.53746,2
1018,0.06804,3.85985,7.53746,2
1018.1,0.06804,3.85996,7.53746,2
1018.2,0.06804,3.86007,7.53747,2
1018.3,0.06804,3.86017,7.53747,2
1018.4,0.06804,3.86028,7.53747,2
1018.5,0.06804,3.86039,7.53747,2
1018.6,0.06804,3.86049,7.53747,2
1018.7,0.06804,3.8606,7.53747,2
1018.8,0.06804,3.8607,7.53747,2
1018.9,0.06804,3.86081,7.53747,2
1019,0.06804,3.86092,7.53747,2
1019.1,0.06804,3.86102,7.53747,2
1019.2,0.06804,3.86113,7.53747,2
1019.3,0.06804,3.86123,7.53747,2
1019.4,0.06804,3.86134,7.53747,2
1019.5,0.06804,3.86145,7.53747,2
1019.6,0.06804,3.86155,7.53747,2
1019.7,0.06804,3.86166,7.53747,2
1019.8,0.06804,3.86177,7.53747,2
1019.9,0.06803,3.86187,7.53747,2
1020,0.06803,3.86198,7.53747,2
1020.1,0.06803,3.86208,7.53747,2
1020.2,0.06803,3.86219,7.53747,2
1020.3,0.06803,3.86229,7.53747,2
1020.4,0.06803,3.8624,7.53748,2
1020.5,0.06803,3.8625,7.53748,2
1020.6,0.06803,3.86261,7.53748,2
1020.7,0.06803,3.86271,7.53748,2
1020.8,0.06803,3.86282,7.53748,2
1020.9,0.06803,3.86293,7.53748,2
1021,0.06803,3.86303,7.53748,2
1021.1,0.06803,3.86314,7.53748,2
1021.2,0.06803,3.86324,7.53748,2
1021.3,0.06803,3.86335,7.53748,2
1021.4,0.06803,3.86346,7.53748,2
1021.5,0.06803,3.86356,7.53748,2
1021.6,0.06803,3.86367,7.53748,2
1021.7,0.06803,3.86378,7.53748,2
1021.8,0.06803,3.86389,7.53748,2
1021.9,0.06803,3.864,7.53748,2
1022,0.06803,3.8641,7.53748,2
1022.1,0.06803,3.86421,7.53748,2
1022.2,0.06803,3.86432,7.53748,2
1022.3,0.06803,3.86443,7.53748,2
1022.4,0.06803,3.86454,7.53748,2
1022.5,0.06803,3.86465,7.53749,2
1022.6,0.06803,3.86476,7.53749,2
1022.7,0.06802,3.86487,7.53749,2
1022.8,0.06802,3.86498,7.53749,2
1022.9,0.06802,3.86509,7.53749,2
1023,0.06802,3.8652,7.53749,2
1023.1,0.06802,3.86531,7.53749,2
1023.2,0.06802,3.86542,7.53749,2
1023.3,0.06802,3.86553,7.53749,2
1023.4,0.06802,3.86564,7.53749,2
1023.5,0.06802,3.86575,7.5375,2
1023.6,0.06802,3.86586,7.5375,2
1023.7,0.06802,3.86597,7.5375,2
1023.8,0.06802,3.86609,7.5375,2
1023.9,0.06802,3.8662,7.5375,2
1024,0.06802,3.86631,7.5375,2
1024.1,0.06802,3.86642,7.5375,2
1024.2,0.06802,3.86653,7.5375,2
1024.3,0.06802,3.86664,7.5375,2
1024.4,0.06802,3.86675,7.5375,2
1024.5,0.06802,3.86686,7.5375,2
1024.6,0.06802,3.86698,7.5375,2
1024.7,0.06802,3.86709,7.53751,2
1024.8,0.06802,3.8672,7.53751,2
1024.9,0.06802,3.86731,7.53751,2
1025,0.06802,3.86742,7.53751,2
1025.1,0.06802,3.86753,7.53751,2
1025.2,0.06802,3.86764,7.53751,2
1025.3,0.06802,3.86775,7.53751,2
1025.4,0.06802,3.86786,7.53751,2
1025.5,0.06802,3.86797,7.53751,2
1025.6,0.06802,3.86808,7.53751,2
1025.7,0.06802,3.86819,7.53751,2
1025.8,0.06802,3.8683,7.53751,2
1025.9,0.06802,3.86841,7.53752,2
1026,0.06802,3.86852,7.53752,2
1026.1,0.06802,3.86863,7.53752,2
1026.2,0.06802,3.86874,7.53752,2
1026.3,0.06802,3.86885,7.53752,2
1026.4,0.06802,3.86896,7.53752,2
1026.5,0.06802,3.86907,7.53752,2
1026.6,0.06802,3.86918,7.53752,2
1026.7,0.06802,3.86929,7.53752,2
1026.8,0.06802,3.8694,7.53752,2
1026.9,0.06802,3.86951,7.53752,2
1027,0.06802,3.86961,7.53752,2
1027.1,0.06802,3.86972,7.53752,2
1027.2,0.06802,3.86983,7.53753,2
1027.3,0.06802,3.86994,7.53753,2
1027.4,0.06802,3.87004,7.53753,2
1027.5,0.06802,3.87015,7.53753,2
1027.6,0.06802,3.87026,7.53753,2
1027.7,0.06802,3.87037,7.53753,2
1027.8,0.06802,3.87047,7.53753,2
1027.9,0.06802,3.87058,7.53753,2
1028,0.06802,3.87068,7.53753,2
1028.1,0.06802,3.87079,7.53754,2
1028.2,0.06802,3.87089,7.53754,2
1028.3,0.06802,3.87099,7.53754,2
1028.4,0.06802,3.8711,7.53754,2
1028.5,0.06802,3.8712,7.53754,2
1028.6,0.06802,3.87131,7.53754,2
1028.7,0.06802,3.87141,7.53754,2
1028.8,0.06802,3.87151,7.53754,2
1028.9,0.06802,3.87161,7.53754,2
1029,0.06802,3.87171,7.53754,2
1029.1,0.06802,3.87182,7.53755,2
1029.2,0.06802,3.87192,7.53755,2
1029.3,0.06802,3.87202,7.53755,2
1029.4,0.06802,3.87212,7.53755,2
1029.5,0.06802,3.87222,7.53755,2
1029.6,0.06803,3.87232,7.53755,2
1029.7,0.06803,3.87242,7.53755,2
1029.8,0.06803,3.87252,7.53755,2
1029.9,0.06803,3.87262,7.53755,2
1030,0.06803,3.87272,7.53756,2
1030.1,0.06803,3.87283,7.53756,2
1030.2,0.06803,3.87293,7.53756,2
1030.3,0.06803,3.87303,7.53756,2
1030.4,0.06803,3.87313,7.53756,2
1030.5,0.06803,3.87324,7.53756,2
1030.6,0.06803,3.87334,7.53756,2
1030.7,0.06803,3.87344,7.53756,2
1030.8,0.06803,3.87354,7.53756,2
1030.9,0.06803,3.87365,7.53757,2
1031,0.06803,3.87375,7.53757,2
1031.1,0.06803,3.87385,7.53757,2
1031.2,0.06803,3.87395,7.53757,2
1031.3,0.06803,3.87405,7.53757,2
1031.4,0.06803,3.87416,7.53757,2
1031.5,0.06803,3.87426,7.53757,2
1031.6,0.06803,3.87436,7.53757,2
1031.7,0.06803,3.87446,7.53757,2
1031.8,0.06803,3.87456,7.53758,2
1031.9,0.06803,3.87466,7.53758,2
1032,0.06803,3.87476,7.53758,2
1032.1,0.06803,3.87486,7.53758,2
1032.2,0.06803,3.87496,7.53758,2
1032.3,0.06803,3.87506,7.53758,2
1032.4,0.06804,3.87516,7.53758,2
1032.5,0.06804,3.87526,7.53759,2
1032.6,0.06804,3.87537,7.53759,2
1032.7,0.06804,3.87547,7.53759,2
1032.8,0.06804,3.87557,7.53759,2
1032.9,0.06804,3.87567,7.53759,2
1033,0.06804,3.87578,7.53759,2
1033.1,0.06804,3.87588,7.53759,2
1033.2,0.06804,3.87598,7.53759,2
1033.3,0.06804,3.87608,7.5376,2
1033.4,0.06804,3.87618,7.5376,2
1033.5,0.06804,3.87629,7.5376,2
1033.6,0.06804,3.87639,7.5376,2
1033.7,0.06804,3.87649,7.5376,2
1033.8,0.06805,3.87659,7.5376,2
1033.9,0.06805,3.87669,7.5376,2
1034,0.06805,3.87679,7.5376,2
1034.1,0.06805,3.87689,7.5376,2
1034.2,0.06805,3.87699,7.5376,2
1034.3,0.06805,3.87709,7.5376,2
1034.4,0.06805,3.87719,7.53761,2
1034.5,0.06805,3.87729,7.53761,2
1034.6,0.06805,3.87739,7.53761,2
1034.7,0.06805,3.87749,7.53761,2
1034.8,0.06805,3.87759,7.53761,2
1034.9,0.06806,3.87769,7.53761,2
1035,0.06806,3.87779,7.53761,2
1035.1,0.06806,3.87789,7.53762,2
1035.2,0.06806,3.87799,7.53762,2
1035.3,0.06806,3.87808,7.53762,2
1035.4,0.06806,3.87818,7.53762,2
1035.5,0.06806,3.87828,7.53762,2
1035.6,0.06806,3.87838,7.53762,2
1035.7,0.06806,3.87848,7.53762,2
1035.8,0.06807,3.87857,7.53762,2
1035.9,0.06807,3.87867,7.53763,2
1036,0.06807,3.87877,7.53763,2
1036.1,0.06807,3.87887,7.53763,2
1036.2,0.06807,3.87897,7.53763,2
1036.3,0.06807,3.87906,7.53763,2
1036.4,0.06807,3.87916,7.53763,2
1036.5,0.06807,3.87926,7.53763,2
1036.6,0.06807,3.87936,7.53764,2
1036.7,0.06807,3.87945,7.53764,2
1036.8,0.06808,3.87955,7.53764,2
1036.9,0.06808,3.87965,7.53764,2
1037,0.06808,3.87974,7.53764,2
1037.1,0.06808,3.87984,7.53764,2
1037.2,0.06808,3.87994,7.53764,2
1037.3,0.06808,3.88003,7.53764,2
1037.4,0.06808,3.88013,7.53765,2
1037.5,0.06808,3.88022,7.53765,2
1037.6,0.06809,3.88032,7.53765,2
1037.7,0.06809,3.88042,7.53765,2
1037.8,0.06809,3.88051,7.53765,2
1037.9,0.06809,3.8806,7.53765,2
1038,0.06809,3.8807,7.53765,2
1038.1,0.06809,3.8808,7.53766,2
1038.2,0.06809,3.88089,7.53766,2
1038.3,0.06809,3.88099,7.53766,2
1038.4,0.06809,3.88108,7.53766,2
1038.5,0.0681,3.88117,7.53766,2
1038.6,0.0681,3.88127,7.53766,2
1038.7,0.0681,3.88136,7.53766,2
1038.8,0.0681,3.88145,7.53767,2
1038.9,0.0681,3.88155,7.53767,2
1039,0.0681,3.88164,7.53767,2
1039.1,0.0681,3.88173,7.53767,2
1039.2,0.06811,3.88182,7.53767,2
1039.3,0.06811,3.88191,7.53767,2
1039.4,0.06811,3.882,7.53768,2
1039.5,0.06811,3.88209,7.53768,2
1039.6,0.06811,3.88218,7.53768,2
1039.7,0.06811,3.88227,7.53768,2
1039.8,0.06811,3.88236,7.53768,2
1039.9,0.06812,3.88245,7.53768,2
1040,0.06812,3.88253,7.53768,2
1040.1,0.06812,3.88262,7.53769,2
1040.2,0.06812,3.88271,7.53769,2
1040.3,0.06812,3.88279,7.53769,2
1040.4,0.06812,3.88287,7.53769,2
1040.5,0.06812,3.88296,7.53769,2
1040.6,0.06813,3.88304,7.53769,2
1040.7,0.06813,3.88313,7.53769,2
1040.8,0.06813,3.88321,7.5377,2
1040.9,0.06813,3.8833,7.5377,2
1041,0.06813,3.88338,7.5377,2
1041.1,0.06813,3.88346,7.5377,2
1041.2,0.06814,3.88355,7.5377,2
1041.3,0.06814,3.88363,7.53771,2
1041.4,0.06814,3.88371,7.53771,2
1041.5,0.06814,3.8838,7.53771,2
1041.6,0.06814,3.88388,7.53771,2
1041.7,0.06814,3.88396,7.53771,2
1041.8,0.06815,3.88405,7.53771,2
1041.9,0.06815,3.88413,7.53772,2
1042,0.06815,3.88421,7.53772,2
1042.1,0.06815,3.8843,7.53772,2
1042.2,0.06815,3.88438,7.53772,2
1042.3,0.06815,3.88447,7.53772,2
1042.4,0.06816,3.88455,7.53772,2
1042.5,0.06816,3.88463,7.53772,2
1042.6,0.06816,3.88472,7.53773,2
1042.7,0.06816,3.8848,7.53773,2
1042.8,0.06816,3.88488,7.53773,2
1042.9,0.06817,3.88496,7.53773,2
1043,0.06817,3.88504,7.53773,2
1043.1,0.06817,3.88512,7.53773,2
1043.2,0.06817,3.88521,7.53774,2
1043.3,0.06817,3.88528,7.53774,2
1043.4,0.06817,3.88536,7.53774,2
1043.5,0.06818,3.88544,7.53774,2
1043.6,0.06818,3.88552,7.53774,2
1043.7,0.06818,3.8856,7.53774,2
1043.8,0.06818,3.88568,7.53775,2
1043.9,0.06818,3.88575,7.53775,2
1044,0.06819,3.88583,7.53775,2
1044.1,0.06819,3.88591,7.53775,2
1044.2,0.06819,3.88598,7.53775,2
1044.3,0.06819,3.88606,7.53776,2
1044.4,0.06819,3.88614,7.53776,2
1044.5,0.0682,3.88622,7.53776,2
1044.6,0.0682,3.88629,7.53776,2
1044.7,0.0682,3.88637,7.53776,2
1044.8,0.0682,3.88644,7.53776,2
1044.9,0.06821,3.88652,7.53776,2
1045,0.06821,3.88659,7.53777,2
1045.1,0.06821,3.88666,7.53777,2
1045.2,0.06821,3.88674,7.53777,2
1045.3,0.06821,3.88681,7.53777,2
1045.4,0.06822,3.88689,7.53777,2
1045.5,0.06822,3.88696,7.53777,2
1045.6,0.06822,3.88703,7.53778,2
1045.7,0.06822,3.8871,7.53778,2
1045.8,0.06822,3.88718,7.53778,2
1045.9,0.06823,3.88725,7.53778,2
1046,0.06823,3.88732,7.53778,2
1046.1,0.06823,3.88739,7.53779,2
1046.2,0.06823,3.88746,7.53779,2
1046.3,0.06824,3.88753,7.53779,2
1046.4,0.06824,3.88759,7.53779,2
1046.5,0.06824,3.88766,7.53779,2
1046.6,0.06824,3.88773,7.53779,2
1046.7,0.06825,3.8878,7.5378,2
1046.8,0.06825,3.88786,7.5378,2
1046.9,0.06825,3.88793,7.5378,2
1047,0.06825,3.888,7.5378,2
1047.1,0.06825,3.88807,7.5378,2
1047.2,0.06826,3.88813,7.5378,2
1047.3,0.06826,3.8882,7.5378,2
1047.4,0.06826,3.88827,7.53781,2
1047.5,0.06826,3.88833,7.53781,2
1047.6,0.06827,3.8884,7.53781,2
1047.7,0.06827,3.88846,7.53781,2
1047.8,0.06827,3.88853,7.53781,2
1047.9,0.06827,3.88859,7.53781,2
1048,0.06828,3.88866,7.53782,2
1048.1,0.06828,3.88872,7.53782,2
1048.2,0.06828,3.88879,7.53782,2
1048.3,0.06828,3.88885,7.53782,2
1048.4,0.06829,3.88892,7.53782,2
1048.5,0.06829,3.88898,7.53783,2
1048.6,0.06829,3.88904,7.53783,2
1048.7,0.06829,3.8891,7.53783,2
1048.8,0.0683,3.88917,7.53783,2
1048.9,0.0683,3.88923,7.53783,2
1049,0.0683,3.88929,7.53783,2
1049.1,0.0683,3.88935,7.53784,2
1049.2,0.06831,3.88942,7.53784,2
1049.3,0.06831,3.88948,7.53784,2
1049.4,0.06831,3.88954,7.53784,2
1049.5,0.06831,3.8896,7.53784,2
1049.6,0.06832,3.88966,7.53784,2
1049.7,0.06832,3.88972,7.53784,2
1049.8,0.06832,3.88978,7.53785,2
1049.9,0.06833,3.88984,7.53785,2
1050,0.06833,3.8899,7.53785,2
1050.1,0.06833,3.88996,7.53785,2
1050.2,0.06833,3.89002,7.53785,2
1050.3,0.06834,3.89007,7.53785,2
1050.4,0.06834,3.89013,7.53786,2
1050.5,0.06834,3.89019,7.53786,2
1050.6,0.06834,3.89025,7.53786,2
1050.7,0.06835,3.8903,7.53786,2
1050.8,0.06835,3.89036,7.53786,2
1050.9,0.06835,3.89042,7.53786,2
1051,0.06836,3.89048,7.53787,2
1051.1,0.06836,3.89053,7.53787,2
1051.2,0.06836,3.89059,7.53787,2
1051.3,0.06836,3.89065,7.53787,2
1051.4,0.06837,3.89071,7.53787,2
1051.5,0.06837,3.89076,7.53787,2
1051.6,0.06837,3.89082,7.53788,2
1051.7,0.06837,3.89087,7.53788,2
1051.8,0.06838,3.89093,7.53788,2
1051.9,0.06838,3.89099,7.53788,2
1052,0.06838,3.89104,7.53788,2
1052.1,0.06839,3.8911,7.53788,2
1052.2,0.06839,3.89115,7.53788,2
1052.3,0.06839,3.89121,7.53789,2
1052.4,0.0684,3.89126,7.53789,2
1052.5,0.0684,3.89132,7.53789,2
1052.6,0.0684,3.89137,7.53789,2
1052.7,0.0684,3.89143,7.53789,2
1052.8,0.06841,3.89148,7.53789,2
1052.9,0.06841,3.89153,7.5379,2
1053,0.06841,3.89159,7.5379,2
1053.1,0.06842,3.89164,7.5379,2
1053.2,0.06842,3.89169,7.5379,2
1053.3,0.06842,3.89174,7.5379,2
1053.4,0.06843,3.89179,7.5379,2
1053.5,0.06843,3.89184,7.53791,2
1053.6,0.06843,3.8919,7.53791,2
1053.7,0.06844,3.89195,7.53791,2
1053.8,0.06844,3.892,7.53791,2
1053.9,0.06844,3.89205,7.53791,2
1054,0.06844,3.89209,7.53791,2
1054.1,0.06845,3.89214,7.53791,2
1054.2,0.06845,3.89219,7.53792,2
1054.3,0.06845,3.89224,7.53792,2
1054.4,0.06846,3.89228,7.53792,2
1054.5,0.06846,3.89233,7.53792,2
1054.6,0.06846,3.89237,7.53792,2
1054.7,0.06847,3.89242,7.53792,2
1054.8,0.06847,3.89246,7.53792,2
1054.9,0.06847,3.89251,7.53793,2
1055,0.06848,3.89255,7.53793,2
1055.1,0.06848,3.89259,7.53793,2
1055.2,0.06848,3.89264,7.53793,2
1055.3,0.06849,3.89268,7.53793,2
1055.4,0.06849,3.89272,7.53793,2
1055.5,0.06849,3.89277,7.53794,2
1055.6,0.0685,3.89281,7.53794,2
1055.7,0.0685,3.89285,7.53794,2
1055.8,0.0685,3.8929,7.53794,2
1055.9,0.06851,3.89294,7.53794,2
1056,0.06851,3.89298,7.53795,2
1056.1,0.06851,3.89303,7.53795,2
1056.2,0.06852,3.89307,7.53795,2
1056.3,0.06852,3.89311,7.53795,2
1056.4,0.06852,3.89316,7.53795,2
1056.5,0.06853,3.8932,7.53795,2
1056.6,0.06853,3.89324,7.53796,2
1056.7,0.06854,3.89328,7.53796,2
1056.8,0.06854,3.89333,7.53796,2
1056.9,0.06854,3.89337,7.53796,2
1057,0.06855,3.89341,7.53796,2
1057.1,0.06855,3.89345,7.53796,2
1057.2,0.06855,3.89349,7.53797,2
1057.3,0.06856,3.89353,7.53797,2
1057.4,0.06856,3.89357,7.53797,2
1057.5,0.06856,3.8936,7.53797,2
1057.6,0.06857,3.89364,7.53797,2
1057.7,0.06857,3.89368,7.53797,2
1057.8,0.06857,3.89372,7.53798,2
1057.9,0.06858,3.89376,7.53798,2
1058,0.06858,3.89379,7.53798,2
1058.1,0.06859,3.89383,7.53798,2
1058.2,0.06859,3.89387,7.53798,2
1058.3,0.06859,3.8939,7.53799,2
1058.4,0.0686,3.89394,7.53799,2
1058.5,0.0686,3.89397,7.53799,2
1058.6,0.0686,3.89401,7.53799,2
1058.7,0.06861,3.89404,7.53799,2
1058.8,0.06861,3.89407,7.53799,2
1058.9,0.06862,3.89411,7.538,2
1059,0.06862,3.89414,7.538,2
1059.1,0.06862,3.89417,7.538,2
1059.2,0.06863,3.8942,7.538,2
1059.3,0.06863,3.89424,7.538,2
1059.4,0.06863,3.89427,7.538,2
1059.5,0.06864,3.8943,7.538,2
1059.6,0.06864,3.89433,7.53801,2
1059.7,0.06865,3.89436,7.53801,2
1059.8,0.06865,3.89439,7.53801,2
1059.9,0.06865,3.89442,7.53801,2
1060,0.06866,3.89445,7.53801,2
1060.1,0.06866,3.89448,7.53802,2
1060.2,0.06867,3.89451,7.53802,2
1060.3,0.06867,3.89454,7.53802,2
1060.4,0.06867,3.89457,7.53802,2
1060.5,0.06868,3.8946,7.53802,2
1060.6,0.06868,3.89463,7.53802,2
1060.7,0.06869,3.89466,7.53803,2
1060.8,0.06869,3.89468,7.53803,2
1060.9,0.06869,3.89471,7.53803,2
1061,0.0687,3.89474,7.53803,2
1061.1,0.0687,3.89477,7.53803,2
1061.2,0.06871,3.8948,7.53803,2
1061.3,0.06871,3.89482,7.53803,2
1061.4,0.06871,3.89485,7.53804,2
1061.5,0.06872,3.89487,7.53804,2
1061.6,0.06872,3.8949,7.53804,2
1061.7,0.06873,3.89492,7.53804,2
1061.8,0.06873,3.89494,7.53804,2
1061.9,0.06873,3.89497,7.53804,2
1062,0.06874,3.89499,7.53804,2
1062.1,0.06874,3.89501,7.53804,2
1062.2,0.06875,3.89503,7.53804,2
1062.3,0.06875,3.89506,7.53805,2
1062.4,0.06875,3.89508,7.53805,2
1062.5,0.06876,3.8951,7.53805,2
1062.6,0.06876,3.89512,7.53805,2
1062.7,0.06877,3.89514,7.53805,2
1062.8,0.06877,3.89516,7.53805,2
1062.9,0.06878,3.89518,7.53806,2
1063,0.06878,3.8952,7.53806,2
1063.1,0.06878,3.89522,7.53806,2
1063.2,0.06879,3.89524,7.53806,2
1063.3,0.06879,3.89526,7.53806,2
1063.4,0.0688,3.89528,7.53807,2
1063.5,0.0688,3.8953,7.53807,2
1063.6,0.06881,3.89532,7.53807,2
1063.7,0.06881,3.89534,7.53807,2
1063.8,0.06881,3.89536,7.53807,2
1063.9,0.06882,3.89537,7.53808,2
1064,0.06882,3.89539,7.53808,2
1064.1,0.06883,3.89541,7.53808,2
1064.2,0.06883,3.89543,7.53808,2
1064.3,0.06883,3.89544,7.53808,2
1064.4,0.06884,3.89546,7.53808,2
1064.5,0.06884,3.89547,7.53809,2
1064.6,0.06885,3.89549,7.53809,2
1064.7,0.06885,3.8955,7.53809,2
1064.8,0.06886,3.89551,7.53809,2
1064.9,0.06886,3.89553,7.53809,2
1065,0.06886,3.89554,7.5381,2
1065.1,0.06887,3.89555,7.5381,2
1065.2,0.06887,3.89557,7.5381,2
1065.3,0.06888,3.89558,7.5381,2
1065.4,0.06888,3.89559,7.5381,2
1065.5,0.06889,3.8956,7.53811,2
1065.6,0.06889,3.89561,7.53811,2
1065.7,0.0689,3.89562,7.53811,2
1065.8,0.0689,3.89563,7.53811,2
1065.9,0.0689,3.89564,7.53811,2
1066,0.06891,3.89565,7.53811,2
1066.1,0.06891,3.89566,7.53812,2
1066.2,0.06892,3.89567,7.53812,2
1066.3,0.06892,3.89568,7.53812,2
1066.4,0.06893,3.89569,7.53812,2
1066.5,0.06893,3.8957,7.53812,2
1066.6,0.06893,3.8957,7.53812,2
1066.7,0.06894,3.89571,7.53813,2
1066.8,0.06894,3.89572,7.53813,2
1066.9,0.06895,3.89573,7.53813,2
1067,0.06895,3.89574,7.53813,2
1067.1,0.06896,3.89575,7.53813,2
1067.2,0.06896,3.89575,7.53813,2
1067.3,0.06897,3.89576,7.53814,2
1067.4,0.06897,3.89576,7.53814,2
1067.5,0.06898,3.89577,7.53814,2
1067.6,0.06898,3.89578,7.53814,2
1067.7,0.06898,3.89578,7.53814,2
1067.8,0.06899,3.89579,7.53815,2
1067.9,0.06899,3.89579,7.53815,2
1068,0.069,3.89579,7.53815,2
1068.1,0.069,3.8958,7.53815,2
1068.2,0.06901,3.8958,7.53815,2
1068.3,0.06901,3.89581,7.53815,2
1068.4,0.06902,3.89581,7.53816,2
1068.5,0.06902,3.89581,7.53816,2
1068.6,0.06902,3.89582,7.53816,2
1068.7,0.06903,3.89582,7.53816,2
1068.8,0.06903,3.89583,7.53816,2
1068.9,0.06904,3.89583,7.53816,2
1069,0.06904,3.89584,7.53816,2
1069.1,0.06905,3.89584,7.53817,2
1069.2,0.06905,3.89584,7.53817,2
1069.3,0.06906,3.89585,7.53817,2
1069.4,0.06906,3.89585,7.53817,2
1069.5,0.06906,3.89585,7.53817,2
1069.6,0.06907,3.89585,7.53817,2
1069.7,0.06907,3.89585,7.53818,2
1069.8,0.06908,3.89584,7.53818,2
1069.9,0.06908,3.89584,7.53818,2
1070,0.06909,3.89584,7.53818,2
1070.1,0.06909,3.89584,7.53818,2
1070.2,0.0691,3.89584,7.53819,2
1070.3,0.0691,3.89584,7.53819,2
1070.4,0.06911,3.89583,7.53819,2
1070.5,0.06911,3.89583,7.53819,2
1070.6,0.06912,3.89582,7.53819,2
1070.7,0.06912,3.89582,7.53819,2
1070.8,0.06912,3.89582,7.5382,2
1070.9,0.06913,3.89581,7.5382,2
1071,0.06913,3.89581,7.5382,2
1071.1,0.06914,3.8958,7.5382,2
1071.2,0.06914,3.8958,7.5382,2
1071.3,0.06915,3.8958,7.5382,2
1071.4,0.06915,3.89579,7.5382,2
1071.5,0.06916,3.89579,7.53821,2
1071.6,0.06916,3.89578,7.53821,2
1071.7,0.06917,3.89577,7.53821,2
1071.8,0.06917,3.89577,7.53821,2
1071.9,0.06918,3.89576,7.53821,2
1072,0.06918,3.89575,7.53821,2
1072.1,0.06919,3.89575,7.53822,2
1072.2,0.06919,3.89574,7.53822,2
1072.3,0.06919,3.89574,7.53822,2
1072.4,0.0692,3.89573,7.53822,2
1072.5,0.0692,3.89572,7.53822,2
1072.6,0.06921,3.89571,7.53822,2
1072.7,0.06921,3.8957,7.53823,2
1072.8,0.06922,3.89569,7.53823,2
1072.9,0.06922,3.89568,7.53823,2
1073,0.06923,3.89567,7.53823,2
1073.1,0.06923,3.89566,7.53823,2
1073.2,0.06924,3.89565,7.53823,2
1073.3,0.06924,3.89564,7.53824,2
1073.4,0.06925,3.89562,7.53824,2
1073.5,0.06925,3.89561,7.53824,2
1073.6,0.06926,3.89559,7.53824,2
1073.7,0.06926,3.89558,7.53824,2
1073.8,0.06926,3.89556,7.53824,2
1073.9,0.06927,3.89555,7.53824,2
1074,0.06927,3.89553,7.53825,2
1074.1,0.06928,3.89552,7.53825,2
1074.2,0.06928,3.8955,7.53825,2
1074.3,0.06929,3.89548,7.53825,2
1074.4,0.06929,3.89546,7.53825,2
1074.5,0.0693,3.89544,7.53825,2
1074.6,0.0693,3.89542,7.53826,2
1074.7,0.06931,3.8954,7.53826,2
1074.8,0.06931,3.89538,7.53826,2
1074.9,0.06932,3.89536,7.53826,2
1075,0.06932,3.89534,7.53826,2
1075.1,0.06933,3.89532,7.53827,2
1075.2,0.06933,3.8953,7.53827,2
1075.3,0.06934,3.89528,7.53827,2
1075.4,0.06934,3.89526,7.53827,2
1075.5,0.06934,3.89524,7.53827,2
1075.6,0.06935,3.89522,7.53827,2
1075.7,0.06935,3.8952,7.53828,2
1075.8,0.06936,3.89517,7.53828,2
1075.9,0.06936,3.89515,7.53828,2
1076,0.06937,3.89513,7.53828,2
1076.1,0.06937,3.89511,7.53828,2
1076.2,0.06938,3.89509,7.53828,2
1076.3,0.06938,3.89507,7.53828,2
1076.4,0.06939,3.89504,7.53829,2
1076.5,0.06939,3.89502,7.53829,2
1076.6,0.0694,3.895,7.53829,2
1076.7,0.0694,3.89497,7.53829,2
1076.8,0.0694,3.89494,7.53829,2
1076.9,0.06941,3.89492,7.5383,2
1077,0.06941,3.89489,7.5383,2
1077.1,0.06942,3.89487,7.5383,2
1077.2,0.06942,3.89484,7.5383,2
1077.3,0.06943,3.89481,7.5383,2
1077.4,0.06943,3.89479,7.5383,2
1077.5,0.06944,3.89476,7.53831,2
1077.6,0.06944,3.89474,7.53831,2
1077.7,0.06945,3.89471,7.53831,2
1077.8,0.06945,3.89468,7.53831,2
1077.9,0.06946,3.89465,7.53831,2
1078,0.06946,3.89462,7.53831,2
1078.1,0.06947,3.8946,7.53832,2
1078.2,0.06947,3.89457,7.53832,2
1078.3,0.06947,3.89454,7.53832,2
1078.4,0.06948,3.89451,7.53832,2
1078.5,0.06948,3.89448,7.53832,2
1078.6,0.06949,3.89445,7.53832,2
1078.7,0.06949,3.89443,7.53832,2
1078.8,0.0695,3.8944,7.53833,2
1078.9,0.0695,3.89437,7.53833,2
1079,0.06951,3.89434,7.53833,2
1079.1,0.06951,3.89431,7.53833,2
1079.2,0.06952,3.89428,7.53833,2
1079.3,0.06952,3.89425,7.53833,2
1079.4,0.06953,3.89422,7.53834,2
1079.5,0.06953,3.89419,7.53834,2
1079.6,0.06953,3.89416,7.53834,2
1079.7,0.06954,3.89413,7.53834,2
1079.8,0.06954,3.89411,7.53834,2
1079.9,0.06955,3.89408,7.53834,2
1080,0.06955,3.89405,7.53835,2
1080.1,0.06956,3.89402,7.53835,2
1080.2,0.06956,3.89399,7.53835,2
1080.3,0.06957,3.89396,7.53835,2
1080.4,0.06957,3.89393,7.53835,2
1080.5,0.06958,3.89389,7.53835,2
1080.6,0.06958,3.89386,7.53836,2
1080.7,0.06958,3.89383,7.53836,2
1080.8,0.06959,3.8938,7.53836,2
1080.9,0.06959,3.89376,7.53836,2
1081,0.0696,3.89373,7.53836,2
1081.1,0.0696,3.89369,7.53836,2
1081.2,0.06961,3.89366,7.53836,2
1081.3,0.06961,3.89362,7.53836,2
1081.4,0.06962,3.89359,7.53837,2
1081.5,0.06962,3.89355,7.53837,2
1081.6,0.06963,3.89351,7.53837,2
1081.7,0.06963,3.89348,7.53837,2
1081.8,0.06963,3.89344,7.53837,2
1081.9,0.06964,3.8934,7.53837,2
1082,0.06964,3.89337,7.53838,2
1082.1,0.06965,3.89333,7.53838,2
1082.2,0.06965,3.89329,7.53838,2
1082.3,0.06966,3.89326,7.53838,2
1082.4,0.06966,3.89322,7.53838,2
1082.5,0.06967,3.89318,7.53838,2
1082.6,0.06967,3.89314,7.53838,2
1082.7,0.06967,3.8931,7.53839,2
1082.8,0.06968,3.89306,7.53839,2
1082.9,0.06968,3.89302,7.53839,2
1083,0.06969,3.89298,7.53839,2
1083.1,0.06969,3.89295,7.53839,2
1083.2,0.0697,3.8929,7.53839,2
1083.3,0.0697,3.89287,7.53839,2
1083.4,0.06971,3.89283,7.5384,2
1083.5,0.06971,3.89278,7.5384,2
1083.6,0.06971,3.89274,7.5384,2
1083.7,0.06972,3.8927,7.5384,2
1083.8,0.06972,3.89266,7.5384,2
1083.9,0.06973,3.89262,7.5384,2
1084,0.06973,3.89258,7.5384,2
1084.1,0.06974,3.89254,7.5384,2
1084.2,0.06974,3.89249,7.5384,2
1084.3,0.06975,3.89245,7.53841,2
1084.4,0.06975,3.89241,7.53841,2
1084.5,0.06975,3.89237,7.53841,2
1084.6,0.06976,3.89232,7.53841,2
1084.7,0.06976,3.89228,7.53841,2
1084.8,0.06977,3.89224,7.53841,2
1084.9,0.06977,3.8922,7.53841,2
1085,0.06978,3.89215,7.53842,2
1085.1,0.06978,3.89211,7.53842,2
1085.2,0.06978,3.89206,7.53842,2
1085.3,0.06979,3.89202,7.53842,2
1085.4,0.06979,3.89198,7.53842,2
1085.5,0.0698,3.89193,7.53842,2
1085.6,0.0698,3.89189,7.53842,2
1085.7,0.06981,3.89184,7.53842,2
1085.8,0.06981,3.8918,7.53843,2
1085.9,0.06981,3.89175,7.53843,2
1086,0.06982,3.89171,7.53843,2
1086.1,0.06982,3.89166,7.53843,2
1086.2,0.06983,3.89161,7.53843,2
1086.3,0.06983,3.89157,7.53843,2
1086.4,0.06984,3.89152,7.53843,2
1086.5,0.06984,3.89147,7.53843,2
1086.6,0.06984,3.89143,7.53844,2
1086.7,0.06985,3.89138,7.53844,2
1086.8,0.06985,3.89133,7.53844,2
1086.9,0.06986,3.89128,7.53844,2
1087,0.06986,3.89124,7.53844,2
1087.1,0.06987,3.89119,7.53844,2
1087.2,0.06987,3.89114,7.53844,2
1087.3,0.06987,3.89109,7.53844,2
1087.4,0.06988,3.89104,7.53844,2
1087.5,0.06988,3.89099,7.53844,2
1087.6,0.06989,3.89095,7.53845,2
1087.7,0.06989,3.8909,7.53845,2
1087.8,0.06989,3.89085,7.53845,2
1087.9,0.0699,3.8908,7.53845,2
1088,0.0699,3.89075,7.53845,2
1088.1,0.06991,3.8907,7.53845,2
1088.2,0.06991,3.89065,7.53845,2
1088.3,0.06992,3.8906,7.53845,2
1088.4,0.06992,3.89055,7.53846,2
1088.5,0.06992,3.8905,7.53846,2
1088.6,0.06993,3.89045,7.53846,2
1088.7,0.06993,3.8904,7.53846,2
1088.8,0.06994,3.89035,7.53846,2
1088.9,0.06994,3.8903,7.53846,2
1089,0.06994,3.89025,7.53846,2
1089.1,0.06995,3.8902,7.53846,2
1089.2,0.06995,3.89015,7.53847,2
1089.3,0.06996,3.89009,7.53847,2
1089.4,0.06996,3.89004,7.53847,2
1089.5,0.06996,3.88999,7.53847,2
1089.6,0.06997,3.88994,7.53847,2
1089.7,0.06997,3.88989,7.53847,2
1089.8,0.06998,3.88984,7.53847,2
1089.9,0.06998,3.88979,7.53847,2
1090,0.06998,3.88974,7.53847,2
1090.1,0.06999,3.88968,7.53848,2
1090.2,0.06999,3.88963,7.53848,2
1090.3,0.07,3.88958,7.53848,2
1090.4,0.07,3.88952,7.53848,2
1090.5,0.07,3.88947,7.53848,2
1090.6,0.07001,3.88942,7.53848,2
1090.7,0.07001,3.88936,7.53848,2
1090.8,0.07002,3.88931,7.53848,2
1090.9,0.07002,3.88926,7.53848,2
1091,0.07002,3.8892,7.53848,2
1091.1,0.07003,3.88915,7.53849,2
1091.2,0.07003,3.88909,7.53849,2
1091.3,0.07004,3.88903,7.53849,2
1091.4,0.07004,3.88898,7.53849,2
1091.5,0.07004,3.88892,7.53849,2
1091.6,0.07005,3.88887,7.53849,2
1091.7,0.07005,3.88881,7.53849,2
1091.8,0.07005,3.88875,7.53849,2
1091.9,0.07006,3.88869,7.53849,2
1092,0.07006,3.88863,7.53849,2
1092.1,0.07007,3.88857,7.5385,2
1092.2,0.07007,3.88851,7.5385,2
1092.3,0.07007,3.88846,7.5385,2
1092.4,0.07008,3.8884,7.5385,2
1092.5,0.07008,3.88834,7.5385,2
1092.6,0.07008,3.88829,7.5385,2
1092.7,0.07009,3.88823,7.5385,2
1092.8,0.07009,3.88817,7.5385,2
1092.9,0.0701,3.88812,7.5385,2
1093,0.0701,3.88806,7.5385,2
1093.1,0.0701,3.888,7.53851,2
1093.2,0.07011,3.88795,7.53851,2
1093.3,0.07011,3.88789,7.53851,2
1093.4,0.07011,3.88783,7.53851,2
1093.5,0.07012,3.88777,7.53851,2
1093.6,0.07012,3.88771,7.53851,2
1093.7,0.07013,3.88765,7.53851,2
1093.8,0.07013,3.88759,7.53851,2
1093.9,0.07013,3.88754,7.53851,2
1094,0.07014,3.88748,7.53851,2
1094.1,0.07014,3.88742,7.53852,2
1094.2,0.07014,3.88736,7.53852,2
1094.3,0.07015,3.8873,7.53852,2
1094.4,0.07015,3.88724,7.53852,2
1094.5,0.07015,3.88718,7.53852,2
1094.6,0.07016,3.88712,7.53852,2
1094.7,0.07016,3.88707,7.53852,2
1094.8,0.07017,3.88701,7.53852,2
1094.9,0.07017,3.88695,7.53852,2
1095,0.07017,3.88689,7.53852,2
1095.1,0.07018,3.88683,7.53852,2
1095.2,0.07018,3.88678,7.53852,2
1095.3,0.07018,3.88672,7.53852,2
1095.4,0.07019,3.88666,7.53853,2
1095.5,0.07019,3.88661,7.53853,2
1095.6,0.07019,3.88656,7.53853,2
1095.7,0.0702,3.8865,7.53853,2
1095.8,0.0702,3.88645,7.53853,2
1095.9,0.0702,3.88639,7.53853,2
1096,0.07021,3.88634,7.53853,2
1096.1,0.07021,3.88629,7.53853,2
1096.2,0.07021,3.88623,7.53853,2
1096.3,0.07022,3.88618,7.53853,2
1096.4,0.07022,3.88612,7.53853,2
1096.5,0.07022,3.88606,7.53853,2
1096.6,0.07023,3.88601,7.53854,2
1096.7,0.07023,3.88595,7.53854,2
1096.8,0.07024,3.88589,7.53854,2
1096.9,0.07024,3.88583,7.53854,2
1097,0.07024,3.88578,7.53854,2
1097.1,0.07025,3.88572,7.53854,2
1097.2,0.07025,3.88566,7.53854,2
1097.3,0.07025,3.8856,7.53854,2
1097.4,0.07026,3.88554,7.53854,2
1097.5,0.07026,3.88548,7.53854,2
1097.6,0.07026,3.88542,7.53854,2
1097.7,0.07026,3.88536,7.53854,2
1097.8,0.07027,3.8853,7.53854,2
1097.9,0.07027,3.88524,7.53855,2
1098,0.07027,3.88517,7.53855,2
1098.1,0.07028,3.88511,7.53855,2
1098.2,0.07028,3.88505,7.53855,2
1098.3,0.07028,3.88499,7.53855,2
1098.4,0.07029,3.88493,7.53855,2
1098.5,0.07029,3.88486,7.53855,2
1098.6,0.07029,3.8848,7.53855,2
1098.7,0.0703,3.88474,7.53855,2
1098.8,0.0703,3.88468,7.53855,2
1098.9,0.0703,3.88462,7.53855,2
1099,0.07031,3.88455,7.53855,2
1099.1,0.07031,3.88449,7.53856,2
1099.2,0.07031,3.88443,7.53856,2
1099.3,0.07031,3.88437,7.53856,2
1099.4,0.07032,3.88431,7.53856,2
1099.5,0.07032,3.88425,7.53856,2
1099.6,0.07032,3.88419,7.53856,2
1099.7,0.07033,3.88413,7.53856,2
1099.8,0.07033,3.88406,7.53856,2
1099.9,0.07033,3.884,7.53856,2
1100,0.07034,3.88394,7.53856,2
1100.1,0.07034,3.88388,7.53856,2
1100.2,0.07034,3.88382,7.53856,2
1100.3,0.07034,3.88376,7.53856,2
1100.4,0.07035,3.88369,7.53856,2
1100.5,0.07035,3.88363,7.53856,2
1100.6,0.07035,3.88357,7.53856,2
1100.7,0.07036,3.88351,7.53856,2
1100.8,0.07036,3.88345,7.53856,2
1100.9,0.07036,3.88338,7.53857,2
1101,0.07036,3.88332,7.53857,2
1101.1,0.07037,3.88326,7.53857,2
1101.2,0.07037,3.8832,7.53857,2
1101.3,0.07037,3.88313,7.53857,2
1101.4,0.07038,3.88307,7.53857,2
1101.5,0.07038,3.88301,7.53857,2
1101.6,0.07038,3.88295,7.53857,2
1101.7,0.07038,3.88289,7.53857,2
1101.8,0.07039,3.88283,7.53857,2
1101.9,0.07039,3.88276,7.53857,2
1102,0.07039,3.8827,7.53857,2
1102.1,0.0704,3.88264,7.53857,2
1102.2,0.0704,3.88258,7.53857,2
1102.3,0.0704,3.88252,7.53857,2
1102.4,0.0704,3.88245,7.53857,2
1102.5,0.07041,3.88239,7.53857,2
1102.6,0.07041,3.88233,7.53857,2
1102.7,0.07041,3.88227,7.53857,2
1102.8,0.07041,3.8822,7.53857,2
1102.9,0.07042,3.88214,7.53857,2
1103,0.07042,3.88208,7.53857,2
1103.1,0.07042,3.88201,7.53858,2
1103.2,0.07042,3.88195,7.53858,2
1103.3,0.07043,3.88189,7.53858,2
1103.4,0.07043,3.88182,7.53858,2
1103.5,0.07043,3.88176,7.53858,2
1103.6,0.07043,3.88169,7.53858,2
1103.7,0.07044,3.88163,7.53858,2
1103.8,0.07044,3.88156,7.53858,2
1103.9,0.07044,3.8815,7.53858,2
1104,0.07044,3.88144,7.53858,2
1104.1,0.07045,3.88137,7.53858,2
1104.2,0.07045,3.88131,7.53858,2
1104.3,0.07045,3.88125,7.53858,2
1104.4,0.07045,3.88118,7.53858,2
1104.5,0.07046,3.88112,7.53858,2
1104.6,0.07046,3.88105,7.53858,2
1104.7,0.07046,3.88099,7.53858,2
1104.8,0.07046,3.88093,7.53858,2
1104.9,0.07046,3.88086,7.53858,2
1105,0.07047,3.8808,7.53858,2
1105.1,0.07047,3.88073,7.53858,2
1105.2,0.07047,3.88067,7.53858,2
1105.3,0.07047,3.8806,7.53858,2
1105.4,0.07048,3.88054,7.53858,2
1105.5,0.07048,3.88047,7.53858,2
1105.6,0.07048,3.88041,7.53858,2
1105.7,0.07048,3.88034,7.53858,2
1105.8,0.07048,3.88028,7.53858,2
1105.9,0.07049,3.88021,7.53858,2
1106,0.07049,3.88015,7.53858,2
1106.1,0.07049,3.88008,7.53858,2
1106.2,0.07049,3.88002,7.53858,2
1106.3,0.0705,3.87995,7.53858,2
1106.4,0.0705,3.87989,7.53858,2
1106.5,0.0705,3.87982,7.53858,2
1106.6,0.0705,3.87976,7.53858,2
1106.7,0.0705,3.8797,7.53859,2
1106.8,0.07051,3.87963,7.53859,2
1106.9,0.07051,3.87957,7.53859,2
1107,0.07051,3.8795,7.53859,2
1107.1,0.07051,3.87944,7.53859,2
1107.2,0.07051,3.87937,7.53859,2
1107.3,0.07052,3.87931,7.53859,2
1107.4,0.07052,3.87924,7.53859,2
1107.5,0.07052,3.87918,7.53859,2
1107.6,0.07052,3.87911,7.53859,2
1107.7,0.07052,3.87905,7.53859,2
1107.8,0.07052,3.87898,7.53859,2
1107.9,0.07053,3.87892,7.53859,2
1108,0.07053,3.87885,7.53859,2
1108.1,0.07053,3.87879,7.53859,2
1108.2,0.07053,3.87872,7.53859,2
1108.3,0.07053,3.87866,7.53859,2
1108.4,0.07054,3.87859,7.53859,2
1108.5,0.07054,3.87853,7.53859,2
1108.6,0.07054,3.87846,7.53859,2
1108.7,0.07054,3.8784,7.53859,2
1108.8,0.07054,3.87833,7.53859,2
1108.9,0.07054,3.87826,7.53859,2
1109,0.07055,3.8782,7.53859,2
1109.1,0.07055,3.87813,7.53859,2
1109.2,0.07055,3.87807,7.53859,2
1109.3,0.07055,3.87801,7.53859,2
1109.4,0.07055,3.87794,7.53859,2
1109.5,0.07055,3.87788,7.53859,2
1109.6,0.07056,3.87782,7.53859,2
1109.7,0.07056,3.87775,7.53859,2
1109.8,0.07056,3.87769,7.53859,2
1109.9,0.07056,3.87763,7.53859,2
1110,0.07056,3.87756,7.53859,2
1110.1,0.07056,3.8775,7.53859,2
1110.2,0.07057,3.87744,7.53859,2
1110.3,0.07057,3.87737,7.53859,2
1110.4,0.07057,3.87731,7.53859,2
1110.5,0.07057,3.87724,7.53859,2
1110.6,0.07057,3.87718,7.53859,2
1110.7,0.07057,3.87712,7.53859,2
1110.8,0.07057,3.87705,7.53859,2
1110.9,0.07058,3.87699,7.53859,2
1111,0.07058,3.87692,7.53859,2
1111.1,0.07058,3.87686,7.53859,2
1111.2,0.07058,3.8768,7.53859,2
1111.3,0.07058,3.87674,7.53859,2
1111.4,0.07058,3.87667,7.53859,2
1111.5,0.07058,3.87661,7.53859,2
1111.6,0.07059,3.87655,7.53859,2
1111.7,0.07059,3.87649,7.53859,2
1111.8,0.07059,3.87643,7.53859,2
1111.9,0.07059,3.87637,7.53859,2
1112,0.07059,3.87631,7.53859,2
1112.1,0.07059,3.87625,7.53859,2
1112.2,0.07059,3.87618,7.53859,2
1112.3,0.0706,3.87612,7.53859,2
1112.4,0.0706,3.87606,7.53859,2
1112.5,0.0706,3.876,7.53859,2
1112.6,0.0706,3.87595,7.53859,2
1112.7,0.0706,3.87589,7.53859,2
1112.8,0.0706,3.87583,7.53858,2
1112.9,0.0706,3.87577,7.53858,2
1113,0.07061,3.87571,7.53858,2
1113.1,0.07061,3.87565,7.53858,2
1113.2,0.07061,3.87559,7.53858,2
1113.3,0.07061,3.87553,7.53858,2
1113.4,0.07061,3.87548,7.53858,2
1113.5,0.07061,3.87542,7.53858,2
1113.6,0.07061,3.87536,7.53858,2
1113.7,0.07061,3.87531,7.53858,2
1113.8,0.07061,3.87525,7.53858,2
1113.9,0.07062,3.87519,7.53858,2
1114,0.07062,3.87514,7.53858,2
1114.1,0.07062,3.87508,7.53858,2
1114.2,0.07062,3.87502,7.53858,2
1114.3,0.07062,3.87496,7.53858,2
1114.4,0.07062,3.87491,7.53858,2
1114.5,0.07062,3.87485,7.53858,2
1114.6,0.07062,3.87479,7.53858,2
1114.7,0.07062,3.87474,7.53858,2
1114.8,0.07062,3.87468,7.53858,2
1114.9,0.07062,3.87463,7.53858,2
1115,0.07063,3.87457,7.53858,2
1115.1,0.07063,3.87452,7.53858,2
1115.2,0.07063,3.87446,7.53858,2
1115.3,0.07063,3.8744,7.53858,2
1115.4,0.07063,3.87435,7.53858,2
1115.5,0.07063,3.87429,7.53858,2
1115.6,0.07063,3.87424,7.53858,2
1115.7,0.07063,3.87418,7.53857,2
1115.8,0.07063,3.87413,7.53857,2
1115.9,0.07063,3.87408,7.53857,2
1116,0.07063,3.87402,7.53857,2
1116.1,0.07063,3.87397,7.53857,2
1116.2,0.07063,3.87391,7.53857,2
1116.3,0.07064,3.87386,7.53857,2
1116.4,0.07064,3.87381,7.53857,2
1116.5,0.07064,3.87375,7.53857,2
1116.6,0.07064,3.8737,7.53857,2
1116.7,0.07064,3.87365,7.53857,2
1116.8,0.07064,3.87359,7.53857,2
1116.9,0.07064,3.87354,7.53857,2
1117,0.07064,3.87349,7.53857,2
1117.1,0.07064,3.87344,7.53857,2
1117.2,0.07064,3.87338,7.53857,2
1117.3,0.07064,3.87333,7.53857,2
1117.4,0.07064,3.87328,7.53857,2
1117.5,0.07064,3.87322,7.53857,2
1117.6,0.07064,3.87317,7.53857,2
1117.7,0.07064,3.87312,7.53856,2
1117.8,0.07064,3.87307,7.53856,2
1117.9,0.07064,3.87302,7.53856,2
1118,0.07065,3.87297,7.53856,2
1118.1,0.07065,3.87292,7.53856,2
1118.2,0.07065,3.87287,7.53856,2
1118.3,0.07065,3.87282,7.53856,2
1118.4,0.07065,3.87276,7.53856,2
1118.5,0.07065,3.87271,7.53856,2
1118.6,0.07065,3.87266,7.53856,2
1118.7,0.07065,3.87261,7.53856,2
1118.8,0.07065,3.87256,7.53856,2
1118.9,0.07065,3.87251,7.53856,2
1119,0.07065,3.87246,7.53856,2
1119.1,0.07065,3.87241,7.53856,2
1119.2,0.07065,3.87237,7.53856,2
1119.3,0.07065,3.87232,7.53856,2
1119.4,0.07065,3.87227,7.53855,2
1119.5,0.07065,3.87222,7.53855,2
1119.6,0.07065,3.87217,7.53855,2
1119.7,0.07065,3.87213,7.53855,2
1119.8,0.07065,3.87208,7.53855,2
1119.9,0.07065,3.87204,7.53855,2
1120,0.07065,3.87199,7.53855,2
1120.1,0.07065,3.87194,7.53855,2
1120.2,0.07065,3.8719,7.53855,2
1120.3,0.07065,3.87186,7.53855,2
1120.4,0.07065,3.87181,7.53855,2
1120.5,0.07065,3.87176,7.53855,2
1120.6,0.07065,3.87172,7.53854,2
1120.7,0.07065,3.87168,7.53854,2
1120.8,0.07065,3.87163,7.53854,2
1120.9,0.07065,3.87159,7.53854,2
1121,0.07065,3.87155,7.53854,2
1121.1,0.07065,3.8715,7.53854,2
1121.2,0.07065,3.87146,7.53854,2
1121.3,0.07065,3.87142,7.53854,2
1121.4,0.07065,3.87138,7.53854,2
1121.5,0.07065,3.87134,7.53854,2
1121.6,0.07065,3.8713,7.53853,2
1121.7,0.07065,3.87126,7.53853,2
1121.8,0.07065,3.87122,7.53853,2
1121.9,0.07065,3.87118,7.53853,2
1122,0.07065,3.87114,7.53853,2
1122.1,0.07065,3.8711,7.53853,2
1122.2,0.07065,3.87107,7.53853,2
1122.3,0.07065,3.87103,7.53853,2
1122.4,0.07065,3.87099,7.53853,2
1122.5,0.07065,3.87096,7.53853,2
1122.6,0.07064,3.87092,7.53853,2
1122.7,0.07064,3.87088,7.53853,2
1122.8,0.07064,3.87085,7.53853,2
1122.9,0.07064,3.87081,7.53853,2
1123,0.07064,3.87078,7.53853,2
1123.1,0.07064,3.87075,7.53852,2
1123.2,0.07064,3.87071,7.53852,2
1123.3,0.07064,3.87068,7.53852,2
1123.4,0.07064,3.87065,7.53852,2
1123.5,0.07064,3.87062,7.53852,2
1123.6,0.07064,3.87059,7.53852,2
1123.7,0.07064,3.87055,7.53852,2
1123.8,0.07064,3.87052,7.53852,2
1123.9,0.07064,3.87049,7.53852,2
1124,0.07064,3.87046,7.53852,2
1124.1,0.07064,3.87043,7.53852,2
1124.2,0.07064,3.8704,7.53852,2
1124.3,0.07064,3.87037,7.53852,2
1124.4,0.07063,3.87035,7.53852,2
1124.5,0.07063,3.87032,7.53852,2
1124.6,0.07063,3.87029,7.53852,2
1124.7,0.07063,3.87027,7.53852,2
1124.8,0.07063,3.87024,7.53852,2
1124.9,0.07063,3.87021,7.53852,2
1125,0.07063,3.87018,7.53852,2
1125.1,0.07063,3.87016,7.53852,2
1125.2,0.07063,3.87013,7.53852,2
1125.3,0.07063,3.87011,7.53852,2
1125.4,0.07063,3.87008,7.53853,2
1125.5,0.07063,3.87006,7.53853,2
1125.6,0.07063,3.87003,7.53853,2
1125.7,0.07063,3.87001,7.53853,2
1125.8,0.07063,3.86999,7.53853,2
1125.9,0.07062,3.86997,7.53853,2
1126,0.07062,3.86995,7.53853,2
1126.1,0.07062,3.86993,7.53853,2
1126.2,0.07062,3.86991,7.53853,2
1126.3,0.07062,3.86989,7.53853,2
1126.4,0.07062,3.86987,7.53853,2
1126.5,0.07062,3.86985,7.53853,2
1126.6,0.07062,3.86984,7.53853,2
1126.7,0.07062,3.86982,7.53853,2
1126.8,0.07062,3.8698,7.53853,2
1126.9,0.07062,3.86978,7.53853,2
1127,0.07061,3.86977,7.53853,2
1127.1,0.07061,3.86975,7.53853,2
1127.2,0.07061,3.86973,7.53853,2
1127.3,0.07061,3.86971,7.53853,2
1127.4,0.07061,3.8697,7.53853,2
1127.5,0.07061,3.86968,7.53853,2
1127.6,0.07061,3.86967,7.53853,2
1127.7,0.07061,3.86965,7.53853,2
1127.8,0.07061,3.86964,7.53853,2
1127.9,0.07061,3.86963,7.53853,2
1128,0.0706,3.86961,7.53853,2
1128.1,0.0706,3.8696,7.53853,2
1128.2,0.0706,3.86959,7.53853,2
1128.3,0.0706,3.86957,7.53853,2
1128.4,0.0706,3.86956,7.53854,2
1128.5,0.0706,3.86955,7.53854,2
1128.6,0.0706,3.86954,7.53854,2
1128.7,0.0706,3.86953,7.53854,2
1128.8,0.0706,3.86952,7.53854,2
1128.9,0.07059,3.86951,7.53854,2
1129,0.07059,3.8695,7.53854,2
1129.1,0.07059,3.86949,7.53854,2
1129.2,0.07059,3.86948,7.53854,2
1129.3,0.07059,3.86948,7.53854,2
1129.4,0.07059,3.86947,7.53854,2
1129.5,0.07059,3.86946,7.53854,2
1129.6,0.07059,3.86945,7.53854,2
1129.7,0.07058,3.86945,7.53854,2
1129.8,0.07058,3.86944,7.53854,2
1129.9,0.07058,3.86943,7.53854,2
1130,0.07058,3.86943,7.53854,2
1130.1,0.07058,3.86942,7.53854,2
1130.2,0.07058,3.86942,7.53854,2
1130.3,0.07058,3.86942,7.53855,2
1130.4,0.07058,3.86941,7.53855,2
1130.5,0.07057,3.86941,7.53855,2
1130.6,0.07057,3.86941,7.53855,2
1130.7,0.07057,3.8694,7.53855,2
1130.8,0.07057,3.8694,7.53855,2
1130.9,0.07057,3.86939,7.53855,2
1131,0.07057,3.86939,7.53855,2
1131.1,0.07057,3.86939,7.53855,2
1131.2,0.07056,3.86938,7.53855,2
1131.3,0.07056,3.86938,7.53855,2
1131.4,0.07056,3.86938,7.53855,2
1131.5,0.07056,3.86938,7.53855,2
1131.6,0.07056,3.86938,7.53855,2
1131.7,0.07056,3.86937,7.53855,2
1131.8,0.07056,3.86937,7.53855,2
1131.9,0.07055,3.86937,7.53855,2
1132,0.07055,3.86937,7.53856,2
1132.1,0.07055,3.86937,7.53856,2
1132.2,0.07055,3.86937,7.53856,2
1132.3,0.07055,3.86937,7.53856,2
1132.4,0.07055,3.86937,7.53856,2
1132.5,0.07054,3.86937,7.53856,2
1132.6,0.07054,3.86937,7.53856,2
1132.7,0.07054,3.86937,7.53856,2
1132.8,0.07054,3.86937,7.53856,2
1132.9,0.07054,3.86937,7.53856,2
1133,0.07054,3.86937,7.53856,2
1133.1,0.07053,3.86937,7.53856,2
1133.2,0.07053,3.86937,7.53856,2
1133.3,0.07053,3.86937,7.53856,2
1133.4,0.07053,3.86937,7.53856,2
1133.5,0.07053,3.86937,7.53856,2
1133.6,0.07053,3.86938,7.53856,2
1133.7,0.07052,3.86938,7.53856,2
1133.8,0.07052,3.86938,7.53856,2
1133.9,0.07052,3.86939,7.53856,2
1134,0.07052,3.86939,7.53856,2
1134.1,0.07052,3.8694,7.53857,2
1134.2,0.07051,3.8694,7.53857,2
1134.3,0.07051,3.86941,7.53857,2
1134.4,0.07051,3.86942,7.53857,2
1134.5,0.07051,3.86943,7.53857,2
1134.6,0.07051,3.86943,7.53857,2
1134.7,0.0705,3.86944,7.53857,2
1134.8,0.0705,3.86945,7.53857,2
1134.9,0.0705,3.86946,7.53857,2
1135,0.0705,3.86948,7.53857,2
1135.1,0.0705,3.86949,7.53857,2
1135.2,0.07049,3.8695,7.53857,2
1135.3,0.07049,3.86951,7.53857,2
1135.4,0.07049,3.86952,7.53857,2
1135.5,0.07049,3.86953,7.53857,2
1135.6,0.07048,3.86953,7.53857,2
1135.7,0.07048,3.86955,7.53857,2
1135.8,0.07048,3.86956,7.53857,2
1135.9,0.07048,3.86957,7.53857,2
1136,0.07048,3.86958,7.53857,2
1136.1,0.07047,3.86959,7.53857,2
1136.2,0.07047,3.8696,7.53857,2
1136.3,0.07047,3.86961,7.53857,2
1136.4,0.07047,3.86963,7.53856,2
1136.5,0.07046,3.86964,7.53856,2
1136.6,0.07046,3.86965,7.53856,2
1136.7,0.07046,3.86967,7.53856,2
1136.8,0.07046,3.86968,7.53856,2
1136.9,0.07046,3.8697,7.53855,2
1137,0.07045,3.86971,7.53855,2
1137.1,0.07045,3.86973,7.53855,2
1137.2,0.07045,3.86974,7.53854,2
1137.3,0.07045,3.86976,7.53854,2
1137.4,0.07044,3.86978,7.53854,2
1137.5,0.07044,3.8698,7.53854,2
1137.6,0.07044,3.86982,7.53853,2
1137.7,0.07044,3.86984,7.53853,2
1137.8,0.07044,3.86986,7.53853,2
1137.9,0.07043,3.86988,7.53852,2
1138,0.07043,3.8699,7.53852,2
1138.1,0.07043,3.86992,7.53852,2
1138.2,0.07043,3.86995,7.53852,2
1138.3,0.07042,3.86997,7.53852,2
1138.4,0.07042,3.86999,7.53851,2
1138.5,0.07042,3.87002,7.53851,2
1138.6,0.07042,3.87004,7.53851,2
1138.7,0.07041,3.87007,7.53851,2
1138.8,0.07041,3.87009,7.5385,2
1138.9,0.07041,3.87011,7.5385,2
1139,0.07041,3.87014,7.5385,2
1139.1,0.0704,3.87016,7.5385,2
1139.2,0.0704,3.87019,7.5385,2
1139.3,0.0704,3.87021,7.53849,2
1139.4,0.0704,3.87024,7.53849,2
1139.5,0.07039,3.87026,7.53849,2
1139.6,0.07039,3.87029,7.53849,2
1139.7,0.07039,3.87031,7.53849,2
1139.8,0.07039,3.87034,7.53849,2
1139.9,0.07038,3.87037,7.53848,2
1140,0.07038,3.87039,7.53848,2
1140.1,0.07038,3.87042,7.53848,2
1140.2,0.07037,3.87045,7.53848,2
1140.3,0.07037,3.87047,7.53848,2
1140.4,0.07037,3.8705,7.53848,2
1140.5,0.07037,3.87053,7.53848,2
1140.6,0.07036,3.87055,7.53848,2
1140.7,0.07036,3.87058,7.53848,2
1140.8,0.07036,3.87061,7.53848,2
1140.9,0.07036,3.87064,7.53848,2
1141,0.07035,3.87066,7.53848,2
1141.1,0.07035,3.87069,7.53848,2
1141.2,0.07035,3.87072,7.53848,2
1141.3,0.07035,3.87075,7.53848,2
1141.4,0.07034,3.87078,7.53848,2
1141.5,0.07034,3.8708,7.53848,2
1141.6,0.07034,3.87083,7.53848,2
1141.7,0.07033,3.87086,7.53847,2
1141.8,0.07033,3.87089,7.53847,2
1141.9,0.07033,3.87092,7.53847,2
1142,0.07033,3.87095,7.53847,2
1142.1,0.07032,3.87098,7.53847,2
1142.2,0.07032,3.87101,7.53847,2
1142.3,0.07032,3.87104,7.53847,2
1142.4,0.07031,3.87108,7.53847,2
1142.5,0.07031,3.87111,7.53847,2
1142.6,0.07031,3.87114,7.53847,2
1142.7,0.07031,3.87117,7.53846,2
1142.8,0.0703,3.87121,7.53846,2
1142.9,0.0703,3.87124,7.53846,2
1143,0.0703,3.87127,7.53846,2
1143.1,0.07029,3.8713,7.53846,2
1143.2,0.07029,3.87134,7.53846,2
1143.3,0.07029,3.87137,7.53846,2
1143.4,0.07029,3.8714,7.53846,2
1143.5,0.07028,3.87143,7.53846,2
1143.6,0.07028,3.87146,7.53846,2
1143.7,0.07028,3.8715,7.53846,2
1143.8,0.07027,3.87153,7.53846,2
1143.9,0.07027,3.87156,7.53846,2
1144,0.07027,3.87159,7.53846,2
1144.1,0.07026,3.87163,7.53846,2
1144.2,0.07026,3.87166,7.53846,2
1144.3,0.07026,3.87169,7.53846,2
1144.4,0.07026,3.87173,7.53846,2
1144.5,0.07025,3.87176,7.53846,2
1144.6,0.07025,3.87179,7.53846,2
1144.7,0.07025,3.87182,7.53846,2
1144.8,0.07024,3.87186,7.53846,2
1144.9,0.07024,3.87189,7.53846,2
1145,0.07024,3.87193,7.53846,2
1145.1,0.07023,3.87196,7.53846,2
1145.2,0.07023,3.872,7.53846,2
1145.3,0.07023,3.87203,7.53846,2
1145.4,0.07023,3.87206,7.53846,2
1145.5,0.07022,3.8721,7.53846,2
1145.6,0.07022,3.87213,7.53846,2
1145.7,0.07022,3.87216,7.53846,2
1145.8,0.07021,3.8722,7.53846,2
1145.9,0.07021,3.87223,7.53846,2
1146,0.07021,3.87227,7.53846,2
1146.1,0.0702,3.8723,7.53846,2
1146.2,0.0702,3.87233,7.53846,2
1146.3,0.0702,3.87237,7.53846,2
1146.4,0.07019,3.8724,7.53847,2
1146.5,0.07019,3.87243,7.53847,2
1146.6,0.07019,3.87247,7.53847,2
1146.7,0.07018,3.8725,7.53847,2
1146.8,0.07018,3.87253,7.53847,2
1146.9,0.07018,3.87257,7.53847,2
1147,0.07017,3.8726,7.53847,2
1147.1,0.07017,3.87263,7.53847,2
1147.2,0.07017,3.87267,7.53847,2
1147.3,0.07017,3.8727,7.53848,2
1147.4,0.07016,3.87273,7.53848,2
1147.5,0.07016,3.87276,7.53848,2
1147.6,0.07016,3.87279,7.53848,2
1147.7,0.07015,3.87283,7.53848,2
1147.8,0.07015,3.87286,7.53848,2
1147.9,0.07015,3.87289,7.53848,2
1148,0.07014,3.87293,7.53848,2
1148.1,0.07014,3.87296,7.53849,2
1148.2,0.07014,3.873,7.53849,2
1148.3,0.07013,3.87303,7.53849,2
1148.4,0.07013,3.87307,7.53849,2
1148.5,0.07013,3.87311,7.5385,2
1148.6,0.07012,3.87314,7.5385,2
1148.7,0.07012,3.87318,7.5385,2
1148.8,0.07012,3.87322,7.53851,2
1148.9,0.07011,3.87325,7.53851,2
1149,0.07011,3.87329,7.53851,2
1149.1,0.07011,3.87333,7.53852,2
1149.2,0.0701,3.87336,7.53852,2
1149.3,0.0701,3.8734,7.53852,2
1149.4,0.0701,3.87344,7.53852,2
1149.5,0.07009,3.87347,7.53853,2
1149.6,0.07009,3.87351,7.53853,2
1149.7,0.07009,3.87354,7.53854,2
1149.8,0.07008,3.87358,7.53854,2
1149.9,0.07008,3.87361,7.53854,2
1150,0.07008,3.87365,7.53855,2
1150.1,0.07008,3.87368,7.53855,2
1150.2,0.07007,3.87372,7.53856,2
1150.3,0.07007,3.87375,7.53856,2
1150.4,0.07007,3.87379,7.53856,2
1150.5,0.07006,3.87383,7.53857,2
1150.6,0.07006,3.87386,7.53857,2
1150.7,0.07006,3.8739,7.53857,2
1150.8,0.07005,3.87393,7.53858,2
1150.9,0.07005,3.87397,7.53858,2
1151,0.07005,3.874,7.53859,2
1151.1,0.07004,3.87404,7.53859,2
1151.2,0.07004,3.87407,7.53859,2
1151.3,0.07003,3.87411,7.5386,2
1151.4,0.07003,3.87414,7.5386,2
1151.5,0.07003,3.87418,7.5386,2
1151.6,0.07002,3.87421,7.5386,2
1151.7,0.07002,3.87424,7.5386,2
1151.8,0.07002,3.87428,7.53861,2
1151.9,0.07001,3.87431,7.53861,2
1152,0.07001,3.87434,7.53861,2
1152.1,0.07001,3.87437,7.53861,2
1152.2,0.07,3.8744,7.53861,2
1152.3,0.07,3.87443,7.53861,2
1152.4,0.07,3.87446,7.53861,2
1152.5,0.06999,3.87449,7.53861,2
1152.6,0.06999,3.87452,7.53862,2
1152.7,0.06999,3.87455,7.53862,2
1152.8,0.06998,3.87458,7.53862,2
1152.9,0.06998,3.87461,7.53862,2
1153,0.06998,3.87464,7.53862,2
1153.1,0.06997,3.87467,7.53862,2
1153.2,0.06997,3.87469,7.53862,2
1153.3,0.06997,3.87472,7.53862,2
1153.4,0.06996,3.87475,7.53862,2
1153.5,0.06996,3.87477,7.53862,2
1153.6,0.06996,3.8748,7.53862,2
1153.7,0.06995,3.87483,7.53862,2
1153.8,0.06995,3.87485,7.53862,2
1153.9,0.06995,3.87488,7.53862,2
1154,0.06994,3.8749,7.53862,2
1154.1,0.06994,3.87493,7.53862,2
1154.2,0.06994,3.87495,7.53862,2
1154.3,0.06993,3.87498,7.53862,2
1154.4,0.06993,3.875,7.53862,2
1154.5,0.06993,3.87503,7.53862,2
1154.6,0.06992,3.87505,7.53862,2
1154.7,0.06992,3.87507,7.53862,2
1154.8,0.06992,3.8751,7.53862,2
1154.9,0.06991,3.87512,7.53862,2
1155,0.06991,3.87515,7.53862,2
1155.1,0.06991,3.87517,7.53862,2
1155.2,0.0699,3.87519,7.53862,2
1155.3,0.0699,3.87521,7.53862,2
1155.4,0.0699,3.87524,7.53862,2
1155.5,0.06989,3.87526,7.53863,2
1155.6,0.06989,3.87528,7.53863,2
1155.7,0.06989,3.8753,7.53863,2
1155.8,0.06988,3.87532,7.53863,2
1155.9,0.06988,3.87534,7.53863,2
1156,0.06988,3.87536,7.53863,2
1156.1,0.06987,3.87538,7.53863,2
1156.2,0.06987,3.8754,7.53863,2
1156.3,0.06987,3.87542,7.53863,2
1156.4,0.06986,3.87544,7.53863,2
1156.5,0.06986,3.87546,7.53863,2
1156.6,0.06986,3.87548,7.53863,2
1156.7,0.06985,3.8755,7.53864,2
1156.8,0.06985,3.87552,7.53864,2
1156.9,0.06985,3.87554,7.53864,2
1157,0.06984,3.87556,7.53864,2
1157.1,0.06984,3.87558,7.53864,2
1157.2,0.06983,3.8756,7.53864,2
1157.3,0.06983,3.87562,7.53864,2
1157.4,0.06983,3.87564,7.53865,2
1157.5,0.06982,3.87566,7.53865,2
1157.6,0.06982,3.87568,7.53865,2
1157.7,0.06982,3.8757,7.53866,2
1157.8,0.06981,3.87572,7.53866,2
1157.9,0.06981,3.87574,7.53866,2
1158,0.06981,3.87576,7.53867,2
1158.1,0.0698,3.87578,7.53867,2
1158.2,0.0698,3.87579,7.53868,2
1158.3,0.06979,3.87581,7.53868,2
1158.4,0.06979,3.87582,7.53868,2
1158.5,0.06979,3.87584,7.53869,2
1158.6,0.06978,3.87585,7.53869,2
1158.7,0.06978,3.87587,7.5387,2
1158.8,0.06978,3.87588,7.5387,2
1158.9,0.06977,3.8759,7.5387,2
1159,0.06977,3.87592,7.53871,2
1159.1,0.06977,3.87593,7.53871,2
1159.2,0.06977,3.87595,7.53872,2
1159.3,0.06976,3.87597,7.53872,2
1159.4,0.06976,3.87598,7.53872,2
1159.5,0.06976,3.876,7.53873,2
1159.6,0.06975,3.87602,7.53873,2
1159.7,0.06975,3.87603,7.53873,2
1159.8,0.06975,3.87605,7.53874,2
1159.9,0.06974,3.87607,7.53874,2
1160,0.06974,3.87609,7.53875,2
1160.1,0.06974,3.8761,7.53875,2
1160.2,0.06973,3.87612,7.53875,2
1160.3,0.06973,3.87614,7.53876,2
1160.4,0.06973,3.87617,7.53876,2
1160.5,0.06973,3.87619,7.53876,2
1160.6,0.06972,3.87621,7.53877,2
1160.7,0.06972,3.87623,7.53877,2
1160.8,0.06972,3.87625,7.53877,2
1160.9,0.06971,3.87628,7.53878,2
1161,0.06971,3.8763,7.53878,2
1161.1,0.06971,3.87632,7.53878,2
1161.2,0.0697,3.87634,7.53879,2
1161.3,0.0697,3.87637,7.53879,2
1161.4,0.0697,3.87639,7.53879,2
1161.5,0.0697,3.87641,7.5388,2
1161.6,0.06969,3.87643,7.5388,2
1161.7,0.06969,3.87646,7.5388,2
1161.8,0.06969,3.87648,7.53881,2
1161.9,0.06968,3.87651,7.53881,2
1162,0.06968,3.87653,7.53881,2
1162.1,0.06968,3.87655,7.53882,2
1162.2,0.06968,3.87658,7.53882,2
1162.3,0.06967,3.8766,7.53882,2
1162.4,0.06967,3.87662,7.53883,2
1162.5,0.06967,3.87665,7.53883,2
1162.6,0.06966,3.87667,7.53883,2
1162.7,0.06966,3.8767,7.53883,2
1162.8,0.06966,3.87672,7.53884,2
1162.9,0.06965,3.87675,7.53884,2
1163,0.06965,3.87677,7.53884,2
1163.1,0.06965,3.8768,7.53884,2
1163.2,0.06965,3.87682,7.53884,2
1163.3,0.06964,3.87685,7.53884,2
1163.4,0.06964,3.87687,7.53884,2
1163.5,0.06964,3.8769,7.53885,2
1163.6,0.06964,3.87692,7.53885,2
1163.7,0.06963,3.87695,7.53885,2
1163.8,0.06963,3.87697,7.53885,2
1163.9,0.06963,3.877,7.53885,2
1164,0.06963,3.87703,7.53885,2
1164.1,0.06962,3.87705,7.53885,2
1164.2,0.06962,3.87708,7.53885,2
1164.3,0.06962,3.8771,7.53885,2
1164.4,0.06961,3.87713,7.53885,2
1164.5,0.06961,3.87716,7.53885,2
1164.6,0.06961,3.87719,7.53885,2
1164.7,0.06961,3.87722,7.53885,2
1164.8,0.0696,3.87725,7.53885,2
1164.9,0.0696,3.87727,7.53885,2
1165,0.0696,3.87731,7.53885,2
1165.1,0.06959,3.87734,7.53885,2
1165.2,0.06959,3.87737,7.53885,2
1165.3,0.06959,3.8774,7.53885,2
1165.4,0.06959,3.87743,7.53885,2
1165.5,0.06958,3.87746,7.53885,2
1165.6,0.06958,3.87748,7.53885,2
1165.7,0.06958,3.87751,7.53885,2
1165.8,0.06957,3.87754,7.53885,2
1165.9,0.06957,3.87756,7.53885,2
1166,0.06957,3.87759,7.53885,2
1166.1,0.06957,3.87762,7.53885,2
1166.2,0.06956,3.87765,7.53885,2
1166.3,0.06956,3.87767,7.53885,2
1166.4,0.06956,3.8777,7.53885,2
1166.5,0.06955,3.87773,7.53885,2
1166.6,0.06955,3.87776,7.53885,2
1166.7,0.06955,3.87779,7.53886,2
1166.8,0.06955,3.87781,7.53886,2
1166.9,0.06954,3.87784,7.53886,2
1167,0.06954,3.87787,7.53886,2
1167.1,0.06954,3.8779,7.53887,2
1167.2,0.06953,3.87793,7.53887,2
1167.3,0.06953,3.87796,7.53887,2
1167.4,0.06953,3.87799,7.53888,2
1167.5,0.06953,3.87802,7.53888,2
1167.6,0.06952,3.87805,7.53888,2
1167.7,0.06952,3.87808,7.53888,2
1167.8,0.06952,3.87811,7.53888,2
1167.9,0.06952,3.87814,7.53889,2
1168,0.06951,3.87817,7.53889,2
1168.1,0.06951,3.8782,7.53889,2
1168.2,0.06951,3.87823,7.53889,2
1168.3,0.0695,3.87826,7.5389,2
1168.4,0.0695,3.87829,7.5389,2
1168.5,0.0695,3.87832,7.5389,2
1168.6,0.0695,3.87835,7.5389,2
1168.7,0.06949,3.87838,7.53891,2
1168.8,0.06949,3.87841,7.53891,2
1168.9,0.06949,3.87844,7.53891,2
1169,0.06948,3.87847,7.53891,2
1169.1,0.06948,3.87851,7.53891,2
1169.2,0.06948,3.87854,7.53892,2
1169.3,0.06948,3.87857,7.53892,2
1169.4,0.06947,3.8786,7.53892,2
1169.5,0.06947,3.87863,7.53892,2
1169.6,0.06947,3.87866,7.53892,2
1169.7,0.06947,3.8787,7.53892,2
1169.8,0.06946,3.87873,7.53893,2
1169.9,0.06946,3.87876,7.53893,2
1170,0.06946,3.8788,7.53893,2
1170.1,0.06945,3.87883,7.53893,2
1170.2,0.06945,3.87886,7.53893,2
1170.3,0.06945,3.8789,7.53893,2
1170.4,0.06945,3.87893,7.53894,2
1170.5,0.06944,3.87896,7.53894,2
1170.6,0.06944,3.879,7.53894,2
1170.7,0.06944,3.87903,7.53894,2
1170.8,0.06944,3.87907,7.53894,2
1170.9,0.06943,3.8791,7.53894,2
1171,0.06943,3.87914,7.53895,2
1171.1,0.06943,3.87918,7.53895,2
1171.2,0.06943,3.87921,7.53895,2
1171.3,0.06942,3.87925,7.53895,2
1171.4,0.06942,3.87929,7.53895,2
1171.5,0.06942,3.87932,7.53895,2
1171.6,0.06941,3.87936,7.53896,2
1171.7,0.06941,3.8794,7.53896,2
1171.8,0.06941,3.87944,7.53896,2
1171.9,0.06941,3.87947,7.53896,2
1172,0.0694,3.87951,7.53896,2
1172.1,0.0694,3.87955,7.53896,2
1172.2,0.0694,3.87959,7.53896,2
1172.3,0.0694,3.87963,7.53896,2
1172.4,0.06939,3.87967,7.53896,2
1172.5,0.06939,3.87971,7.53896,2
1172.6,0.06939,3.87974,7.53897,2
1172.7,0.06939,3.87978,7.53897,2
1172.8,0.06938,3.87982,7.53897,2
1172.9,0.06938,3.87986,7.53897,2
1173,0.06938,3.8799,7.53897,2
1173.1,0.06938,3.87994,7.53897,2
1173.2,0.06937,3.87998,7.53897,2
1173.3,0.06937,3.88002,7.53897,2
1173.4,0.06937,3.88006,7.53897,2
1173.5,0.06937,3.88011,7.53897,2
1173.6,0.06936,3.88015,7.53897,2
1173.7,0.06936,3.88019,7.53897,2
1173.8,0.06936,3.88024,7.53897,2
1173.9,0.06936,3.88028,7.53897,2
1174,0.06935,3.88032,7.53897,2
1174.1,0.06935,3.88037,7.53897,2
1174.2,0.06935,3.88041,7.53897,2
1174.3,0.06935,3.88046,7.53897,2
1174.4,0.06935,3.8805,7.53897,2
1174.5,0.06934,3.88055,7.53897,2
1174.6,0.06934,3.88059,7.53897,2
1174.7,0.06934,3.88064,7.53897,2
1174.8,0.06934,3.88069,7.53897,2
1174.9,0.06933,3.88073,7.53897,2
1175,0.06933,3.88078,7.53897,2
1175.1,0.06933,3.88083,7.53897,2
1175.2,0.06933,3.88087,7.53896,2
1175.3,0.06933,3.88092,7.53896,2
1175.4,0.06932,3.88097,7.53896,2
1175.5,0.06932,3.88102,7.53896,2
1175.6,0.06932,3.88107,7.53896,2
1175.7,0.06932,3.88112,7.53896,2
1175.8,0.06931,3.88117,7.53896,2
1175.9,0.06931,3.88122,7.53896,2
1176,0.06931,3.88127,7.53896,2
1176.1,0.06931,3.88132,7.53896,2
1176.2,0.06931,3.88137,7.53896,2
1176.3,0.0693,3.88142,7.53895,2
1176.4,0.0693,3.88148,7.53895,2
1176.5,0.0693,3.88153,7.53895,2
1176.6,0.0693,3.88158,7.53895,2
1176.7,0.0693,3.88163,7.53895,2
1176.8,0.06929,3.88169,7.53895,2
1176.9,0.06929,3.88174,7.53895,2
1177,0.06929,3.88179,7.53895,2
1177.1,0.06929,3.88185,7.53895,2
1177.2,0.06929,3.8819,7.53895,2
1177.3,0.06928,3.88196,7.53895,2
1177.4,0.06928,3.88201,7.53895,2
1177.5,0.06928,3.88207,7.53895,2
1177.6,0.06928,3.88212,7.53895,2
1177.7,0.06927,3.88218,7.53895,2
1177.8,0.06927,3.88223,7.53895,2
1177.9,0.06927,3.88229,7.53896,2
1178,0.06927,3.88235,7.53896,2
1178.1,0.06927,3.8824,7.53896,2
1178.2,0.06926,3.88246,7.53896,2
1178.3,0.06926,3.88251,7.53896,2
1178.4,0.06926,3.88257,7.53896,2
1178.5,0.06926,3.88263,7.53896,2
1178.6,0.06926,3.88269,7.53896,2
1178.7,0.06926,3.88275,7.53896,2
1178.8,0.06925,3.88281,7.53896,2
1178.9,0.06925,3.88286,7.53896,2
1179,0.06925,3.88292,7.53896,2
1179.1,0.06925,3.88298,7.53896,2
1179.2,0.06925,3.88304,7.53896,2
1179.3,0.06924,3.8831,7.53896,2
1179.4,0.06924,3.88316,7.53896,2
1179.5,0.06924,3.88322,7.53896,2
1179.6,0.06924,3.88328,7.53896,2
1179.7,0.06924,3.88334,7.53896,2
1179.8,0.06923,3.88341,7.53896,2
1179.9,0.06923,3.88347,7.53896,2
1180,0.06923,3.88353,7.53896,2
1180.1,0.06923,3.88359,7.53896,2
1180.2,0.06923,3.88365,7.53896,2
1180.3,0.06922,3.88371,7.53896,2
1180.4,0.06922,3.88378,7.53896,2
1180.5,0.06922,3.88384,7.53896,2
1180.6,0.06922,3.8839,7.53896,2
1180.7,0.06922,3.88396,7.53896,2
1180.8,0.06921,3.88402,7.53896,2
1180.9,0.06921,3.88409,7.53896,2
1181,0.06921,3.88415,7.53896,2
1181.1,0.06921,3.88422,7.53896,2
1181.2,0.06921,3.88428,7.53896,2
1181.3,0.06921,3.88435,7.53896,2
1181.4,0.0692,3.88441,7.53896,2
1181.5,0.0692,3.88448,7.53896,2
1181.6,0.0692,3.88454,7.53895,2
1181.7,0.0692,3.88461,7.53895,2
1181.8,0.0692,3.88468,7.53895,2
1181.9,0.06919,3.88474,7.53895,2
1182,0.06919,3.88481,7.53895,2
1182.1,0.06919,3.88488,7.53895,2
1182.2,0.06919,3.88495,7.53895,2
1182.3,0.06919,3.88501,7.53895,2
1182.4,0.06919,3.88508,7.53895,2
1182.5,0.06918,3.88515,7.53895,2
1182.6,0.06918,3.88522,7.53895,2
1182.7,0.06918,3.88529,7.53895,2
1182.8,0.06918,3.88536,7.53895,2
1182.9,0.06918,3.88543,7.53895,2
1183,0.06918,3.8855,7.53895,2
1183.1,0.06917,3.88557,7.53895,2
1183.2,0.06917,3.88564,7.53895,2
1183.3,0.06917,3.88571,7.53895,2
1183.4,0.06917,3.88578,7.53894,2
1183.5,0.06917,3.88585,7.53894,2
1183.6,0.06917,3.88593,7.53894,2
1183.7,0.06917,3.886,7.53894,2
1183.8,0.06916,3.88607,7.53894,2
1183.9,0.06916,3.88614,7.53894,2
1184,0.06916,3.88622,7.53894,2
1184.1,0.06916,3.88629,7.53894,2
1184.2,0.06916,3.88636,7.53894,2
1184.3,0.06916,3.88644,7.53894,2
1184.4,0.06916,3.88651,7.53894,2
1184.5,0.06915,3.88659,7.53894,2
1184.6,0.06915,3.88666,7.53893,2
1184.7,0.06915,3.88674,7.53893,2
1184.8,0.06915,3.88681,7.53893,2
1184.9,0.06915,3.88689,7.53893,2
1185,0.06915,3.88697,7.53893,2
1185.1,0.06915,3.88704,7.53893,2
1185.2,0.06914,3.88712,7.53893,2
1185.3,0.06914,3.88719,7.53892,2
1185.4,0.06914,3.88727,7.53892,2
1185.5,0.06914,3.88735,7.53892,2
1185.6,0.06914,3.88742,7.53892,2
1185.7,0.06914,3.8875,7.53892,2
1185.8,0.06914,3.88758,7.53892,2
1185.9,0.06914,3.88766,7.53892,2
1186,0.06913,3.88773,7.53891,2
1186.1,0.06913,3.88781,7.53891,2
1186.2,0.06913,3.88789,7.53891,2
1186.3,0.06913,3.88797,7.53891,2
1186.4,0.06913,3.88805,7.53891,2
1186.5,0.06913,3.88812,7.53891,2
1186.6,0.06913,3.8882,7.5389,2
1186.7,0.06913,3.88828,7.5389,2
1186.8,0.06912,3.88836,7.5389,2
1186.9,0.06912,3.88844,7.5389,2
1187,0.06912,3.88851,7.5389,2
1187.1,0.06912,3.88859,7.5389,2
1187.2,0.06912,3.88867,7.5389,2
1187.3,0.06912,3.88875,7.53889,2
1187.4,0.06912,3.88883,7.53889,2
1187.5,0.06912,3.88891,7.53889,2
1187.6,0.06911,3.88899,7.53889,2
1187.7,0.06911,3.88907,7.53889,2
1187.8,0.06911,3.88915,7.53889,2
1187.9,0.06911,3.88923,7.53888,2
1188,0.06911,3.88932,7.53888,2
1188.1,0.06911,3.8894,7.53888,2
1188.2,0.06911,3.88948,7.53888,2
1188.3,0.06911,3.88957,7.53888,2
1188.4,0.06911,3.88965,7.53888,2
1188.5,0.0691,3.88973,7.53888,2
1188.6,0.0691,3.88981,7.53887,2
1188.7,0.0691,3.8899,7.53887,2
1188.8,0.0691,3.88998,7.53887,2
1188.9,0.0691,3.89007,7.53887,2
1189,0.0691,3.89015,7.53887,2
1189.1,0.0691,3.89023,7.53886,2
1189.2,0.0691,3.89032,7.53886,2
1189.3,0.0691,3.8904,7.53886,2
1189.4,0.06909,3.89048,7.53886,2
1189.5,0.06909,3.89056,7.53886,2
1189.6,0.06909,3.89065,7.53885,2
1189.7,0.06909,3.89073,7.53885,2
1189.8,0.06909,3.89081,7.53885,2
1189.9,0.06909,3.89089,7.53885,2
1190,0.06909,3.89098,7.53885,2
1190.1,0.06909,3.89106,7.53884,2
1190.2,0.06909,3.89114,7.53884,2
1190.3,0.06909,3.89122,7.53884,2
1190.4,0.06908,3.89131,7.53884,2
1190.5,0.06908,3.89139,7.53884,2
1190.6,0.06908,3.89148,7.53884,2
1190.7,0.06908,3.89156,7.53883,2
1190.8,0.06908,3.89164,7.53883,2
1190.9,0.06908,3.89173,7.53883,2
1191,0.06908,3.89181,7.53883,2
1191.1,0.06908,3.8919,7.53883,2
1191.2,0.06908,3.89198,7.53882,2
1191.3,0.06908,3.89207,7.53882,2
1191.4,0.06908,3.89216,7.53882,2
1191.5,0.06907,3.89224,7.53882,2
1191.6,0.06907,3.89233,7.53881,2
1191.7,0.06907,3.89241,7.53881,2
1191.8,0.06907,3.8925,7.53881,2
1191.9,0.06907,3.89259,7.53881,2
1192,0.06907,3.89267,7.53881,2
1192.1,0.06907,3.89276,7.5388,2
1192.2,0.06907,3.89285,7.5388,2
1192.3,0.06907,3.89293,7.5388,2
1192.4,0.06907,3.89302,7.5388,2
1192.5,0.06907,3.89311,7.5388,2
1192.6,0.06906,3.89319,7.53879,2
1192.7,0.06906,3.89328,7.53879,2
1192.8,0.06906,3.89337,7.53879,2
1192.9,0.06906,3.89345,7.53879,2
1193,0.06906,3.89354,7.53878,2
1193.1,0.06906,3.89363,7.53878,2
1193.2,0.06906,3.89371,7.53878,2
1193.3,0.06906,3.8938,7.53878,2
1193.4,0.06906,3.89389,7.53877,2
1193.5,0.06906,3.89397,7.53877,2
1193.6,0.06906,3.89406,7.53877,2
1193.7,0.06905,3.89415,7.53877,2
1193.8,0.06905,3.89424,7.53876,2
1193.9,0.06905,3.89433,7.53876,2
1194,0.06905,3.89442,7.53876,2
1194.1,0.06905,3.89451,7.53876,2
1194.2,0.06905,3.8946,7.53875,2
1194.3,0.06905,3.89469,7.53875,2
1194.4,0.06905,3.89478,7.53875,2
1194.5,0.06905,3.89486,7.53875,2
1194.6,0.06905,3.89495,7.53874,2
1194.7,0.06905,3.89504,7.53874,2
1194.8,0.06905,3.89513,7.53874,2
1194.9,0.06905,3.89523,7.53874,2
1195,0.06904,3.89531,7.53873,2
1195.1,0.06904,3.8954,7.53873,2
1195.2,0.06904,3.89549,7.53873,2
1195.3,0.06904,3.89558,7.53873,2
1195.4,0.06904,3.89567,7.53872,2
1195.5,0.06904,3.89576,7.53872,2
1195.6,0.06904,3.89585,7.53872,2
1195.7,0.06904,3.89594,7.53872,2
1195.8,0.06904,3.89604,7.53871,2
1195.9,0.06904,3.89613,7.53871,2
1196,0.06904,3.89622,7.53871,2
1196.1,0.06904,3.89631,7.5387,2
1196.2,0.06904,3.8964,7.5387,2
1196.3,0.06904,3.89649,7.5387,2
1196.4,0.06903,3.89658,7.5387,2
1196.5,0.06903,3.89667,7.53869,2
1196.6,0.06903,3.89676,7.53869,2
1196.7,0.06903,3.89685,7.53869,2
1196.8,0.06903,3.89694,7.53868,2
1196.9,0.06903,3.89704,7.53868,2
1197,0.06903,3.89713,7.53868,2
1197.1,0.06903,3.89722,7.53868,2
1197.2,0.06903,3.89731,7.53867,2
1197.3,0.06903,3.8974,7.53867,2
1197.4,0.06903,3.8975,7.53867,2
1197.5,0.06903,3.89759,7.53866,2
1197.6,0.06903,3.89768,7.53866,2
1197.7,0.06903,3.89778,7.53866,2
1197.8,0.06903,3.89787,7.53865,2
1197.9,0.06903,3.89796,7.53865,2
1198,0.06903,3.89806,7.53865,2
1198.1,0.06903,3.89815,7.53864,2
1198.2,0.06903,3.89825,7.53864,2
1198.3,0.06902,3.89834,7.53864,2
1198.4,0.06902,3.89844,7.53863,2
1198.5,0.06902,3.89853,7.53863,2
1198.6,0.06902,3.89863,7.53863,2
1198.7,0.06902,3.89872,7.53862,2
1198.8,0.06902,3.89882,7.53862,2
1198.9,0.06902,3.89892,7.53862,2
1199,0.06902,3.89901,7.53862,2
1199.1,0.06902,3.89911,7.53861,2
1199.2,0.06902,3.8992,7.53861,2
1199.3,0.06902,3.8993,7.53861,2
1199.4,0.06902,3.89939,7.5386,2
1199.5,0.06902,3.89949,7.5386,2
1199.6,0.06902,3.89958,7.5386,2
1199.7,0.06902,3.89968,7.5386,2
1199.8,0.06902,3.89977,7.53859,2
1199.9,0.06902,3.89987,7.53859,2
1200,0.06902,3.89997,7.53859,2
1200.1,0.06902,3.90006,7.53858,2
1200.2,0.06902,3.90016,7.53858,2
1200.3,0.06901,3.90025,7.53858,2
1200.4,0.06901,3.90035,7.53857,2
1200.5,0.06901,3.90044,7.53857,2
1200.6,0.06901,3.90054,7.53857,2
1200.7,0.06901,3.90063,7.53856,2
1200.8,0.06901,3.90073,7.53856,2
1200.9,0.06901,3.90082,7.53856,2
1201,0.06901,3.90092,7.53856,2
1201.1,0.06901,3.90101,7.53855,2
1201.2,0.06901,3.90111,7.53855,2
1201.3,0.06901,3.9012,7.53855,2
1201.4,0.06901,3.9013,7.53854,2
1201.5,0.06901,3.90139,7.53854,2
1201.6,0.06901,3.90149,7.53854,2
1201.7,0.06901,3.90158,7.53853,2
1201.8,0.06901,3.90168,7.53853,2
1201.9,0.06901,3.90177,7.53853,2
1202,0.06901,3.90187,7.53852,2
1202.1,0.06901,3.90197,7.53852,2
1202.2,0.06901,3.90206,7.53852,2
1202.3,0.06901,3.90216,7.53852,2
1202.4,0.06901,3.90226,7.53851,2
1202.5,0.06901,3.90235,7.53851,2
1202.6,0.06901,3.90245,7.53851,2
1202.7,0.06901,3.90255,7.5385,2
1202.8,0.069,3.90264,7.5385,2
1202.9,0.069,3.90274,7.5385,2
1203,0.069,3.90284,7.53849,2
1203.1,0.069,3.90294,7.53849,2
1203.2,0.069,3.90304,7.53849,2
1203.3,0.069,3.90314,7.53848,2
1203.4,0.069,3.90323,7.53848,2
1203.5,0.069,3.90333,7.53848,2
1203.6,0.069,3.90343,7.53847,2
1203.7,0.069,3.90353,7.53847,2
1203.8,0.069,3.90363,7.53846,2
1203.9,0.069,3.90373,7.53846,2
1204,0.069,3.90384,7.53846,2
1204.1,0.069,3.90394,7.53845,2
1204.2,0.069,3.90404,7.53845,2
1204.3,0.069,3.90414,7.53844,2
1204.4,0.069,3.90424,7.53844,2
1204.5,0.069,3.90434,7.53844,2
1204.6,0.069,3.90444,7.53843,2
1204.7,0.069,3.90454,7.53843,2
1204.8,0.069,3.90464,7.53843,2
1204.9,0.069,3.90474,7.53842,2
1205,0.069,3.90484,7.53842,2
1205.1,0.069,3.90494,7.53841,2
1205.2,0.069,3.90504,7.53841,2
1205.3,0.069,3.90514,7.53841,2
1205.4,0.069,3.90524,7.5384,2
1205.5,0.069,3.90534,7.5384,2
1205.6,0.069,3.90545,7.5384,2
1205.7,0.069,3.90554,7.53839,2
1205.8,0.069,3.90565,7.53839,2
1205.9,0.069,3.90575,7.53839,2
1206,0.069,3.90585,7.53838,2
1206.1,0.069,3.90595,7.53838,2
1206.2,0.069,3.90605,7.53837,2
1206.3,0.069,3.90615,7.53837,2
1206.4,0.069,3.90625,7.53837,2
1206.5,0.069,3.90634,7.53836,2
1206.6,0.069,3.90644,7.53836,2
1206.7,0.069,3.90654,7.53836,2
1206.8,0.06899,3.90664,7.53835,2
1206.9,0.06899,3.90674,7.53835,2
1207,0.06899,3.90684,7.53834,2
1207.1,0.06899,3.90694,7.53834,2
1207.2,0.06899,3.90703,7.53834,2
1207.3,0.06899,3.90713,7.53833,2
1207.4,0.06899,3.90723,7.53833,2
1207.5,0.06899,3.90733,7.53832,2
1207.6,0.06899,3.90743,7.53832,2
1207.7,0.06899,3.90753,7.53832,2
1207.8,0.06899,3.90763,7.53831,2
1207.9,0.06899,3.90773,7.53831,2
1208,0.06899,3.90783,7.53831,2
1208.1,0.06899,3.90793,7.5383,2
1208.2,0.06899,3.90803,7.5383,2
1208.3,0.06899,3.90813,7.5383,2
1208.4,0.06899,3.90823,7.53829,2
1208.5,0.06899,3.90833,7.53829,2
1208.6,0.06899,3.90843,7.53828,2
1208.7,0.06899,3.90853,7.53828,2
1208.8,0.06899,3.90863,7.53828,2
1208.9,0.06899,3.90873,7.53827,2
1209,0.06899,3.90883,7.53827,2
1209.1,0.06899,3.90892,7.53827,2
1209.2,0.06899,3.90902,7.53826,2
1209.3,0.06899,3.90912,7.53826,2
1209.4,0.06899,3.90922,7.53826,2
1209.5,0.06899,3.90932,7.53825,2
1209.6,0.06899,3.90942,7.53825,2
1209.7,0.06899,3.90952,7.53824,2
1209.8,0.06899,3.90962,7.53824,2
1209.9,0.06899,3.90972,7.53824,2
1210,0.06899,3.90982,7.53823,2
1210.1,0.06899,3.90992,7.53823,2
1210.2,0.06899,3.91002,7.53823,2
1210.3,0.06899,3.91012,7.53822,2
1210.4,0.06898,3.91022,7.53822,2
1210.5,0.06898,3.91032,7.53822,2
1210.6,0.06898,3.91042,7.53821,2
1210.7,0.06898,3.91052,7.53821,2
1210.8,0.06898,3.91062,7.5382,2
1210.9,0.06898,3.91071,7.5382,2
1211,0.06898,3.91081,7.5382,2
1211.1,0.06898,3.91091,7.5382,2
1211.2,0.06898,3.91101,7.53819,2
1211.3,0.06898,3.91111,7.53819,2
1211.4,0.06898,3.9112,7.53818,2
1211.5,0.06898,3.9113,7.53818,2
1211.6,0.06898,3.9114,7.53818,2
1211.7,0.06898,3.9115,7.53817,2
1211.8,0.06898,3.91159,7.53817,2
1211.9,0.06898,3.91169,7.53817,2
1212,0.06898,3.91179,7.53816,2
1212.1,0.06898,3.91188,7.53816,2
1212.2,0.06898,3.91198,7.53816,2
1212.3,0.06898,3.91207,7.53816,2
1212.4,0.06898,3.91217,7.53815,2
1212.5,0.06898,3.91226,7.53815,2
1212.6,0.06898,3.91236,7.53815,2
1212.7,0.06898,3.91246,7.53814,2
1212.8,0.06898,3.91255,7.53814,2
1212.9,0.06898,3.91265,7.53814,2
1213,0.06898,3.91274,7.53813,2
1213.1,0.06898,3.91284,7.53813,2
1213.2,0.06898,3.91294,7.53813,2
1213.3,0.06898,3.91303,7.53813,2
1213.4,0.06898,3.91313,7.53812,2
1213.5,0.06898,3.91322,7.53812,2
1213.6,0.06898,3.91332,7.53812,2
1213.7,0.06898,3.91341,7.53811,2
1213.8,0.06898,3.91351,7.53811,2
1213.9,0.06897,3.91361,7.53811,2
1214,0.06897,3.9137,7.5381,2
1214.1,0.06897,3.9138,7.5381,2
1214.2,0.06897,3.91389,7.5381,2
1214.3,0.06897,3.91399,7.5381,2
1214.4,0.06897,3.91408,7.53809,2
1214.5,0.06897,3.91418,7.53809,2
1214.6,0.06897,3.91428,7.53809,2
1214.7,0.06897,3.91437,7.53808,2
1214.8,0.06897,3.91447,7.53808,2
1214.9,0.06897,3.91456,7.53808,2
1215,0.06897,3.91466,7.53808,2
1215.1,0.06897,3.91475,7.53807,2
1215.2,0.06897,3.91485,7.53807,2
1215.3,0.06897,3.91494,7.53807,2
1215.4,0.06897,3.91504,7.53806,2
1215.5,0.06897,3.91513,7.53806,2
1215.6,0.06897,3.91522,7.53806,2
1215.7,0.06897,3.91532,7.53805,2
1215.8,0.06897,3.91541,7.53805,2
1215.9,0.06897,3.9155,7.53805,2
1216,0.06897,3.91559,7.53805,2
1216.1,0.06897,3.91569,7.53804,2
1216.2,0.06897,3.91578,7.53804,2
1216.3,0.06897,3.91587,7.53804,2
1216.4,0.06897,3.91596,7.53803,2
1216.5,0.06896,3.91605,7.53803,2
1216.6,0.06896,3.91615,7.53803,2
1216.7,0.06896,3.91624,7.53803,2
1216.8,0.06896,3.91633,7.53802,2
1216.9,0.06896,3.91642,7.53802,2
1217,0.06896,3.91651,7.53802,2
1217.1,0.06896,3.9166,7.53801,2
1217.2,0.06896,3.91669,7.53801,2
1217.3,0.06896,3.91678,7.53801,2
1217.4,0.06896,3.91686,7.53801,2
1217.5,0.06896,3.91695,7.538,2
1217.6,0.06896,3.91704,7.538,2
1217.7,0.06896,3.91713,7.538,2
1217.8,0.06896,3.91722,7.538,2
1217.9,0.06896,3.91731,7.53799,2
1218,0.06896,3.91739,7.53799,2
1218.1,0.06896,3.91748,7.53799,2
1218.2,0.06896,3.91757,7.53798,2
1218.3,0.06896,3.91766,7.53798,2
1218.4,0.06896,3.91774,7.53798,2
1218.5,0.06896,3.91783,7.53797,2
1218.6,0.06896,3.91792,7.53797,2
1218.7,0.06896,3.91801,7.53797,2
1218.8,0.06896,3.91809,7.53796,2
1218.9,0.06896,3.91818,7.53796,2
1219,0.06896,3.91827,7.53796,2
1219.1,0.06896,3.91836,7.53796,2
1219.2,0.06896,3.91845,7.53795,2
1219.3,0.06896,3.91853,7.53795,2
1219.4,0.06896,3.91862,7.53795,2
1219.5,0.06895,3.91871,7.53794,2
1219.6,0.06895,3.9188,7.53794,2
1219.7,0.06895,3.91888,7.53794,2
1219.8,0.06895,3.91897,7.53793,2
1219.9,0.06895,3.91906,7.53793,2
1220,0.06895,3.91914,7.53793,2
1220.1,0.06895,3.91923,7.53792,2
1220.2,0.06895,3.91932,7.53792,2
1220.3,0.06895,3.9194,7.53792,2
1220.4,0.06895,3.91949,7.53791,2
1220.5,0.06895,3.91958,7.53791,2
1220.6,0.06895,3.91966,7.53791,2
1220.7,0.06895,3.91975,7.5379,2
1220.8,0.06895,3.91983,7.5379,2
1220.9,0.06895,3.91992,7.5379,2
1221,0.06895,3.92001,7.53789,2
1221.1,0.06895,3.92009,7.53789,2
1221.2,0.06895,3.92018,7.53789,2
1221.3,0.06895,3.92026,7.53788,2
1221.4,0.06895,3.92035,7.53788,2
1221.5,0.06895,3.92044,7.53788,2
1221.6,0.06895,3.92052,7.53788,2
1221.7,0.06895,3.92061,7.53787,2
1221.8,0.06895,3.9207,7.53787,2
1221.9,0.06895,3.92078,7.53787,2
1222,0.06895,3.92087,7.53786,2
1222.1,0.06895,3.92095,7.53786,2
1222.2,0.06895,3.92104,7.53786,2
1222.3,0.06895,3.92112,7.53785,2
1222.4,0.06894,3.92121,7.53785,2
1222.5,0.06894,3.92129,7.53785,2
1222.6,0.06894,3.92137,7.53784,2
1222.7,0.06894,3.92146,7.53784,2
1222.8,0.06894,3.92154,7.53784,2
1222.9,0.06894,3.92162,7.53784,2
1223,0.06894,3.9217,7.53784,2
1223.1,0.06894,3.92178,7.53783,2
1223.2,0.06894,3.92186,7.53783,2
1223.3,0.06894,3.92194,7.53783,2
1223.4,0.06894,3.92202,7.53782,2
1223.5,0.06894,3.92209,7.53782,2
1223.6,0.06894,3.92217,7.53782,2
1223.7,0.06894,3.92225,7.53782,2
1223.8,0.06894,3.92233,7.53781,2
1223.9,0.06894,3.9224,7.53781,2
1224,0.06894,3.92248,7.53781,2
1224.1,0.06894,3.92256,7.53781,2
1224.2,0.06894,3.92263,7.5378,2
1224.3,0.06894,3.92271,7.5378,2
1224.4,0.06894,3.92279,7.5378,2
1224.5,0.06894,3.92286,7.5378,2
1224.6,0.06894,3.92294,7.53779,2
1224.7,0.06893,3.92301,7.53779,2
1224.8,0.06893,3.92309,7.53779,2
1224.9,0.06893,3.92316,7.53778,2
1225,0.06893,3.92324,7.53778,2
1225.1,0.06893,3.92331,7.53778,2
1225.2,0.06893,3.92338,7.53777,2
1225.3,0.06893,3.92345,7.53777,2
1225.4,0.06893,3.92353,7.53777,2
1225.5,0.06893,3.9236,7.53777,2
1225.6,0.06893,3.92367,7.53776,2
1225.7,0.06893,3.92374,7.53776,2
1225.8,0.06893,3.92381,7.53776,2
1225.9,0.06893,3.92388,7.53776,2
1226,0.06893,3.92395,7.53775,2
1226.1,0.06893,3.92402,7.53775,2
1226.2,0.06893,3.92409,7.53775,2
1226.3,0.06893,3.92415,7.53775,2
1226.4,0.06893,3.92422,7.53774,2
1226.5,0.06893,3.92429,7.53774,2
1226.6,0.06893,3.92436,7.53774,2
1226.7,0.06893,3.92443,7.53773,2
1226.8,0.06893,3.9245,7.53773,2
1226.9,0.06892,3.92456,7.53773,2
1227,0.06892,3.92463,7.53773,2
1227.1,0.06892,3.9247,7.53772,2
1227.2,0.06892,3.92477,7.53772,2
1227.3,0.06892,3.92483,7.53772,2
1227.4,0.06892,3.9249,7.53772,2
1227.5,0.06892,3.92497,7.53771,2
1227.6,0.06892,3.92503,7.53771,2
1227.7,0.06892,3.9251,7.53771,2
1227.8,0.06892,3.92516,7.53771,2
1227.9,0.06892,3.92523,7.5377,2
1228,0.06892,3.9253,7.5377,2
1228.1,0.06892,3.92536,7.5377,2
1228.2,0.06892,3.92543,7.5377,2
1228.3,0.06892,3.9255,7.53769,2
1228.4,0.06892,3.92556,7.53769,2
1228.5,0.06892,3.92563,7.53769,2
1228.6,0.06892,3.92569,7.53769,2
1228.7,0.06892,3.92576,7.53768,2
1228.8,0.06892,3.92582,7.53768,2
1228.9,0.06892,3.92589,7.53768,2
1229,0.06891,3.92595,7.53768,2
1229.1,0.06891,3.92601,7.53767,2
1229.2,0.06891,3.92608,7.53767,2
1229.3,0.06891,3.92614,7.53767,2
1229.4,0.06891,3.9262,7.53767,2
1229.5,0.06891,3.92626,7.53766,2
1229.6,0.06891,3.92632,7.53766,2
1229.7,0.06891,3.92639,7.53766,2
1229.8,0.06891,3.92645,7.53766,2
1229.9,0.06891,3.92651,7.53765,2
1230,0.06891,3.92657,7.53765,2
1230.1,0.06891,3.92663,7.53765,2
1230.2,0.06891,3.92669,7.53765,2
1230.3,0.06891,3.92675,7.53764,2
1230.4,0.06891,3.9268,7.53764,2
1230.5,0.06891,3.92686,7.53764,2
1230.6,0.06891,3.92692,7.53764,2
1230.7,0.06891,3.92698,7.53764,2
1230.8,0.06891,3.92703,7.53763,2
1230.9,0.06891,3.92709,7.53763,2
1231,0.06891,3.92715,7.53763,2
1231.1,0.06891,3.92721,7.53763,2
1231.2,0.06891,3.92726,7.53762,2
1231.3,0.06891,3.92732,7.53762,2
1231.4,0.06891,3.92737,7.53762,2
1231.5,0.0689,3.92743,7.53762,2
1231.6,0.0689,3.92748,7.53762,2
1231.7,0.0689,3.92754,7.53761,2
1231.8,0.0689,3.92759,7.53761,2
1231.9,0.0689,3.92765,7.53761,2
1232,0.0689,3.9277,7.53761,2
1232.1,0.0689,3.92776,7.5376,2
1232.2,0.0689,3.92781,7.5376,2
1232.3,0.0689,3.92787,7.5376,2
1232.4,0.0689,3.92792,7.5376,2
1232.5,0.0689,3.92798,7.5376,2
1232.6,0.0689,3.92803,7.5376,2
1232.7,0.0689,3.92808,7.53759,2
1232.8,0.0689,3.92813,7.53759,2
1232.9,0.0689,3.92818,7.53759,2
1233,0.0689,3.92823,7.53759,2
1233.1,0.0689,3.92828,7.53758,2
1233.2,0.0689,3.92833,7.53758,2
1233.3,0.0689,3.92838,7.53758,2
1233.4,0.0689,3.92843,7.53758,2
1233.5,0.0689,3.92848,7.53758,2
1233.6,0.0689,3.92853,7.53758,2
1233.7,0.0689,3.92859,7.53757,2
1233.8,0.0689,3.92864,7.53757,2
1233.9,0.0689,3.92869,7.53757,2
1234,0.0689,3.92874,7.53757,2
1234.1,0.06889,3.92879,7.53757,2
1234.2,0.06889,3.92884,7.53757,2
1234.3,0.06889,3.92889,7.53757,2
1234.4,0.06889,3.92894,7.53757,2
1234.5,0.06889,3.92899,7.53756,2
1234.6,0.06889,3.92904,7.53756,2
1234.7,0.06889,3.92909,7.53756,2
1234.8,0.06889,3.92914,7.53756,2
1234.9,0.06889,3.92919,7.53756,2
1235,0.06889,3.92923,7.53756,2
1235.1,0.06889,3.92928,7.53756,2
1235.2,0.06889,3.92933,7.53756,2
1235.3,0.06889,3.92938,7.53756,2
1235.4,0.06889,3.92942,7.53755,2
1235.5,0.06889,3.92947,7.53755,2
1235.6,0.06889,3.92951,7.53755,2
1235.7,0.06889,3.92956,7.53755,2
1235.8,0.06889,3.9296,7.53755,2
1235.9,0.06889,3.92965,7.53755,2
1236,0.06889,3.92969,7.53755,2
1236.1,0.06889,3.92973,7.53755,2
1236.2,0.06889,3.92978,7.53754,2
1236.3,0.06889,3.92982,7.53754,2
1236.4,0.06888,3.92986,7.53754,2
1236.5,0.06888,3.9299,7.53754,2
1236.6,0.06888,3.92994,7.53754,2
1236.7,0.06888,3.92998,7.53754,2
1236.8,0.06888,3.93003,7.53754,2
1236.9,0.06888,3.93007,7.53754,2
1237,0.06888,3.93011,7.53753,2
1237.1,0.06888,3.93015,7.53753,2
1237.2,0.06888,3.93019,7.53753,2
1237.3,0.06888,3.93023,7.53753,2
1237.4,0.06888,3.93027,7.53753,2
1237.5,0.06888,3.93031,7.53753,2
1237.6,0.06888,3.93035,7.53753,2
1237.7,0.06888,3.93039,7.53752,2
1237.8,0.06888,3.93043,7.53752,2
1237.9,0.06888,3.93047,7.53752,2
1238,0.06888,3.93051,7.53752,2
1238.1,0.06888,3.93055,7.53752,2
1238.2,0.06888,3.93058,7.53752,2
1238.3,0.06888,3.93062,7.53752,2
1238.4,0.06888,3.93065,7.53751,2
1238.5,0.06888,3.93069,7.53751,2
1238.6,0.06888,3.93073,7.53751,2
1238.7,0.06888,3.93076,7.53751,2
1238.8,0.06887,3.9308,7.53751,2
1238.9,0.06887,3.93083,7.53751,2
1239,0.06887,3.93087,7.5375,2
1239.1,0.06887,3.9309,7.5375,2
1239.2,0.06887,3.93093,7.5375,2
1239.3,0.06887,3.93097,7.5375,2
1239.4,0.06887,3.931,7.5375,2
1239.5,0.06887,3.93103,7.5375,2
1239.6,0.06887,3.93106,7.5375,2
1239.7,0.06887,3.9311,7.5375,2
1239.8,0.06887,3.93113,7.53749,2
1239.9,0.06887,3.93116,7.53749,2
1240,0.06887,3.9312,7.53749,2
1240.1,0.06887,3.93124,7.53749,2
1240.2,0.06887,3.93129,7.53749,2
1240.3,0.06887,3.93134,7.53749,2
1240.4,0.06887,3.93139,7.53749,2
1240.5,0.06887,3.93143,7.53749,2
1240.6,0.06887,3.93148,7.53749,2
1240.7,0.06887,3.93153,7.53749,2
1240.8,0.06887,3.93157,7.53749,2
1240.9,0.06886,3.93162,7.53748,2
1241,0.06886,3.93167,7.53748,2
1241.1,0.06886,3.93172,7.53748,2
1241.2,0.06886,3.93177,7.53748,2
1241.3,0.06886,3.93181,7.53748,2
1241.4,0.06886,3.93186,7.53748,2
1241.5,0.06886,3.9319,7.53748,2
1241.6,0.06886,3.93195,7.53748,2
1241.7,0.06886,3.93199,7.53748,2
1241.8,0.06886,3.93203,7.53748,2
1241.9,0.06886,3.93208,7.53748,2
1242,0.06886,3.93212,7.53748,2
1242.1,0.06886,3.93216,7.53748,2
1242.2,0.06886,3.93219,7.53747,2
1242.3,0.06886,3.93223,7.53747,2
1242.4,0.06886,3.93227,7.53747,2
1242.5,0.06886,3.9323,7.53747,2
1242.6,0.06886,3.93234,7.53747,2
1242.7,0.06886,3.93238,7.53747,2
1242.8,0.06886,3.93241,7.53747,2
1242.9,0.06886,3.93244,7.53747,2
1243,0.06886,3.93248,7.53747,2
1243.1,0.06886,3.93251,7.53746,2
1243.2,0.06885,3.93254,7.53746,2
1243.3,0.06885,3.93257,7.53746,2
1243.4,0.06885,3.93261,7.53746,2
1243.5,0.06885,3.93264,7.53746,2
1243.6,0.06885,3.93267,7.53746,2
1243.7,0.06885,3.9327,7.53746,2
1243.8,0.06885,3.93273,7.53746,2
1243.9,0.06885,3.93276,7.53746,2
1244,0.06885,3.93278,7.53746,2
1244.1,0.06885,3.93281,7.53745,2
1244.2,0.06885,3.93284,7.53745,2
1244.3,0.06885,3.93286,7.53745,2
1244.4,0.06885,3.93289,7.53745,2
1244.5,0.06885,3.93291,7.53745,2
1244.6,0.06885,3.93294,7.53745,2
1244.7,0.06885,3.93296,7.53745,2
1244.8,0.06885,3.93298,7.53745,2
1244.9,0.06885,3.93301,7.53745,2
1245,0.06885,3.93303,7.53745,2
1245.1,0.06885,3.93305,7.53744,2
1245.2,0.06884,3.93307,7.53744,2
1245.3,0.06884,3.93308,7.53744,2
1245.4,0.06884,3.9331,7.53744,2
1245.5,0.06884,3.93312,7.53744,2
1245.6,0.06884,3.93314,7.53744,2
1245.7,0.06884,3.93315,7.53744,2
1245.8,0.06884,3.93317,7.53744,2
1245.9,0.06884,3.93318,7.53744,2
1246,0.06884,3.93319,7.53744,2
1246.1,0.06884,3.93321,7.53744,2
1246.2,0.06884,3.93322,7.53744,2
1246.3,0.06884,3.93323,7.53744,2
1246.4,0.06884,3.93324,7.53744,2
1246.5,0.06884,3.93325,7.53744,2
1246.6,0.06884,3.93327,7.53743,2
1246.7,0.06884,3.93328,7.53743,2
1246.8,0.06884,3.93329,7.53743,2
1246.9,0.06884,3.93329,7.53743,2
1247,0.06884,3.9333,7.53743,2
1247.1,0.06883,3.93331,7.53743,2
1247.2,0.06883,3.93332,7.53743,2
1247.3,0.06883,3.93332,7.53743,2
1247.4,0.06883,3.93333,7.53743,2
1247.5,0.06883,3.93333,7.53743,2
1247.6,0.06883,3.93334,7.53743,2
1247.7,0.06883,3.93334,7.53743,2
1247.8,0.06883,3.93335,7.53743,2
1247.9,0.06883,3.93335,7.53743,2
1248,0.06883,3.93335,7.53743,2
1248.1,0.06883,3.93335,7.53742,2
1248.2,0.06883,3.93336,7.53742,2
1248.3,0.06883,3.93336,7.53742,2
1248.4,0.06883,3.93336,7.53742,2
1248.5,0.06883,3.93335,7.53742,2
1248.6,0.06882,3.93335,7.53742,2
1248.7,0.06882,3.93335,7.53742,2
1248.8,0.06882,3.93335,7.53742,2
1248.9,0.06882,3.93334,7.53742,2
1249,0.06882,3.93334,7.53742,2
1249.1,0.06882,3.93333,7.53742,2
1249.2,0.06882,3.93333,7.53742,2
1249.3,0.06882,3.93332,7.53742,2
1249.4,0.06882,3.93331,7.53742,2
1249.5,0.06882,3.9333,7.53742,2
1249.6,0.06882,3.93329,7.53742,2
1249.7,0.06882,3.93328,7.53742,2
1249.8,0.06882,3.93327,7.53742,2
1249.9,0.06882,3.93326,7.53742,2
1250,0.06881,3.93325,7.53742,2
1250.1,0.06881,3.93324,7.53742,2
1250.2,0.06881,3.93323,7.53742,2
1250.3,0.06881,3.93322,7.53742,2
1250.4,0.06881,3.9332,7.53742,2
1250.5,0.06881,3.93319,7.53742,2
1250.6,0.06881,3.93318,7.53742,2
1250.7,0.06881,3.93316,7.53742,2
1250.8,0.06881,3.93315,7.53742,2
1250.9,0.06881,3.93313,7.53742,2
1251,0.06881,3.93312,7.53742,2
1251.1,0.06881,3.9331,7.53742,2
1251.2,0.06881,3.93309,7.53742,2
1251.3,0.06881,3.93307,7.53742,2
1251.4,0.06881,3.93306,7.53742,2
1251.5,0.0688,3.93304,7.53742,2
1251.6,0.0688,3.93302,7.53742,2
1251.7,0.0688,3.933,7.53742,2
1251.8,0.0688,3.93299,7.53742,2
1251.9,0.0688,3.93297,7.53742,2
1252,0.0688,3.93295,7.53742,2
1252.1,0.0688,3.93293,7.53742,2
1252.2,0.0688,3.93291,7.53742,2
1252.3,0.0688,3.93289,7.53742,2
1252.4,0.0688,3.93287,7.53742,2
1252.5,0.0688,3.93284,7.53742,2
1252.6,0.0688,3.93282,7.53742,2
1252.7,0.0688,3.9328,7.53742,2
1252.8,0.0688,3.93278,7.53742,2
1252.9,0.0688,3.93276,7.53742,2
1253,0.06879,3.93273,7.53742,2
1253.1,0.06879,3.93271,7.53742,2
1253.2,0.06879,3.93268,7.53742,2
1253.3,0.06879,3.93266,7.53742,2
1253.4,0.06879,3.93263,7.53742,2
1253.5,0.06879,3.93261,7.53742,2
1253.6,0.06879,3.93258,7.53742,2
1253.7,0.06879,3.93256,7.53742,2
1253.8,0.06879,3.93253,7.53742,2
1253.9,0.06879,3.9325,7.53742,2
1254,0.06879,3.93247,7.53742,2
1254.1,0.06879,3.93244,7.53742,2
1254.2,0.06879,3.93241,7.53742,2
1254.3,0.06879,3.93239,7.53742,2
1254.4,0.06879,3.93236,7.53742,2
1254.5,0.06878,3.93233,7.53742,2
1254.6,0.06878,3.9323,7.53742,2
1254.7,0.06878,3.93226,7.53742,2
1254.8,0.06878,3.93223,7.53742,2
1254.9,0.06878,3.9322,7.53742,2
1255,0.06878,3.93217,7.53742,2
1255.1,0.06878,3.93214,7.53742,2
1255.2,0.06878,3.9321,7.53742,2
1255.3,0.06878,3.93207,7.53742,2
1255.4,0.06878,3.93204,7.53742,2
1255.5,0.06878,3.93201,7.53742,2
1255.6,0.06878,3.93197,7.53743,2
1255.7,0.06878,3.93194,7.53743,2
1255.8,0.06878,3.9319,7.53743,2
1255.9,0.06878,3.93187,7.53743,2
1256,0.06877,3.93183,7.53743,2
1256.1,0.06877,3.9318,7.53743,2
1256.2,0.06877,3.93176,7.53743,2
1256.3,0.06877,3.93172,7.53743,2
1256.4,0.06877,3.93168,7.53743,2
1256.5,0.06877,3.93164,7.53743,2
1256.6,0.06877,3.93161,7.53743,2
1256.7,0.06877,3.93157,7.53743,2
1256.8,0.06877,3.93153,7.53743,2
1256.9,0.06877,3.93149,7.53743,2
1257,0.06877,3.93145,7.53743,2
1257.1,0.06877,3.93141,7.53743,2
1257.2,0.06877,3.93136,7.53743,2
1257.3,0.06877,3.93132,7.53743,2
1257.4,0.06876,3.93128,7.53743,2
1257.5,0.06876,3.93123,7.53743,2
1257.6,0.06876,3.93119,7.53744,2
1257.7,0.06876,3.93114,7.53744,2
1257.8,0.06876,3.9311,7.53744,2
1257.9,0.06876,3.93106,7.53744,2
1258,0.06876,3.93101,7.53744,2
1258.1,0.06876,3.93096,7.53744,2
1258.2,0.06876,3.93092,7.53744,2
1258.3,0.06876,3.93087,7.53744,2
1258.4,0.06876,3.93082,7.53744,2
1258.5,0.06876,3.93077,7.53744,2
1258.6,0.06876,3.93072,7.53744,2
1258.7,0.06876,3.93067,7.53744,2
1258.8,0.06876,3.93063,7.53744,2
1258.9,0.06875,3.93058,7.53744,2
1259,0.06875,3.93053,7.53744,2
1259.1,0.06875,3.93048,7.53745,2
1259.2,0.06875,3.93043,7.53745,2
1259.3,0.06875,3.93037,7.53745,2
1259.4,0.06875,3.93032,7.53745,2
1259.5,0.06875,3.93027,7.53745,2
1259.6,0.06875,3.93022,7.53745,2
1259.7,0.06875,3.93017,7.53745,2
1259.8,0.06875,3.93011,7.53745,2
1259.9,0.06875,3.93006,7.53745,2
1260,0.06875,3.93,7.53745,2
1260.1,0.06875,3.92995,7.53745,2
1260.2,0.06874,3.9299,7.53746,2
1260.3,0.06874,3.92984,7.53746,2
1260.4,0.06874,3.92978,7.53746,2
1260.5,0.06874,3.92973,7.53746,2
1260.6,0.06874,3.92967,7.53746,2
1260.7,0.06874,3.92962,7.53746,2
1260.8,0.06874,3.92956,7.53746,2
1260.9,0.06874,3.9295,7.53746,2
1261,0.06874,3.92944,7.53747,2
1261.1,0.06874,3.92938,7.53747,2
1261.2,0.06874,3.92933,7.53747,2
1261.3,0.06874,3.92927,7.53747,2
1261.4,0.06874,3.92921,7.53747,2
1261.5,0.06874,3.92915,7.53747,2
1261.6,0.06873,3.92909,7.53747,2
1261.7,0.06873,3.92903,7.53748,2
1261.8,0.06873,3.92897,7.53748,2
1261.9,0.06873,3.92891,7.53748,2
1262,0.06873,3.92885,7.53748,2
1262.1,0.06873,3.92879,7.53748,2
1262.2,0.06873,3.92873,7.53748,2
1262.3,0.06873,3.92867,7.53749,2
1262.4,0.06873,3.92861,7.53749,2
1262.5,0.06873,3.92855,7.53749,2
1262.6,0.06873,3.92849,7.53749,2
1262.7,0.06873,3.92843,7.53749,2
1262.8,0.06873,3.92837,7.53749,2
1262.9,0.06873,3.92831,7.53749,2
1263,0.06873,3.92825,7.5375,2
1263.1,0.06873,3.92819,7.5375,2
1263.2,0.06872,3.92812,7.5375,2
1263.3,0.06872,3.92806,7.5375,2
1263.4,0.06872,3.928,7.5375,2
1263.5,0.06872,3.92794,7.5375,2
1263.6,0.06872,3.92788,7.5375,2
1263.7,0.06872,3.92782,7.53751,2
1263.8,0.06872,3.92776,7.53751,2
1263.9,0.06872,3.92769,7.53751,2
1264,0.06872,3.92763,7.53751,2
1264.1,0.06872,3.92757,7.53751,2
1264.2,0.06872,3.9275,7.53751,2
1264.3,0.06872,3.92744,7.53751,2
1264.4,0.06872,3.92737,7.53751,2
1264.5,0.06872,3.92731,7.53752,2
1264.6,0.06872,3.92724,7.53752,2
1264.7,0.06872,3.92718,7.53752,2
1264.8,0.06871,3.92711,7.53752,2
1264.9,0.06871,3.92704,7.53752,2
1265,0.06871,3.92698,7.53752,2
1265.1,0.06871,3.92691,7.53752,2
1265.2,0.06871,3.92685,7.53752,2
1265.3,0.06871,3.92678,7.53753,2
1265.4,0.06871,3.92671,7.53753,2
1265.5,0.06871,3.92664,7.53753,2
1265.6,0.06871,3.92658,7.53753,2
1265.7,0.06871,3.92651,7.53753,2
1265.8,0.06871,3.92644,7.53753,2
1265.9,0.06871,3.92637,7.53754,2
1266,0.06871,3.9263,7.53754,2
1266.1,0.06871,3.92624,7.53754,2
1266.2,0.06871,3.92617,7.53754,2
1266.3,0.06871,3.9261,7.53754,2
1266.4,0.06871,3.92603,7.53754,2
1266.5,0.06871,3.92596,7.53755,2
1266.6,0.06871,3.92589,7.53755,2
1266.7,0.0687,3.92582,7.53755,2
1266.8,0.0687,3.92575,7.53755,2
1266.9,0.0687,3.92568,7.53755,2
1267,0.0687,3.9256,7.53756,2
1267.1,0.0687,3.92553,7.53756,2
1267.2,0.0687,3.92546,7.53756,2
1267.3,0.0687,3.92539,7.53756,2
1267.4,0.0687,3.92532,7.53756,2
1267.5,0.0687,3.92524,7.53756,2
1267.6,0.0687,3.92517,7.53756,2
1267.7,0.0687,3.9251,7.53757,2
1267.8,0.0687,3.92502,7.53757,2
1267.9,0.0687,3.92495,7.53757,2
1268,0.0687,3.92487,7.53757,2
1268.1,0.0687,3.92479,7.53757,2
1268.2,0.0687,3.92472,7.53758,2
1268.3,0.0687,3.92464,7.53758,2
1268.4,0.06869,3.92456,7.53758,2
1268.5,0.06869,3.92449,7.53758,2
1268.6,0.06869,3.92441,7.53758,2
1268.7,0.06869,3.92433,7.53759,2
1268.8,0.06869,3.92425,7.53759,2
1268.9,0.06869,3.92417,7.53759,2
1269,0.06869,3.92409,7.53759,2
1269.1,0.06869,3.92401,7.53759,2
1269.2,0.06869,3.92393,7.5376,2
1269.3,0.06869,3.92385,7.5376,2
1269.4,0.06869,3.92377,7.5376,2
1269.5,0.06869,3.92368,7.5376,2
1269.6,0.06869,3.9236,7.5376,2
1269.7,0.06869,3.92352,7.53761,2
1269.8,0.06869,3.92344,7.53761,2
1269.9,0.06869,3.92336,7.53761,2
1270,0.06869,3.92328,7.53761,2
1270.1,0.06869,3.9232,7.53761,2
1270.2,0.06869,3.92312,7.53762,2
1270.3,0.06869,3.92304,7.53762,2
1270.4,0.06868,3.92296,7.53762,2
1270.5,0.06868,3.92287,7.53762,2
1270.6,0.06868,3.92279,7.53762,2
1270.7,0.06868,3.92271,7.53763,2
1270.8,0.06868,3.92263,7.53763,2
1270.9,0.06868,3.92255,7.53763,2
1271,0.06868,3.92247,7.53763,2
1271.1,0.06868,3.92239,7.53764,2
1271.2,0.06868,3.9223,7.53764,2
1271.3,0.06868,3.92222,7.53764,2
1271.4,0.06868,3.92214,7.53764,2
1271.5,0.06868,3.92206,7.53764,2
1271.6,0.06868,3.92198,7.53765,2
1271.7,0.06868,3.92189,7.53765,2
1271.8,0.06868,3.92181,7.53765,2
1271.9,0.06868,3.92173,7.53765,2
1272,0.06868,3.92165,7.53765,2
1272.1,0.06868,3.92156,7.53766,2
1272.2,0.06868,3.92148,7.53766,2
1272.3,0.06867,3.9214,7.53766,2
1272.4,0.06867,3.92131,7.53766,2
1272.5,0.06867,3.92123,7.53767,2
1272.6,0.06867,3.92115,7.53767,2
1272.7,0.06867,3.92106,7.53767,2
1272.8,0.06867,3.92098,7.53767,2
1272.9,0.06867,3.9209,7.53767,2
1273,0.06867,3.92082,7.53768,2
1273.1,0.06867,3.92073,7.53768,2
1273.2,0.06867,3.92065,7.53768,2
1273.3,0.06867,3.92057,7.53768,2
1273.4,0.06867,3.92049,7.53768,2
1273.5,0.06867,3.92041,7.53769,2
1273.6,0.06867,3.92032,7.53769,2
1273.7,0.06867,3.92024,7.53769,2
1273.8,0.06867,3.92016,7.53769,2
1273.9,0.06867,3.92008,7.5377,2
1274,0.06867,3.91999,7.5377,2
1274.1,0.06867,3.91991,7.5377,2
1274.2,0.06867,3.91983,7.5377,2
1274.3,0.06867,3.91974,7.53771,2
1274.4,0.06866,3.91966,7.53771,2
1274.5,0.06866,3.91958,7.53771,2
1274.6,0.06866,3.91949,7.53771,2
1274.7,0.06866,3.91941,7.53772,2
1274.8,0.06866,3.91933,7.53772,2
1274.9,0.06866,3.91925,7.53772,2
1275,0.06866,3.91916,7.53772,2
1275.1,0.06866,3.91908,7.53773,2
1275.2,0.06866,3.91899,7.53773,2
1275.3,0.06866,3.91891,7.53773,2
1275.4,0.06866,3.91883,7.53773,2
1275.5,0.06866,3.91875,7.53774,2
1275.6,0.06866,3.91866,7.53774,2
1275.7,0.06866,3.91858,7.53774,2
1275.8,0.06866,3.91849,7.53774,2
1275.9,0.06866,3.91841,7.53775,2
1276,0.06866,3.91833,7.53775,2
1276.1,0.06866,3.91824,7.53775,2
1276.2,0.06866,3.91816,7.53775,2
1276.3,0.06866,3.91807,7.53776,2
1276.4,0.06865,3.91799,7.53776,2
1276.5,0.06865,3.9179,7.53776,2
1276.6,0.06865,3.91782,7.53776,2
1276.7,0.06865,3.91773,7.53777,2
1276.8,0.06865,3.91765,7.53777,2
1276.9,0.06865,3.91757,7.53777,2
1277,0.06865,3.91748,7.53777,2
1277.1,0.06865,3.9174,7.53778,2
1277.2,0.06865,3.91731,7.53778,2
1277.3,0.06865,3.91723,7.53778,2
1277.4,0.06865,3.91714,7.53778,2
1277.5,0.06865,3.91706,7.53779,2
1277.6,0.06865,3.91697,7.53779,2
1277.7,0.06865,3.91689,7.53779,2
1277.8,0.06865,3.9168,7.53779,2
1277.9,0.06865,3.91672,7.5378,2
1278,0.06865,3.91664,7.5378,2
1278.1,0.06865,3.91655,7.5378,2
1278.2,0.06865,3.91647,7.5378,2
1278.3,0.06864,3.91639,7.53781,2
1278.4,0.06864,3.9163,7.53781,2
1278.5,0.06864,3.91622,7.53781,2
1278.6,0.06864,3.91613,7.53781,2
1278.7,0.06864,3.91605,7.53782,2
1278.8,0.06864,3.91597,7.53782,2
1278.9,0.06864,3.91588,7.53782,2
1279,0.06864,3.9158,7.53782,2
1279.1,0.06864,3.91572,7.53783,2
1279.2,0.06864,3.91563,7.53783,2
1279.3,0.06864,3.91555,7.53783,2
1279.4,0.06864,3.91546,7.53784,2
1279.5,0.06864,3.91538,7.53784,2
1279.6,0.06864,3.91529,7.53784,2
1279.7,0.06864,3.91521,7.53784,2
1279.8,0.06864,3.91512,7.53785,2
1279.9,0.06864,3.91503,7.53785,2
1280,0.06863,3.91495,7.53785,2
1280.1,0.06863,3.91486,7.53785,2
1280.2,0.06863,3.91477,7.53786,2
1280.3,0.06863,3.91469,7.53786,2
1280.4,0.06863,3.9146,7.53786,2
1280.5,0.06863,3.91451,7.53786,2
1280.6,0.06863,3.91443,7.53787,2
1280.7,0.06863,3.91434,7.53787,2
1280.8,0.06863,3.91426,7.53787,2
1280.9,0.06863,3.91417,7.53788,2
1281,0.06863,3.91409,7.53788,2
1281.1,0.06863,3.914,7.53788,2
1281.2,0.06863,3.91392,7.53788,2
1281.3,0.06863,3.91383,7.53788,2
1281.4,0.06863,3.91375,7.53789,2
1281.5,0.06863,3.91366,7.53789,2
1281.6,0.06863,3.91358,7.53789,2
1281.7,0.06862,3.91349,7.5379,2
1281.8,0.06862,3.91341,7.5379,2
1281.9,0.06862,3.91332,7.5379,2
1282,0.06862,3.91324,7.5379,2
1282.1,0.06862,3.91315,7.53791,2
1282.2,0.06862,3.91307,7.53791,2
1282.3,0.06862,3.91299,7.53791,2
1282.4,0.06862,3.9129,7.53791,2
1282.5,0.06862,3.91282,7.53792,2
1282.6,0.06862,3.91273,7.53792,2
1282.7,0.06862,3.91265,7.53792,2
1282.8,0.06862,3.91256,7.53792,2
1282.9,0.06862,3.91248,7.53793,2
1283,0.06862,3.91239,7.53793,2
1283.1,0.06862,3.91231,7.53793,2
1283.2,0.06862,3.91223,7.53794,2
1283.3,0.06861,3.91215,7.53794,2
1283.4,0.06861,3.91206,7.53794,2
1283.5,0.06861,3.91198,7.53794,2
1283.6,0.06861,3.91189,7.53795,2
1283.7,0.06861,3.91181,7.53795,2
1283.8,0.06861,3.91173,7.53795,2
1283.9,0.06861,3.91165,7.53796,2
1284,0.06861,3.91157,7.53796,2
1284.1,0.06861,3.91148,7.53796,2
1284.2,0.06861,3.9114,7.53796,2
1284.3,0.06861,3.91132,7.53797,2
1284.4,0.06861,3.91124,7.53797,2
1284.5,0.06861,3.91116,7.53797,2
1284.6,0.06861,3.91108,7.53798,2
1284.7,0.06861,3.911,7.53798,2
1284.8,0.06861,3.91091,7.53798,2
1284.9,0.0686,3.91083,7.53799,2
1285,0.0686,3.91075,7.53799,2
1285.1,0.0686,3.91067,7.53799,2
1285.2,0.0686,3.91059,7.53799,2
1285.3,0.0686,3.91051,7.538,2
1285.4,0.0686,3.91043,7.538,2
1285.5,0.0686,3.91035,7.538,2
1285.6,0.0686,3.91026,7.538,2
1285.7,0.0686,3.91018,7.53801,2
1285.8,0.0686,3.9101,7.53801,2
1285.9,0.0686,3.91001,7.53801,2
1286,0.0686,3.90993,7.53802,2
1286.1,0.0686,3.90985,7.53802,2
1286.2,0.06859,3.90976,7.53802,2
1286.3,0.06859,3.90968,7.53803,2
1286.4,0.06859,3.9096,7.53803,2
1286.5,0.06859,3.90952,7.53803,2
1286.6,0.06859,3.90944,7.53804,2
1286.7,0.06859,3.90935,7.53804,2
1286.8,0.06859,3.90927,7.53804,2
1286.9,0.06859,3.9092,7.53804,2
1287,0.06859,3.90912,7.53805,2
1287.1,0.06859,3.90904,7.53805,2
1287.2,0.06859,3.90896,7.53805,2
1287.3,0.06859,3.90888,7.53806,2
1287.4,0.06859,3.9088,7.53806,2
1287.5,0.06859,3.90872,7.53806,2
1287.6,0.06859,3.90864,7.53807,2
1287.7,0.06859,3.90856,7.53807,2
1287.8,0.06858,3.90849,7.53807,2
1287.9,0.06858,3.90841,7.53807,2
1288,0.06858,3.90833,7.53808,2
1288.1,0.06858,3.90826,7.53808,2
1288.2,0.06858,3.90818,7.53808,2
1288.3,0.06858,3.9081,7.53809,2
1288.4,0.06858,3.90803,7.53809,2
1288.5,0.06858,3.90795,7.53809,2
1288.6,0.06858,3.90787,7.53809,2
1288.7,0.06858,3.9078,7.5381,2
1288.8,0.06858,3.90772,7.5381,2
1288.9,0.06858,3.90765,7.5381,2
1289,0.06858,3.90757,7.53811,2
1289.1,0.06858,3.9075,7.53811,2
1289.2,0.06858,3.90743,7.53811,2
1289.3,0.06858,3.90735,7.53812,2
1289.4,0.06857,3.90728,7.53812,2
1289.5,0.06857,3.9072,7.53812,2
1289.6,0.06857,3.90713,7.53812,2
1289.7,0.06857,3.90706,7.53813,2
1289.8,0.06857,3.90698,7.53813,2
1289.9,0.06857,3.90691,7.53813,2
1290,0.06857,3.90684,7.53814,2
1290.1,0.06857,3.90677,7.53814,2
1290.2,0.06857,3.9067,7.53814,2
1290.3,0.06857,3.90663,7.53814,2
1290.4,0.06857,3.90655,7.53815,2
1290.5,0.06857,3.90648,7.53815,2
1290.6,0.06857,3.90641,7.53815,2
1290.7,0.06857,3.90634,7.53816,2
1290.8,0.06857,3.90627,7.53816,2
1290.9,0.06857,3.9062,7.53816,2
1291,0.06856,3.90612,7.53816,2
1291.1,0.06856,3.90605,7.53817,2
1291.2,0.06856,3.90599,7.53817,2
1291.3,0.06856,3.90592,7.53817,2
1291.4,0.06856,3.90585,7.53818,2
1291.5,0.06856,3.90578,7.53818,2
1291.6,0.06856,3.90571,7.53818,2
1291.7,0.06856,3.90564,7.53819,2
1291.8,0.06856,3.90558,7.53819,2
1291.9,0.06856,3.90551,7.53819,2
1292,0.06856,3.90544,7.5382,2
1292.1,0.06856,3.90537,7.5382,2
1292.2,0.06856,3.90531,7.5382,2
1292.3,0.06856,3.90524,7.5382,2
1292.4,0.06856,3.90518,7.53821,2
1292.5,0.06856,3.90511,7.53821,2
1292.6,0.06856,3.90504,7.53821,2
1292.7,0.06856,3.90498,7.53822,2
1292.8,0.06855,3.90491,7.53822,2
1292.9,0.06855,3.90484,7.53822,2
1293,0.06855,3.90477,7.53823,2
1293.1,0.06855,3.90471,7.53823,2
1293.2,0.06855,3.90464,7.53823,2
1293.3,0.06855,3.90458,7.53824,2
1293.4,0.06855,3.90451,7.53824,2
1293.5,0.06855,3.90445,7.53824,2
1293.6,0.06855,3.90439,7.53824,2
1293.7,0.06855,3.90432,7.53825,2
1293.8,0.06855,3.90426,7.53825,2
1293.9,0.06855,3.90419,7.53825,2
1294,0.06855,3.90413,7.53826,2
1294.1,0.06855,3.90406,7.53826,2
1294.2,0.06855,3.904,7.53826,2
1294.3,0.06855,3.90394,7.53826,2
1294.4,0.06855,3.90388,7.53827,2
1294.5,0.06855,3.90381,7.53827,2
1294.6,0.06855,3.90375,7.53827,2
1294.7,0.06855,3.90369,7.53828,2
1294.8,0.06854,3.90362,7.53828,2
1294.9,0.06854,3.90356,7.53828,2
1295,0.06854,3.9035,7.53828,2
1295.1,0.06854,3.90343,7.53829,2
1295.2,0.06854,3.90337,7.53829,2
1295.3,0.06854,3.90331,7.53829,2
1295.4,0.06854,3.90324,7.5383,2
1295.5,0.06854,3.90318,7.5383,2
1295.6,0.06854,3.90311,7.5383,2
1295.7,0.06854,3.90305,7.53831,2
1295.8,0.06854,3.90298,7.53831,2
1295.9,0.06854,3.90291,7.53831,2
1296,0.06854,3.90285,7.53831,2
1296.1,0.06854,3.90278,7.53832,2
1296.2,0.06854,3.90272,7.53832,2
1296.3,0.06854,3.90265,7.53832,2
1296.4,0.06854,3.90259,7.53832,2
1296.5,0.06854,3.90252,7.53833,2
1296.6,0.06854,3.90246,7.53833,2
1296.7,0.06854,3.90239,7.53833,2
1296.8,0.06854,3.90233,7.53834,2
1296.9,0.06854,3.90226,7.53834,2
1297,0.06854,3.9022,7.53834,2
1297.1,0.06854,3.90214,7.53835,2
1297.2,0.06854,3.90207,7.53835,2
1297.3,0.06854,3.90201,7.53835,2
1297.4,0.06854,3.90195,7.53835,2
1297.5,0.06853,3.90189,7.53836,2
1297.6,0.06853,3.90183,7.53836,2
1297.7,0.06853,3.90176,7.53836,2
1297.8,0.06853,3.90171,7.53836,2
1297.9,0.06853,3.90165,7.53837,2
1298,0.06853,3.90159,7.53837,2
1298.1,0.06853,3.90153,7.53837,2
1298.2,0.06853,3.90147,7.53838,2
1298.3,0.06853,3.90141,7.53838,2
1298.4,0.06853,3.90135,7.53838,2
1298.5,0.06853,3.9013,7.53838,2
1298.6,0.06853,3.90124,7.53839,2
1298.7,0.06853,3.90118,7.53839,2
1298.8,0.06853,3.90113,7.53839,2
1298.9,0.06853,3.90107,7.5384,2
1299,0.06853,3.90102,7.5384,2
1299.1,0.06853,3.90097,7.5384,2
1299.2,0.06853,3.90091,7.5384,2
1299.3,0.06853,3.90086,7.53841,2
1299.4,0.06853,3.90081,7.53841,2
1299.5,0.06853,3.90076,7.53841,2
1299.6,0.06853,3.90071,7.53841,2
1299.7,0.06853,3.90066,7.53842,2
1299.8,0.06853,3.90061,7.53842,2
1299.9,0.06853,3.90056,7.53842,2
1300,0.06853,3.90051,7.53843,2
1300.1,0.06853,3.90046,7.53843,2
1300.2,0.06853,3.90041,7.53843,2
1300.3,0.06853,3.90036,7.53843,2
1300.4,0.06853,3.90031,7.53844,2
1300.5,0.06853,3.90026,7.53844,2
1300.6,0.06853,3.90022,7.53844,2
1300.7,0.06853,3.90017,7.53844,2
1300.8,0.06853,3.90013,7.53845,2
1300.9,0.06853,3.90008,7.53845,2
1301,0.06853,3.90004,7.53845,2
1301.1,0.06853,3.89999,7.53845,2
1301.2,0.06853,3.89995,7.53846,2
1301.3,0.06853,3.89991,7.53846,2
1301.4,0.06853,3.89987,7.53846,2
1301.5,0.06853,3.89982,7.53847,2
1301.6,0.06853,3.89978,7.53847,2
1301.7,0.06853,3.89974,7.53847,2
1301.8,0.06853,3.8997,7.53847,2
1301.9,0.06853,3.89966,7.53848,2
1302,0.06853,3.89962,7.53848,2
1302.1,0.06853,3.89958,7.53848,2
1302.2,0.06853,3.89954,7.53848,2
1302.3,0.06853,3.8995,7.53849,2
1302.4,0.06853,3.89946,7.53849,2
1302.5,0.06853,3.89942,7.53849,2
1302.6,0.06853,3.89938,7.5385,2
1302.7,0.06853,3.89935,7.5385,2
1302.8,0.06853,3.89931,7.5385,2
1302.9,0.06853,3.89927,7.5385,2
1303,0.06853,3.89923,7.53851,2
1303.1,0.06853,3.8992,7.53851,2
1303.2,0.06853,3.89916,7.53851,2
1303.3,0.06853,3.89913,7.53852,2
1303.4,0.06853,3.89909,7.53852,2
1303.5,0.06853,3.89906,7.53852,2
1303.6,0.06853,3.89902,7.53852,2
1303.7,0.06853,3.89899,7.53853,2
1303.8,0.06853,3.89895,7.53853,2
1303.9,0.06853,3.89891,7.53853,2
1304,0.06853,3.89888,7.53853,2
1304.1,0.06853,3.89884,7.53854,2
1304.2,0.06853,3.89881,7.53854,2
1304.3,0.06853,3.89877,7.53854,2
1304.4,0.06853,3.89874,7.53854,2
1304.5,0.06853,3.8987,7.53855,2
1304.6,0.06853,3.89867,7.53855,2
1304.7,0.06853,3.89864,7.53855,2
1304.8,0.06853,3.89861,7.53855,2
1304.9,0.06853,3.89857,7.53856,2
1305,0.06853,3.89854,7.53856,2
1305.1,0.06853,3.89851,7.53856,2
1305.2,0.06853,3.89848,7.53856,2
1305.3,0.06853,3.89845,7.53857,2
1305.4,0.06853,3.89843,7.53857,2
1305.5,0.06853,3.8984,7.53857,2
1305.6,0.06853,3.89837,7.53857,2
1305.7,0.06853,3.89834,7.53858,2
1305.8,0.06853,3.89832,7.53858,2
1305.9,0.06853,3.89829,7.53858,2
1306,0.06853,3.89826,7.53858,2
1306.1,0.06853,3.89824,7.53859,2
1306.2,0.06853,3.89821,7.53859,2
1306.3,0.06853,3.89819,7.53859,2
1306.4,0.06853,3.89816,7.53859,2
1306.5,0.06853,3.89814,7.5386,2
1306.6,0.06853,3.89811,7.5386,2
1306.7,0.06853,3.89809,7.5386,2
1306.8,0.06853,3.89806,7.5386,2
1306.9,0.06853,3.89804,7.5386,2
1307,0.06853,3.89802,7.53861,2
1307.1,0.06853,3.89799,7.53861,2
1307.2,0.06853,3.89797,7.53861,2
1307.3,0.06853,3.89795,7.53861,2
1307.4,0.06853,3.89793,7.53861,2
1307.5,0.06853,3.89791,7.53862,2
1307.6,0.06853,3.89789,7.53862,2
1307.7,0.06853,3.89787,7.53862,2
1307.8,0.06853,3.89785,7.53862,2
1307.9,0.06853,3.89783,7.53863,2
1308,0.06853,3.89781,7.53863,2
1308.1,0.06853,3.89779,7.53863,2
1308.2,0.06853,3.89777,7.53863,2
1308.3,0.06853,3.89776,7.53863,2
1308.4,0.06853,3.89774,7.53864,2
1308.5,0.06853,3.89772,7.53864,2
1308.6,0.06853,3.89771,7.53864,2
1308.7,0.06853,3.89769,7.53864,2
1308.8,0.06853,3.89767,7.53864,2
1308.9,0.06853,3.89766,7.53864,2
1309,0.06853,3.89764,7.53865,2
1309.1,0.06853,3.89763,7.53865,2
1309.2,0.06853,3.89762,7.53865,2
1309.3,0.06853,3.8976,7.53865,2
1309.4,0.06853,3.89759,7.53866,2
1309.5,0.06853,3.89758,7.53866,2
1309.6,0.06853,3.89756,7.53866,2
1309.7,0.06853,3.89755,7.53866,2
1309.8,0.06853,3.89754,7.53866,2
1309.9,0.06853,3.89753,7.53867,2
1310,0.06853,3.89752,7.53867,2
1310.1,0.06853,3.89751,7.53867,2
1310.2,0.06853,3.8975,7.53867,2
1310.3,0.06853,3.89749,7.53867,2
1310.4,0.06853,3.89749,7.53867,2
1310.5,0.06853,3.89748,7.53868,2
1310.6,0.06853,3.89747,7.53868,2
1310.7,0.06853,3.89747,7.53868,2
1310.8,0.06853,3.89746,7.53868,2
1310.9,0.06853,3.89746,7.53868,2
1311,0.06853,3.89745,7.53868,2
1311.1,0.06853,3.89745,7.53869,2
1311.2,0.06853,3.89744,7.53869,2
1311.3,0.06853,3.89744,7.53869,2
1311.4,0.06852,3.89743,7.53869,2
1311.5,0.06852,3.89743,7.53869,2
1311.6,0.06852,3.89743,7.5387,2
1311.7,0.06852,3.89742,7.5387,2
1311.8,0.06852,3.89742,7.5387,2
1311.9,0.06852,3.89742,7.5387,2
1312,0.06852,3.89742,7.5387,2
1312.1,0.06852,3.89741,7.5387,2
1312.2,0.06852,3.89741,7.53871,2
1312.3,0.06852,3.89741,7.53871,2
1312.4,0.06852,3.89741,7.53871,2
1312.5,0.06852,3.89741,7.53871,2
1312.6,0.06852,3.89741,7.53871,2
1312.7,0.06852,3.89741,7.53871,2
1312.8,0.06852,3.89741,7.53871,2
1312.9,0.06852,3.89741,7.53872,2
1313,0.06852,3.89742,7.53872,2
1313.1,0.06852,3.89742,7.53872,2
1313.2,0.06852,3.89742,7.53872,2
1313.3,0.06852,3.89742,7.53872,2
1313.4,0.06852,3.89743,7.53872,2
1313.5,0.06852,3.89743,7.53872,2
1313.6,0.06852,3.89744,7.53872,2
1313.7,0.06852,3.89744,7.53873,2
1313.8,0.06852,3.89745,7.53873,2
1313.9,0.06852,3.89746,7.53873,2
1314,0.06852,3.89747,7.53873,2
1314.1,0.06852,3.89748,7.53873,2
1314.2,0.06852,3.89749,7.53873,2
1314.3,0.06852,3.8975,7.53873,2
1314.4,0.06852,3.89752,7.53873,2
1314.5,0.06852,3.89753,7.53874,2
1314.6,0.06852,3.89754,7.53874,2
1314.7,0.06852,3.89755,7.53874,2
1314.8,0.06852,3.89757,7.53874,2
1314.9,0.06852,3.89758,7.53874,2
1315,0.06852,3.89759,7.53874,2
1315.1,0.06852,3.89761,7.53874,2
1315.2,0.06852,3.89762,7.53874,2
1315.3,0.06852,3.89764,7.53874,2
1315.4,0.06852,3.89766,7.53875,2
1315.5,0.06852,3.89767,7.53875,2
1315.6,0.06852,3.89769,7.53875,2
1315.7,0.06852,3.89771,7.53875,2
1315.8,0.06852,3.89773,7.53875,2
1315.9,0.06852,3.89775,7.53875,2
1316,0.06852,3.89777,7.53875,2
1316.1,0.06852,3.89779,7.53875,2
1316.2,0.06852,3.89781,7.53875,2
1316.3,0.06852,3.89783,7.53875,2
1316.4,0.06852,3.89786,7.53875,2
1316.5,0.06852,3.89788,7.53876,2
1316.6,0.06852,3.8979,7.53876,2
1316.7,0.06852,3.89792,7.53876,2
1316.8,0.06851,3.89794,7.53876,2
1316.9,0.06851,3.89796,7.53876,2
1317,0.06851,3.89799,7.53876,2
1317.1,0.06851,3.89801,7.53876,2
1317.2,0.06851,3.89803,7.53876,2
1317.3,0.06851,3.89806,7.53876,2
1317.4,0.06851,3.89808,7.53876,2
1317.5,0.06851,3.89811,7.53876,2
1317.6,0.06851,3.89813,7.53876,2
1317.7,0.06851,3.89816,7.53876,2
1317.8,0.06851,3.89818,7.53876,2
1317.9,0.06851,3.89821,7.53876,2
1318,0.06851,3.89823,7.53877,2
1318.1,0.06851,3.89826,7.53877,2
1318.2,0.0685,3.89828,7.53877,2
1318.3,0.0685,3.89831,7.53877,2
1318.4,0.0685,3.89833,7.53877,2
1318.5,0.0685,3.89836,7.53877,2
1318.6,0.0685,3.89839,7.53877,2
1318.7,0.0685,3.89842,7.53877,2
1318.8,0.0685,3.89845,7.53877,2
1318.9,0.0685,3.89848,7.53877,2
1319,0.0685,3.8985,7.53877,2
1319.1,0.0685,3.89854,7.53877,2
1319.2,0.0685,3.89857,7.53877,2
1319.3,0.0685,3.8986,7.53877,2
1319.4,0.0685,3.89863,7.53877,2
1319.5,0.0685,3.89866,7.53877,2
1319.6,0.06849,3.89869,7.53877,2
1319.7,0.06849,3.89873,7.53877,2
1319.8,0.06849,3.89876,7.53877,2
1319.9,0.06849,3.89879,7.53877,2
1320,0.06849,3.89883,7.53877,2
1320.1,0.06849,3.89886,7.53877,2
1320.2,0.06849,3.8989,7.53877,2
1320.3,0.06849,3.89893,7.53877,2
1320.4,0.06849,3.89897,7.53877,2
1320.5,0.06849,3.89901,7.53877,2
1320.6,0.06849,3.89905,7.53877,2
1320.7,0.06849,3.89909,7.53877,2
1320.8,0.06849,3.89913,7.53877,2
1320.9,0.06849,3.89917,7.53877,2
1321,0.06848,3.89921,7.53877,2
1321.1,0.06848,3.89925,7.53877,2
1321.2,0.06848,3.89929,7.53877,2
1321.3,0.06848,3.89934,7.53877,2
1321.4,0.06848,3.89938,7.53877,2
1321.5,0.06848,3.89942,7.53877,2
1321.6,0.06848,3.89947,7.53877,2
1321.7,0.06848,3.89951,7.53877,2
1321.8,0.06848,3.89956,7.53877,2
1321.9,0.06848,3.8996,7.53877,2
1322,0.06848,3.89965,7.53877,2
1322.1,0.06847,3.89969,7.53877,2
1322.2,0.06847,3.89974,7.53877,2
1322.3,0.06847,3.89979,7.53877,2
1322.4,0.06847,3.89984,7.53877,2
1322.5,0.06847,3.89988,7.53877,2
1322.6,0.06847,3.89993,7.53877,2
1322.7,0.06847,3.89998,7.53877,2
1322.8,0.06847,3.90003,7.53877,2
1322.9,0.06847,3.90008,7.53877,2
1323,0.06847,3.90013,7.53877,2
1323.1,0.06847,3.90018,7.53877,2
1323.2,0.06846,3.90023,7.53877,2
1323.3,0.06846,3.90028,7.53876,2
1323.4,0.06846,3.90033,7.53876,2
1323.5,0.06846,3.90038,7.53876,2
1323.6,0.06846,3.90043,7.53876,2
1323.7,0.06846,3.90048,7.53876,2
1323.8,0.06846,3.90054,7.53876,2
1323.9,0.06846,3.90059,7.53876,2
1324,0.06846,3.90064,7.53876,2
1324.1,0.06846,3.9007,7.53876,2
1324.2,0.06846,3.90075,7.53876,2
1324.3,0.06846,3.90081,7.53876,2
1324.4,0.06845,3.90087,7.53876,2
1324.5,0.06845,3.90092,7.53875,2
1324.6,0.06845,3.90098,7.53875,2
1324.7,0.06845,3.90104,7.53875,2
1324.8,0.06845,3.9011,7.53875,2
1324.9,0.06845,3.90116,7.53875,2
1325,0.06845,3.90122,7.53875,2
1325.1,0.06845,3.90128,7.53875,2
1325.2,0.06845,3.90134,7.53875,2
1325.3,0.06845,3.90141,7.53874,2
1325.4,0.06844,3.90147,7.53874,2
1325.5,0.06844,3.90153,7.53874,2
1325.6,0.06844,3.9016,7.53874,2
1325.7,0.06844,3.90166,7.53874,2
1325.8,0.06844,3.90173,7.53874,2
1325.9,0.06844,3.90179,7.53874,2
1326,0.06844,3.90186,7.53873,2
1326.1,0.06844,3.90192,7.53873,2
1326.2,0.06843,3.90199,7.53873,2
1326.3,0.06843,3.90205,7.53873,2
1326.4,0.06843,3.90211,7.53873,2
1326.5,0.06843,3.90218,7.53873,2
1326.6,0.06843,3.90224,7.53872,2
1326.7,0.06843,3.90231,7.53872,2
1326.8,0.06843,3.90238,7.53872,2
1326.9,0.06843,3.90244,7.53872,2
1327,0.06842,3.90251,7.53872,2
1327.1,0.06842,3.90257,7.53872,2
1327.2,0.06842,3.90264,7.53872,2
1327.3,0.06842,3.90271,7.53871,2
1327.4,0.06842,3.90278,7.53871,2
1327.5,0.06842,3.90284,7.53871,2
1327.6,0.06842,3.90291,7.53871,2
1327.7,0.06841,3.90298,7.53871,2
1327.8,0.06841,3.90305,7.5387,2
1327.9,0.06841,3.90312,7.5387,2
1328,0.06841,3.90319,7.5387,2
1328.1,0.06841,3.90326,7.5387,2
1328.2,0.06841,3.90333,7.5387,2
1328.3,0.06841,3.90339,7.53869,2
1328.4,0.0684,3.90346,7.53869,2
1328.5,0.0684,3.90353,7.53869,2
1328.6,0.0684,3.9036,7.53869,2
1328.7,0.0684,3.90367,7.53869,2
1328.8,0.0684,3.90374,7.53868,2
1328.9,0.0684,3.90381,7.53868,2
1329,0.0684,3.90388,7.53868,2
1329.1,0.06839,3.90395,7.53868,2
1329.2,0.06839,3.90402,7.53868,2
1329.3,0.06839,3.90409,7.53867,2
1329.4,0.06839,3.90416,7.53867,2
1329.5,0.06839,3.90423,7.53867,2
1329.6,0.06839,3.9043,7.53867,2
1329.7,0.06839,3.90437,7.53866,2
1329.8,0.06838,3.90444,7.53866,2
1329.9,0.06838,3.90451,7.53866,2
1330,0.06838,3.90459,7.53866,2
1330.1,0.06838,3.90466,7.53865,2
1330.2,0.06838,3.90474,7.53865,2
1330.3,0.06838,3.90481,7.53865,2
1330.4,0.06838,3.90488,7.53864,2
1330.5,0.06838,3.90496,7.53864,2
1330.6,0.06837,3.90504,7.53864,2
1330.7,0.06837,3.90511,7.53864,2
1330.8,0.06837,3.90519,7.53863,2
1330.9,0.06837,3.90527,7.53863,2
1331,0.06837,3.90535,7.53863,2
1331.1,0.06837,3.90543,7.53863,2
1331.2,0.06837,3.90551,7.53862,2
1331.3,0.06837,3.90559,7.53862,2
1331.4,0.06837,3.90568,7.53862,2
1331.5,0.06836,3.90576,7.53861,2
1331.6,0.06836,3.90585,7.53861,2
1331.7,0.06836,3.90593,7.53861,2
1331.8,0.06836,3.90602,7.5386,2
1331.9,0.06836,3.90611,7.5386,2
1332,0.06836,3.90619,7.5386,2
1332.1,0.06836,3.90628,7.53859,2
1332.2,0.06836,3.90637,7.53859,2
1332.3,0.06836,3.90646,7.53859,2
1332.4,0.06836,3.90655,7.53858,2
1332.5,0.06835,3.90664,7.53858,2
1332.6,0.06835,3.90673,7.53858,2
1332.7,0.06835,3.90683,7.53857,2
1332.8,0.06835,3.90692,7.53857,2
1332.9,0.06835,3.90702,7.53856,2
1333,0.06835,3.90711,7.53856,2
1333.1,0.06835,3.90721,7.53856,2
1333.2,0.06835,3.9073,7.53855,2
1333.3,0.06835,3.90739,7.53855,2
1333.4,0.06834,3.90749,7.53855,2
1333.5,0.06834,3.90758,7.53854,2
1333.6,0.06834,3.90768,7.53854,2
1333.7,0.06834,3.90777,7.53853,2
1333.8,0.06834,3.90787,7.53853,2
1333.9,0.06834,3.90796,7.53853,2
1334,0.06834,3.90806,7.53852,2
1334.1,0.06833,3.90816,7.53852,2
1334.2,0.06833,3.90825,7.53851,2
1334.3,0.06833,3.90835,7.53851,2
1334.4,0.06833,3.90844,7.53851,2
1334.5,0.06833,3.90853,7.5385,2
1334.6,0.06833,3.90863,7.5385,2
1334.7,0.06833,3.90872,7.53849,2
1334.8,0.06832,3.90881,7.53849,2
1334.9,0.06832,3.9089,7.53848,2
1335,0.06832,3.90899,7.53848,2
1335.1,0.06832,3.90909,7.53848,2
1335.2,0.06832,3.90918,7.53847,2
1335.3,0.06832,3.90927,7.53847,2
1335.4,0.06832,3.90936,7.53846,2
1335.5,0.06831,3.90946,7.53846,2
1335.6,0.06831,3.90955,7.53845,2
1335.7,0.06831,3.90964,7.53845,2
1335.8,0.06831,3.90974,7.53844,2
1335.9,0.06831,3.90983,7.53844,2
1336,0.06831,3.90992,7.53844,2
1336.1,0.0683,3.91001,7.53843,2
1336.2,0.0683,3.91011,7.53843,2
1336.3,0.0683,3.9102,7.53843,2
1336.4,0.0683,3.91029,7.53843,2
1336.5,0.0683,3.91038,7.53842,2
1336.6,0.0683,3.91048,7.53842,2
1336.7,0.06829,3.91057,7.53842,2
1336.8,0.06829,3.91066,7.53842,2
1336.9,0.06829,3.91076,7.53842,2
1337,0.06829,3.91085,7.53841,2
1337.1,0.06829,3.91094,7.53841,2
1337.2,0.06829,3.91103,7.53841,2
1337.3,0.06828,3.91112,7.53841,2
1337.4,0.06828,3.91122,7.53841,2
1337.5,0.06828,3.91131,7.53841,2
1337.6,0.06828,3.9114,7.53841,2
1337.7,0.06828,3.91149,7.53841,2
1337.8,0.06827,3.91159,7.53841,2
1337.9,0.06827,3.91167,7.53841,2
1338,0.06827,3.91176,7.5384,2
1338.1,0.06827,3.91185,7.5384,2
1338.2,0.06827,3.91194,7.5384,2
1338.3,0.06826,3.91203,7.5384,2
1338.4,0.06826,3.91212,7.5384,2
1338.5,0.06826,3.91221,7.5384,2
1338.6,0.06826,3.9123,7.5384,2
1338.7,0.06826,3.91239,7.5384,2
1338.8,0.06826,3.91248,7.5384,2
1338.9,0.06825,3.91257,7.5384,2
1339,0.06825,3.91266,7.5384,2
1339.1,0.06825,3.91275,7.5384,2
1339.2,0.06825,3.91284,7.5384,2
1339.3,0.06825,3.91292,7.5384,2
1339.4,0.06825,3.91301,7.5384,2
1339.5,0.06824,3.9131,7.53839,2
1339.6,0.06824,3.91319,7.53839,2
1339.7,0.06824,3.91328,7.53839,2
1339.8,0.06824,3.91337,7.53839,2
1339.9,0.06824,3.91346,7.53839,2
1340,0.06824,3.91355,7.53839,2
1340.1,0.06824,3.91364,7.53839,2
1340.2,0.06823,3.91373,7.53839,2
1340.3,0.06823,3.91382,7.53839,2
1340.4,0.06823,3.91391,7.53839,2
1340.5,0.06823,3.914,7.53839,2
1340.6,0.06823,3.91409,7.53838,2
1340.7,0.06823,3.91418,7.53838,2
1340.8,0.06822,3.91428,7.53838,2
1340.9,0.06822,3.91437,7.53838,2
1341,0.06822,3.91446,7.53838,2
1341.1,0.06822,3.91456,7.53838,2
1341.2,0.06822,3.91465,7.53837,2
1341.3,0.06822,3.91475,7.53837,2
1341.4,0.06821,3.91484,7.53837,2
1341.5,0.06821,3.91494,7.53837,2
1341.6,0.06821,3.91503,7.53837,2
1341.7,0.06821,3.91512,7.53837,2
1341.8,0.06821,3.91522,7.53837,2
1341.9,0.06821,3.91531,7.53837,2
1342,0.06821,3.91541,7.53837,2
1342.1,0.06821,3.9155,7.53836,2
1342.2,0.0682,3.91559,7.53836,2
1342.3,0.0682,3.91568,7.53836,2
1342.4,0.0682,3.91577,7.53836,2
1342.5,0.0682,3.91587,7.53836,2
1342.6,0.0682,3.91596,7.53836,2
1342.7,0.0682,3.91605,7.53836,2
1342.8,0.0682,3.91614,7.53836,2
1342.9,0.0682,3.91623,7.53836,2
1343,0.0682,3.91633,7.53836,2
1343.1,0.06819,3.91642,7.53836,2
1343.2,0.06819,3.91652,7.53836,2
1343.3,0.06819,3.91661,7.53836,2
1343.4,0.06819,3.91671,7.53836,2
1343.5,0.06819,3.91681,7.53836,2
1343.6,0.06819,3.91691,7.53836,2
1343.7,0.06819,3.917,7.53836,2
1343.8,0.06819,3.9171,7.53836,2
1343.9,0.06818,3.9172,7.53836,2
1344,0.06818,3.9173,7.53836,2
1344.1,0.06818,3.9174,7.53836,2
1344.2,0.06818,3.9175,7.53836,2
1344.3,0.06818,3.91759,7.53836,2
1344.4,0.06818,3.91769,7.53836,2
1344.5,0.06818,3.91779,7.53836,2
1344.6,0.06818,3.91789,7.53836,2
1344.7,0.06818,3.91799,7.53836,2
1344.8,0.06817,3.91808,7.53836,2
1344.9,0.06817,3.91818,7.53836,2
1345,0.06817,3.91828,7.53836,2
1345.1,0.06817,3.91838,7.53836,2
1345.2,0.06817,3.91848,7.53836,2
1345.3,0.06817,3.91857,7.53836,2
1345.4,0.06817,3.91867,7.53836,2
1345.5,0.06817,3.91877,7.53836,2
1345.6,0.06816,3.91887,7.53836,2
1345.7,0.06816,3.91897,7.53836,2
1345.8,0.06816,3.91906,7.53836,2
1345.9,0.06816,3.91916,7.53836,2
1346,0.06816,3.91926,7.53836,2
1346.1,0.06816,3.91935,7.53836,2
1346.2,0.06816,3.91945,7.53836,2
1346.3,0.06816,3.91955,7.53836,2
1346.4,0.06815,3.91964,7.53836,2
1346.5,0.06815,3.91974,7.53836,2
1346.6,0.06815,3.91984,7.53836,2
1346.7,0.06815,3.91993,7.53836,2
1346.8,0.06815,3.92003,7.53836,2
1346.9,0.06815,3.92013,7.53836,2
1347,0.06815,3.92022,7.53836,2
1347.1,0.06814,3.92032,7.53836,2
1347.2,0.06814,3.92041,7.53836,2
1347.3,0.06814,3.92051,7.53836,2
1347.4,0.06814,3.9206,7.53836,2
1347.5,0.06814,3.9207,7.53836,2
1347.6,0.06814,3.92079,7.53836,2
1347.7,0.06814,3.92088,7.53836,2
1347.8,0.06814,3.92098,7.53836,2
1347.9,0.06813,3.92107,7.53836,2
1348,0.06813,3.92116,7.53836,2
1348.1,0.06813,3.92125,7.53836,2
1348.2,0.06813,3.92135,7.53836,2
1348.3,0.06813,3.92144,7.53836,2
1348.4,0.06813,3.92153,7.53836,2
1348.5,0.06813,3.92162,7.53836,2
1348.6,0.06813,3.92171,7.53836,2
1348.7,0.06812,3.9218,7.53836,2
1348.8,0.06812,3.9219,7.53836,2
1348.9,0.06812,3.92199,7.53835,2
1349,0.06812,3.92208,7.53835,2
1349.1,0.06812,3.92217,7.53835,2
1349.2,0.06812,3.92226,7.53835,2
1349.3,0.06812,3.92235,7.53835,2
1349.4,0.06812,3.92245,7.53834,2
1349.5,0.06811,3.92254,7.53834,2
1349.6,0.06811,3.92263,7.53834,2
1349.7,0.06811,3.92273,7.53834,2
1349.8,0.06811,3.92282,7.53833,2
1349.9,0.06811,3.92291,7.53833,2
1350,0.06811,3.92301,7.53833,2
1350.1,0.06811,3.9231,7.53833,2
1350.2,0.06811,3.92319,7.53832,2
1350.3,0.0681,3.92329,7.53832,2
1350.4,0.0681,3.92338,7.53832,2
1350.5,0.0681,3.92347,7.53832,2
1350.6,0.0681,3.92357,7.53831,2
1350.7,0.0681,3.92366,7.53831,2
1350.8,0.0681,3.92375,7.53831,2
1350.9,0.0681,3.92384,7.53831,2
1351,0.06809,3.92393,7.5383,2
1351.1,0.06809,3.92403,7.5383,2
1351.2,0.06809,3.92412,7.5383,2
1351.3,0.06809,3.92421,7.53829,2
1351.4,0.06809,3.9243,7.53829,2
1351.5,0.06809,3.92439,7.53829,2
1351.6,0.06809,3.92448,7.53829,2
1351.7,0.06808,3.92457,7.53828,2
1351.8,0.06808,3.92466,7.53828,2
1351.9,0.06808,3.92475,7.53828,2
1352,0.06808,3.92484,7.53828,2
1352.1,0.06808,3.92493,7.53828,2
1352.2,0.06808,3.92502,7.53828,2
1352.3,0.06808,3.92511,7.53828,2
1352.4,0.06807,3.92519,7.53828,2
1352.5,0.06807,3.92528,7.53828,2
1352.6,0.06807,3.92536,7.53828,2
1352.7,0.06807,3.92545,7.53828,2
1352.8,0.06807,3.92554,7.53828,2
1352.9,0.06807,3.92562,7.53828,2
1353,0.06807,3.92571,7.53828,2
1353.1,0.06806,3.9258,7.53828,2
1353.2,0.06806,3.92588,7.53828,2
1353.3,0.06806,3.92597,7.53828,2
1353.4,0.06806,3.92605,7.53828,2
1353.5,0.06806,3.92614,7.53828,2
1353.6,0.06806,3.92623,7.53828,2
1353.7,0.06806,3.92631,7.53828,2
1353.8,0.06805,3.9264,7.53828,2
1353.9,0.06805,3.92648,7.53829,2
1354,0.06805,3.92657,7.53829,2
1354.1,0.06805,3.92666,7.53829,2
1354.2,0.06805,3.92674,7.53829,2
1354.3,0.06805,3.92683,7.53829,2
1354.4,0.06804,3.92692,7.53829,2
1354.5,0.06804,3.927,7.5383,2
1354.6,0.06804,3.92709,7.5383,2
1354.7,0.06804,3.92718,7.5383,2
1354.8,0.06804,3.92727,7.5383,2
1354.9,0.06804,3.92735,7.5383,2
1355,0.06803,3.92744,7.5383,2
1355.1,0.06803,3.92752,7.53831,2
1355.2,0.06803,3.92761,7.53831,2
1355.3,0.06803,3.92769,7.53831,2
1355.4,0.06803,3.92778,7.53831,2
1355.5,0.06802,3.92786,7.53831,2
1355.6,0.06802,3.92795,7.53832,2
1355.7,0.06802,3.92803,7.53832,2
1355.8,0.06802,3.92812,7.53832,2
1355.9,0.06802,3.9282,7.53832,2
1356,0.06801,3.92828,7.53832,2
1356.1,0.06801,3.92837,7.53833,2
1356.2,0.06801,3.92845,7.53833,2
1356.3,0.06801,3.92853,7.53833,2
1356.4,0.06801,3.92861,7.53833,2
1356.5,0.068,3.92869,7.53833,2
1356.6,0.068,3.92877,7.53834,2
1356.7,0.068,3.92885,7.53834,2
1356.8,0.068,3.92893,7.53834,2
1356.9,0.06799,3.92901,7.53834,2
1357,0.06799,3.92909,7.53834,2
1357.1,0.06799,3.92917,7.53835,2
1357.2,0.06799,3.92925,7.53835,2
1357.3,0.06799,3.92933,7.53835,2
1357.4,0.06798,3.9294,7.53835,2
1357.5,0.06798,3.92948,7.53835,2
1357.6,0.06798,3.92956,7.53835,2
1357.7,0.06798,3.92964,7.53835,2
1357.8,0.06798,3.92971,7.53835,2
1357.9,0.06797,3.92979,7.53835,2
1358,0.06797,3.92987,7.53835,2
1358.1,0.06797,3.92994,7.53835,2
1358.2,0.06797,3.93002,7.53835,2
1358.3,0.06797,3.9301,7.53835,2
1358.4,0.06797,3.93018,7.53835,2
1358.5,0.06796,3.93026,7.53835,2
1358.6,0.06796,3.93034,7.53835,2
1358.7,0.06796,3.93042,7.53834,2
1358.8,0.06796,3.93049,7.53834,2
1358.9,0.06796,3.93057,7.53834,2
1359,0.06795,3.93064,7.53834,2
1359.1,0.06795,3.93072,7.53834,2
1359.2,0.06795,3.9308,7.53834,2
1359.3,0.06795,3.93087,7.53834,2
1359.4,0.06795,3.93095,7.53834,2
1359.5,0.06794,3.93103,7.53834,2
1359.6,0.06794,3.93111,7.53834,2
1359.7,0.06794,3.93118,7.53833,2
1359.8,0.06794,3.93126,7.53833,2
1359.9,0.06794,3.93134,7.53833,2
1360,0.06794,3.93142,7.53833,2
1360.1,0.06793,3.9315,7.53833,2
1360.2,0.06793,3.93158,7.53833,2
1360.3,0.06793,3.93166,7.53833,2
1360.4,0.06793,3.93174,7.53833,2
1360.5,0.06793,3.93182,7.53832,2
1360.6,0.06792,3.9319,7.53832,2
1360.7,0.06792,3.93198,7.53832,2
1360.8,0.06792,3.93206,7.53832,2
1360.9,0.06792,3.93213,7.53832,2
1361,0.06792,3.93221,7.53832,2
1361.1,0.06791,3.93229,7.53832,2
1361.2,0.06791,3.93237,7.53832,2
1361.3,0.06791,3.93245,7.53832,2
1361.4,0.06791,3.93253,7.53831,2
1361.5,0.06791,3.93261,7.53831,2
1361.6,0.0679,3.93269,7.53831,2
1361.7,0.0679,3.93277,7.53831,2
1361.8,0.0679,3.93284,7.53831,2
1361.9,0.0679,3.93292,7.53831,2
1362,0.0679,3.933,7.53831,2
1362.1,0.06789,3.93307,7.5383,2
1362.2,0.06789,3.93314,7.5383,2
1362.3,0.06789,3.93322,7.5383,2
1362.4,0.06789,3.93329,7.5383,2
1362.5,0.06789,3.93336,7.5383,2
1362.6,0.06788,3.93344,7.5383,2
1362.7,0.06788,3.93351,7.53829,2
1362.8,0.06788,3.93358,7.53829,2
1362.9,0.06788,3.93365,7.53829,2
1363,0.06788,3.93373,7.53829,2
1363.1,0.06787,3.9338,7.53829,2
1363.2,0.06787,3.93387,7.53829,2
1363.3,0.06787,3.93394,7.53829,2
1363.4,0.06787,3.93402,7.53829,2
1363.5,0.06786,3.93409,7.53829,2
1363.6,0.06786,3.93416,7.53829,2
1363.7,0.06786,3.93424,7.53829,2
1363.8,0.06786,3.93431,7.53829,2
1363.9,0.06786,3.93438,7.53829,2
1364,0.06785,3.93445,7.53829,2
1364.1,0.06785,3.93453,7.53829,2
1364.2,0.06785,3.9346,7.53829,2
1364.3,0.06785,3.93467,7.53829,2
1364.4,0.06785,3.93474,7.53829,2
1364.5,0.06784,3.93482,7.53829,2
1364.6,0.06784,3.93489,7.53829,2
1364.7,0.06784,3.93496,7.53829,2
1364.8,0.06784,3.93502,7.53829,2
1364.9,0.06784,3.93509,7.5383,2
1365,0.06783,3.93516,7.5383,2
1365.1,0.06783,3.93523,7.5383,2
1365.2,0.06783,3.9353,7.5383,2
1365.3,0.06783,3.93537,7.53831,2
1365.4,0.06782,3.93544,7.53831,2
1365.5,0.06782,3.9355,7.53831,2
1365.6,0.06782,3.93557,7.53831,2
1365.7,0.06782,3.93564,7.53831,2
1365.8,0.06782,3.93571,7.53832,2
1365.9,0.06781,3.93577,7.53832,2
1366,0.06781,3.93584,7.53832,2
1366.1,0.06781,3.93591,7.53832,2
1366.2,0.06781,3.93597,7.53832,2
1366.3,0.06781,3.93604,7.53833,2
1366.4,0.0678,3.9361,7.53833,2
1366.5,0.0678,3.93617,7.53833,2
1366.6,0.0678,3.93624,7.53833,2
1366.7,0.0678,3.9363,7.53833,2
1366.8,0.0678,3.93637,7.53833,2
1366.9,0.06779,3.93643,7.53833,2
1367,0.06779,3.9365,7.53833,2
1367.1,0.06779,3.93656,7.53833,2
1367.2,0.06779,3.93663,7.53833,2
1367.3,0.06779,3.93669,7.53833,2
1367.4,0.06778,3.93675,7.53833,2
1367.5,0.06778,3.93682,7.53833,2
1367.6,0.06778,3.93688,7.53833,2
1367.7,0.06778,3.93695,7.53833,2
1367.8,0.06778,3.93701,7.53833,2
1367.9,0.06777,3.93708,7.53833,2
1368,0.06777,3.93715,7.53833,2
1368.1,0.06777,3.93721,7.53833,2
1368.2,0.06777,3.93728,7.53833,2
1368.3,0.06777,3.93735,7.53833,2
1368.4,0.06777,3.93741,7.53833,2
1368.5,0.06776,3.93748,7.53833,2
1368.6,0.06776,3.93754,7.53833,2
1368.7,0.06776,3.93761,7.53833,2
1368.8,0.06776,3.93767,7.53833,2
1368.9,0.06776,3.93774,7.53833,2
1369,0.06775,3.9378,7.53833,2
1369.1,0.06775,3.93787,7.53833,2
1369.2,0.06775,3.93793,7.53833,2
1369.3,0.06775,3.93799,7.53833,2
1369.4,0.06775,3.93806,7.53833,2
1369.5,0.06774,3.93812,7.53833,2
1369.6,0.06774,3.93819,7.53832,2
1369.7,0.06774,3.93825,7.53832,2
1369.8,0.06774,3.93831,7.53832,2
1369.9,0.06773,3.93837,7.53832,2
1370,0.06773,3.93843,7.53832,2
1370.1,0.06773,3.9385,7.53832,2
1370.2,0.06773,3.93856,7.53832,2
1370.3,0.06773,3.93862,7.53832,2
1370.4,0.06772,3.93868,7.53832,2
1370.5,0.06772,3.93875,7.53832,2
1370.6,0.06772,3.93881,7.53832,2
1370.7,0.06772,3.93887,7.53832,2
1370.8,0.06772,3.93893,7.53832,2
1370.9,0.06771,3.93899,7.53832,2
1371,0.06771,3.93905,7.53831,2
1371.1,0.06771,3.93911,7.53831,2
1371.2,0.06771,3.93917,7.53831,2
1371.3,0.06771,3.93923,7.53831,2
1371.4,0.0677,3.93928,7.53831,2
1371.5,0.0677,3.93934,7.53831,2
1371.6,0.0677,3.9394,7.53831,2
1371.7,0.0677,3.93946,7.53831,2
1371.8,0.0677,3.93952,7.53831,2
1371.9,0.06769,3.93957,7.53831,2
1372,0.06769,3.93963,7.53831,2
1372.1,0.06769,3.93969,7.53831,2
1372.2,0.06769,3.93975,7.53831,2
1372.3,0.06768,3.9398,7.53831,2
1372.4,0.06768,3.93986,7.53831,2
1372.5,0.06768,3.93992,7.53831,2
1372.6,0.06768,3.93998,7.53831,2
1372.7,0.06768,3.94003,7.53831,2
1372.8,0.06767,3.94009,7.53831,2
1372.9,0.06767,3.94015,7.53831,2
1373,0.06767,3.9402,7.53831,2
1373.1,0.06767,3.94026,7.53831,2
1373.2,0.06767,3.94032,7.53831,2
1373.3,0.06766,3.94038,7.53831,2
1373.4,0.06766,3.94043,7.53831,2
1373.5,0.06766,3.94049,7.53831,2
1373.6,0.06766,3.94055,7.53831,2
1373.7,0.06766,3.9406,7.53831,2
1373.8,0.06765,3.94066,7.53831,2
1373.9,0.06765,3.94071,7.53831,2
1374,0.06765,3.94077,7.53831,2
1374.1,0.06765,3.94083,7.53831,2
1374.2,0.06765,3.94088,7.53831,2
1374.3,0.06764,3.94094,7.53831,2
1374.4,0.06764,3.94099,7.53831,2
1374.5,0.06764,3.94104,7.53832,2
1374.6,0.06764,3.9411,7.53832,2
1374.7,0.06764,3.94115,7.53832,2
1374.8,0.06763,3.94121,7.53832,2
1374.9,0.06763,3.94126,7.53832,2
1375,0.06763,3.94131,7.53832,2
1375.1,0.06763,3.94137,7.53832,2
1375.2,0.06763,3.94142,7.53832,2
1375.3,0.06762,3.94148,7.53832,2
1375.4,0.06762,3.94153,7.53832,2
1375.5,0.06762,3.94159,7.53833,2
1375.6,0.06762,3.94164,7.53833,2
1375.7,0.06762,3.94169,7.53833,2
1375.8,0.06761,3.94175,7.53833,2
1375.9,0.06761,3.9418,7.53833,2
1376,0.06761,3.94185,7.53833,2
1376.1,0.06761,3.94191,7.53834,2
1376.2,0.06761,3.94196,7.53834,2
1376.3,0.0676,3.94201,7.53834,2
1376.4,0.0676,3.94206,7.53834,2
1376.5,0.0676,3.94211,7.53834,2
1376.6,0.0676,3.94216,7.53834,2
1376.7,0.0676,3.94221,7.53835,2
1376.8,0.06759,3.94226,7.53835,2
1376.9,0.06759,3.94231,7.53835,2
1377,0.06759,3.94236,7.53835,2
1377.1,0.06759,3.94241,7.53835,2
1377.2,0.06759,3.94246,7.53835,2
1377.3,0.06758,3.94251,7.53835,2
1377.4,0.06758,3.94256,7.53835,2
1377.5,0.06758,3.94261,7.53835,2
1377.6,0.06758,3.94266,7.53835,2
1377.7,0.06758,3.94271,7.53835,2
1377.8,0.06757,3.94276,7.53835,2
1377.9,0.06757,3.94281,7.53835,2
1378,0.06757,3.94285,7.53835,2
1378.1,0.06757,3.9429,7.53835,2
1378.2,0.06757,3.94295,7.53834,2
1378.3,0.06756,3.943,7.53834,2
1378.4,0.06756,3.94304,7.53834,2
1378.5,0.06756,3.94309,7.53834,2
1378.6,0.06756,3.94314,7.53834,2
1378.7,0.06755,3.94319,7.53834,2
1378.8,0.06755,3.94323,7.53834,2
1378.9,0.06755,3.94328,7.53834,2
1379,0.06755,3.94332,7.53834,2
1379.1,0.06755,3.94337,7.53834,2
1379.2,0.06754,3.94342,7.53835,2
1379.3,0.06754,3.94346,7.53835,2
1379.4,0.06754,3.9435,7.53835,2
1379.5,0.06754,3.94355,7.53835,2
1379.6,0.06754,3.94359,7.53835,2
1379.7,0.06753,3.94364,7.53835,2
1379.8,0.06753,3.94368,7.53835,2
1379.9,0.06753,3.94372,7.53835,2
1380,0.06753,3.94376,7.53835,2
1380.1,0.06753,3.94381,7.53835,2
1380.2,0.06752,3.94385,7.53835,2
1380.3,0.06752,3.94389,7.53835,2
1380.4,0.06752,3.94393,7.53835,2
1380.5,0.06752,3.94397,7.53835,2
1380.6,0.06751,3.94401,7.53835,2
1380.7,0.06751,3.94405,7.53835,2
1380.8,0.06751,3.94409,7.53835,2
1380.9,0.06751,3.94413,7.53835,2
1381,0.06751,3.94417,7.53835,2
1381.1,0.0675,3.94421,7.53835,2
1381.2,0.0675,3.94425,7.53835,2
1381.3,0.0675,3.94429,7.53835,2
1381.4,0.0675,3.94433,7.53835,2
1381.5,0.0675,3.94436,7.53835,2
1381.6,0.06749,3.9444,7.53835,2
1381.7,0.06749,3.94444,7.53835,2
1381.8,0.06749,3.94447,7.53835,2
1381.9,0.06749,3.94451,7.53835,2
1382,0.06748,3.94454,7.53835,2
1382.1,0.06748,3.94458,7.53835,2
1382.2,0.06748,3.94461,7.53835,2
1382.3,0.06748,3.94464,7.53835,2
1382.4,0.06748,3.94467,7.53835,2
1382.5,0.06747,3.94471,7.53835,2
1382.6,0.06747,3.94474,7.53835,2
1382.7,0.06747,3.94477,7.53835,2
1382.8,0.06747,3.9448,7.53835,2
1382.9,0.06746,3.94483,7.53835,2
1383,0.06746,3.94486,7.53835,2
1383.1,0.06746,3.94489,7.53835,2
1383.2,0.06746,3.94492,7.53835,2
1383.3,0.06745,3.94495,7.53835,2
1383.4,0.06745,3.94498,7.53835,2
1383.5,0.06745,3.94501,7.53835,2
1383.6,0.06745,3.94504,7.53835,2
1383.7,0.06745,3.94506,7.53835,2
1383.8,0.06744,3.94509,7.53835,2
1383.9,0.06744,3.94511,7.53835,2
1384,0.06744,3.94514,7.53835,2
1384.1,0.06744,3.94517,7.53835,2
1384.2,0.06743,3.94519,7.53835,2
1384.3,0.06743,3.94522,7.53835,2
1384.4,0.06743,3.94524,7.53835,2
1384.5,0.06743,3.94526,7.53835,2
1384.6,0.06742,3.94529,7.53835,2
1384.7,0.06742,3.94531,7.53835,2
1384.8,0.06742,3.94534,7.53835,2
1384.9,0.06742,3.94536,7.53835,2
1385,0.06741,3.94538,7.53835,2
1385.1,0.06741,3.9454,7.53835,2
1385.2,0.06741,3.94543,7.53835,2
1385.3,0.06741,3.94545,7.53835,2
1385.4,0.0674,3.94547,7.53835,2
1385.5,0.0674,3.9455,7.53835,2
1385.6,0.0674,3.94552,7.53835,2
1385.7,0.0674,3.94554,7.53835,2
1385.8,0.06739,3.94556,7.53835,2
1385.9,0.06739,3.94558,7.53835,2
1386,0.06739,3.9456,7.53835,2
1386.1,0.06739,3.94562,7.53835,2
1386.2,0.06738,3.94564,7.53835,2
1386.3,0.06738,3.94566,7.53835,2
1386.4,0.06738,3.94567,7.53836,2
1386.5,0.06738,3.94569,7.53836,2
1386.6,0.06737,3.94571,7.53836,2
1386.7,0.06737,3.94573,7.53836,2
1386.8,0.06737,3.94575,7.53836,2
1386.9,0.06737,3.94576,7.53836,2
1387,0.06737,3.94578,7.53836,2
1387.1,0.06736,3.9458,7.53836,2
1387.2,0.06736,3.94581,7.53836,2
1387.3,0.06736,3.94583,7.53836,2
1387.4,0.06736,3.94585,7.53836,2
1387.5,0.06735,3.94587,7.53836,2
1387.6,0.06735,3.94588,7.53836,2
1387.7,0.06735,3.9459,7.53836,2
1387.8,0.06735,3.94591,7.53836,2
1387.9,0.06734,3.94593,7.53836,2
1388,0.06734,3.94594,7.53836,2
1388.1,0.06734,3.94596,7.53836,2
1388.2,0.06733,3.94597,7.53836,2
1388.3,0.06733,3.94599,7.53836,2
1388.4,0.06733,3.946,7.53836,2
1388.5,0.06733,3.94601,7.53836,2
1388.6,0.06732,3.94603,7.53837,2
1388.7,0.06732,3.94604,7.53837,2
1388.8,0.06732,3.94605,7.53837,2
1388.9,0.06732,3.94606,7.53837,2
1389,0.06731,3.94607,7.53837,2
1389.1,0.06731,3.94609,7.53837,2
1389.2,0.06731,3.9461,7.53837,2
1389.3,0.06731,3.94611,7.53837,2
1389.4,0.0673,3.94612,7.53837,2
1389.5,0.0673,3.94613,7.53837,2
1389.6,0.0673,3.94614,7.53837,2
1389.7,0.0673,3.94615,7.53837,2
1389.8,0.06729,3.94616,7.53837,2
1389.9,0.06729,3.94616,7.53837,2
1390,0.06729,3.94617,7.53837,2
1390.1,0.06729,3.94618,7.53837,2
1390.2,0.06728,3.94619,7.53837,2
1390.3,0.06728,3.9462,7.53837,2
1390.4,0.06728,3.94621,7.53837,2
1390.5,0.06728,3.94621,7.53837,2
1390.6,0.06727,3.94622,7.53837,2
1390.7,0.06727,3.94623,7.53837,2
1390.8,0.06727,3.94623,7.53837,2
1390.9,0.06726,3.94624,7.53837,2
1391,0.06726,3.94624,7.53837,2
1391.1,0.06726,3.94625,7.53837,2
1391.2,0.06726,3.94625,7.53837,2
1391.3,0.06725,3.94626,7.53837,2
1391.4,0.06725,3.94626,7.53837,2
1391.5,0.06725,3.94626,7.53837,2
1391.6,0.06725,3.94626,7.53837,2
1391.7,0.06724,3.94627,7.53837,2
1391.8,0.06724,3.94627,7.53837,2
1391.9,0.06724,3.94627,7.53837,2
1392,0.06723,3.94627,7.53837,2
1392.1,0.06723,3.94627,7.53837,2
1392.2,0.06723,3.94628,7.53837,2
1392.3,0.06723,3.94628,7.53837,2
1392.4,0.06722,3.94628,7.53837,2
1392.5,0.06722,3.94628,7.53837,2
1392.6,0.06722,3.94628,7.53837,2
1392.7,0.06722,3.94628,7.53837,2
1392.8,0.06721,3.94628,7.53837,2
1392.9,0.06721,3.94628,7.53837,2
1393,0.06721,3.94628,7.53837,2
1393.1,0.0672,3.94628,7.53837,2
1393.2,0.0672,3.94628,7.53837,2
1393.3,0.0672,3.94628,7.53837,2
1393.4,0.0672,3.94628,7.53837,2
1393.5,0.06719,3.94627,7.53837,2
1393.6,0.06719,3.94627,7.53837,2
1393.7,0.06719,3.94627,7.53837,2
1393.8,0.06718,3.94627,7.53837,2
1393.9,0.06718,3.94626,7.53837,2
1394,0.06718,3.94626,7.53837,2
1394.1,0.06718,3.94625,7.53837,2
1394.2,0.06717,3.94625,7.53837,2
1394.3,0.06717,3.94624,7.53837,2
1394.4,0.06717,3.94624,7.53837,2
1394.5,0.06717,3.94623,7.53837,2
1394.6,0.06716,3.94622,7.53837,2
1394.7,0.06716,3.94622,7.53837,2
1394.8,0.06716,3.94621,7.53837,2
1394.9,0.06715,3.9462,7.53837,2
1395,0.06715,3.94619,7.53837,2
1395.1,0.06715,3.94619,7.53837,2
1395.2,0.06715,3.94618,7.53837,2
1395.3,0.06714,3.94617,7.53837,2
1395.4,0.06714,3.94616,7.53837,2
1395.5,0.06714,3.94615,7.53837,2
1395.6,0.06713,3.94614,7.53837,2
1395.7,0.06713,3.94613,7.53837,2
1395.8,0.06713,3.94612,7.53837,2
1395.9,0.06713,3.94611,7.53837,2
1396,0.06712,3.9461,7.53837,2
1396.1,0.06712,3.94609,7.53837,2
1396.2,0.06712,3.94608,7.53837,2
1396.3,0.06712,3.94607,7.53837,2
1396.4,0.06711,3.94606,7.53837,2
1396.5,0.06711,3.94605,7.53837,2
1396.6,0.06711,3.94604,7.53837,2
1396.7,0.0671,3.94603,7.53837,2
1396.8,0.0671,3.94602,7.53837,2
1396.9,0.0671,3.94601,7.53837,2
1397,0.06709,3.946,7.53837,2
1397.1,0.06709,3.94598,7.53837,2
1397.2,0.06709,3.94597,7.53837,2
1397.3,0.06709,3.94596,7.53837,2
1397.4,0.06708,3.94594,7.53837,2
1397.5,0.06708,3.94593,7.53837,2
1397.6,0.06708,3.94591,7.53837,2
1397.7,0.06707,3.9459,7.53837,2
1397.8,0.06707,3.94588,7.53837,2
1397.9,0.06707,3.94587,7.53837,2
1398,0.06706,3.94585,7.53837,2
1398.1,0.06706,3.94583,7.53837,2
1398.2,0.06706,3.94582,7.53837,2
1398.3,0.06706,3.9458,7.53837,2
1398.4,0.06705,3.94578,7.53837,2
1398.5,0.06705,3.94576,7.53837,2
1398.6,0.06705,3.94574,7.53837,2
1398.7,0.06704,3.94572,7.53837,2
1398.8,0.06704,3.9457,7.53837,2
1398.9,0.06704,3.94568,7.53837,2
1399,0.06703,3.94566,7.53837,2
1399.1,0.06703,3.94564,7.53837,2
1399.2,0.06703,3.94562,7.53837,2
1399.3,0.06702,3.9456,7.53837,2
1399.4,0.06702,3.94558,7.53837,2
1399.5,0.06702,3.94556,7.53837,2
1399.6,0.06702,3.94554,7.53837,2
1399.7,0.06701,3.94551,7.53837,2
1399.8,0.06701,3.94549,7.53837,2
1399.9,0.06701,3.94547,7.53837,2
1400,0.067,3.94545,7.53837,2
1400.1,0.067,3.94542,7.53837,2
1400.2,0.067,3.9454,7.53837,2
1400.3,0.06699,3.94538,7.53837,2
1400.4,0.06699,3.94535,7.53837,2
1400.5,0.06699,3.94533,7.53837,2
1400.6,0.06698,3.94531,7.53837,2
1400.7,0.06698,3.94529,7.53837,2
1400.8,0.06698,3.94526,7.53837,2
1400.9,0.06698,3.94524,7.53837,2
1401,0.06697,3.94522,7.53837,2
1401.1,0.06697,3.94519,7.53837,2
1401.2,0.06697,3.94517,7.53837,2
1401.3,0.06696,3.94514,7.53837,2
1401.4,0.06696,3.94512,7.53837,2
1401.5,0.06696,3.94509,7.53837,2
1401.6,0.06695,3.94507,7.53837,2
1401.7,0.06695,3.94504,7.53837,2
1401.8,0.06695,3.94501,7.53837,2
1401.9,0.06694,3.94499,7.53837,2
1402,0.06694,3.94496,7.53836,2
1402.1,0.06694,3.94493,7.53836,2
1402.2,0.06693,3.94491,7.53836,2
1402.3,0.06693,3.94488,7.53836,2
1402.4,0.06693,3.94485,7.53836,2
1402.5,0.06692,3.94482,7.53836,2
1402.6,0.06692,3.94479,7.53836,2
1402.7,0.06692,3.94476,7.53836,2
1402.8,0.06691,3.94473,7.53836,2
1402.9,0.06691,3.9447,7.53836,2
1403,0.06691,3.94467,7.53836,2
1403.1,0.0669,3.94464,7.53836,2
1403.2,0.0669,3.94461,7.53836,2
1403.3,0.0669,3.94458,7.53836,2
1403.4,0.06689,3.94455,7.53836,2
1403.5,0.06689,3.94452,7.53836,2
1403.6,0.06689,3.94448,7.53836,2
1403.7,0.06688,3.94445,7.53836,2
1403.8,0.06688,3.94442,7.53836,2
1403.9,0.06688,3.94438,7.53836,2
1404,0.06687,3.94435,7.53836,2
1404.1,0.06687,3.94431,7.53836,2
1404.2,0.06687,3.94427,7.53836,2
1404.3,0.06686,3.94423,7.53836,2
1404.4,0.06686,3.9442,7.53836,2
1404.5,0.06686,3.94416,7.53836,2
1404.6,0.06685,3.94412,7.53836,2
1404.7,0.06685,3.94408,7.53836,2
1404.8,0.06685,3.94404,7.53837,2
1404.9,0.06684,3.944,7.53837,2
1405,0.06684,3.94396,7.53837,2
1405.1,0.06684,3.94392,7.53837,2
1405.2,0.06683,3.94389,7.53837,2
1405.3,0.06683,3.94384,7.53837,2
1405.4,0.06683,3.9438,7.53837,2
1405.5,0.06682,3.94376,7.53837,2
1405.6,0.06682,3.94372,7.53837,2
1405.7,0.06681,3.94368,7.53837,2
1405.8,0.06681,3.94364,7.53837,2
1405.9,0.06681,3.9436,7.53837,2
1406,0.0668,3.94356,7.53837,2
1406.1,0.0668,3.94352,7.53837,2
1406.2,0.0668,3.94347,7.53837,2
1406.3,0.06679,3.94343,7.53837,2
1406.4,0.06679,3.94339,7.53837,2
1406.5,0.06679,3.94335,7.53837,2
1406.6,0.06678,3.94331,7.53837,2
1406.7,0.06678,3.94327,7.53837,2
1406.8,0.06678,3.94323,7.53837,2
1406.9,0.06677,3.94318,7.53837,2
1407,0.06677,3.94314,7.53837,2
1407.1,0.06676,3.9431,7.53837,2
1407.2,0.06676,3.94305,7.53837,2
1407.3,0.06676,3.94301,7.53837,2
1407.4,0.06675,3.94296,7.53837,2
1407.5,0.06675,3.94292,7.53837,2
1407.6,0.06675,3.94288,7.53837,2
1407.7,0.06674,3.94283,7.53837,2
1407.8,0.06674,3.94278,7.53837,2
1407.9,0.06673,3.94274,7.53837,2
1408,0.06673,3.94269,7.53837,2
1408.1,0.06673,3.94265,7.53837,2
1408.2,0.06672,3.9426,7.53837,2
1408.3,0.06672,3.94256,7.53837,2
1408.4,0.06672,3.94251,7.53837,2
1408.5,0.06671,3.94246,7.53837,2
1408.6,0.06671,3.94241,7.53837,2
1408.7,0.0667,3.94236,7.53837,2
1408.8,0.0667,3.94231,7.53837,2
1408.9,0.0667,3.94227,7.53837,2
1409,0.06669,3.94222,7.53837,2
1409.1,0.06669,3.94217,7.53837,2
1409.2,0.06669,3.94212,7.53837,2
1409.3,0.06668,3.94207,7.53837,2
1409.4,0.06668,3.94202,7.53837,2
1409.5,0.06667,3.94197,7.53837,2
1409.6,0.06667,3.94192,7.53837,2
1409.7,0.06667,3.94186,7.53837,2
1409.8,0.06666,3.94181,7.53837,2
1409.9,0.06666,3.94176,7.53837,2
1410,0.06665,3.94171,7.53837,2
1410.1,0.06665,3.94165,7.53837,2
1410.2,0.06665,3.9416,7.53837,2
1410.3,0.06664,3.94155,7.53837,2
1410.4,0.06664,3.9415,7.53837,2
1410.5,0.06663,3.94144,7.53837,2
1410.6,0.06663,3.94139,7.53837,2
1410.7,0.06663,3.94134,7.53837,2
1410.8,0.06662,3.94128,7.53837,2
1410.9,0.06662,3.94123,7.53837,2
1411,0.06661,3.94117,7.53837,2
1411.1,0.06661,3.94112,7.53837,2
1411.2,0.06661,3.94106,7.53837,2
1411.3,0.0666,3.94101,7.53837,2
1411.4,0.0666,3.94095,7.53837,2
1411.5,0.06659,3.9409,7.53837,2
1411.6,0.06659,3.94085,7.53836,2
1411.7,0.06659,3.94079,7.53836,2
1411.8,0.06658,3.94073,7.53836,2
1411.9,0.06658,3.94068,7.53836,2
1412,0.06657,3.94062,7.53836,2
1412.1,0.06657,3.94057,7.53836,2
1412.2,0.06657,3.94051,7.53836,2
1412.3,0.06656,3.94045,7.53836,2
1412.4,0.06656,3.9404,7.53835,2
1412.5,0.06655,3.94034,7.53835,2
1412.6,0.06655,3.94028,7.53835,2
1412.7,0.06654,3.94022,7.53835,2
1412.8,0.06654,3.94016,7.53835,2
1412.9,0.06654,3.9401,7.53835,2
1413,0.06653,3.94004,7.53835,2
1413.1,0.06653,3.93999,7.53834,2
1413.2,0.06652,3.93993,7.53834,2
1413.3,0.06652,3.93986,7.53834,2
1413.4,0.06651,3.9398,7.53834,2
1413.5,0.06651,3.93974,7.53834,2
1413.6,0.06651,3.93968,7.53834,2
1413.7,0.0665,3.93962,7.53834,2
1413.8,0.0665,3.93956,7.53833,2
1413.9,0.06649,3.9395,7.53833,2
1414,0.06649,3.93944,7.53833,2
1414.1,0.06648,3.93938,7.53833,2
1414.2,0.06648,3.93931,7.53833,2
1414.3,0.06648,3.93925,7.53833,2
1414.4,0.06647,3.93919,7.53833,2
1414.5,0.06647,3.93913,7.53833,2
1414.6,0.06646,3.93906,7.53833,2
1414.7,0.06646,3.939,7.53833,2
1414.8,0.06645,3.93894,7.53833,2
1414.9,0.06645,3.93887,7.53833,2
1415,0.06645,3.93881,7.53833,2
1415.1,0.06644,3.93874,7.53833,2
1415.2,0.06644,3.93868,7.53833,2
1415.3,0.06643,3.93861,7.53833,2
1415.4,0.06643,3.93855,7.53833,2
1415.5,0.06642,3.93848,7.53833,2
1415.6,0.06642,3.93842,7.53833,2
1415.7,0.06642,3.93835,7.53833,2
1415.8,0.06641,3.93828,7.53833,2
1415.9,0.06641,3.93822,7.53833,2
1416,0.0664,3.93815,7.53833,2
1416.1,0.0664,3.93809,7.53833,2
1416.2,0.06639,3.93802,7.53833,2
1416.3,0.06639,3.93795,7.53833,2
1416.4,0.06638,3.93789,7.53833,2
1416.5,0.06638,3.93782,7.53833,2
1416.6,0.06638,3.93775,7.53833,2
1416.7,0.06637,3.93768,7.53833,2
1416.8,0.06637,3.93762,7.53833,2
1416.9,0.06636,3.93755,7.53833,2
1417,0.06636,3.93748,7.53833,2
1417.1,0.06635,3.93741,7.53833,2
1417.2,0.06635,3.93734,7.53833,2
1417.3,0.06634,3.93727,7.53833,2
1417.4,0.06634,3.93721,7.53833,2
1417.5,0.06633,3.93714,7.53833,2
1417.6,0.06633,3.93707,7.53833,2
1417.7,0.06632,3.937,7.53833,2
1417.8,0.06632,3.93693,7.53833,2
1417.9,0.06631,3.93686,7.53833,2
1418,0.06631,3.93679,7.53833,2
1418.1,0.0663,3.93672,7.53833,2
1418.2,0.0663,3.93665,7.53833,2
1418.3,0.0663,3.93657,7.53833,2
1418.4,0.06629,3.9365,7.53833,2
1418.5,0.06629,3.93643,7.53833,2
1418.6,0.06628,3.93636,7.53833,2
1418.7,0.06628,3.93629,7.53833,2
1418.8,0.06627,3.93621,7.53833,2
1418.9,0.06627,3.93614,7.53833,2
1419,0.06626,3.93607,7.53833,2
1419.1,0.06626,3.936,7.53833,2
1419.2,0.06625,3.93593,7.53833,2
1419.3,0.06625,3.93585,7.53833,2
1419.4,0.06624,3.93578,7.53833,2
1419.5,0.06624,3.9357,7.53833,2
1419.6,0.06623,3.93563,7.53833,2
1419.7,0.06623,3.93555,7.53833,2
1419.8,0.06622,3.93548,7.53833,2
1419.9,0.06622,3.9354,7.53833,2
1420,0.06621,3.93533,7.53833,2
1420.1,0.06621,3.93525,7.53833,2
1420.2,0.0662,3.93517,7.53833,2
1420.3,0.0662,3.9351,7.53833,2
1420.4,0.06619,3.93502,7.53833,2
1420.5,0.06619,3.93495,7.53833,2
1420.6,0.06618,3.93487,7.53832,2
1420.7,0.06618,3.93479,7.53832,2
1420.8,0.06617,3.93472,7.53832,2
1420.9,0.06617,3.93464,7.53832,2
1421,0.06616,3.93456,7.53832,2
1421.1,0.06616,3.93448,7.53832,2
1421.2,0.06615,3.9344,7.53832,2
1421.3,0.06615,3.93433,7.53833,2
1421.4,0.06614,3.93425,7.53833,2
1421.5,0.06614,3.93417,7.53833,2
1421.6,0.06613,3.93409,7.53833,2
1421.7,0.06613,3.93401,7.53833,2
1421.8,0.06612,3.93392,7.53833,2
1421.9,0.06612,3.93384,7.53833,2
1422,0.06611,3.93376,7.53833,2
1422.1,0.06611,3.93368,7.53833,2
1422.2,0.0661,3.9336,7.53833,2
1422.3,0.0661,3.93352,7.53833,2
1422.4,0.06609,3.93344,7.53833,2
1422.5,0.06609,3.93336,7.53833,2
1422.6,0.06608,3.93327,7.53833,2
1422.7,0.06608,3.93319,7.53833,2
1422.8,0.06607,3.93311,7.53834,2
1422.9,0.06607,3.93303,7.53834,2
1423,0.06606,3.93295,7.53834,2
1423.1,0.06606,3.93287,7.53834,2
1423.2,0.06605,3.93278,7.53834,2
1423.3,0.06605,3.9327,7.53834,2
1423.4,0.06604,3.93262,7.53834,2
1423.5,0.06604,3.93254,7.53834,2
1423.6,0.06603,3.93246,7.53834,2
1423.7,0.06603,3.93238,7.53834,2
1423.8,0.06602,3.9323,7.53834,2
1423.9,0.06602,3.93221,7.53834,2
1424,0.06601,3.93213,7.53834,2
1424.1,0.06601,3.93205,7.53834,2
1424.2,0.066,3.93196,7.53834,2
1424.3,0.066,3.93188,7.53834,2
1424.4,0.06599,3.9318,7.53834,2
1424.5,0.06599,3.93171,7.53834,2
1424.6,0.06598,3.93163,7.53834,2
1424.7,0.06598,3.93154,7.53834,2
1424.8,0.06597,3.93146,7.53834,2
1424.9,0.06597,3.93138,7.53835,2
1425,0.06596,3.93129,7.53835,2
1425.1,0.06596,3.93121,7.53835,2
1425.2,0.06595,3.93112,7.53835,2
1425.3,0.06595,3.93104,7.53835,2
1425.4,0.06594,3.93095,7.53835,2
1425.5,0.06594,3.93087,7.53835,2
1425.6,0.06593,3.93079,7.53835,2
1425.7,0.06593,3.9307,7.53835,2
1425.8,0.06592,3.93062,7.53835,2
1425.9,0.06592,3.93054,7.53835,2
1426,0.06591,3.93045,7.53835,2
1426.1,0.06591,3.93037,7.53835,2
1426.2,0.0659,3.93028,7.53835,2
1426.3,0.0659,3.9302,7.53835,2
1426.4,0.06589,3.93012,7.53835,2
1426.5,0.06589,3.93003,7.53835,2
1426.6,0.06588,3.92995,7.53835,2
1426.7,0.06588,3.92987,7.53835,2
1426.8,0.06587,3.92979,7.53835,2
1426.9,0.06587,3.9297,7.53835,2
1427,0.06586,3.92962,7.53835,2
1427.1,0.06586,3.92954,7.53835,2
1427.2,0.06585,3.92945,7.53835,2
1427.3,0.06585,3.92937,7.53835,2
1427.4,0.06584,3.92928,7.53835,2
1427.5,0.06584,3.9292,7.53835,2
1427.6,0.06583,3.92912,7.53835,2
1427.7,0.06583,3.92903,7.53835,2
1427.8,0.06582,3.92895,7.53835,2
1427.9,0.06581,3.92886,7.53835,2
1428,0.06581,3.92878,7.53835,2
1428.1,0.0658,3.92869,7.53835,2
1428.2,0.0658,3.92861,7.53835,2
1428.3,0.06579,3.92852,7.53835,2
1428.4,0.06579,3.92844,7.53835,2
1428.5,0.06578,3.92835,7.53835,2
1428.6,0.06578,3.92827,7.53835,2
1428.7,0.06577,3.92818,7.53835,2
1428.8,0.06577,3.9281,7.53835,2
1428.9,0.06576,3.92801,7.53835,2
1429,0.06576,3.92793,7.53835,2
1429.1,0.06575,3.92784,7.53835,2
1429.2,0.06575,3.92776,7.53835,2
1429.3,0.06574,3.92768,7.53835,2
1429.4,0.06574,3.92759,7.53835,2
1429.5,0.06573,3.92751,7.53835,2
1429.6,0.06573,3.92742,7.53835,2
1429.7,0.06572,3.92734,7.53835,2
1429.8,0.06572,3.92725,7.53835,2
1429.9,0.06571,3.92717,7.53836,2
1430,0.06571,3.92709,7.53836,2
1430.1,0.0657,3.927,7.53836,2
1430.2,0.06569,3.92692,7.53836,2
1430.3,0.06569,3.92683,7.53836,2
1430.4,0.06568,3.92675,7.53836,2
1430.5,0.06568,3.92666,7.53836,2
1430.6,0.06567,3.92658,7.53836,2
1430.7,0.06567,3.92649,7.53836,2
1430.8,0.06566,3.92641,7.53836,2
1430.9,0.06566,3.92632,7.53836,2
1431,0.06565,3.92623,7.53836,2
1431.1,0.06565,3.92615,7.53836,2
1431.2,0.06564,3.92606,7.53836,2
1431.3,0.06564,3.92597,7.53836,2
1431.4,0.06563,3.92588,7.53836,2
1431.5,0.06562,3.92579,7.53836,2
1431.6,0.06562,3.92571,7.53836,2
1431.7,0.06561,3.92562,7.53837,2
1431.8,0.06561,3.92553,7.53837,2
1431.9,0.0656,3.92544,7.53837,2
1432,0.0656,3.92535,7.53837,2
1432.1,0.06559,3.92526,7.53837,2
1432.2,0.06559,3.92518,7.53837,2
1432.3,0.06558,3.92509,7.53837,2
1432.4,0.06558,3.925,7.53837,2
1432.5,0.06557,3.92492,7.53837,2
1432.6,0.06556,3.92483,7.53837,2
1432.7,0.06556,3.92474,7.53837,2
1432.8,0.06555,3.92465,7.53837,2
1432.9,0.06555,3.92456,7.53837,2
1433,0.06554,3.92448,7.53837,2
1433.1,0.06554,3.92439,7.53837,2
1433.2,0.06553,3.9243,7.53837,2
1433.3,0.06553,3.92422,7.53837,2
1433.4,0.06552,3.92413,7.53837,2
1433.5,0.06552,3.92404,7.53837,2
1433.6,0.06551,3.92395,7.53837,2
1433.7,0.06551,3.92387,7.53837,2
1433.8,0.0655,3.92378,7.53837,2
1433.9,0.0655,3.92369,7.53837,2
1434,0.06549,3.9236,7.53837,2
1434.1,0.06548,3.92351,7.53837,2
1434.2,0.06548,3.92342,7.53837,2
1434.3,0.06547,3.92334,7.53837,2
1434.4,0.06547,3.92325,7.53837,2
1434.5,0.06546,3.92316,7.53837,2
1434.6,0.06546,3.92307,7.53837,2
1434.7,0.06545,3.92298,7.53837,2
1434.8,0.06545,3.9229,7.53837,2
1434.9,0.06544,3.92281,7.53837,2
1435,0.06544,3.92272,7.53837,2
1435.1,0.06543,3.92264,7.53837,2
1435.2,0.06542,3.92255,7.53837,2
1435.3,0.06542,3.92246,7.53837,2
1435.4,0.06541,3.92238,7.53837,2
1435.5,0.06541,3.92229,7.53837,2
1435.6,0.0654,3.92221,7.53837,2
1435.7,0.0654,3.92212,7.53836,2
1435.8,0.06539,3.92204,7.53836,2
1435.9,0.06539,3.92195,7.53836,2
1436,0.06538,3.92187,7.53836,2
1436.1,0.06537,3.92178,7.53836,2
1436.2,0.06537,3.9217,7.53836,2
1436.3,0.06536,3.92161,7.53836,2
1436.4,0.06536,3.92153,7.53836,2
1436.5,0.06535,3.92145,7.53836,2
1436.6,0.06535,3.92136,7.53836,2
1436.7,0.06534,3.92128,7.53836,2
1436.8,0.06533,3.92119,7.53836,2
1436.9,0.06533,3.92111,7.53836,2
1437,0.06532,3.92103,7.53836,2
1437.1,0.06532,3.92094,7.53836,2
1437.2,0.06531,3.92086,7.53836,2
1437.3,0.06531,3.92077,7.53836,2
1437.4,0.0653,3.92068,7.53836,2
1437.5,0.06529,3.9206,7.53836,2
1437.6,0.06529,3.92051,7.53836,2
1437.7,0.06528,3.92042,7.53836,2
1437.8,0.06528,3.92034,7.53836,2
1437.9,0.06527,3.92025,7.53836,2
1438,0.06526,3.92016,7.53836,2
1438.1,0.06526,3.92007,7.53836,2
1438.2,0.06525,3.91999,7.53836,2
1438.3,0.06525,3.9199,7.53836,2
1438.4,0.06524,3.91981,7.53836,2
1438.5,0.06524,3.91973,7.53836,2
1438.6,0.06523,3.91964,7.53836,2
1438.7,0.06522,3.91955,7.53836,2
1438.8,0.06522,3.91947,7.53836,2
1438.9,0.06521,3.91938,7.53836,2
1439,0.06521,3.9193,7.53835,2
1439.1,0.0652,3.91921,7.53835,2
1439.2,0.0652,3.91912,7.53835,2
1439.3,0.06519,3.91904,7.53835,2
1439.4,0.06518,3.91895,7.53835,2
1439.5,0.06518,3.91886,7.53835,2
1439.6,0.06517,3.91878,7.53835,2
1439.7,0.06517,3.91869,7.53835,2
1439.8,0.06516,3.91861,7.53835,2
1439.9,0.06515,3.91852,7.53835,2
1440,0.06515,3.91844,7.53835,2
1440.1,0.06514,3.91835,7.53835,2
1440.2,0.06514,3.91825,7.53835,2
1440.3,0.06513,3.91815,7.53835,2
1440.4,0.06513,3.91805,7.53835,2
1440.5,0.06512,3.91795,7.53834,2
1440.6,0.06511,3.91784,7.53834,2
1440.7,0.06511,3.91774,7.53834,2
1440.8,0.0651,3.91764,7.53834,2
1440.9,0.0651,3.91753,7.53834,2
1441,0.06509,3.91743,7.53834,2
1441.1,0.06508,3.91732,7.53834,2
1441.2,0.06508,3.91722,7.53834,2
1441.3,0.06507,3.91711,7.53834,2
1441.4,0.06507,3.917,7.53834,2
1441.5,0.06506,3.9169,7.53834,2
1441.6,0.06505,3.91679,7.53833,2
1441.7,0.06505,3.91668,7.53833,2
1441.8,0.06504,3.91658,7.53833,2
1441.9,0.06504,3.91647,7.53833,2
1442,0.06503,3.91636,7.53833,2
1442.1,0.06503,3.91626,7.53833,2
1442.2,0.06502,3.91615,7.53833,2
1442.3,0.06501,3.91604,7.53833,2
1442.4,0.06501,3.91594,7.53833,2
1442.5,0.065,3.91583,7.53833,2
1442.6,0.065,3.91572,7.53832,2
1442.7,0.06499,3.91562,7.53832,2
1442.8,0.06498,3.91551,7.53832,2
1442.9,0.06498,3.9154,7.53832,2
1443,0.06497,3.91529,7.53832,2
1443.1,0.06497,3.91519,7.53832,2
1443.2,0.06496,3.91508,7.53832,2
1443.3,0.06496,3.91497,7.53832,2
1443.4,0.06495,3.91487,7.53832,2
1443.5,0.06494,3.91476,7.53832,2
1443.6,0.06494,3.91466,7.53832,2
1443.7,0.06493,3.91455,7.53832,2
1443.8,0.06493,3.91445,7.53832,2
1443.9,0.06492,3.91434,7.53832,2
1444,0.06492,3.91423,7.53832,2
1444.1,0.06491,3.91413,7.53832,2
1444.2,0.0649,3.91403,7.53832,2
1444.3,0.0649,3.91392,7.53832,2
1444.4,0.06489,3.91382,7.53832,2
1444.5,0.06489,3.91371,7.53832,2
1444.6,0.06488,3.91361,7.53832,2
1444.7,0.06487,3.9135,7.53832,2
1444.8,0.06487,3.9134,7.53832,2
1444.9,0.06486,3.91329,7.53832,2
1445,0.06486,3.91319,7.53832,2
1445.1,0.06485,3.91308,7.53832,2
1445.2,0.06484,3.91298,7.53832,2
1445.3,0.06484,3.91287,7.53832,2
1445.4,0.06483,3.91277,7.53832,2
1445.5,0.06483,3.91266,7.53832,2
1445.6,0.06482,3.91255,7.53832,2
1445.7,0.06481,3.91245,7.53832,2
1445.8,0.06481,3.91234,7.53832,2
1445.9,0.0648,3.91224,7.53832,2
1446,0.0648,3.91213,7.53832,2
1446.1,0.06479,3.91202,7.53832,2
1446.2,0.06478,3.91192,7.53832,2
1446.3,0.06478,3.91181,7.53832,2
1446.4,0.06477,3.9117,7.53832,2
1446.5,0.06477,3.9116,7.53831,2
1446.6,0.06476,3.91149,7.53831,2
1446.7,0.06475,3.91138,7.53831,2
1446.8,0.06475,3.91128,7.53831,2
1446.9,0.06474,3.91117,7.53831,2
1447,0.06473,3.91107,7.53831,2
1447.1,0.06473,3.91096,7.53831,2
1447.2,0.06472,3.91085,7.53831,2
1447.3,0.06472,3.91075,7.53831,2
1447.4,0.06471,3.91064,7.53831,2
1447.5,0.0647,3.91053,7.53831,2
1447.6,0.0647,3.91043,7.53831,2
1447.7,0.06469,3.91032,7.53831,2
1447.8,0.06469,3.91021,7.53831,2
1447.9,0.06468,3.9101,7.53831,2
1448,0.06467,3.91,7.53831,2
1448.1,0.06467,3.90989,7.53831,2
1448.2,0.06466,3.90978,7.53831,2
1448.3,0.06466,3.90968,7.53831,2
1448.4,0.06465,3.90957,7.53831,2
1448.5,0.06464,3.90946,7.53831,2
1448.6,0.06464,3.90936,7.53831,2
1448.7,0.06463,3.90925,7.53831,2
1448.8,0.06462,3.90914,7.53831,2
1448.9,0.06462,3.90903,7.53831,2
1449,0.06461,3.90893,7.53831,2
1449.1,0.06461,3.90882,7.53831,2
1449.2,0.0646,3.90872,7.53831,2
1449.3,0.06459,3.90861,7.53831,2
1449.4,0.06459,3.9085,7.53831,2
1449.5,0.06458,3.9084,7.53831,2
1449.6,0.06458,3.90829,7.53831,2
1449.7,0.06457,3.90819,7.53831,2
1449.8,0.06456,3.90808,7.53831,2
1449.9,0.06456,3.90798,7.5383,2
1450,0.06455,3.90787,7.5383,2
1450.1,0.06455,3.90777,7.5383,2
1450.2,0.06454,3.90766,7.5383,2
1450.3,0.06454,3.90756,7.5383,2
1450.4,0.06453,3.90745,7.5383,2
1450.5,0.06452,3.90735,7.53829,2
1450.6,0.06452,3.90724,7.53829,2
1450.7,0.06451,3.90714,7.53829,2
1450.8,0.06451,3.90703,7.53829,2
1450.9,0.0645,3.90692,7.53829,2
1451,0.06449,3.90682,7.53829,2
1451.1,0.06449,3.90671,7.53829,2
1451.2,0.06448,3.90661,7.53829,2
1451.3,0.06448,3.90651,7.53829,2
1451.4,0.06447,3.9064,7.53829,2
1451.5,0.06446,3.9063,7.53828,2
1451.6,0.06446,3.9062,7.53828,2
1451.7,0.06445,3.90609,7.53828,2
1451.8,0.06445,3.90599,7.53828,2
1451.9,0.06444,3.90589,7.53828,2
1452,0.06444,3.90578,7.53828,2
1452.1,0.06443,3.90568,7.53828,2
1452.2,0.06442,3.90558,7.53828,2
1452.3,0.06442,3.90548,7.53828,2
1452.4,0.06441,3.90537,7.53828,2
1452.5,0.06441,3.90527,7.53828,2
1452.6,0.0644,3.90517,7.53828,2
1452.7,0.06439,3.90507,7.53828,2
1452.8,0.06439,3.90496,7.53828,2
1452.9,0.06438,3.90486,7.53828,2
1453,0.06438,3.90476,7.53828,2
1453.1,0.06437,3.90465,7.53828,2
1453.2,0.06436,3.90455,7.53828,2
1453.3,0.06436,3.90445,7.53827,2
1453.4,0.06435,3.90434,7.53827,2
1453.5,0.06435,3.90424,7.53827,2
1453.6,0.06434,3.90414,7.53827,2
1453.7,0.06433,3.90403,7.53827,2
1453.8,0.06433,3.90393,7.53827,2
1453.9,0.06432,3.90383,7.53827,2
1454,0.06432,3.90372,7.53827,2
1454.1,0.06431,3.90362,7.53827,2
1454.2,0.0643,3.90351,7.53827,2
1454.3,0.0643,3.9034,7.53826,2
1454.4,0.06429,3.90329,7.53826,2
1454.5,0.06429,3.90318,7.53826,2
1454.6,0.06428,3.90307,7.53826,2
1454.7,0.06427,3.90296,7.53826,2
1454.8,0.06427,3.90285,7.53826,2
1454.9,0.06426,3.90274,7.53826,2
1455,0.06426,3.90264,7.53826,2
1455.1,0.06425,3.90253,7.53826,2
1455.2,0.06424,3.90242,7.53825,2
1455.3,0.06424,3.90231,7.53825,2
1455.4,0.06423,3.90221,7.53825,2
1455.5,0.06423,3.9021,7.53825,2
1455.6,0.06422,3.90199,7.53825,2
1455.7,0.06421,3.90188,7.53825,2
1455.8,0.06421,3.90178,7.53825,2
1455.9,0.0642,3.90167,7.53825,2
1456,0.0642,3.90156,7.53824,2
1456.1,0.06419,3.90146,7.53824,2
1456.2,0.06418,3.90135,7.53824,2
1456.3,0.06418,3.90124,7.53824,2
1456.4,0.06417,3.90114,7.53824,2
1456.5,0.06417,3.90103,7.53824,2
1456.6,0.06416,3.90092,7.53824,2
1456.7,0.06415,3.90082,7.53824,2
1456.8,0.06415,3.90071,7.53824,2
1456.9,0.06414,3.9006,7.53824,2
1457,0.06414,3.90049,7.53824,2
1457.1,0.06413,3.90039,7.53823,2
1457.2,0.06412,3.90028,7.53823,2
1457.3,0.06412,3.90017,7.53823,2
1457.4,0.06411,3.90007,7.53823,2
1457.5,0.06411,3.89996,7.53823,2
1457.6,0.0641,3.89986,7.53823,2
1457.7,0.06409,3.89975,7.53823,2
1457.8,0.06409,3.89965,7.53823,2
1457.9,0.06408,3.89954,7.53823,2
1458,0.06408,3.89943,7.53823,2
1458.1,0.06407,3.89933,7.53823,2
1458.2,0.06406,3.89922,7.53823,2
1458.3,0.06406,3.89912,7.53822,2
1458.4,0.06405,3.89901,7.53822,2
1458.5,0.06405,3.8989,7.53822,2
1458.6,0.06404,3.8988,7.53822,2
1458.7,0.06403,3.89869,7.53822,2
1458.8,0.06403,3.89859,7.53822,2
1458.9,0.06402,3.89848,7.53822,2
1459,0.06402,3.89837,7.53822,2
1459.1,0.06401,3.89827,7.53822,2
1459.2,0.064,3.89816,7.53822,2
1459.3,0.064,3.89806,7.53822,2
1459.4,0.06399,3.89795,7.53822,2
1459.5,0.06399,3.89785,7.53822,2
1459.6,0.06398,3.89774,7.53822,2
1459.7,0.06397,3.89764,7.53822,2
1459.8,0.06397,3.89753,7.53822,2
1459.9,0.06396,3.89743,7.53822,2
1460,0.06396,3.89732,7.53822,2
1460.1,0.06395,3.89722,7.53822,2
1460.2,0.06394,3.89711,7.53822,2
1460.3,0.06394,3.89701,7.53822,2
1460.4,0.06393,3.8969,7.53822,2
1460.5,0.06393,3.8968,7.53822,2
1460.6,0.06392,3.89669,7.53822,2
1460.7,0.06392,3.89659,7.53822,2
1460.8,0.06391,3.89649,7.53822,2
1460.9,0.0639,3.89638,7.53822,2
1461,0.0639,3.89628,7.53822,2
1461.1,0.06389,3.89618,7.53822,2
1461.2,0.06389,3.89607,7.53822,2
1461.3,0.06388,3.89597,7.53822,2
1461.4,0.06387,3.89586,7.53822,2
1461.5,0.06387,3.89576,7.53822,2
1461.6,0.06386,3.89565,7.53822,2
1461.7,0.06385,3.89555,7.53822,2
1461.8,0.06385,3.89544,7.53822,2
1461.9,0.06384,3.89534,7.53822,2
1462,0.06384,3.89524,7.53822,2
1462.1,0.06383,3.89513,7.53822,2
1462.2,0.06382,3.89503,7.53822,2
1462.3,0.06382,3.89492,7.53822,2
1462.4,0.06381,3.89482,7.53823,2
1462.5,0.06381,3.89471,7.53823,2
1462.6,0.0638,3.89461,7.53823,2
1462.7,0.06379,3.8945,7.53823,2
1462.8,0.06379,3.8944,7.53823,2
1462.9,0.06378,3.89429,7.53823,2
1463,0.06378,3.89418,7.53823,2
1463.1,0.06377,3.89408,7.53823,2
1463.2,0.06376,3.89397,7.53823,2
1463.3,0.06376,3.89387,7.53823,2
1463.4,0.06375,3.89376,7.53823,2
1463.5,0.06374,3.89365,7.53823,2
1463.6,0.06374,3.89355,7.53824,2
1463.7,0.06373,3.89344,7.53824,2
1463.8,0.06373,3.89333,7.53824,2
1463.9,0.06372,3.89323,7.53824,2
1464,0.06371,3.89312,7.53824,2
1464.1,0.06371,3.89301,7.53824,2
1464.2,0.0637,3.89291,7.53824,2
1464.3,0.0637,3.8928,7.53824,2
1464.4,0.06369,3.8927,7.53824,2
1464.5,0.06368,3.89259,7.53824,2
1464.6,0.06368,3.89249,7.53824,2
1464.7,0.06367,3.89238,7.53824,2
1464.8,0.06366,3.89228,7.53824,2
1464.9,0.06366,3.89217,7.53824,2
1465,0.06365,3.89207,7.53825,2
1465.1,0.06365,3.89196,7.53825,2
1465.2,0.06364,3.89185,7.53825,2
1465.3,0.06363,3.89175,7.53825,2
1465.4,0.06363,3.89164,7.53825,2
1465.5,0.06362,3.89154,7.53825,2
1465.6,0.06361,3.89143,7.53825,2
1465.7,0.06361,3.89132,7.53825,2
1465.8,0.0636,3.89122,7.53825,2
1465.9,0.0636,3.89111,7.53825,2
1466,0.06359,3.89101,7.53825,2
1466.1,0.06358,3.8909,7.53826,2
1466.2,0.06358,3.8908,7.53826,2
1466.3,0.06357,3.89069,7.53826,2
1466.4,0.06357,3.89059,7.53826,2
1466.5,0.06356,3.89049,7.53826,2
1466.6,0.06355,3.89038,7.53826,2
1466.7,0.06355,3.89028,7.53826,2
1466.8,0.06354,3.89017,7.53826,2
1466.9,0.06353,3.89007,7.53826,2
1467,0.06353,3.88996,7.53826,2
1467.1,0.06352,3.88986,7.53826,2
1467.2,0.06352,3.88976,7.53826,2
1467.3,0.06351,3.88965,7.53826,2
1467.4,0.0635,3.88955,7.53827,2
1467.5,0.0635,3.88945,7.53827,2
1467.6,0.06349,3.88934,7.53827,2
1467.7,0.06348,3.88924,7.53827,2
1467.8,0.06348,3.88914,7.53827,2
1467.9,0.06347,3.88904,7.53827,2
1468,0.06347,3.88893,7.53827,2
1468.1,0.06346,3.88883,7.53827,2
1468.2,0.06345,3.88873,7.53827,2
1468.3,0.06345,3.88863,7.53827,2
1468.4,0.06344,3.88853,7.53827,2
1468.5,0.06343,3.88843,7.53827,2
1468.6,0.06343,3.88833,7.53827,2
1468.7,0.06342,3.88823,7.53827,2
1468.8,0.06342,3.88813,7.53827,2
1468.9,0.06341,3.88803,7.53827,2
1469,0.0634,3.88793,7.53827,2
1469.1,0.0634,3.88783,7.53827,2
1469.2,0.06339,3.88773,7.53827,2
1469.3,0.06338,3.88763,7.53827,2
1469.4,0.06338,3.88753,7.53827,2
1469.5,0.06337,3.88743,7.53827,2
1469.6,0.06337,3.88733,7.53827,2
1469.7,0.06336,3.88724,7.53827,2
1469.8,0.06335,3.88714,7.53827,2
1469.9,0.06335,3.88704,7.53827,2
1470,0.06334,3.88694,7.53827,2
1470.1,0.06333,3.88685,7.53828,2
1470.2,0.06333,3.88675,7.53828,2
1470.3,0.06332,3.88665,7.53828,2
1470.4,0.06332,3.88655,7.53828,2
1470.5,0.06331,3.88645,7.53828,2
1470.6,0.0633,3.88636,7.53828,2
1470.7,0.0633,3.88626,7.53828,2
1470.8,0.06329,3.88616,7.53828,2
1470.9,0.06329,3.88606,7.53828,2
1471,0.06328,3.88596,7.53828,2
1471.1,0.06327,3.88586,7.53828,2
1471.2,0.06327,3.88577,7.53828,2
1471.3,0.06326,3.88567,7.53828,2
1471.4,0.06325,3.88557,7.53828,2
1471.5,0.06325,3.88548,7.53828,2
1471.6,0.06324,3.88538,7.53828,2
1471.7,0.06324,3.88528,7.53828,2
1471.8,0.06323,3.88519,7.53828,2
1471.9,0.06322,3.88509,7.53828,2
1472,0.06322,3.88499,7.53828,2
1472.1,0.06321,3.8849,7.53828,2
1472.2,0.0632,3.8848,7.53828,2
1472.3,0.0632,3.8847,7.53828,2
1472.4,0.06319,3.8846,7.53828,2
1472.5,0.06319,3.88451,7.53828,2
1472.6,0.06318,3.88441,7.53828,2
1472.7,0.06317,3.88432,7.53828,2
1472.8,0.06317,3.88422,7.53828,2
1472.9,0.06316,3.88412,7.53828,2
1473,0.06316,3.88402,7.53828,2
1473.1,0.06315,3.88393,7.53828,2
1473.2,0.06314,3.88383,7.53828,2
1473.3,0.06314,3.88373,7.53828,2
1473.4,0.06313,3.88364,7.53828,2
1473.5,0.06312,3.88354,7.53828,2
1473.6,0.06312,3.88345,7.53828,2
1473.7,0.06311,3.88335,7.53828,2
1473.8,0.0631,3.88326,7.53828,2
1473.9,0.0631,3.88316,7.53828,2
1474,0.06309,3.88307,7.53828,2
1474.1,0.06309,3.88297,7.53827,2
1474.2,0.06308,3.88288,7.53827,2
1474.3,0.06307,3.88278,7.53827,2
1474.4,0.06307,3.88269,7.53827,2
1474.5,0.06306,3.88259,7.53827,2
1474.6,0.06305,3.8825,7.53827,2
1474.7,0.06305,3.8824,7.53827,2
1474.8,0.06304,3.88231,7.53827,2
1474.9,0.06304,3.88222,7.53827,2
1475,0.06303,3.88212,7.53827,2
1475.1,0.06302,3.88203,7.53827,2
1475.2,0.06302,3.88194,7.53827,2
1475.3,0.06301,3.88185,7.53827,2
1475.4,0.063,3.88175,7.53827,2
1475.5,0.063,3.88166,7.53827,2
1475.6,0.06299,3.88156,7.53827,2
1475.7,0.06299,3.88147,7.53827,2
1475.8,0.06298,3.88138,7.53827,2
1475.9,0.06297,3.88128,7.53827,2
1476,0.06297,3.88119,7.53827,2
1476.1,0.06296,3.8811,7.53826,2
1476.2,0.06295,3.881,7.53826,2
1476.3,0.06295,3.88091,7.53826,2
1476.4,0.06294,3.88082,7.53826,2
1476.5,0.06293,3.88073,7.53826,2
1476.6,0.06293,3.88063,7.53826,2
1476.7,0.06292,3.88054,7.53826,2
1476.8,0.06292,3.88045,7.53826,2
1476.9,0.06291,3.88036,7.53826,2
1477,0.0629,3.88027,7.53826,2
1477.1,0.0629,3.88018,7.53826,2
1477.2,0.06289,3.88009,7.53826,2
1477.3,0.06288,3.88,7.53826,2
1477.4,0.06288,3.87991,7.53826,2
1477.5,0.06287,3.87982,7.53826,2
1477.6,0.06287,3.87973,7.53826,2
1477.7,0.06286,3.87964,7.53826,2
1477.8,0.06285,3.87954,7.53826,2
1477.9,0.06285,3.87945,7.53826,2
1478,0.06284,3.87936,7.53826,2
1478.1,0.06283,3.87927,7.53826,2
1478.2,0.06283,3.87918,7.53826,2
1478.3,0.06282,3.87909,7.53826,2
1478.4,0.06281,3.87901,7.53826,2
1478.5,0.06281,3.87892,7.53826,2
1478.6,0.0628,3.87883,7.53826,2
1478.7,0.0628,3.87874,7.53826,2
1478.8,0.06279,3.87865,7.53826,2
1478.9,0.06278,3.87856,7.53826,2
1479,0.06278,3.87847,7.53826,2
1479.1,0.06277,3.87839,7.53826,2
1479.2,0.06276,3.8783,7.53826,2
1479.3,0.06276,3.87821,7.53826,2
1479.4,0.06275,3.87812,7.53826,2
1479.5,0.06275,3.87803,7.53826,2
1479.6,0.06274,3.87795,7.53826,2
1479.7,0.06273,3.87786,7.53826,2
1479.8,0.06273,3.87777,7.53826,2
1479.9,0.06272,3.87769,7.53826,2
1480,0.06272,3.8776,7.53826,2
1480.1,0.06271,3.87752,7.53826,2
1480.2,0.0627,3.87743,7.53826,2
1480.3,0.0627,3.87734,7.53826,2
1480.4,0.06269,3.87726,7.53826,2
1480.5,0.06269,3.87717,7.53826,2
1480.6,0.06268,3.87709,7.53826,2
1480.7,0.06267,3.877,7.53826,2
1480.8,0.06267,3.87692,7.53826,2
1480.9,0.06266,3.87683,7.53826,2
1481,0.06265,3.87675,7.53826,2
1481.1,0.06265,3.87666,7.53826,2
1481.2,0.06264,3.87658,7.53826,2
1481.3,0.06264,3.8765,7.53826,2
1481.4,0.06263,3.87641,7.53826,2
1481.5,0.06262,3.87633,7.53826,2
1481.6,0.06262,3.87625,7.53826,2
1481.7,0.06261,3.87616,7.53826,2
1481.8,0.06261,3.87608,7.53826,2
1481.9,0.0626,3.876,7.53826,2
1482,0.06259,3.87592,7.53826,2
1482.1,0.06259,3.87583,7.53826,2
1482.2,0.06258,3.87575,7.53825,2
1482.3,0.06258,3.87567,7.53825,2
1482.4,0.06257,3.87559,7.53825,2
1482.5,0.06256,3.87551,7.53825,2
1482.6,0.06256,3.87543,7.53825,2
1482.7,0.06255,3.87535,7.53825,2
1482.8,0.06255,3.87527,7.53825,2
1482.9,0.06254,3.87519,7.53825,2
1483,0.06253,3.87511,7.53825,2
1483.1,0.06253,3.87503,7.53825,2
1483.2,0.06252,3.87495,7.53825,2
1483.3,0.06252,3.87487,7.53825,2
1483.4,0.06251,3.87479,7.53825,2
1483.5,0.06251,3.87471,7.53825,2
1483.6,0.0625,3.87463,7.53825,2
1483.7,0.06249,3.87456,7.53824,2
1483.8,0.06249,3.87448,7.53824,2
1483.9,0.06248,3.8744,7.53824,2
1484,0.06248,3.87432,7.53824,2
1484.1,0.06247,3.87424,7.53824,2
1484.2,0.06247,3.87417,7.53824,2
1484.3,0.06246,3.87409,7.53824,2
1484.4,0.06245,3.87401,7.53824,2
1484.5,0.06245,3.87393,7.53824,2
1484.6,0.06244,3.87386,7.53824,2
1484.7,0.06244,3.87378,7.53824,2
1484.8,0.06243,3.8737,7.53824,2
1484.9,0.06243,3.87363,7.53824,2
1485,0.06242,3.87355,7.53824,2
1485.1,0.06241,3.87347,7.53823,2
1485.2,0.06241,3.8734,7.53823,2
1485.3,0.0624,3.87333,7.53823,2
1485.4,0.0624,3.87325,7.53823,2
1485.5,0.06239,3.87318,7.53823,2
1485.6,0.06239,3.8731,7.53823,2
1485.7,0.06238,3.87303,7.53823,2
1485.8,0.06238,3.87296,7.53823,2
1485.9,0.06237,3.87288,7.53823,2
1486,0.06236,3.87281,7.53823,2
1486.1,0.06236,3.87274,7.53822,2
1486.2,0.06235,3.87267,7.53822,2
1486.3,0.06235,3.8726,7.53822,2
1486.4,0.06234,3.87253,7.53822,2
1486.5,0.06233,3.87246,7.53822,2
1486.6,0.06233,3.87239,7.53822,2
1486.7,0.06232,3.87232,7.53822,2
1486.8,0.06232,3.87225,7.53822,2
1486.9,0.06231,3.87218,7.53822,2
1487,0.0623,3.87211,7.53821,2
1487.1,0.0623,3.87204,7.53821,2
1487.2,0.06229,3.87197,7.53821,2
1487.3,0.06229,3.8719,7.53821,2
1487.4,0.06228,3.87183,7.53821,2
1487.5,0.06227,3.87176,7.53821,2
1487.6,0.06227,3.8717,7.53821,2
1487.7,0.06226,3.87163,7.53821,2
1487.8,0.06226,3.87156,7.53821,2
1487.9,0.06225,3.87149,7.53821,2
1488,0.06225,3.87142,7.5382,2
1488.1,0.06224,3.87136,7.5382,2
1488.2,0.06223,3.87129,7.5382,2
1488.3,0.06223,3.87122,7.5382,2
1488.4,0.06222,3.87115,7.5382,2
1488.5,0.06222,3.87109,7.5382,2
1488.6,0.06221,3.87102,7.5382,2
1488.7,0.06221,3.87095,7.5382,2
1488.8,0.0622,3.87088,7.5382,2
1488.9,0.06219,3.87082,7.5382,2
1489,0.06219,3.87075,7.5382,2
1489.1,0.06218,3.87069,7.5382,2
1489.2,0.06218,3.87062,7.5382,2
1489.3,0.06217,3.87056,7.5382,2
1489.4,0.06217,3.87049,7.53819,2
1489.5,0.06216,3.87043,7.53819,2
1489.6,0.06216,3.87037,7.53819,2
1489.7,0.06215,3.87031,7.53819,2
1489.8,0.06214,3.87024,7.53819,2
1489.9,0.06214,3.87018,7.53819,2
1490,0.06213,3.87012,7.53819,2
1490.1,0.06213,3.87005,7.53819,2
1490.2,0.06212,3.86999,7.53819,2
1490.3,0.06212,3.86993,7.53819,2
1490.4,0.06211,3.86986,7.53819,2
1490.5,0.06211,3.8698,7.53819,2
1490.6,0.0621,3.86974,7.53819,2
1490.7,0.0621,3.86968,7.53819,2
1490.8,0.06209,3.86962,7.53819,2
1490.9,0.06209,3.86955,7.53819,2
1491,0.06208,3.86949,7.53819,2
1491.1,0.06207,3.86943,7.53819,2
1491.2,0.06207,3.86937,7.53819,2
1491.3,0.06206,3.86931,7.53819,2
1491.4,0.06206,3.86925,7.53819,2
1491.5,0.06205,3.86919,7.53819,2
1491.6,0.06205,3.86913,7.53819,2
1491.7,0.06204,3.86906,7.53819,2
1491.8,0.06204,3.869,7.53819,2
1491.9,0.06203,3.86894,7.53819,2
1492,0.06203,3.86888,7.53819,2
1492.1,0.06202,3.86882,7.53819,2
1492.2,0.06202,3.86876,7.53819,2
1492.3,0.06201,3.8687,7.53819,2
1492.4,0.06201,3.86864,7.53819,2
1492.5,0.06201,3.86858,7.53818,2
1492.6,0.062,3.86852,7.53818,2
1492.7,0.062,3.86846,7.53818,2
1492.8,0.06199,3.8684,7.53818,2
1492.9,0.06199,3.86834,7.53818,2
1493,0.06198,3.86828,7.53818,2
1493.1,0.06198,3.86822,7.53818,2
1493.2,0.06197,3.86816,7.53818,2
1493.3,0.06197,3.86811,7.53818,2
1493.4,0.06196,3.86805,7.53818,2
1493.5,0.06196,3.86799,7.53818,2
1493.6,0.06196,3.86793,7.53818,2
1493.7,0.06195,3.86788,7.53818,2
1493.8,0.06195,3.86782,7.53818,2
1493.9,0.06194,3.86777,7.53818,2
1494,0.06194,3.86771,7.53818,2
1494.1,0.06193,3.86766,7.53818,2
1494.2,0.06193,3.86761,7.53818,2
1494.3,0.06193,3.86755,7.53818,2
1494.4,0.06192,3.8675,7.53818,2
1494.5,0.06192,3.86745,7.53818,2
1494.6,0.06191,3.8674,7.53818,2
1494.7,0.06191,3.86734,7.53818,2
1494.8,0.06191,3.86729,7.53818,2
1494.9,0.0619,3.86724,7.53818,2
1495,0.0619,3.86719,7.53818,2
1495.1,0.06189,3.86714,7.53818,2
1495.2,0.06189,3.86709,7.53818,2
1495.3,0.06189,3.86705,7.53818,2
1495.4,0.06188,3.867,7.53818,2
1495.5,0.06188,3.86695,7.53817,2
1495.6,0.06187,3.86691,7.53817,2
1495.7,0.06187,3.86686,7.53817,2
1495.8,0.06187,3.86681,7.53817,2
1495.9,0.06186,3.86677,7.53817,2
1496,0.06186,3.86672,7.53817,2
1496.1,0.06186,3.86667,7.53817,2
1496.2,0.06185,3.86663,7.53817,2
1496.3,0.06185,3.86659,7.53817,2
1496.4,0.06184,3.86654,7.53817,2
1496.5,0.06184,3.8665,7.53817,2
1496.6,0.06184,3.86646,7.53817,2
1496.7,0.06183,3.86641,7.53817,2
1496.8,0.06183,3.86637,7.53817,2
1496.9,0.06183,3.86633,7.53817,2
1497,0.06182,3.86629,7.53817,2
1497.1,0.06182,3.86624,7.53817,2
1497.2,0.06181,3.8662,7.53817,2
1497.3,0.06181,3.86616,7.53816,2
1497.4,0.06181,3.86612,7.53816,2
1497.5,0.0618,3.86607,7.53816,2
1497.6,0.0618,3.86603,7.53816,2
1497.7,0.0618,3.86599,7.53816,2
1497.8,0.06179,3.86595,7.53816,2
1497.9,0.06179,3.8659,7.53816,2
1498,0.06179,3.86586,7.53816,2
1498.1,0.06178,3.86582,7.53816,2
1498.2,0.06178,3.86578,7.53816,2
1498.3,0.06178,3.86574,7.53816,2
1498.4,0.06177,3.8657,7.53816,2
1498.5,0.06177,3.86566,7.53816,2
1498.6,0.06177,3.86562,7.53816,2
1498.7,0.06176,3.86558,7.53816,2
1498.8,0.06176,3.86554,7.53816,2
1498.9,0.06176,3.86549,7.53816,2
1499,0.06175,3.86545,7.53816,2
1499.1,0.06175,3.86541,7.53815,2
1499.2,0.06175,3.86537,7.53815,2
1499.3,0.06174,3.86533,7.53815,2
1499.4,0.06174,3.86528,7.53815,2
1499.5,0.06174,3.86524,7.53815,2
1499.6,0.06173,3.8652,7.53815,2
1499.7,0.06173,3.86516,7.53815,2
1499.8,0.06173,3.86512,7.53815,2
1499.9,0.06172,3.86509,7.53815,2
1500,0.06172,3.86505,7.53815,2
1500.1,0.06172,3.86501,7.53815,2
1500.2,0.06171,3.86498,7.53815,2
1500.3,0.06171,3.86494,7.53815,2
1500.4,0.06171,3.86491,7.53814,2
1500.5,0.0617,3.86488,7.53814,2
1500.6,0.0617,3.86484,7.53814,2
1500.7,0.0617,3.86481,7.53814,2
1500.8,0.06169,3.86477,7.53814,2
1500.9,0.06169,3.86474,7.53814,2
1501,0.06169,3.8647,7.53814,2
1501.1,0.06168,3.86467,7.53814,2
1501.2,0.06168,3.86463,7.53814,2
1501.3,0.06168,3.8646,7.53813,2
1501.4,0.06168,3.86456,7.53813,2
1501.5,0.06167,3.86453,7.53813,2
1501.6,0.06167,3.86449,7.53813,2
1501.7,0.06167,3.86445,7.53813,2
1501.8,0.06166,3.86442,7.53813,2
1501.9,0.06166,3.86438,7.53813,2
1502,0.06166,3.86434,7.53812,2
1502.1,0.06165,3.86431,7.53812,2
1502.2,0.06165,3.86427,7.53812,2
1502.3,0.06165,3.86423,7.53812,2
1502.4,0.06165,3.8642,7.53812,2
1502.5,0.06164,3.86416,7.53812,2
1502.6,0.06164,3.86413,7.53812,2
1502.7,0.06164,3.86409,7.53812,2
1502.8,0.06164,3.86406,7.53811,2
1502.9,0.06163,3.86402,7.53811,2
1503,0.06163,3.86399,7.53811,2
1503.1,0.06163,3.86395,7.53811,2
1503.2,0.06163,3.86392,7.53811,2
1503.3,0.06162,3.86388,7.53811,2
1503.4,0.06162,3.86385,7.5381,2
1503.5,0.06162,3.86381,7.5381,2
1503.6,0.06162,3.86378,7.5381,2
1503.7,0.06161,3.86375,7.5381,2
1503.8,0.06161,3.86372,7.5381,2
1503.9,0.06161,3.86369,7.5381,2
1504,0.06161,3.86366,7.53809,2
1504.1,0.0616,3.86363,7.53809,2
1504.2,0.0616,3.8636,7.53809,2
1504.3,0.0616,3.86357,7.53809,2
1504.4,0.06159,3.86355,7.53808,2
1504.5,0.06159,3.86352,7.53808,2
1504.6,0.06159,3.86349,7.53808,2
1504.7,0.06159,3.86346,7.53808,2
1504.8,0.06159,3.86344,7.53808,2
1504.9,0.06158,3.86341,7.53808,2
1505,0.06158,3.86338,7.53807,2
1505.1,0.06158,3.86336,7.53807,2
1505.2,0.06158,3.86333,7.53807,2
1505.3,0.06157,3.8633,7.53807,2
1505.4,0.06157,3.86328,7.53807,2
1505.5,0.06157,3.86325,7.53806,2
1505.6,0.06157,3.86322,7.53806,2
1505.7,0.06157,3.86319,7.53806,2
1505.8,0.06156,3.86316,7.53806,2
1505.9,0.06156,3.86313,7.53806,2
1506,0.06156,3.8631,7.53805,2
1506.1,0.06156,3.86307,7.53805,2
1506.2,0.06155,3.86305,7.53805,2
1506.3,0.06155,3.86302,7.53805,2
1506.4,0.06155,3.863,7.53805,2
1506.5,0.06155,3.86297,7.53804,2
1506.6,0.06155,3.86295,7.53804,2
1506.7,0.06154,3.86293,7.53804,2
1506.8,0.06154,3.8629,7.53804,2
1506.9,0.06154,3.86287,7.53804,2
1507,0.06154,3.86285,7.53803,2
1507.1,0.06154,3.86282,7.53803,2
1507.2,0.06154,3.86279,7.53803,2
1507.3,0.06153,3.86277,7.53803,2
1507.4,0.06153,3.86274,7.53803,2
1507.5,0.06153,3.86272,7.53803,2
1507.6,0.06153,3.86269,7.53802,2
1507.7,0.06153,3.86267,7.53802,2
1507.8,0.06152,3.86264,7.53802,2
1507.9,0.06152,3.86262,7.53802,2
1508,0.06152,3.8626,7.53802,2
1508.1,0.06152,3.86259,7.53801,2
1508.2,0.06152,3.86257,7.53801,2
1508.3,0.06152,3.86255,7.53801,2
1508.4,0.06151,3.86253,7.53801,2
1508.5,0.06151,3.86252,7.53801,2
1508.6,0.06151,3.8625,7.538,2
1508.7,0.06151,3.86248,7.538,2
1508.8,0.06151,3.86247,7.538,2
1508.9,0.06151,3.86245,7.538,2
1509,0.0615,3.86244,7.538,2
1509.1,0.0615,3.86242,7.538,2
1509.2,0.0615,3.8624,7.53799,2
1509.3,0.0615,3.86239,7.53799,2
1509.4,0.0615,3.86238,7.53799,2
1509.5,0.0615,3.86236,7.53799,2
1509.6,0.06149,3.86235,7.53798,2
1509.7,0.06149,3.86233,7.53798,2
1509.8,0.06149,3.86232,7.53798,2
1509.9,0.06149,3.86231,7.53798,2
1510,0.06149,3.86229,7.53798,2
1510.1,0.06149,3.86228,7.53797,2
1510.2,0.06148,3.86226,7.53797,2
1510.3,0.06148,3.86225,7.53797,2
1510.4,0.06148,3.86223,7.53797,2
1510.5,0.06148,3.86222,7.53797,2
1510.6,0.06148,3.8622,7.53796,2
1510.7,0.06148,3.86219,7.53796,2
1510.8,0.06148,3.86218,7.53796,2
1510.9,0.06147,3.86216,7.53796,2
1511,0.06147,3.86215,7.53796,2
1511.1,0.06147,3.86214,7.53795,2
1511.2,0.06147,3.86212,7.53795,2
1511.3,0.06147,3.86211,7.53795,2
1511.4,0.06147,3.8621,7.53795,2
1511.5,0.06147,3.86208,7.53795,2
1511.6,0.06146,3.86207,7.53794,2
1511.7,0.06146,3.86206,7.53794,2
1511.8,0.06146,3.86204,7.53794,2
1511.9,0.06146,3.86203,7.53794,2
1512,0.06146,3.86202,7.53794,2
1512.1,0.06146,3.86201,7.53793,2
1512.2,0.06146,3.862,7.53793,2
1512.3,0.06145,3.86199,7.53793,2
1512.4,0.06145,3.86197,7.53793,2
1512.5,0.06145,3.86196,7.53793,2
1512.6,0.06145,3.86195,7.53792,2
1512.7,0.06145,3.86194,7.53792,2
1512.8,0.06144,3.86193,7.53792,2
1512.9,0.06144,3.86192,7.53792,2
1513,0.06144,3.86191,7.53792,2
1513.1,0.06144,3.8619,7.53792,2
1513.2,0.06144,3.86188,7.53791,2
1513.3,0.06144,3.86187,7.53791,2
1513.4,0.06143,3.86186,7.53791,2
1513.5,0.06143,3.86185,7.53791,2
1513.6,0.06143,3.86184,7.53791,2
1513.7,0.06143,3.86182,7.5379,2
1513.8,0.06143,3.86181,7.5379,2
1513.9,0.06143,3.86179,7.5379,2
1514,0.06142,3.86178,7.5379,2
1514.1,0.06142,3.86176,7.5379,2
1514.2,0.06142,3.86175,7.53789,2
1514.3,0.06142,3.86173,7.53789,2
1514.4,0.06142,3.86172,7.53789,2
1514.5,0.06141,3.8617,7.53789,2
1514.6,0.06141,3.86169,7.53789,2
1514.7,0.06141,3.86167,7.53789,2
1514.8,0.06141,3.86166,7.53788,2
1514.9,0.06141,3.86165,7.53788,2
1515,0.06141,3.86163,7.53788,2
1515.1,0.06141,3.86162,7.53788,2
1515.2,0.0614,3.8616,7.53788,2
1515.3,0.0614,3.86159,7.53788,2
1515.4,0.0614,3.86158,7.53788,2
1515.5,0.0614,3.86156,7.53787,2
1515.6,0.0614,3.86155,7.53787,2
1515.7,0.0614,3.86153,7.53787,2
1515.8,0.0614,3.86152,7.53787,2
1515.9,0.06139,3.8615,7.53787,2
1516,0.06139,3.86149,7.53787,2
1516.1,0.06139,3.86147,7.53786,2
1516.2,0.06139,3.86146,7.53786,2
1516.3,0.06139,3.86145,7.53786,2
1516.4,0.06139,3.86143,7.53786,2
1516.5,0.06139,3.86142,7.53786,2
1516.6,0.06139,3.86142,7.53786,2
1516.7,0.06138,3.86141,7.53785,2
1516.8,0.06138,3.8614,7.53785,2
1516.9,0.06138,3.8614,7.53785,2
1517,0.06138,3.86139,7.53785,2
1517.1,0.06138,3.86138,7.53785,2
1517.2,0.06138,3.86138,7.53785,2
1517.3,0.06138,3.86137,7.53784,2
1517.4,0.06138,3.86137,7.53784,2
1517.5,0.06137,3.86136,7.53784,2
1517.6,0.06137,3.86136,7.53784,2
1517.7,0.06137,3.86135,7.53784,2
1517.8,0.06137,3.86135,7.53784,2
1517.9,0.06137,3.86135,7.53784,2
1518,0.06137,3.86134,7.53783,2
1518.1,0.06137,3.86134,7.53783,2
1518.2,0.06137,3.86134,7.53783,2
1518.3,0.06136,3.86133,7.53783,2
1518.4,0.06136,3.86133,7.53783,2
1518.5,0.06136,3.86132,7.53782,2
1518.6,0.06136,3.86132,7.53782,2
1518.7,0.06136,3.86131,7.53782,2
1518.8,0.06136,3.86131,7.53782,2
1518.9,0.06136,3.8613,7.53782,2
1519,0.06136,3.8613,7.53781,2
1519.1,0.06136,3.8613,7.53781,2
1519.2,0.06135,3.8613,7.53781,2
1519.3,0.06135,3.86129,7.53781,2
1519.4,0.06135,3.86129,7.53781,2
1519.5,0.06135,3.86129,7.5378,2
1519.6,0.06135,3.86128,7.5378,2
1519.7,0.06135,3.86128,7.5378,2
1519.8,0.06135,3.86128,7.5378,2
1519.9,0.06135,3.86128,7.5378,2
1520,0.06135,3.86128,7.5378,2
1520.1,0.06135,3.86128,7.53779,2
1520.2,0.06134,3.86128,7.53779,2
1520.3,0.06134,3.86128,7.53779,2
1520.4,0.06134,3.86128,7.53779,2
1520.5,0.06134,3.86128,7.53779,2
1520.6,0.06134,3.86128,7.53778,2
1520.7,0.06134,3.86129,7.53778,2
1520.8,0.06134,3.86129,7.53778,2
1520.9,0.06134,3.86129,7.53778,2
1521,0.06134,3.8613,7.53778,2
1521.1,0.06134,3.8613,7.53777,2
1521.2,0.06134,3.8613,7.53777,2
1521.3,0.06133,3.86131,7.53777,2
1521.4,0.06133,3.86131,7.53777,2
1521.5,0.06133,3.86131,7.53777,2
1521.6,0.06133,3.86132,7.53776,2
1521.7,0.06133,3.86132,7.53776,2
1521.8,0.06133,3.86132,7.53776,2
1521.9,0.06133,3.86133,7.53776,2
1522,0.06133,3.86133,7.53776,2
1522.1,0.06133,3.86134,7.53776,2
1522.2,0.06133,3.86134,7.53775,2
1522.3,0.06133,3.86135,7.53775,2
1522.4,0.06133,3.86136,7.53775,2
1522.5,0.06133,3.86136,7.53775,2
1522.6,0.06132,3.86137,7.53775,2
1522.7,0.06132,3.86138,7.53775,2
1522.8,0.06132,3.86139,7.53774,2
1522.9,0.06132,3.86139,7.53774,2
1523,0.06132,3.8614,7.53774,2
1523.1,0.06132,3.86141,7.53774,2
1523.2,0.06132,3.86142,7.53774,2
1523.3,0.06132,3.86143,7.53773,2
1523.4,0.06132,3.86144,7.53773,2
1523.5,0.06132,3.86146,7.53773,2
1523.6,0.06132,3.86147,7.53773,2
1523.7,0.06132,3.86148,7.53773,2
1523.8,0.06132,3.86149,7.53773,2
1523.9,0.06132,3.86151,7.53772,2
1524,0.06131,3.86152,7.53772,2
1524.1,0.06131,3.86153,7.53772,2
1524.2,0.06131,3.86155,7.53772,2
1524.3,0.06131,3.86156,7.53772,2
1524.4,0.06131,3.86157,7.53772,2
1524.5,0.06131,3.86158,7.53771,2
1524.6,0.06131,3.8616,7.53771,2
1524.7,0.06131,3.86161,7.53771,2
1524.8,0.0613,3.86162,7.53771,2
1524.9,0.0613,3.86164,7.53771,2
1525,0.0613,3.86165,7.5377,2
1525.1,0.0613,3.86167,7.5377,2
1525.2,0.0613,3.86168,7.5377,2
1525.3,0.06129,3.8617,7.5377,2
1525.4,0.06129,3.86171,7.5377,2
1525.5,0.06129,3.86173,7.53769,2
1525.6,0.06129,3.86174,7.53769,2
1525.7,0.06129,3.86176,7.53769,2
1525.8,0.06128,3.86178,7.53769,2
1525.9,0.06128,3.86179,7.53769,2
1526,0.06128,3.86181,7.53768,2
1526.1,0.06128,3.86183,7.53768,2
1526.2,0.06128,3.86184,7.53768,2
1526.3,0.06128,3.86184,7.53768,2
1526.4,0.06127,3.86184,7.53768,2
1526.5,0.06127,3.86185,7.53767,2
1526.6,0.06127,3.86185,7.53767,2
1526.7,0.06127,3.86186,7.53767,2
1526.8,0.06127,3.86186,7.53767,2
1526.9,0.06127,3.86188,7.53767,2
1527,0.06127,3.86189,7.53766,2
1527.1,0.06126,3.8619,7.53766,2
1527.2,0.06126,3.86191,7.53766,2
1527.3,0.06126,3.86192,7.53766,2
1527.4,0.06126,3.86193,7.53765,2
1527.5,0.06126,3.86195,7.53765,2
1527.6,0.06126,3.86196,7.53765,2
1527.7,0.06126,3.86197,7.53765,2
1527.8,0.06126,3.86198,7.53764,2
1527.9,0.06126,3.86199,7.53764,2
1528,0.06126,3.86201,7.53764,2
1528.1,0.06125,3.86202,7.53764,2
1528.2,0.06125,3.86203,7.53764,2
1528.3,0.06125,3.86204,7.53763,2
1528.4,0.06125,3.86206,7.53763,2
1528.5,0.06125,3.86208,7.53763,2
1528.6,0.06125,3.86211,7.53763,2
1528.7,0.06125,3.86213,7.53762,2
1528.8,0.06125,3.86215,7.53762,2
1528.9,0.06125,3.86217,7.53762,2
1529,0.06125,3.86219,7.53762,2
1529.1,0.06125,3.86222,7.53761,2
1529.2,0.06125,3.86224,7.53761,2
1529.3,0.06125,3.86226,7.53761,2
1529.4,0.06124,3.86229,7.53761,2
1529.5,0.06124,3.86231,7.53761,2
1529.6,0.06124,3.86234,7.5376,2
1529.7,0.06124,3.86237,7.5376,2
1529.8,0.06124,3.86239,7.5376,2
1529.9,0.06124,3.86242,7.5376,2
1530,0.06124,3.86244,7.5376,2
1530.1,0.06124,3.86247,7.53759,2
1530.2,0.06124,3.8625,7.53759,2
1530.3,0.06124,3.86252,7.53759,2
1530.4,0.06124,3.86255,7.53759,2
1530.5,0.06124,3.86258,7.53758,2
1530.6,0.06124,3.8626,7.53758,2
1530.7,0.06124,3.86263,7.53758,2
1530.8,0.06124,3.86266,7.53758,2
1530.9,0.06123,3.86269,7.53757,2
1531,0.06123,3.86272,7.53757,2
1531.1,0.06123,3.86275,7.53757,2
1531.2,0.06123,3.86278,7.53757,2
1531.3,0.06123,3.86281,7.53756,2
1531.4,0.06123,3.86284,7.53756,2
1531.5,0.06123,3.86286,7.53756,2
1531.6,0.06123,3.86289,7.53756,2
1531.7,0.06123,3.86292,7.53756,2
1531.8,0.06123,3.86295,7.53755,2
1531.9,0.06123,3.86298,7.53755,2
1532,0.06123,3.86301,7.53755,2
1532.1,0.06123,3.86303,7.53755,2
1532.2,0.06123,3.86306,7.53754,2
1532.3,0.06122,3.86309,7.53754,2
1532.4,0.06122,3.86312,7.53754,2
1532.5,0.06122,3.86315,7.53754,2
1532.6,0.06122,3.86318,7.53754,2
1532.7,0.06122,3.86321,7.53753,2
1532.8,0.06122,3.86323,7.53753,2
1532.9,0.06122,3.86326,7.53753,2
1533,0.06122,3.86329,7.53753,2
1533.1,0.06122,3.86331,7.53752,2
1533.2,0.06122,3.86334,7.53752,2
1533.3,0.06122,3.86337,7.53752,2
1533.4,0.06122,3.86339,7.53752,2
1533.5,0.06122,3.86342,7.53752,2
1533.6,0.06122,3.86345,7.53751,2
1533.7,0.06122,3.86347,7.53751,2
1533.8,0.06122,3.8635,7.53751,2
1533.9,0.06123,3.86353,7.53751,2
1534,0.06123,3.86356,7.5375,2
1534.1,0.06123,3.86359,7.5375,2
1534.2,0.06123,3.86362,7.5375,2
1534.3,0.06123,3.86364,7.5375,2
1534.4,0.06123,3.86368,7.53749,2
1534.5,0.06123,3.86372,7.53749,2
1534.6,0.06123,3.86376,7.53749,2
1534.7,0.06123,3.8638,7.53749,2
1534.8,0.06123,3.86384,7.53749,2
1534.9,0.06123,3.86388,7.53748,2
1535,0.06123,3.86392,7.53748,2
1535.1,0.06123,3.86397,7.53748,2
1535.2,0.06123,3.86401,7.53748,2
1535.3,0.06123,3.86406,7.53748,2
1535.4,0.06123,3.8641,7.53747,2
1535.5,0.06123,3.86415,7.53747,2
1535.6,0.06123,3.86419,7.53747,2
1535.7,0.06123,3.86423,7.53747,2
1535.8,0.06123,3.86428,7.53746,2
1535.9,0.06123,3.86432,7.53746,2
1536,0.06123,3.86436,7.53746,2
1536.1,0.06123,3.86439,7.53746,2
1536.2,0.06123,3.86443,7.53745,2
1536.3,0.06123,3.86447,7.53745,2
1536.4,0.06123,3.86451,7.53745,2
1536.5,0.06123,3.86455,7.53745,2
1536.6,0.06123,3.86458,7.53745,2
1536.7,0.06123,3.86462,7.53744,2
1536.8,0.06124,3.86465,7.53744,2
1536.9,0.06124,3.86469,7.53744,2
1537,0.06124,3.86473,7.53744,2
1537.1,0.06124,3.86477,7.53744,2
1537.2,0.06124,3.8648,7.53743,2
1537.3,0.06124,3.86484,7.53743,2
1537.4,0.06124,3.86488,7.53743,2
1537.5,0.06124,3.86492,7.53743,2
1537.6,0.06124,3.86495,7.53742,2
1537.7,0.06124,3.86499,7.53742,2
1537.8,0.06124,3.86502,7.53742,2
1537.9,0.06124,3.86506,7.53742,2
1538,0.06124,3.86509,7.53741,2
1538.1,0.06124,3.86513,7.53741,2
1538.2,0.06124,3.86516,7.53741,2
1538.3,0.06124,3.8652,7.53741,2
1538.4,0.06124,3.86523,7.53741,2
1538.5,0.06124,3.86526,7.5374,2
1538.6,0.06124,3.86529,7.5374,2
1538.7,0.06124,3.86533,7.5374,2
1538.8,0.06124,3.86536,7.5374,2
1538.9,0.06124,3.86539,7.5374,2
1539,0.06124,3.86542,7.53739,2
1539.1,0.06124,3.86546,7.53739,2
1539.2,0.06124,3.86549,7.53739,2
1539.3,0.06124,3.86552,7.53739,2
1539.4,0.06124,3.86555,7.53739,2
1539.5,0.06124,3.86558,7.53738,2
1539.6,0.06124,3.86561,7.53738,2
1539.7,0.06124,3.86564,7.53738,2
1539.8,0.06124,3.86566,7.53738,2
1539.9,0.06123,3.86569,7.53737,2
1540,0.06123,3.86571,7.53737,2
1540.1,0.06123,3.86573,7.53737,2
1540.2,0.06123,3.86576,7.53737,2
1540.3,0.06123,3.86578,7.53737,2
1540.4,0.06123,3.8658,7.53736,2
1540.5,0.06123,3.86582,7.53736,2
1540.6,0.06123,3.86584,7.53736,2
1540.7,0.06123,3.86586,7.53736,2
1540.8,0.06123,3.86588,7.53736,2
1540.9,0.06123,3.8659,7.53736,2
1541,0.06123,3.86592,7.53735,2
1541.1,0.06123,3.86594,7.53735,2
1541.2,0.06123,3.86595,7.53735,2
1541.3,0.06123,3.86597,7.53735,2
1541.4,0.06123,3.86599,7.53734,2
1541.5,0.06123,3.86601,7.53734,2
1541.6,0.06123,3.86603,7.53734,2
1541.7,0.06123,3.86605,7.53734,2
1541.8,0.06123,3.86607,7.53734,2
1541.9,0.06123,3.86608,7.53733,2
1542,0.06123,3.8661,7.53733,2
1542.1,0.06123,3.86612,7.53733,2
1542.2,0.06122,3.86614,7.53733,2
1542.3,0.06122,3.86616,7.53733,2
1542.4,0.06122,3.86618,7.53732,2
1542.5,0.06122,3.8662,7.53732,2
1542.6,0.06122,3.86621,7.53732,2
1542.7,0.06122,3.86623,7.53732,2
1542.8,0.06122,3.86624,7.53732,2
1542.9,0.06122,3.86626,7.53731,2
1543,0.06122,3.86628,7.53731,2
1543.1,0.06122,3.8663,7.53731,2
1543.2,0.06122,3.86631,7.53731,2
1543.3,0.06122,3.86633,7.5373,2
1543.4,0.06122,3.86634,7.5373,2
1543.5,0.06122,3.86635,7.5373,2
1543.6,0.06122,3.86637,7.5373,2
1543.7,0.06122,3.86638,7.53729,2
1543.8,0.06121,3.86639,7.53729,2
1543.9,0.06121,3.86641,7.53729,2
1544,0.06121,3.86642,7.53729,2
1544.1,0.06121,3.86643,7.53728,2
1544.2,0.06121,3.86644,7.53728,2
1544.3,0.06121,3.86646,7.53728,2
1544.4,0.06121,3.86647,7.53728,2
1544.5,0.06121,3.86649,7.53727,2
1544.6,0.06121,3.8665,7.53727,2
1544.7,0.06121,3.86652,7.53727,2
1544.8,0.06121,3.86653,7.53727,2
1544.9,0.06121,3.86655,7.53727,2
1545,0.0612,3.86656,7.53726,2
1545.1,0.0612,3.86658,7.53726,2
1545.2,0.0612,3.86659,7.53726,2
1545.3,0.0612,3.8666,7.53726,2
1545.4,0.0612,3.86661,7.53726,2
1545.5,0.0612,3.86663,7.53725,2
1545.6,0.0612,3.86664,7.53725,2
1545.7,0.0612,3.86666,7.53725,2
1545.8,0.0612,3.86667,7.53725,2
1545.9,0.0612,3.86668,7.53725,2
1546,0.0612,3.8667,7.53724,2
1546.1,0.06119,3.86671,7.53724,2
1546.2,0.06119,3.86673,7.53724,2
1546.3,0.06119,3.86674,7.53724,2
1546.4,0.06119,3.86676,7.53724,2
1546.5,0.06119,3.86677,7.53724,2
1546.6,0.06119,3.86679,7.53723,2
1546.7,0.06119,3.8668,7.53723,2
1546.8,0.06119,3.86682,7.53723,2
1546.9,0.06119,3.86683,7.53723,2
1547,0.06119,3.86685,7.53723,2
1547.1,0.06119,3.86686,7.53722,2
1547.2,0.06118,3.86688,7.53722,2
1547.3,0.06118,3.86689,7.53722,2
1547.4,0.06118,3.8669,7.53722,2
1547.5,0.06118,3.86691,7.53722,2
1547.6,0.06118,3.86692,7.53721,2
1547.7,0.06118,3.86694,7.53721,2
1547.8,0.06118,3.86695,7.53721,2
1547.9,0.06118,3.86697,7.53721,2
1548,0.06117,3.86698,7.53721,2
1548.1,0.06117,3.867,7.5372,2
1548.2,0.06117,3.86701,7.5372,2
1548.3,0.06117,3.86702,7.5372,2
1548.4,0.06117,3.86704,7.5372,2
1548.5,0.06117,3.86705,7.5372,2
1548.6,0.06116,3.86706,7.5372,2
1548.7,0.06116,3.86707,7.53719,2
1548.8,0.06116,3.86709,7.53719,2
1548.9,0.06116,3.8671,7.53719,2
1549,0.06116,3.86711,7.53719,2
1549.1,0.06115,3.86713,7.53719,2
1549.2,0.06115,3.86714,7.53718,2
1549.3,0.06115,3.86715,7.53718,2
1549.4,0.06115,3.86717,7.53718,2
1549.5,0.06115,3.86718,7.53718,2
1549.6,0.06115,3.86719,7.53718,2
1549.7,0.06114,3.8672,7.53717,2
1549.8,0.06114,3.86721,7.53717,2
1549.9,0.06114,3.86722,7.53717,2
1550,0.06114,3.86722,7.53717,2
1550.1,0.06114,3.86723,7.53717,2
1550.2,0.06114,3.86723,7.53716,2
1550.3,0.06114,3.86724,7.53716,2
1550.4,0.06113,3.86724,7.53716,2
1550.5,0.06113,3.86725,7.53716,2
1550.6,0.06113,3.86726,7.53716,2
1550.7,0.06113,3.86727,7.53716,2
1550.8,0.06113,3.86728,7.53716,2
1550.9,0.06113,3.86729,7.53715,2
1551,0.06112,3.86731,7.53715,2
1551.1,0.06112,3.86732,7.53715,2
1551.2,0.06112,3.86734,7.53715,2
1551.3,0.06112,3.86736,7.53715,2
1551.4,0.06112,3.86737,7.53715,2
1551.5,0.06111,3.86739,7.53714,2
1551.6,0.06111,3.86741,7.53714,2
1551.7,0.06111,3.86742,7.53714,2
1551.8,0.06111,3.86744,7.53714,2
1551.9,0.06111,3.86745,7.53714,2
1552,0.0611,3.86746,7.53713,2
1552.1,0.0611,3.86747,7.53713,2
1552.2,0.0611,3.86748,7.53713,2
1552.3,0.0611,3.86749,7.53713,2
1552.4,0.0611,3.86751,7.53713,2
1552.5,0.06109,3.86752,7.53713,2
1552.6,0.06109,3.86754,7.53713,2
1552.7,0.06109,3.86755,7.53712,2
1552.8,0.06109,3.86756,7.53712,2
1552.9,0.06108,3.86758,7.53712,2
1553,0.06108,3.86759,7.53712,2
1553.1,0.06108,3.8676,7.53712,2
1553.2,0.06108,3.86762,7.53712,2
1553.3,0.06107,3.86763,7.53712,2
1553.4,0.06107,3.86765,7.53712,2
1553.5,0.06107,3.86766,7.53711,2
1553.6,0.06107,3.86767,7.53711,2
1553.7,0.06107,3.86769,7.53711,2
1553.8,0.06106,3.8677,7.53711,2
1553.9,0.06106,3.86771,7.53711,2
1554,0.06106,3.86771,7.53711,2
1554.1,0.06106,3.86772,7.5371,2
1554.2,0.06105,3.86773,7.5371,2
1554.3,0.06105,3.86773,7.5371,2
1554.4,0.06105,3.86774,7.5371,2
1554.5,0.06105,3.86775,7.5371,2
1554.6,0.06105,3.86775,7.5371,2
1554.7,0.06104,3.86777,7.5371,2
1554.8,0.06104,3.86779,7.5371,2
1554.9,0.06104,3.8678,7.53709,2
1555,0.06104,3.86782,7.53709,2
1555.1,0.06103,3.86784,7.53709,2
1555.2,0.06103,3.86785,7.53709,2
1555.3,0.06103,3.86787,7.53709,2
1555.4,0.06103,3.86788,7.53709,2
1555.5,0.06102,3.8679,7.53709,2
1555.6,0.06102,3.86791,7.53709,2
1555.7,0.06102,3.86793,7.53709,2
1555.8,0.06102,3.86794,7.53709,2
1555.9,0.06101,3.86796,7.53709,2
1556,0.06101,3.86797,7.53708,2
1556.1,0.06101,3.86798,7.53708,2
1556.2,0.06101,3.868,7.53708,2
1556.3,0.061,3.86801,7.53708,2
1556.4,0.061,3.86803,7.53708,2
1556.5,0.061,3.86804,7.53708,2
1556.6,0.061,3.86806,7.53708,2
1556.7,0.061,3.86807,7.53708,2
1556.8,0.06099,3.86809,7.53708,2
1556.9,0.06099,3.8681,7.53708,2
1557,0.06099,3.86812,7.53708,2
1557.1,0.06099,3.86814,7.53708,2
1557.2,0.06099,3.86816,7.53708,2
1557.3,0.06098,3.86818,7.53707,2
1557.4,0.06098,3.8682,7.53707,2
1557.5,0.06098,3.86822,7.53707,2
1557.6,0.06098,3.86824,7.53707,2
1557.7,0.06098,3.86826,7.53707,2
1557.8,0.06097,3.86828,7.53707,2
1557.9,0.06097,3.8683,7.53707,2
1558,0.06097,3.86832,7.53707,2
1558.1,0.06097,3.86835,7.53707,2
1558.2,0.06097,3.86837,7.53707,2
1558.3,0.06096,3.86839,7.53707,2
1558.4,0.06096,3.86842,7.53707,2
1558.5,0.06096,3.86845,7.53706,2
1558.6,0.06096,3.86847,7.53706,2
1558.7,0.06096,3.8685,7.53706,2
1558.8,0.06095,3.86852,7.53706,2
1558.9,0.06095,3.86855,7.53706,2
1559,0.06095,3.86858,7.53706,2
1559.1,0.06095,3.86861,7.53706,2
1559.2,0.06094,3.86864,7.53706,2
1559.3,0.06094,3.86867,7.53706,2
1559.4,0.06094,3.8687,7.53706,2
1559.5,0.06094,3.86873,7.53706,2
1559.6,0.06094,3.86876,7.53706,2
1559.7,0.06094,3.86879,7.53706,2
1559.8,0.06093,3.86882,7.53705,2
1559.9,0.06093,3.86885,7.53705,2
1560,0.06093,3.86888,7.53705,2
1560.1,0.06093,3.86891,7.53705,2
1560.2,0.06093,3.86894,7.53705,2
1560.3,0.06092,3.86897,7.53705,2
1560.4,0.06092,3.86899,7.53705,2
1560.5,0.06092,3.86902,7.53705,2
1560.6,0.06092,3.86904,7.53705,2
1560.7,0.06092,3.86907,7.53705,2
1560.8,0.06091,3.8691,7.53705,2
1560.9,0.06091,3.86913,7.53705,2
1561,0.06091,3.86917,7.53705,2
1561.1,0.06091,3.86921,7.53705,2
1561.2,0.06091,3.86925,7.53704,2
1561.3,0.0609,3.86929,7.53704,2
1561.4,0.0609,3.86933,7.53704,2
1561.5,0.0609,3.86937,7.53704,2
1561.6,0.0609,3.8694,7.53704,2
1561.7,0.0609,3.86944,7.53704,2
1561.8,0.06089,3.86947,7.53704,2
1561.9,0.06089,3.86951,7.53704,2
1562,0.06089,3.86954,7.53704,2
1562.1,0.06089,3.86958,7.53704,2
1562.2,0.06089,3.86961,7.53704,2
1562.3,0.06088,3.86965,7.53704,2
1562.4,0.06088,3.86969,7.53704,2
1562.5,0.06088,3.86973,7.53704,2
1562.6,0.06088,3.86976,7.53704,2
1562.7,0.06087,3.8698,7.53704,2
1562.8,0.06087,3.86984,7.53704,2
1562.9,0.06087,3.86988,7.53704,2
1563,0.06087,3.86992,7.53704,2
1563.1,0.06086,3.86996,7.53704,2
1563.2,0.06086,3.87,7.53704,2
1563.3,0.06086,3.87003,7.53704,2
1563.4,0.06086,3.87007,7.53704,2
1563.5,0.06085,3.87011,7.53703,2
1563.6,0.06085,3.87015,7.53703,2
1563.7,0.06085,3.87018,7.53703,2
1563.8,0.06085,3.87022,7.53703,2
1563.9,0.06084,3.87026,7.53703,2
1564,0.06084,3.8703,7.53703,2
1564.1,0.06084,3.87034,7.53703,2
1564.2,0.06084,3.87037,7.53703,2
1564.3,0.06084,3.87041,7.53703,2
1564.4,0.06083,3.87045,7.53703,2
1564.5,0.06083,3.87049,7.53703,2
1564.6,0.06083,3.87053,7.53703,2
1564.7,0.06083,3.87056,7.53703,2
1564.8,0.06083,3.8706,7.53703,2
1564.9,0.06082,3.87064,7.53703,2
1565,0.06082,3.87067,7.53703,2
1565.1,0.06082,3.87071,7.53703,2
1565.2,0.06082,3.87074,7.53703,2
1565.3,0.06081,3.87078,7.53703,2
1565.4,0.06081,3.87083,7.53703,2
1565.5,0.06081,3.87088,7.53703,2
1565.6,0.06081,3.87092,7.53703,2
1565.7,0.0608,3.87097,7.53703,2
1565.8,0.0608,3.87101,7.53703,2
1565.9,0.0608,3.87106,7.53703,2
1566,0.0608,3.87111,7.53703,2
1566.1,0.06079,3.87115,7.53703,2
1566.2,0.06079,3.8712,7.53703,2
1566.3,0.06079,3.87124,7.53703,2
1566.4,0.06079,3.87128,7.53702,2
1566.5,0.06078,3.87133,7.53702,2
1566.6,0.06078,3.87137,7.53702,2
1566.7,0.06078,3.87142,7.53702,2
1566.8,0.06077,3.87146,7.53702,2
1566.9,0.06077,3.87151,7.53702,2
1567,0.06077,3.87155,7.53702,2
1567.1,0.06077,3.8716,7.53702,2
1567.2,0.06076,3.87164,7.53702,2
1567.3,0.06076,3.87169,7.53702,2
1567.4,0.06076,3.87173,7.53702,2
1567.5,0.06075,3.87177,7.53702,2
1567.6,0.06075,3.87182,7.53702,2
1567.7,0.06075,3.87186,7.53702,2
1567.8,0.06074,3.8719,7.53702,2
1567.9,0.06074,3.87195,7.53702,2
1568,0.06074,3.87199,7.53702,2
1568.1,0.06074,3.87203,7.53702,2
1568.2,0.06073,3.87207,7.53702,2
1568.3,0.06073,3.87211,7.53702,2
1568.4,0.06073,3.87215,7.53702,2
1568.5,0.06072,3.87219,7.53702,2
1568.6,0.06072,3.87224,7.53702,2
1568.7,0.06072,3.87228,7.53702,2
1568.8,0.06071,3.87232,7.53702,2
1568.9,0.06071,3.87237,7.53702,2
1569,0.06071,3.87241,7.53702,2
1569.1,0.06071,3.87246,7.53702,2
1569.2,0.0607,3.8725,7.53702,2
1569.3,0.0607,3.87254,7.53702,2
1569.4,0.0607,3.87259,7.53702,2
1569.5,0.06069,3.87263,7.53702,2
1569.6,0.06069,3.87267,7.53702,2
1569.7,0.06069,3.87272,7.53702,2
1569.8,0.06068,3.87277,7.53702,2
1569.9,0.06068,3.87281,7.53702,2
1570,0.06068,3.87286,7.53702,2
1570.1,0.06068,3.8729,7.53702,2
1570.2,0.06067,3.87295,7.53702,2
1570.3,0.06067,3.87299,7.53702,2
1570.4,0.06067,3.87304,7.53702,2
1570.5,0.06066,3.87308,7.53703,2
1570.6,0.06066,3.87313,7.53703,2
1570.7,0.06066,3.87318,7.53703,2
1570.8,0.06065,3.87323,7.53703,2
1570.9,0.06065,3.87327,7.53703,2
1571,0.06065,3.87332,7.53703,2
1571.1,0.06064,3.87337,7.53703,2
1571.2,0.06064,3.87341,7.53703,2
1571.3,0.06064,3.87346,7.53703,2
1571.4,0.06064,3.87351,7.53704,2
1571.5,0.06063,3.87355,7.53704,2
1571.6,0.06063,3.8736,7.53704,2
1571.7,0.06063,3.87365,7.53704,2
1571.8,0.06062,3.8737,7.53704,2
1571.9,0.06062,3.87375,7.53704,2
1572,0.06062,3.87379,7.53704,2
1572.1,0.06062,3.87384,7.53704,2
1572.2,0.06061,3.87389,7.53704,2
1572.3,0.06061,3.87394,7.53704,2
1572.4,0.06061,3.87399,7.53704,2
1572.5,0.0606,3.87404,7.53704,2
1572.6,0.0606,3.87409,7.53704,2
1572.7,0.0606,3.87414,7.53704,2
1572.8,0.06059,3.8742,7.53704,2
1572.9,0.06059,3.87426,7.53704,2
1573,0.06058,3.87431,7.53704,2
1573.1,0.06058,3.87436,7.53704,2
1573.2,0.06058,3.87441,7.53704,2
1573.3,0.06057,3.87447,7.53704,2
1573.4,0.06057,3.87452,7.53704,2
1573.5,0.06057,3.87457,7.53704,2
1573.6,0.06056,3.87462,7.53704,2
1573.7,0.06056,3.87467,7.53704,2
1573.8,0.06056,3.87472,7.53705,2
1573.9,0.06055,3.87476,7.53705,2
1574,0.06055,3.87481,7.53705,2
1574.1,0.06055,3.87486,7.53705,2
1574.2,0.06054,3.87491,7.53705,2
1574.3,0.06054,3.87496,7.53705,2
1574.4,0.06053,3.87501,7.53705,2
1574.5,0.06053,3.87506,7.53705,2
1574.6,0.06053,3.87511,7.53705,2
1574.7,0.06052,3.87516,7.53705,2
1574.8,0.06052,3.8752,7.53705,2
1574.9,0.06052,3.87525,7.53705,2
1575,0.06051,3.8753,7.53705,2
1575.1,0.06051,3.87535,7.53705,2
1575.2,0.06051,3.87539,7.53705,2
1575.3,0.0605,3.87544,7.53705,2
1575.4,0.0605,3.87549,7.53705,2
1575.5,0.06049,3.87554,7.53705,2
1575.6,0.06049,3.87558,7.53705,2
1575.7,0.06049,3.87563,7.53706,2
1575.8,0.06048,3.87568,7.53706,2
1575.9,0.06048,3.87573,7.53706,2
1576,0.06048,3.87578,7.53706,2
1576.1,0.06047,3.87583,7.53706,2
1576.2,0.06047,3.87588,7.53706,2
1576.3,0.06046,3.87593,7.53706,2
1576.4,0.06046,3.87598,7.53706,2
1576.5,0.06046,3.87603,7.53706,2
1576.6,0.06045,3.87608,7.53706,2
1576.7,0.06045,3.87612,7.53706,2
1576.8,0.06045,3.87617,7.53706,2
1576.9,0.06044,3.87622,7.53706,2
1577,0.06044,3.87627,7.53706,2
1577.1,0.06043,3.87632,7.53706,2
1577.2,0.06043,3.87637,7.53707,2
1577.3,0.06042,3.87642,7.53707,2
1577.4,0.06042,3.87646,7.53707,2
1577.5,0.06042,3.87651,7.53707,2
1577.6,0.06041,3.87656,7.53707,2
1577.7,0.06041,3.87661,7.53707,2
1577.8,0.0604,3.87665,7.53707,2
1577.9,0.0604,3.8767,7.53707,2
1578,0.0604,3.87675,7.53707,2
1578.1,0.06039,3.8768,7.53708,2
1578.2,0.06039,3.87685,7.53708,2
1578.3,0.06038,3.87689,7.53708,2
1578.4,0.06038,3.87694,7.53708,2
1578.5,0.06037,3.87698,7.53708,2
1578.6,0.06037,3.87703,7.53708,2
1578.7,0.06036,3.87708,7.53708,2
1578.8,0.06036,3.87712,7.53708,2
1578.9,0.06036,3.87717,7.53708,2
1579,0.06035,3.87721,7.53708,2
1579.1,0.06035,3.87726,7.53709,2
1579.2,0.06034,3.8773,7.53709,2
1579.3,0.06034,3.87735,7.53709,2
1579.4,0.06033,3.87739,7.53709,2
1579.5,0.06033,3.87743,7.53709,2
1579.6,0.06032,3.87747,7.53709,2
1579.7,0.06032,3.87751,7.53709,2
1579.8,0.06032,3.87755,7.53709,2
1579.9,0.06031,3.87759,7.53709,2
1580,0.06031,3.87763,7.53709,2
1580.1,0.0603,3.87767,7.53709,2
1580.2,0.0603,3.87771,7.53709,2
1580.3,0.06029,3.87775,7.53709,2
1580.4,0.06029,3.87779,7.53709,2
1580.5,0.06029,3.87783,7.53709,2
1580.6,0.06028,3.87787,7.53709,2
1580.7,0.06028,3.87791,7.53709,2
1580.8,0.06027,3.87795,7.5371,2
1580.9,0.06027,3.87799,7.5371,2
1581,0.06026,3.87802,7.5371,2
1581.1,0.06026,3.87807,7.5371,2
1581.2,0.06025,3.87811,7.5371,2
1581.3,0.06025,3.87815,7.5371,2
1581.4,0.06024,3.8782,7.5371,2
1581.5,0.06024,3.87825,7.5371,2
1581.6,0.06023,3.87829,7.5371,2
1581.7,0.06023,3.87834,7.5371,2
1581.8,0.06022,3.87838,7.5371,2
1581.9,0.06022,3.87843,7.5371,2
1582,0.06021,3.87847,7.5371,2
1582.1,0.06021,3.87852,7.5371,2
1582.2,0.0602,3.87856,7.5371,2
1582.3,0.0602,3.8786,7.5371,2
1582.4,0.06019,3.87864,7.5371,2
1582.5,0.06019,3.87868,7.5371,2
1582.6,0.06018,3.87872,7.53711,2
1582.7,0.06018,3.87876,7.53711,2
1582.8,0.06017,3.8788,7.53711,2
1582.9,0.06017,3.87884,7.53711,2
1583,0.06016,3.87887,7.53711,2
1583.1,0.06016,3.87891,7.53711,2
1583.2,0.06015,3.87895,7.53711,2
1583.3,0.06015,3.87899,7.53711,2
1583.4,0.06014,3.87903,7.53711,2
1583.5,0.06014,3.87907,7.53711,2
1583.6,0.06013,3.87911,7.53711,2
1583.7,0.06013,3.87915,7.53711,2
1583.8,0.06012,3.87919,7.53711,2
1583.9,0.06012,3.87923,7.53711,2
1584,0.06011,3.87927,7.53712,2
1584.1,0.06011,3.8793,7.53712,2
1584.2,0.0601,3.87934,7.53712,2
1584.3,0.0601,3.87938,7.53712,2
1584.4,0.06009,3.87942,7.53712,2
1584.5,0.06009,3.87946,7.53712,2
1584.6,0.06008,3.87949,7.53712,2
1584.7,0.06008,3.87953,7.53712,2
1584.8,0.06007,3.87957,7.53712,2
1584.9,0.06007,3.87961,7.53712,2
1585,0.06006,3.87965,7.53713,2
1585.1,0.06006,3.87969,7.53713,2
1585.2,0.06005,3.87972,7.53713,2
1585.3,0.06004,3.87976,7.53713,2
1585.4,0.06004,3.8798,7.53713,2
1585.5,0.06003,3.87984,7.53713,2
1585.6,0.06003,3.87987,7.53713,2
1585.7,0.06002,3.87991,7.53713,2
1585.8,0.06002,3.87995,7.53713,2
1585.9,0.06001,3.87999,7.53713,2
1586,0.06001,3.88002,7.53713,2
1586.1,0.06,3.88006,7.53713,2
1586.2,0.06,3.8801,7.53713,2
1586.3,0.05999,3.88014,7.53713,2
1586.4,0.05999,3.88017,7.53713,2
1586.5,0.05998,3.88021,7.53713,2
1586.6,0.05998,3.88025,7.53713,2
1586.7,0.05997,3.88029,7.53713,2
1586.8,0.05997,3.88032,7.53713,2
1586.9,0.05996,3.88036,7.53714,2
1587,0.05996,3.8804,7.53714,2
1587.1,0.05995,3.88044,7.53714,2
1587.2,0.05995,3.88048,7.53714,2
1587.3,0.05994,3.88053,7.53714,2
1587.4,0.05993,3.88057,7.53714,2
1587.5,0.05993,3.88061,7.53714,2
1587.6,0.05992,3.88064,7.53714,2
1587.7,0.05992,3.88068,7.53714,2
1587.8,0.05991,3.88072,7.53714,2
1587.9,0.05991,3.88076,7.53714,2
1588,0.0599,3.8808,7.53714,2
1588.1,0.0599,3.88083,7.53714,2
1588.2,0.05989,3.88087,7.53714,2
1588.3,0.05989,3.8809,7.53714,2
1588.4,0.05988,3.88094,7.53714,2
1588.5,0.05987,3.88097,7.53714,2
1588.6,0.05987,3.88101,7.53714,2
1588.7,0.05986,3.88104,7.53714,2
1588.8,0.05986,3.88108,7.53714,2
1588.9,0.05985,3.88111,7.53714,2
1589,0.05985,3.88115,7.53714,2
1589.1,0.05984,3.88118,7.53714,2
1589.2,0.05983,3.88122,7.53714,2
1589.3,0.05983,3.88125,7.53714,2
1589.4,0.05982,3.88129,7.53714,2
1589.5,0.05982,3.88132,7.53714,2
1589.6,0.05981,3.88136,7.53714,2
1589.7,0.0598,3.88139,7.53714,2
1589.8,0.0598,3.88143,7.53714,2
1589.9,0.05979,3.88146,7.53714,2
1590,0.05979,3.8815,7.53714,2
1590.1,0.05978,3.88153,7.53714,2
1590.2,0.05977,3.88156,7.53714,2
1590.3,0.05977,3.8816,7.53714,2
1590.4,0.05976,3.88163,7.53714,2
1590.5,0.05976,3.88166,7.53714,2
1590.6,0.05975,3.88169,7.53714,2
1590.7,0.05974,3.88172,7.53714,2
1590.8,0.05974,3.88175,7.53714,2
1590.9,0.05973,3.88179,7.53714,2
1591,0.05972,3.88182,7.53714,2
1591.1,0.05972,3.88185,7.53714,2
1591.2,0.05971,3.88188,7.53714,2
1591.3,0.05971,3.88191,7.53714,2
1591.4,0.0597,3.88194,7.53715,2
1591.5,0.0597,3.88197,7.53715,2
1591.6,0.05969,3.882,7.53715,2
1591.7,0.05968,3.88202,7.53715,2
1591.8,0.05968,3.88205,7.53715,2
1591.9,0.05967,3.88207,7.53715,2
1592,0.05967,3.88209,7.53715,2
1592.1,0.05966,3.88211,7.53715,2
1592.2,0.05965,3.88213,7.53715,2
1592.3,0.05965,3.88215,7.53715,2
1592.4,0.05964,3.88218,7.53715,2
1592.5,0.05964,3.88222,7.53715,2
1592.6,0.05963,3.88225,7.53715,2
1592.7,0.05962,3.88229,7.53715,2
1592.8,0.05962,3.88232,7.53715,2
1592.9,0.05961,3.88235,7.53715,2
1593,0.05961,3.88238,7.53715,2
1593.1,0.0596,3.88241,7.53715,2
1593.2,0.05959,3.88244,7.53715,2
1593.3,0.05959,3.88246,7.53715,2
1593.4,0.05958,3.88249,7.53715,2
1593.5,0.05957,3.88251,7.53715,2
1593.6,0.05957,3.88254,7.53715,2
1593.7,0.05956,3.88256,7.53715,2
1593.8,0.05956,3.88259,7.53715,2
1593.9,0.05955,3.88261,7.53715,2
1594,0.05954,3.88264,7.53715,2
1594.1,0.05954,3.88266,7.53715,2
1594.2,0.05953,3.88268,7.53715,2
1594.3,0.05953,3.88271,7.53715,2
1594.4,0.05952,3.88273,7.53715,2
1594.5,0.05952,3.88276,7.53715,2
1594.6,0.05951,3.88279,7.53715,2
1594.7,0.0595,3.88281,7.53715,2
1594.8,0.0595,3.88283,7.53715,2
1594.9,0.05949,3.88286,7.53715,2
1595,0.05949,3.88288,7.53715,2
1595.1,0.05948,3.8829,7.53715,2
1595.2,0.05947,3.88293,7.53715,2
1595.3,0.05947,3.88296,7.53715,2
1595.4,0.05946,3.88298,7.53715,2
1595.5,0.05945,3.88301,7.53715,2
1595.6,0.05945,3.88303,7.53715,2
1595.7,0.05944,3.88306,7.53715,2
1595.8,0.05944,3.88308,7.53715,2
1595.9,0.05943,3.88311,7.53715,2
1596,0.05942,3.88313,7.53715,2
1596.1,0.05942,3.88316,7.53715,2
1596.2,0.05941,3.88318,7.53715,2
1596.3,0.05941,3.88321,7.53715,2
1596.4,0.0594,3.88323,7.53715,2
1596.5,0.05939,3.88325,7.53715,2
1596.6,0.05939,3.88328,7.53715,2
1596.7,0.05938,3.8833,7.53715,2
1596.8,0.05937,3.88332,7.53715,2
1596.9,0.05937,3.88334,7.53715,2
1597,0.05936,3.88336,7.53715,2
1597.1,0.05935,3.88338,7.53715,2
1597.2,0.05935,3.8834,7.53715,2
1597.3,0.05934,3.88342,7.53715,2
1597.4,0.05934,3.88343,7.53715,2
1597.5,0.05933,3.88345,7.53715,2
1597.6,0.05932,3.88347,7.53715,2
1597.7,0.05932,3.88349,7.53715,2
1597.8,0.05931,3.88351,7.53715,2
1597.9,0.0593,3.88352,7.53715,2
1598,0.0593,3.88354,7.53715,2
1598.1,0.05929,3.88356,7.53715,2
1598.2,0.05928,3.88358,7.53715,2
1598.3,0.05928,3.88359,7.53715,2
1598.4,0.05927,3.88361,7.53715,2
1598.5,0.05926,3.88363,7.53715,2
1598.6,0.05926,3.88365,7.53716,2
1598.7,0.05925,3.88366,7.53716,2
1598.8,0.05925,3.88368,7.53716,2
1598.9,0.05924,3.88369,7.53716,2
1599,0.05923,3.88371,7.53716,2
1599.1,0.05923,3.88373,7.53716,2
1599.2,0.05922,3.88374,7.53716,2
1599.3,0.05922,3.88376,7.53716,2
1599.4,0.05921,3.88377,7.53716,2
1599.5,0.0592,3.88379,7.53716,2
1599.6,0.0592,3.8838,7.53716,2
1599.7,0.05919,3.88381,7.53716,2
1599.8,0.05919,3.88383,7.53717,2
1599.9,0.05918,3.88384,7.53717,2
1600,0.05917,3.88387,7.53717,2
1600.1,0.05917,3.88389,7.53717,2
1600.2,0.05916,3.88391,7.53717,2
1600.3,0.05915,3.88393,7.53717,2
1600.4,0.05915,3.88395,7.53717,2
1600.5,0.05914,3.88396,7.53717,2
1600.6,0.05913,3.88398,7.53717,2
1600.7,0.05913,3.88399,7.53717,2
1600.8,0.05912,3.884,7.53717,2
1600.9,0.05912,3.88402,7.53717,2
1601,0.05911,3.88403,7.53717,2
1601.1,0.0591,3.88404,7.53717,2
1601.2,0.0591,3.88406,7.53717,2
1601.3,0.05909,3.88407,7.53718,2
1601.4,0.05908,3.88408,7.53718,2
1601.5,0.05908,3.88409,7.53718,2
1601.6,0.05907,3.88411,7.53718,2
1601.7,0.05906,3.88412,7.53718,2
1601.8,0.05906,3.88413,7.53718,2
1601.9,0.05905,3.88414,7.53718,2
1602,0.05904,3.88415,7.53718,2
1602.1,0.05904,3.88416,7.53718,2
1602.2,0.05903,3.88417,7.53718,2
1602.3,0.05902,3.88418,7.53718,2
1602.4,0.05902,3.88419,7.53718,2
1602.5,0.05901,3.8842,7.53718,2
1602.6,0.059,3.88421,7.53718,2
1602.7,0.059,3.88422,7.53718,2
1602.8,0.05899,3.88423,7.53718,2
1602.9,0.05898,3.88424,7.53718,2
1603,0.05898,3.88424,7.53718,2
1603.1,0.05897,3.88425,7.53718,2
1603.2,0.05897,3.88425,7.53718,2
1603.3,0.05896,3.88425,7.53718,2
1603.4,0.05895,3.88425,7.53718,2
1603.5,0.05895,3.88425,7.53718,2
1603.6,0.05894,3.88425,7.53718,2
1603.7,0.05893,3.88426,7.53718,2
1603.8,0.05893,3.88427,7.53718,2
1603.9,0.05892,3.88428,7.53718,2
1604,0.05891,3.88428,7.53718,2
1604.1,0.05891,3.88429,7.53718,2
1604.2,0.0589,3.8843,7.53718,2
1604.3,0.05889,3.88431,7.53718,2
1604.4,0.05888,3.88432,7.53718,2
1604.5,0.05888,3.88433,7.53718,2
1604.6,0.05887,3.88433,7.53718,2
1604.7,0.05886,3.88434,7.53719,2
1604.8,0.05886,3.88434,7.53719,2
1604.9,0.05885,3.88435,7.53719,2
1605,0.05884,3.88436,7.53719,2
1605.1,0.05884,3.88436,7.53719,2
1605.2,0.05883,3.88436,7.53719,2
1605.3,0.05882,3.88437,7.53719,2
1605.4,0.05881,3.88437,7.53719,2
1605.5,0.05881,3.88437,7.53719,2
1605.6,0.0588,3.88437,7.53719,2
1605.7,0.05879,3.88437,7.53719,2
1605.8,0.05879,3.88437,7.53718,2
1605.9,0.05878,3.88437,7.53718,2
1606,0.05877,3.88437,7.53718,2
1606.1,0.05877,3.88437,7.53718,2
1606.2,0.05876,3.88437,7.53718,2
1606.3,0.05875,3.88436,7.53718,2
1606.4,0.05875,3.88436,7.53718,2
1606.5,0.05874,3.88436,7.53718,2
1606.6,0.05873,3.88435,7.53718,2
1606.7,0.05873,3.88435,7.53718,2
1606.8,0.05872,3.88435,7.53718,2
1606.9,0.05871,3.88435,7.53718,2
1607,0.05871,3.88435,7.53718,2
1607.1,0.0587,3.88435,7.53718,2
1607.2,0.05869,3.88435,7.53718,2
1607.3,0.05869,3.88435,7.53718,2
1607.4,0.05868,3.88436,7.53718,2
1607.5,0.05867,3.88435,7.53718,2
1607.6,0.05867,3.88435,7.53718,2
1607.7,0.05866,3.88435,7.53718,2
1607.8,0.05865,3.88434,7.53718,2
1607.9,0.05864,3.88434,7.53718,2
1608,0.05864,3.88434,7.53718,2
1608.1,0.05863,3.88433,7.53718,2
1608.2,0.05862,3.88433,7.53718,2
1608.3,0.05862,3.88433,7.53718,2
1608.4,0.05861,3.88433,7.53718,2
1608.5,0.0586,3.88432,7.53718,2
1608.6,0.0586,3.88432,7.53718,2
1608.7,0.05859,3.88432,7.53718,2
1608.8,0.05858,3.88432,7.53718,2
1608.9,0.05858,3.88432,7.53718,2
1609,0.05857,3.88431,7.53718,2
1609.1,0.05856,3.8843,7.53718,2
1609.2,0.05855,3.8843,7.53718,2
1609.3,0.05855,3.88429,7.53718,2
1609.4,0.05854,3.88429,7.53718,2
1609.5,0.05853,3.88428,7.53718,2
1609.6,0.05853,3.88428,7.53718,2
1609.7,0.05852,3.88427,7.53718,2
1609.8,0.05851,3.88427,7.53718,2
1609.9,0.05851,3.88426,7.53718,2
1610,0.0585,3.88426,7.53718,2
1610.1,0.05849,3.88425,7.53718,2
1610.2,0.05848,3.88424,7.53718,2
1610.3,0.05848,3.88423,7.53718,2
1610.4,0.05847,3.88421,7.53718,2
1610.5,0.05846,3.8842,7.53718,2
1610.6,0.05846,3.88418,7.53718,2
1610.7,0.05845,3.88417,7.53718,2
1610.8,0.05844,3.88416,7.53718,2
1610.9,0.05843,3.88415,7.53718,2
1611,0.05843,3.88414,7.53718,2
1611.1,0.05842,3.88413,7.53718,2
1611.2,0.05841,3.88413,7.53719,2
1611.3,0.0584,3.88411,7.53719,2
1611.4,0.0584,3.8841,7.53719,2
1611.5,0.05839,3.88409,7.53719,2
1611.6,0.05838,3.88408,7.53719,2
1611.7,0.05838,3.88406,7.53719,2
1611.8,0.05837,3.88405,7.53719,2
1611.9,0.05836,3.88403,7.53719,2
1612,0.05835,3.88401,7.53719,2
1612.1,0.05835,3.88399,7.53719,2
1612.2,0.05834,3.88398,7.53719,2
1612.3,0.05833,3.88396,7.53719,2
1612.4,0.05832,3.88394,7.5372,2
1612.5,0.05832,3.88392,7.5372,2
1612.6,0.05831,3.8839,7.5372,2
1612.7,0.0583,3.88388,7.5372,2
1612.8,0.05829,3.88386,7.5372,2
1612.9,0.05829,3.88384,7.5372,2
1613,0.05828,3.88382,7.5372,2
1613.1,0.05827,3.8838,7.5372,2
1613.2,0.05827,3.88379,7.53721,2
1613.3,0.05826,3.88377,7.53721,2
1613.4,0.05825,3.88375,7.53721,2
1613.5,0.05824,3.88373,7.53721,2
1613.6,0.05824,3.88371,7.53721,2
1613.7,0.05823,3.88369,7.53721,2
1613.8,0.05822,3.88367,7.53721,2
1613.9,0.05821,3.88365,7.53721,2
1614,0.05821,3.88363,7.53722,2
1614.1,0.0582,3.8836,7.53722,2
1614.2,0.05819,3.88358,7.53722,2
1614.3,0.05818,3.88355,7.53722,2
1614.4,0.05818,3.88353,7.53722,2
1614.5,0.05817,3.88351,7.53722,2
1614.6,0.05816,3.88348,7.53722,2
1614.7,0.05815,3.88346,7.53722,2
1614.8,0.05815,3.88343,7.53722,2
1614.9,0.05814,3.88341,7.53722,2
1615,0.05813,3.88338,7.53722,2
1615.1,0.05813,3.88336,7.53722,2
1615.2,0.05812,3.88333,7.53722,2
1615.3,0.05811,3.88331,7.53722,2
1615.4,0.0581,3.88328,7.53722,2
1615.5,0.0581,3.88325,7.53722,2
1615.6,0.05809,3.88323,7.53722,2
1615.7,0.05808,3.88321,7.53722,2
1615.8,0.05807,3.88319,7.53722,2
1615.9,0.05807,3.88316,7.53722,2
1616,0.05806,3.88314,7.53722,2
1616.1,0.05805,3.88312,7.53722,2
1616.2,0.05804,3.88309,7.53722,2
1616.3,0.05804,3.88306,7.53722,2
1616.4,0.05803,3.88303,7.53722,2
1616.5,0.05802,3.883,7.53722,2
1616.6,0.05802,3.88298,7.53722,2
1616.7,0.05801,3.88295,7.53722,2
1616.8,0.058,3.88291,7.53722,2
1616.9,0.05799,3.88288,7.53722,2
1617,0.05799,3.88285,7.53722,2
1617.1,0.05798,3.88282,7.53722,2
1617.2,0.05797,3.88279,7.53722,2
1617.3,0.05797,3.88276,7.53722,2
1617.4,0.05796,3.88273,7.53722,2
1617.5,0.05795,3.8827,7.53722,2
1617.6,0.05794,3.88267,7.53722,2
1617.7,0.05794,3.88263,7.53722,2
1617.8,0.05793,3.8826,7.53722,2
1617.9,0.05792,3.88257,7.53722,2
1618,0.05791,3.88254,7.53722,2
1618.1,0.05791,3.88251,7.53722,2
1618.2,0.0579,3.88247,7.53722,2
1618.3,0.05789,3.88244,7.53721,2
1618.4,0.05789,3.88241,7.53721,2
1618.5,0.05788,3.88238,7.53721,2
1618.6,0.05787,3.88234,7.53721,2
1618.7,0.05786,3.88231,7.53721,2
1618.8,0.05786,3.88227,7.53721,2
1618.9,0.05785,3.88224,7.53721,2
1619,0.05784,3.8822,7.53721,2
1619.1,0.05784,3.88216,7.53721,2
1619.2,0.05783,3.88213,7.53721,2
1619.3,0.05782,3.88209,7.53721,2
1619.4,0.05781,3.88205,7.53721,2
1619.5,0.05781,3.88202,7.53721,2
1619.6,0.0578,3.88198,7.53721,2
1619.7,0.05779,3.88194,7.53721,2
1619.8,0.05779,3.88191,7.53721,2
1619.9,0.05778,3.88187,7.53721,2
1620,0.05777,3.88184,7.53721,2
1620.1,0.05777,3.8818,7.53721,2
1620.2,0.05776,3.88176,7.53721,2
1620.3,0.05775,3.88172,7.53721,2
1620.4,0.05775,3.88168,7.53721,2
1620.5,0.05774,3.88164,7.53721,2
1620.6,0.05773,3.8816,7.53721,2
1620.7,0.05772,3.88156,7.53721,2
1620.8,0.05772,3.88152,7.53721,2
1620.9,0.05771,3.88148,7.53721,2
1621,0.0577,3.88144,7.53721,2
1621.1,0.0577,3.8814,7.53721,2
1621.2,0.05769,3.88137,7.53721,2
1621.3,0.05768,3.88133,7.53721,2
1621.4,0.05767,3.8813,7.53721,2
1621.5,0.05767,3.88126,7.53721,2
1621.6,0.05766,3.88122,7.53721,2
1621.7,0.05765,3.88118,7.53721,2
1621.8,0.05765,3.88114,7.53721,2
1621.9,0.05764,3.8811,7.53721,2
1622,0.05763,3.88106,7.5372,2
1622.1,0.05763,3.88102,7.5372,2
1622.2,0.05762,3.88097,7.5372,2
1622.3,0.05761,3.88093,7.5372,2
1622.4,0.05761,3.88088,7.5372,2
1622.5,0.0576,3.88084,7.5372,2
1622.6,0.05759,3.88079,7.5372,2
1622.7,0.05758,3.88074,7.5372,2
1622.8,0.05758,3.8807,7.5372,2
1622.9,0.05757,3.88065,7.5372,2
1623,0.05756,3.88061,7.5372,2
1623.1,0.05756,3.88056,7.5372,2
1623.2,0.05755,3.88052,7.5372,2
1623.3,0.05754,3.88047,7.53719,2
1623.4,0.05753,3.88043,7.53719,2
1623.5,0.05753,3.88038,7.53719,2
1623.6,0.05752,3.88034,7.53719,2
1623.7,0.05751,3.88029,7.53719,2
1623.8,0.05751,3.88024,7.53719,2
1623.9,0.0575,3.88019,7.53719,2
1624,0.05749,3.88014,7.53719,2
1624.1,0.05749,3.88009,7.53719,2
1624.2,0.05748,3.88004,7.53719,2
1624.3,0.05747,3.87999,7.53719,2
1624.4,0.05746,3.87994,7.53718,2
1624.5,0.05746,3.87989,7.53718,2
1624.6,0.05745,3.87984,7.53718,2
1624.7,0.05744,3.87979,7.53718,2
1624.8,0.05744,3.87974,7.53718,2
1624.9,0.05743,3.87968,7.53718,2
1625,0.05742,3.87963,7.53718,2
1625.1,0.05741,3.87958,7.53718,2
1625.2,0.05741,3.87953,7.53718,2
1625.3,0.0574,3.87948,7.53718,2
1625.4,0.05739,3.87942,7.53717,2
1625.5,0.05738,3.87937,7.53717,2
1625.6,0.05738,3.87931,7.53717,2
1625.7,0.05737,3.87926,7.53717,2
1625.8,0.05736,3.87921,7.53717,2
1625.9,0.05736,3.87915,7.53717,2
1626,0.05735,3.8791,7.53717,2
1626.1,0.05734,3.87904,7.53717,2
1626.2,0.05733,3.87899,7.53717,2
1626.3,0.05733,3.87893,7.53717,2
1626.4,0.05732,3.87887,7.53716,2
1626.5,0.05731,3.87882,7.53716,2
1626.6,0.05731,3.87876,7.53716,2
1626.7,0.0573,3.8787,7.53716,2
1626.8,0.05729,3.87864,7.53716,2
1626.9,0.05728,3.87858,7.53716,2
1627,0.05728,3.87852,7.53716,2
1627.1,0.05727,3.87846,7.53716,2
1627.2,0.05726,3.87841,7.53716,2
1627.3,0.05726,3.87835,7.53716,2
1627.4,0.05725,3.87829,7.53716,2
1627.5,0.05724,3.87823,7.53716,2
1627.6,0.05723,3.87817,7.53716,2
1627.7,0.05723,3.87811,7.53716,2
1627.8,0.05722,3.87805,7.53716,2
1627.9,0.05721,3.87799,7.53716,2
1628,0.05721,3.87793,7.53716,2
1628.1,0.0572,3.87787,7.53717,2
1628.2,0.05719,3.87781,7.53717,2
1628.3,0.05719,3.87775,7.53717,2
1628.4,0.05718,3.87768,7.53717,2
1628.5,0.05717,3.87762,7.53717,2
1628.6,0.05716,3.87756,7.53717,2
1628.7,0.05716,3.8775,7.53717,2
1628.8,0.05715,3.87743,7.53717,2
1628.9,0.05714,3.87737,7.53717,2
1629,0.05714,3.87731,7.53717,2
1629.1,0.05713,3.87724,7.53717,2
1629.2,0.05712,3.87718,7.53717,2
1629.3,0.05712,3.87711,7.53717,2
1629.4,0.05711,3.87705,7.53717,2
1629.5,0.0571,3.87698,7.53717,2
1629.6,0.05709,3.87692,7.53717,2
1629.7,0.05709,3.87686,7.53717,2
1629.8,0.05708,3.87679,7.53717,2
1629.9,0.05707,3.87672,7.53716,2
1630,0.05707,3.87666,7.53716,2
1630.1,0.05706,3.87659,7.53716,2
1630.2,0.05705,3.87652,7.53716,2
1630.3,0.05705,3.87645,7.53716,2
1630.4,0.05704,3.87639,7.53716,2
1630.5,0.05703,3.87632,7.53716,2
1630.6,0.05703,3.87625,7.53716,2
1630.7,0.05702,3.87619,7.53716,2
1630.8,0.05701,3.87612,7.53716,2
1630.9,0.05701,3.87605,7.53716,2
1631,0.057,3.87598,7.53716,2
1631.1,0.05699,3.87591,7.53716,2
1631.2,0.05699,3.87585,7.53716,2
1631.3,0.05698,3.87578,7.53716,2
1631.4,0.05697,3.87571,7.53716,2
1631.5,0.05697,3.87565,7.53715,2
1631.6,0.05696,3.87558,7.53715,2
1631.7,0.05695,3.87551,7.53715,2
1631.8,0.05695,3.87544,7.53715,2
1631.9,0.05694,3.87537,7.53715,2
1632,0.05693,3.8753,7.53715,2
1632.1,0.05693,3.87523,7.53715,2
1632.2,0.05692,3.87516,7.53715,2
1632.3,0.05692,3.87509,7.53715,2
1632.4,0.05691,3.87502,7.53714,2
1632.5,0.0569,3.87495,7.53714,2
1632.6,0.0569,3.87489,7.53714,2
1632.7,0.05689,3.87482,7.53714,2
1632.8,0.05688,3.87475,7.53714,2
1632.9,0.05688,3.87468,7.53714,2
1633,0.05687,3.87461,7.53714,2
1633.1,0.05686,3.87454,7.53714,2
1633.2,0.05686,3.87447,7.53714,2
1633.3,0.05685,3.8744,7.53713,2
1633.4,0.05685,3.87434,7.53713,2
1633.5,0.05684,3.87427,7.53713,2
1633.6,0.05683,3.8742,7.53713,2
1633.7,0.05683,3.87413,7.53713,2
1633.8,0.05682,3.87406,7.53713,2
1633.9,0.05681,3.87399,7.53713,2
1634,0.05681,3.87392,7.53713,2
1634.1,0.0568,3.87385,7.53713,2
1634.2,0.0568,3.87377,7.53712,2
1634.3,0.05679,3.8737,7.53712,2
1634.4,0.05678,3.87362,7.53712,2
1634.5,0.05678,3.87355,7.53712,2
1634.6,0.05677,3.87348,7.53712,2
1634.7,0.05676,3.8734,7.53712,2
1634.8,0.05676,3.87333,7.53712,2
1634.9,0.05675,3.87325,7.53712,2
1635,0.05675,3.87318,7.53712,2
1635.1,0.05674,3.8731,7.53712,2
1635.2,0.05673,3.87303,7.53711,2
1635.3,0.05673,3.87295,7.53711,2
1635.4,0.05672,3.87287,7.53711,2
1635.5,0.05671,3.87279,7.53711,2
1635.6,0.05671,3.87272,7.53711,2
1635.7,0.0567,3.87264,7.53711,2
1635.8,0.0567,3.87257,7.53711,2
1635.9,0.05669,3.87249,7.53711,2
1636,0.05668,3.87241,7.53711,2
1636.1,0.05668,3.87234,7.53711,2
1636.2,0.05667,3.87225,7.5371,2
1636.3,0.05667,3.87217,7.5371,2
1636.4,0.05666,3.87209,7.5371,2
1636.5,0.05665,3.87201,7.5371,2
1636.6,0.05665,3.87192,7.5371,2
1636.7,0.05664,3.87184,7.5371,2
1636.8,0.05664,3.87176,7.5371,2
1636.9,0.05663,3.87168,7.5371,2
1637,0.05662,3.87159,7.53709,2
1637.1,0.05662,3.87151,7.53709,2
1637.2,0.05661,3.87143,7.53709,2
1637.3,0.05661,3.87135,7.53709,2
1637.4,0.0566,3.87127,7.53709,2
1637.5,0.05659,3.87119,7.53709,2
1637.6,0.05659,3.8711,7.53709,2
1637.7,0.05658,3.87102,7.53708,2
1637.8,0.05658,3.87094,7.53708,2
1637.9,0.05657,3.87086,7.53708,2
1638,0.05657,3.87078,7.53708,2
1638.1,0.05656,3.8707,7.53708,2
1638.2,0.05656,3.87062,7.53708,2
1638.3,0.05655,3.87054,7.53708,2
1638.4,0.05654,3.87046,7.53708,2
1638.5,0.05654,3.87038,7.53707,2
1638.6,0.05653,3.8703,7.53707,2
1638.7,0.05653,3.87022,7.53707,2
1638.8,0.05652,3.87014,7.53707,2
1638.9,0.05652,3.87006,7.53707,2
1639,0.05651,3.86998,7.53707,2
1639.1,0.05651,3.8699,7.53707,2
1639.2,0.0565,3.86981,7.53706,2
1639.3,0.05649,3.86973,7.53706,2
1639.4,0.05649,3.86965,7.53706,2
1639.5,0.05648,3.86957,7.53706,2
1639.6,0.05648,3.86949,7.53706,2
1639.7,0.05647,3.86941,7.53706,2
1639.8,0.05647,3.86934,7.53706,2
1639.9,0.05646,3.86926,7.53705,2
1640,0.05646,3.86918,7.53705,2
1640.1,0.05645,3.8691,7.53705,2
1640.2,0.05645,3.86902,7.53705,2
1640.3,0.05644,3.86894,7.53705,2
1640.4,0.05644,3.86885,7.53705,2
1640.5,0.05643,3.86877,7.53705,2
1640.6,0.05643,3.86869,7.53705,2
1640.7,0.05642,3.86861,7.53704,2
1640.8,0.05642,3.86853,7.53704,2
1640.9,0.05641,3.86845,7.53704,2
1641,0.05641,3.86837,7.53704,2
1641.1,0.0564,3.86829,7.53704,2
1641.2,0.05639,3.86821,7.53704,2
1641.3,0.05639,3.86812,7.53704,2
1641.4,0.05638,3.86804,7.53704,2
1641.5,0.05638,3.86796,7.53704,2
1641.6,0.05637,3.86787,7.53704,2
1641.7,0.05637,3.86779,7.53703,2
1641.8,0.05636,3.86771,7.53703,2
1641.9,0.05636,3.86762,7.53703,2
1642,0.05635,3.86754,7.53703,2
1642.1,0.05635,3.86746,7.53703,2
1642.2,0.05634,3.86738,7.53703,2
1642.3,0.05634,3.8673,7.53703,2
1642.4,0.05633,3.86722,7.53703,2
1642.5,0.05633,3.86713,7.53702,2
1642.6,0.05632,3.86705,7.53702,2
1642.7,0.05632,3.86697,7.53702,2
1642.8,0.05631,3.86689,7.53702,2
1642.9,0.05631,3.8668,7.53702,2
1643,0.0563,3.86672,7.53702,2
1643.1,0.0563,3.86664,7.53702,2
1643.2,0.05629,3.86655,7.53701,2
1643.3,0.05629,3.86647,7.53701,2
1643.4,0.05628,3.86639,7.53701,2
1643.5,0.05628,3.8663,7.53701,2
1643.6,0.05627,3.86622,7.53701,2
1643.7,0.05627,3.86613,7.537,2
1643.8,0.05626,3.86605,7.537,2
1643.9,0.05626,3.86596,7.537,2
1644,0.05625,3.86588,7.537,2
1644.1,0.05625,3.86579,7.537,2
1644.2,0.05624,3.8657,7.537,2
1644.3,0.05624,3.86562,7.53699,2
1644.4,0.05623,3.86553,7.53699,2
1644.5,0.05623,3.86544,7.53699,2
1644.6,0.05622,3.86536,7.53699,2
1644.7,0.05622,3.86527,7.53699,2
1644.8,0.05621,3.86518,7.53698,2
1644.9,0.05621,3.86509,7.53698,2
1645,0.0562,3.86501,7.53698,2
1645.1,0.0562,3.86492,7.53698,2
1645.2,0.0562,3.86483,7.53697,2
1645.3,0.05619,3.86474,7.53697,2
1645.4,0.05619,3.86465,7.53697,2
1645.5,0.05618,3.86457,7.53697,2
1645.6,0.05618,3.86448,7.53697,2
1645.7,0.05617,3.86439,7.53696,2
1645.8,0.05617,3.8643,7.53696,2
1645.9,0.05616,3.86422,7.53696,2
1646,0.05616,3.86413,7.53696,2
1646.1,0.05615,3.86404,7.53696,2
1646.2,0.05615,3.86395,7.53695,2
1646.3,0.05614,3.86387,7.53695,2
1646.4,0.05614,3.86378,7.53695,2
1646.5,0.05614,3.86369,7.53694,2
1646.6,0.05613,3.86361,7.53694,2
1646.7,0.05613,3.86352,7.53694,2
1646.8,0.05612,3.86343,7.53694,2
1646.9,0.05612,3.86334,7.53693,2
1647,0.05611,3.86325,7.53693,2
1647.1,0.05611,3.86317,7.53693,2
1647.2,0.0561,3.86308,7.53693,2
1647.3,0.0561,3.86299,7.53692,2
1647.4,0.0561,3.8629,7.53692,2
1647.5,0.05609,3.86282,7.53692,2
1647.6,0.05609,3.86273,7.53691,2
1647.7,0.05608,3.86264,7.53691,2
1647.8,0.05608,3.86255,7.53691,2
1647.9,0.05607,3.86246,7.53691,2
1648,0.05607,3.86237,7.5369,2
1648.1,0.05607,3.86228,7.5369,2
1648.2,0.05606,3.86219,7.5369,2
1648.3,0.05606,3.86211,7.53689,2
1648.4,0.05605,3.86202,7.53689,2
1648.5,0.05605,3.86193,7.53689,2
1648.6,0.05604,3.86184,7.53688,2
1648.7,0.05604,3.86175,7.53688,2
1648.8,0.05604,3.86166,7.53688,2
1648.9,0.05603,3.86157,7.53688,2
1649,0.05603,3.86148,7.53687,2
1649.1,0.05602,3.86139,7.53687,2
1649.2,0.05602,3.8613,7.53687,2
1649.3,0.05602,3.86121,7.53686,2
1649.4,0.05601,3.86112,7.53686,2
1649.5,0.05601,3.86103,7.53686,2
1649.6,0.056,3.86094,7.53685,2
1649.7,0.056,3.86085,7.53685,2
1649.8,0.056,3.86076,7.53685,2
1649.9,0.05599,3.86067,7.53685,2
1650,0.05599,3.86058,7.53685,2
1650.1,0.05598,3.86049,7.53684,2
1650.2,0.05598,3.8604,7.53684,2
1650.3,0.05598,3.86031,7.53684,2
1650.4,0.05597,3.86022,7.53684,2
1650.5,0.05597,3.86013,7.53684,2
1650.6,0.05596,3.86004,7.53684,2
1650.7,0.05596,3.85995,7.53684,2
1650.8,0.05595,3.85986,7.53683,2
1650.9,0.05595,3.85977,7.53683,2
1651,0.05595,3.85968,7.53683,2
1651.1,0.05594,3.85959,7.53683,2
1651.2,0.05594,3.8595,7.53683,2
1651.3,0.05593,3.85941,7.53682,2
1651.4,0.05593,3.85931,7.53682,2
1651.5,0.05593,3.85922,7.53682,2
1651.6,0.05592,3.85913,7.53682,2
1651.7,0.05592,3.85903,7.53681,2
1651.8,0.05591,3.85894,7.53681,2
1651.9,0.05591,3.85885,7.53681,2
1652,0.05591,3.85875,7.53681,2
1652.1,0.0559,3.85866,7.5368,2
1652.2,0.0559,3.85856,7.5368,2
1652.3,0.05589,3.85847,7.5368,2
1652.4,0.05589,3.85837,7.5368,2
1652.5,0.05589,3.85827,7.5368,2
1652.6,0.05588,3.85818,7.53679,2
1652.7,0.05588,3.85808,7.53679,2
1652.8,0.05587,3.85798,7.53679,2
1652.9,0.05587,3.85788,7.53679,2
1653,0.05587,3.85779,7.53678,2
1653.1,0.05586,3.85769,7.53678,2
1653.2,0.05586,3.85759,7.53678,2
1653.3,0.05586,3.85749,7.53678,2
1653.4,0.05585,3.85739,7.53678,2
1653.5,0.05585,3.85729,7.53677,2
1653.6,0.05584,3.85719,7.53677,2
1653.7,0.05584,3.85709,7.53677,2
1653.8,0.05584,3.85699,7.53677,2
1653.9,0.05583,3.85689,7.53677,2
1654,0.05583,3.85679,7.53676,2
1654.1,0.05583,3.8567,7.53676,2
1654.2,0.05582,3.8566,7.53676,2
1654.3,0.05582,3.8565,7.53676,2
1654.4,0.05581,3.8564,7.53676,2
1654.5,0.05581,3.85631,7.53676,2
1654.6,0.05581,3.85621,7.53675,2
1654.7,0.0558,3.85612,7.53675,2
1654.8,0.0558,3.85602,7.53675,2
1654.9,0.0558,3.85593,7.53675,2
1655,0.05579,3.85583,7.53675,2
1655.1,0.05579,3.85574,7.53675,2
1655.2,0.05578,3.85564,7.53675,2
1655.3,0.05578,3.85554,7.53674,2
1655.4,0.05578,3.85544,7.53674,2
1655.5,0.05577,3.85534,7.53674,2
1655.6,0.05577,3.85525,7.53674,2
1655.7,0.05577,3.85515,7.53674,2
1655.8,0.05576,3.85505,7.53674,2
1655.9,0.05576,3.85495,7.53674,2
1656,0.05576,3.85485,7.53674,2
1656.1,0.05575,3.85475,7.53674,2
1656.2,0.05575,3.85465,7.53673,2
1656.3,0.05575,3.85456,7.53673,2
1656.4,0.05574,3.85446,7.53673,2
1656.5,0.05574,3.85436,7.53673,2
1656.6,0.05574,3.85426,7.53673,2
1656.7,0.05573,3.85416,7.53673,2
1656.8,0.05573,3.85406,7.53673,2
1656.9,0.05572,3.85396,7.53673,2
1657,0.05572,3.85386,7.53673,2
1657.1,0.05572,3.85376,7.53673,2
1657.2,0.05571,3.85366,7.53673,2
1657.3,0.05571,3.85356,7.53673,2
1657.4,0.05571,3.85346,7.53673,2
1657.5,0.0557,3.85336,7.53673,2
1657.6,0.0557,3.85326,7.53673,2
1657.7,0.0557,3.85316,7.53673,2
1657.8,0.05569,3.85306,7.53673,2
1657.9,0.05569,3.85296,7.53673,2
1658,0.05569,3.85285,7.53673,2
1658.1,0.05568,3.85275,7.53673,2
1658.2,0.05568,3.85265,7.53673,2
1658.3,0.05568,3.85255,7.53673,2
1658.4,0.05567,3.85245,7.53673,2
1658.5,0.05567,3.85235,7.53673,2
1658.6,0.05567,3.85225,7.53672,2
1658.7,0.05566,3.85215,7.53672,2
1658.8,0.05566,3.85205,7.53672,2
1658.9,0.05566,3.85195,7.53672,2
1659,0.05565,3.85184,7.53672,2
1659.1,0.05565,3.85174,7.53672,2
1659.2,0.05565,3.85164,7.53672,2
1659.3,0.05564,3.85154,7.53672,2
1659.4,0.05564,3.85144,7.53672,2
1659.5,0.05563,3.85134,7.53672,2
1659.6,0.05563,3.85123,7.53672,2
1659.7,0.05563,3.85113,7.53672,2
1659.8,0.05562,3.85103,7.53672,2
1659.9,0.05562,3.85093,7.53672,2
1660,0.05562,3.85083,7.53672,2
1660.1,0.05561,3.85072,7.53672,2
1660.2,0.05561,3.85062,7.53672,2
1660.3,0.05561,3.85052,7.53672,2
1660.4,0.0556,3.85042,7.53672,2
1660.5,0.0556,3.85031,7.53672,2
1660.6,0.0556,3.85021,7.53672,2
1660.7,0.05559,3.85011,7.53672,2
1660.8,0.05559,3.85,7.53672,2
1660.9,0.05559,3.8499,7.53672,2
1661,0.05558,3.8498,7.53672,2
1661.1,0.05558,3.84969,7.53672,2
1661.2,0.05558,3.84959,7.53672,2
1661.3,0.05557,3.84949,7.53672,2
1661.4,0.05557,3.84939,7.53671,2
1661.5,0.05557,3.84928,7.53671,2
1661.6,0.05556,3.84918,7.53671,2
1661.7,0.05556,3.84908,7.53671,2
1661.8,0.05556,3.84897,7.53671,2
1661.9,0.05555,3.84887,7.53671,2
1662,0.05555,3.84877,7.53671,2
1662.1,0.05555,3.84866,7.53671,2
1662.2,0.05554,3.84856,7.53671,2
1662.3,0.05554,3.84845,7.5367,2
1662.4,0.05554,3.84835,7.5367,2
1662.5,0.05553,3.84825,7.5367,2
1662.6,0.05553,3.84814,7.5367,2
1662.7,0.05553,3.84804,7.5367,2
1662.8,0.05553,3.84793,7.5367,2
1662.9,0.05552,3.84783,7.5367,2
1663,0.05552,3.84773,7.5367,2
1663.1,0.05552,3.84762,7.53669,2
1663.2,0.05551,3.84752,7.53669,2
1663.3,0.05551,3.84741,7.53669,2
1663.4,0.05551,3.84731,7.53669,2
1663.5,0.0555,3.84721,7.53669,2
1663.6,0.0555,3.8471,7.53669,2
1663.7,0.0555,3.847,7.53669,2
1663.8,0.05549,3.84689,7.53669,2
1663.9,0.05549,3.84679,7.53668,2
1664,0.05549,3.84668,7.53668,2
1664.1,0.05549,3.84658,7.53668,2
1664.2,0.05548,3.84647,7.53668,2
1664.3,0.05548,3.84637,7.53668,2
1664.4,0.05548,3.84627,7.53668,2
1664.5,0.05547,3.84617,7.53668,2
1664.6,0.05547,3.84606,7.53667,2
1664.7,0.05547,3.84596,7.53667,2
1664.8,0.05546,3.84586,7.53667,2
1664.9,0.05546,3.84575,7.53667,2
1665,0.05546,3.84565,7.53667,2
1665.1,0.05546,3.84555,7.53667,2
1665.2,0.05545,3.84544,7.53666,2
1665.3,0.05545,3.84534,7.53666,2
1665.4,0.05545,3.84524,7.53666,2
1665.5,0.05544,3.84513,7.53666,2
1665.6,0.05544,3.84503,7.53666,2
1665.7,0.05544,3.84493,7.53665,2
1665.8,0.05543,3.84483,7.53665,2
1665.9,0.05543,3.84472,7.53665,2
1666,0.05543,3.84462,7.53665,2
1666.1,0.05543,3.84451,7.53665,2
1666.2,0.05542,3.84441,7.53665,2
1666.3,0.05542,3.84431,7.53664,2
1666.4,0.05542,3.8442,7.53664,2
1666.5,0.05541,3.8441,7.53664,2
1666.6,0.05541,3.84399,7.53664,2
1666.7,0.05541,3.84389,7.53664,2
1666.8,0.0554,3.84378,7.53664,2
1666.9,0.0554,3.84368,7.53663,2
1667,0.0554,3.84357,7.53663,2
1667.1,0.0554,3.84347,7.53663,2
1667.2,0.05539,3.84336,7.53663,2
1667.3,0.05539,3.84326,7.53663,2
1667.4,0.05539,3.84315,7.53662,2
1667.5,0.05538,3.84304,7.53662,2
1667.6,0.05538,3.84294,7.53662,2
1667.7,0.05538,3.84283,7.53662,2
1667.8,0.05537,3.84273,7.53662,2
1667.9,0.05537,3.84262,7.53662,2
1668,0.05537,3.84252,7.53661,2
1668.1,0.05537,3.84241,7.53661,2
1668.2,0.05536,3.8423,7.53661,2
1668.3,0.05536,3.84219,7.53661,2
1668.4,0.05536,3.84209,7.53661,2
1668.5,0.05535,3.84198,7.5366,2
1668.6,0.05535,3.84187,7.5366,2
1668.7,0.05535,3.84176,7.5366,2
1668.8,0.05534,3.84165,7.5366,2
1668.9,0.05534,3.84155,7.5366,2
1669,0.05534,3.84144,7.5366,2
1669.1,0.05533,3.84133,7.53659,2
1669.2,0.05533,3.84123,7.53659,2
1669.3,0.05533,3.84112,7.53659,2
1669.4,0.05532,3.84101,7.53659,2
1669.5,0.05532,3.8409,7.53659,2
1669.6,0.05532,3.8408,7.53658,2
1669.7,0.05531,3.84069,7.53658,2
1669.8,0.05531,3.84058,7.53658,2
1669.9,0.05531,3.84047,7.53658,2
1670,0.05531,3.84036,7.53658,2
1670.1,0.0553,3.84025,7.53658,2
1670.2,0.0553,3.84014,7.53657,2
1670.3,0.0553,3.84003,7.53657,2
1670.4,0.05529,3.83992,7.53657,2
1670.5,0.05529,3.83981,7.53657,2
1670.6,0.05529,3.8397,7.53657,2
1670.7,0.05528,3.83959,7.53657,2
1670.8,0.05528,3.83948,7.53656,2
1670.9,0.05528,3.83938,7.53656,2
1671,0.05527,3.83927,7.53656,2
1671.1,0.05527,3.83916,7.53656,2
1671.2,0.05527,3.83904,7.53656,2
1671.3,0.05526,3.83893,7.53656,2
1671.4,0.05526,3.83882,7.53656,2
1671.5,0.05526,3.83871,7.53656,2
1671.6,0.05525,3.8386,7.53656,2
1671.7,0.05525,3.83849,7.53656,2
1671.8,0.05525,3.83838,7.53655,2
1671.9,0.05524,3.83827,7.53655,2
1672,0.05524,3.83816,7.53655,2
1672.1,0.05524,3.83805,7.53655,2
1672.2,0.05523,3.83794,7.53655,2
1672.3,0.05523,3.83783,7.53655,2
1672.4,0.05523,3.83772,7.53655,2
1672.5,0.05523,3.83761,7.53655,2
1672.6,0.05522,3.8375,7.53655,2
1672.7,0.05522,3.83739,7.53654,2
1672.8,0.05522,3.83728,7.53654,2
1672.9,0.05521,3.83717,7.53654,2
1673,0.05521,3.83706,7.53654,2
1673.1,0.05521,3.83695,7.53654,2
1673.2,0.0552,3.83684,7.53654,2
1673.3,0.0552,3.83673,7.53654,2
1673.4,0.0552,3.83663,7.53654,2
1673.5,0.0552,3.83652,7.53654,2
1673.6,0.05519,3.83641,7.53653,2
1673.7,0.05519,3.8363,7.53653,2
1673.8,0.05519,3.83619,7.53653,2
1673.9,0.05518,3.83608,7.53653,2
1674,0.05518,3.83597,7.53653,2
1674.1,0.05518,3.83586,7.53653,2
1674.2,0.05517,3.83575,7.53653,2
1674.3,0.05517,3.83564,7.53653,2
1674.4,0.05517,3.83553,7.53652,2
1674.5,0.05516,3.83542,7.53652,2
1674.6,0.05516,3.83531,7.53652,2
1674.7,0.05516,3.8352,7.53652,2
1674.8,0.05516,3.83509,7.53652,2
1674.9,0.05515,3.83498,7.53652,2
1675,0.05515,3.83487,7.53652,2
1675.1,0.05515,3.83476,7.53652,2
1675.2,0.05514,3.83465,7.53652,2
1675.3,0.05514,3.83454,7.53652,2
1675.4,0.05514,3.83443,7.53652,2
1675.5,0.05513,3.83432,7.53652,2
1675.6,0.05513,3.83421,7.53652,2
1675.7,0.05513,3.8341,7.53651,2
1675.8,0.05512,3.83399,7.53651,2
1675.9,0.05512,3.83389,7.53651,2
1676,0.05512,3.83378,7.53651,2
1676.1,0.05511,3.83367,7.53651,2
1676.2,0.05511,3.83356,7.53651,2
1676.3,0.05511,3.83345,7.53651,2
1676.4,0.0551,3.83334,7.53651,2
1676.5,0.0551,3.83323,7.53651,2
1676.6,0.0551,3.83312,7.53651,2
1676.7,0.0551,3.83301,7.53651,2
1676.8,0.05509,3.8329,7.53651,2
1676.9,0.05509,3.83279,7.53651,2
1677,0.05509,3.83268,7.5365,2
1677.1,0.05508,3.83257,7.5365,2
1677.2,0.05508,3.83246,7.5365,2
1677.3,0.05508,3.83236,7.5365,2
1677.4,0.05507,3.83225,7.5365,2
1677.5,0.05507,3.83214,7.5365,2
1677.6,0.05507,3.83203,7.5365,2
1677.7,0.05507,3.83192,7.5365,2
1677.8,0.05506,3.83181,7.5365,2
1677.9,0.05506,3.8317,7.5365,2
1678,0.05506,3.8316,7.5365,2
1678.1,0.05505,3.83149,7.53649,2
1678.2,0.05505,3.83138,7.53649,2
1678.3,0.05505,3.83127,7.53649,2
1678.4,0.05504,3.83117,7.53649,2
1678.5,0.05504,3.83106,7.53649,2
1678.6,0.05504,3.83095,7.53649,2
1678.7,0.05503,3.83084,7.53649,2
1678.8,0.05503,3.83073,7.53649,2
1678.9,0.05503,3.83062,7.53648,2
1679,0.05503,3.83052,7.53648,2
1679.1,0.05502,3.83041,7.53648,2
1679.2,0.05502,3.8303,7.53648,2
1679.3,0.05502,3.8302,7.53648,2
1679.4,0.05501,3.83009,7.53648,2
1679.5,0.05501,3.82998,7.53648,2
1679.6,0.05501,3.82988,7.53648,2
1679.7,0.055,3.82977,7.53647,2
1679.8,0.055,3.82966,7.53647,2
1679.9,0.055,3.82956,7.53647,2
1680,0.05499,3.82945,7.53647,2
1680.1,0.05499,3.82934,7.53647,2
1680.2,0.05499,3.82924,7.53647,2
1680.3,0.05498,3.82913,7.53646,2
1680.4,0.05498,3.82902,7.53646,2
1680.5,0.05498,3.82892,7.53646,2
1680.6,0.05497,3.82881,7.53646,2
1680.7,0.05497,3.82871,7.53646,2
1680.8,0.05497,3.8286,7.53646,2
1680.9,0.05496,3.82849,7.53645,2
1681,0.05496,3.82839,7.53645,2
1681.1,0.05496,3.82828,7.53645,2
1681.2,0.05495,3.82817,7.53645,2
1681.3,0.05495,3.82807,7.53645,2
1681.4,0.05495,3.82796,7.53645,2
1681.5,0.05494,3.82786,7.53645,2
1681.6,0.05494,3.82775,7.53644,2
1681.7,0.05494,3.82765,7.53644,2
1681.8,0.05493,3.82754,7.53644,2
1681.9,0.05493,3.82744,7.53644,2
1682,0.05493,3.82733,7.53644,2
1682.1,0.05492,3.82723,7.53644,2
1682.2,0.05492,3.82712,7.53644,2
1682.3,0.05492,3.82702,7.53644,2
1682.4,0.05491,3.82691,7.53643,2
1682.5,0.05491,3.82681,7.53643,2
1682.6,0.05491,3.8267,7.53643,2
1682.7,0.0549,3.8266,7.53643,2
1682.8,0.0549,3.8265,7.53643,2
1682.9,0.0549,3.82639,7.53643,2
1683,0.05489,3.82629,7.53643,2
1683.1,0.05489,3.82619,7.53643,2
1683.2,0.05488,3.82608,7.53643,2
1683.3,0.05488,3.82598,7.53642,2
1683.4,0.05488,3.82587,7.53642,2
1683.5,0.05487,3.82577,7.53642,2
1683.6,0.05487,3.82566,7.53642,2
1683.7,0.05486,3.82556,7.53642,2
1683.8,0.05486,3.82545,7.53642,2
1683.9,0.05486,3.82535,7.53642,2
1684,0.05485,3.82524,7.53642,2
1684.1,0.05485,3.82514,7.53642,2
1684.2,0.05485,3.82503,7.53642,2
1684.3,0.05484,3.82492,7.53642,2
1684.4,0.05484,3.82482,7.53641,2
1684.5,0.05483,3.8247,7.53641,2
1684.6,0.05483,3.82459,7.53641,2
1684.7,0.05483,3.82449,7.53641,2
1684.8,0.05482,3.82438,7.53641,2
1684.9,0.05482,3.82427,7.53641,2
1685,0.05482,3.82417,7.53641,2
1685.1,0.05481,3.82406,7.53641,2
1685.2,0.05481,3.82395,7.53641,2
1685.3,0.0548,3.82385,7.53641,2
1685.4,0.0548,3.82374,7.53641,2
1685.5,0.0548,3.82364,7.53641,2
1685.6,0.05479,3.82353,7.53641,2
1685.7,0.05479,3.82343,7.53641,2
1685.8,0.05479,3.82333,7.53641,2
1685.9,0.05478,3.82323,7.53641,2
1686,0.05478,3.82312,7.53641,2
1686.1,0.05477,3.82302,7.53641,2
1686.2,0.05477,3.82292,7.53641,2
1686.3,0.05477,3.82281,7.53641,2
1686.4,0.05476,3.82271,7.53641,2
1686.5,0.05476,3.82261,7.53641,2
1686.6,0.05476,3.82251,7.53641,2
1686.7,0.05475,3.82241,7.53641,2
1686.8,0.05475,3.82231,7.53641,2
1686.9,0.05475,3.8222,7.53641,2
1687,0.05475,3.8221,7.53641,2
1687.1,0.05474,3.822,7.53641,2
1687.2,0.05474,3.8219,7.53641,2
1687.3,0.05474,3.8218,7.53641,2
1687.4,0.05473,3.8217,7.53641,2
1687.5,0.05473,3.8216,7.53641,2
1687.6,0.05473,3.8215,7.53641,2
1687.7,0.05472,3.8214,7.53641,2
1687.8,0.05472,3.8213,7.53641,2
1687.9,0.05472,3.8212,7.53641,2
1688,0.05472,3.8211,7.53641,2
1688.1,0.05471,3.821,7.53641,2
1688.2,0.05471,3.8209,7.53641,2
1688.3,0.05471,3.8208,7.53641,2
1688.4,0.0547,3.8207,7.53641,2
1688.5,0.0547,3.8206,7.53641,2
1688.6,0.0547,3.82051,7.53641,2
1688.7,0.05469,3.82041,7.53641,2
1688.8,0.05469,3.82031,7.53641,2
1688.9,0.05469,3.82022,7.53641,2
1689,0.05468,3.82012,7.53641,2
1689.1,0.05468,3.82002,7.53641,2
1689.2,0.05468,3.81993,7.53641,2
1689.3,0.05468,3.81983,7.53641,2
1689.4,0.05467,3.81973,7.53641,2
1689.5,0.05467,3.81963,7.53641,2
1689.6,0.05467,3.81953,7.53641,2
1689.7,0.05466,3.81943,7.53641,2
1689.8,0.05466,3.81933,7.53641,2
1689.9,0.05466,3.81924,7.53641,2
1690,0.05465,3.81914,7.53641,2
1690.1,0.05465,3.81904,7.53641,2
1690.2,0.05465,3.81894,7.53641,2
1690.3,0.05465,3.81885,7.53641,2
1690.4,0.05464,3.81875,7.53641,2
1690.5,0.05464,3.81866,7.53641,2
1690.6,0.05464,3.81856,7.53641,2
1690.7,0.05463,3.81847,7.53641,2
1690.8,0.05463,3.81837,7.5364,2
1690.9,0.05463,3.81828,7.5364,2
1691,0.05463,3.81818,7.5364,2
1691.1,0.05462,3.81809,7.5364,2
1691.2,0.05462,3.818,7.5364,2
1691.3,0.05462,3.8179,7.5364,2
1691.4,0.05462,3.81781,7.5364,2
1691.5,0.05461,3.81772,7.5364,2
1691.6,0.05461,3.81763,7.5364,2
1691.7,0.05461,3.81753,7.5364,2
1691.8,0.05461,3.81745,7.5364,2
1691.9,0.0546,3.81736,7.5364,2
1692,0.0546,3.81727,7.5364,2
1692.1,0.0546,3.81718,7.5364,2
1692.2,0.05459,3.81709,7.5364,2
1692.3,0.05459,3.817,7.5364,2
1692.4,0.05459,3.81691,7.5364,2
1692.5,0.05459,3.81683,7.53639,2
1692.6,0.05458,3.81674,7.53639,2
1692.7,0.05458,3.81665,7.53639,2
1692.8,0.05458,3.81657,7.53639,2
1692.9,0.05458,3.81648,7.53639,2
1693,0.05457,3.81639,7.53639,2
1693.1,0.05457,3.8163,7.53639,2
1693.2,0.05457,3.81622,7.53639,2
1693.3,0.05456,3.81613,7.53639,2
1693.4,0.05456,3.81604,7.53639,2
1693.5,0.05456,3.81596,7.53639,2
1693.6,0.05456,3.81587,7.53639,2
1693.7,0.05455,3.81578,7.53639,2
1693.8,0.05455,3.81569,7.53638,2
1693.9,0.05455,3.81561,7.53638,2
1694,0.05454,3.81552,7.53638,2
1694.1,0.05454,3.81543,7.53638,2
1694.2,0.05454,3.81534,7.53638,2
1694.3,0.05454,3.81525,7.53638,2
1694.4,0.05453,3.81517,7.53638,2
1694.5,0.05453,3.81508,7.53638,2
1694.6,0.05453,3.81499,7.53638,2
1694.7,0.05452,3.81491,7.53638,2
1694.8,0.05452,3.81482,7.53638,2
1694.9,0.05452,3.81473,7.53638,2
1695,0.05452,3.81465,7.53637,2
1695.1,0.05451,3.81456,7.53637,2
1695.2,0.05451,3.81447,7.53637,2
1695.3,0.05451,3.81438,7.53637,2
1695.4,0.0545,3.8143,7.53637,2
1695.5,0.0545,3.81421,7.53637,2
1695.6,0.0545,3.81412,7.53637,2
1695.7,0.05449,3.81404,7.53637,2
1695.8,0.05449,3.81395,7.53637,2
1695.9,0.05449,3.81386,7.53637,2
1696,0.05449,3.81378,7.53636,2
1696.1,0.05448,3.81369,7.53636,2
1696.2,0.05448,3.8136,7.53636,2
1696.3,0.05448,3.81352,7.53636,2
1696.4,0.05447,3.81343,7.53636,2
1696.5,0.05447,3.81335,7.53636,2
1696.6,0.05447,3.81326,7.53636,2
1696.7,0.05447,3.81317,7.53636,2
1696.8,0.05446,3.81309,7.53636,2
1696.9,0.05446,3.813,7.53636,2
1697,0.05446,3.81292,7.53636,2
1697.1,0.05445,3.81283,7.53635,2
1697.2,0.05445,3.81275,7.53635,2
1697.3,0.05445,3.81267,7.53635,2
1697.4,0.05445,3.81258,7.53635,2
1697.5,0.05444,3.8125,7.53635,2
1697.6,0.05444,3.81242,7.53635,2
1697.7,0.05444,3.81234,7.53635,2
1697.8,0.05443,3.81225,7.53635,2
1697.9,0.05443,3.81217,7.53635,2
1698,0.05443,3.81209,7.53634,2
1698.1,0.05443,3.81201,7.53634,2
1698.2,0.05442,3.81193,7.53634,2
1698.3,0.05442,3.81185,7.53634,2
1698.4,0.05442,3.81177,7.53634,2
1698.5,0.05441,3.81169,7.53634,2
1698.6,0.05441,3.81161,7.53634,2
1698.7,0.05441,3.81153,7.53634,2
1698.8,0.05441,3.81145,7.53633,2
1698.9,0.0544,3.81137,7.53633,2
1699,0.0544,3.81129,7.53633,2
1699.1,0.0544,3.81121,7.53633,2
1699.2,0.05439,3.81113,7.53633,2
1699.3,0.05439,3.81106,7.53633,2
1699.4,0.05439,3.81098,7.53633,2
1699.5,0.05438,3.8109,7.53633,2
1699.6,0.05438,3.81083,7.53632,2
1699.7,0.05438,3.81075,7.53632,2
1699.8,0.05438,3.81067,7.53632,2
1699.9,0.05437,3.81059,7.53632,2
1700,0.05437,3.81051,7.53632,2
1700.1,0.05437,3.81045,7.53632,2
1700.2,0.05436,3.81039,7.53632,2
1700.3,0.05436,3.81033,7.53632,2
1700.4,0.05436,3.81026,7.53632,2
1700.5,0.05435,3.8102,7.53632,2
1700.6,0.05435,3.81014,7.53632,2
1700.7,0.05435,3.81008,7.53632,2
1700.8,0.05435,3.81002,7.53632,2
1700.9,0.05434,3.80996,7.53632,2
1701,0.05434,3.8099,7.53632,2
1701.1,0.05434,3.80983,7.53632,2
1701.2,0.05433,3.80977,7.53632,2
1701.3,0.05433,3.80971,7.53632,2
1701.4,0.05433,3.80965,7.53631,2
1701.5,0.05433,3.80959,7.53631,2
1701.6,0.05432,3.80953,7.53631,2
1701.7,0.05432,3.80947,7.53631,2
1701.8,0.05432,3.80941,7.53631,2
1701.9,0.05431,3.80935,7.53631,2
1702,0.05431,3.80929,7.53631,2
1702.1,0.05431,3.80923,7.53631,2
1702.2,0.0543,3.80918,7.53631,2
1702.3,0.0543,3.80912,7.53631,2
1702.4,0.0543,3.80906,7.53631,2
1702.5,0.0543,3.809,7.53631,2
1702.6,0.05429,3.80894,7.53631,2
1702.7,0.05429,3.80888,7.53631,2
1702.8,0.05429,3.80882,7.53631,2
1702.9,0.05428,3.80877,7.53631,2
1703,0.05428,3.80871,7.53631,2
1703.1,0.05428,3.80865,7.53631,2
1703.2,0.05428,3.80859,7.53631,2
1703.3,0.05427,3.80854,7.53631,2
1703.4,0.05427,3.80848,7.5363,2
1703.5,0.05427,3.80842,7.5363,2
1703.6,0.05426,3.80836,7.5363,2
1703.7,0.05426,3.80831,7.5363,2
1703.8,0.05426,3.80825,7.5363,2
1703.9,0.05425,3.8082,7.5363,2
1704,0.05425,3.80814,7.5363,2
1704.1,0.05425,3.80808,7.5363,2
1704.2,0.05425,3.80803,7.5363,2
1704.3,0.05424,3.80797,7.5363,2
1704.4,0.05424,3.80792,7.5363,2
1704.5,0.05424,3.80786,7.5363,2
1704.6,0.05423,3.80781,7.5363,2
1704.7,0.05423,3.80775,7.5363,2
1704.8,0.05423,3.8077,7.5363,2
1704.9,0.05423,3.80764,7.5363,2
1705,0.05422,3.80759,7.5363,2
1705.1,0.05422,3.80753,7.5363,2
1705.2,0.05422,3.80748,7.5363,2
1705.3,0.05421,3.80742,7.5363,2
1705.4,0.05421,3.80737,7.5363,2
1705.5,0.05421,3.80732,7.53629,2
1705.6,0.0542,3.80726,7.53629,2
1705.7,0.0542,3.80721,7.53629,2
1705.8,0.0542,3.80715,7.53629,2
1705.9,0.0542,3.8071,7.53629,2
1706,0.05419,3.80705,7.53629,2
1706.1,0.05419,3.807,7.53629,2
1706.2,0.05419,3.80694,7.53629,2
1706.3,0.05418,3.80689,7.53629,2
1706.4,0.05418,3.80684,7.53629,2
1706.5,0.05418,3.80679,7.53629,2
1706.6,0.05417,3.80673,7.53629,2
1706.7,0.05417,3.80668,7.53629,2
1706.8,0.05417,3.80663,7.53629,2
1706.9,0.05417,3.80658,7.53629,2
1707,0.05416,3.80653,7.53629,2
1707.1,0.05416,3.80648,7.53629,2
1707.2,0.05416,3.80642,7.53629,2
1707.3,0.05415,3.80637,7.53629,2
1707.4,0.05415,3.80632,7.53629,2
1707.5,0.05415,3.80627,7.53629,2
1707.6,0.05415,3.80622,7.53629,2
1707.7,0.05414,3.80617,7.53629,2
1707.8,0.05414,3.80612,7.53628,2
1707.9,0.05414,3.80607,7.53628,2
1708,0.05413,3.80602,7.53628,2
1708.1,0.05413,3.80597,7.53628,2
1708.2,0.05413,3.80592,7.53628,2
1708.3,0.05412,3.80587,7.53628,2
1708.4,0.05412,3.80582,7.53628,2
1708.5,0.05412,3.80577,7.53628,2
1708.6,0.05412,3.80572,7.53628,2
1708.7,0.05411,3.80567,7.53628,2
1708.8,0.05411,3.80562,7.53628,2
1708.9,0.05411,3.80558,7.53628,2
1709,0.0541,3.80553,7.53628,2
1709.1,0.0541,3.80548,7.53628,2
1709.2,0.0541,3.80543,7.53628,2
1709.3,0.05409,3.80538,7.53628,2
1709.4,0.05409,3.80533,7.53628,2
1709.5,0.05409,3.80529,7.53628,2
1709.6,0.05409,3.80524,7.53628,2
1709.7,0.05408,3.80519,7.53628,2
1709.8,0.05408,3.80514,7.53628,2
1709.9,0.05408,3.8051,7.53628,2
1710,0.05407,3.80505,7.53628,2
1710.1,0.05407,3.805,7.53628,2
1710.2,0.05407,3.80496,7.53628,2
1710.3,0.05406,3.80491,7.53628,2
1710.4,0.05406,3.80486,7.53628,2
1710.5,0.05406,3.80482,7.53627,2
1710.6,0.05406,3.80477,7.53627,2
1710.7,0.05405,3.80472,7.53627,2
1710.8,0.05405,3.80468,7.53627,2
1710.9,0.05405,3.80463,7.53627,2
1711,0.05404,3.80459,7.53627,2
1711.1,0.05404,3.80454,7.53627,2
1711.2,0.05404,3.80449,7.53627,2
1711.3,0.05403,3.80445,7.53627,2
1711.4,0.05403,3.8044,7.53627,2
1711.5,0.05403,3.80436,7.53627,2
1711.6,0.05403,3.80431,7.53627,2
1711.7,0.05402,3.80427,7.53627,2
1711.8,0.05402,3.80422,7.53627,2
1711.9,0.05402,3.80418,7.53627,2
1712,0.05401,3.80414,7.53627,2
1712.1,0.05401,3.80409,7.53627,2
1712.2,0.05401,3.80405,7.53627,2
1712.3,0.054,3.804,7.53627,2
1712.4,0.054,3.80396,7.53627,2
1712.5,0.054,3.80392,7.53627,2
1712.6,0.054,3.80387,7.53627,2
1712.7,0.05399,3.80383,7.53627,2
1712.8,0.05399,3.80378,7.53627,2
1712.9,0.05399,3.80374,7.53627,2
1713,0.05398,3.8037,7.53626,2
1713.1,0.05398,3.80366,7.53626,2
1713.2,0.05398,3.80361,7.53626,2
1713.3,0.05397,3.80357,7.53626,2
1713.4,0.05397,3.80353,7.53626,2
1713.5,0.05397,3.80348,7.53626,2
1713.6,0.05396,3.80344,7.53626,2
1713.7,0.05396,3.8034,7.53626,2
1713.8,0.05396,3.80336,7.53626,2
1713.9,0.05396,3.80332,7.53626,2
1714,0.05395,3.80327,7.53626,2
1714.1,0.05395,3.80323,7.53626,2
1714.2,0.05395,3.80319,7.53626,2
1714.3,0.05394,3.80315,7.53626,2
1714.4,0.05394,3.80311,7.53626,2
1714.5,0.05394,3.80307,7.53626,2
1714.6,0.05393,3.80303,7.53626,2
1714.7,0.05393,3.80299,7.53626,2
1714.8,0.05393,3.80294,7.53626,2
1714.9,0.05393,3.8029,7.53626,2
1715,0.05392,3.80286,7.53626,2
1715.1,0.05392,3.80282,7.53626,2
1715.2,0.05392,3.80278,7.53626,2
1715.3,0.05391,3.80274,7.53626,2
1715.4,0.05391,3.8027,7.53626,2
1715.5,0.05391,3.80266,7.53625,2
1715.6,0.0539,3.80262,7.53625,2
1715.7,0.0539,3.80258,7.53625,2
1715.8,0.0539,3.80254,7.53625,2
1715.9,0.05389,3.8025,7.53625,2
1716,0.05389,3.80246,7.53625,2
1716.1,0.05389,3.80242,7.53625,2
1716.2,0.05389,3.80239,7.53625,2
1716.3,0.05388,3.80235,7.53625,2
1716.4,0.05388,3.80231,7.53625,2
1716.5,0.05388,3.80227,7.53625,2
1716.6,0.05387,3.80223,7.53625,2
1716.7,0.05387,3.80219,7.53625,2
1716.8,0.05387,3.80215,7.53625,2
1716.9,0.05386,3.80211,7.53625,2
1717,0.05386,3.80208,7.53625,2
1717.1,0.05386,3.80204,7.53625,2
1717.2,0.05386,3.802,7.53625,2
1717.3,0.05385,3.80196,7.53625,2
1717.4,0.05385,3.80192,7.53625,2
1717.5,0.05385,3.80189,7.53625,2
1717.6,0.05384,3.80185,7.53625,2
1717.7,0.05384,3.80181,7.53625,2
1717.8,0.05384,3.80177,7.53625,2
1717.9,0.05383,3.80174,7.53625,2
1718,0.05383,3.8017,7.53625,2
1718.1,0.05383,3.80166,7.53625,2
1718.2,0.05382,3.80163,7.53624,2
1718.3,0.05382,3.80159,7.53624,2
1718.4,0.05382,3.80155,7.53624,2
1718.5,0.05382,3.80152,7.53624,2
1718.6,0.05381,3.80148,7.53624,2
1718.7,0.05381,3.80144,7.53624,2
1718.8,0.05381,3.80141,7.53624,2
1718.9,0.0538,3.80137,7.53624,2
1719,0.0538,3.80134,7.53624,2
1719.1,0.0538,3.8013,7.53624,2
1719.2,0.05379,3.80126,7.53624,2
1719.3,0.05379,3.80123,7.53624,2
1719.4,0.05379,3.80119,7.53624,2
1719.5,0.05378,3.80116,7.53624,2
1719.6,0.05378,3.80112,7.53624,2
1719.7,0.05378,3.80109,7.53624,2
1719.8,0.05377,3.80105,7.53624,2
1719.9,0.05377,3.80102,7.53624,2
1720,0.05377,3.80098,7.53624,2
1720.1,0.05377,3.80095,7.53624,2
1720.2,0.05376,3.80091,7.53624,2
1720.3,0.05376,3.80088,7.53624,2
1720.4,0.05376,3.80084,7.53624,2
1720.5,0.05375,3.80081,7.53624,2
1720.6,0.05375,3.80077,7.53624,2
1720.7,0.05375,3.80074,7.53624,2
1720.8,0.05374,3.80071,7.53624,2
1720.9,0.05374,3.80067,7.53624,2
1721,0.05374,3.80064,7.53624,2
1721.1,0.05373,3.8006,7.53624,2
1721.2,0.05373,3.80057,7.53624,2
1721.3,0.05373,3.80054,7.53623,2
1721.4,0.05373,3.8005,7.53623,2
1721.5,0.05372,3.80047,7.53623,2
1721.6,0.05372,3.80044,7.53623,2
1721.7,0.05372,3.8004,7.53623,2
1721.8,0.05371,3.80037,7.53623,2
1721.9,0.05371,3.80034,7.53623,2
1722,0.05371,3.8003,7.53623,2
1722.1,0.0537,3.80027,7.53623,2
1722.2,0.0537,3.80024,7.53623,2
1722.3,0.0537,3.8002,7.53623,2
1722.4,0.05369,3.80017,7.53623,2
1722.5,0.05369,3.80014,7.53623,2
1722.6,0.05369,3.80011,7.53623,2
1722.7,0.05368,3.80008,7.53623,2
1722.8,0.05368,3.80004,7.53623,2
1722.9,0.05368,3.80001,7.53623,2
1723,0.05368,3.79998,7.53623,2
1723.1,0.05367,3.79995,7.53623,2
1723.2,0.05367,3.79991,7.53623,2
1723.3,0.05367,3.79988,7.53623,2
1723.4,0.05366,3.79985,7.53623,2
1723.5,0.05366,3.79982,7.53623,2
1723.6,0.05366,3.79979,7.53623,2
1723.7,0.05365,3.79976,7.53623,2
1723.8,0.05365,3.79973,7.53623,2
1723.9,0.05365,3.79969,7.53623,2
1724,0.05364,3.79966,7.53622,2
1724.1,0.05364,3.79963,7.53622,2
1724.2,0.05364,3.7996,7.53622,2
1724.3,0.05363,3.79957,7.53622,2
1724.4,0.05363,3.79954,7.53622,2
1724.5,0.05363,3.79951,7.53622,2
1724.6,0.05363,3.79948,7.53622,2
1724.7,0.05362,3.79945,7.53622,2
1724.8,0.05362,3.79942,7.53622,2
1724.9,0.05362,3.79939,7.53622,2
1725,0.05361,3.79936,7.53622,2
1725.1,0.05361,3.79933,7.53622,2
1725.2,0.05361,3.7993,7.53622,2
1725.3,0.0536,3.79927,7.53622,2
1725.4,0.0536,3.79924,7.53622,2
1725.5,0.0536,3.79921,7.53622,2
1725.6,0.05359,3.79918,7.53622,2
1725.7,0.05359,3.79915,7.53622,2
1725.8,0.05359,3.79912,7.53622,2
1725.9,0.05358,3.79909,7.53622,2
1726,0.05358,3.79906,7.53622,2
1726.1,0.05358,3.79903,7.53622,2
1726.2,0.05358,3.799,7.53622,2
1726.3,0.05357,3.79897,7.53622,2
1726.4,0.05357,3.79894,7.53622,2
1726.5,0.05357,3.79891,7.53622,2
1726.6,0.05356,3.79888,7.53622,2
1726.7,0.05356,3.79885,7.53621,2
1726.8,0.05356,3.79882,7.53621,2
1726.9,0.05355,3.7988,7.53621,2
1727,0.05355,3.79877,7.53621,2
1727.1,0.05355,3.79874,7.53621,2
1727.2,0.05354,3.79871,7.53621,2
1727.3,0.05354,3.79868,7.53621,2
1727.4,0.05354,3.79865,7.53621,2
1727.5,0.05353,3.79862,7.53621,2
1727.6,0.05353,3.7986,7.53621,2
1727.7,0.05353,3.79857,7.53621,2
1727.8,0.05352,3.79854,7.53621,2
1727.9,0.05352,3.79851,7.53621,2
1728,0.05352,3.79848,7.53621,2
1728.1,0.05352,3.79846,7.53621,2
1728.2,0.05351,3.79843,7.53621,2
1728.3,0.05351,3.7984,7.53621,2
1728.4,0.05351,3.79837,7.53621,2
1728.5,0.0535,3.79835,7.53621,2
1728.6,0.0535,3.79832,7.53621,2
1728.7,0.0535,3.79829,7.53621,2
1728.8,0.05349,3.79826,7.53621,2
1728.9,0.05349,3.79824,7.53621,2
1729,0.05349,3.79821,7.53621,2
1729.1,0.05348,3.79818,7.53621,2
1729.2,0.05348,3.79815,7.53621,2
1729.3,0.05348,3.79813,7.53621,2
1729.4,0.05347,3.7981,7.5362,2
1729.5,0.05347,3.79807,7.5362,2
1729.6,0.05347,3.79805,7.5362,2
1729.7,0.05346,3.79802,7.5362,2
1729.8,0.05346,3.79799,7.5362,2
1729.9,0.05346,3.79797,7.5362,2
1730,0.05346,3.79794,7.5362,2
1730.1,0.05345,3.79791,7.5362,2
1730.2,0.05345,3.79789,7.5362,2
1730.3,0.05345,3.79786,7.5362,2
1730.4,0.05344,3.79783,7.5362,2
1730.5,0.05344,3.79781,7.5362,2
1730.6,0.05344,3.79778,7.5362,2
1730.7,0.05343,3.79776,7.5362,2
1730.8,0.05343,3.79773,7.5362,2
1730.9,0.05343,3.7977,7.5362,2
1731,0.05342,3.79768,7.5362,2
1731.1,0.05342,3.79765,7.5362,2
1731.2,0.05342,3.79763,7.5362,2
1731.3,0.05341,3.7976,7.5362,2
1731.4,0.05341,3.79757,7.5362,2
1731.5,0.05341,3.79755,7.5362,2
1731.6,0.0534,3.79752,7.5362,2
1731.7,0.0534,3.7975,7.5362,2
1731.8,0.0534,3.79747,7.5362,2
1731.9,0.0534,3.79745,7.5362,2
1732,0.05339,3.79742,7.5362,2
1732.1,0.05339,3.7974,7.5362,2
1732.2,0.05339,3.79737,7.5362,2
1732.3,0.05338,3.79735,7.5362,2
1732.4,0.05338,3.79732,7.5362,2
1732.5,0.05338,3.79729,7.53619,2
1732.6,0.05337,3.79727,7.53619,2
1732.7,0.05337,3.79724,7.53619,2
1732.8,0.05337,3.79722,7.53619,2
1732.9,0.05336,3.7972,7.53619,2
1733,0.05336,3.79717,7.53619,2
1733.1,0.05336,3.79715,7.53619,2
1733.2,0.05335,3.79712,7.53619,2
1733.3,0.05335,3.7971,7.53619,2
1733.4,0.05335,3.79707,7.53619,2
1733.5,0.05334,3.79705,7.53619,2
1733.6,0.05334,3.79702,7.53619,2
1733.7,0.05334,3.797,7.53619,2
1733.8,0.05333,3.79697,7.53619,2
1733.9,0.05333,3.79695,7.53619,2
1734,0.05333,3.79693,7.53619,2
1734.1,0.05333,3.7969,7.53619,2
1734.2,0.05332,3.79688,7.53619,2
1734.3,0.05332,3.79685,7.53619,2
1734.4,0.05332,3.79683,7.53619,2
1734.5,0.05331,3.7968,7.53619,2
1734.6,0.05331,3.79678,7.53619,2
1734.7,0.05331,3.79676,7.53619,2
1734.8,0.0533,3.79673,7.53619,2
1734.9,0.0533,3.79671,7.53619,2
1735,0.0533,3.79669,7.53619,2
1735.1,0.05329,3.79666,7.53619,2
1735.2,0.05329,3.79664,7.53618,2
1735.3,0.05329,3.79661,7.53618,2
1735.4,0.05328,3.79659,7.53618,2
1735.5,0.05328,3.79657,7.53618,2
1735.6,0.05328,3.79654,7.53618,2
1735.7,0.05327,3.79652,7.53618,2
1735.8,0.05327,3.7965,7.53618,2
1735.9,0.05327,3.79647,7.53618,2
1736,0.05327,3.79645,7.53618,2
1736.1,0.05326,3.79643,7.53618,2
1736.2,0.05326,3.7964,7.53618,2
1736.3,0.05326,3.79638,7.53618,2
1736.4,0.05325,3.79636,7.53618,2
1736.5,0.05325,3.79633,7.53618,2
1736.6,0.05325,3.79631,7.53618,2
1736.7,0.05324,3.79629,7.53618,2
1736.8,0.05324,3.79627,7.53618,2
1736.9,0.05324,3.79624,7.53618,2
1737,0.05323,3.79622,7.53618,2
1737.1,0.05323,3.7962,7.53618,2
1737.2,0.05323,3.79617,7.53618,2
1737.3,0.05322,3.79615,7.53618,2
1737.4,0.05322,3.79613,7.53618,2
1737.5,0.05322,3.79611,7.53618,2
1737.6,0.05321,3.79608,7.53618,2
1737.7,0.05321,3.79606,7.53618,2
1737.8,0.05321,3.79604,7.53617,2
1737.9,0.05321,3.79602,7.53617,2
1738,0.0532,3.79599,7.53617,2
1738.1,0.0532,3.79597,7.53617,2
1738.2,0.0532,3.79595,7.53617,2
1738.3,0.05319,3.79593,7.53617,2
1738.4,0.05319,3.79591,7.53617,2
1738.5,0.05319,3.79588,7.53617,2
1738.6,0.05318,3.79586,7.53617,2
1738.7,0.05318,3.79584,7.53617,2
1738.8,0.05318,3.79582,7.53617,2
1738.9,0.05317,3.79579,7.53617,2
1739,0.05317,3.79577,7.53617,2
1739.1,0.05317,3.79575,7.53617,2
1739.2,0.05316,3.79573,7.53617,2
1739.3,0.05316,3.79571,7.53617,2
1739.4,0.05316,3.79568,7.53617,2
1739.5,0.05316,3.79566,7.53617,2
1739.6,0.05315,3.79564,7.53617,2
1739.7,0.05315,3.79562,7.53617,2
1739.8,0.05315,3.7956,7.53617,2
1739.9,0.05314,3.79558,7.53617,2
1740,0.05314,3.79555,7.53617,2
1740.1,0.05314,3.79553,7.53617,2
1740.2,0.05313,3.79551,7.53617,2
1740.3,0.05313,3.79549,7.53616,2
1740.4,0.05313,3.79547,7.53616,2
1740.5,0.05312,3.79545,7.53616,2
1740.6,0.05312,3.79542,7.53616,2
1740.7,0.05312,3.7954,7.53616,2
1740.8,0.05311,3.79538,7.53616,2
1740.9,0.05311,3.79536,7.53616,2
1741,0.05311,3.79534,7.53616,2
1741.1,0.05311,3.79532,7.53616,2
1741.2,0.0531,3.7953,7.53616,2
1741.3,0.0531,3.79528,7.53616,2
1741.4,0.0531,3.79525,7.53616,2
1741.5,0.05309,3.79523,7.53616,2
1741.6,0.05309,3.79521,7.53616,2
1741.7,0.05309,3.79519,7.53616,2
1741.8,0.05308,3.79517,7.53616,2
1741.9,0.05308,3.79515,7.53616,2
1742,0.05308,3.79513,7.53616,2
1742.1,0.05307,3.79511,7.53616,2
1742.2,0.05307,3.79509,7.53616,2
1742.3,0.05307,3.79507,7.53616,2
1742.4,0.05306,3.79504,7.53616,2
1742.5,0.05306,3.79502,7.53616,2
1742.6,0.05306,3.795,7.53616,2
1742.7,0.05306,3.79498,7.53616,2
1742.8,0.05305,3.79496,7.53616,2
1742.9,0.05305,3.79494,7.53616,2
1743,0.05305,3.79492,7.53616,2
1743.1,0.05304,3.7949,7.53616,2
1743.2,0.05304,3.79488,7.53616,2
1743.3,0.05304,3.79486,7.53615,2
1743.4,0.05303,3.79484,7.53615,2
1743.5,0.05303,3.79482,7.53615,2
1743.6,0.05303,3.7948,7.53615,2
1743.7,0.05302,3.79478,7.53615,2
1743.8,0.05302,3.79476,7.53615,2
1743.9,0.05302,3.79473,7.53615,2
1744,0.05302,3.79471,7.53615,2
1744.1,0.05301,3.79469,7.53615,2
1744.2,0.05301,3.79467,7.53615,2
1744.3,0.05301,3.79465,7.53615,2
1744.4,0.053,3.79463,7.53615,2
1744.5,0.053,3.79461,7.53615,2
1744.6,0.053,3.79459,7.53615,2
1744.7,0.05299,3.79457,7.53615,2
1744.8,0.05299,3.79455,7.53615,2
1744.9,0.05299,3.79453,7.53615,2
1745,0.05299,3.79451,7.53615,2
1745.1,0.05298,3.79449,7.53615,2
1745.2,0.05298,3.79447,7.53615,2
1745.3,0.05298,3.79445,7.53615,2
1745.4,0.05297,3.79443,7.53615,2
1745.5,0.05297,3.79441,7.53615,2
1745.6,0.05297,3.79439,7.53615,2
1745.7,0.05296,3.79437,7.53615,2
1745.8,0.05296,3.79435,7.53615,2
1745.9,0.05296,3.79433,7.53614,2
1746,0.05295,3.79431,7.53614,2
1746.1,0.05295,3.79429,7.53614,2
1746.2,0.05295,3.79427,7.53614,2
1746.3,0.05295,3.79425,7.53614,2
1746.4,0.05294,3.79423,7.53614,2
1746.5,0.05294,3.79421,7.53614,2
1746.6,0.05294,3.79419,7.53614,2
1746.7,0.05293,3.79417,7.53614,2
1746.8,0.05293,3.79415,7.53614,2
1746.9,0.05293,3.79413,7.53614,2
1747,0.05292,3.79411,7.53614,2
1747.1,0.05292,3.79409,7.53614,2
1747.2,0.05292,3.79407,7.53614,2
1747.3,0.05292,3.79406,7.53614,2
1747.4,0.05291,3.79404,7.53614,2
1747.5,0.05291,3.79402,7.53614,2
1747.6,0.05291,3.794,7.53614,2
1747.7,0.0529,3.79398,7.53614,2
1747.8,0.0529,3.79396,7.53614,2
1747.9,0.0529,3.79394,7.53614,2
1748,0.0529,3.79392,7.53614,2
1748.1,0.05289,3.7939,7.53614,2
1748.2,0.05289,3.79388,7.53614,2
1748.3,0.05289,3.79386,7.53614,2
1748.4,0.05288,3.79384,7.53613,2
1748.5,0.05288,3.79382,7.53613,2
1748.6,0.05288,3.7938,7.53613,2
1748.7,0.05287,3.79378,7.53613,2
1748.8,0.05287,3.79376,7.53613,2
1748.9,0.05287,3.79374,7.53613,2
1749,0.05287,3.79373,7.53613,2
1749.1,0.05286,3.79371,7.53613,2
1749.2,0.05286,3.79369,7.53613,2
1749.3,0.05286,3.79367,7.53613,2
1749.4,0.05285,3.79365,7.53613,2
1749.5,0.05285,3.79363,7.53613,2
1749.6,0.05285,3.79361,7.53613,2
1749.7,0.05285,3.79359,7.53613,2
1749.8,0.05284,3.79357,7.53613,2
1749.9,0.05284,3.79355,7.53613,2
1750,0.05284,3.79354,7.53613,2
1750.1,0.05283,3.79352,7.53613,2
1750.2,0.05283,3.7935,7.53613,2
1750.3,0.05283,3.79348,7.53613,2
1750.4,0.05283,3.79346,7.53613,2
1750.5,0.05282,3.79344,7.53613,2
1750.6,0.05282,3.79342,7.53613,2
1750.7,0.05282,3.7934,7.53613,2
1750.8,0.05281,3.79338,7.53613,2
1750.9,0.05281,3.79337,7.53613,2
1751,0.05281,3.79335,7.53612,2
1751.1,0.05281,3.79333,7.53612,2
1751.2,0.0528,3.79331,7.53612,2
1751.3,0.0528,3.79329,7.53612,2
1751.4,0.0528,3.79327,7.53612,2
1751.5,0.05279,3.79325,7.53612,2
1751.6,0.05279,3.79323,7.53612,2
1751.7,0.05279,3.79322,7.53612,2
1751.8,0.05279,3.7932,7.53612,2
1751.9,0.05278,3.79318,7.53612,2
1752,0.05278,3.79316,7.53612,2
1752.1,0.05278,3.79314,7.53612,2
1752.2,0.05277,3.79312,7.53612,2
1752.3,0.05277,3.7931,7.53612,2
1752.4,0.05277,3.79309,7.53612,2
1752.5,0.05277,3.79307,7.53612,2
1752.6,0.05276,3.79305,7.53612,2
1752.7,0.05276,3.79303,7.53612,2
1752.8,0.05276,3.79301,7.53612,2
1752.9,0.05275,3.79299,7.53612,2
1753,0.05275,3.79298,7.53612,2
1753.1,0.05275,3.79296,7.53612,2
1753.2,0.05275,3.79294,7.53612,2
1753.3,0.05274,3.79292,7.53612,2
1753.4,0.05274,3.7929,7.53612,2
1753.5,0.05274,3.79288,7.53612,2
1753.6,0.05274,3.79287,7.53612,2
1753.7,0.05273,3.79285,7.53612,2
1753.8,0.05273,3.79283,7.53612,2
1753.9,0.05273,3.79281,7.53612,2
1754,0.05272,3.79279,7.53612,2
1754.1,0.05272,3.79278,7.53612,2
1754.2,0.05272,3.79276,7.53611,2
1754.3,0.05272,3.79274,7.53611,2
1754.4,0.05271,3.79272,7.53611,2
1754.5,0.05271,3.7927,7.53611,2
1754.6,0.05271,3.79269,7.53611,2
1754.7,0.05271,3.79267,7.53611,2
1754.8,0.0527,3.79265,7.53611,2
1754.9,0.0527,3.79263,7.53611,2
1755,0.0527,3.79261,7.53611,2
1755.1,0.05269,3.7926,7.53611,2
1755.2,0.05269,3.79258,7.53611,2
1755.3,0.05269,3.79256,7.53611,2
1755.4,0.05269,3.79254,7.53611,2
1755.5,0.05268,3.79252,7.53611,2
1755.6,0.05268,3.79251,7.53611,2
1755.7,0.05268,3.79249,7.53611,2
1755.8,0.05268,3.79247,7.53611,2
1755.9,0.05267,3.79245,7.53611,2
1756,0.05267,3.79244,7.53611,2
1756.1,0.05267,3.79242,7.53611,2
1756.2,0.05267,3.7924,7.53611,2
1756.3,0.05266,3.79238,7.53611,2
1756.4,0.05266,3.79237,7.53611,2
1756.5,0.05266,3.79235,7.53611,2
1756.6,0.05266,3.79233,7.53611,2
1756.7,0.05265,3.79231,7.53611,2
1756.8,0.05265,3.7923,7.53611,2
1756.9,0.05265,3.79228,7.53611,2
1757,0.05265,3.79226,7.5361,2
1757.1,0.05264,3.79224,7.5361,2
1757.2,0.05264,3.79223,7.5361,2
1757.3,0.05264,3.79221,7.5361,2
1757.4,0.05264,3.79219,7.5361,2
1757.5,0.05263,3.79217,7.5361,2
1757.6,0.05263,3.79216,7.5361,2
1757.7,0.05263,3.79214,7.5361,2
1757.8,0.05263,3.79212,7.5361,2
1757.9,0.05262,3.7921,7.5361,2
1758,0.05262,3.79209,7.5361,2
1758.1,0.05262,3.79207,7.5361,2
1758.2,0.05262,3.79205,7.5361,2
1758.3,0.05261,3.79204,7.5361,2
1758.4,0.05261,3.79202,7.5361,2
1758.5,0.05261,3.792,7.5361,2
1758.6,0.05261,3.79199,7.5361,2
1758.7,0.0526,3.79197,7.5361,2
1758.8,0.0526,3.79195,7.5361,2
1758.9,0.0526,3.79193,7.5361,2
1759,0.0526,3.79192,7.5361,2
1759.1,0.05259,3.7919,7.5361,2
1759.2,0.05259,3.79188,7.5361,2
1759.3,0.05259,3.79187,7.5361,2
1759.4,0.05259,3.79185,7.5361,2
1759.5,0.05258,3.79183,7.5361,2
1759.6,0.05258,3.79182,7.5361,2
1759.7,0.05258,3.7918,7.5361,2
1759.8,0.05258,3.79178,7.5361,2
1759.9,0.05257,3.79177,7.5361,2
1760,0.05257,3.79175,7.5361,2
1760.1,0.05257,3.79173,7.53609,2
1760.2,0.05257,3.79172,7.53609,2
1760.3,0.05256,3.7917,7.53609,2
1760.4,0.05256,3.79168,7.53609,2
1760.5,0.05256,3.79167,7.53609,2
1760.6,0.05256,3.79165,7.53609,2
1760.7,0.05256,3.79164,7.53609,2
1760.8,0.05255,3.79162,7.53609,2
1760.9,0.05255,3.7916,7.53609,2
1761,0.05255,3.79159,7.53609,2
1761.1,0.05255,3.79157,7.53609,2
1761.2,0.05254,3.79155,7.53609,2
1761.3,0.05254,3.79154,7.53609,2
1761.4,0.05254,3.79152,7.53609,2
1761.5,0.05254,3.79151,7.53609,2
1761.6,0.05254,3.79149,7.53609,2
1761.7,0.05253,3.79147,7.53609,2
1761.8,0.05253,3.79146,7.53609,2
1761.9,0.05253,3.79144,7.53609,2
1762,0.05253,3.79143,7.53609,2
1762.1,0.05252,3.79141,7.53609,2
1762.2,0.05252,3.79139,7.53609,2
1762.3,0.05252,3.79138,7.53609,2
1762.4,0.05252,3.79136,7.53609,2
1762.5,0.05252,3.79135,7.53609,2
1762.6,0.05251,3.79133,7.53609,2
1762.7,0.05251,3.79132,7.53609,2
1762.8,0.05251,3.7913,7.53609,2
1762.9,0.05251,3.79128,7.53609,2
1763,0.05251,3.79127,7.53609,2
1763.1,0.0525,3.79125,7.53609,2
1763.2,0.0525,3.79124,7.53609,2
1763.3,0.0525,3.79122,7.53609,2
1763.4,0.0525,3.79121,7.53609,2
1763.5,0.05249,3.79119,7.53609,2
1763.6,0.05249,3.79118,7.53609,2
1763.7,0.05249,3.79116,7.53609,2
1763.8,0.05249,3.79115,7.53608,2
1763.9,0.05249,3.79113,7.53608,2
1764,0.05248,3.79112,7.53608,2
1764.1,0.05248,3.7911,7.53608,2
1764.2,0.05248,3.79109,7.53608,2
1764.3,0.05248,3.79107,7.53608,2
1764.4,0.05248,3.79106,7.53608,2
1764.5,0.05247,3.79104,7.53608,2
1764.6,0.05247,3.79103,7.53608,2
1764.7,0.05247,3.79101,7.53608,2
1764.8,0.05247,3.791,7.53608,2
1764.9,0.05247,3.79098,7.53608,2
1765,0.05246,3.79097,7.53608,2
1765.1,0.05246,3.79095,7.53608,2
1765.2,0.05246,3.79094,7.53608,2
1765.3,0.05246,3.79092,7.53608,2
1765.4,0.05246,3.79091,7.53608,2
1765.5,0.05246,3.7909,7.53608,2
1765.6,0.05245,3.79088,7.53608,2
1765.7,0.05245,3.79087,7.53608,2
1765.8,0.05245,3.79085,7.53608,2
1765.9,0.05245,3.79084,7.53608,2
1766,0.05245,3.79082,7.53608,2
1766.1,0.05244,3.79081,7.53608,2
1766.2,0.05244,3.7908,7.53608,2
1766.3,0.05244,3.79078,7.53608,2
1766.4,0.05244,3.79077,7.53608,2
1766.5,0.05244,3.79075,7.53608,2
1766.6,0.05244,3.79074,7.53608,2
1766.7,0.05243,3.79073,7.53608,2
1766.8,0.05243,3.79071,7.53608,2
1766.9,0.05243,3.7907,7.53608,2
1767,0.05243,3.79069,7.53608,2
1767.1,0.05243,3.79067,7.53608,2
1767.2,0.05243,3.79066,7.53608,2
1767.3,0.05242,3.79065,7.53608,2
1767.4,0.05242,3.79063,7.53608,2
1767.5,0.05242,3.79062,7.53608,2
1767.6,0.05242,3.79061,7.53608,2
1767.7,0.05242,3.79059,7.53608,2
1767.8,0.05242,3.79058,7.53608,2
1767.9,0.05241,3.79057,7.53608,2
1768,0.05241,3.79055,7.53608,2
1768.1,0.05241,3.79054,7.53608,2
1768.2,0.05241,3.79053,7.53608,2
1768.3,0.05241,3.79051,7.53608,2
1768.4,0.05241,3.7905,7.53608,2
1768.5,0.0524,3.79049,7.53608,2
1768.6,0.0524,3.79048,7.53608,2
1768.7,0.0524,3.79046,7.53608,2
1768.8,0.0524,3.79045,7.53608,2
1768.9,0.0524,3.79044,7.53608,2
1769,0.0524,3.79043,7.53608,2
1769.1,0.05239,3.79041,7.53608,2
1769.2,0.05239,3.7904,7.53608,2
1769.3,0.05239,3.79039,7.53608,2
1769.4,0.05239,3.79038,7.53608,2
1769.5,0.05239,3.79037,7.53608,2
1769.6,0.05239,3.79035,7.53608,2
1769.7,0.05239,3.79034,7.53608,2
1769.8,0.05238,3.79033,7.53608,2
1769.9,0.05238,3.79032,7.53608,2
1770,0.05238,3.79031,7.53608,2
1770.1,0.05238,3.79029,7.53608,2
1770.2,0.05238,3.79028,7.53608,2
1770.3,0.05238,3.79027,7.53608,2
1770.4,0.05238,3.79026,7.53608,2
1770.5,0.05238,3.79025,7.53608,2
1770.6,0.05237,3.79024,7.53608,2
1770.7,0.05237,3.79023,7.53608,2
1770.8,0.05237,3.79022,7.53608,2
1770.9,0.05237,3.7902,7.53608,2
1771,0.05237,3.79019,7.53608,2
1771.1,0.05237,3.79018,7.53608,2
1771.2,0.05237,3.79017,7.53608,2
1771.3,0.05237,3.79016,7.53608,2
1771.4,0.05236,3.79015,7.53608,2
1771.5,0.05236,3.79014,7.53608,2
1771.6,0.05236,3.79013,7.53608,2
1771.7,0.05236,3.79012,7.53608,2
1771.8,0.05236,3.79011,7.53608,2
1771.9,0.05236,3.7901,7.53608,2
1772,0.05236,3.79009,7.53608,2
1772.1,0.05236,3.79008,7.53608,2
1772.2,0.05235,3.79007,7.53608,2
1772.3,0.05235,3.79006,7.53608,2
1772.4,0.05235,3.79005,7.53608,2
1772.5,0.05235,3.79004,7.53608,2
1772.6,0.05235,3.79003,7.53608,2
1772.7,0.05235,3.79002,7.53608,2
1772.8,0.05235,3.79001,7.53608,2
1772.9,0.05235,3.79,7.53608,2
1773,0.05235,3.78999,7.53608,2
1773.1,0.05235,3.78998,7.53608,2
1773.2,0.05234,3.78997,7.53608,2
1773.3,0.05234,3.78997,7.53608,2
1773.4,0.05234,3.78996,7.53608,2
1773.5,0.05234,3.78995,7.53608,2
1773.6,0.05234,3.78994,7.53608,2
1773.7,0.05234,3.78993,7.53608,2
1773.8,0.05234,3.78992,7.53608,2
1773.9,0.05234,3.78991,7.53608,2
1774,0.05234,3.78991,7.53608,2
1774.1,0.05234,3.7899,7.53608,2
1774.2,0.05234,3.78989,7.53608,2
1774.3,0.05234,3.78988,7.53608,2
1774.4,0.05233,3.78987,7.53608,2
1774.5,0.05233,3.78987,7.53608,2
1774.6,0.05233,3.78986,7.53608,2
1774.7,0.05233,3.78985,7.53608,2
1774.8,0.05233,3.78984,7.53608,2
1774.9,0.05233,3.78984,7.53608,2
1775,0.05233,3.78983,7.53608,2
1775.1,0.05233,3.78982,7.53608,2
1775.2,0.05233,3.78982,7.53608,2
1775.3,0.05233,3.78981,7.53608,2
1775.4,0.05233,3.7898,7.53608,2
1775.5,0.05233,3.78979,7.53608,2
1775.6,0.05233,3.78979,7.53608,2
1775.7,0.05233,3.78978,7.53608,2
1775.8,0.05233,3.78978,7.53608,2
1775.9,0.05232,3.78977,7.53608,2
1776,0.05232,3.78976,7.53608,2
1776.1,0.05232,3.78976,7.53608,2
1776.2,0.05232,3.78975,7.53608,2
1776.3,0.05232,3.78975,7.53608,2
1776.4,0.05232,3.78974,7.53608,2
1776.5,0.05232,3.78973,7.53608,2
1776.6,0.05232,3.78973,7.53608,2
1776.7,0.05232,3.78972,7.53608,2
1776.8,0.05232,3.78972,7.53608,2
1776.9,0.05232,3.78971,7.53608,2
1777,0.05232,3.78971,7.53608,2
1777.1,0.05232,3.7897,7.53608,2
1777.2,0.05232,3.7897,7.53608,2
1777.3,0.05232,3.78969,7.53608,2
1777.4,0.05232,3.78969,7.53608,2
1777.5,0.05232,3.78969,7.53608,2
1777.6,0.05232,3.78968,7.53608,2
1777.7,0.05232,3.78968,7.53608,2
1777.8,0.05232,3.78967,7.53608,2
1777.9,0.05232,3.78967,7.53608,2
1778,0.05232,3.78967,7.53608,2
1778.1,0.05232,3.78966,7.53608,2
1778.2,0.05232,3.78966,7.53608,2
1778.3,0.05232,3.78966,7.53608,2
1778.4,0.05232,3.78965,7.53608,2
1778.5,0.05232,3.78965,7.53608,2
1778.6,0.05232,3.78965,7.53608,2
1778.7,0.05232,3.78965,7.53608,2
1778.8,0.05232,3.78964,7.53608,2
1778.9,0.05232,3.78964,7.53608,2
1779,0.05232,3.78964,7.53608,2
1779.1,0.05232,3.78964,7.53608,2
1779.2,0.05232,3.78963,7.53608,2
1779.3,0.05232,3.78963,7.53608,2
1779.4,0.05232,3.78963,7.53608,2
1779.5,0.05232,3.78963,7.53608,2
1779.6,0.05232,3.78963,7.53609,2
1779.7,0.05232,3.78963,7.53609,2
1779.8,0.05232,3.78963,7.53609,2
1779.9,0.05232,3.78962,7.53609,2
1780,0.05232,3.78962,7.53609,2
1780.1,0.05232,3.78962,7.53609,2
1780.2,0.05232,3.78962,7.53609,2
1780.3,0.05232,3.78962,7.53609,2
1780.4,0.05232,3.78962,7.53609,2
1780.5,0.05232,3.78962,7.53609,2
1780.6,0.05232,3.78962,7.53609,2
1780.7,0.05232,3.78962,7.53609,2
1780.8,0.05232,3.78962,7.53609,2
1780.9,0.05232,3.78962,7.53609,2
1781,0.05232,3.78963,7.53609,2
1781.1,0.05232,3.78963,7.53609,2
1781.2,0.05232,3.78963,7.53609,2
1781.3,0.05232,3.78963,7.53609,2
1781.4,0.05232,3.78963,7.53609,2
1781.5,0.05232,3.78963,7.53609,2
1781.6,0.05232,3.78963,7.53609,2
1781.7,0.05232,3.78964,7.53609,2
1781.8,0.05232,3.78964,7.53609,2
1781.9,0.05232,3.78964,7.53609,2
1782,0.05232,3.78964,7.5361,2
1782.1,0.05232,3.78965,7.5361,2
1782.2,0.05232,3.78965,7.5361,2
1782.3,0.05233,3.78965,7.5361,2
1782.4,0.05233,3.78966,7.5361,2
1782.5,0.05233,3.78966,7.5361,2
1782.6,0.05233,3.78966,7.5361,2
1782.7,0.05233,3.78967,7.5361,2
1782.8,0.05233,3.78967,7.5361,2
1782.9,0.05233,3.78967,7.5361,2
1783,0.05233,3.78968,7.5361,2
1783.1,0.05233,3.78968,7.5361,2
1783.2,0.05233,3.78969,7.5361,2
1783.3,0.05233,3.78969,7.5361,2
1783.4,0.05233,3.7897,7.5361,2
1783.5,0.05233,3.7897,7.5361,2
1783.6,0.05234,3.78971,7.5361,2
1783.7,0.05234,3.78971,7.5361,2
1783.8,0.05234,3.78972,7.5361,2
1783.9,0.05234,3.78973,7.53611,2
1784,0.05234,3.78973,7.53611,2
1784.1,0.05234,3.78974,7.53611,2
1784.2,0.05234,3.78975,7.53611,2
1784.3,0.05234,3.78975,7.53611,2
1784.4,0.05234,3.78976,7.53611,2
1784.5,0.05234,3.78977,7.53611,2
1784.6,0.05235,3.78977,7.53611,2
1784.7,0.05235,3.78978,7.53611,2
1784.8,0.05235,3.78979,7.53611,2
1784.9,0.05235,3.7898,7.53611,2
1785,0.05235,3.78981,7.53611,2
1785.1,0.05235,3.78982,7.53611,2
1785.2,0.05235,3.78982,7.53611,2
1785.3,0.05235,3.78983,7.53611,2
1785.4,0.05235,3.78984,7.53612,2
1785.5,0.05236,3.78985,7.53612,2
1785.6,0.05236,3.78986,7.53612,2
1785.7,0.05236,3.78987,7.53612,2
1785.8,0.05236,3.78988,7.53612,2
1785.9,0.05236,3.78989,7.53612,2
1786,0.05236,3.7899,7.53612,2
1786.1,0.05236,3.78991,7.53612,2
1786.2,0.05237,3.78992,7.53612,2
1786.3,0.05237,3.78994,7.53612,2
1786.4,0.05237,3.78995,7.53612,2
1786.5,0.05237,3.78996,7.53612,2
1786.6,0.05237,3.78997,7.53612,2
1786.7,0.05237,3.78998,7.53612,2
1786.8,0.05238,3.78999,7.53612,2
1786.9,0.05238,3.79001,7.53613,2
1787,0.05238,3.79002,7.53613,2
1787.1,0.05238,3.79003,7.53613,2
1787.2,0.05238,3.79005,7.53613,2
1787.3,0.05238,3.79006,7.53613,2
1787.4,0.05239,3.79007,7.53613,2
1787.5,0.05239,3.79009,7.53613,2
1787.6,0.05239,3.7901,7.53613,2
1787.7,0.05239,3.79012,7.53613,2
1787.8,0.05239,3.79013,7.53613,2
1787.9,0.05239,3.79015,7.53613,2
1788,0.0524,3.79016,7.53614,2
1788.1,0.0524,3.79018,7.53614,2
1788.2,0.0524,3.79019,7.53614,2
1788.3,0.0524,3.79021,7.53614,2
1788.4,0.0524,3.79023,7.53614,2
1788.5,0.05241,3.79024,7.53614,2
1788.6,0.05241,3.79026,7.53614,2
1788.7,0.05241,3.79028,7.53614,2
1788.8,0.05241,3.79029,7.53614,2
1788.9,0.05241,3.79031,7.53614,2
1789,0.05242,3.79033,7.53615,2
1789.1,0.05242,3.79035,7.53615,2
1789.2,0.05242,3.79036,7.53615,2
1789.3,0.05242,3.79038,7.53615,2
1789.4,0.05243,3.7904,7.53615,2
1789.5,0.05243,3.79042,7.53615,2
1789.6,0.05243,3.79044,7.53615,2
1789.7,0.05243,3.79046,7.53615,2
1789.8,0.05243,3.79048,7.53615,2
1789.9,0.05244,3.7905,7.53615,2
1790,0.05244,3.79052,7.53616,2
1790.1,0.05244,3.79054,7.53616,2
1790.2,0.05244,3.79056,7.53616,2
1790.3,0.05245,3.79059,7.53616,2
1790.4,0.05245,3.79061,7.53616,2
1790.5,0.05245,3.79063,7.53616,2
1790.6,0.05245,3.79065,7.53616,2
1790.7,0.05246,3.79067,7.53616,2
1790.8,0.05246,3.7907,7.53616,2
1790.9,0.05246,3.79072,7.53616,2
1791,0.05247,3.79074,7.53617,2
1791.1,0.05247,3.79077,7.53617,2
1791.2,0.05247,3.79079,7.53617,2
1791.3,0.05247,3.79082,7.53617,2
1791.4,0.05248,3.79084,7.53617,2
1791.5,0.05248,3.79087,7.53617,2
1791.6,0.05248,3.79089,7.53617,2
1791.7,0.05248,3.79092,7.53617,2
1791.8,0.05249,3.79094,7.53618,2
1791.9,0.05249,3.79097,7.53618,2
1792,0.05249,3.791,7.53618,2
1792.1,0.0525,3.79102,7.53618,2
1792.2,0.0525,3.79105,7.53618,2
1792.3,0.0525,3.79108,7.53618,2
1792.4,0.05251,3.7911,7.53618,2
1792.5,0.05251,3.79113,7.53619,2
1792.6,0.05251,3.79116,7.53619,2
1792.7,0.05251,3.79119,7.53619,2
1792.8,0.05252,3.79122,7.53619,2
1792.9,0.05252,3.79125,7.53619,2
1793,0.05252,3.79128,7.53619,2
1793.1,0.05253,3.79131,7.53619,2
1793.2,0.05253,3.79134,7.53619,2
1793.3,0.05253,3.79137,7.5362,2
1793.4,0.05254,3.7914,7.5362,2
1793.5,0.05254,3.79143,7.5362,2
1793.6,0.05254,3.79146,7.5362,2
1793.7,0.05255,3.7915,7.5362,2
1793.8,0.05255,3.79153,7.5362,2
1793.9,0.05256,3.79156,7.5362,2
1794,0.05256,3.79159,7.53621,2
1794.1,0.05256,3.79163,7.53621,2
1794.2,0.05257,3.79166,7.53621,2
1794.3,0.05257,3.7917,7.53621,2
1794.4,0.05257,3.79173,7.53621,2
1794.5,0.05258,3.79177,7.53621,2
1794.6,0.05258,3.7918,7.53621,2
1794.7,0.05258,3.79184,7.53622,2
1794.8,0.05259,3.79187,7.53622,2
1794.9,0.05259,3.79191,7.53622,2
1795,0.0526,3.79195,7.53622,2
1795.1,0.0526,3.79198,7.53622,2
1795.2,0.0526,3.79202,7.53622,2
1795.3,0.05261,3.79206,7.53623,2
1795.4,0.05261,3.7921,7.53623,2
1795.5,0.05262,3.79214,7.53623,2
1795.6,0.05262,3.79217,7.53623,2
1795.7,0.05262,3.79221,7.53623,2
1795.8,0.05263,3.79225,7.53623,2
1795.9,0.05263,3.79229,7.53624,2
1796,0.05264,3.79233,7.53624,2
1796.1,0.05264,3.79237,7.53624,2
1796.2,0.05264,3.79242,7.53624,2
1796.3,0.05265,3.79246,7.53624,2
1796.4,0.05265,3.7925,7.53624,2
1796.5,0.05266,3.79254,7.53625,2
1796.6,0.05266,3.79259,7.53625,2
1796.7,0.05267,3.79263,7.53625,2
1796.8,0.05267,3.79267,7.53625,2
1796.9,0.05268,3.79272,7.53625,2
1797,0.05268,3.79276,7.53625,2
1797.1,0.05268,3.79281,7.53626,2
1797.2,0.05269,3.79285,7.53626,2
1797.3,0.05269,3.7929,7.53626,2
1797.4,0.0527,3.79294,7.53626,2
1797.5,0.0527,3.79299,7.53626,2
1797.6,0.05271,3.79304,7.53627,2
1797.7,0.05271,3.79308,7.53627,2
1797.8,0.05272,3.79313,7.53627,2
1797.9,0.05272,3.79318,7.53627,2
1798,0.05273,3.79323,7.53627,2
1798.1,0.05273,3.79328,7.53628,2
1798.2,0.05274,3.79333,7.53628,2
1798.3,0.05274,3.79338,7.53628,2
1798.4,0.05275,3.79343,7.53628,2
1798.5,0.05275,3.79348,7.53628,2
1798.6,0.05276,3.79353,7.53628,2
1798.7,0.05276,3.79358,7.53629,2
1798.8,0.05277,3.79363,7.53629,2
1798.9,0.05277,3.79368,7.53629,2
1799,0.05278,3.79374,7.53629,2
1799.1,0.05278,3.79379,7.5363,2
1799.2,0.05279,3.79384,7.5363,2
1799.3,0.05279,3.7939,7.5363,2
1799.4,0.0528,3.79395,7.5363,2
1799.5,0.0528,3.79401,7.5363,2
1799.6,0.05281,3.79406,7.53631,2
1799.7,0.05281,3.79412,7.53631,2
1799.8,0.05282,3.79418,7.53631,2
1799.9,0.05282,3.79423,7.53631,2
1800,0.05283,3.79429,7.53632,2
