Time (s),HB (mM),Glu (mM),pH,label
0.1,0.12143,2.54494,7.43115,2
0.2,0.12144,2.54499,7.43116,2
0.3,0.12145,2.54505,7.43117,2
0.4,0.12146,2.5451,7.43118,2
0.5,0.12147,2.54515,7.4312,2
0.6,0.12148,2.5452,7.43121,2
0.7,0.12149,2.54526,7.43122,2
0.8,0.1215,2.54531,7.43123,2
0.9,0.12151,2.54536,7.43124,2
1,0.12152,2.54541,7.43125,2
1.1,0.12153,2.54546,7.43127,2
1.2,0.12153,2.54551,7.43128,2
1.3,0.12154,2.54557,7.43129,2
1.4,0.12155,2.54562,7.4313,2
1.5,0.12156,2.54567,7.43131,2
1.6,0.12157,2.54572,7.43132,2
1.7,0.12158,2.54577,7.43133,2
1.8,0.12159,2.54582,7.43134,2
1.9,0.1216,2.54587,7.43135,2
2,0.12161,2.54592,7.43137,2
2.1,0.12161,2.54597,7.43138,2
2.2,0.12162,2.54602,7.43139,2
2.3,0.12163,2.54607,7.4314,2
2.4,0.12164,2.54612,7.43141,2
2.5,0.12165,2.54617,7.43142,2
2.6,0.12166,2.54621,7.43143,2
2.7,0.12167,2.54626,7.43144,2
2.8,0.12167,2.54631,7.43145,2
2.9,0.12168,2.54636,7.43146,2
3,0.12169,2.54641,7.43147,2
3.1,0.1217,2.54646,7.43148,2
3.2,0.12171,2.5465,7.43149,2
3.3,0.12172,2.54655,7.4315,2
3.4,0.12173,2.5466,7.43151,2
3.5,0.12173,2.54665,7.43152,2
3.6,0.12174,2.54669,7.43153,2
3.7,0.12175,2.54674,7.43154,2
3.8,0.12176,2.54679,7.43155,2
3.9,0.12177,2.54683,7.43156,2
4,0.12178,2.54688,7.43157,2
4.1,0.12178,2.54693,7.43158,2
4.2,0.12179,2.54697,7.43158,2
4.3,0.1218,2.54702,7.43159,2
4.4,0.12181,2.54706,7.4316,2
4.5,0.12182,2.54711,7.43161,2
4.6,0.12182,2.54715,7.43162,2
4.7,0.12183,2.5472,7.43163,2
4.8,0.12184,2.54724,7.43164,2
4.9,0.12185,2.54729,7.43165,2
5,0.12186,2.54733,7.43166,2
5.1,0.12186,2.54738,7.43166,2
5.2,0.12187,2.54742,7.43167,2
5.3,0.12188,2.54747,7.43168,2
5.4,0.12189,2.54751,7.43169,2
5.5,0.12189,2.54755,7.4317,2
5.6,0.1219,2.5476,7.43171,2
5.7,0.12191,2.54764,7.43172,2
5.8,0.12192,2.54768,7.43172,2
5.9,0.12193,2.54773,7.43173,2
6,0.12193,2.54777,7.43174,2
6.1,0.12194,2.54781,7.43175,2
6.2,0.12195,2.54786,7.43176,2
6.3,0.12196,2.5479,7.43176,2
6.4,0.12196,2.54794,7.43177,2
6.5,0.12197,2.54798,7.43178,2
6.6,0.12198,2.54803,7.43179,2
6.7,0.12199,2.54807,7.43179,2
6.8,0.12199,2.54811,7.4318,2
6.9,0.122,2.54815,7.43181,2
7,0.12201,2.54819,7.43182,2
7.1,0.12202,2.54823,7.43182,2
7.2,0.12202,2.54827,7.43183,2
7.3,0.12203,2.54831,7.43184,2
7.4,0.12204,2.54835,7.43185,2
7.5,0.12205,2.5484,7.43185,2
7.6,0.12205,2.54844,7.43186,2
7.7,0.12206,2.54848,7.43187,2
7.8,0.12207,2.54852,7.43187,2
7.9,0.12207,2.54856,7.43188,2
8,0.12208,2.5486,7.43189,2
8.1,0.12209,2.54863,7.43189,2
8.2,0.1221,2.54867,7.4319,2
8.3,0.1221,2.54871,7.43191,2
8.4,0.12211,2.54875,7.43191,2
8.5,0.12212,2.54879,7.43192,2
8.6,0.12212,2.54883,7.43193,2
8.7,0.12213,2.54887,7.43193,2
8.8,0.12214,2.54891,7.43194,2
8.9,0.12215,2.54895,7.43195,2
9,0.12215,2.54898,7.43195,2
9.1,0.12216,2.54902,7.43196,2
9.2,0.12217,2.54906,7.43197,2
9.3,0.12217,2.5491,7.43197,2
9.4,0.12218,2.54913,7.43198,2
9.5,0.12219,2.54917,7.43198,2
9.6,0.12219,2.54921,7.43199,2
9.7,0.1222,2.54925,7.432,2
9.8,0.12221,2.54928,7.432,2
9.9,0.12221,2.54932,7.43201,2
10,0.12222,2.54936,7.43201,2
10.1,0.12223,2.54939,7.43202,2
10.2,0.12223,2.54943,7.43202,2
10.3,0.12224,2.54947,7.43203,2
10.4,0.12225,2.5495,7.43203,2
10.5,0.12225,2.54954,7.43204,2
10.6,0.12226,2.54957,7.43205,2
10.7,0.12227,2.54961,7.43205,2
10.8,0.12227,2.54964,7.43206,2
10.9,0.12228,2.54968,7.43206,2
11,0.12229,2.54971,7.43207,2
11.1,0.12229,2.54975,7.43207,2
11.2,0.1223,2.54978,7.43208,2
11.3,0.12231,2.54982,7.43208,2
11.4,0.12231,2.54985,7.43209,2
11.5,0.12232,2.54989,7.43209,2
11.6,0.12233,2.54992,7.4321,2
11.7,0.12233,2.54996,7.4321,2
11.8,0.12234,2.54999,7.43211,2
11.9,0.12234,2.55002,7.43211,2
12,0.12235,2.55006,7.43211,2
12.1,0.12236,2.55009,7.43212,2
12.2,0.12236,2.55012,7.43212,2
12.3,0.12237,2.55016,7.43213,2
12.4,0.12238,2.55019,7.43213,2
12.5,0.12238,2.55022,7.43214,2
12.6,0.12239,2.55026,7.43214,2
12.7,0.12239,2.55029,7.43215,2
12.8,0.1224,2.55032,7.43215,2
12.9,0.12241,2.55035,7.43215,2
13,0.12241,2.55039,7.43216,2
13.1,0.12242,2.55042,7.43216,2
13.2,0.12243,2.55045,7.43217,2
13.3,0.12243,2.55048,7.43217,2
13.4,0.12244,2.55051,7.43217,2
13.5,0.12244,2.55054,7.43218,2
13.6,0.12245,2.55058,7.43218,2
13.7,0.12246,2.55061,7.43219,2
13.8,0.12246,2.55064,7.43219,2
13.9,0.12247,2.55067,7.43219,2
14,0.12247,2.5507,7.4322,2
14.1,0.12248,2.55073,7.4322,2
14.2,0.12249,2.55076,7.4322,2
14.3,0.12249,2.55079,7.43221,2
14.4,0.1225,2.55082,7.43221,2
14.5,0.1225,2.55085,7.43221,2
14.6,0.12251,2.55088,7.43222,2
14.7,0.12251,2.55091,7.43222,2
14.8,0.12252,2.55094,7.43222,2
14.9,0.12253,2.55097,7.43223,2
15,0.12253,2.551,7.43223,2
15.1,0.12254,2.55103,7.43223,2
15.2,0.12254,2.55106,7.43224,2
15.3,0.12255,2.55109,7.43224,2
15.4,0.12255,2.55112,7.43224,2
15.5,0.12256,2.55114,7.43225,2
15.6,0.12257,2.55117,7.43225,2
15.7,0.12257,2.5512,7.43225,2
15.8,0.12258,2.55123,7.43225,2
15.9,0.12258,2.55126,7.43226,2
16,0.12259,2.55129,7.43226,2
16.1,0.12259,2.55131,7.43226,2
16.2,0.1226,2.55134,7.43227,2
16.3,0.12261,2.55137,7.43227,2
16.4,0.12261,2.5514,7.43227,2
16.5,0.12262,2.55143,7.43227,2
16.6,0.12262,2.55145,7.43228,2
16.7,0.12263,2.55148,7.43228,2
16.8,0.12263,2.55151,7.43228,2
16.9,0.12264,2.55153,7.43228,2
17,0.12264,2.55156,7.43228,2
17.1,0.12265,2.55159,7.43229,2
17.2,0.12265,2.55161,7.43229,2
17.3,0.12266,2.55164,7.43229,2
17.4,0.12267,2.55167,7.43229,2
17.5,0.12267,2.55169,7.4323,2
17.6,0.12268,2.55172,7.4323,2
17.7,0.12268,2.55175,7.4323,2
17.8,0.12269,2.55177,7.4323,2
17.9,0.12269,2.5518,7.4323,2
18,0.1227,2.55182,7.43231,2
18.1,0.1227,2.55185,7.43231,2
18.2,0.12271,2.55187,7.43231,2
18.3,0.12271,2.5519,7.43231,2
18.4,0.12272,2.55192,7.43231,2
18.5,0.12272,2.55195,7.43231,2
18.6,0.12273,2.55197,7.43232,2
18.7,0.12273,2.552,7.43232,2
18.8,0.12274,2.55202,7.43232,2
18.9,0.12274,2.55205,7.43232,2
19,0.12275,2.55207,7.43232,2
19.1,0.12275,2.5521,7.43232,2
19.2,0.12276,2.55212,7.43232,2
19.3,0.12276,2.55214,7.43233,2
19.4,0.12277,2.55217,7.43233,2
19.5,0.12277,2.55219,7.43233,2
19.6,0.12278,2.55221,7.43233,2
19.7,0.12278,2.55224,7.43233,2
19.8,0.12279,2.55226,7.43233,2
19.9,0.12279,2.55228,7.43233,2
20,0.1228,2.55231,7.43233,2
20.1,0.1228,2.55233,7.43234,2
20.2,0.12281,2.55235,7.43234,2
20.3,0.12281,2.55238,7.43234,2
20.4,0.12282,2.5524,7.43234,2
20.5,0.12282,2.55242,7.43234,2
20.6,0.12283,2.55244,7.43234,2
20.7,0.12283,2.55247,7.43234,2
20.8,0.12284,2.55249,7.43234,2
20.9,0.12284,2.55251,7.43234,2
21,0.12285,2.55253,7.43234,2
21.1,0.12285,2.55255,7.43234,2
21.2,0.12286,2.55258,7.43235,2
21.3,0.12286,2.5526,7.43235,2
21.4,0.12287,2.55262,7.43235,2
21.5,0.12287,2.55264,7.43235,2
21.6,0.12288,2.55266,7.43235,2
21.7,0.12288,2.55268,7.43235,2
21.8,0.12289,2.5527,7.43235,2
21.9,0.12289,2.55273,7.43235,2
22,0.1229,2.55275,7.43235,2
22.1,0.1229,2.55277,7.43235,2
22.2,0.12291,2.55279,7.43235,2
22.3,0.12291,2.55281,7.43235,2
22.4,0.12292,2.55283,7.43235,2
22.5,0.12292,2.55285,7.43235,2
22.6,0.12292,2.55287,7.43235,2
22.7,0.12293,2.55289,7.43235,2
22.8,0.12293,2.55291,7.43235,2
22.9,0.12294,2.55293,7.43235,2
23,0.12294,2.55295,7.43235,2
23.1,0.12295,2.55297,7.43235,2
23.2,0.12295,2.55299,7.43235,2
23.3,0.12296,2.55301,7.43235,2
23.4,0.12296,2.55303,7.43235,2
23.5,0.12297,2.55305,7.43235,2
23.6,0.12297,2.55307,7.43235,2
23.7,0.12298,2.55308,7.43235,2
23.8,0.12298,2.5531,7.43235,2
23.9,0.12298,2.55312,7.43235,2
24,0.12299,2.55314,7.43235,2
24.1,0.12299,2.55316,7.43235,2
24.2,0.123,2.55318,7.43235,2
24.3,0.123,2.5532,7.43235,2
24.4,0.12301,2.55321,7.43235,2
24.5,0.12301,2.55323,7.43235,2
24.6,0.12302,2.55325,7.43235,2
24.7,0.12302,2.55327,7.43235,2
24.8,0.12302,2.55329,7.43235,2
24.9,0.12303,2.5533,7.43235,2
25,0.12303,2.55332,7.43235,2
25.1,0.12304,2.55334,7.43235,2
25.2,0.12304,2.55336,7.43234,2
25.3,0.12305,2.55337,7.43234,2
25.4,0.12305,2.55339,7.43234,2
25.5,0.12306,2.55341,7.43234,2
25.6,0.12306,2.55343,7.43234,2
25.7,0.12306,2.55344,7.43234,2
25.8,0.12307,2.55346,7.43234,2
25.9,0.12307,2.55348,7.43234,2
26,0.12308,2.55349,7.43234,2
26.1,0.12308,2.55351,7.43234,2
26.2,0.12309,2.55353,7.43234,2
26.3,0.12309,2.55354,7.43234,2
26.4,0.12309,2.55356,7.43233,2
26.5,0.1231,2.55358,7.43233,2
26.6,0.1231,2.55359,7.43233,2
26.7,0.12311,2.55361,7.43233,2
26.8,0.12311,2.55362,7.43233,2
26.9,0.12312,2.55364,7.43233,2
27,0.12312,2.55365,7.43233,2
27.1,0.12312,2.55367,7.43233,2
27.2,0.12313,2.55369,7.43233,2
27.3,0.12313,2.5537,7.43232,2
27.4,0.12314,2.55372,7.43232,2
27.5,0.12314,2.55373,7.43232,2
27.6,0.12314,2.55375,7.43232,2
27.7,0.12315,2.55376,7.43232,2
27.8,0.12315,2.55378,7.43232,2
27.9,0.12316,2.55379,7.43232,2
28,0.12316,2.55381,7.43232,2
28.1,0.12317,2.55382,7.43231,2
28.2,0.12317,2.55384,7.43231,2
28.3,0.12317,2.55385,7.43231,2
28.4,0.12318,2.55386,7.43231,2
28.5,0.12318,2.55388,7.43231,2
28.6,0.12319,2.55389,7.43231,2
28.7,0.12319,2.55391,7.4323,2
28.8,0.12319,2.55392,7.4323,2
28.9,0.1232,2.55394,7.4323,2
29,0.1232,2.55395,7.4323,2
29.1,0.12321,2.55396,7.4323,2
29.2,0.12321,2.55398,7.4323,2
29.3,0.12321,2.55399,7.43229,2
29.4,0.12322,2.554,7.43229,2
29.5,0.12322,2.55402,7.43229,2
29.6,0.12323,2.55403,7.43229,2
29.7,0.12323,2.55404,7.43229,2
29.8,0.12323,2.55406,7.43229,2
29.9,0.12324,2.55407,7.43228,2
30,0.12324,2.55408,7.43228,2
30.1,0.12325,2.5541,7.43228,2
30.2,0.12325,2.55411,7.43228,2
30.3,0.12325,2.55412,7.43228,2
30.4,0.12326,2.55413,7.43227,2
30.5,0.12326,2.55415,7.43227,2
30.6,0.12327,2.55416,7.43227,2
30.7,0.12327,2.55417,7.43227,2
30.8,0.12327,2.55418,7.43227,2
30.9,0.12328,2.5542,7.43226,2
31,0.12328,2.55421,7.43226,2
31.1,0.12329,2.55422,7.43226,2
31.2,0.12329,2.55423,7.43226,2
31.3,0.12329,2.55424,7.43226,2
31.4,0.1233,2.55426,7.43225,2
31.5,0.1233,2.55427,7.43225,2
31.6,0.1233,2.55428,7.43225,2
31.7,0.12331,2.55429,7.43225,2
31.8,0.12331,2.5543,7.43224,2
31.9,0.12332,2.55431,7.43224,2
32,0.12332,2.55432,7.43224,2
32.1,0.12332,2.55434,7.43224,2
32.2,0.12333,2.55435,7.43223,2
32.3,0.12333,2.55436,7.43223,2
32.4,0.12334,2.55437,7.43223,2
32.5,0.12334,2.55438,7.43223,2
32.6,0.12334,2.55439,7.43223,2
32.7,0.12335,2.5544,7.43222,2
32.8,0.12335,2.55441,7.43222,2
32.9,0.12335,2.55442,7.43222,2
33,0.12336,2.55443,7.43222,2
33.1,0.12336,2.55444,7.43221,2
33.2,0.12337,2.55445,7.43221,2
33.3,0.12337,2.55446,7.43221,2
33.4,0.12337,2.55447,7.4322,2
33.5,0.12338,2.55448,7.4322,2
33.6,0.12338,2.55449,7.4322,2
33.7,0.12338,2.5545,7.4322,2
33.8,0.12339,2.55451,7.43219,2
33.9,0.12339,2.55452,7.43219,2
34,0.1234,2.55453,7.43219,2
34.1,0.1234,2.55454,7.43219,2
34.2,0.1234,2.55455,7.43218,2
34.3,0.12341,2.55456,7.43218,2
34.4,0.12341,2.55457,7.43218,2
34.5,0.12341,2.55458,7.43217,2
34.6,0.12342,2.55459,7.43217,2
34.7,0.12342,2.5546,7.43217,2
34.8,0.12342,2.55461,7.43217,2
34.9,0.12343,2.55462,7.43216,2
35,0.12343,2.55463,7.43216,2
35.1,0.12344,2.55464,7.43216,2
35.2,0.12344,2.55464,7.43215,2
35.3,0.12344,2.55465,7.43215,2
35.4,0.12345,2.55466,7.43215,2
35.5,0.12345,2.55467,7.43215,2
35.6,0.12345,2.55468,7.43214,2
35.7,0.12346,2.55469,7.43214,2
35.8,0.12346,2.5547,7.43214,2
35.9,0.12346,2.5547,7.43213,2
36,0.12347,2.55471,7.43213,2
36.1,0.12347,2.55472,7.43213,2
36.2,0.12348,2.55473,7.43212,2
36.3,0.12348,2.55474,7.43212,2
36.4,0.12348,2.55475,7.43212,2
36.5,0.12349,2.55475,7.43211,2
36.6,0.12349,2.55476,7.43211,2
36.7,0.12349,2.55477,7.43211,2
36.8,0.1235,2.55478,7.4321,2
36.9,0.1235,2.55478,7.4321,2
37,0.1235,2.55479,7.4321,2
37.1,0.12351,2.5548,7.4321,2
37.2,0.12351,2.55481,7.43209,2
37.3,0.12352,2.55481,7.43209,2
37.4,0.12352,2.55482,7.43209,2
37.5,0.12352,2.55483,7.43208,2
37.6,0.12353,2.55484,7.43208,2
37.7,0.12353,2.55484,7.43208,2
37.8,0.12353,2.55485,7.43207,2
37.9,0.12354,2.55486,7.43207,2
38,0.12354,2.55486,7.43207,2
38.1,0.12354,2.55487,7.43206,2
38.2,0.12355,2.55488,7.43206,2
38.3,0.12355,2.55488,7.43205,2
38.4,0.12355,2.55489,7.43205,2
38.5,0.12356,2.5549,7.43205,2
38.6,0.12356,2.5549,7.43204,2
38.7,0.12356,2.55491,7.43204,2
38.8,0.12357,2.55492,7.43204,2
38.9,0.12357,2.55492,7.43203,2
39,0.12357,2.55493,7.43203,2
39.1,0.12358,2.55494,7.43203,2
39.2,0.12358,2.55494,7.43202,2
39.3,0.12359,2.55495,7.43202,2
39.4,0.12359,2.55495,7.43202,2
39.5,0.12359,2.55496,7.43201,2
39.6,0.1236,2.55497,7.43201,2
39.7,0.1236,2.55497,7.43201,2
39.8,0.1236,2.55498,7.432,2
39.9,0.12361,2.55498,7.432,2
40,0.12361,2.55499,7.43199,2
40.1,0.12361,2.555,7.43199,2
40.2,0.12362,2.555,7.43199,2
40.3,0.12362,2.55501,7.43198,2
40.4,0.12362,2.55501,7.43198,2
40.5,0.12363,2.55502,7.43198,2
40.6,0.12363,2.55502,7.43197,2
40.7,0.12363,2.55503,7.43197,2
40.8,0.12364,2.55503,7.43196,2
40.9,0.12364,2.55504,7.43196,2
41,0.12364,2.55504,7.43196,2
41.1,0.12365,2.55505,7.43195,2
41.2,0.12365,2.55505,7.43195,2
41.3,0.12365,2.55506,7.43195,2
41.4,0.12366,2.55506,7.43194,2
41.5,0.12366,2.55507,7.43194,2
41.6,0.12366,2.55507,7.43193,2
41.7,0.12367,2.55508,7.43193,2
41.8,0.12367,2.55508,7.43193,2
41.9,0.12368,2.55509,7.43192,2
42,0.12368,2.55509,7.43192,2
42.1,0.12368,2.5551,7.43191,2
42.2,0.12369,2.5551,7.43191,2
42.3,0.12369,2.5551,7.43191,2
42.4,0.12369,2.55511,7.4319,2
42.5,0.1237,2.55511,7.4319,2
42.6,0.1237,2.55512,7.43189,2
42.7,0.1237,2.55512,7.43189,2
42.8,0.12371,2.55513,7.43189,2
42.9,0.12371,2.55513,7.43188,2
43,0.12371,2.55513,7.43188,2
43.1,0.12372,2.55514,7.43187,2
43.2,0.12372,2.55514,7.43187,2
43.3,0.12372,2.55515,7.43187,2
43.4,0.12373,2.55515,7.43186,2
43.5,0.12373,2.55515,7.43186,2
43.6,0.12373,2.55516,7.43185,2
43.7,0.12374,2.55516,7.43185,2
43.8,0.12374,2.55516,7.43185,2
43.9,0.12374,2.55517,7.43184,2
44,0.12375,2.55517,7.43184,2
44.1,0.12375,2.55518,7.43183,2
44.2,0.12375,2.55518,7.43183,2
44.3,0.12376,2.55518,7.43183,2
44.4,0.12376,2.55519,7.43182,2
44.5,0.12376,2.55519,7.43182,2
44.6,0.12377,2.55519,7.43181,2
44.7,0.12377,2.55519,7.43181,2
44.8,0.12377,2.5552,7.4318,2
44.9,0.12378,2.5552,7.4318,2
45,0.12378,2.5552,7.4318,2
45.1,0.12378,2.55521,7.43179,2
45.2,0.12379,2.55521,7.43179,2
45.3,0.12379,2.55521,7.43178,2
45.4,0.12379,2.55522,7.43178,2
45.5,0.1238,2.55522,7.43177,2
45.6,0.1238,2.55522,7.43177,2
45.7,0.1238,2.55522,7.43177,2
45.8,0.12381,2.55523,7.43176,2
45.9,0.12381,2.55523,7.43176,2
46,0.12381,2.55523,7.43175,2
46.1,0.12382,2.55523,7.43175,2
46.2,0.12382,2.55524,7.43174,2
46.3,0.12382,2.55524,7.43174,2
46.4,0.12383,2.55524,7.43174,2
46.5,0.12383,2.55524,7.43173,2
46.6,0.12383,2.55525,7.43173,2
46.7,0.12384,2.55525,7.43172,2
46.8,0.12384,2.55525,7.43172,2
46.9,0.12384,2.55525,7.43171,2
47,0.12385,2.55526,7.43171,2
47.1,0.12385,2.55526,7.43171,2
47.2,0.12385,2.55526,7.4317,2
47.3,0.12386,2.55526,7.4317,2
47.4,0.12386,2.55526,7.43169,2
47.5,0.12386,2.55527,7.43169,2
47.6,0.12387,2.55527,7.43168,2
47.7,0.12387,2.55527,7.43168,2
47.8,0.12387,2.55527,7.43167,2
47.9,0.12388,2.55527,7.43167,2
48,0.12388,2.55527,7.43167,2
48.1,0.12388,2.55528,7.43166,2
48.2,0.12389,2.55528,7.43166,2
48.3,0.12389,2.55528,7.43165,2
48.4,0.12389,2.55528,7.43165,2
48.5,0.1239,2.55528,7.43164,2
48.6,0.1239,2.55528,7.43164,2
48.7,0.1239,2.55529,7.43163,2
48.8,0.12391,2.55529,7.43163,2
48.9,0.12391,2.55529,7.43163,2
49,0.12391,2.55529,7.43162,2
49.1,0.12392,2.55529,7.43162,2
49.2,0.12392,2.55529,7.43161,2
49.3,0.12392,2.55529,7.43161,2
49.4,0.12393,2.5553,7.4316,2
49.5,0.12393,2.5553,7.4316,2
49.6,0.12393,2.5553,7.43159,2
49.7,0.12394,2.5553,7.43159,2
49.8,0.12394,2.5553,7.43159,2
49.9,0.12394,2.5553,7.43158,2
50,0.12395,2.5553,7.43158,2
50.1,0.12395,2.5553,7.43157,2
50.2,0.12395,2.5553,7.43157,2
50.3,0.12396,2.5553,7.43156,2
50.4,0.12396,2.55531,7.43156,2
50.5,0.12396,2.55531,7.43155,2
50.6,0.12397,2.55531,7.43155,2
50.7,0.12397,2.55531,7.43154,2
50.8,0.12397,2.55531,7.43154,2
50.9,0.12398,2.55531,7.43153,2
51,0.12398,2.55531,7.43153,2
51.1,0.12398,2.55531,7.43153,2
51.2,0.12399,2.55531,7.43152,2
51.3,0.12399,2.55531,7.43152,2
51.4,0.12399,2.55531,7.43151,2
51.5,0.124,2.55531,7.43151,2
51.6,0.124,2.55531,7.4315,2
51.7,0.124,2.55531,7.4315,2
51.8,0.12401,2.55531,7.43149,2
51.9,0.12401,2.55531,7.43149,2
52,0.12401,2.55531,7.43148,2
52.1,0.12402,2.55531,7.43148,2
52.2,0.12402,2.55532,7.43147,2
52.3,0.12402,2.55532,7.43147,2
52.4,0.12403,2.55532,7.43147,2
52.5,0.12403,2.55532,7.43146,2
52.6,0.12403,2.55532,7.43146,2
52.7,0.12404,2.55532,7.43145,2
52.8,0.12404,2.55532,7.43145,2
52.9,0.12405,2.55532,7.43144,2
53,0.12405,2.55532,7.43144,2
53.1,0.12405,2.55532,7.43143,2
53.2,0.12406,2.55532,7.43143,2
53.3,0.12406,2.55532,7.43142,2
53.4,0.12406,2.55532,7.43142,2
53.5,0.12407,2.55532,7.43141,2
53.6,0.12407,2.55532,7.43141,2
53.7,0.12407,2.55532,7.4314,2
53.8,0.12408,2.55532,7.4314,2
53.9,0.12408,2.55532,7.43139,2
54,0.12408,2.55531,7.43139,2
54.1,0.12409,2.55531,7.43139,2
54.2,0.12409,2.55531,7.43138,2
54.3,0.12409,2.55531,7.43138,2
54.4,0.1241,2.55531,7.43137,2
54.5,0.1241,2.55531,7.43137,2
54.6,0.1241,2.55531,7.43136,2
54.7,0.12411,2.55531,7.43136,2
54.8,0.12411,2.55531,7.43135,2
54.9,0.12411,2.55531,7.43135,2
55,0.12412,2.55531,7.43134,2
55.1,0.12412,2.55531,7.43134,1
55.2,0.12412,2.55531,7.43133,1
55.3,0.12413,2.55531,7.43133,1
55.4,0.12413,2.55531,7.43132,1
55.5,0.12413,2.55531,7.43132,1
55.6,0.12414,2.55531,7.43131,1
55.7,0.12414,2.55531,7.43131,1
55.8,0.12414,2.55531,7.4313,1
55.9,0.12415,2.55531,7.4313,1
56,0.12415,2.5553,7.43129,1
56.1,0.12415,2.5553,7.43129,1
56.2,0.12416,2.5553,7.43129,1
56.3,0.12416,2.5553,7.43128,1
56.4,0.12416,2.5553,7.43128,1
56.5,0.12417,2.5553,7.43127,1
56.6,0.12417,2.5553,7.43127,1
56.7,0.12417,2.5553,7.43126,1
56.8,0.12418,2.5553,7.43126,1
56.9,0.12418,2.5553,7.43125,1
57,0.12418,2.5553,7.43125,1
57.1,0.12419,2.55529,7.43124,1
57.2,0.12419,2.55529,7.43124,1
57.3,0.12419,2.55529,7.43123,1
57.4,0.1242,2.55529,7.43123,1
57.5,0.1242,2.55529,7.43122,1
57.6,0.1242,2.55529,7.43122,1
57.7,0.12421,2.55529,7.43121,1
57.8,0.12421,2.55529,7.43121,1
57.9,0.12421,2.55529,7.4312,1
58,0.12422,2.55529,7.4312,1
58.1,0.12422,2.55528,7.43119,1
58.2,0.12422,2.55528,7.43119,1
58.3,0.12423,2.55528,7.43118,1
58.4,0.12423,2.55528,7.43118,1
58.5,0.12423,2.55528,7.43117,1
58.6,0.12424,2.55528,7.43117,1
58.7,0.12424,2.55528,7.43116,1
58.8,0.12425,2.55528,7.43116,1
58.9,0.12425,2.55527,7.43116,1
59,0.12425,2.55527,7.43115,1
59.1,0.12426,2.55527,7.43115,1
59.2,0.12426,2.55527,7.43114,1
59.3,0.12426,2.55527,7.43114,1
59.4,0.12427,2.55527,7.43113,1
59.5,0.12427,2.55527,7.43113,1
59.6,0.12427,2.55526,7.43112,1
59.7,0.12428,2.55526,7.43112,1
59.8,0.12428,2.55526,7.43111,1
59.9,0.12428,2.55526,7.43111,1
60,0.12429,2.55526,7.4311,1
60.1,0.12429,2.55526,7.4311,1
60.2,0.12429,2.55526,7.43109,1
60.3,0.1243,2.55525,7.43109,1
60.4,0.1243,2.55525,7.43108,1
60.5,0.1243,2.55525,7.43108,1
60.6,0.12431,2.55525,7.43107,1
60.7,0.12431,2.55525,7.43107,1
60.8,0.12431,2.55525,7.43106,1
60.9,0.12432,2.55524,7.43106,1
61,0.12432,2.55524,7.43105,1
61.1,0.12432,2.55524,7.43105,1
61.2,0.12433,2.55524,7.43104,1
61.3,0.12433,2.55524,7.43104,1
61.4,0.12434,2.55524,7.43103,1
61.5,0.12434,2.55523,7.43103,1
61.6,0.12434,2.55523,7.43102,1
61.7,0.12435,2.55523,7.43102,1
61.8,0.12435,2.55523,7.43101,1
61.9,0.12435,2.55523,7.43101,1
62,0.12436,2.55523,7.43101,1
62.1,0.12436,2.55522,7.431,1
62.2,0.12436,2.55522,7.431,1
62.3,0.12437,2.55522,7.43099,1
62.4,0.12437,2.55522,7.43099,1
62.5,0.12437,2.55522,7.43098,1
62.6,0.12438,2.55521,7.43098,1
62.7,0.12438,2.55521,7.43097,1
62.8,0.12438,2.55521,7.43097,1
62.9,0.12439,2.55521,7.43096,1
63,0.12439,2.55521,7.43096,1
63.1,0.12439,2.55521,7.43095,1
63.2,0.1244,2.5552,7.43095,1
63.3,0.1244,2.5552,7.43094,1
63.4,0.12441,2.5552,7.43094,1
63.5,0.12441,2.5552,7.43093,1
63.6,0.12441,2.5552,7.43093,1
63.7,0.12442,2.55519,7.43092,1
63.8,0.12442,2.55519,7.43092,1
63.9,0.12442,2.55519,7.43091,1
64,0.12443,2.55519,7.43091,1
64.1,0.12443,2.55519,7.4309,1
64.2,0.12443,2.55518,7.4309,1
64.3,0.12444,2.55518,7.43089,1
64.4,0.12444,2.55518,7.43089,1
64.5,0.12444,2.55518,7.43088,1
64.6,0.12445,2.55518,7.43088,1
64.7,0.12445,2.55517,7.43087,1
64.8,0.12445,2.55517,7.43087,1
64.9,0.12446,2.55517,7.43086,1
65,0.12446,2.55517,7.43086,1
65.1,0.12447,2.55517,7.43086,1
65.2,0.12447,2.55516,7.43085,1
65.3,0.12447,2.55516,7.43085,1
65.4,0.12448,2.55516,7.43084,1
65.5,0.12448,2.55516,7.43084,1
65.6,0.12448,2.55516,7.43083,1
65.7,0.12449,2.55515,7.43083,1
65.8,0.12449,2.55515,7.43082,1
65.9,0.12449,2.55515,7.43082,1
66,0.1245,2.55515,7.43081,1
66.1,0.1245,2.55515,7.43081,1
66.2,0.1245,2.55514,7.4308,1
66.3,0.12451,2.55514,7.4308,1
66.4,0.12451,2.55514,7.43079,1
66.5,0.12452,2.55514,7.43079,1
66.6,0.12452,2.55514,7.43078,1
66.7,0.12452,2.55513,7.43078,1
66.8,0.12453,2.55513,7.43077,1
66.9,0.12453,2.55513,7.43077,1
67,0.12453,2.55513,7.43076,1
67.1,0.12454,2.55512,7.43076,1
67.2,0.12454,2.55512,7.43075,1
67.3,0.12454,2.55512,7.43075,1
67.4,0.12455,2.55512,7.43074,1
67.5,0.12455,2.55512,7.43074,1
67.6,0.12456,2.55511,7.43074,1
67.7,0.12456,2.55511,7.43073,1
67.8,0.12456,2.55511,7.43073,1
67.9,0.12457,2.55511,7.43072,1
68,0.12457,2.55511,7.43072,1
68.1,0.12457,2.5551,7.43071,1
68.2,0.12458,2.5551,7.43071,1
68.3,0.12458,2.5551,7.4307,1
68.4,0.12458,2.5551,7.4307,1
68.5,0.12459,2.55509,7.43069,1
68.6,0.12459,2.55509,7.43069,1
68.7,0.1246,2.55509,7.43068,1
68.8,0.1246,2.55509,7.43068,1
68.9,0.1246,2.55509,7.43067,1
69,0.12461,2.55508,7.43067,1
69.1,0.12461,2.55508,7.43066,1
69.2,0.12461,2.55508,7.43066,1
69.3,0.12462,2.55508,7.43065,1
69.4,0.12462,2.55508,7.43065,1
69.5,0.12462,2.55507,7.43064,1
69.6,0.12463,2.55507,7.43064,1
69.7,0.12463,2.55507,7.43063,1
69.8,0.12464,2.55507,7.43063,1
69.9,0.12464,2.55506,7.43063,1
70,0.12464,2.55506,7.43062,1
70.1,0.12465,2.55506,7.43062,1
70.2,0.12465,2.55506,7.43061,1
70.3,0.12465,2.55506,7.43061,1
70.4,0.12466,2.55505,7.4306,1
70.5,0.12466,2.55505,7.4306,1
70.6,0.12467,2.55505,7.43059,1
70.7,0.12467,2.55505,7.43059,1
70.8,0.12467,2.55505,7.43058,1
70.9,0.12468,2.55504,7.43058,1
71,0.12468,2.55504,7.43057,1
71.1,0.12468,2.55504,7.43057,1
71.2,0.12469,2.55504,7.43056,1
71.3,0.12469,2.55504,7.43056,1
71.4,0.1247,2.55503,7.43055,1
71.5,0.1247,2.55503,7.43055,1
71.6,0.1247,2.55503,7.43054,1
71.7,0.12471,2.55503,7.43054,1
71.8,0.12471,2.55502,7.43054,1
71.9,0.12471,2.55502,7.43053,1
72,0.12472,2.55502,7.43053,1
72.1,0.12472,2.55502,7.43052,1
72.2,0.12472,2.55502,7.43052,1
72.3,0.12473,2.55501,7.43051,1
72.4,0.12473,2.55501,7.43051,1
72.5,0.12474,2.55501,7.4305,1
72.6,0.12474,2.55501,7.4305,1
72.7,0.12474,2.55501,7.43049,1
72.8,0.12475,2.555,7.43049,1
72.9,0.12475,2.555,7.43048,1
73,0.12475,2.555,7.43048,1
73.1,0.12476,2.555,7.43047,1
73.2,0.12476,2.555,7.43047,1
73.3,0.12477,2.55499,7.43047,1
73.4,0.12477,2.55499,7.43046,1
73.5,0.12477,2.55499,7.43046,1
73.6,0.12478,2.55499,7.43045,1
73.7,0.12478,2.55499,7.43045,1
73.8,0.12479,2.55498,7.43044,1
73.9,0.12479,2.55498,7.43044,1
74,0.12479,2.55498,7.43043,1
74.1,0.1248,2.55498,7.43043,1
74.2,0.1248,2.55498,7.43042,1
74.3,0.1248,2.55498,7.43042,1
74.4,0.12481,2.55497,7.43041,1
74.5,0.12481,2.55497,7.43041,1
74.6,0.12482,2.55497,7.4304,1
74.7,0.12482,2.55497,7.4304,1
74.8,0.12482,2.55497,7.4304,1
74.9,0.12483,2.55496,7.43039,1
75,0.12483,2.55496,7.43039,1
75.1,0.12483,2.55496,7.43038,1
75.2,0.12484,2.55496,7.43038,1
75.3,0.12484,2.55496,7.43037,1
75.4,0.12485,2.55495,7.43037,1
75.5,0.12485,2.55495,7.43036,1
75.6,0.12485,2.55495,7.43036,1
75.7,0.12486,2.55495,7.43035,1
75.8,0.12486,2.55495,7.43035,1
75.9,0.12487,2.55495,7.43034,1
76,0.12487,2.55494,7.43034,1
76.1,0.12487,2.55494,7.43034,1
76.2,0.12488,2.55494,7.43033,1
76.3,0.12488,2.55494,7.43033,1
76.4,0.12488,2.55494,7.43032,1
76.5,0.12489,2.55494,7.43032,1
76.6,0.12489,2.55493,7.43031,1
76.7,0.1249,2.55493,7.43031,1
76.8,0.1249,2.55493,7.4303,1
76.9,0.1249,2.55493,7.4303,1
77,0.12491,2.55493,7.43029,1
77.1,0.12491,2.55493,7.43029,1
77.2,0.12492,2.55492,7.43028,1
77.3,0.12492,2.55492,7.43028,1
77.4,0.12492,2.55492,7.43028,1
77.5,0.12493,2.55492,7.43027,1
77.6,0.12493,2.55492,7.43027,1
77.7,0.12493,2.55492,7.43026,1
77.8,0.12494,2.55491,7.43026,1
77.9,0.12494,2.55491,7.43025,1
78,0.12495,2.55491,7.43025,1
78.1,0.12495,2.55491,7.43024,1
78.2,0.12495,2.55491,7.43024,1
78.3,0.12496,2.55491,7.43023,1
78.4,0.12496,2.55491,7.43023,1
78.5,0.12497,2.5549,7.43023,1
78.6,0.12497,2.5549,7.43022,1
78.7,0.12497,2.5549,7.43022,1
78.8,0.12498,2.5549,7.43021,1
78.9,0.12498,2.5549,7.43021,1
79,0.12499,2.5549,7.4302,1
79.1,0.12499,2.5549,7.4302,1
79.2,0.12499,2.55489,7.43019,1
79.3,0.125,2.55489,7.43019,1
79.4,0.125,2.55489,7.43018,1
79.5,0.12501,2.55489,7.43018,1
79.6,0.12501,2.55489,7.43018,1
79.7,0.12501,2.55489,7.43017,1
79.8,0.12502,2.55489,7.43017,1
79.9,0.12502,2.55488,7.43016,1
80,0.12502,2.55488,7.43016,1
80.1,0.12503,2.55488,7.43015,2
80.2,0.12503,2.55488,7.43015,2
80.3,0.12504,2.55488,7.43014,2
80.4,0.12504,2.55488,7.43014,2
80.5,0.12504,2.55488,7.43014,2
80.6,0.12505,2.55488,7.43013,2
80.7,0.12505,2.55488,7.43013,2
80.8,0.12506,2.55487,7.43012,2
80.9,0.12506,2.55487,7.43012,2
81,0.12506,2.55487,7.43011,2
81.1,0.12507,2.55487,7.43011,2
81.2,0.12507,2.55487,7.4301,2
81.3,0.12508,2.55487,7.4301,2
81.4,0.12508,2.55487,7.4301,2
81.5,0.12508,2.55487,7.43009,2
81.6,0.12509,2.55487,7.43009,2
81.7,0.12509,2.55486,7.43008,2
81.8,0.1251,2.55486,7.43008,2
81.9,0.1251,2.55486,7.43007,2
82,0.1251,2.55486,7.43007,2
82.1,0.12511,2.55486,7.43006,2
82.2,0.12511,2.55486,7.43006,2
82.3,0.12512,2.55486,7.43006,2
82.4,0.12512,2.55486,7.43005,2
82.5,0.12512,2.55486,7.43005,2
82.6,0.12513,2.55486,7.43004,2
82.7,0.12513,2.55486,7.43004,2
82.8,0.12514,2.55486,7.43003,2
82.9,0.12514,2.55485,7.43003,2
83,0.12514,2.55485,7.43002,2
83.1,0.12515,2.55485,7.43002,2
83.2,0.12515,2.55485,7.43002,2
83.3,0.12516,2.55485,7.43001,2
83.4,0.12516,2.55485,7.43001,2
83.5,0.12516,2.55485,7.43,2
83.6,0.12517,2.55485,7.43,2
83.7,0.12517,2.55485,7.42999,2
83.8,0.12518,2.55485,7.42999,2
83.9,0.12518,2.55485,7.42998,2
84,0.12518,2.55485,7.42998,2
84.1,0.12519,2.55485,7.42998,2
84.2,0.12519,2.55485,7.42997,2
84.3,0.1252,2.55485,7.42997,2
84.4,0.1252,2.55485,7.42996,2
84.5,0.1252,2.55484,7.42996,2
84.6,0.12521,2.55484,7.42995,2
84.7,0.12521,2.55484,7.42995,2
84.8,0.12522,2.55484,7.42995,2
84.9,0.12522,2.55484,7.42994,2
85,0.12522,2.55484,7.42994,2
85.1,0.12523,2.55484,7.42993,1
85.2,0.12523,2.55484,7.42993,1
85.3,0.12524,2.55484,7.42992,1
85.4,0.12524,2.55484,7.42992,1
85.5,0.12524,2.55484,7.42992,1
85.6,0.12525,2.55484,7.42991,1
85.7,0.12525,2.55484,7.42991,1
85.8,0.12526,2.55484,7.4299,1
85.9,0.12526,2.55484,7.4299,1
86,0.12527,2.55484,7.42989,1
86.1,0.12527,2.55484,7.42989,1
86.2,0.12527,2.55484,7.42989,1
86.3,0.12528,2.55484,7.42988,1
86.4,0.12528,2.55484,7.42988,1
86.5,0.12529,2.55484,7.42987,1
86.6,0.12529,2.55484,7.42987,1
86.7,0.12529,2.55484,7.42986,1
86.8,0.1253,2.55484,7.42986,1
86.9,0.1253,2.55484,7.42985,1
87,0.12531,2.55484,7.42985,1
87.1,0.12531,2.55484,7.42985,1
87.2,0.12531,2.55484,7.42984,1
87.3,0.12532,2.55484,7.42984,1
87.4,0.12532,2.55484,7.42983,1
87.5,0.12533,2.55484,7.42983,1
87.6,0.12533,2.55484,7.42982,1
87.7,0.12533,2.55484,7.42982,1
87.8,0.12534,2.55484,7.42982,1
87.9,0.12534,2.55484,7.42981,1
88,0.12535,2.55484,7.42981,1
88.1,0.12535,2.55484,7.4298,1
88.2,0.12536,2.55484,7.4298,1
88.3,0.12536,2.55484,7.42979,1
88.4,0.12536,2.55484,7.42979,1
88.5,0.12537,2.55484,7.42979,1
88.6,0.12537,2.55484,7.42978,1
88.7,0.12538,2.55485,7.42978,1
88.8,0.12538,2.55485,7.42977,1
88.9,0.12538,2.55485,7.42977,1
89,0.12539,2.55485,7.42977,1
89.1,0.12539,2.55485,7.42976,1
89.2,0.1254,2.55485,7.42976,1
89.3,0.1254,2.55485,7.42975,1
89.4,0.1254,2.55485,7.42975,1
89.5,0.12541,2.55485,7.42974,1
89.6,0.12541,2.55485,7.42974,1
89.7,0.12542,2.55485,7.42974,1
89.8,0.12542,2.55485,7.42973,1
89.9,0.12543,2.55485,7.42973,1
90,0.12543,2.55485,7.42972,1
90.1,0.12543,2.55485,7.42972,1
90.2,0.12544,2.55486,7.42971,1
90.3,0.12544,2.55486,7.42971,1
90.4,0.12545,2.55486,7.42971,1
90.5,0.12545,2.55486,7.4297,1
90.6,0.12545,2.55486,7.4297,1
90.7,0.12546,2.55486,7.42969,1
90.8,0.12546,2.55486,7.42969,1
90.9,0.12547,2.55486,7.42969,1
91,0.12547,2.55486,7.42968,1
91.1,0.12548,2.55486,7.42968,1
91.2,0.12548,2.55487,7.42967,1
91.3,0.12548,2.55487,7.42967,1
91.4,0.12549,2.55487,7.42966,1
91.5,0.12549,2.55487,7.42966,1
91.6,0.1255,2.55487,7.42966,1
91.7,0.1255,2.55487,7.42965,1
91.8,0.1255,2.55487,7.42965,1
91.9,0.12551,2.55487,7.42964,1
92,0.12551,2.55487,7.42964,1
92.1,0.12552,2.55488,7.42963,1
92.2,0.12552,2.55488,7.42963,1
92.3,0.12553,2.55488,7.42963,1
92.4,0.12553,2.55488,7.42962,1
92.5,0.12553,2.55488,7.42962,1
92.6,0.12554,2.55488,7.42961,1
92.7,0.12554,2.55488,7.42961,1
92.8,0.12555,2.55489,7.42961,1
92.9,0.12555,2.55489,7.4296,1
93,0.12555,2.55489,7.4296,1
93.1,0.12556,2.55489,7.42959,1
93.2,0.12556,2.55489,7.42959,1
93.3,0.12557,2.55489,7.42958,1
93.4,0.12557,2.5549,7.42958,1
93.5,0.12558,2.5549,7.42958,1
93.6,0.12558,2.5549,7.42957,1
93.7,0.12558,2.5549,7.42957,1
93.8,0.12559,2.5549,7.42956,1
93.9,0.12559,2.5549,7.42956,1
94,0.1256,2.55491,7.42956,1
94.1,0.1256,2.55491,7.42955,1
94.2,0.1256,2.55491,7.42955,1
94.3,0.12561,2.55491,7.42954,1
94.4,0.12561,2.55491,7.42954,1
94.5,0.12562,2.55492,7.42954,1
94.6,0.12562,2.55492,7.42953,1
94.7,0.12563,2.55492,7.42953,1
94.8,0.12563,2.55492,7.42952,1
94.9,0.12563,2.55492,7.42952,1
95,0.12564,2.55493,7.42951,1
95.1,0.12564,2.55493,7.42951,1
95.2,0.12565,2.55493,7.42951,1
95.3,0.12565,2.55493,7.4295,1
95.4,0.12566,2.55494,7.4295,1
95.5,0.12566,2.55494,7.42949,1
95.6,0.12566,2.55494,7.42949,1
95.7,0.12567,2.55494,7.42949,1
95.8,0.12567,2.55494,7.42948,1
95.9,0.12568,2.55495,7.42948,1
96,0.12568,2.55495,7.42947,1
96.1,0.12568,2.55495,7.42947,1
96.2,0.12569,2.55495,7.42947,1
96.3,0.12569,2.55496,7.42946,1
96.4,0.1257,2.55496,7.42946,1
96.5,0.1257,2.55496,7.42945,1
96.6,0.12571,2.55496,7.42945,1
96.7,0.12571,2.55497,7.42945,1
96.8,0.12571,2.55497,7.42944,1
96.9,0.12572,2.55497,7.42944,1
97,0.12572,2.55498,7.42943,1
97.1,0.12573,2.55498,7.42943,1
97.2,0.12573,2.55498,7.42942,1
97.3,0.12574,2.55498,7.42942,1
97.4,0.12574,2.55499,7.42942,1
97.5,0.12574,2.55499,7.42941,1
97.6,0.12575,2.55499,7.42941,1
97.7,0.12575,2.55499,7.4294,1
97.8,0.12576,2.555,7.4294,1
97.9,0.12576,2.555,7.4294,1
98,0.12576,2.555,7.42939,1
98.1,0.12577,2.55501,7.42939,1
98.2,0.12577,2.55501,7.42938,1
98.3,0.12578,2.55501,7.42938,1
98.4,0.12578,2.55502,7.42938,1
98.5,0.12579,2.55502,7.42937,1
98.6,0.12579,2.55502,7.42937,1
98.7,0.12579,2.55503,7.42936,1
98.8,0.1258,2.55503,7.42936,1
98.9,0.1258,2.55503,7.42936,1
99,0.12581,2.55504,7.42935,1
99.1,0.12581,2.55504,7.42935,1
99.2,0.12582,2.55504,7.42934,1
99.3,0.12582,2.55505,7.42934,1
99.4,0.12582,2.55505,7.42934,1
99.5,0.12583,2.55505,7.42933,1
99.6,0.12583,2.55506,7.42933,1
99.7,0.12584,2.55506,7.42932,1
99.8,0.12584,2.55506,7.42932,1
99.9,0.12585,2.55507,7.42931,1
100,0.12585,2.55507,7.42931,1
100.1,0.12585,2.55507,7.42931,1
100.2,0.12586,2.55507,7.4293,1
100.3,0.12586,2.55507,7.4293,1
100.4,0.12586,2.55507,7.42929,1
100.5,0.12587,2.55507,7.42929,1
100.6,0.12587,2.55507,7.42929,1
100.7,0.12588,2.55507,7.42928,1
100.8,0.12588,2.55508,7.42928,1
100.9,0.12588,2.55508,7.42927,1
101,0.12589,2.55508,7.42927,1
101.1,0.12589,2.55508,7.42927,1
101.2,0.1259,2.55508,7.42926,1
101.3,0.1259,2.55508,7.42926,1
101.4,0.1259,2.55508,7.42926,1
101.5,0.12591,2.55508,7.42925,1
101.6,0.12591,2.55508,7.42925,1
101.7,0.12592,2.55508,7.42924,1
101.8,0.12592,2.55508,7.42924,1
101.9,0.12592,2.55508,7.42924,1
102,0.12593,2.55508,7.42923,1
102.1,0.12593,2.55508,7.42923,1
102.2,0.12594,2.55509,7.42922,1
102.3,0.12594,2.55509,7.42922,1
102.4,0.12595,2.55509,7.42922,1
102.5,0.12595,2.5551,7.42921,1
102.6,0.12595,2.5551,7.42921,1
102.7,0.12596,2.55511,7.42921,1
102.8,0.12596,2.55511,7.4292,1
102.9,0.12597,2.55511,7.4292,1
103,0.12597,2.55512,7.42919,1
103.1,0.12598,2.55513,7.42919,1
103.2,0.12598,2.55513,7.42919,1
103.3,0.12598,2.55514,7.42918,1
103.4,0.12599,2.55514,7.42918,1
103.5,0.12599,2.55515,7.42918,1
103.6,0.126,2.55515,7.42917,1
103.7,0.126,2.55516,7.42917,1
103.8,0.126,2.55517,7.42917,1
103.9,0.12601,2.55517,7.42916,1
104,0.12601,2.55518,7.42916,1
104.1,0.12602,2.55519,7.42915,1
104.2,0.12602,2.55519,7.42915,1
104.3,0.12603,2.55519,7.42915,1
104.4,0.12603,2.5552,7.42914,1
104.5,0.12603,2.55521,7.42914,1
104.6,0.12604,2.55521,7.42914,1
104.7,0.12604,2.55522,7.42913,1
104.8,0.12605,2.55523,7.42913,1
104.9,0.12605,2.55523,7.42912,1
105,0.12606,2.55524,7.42912,1
105.1,0.12606,2.55525,7.42911,1
105.2,0.12607,2.55526,7.42911,1
105.3,0.12607,2.55526,7.4291,1
105.4,0.12607,2.55527,7.4291,1
105.5,0.12608,2.55527,7.42909,1
105.6,0.12608,2.55527,7.42909,1
105.7,0.12609,2.55527,7.42908,1
105.8,0.12609,2.55528,7.42908,1
105.9,0.1261,2.55528,7.42907,1
106,0.1261,2.55529,7.42907,1
106.1,0.1261,2.55529,7.42907,1
106.2,0.12611,2.5553,7.42906,1
106.3,0.12611,2.5553,7.42906,1
106.4,0.12612,2.55531,7.42905,1
106.5,0.12612,2.55531,7.42905,1
106.6,0.12613,2.55532,7.42904,1
106.7,0.12613,2.55532,7.42904,1
106.8,0.12614,2.55533,7.42903,1
106.9,0.12614,2.55533,7.42903,1
107,0.12614,2.55534,7.42902,1
107.1,0.12615,2.55535,7.42902,1
107.2,0.12615,2.55535,7.42901,1
107.3,0.12616,2.55536,7.42901,1
107.4,0.12616,2.55537,7.42901,1
107.5,0.12617,2.55537,7.429,1
107.6,0.12617,2.55538,7.429,1
107.7,0.12617,2.55539,7.42899,1
107.8,0.12618,2.5554,7.42899,1
107.9,0.12618,2.55541,7.42898,1
108,0.12619,2.55542,7.42898,1
108.1,0.12619,2.55543,7.42897,1
108.2,0.1262,2.55544,7.42897,1
108.3,0.1262,2.55545,7.42896,1
108.4,0.1262,2.55546,7.42896,1
108.5,0.12621,2.55547,7.42895,1
108.6,0.12621,2.55548,7.42895,1
108.7,0.12622,2.55549,7.42894,1
108.8,0.12622,2.5555,7.42894,1
108.9,0.12622,2.55551,7.42893,1
109,0.12623,2.55552,7.42893,1
109.1,0.12623,2.55553,7.42893,1
109.2,0.12624,2.55554,7.42892,1
109.3,0.12624,2.55556,7.42892,1
109.4,0.12624,2.55557,7.42891,1
109.5,0.12625,2.55558,7.42891,1
109.6,0.12625,2.55559,7.4289,1
109.7,0.12626,2.5556,7.4289,1
109.8,0.12626,2.55561,7.42889,1
109.9,0.12627,2.55562,7.42889,1
110,0.12627,2.55563,7.42888,1
110.1,0.12627,2.55564,7.42888,1
110.2,0.12628,2.55565,7.42887,1
110.3,0.12628,2.55566,7.42887,1
110.4,0.12629,2.55567,7.42887,1
110.5,0.12629,2.55568,7.42886,1
110.6,0.12629,2.55569,7.42886,1
110.7,0.1263,2.5557,7.42885,1
110.8,0.1263,2.55571,7.42885,1
110.9,0.12631,2.55572,7.42884,1
111,0.12631,2.55573,7.42884,1
111.1,0.12631,2.55574,7.42883,1
111.2,0.12632,2.55575,7.42883,1
111.3,0.12632,2.55576,7.42882,1
111.4,0.12633,2.55577,7.42882,1
111.5,0.12633,2.55579,7.42882,1
111.6,0.12633,2.5558,7.42881,1
111.7,0.12634,2.55581,7.42881,1
111.8,0.12634,2.55582,7.4288,1
111.9,0.12635,2.55583,7.4288,1
112,0.12635,2.55584,7.42879,1
112.1,0.12635,2.55585,7.42879,1
112.2,0.12636,2.55586,7.42878,1
112.3,0.12636,2.55587,7.42878,1
112.4,0.12637,2.55588,7.42877,1
112.5,0.12637,2.55589,7.42877,1
112.6,0.12637,2.5559,7.42876,1
112.7,0.12638,2.55591,7.42876,1
112.8,0.12638,2.55592,7.42876,1
112.9,0.12639,2.55593,7.42875,1
113,0.12639,2.55594,7.42875,1
113.1,0.12639,2.55596,7.42874,1
113.2,0.1264,2.55597,7.42874,1
113.3,0.1264,2.55598,7.42873,1
113.4,0.12641,2.55599,7.42873,1
113.5,0.12641,2.556,7.42872,1
113.6,0.12641,2.55601,7.42872,1
113.7,0.12642,2.55602,7.42871,1
113.8,0.12642,2.55603,7.42871,1
113.9,0.12643,2.55604,7.4287,1
114,0.12643,2.55606,7.4287,1
114.1,0.12643,2.55607,7.42869,1
114.2,0.12644,2.55608,7.42869,1
114.3,0.12644,2.55609,7.42868,1
114.4,0.12645,2.5561,7.42868,1
114.5,0.12645,2.55611,7.42867,1
114.6,0.12645,2.55613,7.42867,1
114.7,0.12646,2.55614,7.42866,1
114.8,0.12646,2.55615,7.42866,1
114.9,0.12647,2.55616,7.42866,1
115,0.12647,2.55617,7.42865,1
115.1,0.12647,2.55619,7.42865,1
115.2,0.12648,2.5562,7.42864,1
115.3,0.12648,2.55621,7.42864,1
115.4,0.12648,2.55622,7.42863,1
115.5,0.12649,2.55624,7.42863,1
115.6,0.12649,2.55625,7.42862,1
115.7,0.1265,2.55626,7.42862,1
115.8,0.1265,2.55627,7.42861,1
115.9,0.1265,2.55628,7.42861,1
116,0.12651,2.5563,7.4286,1
116.1,0.12651,2.55631,7.4286,1
116.2,0.12652,2.55632,7.42859,1
116.3,0.12652,2.55633,7.42859,1
116.4,0.12652,2.55634,7.42858,1
116.5,0.12653,2.55636,7.42858,1
116.6,0.12653,2.55637,7.42857,1
116.7,0.12654,2.55638,7.42857,1
116.8,0.12654,2.55639,7.42857,1
116.9,0.12654,2.5564,7.42856,1
117,0.12655,2.55642,7.42856,1
117.1,0.12655,2.55643,7.42855,1
117.2,0.12655,2.55644,7.42855,1
117.3,0.12656,2.55645,7.42854,1
117.4,0.12656,2.55646,7.42854,1
117.5,0.12657,2.55648,7.42853,1
117.6,0.12657,2.55649,7.42853,1
117.7,0.12657,2.5565,7.42852,1
117.8,0.12658,2.55651,7.42852,1
117.9,0.12658,2.55653,7.42851,1
118,0.12658,2.55654,7.42851,1
118.1,0.12659,2.55655,7.42851,1
118.2,0.12659,2.55656,7.4285,1
118.3,0.1266,2.55658,7.4285,1
118.4,0.1266,2.55659,7.42849,1
118.5,0.1266,2.5566,7.42849,1
118.6,0.12661,2.55662,7.42848,1
118.7,0.12661,2.55663,7.42848,1
118.8,0.12661,2.55664,7.42848,1
118.9,0.12662,2.55666,7.42847,1
119,0.12662,2.55667,7.42847,1
119.1,0.12663,2.55668,7.42846,1
119.2,0.12663,2.55669,7.42846,1
119.3,0.12663,2.55671,7.42845,1
119.4,0.12664,2.55672,7.42845,1
119.5,0.12664,2.55673,7.42845,1
119.6,0.12664,2.55675,7.42844,1
119.7,0.12665,2.55676,7.42844,1
119.8,0.12665,2.55677,7.42843,1
119.9,0.12666,2.55679,7.42843,1
120,0.12666,2.5568,7.42842,1
120.1,0.12666,2.55681,7.42842,2
120.2,0.12667,2.55682,7.42841,2
120.3,0.12667,2.55684,7.42841,2
120.4,0.12667,2.55685,7.42841,2
120.5,0.12668,2.55686,7.4284,2
120.6,0.12668,2.55688,7.4284,2
120.7,0.12668,2.55689,7.42839,2
120.8,0.12669,2.5569,7.42839,2
120.9,0.12669,2.55691,7.42838,2
121,0.12669,2.55692,7.42838,2
121.1,0.1267,2.55693,7.42837,2
121.2,0.1267,2.55694,7.42837,2
121.3,0.1267,2.55695,7.42837,2
121.4,0.12671,2.55696,7.42836,2
121.5,0.12671,2.55697,7.42836,2
121.6,0.12671,2.55698,7.42835,2
121.7,0.12672,2.55699,7.42835,2
121.8,0.12672,2.557,7.42834,2
121.9,0.12672,2.55701,7.42834,2
122,0.12673,2.55702,7.42834,2
122.1,0.12673,2.55703,7.42833,2
122.2,0.12673,2.55705,7.42833,2
122.3,0.12674,2.55706,7.42832,2
122.4,0.12674,2.55707,7.42832,2
122.5,0.12674,2.55708,7.42831,2
122.6,0.12675,2.55709,7.42831,2
122.7,0.12675,2.5571,7.4283,2
122.8,0.12676,2.55712,7.4283,2
122.9,0.12676,2.55713,7.4283,2
123,0.12676,2.55714,7.42829,2
123.1,0.12677,2.55715,7.42829,2
123.2,0.12677,2.55716,7.42828,2
123.3,0.12677,2.55717,7.42828,2
123.4,0.12678,2.55718,7.42827,2
123.5,0.12678,2.55719,7.42827,2
123.6,0.12678,2.5572,7.42826,2
123.7,0.12679,2.55721,7.42826,2
123.8,0.12679,2.55722,7.42826,2
123.9,0.12679,2.55723,7.42825,2
124,0.1268,2.55724,7.42825,2
124.1,0.1268,2.55725,7.42824,2
124.2,0.12681,2.55726,7.42824,2
124.3,0.12681,2.55727,7.42823,2
124.4,0.12681,2.55728,7.42823,2
124.5,0.12682,2.5573,7.42822,2
124.6,0.12682,2.55731,7.42822,2
124.7,0.12682,2.55732,7.42822,2
124.8,0.12683,2.55733,7.42821,2
124.9,0.12683,2.55734,7.42821,2
125,0.12684,2.55735,7.4282,2
125.1,0.12684,2.55736,7.4282,2
125.2,0.12684,2.55737,7.42819,2
125.3,0.12685,2.55738,7.42819,2
125.4,0.12685,2.55739,7.42818,2
125.5,0.12685,2.5574,7.42818,2
125.6,0.12686,2.55741,7.42818,2
125.7,0.12686,2.55742,7.42817,2
125.8,0.12686,2.55743,7.42817,2
125.9,0.12687,2.55744,7.42816,2
126,0.12687,2.55745,7.42816,2
126.1,0.12688,2.55746,7.42815,2
126.2,0.12688,2.55748,7.42815,2
126.3,0.12688,2.55749,7.42814,2
126.4,0.12689,2.5575,7.42814,2
126.5,0.12689,2.55751,7.42813,2
126.6,0.12689,2.55752,7.42813,2
126.7,0.1269,2.55754,7.42812,2
126.8,0.1269,2.55755,7.42812,2
126.9,0.12691,2.55756,7.42812,2
127,0.12691,2.55757,7.42811,2
127.1,0.12691,2.55758,7.42811,2
127.2,0.12692,2.55759,7.4281,2
127.3,0.12692,2.55761,7.4281,2
127.4,0.12692,2.55762,7.42809,2
127.5,0.12693,2.55763,7.42809,2
127.6,0.12693,2.55764,7.42808,2
127.7,0.12693,2.55765,7.42808,2
127.8,0.12694,2.55766,7.42807,2
127.9,0.12694,2.55767,7.42807,2
128,0.12695,2.55768,7.42806,2
128.1,0.12695,2.5577,7.42806,2
128.2,0.12695,2.55771,7.42806,2
128.3,0.12696,2.55772,7.42805,2
128.4,0.12696,2.55773,7.42805,2
128.5,0.12696,2.55774,7.42804,2
128.6,0.12697,2.55775,7.42804,2
128.7,0.12697,2.55776,7.42803,2
128.8,0.12698,2.55777,7.42803,2
128.9,0.12698,2.55779,7.42802,2
129,0.12698,2.5578,7.42802,2
129.1,0.12699,2.55781,7.42801,2
129.2,0.12699,2.55782,7.42801,2
129.3,0.12699,2.55783,7.428,2
129.4,0.127,2.55784,7.428,2
129.5,0.127,2.55786,7.42799,2
129.6,0.12701,2.55787,7.42799,2
129.7,0.12701,2.55788,7.42798,2
129.8,0.12701,2.55789,7.42798,2
129.9,0.12702,2.5579,7.42798,2
130,0.12702,2.55791,7.42797,2
130.1,0.12702,2.55793,7.42797,2
130.2,0.12703,2.55794,7.42796,2
130.3,0.12703,2.55795,7.42796,2
130.4,0.12703,2.55796,7.42795,2
130.5,0.12704,2.55797,7.42795,2
130.6,0.12704,2.55798,7.42794,2
130.7,0.12704,2.55799,7.42794,2
130.8,0.12705,2.55801,7.42793,2
130.9,0.12705,2.55802,7.42793,2
131,0.12706,2.55803,7.42792,2
131.1,0.12706,2.55804,7.42792,2
131.2,0.12706,2.55805,7.42791,2
131.3,0.12707,2.55806,7.42791,2
131.4,0.12707,2.55807,7.4279,2
131.5,0.12707,2.55808,7.4279,2
131.6,0.12708,2.55809,7.42789,2
131.7,0.12708,2.5581,7.42789,2
131.8,0.12708,2.55811,7.42789,2
131.9,0.12709,2.55813,7.42788,2
132,0.12709,2.55814,7.42788,2
132.1,0.1271,2.55815,7.42787,2
132.2,0.1271,2.55816,7.42787,2
132.3,0.1271,2.55817,7.42786,2
132.4,0.12711,2.55818,7.42786,2
132.5,0.12711,2.55819,7.42785,2
132.6,0.12711,2.5582,7.42785,2
132.7,0.12712,2.55821,7.42784,2
132.8,0.12712,2.55822,7.42784,2
132.9,0.12712,2.55823,7.42783,2
133,0.12713,2.55825,7.42783,2
133.1,0.12713,2.55826,7.42782,2
133.2,0.12713,2.55827,7.42782,2
133.3,0.12714,2.55828,7.42781,2
133.4,0.12714,2.55829,7.42781,2
133.5,0.12714,2.55831,7.4278,2
133.6,0.12715,2.55832,7.4278,2
133.7,0.12715,2.55833,7.42779,2
133.8,0.12715,2.55834,7.42779,2
133.9,0.12715,2.55835,7.42779,2
134,0.12716,2.55837,7.42778,2
134.1,0.12716,2.55838,7.42778,2
134.2,0.12716,2.55839,7.42777,2
134.3,0.12717,2.5584,7.42777,2
134.4,0.12717,2.55841,7.42776,2
134.5,0.12717,2.55843,7.42776,2
134.6,0.12718,2.55844,7.42775,2
134.7,0.12718,2.55845,7.42775,2
134.8,0.12718,2.55847,7.42774,2
134.9,0.12719,2.55848,7.42774,2
135,0.12719,2.55849,7.42773,2
135.1,0.12719,2.55851,7.42773,1
135.2,0.1272,2.55852,7.42772,1
135.3,0.1272,2.55853,7.42772,1
135.4,0.1272,2.55855,7.42772,1
135.5,0.12721,2.55856,7.42771,1
135.6,0.12721,2.55857,7.42771,1
135.7,0.12721,2.55859,7.4277,1
135.8,0.12722,2.5586,7.4277,1
135.9,0.12722,2.55862,7.42769,1
136,0.12722,2.55863,7.42769,1
136.1,0.12723,2.55865,7.42768,1
136.2,0.12723,2.55866,7.42768,1
136.3,0.12723,2.55868,7.42767,1
136.4,0.12724,2.55869,7.42767,1
136.5,0.12724,2.55871,7.42767,1
136.6,0.12724,2.55872,7.42766,1
136.7,0.12725,2.55874,7.42766,1
136.8,0.12725,2.55875,7.42765,1
136.9,0.12725,2.55877,7.42765,1
137,0.12726,2.55878,7.42764,1
137.1,0.12726,2.5588,7.42764,1
137.2,0.12726,2.55881,7.42763,1
137.3,0.12726,2.55883,7.42763,1
137.4,0.12727,2.55884,7.42762,1
137.5,0.12727,2.55886,7.42762,1
137.6,0.12727,2.55888,7.42761,1
137.7,0.12728,2.55889,7.42761,1
137.8,0.12728,2.55891,7.42761,1
137.9,0.12728,2.55893,7.4276,1
138,0.12729,2.55894,7.4276,1
138.1,0.12729,2.55896,7.42759,1
138.2,0.12729,2.55898,7.42759,1
138.3,0.1273,2.55899,7.42758,1
138.4,0.1273,2.55901,7.42758,1
138.5,0.1273,2.55903,7.42758,1
138.6,0.12731,2.55904,7.42757,1
138.7,0.12731,2.55906,7.42757,1
138.8,0.12731,2.55908,7.42756,1
138.9,0.12732,2.5591,7.42756,1
139,0.12732,2.55911,7.42755,1
139.1,0.12732,2.55913,7.42755,1
139.2,0.12733,2.55915,7.42754,1
139.3,0.12733,2.55917,7.42754,1
139.4,0.12733,2.55918,7.42753,1
139.5,0.12733,2.5592,7.42753,1
139.6,0.12734,2.55922,7.42753,1
139.7,0.12734,2.55923,7.42752,1
139.8,0.12734,2.55925,7.42752,1
139.9,0.12735,2.55927,7.42751,1
140,0.12735,2.55929,7.42751,1
140.1,0.12735,2.5593,7.4275,1
140.2,0.12736,2.55932,7.4275,1
140.3,0.12736,2.55934,7.42749,1
140.4,0.12736,2.55936,7.42749,1
140.5,0.12736,2.55937,7.42748,1
140.6,0.12737,2.55939,7.42748,1
140.7,0.12737,2.55941,7.42747,1
140.8,0.12737,2.55943,7.42747,1
140.9,0.12738,2.55944,7.42746,1
141,0.12738,2.55946,7.42746,1
141.1,0.12738,2.55948,7.42745,1
141.2,0.12739,2.5595,7.42745,1
141.3,0.12739,2.55951,7.42744,1
141.4,0.12739,2.55953,7.42744,1
141.5,0.1274,2.55955,7.42743,1
141.6,0.1274,2.55956,7.42743,1
141.7,0.1274,2.55958,7.42742,1
141.8,0.1274,2.5596,7.42742,1
141.9,0.12741,2.55961,7.42742,1
142,0.12741,2.55963,7.42741,1
142.1,0.12741,2.55965,7.42741,1
142.2,0.12742,2.55966,7.4274,1
142.3,0.12742,2.55968,7.4274,1
142.4,0.12742,2.5597,7.4274,1
142.5,0.12743,2.55972,7.42739,1
142.6,0.12743,2.55973,7.42739,1
142.7,0.12743,2.55975,7.42738,1
142.8,0.12744,2.55977,7.42738,1
142.9,0.12744,2.55979,7.42738,1
143,0.12744,2.5598,7.42737,1
143.1,0.12745,2.55982,7.42737,1
143.2,0.12745,2.55984,7.42736,1
143.3,0.12745,2.55986,7.42736,1
143.4,0.12745,2.55988,7.42736,1
143.5,0.12746,2.55989,7.42735,1
143.6,0.12746,2.55991,7.42735,1
143.7,0.12746,2.55993,7.42734,1
143.8,0.12746,2.55995,7.42734,1
143.9,0.12747,2.55997,7.42733,1
144,0.12747,2.55998,7.42733,1
144.1,0.12747,2.56,7.42733,1
144.2,0.12747,2.56002,7.42732,1
144.3,0.12748,2.56003,7.42732,1
144.4,0.12748,2.56005,7.42731,1
144.5,0.12748,2.56006,7.42731,1
144.6,0.12748,2.56008,7.4273,1
144.7,0.12749,2.56009,7.4273,1
144.8,0.12749,2.56011,7.4273,1
144.9,0.12749,2.56012,7.42729,1
145,0.1275,2.56014,7.42729,1
145.1,0.1275,2.56015,7.42728,1
145.2,0.1275,2.56017,7.42728,1
145.3,0.1275,2.56019,7.42727,1
145.4,0.12751,2.5602,7.42727,1
145.5,0.12751,2.56022,7.42727,1
145.6,0.12751,2.56023,7.42726,1
145.7,0.12751,2.56025,7.42726,1
145.8,0.12752,2.56026,7.42725,1
145.9,0.12752,2.56028,7.42725,1
146,0.12752,2.56029,7.42724,1
146.1,0.12752,2.56031,7.42724,1
146.2,0.12753,2.56033,7.42723,1
146.3,0.12753,2.56035,7.42723,1
146.4,0.12753,2.56036,7.42723,1
146.5,0.12754,2.56038,7.42722,1
146.6,0.12754,2.5604,7.42722,1
146.7,0.12754,2.56041,7.42721,1
146.8,0.12754,2.56043,7.42721,1
146.9,0.12755,2.56044,7.4272,1
147,0.12755,2.56046,7.4272,1
147.1,0.12755,2.56047,7.42719,1
147.2,0.12755,2.56049,7.42719,1
147.3,0.12756,2.5605,7.42718,1
147.4,0.12756,2.56052,7.42718,1
147.5,0.12756,2.56053,7.42717,1
147.6,0.12757,2.56055,7.42717,1
147.7,0.12757,2.56056,7.42716,1
147.8,0.12757,2.56058,7.42716,1
147.9,0.12757,2.56059,7.42716,1
148,0.12758,2.56061,7.42715,1
148.1,0.12758,2.56062,7.42715,1
148.2,0.12758,2.56064,7.42714,1
148.3,0.12758,2.56065,7.42714,1
148.4,0.12759,2.56067,7.42713,1
148.5,0.12759,2.56068,7.42713,1
148.6,0.12759,2.5607,7.42712,1
148.7,0.1276,2.56071,7.42712,1
148.8,0.1276,2.56072,7.42711,1
148.9,0.1276,2.56074,7.42711,1
149,0.1276,2.56075,7.4271,1
149.1,0.12761,2.56077,7.4271,1
149.2,0.12761,2.56078,7.42709,1
149.3,0.12761,2.5608,7.42709,1
149.4,0.12762,2.56082,7.42708,1
149.5,0.12762,2.56083,7.42708,1
149.6,0.12762,2.56085,7.42707,1
149.7,0.12762,2.56086,7.42707,1
149.8,0.12763,2.56088,7.42706,1
149.9,0.12763,2.56089,7.42706,1
150,0.12763,2.56091,7.42705,1
150.1,0.12764,2.56092,7.42705,1
150.2,0.12764,2.56094,7.42704,1
150.3,0.12764,2.56095,7.42704,1
150.4,0.12764,2.56097,7.42703,1
150.5,0.12765,2.56098,7.42703,1
150.6,0.12765,2.561,7.42702,1
150.7,0.12765,2.56101,7.42702,1
150.8,0.12765,2.56102,7.42701,1
150.9,0.12766,2.56104,7.42701,1
151,0.12766,2.56105,7.427,1
151.1,0.12766,2.56107,7.427,1
151.2,0.12766,2.56108,7.42699,1
151.3,0.12766,2.5611,7.42699,1
151.4,0.12767,2.56111,7.42698,1
151.5,0.12767,2.56112,7.42698,1
151.6,0.12767,2.56114,7.42697,1
151.7,0.12767,2.56115,7.42697,1
151.8,0.12768,2.56116,7.42696,1
151.9,0.12768,2.56117,7.42696,1
152,0.12768,2.56119,7.42695,1
152.1,0.12768,2.5612,7.42695,1
152.2,0.12768,2.56121,7.42694,1
152.3,0.12769,2.56122,7.42694,1
152.4,0.12769,2.56124,7.42693,1
152.5,0.12769,2.56125,7.42693,1
152.6,0.12769,2.56126,7.42692,1
152.7,0.1277,2.56128,7.42692,1
152.8,0.1277,2.56129,7.42691,1
152.9,0.1277,2.5613,7.42691,1
153,0.1277,2.56132,7.4269,1
153.1,0.12771,2.56133,7.4269,1
153.2,0.12771,2.56134,7.42689,1
153.3,0.12771,2.56135,7.42689,1
153.4,0.12771,2.56136,7.42688,1
153.5,0.12772,2.56137,7.42688,1
153.6,0.12772,2.56138,7.42687,1
153.7,0.12772,2.56138,7.42687,1
153.8,0.12772,2.56139,7.42686,1
153.9,0.12773,2.5614,7.42686,1
154,0.12773,2.56141,7.42685,1
154.1,0.12773,2.56142,7.42685,1
154.2,0.12773,2.56143,7.42684,1
154.3,0.12774,2.56144,7.42684,1
154.4,0.12774,2.56145,7.42683,1
154.5,0.12774,2.56146,7.42682,1
154.6,0.12774,2.56148,7.42682,1
154.7,0.12775,2.56149,7.42681,1
154.8,0.12775,2.5615,7.42681,1
154.9,0.12775,2.56151,7.4268,1
155,0.12775,2.56153,7.4268,1
155.1,0.12776,2.56154,7.42679,1
155.2,0.12776,2.56155,7.42679,1
155.3,0.12776,2.56156,7.42678,1
155.4,0.12776,2.56158,7.42678,1
155.5,0.12777,2.56159,7.42677,1
155.6,0.12777,2.5616,7.42677,1
155.7,0.12777,2.56161,7.42676,1
155.8,0.12777,2.56163,7.42675,1
155.9,0.12778,2.56164,7.42675,1
156,0.12778,2.56165,7.42674,1
156.1,0.12778,2.56167,7.42674,1
156.2,0.12778,2.56168,7.42673,1
156.3,0.12779,2.56169,7.42673,1
156.4,0.12779,2.56171,7.42672,1
156.5,0.12779,2.56172,7.42671,1
156.6,0.12779,2.56173,7.42671,1
156.7,0.1278,2.56175,7.4267,1
156.8,0.1278,2.56177,7.4267,1
156.9,0.1278,2.56178,7.42669,1
157,0.1278,2.5618,7.42669,1
157.1,0.12781,2.56182,7.42668,1
157.2,0.12781,2.56183,7.42667,1
157.3,0.12781,2.56185,7.42667,1
157.4,0.12781,2.56187,7.42666,1
157.5,0.12782,2.56188,7.42666,1
157.6,0.12782,2.5619,7.42665,1
157.7,0.12782,2.56191,7.42664,1
157.8,0.12782,2.56193,7.42664,1
157.9,0.12782,2.56195,7.42663,1
158,0.12783,2.56196,7.42663,1
158.1,0.12783,2.56198,7.42662,1
158.2,0.12783,2.562,7.42662,1
158.3,0.12783,2.56201,7.42661,1
158.4,0.12784,2.56203,7.4266,1
158.5,0.12784,2.56205,7.4266,1
158.6,0.12784,2.56206,7.42659,1
158.7,0.12784,2.56208,7.42659,1
158.8,0.12785,2.5621,7.42658,1
158.9,0.12785,2.56211,7.42657,1
159,0.12785,2.56213,7.42657,1
159.1,0.12785,2.56215,7.42656,1
159.2,0.12786,2.56216,7.42656,1
159.3,0.12786,2.56218,7.42655,1
159.4,0.12786,2.5622,7.42655,1
159.5,0.12786,2.56221,7.42654,1
159.6,0.12787,2.56223,7.42653,1
159.7,0.12787,2.56225,7.42653,1
159.8,0.12787,2.56227,7.42652,1
159.9,0.12787,2.56228,7.42652,1
160,0.12788,2.5623,7.42651,1
160.1,0.12788,2.56232,7.42651,1
160.2,0.12788,2.56233,7.4265,1
160.3,0.12788,2.56235,7.42649,1
160.4,0.12789,2.56237,7.42649,1
160.5,0.12789,2.56239,7.42648,1
160.6,0.12789,2.5624,7.42648,1
160.7,0.12789,2.56242,7.42647,1
160.8,0.1279,2.56244,7.42647,1
160.9,0.1279,2.56246,7.42646,1
161,0.1279,2.56248,7.42645,1
161.1,0.1279,2.56249,7.42645,1
161.2,0.1279,2.56251,7.42644,1
161.3,0.12791,2.56253,7.42644,1
161.4,0.12791,2.56254,7.42643,1
161.5,0.12791,2.56256,7.42642,1
161.6,0.12791,2.56258,7.42642,1
161.7,0.12792,2.56259,7.42641,1
161.8,0.12792,2.56261,7.42641,1
161.9,0.12792,2.56263,7.4264,1
162,0.12792,2.56264,7.4264,1
162.1,0.12793,2.56266,7.42639,1
162.2,0.12793,2.56268,7.42638,1
162.3,0.12793,2.56269,7.42638,1
162.4,0.12793,2.56271,7.42637,1
162.5,0.12794,2.56273,7.42637,1
162.6,0.12794,2.56274,7.42636,1
162.7,0.12794,2.56276,7.42636,1
162.8,0.12794,2.56278,7.42635,1
162.9,0.12795,2.56279,7.42634,1
163,0.12795,2.56281,7.42634,1
163.1,0.12795,2.56282,7.42633,1
163.2,0.12795,2.56284,7.42633,1
163.3,0.12795,2.56286,7.42632,1
163.4,0.12796,2.56287,7.42631,1
163.5,0.12796,2.56289,7.42631,1
163.6,0.12796,2.5629,7.4263,1
163.7,0.12796,2.56292,7.4263,1
163.8,0.12797,2.56293,7.42629,1
163.9,0.12797,2.56295,7.42629,1
164,0.12797,2.56296,7.42628,1
164.1,0.12797,2.56298,7.42627,1
164.2,0.12797,2.56299,7.42627,1
164.3,0.12798,2.563,7.42626,1
164.4,0.12798,2.56302,7.42626,1
164.5,0.12798,2.56303,7.42625,1
164.6,0.12798,2.56305,7.42624,1
164.7,0.12799,2.56307,7.42624,1
164.8,0.12799,2.56308,7.42623,1
164.9,0.12799,2.5631,7.42623,1
165,0.12799,2.56311,7.42622,1
165.1,0.12799,2.56313,7.42621,1
165.2,0.128,2.56314,7.42621,1
165.3,0.128,2.56316,7.4262,1
165.4,0.128,2.56317,7.4262,1
165.5,0.128,2.56318,7.42619,1
165.6,0.12801,2.5632,7.42618,1
165.7,0.12801,2.56321,7.42618,1
165.8,0.12801,2.56322,7.42617,1
165.9,0.12801,2.56324,7.42617,1
166,0.12801,2.56325,7.42616,1
166.1,0.12802,2.56326,7.42616,1
166.2,0.12802,2.56328,7.42615,1
166.3,0.12802,2.56329,7.42614,1
166.4,0.12802,2.5633,7.42614,1
166.5,0.12803,2.56332,7.42613,1
166.6,0.12803,2.56333,7.42613,1
166.7,0.12803,2.56334,7.42612,1
166.8,0.12803,2.56335,7.42611,1
166.9,0.12803,2.56337,7.42611,1
167,0.12804,2.56338,7.4261,1
167.1,0.12804,2.56339,7.4261,1
167.2,0.12804,2.5634,7.42609,1
167.3,0.12804,2.56341,7.42608,1
167.4,0.12804,2.56342,7.42608,1
167.5,0.12805,2.56343,7.42607,1
167.6,0.12805,2.56344,7.42607,1
167.7,0.12805,2.56345,7.42606,1
167.8,0.12805,2.56346,7.42605,1
167.9,0.12806,2.56347,7.42605,1
168,0.12806,2.56348,7.42604,1
168.1,0.12806,2.56349,7.42604,1
168.2,0.12806,2.5635,7.42603,1
168.3,0.12806,2.56351,7.42603,1
168.4,0.12807,2.56352,7.42602,1
168.5,0.12807,2.56353,7.42601,1
168.6,0.12807,2.56354,7.42601,1
168.7,0.12807,2.56354,7.426,1
168.8,0.12807,2.56355,7.426,1
168.9,0.12807,2.56356,7.42599,1
169,0.12808,2.56357,7.42598,1
169.1,0.12808,2.56358,7.42598,1
169.2,0.12808,2.56359,7.42597,1
169.3,0.12808,2.5636,7.42597,1
169.4,0.12808,2.56361,7.42596,1
169.5,0.12808,2.56361,7.42596,1
169.6,0.12809,2.56362,7.42595,1
169.7,0.12809,2.56363,7.42594,1
169.8,0.12809,2.56364,7.42594,1
169.9,0.12809,2.56365,7.42593,1
170,0.12809,2.56366,7.42593,1
170.1,0.1281,2.56367,7.42592,1
170.2,0.1281,2.56368,7.42591,1
170.3,0.1281,2.56368,7.42591,1
170.4,0.1281,2.56369,7.4259,1
170.5,0.1281,2.5637,7.4259,1
170.6,0.1281,2.56371,7.42589,1
170.7,0.12811,2.56371,7.42588,1
170.8,0.12811,2.56372,7.42588,1
170.9,0.12811,2.56373,7.42587,1
171,0.12811,2.56374,7.42587,1
171.1,0.12812,2.56375,7.42586,1
171.2,0.12812,2.56375,7.42585,1
171.3,0.12812,2.56376,7.42585,1
171.4,0.12812,2.56377,7.42584,1
171.5,0.12812,2.56378,7.42584,1
171.6,0.12813,2.56379,7.42583,1
171.7,0.12813,2.56379,7.42583,1
171.8,0.12813,2.5638,7.42582,1
171.9,0.12813,2.56381,7.42581,1
172,0.12813,2.56382,7.42581,1
172.1,0.12814,2.56383,7.4258,1
172.2,0.12814,2.56384,7.4258,1
172.3,0.12814,2.56385,7.42579,1
172.4,0.12814,2.56386,7.42578,1
172.5,0.12815,2.56387,7.42578,1
172.6,0.12815,2.56388,7.42577,1
172.7,0.12815,2.56388,7.42577,1
172.8,0.12815,2.56389,7.42576,1
172.9,0.12815,2.5639,7.42575,1
173,0.12816,2.56391,7.42575,1
173.1,0.12816,2.56392,7.42574,1
173.2,0.12816,2.56393,7.42574,1
173.3,0.12816,2.56394,7.42573,1
173.4,0.12817,2.56394,7.42572,1
173.5,0.12817,2.56395,7.42572,1
173.6,0.12817,2.56396,7.42571,1
173.7,0.12817,2.56397,7.4257,1
173.8,0.12817,2.56398,7.4257,1
173.9,0.12818,2.56398,7.42569,1
174,0.12818,2.56399,7.42569,1
174.1,0.12818,2.564,7.42568,1
174.2,0.12818,2.56401,7.42567,1
174.3,0.12818,2.56402,7.42567,1
174.4,0.12818,2.56402,7.42566,1
174.5,0.12819,2.56403,7.42566,1
174.6,0.12819,2.56404,7.42565,1
174.7,0.12819,2.56405,7.42565,1
174.8,0.12819,2.56405,7.42564,1
174.9,0.12819,2.56406,7.42563,1
175,0.1282,2.56407,7.42563,1
175.1,0.1282,2.56408,7.42562,1
175.2,0.1282,2.56408,7.42562,1
175.3,0.1282,2.56409,7.42561,1
175.4,0.1282,2.5641,7.4256,1
175.5,0.1282,2.56411,7.4256,1
175.6,0.12821,2.56411,7.42559,1
175.7,0.12821,2.56412,7.42558,1
175.8,0.12821,2.56413,7.42558,1
175.9,0.12821,2.56413,7.42557,1
176,0.12821,2.56414,7.42557,1
176.1,0.12821,2.56415,7.42556,1
176.2,0.12822,2.56416,7.42556,1
176.3,0.12822,2.56416,7.42555,1
176.4,0.12822,2.56417,7.42554,1
176.5,0.12822,2.56418,7.42554,1
176.6,0.12822,2.56419,7.42553,1
176.7,0.12822,2.5642,7.42553,1
176.8,0.12823,2.5642,7.42552,1
176.9,0.12823,2.56421,7.42551,1
177,0.12823,2.56422,7.42551,1
177.1,0.12823,2.56423,7.4255,1
177.2,0.12823,2.56424,7.4255,1
177.3,0.12823,2.56425,7.42549,1
177.4,0.12824,2.56425,7.42548,1
177.5,0.12824,2.56426,7.42548,1
177.6,0.12824,2.56427,7.42547,1
177.7,0.12824,2.56428,7.42547,1
177.8,0.12824,2.56429,7.42546,1
177.9,0.12824,2.56429,7.42545,1
178,0.12825,2.5643,7.42545,1
178.1,0.12825,2.56431,7.42544,1
178.2,0.12825,2.56432,7.42544,1
178.3,0.12825,2.56433,7.42543,1
178.4,0.12825,2.56433,7.42543,1
178.5,0.12825,2.56434,7.42542,1
178.6,0.12826,2.56435,7.42541,1
178.7,0.12826,2.56436,7.42541,1
178.8,0.12826,2.56436,7.4254,1
178.9,0.12826,2.56437,7.4254,1
179,0.12826,2.56438,7.42539,1
179.1,0.12826,2.56439,7.42538,1
179.2,0.12827,2.56439,7.42538,1
179.3,0.12827,2.5644,7.42537,1
179.4,0.12827,2.56441,7.42537,1
179.5,0.12827,2.56442,7.42536,1
179.6,0.12827,2.56442,7.42536,1
179.7,0.12827,2.56443,7.42535,1
179.8,0.12828,2.56444,7.42534,1
179.9,0.12828,2.56445,7.42534,1
180,0.12828,2.56445,7.42533,1
180.1,0.12828,2.56446,7.42533,1
180.2,0.12828,2.56447,7.42532,1
180.3,0.12828,2.56448,7.42531,1
180.4,0.12829,2.56449,7.42531,1
180.5,0.12829,2.56449,7.4253,1
180.6,0.12829,2.5645,7.4253,1
180.7,0.12829,2.56451,7.42529,1
180.8,0.12829,2.56452,7.42528,1
180.9,0.12829,2.56453,7.42528,1
181,0.1283,2.56454,7.42527,1
181.1,0.1283,2.56455,7.42527,1
181.2,0.1283,2.56456,7.42526,1
181.3,0.1283,2.56456,7.42526,1
181.4,0.1283,2.56457,7.42525,1
181.5,0.1283,2.56458,7.42525,1
181.6,0.12831,2.56459,7.42524,1
181.7,0.12831,2.5646,7.42523,1
181.8,0.12831,2.56461,7.42523,1
181.9,0.12831,2.56462,7.42522,1
182,0.12831,2.56463,7.42522,1
182.1,0.12831,2.56464,7.42521,1
182.2,0.12832,2.56465,7.42521,1
182.3,0.12832,2.56466,7.4252,1
182.4,0.12832,2.56467,7.42519,1
182.5,0.12832,2.56468,7.42519,1
182.6,0.12832,2.56469,7.42518,1
182.7,0.12832,2.5647,7.42518,1
182.8,0.12833,2.56471,7.42517,1
182.9,0.12833,2.56472,7.42517,1
183,0.12833,2.56473,7.42516,1
183.1,0.12833,2.56474,7.42516,1
183.2,0.12833,2.56475,7.42515,1
183.3,0.12833,2.56475,7.42514,1
183.4,0.12834,2.56476,7.42514,1
183.5,0.12834,2.56477,7.42513,1
183.6,0.12834,2.56478,7.42513,1
183.7,0.12834,2.56479,7.42512,1
183.8,0.12834,2.5648,7.42512,1
183.9,0.12834,2.56481,7.42511,1
184,0.12835,2.56482,7.42511,1
184.1,0.12835,2.56483,7.4251,1
184.2,0.12835,2.56484,7.42509,1
184.3,0.12835,2.56485,7.42509,1
184.4,0.12835,2.56486,7.42508,1
184.5,0.12835,2.56486,7.42508,1
184.6,0.12836,2.56487,7.42507,1
184.7,0.12836,2.56488,7.42507,1
184.8,0.12836,2.56489,7.42506,1
184.9,0.12836,2.5649,7.42506,1
185,0.12836,2.56491,7.42505,1
185.1,0.12836,2.56492,7.42504,2
185.2,0.12836,2.56493,7.42504,2
185.3,0.12836,2.56493,7.42503,2
185.4,0.12837,2.56494,7.42503,2
185.5,0.12837,2.56495,7.42502,2
185.6,0.12837,2.56495,7.42502,2
185.7,0.12837,2.56496,7.42501,2
185.8,0.12837,2.56497,7.42501,2
185.9,0.12837,2.56498,7.425,2
186,0.12837,2.56499,7.425,2
186.1,0.12838,2.565,7.42499,2
186.2,0.12838,2.565,7.42498,2
186.3,0.12838,2.56501,7.42498,2
186.4,0.12838,2.56502,7.42497,2
186.5,0.12838,2.56503,7.42497,2
186.6,0.12838,2.56504,7.42496,2
186.7,0.12838,2.56504,7.42496,2
186.8,0.12839,2.56505,7.42495,2
186.9,0.12839,2.56506,7.42495,2
187,0.12839,2.56507,7.42494,2
187.1,0.12839,2.56508,7.42494,2
187.2,0.12839,2.56508,7.42493,2
187.3,0.12839,2.56509,7.42492,2
187.4,0.12839,2.5651,7.42492,2
187.5,0.1284,2.56511,7.42491,2
187.6,0.1284,2.56512,7.42491,2
187.7,0.1284,2.56513,7.4249,2
187.8,0.1284,2.56514,7.4249,2
187.9,0.1284,2.56515,7.42489,2
188,0.1284,2.56516,7.42489,2
188.1,0.12841,2.56517,7.42488,2
188.2,0.12841,2.56518,7.42488,2
188.3,0.12841,2.56519,7.42487,2
188.4,0.12841,2.56519,7.42487,2
188.5,0.12841,2.5652,7.42486,2
188.6,0.12841,2.56521,7.42486,2
188.7,0.12842,2.56522,7.42485,2
188.8,0.12842,2.56522,7.42485,2
188.9,0.12842,2.56523,7.42484,2
189,0.12842,2.56524,7.42483,2
189.1,0.12842,2.56525,7.42483,2
189.2,0.12842,2.56526,7.42482,2
189.3,0.12843,2.56527,7.42482,2
189.4,0.12843,2.56528,7.42481,2
189.5,0.12843,2.56529,7.42481,2
189.6,0.12843,2.5653,7.4248,2
189.7,0.12843,2.56531,7.4248,2
189.8,0.12843,2.56532,7.42479,2
189.9,0.12843,2.56533,7.42479,2
190,0.12844,2.56534,7.42478,2
190.1,0.12844,2.56535,7.42478,2
190.2,0.12844,2.56537,7.42477,2
190.3,0.12844,2.56538,7.42477,2
190.4,0.12844,2.56539,7.42476,2
190.5,0.12844,2.5654,7.42476,2
190.6,0.12845,2.56541,7.42475,2
190.7,0.12845,2.56542,7.42475,2
190.8,0.12845,2.56543,7.42474,2
190.9,0.12845,2.56545,7.42474,2
191,0.12845,2.56546,7.42473,2
191.1,0.12845,2.56547,7.42472,2
191.2,0.12846,2.56548,7.42472,2
191.3,0.12846,2.56549,7.42471,2
191.4,0.12846,2.5655,7.42471,2
191.5,0.12846,2.56552,7.4247,2
191.6,0.12846,2.56553,7.4247,2
191.7,0.12846,2.56554,7.42469,2
191.8,0.12847,2.56556,7.42469,2
191.9,0.12847,2.56557,7.42468,2
192,0.12847,2.56558,7.42468,2
192.1,0.12847,2.56559,7.42467,2
192.2,0.12847,2.56561,7.42467,2
192.3,0.12847,2.56562,7.42466,2
192.4,0.12847,2.56564,7.42466,2
192.5,0.12847,2.56565,7.42465,2
192.6,0.12848,2.56566,7.42465,2
192.7,0.12848,2.56567,7.42464,2
192.8,0.12848,2.56569,7.42464,2
192.9,0.12848,2.5657,7.42463,2
193,0.12848,2.56571,7.42463,2
193.1,0.12848,2.56573,7.42462,2
193.2,0.12848,2.56574,7.42461,2
193.3,0.12849,2.56575,7.42461,2
193.4,0.12849,2.56576,7.4246,2
193.5,0.12849,2.56578,7.4246,2
193.6,0.12849,2.56579,7.42459,2
193.7,0.12849,2.5658,7.42459,2
193.8,0.12849,2.56582,7.42458,2
193.9,0.12849,2.56583,7.42458,2
194,0.12849,2.56584,7.42457,2
194.1,0.12849,2.56586,7.42457,2
194.2,0.1285,2.56587,7.42456,2
194.3,0.1285,2.56588,7.42456,2
194.4,0.1285,2.5659,7.42455,2
194.5,0.1285,2.56591,7.42455,2
194.6,0.1285,2.56593,7.42454,2
194.7,0.1285,2.56594,7.42454,2
194.8,0.1285,2.56595,7.42453,2
194.9,0.1285,2.56597,7.42453,2
195,0.1285,2.56598,7.42452,2
195.1,0.12851,2.566,7.42452,2
195.2,0.12851,2.56601,7.42451,2
195.3,0.12851,2.56602,7.42451,2
195.4,0.12851,2.56604,7.4245,2
195.5,0.12851,2.56605,7.4245,2
195.6,0.12851,2.56607,7.42449,2
195.7,0.12851,2.56608,7.42449,2
195.8,0.12851,2.56609,7.42448,2
195.9,0.12852,2.56611,7.42448,2
196,0.12852,2.56612,7.42447,2
196.1,0.12852,2.56613,7.42447,2
196.2,0.12852,2.56615,7.42446,2
196.3,0.12852,2.56616,7.42446,2
196.4,0.12852,2.56617,7.42445,2
196.5,0.12852,2.56619,7.42445,2
196.6,0.12853,2.5662,7.42444,2
196.7,0.12853,2.56621,7.42444,2
196.8,0.12853,2.56623,7.42443,2
196.9,0.12853,2.56624,7.42443,2
197,0.12853,2.56625,7.42442,2
197.1,0.12853,2.56627,7.42442,2
197.2,0.12853,2.56628,7.42441,2
197.3,0.12854,2.56629,7.42441,2
197.4,0.12854,2.5663,7.4244,2
197.5,0.12854,2.56631,7.4244,2
197.6,0.12854,2.56633,7.42439,2
197.7,0.12854,2.56634,7.42439,2
197.8,0.12855,2.56635,7.42438,2
197.9,0.12855,2.56636,7.42438,2
198,0.12855,2.56637,7.42438,2
198.1,0.12855,2.56638,7.42437,2
198.2,0.12855,2.5664,7.42437,2
198.3,0.12856,2.56641,7.42436,2
198.4,0.12856,2.56642,7.42436,2
198.5,0.12856,2.56643,7.42435,2
198.6,0.12856,2.56644,7.42435,2
198.7,0.12856,2.56645,7.42434,2
198.8,0.12857,2.56646,7.42434,2
198.9,0.12857,2.56647,7.42433,2
199,0.12857,2.56648,7.42433,2
199.1,0.12857,2.56649,7.42433,2
199.2,0.12857,2.5665,7.42432,2
199.3,0.12857,2.56651,7.42432,2
199.4,0.12857,2.56652,7.42431,2
199.5,0.12858,2.56653,7.42431,2
199.6,0.12858,2.56654,7.4243,2
199.7,0.12858,2.56655,7.4243,2
199.8,0.12858,2.56656,7.42429,2
199.9,0.12858,2.56657,7.42429,2
200,0.12859,2.56658,7.42428,2
200.1,0.12859,2.5666,7.42428,1
200.2,0.12859,2.56661,7.42428,1
200.3,0.12859,2.56662,7.42427,1
200.4,0.12859,2.56663,7.42427,1
200.5,0.12859,2.56664,7.42426,1
200.6,0.1286,2.56666,7.42426,1
200.7,0.1286,2.56667,7.42425,1
200.8,0.1286,2.56668,7.42425,1
200.9,0.1286,2.5667,7.42424,1
201,0.1286,2.56671,7.42424,1
201.1,0.12861,2.56672,7.42424,1
201.2,0.12861,2.56673,7.42423,1
201.3,0.12861,2.56675,7.42423,1
201.4,0.12861,2.56676,7.42422,1
201.5,0.12862,2.56677,7.42422,1
201.6,0.12862,2.56678,7.42421,1
201.7,0.12862,2.5668,7.42421,1
201.8,0.12862,2.56681,7.4242,1
201.9,0.12862,2.56682,7.4242,1
202,0.12863,2.56683,7.4242,1
202.1,0.12863,2.56684,7.42419,1
202.2,0.12863,2.56686,7.42419,1
202.3,0.12863,2.56687,7.42418,1
202.4,0.12863,2.56688,7.42418,1
202.5,0.12863,2.56689,7.42417,1
202.6,0.12864,2.56691,7.42417,1
202.7,0.12864,2.56692,7.42417,1
202.8,0.12864,2.56693,7.42416,1
202.9,0.12864,2.56695,7.42416,1
203,0.12864,2.56696,7.42415,1
203.1,0.12864,2.56697,7.42415,1
203.2,0.12864,2.56699,7.42415,1
203.3,0.12865,2.567,7.42414,1
203.4,0.12865,2.56701,7.42414,1
203.5,0.12865,2.56702,7.42413,1
203.6,0.12865,2.56704,7.42413,1
203.7,0.12865,2.56705,7.42412,1
203.8,0.12865,2.56706,7.42412,1
203.9,0.12865,2.56708,7.42412,1
204,0.12866,2.56709,7.42411,1
204.1,0.12866,2.5671,7.42411,1
204.2,0.12866,2.56711,7.4241,1
204.3,0.12866,2.56713,7.4241,1
204.4,0.12866,2.56714,7.4241,1
204.5,0.12866,2.56715,7.42409,1
204.6,0.12866,2.56716,7.42409,1
204.7,0.12866,2.56717,7.42409,1
204.8,0.12866,2.56719,7.42408,1
204.9,0.12867,2.5672,7.42408,1
205,0.12867,2.56721,7.42407,1
205.1,0.12867,2.56722,7.42407,1
205.2,0.12867,2.56723,7.42407,1
205.3,0.12867,2.56725,7.42406,1
205.4,0.12867,2.56726,7.42406,1
205.5,0.12867,2.56727,7.42406,1
205.6,0.12867,2.56728,7.42405,1
205.7,0.12867,2.5673,7.42405,1
205.8,0.12867,2.56731,7.42404,1
205.9,0.12868,2.56732,7.42404,1
206,0.12868,2.56734,7.42404,1
206.1,0.12868,2.56735,7.42403,1
206.2,0.12868,2.56736,7.42403,1
206.3,0.12868,2.56737,7.42403,1
206.4,0.12868,2.56738,7.42402,1
206.5,0.12868,2.5674,7.42402,1
206.6,0.12868,2.56741,7.42402,1
206.7,0.12868,2.56742,7.42401,1
206.8,0.12869,2.56743,7.42401,1
206.9,0.12869,2.56745,7.42401,1
207,0.12869,2.56746,7.424,1
207.1,0.12869,2.56747,7.424,1
207.2,0.12869,2.56748,7.424,1
207.3,0.12869,2.56749,7.42399,1
207.4,0.12869,2.56751,7.42399,1
207.5,0.1287,2.56752,7.42399,1
207.6,0.1287,2.56753,7.42398,1
207.7,0.1287,2.56754,7.42398,1
207.8,0.1287,2.56755,7.42398,1
207.9,0.1287,2.56757,7.42397,1
208,0.1287,2.56758,7.42397,1
208.1,0.1287,2.56759,7.42397,1
208.2,0.12871,2.5676,7.42396,1
208.3,0.12871,2.56761,7.42396,1
208.4,0.12871,2.56762,7.42396,1
208.5,0.12871,2.56763,7.42395,1
208.6,0.12871,2.56764,7.42395,1
208.7,0.12871,2.56765,7.42395,1
208.8,0.12871,2.56766,7.42394,1
208.9,0.12871,2.56767,7.42394,1
209,0.12872,2.56768,7.42394,1
209.1,0.12872,2.56769,7.42393,1
209.2,0.12872,2.56771,7.42393,1
209.3,0.12872,2.56772,7.42393,1
209.4,0.12872,2.56773,7.42392,1
209.5,0.12872,2.56774,7.42392,1
209.6,0.12872,2.56775,7.42392,1
209.7,0.12873,2.56776,7.42391,1
209.8,0.12873,2.56777,7.42391,1
209.9,0.12873,2.56778,7.42391,1
210,0.12873,2.56779,7.42391,1
210.1,0.12873,2.5678,7.4239,1
210.2,0.12873,2.56781,7.4239,1
210.3,0.12873,2.56782,7.4239,1
210.4,0.12873,2.56782,7.42389,1
210.5,0.12874,2.56783,7.42389,1
210.6,0.12874,2.56784,7.42389,1
210.7,0.12874,2.56785,7.42389,1
210.8,0.12874,2.56786,7.42388,1
210.9,0.12874,2.56787,7.42388,1
211,0.12874,2.56788,7.42388,1
211.1,0.12874,2.56788,7.42387,1
211.2,0.12875,2.56789,7.42387,1
211.3,0.12875,2.5679,7.42387,1
211.4,0.12875,2.56791,7.42386,1
211.5,0.12875,2.56792,7.42386,1
211.6,0.12875,2.56792,7.42386,1
211.7,0.12875,2.56793,7.42386,1
211.8,0.12875,2.56794,7.42385,1
211.9,0.12876,2.56795,7.42385,1
212,0.12876,2.56795,7.42385,1
212.1,0.12876,2.56796,7.42385,1
212.2,0.12876,2.56797,7.42384,1
212.3,0.12876,2.56798,7.42384,1
212.4,0.12876,2.56798,7.42384,1
212.5,0.12876,2.56799,7.42383,1
212.6,0.12877,2.568,7.42383,1
212.7,0.12877,2.568,7.42383,1
212.8,0.12877,2.56801,7.42383,1
212.9,0.12877,2.56801,7.42382,1
213,0.12877,2.56802,7.42382,1
213.1,0.12877,2.56803,7.42382,1
213.2,0.12877,2.56803,7.42382,1
213.3,0.12878,2.56804,7.42381,1
213.4,0.12878,2.56804,7.42381,1
213.5,0.12878,2.56805,7.42381,1
213.6,0.12878,2.56805,7.42381,1
213.7,0.12878,2.56806,7.4238,1
213.8,0.12878,2.56806,7.4238,1
213.9,0.12879,2.56807,7.4238,1
214,0.12879,2.56807,7.4238,1
214.1,0.12879,2.56807,7.42379,1
214.2,0.12879,2.56808,7.42379,1
214.3,0.12879,2.56808,7.42379,1
214.4,0.12879,2.56808,7.42379,1
214.5,0.12879,2.56809,7.42379,1
214.6,0.12879,2.56809,7.42378,1
214.7,0.1288,2.56809,7.42378,1
214.8,0.1288,2.56809,7.42378,1
214.9,0.1288,2.56809,7.42378,1
215,0.1288,2.5681,7.42377,1
215.1,0.1288,2.5681,7.42377,1
215.2,0.1288,2.5681,7.42377,1
215.3,0.1288,2.5681,7.42377,1
215.4,0.12881,2.5681,7.42376,1
215.5,0.12881,2.5681,7.42376,1
215.6,0.12881,2.5681,7.42376,1
215.7,0.12881,2.5681,7.42376,1
215.8,0.12881,2.5681,7.42376,1
215.9,0.12881,2.5681,7.42375,1
216,0.12881,2.5681,7.42375,1
216.1,0.12881,2.56811,7.42375,1
216.2,0.12882,2.56811,7.42375,1
216.3,0.12882,2.56811,7.42375,1
216.4,0.12882,2.56811,7.42374,1
216.5,0.12882,2.56811,7.42374,1
216.6,0.12882,2.56812,7.42374,1
216.7,0.12882,2.56812,7.42374,1
216.8,0.12882,2.56812,7.42374,1
216.9,0.12883,2.56812,7.42373,1
217,0.12883,2.56812,7.42373,1
217.1,0.12883,2.56812,7.42373,1
217.2,0.12883,2.56812,7.42373,1
217.3,0.12883,2.56812,7.42373,1
217.4,0.12883,2.56812,7.42372,1
217.5,0.12883,2.56813,7.42372,1
217.6,0.12883,2.56813,7.42372,1
217.7,0.12884,2.56813,7.42372,1
217.8,0.12884,2.56813,7.42372,1
217.9,0.12884,2.56813,7.42371,1
218,0.12884,2.56813,7.42371,1
218.1,0.12884,2.56813,7.42371,1
218.2,0.12884,2.56813,7.42371,1
218.3,0.12884,2.56813,7.42371,1
218.4,0.12885,2.56813,7.4237,1
218.5,0.12885,2.56813,7.4237,1
218.6,0.12885,2.56813,7.4237,1
218.7,0.12885,2.56813,7.4237,1
218.8,0.12885,2.56813,7.4237,1
218.9,0.12885,2.56813,7.42369,1
219,0.12885,2.56813,7.42369,1
219.1,0.12886,2.56814,7.42369,1
219.2,0.12886,2.56814,7.42369,1
219.3,0.12886,2.56814,7.42369,1
219.4,0.12886,2.56814,7.42368,1
219.5,0.12886,2.56814,7.42368,1
219.6,0.12886,2.56814,7.42368,1
219.7,0.12886,2.56814,7.42368,1
219.8,0.12887,2.56814,7.42368,1
219.9,0.12887,2.56814,7.42367,1
220,0.12887,2.56814,7.42367,1
220.1,0.12887,2.56814,7.42367,2
220.2,0.12887,2.56814,7.42367,2
220.3,0.12887,2.56814,7.42367,2
220.4,0.12887,2.56814,7.42367,2
220.5,0.12888,2.56814,7.42366,2
220.6,0.12888,2.56814,7.42366,2
220.7,0.12888,2.56814,7.42366,2
220.8,0.12888,2.56813,7.42366,2
220.9,0.12888,2.56813,7.42366,2
221,0.12888,2.56813,7.42365,2
221.1,0.12889,2.56813,7.42365,2
221.2,0.12889,2.56813,7.42365,2
221.3,0.12889,2.56813,7.42365,2
221.4,0.12889,2.56813,7.42365,2
221.5,0.12889,2.56813,7.42365,2
221.6,0.12889,2.56813,7.42364,2
221.7,0.12889,2.56813,7.42364,2
221.8,0.1289,2.56813,7.42364,2
221.9,0.1289,2.56813,7.42364,2
222,0.1289,2.56812,7.42364,2
222.1,0.1289,2.56812,7.42364,2
222.2,0.1289,2.56812,7.42363,2
222.3,0.1289,2.56812,7.42363,2
222.4,0.1289,2.56812,7.42363,2
222.5,0.1289,2.56811,7.42363,2
222.6,0.12891,2.56811,7.42363,2
222.7,0.12891,2.56811,7.42362,2
222.8,0.12891,2.5681,7.42362,2
222.9,0.12891,2.5681,7.42362,2
223,0.12891,2.5681,7.42362,2
223.1,0.12891,2.56809,7.42362,2
223.2,0.12891,2.56809,7.42362,2
223.3,0.12891,2.56809,7.42361,2
223.4,0.12892,2.56809,7.42361,2
223.5,0.12892,2.56808,7.42361,2
223.6,0.12892,2.56808,7.42361,2
223.7,0.12892,2.56808,7.42361,2
223.8,0.12892,2.56808,7.42361,2
223.9,0.12892,2.56807,7.4236,2
224,0.12892,2.56807,7.4236,2
224.1,0.12892,2.56807,7.4236,2
224.2,0.12892,2.56807,7.4236,2
224.3,0.12893,2.56806,7.4236,2
224.4,0.12893,2.56806,7.4236,2
224.5,0.12893,2.56806,7.42359,2
224.6,0.12893,2.56806,7.42359,2
224.7,0.12893,2.56806,7.42359,2
224.8,0.12893,2.56805,7.42359,2
224.9,0.12894,2.56805,7.42359,2
225,0.12894,2.56805,7.42359,2
225.1,0.12894,2.56805,7.42359,2
225.2,0.12894,2.56804,7.42358,2
225.3,0.12894,2.56804,7.42358,2
225.4,0.12894,2.56804,7.42358,2
225.5,0.12894,2.56803,7.42358,2
225.6,0.12895,2.56803,7.42358,2
225.7,0.12895,2.56803,7.42358,2
225.8,0.12895,2.56803,7.42358,2
225.9,0.12895,2.56802,7.42358,2
226,0.12895,2.56802,7.42358,2
226.1,0.12895,2.56802,7.42357,2
226.2,0.12896,2.56802,7.42357,2
226.3,0.12896,2.56801,7.42357,2
226.4,0.12896,2.56801,7.42357,2
226.5,0.12896,2.56801,7.42357,2
226.6,0.12896,2.56801,7.42357,2
226.7,0.12896,2.56801,7.42357,2
226.8,0.12897,2.56801,7.42357,2
226.9,0.12897,2.568,7.42356,2
227,0.12897,2.568,7.42356,2
227.1,0.12897,2.568,7.42356,2
227.2,0.12897,2.568,7.42356,2
227.3,0.12897,2.56799,7.42356,2
227.4,0.12897,2.56799,7.42356,2
227.5,0.12898,2.56799,7.42356,2
227.6,0.12898,2.56798,7.42356,2
227.7,0.12898,2.56798,7.42356,2
227.8,0.12898,2.56797,7.42355,2
227.9,0.12898,2.56797,7.42355,2
228,0.12898,2.56797,7.42355,2
228.1,0.12899,2.56796,7.42355,2
228.2,0.12899,2.56796,7.42355,2
228.3,0.12899,2.56796,7.42355,2
228.4,0.12899,2.56796,7.42355,2
228.5,0.12899,2.56796,7.42355,2
228.6,0.12899,2.56796,7.42355,2
228.7,0.129,2.56795,7.42354,2
228.8,0.129,2.56795,7.42354,2
228.9,0.129,2.56795,7.42354,2
229,0.129,2.56795,7.42354,2
229.1,0.129,2.56794,7.42354,2
229.2,0.129,2.56794,7.42354,2
229.3,0.129,2.56794,7.42354,2
229.4,0.12901,2.56794,7.42354,2
229.5,0.12901,2.56793,7.42354,2
229.6,0.12901,2.56793,7.42354,2
229.7,0.12901,2.56793,7.42353,2
229.8,0.12901,2.56793,7.42353,2
229.9,0.12902,2.56792,7.42353,2
230,0.12902,2.56792,7.42353,2
230.1,0.12902,2.56792,7.42353,2
230.2,0.12902,2.56792,7.42353,2
230.3,0.12902,2.56791,7.42353,2
230.4,0.12902,2.56791,7.42353,2
230.5,0.12903,2.56791,7.42353,2
230.6,0.12903,2.56791,7.42353,2
230.7,0.12903,2.56791,7.42353,2
230.8,0.12903,2.56791,7.42352,2
230.9,0.12903,2.56791,7.42352,2
231,0.12903,2.56791,7.42352,2
231.1,0.12903,2.5679,7.42352,2
231.2,0.12903,2.5679,7.42352,2
231.3,0.12903,2.5679,7.42352,2
231.4,0.12903,2.5679,7.42352,2
231.5,0.12903,2.56789,7.42352,2
231.6,0.12904,2.56789,7.42352,2
231.7,0.12904,2.56789,7.42352,2
231.8,0.12904,2.56789,7.42351,2
231.9,0.12904,2.56789,7.42351,2
232,0.12904,2.56789,7.42351,2
232.1,0.12904,2.56789,7.42351,2
232.2,0.12904,2.56789,7.42351,2
232.3,0.12904,2.56788,7.42351,2
232.4,0.12904,2.56788,7.42351,2
232.5,0.12904,2.56788,7.42351,2
232.6,0.12904,2.56788,7.42351,2
232.7,0.12904,2.56788,7.42351,2
232.8,0.12904,2.56788,7.42351,2
232.9,0.12904,2.56788,7.42351,2
233,0.12905,2.56788,7.42351,2
233.1,0.12905,2.56788,7.42351,2
233.2,0.12905,2.56788,7.4235,2
233.3,0.12905,2.56788,7.4235,2
233.4,0.12905,2.56788,7.4235,2
233.5,0.12905,2.56788,7.4235,2
233.6,0.12905,2.56787,7.4235,2
233.7,0.12905,2.56787,7.4235,2
233.8,0.12905,2.56787,7.4235,2
233.9,0.12905,2.56787,7.4235,2
234,0.12906,2.56786,7.4235,2
234.1,0.12906,2.56786,7.4235,2
234.2,0.12906,2.56786,7.4235,2
234.3,0.12906,2.56786,7.4235,2
234.4,0.12906,2.56785,7.42349,2
234.5,0.12906,2.56785,7.42349,2
234.6,0.12906,2.56785,7.42349,2
234.7,0.12906,2.56784,7.42349,2
234.8,0.12906,2.56784,7.42349,2
234.9,0.12907,2.56784,7.42349,2
235,0.12907,2.56784,7.42349,2
235.1,0.12907,2.56783,7.42349,1
235.2,0.12907,2.56783,7.42349,1
235.3,0.12907,2.56783,7.42349,1
235.4,0.12907,2.56782,7.42349,1
235.5,0.12908,2.56782,7.42348,1
235.6,0.12908,2.56782,7.42348,1
235.7,0.12908,2.56781,7.42348,1
235.8,0.12908,2.56781,7.42348,1
235.9,0.12908,2.56781,7.42348,1
236,0.12908,2.5678,7.42348,1
236.1,0.12909,2.5678,7.42348,1
236.2,0.12909,2.5678,7.42348,1
236.3,0.12909,2.56779,7.42348,1
236.4,0.12909,2.56779,7.42348,1
236.5,0.12909,2.56778,7.42347,1
236.6,0.12909,2.56778,7.42347,1
236.7,0.1291,2.56778,7.42347,1
236.8,0.1291,2.56777,7.42347,1
236.9,0.1291,2.56777,7.42347,1
237,0.1291,2.56776,7.42347,1
237.1,0.1291,2.56776,7.42347,1
237.2,0.1291,2.56776,7.42347,1
237.3,0.12911,2.56775,7.42347,1
237.4,0.12911,2.56775,7.42347,1
237.5,0.12911,2.56774,7.42347,1
237.6,0.12911,2.56774,7.42347,1
237.7,0.12911,2.56773,7.42346,1
237.8,0.12911,2.56773,7.42346,1
237.9,0.12912,2.56772,7.42346,1
238,0.12912,2.56772,7.42346,1
238.1,0.12912,2.56771,7.42346,1
238.2,0.12912,2.56771,7.42346,1
238.3,0.12912,2.5677,7.42346,1
238.4,0.12912,2.5677,7.42346,1
238.5,0.12913,2.56769,7.42346,1
238.6,0.12913,2.56769,7.42346,1
238.7,0.12913,2.56768,7.42346,1
238.8,0.12913,2.56768,7.42346,1
238.9,0.12913,2.56768,7.42346,1
239,0.12913,2.56767,7.42346,1
239.1,0.12913,2.56767,7.42345,1
239.2,0.12913,2.56766,7.42345,1
239.3,0.12913,2.56766,7.42345,1
239.4,0.12913,2.56765,7.42345,1
239.5,0.12913,2.56765,7.42345,1
239.6,0.12913,2.56765,7.42345,1
239.7,0.12914,2.56765,7.42345,1
239.8,0.12914,2.56764,7.42345,1
239.9,0.12914,2.56764,7.42345,1
240,0.12914,2.56763,7.42345,1
240.1,0.12914,2.56763,7.42345,1
240.2,0.12914,2.56763,7.42345,1
240.3,0.12914,2.56762,7.42345,1
240.4,0.12914,2.56762,7.42345,1
240.5,0.12914,2.56762,7.42345,1
240.6,0.12914,2.56761,7.42345,1
240.7,0.12914,2.56761,7.42345,1
240.8,0.12914,2.56761,7.42345,1
240.9,0.12914,2.56761,7.42345,1
241,0.12914,2.5676,7.42344,1
241.1,0.12914,2.5676,7.42344,1
241.2,0.12914,2.5676,7.42344,1
241.3,0.12914,2.56759,7.42344,1
241.4,0.12915,2.56759,7.42344,1
241.5,0.12915,2.56759,7.42344,1
241.6,0.12915,2.56758,7.42344,1
241.7,0.12915,2.56758,7.42344,1
241.8,0.12915,2.56758,7.42344,1
241.9,0.12915,2.56758,7.42344,1
242,0.12915,2.56758,7.42344,1
242.1,0.12915,2.56758,7.42344,1
242.2,0.12915,2.56757,7.42344,1
242.3,0.12915,2.56757,7.42344,1
242.4,0.12915,2.56757,7.42344,1
242.5,0.12915,2.56757,7.42344,1
242.6,0.12915,2.56756,7.42344,1
242.7,0.12915,2.56756,7.42344,1
242.8,0.12915,2.56756,7.42344,1
242.9,0.12915,2.56756,7.42344,1
243,0.12916,2.56755,7.42344,1
243.1,0.12916,2.56755,7.42344,1
243.2,0.12916,2.56755,7.42344,1
243.3,0.12916,2.56755,7.42344,1
243.4,0.12916,2.56754,7.42344,1
243.5,0.12916,2.56754,7.42344,1
243.6,0.12916,2.56754,7.42344,1
243.7,0.12916,2.56753,7.42344,1
243.8,0.12916,2.56753,7.42344,1
243.9,0.12916,2.56753,7.42343,1
244,0.12916,2.56753,7.42343,1
244.1,0.12916,2.56752,7.42343,1
244.2,0.12916,2.56752,7.42343,1
244.3,0.12917,2.56752,7.42343,1
244.4,0.12917,2.56752,7.42343,1
244.5,0.12917,2.56751,7.42343,1
244.6,0.12917,2.56751,7.42343,1
244.7,0.12917,2.56751,7.42343,1
244.8,0.12917,2.56751,7.42343,1
244.9,0.12917,2.5675,7.42343,1
245,0.12917,2.5675,7.42343,1
245.1,0.12917,2.5675,7.42343,1
245.2,0.12917,2.56749,7.42343,1
245.3,0.12918,2.56749,7.42343,1
245.4,0.12918,2.56749,7.42343,1
245.5,0.12918,2.56748,7.42343,1
245.6,0.12918,2.56748,7.42343,1
245.7,0.12918,2.56748,7.42343,1
245.8,0.12918,2.56747,7.42343,1
245.9,0.12918,2.56747,7.42342,1
246,0.12918,2.56747,7.42342,1
246.1,0.12918,2.56746,7.42342,1
246.2,0.12918,2.56746,7.42342,1
246.3,0.12918,2.56746,7.42342,1
246.4,0.12918,2.56745,7.42342,1
246.5,0.12918,2.56745,7.42342,1
246.6,0.12918,2.56745,7.42342,1
246.7,0.12919,2.56744,7.42342,1
246.8,0.12919,2.56744,7.42342,1
246.9,0.12919,2.56744,7.42342,1
247,0.12919,2.56743,7.42342,1
247.1,0.12919,2.56743,7.42342,1
247.2,0.12919,2.56743,7.42342,1
247.3,0.12919,2.56743,7.42342,1
247.4,0.12919,2.56743,7.42341,1
247.5,0.12919,2.56742,7.42341,1
247.6,0.12919,2.56742,7.42341,1
247.7,0.12919,2.56742,7.42341,1
247.8,0.1292,2.56742,7.42341,1
247.9,0.1292,2.56741,7.42341,1
248,0.1292,2.56741,7.42341,1
248.1,0.1292,2.56741,7.42341,1
248.2,0.1292,2.56741,7.42341,1
248.3,0.1292,2.5674,7.42341,1
248.4,0.1292,2.5674,7.42341,1
248.5,0.1292,2.5674,7.42341,1
248.6,0.1292,2.5674,7.42341,1
248.7,0.1292,2.56739,7.42341,1
248.8,0.12921,2.56739,7.42341,1
248.9,0.12921,2.56739,7.42341,1
249,0.12921,2.56738,7.42341,1
249.1,0.12921,2.56738,7.42341,1
249.2,0.12921,2.56738,7.42341,1
249.3,0.12921,2.56737,7.42341,1
249.4,0.12921,2.56737,7.42341,1
249.5,0.12921,2.56737,7.4234,1
249.6,0.12921,2.56736,7.4234,1
249.7,0.12921,2.56736,7.4234,1
249.8,0.12921,2.56736,7.4234,1
249.9,0.12921,2.56735,7.4234,1
250,0.12921,2.56735,7.4234,1
250.1,0.12921,2.56735,7.4234,1
250.2,0.12921,2.56734,7.4234,1
250.3,0.12922,2.56734,7.4234,1
250.4,0.12922,2.56734,7.4234,1
250.5,0.12922,2.56734,7.4234,1
250.6,0.12922,2.56733,7.4234,1
250.7,0.12922,2.56733,7.4234,1
250.8,0.12922,2.56733,7.4234,1
250.9,0.12922,2.56732,7.4234,1
251,0.12922,2.56732,7.4234,1
251.1,0.12922,2.56732,7.4234,1
251.2,0.12922,2.56731,7.42339,1
251.3,0.12922,2.56731,7.42339,1
251.4,0.12923,2.56731,7.42339,1
251.5,0.12923,2.5673,7.42339,1
251.6,0.12923,2.5673,7.42339,1
251.7,0.12923,2.5673,7.42339,1
251.8,0.12923,2.5673,7.42339,1
251.9,0.12923,2.5673,7.42339,1
252,0.12923,2.5673,7.42339,1
252.1,0.12923,2.5673,7.42339,1
252.2,0.12923,2.56729,7.42339,1
252.3,0.12923,2.56729,7.42339,1
252.4,0.12924,2.56729,7.42339,1
252.5,0.12924,2.56729,7.42339,1
252.6,0.12924,2.56729,7.42339,1
252.7,0.12924,2.56729,7.42339,1
252.8,0.12924,2.56729,7.42339,1
252.9,0.12924,2.56729,7.42339,1
253,0.12924,2.56729,7.42339,1
253.1,0.12924,2.56728,7.42339,1
253.2,0.12924,2.56728,7.42339,1
253.3,0.12924,2.56728,7.42339,1
253.4,0.12925,2.56728,7.42339,1
253.5,0.12925,2.56728,7.42339,1
253.6,0.12925,2.56728,7.42339,1
253.7,0.12925,2.56728,7.42338,1
253.8,0.12925,2.56728,7.42338,1
253.9,0.12925,2.56728,7.42338,1
254,0.12925,2.56728,7.42338,1
254.1,0.12925,2.56728,7.42338,1
254.2,0.12925,2.56728,7.42338,1
254.3,0.12925,2.56728,7.42338,1
254.4,0.12925,2.56728,7.42338,1
254.5,0.12926,2.56728,7.42338,1
254.6,0.12926,2.56728,7.42338,1
254.7,0.12926,2.56728,7.42338,1
254.8,0.12926,2.56728,7.42338,1
254.9,0.12926,2.56728,7.42338,1
255,0.12926,2.56728,7.42338,1
255.1,0.12926,2.56728,7.42338,1
255.2,0.12926,2.56728,7.42338,1
255.3,0.12926,2.56728,7.42338,1
255.4,0.12926,2.56727,7.42338,1
255.5,0.12927,2.56727,7.42338,1
255.6,0.12927,2.56727,7.42338,1
255.7,0.12927,2.56727,7.42338,1
255.8,0.12927,2.56727,7.42338,1
255.9,0.12927,2.56727,7.42338,1
256,0.12927,2.56726,7.42338,1
256.1,0.12927,2.56726,7.42338,1
256.2,0.12927,2.56726,7.42338,1
256.3,0.12927,2.56726,7.42338,1
256.4,0.12927,2.56726,7.42338,1
256.5,0.12927,2.56726,7.42338,1
256.6,0.12928,2.56726,7.42338,1
256.7,0.12928,2.56726,7.42338,1
256.8,0.12928,2.56725,7.42338,1
256.9,0.12928,2.56725,7.42338,1
257,0.12928,2.56725,7.42338,1
257.1,0.12928,2.56725,7.42338,1
257.2,0.12928,2.56725,7.42338,1
257.3,0.12928,2.56725,7.42338,1
257.4,0.12928,2.56725,7.42338,1
257.5,0.12928,2.56725,7.42338,1
257.6,0.12928,2.56725,7.42338,1
257.7,0.12928,2.56725,7.42338,1
257.8,0.12928,2.56725,7.42338,1
257.9,0.12928,2.56725,7.42338,1
258,0.12928,2.56725,7.42338,1
258.1,0.12928,2.56725,7.42338,1
258.2,0.12929,2.56725,7.42338,1
258.3,0.12929,2.56725,7.42338,1
258.4,0.12929,2.56725,7.42338,1
258.5,0.12929,2.56725,7.42338,1
258.6,0.12929,2.56725,7.42338,1
258.7,0.12929,2.56725,7.42338,1
258.8,0.12929,2.56725,7.42338,1
258.9,0.12929,2.56725,7.42338,1
259,0.12929,2.56726,7.42338,1
259.1,0.12929,2.56726,7.42338,1
259.2,0.12929,2.56726,7.42338,1
259.3,0.12929,2.56726,7.42338,1
259.4,0.12929,2.56726,7.42338,1
259.5,0.12929,2.56726,7.42338,1
259.6,0.1293,2.56726,7.42338,1
259.7,0.1293,2.56726,7.42338,1
259.8,0.1293,2.56726,7.42338,1
259.9,0.1293,2.56726,7.42338,1
260,0.1293,2.56727,7.42338,1
260.1,0.1293,2.56727,7.42338,1
260.2,0.1293,2.56727,7.42338,1
260.3,0.1293,2.56727,7.42338,1
260.4,0.1293,2.56727,7.42338,1
260.5,0.1293,2.56727,7.42338,1
260.6,0.1293,2.56727,7.42338,1
260.7,0.1293,2.56727,7.42338,1
260.8,0.1293,2.56727,7.42338,1
260.9,0.1293,2.56727,7.42338,1
261,0.1293,2.56728,7.42338,1
261.1,0.1293,2.56728,7.42338,1
261.2,0.12931,2.56728,7.42338,1
261.3,0.12931,2.56728,7.42338,1
261.4,0.12931,2.56728,7.42338,1
261.5,0.12931,2.56728,7.42338,1
261.6,0.12931,2.56728,7.42338,1
261.7,0.12931,2.56728,7.42338,1
261.8,0.12931,2.56729,7.42338,1
261.9,0.12931,2.56729,7.42338,1
262,0.12931,2.56729,7.42338,1
262.1,0.12931,2.56729,7.42337,1
262.2,0.12932,2.5673,7.42337,1
262.3,0.12932,2.5673,7.42338,1
262.4,0.12932,2.5673,7.42338,1
262.5,0.12932,2.56731,7.42338,1
262.6,0.12932,2.56731,7.42338,1
262.7,0.12932,2.56731,7.42338,1
262.8,0.12932,2.56731,7.42338,1
262.9,0.12932,2.56731,7.42338,1
263,0.12932,2.56732,7.42338,1
263.1,0.12932,2.56732,7.42338,1
263.2,0.12933,2.56732,7.42338,1
263.3,0.12933,2.56733,7.42338,1
263.4,0.12933,2.56733,7.42338,1
263.5,0.12933,2.56733,7.42338,1
263.6,0.12933,2.56733,7.42338,1
263.7,0.12933,2.56733,7.42338,1
263.8,0.12933,2.56733,7.42338,1
263.9,0.12933,2.56734,7.42338,1
264,0.12933,2.56734,7.42338,1
264.1,0.12933,2.56734,7.42338,1
264.2,0.12933,2.56734,7.42338,1
264.3,0.12933,2.56734,7.42338,1
264.4,0.12933,2.56735,7.42338,1
264.5,0.12933,2.56735,7.42338,1
264.6,0.12933,2.56735,7.42338,1
264.7,0.12934,2.56735,7.42338,1
264.8,0.12934,2.56736,7.42338,1
264.9,0.12934,2.56736,7.42338,1
265,0.12934,2.56736,7.42338,1
265.1,0.12934,2.56736,7.42338,1
265.2,0.12934,2.56737,7.42338,1
265.3,0.12934,2.56737,7.42338,1
265.4,0.12934,2.56737,7.42338,1
265.5,0.12934,2.56737,7.42338,1
265.6,0.12934,2.56738,7.42338,1
265.7,0.12935,2.56738,7.42338,1
265.8,0.12935,2.56738,7.42338,1
265.9,0.12935,2.56738,7.42338,1
266,0.12935,2.56739,7.42338,1
266.1,0.12935,2.56739,7.42338,1
266.2,0.12935,2.5674,7.42338,1
266.3,0.12935,2.5674,7.42338,1
266.4,0.12935,2.56741,7.42338,1
266.5,0.12935,2.56741,7.42338,1
266.6,0.12935,2.56741,7.42338,1
266.7,0.12935,2.56742,7.42338,1
266.8,0.12935,2.56742,7.42338,1
266.9,0.12935,2.56742,7.42338,1
267,0.12935,2.56743,7.42338,1
267.1,0.12936,2.56743,7.42338,1
267.2,0.12936,2.56743,7.42338,1
267.3,0.12936,2.56744,7.42338,1
267.4,0.12936,2.56744,7.42338,1
267.5,0.12936,2.56745,7.42338,1
267.6,0.12936,2.56745,7.42338,1
267.7,0.12936,2.56745,7.42339,1
267.8,0.12936,2.56746,7.42339,1
267.9,0.12936,2.56746,7.42339,1
268,0.12936,2.56747,7.42339,1
268.1,0.12936,2.56747,7.42339,1
268.2,0.12936,2.56747,7.42339,1
268.3,0.12936,2.56748,7.42339,1
268.4,0.12936,2.56748,7.42339,1
268.5,0.12936,2.56749,7.42339,1
268.6,0.12936,2.56749,7.42339,1
268.7,0.12936,2.5675,7.42339,1
268.8,0.12936,2.5675,7.42339,1
268.9,0.12936,2.5675,7.42339,1
269,0.12936,2.56751,7.42339,1
269.1,0.12936,2.56751,7.42339,1
269.2,0.12936,2.56751,7.42339,1
269.3,0.12936,2.56752,7.42339,1
269.4,0.12936,2.56752,7.42339,1
269.5,0.12937,2.56752,7.42339,1
269.6,0.12937,2.56752,7.42339,1
269.7,0.12937,2.56753,7.42339,1
269.8,0.12937,2.56753,7.42339,1
269.9,0.12937,2.56754,7.42339,1
270,0.12937,2.56754,7.42339,1
270.1,0.12937,2.56754,7.42339,1
270.2,0.12937,2.56755,7.42339,1
270.3,0.12937,2.56755,7.42339,1
270.4,0.12937,2.56756,7.42339,1
270.5,0.12937,2.56756,7.42339,1
270.6,0.12937,2.56757,7.42339,1
270.7,0.12937,2.56757,7.42339,1
270.8,0.12937,2.56758,7.42339,1
270.9,0.12937,2.56758,7.42339,1
271,0.12937,2.56758,7.42339,1
271.1,0.12937,2.56759,7.42339,1
271.2,0.12937,2.56759,7.42339,1
271.3,0.12937,2.5676,7.42339,1
271.4,0.12937,2.5676,7.42339,1
271.5,0.12937,2.56761,7.42339,1
271.6,0.12937,2.56761,7.42339,1
271.7,0.12937,2.56762,7.42339,1
271.8,0.12937,2.56762,7.42339,1
271.9,0.12937,2.56763,7.42339,1
272,0.12937,2.56763,7.42339,1
272.1,0.12937,2.56764,7.42339,1
272.2,0.12937,2.56764,7.42339,1
272.3,0.12937,2.56765,7.42339,1
272.4,0.12937,2.56765,7.42339,1
272.5,0.12937,2.56765,7.42339,1
272.6,0.12937,2.56766,7.4234,1
272.7,0.12937,2.56766,7.4234,1
272.8,0.12937,2.56767,7.4234,1
272.9,0.12937,2.56767,7.4234,1
273,0.12937,2.56768,7.4234,1
273.1,0.12937,2.56768,7.4234,1
273.2,0.12937,2.56769,7.4234,1
273.3,0.12937,2.56769,7.4234,1
273.4,0.12937,2.5677,7.4234,1
273.5,0.12937,2.5677,7.4234,1
273.6,0.12937,2.56771,7.4234,1
273.7,0.12937,2.56771,7.4234,1
273.8,0.12937,2.56772,7.4234,1
273.9,0.12937,2.56773,7.4234,1
274,0.12937,2.56773,7.4234,1
274.1,0.12937,2.56773,7.4234,1
274.2,0.12937,2.56774,7.4234,1
274.3,0.12937,2.56774,7.4234,1
274.4,0.12937,2.56774,7.4234,1
274.5,0.12937,2.56775,7.4234,1
274.6,0.12937,2.56775,7.4234,1
274.7,0.12937,2.56776,7.4234,1
274.8,0.12937,2.56776,7.4234,1
274.9,0.12937,2.56776,7.4234,1
275,0.12937,2.56777,7.4234,1
275.1,0.12937,2.56777,7.4234,1
275.2,0.12937,2.56777,7.4234,1
275.3,0.12937,2.56777,7.4234,1
275.4,0.12937,2.56778,7.4234,1
275.5,0.12937,2.56778,7.4234,1
275.6,0.12937,2.56778,7.4234,1
275.7,0.12937,2.56779,7.4234,1
275.8,0.12937,2.56779,7.4234,1
275.9,0.12937,2.56779,7.4234,1
276,0.12937,2.5678,7.4234,1
276.1,0.12937,2.5678,7.4234,1
276.2,0.12937,2.5678,7.4234,1
276.3,0.12937,2.5678,7.4234,1
276.4,0.12937,2.5678,7.4234,1
276.5,0.12937,2.56781,7.4234,1
276.6,0.12937,2.56781,7.4234,1
276.7,0.12937,2.56782,7.4234,1
276.8,0.12937,2.56782,7.4234,1
276.9,0.12938,2.56782,7.4234,1
277,0.12938,2.56783,7.4234,1
277.1,0.12938,2.56783,7.4234,1
277.2,0.12938,2.56784,7.4234,1
277.3,0.12938,2.56784,7.4234,1
277.4,0.12938,2.56784,7.4234,1
277.5,0.12938,2.56785,7.4234,1
277.6,0.12938,2.56785,7.4234,1
277.7,0.12938,2.56785,7.4234,1
277.8,0.12938,2.56786,7.4234,1
277.9,0.12938,2.56786,7.4234,1
278,0.12938,2.56786,7.4234,1
278.1,0.12938,2.56787,7.4234,1
278.2,0.12938,2.56787,7.42341,1
278.3,0.12938,2.56787,7.42341,1
278.4,0.12938,2.56788,7.42341,1
278.5,0.12938,2.56788,7.42341,1
278.6,0.12939,2.56788,7.42341,1
278.7,0.12939,2.56788,7.42341,1
278.8,0.12939,2.56788,7.42341,1
278.9,0.12939,2.56788,7.42341,1
279,0.12939,2.56788,7.42341,1
279.1,0.12939,2.56789,7.42341,1
279.2,0.12939,2.56789,7.42341,1
279.3,0.12939,2.56789,7.42341,1
279.4,0.12939,2.56789,7.42341,1
279.5,0.12939,2.56789,7.42341,1
279.6,0.12939,2.56789,7.42341,1
279.7,0.1294,2.56789,7.42341,1
279.8,0.1294,2.56789,7.42341,1
279.9,0.1294,2.5679,7.42341,1
280,0.1294,2.5679,7.42341,1
280.1,0.1294,2.5679,7.42341,1
280.2,0.1294,2.5679,7.42341,1
280.3,0.1294,2.5679,7.42341,1
280.4,0.1294,2.5679,7.42342,1
280.5,0.1294,2.5679,7.42342,1
280.6,0.1294,2.56791,7.42342,1
280.7,0.12941,2.56791,7.42342,1
280.8,0.12941,2.56791,7.42342,1
280.9,0.12941,2.56791,7.42342,1
281,0.12941,2.56791,7.42342,1
281.1,0.12941,2.56791,7.42342,1
281.2,0.12941,2.56791,7.42342,1
281.3,0.12941,2.56791,7.42342,1
281.4,0.12941,2.56792,7.42342,1
281.5,0.12941,2.56792,7.42342,1
281.6,0.12942,2.56792,7.42342,1
281.7,0.12942,2.56792,7.42342,1
281.8,0.12942,2.56792,7.42342,1
281.9,0.12942,2.56792,7.42342,1
282,0.12942,2.56792,7.42342,1
282.1,0.12942,2.56793,7.42342,1
282.2,0.12942,2.56793,7.42343,1
282.3,0.12942,2.56793,7.42343,1
282.4,0.12942,2.56793,7.42343,1
282.5,0.12943,2.56793,7.42343,1
282.6,0.12943,2.56793,7.42343,1
282.7,0.12943,2.56793,7.42343,1
282.8,0.12943,2.56793,7.42343,1
282.9,0.12943,2.56793,7.42343,1
283,0.12943,2.56793,7.42343,1
283.1,0.12943,2.56794,7.42343,1
283.2,0.12944,2.56794,7.42343,1
283.3,0.12944,2.56794,7.42343,1
283.4,0.12944,2.56794,7.42343,1
283.5,0.12944,2.56794,7.42343,1
283.6,0.12944,2.56794,7.42343,1
283.7,0.12944,2.56794,7.42343,1
283.8,0.12944,2.56794,7.42343,1
283.9,0.12945,2.56794,7.42343,1
284,0.12945,2.56794,7.42343,1
284.1,0.12945,2.56795,7.42343,1
284.2,0.12945,2.56795,7.42343,1
284.3,0.12945,2.56795,7.42344,1
284.4,0.12945,2.56795,7.42344,1
284.5,0.12945,2.56795,7.42344,1
284.6,0.12946,2.56795,7.42344,1
284.7,0.12946,2.56795,7.42344,1
284.8,0.12946,2.56795,7.42344,1
284.9,0.12946,2.56795,7.42344,1
285,0.12946,2.56796,7.42344,1
285.1,0.12946,2.56796,7.42344,1
285.2,0.12946,2.56796,7.42344,1
285.3,0.12947,2.56796,7.42344,1
285.4,0.12947,2.56796,7.42344,1
285.5,0.12947,2.56796,7.42344,1
285.6,0.12947,2.56796,7.42344,1
285.7,0.12947,2.56796,7.42344,1
285.8,0.12947,2.56796,7.42344,1
285.9,0.12947,2.56796,7.42344,1
286,0.12947,2.56796,7.42344,1
286.1,0.12948,2.56797,7.42344,1
286.2,0.12948,2.56797,7.42344,1
286.3,0.12948,2.56797,7.42344,1
286.4,0.12948,2.56797,7.42344,1
286.5,0.12948,2.56797,7.42344,1
286.6,0.12948,2.56797,7.42344,1
286.7,0.12948,2.56797,7.42344,1
286.8,0.12949,2.56797,7.42344,1
286.9,0.12949,2.56797,7.42344,1
287,0.12949,2.56797,7.42344,1
287.1,0.12949,2.56797,7.42345,1
287.2,0.12949,2.56797,7.42345,1
287.3,0.12949,2.56797,7.42345,1
287.4,0.12949,2.56797,7.42345,1
287.5,0.1295,2.56797,7.42345,1
287.6,0.1295,2.56797,7.42345,1
287.7,0.1295,2.56797,7.42345,1
287.8,0.1295,2.56797,7.42345,1
287.9,0.1295,2.56797,7.42345,1
288,0.1295,2.56797,7.42345,1
288.1,0.12951,2.56798,7.42345,1
288.2,0.12951,2.56798,7.42345,1
288.3,0.12951,2.56798,7.42345,1
288.4,0.12951,2.56798,7.42345,1
288.5,0.12951,2.56798,7.42345,1
288.6,0.12951,2.56798,7.42345,1
288.7,0.12952,2.56799,7.42345,1
288.8,0.12952,2.56799,7.42345,1
288.9,0.12952,2.56799,7.42345,1
289,0.12952,2.56799,7.42345,1
289.1,0.12952,2.56799,7.42345,1
289.2,0.12952,2.56799,7.42345,1
289.3,0.12953,2.56799,7.42345,1
289.4,0.12953,2.56799,7.42345,1
289.5,0.12953,2.56799,7.42345,1
289.6,0.12953,2.568,7.42345,1
289.7,0.12953,2.568,7.42345,1
289.8,0.12954,2.568,7.42345,1
289.9,0.12954,2.568,7.42345,1
290,0.12954,2.568,7.42345,1
290.1,0.12954,2.56801,7.42345,1
290.2,0.12954,2.56801,7.42345,1
290.3,0.12954,2.56801,7.42345,1
290.4,0.12955,2.56801,7.42345,1
290.5,0.12955,2.56802,7.42345,1
290.6,0.12955,2.56802,7.42345,1
290.7,0.12955,2.56802,7.42345,1
290.8,0.12955,2.56803,7.42345,1
290.9,0.12955,2.56803,7.42345,1
291,0.12956,2.56804,7.42345,1
291.1,0.12956,2.56804,7.42345,1
291.2,0.12956,2.56804,7.42345,1
291.3,0.12956,2.56805,7.42345,1
291.4,0.12956,2.56805,7.42345,1
291.5,0.12956,2.56806,7.42345,1
291.6,0.12956,2.56806,7.42345,1
291.7,0.12956,2.56807,7.42345,1
291.8,0.12957,2.56807,7.42345,1
291.9,0.12957,2.56808,7.42345,1
292,0.12957,2.56808,7.42345,1
292.1,0.12957,2.56809,7.42345,1
292.2,0.12957,2.56809,7.42345,1
292.3,0.12957,2.5681,7.42345,1
292.4,0.12957,2.5681,7.42345,1
292.5,0.12958,2.56811,7.42345,1
292.6,0.12958,2.56811,7.42345,1
292.7,0.12958,2.56812,7.42345,1
292.8,0.12958,2.56812,7.42345,1
292.9,0.12958,2.56813,7.42345,1
293,0.12958,2.56813,7.42345,1
293.1,0.12958,2.56814,7.42345,1
293.2,0.12959,2.56815,7.42345,1
293.3,0.12959,2.56815,7.42345,1
293.4,0.12959,2.56816,7.42345,1
293.5,0.12959,2.56817,7.42345,1
293.6,0.12959,2.56817,7.42346,1
293.7,0.12959,2.56818,7.42346,1
293.8,0.12959,2.56819,7.42346,1
293.9,0.1296,2.56819,7.42346,1
294,0.1296,2.5682,7.42346,1
294.1,0.1296,2.56821,7.42346,1
294.2,0.1296,2.56822,7.42346,1
294.3,0.1296,2.56823,7.42346,1
294.4,0.1296,2.56823,7.42346,1
294.5,0.12961,2.56824,7.42346,1
294.6,0.12961,2.56825,7.42346,1
294.7,0.12961,2.56826,7.42346,1
294.8,0.12961,2.56827,7.42346,1
294.9,0.12961,2.56827,7.42346,1
295,0.12962,2.56828,7.42346,1
295.1,0.12962,2.56829,7.42346,1
295.2,0.12962,2.5683,7.42346,1
295.3,0.12962,2.5683,7.42346,1
295.4,0.12962,2.56831,7.42346,1
295.5,0.12962,2.56832,7.42346,1
295.6,0.12963,2.56833,7.42346,1
295.7,0.12963,2.56834,7.42346,1
295.8,0.12963,2.56834,7.42346,1
295.9,0.12963,2.56835,7.42346,1
296,0.12963,2.56836,7.42346,1
296.1,0.12964,2.56837,7.42346,1
296.2,0.12964,2.56837,7.42346,1
296.3,0.12964,2.56838,7.42346,1
296.4,0.12964,2.56839,7.42346,1
296.5,0.12964,2.5684,7.42346,1
296.6,0.12965,2.56841,7.42346,1
296.7,0.12965,2.56842,7.42346,1
296.8,0.12965,2.56843,7.42346,1
296.9,0.12965,2.56844,7.42346,1
297,0.12965,2.56844,7.42346,1
297.1,0.12966,2.56845,7.42346,1
297.2,0.12966,2.56846,7.42345,1
297.3,0.12966,2.56847,7.42345,1
297.4,0.12966,2.56848,7.42345,1
297.5,0.12967,2.56849,7.42345,1
297.6,0.12967,2.5685,7.42345,1
297.7,0.12967,2.56851,7.42345,1
297.8,0.12967,2.56852,7.42345,1
297.9,0.12967,2.56853,7.42345,1
298,0.12968,2.56854,7.42345,1
298.1,0.12968,2.56855,7.42345,1
298.2,0.12968,2.56856,7.42345,1
298.3,0.12968,2.56857,7.42345,1
298.4,0.12968,2.56858,7.42345,1
298.5,0.12969,2.56859,7.42345,1
298.6,0.12969,2.5686,7.42345,1
298.7,0.12969,2.56861,7.42345,1
298.8,0.12969,2.56862,7.42345,1
298.9,0.12969,2.56863,7.42345,1
299,0.1297,2.56864,7.42345,1
299.1,0.1297,2.56864,7.42345,1
299.2,0.1297,2.56865,7.42345,1
299.3,0.1297,2.56866,7.42345,1
299.4,0.1297,2.56867,7.42345,1
299.5,0.12971,2.56868,7.42345,1
299.6,0.12971,2.56869,7.42345,1
299.7,0.12971,2.5687,7.42345,1
299.8,0.12971,2.56871,7.42345,1
299.9,0.12971,2.56872,7.42345,1
300,0.12972,2.56872,7.42345,1
300.1,0.12972,2.56873,7.42345,1
300.2,0.12972,2.56874,7.42345,1
300.3,0.12972,2.56875,7.42345,1
300.4,0.12972,2.56876,7.42345,1
300.5,0.12973,2.56876,7.42345,1
300.6,0.12973,2.56877,7.42345,1
300.7,0.12973,2.56878,7.42345,1
300.8,0.12973,2.56879,7.42345,1
300.9,0.12974,2.56879,7.42345,1
301,0.12974,2.5688,7.42345,1
301.1,0.12974,2.56881,7.42345,1
301.2,0.12974,2.56882,7.42345,1
301.3,0.12975,2.56882,7.42345,1
301.4,0.12975,2.56883,7.42345,1
301.5,0.12975,2.56884,7.42345,1
301.6,0.12975,2.56885,7.42344,1
301.7,0.12975,2.56885,7.42344,1
301.8,0.12976,2.56886,7.42344,1
301.9,0.12976,2.56887,7.42344,1
302,0.12976,2.56887,7.42344,1
302.1,0.12976,2.56888,7.42344,1
302.2,0.12976,2.56889,7.42344,1
302.3,0.12977,2.56889,7.42344,1
302.4,0.12977,2.5689,7.42344,1
302.5,0.12977,2.56891,7.42344,1
302.6,0.12977,2.56891,7.42344,1
302.7,0.12977,2.56892,7.42344,1
302.8,0.12978,2.56893,7.42344,1
302.9,0.12978,2.56894,7.42344,1
303,0.12978,2.56895,7.42344,1
303.1,0.12978,2.56895,7.42344,1
303.2,0.12978,2.56896,7.42344,1
303.3,0.12979,2.56897,7.42344,1
303.4,0.12979,2.56897,7.42344,1
303.5,0.12979,2.56898,7.42344,1
303.6,0.12979,2.56899,7.42344,1
303.7,0.1298,2.569,7.42344,1
303.8,0.1298,2.56901,7.42344,1
303.9,0.1298,2.56901,7.42344,1
304,0.1298,2.56902,7.42344,1
304.1,0.1298,2.56903,7.42344,1
304.2,0.12981,2.56904,7.42344,1
304.3,0.12981,2.56905,7.42344,1
304.4,0.12981,2.56905,7.42344,1
304.5,0.12981,2.56906,7.42344,1
304.6,0.12982,2.56907,7.42344,1
304.7,0.12982,2.56908,7.42344,1
304.8,0.12982,2.56909,7.42344,1
304.9,0.12982,2.5691,7.42344,1
305,0.12982,2.56911,7.42344,1
305.1,0.12983,2.56912,7.42344,2
305.2,0.12983,2.56912,7.42344,2
305.3,0.12983,2.56913,7.42344,2
305.4,0.12983,2.56914,7.42344,2
305.5,0.12983,2.56915,7.42344,2
305.6,0.12984,2.56916,7.42344,2
305.7,0.12984,2.56917,7.42344,2
305.8,0.12984,2.56917,7.42344,2
305.9,0.12984,2.56919,7.42344,2
306,0.12984,2.56919,7.42344,2
306.1,0.12985,2.5692,7.42344,2
306.2,0.12985,2.56921,7.42344,2
306.3,0.12985,2.56922,7.42344,2
306.4,0.12985,2.56923,7.42344,2
306.5,0.12985,2.56924,7.42343,2
306.6,0.12985,2.56925,7.42343,2
306.7,0.12986,2.56926,7.42343,2
306.8,0.12986,2.56927,7.42343,2
306.9,0.12986,2.56928,7.42343,2
307,0.12986,2.56929,7.42343,2
307.1,0.12986,2.5693,7.42343,2
307.2,0.12986,2.5693,7.42343,2
307.3,0.12987,2.56931,7.42343,2
307.4,0.12987,2.56932,7.42343,2
307.5,0.12987,2.56933,7.42343,2
307.6,0.12987,2.56934,7.42343,2
307.7,0.12987,2.56935,7.42343,2
307.8,0.12987,2.56936,7.42343,2
307.9,0.12987,2.56937,7.42343,2
308,0.12987,2.56938,7.42343,2
308.1,0.12988,2.56938,7.42343,2
308.2,0.12988,2.56939,7.42343,2
308.3,0.12988,2.5694,7.42343,2
308.4,0.12988,2.5694,7.42343,2
308.5,0.12988,2.56941,7.42343,2
308.6,0.12988,2.56942,7.42343,2
308.7,0.12988,2.56943,7.42343,2
308.8,0.12988,2.56944,7.42343,2
308.9,0.12988,2.56945,7.42343,2
309,0.12989,2.56945,7.42343,2
309.1,0.12989,2.56946,7.42343,2
309.2,0.12989,2.56947,7.42343,2
309.3,0.12989,2.56948,7.42343,2
309.4,0.12989,2.56949,7.42343,2
309.5,0.12989,2.5695,7.42343,2
309.6,0.12989,2.56951,7.42342,2
309.7,0.12989,2.56952,7.42342,2
309.8,0.1299,2.56953,7.42342,2
309.9,0.1299,2.56953,7.42342,2
310,0.1299,2.56954,7.42342,2
310.1,0.1299,2.56955,7.42342,2
310.2,0.1299,2.56956,7.42342,2
310.3,0.1299,2.56957,7.42342,2
310.4,0.1299,2.56958,7.42342,2
310.5,0.1299,2.56959,7.42342,2
310.6,0.12991,2.5696,7.42342,2
310.7,0.12991,2.56961,7.42342,2
310.8,0.12991,2.56962,7.42342,2
310.9,0.12991,2.56963,7.42342,2
311,0.12991,2.56964,7.42342,2
311.1,0.12991,2.56965,7.42342,2
311.2,0.12991,2.56966,7.42342,2
311.3,0.12992,2.56966,7.42342,2
311.4,0.12992,2.56967,7.42342,2
311.5,0.12992,2.56968,7.42342,2
311.6,0.12992,2.56969,7.42342,2
311.7,0.12992,2.5697,7.42341,2
311.8,0.12992,2.56971,7.42341,2
311.9,0.12993,2.56971,7.42341,2
312,0.12993,2.56972,7.42341,2
312.1,0.12993,2.56973,7.42341,2
312.2,0.12993,2.56974,7.42341,2
312.3,0.12993,2.56975,7.42341,2
312.4,0.12993,2.56976,7.42341,2
312.5,0.12993,2.56977,7.42341,2
312.6,0.12994,2.56978,7.42341,2
312.7,0.12994,2.56979,7.42341,2
312.8,0.12994,2.5698,7.42341,2
312.9,0.12994,2.56981,7.42341,2
313,0.12994,2.56982,7.42341,2
313.1,0.12994,2.56983,7.42341,2
313.2,0.12995,2.56984,7.42341,2
313.3,0.12995,2.56985,7.42341,2
313.4,0.12995,2.56986,7.42341,2
313.5,0.12995,2.56987,7.42341,2
313.6,0.12995,2.56988,7.42341,2
313.7,0.12995,2.56989,7.42341,2
313.8,0.12995,2.5699,7.42341,2
313.9,0.12996,2.5699,7.42341,2
314,0.12996,2.56991,7.4234,2
314.1,0.12996,2.56992,7.4234,2
314.2,0.12996,2.56993,7.4234,2
314.3,0.12996,2.56994,7.4234,2
314.4,0.12997,2.56995,7.4234,2
314.5,0.12997,2.56996,7.4234,2
314.6,0.12997,2.56998,7.4234,2
314.7,0.12997,2.56999,7.4234,2
314.8,0.12997,2.57,7.4234,2
314.9,0.12997,2.57001,7.4234,2
315,0.12998,2.57001,7.4234,2
315.1,0.12998,2.57002,7.4234,2
315.2,0.12998,2.57003,7.4234,2
315.3,0.12998,2.57004,7.4234,2
315.4,0.12998,2.57005,7.4234,2
315.5,0.12998,2.57006,7.4234,2
315.6,0.12999,2.57007,7.4234,2
315.7,0.12999,2.57008,7.4234,2
315.8,0.12999,2.57009,7.4234,2
315.9,0.12999,2.5701,7.4234,2
316,0.12999,2.57011,7.4234,2
316.1,0.12999,2.57012,7.4234,2
316.2,0.13,2.57013,7.4234,2
316.3,0.13,2.57013,7.4234,2
316.4,0.13,2.57014,7.4234,2
316.5,0.13,2.57015,7.4234,2
316.6,0.13,2.57016,7.4234,2
316.7,0.13001,2.57017,7.4234,2
316.8,0.13001,2.57018,7.4234,2
316.9,0.13001,2.57018,7.4234,2
317,0.13001,2.57019,7.4234,2
317.1,0.13001,2.5702,7.4234,2
317.2,0.13001,2.57021,7.4234,2
317.3,0.13002,2.57021,7.4234,2
317.4,0.13002,2.57022,7.4234,2
317.5,0.13002,2.57023,7.4234,2
317.6,0.13002,2.57023,7.4234,2
317.7,0.13002,2.57024,7.4234,2
317.8,0.13003,2.57025,7.4234,2
317.9,0.13003,2.57026,7.4234,2
318,0.13003,2.57026,7.4234,2
318.1,0.13003,2.57027,7.42339,2
318.2,0.13003,2.57028,7.42339,2
318.3,0.13004,2.57029,7.42339,2
318.4,0.13004,2.57029,7.42339,2
318.5,0.13004,2.5703,7.42339,2
318.6,0.13004,2.57031,7.42339,2
318.7,0.13004,2.57032,7.42339,2
318.8,0.13005,2.57032,7.42339,2
318.9,0.13005,2.57033,7.42339,2
319,0.13005,2.57034,7.42339,2
319.1,0.13005,2.57034,7.42339,2
319.2,0.13005,2.57035,7.42339,2
319.3,0.13006,2.57036,7.42339,2
319.4,0.13006,2.57036,7.42339,2
319.5,0.13006,2.57037,7.42339,2
319.6,0.13006,2.57038,7.42339,2
319.7,0.13006,2.57038,7.42339,2
319.8,0.13006,2.57039,7.42339,2
319.9,0.13007,2.5704,7.42339,2
320,0.13007,2.5704,7.42339,2
320.1,0.13007,2.57041,7.42339,2
320.2,0.13007,2.57042,7.42339,2
320.3,0.13007,2.57042,7.42339,2
320.4,0.13008,2.57043,7.42339,2
320.5,0.13008,2.57044,7.42339,2
320.6,0.13008,2.57045,7.42339,2
320.7,0.13008,2.57045,7.42338,2
320.8,0.13009,2.57046,7.42338,2
320.9,0.13009,2.57047,7.42338,2
321,0.13009,2.57048,7.42338,2
321.1,0.1301,2.57049,7.42338,2
321.2,0.1301,2.57049,7.42338,2
321.3,0.1301,2.5705,7.42338,2
321.4,0.1301,2.57051,7.42338,2
321.5,0.13011,2.57052,7.42338,2
321.6,0.13011,2.57053,7.42338,2
321.7,0.13011,2.57054,7.42338,2
321.8,0.13011,2.57055,7.42338,2
321.9,0.13011,2.57056,7.42338,2
322,0.13012,2.57057,7.42338,2
322.1,0.13012,2.57058,7.42338,2
322.2,0.13012,2.57058,7.42338,2
322.3,0.13012,2.57059,7.42338,2
322.4,0.13013,2.5706,7.42338,2
322.5,0.13013,2.57061,7.42337,2
322.6,0.13013,2.57062,7.42337,2
322.7,0.13013,2.57063,7.42337,2
322.8,0.13014,2.57064,7.42337,2
322.9,0.13014,2.57065,7.42337,2
323,0.13014,2.57066,7.42337,2
323.1,0.13014,2.57067,7.42337,2
323.2,0.13014,2.57068,7.42337,2
323.3,0.13015,2.57069,7.42337,2
323.4,0.13015,2.5707,7.42337,2
323.5,0.13015,2.57071,7.42337,2
323.6,0.13015,2.57072,7.42337,2
323.7,0.13016,2.57073,7.42337,2
323.8,0.13016,2.57074,7.42337,2
323.9,0.13016,2.57075,7.42337,2
324,0.13016,2.57076,7.42337,2
324.1,0.13017,2.57077,7.42337,2
324.2,0.13017,2.57077,7.42337,2
324.3,0.13017,2.57078,7.42337,2
324.4,0.13017,2.57079,7.42336,2
324.5,0.13018,2.5708,7.42336,2
324.6,0.13018,2.57081,7.42336,2
324.7,0.13018,2.57082,7.42336,2
324.8,0.13018,2.57083,7.42336,2
324.9,0.13018,2.57084,7.42336,2
325,0.13019,2.57085,7.42336,2
325.1,0.13019,2.57086,7.42336,2
325.2,0.13019,2.57087,7.42336,2
325.3,0.13019,2.57088,7.42336,2
325.4,0.1302,2.57089,7.42336,2
325.5,0.1302,2.5709,7.42336,2
325.6,0.1302,2.57091,7.42336,2
325.7,0.1302,2.57092,7.42336,2
325.8,0.1302,2.57093,7.42336,2
325.9,0.13021,2.57094,7.42336,2
326,0.13021,2.57095,7.42336,2
326.1,0.13021,2.57096,7.42336,2
326.2,0.13021,2.57096,7.42336,2
326.3,0.13022,2.57097,7.42336,2
326.4,0.13022,2.57098,7.42336,2
326.5,0.13022,2.57099,7.42336,2
326.6,0.13022,2.571,7.42336,2
326.7,0.13022,2.57101,7.42336,2
326.8,0.13023,2.57102,7.42336,2
326.9,0.13023,2.57103,7.42336,2
327,0.13023,2.57104,7.42336,2
327.1,0.13023,2.57105,7.42336,2
327.2,0.13024,2.57106,7.42335,2
327.3,0.13024,2.57107,7.42335,2
327.4,0.13024,2.57107,7.42335,2
327.5,0.13024,2.57108,7.42335,2
327.6,0.13024,2.57109,7.42335,2
327.7,0.13025,2.5711,7.42335,2
327.8,0.13025,2.57111,7.42335,2
327.9,0.13025,2.57112,7.42335,2
328,0.13025,2.57113,7.42335,2
328.1,0.13026,2.57114,7.42335,2
328.2,0.13026,2.57115,7.42335,2
328.3,0.13026,2.57116,7.42335,2
328.4,0.13026,2.57116,7.42335,2
328.5,0.13027,2.57117,7.42335,2
328.6,0.13027,2.57118,7.42335,2
328.7,0.13027,2.57119,7.42335,2
328.8,0.13027,2.5712,7.42335,2
328.9,0.13028,2.57121,7.42335,2
329,0.13028,2.57122,7.42335,2
329.1,0.13028,2.57123,7.42335,2
329.2,0.13028,2.57123,7.42335,2
329.3,0.13028,2.57124,7.42335,2
329.4,0.13029,2.57125,7.42335,2
329.5,0.13029,2.57126,7.42335,2
329.6,0.13029,2.57127,7.42335,2
329.7,0.13029,2.57128,7.42335,2
329.8,0.1303,2.57129,7.42335,2
329.9,0.1303,2.5713,7.42335,2
330,0.1303,2.57131,7.42335,2
330.1,0.1303,2.57132,7.42335,2
330.2,0.13031,2.57133,7.42335,2
330.3,0.13031,2.57133,7.42335,2
330.4,0.13031,2.57134,7.42335,2
330.5,0.13031,2.57135,7.42335,2
330.6,0.13032,2.57136,7.42335,2
330.7,0.13032,2.57137,7.42335,2
330.8,0.13032,2.57138,7.42335,2
330.9,0.13032,2.57139,7.42335,2
331,0.13032,2.5714,7.42335,2
331.1,0.13033,2.57141,7.42335,2
331.2,0.13033,2.57143,7.42335,2
331.3,0.13033,2.57144,7.42335,2
331.4,0.13033,2.57145,7.42335,2
331.5,0.13033,2.57146,7.42335,2
331.6,0.13034,2.57147,7.42335,2
331.7,0.13034,2.57148,7.42335,2
331.8,0.13034,2.57149,7.42335,2
331.9,0.13034,2.57151,7.42335,2
332,0.13035,2.57152,7.42335,2
332.1,0.13035,2.57153,7.42335,2
332.2,0.13035,2.57154,7.42335,2
332.3,0.13035,2.57156,7.42335,2
332.4,0.13035,2.57157,7.42335,2
332.5,0.13035,2.57158,7.42336,2
332.6,0.13036,2.57159,7.42336,2
332.7,0.13036,2.5716,7.42336,2
332.8,0.13036,2.57161,7.42336,2
332.9,0.13036,2.57162,7.42336,2
333,0.13036,2.57163,7.42336,2
333.1,0.13036,2.57164,7.42336,2
333.2,0.13037,2.57165,7.42336,2
333.3,0.13037,2.57166,7.42336,2
333.4,0.13037,2.57167,7.42336,2
333.5,0.13037,2.57168,7.42336,2
333.6,0.13037,2.57169,7.42336,2
333.7,0.13038,2.57171,7.42336,2
333.8,0.13038,2.57172,7.42336,2
333.9,0.13038,2.57173,7.42336,2
334,0.13038,2.57174,7.42336,2
334.1,0.13038,2.57175,7.42336,2
334.2,0.13038,2.57176,7.42336,2
334.3,0.13039,2.57177,7.42336,2
334.4,0.13039,2.57178,7.42336,2
334.5,0.13039,2.57179,7.42336,2
334.6,0.13039,2.5718,7.42336,2
334.7,0.13039,2.57181,7.42337,2
334.8,0.1304,2.57182,7.42337,2
334.9,0.1304,2.57183,7.42337,2
335,0.1304,2.57184,7.42337,2
335.1,0.1304,2.57185,7.42337,1
335.2,0.1304,2.57186,7.42337,1
335.3,0.1304,2.57187,7.42337,1
335.4,0.1304,2.57188,7.42337,1
335.5,0.13041,2.57189,7.42337,1
335.6,0.13041,2.5719,7.42337,1
335.7,0.13041,2.57191,7.42337,1
335.8,0.13041,2.57192,7.42337,1
335.9,0.13041,2.57193,7.42337,1
336,0.13041,2.57194,7.42337,1
336.1,0.13042,2.57195,7.42337,1
336.2,0.13042,2.57196,7.42337,1
336.3,0.13042,2.57197,7.42337,1
336.4,0.13042,2.57198,7.42337,1
336.5,0.13042,2.57199,7.42337,1
336.6,0.13043,2.572,7.42338,1
336.7,0.13043,2.57201,7.42338,1
336.8,0.13043,2.57202,7.42338,1
336.9,0.13043,2.57203,7.42338,1
337,0.13044,2.57204,7.42338,1
337.1,0.13044,2.57205,7.42338,1
337.2,0.13044,2.57206,7.42338,1
337.3,0.13044,2.57207,7.42338,1
337.4,0.13044,2.57209,7.42338,1
337.5,0.13045,2.5721,7.42338,1
337.6,0.13045,2.57211,7.42338,1
337.7,0.13045,2.57212,7.42338,1
337.8,0.13045,2.57213,7.42338,1
337.9,0.13045,2.57214,7.42338,1
338,0.13046,2.57215,7.42338,1
338.1,0.13046,2.57215,7.42338,1
338.2,0.13046,2.57216,7.42338,1
338.3,0.13046,2.57217,7.42338,1
338.4,0.13046,2.57218,7.42338,1
338.5,0.13047,2.57219,7.42338,1
338.6,0.13047,2.5722,7.42339,1
338.7,0.13047,2.57221,7.42339,1
338.8,0.13047,2.57221,7.42339,1
338.9,0.13047,2.57222,7.42339,1
339,0.13048,2.57223,7.42339,1
339.1,0.13048,2.57224,7.42339,1
339.2,0.13048,2.57225,7.42339,1
339.3,0.13048,2.57226,7.42339,1
339.4,0.13048,2.57227,7.42339,1
339.5,0.13048,2.57227,7.42339,1
339.6,0.13049,2.57228,7.42339,1
339.7,0.13049,2.57229,7.42339,1
339.8,0.13049,2.5723,7.42339,1
339.9,0.13049,2.57231,7.42339,1
340,0.13049,2.57231,7.42339,1
340.1,0.1305,2.57232,7.4234,1
340.2,0.1305,2.57233,7.4234,1
340.3,0.1305,2.57234,7.4234,1
340.4,0.1305,2.57235,7.4234,1
340.5,0.1305,2.57235,7.4234,1
340.6,0.1305,2.57236,7.4234,1
340.7,0.13051,2.57237,7.4234,1
340.8,0.13051,2.57238,7.4234,1
340.9,0.13051,2.57239,7.4234,1
341,0.13051,2.5724,7.4234,1
341.1,0.13051,2.5724,7.4234,1
341.2,0.13051,2.57241,7.4234,1
341.3,0.13052,2.57242,7.42341,1
341.4,0.13052,2.57243,7.42341,1
341.5,0.13052,2.57243,7.42341,1
341.6,0.13052,2.57244,7.42341,1
341.7,0.13052,2.57245,7.42341,1
341.8,0.13052,2.57246,7.42341,1
341.9,0.13052,2.57246,7.42341,1
342,0.13052,2.57247,7.42341,1
342.1,0.13053,2.57248,7.42341,1
342.2,0.13053,2.57248,7.42341,1
342.3,0.13053,2.57249,7.42341,1
342.4,0.13053,2.5725,7.42341,1
342.5,0.13053,2.5725,7.42341,1
342.6,0.13053,2.57251,7.42341,1
342.7,0.13053,2.57251,7.42341,1
342.8,0.13053,2.57252,7.42341,1
342.9,0.13053,2.57252,7.42341,1
343,0.13054,2.57253,7.42341,1
343.1,0.13054,2.57253,7.42341,1
343.2,0.13054,2.57254,7.42341,1
343.3,0.13054,2.57254,7.42341,1
343.4,0.13054,2.57255,7.42341,1
343.5,0.13054,2.57255,7.42341,1
343.6,0.13054,2.57255,7.42341,1
343.7,0.13054,2.57256,7.42341,1
343.8,0.13055,2.57256,7.42341,1
343.9,0.13055,2.57256,7.42341,1
344,0.13055,2.57257,7.42341,1
344.1,0.13055,2.57257,7.42341,1
344.2,0.13055,2.57257,7.42341,1
344.3,0.13056,2.57258,7.42342,1
344.4,0.13056,2.57258,7.42342,1
344.5,0.13056,2.57258,7.42342,1
344.6,0.13056,2.57259,7.42342,1
344.7,0.13056,2.57259,7.42342,1
344.8,0.13056,2.5726,7.42342,1
344.9,0.13057,2.5726,7.42342,1
345,0.13057,2.57261,7.42342,1
345.1,0.13057,2.57261,7.42342,1
345.2,0.13057,2.57261,7.42342,1
345.3,0.13057,2.57262,7.42342,1
345.4,0.13057,2.57262,7.42342,1
345.5,0.13057,2.57262,7.42342,1
345.6,0.13058,2.57263,7.42342,1
345.7,0.13058,2.57263,7.42342,1
345.8,0.13058,2.57263,7.42342,1
345.9,0.13058,2.57264,7.42342,1
346,0.13058,2.57264,7.42342,1
346.1,0.13059,2.57264,7.42342,1
346.2,0.13059,2.57264,7.42342,1
346.3,0.13059,2.57265,7.42342,1
346.4,0.13059,2.57265,7.42342,1
346.5,0.13059,2.57265,7.42342,1
346.6,0.13059,2.57265,7.42342,1
346.7,0.13059,2.57265,7.42342,1
346.8,0.1306,2.57265,7.42342,1
346.9,0.1306,2.57266,7.42342,1
347,0.1306,2.57266,7.42342,1
347.1,0.1306,2.57266,7.42342,1
347.2,0.1306,2.57266,7.42342,1
347.3,0.1306,2.57266,7.42342,1
347.4,0.1306,2.57266,7.42342,1
347.5,0.13061,2.57266,7.42342,1
347.6,0.13061,2.57266,7.42342,1
347.7,0.13061,2.57266,7.42342,1
347.8,0.13061,2.57266,7.42342,1
347.9,0.13061,2.57267,7.42342,1
348,0.13061,2.57267,7.42342,1
348.1,0.13061,2.57267,7.42342,1
348.2,0.13061,2.57267,7.42342,1
348.3,0.13061,2.57267,7.42342,1
348.4,0.13062,2.57267,7.42342,1
348.5,0.13062,2.57267,7.42342,1
348.6,0.13062,2.57267,7.42342,1
348.7,0.13062,2.57267,7.42342,1
348.8,0.13062,2.57268,7.42342,1
348.9,0.13062,2.57268,7.42342,1
349,0.13062,2.57268,7.42342,1
349.1,0.13062,2.57268,7.42342,1
349.2,0.13062,2.57268,7.42342,1
349.3,0.13062,2.57268,7.42342,1
349.4,0.13063,2.57267,7.42342,1
349.5,0.13063,2.57267,7.42342,1
349.6,0.13063,2.57267,7.42342,1
349.7,0.13063,2.57267,7.42342,1
349.8,0.13063,2.57267,7.42342,1
349.9,0.13063,2.57267,7.42342,1
350,0.13063,2.57267,7.42342,1
350.1,0.13063,2.57267,7.42342,1
350.2,0.13063,2.57267,7.42342,1
350.3,0.13063,2.57267,7.42342,1
350.4,0.13063,2.57266,7.42342,1
350.5,0.13063,2.57266,7.42342,1
350.6,0.13064,2.57266,7.42342,1
350.7,0.13064,2.57266,7.42342,1
350.8,0.13064,2.57266,7.42342,1
350.9,0.13064,2.57265,7.42342,1
351,0.13064,2.57265,7.42342,1
351.1,0.13064,2.57265,7.42342,1
351.2,0.13064,2.57264,7.42342,1
351.3,0.13064,2.57264,7.42341,1
351.4,0.13065,2.57264,7.42341,1
351.5,0.13065,2.57263,7.42341,1
351.6,0.13065,2.57263,7.42341,1
351.7,0.13065,2.57263,7.42341,1
351.8,0.13065,2.57262,7.42341,1
351.9,0.13065,2.57262,7.42341,1
352,0.13065,2.57262,7.42341,1
352.1,0.13065,2.57262,7.42341,1
352.2,0.13066,2.57261,7.42341,1
352.3,0.13066,2.57261,7.42341,1
352.4,0.13066,2.57261,7.42341,1
352.5,0.13066,2.57261,7.42341,1
352.6,0.13066,2.5726,7.42341,1
352.7,0.13066,2.5726,7.42341,1
352.8,0.13066,2.5726,7.42341,1
352.9,0.13066,2.57259,7.42341,1
353,0.13066,2.57259,7.42341,1
353.1,0.13066,2.57259,7.42341,1
353.2,0.13066,2.57259,7.42341,1
353.3,0.13066,2.57259,7.42341,1
353.4,0.13067,2.57259,7.42341,1
353.5,0.13067,2.57259,7.42341,1
353.6,0.13067,2.57259,7.42341,1
353.7,0.13067,2.57259,7.42341,1
353.8,0.13067,2.5726,7.42341,1
353.9,0.13067,2.5726,7.42341,1
354,0.13067,2.5726,7.42341,1
354.1,0.13067,2.5726,7.42341,1
354.2,0.13067,2.5726,7.42341,1
354.3,0.13067,2.5726,7.42341,1
354.4,0.13067,2.5726,7.42341,1
354.5,0.13067,2.5726,7.42341,1
354.6,0.13067,2.5726,7.42341,1
354.7,0.13067,2.57261,7.42341,1
354.8,0.13067,2.57261,7.42341,1
354.9,0.13067,2.57261,7.42341,1
355,0.13067,2.57261,7.42341,1
355.1,0.13068,2.57261,7.42341,1
355.2,0.13068,2.57261,7.42341,1
355.3,0.13068,2.57261,7.42341,1
355.4,0.13068,2.57261,7.42341,1
355.5,0.13068,2.57261,7.42341,1
355.6,0.13068,2.57261,7.42341,1
355.7,0.13068,2.57261,7.42341,1
355.8,0.13068,2.57261,7.42341,1
355.9,0.13068,2.5726,7.42341,1
356,0.13068,2.5726,7.42341,1
356.1,0.13068,2.5726,7.42341,1
356.2,0.13068,2.5726,7.42341,1
356.3,0.13068,2.5726,7.4234,1
356.4,0.13068,2.57259,7.4234,1
356.5,0.13068,2.57259,7.4234,1
356.6,0.13068,2.57259,7.4234,1
356.7,0.13068,2.57259,7.4234,1
356.8,0.13068,2.57259,7.4234,1
356.9,0.13068,2.57258,7.4234,1
357,0.13068,2.57258,7.4234,1
357.1,0.13068,2.57257,7.4234,1
357.2,0.13068,2.57257,7.4234,1
357.3,0.13068,2.57256,7.4234,1
357.4,0.13068,2.57256,7.4234,1
357.5,0.13068,2.57255,7.4234,1
357.6,0.13068,2.57255,7.4234,1
357.7,0.13068,2.57254,7.4234,1
357.8,0.13068,2.57254,7.4234,1
357.9,0.13068,2.57253,7.4234,1
358,0.13069,2.57253,7.4234,1
358.1,0.13069,2.57252,7.4234,1
358.2,0.13069,2.57252,7.4234,1
358.3,0.13069,2.57251,7.4234,1
358.4,0.13069,2.5725,7.4234,1
358.5,0.13069,2.57249,7.4234,1
358.6,0.13069,2.57249,7.4234,1
358.7,0.13069,2.57248,7.4234,1
358.8,0.13069,2.57248,7.4234,1
358.9,0.13069,2.57247,7.4234,1
359,0.13069,2.57246,7.4234,1
359.1,0.13069,2.57246,7.4234,1
359.2,0.13069,2.57245,7.4234,1
359.3,0.13069,2.57245,7.4234,1
359.4,0.13069,2.57244,7.4234,1
359.5,0.13069,2.57243,7.4234,1
359.6,0.13069,2.57243,7.4234,1
359.7,0.13069,2.57242,7.4234,1
359.8,0.13069,2.57241,7.4234,1
359.9,0.13069,2.57241,7.4234,1
360,0.13069,2.5724,7.4234,1
360.1,0.13069,2.57239,7.4234,2
360.2,0.13069,2.57239,7.4234,2
360.3,0.13069,2.57238,7.4234,2
360.4,0.13069,2.57237,7.4234,2
360.5,0.13069,2.57237,7.4234,2
360.6,0.13069,2.57236,7.4234,2
360.7,0.13069,2.57236,7.4234,2
360.8,0.13069,2.57235,7.4234,2
360.9,0.13068,2.57234,7.4234,2
361,0.13068,2.57234,7.4234,2
361.1,0.13068,2.57233,7.4234,2
361.2,0.13068,2.57232,7.4234,2
361.3,0.13068,2.57232,7.4234,2
361.4,0.13068,2.57231,7.4234,2
361.5,0.13068,2.57231,7.4234,2
361.6,0.13068,2.5723,7.4234,2
361.7,0.13068,2.57229,7.4234,2
361.8,0.13068,2.57229,7.4234,2
361.9,0.13068,2.57228,7.4234,2
362,0.13068,2.57227,7.4234,2
362.1,0.13068,2.57227,7.4234,2
362.2,0.13068,2.57226,7.4234,2
362.3,0.13067,2.57226,7.4234,2
362.4,0.13067,2.57225,7.4234,2
362.5,0.13067,2.57224,7.4234,2
362.6,0.13067,2.57224,7.4234,2
362.7,0.13067,2.57223,7.4234,2
362.8,0.13067,2.57223,7.4234,2
362.9,0.13067,2.57222,7.4234,2
363,0.13067,2.57222,7.4234,2
363.1,0.13067,2.57221,7.4234,2
363.2,0.13066,2.5722,7.4234,2
363.3,0.13066,2.5722,7.4234,2
363.4,0.13066,2.57219,7.4234,2
363.5,0.13066,2.57219,7.4234,2
363.6,0.13066,2.57218,7.4234,2
363.7,0.13066,2.57217,7.4234,2
363.8,0.13066,2.57217,7.4234,2
363.9,0.13066,2.57216,7.4234,2
364,0.13066,2.57215,7.4234,2
364.1,0.13065,2.57215,7.42339,2
364.2,0.13065,2.57214,7.42339,2
364.3,0.13065,2.57214,7.42339,2
364.4,0.13065,2.57213,7.42339,2
364.5,0.13065,2.57212,7.42339,2
364.6,0.13065,2.57211,7.42339,2
364.7,0.13065,2.5721,7.42339,2
364.8,0.13065,2.57209,7.42339,2
364.9,0.13065,2.57209,7.42339,2
365,0.13065,2.57208,7.42339,2
365.1,0.13065,2.57207,7.42339,2
365.2,0.13064,2.57206,7.42339,2
365.3,0.13064,2.57205,7.42339,2
365.4,0.13064,2.57204,7.42339,2
365.5,0.13064,2.57203,7.42339,2
365.6,0.13064,2.57202,7.42339,2
365.7,0.13064,2.57201,7.42339,2
365.8,0.13064,2.572,7.42339,2
365.9,0.13064,2.57199,7.42339,2
366,0.13064,2.57198,7.42339,2
366.1,0.13064,2.57197,7.42339,2
366.2,0.13063,2.57196,7.42339,2
366.3,0.13063,2.57195,7.42339,2
366.4,0.13063,2.57194,7.42339,2
366.5,0.13063,2.57193,7.42339,2
366.6,0.13063,2.57192,7.42339,2
366.7,0.13063,2.57191,7.42339,2
366.8,0.13063,2.5719,7.42339,2
366.9,0.13063,2.57188,7.42339,2
367,0.13063,2.57187,7.42339,2
367.1,0.13063,2.57186,7.42339,2
367.2,0.13063,2.57185,7.42339,2
367.3,0.13063,2.57184,7.42339,2
367.4,0.13062,2.57183,7.42339,2
367.5,0.13062,2.57182,7.42339,2
367.6,0.13062,2.57181,7.42339,2
367.7,0.13062,2.5718,7.42339,2
367.8,0.13062,2.57179,7.42339,2
367.9,0.13062,2.57178,7.42339,2
368,0.13062,2.57177,7.42339,2
368.1,0.13062,2.57176,7.42339,2
368.2,0.13062,2.57175,7.42339,2
368.3,0.13062,2.57174,7.42339,2
368.4,0.13061,2.57173,7.42339,2
368.5,0.13061,2.57172,7.42339,2
368.6,0.13061,2.5717,7.42339,2
368.7,0.13061,2.57169,7.42339,2
368.8,0.13061,2.57168,7.42339,2
368.9,0.13061,2.57167,7.42338,2
369,0.13061,2.57166,7.42338,2
369.1,0.13061,2.57165,7.42338,2
369.2,0.13061,2.57164,7.42338,2
369.3,0.13061,2.57163,7.42338,2
369.4,0.13061,2.57162,7.42338,2
369.5,0.13061,2.57161,7.42338,2
369.6,0.13061,2.57159,7.42338,2
369.7,0.13061,2.57158,7.42338,2
369.8,0.13061,2.57157,7.42338,2
369.9,0.13061,2.57156,7.42338,2
370,0.13061,2.57155,7.42338,2
370.1,0.13061,2.57154,7.42338,2
370.2,0.13061,2.57153,7.42338,2
370.3,0.13061,2.57152,7.42338,2
370.4,0.13061,2.57151,7.42338,2
370.5,0.13061,2.5715,7.42338,2
370.6,0.13061,2.57149,7.42338,2
370.7,0.13061,2.57148,7.42338,2
370.8,0.13061,2.57148,7.42338,2
370.9,0.13061,2.57147,7.42338,2
371,0.1306,2.57146,7.42338,2
371.1,0.1306,2.57145,7.42338,2
371.2,0.1306,2.57144,7.42338,2
371.3,0.1306,2.57143,7.42338,2
371.4,0.1306,2.57142,7.42338,2
371.5,0.1306,2.57141,7.42338,2
371.6,0.1306,2.5714,7.42338,2
371.7,0.1306,2.5714,7.42338,2
371.8,0.1306,2.57139,7.42338,2
371.9,0.1306,2.57138,7.42338,2
372,0.1306,2.57137,7.42338,2
372.1,0.1306,2.57136,7.42338,2
372.2,0.1306,2.57135,7.42338,2
372.3,0.1306,2.57134,7.42338,2
372.4,0.1306,2.57133,7.42338,2
372.5,0.1306,2.57132,7.42338,2
372.6,0.1306,2.57131,7.42338,2
372.7,0.1306,2.5713,7.42338,2
372.8,0.1306,2.57129,7.42337,2
372.9,0.1306,2.57128,7.42337,2
373,0.1306,2.57127,7.42337,2
373.1,0.1306,2.57126,7.42337,2
373.2,0.1306,2.57125,7.42337,2
373.3,0.1306,2.57124,7.42337,2
373.4,0.1306,2.57123,7.42337,2
373.5,0.1306,2.57122,7.42337,2
373.6,0.1306,2.57122,7.42337,2
373.7,0.1306,2.57121,7.42337,2
373.8,0.1306,2.5712,7.42337,2
373.9,0.13059,2.57119,7.42337,2
374,0.13059,2.57118,7.42337,2
374.1,0.13059,2.57117,7.42337,2
374.2,0.13059,2.57117,7.42337,2
374.3,0.13059,2.57116,7.42337,2
374.4,0.13059,2.57115,7.42337,2
374.5,0.13059,2.57114,7.42337,2
374.6,0.13059,2.57114,7.42337,2
374.7,0.13059,2.57113,7.42337,2
374.8,0.13059,2.57112,7.42337,2
374.9,0.13059,2.57111,7.42337,2
375,0.13059,2.5711,7.42337,2
375.1,0.13059,2.5711,7.42337,2
375.2,0.13059,2.57109,7.42337,2
375.3,0.13059,2.57108,7.42337,2
375.4,0.13059,2.57107,7.42337,2
375.5,0.13059,2.57106,7.42337,2
375.6,0.13059,2.57105,7.42337,2
375.7,0.13059,2.57105,7.42336,2
375.8,0.13059,2.57104,7.42336,2
375.9,0.13059,2.57103,7.42336,2
376,0.13059,2.57102,7.42336,2
376.1,0.13059,2.57101,7.42336,2
376.2,0.13059,2.57101,7.42336,2
376.3,0.13059,2.571,7.42336,2
376.4,0.13059,2.57099,7.42336,2
376.5,0.13059,2.57098,7.42336,2
376.6,0.13059,2.57098,7.42336,2
376.7,0.13058,2.57097,7.42336,2
376.8,0.13058,2.57096,7.42336,2
376.9,0.13058,2.57095,7.42336,2
377,0.13058,2.57094,7.42336,2
377.1,0.13058,2.57093,7.42336,2
377.2,0.13058,2.57092,7.42336,2
377.3,0.13058,2.57091,7.42336,2
377.4,0.13058,2.5709,7.42336,2
377.5,0.13058,2.57089,7.42336,2
377.6,0.13058,2.57088,7.42336,2
377.7,0.13058,2.57087,7.42335,2
377.8,0.13058,2.57086,7.42335,2
377.9,0.13058,2.57085,7.42335,2
378,0.13058,2.57084,7.42335,2
378.1,0.13058,2.57083,7.42335,2
378.2,0.13058,2.57083,7.42335,2
378.3,0.13058,2.57082,7.42335,2
378.4,0.13058,2.57081,7.42335,2
378.5,0.13058,2.5708,7.42335,2
378.6,0.13058,2.57079,7.42335,2
378.7,0.13058,2.57078,7.42335,2
378.8,0.13058,2.57077,7.42335,2
378.9,0.13058,2.57076,7.42335,2
379,0.13058,2.57075,7.42335,2
379.1,0.13058,2.57074,7.42335,2
379.2,0.13058,2.57074,7.42335,2
379.3,0.13058,2.57073,7.42335,2
379.4,0.13058,2.57072,7.42335,2
379.5,0.13057,2.57071,7.42335,2
379.6,0.13057,2.57071,7.42334,2
379.7,0.13057,2.5707,7.42334,2
379.8,0.13057,2.57069,7.42334,2
379.9,0.13057,2.57068,7.42334,2
380,0.13057,2.57068,7.42334,2
380.1,0.13057,2.57067,7.42334,2
380.2,0.13057,2.57066,7.42334,2
380.3,0.13057,2.57065,7.42334,2
380.4,0.13057,2.57064,7.42334,2
380.5,0.13057,2.57064,7.42334,2
380.6,0.13057,2.57063,7.42334,2
380.7,0.13057,2.57062,7.42334,2
380.8,0.13057,2.57061,7.42334,2
380.9,0.13057,2.5706,7.42334,2
381,0.13057,2.5706,7.42334,2
381.1,0.13057,2.57059,7.42334,2
381.2,0.13057,2.57058,7.42334,2
381.3,0.13057,2.57057,7.42334,2
381.4,0.13057,2.57056,7.42334,2
381.5,0.13057,2.57056,7.42334,2
381.6,0.13057,2.57055,7.42334,2
381.7,0.13057,2.57054,7.42334,2
381.8,0.13057,2.57053,7.42334,2
381.9,0.13057,2.57053,7.42334,2
382,0.13057,2.57052,7.42334,2
382.1,0.13057,2.57051,7.42334,2
382.2,0.13056,2.57051,7.42334,2
382.3,0.13056,2.5705,7.42333,2
382.4,0.13056,2.57049,7.42333,2
382.5,0.13056,2.57049,7.42333,2
382.6,0.13056,2.57048,7.42333,2
382.7,0.13056,2.57048,7.42333,2
382.8,0.13056,2.57047,7.42333,2
382.9,0.13056,2.57046,7.42333,2
383,0.13056,2.57046,7.42333,2
383.1,0.13056,2.57045,7.42333,2
383.2,0.13056,2.57045,7.42333,2
383.3,0.13056,2.57044,7.42333,2
383.4,0.13056,2.57043,7.42333,2
383.5,0.13056,2.57043,7.42333,2
383.6,0.13056,2.57042,7.42333,2
383.7,0.13056,2.57042,7.42333,2
383.8,0.13056,2.57041,7.42333,2
383.9,0.13056,2.57041,7.42333,2
384,0.13056,2.57041,7.42333,2
384.1,0.13055,2.5704,7.42333,2
384.2,0.13055,2.5704,7.42333,2
384.3,0.13055,2.5704,7.42333,2
384.4,0.13055,2.5704,7.42333,2
384.5,0.13055,2.57039,7.42333,2
384.6,0.13055,2.57039,7.42332,2
384.7,0.13055,2.57039,7.42332,2
384.8,0.13055,2.57038,7.42332,2
384.9,0.13055,2.57038,7.42332,2
385,0.13055,2.57037,7.42332,2
385.1,0.13055,2.57037,7.42332,2
385.2,0.13055,2.57037,7.42332,2
385.3,0.13055,2.57036,7.42332,2
385.4,0.13055,2.57036,7.42332,2
385.5,0.13055,2.57036,7.42332,2
385.6,0.13055,2.57036,7.42332,2
385.7,0.13055,2.57036,7.42332,2
385.8,0.13054,2.57035,7.42332,2
385.9,0.13054,2.57035,7.42332,2
386,0.13054,2.57035,7.42332,2
386.1,0.13054,2.57034,7.42332,2
386.2,0.13054,2.57034,7.42332,2
386.3,0.13054,2.57034,7.42332,2
386.4,0.13054,2.57034,7.42332,2
386.5,0.13054,2.57033,7.42332,2
386.6,0.13054,2.57033,7.42332,2
386.7,0.13054,2.57033,7.42332,2
386.8,0.13054,2.57033,7.42332,2
386.9,0.13054,2.57033,7.42332,2
387,0.13054,2.57033,7.42332,2
387.1,0.13053,2.57032,7.42332,2
387.2,0.13053,2.57032,7.42332,2
387.3,0.13053,2.57032,7.42332,2
387.4,0.13053,2.57032,7.42332,2
387.5,0.13053,2.57031,7.42332,2
387.6,0.13053,2.57031,7.42332,2
387.7,0.13053,2.57031,7.42332,2
387.8,0.13053,2.5703,7.42332,2
387.9,0.13053,2.5703,7.42331,2
388,0.13053,2.5703,7.42331,2
388.1,0.13052,2.5703,7.42331,2
388.2,0.13052,2.5703,7.42331,2
388.3,0.13052,2.57029,7.42331,2
388.4,0.13052,2.57029,7.42331,2
388.5,0.13052,2.57029,7.42331,2
388.6,0.13052,2.57029,7.42331,2
388.7,0.13052,2.57029,7.42331,2
388.8,0.13052,2.57029,7.42331,2
388.9,0.13052,2.57029,7.42331,2
389,0.13052,2.57029,7.42331,2
389.1,0.13052,2.57029,7.42331,2
389.2,0.13052,2.57029,7.42331,2
389.3,0.13051,2.57029,7.42331,2
389.4,0.13051,2.57029,7.42331,2
389.5,0.13051,2.57028,7.42331,2
389.6,0.13051,2.57028,7.42331,2
389.7,0.13051,2.57028,7.42331,2
389.8,0.13051,2.57028,7.42331,2
389.9,0.13051,2.57028,7.42331,2
390,0.13051,2.57028,7.42331,2
390.1,0.13051,2.57028,7.42331,2
390.2,0.13051,2.57028,7.42331,2
390.3,0.13051,2.57028,7.42331,2
390.4,0.13051,2.57027,7.42331,2
390.5,0.13051,2.57027,7.42331,2
390.6,0.13051,2.57027,7.42331,2
390.7,0.13051,2.57027,7.42331,2
390.8,0.13051,2.57027,7.4233,2
390.9,0.13051,2.57027,7.4233,2
391,0.13051,2.57027,7.4233,2
391.1,0.13051,2.57027,7.4233,2
391.2,0.13051,2.57027,7.4233,2
391.3,0.1305,2.57027,7.4233,2
391.4,0.1305,2.57027,7.4233,2
391.5,0.1305,2.57027,7.4233,2
391.6,0.1305,2.57027,7.4233,2
391.7,0.1305,2.57027,7.4233,2
391.8,0.1305,2.57026,7.4233,2
391.9,0.1305,2.57026,7.4233,2
392,0.1305,2.57026,7.4233,2
392.1,0.1305,2.57026,7.4233,2
392.2,0.1305,2.57026,7.4233,2
392.3,0.1305,2.57026,7.4233,2
392.4,0.1305,2.57026,7.4233,2
392.5,0.1305,2.57026,7.4233,2
392.6,0.1305,2.57026,7.4233,2
392.7,0.1305,2.57026,7.4233,2
392.8,0.1305,2.57026,7.4233,2
392.9,0.1305,2.57026,7.4233,2
393,0.1305,2.57026,7.4233,2
393.1,0.1305,2.57026,7.4233,2
393.2,0.1305,2.57026,7.4233,2
393.3,0.13049,2.57026,7.4233,2
393.4,0.13049,2.57026,7.4233,2
393.5,0.13049,2.57026,7.4233,2
393.6,0.13049,2.57026,7.4233,2
393.7,0.13049,2.57026,7.4233,2
393.8,0.13049,2.57026,7.4233,2
393.9,0.13049,2.57025,7.42329,2
394,0.13049,2.57025,7.42329,2
394.1,0.13049,2.57025,7.42329,2
394.2,0.13049,2.57025,7.42329,2
394.3,0.13049,2.57025,7.42329,2
394.4,0.13049,2.57025,7.42329,2
394.5,0.13049,2.57024,7.42329,2
394.6,0.13049,2.57024,7.42329,2
394.7,0.13049,2.57024,7.42329,2
394.8,0.13049,2.57024,7.42329,2
394.9,0.13049,2.57024,7.42329,2
395,0.13049,2.57023,7.42329,2
395.1,0.13049,2.57023,7.42329,2
395.2,0.13049,2.57023,7.42329,2
395.3,0.13049,2.57022,7.42329,2
395.4,0.13049,2.57022,7.42329,2
395.5,0.13049,2.57022,7.42329,2
395.6,0.13049,2.57022,7.42329,2
395.7,0.13049,2.57021,7.42329,2
395.8,0.13049,2.57021,7.42329,2
395.9,0.13049,2.57021,7.42329,2
396,0.13049,2.57021,7.42329,2
396.1,0.13049,2.57021,7.42329,2
396.2,0.13049,2.57021,7.42329,2
396.3,0.13048,2.57021,7.42329,2
396.4,0.13048,2.57021,7.42329,2
396.5,0.13048,2.5702,7.42329,2
396.6,0.13048,2.5702,7.42329,2
396.7,0.13049,2.5702,7.42329,2
396.8,0.13049,2.5702,7.42329,2
396.9,0.13049,2.5702,7.42328,2
397,0.13049,2.5702,7.42328,2
397.1,0.13048,2.5702,7.42328,2
397.2,0.13049,2.5702,7.42328,2
397.3,0.13048,2.5702,7.42328,2
397.4,0.13048,2.57019,7.42328,2
397.5,0.13048,2.57019,7.42328,2
397.6,0.13048,2.57019,7.42328,2
397.7,0.13048,2.57019,7.42328,2
397.8,0.13048,2.57019,7.42328,2
397.9,0.13048,2.57019,7.42328,2
398,0.13048,2.57019,7.42328,2
398.1,0.13048,2.57019,7.42328,2
398.2,0.13048,2.57019,7.42328,2
398.3,0.13048,2.57019,7.42328,2
398.4,0.13048,2.57019,7.42328,2
398.5,0.13048,2.57019,7.42328,2
398.6,0.13048,2.57019,7.42328,2
398.7,0.13048,2.57019,7.42328,2
398.8,0.13048,2.57019,7.42328,2
398.9,0.13048,2.57019,7.42328,2
399,0.13048,2.57019,7.42328,2
399.1,0.13048,2.57019,7.42328,2
399.2,0.13048,2.57019,7.42328,2
399.3,0.13048,2.57019,7.42328,2
399.4,0.13048,2.57019,7.42328,2
399.5,0.13048,2.57019,7.42328,2
399.6,0.13048,2.57019,7.42328,2
399.7,0.13048,2.57019,7.42328,2
399.8,0.13048,2.57019,7.42328,2
399.9,0.13048,2.57018,7.42328,2
400,0.13048,2.57018,7.42328,2
400.1,0.13048,2.57018,7.42328,2
400.2,0.13048,2.57018,7.42328,2
400.3,0.13048,2.57018,7.42328,2
400.4,0.13048,2.57018,7.42327,2
400.5,0.13048,2.57018,7.42327,2
400.6,0.13048,2.57018,7.42327,2
400.7,0.13048,2.57017,7.42327,2
400.8,0.13048,2.57017,7.42327,2
400.9,0.13048,2.57017,7.42327,2
401,0.13048,2.57017,7.42327,2
401.1,0.13048,2.57017,7.42327,2
401.2,0.13048,2.57016,7.42327,2
401.3,0.13048,2.57016,7.42327,2
401.4,0.13048,2.57016,7.42327,2
401.5,0.13048,2.57016,7.42327,2
401.6,0.13048,2.57016,7.42327,2
401.7,0.13048,2.57016,7.42327,2
401.8,0.13048,2.57015,7.42327,2
401.9,0.13048,2.57015,7.42327,2
402,0.13048,2.57015,7.42327,2
402.1,0.13048,2.57015,7.42327,2
402.2,0.13048,2.57015,7.42327,2
402.3,0.13047,2.57015,7.42327,2
402.4,0.13047,2.57015,7.42327,2
402.5,0.13047,2.57014,7.42327,2
402.6,0.13047,2.57014,7.42327,2
402.7,0.13047,2.57014,7.42327,2
402.8,0.13047,2.57014,7.42327,2
402.9,0.13047,2.57013,7.42327,2
403,0.13047,2.57013,7.42327,2
403.1,0.13047,2.57013,7.42327,2
403.2,0.13047,2.57013,7.42327,2
403.3,0.13047,2.57012,7.42327,2
403.4,0.13047,2.57012,7.42327,2
403.5,0.13047,2.57012,7.42327,2
403.6,0.13047,2.57012,7.42327,2
403.7,0.13047,2.57011,7.42327,2
403.8,0.13047,2.57011,7.42327,2
403.9,0.13047,2.57011,7.42327,2
404,0.13047,2.5701,7.42327,2
404.1,0.13047,2.5701,7.42327,2
404.2,0.13047,2.5701,7.42326,2
404.3,0.13047,2.57009,7.42326,2
404.4,0.13047,2.57009,7.42326,2
404.5,0.13047,2.57009,7.42326,2
404.6,0.13047,2.57009,7.42326,2
404.7,0.13048,2.57008,7.42326,2
404.8,0.13048,2.57008,7.42326,2
404.9,0.13048,2.57008,7.42326,2
405,0.13048,2.57007,7.42326,2
405.1,0.13048,2.57007,7.42326,2
405.2,0.13048,2.57007,7.42326,2
405.3,0.13048,2.57006,7.42326,2
405.4,0.13048,2.57006,7.42326,2
405.5,0.13048,2.57006,7.42326,2
405.6,0.13048,2.57005,7.42326,2
405.7,0.13048,2.57005,7.42326,2
405.8,0.13048,2.57004,7.42326,2
405.9,0.13048,2.57003,7.42326,2
406,0.13048,2.57003,7.42326,2
406.1,0.13048,2.57002,7.42326,2
406.2,0.13048,2.57002,7.42326,2
406.3,0.13049,2.57001,7.42326,2
406.4,0.13049,2.57001,7.42326,2
406.5,0.13049,2.57,7.42326,2
406.6,0.13049,2.57,7.42326,2
406.7,0.13049,2.56999,7.42326,2
406.8,0.13049,2.56999,7.42326,2
406.9,0.13049,2.56998,7.42326,2
407,0.13049,2.56997,7.42326,2
407.1,0.13049,2.56997,7.42326,2
407.2,0.13049,2.56996,7.42326,2
407.3,0.1305,2.56995,7.42326,2
407.4,0.1305,2.56995,7.42325,2
407.5,0.1305,2.56994,7.42325,2
407.6,0.1305,2.56993,7.42325,2
407.7,0.1305,2.56993,7.42325,2
407.8,0.1305,2.56992,7.42325,2
407.9,0.1305,2.56991,7.42325,2
408,0.1305,2.56991,7.42325,2
408.1,0.13051,2.5699,7.42325,2
408.2,0.13051,2.56989,7.42325,2
408.3,0.13051,2.56989,7.42325,2
408.4,0.13051,2.56988,7.42325,2
408.5,0.13051,2.56987,7.42325,2
408.6,0.13051,2.56987,7.42325,2
408.7,0.13051,2.56986,7.42325,2
408.8,0.13051,2.56985,7.42325,2
408.9,0.13052,2.56985,7.42325,2
409,0.13052,2.56984,7.42325,2
409.1,0.13052,2.56983,7.42325,2
409.2,0.13052,2.56983,7.42325,2
409.3,0.13052,2.56982,7.42325,2
409.4,0.13052,2.56981,7.42325,2
409.5,0.13052,2.56981,7.42325,2
409.6,0.13052,2.5698,7.42325,2
409.7,0.13052,2.56979,7.42325,2
409.8,0.13053,2.56978,7.42325,2
409.9,0.13053,2.56978,7.42324,2
410,0.13053,2.56977,7.42324,2
410.1,0.13053,2.56976,7.42324,2
410.2,0.13053,2.56975,7.42324,2
410.3,0.13053,2.56975,7.42324,2
410.4,0.13053,2.56974,7.42324,2
410.5,0.13053,2.56973,7.42324,2
410.6,0.13053,2.56973,7.42324,2
410.7,0.13054,2.56972,7.42324,2
410.8,0.13054,2.56971,7.42324,2
410.9,0.13054,2.56971,7.42324,2
411,0.13054,2.5697,7.42324,2
411.1,0.13054,2.56969,7.42324,2
411.2,0.13054,2.56969,7.42324,2
411.3,0.13054,2.56968,7.42324,2
411.4,0.13054,2.56968,7.42324,2
411.5,0.13055,2.56967,7.42324,2
411.6,0.13055,2.56966,7.42324,2
411.7,0.13055,2.56966,7.42324,2
411.8,0.13055,2.56965,7.42324,2
411.9,0.13055,2.56965,7.42324,2
412,0.13055,2.56964,7.42324,2
412.1,0.13055,2.56963,7.42323,2
412.2,0.13055,2.56963,7.42323,2
412.3,0.13056,2.56962,7.42323,2
412.4,0.13056,2.56961,7.42323,2
412.5,0.13056,2.56961,7.42323,2
412.6,0.13056,2.5696,7.42323,2
412.7,0.13056,2.56959,7.42323,2
412.8,0.13056,2.56959,7.42323,2
412.9,0.13056,2.56958,7.42323,2
413,0.13056,2.56958,7.42323,2
413.1,0.13056,2.56957,7.42323,2
413.2,0.13057,2.56956,7.42323,2
413.3,0.13057,2.56956,7.42323,2
413.4,0.13057,2.56955,7.42323,2
413.5,0.13057,2.56955,7.42323,2
413.6,0.13057,2.56954,7.42323,2
413.7,0.13057,2.56953,7.42323,2
413.8,0.13057,2.56953,7.42323,2
413.9,0.13057,2.56952,7.42322,2
414,0.13058,2.56952,7.42322,2
414.1,0.13058,2.56951,7.42322,2
414.2,0.13058,2.56951,7.42322,2
414.3,0.13058,2.5695,7.42322,2
414.4,0.13058,2.5695,7.42322,2
414.5,0.13058,2.5695,7.42322,2
414.6,0.13058,2.56949,7.42322,2
414.7,0.13058,2.56949,7.42322,2
414.8,0.13059,2.56948,7.42322,2
414.9,0.13059,2.56948,7.42322,2
415,0.13059,2.56948,7.42322,2
415.1,0.13059,2.56947,7.42322,2
415.2,0.13059,2.56947,7.42322,2
415.3,0.13059,2.56947,7.42322,2
415.4,0.13059,2.56947,7.42321,2
415.5,0.13059,2.56947,7.42321,2
415.6,0.1306,2.56947,7.42321,2
415.7,0.1306,2.56947,7.42321,2
415.8,0.1306,2.56947,7.42321,2
415.9,0.1306,2.56947,7.42321,2
416,0.1306,2.56946,7.42321,2
416.1,0.1306,2.56946,7.42321,2
416.2,0.1306,2.56946,7.42321,2
416.3,0.13061,2.56946,7.42321,2
416.4,0.13061,2.56946,7.42321,2
416.5,0.13061,2.56946,7.42321,2
416.6,0.13061,2.56945,7.42321,2
416.7,0.13061,2.56945,7.42321,2
416.8,0.13061,2.56945,7.42321,2
416.9,0.13061,2.56945,7.4232,2
417,0.13062,2.56945,7.4232,2
417.1,0.13062,2.56945,7.4232,2
417.2,0.13062,2.56945,7.4232,2
417.3,0.13062,2.56945,7.4232,2
417.4,0.13062,2.56945,7.4232,2
417.5,0.13062,2.56945,7.4232,2
417.6,0.13062,2.56945,7.4232,2
417.7,0.13063,2.56945,7.4232,2
417.8,0.13063,2.56945,7.4232,2
417.9,0.13063,2.56945,7.4232,2
418,0.13063,2.56945,7.4232,2
418.1,0.13063,2.56945,7.4232,2
418.2,0.13063,2.56945,7.4232,2
418.3,0.13063,2.56945,7.4232,2
418.4,0.13063,2.56945,7.4232,2
418.5,0.13064,2.56945,7.4232,2
418.6,0.13064,2.56945,7.42319,2
418.7,0.13064,2.56945,7.42319,2
418.8,0.13064,2.56945,7.42319,2
418.9,0.13064,2.56945,7.42319,2
419,0.13064,2.56945,7.42319,2
419.1,0.13064,2.56945,7.42319,2
419.2,0.13065,2.56945,7.42319,2
419.3,0.13065,2.56945,7.42319,2
419.4,0.13065,2.56945,7.42319,2
419.5,0.13065,2.56945,7.42319,2
419.6,0.13065,2.56945,7.42319,2
419.7,0.13065,2.56945,7.42319,2
419.8,0.13065,2.56945,7.42319,2
419.9,0.13066,2.56945,7.42319,2
420,0.13066,2.56945,7.42319,2
420.1,0.13066,2.56945,7.42319,2
420.2,0.13066,2.56945,7.42318,2
420.3,0.13066,2.56945,7.42318,2
420.4,0.13066,2.56945,7.42318,2
420.5,0.13066,2.56945,7.42318,2
420.6,0.13066,2.56945,7.42318,2
420.7,0.13067,2.56945,7.42318,2
420.8,0.13067,2.56945,7.42318,2
420.9,0.13067,2.56945,7.42318,2
421,0.13067,2.56945,7.42318,2
421.1,0.13067,2.56945,7.42318,2
421.2,0.13067,2.56945,7.42318,2
421.3,0.13067,2.56945,7.42318,2
421.4,0.13068,2.56945,7.42318,2
421.5,0.13068,2.56945,7.42318,2
421.6,0.13068,2.56945,7.42318,2
421.7,0.13068,2.56945,7.42318,2
421.8,0.13068,2.56945,7.42318,2
421.9,0.13068,2.56945,7.42317,2
422,0.13068,2.56945,7.42317,2
422.1,0.13069,2.56945,7.42317,2
422.2,0.13069,2.56945,7.42317,2
422.3,0.13069,2.56945,7.42317,2
422.4,0.13069,2.56945,7.42317,2
422.5,0.13069,2.56945,7.42317,2
422.6,0.13069,2.56946,7.42317,2
422.7,0.13069,2.56946,7.42317,2
422.8,0.1307,2.56946,7.42317,2
422.9,0.1307,2.56947,7.42317,2
423,0.1307,2.56947,7.42317,2
423.1,0.1307,2.56948,7.42317,2
423.2,0.1307,2.56948,7.42317,2
423.3,0.1307,2.56948,7.42317,2
423.4,0.1307,2.56949,7.42317,2
423.5,0.13071,2.56949,7.42317,2
423.6,0.13071,2.56949,7.42317,2
423.7,0.13071,2.5695,7.42317,2
423.8,0.13071,2.5695,7.42316,2
423.9,0.13071,2.56951,7.42316,2
424,0.13071,2.56951,7.42316,2
424.1,0.13072,2.56951,7.42316,2
424.2,0.13072,2.56952,7.42316,2
424.3,0.13072,2.56952,7.42316,2
424.4,0.13072,2.56952,7.42316,2
424.5,0.13072,2.56953,7.42316,2
424.6,0.13072,2.56953,7.42316,2
424.7,0.13072,2.56954,7.42316,2
424.8,0.13073,2.56954,7.42316,2
424.9,0.13073,2.56954,7.42316,2
425,0.13073,2.56955,7.42316,2
425.1,0.13073,2.56955,7.42316,2
425.2,0.13073,2.56956,7.42316,2
425.3,0.13073,2.56956,7.42316,2
425.4,0.13073,2.56957,7.42316,2
425.5,0.13073,2.56957,7.42316,2
425.6,0.13074,2.56958,7.42316,2
425.7,0.13074,2.56958,7.42316,2
425.8,0.13074,2.56959,7.42316,2
425.9,0.13074,2.56959,7.42316,2
426,0.13074,2.5696,7.42315,2
426.1,0.13074,2.56961,7.42315,2
426.2,0.13074,2.56961,7.42315,2
426.3,0.13074,2.56962,7.42315,2
426.4,0.13074,2.56962,7.42315,2
426.5,0.13074,2.56963,7.42315,2
426.6,0.13074,2.56964,7.42315,2
426.7,0.13075,2.56964,7.42315,2
426.8,0.13075,2.56965,7.42315,2
426.9,0.13075,2.56965,7.42315,2
427,0.13075,2.56966,7.42315,2
427.1,0.13075,2.56967,7.42315,2
427.2,0.13075,2.56967,7.42315,2
427.3,0.13075,2.56968,7.42315,2
427.4,0.13075,2.56969,7.42315,2
427.5,0.13075,2.56969,7.42315,2
427.6,0.13076,2.5697,7.42315,2
427.7,0.13076,2.56971,7.42315,2
427.8,0.13076,2.56972,7.42315,2
427.9,0.13076,2.56973,7.42314,2
428,0.13076,2.56973,7.42314,2
428.1,0.13076,2.56974,7.42314,2
428.2,0.13076,2.56975,7.42314,2
428.3,0.13076,2.56976,7.42314,2
428.4,0.13077,2.56976,7.42314,2
428.5,0.13077,2.56977,7.42314,2
428.6,0.13077,2.56978,7.42314,2
428.7,0.13077,2.56978,7.42314,2
428.8,0.13077,2.56979,7.42314,2
428.9,0.13077,2.5698,7.42314,2
429,0.13077,2.5698,7.42314,2
429.1,0.13077,2.56981,7.42314,2
429.2,0.13078,2.56982,7.42314,2
429.3,0.13078,2.56983,7.42314,2
429.4,0.13078,2.56983,7.42313,2
429.5,0.13078,2.56984,7.42313,2
429.6,0.13078,2.56985,7.42313,2
429.7,0.13078,2.56986,7.42313,2
429.8,0.13078,2.56986,7.42313,2
429.9,0.13079,2.56987,7.42313,2
430,0.13079,2.56988,7.42313,2
430.1,0.13079,2.56989,7.42313,2
430.2,0.13079,2.56989,7.42313,2
430.3,0.13079,2.5699,7.42313,2
430.4,0.13079,2.56991,7.42313,2
430.5,0.13079,2.56991,7.42313,2
430.6,0.1308,2.56992,7.42313,2
430.7,0.1308,2.56992,7.42313,2
430.8,0.1308,2.56993,7.42313,2
430.9,0.1308,2.56994,7.42313,2
431,0.1308,2.56994,7.42313,2
431.1,0.13081,2.56995,7.42312,2
431.2,0.13081,2.56996,7.42312,2
431.3,0.13081,2.56996,7.42312,2
431.4,0.13081,2.56997,7.42312,2
431.5,0.13082,2.56998,7.42312,2
431.6,0.13082,2.56998,7.42312,2
431.7,0.13082,2.56999,7.42312,2
431.8,0.13082,2.57,7.42312,2
431.9,0.13083,2.57,7.42312,2
432,0.13083,2.57001,7.42312,2
432.1,0.13083,2.57001,7.42312,2
432.2,0.13083,2.57002,7.42312,2
432.3,0.13084,2.57002,7.42312,2
432.4,0.13084,2.57003,7.42312,2
432.5,0.13084,2.57004,7.42312,2
432.6,0.13084,2.57004,7.42312,2
432.7,0.13085,2.57005,7.42312,2
432.8,0.13085,2.57005,7.42312,2
432.9,0.13085,2.57006,7.42311,2
433,0.13085,2.57006,7.42311,2
433.1,0.13086,2.57007,7.42311,2
433.2,0.13086,2.57007,7.42311,2
433.3,0.13086,2.57007,7.42311,2
433.4,0.13086,2.57008,7.42311,2
433.5,0.13087,2.57008,7.42311,2
433.6,0.13087,2.57009,7.42311,2
433.7,0.13087,2.57009,7.42311,2
433.8,0.13087,2.5701,7.42311,2
433.9,0.13088,2.57011,7.42311,2
434,0.13088,2.57011,7.42311,2
434.1,0.13088,2.57012,7.42311,2
434.2,0.13088,2.57013,7.42311,2
434.3,0.13089,2.57013,7.42311,2
434.4,0.13089,2.57014,7.42311,2
434.5,0.13089,2.57015,7.42311,2
434.6,0.13089,2.57015,7.42311,2
434.7,0.1309,2.57016,7.42311,2
434.8,0.1309,2.57016,7.42311,2
434.9,0.1309,2.57017,7.42311,2
435,0.1309,2.57018,7.4231,2
435.1,0.13091,2.57018,7.4231,2
435.2,0.13091,2.57019,7.4231,2
435.3,0.13091,2.5702,7.4231,2
435.4,0.13091,2.5702,7.4231,2
435.5,0.13091,2.57021,7.4231,2
435.6,0.13092,2.57022,7.4231,2
435.7,0.13092,2.57022,7.4231,2
435.8,0.13092,2.57023,7.4231,2
435.9,0.13092,2.57024,7.4231,2
436,0.13092,2.57024,7.4231,2
436.1,0.13093,2.57025,7.4231,2
436.2,0.13093,2.57026,7.4231,2
436.3,0.13093,2.57027,7.4231,2
436.4,0.13093,2.57027,7.4231,2
436.5,0.13093,2.57028,7.4231,2
436.6,0.13094,2.57029,7.4231,2
436.7,0.13094,2.5703,7.4231,2
436.8,0.13094,2.5703,7.4231,2
436.9,0.13094,2.57031,7.42309,2
437,0.13095,2.57032,7.42309,2
437.1,0.13095,2.57033,7.42309,2
437.2,0.13095,2.57034,7.42309,2
437.3,0.13095,2.57034,7.42309,2
437.4,0.13095,2.57035,7.42309,2
437.5,0.13096,2.57036,7.42309,2
437.6,0.13096,2.57037,7.42309,2
437.7,0.13096,2.57038,7.42309,2
437.8,0.13096,2.57039,7.42309,2
437.9,0.13096,2.5704,7.42309,2
438,0.13097,2.57041,7.42309,2
438.1,0.13097,2.57042,7.42309,2
438.2,0.13097,2.57044,7.42309,2
438.3,0.13097,2.57045,7.42309,2
438.4,0.13098,2.57046,7.42309,2
438.5,0.13098,2.57047,7.42309,2
438.6,0.13098,2.57048,7.42309,2
438.7,0.13098,2.57049,7.42308,2
438.8,0.13098,2.5705,7.42308,2
438.9,0.13099,2.57051,7.42308,2
439,0.13099,2.57052,7.42308,2
439.1,0.13099,2.57053,7.42308,2
439.2,0.13099,2.57055,7.42308,2
439.3,0.131,2.57056,7.42308,2
439.4,0.131,2.57057,7.42308,2
439.5,0.131,2.57058,7.42308,2
439.6,0.13101,2.57059,7.42308,2
439.7,0.13101,2.5706,7.42308,2
439.8,0.13101,2.57061,7.42308,2
439.9,0.13102,2.57062,7.42308,2
440,0.13102,2.57063,7.42308,2
440.1,0.13102,2.57064,7.42308,2
440.2,0.13103,2.57066,7.42308,2
440.3,0.13103,2.57067,7.42308,2
440.4,0.13103,2.57068,7.42308,2
440.5,0.13104,2.57069,7.42307,2
440.6,0.13104,2.5707,7.42307,2
440.7,0.13104,2.57071,7.42307,2
440.8,0.13105,2.57072,7.42307,2
440.9,0.13105,2.57073,7.42307,2
441,0.13105,2.57074,7.42307,2
441.1,0.13106,2.57075,7.42307,2
441.2,0.13106,2.57076,7.42307,2
441.3,0.13106,2.57077,7.42307,2
441.4,0.13107,2.57079,7.42307,2
441.5,0.13107,2.5708,7.42307,2
441.6,0.13107,2.57081,7.42307,2
441.7,0.13108,2.57082,7.42307,2
441.8,0.13108,2.57083,7.42307,2
441.9,0.13108,2.57084,7.42307,2
442,0.13109,2.57085,7.42307,2
442.1,0.13109,2.57086,7.42307,2
442.2,0.13109,2.57087,7.42307,2
442.3,0.1311,2.57088,7.42306,2
442.4,0.1311,2.57089,7.42306,2
442.5,0.1311,2.5709,7.42306,2
442.6,0.13111,2.57091,7.42306,2
442.7,0.13111,2.57092,7.42306,2
442.8,0.13111,2.57093,7.42306,2
442.9,0.13112,2.57094,7.42306,2
443,0.13112,2.57095,7.42306,2
443.1,0.13112,2.57096,7.42306,2
443.2,0.13113,2.57097,7.42306,2
443.3,0.13113,2.57098,7.42306,2
443.4,0.13113,2.57099,7.42306,2
443.5,0.13114,2.571,7.42306,2
443.6,0.13114,2.57101,7.42306,2
443.7,0.13114,2.57102,7.42306,2
443.8,0.13115,2.57103,7.42306,2
443.9,0.13115,2.57104,7.42306,2
444,0.13115,2.57105,7.42306,2
444.1,0.13116,2.57106,7.42305,2
444.2,0.13116,2.57107,7.42305,2
444.3,0.13116,2.57108,7.42305,2
444.4,0.13117,2.57109,7.42305,2
444.5,0.13117,2.5711,7.42305,2
444.6,0.13117,2.57111,7.42305,2
444.7,0.13118,2.57112,7.42305,2
444.8,0.13118,2.57113,7.42305,2
444.9,0.13118,2.57114,7.42305,2
445,0.13118,2.57115,7.42305,2
445.1,0.13119,2.57116,7.42305,2
445.2,0.13119,2.57117,7.42305,2
445.3,0.13119,2.57118,7.42305,2
445.4,0.1312,2.57119,7.42305,2
445.5,0.1312,2.5712,7.42305,2
445.6,0.1312,2.57121,7.42305,2
445.7,0.13121,2.57122,7.42305,2
445.8,0.13121,2.57123,7.42305,2
445.9,0.13121,2.57124,7.42305,2
446,0.13121,2.57126,7.42305,2
446.1,0.13122,2.57127,7.42305,2
446.2,0.13122,2.57128,7.42305,2
446.3,0.13123,2.57129,7.42305,2
446.4,0.13123,2.5713,7.42305,2
446.5,0.13124,2.57132,7.42304,2
446.6,0.13124,2.57133,7.42304,2
446.7,0.13124,2.57134,7.42304,2
446.8,0.13125,2.57135,7.42304,2
446.9,0.13125,2.57137,7.42304,2
447,0.13126,2.57138,7.42304,2
447.1,0.13126,2.57139,7.42304,2
447.2,0.13126,2.5714,7.42304,2
447.3,0.13127,2.57141,7.42304,2
447.4,0.13127,2.57143,7.42304,2
447.5,0.13128,2.57144,7.42304,2
447.6,0.13128,2.57145,7.42304,2
447.7,0.13128,2.57146,7.42304,2
447.8,0.13129,2.57147,7.42304,2
447.9,0.13129,2.57149,7.42304,2
448,0.13129,2.5715,7.42304,2
448.1,0.1313,2.57151,7.42304,2
448.2,0.1313,2.57152,7.42304,2
448.3,0.13131,2.57153,7.42304,2
448.4,0.13131,2.57155,7.42304,2
448.5,0.13131,2.57156,7.42304,2
448.6,0.13132,2.57157,7.42304,2
448.7,0.13132,2.57158,7.42304,2
448.8,0.13132,2.5716,7.42304,2
448.9,0.13133,2.57161,7.42304,2
449,0.13133,2.57162,7.42304,2
449.1,0.13134,2.57164,7.42304,2
449.2,0.13134,2.57165,7.42303,2
449.3,0.13134,2.57167,7.42303,2
449.4,0.13135,2.57168,7.42303,2
449.5,0.13135,2.5717,7.42303,2
449.6,0.13136,2.57171,7.42303,2
449.7,0.13136,2.57172,7.42303,2
449.8,0.13136,2.57174,7.42303,2
449.9,0.13137,2.57175,7.42303,2
450,0.13137,2.57176,7.42303,2
450.1,0.13138,2.57178,7.42303,2
450.2,0.13138,2.57179,7.42303,2
450.3,0.13138,2.57181,7.42303,2
450.4,0.13139,2.57182,7.42303,2
450.5,0.13139,2.57183,7.42303,2
450.6,0.1314,2.57184,7.42303,2
450.7,0.1314,2.57186,7.42303,2
450.8,0.1314,2.57187,7.42303,2
450.9,0.13141,2.57188,7.42303,2
451,0.13141,2.5719,7.42303,2
451.1,0.13142,2.57191,7.42303,2
451.2,0.13142,2.57192,7.42303,2
451.3,0.13142,2.57194,7.42303,2
451.4,0.13143,2.57195,7.42303,2
451.5,0.13143,2.57196,7.42303,2
451.6,0.13143,2.57198,7.42302,2
451.7,0.13144,2.57199,7.42302,2
451.8,0.13144,2.572,7.42302,2
451.9,0.13144,2.57201,7.42302,2
452,0.13145,2.57202,7.42302,2
452.1,0.13145,2.57203,7.42302,2
452.2,0.13145,2.57204,7.42302,2
452.3,0.13146,2.57206,7.42302,2
452.4,0.13146,2.57207,7.42302,2
452.5,0.13146,2.57208,7.42302,2
452.6,0.13147,2.57209,7.42302,2
452.7,0.13147,2.5721,7.42302,2
452.8,0.13147,2.57211,7.42302,2
452.9,0.13148,2.57212,7.42302,2
453,0.13148,2.57214,7.42302,2
453.1,0.13148,2.57215,7.42302,2
453.2,0.13149,2.57216,7.42302,2
453.3,0.13149,2.57217,7.42302,2
453.4,0.13149,2.57219,7.42302,2
453.5,0.1315,2.5722,7.42302,2
453.6,0.1315,2.57221,7.42302,2
453.7,0.1315,2.57222,7.42302,2
453.8,0.13151,2.57223,7.42302,2
453.9,0.13151,2.57224,7.42302,2
454,0.13151,2.57226,7.42302,2
454.1,0.13152,2.57227,7.42302,2
454.2,0.13152,2.57228,7.42301,2
454.3,0.13152,2.57229,7.42301,2
454.4,0.13153,2.57231,7.42301,2
454.5,0.13153,2.57232,7.42301,2
454.6,0.13153,2.57233,7.42301,2
454.7,0.13153,2.57234,7.42301,2
454.8,0.13154,2.57235,7.42301,2
454.9,0.13154,2.57237,7.42301,2
455,0.13154,2.57238,7.42301,2
455.1,0.13155,2.57239,7.42301,2
455.2,0.13155,2.57241,7.42301,2
455.3,0.13155,2.57242,7.42301,2
455.4,0.13156,2.57244,7.42301,2
455.5,0.13156,2.57245,7.42301,2
455.6,0.13156,2.57247,7.42301,2
455.7,0.13156,2.57248,7.42301,2
455.8,0.13157,2.5725,7.42301,2
455.9,0.13157,2.57251,7.42301,2
456,0.13157,2.57253,7.42301,2
456.1,0.13158,2.57254,7.42301,2
456.2,0.13158,2.57256,7.42301,2
456.3,0.13158,2.57258,7.42301,2
456.4,0.13159,2.57259,7.42301,2
456.5,0.13159,2.57261,7.423,2
456.6,0.13159,2.57263,7.423,2
456.7,0.1316,2.57264,7.423,2
456.8,0.1316,2.57266,7.423,2
456.9,0.13161,2.57268,7.423,2
457,0.13161,2.57269,7.423,2
457.1,0.13161,2.57271,7.423,2
457.2,0.13162,2.57273,7.423,2
457.3,0.13162,2.57274,7.423,2
457.4,0.13162,2.57276,7.423,2
457.5,0.13163,2.57278,7.423,2
457.6,0.13163,2.57279,7.423,2
457.7,0.13163,2.57281,7.423,2
457.8,0.13164,2.57282,7.423,2
457.9,0.13164,2.57284,7.423,2
458,0.13164,2.57285,7.423,2
458.1,0.13165,2.57287,7.423,2
458.2,0.13165,2.57288,7.423,2
458.3,0.13165,2.57289,7.423,2
458.4,0.13166,2.57291,7.423,2
458.5,0.13166,2.57292,7.42299,2
458.6,0.13166,2.57294,7.42299,2
458.7,0.13167,2.57295,7.42299,2
458.8,0.13167,2.57297,7.42299,2
458.9,0.13168,2.57298,7.42299,2
459,0.13168,2.573,7.42299,2
459.1,0.13168,2.57301,7.42299,2
459.2,0.13169,2.57303,7.42299,2
459.3,0.13169,2.57304,7.42299,2
459.4,0.13169,2.57306,7.42299,2
459.5,0.1317,2.57308,7.42299,2
459.6,0.1317,2.57309,7.42299,2
459.7,0.1317,2.57311,7.42299,2
459.8,0.1317,2.57312,7.42299,2
459.9,0.13171,2.57314,7.42299,2
460,0.13171,2.57315,7.42298,2
460.1,0.13172,2.57316,7.42298,2
460.2,0.13172,2.57318,7.42298,2
460.3,0.13172,2.57319,7.42298,2
460.4,0.13173,2.57321,7.42298,2
460.5,0.13173,2.57322,7.42298,2
460.6,0.13173,2.57324,7.42298,2
460.7,0.13174,2.57325,7.42298,2
460.8,0.13174,2.57327,7.42298,2
460.9,0.13174,2.57328,7.42298,2
461,0.13175,2.57329,7.42298,2
461.1,0.13175,2.57331,7.42298,2
461.2,0.13175,2.57332,7.42298,2
461.3,0.13176,2.57334,7.42298,2
461.4,0.13176,2.57335,7.42298,2
461.5,0.13176,2.57337,7.42297,2
461.6,0.13177,2.57338,7.42297,2
461.7,0.13177,2.57339,7.42297,2
461.8,0.13177,2.57341,7.42297,2
461.9,0.13177,2.57342,7.42297,2
462,0.13178,2.57343,7.42297,2
462.1,0.13178,2.57345,7.42297,2
462.2,0.13178,2.57346,7.42297,2
462.3,0.13179,2.57347,7.42297,2
462.4,0.13179,2.57348,7.42297,2
462.5,0.13179,2.57349,7.42297,2
462.6,0.1318,2.57351,7.42297,2
462.7,0.1318,2.57352,7.42297,2
462.8,0.1318,2.57353,7.42297,2
462.9,0.13181,2.57354,7.42297,2
463,0.13181,2.57356,7.42297,2
463.1,0.13182,2.57357,7.42296,2
463.2,0.13182,2.57358,7.42296,2
463.3,0.13182,2.57359,7.42296,2
463.4,0.13182,2.5736,7.42296,2
463.5,0.13183,2.57361,7.42296,2
463.6,0.13183,2.57363,7.42296,2
463.7,0.13183,2.57364,7.42296,2
463.8,0.13184,2.57365,7.42296,2
463.9,0.13184,2.57366,7.42296,2
464,0.13184,2.57367,7.42296,2
464.1,0.13185,2.57369,7.42296,2
464.2,0.13185,2.5737,7.42296,2
464.3,0.13185,2.57371,7.42296,2
464.4,0.13186,2.57372,7.42296,2
464.5,0.13186,2.57374,7.42296,2
464.6,0.13186,2.57375,7.42296,2
464.7,0.13186,2.57376,7.42296,2
464.8,0.13187,2.57378,7.42295,2
464.9,0.13187,2.57379,7.42295,2
465,0.13187,2.5738,7.42295,2
465.1,0.13187,2.57382,7.42295,2
465.2,0.13188,2.57383,7.42295,2
465.3,0.13188,2.57385,7.42295,2
465.4,0.13188,2.57386,7.42295,2
465.5,0.13188,2.57387,7.42295,2
465.6,0.13189,2.57389,7.42295,2
465.7,0.13189,2.5739,7.42295,2
465.8,0.13189,2.57392,7.42295,2
465.9,0.13189,2.57393,7.42295,2
466,0.1319,2.57394,7.42295,2
466.1,0.1319,2.57396,7.42295,2
466.2,0.1319,2.57397,7.42295,2
466.3,0.1319,2.57399,7.42295,2
466.4,0.13191,2.574,7.42294,2
466.5,0.13191,2.57401,7.42294,2
466.6,0.13191,2.57403,7.42294,2
466.7,0.13191,2.57404,7.42294,2
466.8,0.13191,2.57405,7.42294,2
466.9,0.13192,2.57407,7.42294,2
467,0.13192,2.57408,7.42294,2
467.1,0.13192,2.5741,7.42294,2
467.2,0.13192,2.57411,7.42294,2
467.3,0.13193,2.57412,7.42294,2
467.4,0.13193,2.57413,7.42294,2
467.5,0.13193,2.57415,7.42294,2
467.6,0.13193,2.57416,7.42294,2
467.7,0.13193,2.57417,7.42294,2
467.8,0.13194,2.57419,7.42294,2
467.9,0.13194,2.5742,7.42294,2
468,0.13194,2.57421,7.42294,2
468.1,0.13194,2.57422,7.42293,2
468.2,0.13194,2.57423,7.42293,2
468.3,0.13194,2.57424,7.42293,2
468.4,0.13194,2.57425,7.42293,2
468.5,0.13195,2.57426,7.42293,2
468.6,0.13195,2.57427,7.42293,2
468.7,0.13195,2.57428,7.42293,2
468.8,0.13195,2.57429,7.42293,2
468.9,0.13195,2.5743,7.42293,2
469,0.13195,2.57432,7.42293,2
469.1,0.13196,2.57433,7.42293,2
469.2,0.13196,2.57434,7.42293,2
469.3,0.13196,2.57435,7.42293,2
469.4,0.13196,2.57436,7.42293,2
469.5,0.13196,2.57437,7.42293,2
469.6,0.13196,2.57439,7.42293,2
469.7,0.13197,2.5744,7.42293,2
469.8,0.13197,2.57441,7.42292,2
469.9,0.13197,2.57442,7.42292,2
470,0.13197,2.57443,7.42292,2
470.1,0.13197,2.57444,7.42292,2
470.2,0.13197,2.57445,7.42292,2
470.3,0.13198,2.57446,7.42292,2
470.4,0.13198,2.57447,7.42292,2
470.5,0.13198,2.57448,7.42292,2
470.6,0.13198,2.57449,7.42292,2
470.7,0.13198,2.5745,7.42292,2
470.8,0.13198,2.57451,7.42292,2
470.9,0.13198,2.57452,7.42292,2
471,0.13199,2.57452,7.42291,2
471.1,0.13199,2.57453,7.42291,2
471.2,0.13199,2.57454,7.42291,2
471.3,0.13199,2.57455,7.42291,2
471.4,0.13199,2.57456,7.42291,2
471.5,0.13199,2.57457,7.42291,2
471.6,0.132,2.57458,7.42291,2
471.7,0.132,2.57459,7.42291,2
471.8,0.132,2.5746,7.42291,2
471.9,0.132,2.5746,7.42291,2
472,0.132,2.57461,7.42291,2
472.1,0.132,2.57462,7.4229,2
472.2,0.13201,2.57463,7.4229,2
472.3,0.13201,2.57464,7.4229,2
472.4,0.13201,2.57465,7.4229,2
472.5,0.13201,2.57466,7.4229,2
472.6,0.13201,2.57467,7.4229,2
472.7,0.13201,2.57467,7.4229,2
472.8,0.13202,2.57468,7.4229,2
472.9,0.13202,2.57469,7.4229,2
473,0.13202,2.5747,7.4229,2
473.1,0.13202,2.57471,7.4229,2
473.2,0.13202,2.57472,7.42289,2
473.3,0.13203,2.57473,7.42289,2
473.4,0.13203,2.57473,7.42289,2
473.5,0.13203,2.57474,7.42289,2
473.6,0.13203,2.57475,7.42289,2
473.7,0.13204,2.57476,7.42289,2
473.8,0.13204,2.57476,7.42289,2
473.9,0.13204,2.57477,7.42289,2
474,0.13204,2.57478,7.42289,2
474.1,0.13204,2.57478,7.42289,2
474.2,0.13204,2.57479,7.42289,2
474.3,0.13205,2.5748,7.42289,2
474.4,0.13205,2.57481,7.42288,2
474.5,0.13205,2.57482,7.42288,2
474.6,0.13205,2.57482,7.42288,2
474.7,0.13206,2.57483,7.42288,2
474.8,0.13206,2.57484,7.42288,2
474.9,0.13206,2.57485,7.42288,2
475,0.13206,2.57485,7.42288,2
475.1,0.13206,2.57486,7.42288,2
475.2,0.13207,2.57487,7.42288,2
475.3,0.13207,2.57488,7.42288,2
475.4,0.13207,2.57489,7.42288,2
475.5,0.13207,2.5749,7.42287,2
475.6,0.13207,2.57491,7.42287,2
475.7,0.13208,2.57492,7.42287,2
475.8,0.13208,2.57492,7.42287,2
475.9,0.13208,2.57493,7.42287,2
476,0.13208,2.57494,7.42287,2
476.1,0.13208,2.57495,7.42287,2
476.2,0.13209,2.57496,7.42287,2
476.3,0.13209,2.57497,7.42287,2
476.4,0.13209,2.57498,7.42286,2
476.5,0.13209,2.57499,7.42286,2
476.6,0.13209,2.575,7.42286,2
476.7,0.1321,2.57501,7.42286,2
476.8,0.1321,2.57502,7.42286,2
476.9,0.1321,2.57503,7.42286,2
477,0.1321,2.57504,7.42286,2
477.1,0.1321,2.57505,7.42286,2
477.2,0.1321,2.57505,7.42286,2
477.3,0.13211,2.57506,7.42286,2
477.4,0.13211,2.57507,7.42286,2
477.5,0.13211,2.57508,7.42285,2
477.6,0.13211,2.57509,7.42285,2
477.7,0.13211,2.5751,7.42285,2
477.8,0.13211,2.5751,7.42285,2
477.9,0.13212,2.57511,7.42285,2
478,0.13212,2.57512,7.42285,2
478.1,0.13212,2.57513,7.42285,2
478.2,0.13212,2.57513,7.42285,2
478.3,0.13212,2.57514,7.42285,2
478.4,0.13212,2.57515,7.42284,2
478.5,0.13213,2.57516,7.42284,2
478.6,0.13213,2.57517,7.42284,2
478.7,0.13213,2.57517,7.42284,2
478.8,0.13213,2.57518,7.42284,2
478.9,0.13213,2.57519,7.42284,2
479,0.13214,2.5752,7.42284,2
479.1,0.13214,2.57521,7.42284,2
479.2,0.13214,2.57522,7.42284,2
479.3,0.13214,2.57523,7.42283,2
479.4,0.13214,2.57524,7.42283,2
479.5,0.13214,2.57525,7.42283,2
479.6,0.13214,2.57525,7.42283,2
479.7,0.13215,2.57526,7.42283,2
479.8,0.13215,2.57527,7.42283,2
479.9,0.13215,2.57528,7.42283,2
480,0.13215,2.57529,7.42283,2
480.1,0.13215,2.57529,7.42283,2
480.2,0.13216,2.5753,7.42282,2
480.3,0.13216,2.57531,7.42282,2
480.4,0.13216,2.57531,7.42282,2
480.5,0.13216,2.57532,7.42282,2
480.6,0.13216,2.57533,7.42282,2
480.7,0.13216,2.57533,7.42282,2
480.8,0.13217,2.57534,7.42282,2
480.9,0.13217,2.57535,7.42282,2
481,0.13217,2.57535,7.42281,2
481.1,0.13217,2.57536,7.42281,2
481.2,0.13217,2.57537,7.42281,2
481.3,0.13218,2.57537,7.42281,2
481.4,0.13218,2.57538,7.42281,2
481.5,0.13218,2.57538,7.42281,2
481.6,0.13218,2.57539,7.42281,2
481.7,0.13218,2.5754,7.42281,2
481.8,0.13219,2.5754,7.42281,2
481.9,0.13219,2.57541,7.4228,2
482,0.13219,2.57542,7.4228,2
482.1,0.13219,2.57542,7.4228,2
482.2,0.13219,2.57543,7.4228,2
482.3,0.13219,2.57544,7.4228,2
482.4,0.1322,2.57544,7.4228,2
482.5,0.1322,2.57545,7.4228,2
482.6,0.1322,2.57546,7.4228,2
482.7,0.1322,2.57546,7.42279,2
482.8,0.1322,2.57547,7.42279,2
482.9,0.13221,2.57548,7.42279,2
483,0.13221,2.57549,7.42279,2
483.1,0.13221,2.57549,7.42279,2
483.2,0.13221,2.5755,7.42279,2
483.3,0.13221,2.57551,7.42279,2
483.4,0.13221,2.57551,7.42279,2
483.5,0.13222,2.57552,7.42278,2
483.6,0.13222,2.57553,7.42278,2
483.7,0.13222,2.57554,7.42278,2
483.8,0.13222,2.57555,7.42278,2
483.9,0.13222,2.57555,7.42278,2
484,0.13222,2.57556,7.42278,2
484.1,0.13222,2.57557,7.42278,2
484.2,0.13223,2.57558,7.42278,2
484.3,0.13223,2.57558,7.42277,2
484.4,0.13223,2.57559,7.42277,2
484.5,0.13223,2.5756,7.42277,2
484.6,0.13223,2.57561,7.42277,2
484.7,0.13223,2.57561,7.42277,2
484.8,0.13223,2.57562,7.42277,2
484.9,0.13224,2.57563,7.42277,2
485,0.13224,2.57564,7.42277,2
485.1,0.13224,2.57565,7.42277,2
485.2,0.13224,2.57566,7.42276,2
485.3,0.13224,2.57566,7.42276,2
485.4,0.13224,2.57567,7.42276,2
485.5,0.13225,2.57568,7.42276,2
485.6,0.13225,2.57569,7.42276,2
485.7,0.13225,2.5757,7.42276,2
485.8,0.13225,2.57571,7.42276,2
485.9,0.13225,2.57571,7.42276,2
486,0.13225,2.57572,7.42275,2
486.1,0.13225,2.57573,7.42275,2
486.2,0.13225,2.57574,7.42275,2
486.3,0.13225,2.57575,7.42275,2
486.4,0.13226,2.57575,7.42275,2
486.5,0.13226,2.57576,7.42275,2
486.6,0.13226,2.57577,7.42275,2
486.7,0.13226,2.57578,7.42275,2
486.8,0.13226,2.57579,7.42274,2
486.9,0.13226,2.5758,7.42274,2
487,0.13226,2.57581,7.42274,2
487.1,0.13226,2.57581,7.42274,2
487.2,0.13227,2.57582,7.42274,2
487.3,0.13227,2.57583,7.42274,2
487.4,0.13227,2.57584,7.42274,2
487.5,0.13227,2.57584,7.42274,2
487.6,0.13227,2.57585,7.42273,2
487.7,0.13227,2.57586,7.42273,2
487.8,0.13227,2.57587,7.42273,2
487.9,0.13227,2.57588,7.42273,2
488,0.13228,2.57589,7.42273,2
488.1,0.13228,2.57589,7.42273,2
488.2,0.13228,2.5759,7.42273,2
488.3,0.13228,2.57591,7.42272,2
488.4,0.13228,2.57592,7.42272,2
488.5,0.13228,2.57593,7.42272,2
488.6,0.13228,2.57593,7.42272,2
488.7,0.13228,2.57594,7.42272,2
488.8,0.13228,2.57595,7.42272,2
488.9,0.13229,2.57596,7.42272,2
489,0.13229,2.57597,7.42272,2
489.1,0.13229,2.57598,7.42271,2
489.2,0.13229,2.57598,7.42271,2
489.3,0.13229,2.57599,7.42271,2
489.4,0.13229,2.576,7.42271,2
489.5,0.13229,2.57601,7.42271,2
489.6,0.13229,2.57602,7.42271,2
489.7,0.13229,2.57603,7.42271,2
489.8,0.13229,2.57604,7.42271,2
489.9,0.1323,2.57605,7.4227,2
490,0.1323,2.57605,7.4227,2
490.1,0.1323,2.57606,7.4227,2
490.2,0.1323,2.57607,7.4227,2
490.3,0.1323,2.57608,7.4227,2
490.4,0.1323,2.57609,7.4227,2
490.5,0.1323,2.57609,7.4227,2
490.6,0.1323,2.5761,7.42269,2
490.7,0.1323,2.57611,7.42269,2
490.8,0.1323,2.57612,7.42269,2
490.9,0.13231,2.57612,7.42269,2
491,0.13231,2.57613,7.42269,2
491.1,0.13231,2.57614,7.42269,2
491.2,0.13231,2.57614,7.42269,2
491.3,0.13231,2.57615,7.42269,2
491.4,0.13231,2.57616,7.42268,2
491.5,0.13231,2.57617,7.42268,2
491.6,0.13231,2.57618,7.42268,2
491.7,0.13232,2.57618,7.42268,2
491.8,0.13232,2.57619,7.42268,2
491.9,0.13232,2.5762,7.42268,2
492,0.13232,2.57621,7.42268,2
492.1,0.13232,2.57621,7.42267,2
492.2,0.13232,2.57622,7.42267,2
492.3,0.13232,2.57623,7.42267,2
492.4,0.13232,2.57624,7.42267,2
492.5,0.13233,2.57624,7.42267,2
492.6,0.13233,2.57625,7.42267,2
492.7,0.13233,2.57626,7.42267,2
492.8,0.13233,2.57627,7.42267,2
492.9,0.13233,2.57628,7.42266,2
493,0.13233,2.57628,7.42266,2
493.1,0.13233,2.57629,7.42266,2
493.2,0.13233,2.5763,7.42266,2
493.3,0.13233,2.57631,7.42266,2
493.4,0.13234,2.57632,7.42266,2
493.5,0.13234,2.57633,7.42266,2
493.6,0.13234,2.57634,7.42265,2
493.7,0.13234,2.57634,7.42265,2
493.8,0.13234,2.57635,7.42265,2
493.9,0.13234,2.57636,7.42265,2
494,0.13234,2.57637,7.42265,2
494.1,0.13234,2.57638,7.42265,2
494.2,0.13234,2.57639,7.42265,2
494.3,0.13234,2.57639,7.42264,2
494.4,0.13235,2.5764,7.42264,2
494.5,0.13235,2.57641,7.42264,2
494.6,0.13235,2.57642,7.42264,2
494.7,0.13235,2.57643,7.42264,2
494.8,0.13235,2.57643,7.42264,2
494.9,0.13235,2.57644,7.42264,2
495,0.13235,2.57645,7.42263,2
495.1,0.13235,2.57646,7.42263,2
495.2,0.13235,2.57647,7.42263,2
495.3,0.13236,2.57648,7.42263,2
495.4,0.13236,2.57648,7.42263,2
495.5,0.13236,2.57649,7.42263,2
495.6,0.13236,2.5765,7.42263,2
495.7,0.13236,2.57651,7.42262,2
495.8,0.13236,2.57652,7.42262,2
495.9,0.13236,2.57653,7.42262,2
496,0.13236,2.57653,7.42262,2
496.1,0.13237,2.57654,7.42262,2
496.2,0.13237,2.57655,7.42262,2
496.3,0.13237,2.57656,7.42262,2
496.4,0.13237,2.57657,7.42261,2
496.5,0.13237,2.57657,7.42261,2
496.6,0.13237,2.57658,7.42261,2
496.7,0.13237,2.57659,7.42261,2
496.8,0.13237,2.5766,7.42261,2
496.9,0.13237,2.57661,7.42261,2
497,0.13237,2.57661,7.42261,2
497.1,0.13237,2.57662,7.4226,2
497.2,0.13237,2.57663,7.4226,2
497.3,0.13238,2.57664,7.4226,2
497.4,0.13238,2.57664,7.4226,2
497.5,0.13238,2.57665,7.4226,2
497.6,0.13238,2.57666,7.4226,2
497.7,0.13238,2.57667,7.4226,2
497.8,0.13238,2.57668,7.42259,2
497.9,0.13238,2.57668,7.42259,2
498,0.13238,2.57669,7.42259,2
498.1,0.13238,2.5767,7.42259,2
498.2,0.13238,2.57671,7.42259,2
498.3,0.13238,2.57672,7.42259,2
498.4,0.13238,2.57672,7.42259,2
498.5,0.13238,2.57673,7.42258,2
498.6,0.13238,2.57674,7.42258,2
498.7,0.13238,2.57675,7.42258,2
498.8,0.13238,2.57676,7.42258,2
498.9,0.13238,2.57677,7.42258,2
499,0.13238,2.57677,7.42258,2
499.1,0.13238,2.57678,7.42257,2
499.2,0.13238,2.57679,7.42257,2
499.3,0.13238,2.5768,7.42257,2
499.4,0.13238,2.57681,7.42257,2
499.5,0.13239,2.57682,7.42257,2
499.6,0.13239,2.57682,7.42257,2
499.7,0.13239,2.57683,7.42257,2
499.8,0.13239,2.57684,7.42256,2
499.9,0.13239,2.57684,7.42256,2
500,0.13239,2.57685,7.42256,2
500.1,0.13239,2.57686,7.42256,2
500.2,0.13239,2.57687,7.42256,2
500.3,0.13239,2.57688,7.42256,2
500.4,0.13239,2.57688,7.42256,2
500.5,0.13239,2.57689,7.42255,2
500.6,0.13239,2.5769,7.42255,2
500.7,0.13239,2.57691,7.42255,2
500.8,0.13239,2.57691,7.42255,2
500.9,0.13239,2.57692,7.42255,2
501,0.13239,2.57693,7.42255,2
501.1,0.13239,2.57694,7.42254,2
501.2,0.13239,2.57695,7.42254,2
501.3,0.13239,2.57695,7.42254,2
501.4,0.13239,2.57696,7.42254,2
501.5,0.13239,2.57697,7.42254,2
501.6,0.13239,2.57698,7.42254,2
501.7,0.13239,2.57699,7.42254,2
501.8,0.13239,2.57699,7.42253,2
501.9,0.13239,2.577,7.42253,2
502,0.13239,2.57701,7.42253,2
502.1,0.13239,2.57702,7.42253,2
502.2,0.13239,2.57703,7.42253,2
502.3,0.13239,2.57704,7.42253,2
502.4,0.13239,2.57705,7.42252,2
502.5,0.13239,2.57706,7.42252,2
502.6,0.13239,2.57706,7.42252,2
502.7,0.13239,2.57707,7.42252,2
502.8,0.13239,2.57708,7.42252,2
502.9,0.13239,2.57709,7.42252,2
503,0.13239,2.5771,7.42252,2
503.1,0.13239,2.57711,7.42251,2
503.2,0.13239,2.57711,7.42251,2
503.3,0.13239,2.57712,7.42251,2
503.4,0.13239,2.57713,7.42251,2
503.5,0.13239,2.57714,7.42251,2
503.6,0.13239,2.57715,7.42251,2
503.7,0.13239,2.57716,7.42251,2
503.8,0.13239,2.57717,7.4225,2
503.9,0.13239,2.57718,7.4225,2
504,0.13239,2.57719,7.4225,2
504.1,0.13239,2.5772,7.4225,2
504.2,0.13239,2.57721,7.4225,2
504.3,0.13239,2.57722,7.4225,2
504.4,0.13239,2.57723,7.4225,2
504.5,0.13239,2.57723,7.42249,2
504.6,0.13239,2.57724,7.42249,2
504.7,0.13239,2.57725,7.42249,2
504.8,0.13239,2.57726,7.42249,2
504.9,0.13239,2.57727,7.42249,2
505,0.13239,2.57728,7.42249,2
505.1,0.13239,2.57729,7.42248,2
505.2,0.13239,2.5773,7.42248,2
505.3,0.13239,2.57731,7.42248,2
505.4,0.13239,2.57732,7.42248,2
505.5,0.13239,2.57733,7.42248,2
505.6,0.13239,2.57734,7.42248,2
505.7,0.13239,2.57735,7.42248,2
505.8,0.13239,2.57736,7.42247,2
505.9,0.13239,2.57737,7.42247,2
506,0.13239,2.57738,7.42247,2
506.1,0.13239,2.57738,7.42247,2
506.2,0.13239,2.57739,7.42247,2
506.3,0.13239,2.5774,7.42247,2
506.4,0.13239,2.57741,7.42247,2
506.5,0.13239,2.57742,7.42246,2
506.6,0.13239,2.57743,7.42246,2
506.7,0.13239,2.57744,7.42246,2
506.8,0.13239,2.57744,7.42246,2
506.9,0.13239,2.57745,7.42246,2
507,0.13239,2.57746,7.42246,2
507.1,0.13239,2.57747,7.42246,2
507.2,0.13239,2.57747,7.42245,2
507.3,0.13239,2.57748,7.42245,2
507.4,0.13239,2.57749,7.42245,2
507.5,0.13239,2.5775,7.42245,2
507.6,0.13239,2.5775,7.42245,2
507.7,0.13239,2.57751,7.42245,2
507.8,0.13239,2.57752,7.42244,2
507.9,0.13239,2.57752,7.42244,2
508,0.13239,2.57753,7.42244,2
508.1,0.13239,2.57754,7.42244,2
508.2,0.13239,2.57755,7.42244,2
508.3,0.13239,2.57756,7.42244,2
508.4,0.13239,2.57756,7.42244,2
508.5,0.1324,2.57757,7.42243,2
508.6,0.1324,2.57758,7.42243,2
508.7,0.1324,2.57759,7.42243,2
508.8,0.1324,2.5776,7.42243,2
508.9,0.1324,2.5776,7.42243,2
509,0.1324,2.57761,7.42243,2
509.1,0.1324,2.57762,7.42243,2
509.2,0.1324,2.57762,7.42242,2
509.3,0.1324,2.57763,7.42242,2
509.4,0.1324,2.57764,7.42242,2
509.5,0.1324,2.57764,7.42242,2
509.6,0.1324,2.57765,7.42242,2
509.7,0.1324,2.57766,7.42242,2
509.8,0.1324,2.57767,7.42242,2
509.9,0.13241,2.57767,7.42241,2
510,0.13241,2.57768,7.42241,2
510.1,0.13241,2.57769,7.42241,2
510.2,0.13241,2.57769,7.42241,2
510.3,0.13241,2.5777,7.42241,2
510.4,0.13241,2.57771,7.42241,2
510.5,0.13241,2.57772,7.42241,2
510.6,0.13241,2.57772,7.4224,2
510.7,0.13241,2.57773,7.4224,2
510.8,0.13241,2.57774,7.4224,2
510.9,0.13241,2.57775,7.4224,2
511,0.13241,2.57775,7.4224,2
511.1,0.13242,2.57776,7.4224,2
511.2,0.13242,2.57777,7.4224,2
511.3,0.13242,2.57778,7.42239,2
511.4,0.13242,2.57779,7.42239,2
511.5,0.13242,2.5778,7.42239,2
511.6,0.13242,2.57781,7.42239,2
511.7,0.13242,2.57781,7.42239,2
511.8,0.13242,2.57782,7.42239,2
511.9,0.13242,2.57783,7.42239,2
512,0.13242,2.57784,7.42238,2
512.1,0.13242,2.57785,7.42238,2
512.2,0.13242,2.57785,7.42238,2
512.3,0.13243,2.57786,7.42238,2
512.4,0.13243,2.57786,7.42238,2
512.5,0.13243,2.57787,7.42238,2
512.6,0.13243,2.57788,7.42238,2
512.7,0.13243,2.57788,7.42237,2
512.8,0.13243,2.57789,7.42237,2
512.9,0.13243,2.5779,7.42237,2
513,0.13243,2.5779,7.42237,2
513.1,0.13243,2.57791,7.42237,2
513.2,0.13243,2.57792,7.42237,2
513.3,0.13243,2.57792,7.42237,2
513.4,0.13243,2.57793,7.42237,2
513.5,0.13243,2.57794,7.42236,2
513.6,0.13243,2.57794,7.42236,2
513.7,0.13244,2.57795,7.42236,2
513.8,0.13244,2.57796,7.42236,2
513.9,0.13244,2.57796,7.42236,2
514,0.13244,2.57797,7.42236,2
514.1,0.13244,2.57797,7.42235,2
514.2,0.13244,2.57798,7.42235,2
514.3,0.13244,2.57799,7.42235,2
514.4,0.13244,2.57799,7.42235,2
514.5,0.13244,2.578,7.42235,2
514.6,0.13244,2.578,7.42235,2
514.7,0.13244,2.57801,7.42235,2
514.8,0.13244,2.57802,7.42234,2
514.9,0.13244,2.57802,7.42234,2
515,0.13244,2.57803,7.42234,2
515.1,0.13244,2.57804,7.42234,2
515.2,0.13244,2.57804,7.42234,2
515.3,0.13245,2.57805,7.42234,2
515.4,0.13245,2.57806,7.42233,2
515.5,0.13245,2.57806,7.42233,2
515.6,0.13245,2.57807,7.42233,2
515.7,0.13245,2.57807,7.42233,2
515.8,0.13245,2.57808,7.42233,2
515.9,0.13245,2.57809,7.42233,2
516,0.13245,2.57809,7.42232,2
516.1,0.13245,2.5781,7.42232,2
516.2,0.13245,2.57811,7.42232,2
516.3,0.13245,2.57811,7.42232,2
516.4,0.13245,2.57812,7.42232,2
516.5,0.13245,2.57813,7.42232,2
516.6,0.13246,2.57813,7.42232,2
516.7,0.13246,2.57814,7.42231,2
516.8,0.13246,2.57815,7.42231,2
516.9,0.13246,2.57815,7.42231,2
517,0.13246,2.57816,7.42231,2
517.1,0.13246,2.57817,7.42231,2
517.2,0.13246,2.57818,7.42231,2
517.3,0.13246,2.57819,7.4223,2
517.4,0.13246,2.57819,7.4223,2
517.5,0.13246,2.5782,7.4223,2
517.6,0.13246,2.57821,7.4223,2
517.7,0.13246,2.57821,7.4223,2
517.8,0.13247,2.57822,7.4223,2
517.9,0.13247,2.57823,7.42229,2
518,0.13247,2.57824,7.42229,2
518.1,0.13247,2.57824,7.42229,2
518.2,0.13247,2.57825,7.42229,2
518.3,0.13247,2.57826,7.42229,2
518.4,0.13247,2.57827,7.42229,2
518.5,0.13247,2.57827,7.42229,2
518.6,0.13247,2.57828,7.42228,2
518.7,0.13247,2.57829,7.42228,2
518.8,0.13248,2.5783,7.42228,2
518.9,0.13248,2.5783,7.42228,2
519,0.13248,2.57831,7.42228,2
519.1,0.13248,2.57832,7.42228,2
519.2,0.13248,2.57833,7.42227,2
519.3,0.13248,2.57833,7.42227,2
519.4,0.13248,2.57834,7.42227,2
519.5,0.13248,2.57835,7.42227,2
519.6,0.13249,2.57836,7.42227,2
519.7,0.13249,2.57837,7.42227,2
519.8,0.13249,2.57838,7.42227,2
519.9,0.13249,2.57838,7.42226,2
520,0.13249,2.57839,7.42226,2
520.1,0.13249,2.5784,7.42226,2
520.2,0.13249,2.57841,7.42226,2
520.3,0.1325,2.57841,7.42226,2
520.4,0.1325,2.57842,7.42226,2
520.5,0.1325,2.57843,7.42226,2
520.6,0.1325,2.57844,7.42225,2
520.7,0.1325,2.57845,7.42225,2
520.8,0.1325,2.57846,7.42225,2
520.9,0.1325,2.57847,7.42225,2
521,0.1325,2.57848,7.42225,2
521.1,0.13251,2.57848,7.42225,2
521.2,0.13251,2.57849,7.42225,2
521.3,0.13251,2.5785,7.42224,2
521.4,0.13251,2.57851,7.42224,2
521.5,0.13251,2.57852,7.42224,2
521.6,0.13251,2.57853,7.42224,2
521.7,0.13251,2.57853,7.42224,2
521.8,0.13251,2.57854,7.42224,2
521.9,0.13252,2.57855,7.42224,2
522,0.13252,2.57856,7.42224,2
522.1,0.13252,2.57857,7.42223,2
522.2,0.13252,2.57857,7.42223,2
522.3,0.13252,2.57858,7.42223,2
522.4,0.13252,2.57859,7.42223,2
522.5,0.13252,2.5786,7.42223,2
522.6,0.13252,2.5786,7.42223,2
522.7,0.13253,2.57861,7.42223,2
522.8,0.13253,2.57862,7.42223,2
522.9,0.13253,2.57863,7.42222,2
523,0.13253,2.57864,7.42222,2
523.1,0.13253,2.57864,7.42222,2
523.2,0.13253,2.57865,7.42222,2
523.3,0.13253,2.57866,7.42222,2
523.4,0.13253,2.57867,7.42222,2
523.5,0.13253,2.57868,7.42222,2
523.6,0.13254,2.57868,7.42222,2
523.7,0.13254,2.57869,7.42221,2
523.8,0.13254,2.5787,7.42221,2
523.9,0.13254,2.57871,7.42221,2
524,0.13254,2.57871,7.42221,2
524.1,0.13254,2.57872,7.42221,2
524.2,0.13254,2.57872,7.42221,2
524.3,0.13254,2.57873,7.42221,2
524.4,0.13254,2.57874,7.42221,2
524.5,0.13254,2.57874,7.4222,2
524.6,0.13255,2.57875,7.4222,2
524.7,0.13255,2.57876,7.4222,2
524.8,0.13255,2.57877,7.4222,2
524.9,0.13255,2.57877,7.4222,2
525,0.13255,2.57878,7.4222,2
525.1,0.13255,2.57878,7.4222,2
525.2,0.13255,2.57879,7.4222,2
525.3,0.13256,2.5788,7.4222,2
525.4,0.13256,2.5788,7.42219,2
525.5,0.13256,2.57881,7.42219,2
525.6,0.13256,2.57882,7.42219,2
525.7,0.13256,2.57882,7.42219,2
525.8,0.13256,2.57883,7.42219,2
525.9,0.13256,2.57884,7.42219,2
526,0.13256,2.57884,7.42219,2
526.1,0.13257,2.57885,7.42219,2
526.2,0.13257,2.57886,7.42219,2
526.3,0.13257,2.57886,7.42219,2
526.4,0.13257,2.57887,7.42218,2
526.5,0.13257,2.57888,7.42218,2
526.6,0.13257,2.57888,7.42218,2
526.7,0.13257,2.57889,7.42218,2
526.8,0.13257,2.5789,7.42218,2
526.9,0.13258,2.5789,7.42218,2
527,0.13258,2.57891,7.42218,2
527.1,0.13258,2.57892,7.42218,2
527.2,0.13258,2.57892,7.42218,2
527.3,0.13258,2.57893,7.42218,2
527.4,0.13258,2.57894,7.42218,2
527.5,0.13259,2.57895,7.42217,2
527.6,0.13259,2.57895,7.42217,2
527.7,0.13259,2.57896,7.42217,2
527.8,0.13259,2.57897,7.42217,2
527.9,0.13259,2.57898,7.42217,2
528,0.13259,2.57899,7.42217,2
528.1,0.13259,2.57899,7.42217,2
528.2,0.13259,2.579,7.42217,2
528.3,0.1326,2.57901,7.42217,2
528.4,0.1326,2.57902,7.42217,2
528.5,0.1326,2.57902,7.42217,2
528.6,0.1326,2.57903,7.42217,2
528.7,0.1326,2.57904,7.42217,2
528.8,0.1326,2.57905,7.42216,2
528.9,0.1326,2.57906,7.42216,2
529,0.1326,2.57906,7.42216,2
529.1,0.13261,2.57907,7.42216,2
529.2,0.13261,2.57908,7.42216,2
529.3,0.13261,2.57909,7.42216,2
529.4,0.13261,2.57909,7.42216,2
529.5,0.13261,2.5791,7.42216,2
529.6,0.13261,2.57911,7.42216,2
529.7,0.13261,2.57911,7.42216,2
529.8,0.13261,2.57912,7.42216,2
529.9,0.13262,2.57913,7.42216,2
530,0.13262,2.57914,7.42216,2
530.1,0.13262,2.57914,7.42216,2
530.2,0.13262,2.57915,7.42216,2
530.3,0.13262,2.57916,7.42216,2
530.4,0.13262,2.57917,7.42216,2
530.5,0.13262,2.57917,7.42215,2
530.6,0.13262,2.57918,7.42215,2
530.7,0.13263,2.57919,7.42215,2
530.8,0.13263,2.57919,7.42215,2
530.9,0.13263,2.5792,7.42215,2
531,0.13263,2.57921,7.42215,2
531.1,0.13263,2.57921,7.42215,2
531.2,0.13263,2.57922,7.42215,2
531.3,0.13263,2.57922,7.42215,2
531.4,0.13263,2.57923,7.42215,2
531.5,0.13263,2.57924,7.42215,2
531.6,0.13263,2.57924,7.42215,2
531.7,0.13264,2.57925,7.42215,2
531.8,0.13264,2.57926,7.42215,2
531.9,0.13264,2.57926,7.42215,2
532,0.13264,2.57926,7.42215,2
532.1,0.13264,2.57927,7.42215,2
532.2,0.13264,2.57927,7.42215,2
532.3,0.13264,2.57927,7.42215,2
532.4,0.13264,2.57928,7.42215,2
532.5,0.13264,2.57928,7.42215,2
532.6,0.13265,2.57929,7.42215,2
532.7,0.13265,2.57929,7.42214,2
532.8,0.13265,2.5793,7.42214,2
532.9,0.13265,2.5793,7.42214,2
533,0.13265,2.57931,7.42214,2
533.1,0.13265,2.57931,7.42214,2
533.2,0.13266,2.57932,7.42214,2
533.3,0.13266,2.57932,7.42214,2
533.4,0.13266,2.57933,7.42214,2
533.5,0.13266,2.57933,7.42214,2
533.6,0.13266,2.57934,7.42214,2
533.7,0.13266,2.57934,7.42214,2
533.8,0.13267,2.57935,7.42214,2
533.9,0.13267,2.57935,7.42214,2
534,0.13267,2.57936,7.42214,2
534.1,0.13267,2.57936,7.42214,2
534.2,0.13267,2.57937,7.42214,2
534.3,0.13267,2.57937,7.42214,2
534.4,0.13268,2.57938,7.42214,2
534.5,0.13268,2.57938,7.42214,2
534.6,0.13268,2.57938,7.42214,2
534.7,0.13268,2.57939,7.42214,2
534.8,0.13268,2.57939,7.42214,2
534.9,0.13269,2.5794,7.42214,2
535,0.13269,2.5794,7.42214,2
535.1,0.13269,2.57941,7.42214,2
535.2,0.13269,2.57941,7.42214,2
535.3,0.13269,2.57942,7.42214,2
535.4,0.13269,2.57942,7.42214,2
535.5,0.1327,2.57943,7.42214,2
535.6,0.1327,2.57943,7.42214,2
535.7,0.1327,2.57943,7.42214,2
535.8,0.1327,2.57944,7.42214,2
535.9,0.13271,2.57944,7.42214,2
536,0.13271,2.57945,7.42214,2
536.1,0.13271,2.57945,7.42213,2
536.2,0.13271,2.57945,7.42213,2
536.3,0.13271,2.57946,7.42213,2
536.4,0.13272,2.57946,7.42213,2
536.5,0.13272,2.57947,7.42213,2
536.6,0.13272,2.57947,7.42213,2
536.7,0.13272,2.57947,7.42213,2
536.8,0.13272,2.57948,7.42213,2
536.9,0.13273,2.57948,7.42213,2
537,0.13273,2.57948,7.42213,2
537.1,0.13273,2.57949,7.42213,2
537.2,0.13273,2.57949,7.42213,2
537.3,0.13273,2.57949,7.42213,2
537.4,0.13273,2.5795,7.42213,2
537.5,0.13274,2.5795,7.42213,2
537.6,0.13274,2.5795,7.42213,2
537.7,0.13274,2.5795,7.42213,2
537.8,0.13274,2.57951,7.42213,2
537.9,0.13274,2.57951,7.42213,2
538,0.13275,2.57951,7.42213,2
538.1,0.13275,2.57951,7.42213,2
538.2,0.13275,2.57952,7.42213,2
538.3,0.13275,2.57952,7.42213,2
538.4,0.13275,2.57952,7.42213,2
538.5,0.13275,2.57952,7.42213,2
538.6,0.13276,2.57953,7.42213,2
538.7,0.13276,2.57953,7.42213,2
538.8,0.13276,2.57953,7.42213,2
538.9,0.13276,2.57953,7.42213,2
539,0.13276,2.57954,7.42213,2
539.1,0.13276,2.57954,7.42213,2
539.2,0.13277,2.57954,7.42213,2
539.3,0.13277,2.57954,7.42213,2
539.4,0.13277,2.57955,7.42213,2
539.5,0.13277,2.57955,7.42213,2
539.6,0.13277,2.57955,7.42213,2
539.7,0.13277,2.57955,7.42213,2
539.8,0.13278,2.57956,7.42213,2
539.9,0.13278,2.57956,7.42213,2
540,0.13278,2.57956,7.42213,2
540.1,0.13278,2.57956,7.42213,2
540.2,0.13278,2.57956,7.42213,2
540.3,0.13278,2.57957,7.42213,2
540.4,0.13279,2.57957,7.42213,2
540.5,0.13279,2.57957,7.42213,2
540.6,0.13279,2.57957,7.42213,2
540.7,0.13279,2.57957,7.42213,2
540.8,0.13279,2.57956,7.42213,2
540.9,0.13279,2.57956,7.42213,2
541,0.1328,2.57956,7.42213,2
541.1,0.1328,2.57956,7.42213,2
541.2,0.1328,2.57956,7.42213,2
541.3,0.1328,2.57956,7.42213,2
541.4,0.1328,2.57956,7.42213,2
541.5,0.1328,2.57955,7.42213,2
541.6,0.13281,2.57955,7.42213,2
541.7,0.13281,2.57955,7.42213,2
541.8,0.13281,2.57955,7.42213,2
541.9,0.13281,2.57955,7.42213,2
542,0.13281,2.57955,7.42213,2
542.1,0.13282,2.57954,7.42213,2
542.2,0.13282,2.57954,7.42213,2
542.3,0.13282,2.57954,7.42213,2
542.4,0.13282,2.57955,7.42213,2
542.5,0.13282,2.57955,7.42213,2
542.6,0.13282,2.57955,7.42213,2
542.7,0.13283,2.57955,7.42213,2
542.8,0.13283,2.57955,7.42213,2
542.9,0.13283,2.57955,7.42213,2
543,0.13283,2.57955,7.42214,2
543.1,0.13283,2.57956,7.42214,2
543.2,0.13284,2.57956,7.42214,2
543.3,0.13284,2.57956,7.42214,2
543.4,0.13284,2.57956,7.42214,2
543.5,0.13284,2.57956,7.42214,2
543.6,0.13284,2.57956,7.42214,2
543.7,0.13284,2.57957,7.42214,2
543.8,0.13284,2.57957,7.42214,2
543.9,0.13285,2.57957,7.42214,2
544,0.13285,2.57958,7.42214,2
544.1,0.13285,2.57958,7.42214,2
544.2,0.13285,2.57958,7.42214,2
544.3,0.13285,2.57958,7.42214,2
544.4,0.13285,2.57958,7.42214,2
544.5,0.13285,2.57958,7.42214,2
544.6,0.13286,2.57959,7.42214,2
544.7,0.13286,2.57959,7.42214,2
544.8,0.13286,2.57959,7.42214,2
544.9,0.13286,2.57958,7.42214,2
545,0.13286,2.57958,7.42214,2
545.1,0.13286,2.57958,7.42214,2
545.2,0.13286,2.57958,7.42214,2
545.3,0.13286,2.57958,7.42214,2
545.4,0.13287,2.57957,7.42214,2
545.5,0.13287,2.57957,7.42214,2
545.6,0.13287,2.57957,7.42214,2
545.7,0.13287,2.57957,7.42214,2
545.8,0.13287,2.57957,7.42214,2
545.9,0.13287,2.57957,7.42214,2
546,0.13287,2.57957,7.42214,2
546.1,0.13287,2.57957,7.42214,2
546.2,0.13287,2.57956,7.42214,2
546.3,0.13287,2.57956,7.42214,2
546.4,0.13287,2.57956,7.42214,2
546.5,0.13287,2.57956,7.42214,2
546.6,0.13288,2.57956,7.42214,2
546.7,0.13288,2.57956,7.42214,2
546.8,0.13288,2.57955,7.42214,2
546.9,0.13288,2.57955,7.42214,2
547,0.13288,2.57955,7.42214,2
547.1,0.13288,2.57955,7.42214,2
547.2,0.13288,2.57955,7.42214,2
547.3,0.13288,2.57954,7.42214,2
547.4,0.13288,2.57954,7.42214,2
547.5,0.13288,2.57954,7.42214,2
547.6,0.13288,2.57954,7.42214,2
547.7,0.13288,2.57954,7.42214,2
547.8,0.13289,2.57954,7.42214,2
547.9,0.13289,2.57954,7.42214,2
548,0.13289,2.57954,7.42214,2
548.1,0.13289,2.57953,7.42214,2
548.2,0.13289,2.57953,7.42214,2
548.3,0.13289,2.57953,7.42214,2
548.4,0.13289,2.57953,7.42214,2
548.5,0.13289,2.57953,7.42214,2
548.6,0.13289,2.57953,7.42214,2
548.7,0.13289,2.57953,7.42214,2
548.8,0.13289,2.57953,7.42214,2
548.9,0.13289,2.57953,7.42214,2
549,0.13289,2.57953,7.42214,2
549.1,0.13289,2.57953,7.42214,2
549.2,0.13289,2.57953,7.42214,2
549.3,0.13289,2.57953,7.42214,2
549.4,0.13289,2.57953,7.42214,2
549.5,0.13289,2.57953,7.42214,2
549.6,0.13289,2.57953,7.42214,2
549.7,0.13289,2.57953,7.42214,2
549.8,0.13289,2.57953,7.42214,2
549.9,0.13289,2.57953,7.42214,2
550,0.13289,2.57953,7.42214,2
550.1,0.13289,2.57953,7.42214,2
550.2,0.13289,2.57953,7.42214,2
550.3,0.13289,2.57953,7.42214,2
550.4,0.13289,2.57953,7.42214,2
550.5,0.13289,2.57953,7.42214,2
550.6,0.13289,2.57953,7.42214,2
550.7,0.13289,2.57953,7.42214,2
550.8,0.13289,2.57953,7.42214,2
550.9,0.13289,2.57954,7.42214,2
551,0.13289,2.57954,7.42214,2
551.1,0.13289,2.57954,7.42214,2
551.2,0.13289,2.57954,7.42214,2
551.3,0.13289,2.57954,7.42214,2
551.4,0.13289,2.57954,7.42214,2
551.5,0.13289,2.57954,7.42214,2
551.6,0.1329,2.57954,7.42214,2
551.7,0.1329,2.57954,7.42214,2
551.8,0.1329,2.57954,7.42214,2
551.9,0.1329,2.57954,7.42214,2
552,0.1329,2.57954,7.42214,2
552.1,0.1329,2.57954,7.42214,2
552.2,0.1329,2.57954,7.42214,2
552.3,0.1329,2.57954,7.42214,2
552.4,0.1329,2.57954,7.42214,2
552.5,0.1329,2.57955,7.42214,2
552.6,0.1329,2.57955,7.42214,2
552.7,0.1329,2.57955,7.42214,2
552.8,0.13289,2.57955,7.42214,2
552.9,0.13289,2.57955,7.42214,2
553,0.13289,2.57955,7.42214,2
553.1,0.13289,2.57955,7.42214,2
553.2,0.13289,2.57955,7.42214,2
553.3,0.13289,2.57955,7.42214,2
553.4,0.13289,2.57955,7.42214,2
553.5,0.13289,2.57955,7.42214,2
553.6,0.13289,2.57955,7.42214,2
553.7,0.13289,2.57955,7.42214,2
553.8,0.13289,2.57955,7.42214,2
553.9,0.13289,2.57955,7.42214,2
554,0.13289,2.57955,7.42214,2
554.1,0.13289,2.57955,7.42214,2
554.2,0.13289,2.57955,7.42214,2
554.3,0.13289,2.57955,7.42214,2
554.4,0.13289,2.57955,7.42214,2
554.5,0.13289,2.57955,7.42214,2
554.6,0.13289,2.57955,7.42214,2
554.7,0.13289,2.57955,7.42214,2
554.8,0.13289,2.57956,7.42214,2
554.9,0.13289,2.57956,7.42214,2
555,0.13289,2.57956,7.42214,2
555.1,0.13289,2.57956,7.42214,2
555.2,0.13289,2.57956,7.42214,2
555.3,0.13289,2.57955,7.42214,2
555.4,0.13289,2.57955,7.42214,2
555.5,0.13289,2.57955,7.42214,2
555.6,0.13289,2.57955,7.42214,2
555.7,0.13289,2.57955,7.42214,2
555.8,0.13289,2.57955,7.42214,2
555.9,0.13289,2.57955,7.42214,2
556,0.13289,2.57956,7.42214,2
556.1,0.13289,2.57956,7.42214,2
556.2,0.13289,2.57956,7.42214,2
556.3,0.13289,2.57956,7.42214,2
556.4,0.13288,2.57956,7.42214,2
556.5,0.13288,2.57956,7.42214,2
556.6,0.13288,2.57956,7.42214,2
556.7,0.13288,2.57956,7.42214,2
556.8,0.13288,2.57956,7.42214,2
556.9,0.13288,2.57956,7.42214,2
557,0.13288,2.57956,7.42214,2
557.1,0.13288,2.57956,7.42214,2
557.2,0.13288,2.57956,7.42214,2
557.3,0.13288,2.57956,7.42214,2
557.4,0.13288,2.57957,7.42214,2
557.5,0.13288,2.57957,7.42214,2
557.6,0.13288,2.57957,7.42214,2
557.7,0.13288,2.57957,7.42214,2
557.8,0.13287,2.57957,7.42214,2
557.9,0.13287,2.57957,7.42214,2
558,0.13287,2.57956,7.42214,2
558.1,0.13287,2.57956,7.42214,2
558.2,0.13287,2.57956,7.42214,2
558.3,0.13287,2.57956,7.42214,2
558.4,0.13287,2.57956,7.42214,2
558.5,0.13287,2.57956,7.42214,2
558.6,0.13287,2.57956,7.42214,2
558.7,0.13287,2.57956,7.42214,2
558.8,0.13286,2.57956,7.42214,2
558.9,0.13286,2.57956,7.42214,2
559,0.13286,2.57956,7.42214,2
559.1,0.13286,2.57956,7.42214,2
559.2,0.13286,2.57955,7.42214,2
559.3,0.13286,2.57955,7.42214,2
559.4,0.13286,2.57955,7.42214,2
559.5,0.13286,2.57955,7.42214,2
559.6,0.13285,2.57954,7.42214,2
559.7,0.13285,2.57954,7.42214,2
559.8,0.13285,2.57954,7.42214,2
559.9,0.13285,2.57953,7.42214,2
560,0.13285,2.57953,7.42214,2
560.1,0.13285,2.57953,7.42214,2
560.2,0.13285,2.57952,7.42214,2
560.3,0.13284,2.57952,7.42214,2
560.4,0.13284,2.57952,7.42214,2
560.5,0.13284,2.57951,7.42214,2
560.6,0.13284,2.5795,7.42214,2
560.7,0.13284,2.5795,7.42214,2
560.8,0.13284,2.57949,7.42214,2
560.9,0.13284,2.57949,7.42214,2
561,0.13283,2.57948,7.42214,2
561.1,0.13283,2.57948,7.42214,2
561.2,0.13283,2.57947,7.42214,2
561.3,0.13283,2.57947,7.42214,2
561.4,0.13283,2.57946,7.42214,2
561.5,0.13283,2.57946,7.42214,2
561.6,0.13283,2.57945,7.42214,2
561.7,0.13282,2.57945,7.42214,2
561.8,0.13282,2.57944,7.42214,2
561.9,0.13282,2.57944,7.42214,2
562,0.13282,2.57944,7.42214,2
562.1,0.13282,2.57943,7.42214,2
562.2,0.13282,2.57943,7.42214,2
562.3,0.13282,2.57942,7.42214,2
562.4,0.13282,2.57942,7.42214,2
562.5,0.13282,2.57941,7.42214,2
562.6,0.13282,2.57941,7.42214,2
562.7,0.13282,2.5794,7.42214,2
562.8,0.13282,2.5794,7.42214,2
562.9,0.13282,2.57939,7.42214,2
563,0.13281,2.57938,7.42214,2
563.1,0.13281,2.57938,7.42214,2
563.2,0.13281,2.57937,7.42214,2
563.3,0.13281,2.57936,7.42214,2
563.4,0.13281,2.57936,7.42214,2
563.5,0.13281,2.57935,7.42214,2
563.6,0.13281,2.57934,7.42214,2
563.7,0.13281,2.57934,7.42214,2
563.8,0.13281,2.57933,7.42214,2
563.9,0.13281,2.57933,7.42214,2
564,0.13281,2.57932,7.42214,2
564.1,0.13281,2.57931,7.42214,2
564.2,0.1328,2.57931,7.42214,2
564.3,0.1328,2.5793,7.42214,2
564.4,0.1328,2.57929,7.42214,2
564.5,0.1328,2.57929,7.42214,2
564.6,0.1328,2.57928,7.42214,2
564.7,0.1328,2.57927,7.42214,2
564.8,0.1328,2.57927,7.42214,2
564.9,0.1328,2.57926,7.42214,2
565,0.1328,2.57926,7.42214,2
565.1,0.13279,2.57925,7.42214,2
565.2,0.13279,2.57925,7.42214,2
565.3,0.13279,2.57924,7.42214,2
565.4,0.13279,2.57923,7.42214,2
565.5,0.13279,2.57923,7.42214,2
565.6,0.13279,2.57922,7.42214,2
565.7,0.13279,2.57922,7.42214,2
565.8,0.13278,2.57921,7.42214,2
565.9,0.13278,2.57921,7.42214,2
566,0.13278,2.5792,7.42214,2
566.1,0.13278,2.5792,7.42214,2
566.2,0.13278,2.57919,7.42214,2
566.3,0.13278,2.57919,7.42214,2
566.4,0.13278,2.57918,7.42214,2
566.5,0.13278,2.57917,7.42214,2
566.6,0.13277,2.57917,7.42214,2
566.7,0.13277,2.57916,7.42214,2
566.8,0.13277,2.57916,7.42214,2
566.9,0.13277,2.57915,7.42214,2
567,0.13277,2.57914,7.42214,2
567.1,0.13277,2.57914,7.42214,2
567.2,0.13277,2.57913,7.42214,2
567.3,0.13277,2.57912,7.42214,2
567.4,0.13276,2.57911,7.42214,2
567.5,0.13276,2.57911,7.42214,2
567.6,0.13276,2.5791,7.42214,2
567.7,0.13276,2.57909,7.42214,2
567.8,0.13276,2.57909,7.42213,2
567.9,0.13276,2.57908,7.42213,2
568,0.13276,2.57907,7.42213,2
568.1,0.13276,2.57906,7.42213,2
568.2,0.13276,2.57906,7.42213,2
568.3,0.13275,2.57905,7.42213,2
568.4,0.13275,2.57905,7.42213,2
568.5,0.13275,2.57904,7.42213,2
568.6,0.13275,2.57903,7.42213,2
568.7,0.13275,2.57902,7.42213,2
568.8,0.13275,2.57902,7.42213,2
568.9,0.13275,2.57901,7.42213,2
569,0.13275,2.579,7.42213,2
569.1,0.13275,2.579,7.42213,2
569.2,0.13275,2.57899,7.42213,2
569.3,0.13274,2.57899,7.42213,2
569.4,0.13274,2.57898,7.42213,2
569.5,0.13274,2.57897,7.42213,2
569.6,0.13274,2.57896,7.42212,2
569.7,0.13274,2.57896,7.42212,2
569.8,0.13274,2.57895,7.42212,2
569.9,0.13274,2.57894,7.42212,2
570,0.13274,2.57893,7.42212,2
570.1,0.13274,2.57893,7.42212,2
570.2,0.13273,2.57892,7.42212,2
570.3,0.13273,2.57892,7.42212,2
570.4,0.13273,2.57891,7.42212,2
570.5,0.13273,2.57891,7.42212,2
570.6,0.13273,2.5789,7.42212,2
570.7,0.13273,2.57889,7.42212,2
570.8,0.13273,2.57889,7.42212,2
570.9,0.13273,2.57888,7.42212,2
571,0.13272,2.57887,7.42212,2
571.1,0.13272,2.57887,7.42212,2
571.2,0.13272,2.57886,7.42211,2
571.3,0.13272,2.57886,7.42211,2
571.4,0.13272,2.57885,7.42211,2
571.5,0.13272,2.57884,7.42211,2
571.6,0.13272,2.57883,7.42211,2
571.7,0.13272,2.57883,7.42211,2
571.8,0.13271,2.57882,7.42211,2
571.9,0.13271,2.57881,7.42211,2
572,0.13271,2.57881,7.42211,2
572.1,0.13271,2.5788,7.42211,2
572.2,0.13271,2.57879,7.42211,2
572.3,0.13271,2.57879,7.42211,2
572.4,0.13271,2.57878,7.42211,2
572.5,0.1327,2.57877,7.42211,2
572.6,0.1327,2.57877,7.42211,2
572.7,0.1327,2.57876,7.42211,2
572.8,0.1327,2.57875,7.42211,2
572.9,0.1327,2.57875,7.4221,2
573,0.1327,2.57874,7.4221,2
573.1,0.13269,2.57874,7.4221,2
573.2,0.13269,2.57873,7.4221,2
573.3,0.13269,2.57872,7.4221,2
573.4,0.13269,2.57872,7.4221,2
573.5,0.13269,2.57871,7.4221,2
573.6,0.13269,2.5787,7.4221,2
573.7,0.13268,2.57869,7.4221,2
573.8,0.13268,2.57868,7.4221,2
573.9,0.13268,2.57868,7.4221,2
574,0.13268,2.57867,7.4221,2
574.1,0.13268,2.57866,7.4221,2
574.2,0.13268,2.57865,7.42209,2
574.3,0.13268,2.57865,7.42209,2
574.4,0.13267,2.57864,7.42209,2
574.5,0.13267,2.57863,7.42209,2
574.6,0.13267,2.57862,7.42209,2
574.7,0.13267,2.57861,7.42209,2
574.8,0.13267,2.5786,7.42209,2
574.9,0.13267,2.5786,7.42209,2
575,0.13267,2.57859,7.42209,2
575.1,0.13266,2.57858,7.42209,2
575.2,0.13266,2.57857,7.42209,2
575.3,0.13266,2.57857,7.42209,2
575.4,0.13266,2.57856,7.42209,2
575.5,0.13266,2.57855,7.42209,2
575.6,0.13266,2.57854,7.42209,2
575.7,0.13265,2.57854,7.42208,2
575.8,0.13265,2.57853,7.42208,2
575.9,0.13265,2.57852,7.42208,2
576,0.13265,2.57851,7.42208,2
576.1,0.13265,2.5785,7.42208,2
576.2,0.13265,2.57849,7.42208,2
576.3,0.13264,2.57848,7.42208,2
576.4,0.13264,2.57847,7.42208,2
576.5,0.13264,2.57846,7.42208,2
576.6,0.13264,2.57846,7.42208,2
576.7,0.13264,2.57845,7.42208,2
576.8,0.13263,2.57844,7.42208,2
576.9,0.13263,2.57843,7.42208,2
577,0.13263,2.57842,7.42208,2
577.1,0.13263,2.57842,7.42208,2
577.2,0.13262,2.57841,7.42208,2
577.3,0.13262,2.5784,7.42208,2
577.4,0.13262,2.5784,7.42208,2
577.5,0.13262,2.57839,7.42208,2
577.6,0.13262,2.57838,7.42208,2
577.7,0.13261,2.57838,7.42208,2
577.8,0.13261,2.57837,7.42207,2
577.9,0.13261,2.57836,7.42207,2
578,0.13261,2.57835,7.42207,2
578.1,0.13261,2.57835,7.42207,2
578.2,0.1326,2.57834,7.42207,2
578.3,0.1326,2.57833,7.42207,2
578.4,0.1326,2.57833,7.42207,2
578.5,0.1326,2.57832,7.42207,2
578.6,0.13259,2.57831,7.42207,2
578.7,0.13259,2.57831,7.42207,2
578.8,0.13259,2.5783,7.42207,2
578.9,0.13258,2.5783,7.42207,2
579,0.13258,2.57829,7.42207,2
579.1,0.13258,2.57828,7.42207,2
579.2,0.13258,2.57827,7.42207,2
579.3,0.13257,2.57826,7.42207,2
579.4,0.13257,2.57825,7.42207,2
579.5,0.13257,2.57824,7.42207,2
579.6,0.13257,2.57823,7.42207,2
579.7,0.13256,2.57822,7.42207,2
579.8,0.13256,2.57822,7.42206,2
579.9,0.13256,2.57821,7.42206,2
580,0.13255,2.5782,7.42206,2
580.1,0.13255,2.57819,7.42206,2
580.2,0.13255,2.57819,7.42206,2
580.3,0.13254,2.57818,7.42206,2
580.4,0.13254,2.57817,7.42206,2
580.5,0.13254,2.57817,7.42206,2
580.6,0.13253,2.57816,7.42206,2
580.7,0.13253,2.57815,7.42206,2
580.8,0.13253,2.57815,7.42206,2
580.9,0.13252,2.57814,7.42206,2
581,0.13252,2.57813,7.42206,2
581.1,0.13252,2.57813,7.42206,2
581.2,0.13251,2.57812,7.42206,2
581.3,0.13251,2.57811,7.42206,2
581.4,0.1325,2.57811,7.42206,2
581.5,0.1325,2.5781,7.42205,2
581.6,0.1325,2.57809,7.42205,2
581.7,0.13249,2.57809,7.42205,2
581.8,0.13249,2.57808,7.42205,2
581.9,0.13249,2.57807,7.42205,2
582,0.13248,2.57806,7.42205,2
582.1,0.13248,2.57806,7.42205,2
582.2,0.13248,2.57805,7.42205,2
582.3,0.13247,2.57804,7.42205,2
582.4,0.13247,2.57803,7.42205,2
582.5,0.13247,2.57802,7.42205,2
582.6,0.13246,2.57802,7.42205,2
582.7,0.13246,2.57801,7.42205,2
582.8,0.13246,2.578,7.42205,2
582.9,0.13245,2.57799,7.42205,2
583,0.13245,2.57798,7.42205,2
583.1,0.13245,2.57798,7.42204,2
583.2,0.13244,2.57797,7.42204,2
583.3,0.13244,2.57796,7.42204,2
583.4,0.13243,2.57795,7.42204,2
583.5,0.13243,2.57794,7.42204,2
583.6,0.13243,2.57794,7.42204,2
583.7,0.13242,2.57793,7.42204,2
583.8,0.13242,2.57792,7.42204,2
583.9,0.13242,2.57791,7.42204,2
584,0.13241,2.5779,7.42204,2
584.1,0.13241,2.57789,7.42204,2
584.2,0.1324,2.57788,7.42204,2
584.3,0.1324,2.57787,7.42204,2
584.4,0.1324,2.57786,7.42204,2
584.5,0.13239,2.57785,7.42204,2
584.6,0.13239,2.57784,7.42204,2
584.7,0.13239,2.57783,7.42204,2
584.8,0.13238,2.57782,7.42203,2
584.9,0.13238,2.57781,7.42203,2
585,0.13237,2.5778,7.42203,2
585.1,0.13237,2.57779,7.42203,2
585.2,0.13237,2.57778,7.42203,2
585.3,0.13236,2.57777,7.42203,2
585.4,0.13236,2.57776,7.42203,2
585.5,0.13235,2.57775,7.42203,2
585.6,0.13235,2.57774,7.42203,2
585.7,0.13234,2.57773,7.42203,2
585.8,0.13234,2.57772,7.42203,2
585.9,0.13234,2.57771,7.42203,2
586,0.13233,2.5777,7.42203,2
586.1,0.13233,2.57769,7.42203,2
586.2,0.13232,2.57768,7.42202,2
586.3,0.13232,2.57767,7.42202,2
586.4,0.13231,2.57766,7.42202,2
586.5,0.13231,2.57765,7.42202,2
586.6,0.1323,2.57764,7.42202,2
586.7,0.1323,2.57763,7.42202,2
586.8,0.1323,2.57762,7.42202,2
586.9,0.13229,2.57762,7.42202,2
587,0.13229,2.57761,7.42202,2
587.1,0.13228,2.5776,7.42202,2
587.2,0.13228,2.57759,7.42202,2
587.3,0.13227,2.57758,7.42202,2
587.4,0.13227,2.57757,7.42202,2
587.5,0.13227,2.57756,7.42202,2
587.6,0.13226,2.57755,7.42202,2
587.7,0.13226,2.57754,7.42201,2
587.8,0.13225,2.57754,7.42201,2
587.9,0.13225,2.57753,7.42201,2
588,0.13224,2.57752,7.42201,2
588.1,0.13224,2.57751,7.42201,2
588.2,0.13223,2.5775,7.42201,2
588.3,0.13223,2.5775,7.42201,2
588.4,0.13223,2.57749,7.42201,2
588.5,0.13222,2.57748,7.42201,2
588.6,0.13222,2.57747,7.42201,2
588.7,0.13221,2.57746,7.42201,2
588.8,0.13221,2.57746,7.42201,2
588.9,0.1322,2.57745,7.42201,2
589,0.1322,2.57744,7.42201,2
589.1,0.13219,2.57743,7.42201,2
589.2,0.13219,2.57742,7.422,2
589.3,0.13218,2.57741,7.422,2
589.4,0.13218,2.57741,7.422,2
589.5,0.13217,2.5774,7.422,2
589.6,0.13217,2.57739,7.422,2
589.7,0.13216,2.57738,7.422,2
589.8,0.13216,2.57737,7.422,2
589.9,0.13215,2.57736,7.422,2
590,0.13215,2.57735,7.422,2
590.1,0.13214,2.57734,7.422,2
590.2,0.13214,2.57733,7.422,2
590.3,0.13213,2.57732,7.422,2
590.4,0.13213,2.57731,7.422,2
590.5,0.13212,2.5773,7.42199,2
590.6,0.13212,2.57729,7.42199,2
590.7,0.13211,2.57728,7.42199,2
590.8,0.13211,2.57727,7.42199,2
590.9,0.1321,2.57726,7.42199,2
591,0.1321,2.57725,7.42199,2
591.1,0.13209,2.57724,7.42199,2
591.2,0.13209,2.57723,7.42199,2
591.3,0.13208,2.57722,7.42199,2
591.4,0.13208,2.57721,7.42199,2
591.5,0.13207,2.57721,7.42199,2
591.6,0.13207,2.5772,7.42199,2
591.7,0.13206,2.57719,7.42198,2
591.8,0.13206,2.57718,7.42198,2
591.9,0.13205,2.57717,7.42198,2
592,0.13205,2.57716,7.42198,2
592.1,0.13204,2.57715,7.42198,2
592.2,0.13203,2.57714,7.42198,2
592.3,0.13203,2.57713,7.42198,2
592.4,0.13202,2.57712,7.42198,2
592.5,0.13202,2.5771,7.42198,2
592.6,0.13201,2.57709,7.42198,2
592.7,0.132,2.57708,7.42198,2
592.8,0.132,2.57707,7.42198,2
592.9,0.13199,2.57705,7.42197,2
593,0.13199,2.57704,7.42197,2
593.1,0.13198,2.57703,7.42197,2
593.2,0.13198,2.57702,7.42197,2
593.3,0.13197,2.57701,7.42197,2
593.4,0.13196,2.577,7.42197,2
593.5,0.13196,2.57699,7.42197,2
593.6,0.13195,2.57698,7.42197,2
593.7,0.13195,2.57697,7.42197,2
593.8,0.13194,2.57696,7.42197,2
593.9,0.13194,2.57696,7.42197,2
594,0.13193,2.57695,7.42197,2
594.1,0.13193,2.57694,7.42197,2
594.2,0.13192,2.57693,7.42196,2
594.3,0.13192,2.57692,7.42196,2
594.4,0.13191,2.57691,7.42196,2
594.5,0.13191,2.5769,7.42196,2
594.6,0.1319,2.5769,7.42196,2
594.7,0.1319,2.57689,7.42196,2
594.8,0.13189,2.57688,7.42196,2
594.9,0.13189,2.57687,7.42196,2
595,0.13188,2.57686,7.42196,2
595.1,0.13187,2.57685,7.42196,2
595.2,0.13187,2.57685,7.42196,2
595.3,0.13186,2.57684,7.42196,2
595.4,0.13186,2.57683,7.42196,2
595.5,0.13185,2.57682,7.42196,2
595.6,0.13184,2.57681,7.42196,2
595.7,0.13184,2.57681,7.42196,2
595.8,0.13183,2.5768,7.42196,2
595.9,0.13183,2.57679,7.42195,2
596,0.13182,2.57678,7.42195,2
596.1,0.13181,2.57678,7.42195,2
596.2,0.13181,2.57677,7.42195,2
596.3,0.1318,2.57676,7.42195,2
596.4,0.1318,2.57675,7.42195,2
596.5,0.13179,2.57674,7.42195,2
596.6,0.13178,2.57673,7.42195,2
596.7,0.13178,2.57672,7.42195,2
596.8,0.13177,2.57671,7.42195,2
596.9,0.13177,2.57671,7.42195,2
597,0.13176,2.5767,7.42195,2
597.1,0.13175,2.57669,7.42195,2
597.2,0.13175,2.57668,7.42195,2
597.3,0.13174,2.57667,7.42195,2
597.4,0.13174,2.57666,7.42195,2
597.5,0.13173,2.57666,7.42195,2
597.6,0.13173,2.57665,7.42195,2
597.7,0.13172,2.57664,7.42194,2
597.8,0.13172,2.57663,7.42194,2
597.9,0.13171,2.57662,7.42194,2
598,0.13171,2.57662,7.42194,2
598.1,0.1317,2.57661,7.42194,2
598.2,0.1317,2.5766,7.42194,2
598.3,0.13169,2.57659,7.42194,2
598.4,0.13168,2.57658,7.42194,2
598.5,0.13168,2.57658,7.42194,2
598.6,0.13167,2.57657,7.42194,2
598.7,0.13167,2.57656,7.42194,2
598.8,0.13166,2.57655,7.42194,2
598.9,0.13165,2.57654,7.42194,2
599,0.13165,2.57653,7.42194,2
599.1,0.13164,2.57652,7.42194,2
599.2,0.13164,2.57651,7.42194,2
599.3,0.13163,2.57651,7.42194,2
599.4,0.13162,2.5765,7.42193,2
599.5,0.13162,2.57649,7.42193,2
599.6,0.13161,2.57648,7.42193,2
599.7,0.1316,2.57647,7.42193,2
599.8,0.1316,2.57646,7.42193,2
599.9,0.13159,2.57645,7.42193,2
600,0.13159,2.57644,7.42193,2
600.1,0.13158,2.57644,7.42193,2
600.2,0.13157,2.57643,7.42193,2
600.3,0.13157,2.57642,7.42193,2
600.4,0.13156,2.57641,7.42193,2
600.5,0.13156,2.5764,7.42193,2
600.6,0.13155,2.57639,7.42193,2
600.7,0.13154,2.57639,7.42193,2
600.8,0.13154,2.57638,7.42193,2
600.9,0.13153,2.57637,7.42193,2
601,0.13153,2.57636,7.42193,2
601.1,0.13152,2.57635,7.42192,2
601.2,0.13152,2.57635,7.42192,2
601.3,0.13151,2.57634,7.42192,2
601.4,0.13151,2.57633,7.42192,2
601.5,0.1315,2.57632,7.42192,2
601.6,0.13149,2.57631,7.42192,2
601.7,0.13149,2.5763,7.42192,2
601.8,0.13148,2.57629,7.42192,2
601.9,0.13148,2.57628,7.42192,2
602,0.13147,2.57627,7.42192,2
602.1,0.13147,2.57626,7.42192,2
602.2,0.13146,2.57625,7.42192,2
602.3,0.13146,2.57624,7.42192,2
602.4,0.13145,2.57623,7.42192,2
602.5,0.13144,2.57622,7.42192,2
602.6,0.13144,2.57621,7.42192,2
602.7,0.13143,2.5762,7.42192,2
602.8,0.13143,2.57619,7.42192,2
602.9,0.13142,2.57618,7.42192,2
603,0.13142,2.57617,7.42191,2
603.1,0.13141,2.57616,7.42191,2
603.2,0.13141,2.57615,7.42191,2
603.3,0.1314,2.57614,7.42191,2
603.4,0.1314,2.57613,7.42191,2
603.5,0.13139,2.57611,7.42191,2
603.6,0.13138,2.5761,7.42191,2
603.7,0.13138,2.57609,7.42191,2
603.8,0.13137,2.57608,7.42191,2
603.9,0.13137,2.57607,7.42191,2
604,0.13136,2.57606,7.42191,2
604.1,0.13136,2.57605,7.42191,2
604.2,0.13135,2.57604,7.42191,2
604.3,0.13134,2.57603,7.42191,2
604.4,0.13134,2.57602,7.42191,2
604.5,0.13133,2.57601,7.42191,2
604.6,0.13133,2.576,7.42191,2
604.7,0.13132,2.57599,7.4219,2
604.8,0.13132,2.57598,7.4219,2
604.9,0.13131,2.57597,7.4219,2
605,0.13131,2.57596,7.4219,2
605.1,0.1313,2.57594,7.4219,2
605.2,0.13129,2.57593,7.4219,2
605.3,0.13129,2.57592,7.4219,2
605.4,0.13128,2.57591,7.4219,2
605.5,0.13128,2.5759,7.4219,2
605.6,0.13127,2.57589,7.4219,2
605.7,0.13127,2.57588,7.4219,2
605.8,0.13126,2.57587,7.4219,2
605.9,0.13126,2.57587,7.4219,2
606,0.13125,2.57586,7.4219,2
606.1,0.13125,2.57585,7.4219,2
606.2,0.13124,2.57584,7.4219,2
606.3,0.13123,2.57583,7.4219,2
606.4,0.13123,2.57582,7.42189,2
606.5,0.13122,2.57581,7.42189,2
606.6,0.13122,2.5758,7.42189,2
606.7,0.13121,2.57579,7.42189,2
606.8,0.13121,2.57579,7.42189,2
606.9,0.1312,2.57578,7.42189,2
607,0.13119,2.57577,7.42189,2
607.1,0.13119,2.57576,7.42189,2
607.2,0.13118,2.57575,7.42189,2
607.3,0.13118,2.57575,7.42189,2
607.4,0.13117,2.57574,7.42189,2
607.5,0.13117,2.57573,7.42189,2
607.6,0.13116,2.57572,7.42189,2
607.7,0.13116,2.57571,7.42189,2
607.8,0.13115,2.57571,7.42189,2
607.9,0.13114,2.5757,7.42188,2
608,0.13114,2.57569,7.42188,2
608.1,0.13113,2.57568,7.42188,2
608.2,0.13113,2.57567,7.42188,2
608.3,0.13112,2.57567,7.42188,2
608.4,0.13112,2.57566,7.42188,2
608.5,0.13111,2.57565,7.42188,2
608.6,0.13111,2.57564,7.42188,2
608.7,0.1311,2.57563,7.42188,2
608.8,0.1311,2.57563,7.42188,2
608.9,0.13109,2.57562,7.42188,2
609,0.13108,2.57561,7.42188,2
609.1,0.13108,2.5756,7.42188,2
609.2,0.13107,2.57559,7.42187,2
609.3,0.13107,2.57559,7.42187,2
609.4,0.13106,2.57558,7.42187,2
609.5,0.13106,2.57557,7.42187,2
609.6,0.13105,2.57556,7.42187,2
609.7,0.13105,2.57555,7.42187,2
609.8,0.13104,2.57555,7.42187,2
609.9,0.13104,2.57554,7.42187,2
610,0.13103,2.57553,7.42187,2
610.1,0.13103,2.57553,7.42187,2
610.2,0.13102,2.57552,7.42186,2
610.3,0.13102,2.57552,7.42186,2
610.4,0.13101,2.57551,7.42186,2
610.5,0.13101,2.5755,7.42186,2
610.6,0.131,2.5755,7.42186,2
610.7,0.131,2.57549,7.42186,2
610.8,0.13099,2.57548,7.42186,2
610.9,0.13098,2.57548,7.42186,2
611,0.13098,2.57547,7.42186,2
611.1,0.13097,2.57547,7.42186,2
611.2,0.13097,2.57546,7.42186,2
611.3,0.13096,2.57545,7.42185,2
611.4,0.13096,2.57545,7.42185,2
611.5,0.13095,2.57544,7.42185,2
611.6,0.13095,2.57543,7.42185,2
611.7,0.13094,2.57543,7.42185,2
611.8,0.13094,2.57542,7.42185,2
611.9,0.13093,2.57542,7.42185,2
612,0.13093,2.57541,7.42185,2
612.1,0.13092,2.5754,7.42185,2
612.2,0.13092,2.5754,7.42185,2
612.3,0.13091,2.57539,7.42185,2
612.4,0.13091,2.57539,7.42184,2
612.5,0.1309,2.57538,7.42184,2
612.6,0.1309,2.57538,7.42184,2
612.7,0.13089,2.57538,7.42184,2
612.8,0.13089,2.57537,7.42184,2
612.9,0.13088,2.57537,7.42184,2
613,0.13088,2.57536,7.42184,2
613.1,0.13087,2.57536,7.42184,2
613.2,0.13087,2.57536,7.42184,2
613.3,0.13086,2.57535,7.42184,2
613.4,0.13086,2.57535,7.42184,2
613.5,0.13085,2.57535,7.42183,2
613.6,0.13085,2.57534,7.42183,2
613.7,0.13084,2.57534,7.42183,2
613.8,0.13084,2.57534,7.42183,2
613.9,0.13083,2.57534,7.42183,2
614,0.13083,2.57533,7.42183,2
614.1,0.13082,2.57533,7.42183,2
614.2,0.13082,2.57533,7.42183,2
614.3,0.13081,2.57532,7.42183,2
614.4,0.13081,2.57532,7.42183,2
614.5,0.1308,2.57532,7.42183,2
614.6,0.1308,2.57532,7.42183,2
614.7,0.13079,2.57531,7.42182,2
614.8,0.13079,2.57531,7.42182,2
614.9,0.13078,2.57531,7.42182,2
615,0.13078,2.57531,7.42182,2
615.1,0.13077,2.5753,7.42182,2
615.2,0.13077,2.5753,7.42182,2
615.3,0.13076,2.5753,7.42182,2
615.4,0.13076,2.5753,7.42182,2
615.5,0.13075,2.57529,7.42182,2
615.6,0.13075,2.57529,7.42182,2
615.7,0.13074,2.57529,7.42182,2
615.8,0.13074,2.57528,7.42182,2
615.9,0.13074,2.57528,7.42181,2
616,0.13073,2.57528,7.42181,2
616.1,0.13073,2.57528,7.42181,2
616.2,0.13072,2.57527,7.42181,2
616.3,0.13072,2.57527,7.42181,2
616.4,0.13071,2.57527,7.42181,2
616.5,0.13071,2.57526,7.42181,2
616.6,0.13071,2.57526,7.42181,2
616.7,0.1307,2.57526,7.42181,2
616.8,0.1307,2.57526,7.42181,2
616.9,0.1307,2.57525,7.42181,2
617,0.13069,2.57525,7.42181,2
617.1,0.13069,2.57525,7.4218,2
617.2,0.13068,2.57525,7.4218,2
617.3,0.13068,2.57525,7.4218,2
617.4,0.13068,2.57524,7.4218,2
617.5,0.13067,2.57524,7.4218,2
617.6,0.13067,2.57524,7.4218,2
617.7,0.13067,2.57524,7.4218,2
617.8,0.13066,2.57523,7.4218,2
617.9,0.13066,2.57523,7.4218,2
618,0.13065,2.57523,7.4218,2
618.1,0.13065,2.57523,7.4218,2
618.2,0.13065,2.57522,7.42179,2
618.3,0.13064,2.57522,7.42179,2
618.4,0.13064,2.57522,7.42179,2
618.5,0.13064,2.57522,7.42179,2
618.6,0.13063,2.57522,7.42179,2
618.7,0.13063,2.57521,7.42179,2
618.8,0.13062,2.57521,7.42179,2
618.9,0.13062,2.57521,7.42179,2
619,0.13062,2.57521,7.42179,2
619.1,0.13061,2.5752,7.42179,2
619.2,0.13061,2.5752,7.42179,2
619.3,0.1306,2.5752,7.42179,2
619.4,0.1306,2.5752,7.42179,2
619.5,0.1306,2.5752,7.42178,2
619.6,0.13059,2.57519,7.42178,2
619.7,0.13059,2.57519,7.42178,2
619.8,0.13058,2.57519,7.42178,2
619.9,0.13058,2.57519,7.42178,2
620,0.13058,2.57519,7.42178,2
620.1,0.13057,2.57519,7.42178,2
620.2,0.13057,2.57519,7.42178,2
620.3,0.13057,2.57519,7.42178,2
620.4,0.13056,2.57519,7.42178,2
620.5,0.13056,2.57519,7.42178,2
620.6,0.13056,2.57519,7.42178,2
620.7,0.13055,2.57519,7.42178,2
620.8,0.13055,2.57519,7.42178,2
620.9,0.13054,2.57519,7.42177,2
621,0.13054,2.57519,7.42177,2
621.1,0.13054,2.57519,7.42177,2
621.2,0.13053,2.57519,7.42177,2
621.3,0.13053,2.5752,7.42177,2
621.4,0.13053,2.5752,7.42177,2
621.5,0.13052,2.5752,7.42177,2
621.6,0.13052,2.5752,7.42177,2
621.7,0.13052,2.5752,7.42177,2
621.8,0.13051,2.57521,7.42177,2
621.9,0.13051,2.57521,7.42177,2
622,0.1305,2.57521,7.42177,2
622.1,0.1305,2.57521,7.42177,2
622.2,0.1305,2.57522,7.42177,2
622.3,0.13049,2.57522,7.42177,2
622.4,0.13049,2.57522,7.42176,2
622.5,0.13049,2.57522,7.42176,2
622.6,0.13048,2.57522,7.42176,2
622.7,0.13048,2.57522,7.42176,2
622.8,0.13048,2.57523,7.42176,2
622.9,0.13047,2.57523,7.42176,2
623,0.13047,2.57523,7.42176,2
623.1,0.13047,2.57523,7.42176,2
623.2,0.13046,2.57523,7.42176,2
623.3,0.13046,2.57523,7.42176,2
623.4,0.13046,2.57523,7.42176,2
623.5,0.13045,2.57523,7.42176,2
623.6,0.13045,2.57523,7.42176,2
623.7,0.13045,2.57523,7.42175,2
623.8,0.13045,2.57523,7.42175,2
623.9,0.13044,2.57523,7.42175,2
624,0.13044,2.57523,7.42175,2
624.1,0.13044,2.57524,7.42175,2
624.2,0.13044,2.57524,7.42175,2
624.3,0.13043,2.57524,7.42175,2
624.4,0.13043,2.57524,7.42175,2
624.5,0.13043,2.57524,7.42175,2
624.6,0.13042,2.57524,7.42175,2
624.7,0.13042,2.57524,7.42175,2
624.8,0.13042,2.57524,7.42175,2
624.9,0.13042,2.57524,7.42174,2
625,0.13041,2.57524,7.42174,2
625.1,0.13041,2.57525,7.42174,2
625.2,0.13041,2.57525,7.42174,2
625.3,0.13041,2.57525,7.42174,2
625.4,0.1304,2.57525,7.42174,2
625.5,0.1304,2.57525,7.42174,2
625.6,0.1304,2.57525,7.42174,2
625.7,0.1304,2.57525,7.42174,2
625.8,0.1304,2.57526,7.42174,2
625.9,0.13039,2.57526,7.42174,2
626,0.13039,2.57526,7.42174,2
626.1,0.13039,2.57526,7.42173,2
626.2,0.13039,2.57526,7.42173,2
626.3,0.13039,2.57526,7.42173,2
626.4,0.13039,2.57526,7.42173,2
626.5,0.13039,2.57527,7.42173,2
626.6,0.13038,2.57527,7.42173,2
626.7,0.13038,2.57527,7.42173,2
626.8,0.13038,2.57527,7.42173,2
626.9,0.13038,2.57527,7.42173,2
627,0.13038,2.57528,7.42173,2
627.1,0.13038,2.57528,7.42173,2
627.2,0.13038,2.57528,7.42172,2
627.3,0.13037,2.57528,7.42172,2
627.4,0.13037,2.57528,7.42172,2
627.5,0.13037,2.57528,7.42172,2
627.6,0.13037,2.57528,7.42172,2
627.7,0.13037,2.57528,7.42172,2
627.8,0.13037,2.57528,7.42172,2
627.9,0.13037,2.57529,7.42172,2
628,0.13037,2.57529,7.42172,2
628.1,0.13037,2.57529,7.42172,2
628.2,0.13037,2.57529,7.42172,2
628.3,0.13037,2.5753,7.42171,2
628.4,0.13037,2.5753,7.42171,2
628.5,0.13037,2.5753,7.42171,2
628.6,0.13037,2.5753,7.42171,2
628.7,0.13037,2.57531,7.42171,2
628.8,0.13036,2.57531,7.42171,2
628.9,0.13036,2.57531,7.42171,2
629,0.13036,2.57532,7.42171,2
629.1,0.13036,2.57532,7.42171,2
629.2,0.13036,2.57532,7.42171,2
629.3,0.13036,2.57533,7.42171,2
629.4,0.13036,2.57533,7.42171,2
629.5,0.13036,2.57533,7.42171,2
629.6,0.13036,2.57534,7.4217,2
629.7,0.13036,2.57534,7.4217,2
629.8,0.13036,2.57534,7.4217,2
629.9,0.13036,2.57534,7.4217,2
630,0.13036,2.57535,7.4217,2
630.1,0.13036,2.57535,7.4217,2
630.2,0.13036,2.57536,7.4217,2
630.3,0.13036,2.57536,7.4217,2
630.4,0.13036,2.57537,7.4217,2
630.5,0.13036,2.57537,7.4217,2
630.6,0.13036,2.57537,7.4217,2
630.7,0.13036,2.57538,7.4217,2
630.8,0.13036,2.57538,7.4217,2
630.9,0.13036,2.57539,7.4217,2
631,0.13036,2.57539,7.4217,2
631.1,0.13036,2.5754,7.4217,2
631.2,0.13036,2.5754,7.42169,2
631.3,0.13036,2.57541,7.42169,2
631.4,0.13036,2.57541,7.42169,2
631.5,0.13036,2.57542,7.42169,2
631.6,0.13036,2.57543,7.42169,2
631.7,0.13036,2.57543,7.42169,2
631.8,0.13036,2.57544,7.42169,2
631.9,0.13036,2.57544,7.42169,2
632,0.13036,2.57545,7.42169,2
632.1,0.13036,2.57546,7.42169,2
632.2,0.13036,2.57546,7.42169,2
632.3,0.13036,2.57547,7.42169,2
632.4,0.13036,2.57547,7.42169,2
632.5,0.13036,2.57548,7.42169,2
632.6,0.13036,2.57548,7.42169,2
632.7,0.13037,2.57549,7.42169,2
632.8,0.13037,2.57549,7.42169,2
632.9,0.13037,2.5755,7.42169,2
633,0.13037,2.57551,7.42169,2
633.1,0.13037,2.57551,7.42168,2
633.2,0.13037,2.57552,7.42168,2
633.3,0.13037,2.57552,7.42168,2
633.4,0.13037,2.57553,7.42168,2
633.5,0.13037,2.57553,7.42168,2
633.6,0.13037,2.57554,7.42168,2
633.7,0.13037,2.57555,7.42168,2
633.8,0.13037,2.57555,7.42168,2
633.9,0.13037,2.57556,7.42168,2
634,0.13038,2.57557,7.42168,2
634.1,0.13038,2.57557,7.42168,2
634.2,0.13038,2.57558,7.42168,2
634.3,0.13038,2.57559,7.42168,2
634.4,0.13038,2.5756,7.42168,2
634.5,0.13038,2.57561,7.42168,2
634.6,0.13038,2.57561,7.42168,2
634.7,0.13038,2.57562,7.42168,2
634.8,0.13038,2.57563,7.42168,2
634.9,0.13038,2.57564,7.42167,2
635,0.13039,2.57565,7.42167,2
635.1,0.13039,2.57565,7.42167,2
635.2,0.13039,2.57566,7.42167,2
635.3,0.13039,2.57567,7.42167,2
635.4,0.13039,2.57568,7.42167,2
635.5,0.13039,2.57569,7.42167,2
635.6,0.13039,2.57569,7.42167,2
635.7,0.1304,2.5757,7.42167,2
635.8,0.1304,2.57571,7.42167,2
635.9,0.1304,2.57572,7.42167,2
636,0.1304,2.57573,7.42167,2
636.1,0.1304,2.57574,7.42167,2
636.2,0.1304,2.57575,7.42167,2
636.3,0.13041,2.57575,7.42167,2
636.4,0.13041,2.57576,7.42167,2
636.5,0.13041,2.57577,7.42167,2
636.6,0.13041,2.57578,7.42167,2
636.7,0.13041,2.57579,7.42167,2
636.8,0.13041,2.5758,7.42167,2
636.9,0.13042,2.57581,7.42167,2
637,0.13042,2.57582,7.42167,2
637.1,0.13042,2.57583,7.42166,2
637.2,0.13042,2.57584,7.42166,2
637.3,0.13042,2.57585,7.42166,2
637.4,0.13043,2.57586,7.42166,2
637.5,0.13043,2.57587,7.42166,2
637.6,0.13043,2.57588,7.42166,2
637.7,0.13043,2.57589,7.42166,2
637.8,0.13043,2.5759,7.42166,2
637.9,0.13044,2.57591,7.42166,2
638,0.13044,2.57592,7.42166,2
638.1,0.13044,2.57593,7.42166,2
638.2,0.13044,2.57593,7.42166,2
638.3,0.13045,2.57594,7.42166,2
638.4,0.13045,2.57596,7.42166,2
638.5,0.13045,2.57597,7.42166,2
638.6,0.13045,2.57598,7.42166,2
638.7,0.13046,2.57599,7.42166,2
638.8,0.13046,2.576,7.42166,2
638.9,0.13046,2.57601,7.42166,2
639,0.13046,2.57602,7.42166,2
639.1,0.13047,2.57603,7.42166,2
639.2,0.13047,2.57604,7.42166,2
639.3,0.13047,2.57605,7.42166,2
639.4,0.13047,2.57606,7.42166,2
639.5,0.13048,2.57607,7.42166,2
639.6,0.13048,2.57608,7.42166,2
639.7,0.13048,2.5761,7.42166,2
639.8,0.13049,2.57611,7.42166,2
639.9,0.13049,2.57612,7.42166,2
640,0.13049,2.57613,7.42166,2
640.1,0.1305,2.57614,7.42166,2
640.2,0.1305,2.57615,7.42166,2
640.3,0.1305,2.57617,7.42166,2
640.4,0.1305,2.57618,7.42166,2
640.5,0.13051,2.57619,7.42166,2
640.6,0.13051,2.57621,7.42166,2
640.7,0.13051,2.57622,7.42166,2
640.8,0.13052,2.57623,7.42166,2
640.9,0.13052,2.57624,7.42165,2
641,0.13052,2.57625,7.42165,2
641.1,0.13052,2.57627,7.42165,2
641.2,0.13053,2.57628,7.42165,2
641.3,0.13053,2.57629,7.42165,2
641.4,0.13053,2.5763,7.42165,2
641.5,0.13054,2.57632,7.42165,2
641.6,0.13054,2.57633,7.42165,2
641.7,0.13054,2.57634,7.42165,2
641.8,0.13055,2.57635,7.42165,2
641.9,0.13055,2.57637,7.42165,2
642,0.13055,2.57638,7.42165,2
642.1,0.13056,2.5764,7.42165,2
642.2,0.13056,2.57641,7.42165,2
642.3,0.13057,2.57642,7.42165,2
642.4,0.13057,2.57643,7.42165,2
642.5,0.13057,2.57645,7.42165,2
642.6,0.13058,2.57646,7.42165,2
642.7,0.13058,2.57648,7.42165,2
642.8,0.13059,2.57649,7.42165,2
642.9,0.13059,2.5765,7.42165,2
643,0.13059,2.57652,7.42165,2
643.1,0.1306,2.57653,7.42165,2
643.2,0.1306,2.57655,7.42165,2
643.3,0.13061,2.57656,7.42165,2
643.4,0.13061,2.57658,7.42165,2
643.5,0.13061,2.57659,7.42165,2
643.6,0.13062,2.57661,7.42165,2
643.7,0.13062,2.57662,7.42165,2
643.8,0.13063,2.57664,7.42165,2
643.9,0.13063,2.57666,7.42165,2
644,0.13063,2.57667,7.42165,2
644.1,0.13064,2.57669,7.42165,2
644.2,0.13064,2.57671,7.42165,2
644.3,0.13065,2.57672,7.42165,2
644.4,0.13065,2.57674,7.42165,2
644.5,0.13066,2.57676,7.42165,2
644.6,0.13066,2.57678,7.42165,2
644.7,0.13066,2.57679,7.42165,2
644.8,0.13067,2.57681,7.42165,2
644.9,0.13067,2.57683,7.42165,2
645,0.13068,2.57685,7.42165,2
645.1,0.13068,2.57686,7.42165,2
645.2,0.13069,2.57688,7.42165,2
645.3,0.13069,2.5769,7.42165,2
645.4,0.13069,2.57692,7.42165,2
645.5,0.1307,2.57693,7.42165,2
645.6,0.1307,2.57695,7.42165,2
645.7,0.13071,2.57697,7.42165,2
645.8,0.13071,2.57699,7.42165,2
645.9,0.13072,2.57701,7.42165,2
646,0.13072,2.57703,7.42165,2
646.1,0.13073,2.57705,7.42165,2
646.2,0.13074,2.57706,7.42165,2
646.3,0.13074,2.57708,7.42165,2
646.4,0.13075,2.5771,7.42165,2
646.5,0.13075,2.57712,7.42165,2
646.6,0.13076,2.57714,7.42165,2
646.7,0.13076,2.57716,7.42165,2
646.8,0.13077,2.57718,7.42165,2
646.9,0.13077,2.5772,7.42165,2
647,0.13078,2.57722,7.42165,2
647.1,0.13078,2.57724,7.42165,2
647.2,0.13079,2.57726,7.42165,2
647.3,0.13079,2.57727,7.42165,2
647.4,0.1308,2.57729,7.42165,2
647.5,0.1308,2.57731,7.42165,2
647.6,0.13081,2.57733,7.42165,2
647.7,0.13082,2.57735,7.42165,2
647.8,0.13082,2.57737,7.42165,2
647.9,0.13083,2.57739,7.42165,2
648,0.13083,2.57741,7.42165,2
648.1,0.13084,2.57743,7.42165,2
648.2,0.13084,2.57745,7.42165,2
648.3,0.13085,2.57748,7.42165,2
648.4,0.13085,2.5775,7.42165,2
648.5,0.13086,2.57752,7.42165,2
648.6,0.13086,2.57754,7.42165,2
648.7,0.13087,2.57756,7.42165,2
648.8,0.13087,2.57758,7.42165,2
648.9,0.13088,2.5776,7.42165,2
649,0.13089,2.57762,7.42165,2
649.1,0.13089,2.57764,7.42165,2
649.2,0.1309,2.57766,7.42165,2
649.3,0.1309,2.57767,7.42165,2
649.4,0.13091,2.57769,7.42165,2
649.5,0.13091,2.57771,7.42165,2
649.6,0.13092,2.57773,7.42165,2
649.7,0.13092,2.57775,7.42165,2
649.8,0.13093,2.57777,7.42165,2
649.9,0.13094,2.57778,7.42165,2
650,0.13094,2.5778,7.42165,2
650.1,0.13095,2.57782,7.42165,2
650.2,0.13095,2.57784,7.42165,2
650.3,0.13096,2.57786,7.42165,2
650.4,0.13096,2.57788,7.42165,2
650.5,0.13097,2.5779,7.42166,2
650.6,0.13098,2.57792,7.42166,2
650.7,0.13098,2.57794,7.42166,2
650.8,0.13099,2.57796,7.42166,2
650.9,0.13099,2.57798,7.42166,2
651,0.131,2.578,7.42166,2
651.1,0.131,2.57802,7.42166,2
651.2,0.13101,2.57804,7.42166,2
651.3,0.13102,2.57806,7.42166,2
651.4,0.13102,2.57809,7.42166,2
651.5,0.13103,2.57811,7.42166,2
651.6,0.13103,2.57813,7.42166,2
651.7,0.13104,2.57815,7.42166,2
651.8,0.13105,2.57818,7.42166,2
651.9,0.13105,2.5782,7.42166,2
652,0.13106,2.57822,7.42166,2
652.1,0.13106,2.57825,7.42166,2
652.2,0.13107,2.57827,7.42166,2
652.3,0.13108,2.57829,7.42166,2
652.4,0.13108,2.57832,7.42166,2
652.5,0.13109,2.57834,7.42166,2
652.6,0.13109,2.57836,7.42166,2
652.7,0.1311,2.57839,7.42166,2
652.8,0.13111,2.57841,7.42166,2
652.9,0.13111,2.57844,7.42166,2
653,0.13112,2.57846,7.42166,2
653.1,0.13112,2.57848,7.42166,2
653.2,0.13113,2.57851,7.42166,2
653.3,0.13114,2.57853,7.42166,2
653.4,0.13114,2.57855,7.42166,2
653.5,0.13115,2.57857,7.42166,2
653.6,0.13116,2.5786,7.42166,2
653.7,0.13116,2.57862,7.42166,2
653.8,0.13117,2.57864,7.42166,2
653.9,0.13117,2.57866,7.42166,2
654,0.13118,2.57869,7.42166,2
654.1,0.13119,2.57871,7.42166,2
654.2,0.13119,2.57873,7.42166,2
654.3,0.1312,2.57875,7.42166,2
654.4,0.13121,2.57877,7.42166,2
654.5,0.13121,2.5788,7.42166,2
654.6,0.13122,2.57882,7.42166,2
654.7,0.13123,2.57884,7.42166,2
654.8,0.13123,2.57887,7.42166,2
654.9,0.13124,2.57889,7.42166,2
655,0.13125,2.57891,7.42166,2
655.1,0.13125,2.57893,7.42166,2
655.2,0.13126,2.57895,7.42166,2
655.3,0.13127,2.57898,7.42166,2
655.4,0.13127,2.579,7.42166,2
655.5,0.13128,2.57902,7.42166,2
655.6,0.13129,2.57904,7.42167,2
655.7,0.13129,2.57906,7.42167,2
655.8,0.1313,2.57908,7.42167,2
655.9,0.13131,2.5791,7.42167,2
656,0.13131,2.57912,7.42167,2
656.1,0.13132,2.57914,7.42167,2
656.2,0.13133,2.57916,7.42167,2
656.3,0.13133,2.57918,7.42167,2
656.4,0.13134,2.5792,7.42167,2
656.5,0.13135,2.57922,7.42167,2
656.6,0.13136,2.57924,7.42167,2
656.7,0.13136,2.57926,7.42167,2
656.8,0.13137,2.57928,7.42167,2
656.9,0.13138,2.5793,7.42167,2
657,0.13138,2.57931,7.42167,2
657.1,0.13139,2.57933,7.42167,2
657.2,0.1314,2.57935,7.42167,2
657.3,0.1314,2.57937,7.42167,2
657.4,0.13141,2.57939,7.42167,2
657.5,0.13142,2.5794,7.42167,2
657.6,0.13143,2.57942,7.42167,2
657.7,0.13143,2.57944,7.42167,2
657.8,0.13144,2.57946,7.42167,2
657.9,0.13145,2.57947,7.42167,2
658,0.13146,2.57949,7.42167,2
658.1,0.13146,2.57951,7.42167,2
658.2,0.13147,2.57953,7.42167,2
658.3,0.13148,2.57955,7.42167,2
658.4,0.13149,2.57956,7.42167,2
658.5,0.13149,2.57958,7.42167,2
658.6,0.1315,2.5796,7.42167,2
658.7,0.13151,2.57961,7.42168,2
658.8,0.13152,2.57963,7.42168,2
658.9,0.13152,2.57965,7.42168,2
659,0.13153,2.57966,7.42168,2
659.1,0.13154,2.57968,7.42168,2
659.2,0.13154,2.57969,7.42168,2
659.3,0.13155,2.57971,7.42168,2
659.4,0.13156,2.57972,7.42168,2
659.5,0.13157,2.57974,7.42168,2
659.6,0.13157,2.57975,7.42168,2
659.7,0.13158,2.57976,7.42168,2
659.8,0.13159,2.57978,7.42168,2
659.9,0.1316,2.57979,7.42168,2
660,0.13161,2.57981,7.42168,2
660.1,0.13161,2.57982,7.42168,2
660.2,0.13162,2.57984,7.42168,2
660.3,0.13163,2.57985,7.42169,2
660.4,0.13164,2.57987,7.42169,2
660.5,0.13164,2.57989,7.42169,2
660.6,0.13165,2.5799,7.42169,2
660.7,0.13166,2.57992,7.42169,2
660.8,0.13167,2.57993,7.42169,2
660.9,0.13167,2.57995,7.42169,2
661,0.13168,2.57996,7.42169,2
661.1,0.13169,2.57998,7.42169,2
661.2,0.1317,2.57999,7.42169,2
661.3,0.1317,2.58,7.42169,2
661.4,0.13171,2.58002,7.42169,2
661.5,0.13172,2.58003,7.42169,2
661.6,0.13173,2.58005,7.4217,2
661.7,0.13174,2.58006,7.4217,2
661.8,0.13174,2.58008,7.4217,2
661.9,0.13175,2.58009,7.4217,2
662,0.13176,2.58011,7.4217,2
662.1,0.13177,2.58012,7.4217,2
662.2,0.13177,2.58014,7.4217,2
662.3,0.13178,2.58015,7.4217,2
662.4,0.13179,2.58017,7.4217,2
662.5,0.1318,2.58018,7.4217,2
662.6,0.13181,2.5802,7.4217,2
662.7,0.13181,2.58021,7.4217,2
662.8,0.13182,2.58023,7.4217,2
662.9,0.13183,2.58024,7.4217,2
663,0.13183,2.58026,7.42171,2
663.1,0.13184,2.58027,7.42171,2
663.2,0.13185,2.58029,7.42171,2
663.3,0.13186,2.58031,7.42171,2
663.4,0.13186,2.58032,7.42171,2
663.5,0.13187,2.58034,7.42171,2
663.6,0.13188,2.58035,7.42171,2
663.7,0.13189,2.58037,7.42171,2
663.8,0.13189,2.58038,7.42171,2
663.9,0.1319,2.5804,7.42171,2
664,0.13191,2.58042,7.42171,2
664.1,0.13192,2.58043,7.42171,2
664.2,0.13192,2.58045,7.42171,2
664.3,0.13193,2.58046,7.42171,2
664.4,0.13194,2.58048,7.42171,2
664.5,0.13195,2.58049,7.42171,2
664.6,0.13196,2.5805,7.42171,2
664.7,0.13196,2.58052,7.42172,2
664.8,0.13197,2.58053,7.42172,2
664.9,0.13198,2.58055,7.42172,2
665,0.13199,2.58056,7.42172,2
665.1,0.132,2.58057,7.42172,2
665.2,0.132,2.58059,7.42172,2
665.3,0.13201,2.5806,7.42172,2
665.4,0.13202,2.58062,7.42172,2
665.5,0.13203,2.58063,7.42172,2
665.6,0.13203,2.58065,7.42172,2
665.7,0.13204,2.58066,7.42172,2
665.8,0.13205,2.58068,7.42172,2
665.9,0.13206,2.58069,7.42172,2
666,0.13207,2.5807,7.42172,2
666.1,0.13207,2.58072,7.42172,2
666.2,0.13208,2.58073,7.42172,2
666.3,0.13209,2.58074,7.42172,2
666.4,0.1321,2.58076,7.42172,2
666.5,0.1321,2.58077,7.42172,2
666.6,0.13211,2.58078,7.42172,2
666.7,0.13212,2.58079,7.42172,2
666.8,0.13213,2.58081,7.42172,2
666.9,0.13213,2.58082,7.42172,2
667,0.13214,2.58083,7.42172,2
667.1,0.13215,2.58084,7.42172,2
667.2,0.13216,2.58085,7.42172,2
667.3,0.13216,2.58087,7.42173,2
667.4,0.13217,2.58088,7.42173,2
667.5,0.13218,2.58089,7.42173,2
667.6,0.13219,2.5809,7.42173,2
667.7,0.13219,2.58091,7.42173,2
667.8,0.1322,2.58093,7.42173,2
667.9,0.13221,2.58094,7.42173,2
668,0.13222,2.58095,7.42173,2
668.1,0.13223,2.58097,7.42173,2
668.2,0.13224,2.58098,7.42173,2
668.3,0.13224,2.581,7.42173,2
668.4,0.13225,2.58101,7.42173,2
668.5,0.13226,2.58103,7.42173,2
668.6,0.13227,2.58104,7.42173,2
668.7,0.13228,2.58106,7.42173,2
668.8,0.13229,2.58107,7.42173,2
668.9,0.1323,2.58109,7.42173,2
669,0.1323,2.5811,7.42173,2
669.1,0.13231,2.58111,7.42173,2
669.2,0.13232,2.58113,7.42173,2
669.3,0.13233,2.58114,7.42173,2
669.4,0.13234,2.58116,7.42172,2
669.5,0.13235,2.58117,7.42172,2
669.6,0.13235,2.58119,7.42172,2
669.7,0.13236,2.5812,7.42172,2
669.8,0.13237,2.58122,7.42172,2
669.9,0.13238,2.58123,7.42172,2
670,0.13239,2.58125,7.42172,2
670.1,0.1324,2.58126,7.42172,2
670.2,0.13241,2.58128,7.42172,2
670.3,0.13242,2.5813,7.42172,2
670.4,0.13242,2.58131,7.42172,2
670.5,0.13243,2.58133,7.42172,2
670.6,0.13244,2.58134,7.42172,2
670.7,0.13245,2.58136,7.42172,2
670.8,0.13246,2.58138,7.42172,2
670.9,0.13247,2.58139,7.42172,2
671,0.13248,2.58141,7.42172,2
671.1,0.13249,2.58142,7.42172,2
671.2,0.1325,2.58144,7.42172,2
671.3,0.1325,2.58145,7.42172,2
671.4,0.13251,2.58147,7.42172,2
671.5,0.13252,2.58149,7.42172,2
671.6,0.13253,2.5815,7.42172,2
671.7,0.13254,2.58152,7.42172,2
671.8,0.13255,2.58154,7.42172,2
671.9,0.13256,2.58155,7.42172,2
672,0.13257,2.58157,7.42172,2
672.1,0.13258,2.58158,7.42172,2
672.2,0.13258,2.5816,7.42172,2
672.3,0.13259,2.58162,7.42172,2
672.4,0.1326,2.58163,7.42172,2
672.5,0.13261,2.58165,7.42172,2
672.6,0.13262,2.58167,7.42172,2
672.7,0.13263,2.58168,7.42172,2
672.8,0.13264,2.5817,7.42172,2
672.9,0.13265,2.58171,7.42172,2
673,0.13266,2.58173,7.42172,2
673.1,0.13267,2.58174,7.42172,2
673.2,0.13268,2.58176,7.42172,2
673.3,0.13269,2.58178,7.42172,2
673.4,0.1327,2.58179,7.42172,2
673.5,0.1327,2.58181,7.42172,2
673.6,0.13271,2.58182,7.42172,2
673.7,0.13272,2.58184,7.42172,2
673.8,0.13273,2.58186,7.42172,2
673.9,0.13274,2.58187,7.42172,2
674,0.13275,2.58189,7.42172,2
674.1,0.13276,2.58191,7.42172,2
674.2,0.13277,2.58193,7.42172,2
674.3,0.13278,2.58194,7.42172,2
674.4,0.13279,2.58196,7.42172,2
674.5,0.1328,2.58198,7.42172,2
674.6,0.13281,2.582,7.42172,2
674.7,0.13282,2.58201,7.42172,2
674.8,0.13282,2.58203,7.42172,2
674.9,0.13283,2.58205,7.42172,2
675,0.13284,2.58206,7.42172,2
675.1,0.13285,2.58208,7.42172,2
675.2,0.13286,2.5821,7.42172,2
675.3,0.13287,2.58211,7.42172,2
675.4,0.13288,2.58213,7.42172,2
675.5,0.13289,2.58214,7.42172,2
675.6,0.1329,2.58216,7.42172,2
675.7,0.13291,2.58218,7.42172,2
675.8,0.13292,2.58219,7.42172,2
675.9,0.13293,2.5822,7.42172,2
676,0.13294,2.58222,7.42172,2
676.1,0.13295,2.58223,7.42172,2
676.2,0.13296,2.58225,7.42172,2
676.3,0.13297,2.58226,7.42172,2
676.4,0.13298,2.58227,7.42172,2
676.5,0.13299,2.58229,7.42172,2
676.6,0.133,2.5823,7.42172,2
676.7,0.13301,2.58231,7.42172,2
676.8,0.13302,2.58233,7.42172,2
676.9,0.13303,2.58234,7.42172,2
677,0.13304,2.58235,7.42172,2
677.1,0.13305,2.58237,7.42172,2
677.2,0.13306,2.58238,7.42172,2
677.3,0.13306,2.5824,7.42172,2
677.4,0.13307,2.58241,7.42172,2
677.5,0.13308,2.58242,7.42172,2
677.6,0.13309,2.58244,7.42172,2
677.7,0.1331,2.58245,7.42172,2
677.8,0.13311,2.58246,7.42172,2
677.9,0.13312,2.58248,7.42172,2
678,0.13313,2.58249,7.42172,2
678.1,0.13314,2.5825,7.42172,2
678.2,0.13315,2.58252,7.42172,2
678.3,0.13316,2.58253,7.42172,2
678.4,0.13317,2.58254,7.42172,2
678.5,0.13318,2.58256,7.42172,2
678.6,0.13319,2.58257,7.42172,2
678.7,0.1332,2.58259,7.42172,2
678.8,0.13321,2.5826,7.42172,2
678.9,0.13322,2.58261,7.42172,2
679,0.13323,2.58263,7.42172,2
679.1,0.13324,2.58264,7.42172,2
679.2,0.13325,2.58265,7.42172,2
679.3,0.13326,2.58267,7.42172,2
679.4,0.13327,2.58268,7.42171,2
679.5,0.13328,2.58269,7.42171,2
679.6,0.13329,2.58271,7.42171,2
679.7,0.1333,2.58272,7.42171,2
679.8,0.13331,2.58273,7.42171,2
679.9,0.13332,2.58275,7.42171,2
680,0.13333,2.58276,7.42171,2
680.1,0.13334,2.58277,7.42171,2
680.2,0.13335,2.58279,7.42171,2
680.3,0.13336,2.5828,7.42171,2
680.4,0.13337,2.58282,7.42171,2
680.5,0.13338,2.58283,7.42171,2
680.6,0.13339,2.58284,7.42171,2
680.7,0.1334,2.58286,7.42171,2
680.8,0.13341,2.58287,7.42171,2
680.9,0.13342,2.58289,7.42171,2
681,0.13343,2.5829,7.42171,2
681.1,0.13344,2.58292,7.42171,2
681.2,0.13345,2.58293,7.42171,2
681.3,0.13346,2.58295,7.42171,2
681.4,0.13347,2.58296,7.42171,2
681.5,0.13348,2.58298,7.42171,2
681.6,0.13349,2.58299,7.42171,2
681.7,0.1335,2.58301,7.42171,2
681.8,0.13351,2.58302,7.42171,2
681.9,0.13352,2.58304,7.42171,2
682,0.13353,2.58305,7.42171,2
682.1,0.13354,2.58307,7.42171,2
682.2,0.13355,2.58309,7.42171,2
682.3,0.13356,2.5831,7.42171,2
682.4,0.13357,2.58312,7.42171,2
682.5,0.13358,2.58313,7.42171,2
682.6,0.13359,2.58315,7.42171,2
682.7,0.1336,2.58316,7.42171,2
682.8,0.13361,2.58318,7.42171,2
682.9,0.13362,2.58319,7.42171,2
683,0.13363,2.58321,7.42171,2
683.1,0.13364,2.58322,7.42171,2
683.2,0.13365,2.58324,7.42171,2
683.3,0.13366,2.58325,7.42171,2
683.4,0.13366,2.58327,7.42171,2
683.5,0.13367,2.58328,7.42171,2
683.6,0.13368,2.5833,7.42171,2
683.7,0.13369,2.58331,7.42171,2
683.8,0.1337,2.58332,7.42171,2
683.9,0.13371,2.58334,7.42171,2
684,0.13372,2.58335,7.42171,2
684.1,0.13373,2.58336,7.42171,2
684.2,0.13374,2.58338,7.42171,2
684.3,0.13375,2.58339,7.42171,2
684.4,0.13376,2.5834,7.4217,2
684.5,0.13377,2.58341,7.4217,2
684.6,0.13378,2.58343,7.4217,2
684.7,0.13379,2.58344,7.4217,2
684.8,0.1338,2.58345,7.4217,2
684.9,0.13381,2.58346,7.4217,2
685,0.13382,2.58348,7.4217,2
685.1,0.13383,2.58349,7.4217,2
685.2,0.13384,2.5835,7.4217,2
685.3,0.13385,2.58351,7.4217,2
685.4,0.13386,2.58353,7.4217,2
685.5,0.13387,2.58354,7.4217,2
685.6,0.13387,2.58355,7.4217,2
685.7,0.13388,2.58356,7.4217,2
685.8,0.13389,2.58357,7.4217,2
685.9,0.1339,2.58358,7.4217,2
686,0.13391,2.5836,7.4217,2
686.1,0.13392,2.58361,7.4217,2
686.2,0.13393,2.58362,7.4217,2
686.3,0.13394,2.58363,7.4217,2
686.4,0.13395,2.58364,7.4217,2
686.5,0.13396,2.58366,7.4217,2
686.6,0.13397,2.58367,7.4217,2
686.7,0.13398,2.58368,7.4217,2
686.8,0.13399,2.58369,7.42169,2
686.9,0.134,2.5837,7.42169,2
687,0.13401,2.58371,7.42169,2
687.1,0.13402,2.58372,7.42169,2
687.2,0.13403,2.58373,7.42169,2
687.3,0.13404,2.58374,7.42169,2
687.4,0.13405,2.58375,7.42169,2
687.5,0.13406,2.58376,7.42169,2
687.6,0.13407,2.58377,7.42169,2
687.7,0.13408,2.58378,7.42169,2
687.8,0.13409,2.58379,7.42169,2
687.9,0.1341,2.5838,7.42169,2
688,0.1341,2.58381,7.42169,2
688.1,0.13411,2.58381,7.42169,2
688.2,0.13412,2.58382,7.42169,2
688.3,0.13413,2.58383,7.42169,2
688.4,0.13414,2.58384,7.42169,2
688.5,0.13415,2.58385,7.42169,2
688.6,0.13416,2.58386,7.42169,2
688.7,0.13417,2.58387,7.42169,2
688.8,0.13418,2.58388,7.42168,2
688.9,0.13419,2.58389,7.42168,2
689,0.1342,2.5839,7.42168,2
689.1,0.13421,2.58391,7.42168,2
689.2,0.13422,2.58392,7.42168,2
689.3,0.13423,2.58394,7.42168,2
689.4,0.13423,2.58395,7.42168,2
689.5,0.13424,2.58396,7.42168,2
689.6,0.13425,2.58397,7.42168,2
689.7,0.13426,2.58398,7.42168,2
689.8,0.13427,2.584,7.42168,2
689.9,0.13428,2.58401,7.42168,2
690,0.13429,2.58402,7.42168,2
690.1,0.1343,2.58403,7.42168,2
690.2,0.13431,2.58404,7.42168,2
690.3,0.13432,2.58406,7.42168,2
690.4,0.13432,2.58407,7.42168,2
690.5,0.13433,2.58408,7.42168,2
690.6,0.13434,2.5841,7.42168,2
690.7,0.13435,2.58411,7.42167,2
690.8,0.13436,2.58412,7.42167,2
690.9,0.13437,2.58414,7.42167,2
691,0.13438,2.58415,7.42167,2
691.1,0.13439,2.58416,7.42167,2
691.2,0.13439,2.58418,7.42167,2
691.3,0.1344,2.58419,7.42167,2
691.4,0.13441,2.5842,7.42167,2
691.5,0.13442,2.58421,7.42167,2
691.6,0.13443,2.58423,7.42167,2
691.7,0.13444,2.58424,7.42167,2
691.8,0.13445,2.58426,7.42167,2
691.9,0.13445,2.58427,7.42167,2
692,0.13446,2.58428,7.42167,2
692.1,0.13447,2.5843,7.42167,2
692.2,0.13448,2.58431,7.42167,2
692.3,0.13449,2.58433,7.42166,2
692.4,0.1345,2.58434,7.42166,2
692.5,0.13451,2.58435,7.42166,2
692.6,0.13451,2.58437,7.42166,2
692.7,0.13452,2.58438,7.42166,2
692.8,0.13453,2.58439,7.42166,2
692.9,0.13454,2.58441,7.42166,2
693,0.13455,2.58442,7.42166,2
693.1,0.13456,2.58443,7.42166,2
693.2,0.13456,2.58445,7.42166,2
693.3,0.13457,2.58446,7.42166,2
693.4,0.13458,2.58447,7.42166,2
693.5,0.13459,2.58449,7.42166,2
693.6,0.1346,2.5845,7.42166,2
693.7,0.13461,2.58451,7.42165,2
693.8,0.13462,2.58453,7.42165,2
693.9,0.13462,2.58454,7.42165,2
694,0.13463,2.58456,7.42165,2
694.1,0.13464,2.58457,7.42165,2
694.2,0.13465,2.58459,7.42165,2
694.3,0.13466,2.5846,7.42165,2
694.4,0.13466,2.58461,7.42165,2
694.5,0.13467,2.58463,7.42165,2
694.6,0.13468,2.58464,7.42165,2
694.7,0.13469,2.58465,7.42165,2
694.8,0.13469,2.58467,7.42165,2
694.9,0.1347,2.58468,7.42165,2
695,0.13471,2.58469,7.42165,2
695.1,0.13472,2.58471,7.42164,2
695.2,0.13473,2.58472,7.42164,2
695.3,0.13473,2.58473,7.42164,2
695.4,0.13474,2.58474,7.42164,2
695.5,0.13475,2.58476,7.42164,2
695.6,0.13476,2.58477,7.42164,2
695.7,0.13476,2.58478,7.42164,2
695.8,0.13477,2.58479,7.42164,2
695.9,0.13478,2.58481,7.42164,2
696,0.13479,2.58482,7.42164,2
696.1,0.13479,2.58483,7.42164,2
696.2,0.1348,2.58484,7.42164,2
696.3,0.13481,2.58486,7.42164,2
696.4,0.13482,2.58487,7.42164,2
696.5,0.13482,2.58488,7.42164,2
696.6,0.13483,2.58489,7.42163,2
696.7,0.13484,2.58491,7.42163,2
696.8,0.13485,2.58492,7.42163,2
696.9,0.13485,2.58493,7.42163,2
697,0.13486,2.58495,7.42163,2
697.1,0.13487,2.58496,7.42163,2
697.2,0.13487,2.58497,7.42163,2
697.3,0.13488,2.58499,7.42163,2
697.4,0.13489,2.585,7.42163,2
697.5,0.1349,2.58502,7.42163,2
697.6,0.1349,2.58503,7.42163,2
697.7,0.13491,2.58504,7.42163,2
697.8,0.13492,2.58506,7.42163,2
697.9,0.13493,2.58507,7.42163,2
698,0.13493,2.58509,7.42163,2
698.1,0.13494,2.5851,7.42162,2
698.2,0.13495,2.58511,7.42162,2
698.3,0.13496,2.58513,7.42162,2
698.4,0.13496,2.58514,7.42162,2
698.5,0.13497,2.58516,7.42162,2
698.6,0.13498,2.58517,7.42162,2
698.7,0.13498,2.58518,7.42162,2
698.8,0.13499,2.5852,7.42162,2
698.9,0.135,2.58521,7.42162,2
699,0.13501,2.58523,7.42162,2
699.1,0.13501,2.58524,7.42162,2
699.2,0.13502,2.58526,7.42162,2
699.3,0.13503,2.58527,7.42162,2
699.4,0.13503,2.58529,7.42161,2
699.5,0.13504,2.5853,7.42161,2
699.6,0.13505,2.58532,7.42161,2
699.7,0.13506,2.58533,7.42161,2
699.8,0.13506,2.58535,7.42161,2
699.9,0.13507,2.58536,7.42161,2
700,0.13508,2.58538,7.42161,2
700.1,0.13508,2.58539,7.42161,2
700.2,0.13509,2.58541,7.42161,2
700.3,0.1351,2.58542,7.42161,2
700.4,0.1351,2.58544,7.42161,2
700.5,0.13511,2.58545,7.42161,2
700.6,0.13512,2.58547,7.4216,2
700.7,0.13512,2.58548,7.4216,2
700.8,0.13513,2.58549,7.4216,2
700.9,0.13514,2.58551,7.4216,2
701,0.13514,2.58553,7.4216,2
701.1,0.13515,2.58554,7.4216,2
701.2,0.13516,2.58555,7.4216,2
701.3,0.13516,2.58557,7.4216,2
701.4,0.13517,2.58558,7.4216,2
701.5,0.13518,2.5856,7.4216,2
701.6,0.13518,2.58561,7.4216,2
701.7,0.13519,2.58562,7.42159,2
701.8,0.13519,2.58564,7.42159,2
701.9,0.1352,2.58565,7.42159,2
702,0.13521,2.58567,7.42159,2
702.1,0.13521,2.58568,7.42159,2
702.2,0.13522,2.58569,7.42159,2
702.3,0.13523,2.58571,7.42159,2
702.4,0.13523,2.58572,7.42159,2
702.5,0.13524,2.58574,7.42159,2
702.6,0.13525,2.58575,7.42158,2
702.7,0.13525,2.58577,7.42158,2
702.8,0.13526,2.58578,7.42158,2
702.9,0.13526,2.5858,7.42158,2
703,0.13527,2.58581,7.42158,2
703.1,0.13528,2.58583,7.42158,2
703.2,0.13528,2.58584,7.42158,2
703.3,0.13529,2.58586,7.42158,2
703.4,0.1353,2.58587,7.42158,2
703.5,0.1353,2.58588,7.42158,2
703.6,0.13531,2.5859,7.42157,2
703.7,0.13532,2.58591,7.42157,2
703.8,0.13532,2.58592,7.42157,2
703.9,0.13533,2.58594,7.42157,2
704,0.13533,2.58595,7.42157,2
704.1,0.13534,2.58596,7.42157,2
704.2,0.13535,2.58598,7.42157,2
704.3,0.13535,2.58599,7.42157,2
704.4,0.13536,2.586,7.42157,2
704.5,0.13536,2.58601,7.42157,2
704.6,0.13537,2.58603,7.42156,2
704.7,0.13538,2.58604,7.42156,2
704.8,0.13538,2.58605,7.42156,2
704.9,0.13539,2.58606,7.42156,2
705,0.13539,2.58608,7.42156,2
705.1,0.1354,2.58609,7.42156,2
705.2,0.1354,2.5861,7.42156,2
705.3,0.13541,2.58612,7.42156,2
705.4,0.13541,2.58613,7.42156,2
705.5,0.13542,2.58614,7.42155,2
705.6,0.13543,2.58616,7.42155,2
705.7,0.13543,2.58617,7.42155,2
705.8,0.13544,2.58618,7.42155,2
705.9,0.13544,2.5862,7.42155,2
706,0.13545,2.58621,7.42155,2
706.1,0.13545,2.58623,7.42155,2
706.2,0.13546,2.58624,7.42155,2
706.3,0.13546,2.58625,7.42155,2
706.4,0.13547,2.58627,7.42154,2
706.5,0.13548,2.58628,7.42154,2
706.6,0.13548,2.5863,7.42154,2
706.7,0.13549,2.58631,7.42154,2
706.8,0.13549,2.58633,7.42154,2
706.9,0.1355,2.58634,7.42154,2
707,0.1355,2.58635,7.42154,2
707.1,0.13551,2.58637,7.42154,2
707.2,0.13551,2.58638,7.42153,2
707.3,0.13552,2.5864,7.42153,2
707.4,0.13552,2.58641,7.42153,2
707.5,0.13553,2.58642,7.42153,2
707.6,0.13553,2.58644,7.42153,2
707.7,0.13554,2.58646,7.42153,2
707.8,0.13555,2.58647,7.42153,2
707.9,0.13555,2.58648,7.42153,2
708,0.13556,2.5865,7.42152,2
708.1,0.13556,2.58651,7.42152,2
708.2,0.13557,2.58653,7.42152,2
708.3,0.13557,2.58655,7.42152,2
708.4,0.13558,2.58656,7.42152,2
708.5,0.13558,2.58657,7.42152,2
708.6,0.13559,2.58659,7.42152,2
708.7,0.13559,2.5866,7.42152,2
708.8,0.1356,2.58661,7.42151,2
708.9,0.1356,2.58663,7.42151,2
709,0.1356,2.58664,7.42151,2
709.1,0.13561,2.58665,7.42151,2
709.2,0.13561,2.58667,7.42151,2
709.3,0.13562,2.58668,7.42151,2
709.4,0.13563,2.5867,7.42151,2
709.5,0.13563,2.58671,7.4215,2
709.6,0.13564,2.58672,7.4215,2
709.7,0.13564,2.58674,7.4215,2
709.8,0.13564,2.58675,7.4215,2
709.9,0.13565,2.58677,7.4215,2
710,0.13565,2.58678,7.4215,2
710.1,0.13566,2.58679,7.4215,2
710.2,0.13566,2.58681,7.42149,2
710.3,0.13567,2.58682,7.42149,2
710.4,0.13567,2.58683,7.42149,2
710.5,0.13568,2.58685,7.42149,2
710.6,0.13568,2.58686,7.42149,2
710.7,0.13569,2.58687,7.42149,2
710.8,0.13569,2.58689,7.42149,2
710.9,0.1357,2.5869,7.42149,2
711,0.1357,2.58691,7.42148,2
711.1,0.13571,2.58692,7.42148,2
711.2,0.13571,2.58693,7.42148,2
711.3,0.13571,2.58694,7.42148,2
711.4,0.13572,2.58695,7.42148,2
711.5,0.13572,2.58697,7.42148,2
711.6,0.13573,2.58698,7.42147,2
711.7,0.13573,2.58699,7.42147,2
711.8,0.13574,2.58701,7.42147,2
711.9,0.13574,2.58702,7.42147,2
712,0.13575,2.58703,7.42147,2
712.1,0.13575,2.58704,7.42147,2
712.2,0.13576,2.58705,7.42147,2
712.3,0.13576,2.58706,7.42146,2
712.4,0.13576,2.58708,7.42146,2
712.5,0.13577,2.58709,7.42146,2
712.6,0.13577,2.5871,7.42146,2
712.7,0.13578,2.58711,7.42146,2
712.8,0.13578,2.58712,7.42146,2
712.9,0.13579,2.58713,7.42146,2
713,0.13579,2.58714,7.42145,2
713.1,0.1358,2.58715,7.42145,2
713.2,0.1358,2.58717,7.42145,2
713.3,0.1358,2.58718,7.42145,2
713.4,0.13581,2.58719,7.42145,2
713.5,0.13581,2.5872,7.42145,2
713.6,0.13582,2.58721,7.42144,2
713.7,0.13582,2.58722,7.42144,2
713.8,0.13582,2.58723,7.42144,2
713.9,0.13583,2.58724,7.42144,2
714,0.13583,2.58725,7.42144,2
714.1,0.13583,2.58726,7.42144,2
714.2,0.13584,2.58727,7.42144,2
714.3,0.13584,2.58728,7.42143,2
714.4,0.13585,2.58729,7.42143,2
714.5,0.13585,2.5873,7.42143,2
714.6,0.13585,2.58731,7.42143,2
714.7,0.13586,2.58732,7.42143,2
714.8,0.13586,2.58733,7.42143,2
714.9,0.13586,2.58734,7.42143,2
715,0.13587,2.58735,7.42142,2
715.1,0.13587,2.58736,7.42142,2
715.2,0.13588,2.58737,7.42142,2
715.3,0.13588,2.58738,7.42142,2
715.4,0.13588,2.58739,7.42142,2
715.5,0.13589,2.5874,7.42142,2
715.6,0.13589,2.58741,7.42142,2
715.7,0.1359,2.58742,7.42141,2
715.8,0.1359,2.58743,7.42141,2
715.9,0.1359,2.58744,7.42141,2
716,0.13591,2.58745,7.42141,2
716.1,0.13591,2.58746,7.42141,2
716.2,0.13591,2.58747,7.42141,2
716.3,0.13592,2.58748,7.42141,2
716.4,0.13592,2.58749,7.4214,2
716.5,0.13593,2.5875,7.4214,2
716.6,0.13593,2.58751,7.4214,2
716.7,0.13593,2.58752,7.4214,2
716.8,0.13594,2.58753,7.4214,2
716.9,0.13594,2.58754,7.4214,2
717,0.13595,2.58755,7.42139,2
717.1,0.13595,2.58756,7.42139,2
717.2,0.13595,2.58757,7.42139,2
717.3,0.13596,2.58758,7.42139,2
717.4,0.13596,2.58759,7.42139,2
717.5,0.13596,2.5876,7.42139,2
717.6,0.13597,2.58761,7.42139,2
717.7,0.13597,2.58762,7.42138,2
717.8,0.13597,2.58762,7.42138,2
717.9,0.13598,2.58763,7.42138,2
718,0.13598,2.58764,7.42138,2
718.1,0.13598,2.58765,7.42138,2
718.2,0.13599,2.58766,7.42138,2
718.3,0.13599,2.58767,7.42137,2
718.4,0.136,2.58768,7.42137,2
718.5,0.136,2.58768,7.42137,2
718.6,0.136,2.58769,7.42137,2
718.7,0.13601,2.5877,7.42137,2
718.8,0.13601,2.58771,7.42137,2
718.9,0.13601,2.58772,7.42137,2
719,0.13602,2.58773,7.42136,2
719.1,0.13602,2.58774,7.42136,2
719.2,0.13602,2.58774,7.42136,2
719.3,0.13603,2.58775,7.42136,2
719.4,0.13603,2.58776,7.42136,2
719.5,0.13603,2.58777,7.42136,2
719.6,0.13603,2.58778,7.42135,2
719.7,0.13604,2.58779,7.42135,2
719.8,0.13604,2.58779,7.42135,2
719.9,0.13604,2.5878,7.42135,2
720,0.13605,2.58781,7.42135,2
720.1,0.13605,2.58782,7.42135,2
720.2,0.13605,2.58782,7.42134,2
720.3,0.13606,2.58783,7.42134,2
720.4,0.13606,2.58784,7.42134,2
720.5,0.13606,2.58784,7.42134,2
720.6,0.13606,2.58785,7.42134,2
720.7,0.13607,2.58786,7.42134,2
720.8,0.13607,2.58787,7.42133,2
720.9,0.13607,2.58787,7.42133,2
721,0.13607,2.58788,7.42133,2
721.1,0.13607,2.58788,7.42133,2
721.2,0.13608,2.58789,7.42133,2
721.3,0.13608,2.5879,7.42133,2
721.4,0.13608,2.5879,7.42133,2
721.5,0.13608,2.58791,7.42133,2
721.6,0.13609,2.58791,7.42133,2
721.7,0.13609,2.58792,7.42133,2
721.8,0.13609,2.58792,7.42133,2
721.9,0.13609,2.58793,7.42133,2
722,0.13609,2.58794,7.42133,2
722.1,0.1361,2.58794,7.42133,2
722.2,0.1361,2.58795,7.42132,2
722.3,0.1361,2.58795,7.42132,2
722.4,0.1361,2.58796,7.42132,2
722.5,0.13611,2.58797,7.42132,2
722.6,0.13611,2.58797,7.42132,2
722.7,0.13611,2.58798,7.42132,2
722.8,0.13611,2.58798,7.42132,2
722.9,0.13612,2.58799,7.42132,2
723,0.13612,2.588,7.42132,2
723.1,0.13612,2.588,7.42132,2
723.2,0.13612,2.58801,7.42132,2
723.3,0.13612,2.58801,7.42132,2
723.4,0.13613,2.58802,7.42132,2
723.5,0.13613,2.58802,7.42132,2
723.6,0.13613,2.58803,7.42132,2
723.7,0.13613,2.58804,7.42131,2
723.8,0.13614,2.58804,7.42131,2
723.9,0.13614,2.58805,7.42131,2
724,0.13614,2.58806,7.42131,2
724.1,0.13614,2.58807,7.42131,2
724.2,0.13614,2.58807,7.42131,2
724.3,0.13615,2.58808,7.42131,2
724.4,0.13615,2.58809,7.42131,2
724.5,0.13615,2.5881,7.42131,2
724.6,0.13615,2.58811,7.42131,2
724.7,0.13616,2.58811,7.42131,2
724.8,0.13616,2.58812,7.42131,2
724.9,0.13616,2.58813,7.42131,2
725,0.13616,2.58814,7.4213,2
725.1,0.13616,2.58814,7.4213,2
725.2,0.13617,2.58815,7.4213,2
725.3,0.13617,2.58816,7.4213,2
725.4,0.13617,2.58817,7.4213,2
725.5,0.13617,2.58817,7.4213,2
725.6,0.13617,2.58818,7.4213,2
725.7,0.13618,2.58819,7.4213,2
725.8,0.13618,2.5882,7.4213,2
725.9,0.13618,2.5882,7.4213,2
726,0.13618,2.58821,7.4213,2
726.1,0.13618,2.58822,7.4213,2
726.2,0.13619,2.58822,7.42129,2
726.3,0.13619,2.58823,7.42129,2
726.4,0.13619,2.58823,7.42129,2
726.5,0.13619,2.58824,7.42129,2
726.6,0.1362,2.58825,7.42129,2
726.7,0.1362,2.58825,7.42129,2
726.8,0.1362,2.58826,7.42129,2
726.9,0.1362,2.58826,7.42129,2
727,0.13621,2.58827,7.42129,2
727.1,0.13621,2.58828,7.42129,2
727.2,0.13621,2.58828,7.42129,2
727.3,0.13621,2.58829,7.42128,2
727.4,0.13621,2.58829,7.42128,2
727.5,0.13622,2.5883,7.42128,2
727.6,0.13622,2.58831,7.42128,2
727.7,0.13622,2.58831,7.42128,2
727.8,0.13622,2.58832,7.42128,2
727.9,0.13622,2.58832,7.42128,2
728,0.13623,2.58833,7.42128,2
728.1,0.13623,2.58833,7.42128,2
728.2,0.13623,2.58834,7.42128,2
728.3,0.13623,2.58834,7.42128,2
728.4,0.13623,2.58835,7.42127,2
728.5,0.13623,2.58836,7.42127,2
728.6,0.13623,2.58836,7.42127,2
728.7,0.13624,2.58837,7.42127,2
728.8,0.13624,2.58837,7.42127,2
728.9,0.13624,2.58838,7.42127,2
729,0.13624,2.58838,7.42127,2
729.1,0.13624,2.58839,7.42127,2
729.2,0.13624,2.58839,7.42127,2
729.3,0.13624,2.5884,7.42127,2
729.4,0.13624,2.5884,7.42126,2
729.5,0.13624,2.58841,7.42126,2
729.6,0.13625,2.58841,7.42126,2
729.7,0.13625,2.58842,7.42126,2
729.8,0.13625,2.58842,7.42126,2
729.9,0.13625,2.58843,7.42126,2
730,0.13625,2.58843,7.42126,2
730.1,0.13625,2.58844,7.42126,2
730.2,0.13625,2.58845,7.42126,2
730.3,0.13626,2.58845,7.42126,2
730.4,0.13626,2.58846,7.42125,2
730.5,0.13626,2.58846,7.42125,2
730.6,0.13626,2.58847,7.42125,2
730.7,0.13626,2.58847,7.42125,2
730.8,0.13626,2.58848,7.42125,2
730.9,0.13626,2.58849,7.42125,2
731,0.13626,2.58849,7.42125,2
731.1,0.13627,2.5885,7.42125,2
731.2,0.13627,2.5885,7.42125,2
731.3,0.13627,2.58851,7.42125,2
731.4,0.13627,2.58851,7.42124,2
731.5,0.13627,2.58852,7.42124,2
731.6,0.13627,2.58853,7.42124,2
731.7,0.13628,2.58853,7.42124,2
731.8,0.13628,2.58854,7.42124,2
731.9,0.13628,2.58855,7.42124,2
732,0.13628,2.58855,7.42124,2
732.1,0.13628,2.58856,7.42124,2
732.2,0.13628,2.58857,7.42124,2
732.3,0.13629,2.58858,7.42124,2
732.4,0.13629,2.58858,7.42123,2
732.5,0.13629,2.58859,7.42123,2
732.6,0.13629,2.5886,7.42123,2
732.7,0.13629,2.5886,7.42123,2
732.8,0.13629,2.58861,7.42123,2
732.9,0.1363,2.58861,7.42123,2
733,0.1363,2.58862,7.42123,2
733.1,0.1363,2.58863,7.42123,2
733.2,0.1363,2.58863,7.42123,2
733.3,0.1363,2.58864,7.42123,2
733.4,0.1363,2.58864,7.42122,2
733.5,0.1363,2.58865,7.42122,2
733.6,0.13631,2.58866,7.42122,2
733.7,0.13631,2.58866,7.42122,2
733.8,0.13631,2.58867,7.42122,2
733.9,0.13631,2.58868,7.42122,2
734,0.13631,2.58868,7.42122,2
734.1,0.13631,2.58869,7.42122,2
734.2,0.13632,2.58869,7.42122,2
734.3,0.13632,2.5887,7.42121,2
734.4,0.13632,2.58871,7.42121,2
734.5,0.13632,2.58872,7.42121,2
734.6,0.13632,2.58872,7.42121,2
734.7,0.13632,2.58873,7.42121,2
734.8,0.13633,2.58873,7.42121,2
734.9,0.13633,2.58874,7.42121,2
735,0.13633,2.58875,7.42121,2
735.1,0.13633,2.58875,7.42121,2
735.2,0.13633,2.58876,7.4212,2
735.3,0.13633,2.58877,7.4212,2
735.4,0.13633,2.58877,7.4212,2
735.5,0.13634,2.58878,7.4212,2
735.6,0.13634,2.58878,7.4212,2
735.7,0.13634,2.58879,7.4212,2
735.8,0.13634,2.5888,7.4212,2
735.9,0.13634,2.5888,7.4212,2
736,0.13634,2.58881,7.4212,2
736.1,0.13634,2.58881,7.42119,2
736.2,0.13635,2.58882,7.42119,2
736.3,0.13635,2.58882,7.42119,2
736.4,0.13635,2.58883,7.42119,2
736.5,0.13635,2.58883,7.42119,2
736.6,0.13635,2.58884,7.42119,2
736.7,0.13635,2.58884,7.42119,2
736.8,0.13635,2.58885,7.42119,2
736.9,0.13635,2.58885,7.42119,2
737,0.13635,2.58886,7.42118,2
737.1,0.13635,2.58887,7.42118,2
737.2,0.13636,2.58887,7.42118,2
737.3,0.13636,2.58887,7.42118,2
737.4,0.13636,2.58888,7.42118,2
737.5,0.13636,2.58888,7.42118,2
737.6,0.13636,2.58889,7.42118,2
737.7,0.13636,2.58889,7.42118,2
737.8,0.13636,2.5889,7.42118,2
737.9,0.13636,2.5889,7.42117,2
738,0.13636,2.58891,7.42117,2
738.1,0.13636,2.58892,7.42117,2
738.2,0.13636,2.58892,7.42117,2
738.3,0.13636,2.58893,7.42117,2
738.4,0.13636,2.58893,7.42117,2
738.5,0.13636,2.58894,7.42117,2
738.6,0.13637,2.58895,7.42116,2
738.7,0.13637,2.58895,7.42116,2
738.8,0.13637,2.58896,7.42116,2
738.9,0.13637,2.58896,7.42116,2
739,0.13637,2.58897,7.42116,2
739.1,0.13637,2.58897,7.42116,2
739.2,0.13637,2.58898,7.42116,2
739.3,0.13637,2.58899,7.42116,2
739.4,0.13637,2.58899,7.42115,2
739.5,0.13637,2.58899,7.42115,2
739.6,0.13637,2.589,7.42115,2
739.7,0.13637,2.58901,7.42115,2
739.8,0.13637,2.58901,7.42115,2
739.9,0.13637,2.58902,7.42115,2
740,0.13637,2.58902,7.42115,2
740.1,0.13637,2.58902,7.42115,2
740.2,0.13637,2.58903,7.42114,2
740.3,0.13637,2.58903,7.42114,2
740.4,0.13638,2.58904,7.42114,2
740.5,0.13638,2.58905,7.42114,2
740.6,0.13638,2.58905,7.42114,2
740.7,0.13638,2.58906,7.42114,2
740.8,0.13638,2.58907,7.42114,2
740.9,0.13638,2.58907,7.42113,2
741,0.13638,2.58908,7.42113,2
741.1,0.13638,2.58909,7.42113,2
741.2,0.13638,2.58909,7.42113,2
741.3,0.13638,2.5891,7.42113,2
741.4,0.13638,2.5891,7.42113,2
741.5,0.13638,2.58911,7.42113,2
741.6,0.13638,2.58912,7.42112,2
741.7,0.13638,2.58913,7.42112,2
741.8,0.13638,2.58913,7.42112,2
741.9,0.13638,2.58914,7.42112,2
742,0.13638,2.58915,7.42112,2
742.1,0.13638,2.58916,7.42112,2
742.2,0.13638,2.58917,7.42112,2
742.3,0.13638,2.58917,7.42111,2
742.4,0.13638,2.58918,7.42111,2
742.5,0.13638,2.58918,7.42111,2
742.6,0.13638,2.58919,7.42111,2
742.7,0.13638,2.58919,7.42111,2
742.8,0.13638,2.58919,7.42111,2
742.9,0.13638,2.5892,7.42111,2
743,0.13638,2.5892,7.42111,2
743.1,0.13638,2.58921,7.42111,2
743.2,0.13638,2.58921,7.4211,2
743.3,0.13638,2.58921,7.4211,2
743.4,0.13638,2.58922,7.4211,2
743.5,0.13638,2.58922,7.4211,2
743.6,0.13638,2.58923,7.4211,2
743.7,0.13638,2.58923,7.4211,2
743.8,0.13638,2.58923,7.4211,2
743.9,0.13638,2.58924,7.4211,2
744,0.13638,2.58924,7.42109,2
744.1,0.13638,2.58924,7.42109,2
744.2,0.13638,2.58924,7.42109,2
744.3,0.13638,2.58925,7.42109,2
744.4,0.13638,2.58925,7.42109,2
744.5,0.13639,2.58925,7.42109,2
744.6,0.13639,2.58926,7.42109,2
744.7,0.13639,2.58926,7.42109,2
744.8,0.13639,2.58926,7.42108,2
744.9,0.13639,2.58927,7.42108,2
745,0.13639,2.58927,7.42108,2
745.1,0.13639,2.58928,7.42108,2
745.2,0.13639,2.58928,7.42108,2
745.3,0.13639,2.58928,7.42108,2
745.4,0.13639,2.58929,7.42108,2
745.5,0.13639,2.58929,7.42108,2
745.6,0.13639,2.58929,7.42108,2
745.7,0.13639,2.5893,7.42107,2
745.8,0.13639,2.5893,7.42107,2
745.9,0.13639,2.5893,7.42107,2
746,0.13639,2.58931,7.42107,2
746.1,0.13639,2.58931,7.42107,2
746.2,0.13639,2.58931,7.42107,2
746.3,0.13639,2.58932,7.42107,2
746.4,0.13639,2.58932,7.42107,2
746.5,0.13639,2.58932,7.42107,2
746.6,0.13639,2.58933,7.42107,2
746.7,0.13639,2.58933,7.42106,2
746.8,0.13639,2.58934,7.42106,2
746.9,0.13639,2.58934,7.42106,2
747,0.13639,2.58934,7.42106,2
747.1,0.13639,2.58935,7.42106,2
747.2,0.13639,2.58935,7.42106,2
747.3,0.13639,2.58936,7.42106,2
747.4,0.13639,2.58936,7.42106,2
747.5,0.13639,2.58937,7.42106,2
747.6,0.13639,2.58937,7.42106,2
747.7,0.13639,2.58938,7.42105,2
747.8,0.13639,2.58938,7.42105,2
747.9,0.13639,2.58939,7.42105,2
748,0.13638,2.58939,7.42105,2
748.1,0.13638,2.58939,7.42105,2
748.2,0.13638,2.5894,7.42105,2
748.3,0.13638,2.58941,7.42105,2
748.4,0.13638,2.58941,7.42105,2
748.5,0.13638,2.58942,7.42105,2
748.6,0.13638,2.58942,7.42105,2
748.7,0.13638,2.58942,7.42105,2
748.8,0.13638,2.58943,7.42104,2
748.9,0.13638,2.58944,7.42104,2
749,0.13638,2.58944,7.42104,2
749.1,0.13638,2.58945,7.42104,2
749.2,0.13638,2.58945,7.42104,2
749.3,0.13638,2.58945,7.42104,2
749.4,0.13638,2.58946,7.42104,2
749.5,0.13638,2.58946,7.42104,2
749.6,0.13638,2.58947,7.42104,2
749.7,0.13638,2.58947,7.42104,2
749.8,0.13638,2.58947,7.42104,2
749.9,0.13638,2.58948,7.42104,2
750,0.13638,2.58948,7.42104,2
750.1,0.13638,2.58948,7.42104,2
750.2,0.13638,2.58948,7.42103,2
750.3,0.13638,2.58948,7.42103,2
750.4,0.13638,2.58948,7.42103,2
750.5,0.13638,2.58948,7.42103,2
750.6,0.13638,2.58949,7.42103,2
750.7,0.13638,2.58949,7.42103,2
750.8,0.13638,2.58949,7.42103,2
750.9,0.13638,2.58949,7.42103,2
751,0.13638,2.58949,7.42103,2
751.1,0.13638,2.58949,7.42103,2
751.2,0.13638,2.58949,7.42103,2
751.3,0.13638,2.58949,7.42102,2
751.4,0.13638,2.58949,7.42102,2
751.5,0.13638,2.58949,7.42102,2
751.6,0.13638,2.58949,7.42102,2
751.7,0.13637,2.58949,7.42102,2
751.8,0.13637,2.58949,7.42102,2
751.9,0.13637,2.58949,7.42102,2
752,0.13637,2.58949,7.42102,2
752.1,0.13637,2.58949,7.42102,2
752.2,0.13637,2.58949,7.42102,2
752.3,0.13637,2.58949,7.42101,2
752.4,0.13637,2.58949,7.42101,2
752.5,0.13637,2.58949,7.42101,2
752.6,0.13637,2.58949,7.42101,2
752.7,0.13637,2.58949,7.42101,2
752.8,0.13637,2.58949,7.42101,2
752.9,0.13637,2.58949,7.42101,2
753,0.13637,2.58949,7.42101,2
753.1,0.13637,2.58949,7.42101,2
753.2,0.13637,2.58949,7.42101,2
753.3,0.13637,2.58949,7.42101,2
753.4,0.13637,2.58949,7.421,2
753.5,0.13637,2.58949,7.421,2
753.6,0.13636,2.58948,7.421,2
753.7,0.13636,2.58948,7.421,2
753.8,0.13636,2.58948,7.421,2
753.9,0.13636,2.58948,7.421,2
754,0.13636,2.58948,7.421,2
754.1,0.13636,2.58948,7.421,2
754.2,0.13636,2.58948,7.421,2
754.3,0.13636,2.58947,7.421,2
754.4,0.13636,2.58947,7.421,2
754.5,0.13636,2.58947,7.421,2
754.6,0.13636,2.58947,7.421,2
754.7,0.13636,2.58947,7.42099,2
754.8,0.13636,2.58946,7.42099,2
754.9,0.13636,2.58946,7.42099,2
755,0.13636,2.58946,7.42099,2
755.1,0.13636,2.58946,7.42099,2
755.2,0.13635,2.58946,7.42099,2
755.3,0.13635,2.58945,7.42099,2
755.4,0.13635,2.58945,7.42099,2
755.5,0.13635,2.58945,7.42099,2
755.6,0.13635,2.58945,7.42099,2
755.7,0.13635,2.58945,7.42099,2
755.8,0.13635,2.58944,7.42099,2
755.9,0.13635,2.58944,7.42099,2
756,0.13635,2.58944,7.42099,2
756.1,0.13635,2.58943,7.42098,2
756.2,0.13635,2.58943,7.42098,2
756.3,0.13635,2.58943,7.42098,2
756.4,0.13635,2.58943,7.42098,2
756.5,0.13634,2.58942,7.42098,2
756.6,0.13634,2.58942,7.42098,2
756.7,0.13634,2.58942,7.42098,2
756.8,0.13634,2.58942,7.42098,2
756.9,0.13634,2.58941,7.42098,2
757,0.13634,2.58941,7.42098,2
757.1,0.13634,2.58941,7.42098,2
757.2,0.13634,2.5894,7.42098,2
757.3,0.13634,2.5894,7.42098,2
757.4,0.13634,2.5894,7.42098,2
757.5,0.13634,2.58939,7.42098,2
757.6,0.13634,2.58939,7.42098,2
757.7,0.13634,2.58939,7.42097,2
757.8,0.13634,2.58938,7.42097,2
757.9,0.13634,2.58938,7.42097,2
758,0.13634,2.58938,7.42097,2
758.1,0.13634,2.58937,7.42097,2
758.2,0.13634,2.58937,7.42097,2
758.3,0.13633,2.58937,7.42097,2
758.4,0.13633,2.58936,7.42097,2
758.5,0.13633,2.58936,7.42097,2
758.6,0.13633,2.58936,7.42097,2
758.7,0.13633,2.58935,7.42097,2
758.8,0.13633,2.58935,7.42097,2
758.9,0.13633,2.58935,7.42097,2
759,0.13633,2.58934,7.42097,2
759.1,0.13633,2.58934,7.42097,2
759.2,0.13633,2.58934,7.42097,2
759.3,0.13633,2.58933,7.42097,2
759.4,0.13633,2.58933,7.42097,2
759.5,0.13633,2.58933,7.42097,2
759.6,0.13633,2.58933,7.42097,2
759.7,0.13633,2.58932,7.42097,2
759.8,0.13633,2.58932,7.42097,2
759.9,0.13633,2.58932,7.42097,2
760,0.13633,2.58932,7.42097,2
760.1,0.13633,2.58932,7.42097,2
760.2,0.13633,2.58931,7.42096,2
760.3,0.13633,2.58931,7.42096,2
760.4,0.13633,2.58931,7.42096,2
760.5,0.13633,2.58931,7.42096,2
760.6,0.13633,2.58931,7.42096,2
760.7,0.13633,2.5893,7.42096,2
760.8,0.13633,2.5893,7.42096,2
760.9,0.13633,2.5893,7.42096,2
761,0.13633,2.58929,7.42096,2
761.1,0.13633,2.58929,7.42096,2
761.2,0.13633,2.58929,7.42096,2
761.3,0.13633,2.58928,7.42096,2
761.4,0.13633,2.58928,7.42096,2
761.5,0.13633,2.58928,7.42096,2
761.6,0.13633,2.58927,7.42096,2
761.7,0.13633,2.58927,7.42096,2
761.8,0.13633,2.58926,7.42096,2
761.9,0.13633,2.58926,7.42096,2
762,0.13632,2.58926,7.42096,2
762.1,0.13632,2.58925,7.42096,2
762.2,0.13632,2.58925,7.42096,2
762.3,0.13632,2.58924,7.42096,2
762.4,0.13632,2.58924,7.42096,2
762.5,0.13632,2.58923,7.42096,2
762.6,0.13632,2.58922,7.42096,2
762.7,0.13632,2.58922,7.42096,2
762.8,0.13632,2.58921,7.42096,2
762.9,0.13632,2.5892,7.42096,2
763,0.13632,2.5892,7.42096,2
763.1,0.13632,2.58919,7.42096,2
763.2,0.13632,2.58919,7.42096,2
763.3,0.13632,2.58918,7.42096,2
763.4,0.13632,2.58917,7.42096,2
763.5,0.13632,2.58917,7.42096,2
763.6,0.13632,2.58916,7.42096,2
763.7,0.13632,2.58915,7.42096,2
763.8,0.13632,2.58914,7.42096,2
763.9,0.13632,2.58914,7.42096,2
764,0.13632,2.58913,7.42096,2
764.1,0.13632,2.58912,7.42096,2
764.2,0.13632,2.58911,7.42096,2
764.3,0.13632,2.5891,7.42096,2
764.4,0.13632,2.5891,7.42096,2
764.5,0.13632,2.58909,7.42096,2
764.6,0.13632,2.58908,7.42095,2
764.7,0.13632,2.58907,7.42095,2
764.8,0.13632,2.58906,7.42095,2
764.9,0.13632,2.58905,7.42095,2
765,0.13632,2.58904,7.42095,2
765.1,0.13632,2.58903,7.42095,2
765.2,0.13633,2.58902,7.42095,2
765.3,0.13633,2.58902,7.42095,2
765.4,0.13633,2.58901,7.42095,2
765.5,0.13633,2.589,7.42095,2
765.6,0.13633,2.58899,7.42095,2
765.7,0.13633,2.58898,7.42095,2
765.8,0.13633,2.58897,7.42095,2
765.9,0.13633,2.58896,7.42095,2
766,0.13633,2.58895,7.42095,2
766.1,0.13633,2.58895,7.42095,2
766.2,0.13633,2.58894,7.42095,2
766.3,0.13633,2.58893,7.42095,2
766.4,0.13633,2.58892,7.42095,2
766.5,0.13633,2.58891,7.42095,2
766.6,0.13634,2.5889,7.42095,2
766.7,0.13634,2.58889,7.42095,2
766.8,0.13634,2.58888,7.42095,2
766.9,0.13634,2.58887,7.42095,2
767,0.13634,2.58886,7.42095,2
767.1,0.13634,2.58885,7.42095,2
767.2,0.13634,2.58885,7.42095,2
767.3,0.13634,2.58884,7.42095,2
767.4,0.13634,2.58883,7.42095,2
767.5,0.13634,2.58882,7.42095,2
767.6,0.13634,2.58882,7.42095,2
767.7,0.13634,2.58881,7.42095,2
767.8,0.13635,2.5888,7.42095,2
767.9,0.13635,2.58879,7.42095,2
768,0.13635,2.58878,7.42095,2
768.1,0.13635,2.58877,7.42095,2
768.2,0.13635,2.58876,7.42095,2
768.3,0.13635,2.58875,7.42095,2
768.4,0.13635,2.58874,7.42095,2
768.5,0.13635,2.58874,7.42095,2
768.6,0.13635,2.58873,7.42095,2
768.7,0.13635,2.58872,7.42095,2
768.8,0.13635,2.58871,7.42095,2
768.9,0.13635,2.5887,7.42095,2
769,0.13635,2.58869,7.42095,2
769.1,0.13636,2.58868,7.42095,2
769.2,0.13636,2.58867,7.42095,2
769.3,0.13636,2.58866,7.42095,2
769.4,0.13636,2.58865,7.42095,2
769.5,0.13636,2.58864,7.42095,2
769.6,0.13636,2.58863,7.42095,2
769.7,0.13636,2.58862,7.42095,2
769.8,0.13636,2.58861,7.42095,2
769.9,0.13636,2.5886,7.42095,2
770,0.13636,2.5886,7.42095,2
770.1,0.13636,2.58859,7.42095,2
770.2,0.13636,2.58858,7.42095,2
770.3,0.13636,2.58857,7.42096,2
770.4,0.13636,2.58856,7.42096,2
770.5,0.13637,2.58855,7.42096,2
770.6,0.13637,2.58854,7.42096,2
770.7,0.13637,2.58852,7.42096,2
770.8,0.13637,2.58851,7.42096,2
770.9,0.13637,2.5885,7.42096,2
771,0.13637,2.58849,7.42096,2
771.1,0.13637,2.58848,7.42096,2
771.2,0.13637,2.58847,7.42096,2
771.3,0.13637,2.58846,7.42096,2
771.4,0.13637,2.58845,7.42096,2
771.5,0.13637,2.58844,7.42096,2
771.6,0.13637,2.58843,7.42096,2
771.7,0.13637,2.58842,7.42096,2
771.8,0.13637,2.58841,7.42096,2
771.9,0.13637,2.5884,7.42096,2
772,0.13637,2.58839,7.42096,2
772.1,0.13637,2.58838,7.42096,2
772.2,0.13637,2.58836,7.42096,2
772.3,0.13638,2.58835,7.42096,2
772.4,0.13638,2.58834,7.42096,2
772.5,0.13638,2.58833,7.42096,2
772.6,0.13638,2.58832,7.42096,2
772.7,0.13638,2.58831,7.42096,2
772.8,0.13638,2.5883,7.42097,2
772.9,0.13638,2.58829,7.42097,2
773,0.13638,2.58828,7.42097,2
773.1,0.13638,2.58827,7.42097,2
773.2,0.13638,2.58826,7.42097,2
773.3,0.13638,2.58825,7.42097,2
773.4,0.13638,2.58824,7.42097,2
773.5,0.13638,2.58823,7.42097,2
773.6,0.13638,2.58822,7.42097,2
773.7,0.13638,2.58821,7.42097,2
773.8,0.13638,2.5882,7.42097,2
773.9,0.13638,2.58819,7.42097,2
774,0.13638,2.58818,7.42097,2
774.1,0.13638,2.58817,7.42097,2
774.2,0.13638,2.58816,7.42097,2
774.3,0.13638,2.58815,7.42097,2
774.4,0.13638,2.58814,7.42097,2
774.5,0.13638,2.58813,7.42097,2
774.6,0.13638,2.58812,7.42098,2
774.7,0.13638,2.58811,7.42098,2
774.8,0.13638,2.58809,7.42098,2
774.9,0.13638,2.58808,7.42098,2
775,0.13638,2.58807,7.42098,2
775.1,0.13638,2.58806,7.42098,2
775.2,0.13638,2.58805,7.42098,2
775.3,0.13638,2.58804,7.42098,2
775.4,0.13638,2.58803,7.42098,2
775.5,0.13638,2.58802,7.42098,2
775.6,0.13638,2.58801,7.42098,2
775.7,0.13638,2.58799,7.42098,2
775.8,0.13638,2.58798,7.42098,2
775.9,0.13638,2.58797,7.42098,2
776,0.13638,2.58796,7.42098,2
776.1,0.13638,2.58796,7.42099,2
776.2,0.13638,2.58795,7.42099,2
776.3,0.13638,2.58794,7.42099,2
776.4,0.13638,2.58793,7.42099,2
776.5,0.13638,2.58792,7.42099,2
776.6,0.13638,2.58791,7.42099,2
776.7,0.13638,2.5879,7.42099,2
776.8,0.13638,2.58789,7.42099,2
776.9,0.13638,2.58788,7.42099,2
777,0.13638,2.58787,7.42099,2
777.1,0.13638,2.58785,7.42099,2
777.2,0.13638,2.58784,7.42099,2
777.3,0.13637,2.58783,7.42099,2
777.4,0.13637,2.58782,7.42099,2
777.5,0.13637,2.58781,7.42099,2
777.6,0.13637,2.5878,7.421,2
777.7,0.13637,2.58779,7.421,2
777.8,0.13637,2.58778,7.421,2
777.9,0.13637,2.58777,7.421,2
778,0.13637,2.58776,7.421,2
778.1,0.13637,2.58774,7.421,2
778.2,0.13637,2.58773,7.421,2
778.3,0.13637,2.58772,7.421,2
778.4,0.13637,2.58771,7.421,2
778.5,0.13637,2.5877,7.421,2
778.6,0.13637,2.58769,7.421,2
778.7,0.13637,2.58768,7.421,2
778.8,0.13637,2.58767,7.421,2
778.9,0.13636,2.58766,7.421,2
779,0.13636,2.58765,7.42101,2
779.1,0.13636,2.58764,7.42101,2
779.2,0.13636,2.58764,7.42101,2
779.3,0.13636,2.58763,7.42101,2
779.4,0.13636,2.58762,7.42101,2
779.5,0.13636,2.58761,7.42101,2
779.6,0.13636,2.58761,7.42101,2
779.7,0.13636,2.5876,7.42101,2
779.8,0.13636,2.58759,7.42101,2
779.9,0.13636,2.58758,7.42101,2
780,0.13636,2.58757,7.42101,2
780.1,0.13636,2.58756,7.42101,2
780.2,0.13636,2.58755,7.42102,2
780.3,0.13636,2.58754,7.42102,2
780.4,0.13636,2.58753,7.42102,2
780.5,0.13636,2.58752,7.42102,2
780.6,0.13636,2.58751,7.42102,2
780.7,0.13636,2.5875,7.42102,2
780.8,0.13636,2.58749,7.42102,2
780.9,0.13636,2.58749,7.42102,2
781,0.13636,2.58748,7.42102,2
781.1,0.13636,2.58747,7.42102,2
781.2,0.13636,2.58746,7.42102,2
781.3,0.13636,2.58745,7.42103,2
781.4,0.13636,2.58745,7.42103,2
781.5,0.13636,2.58744,7.42103,2
781.6,0.13636,2.58743,7.42103,2
781.7,0.13636,2.58742,7.42103,2
781.8,0.13636,2.58741,7.42103,2
781.9,0.13636,2.5874,7.42103,2
782,0.13636,2.58739,7.42103,2
782.1,0.13636,2.58738,7.42103,2
782.2,0.13636,2.58738,7.42103,2
782.3,0.13636,2.58737,7.42103,2
782.4,0.13636,2.58736,7.42104,2
782.5,0.13636,2.58735,7.42104,2
782.6,0.13636,2.58734,7.42104,2
782.7,0.13636,2.58733,7.42104,2
782.8,0.13635,2.58732,7.42104,2
782.9,0.13635,2.58732,7.42104,2
783,0.13635,2.58731,7.42104,2
783.1,0.13635,2.5873,7.42104,2
783.2,0.13635,2.58729,7.42104,2
783.3,0.13635,2.58728,7.42104,2
783.4,0.13635,2.58727,7.42104,2
783.5,0.13635,2.58727,7.42105,2
783.6,0.13635,2.58726,7.42105,2
783.7,0.13635,2.58725,7.42105,2
783.8,0.13634,2.58724,7.42105,2
783.9,0.13634,2.58723,7.42105,2
784,0.13634,2.58722,7.42105,2
784.1,0.13634,2.58721,7.42105,2
784.2,0.13634,2.5872,7.42105,2
784.3,0.13634,2.5872,7.42105,2
784.4,0.13634,2.58719,7.42106,2
784.5,0.13634,2.58718,7.42106,2
784.6,0.13633,2.58717,7.42106,2
784.7,0.13633,2.58716,7.42106,2
784.8,0.13633,2.58716,7.42106,2
784.9,0.13633,2.58715,7.42106,2
785,0.13633,2.58714,7.42106,2
785.1,0.13633,2.58713,7.42106,2
785.2,0.13633,2.58712,7.42107,2
785.3,0.13632,2.58711,7.42107,2
785.4,0.13632,2.5871,7.42107,2
785.5,0.13632,2.58709,7.42107,2
785.6,0.13632,2.58708,7.42107,2
785.7,0.13632,2.58707,7.42107,2
785.8,0.13632,2.58706,7.42107,2
785.9,0.13632,2.58705,7.42107,2
786,0.13631,2.58704,7.42107,2
786.1,0.13631,2.58703,7.42108,2
786.2,0.13631,2.58703,7.42108,2
786.3,0.13631,2.58702,7.42108,2
786.4,0.13631,2.58701,7.42108,2
786.5,0.13631,2.587,7.42108,2
786.6,0.1363,2.58699,7.42108,2
786.7,0.1363,2.58698,7.42108,2
786.8,0.1363,2.58697,7.42109,2
786.9,0.1363,2.58696,7.42109,2
787,0.1363,2.58695,7.42109,2
787.1,0.1363,2.58694,7.42109,2
787.2,0.13629,2.58693,7.42109,2
787.3,0.13629,2.58692,7.42109,2
787.4,0.13629,2.58691,7.42109,2
787.5,0.13629,2.5869,7.42109,2
787.6,0.13629,2.58689,7.4211,2
787.7,0.13629,2.58688,7.4211,2
787.8,0.13628,2.58687,7.4211,2
787.9,0.13628,2.58686,7.4211,2
788,0.13628,2.58685,7.4211,2
788.1,0.13628,2.58684,7.4211,2
788.2,0.13628,2.58683,7.4211,2
788.3,0.13628,2.58682,7.42111,2
788.4,0.13627,2.5868,7.42111,2
788.5,0.13627,2.58679,7.42111,2
788.6,0.13627,2.58678,7.42111,2
788.7,0.13627,2.58677,7.42111,2
788.8,0.13627,2.58676,7.42111,2
788.9,0.13626,2.58675,7.42111,2
789,0.13626,2.58674,7.42112,2
789.1,0.13626,2.58673,7.42112,2
789.2,0.13626,2.58672,7.42112,2
789.3,0.13625,2.58671,7.42112,2
789.4,0.13625,2.5867,7.42112,2
789.5,0.13625,2.5867,7.42112,2
789.6,0.13625,2.58669,7.42112,2
789.7,0.13625,2.58668,7.42113,2
789.8,0.13624,2.58667,7.42113,2
789.9,0.13624,2.58666,7.42113,2
790,0.13624,2.58665,7.42113,2
790.1,0.13624,2.58664,7.42113,2
790.2,0.13623,2.58663,7.42113,2
790.3,0.13623,2.58663,7.42113,2
790.4,0.13623,2.58662,7.42113,2
790.5,0.13623,2.58661,7.42114,2
790.6,0.13622,2.58661,7.42114,2
790.7,0.13622,2.5866,7.42114,2
790.8,0.13622,2.58659,7.42114,2
790.9,0.13622,2.58658,7.42114,2
791,0.13621,2.58658,7.42114,2
791.1,0.13621,2.58657,7.42115,2
791.2,0.13621,2.58656,7.42115,2
791.3,0.13621,2.58656,7.42115,2
791.4,0.13621,2.58655,7.42115,2
791.5,0.1362,2.58654,7.42115,2
791.6,0.1362,2.58653,7.42115,2
791.7,0.1362,2.58653,7.42115,2
791.8,0.1362,2.58652,7.42116,2
791.9,0.13619,2.58651,7.42116,2
792,0.13619,2.5865,7.42116,2
792.1,0.13619,2.5865,7.42116,2
792.2,0.13619,2.58649,7.42116,2
792.3,0.13619,2.58648,7.42116,2
792.4,0.13618,2.58647,7.42117,2
792.5,0.13618,2.58647,7.42117,2
792.6,0.13618,2.58646,7.42117,2
792.7,0.13618,2.58646,7.42117,2
792.8,0.13618,2.58645,7.42117,2
792.9,0.13618,2.58645,7.42117,2
793,0.13618,2.58644,7.42118,2
793.1,0.13617,2.58644,7.42118,2
793.2,0.13617,2.58643,7.42118,2
793.3,0.13617,2.58642,7.42118,2
793.4,0.13617,2.58642,7.42118,2
793.5,0.13616,2.58641,7.42119,2
793.6,0.13616,2.5864,7.42119,2
793.7,0.13616,2.58639,7.42119,2
793.8,0.13616,2.58638,7.42119,2
793.9,0.13615,2.58638,7.42119,2
794,0.13615,2.58637,7.42119,2
794.1,0.13615,2.58636,7.4212,2
794.2,0.13615,2.58635,7.4212,2
794.3,0.13614,2.58634,7.4212,2
794.4,0.13614,2.58633,7.4212,2
794.5,0.13614,2.58633,7.4212,2
794.6,0.13614,2.58632,7.4212,2
794.7,0.13613,2.58631,7.42121,2
794.8,0.13613,2.5863,7.42121,2
794.9,0.13613,2.5863,7.42121,2
795,0.13613,2.58629,7.42121,2
795.1,0.13612,2.58628,7.42121,2
795.2,0.13612,2.58628,7.42121,2
795.3,0.13612,2.58627,7.42122,2
795.4,0.13612,2.58626,7.42122,2
795.5,0.13612,2.58625,7.42122,2
795.6,0.13611,2.58625,7.42122,2
795.7,0.13611,2.58624,7.42122,2
795.8,0.13611,2.58623,7.42123,2
795.9,0.13611,2.58622,7.42123,2
796,0.13611,2.58621,7.42123,2
796.1,0.1361,2.5862,7.42123,2
796.2,0.1361,2.58619,7.42123,2
796.3,0.1361,2.58619,7.42123,2
796.4,0.1361,2.58618,7.42124,2
796.5,0.1361,2.58617,7.42124,2
796.6,0.13609,2.58617,7.42124,2
796.7,0.13609,2.58616,7.42124,2
796.8,0.13609,2.58616,7.42124,2
796.9,0.13609,2.58615,7.42125,2
797,0.13609,2.58615,7.42125,2
797.1,0.13609,2.58614,7.42125,2
797.2,0.13608,2.58614,7.42125,2
797.3,0.13608,2.58613,7.42125,2
797.4,0.13608,2.58612,7.42125,2
797.5,0.13608,2.58612,7.42126,2
797.6,0.13608,2.58611,7.42126,2
797.7,0.13607,2.5861,7.42126,2
797.8,0.13607,2.5861,7.42126,2
797.9,0.13607,2.58609,7.42126,2
798,0.13607,2.58609,7.42127,2
798.1,0.13606,2.58608,7.42127,2
798.2,0.13606,2.58607,7.42127,2
798.3,0.13606,2.58607,7.42127,2
798.4,0.13606,2.58606,7.42127,2
798.5,0.13606,2.58605,7.42127,2
798.6,0.13606,2.58604,7.42128,2
798.7,0.13605,2.58604,7.42128,2
798.8,0.13605,2.58603,7.42128,2
798.9,0.13605,2.58602,7.42128,2
799,0.13605,2.58601,7.42128,2
799.1,0.13605,2.58601,7.42129,2
799.2,0.13605,2.586,7.42129,2
799.3,0.13604,2.58599,7.42129,2
799.4,0.13604,2.58599,7.42129,2
799.5,0.13604,2.58598,7.42129,2
799.6,0.13604,2.58598,7.42129,2
799.7,0.13604,2.58597,7.4213,2
799.8,0.13604,2.58596,7.4213,2
799.9,0.13604,2.58596,7.4213,2
800,0.13603,2.58595,7.4213,2
800.1,0.13603,2.58595,7.4213,2
800.2,0.13603,2.58594,7.42131,2
800.3,0.13603,2.58593,7.42131,2
800.4,0.13603,2.58593,7.42131,2
800.5,0.13602,2.58592,7.42131,2
800.6,0.13602,2.58592,7.42131,2
800.7,0.13602,2.58591,7.42131,2
800.8,0.13602,2.5859,7.42132,2
800.9,0.13601,2.5859,7.42132,2
801,0.13601,2.58589,7.42132,2
801.1,0.13601,2.58588,7.42132,2
801.2,0.13601,2.58588,7.42132,2
801.3,0.136,2.58587,7.42133,2
801.4,0.136,2.58586,7.42133,2
801.5,0.136,2.58585,7.42133,2
801.6,0.136,2.58585,7.42133,2
801.7,0.13599,2.58584,7.42133,2
801.8,0.13599,2.58583,7.42133,2
801.9,0.13599,2.58583,7.42134,2
802,0.13599,2.58582,7.42134,2
802.1,0.13598,2.58581,7.42134,2
802.2,0.13598,2.58581,7.42134,2
802.3,0.13598,2.5858,7.42134,2
802.4,0.13598,2.5858,7.42135,2
802.5,0.13597,2.58579,7.42135,2
802.6,0.13597,2.58578,7.42135,2
802.7,0.13597,2.58578,7.42135,2
802.8,0.13597,2.58577,7.42135,2
802.9,0.13597,2.58576,7.42136,2
803,0.13596,2.58575,7.42136,2
803.1,0.13596,2.58575,7.42136,2
803.2,0.13596,2.58574,7.42136,2
803.3,0.13596,2.58573,7.42136,2
803.4,0.13595,2.58572,7.42137,2
803.5,0.13595,2.58572,7.42137,2
803.6,0.13595,2.58571,7.42137,2
803.7,0.13595,2.5857,7.42137,2
803.8,0.13594,2.5857,7.42137,2
803.9,0.13594,2.58569,7.42137,2
804,0.13594,2.58568,7.42138,2
804.1,0.13594,2.58568,7.42138,2
804.2,0.13593,2.58567,7.42138,2
804.3,0.13593,2.58567,7.42138,2
804.4,0.13593,2.58566,7.42138,2
804.5,0.13593,2.58565,7.42139,2
804.6,0.13592,2.58565,7.42139,2
804.7,0.13592,2.58564,7.42139,2
804.8,0.13592,2.58563,7.42139,2
804.9,0.13592,2.58562,7.42139,2
805,0.13591,2.58562,7.42139,2
805.1,0.13591,2.58561,7.4214,2
805.2,0.13591,2.5856,7.4214,2
805.3,0.13591,2.58559,7.4214,2
805.4,0.1359,2.58558,7.4214,2
805.5,0.1359,2.58558,7.4214,2
805.6,0.1359,2.58557,7.4214,2
805.7,0.1359,2.58556,7.42141,2
805.8,0.13589,2.58555,7.42141,2
805.9,0.13589,2.58555,7.42141,2
806,0.13589,2.58554,7.42141,2
806.1,0.13589,2.58553,7.42141,2
806.2,0.13588,2.58552,7.42141,2
806.3,0.13588,2.58551,7.42142,2
806.4,0.13588,2.58551,7.42142,2
806.5,0.13588,2.5855,7.42142,2
806.6,0.13587,2.58549,7.42142,2
806.7,0.13587,2.58548,7.42142,2
806.8,0.13587,2.58547,7.42142,2
806.9,0.13587,2.58547,7.42143,2
807,0.13586,2.58546,7.42143,2
807.1,0.13586,2.58545,7.42143,2
807.2,0.13586,2.58544,7.42143,2
807.3,0.13585,2.58544,7.42143,2
807.4,0.13585,2.58543,7.42143,2
807.5,0.13585,2.58543,7.42144,2
807.6,0.13585,2.58542,7.42144,2
807.7,0.13584,2.58541,7.42144,2
807.8,0.13584,2.58541,7.42144,2
807.9,0.13584,2.5854,7.42144,2
808,0.13583,2.5854,7.42144,2
808.1,0.13583,2.58539,7.42144,2
808.2,0.13583,2.58539,7.42144,2
808.3,0.13583,2.58538,7.42145,2
808.4,0.13582,2.58537,7.42145,2
808.5,0.13582,2.58537,7.42145,2
808.6,0.13582,2.58536,7.42145,2
808.7,0.13582,2.58536,7.42145,2
808.8,0.13581,2.58535,7.42145,2
808.9,0.13581,2.58535,7.42146,2
809,0.13581,2.58534,7.42146,2
809.1,0.1358,2.58534,7.42146,2
809.2,0.1358,2.58534,7.42146,2
809.3,0.1358,2.58533,7.42146,2
809.4,0.13579,2.58533,7.42146,2
809.5,0.13579,2.58533,7.42147,2
809.6,0.13579,2.58532,7.42147,2
809.7,0.13579,2.58532,7.42147,2
809.8,0.13578,2.58531,7.42147,2
809.9,0.13578,2.58531,7.42147,2
810,0.13578,2.58531,7.42147,2
810.1,0.13577,2.5853,7.42147,2
810.2,0.13577,2.5853,7.42147,2
810.3,0.13577,2.5853,7.42148,2
810.4,0.13577,2.58529,7.42148,2
810.5,0.13576,2.58529,7.42148,2
810.6,0.13576,2.58528,7.42148,2
810.7,0.13576,2.58528,7.42148,2
810.8,0.13575,2.58527,7.42148,2
810.9,0.13575,2.58527,7.42149,2
811,0.13575,2.58526,7.42149,2
811.1,0.13574,2.58526,7.42149,2
811.2,0.13574,2.58525,7.42149,2
811.3,0.13574,2.58524,7.42149,2
811.4,0.13573,2.58524,7.42149,2
811.5,0.13573,2.58523,7.4215,2
811.6,0.13573,2.58523,7.4215,2
811.7,0.13573,2.58522,7.4215,2
811.8,0.13572,2.58521,7.4215,2
811.9,0.13572,2.58521,7.4215,2
812,0.13572,2.5852,7.4215,2
812.1,0.13571,2.58519,7.42151,2
812.2,0.13571,2.58519,7.42151,2
812.3,0.13571,2.58518,7.42151,2
812.4,0.1357,2.58517,7.42151,2
812.5,0.1357,2.58517,7.42151,2
812.6,0.1357,2.58516,7.42151,2
812.7,0.1357,2.58516,7.42152,2
812.8,0.13569,2.58515,7.42152,2
812.9,0.13569,2.58515,7.42152,2
813,0.13569,2.58514,7.42152,2
813.1,0.13569,2.58514,7.42152,2
813.2,0.13569,2.58513,7.42153,2
813.3,0.13568,2.58513,7.42153,2
813.4,0.13568,2.58512,7.42153,2
813.5,0.13568,2.58512,7.42153,2
813.6,0.13568,2.58511,7.42153,2
813.7,0.13568,2.58511,7.42153,2
813.8,0.13567,2.5851,7.42154,2
813.9,0.13567,2.5851,7.42154,2
814,0.13567,2.58509,7.42154,2
814.1,0.13567,2.58509,7.42154,2
814.2,0.13567,2.58508,7.42154,2
814.3,0.13567,2.58508,7.42154,2
814.4,0.13567,2.58507,7.42155,2
814.5,0.13566,2.58507,7.42155,2
814.6,0.13566,2.58506,7.42155,2
814.7,0.13566,2.58505,7.42155,2
814.8,0.13566,2.58505,7.42155,2
814.9,0.13566,2.58504,7.42155,2
815,0.13566,2.58504,7.42156,2
815.1,0.13566,2.58503,7.42156,2
815.2,0.13565,2.58503,7.42156,2
815.3,0.13565,2.58502,7.42156,2
815.4,0.13565,2.58502,7.42156,2
815.5,0.13565,2.58501,7.42156,2
815.6,0.13565,2.585,7.42157,2
815.7,0.13565,2.585,7.42157,2
815.8,0.13565,2.58499,7.42157,2
815.9,0.13564,2.58498,7.42157,2
816,0.13564,2.58497,7.42157,2
816.1,0.13564,2.58496,7.42158,2
816.2,0.13564,2.58495,7.42158,2
816.3,0.13564,2.58493,7.42158,2
816.4,0.13563,2.58492,7.42158,2
816.5,0.13563,2.58491,7.42158,2
816.6,0.13563,2.5849,7.42158,2
816.7,0.13563,2.58489,7.42159,2
816.8,0.13562,2.58488,7.42159,2
816.9,0.13562,2.58487,7.42159,2
817,0.13562,2.58486,7.42159,2
817.1,0.13561,2.58485,7.42159,2
817.2,0.13561,2.58484,7.42159,2
817.3,0.13561,2.58482,7.4216,2
817.4,0.13561,2.58481,7.4216,2
817.5,0.1356,2.5848,7.4216,2
817.6,0.1356,2.58479,7.4216,2
817.7,0.1356,2.58477,7.4216,2
817.8,0.13559,2.58476,7.42161,2
817.9,0.13559,2.58475,7.42161,2
818,0.13559,2.58474,7.42161,2
818.1,0.13558,2.58473,7.42161,2
818.2,0.13558,2.58472,7.42161,2
818.3,0.13558,2.58471,7.42161,2
818.4,0.13557,2.5847,7.42162,2
818.5,0.13557,2.58469,7.42162,2
818.6,0.13557,2.58468,7.42162,2
818.7,0.13557,2.58468,7.42162,2
818.8,0.13556,2.58467,7.42162,2
818.9,0.13556,2.58466,7.42162,2
819,0.13556,2.58465,7.42162,2
819.1,0.13556,2.58465,7.42163,2
819.2,0.13555,2.58464,7.42163,2
819.3,0.13555,2.58463,7.42163,2
819.4,0.13555,2.58462,7.42163,2
819.5,0.13554,2.58461,7.42163,2
819.6,0.13554,2.5846,7.42163,2
819.7,0.13554,2.58459,7.42164,2
819.8,0.13553,2.58459,7.42164,2
819.9,0.13553,2.58458,7.42164,2
820,0.13553,2.58457,7.42164,2
820.1,0.13553,2.58456,7.42164,2
820.2,0.13552,2.58455,7.42164,2
820.3,0.13552,2.58454,7.42165,2
820.4,0.13551,2.58454,7.42165,2
820.5,0.13551,2.58453,7.42165,2
820.6,0.13551,2.58448,7.42165,2
820.7,0.1355,2.58441,7.42165,2
820.8,0.1355,2.58433,7.42166,2
820.9,0.1355,2.58426,7.42166,2
821,0.13549,2.5842,7.42166,2
821.1,0.13549,2.58417,7.42166,2
821.2,0.13549,2.58416,7.42166,2
821.3,0.13548,2.58415,7.42167,2
821.4,0.13548,2.58413,7.42167,2
821.5,0.13548,2.58412,7.42167,2
821.6,0.13547,2.58411,7.42167,2
821.7,0.13547,2.58409,7.42167,2
821.8,0.13547,2.58408,7.42168,2
821.9,0.13546,2.58407,7.42168,2
822,0.13546,2.58406,7.42168,2
822.1,0.13546,2.58405,7.42168,2
822.2,0.13545,2.58404,7.42168,2
822.3,0.13545,2.58403,7.42169,2
822.4,0.13545,2.58402,7.42169,2
822.5,0.13544,2.58401,7.42169,2
822.6,0.13544,2.584,7.42169,2
822.7,0.13544,2.58399,7.42169,2
822.8,0.13543,2.58398,7.42169,2
822.9,0.13543,2.58397,7.4217,2
823,0.13542,2.58396,7.4217,2
823.1,0.13542,2.58395,7.4217,2
823.2,0.13542,2.58394,7.4217,2
823.3,0.13541,2.58389,7.4217,2
823.4,0.13541,2.58382,7.42171,2
823.5,0.13541,2.58376,7.42171,2
823.6,0.1354,2.5837,7.42171,2
823.7,0.1354,2.58365,7.42171,2
823.8,0.1354,2.5836,7.42171,2
823.9,0.13539,2.58357,7.42171,2
824,0.13539,2.58355,7.42171,2
824.1,0.13539,2.58352,7.42172,2
824.2,0.13539,2.58349,7.42172,2
824.3,0.13538,2.58345,7.42172,2
824.4,0.13538,2.58342,7.42172,2
824.5,0.13538,2.58337,7.42172,2
824.6,0.13537,2.58333,7.42173,2
824.7,0.13537,2.58329,7.42173,2
824.8,0.13537,2.58325,7.42173,2
824.9,0.13537,2.58322,7.42173,2
825,0.13536,2.58318,7.42173,2
825.1,0.13536,2.58316,7.42173,2
825.2,0.13536,2.58316,7.42174,2
825.3,0.13535,2.58316,7.42174,2
825.4,0.13535,2.58314,7.42174,2
825.5,0.13535,2.58313,7.42174,2
825.6,0.13534,2.58312,7.42174,2
825.7,0.13534,2.58312,7.42175,2
825.8,0.13534,2.58311,7.42175,2
825.9,0.13533,2.58308,7.42175,2
826,0.13533,2.58306,7.42175,2
826.1,0.13533,2.58305,7.42175,2
826.2,0.13532,2.58304,7.42176,2
826.3,0.13532,2.58304,7.42176,2
826.4,0.13531,2.58304,7.42176,2
826.5,0.13531,2.58304,7.42176,2
826.6,0.13531,2.58304,7.42176,2
826.7,0.1353,2.58303,7.42177,2
826.8,0.1353,2.58303,7.42177,2
826.9,0.1353,2.58303,7.42177,2
827,0.13529,2.58304,7.42177,2
827.1,0.13529,2.58304,7.42177,2
827.2,0.13528,2.58305,7.42178,2
827.3,0.13528,2.58306,7.42178,2
827.4,0.13528,2.58307,7.42178,2
827.5,0.13527,2.58309,7.42178,2
827.6,0.13527,2.5831,7.42178,2
827.7,0.13526,2.58312,7.42179,2
827.8,0.13526,2.58314,7.42179,2
827.9,0.13525,2.58315,7.42179,2
828,0.13525,2.58317,7.42179,2
828.1,0.13525,2.58318,7.42179,2
828.2,0.13524,2.5832,7.42179,2
828.3,0.13524,2.58321,7.4218,2
828.4,0.13523,2.58322,7.4218,2
828.5,0.13523,2.58323,7.4218,2
828.6,0.13522,2.58322,7.4218,2
828.7,0.13522,2.58323,7.4218,2
828.8,0.13521,2.58322,7.4218,2
828.9,0.13521,2.58323,7.42181,2
829,0.1352,2.58325,7.42181,2
829.1,0.1352,2.58326,7.42181,2
829.2,0.13519,2.58328,7.42181,2
829.3,0.13519,2.5833,7.42181,2
829.4,0.13519,2.58333,7.42182,2
829.5,0.13518,2.58335,7.42182,2
829.6,0.13518,2.58337,7.42182,2
829.7,0.13517,2.5834,7.42182,2
829.8,0.13517,2.58342,7.42182,2
829.9,0.13516,2.58343,7.42183,2
830,0.13516,2.58345,7.42183,2
830.1,0.13516,2.58348,7.42183,2
830.2,0.13515,2.5835,7.42183,2
830.3,0.13515,2.58352,7.42184,2
830.4,0.13514,2.58355,7.42184,2
830.5,0.13514,2.58357,7.42184,2
830.6,0.13514,2.58359,7.42184,2
830.7,0.13513,2.58362,7.42184,2
830.8,0.13513,2.58365,7.42185,2
830.9,0.13513,2.58367,7.42185,2
831,0.13512,2.5837,7.42185,2
831.1,0.13512,2.58372,7.42185,2
831.2,0.13512,2.58374,7.42185,2
831.3,0.13511,2.58377,7.42186,2
831.4,0.13511,2.58379,7.42186,2
831.5,0.1351,2.5838,7.42186,2
831.6,0.1351,2.58382,7.42186,2
831.7,0.1351,2.58384,7.42186,2
831.8,0.13509,2.58384,7.42187,2
831.9,0.13509,2.58384,7.42187,2
832,0.13508,2.58384,7.42187,2
832.1,0.13508,2.58385,7.42187,2
832.2,0.13508,2.58385,7.42187,2
832.3,0.13507,2.58387,7.42188,2
832.4,0.13507,2.58388,7.42188,2
832.5,0.13506,2.5839,7.42188,2
832.6,0.13506,2.58391,7.42188,2
832.7,0.13505,2.58393,7.42188,2
832.8,0.13505,2.58395,7.42189,2
832.9,0.13504,2.58397,7.42189,2
833,0.13504,2.58399,7.42189,2
833.1,0.13504,2.584,7.42189,2
833.2,0.13503,2.58402,7.4219,2
833.3,0.13503,2.58403,7.4219,2
833.4,0.13502,2.58403,7.4219,2
833.5,0.13502,2.58403,7.4219,2
833.6,0.13501,2.58405,7.4219,2
833.7,0.13501,2.58408,7.42191,2
833.8,0.135,2.58411,7.42191,2
833.9,0.135,2.58414,7.42191,2
834,0.135,2.58417,7.42191,2
834.1,0.13499,2.58419,7.42192,2
834.2,0.13499,2.58422,7.42192,2
834.3,0.13498,2.58425,7.42192,2
834.4,0.13498,2.58427,7.42192,2
834.5,0.13497,2.5843,7.42192,2
834.6,0.13497,2.58433,7.42193,2
834.7,0.13497,2.58436,7.42193,2
834.8,0.13496,2.58439,7.42193,2
834.9,0.13496,2.58441,7.42193,2
835,0.13495,2.58444,7.42193,2
835.1,0.13495,2.58447,7.42193,2
835.2,0.13495,2.5845,7.42194,2
835.3,0.13494,2.58452,7.42194,2
835.4,0.13494,2.58455,7.42194,2
835.5,0.13493,2.58458,7.42194,2
835.6,0.13493,2.58461,7.42194,2
835.7,0.13492,2.58463,7.42195,2
835.8,0.13492,2.58466,7.42195,2
835.9,0.13492,2.58468,7.42195,2
836,0.13491,2.58471,7.42195,2
836.1,0.13491,2.58474,7.42195,2
836.2,0.1349,2.58476,7.42195,2
836.3,0.1349,2.58478,7.42195,2
836.4,0.13489,2.58479,7.42196,2
836.5,0.13489,2.5848,7.42196,2
836.6,0.13489,2.58481,7.42196,2
836.7,0.13488,2.58482,7.42196,2
836.8,0.13488,2.58484,7.42196,2
836.9,0.13487,2.58485,7.42196,2
837,0.13487,2.58487,7.42197,2
837.1,0.13487,2.5849,7.42197,2
837.2,0.13486,2.58493,7.42197,2
837.3,0.13486,2.58496,7.42197,2
837.4,0.13486,2.58499,7.42197,2
837.5,0.13485,2.58501,7.42197,2
837.6,0.13485,2.58503,7.42198,2
837.7,0.13485,2.58506,7.42198,2
837.8,0.13484,2.58508,7.42198,2
837.9,0.13484,2.58511,7.42198,2
838,0.13484,2.58513,7.42198,2
838.1,0.13483,2.58516,7.42198,2
838.2,0.13483,2.58518,7.42199,2
838.3,0.13483,2.58521,7.42199,2
838.4,0.13482,2.58524,7.42199,2
838.5,0.13482,2.58527,7.42199,2
838.6,0.13482,2.5853,7.42199,2
838.7,0.13481,2.58533,7.42199,2
838.8,0.13481,2.58536,7.422,2
838.9,0.1348,2.58539,7.422,2
839,0.1348,2.58542,7.422,2
839.1,0.1348,2.58545,7.422,2
839.2,0.13479,2.58547,7.422,2
839.3,0.13479,2.58548,7.422,2
839.4,0.13479,2.58551,7.42201,2
839.5,0.13478,2.58553,7.42201,2
839.6,0.13478,2.58556,7.42201,2
839.7,0.13478,2.58559,7.42201,2
839.8,0.13478,2.58562,7.42201,2
839.9,0.13477,2.58564,7.42201,2
840,0.13477,2.58567,7.42201,2
840.1,0.13477,2.5857,7.42202,2
840.2,0.13476,2.58572,7.42202,2
840.3,0.13476,2.58575,7.42202,2
840.4,0.13476,2.58577,7.42202,2
840.5,0.13475,2.58579,7.42202,2
840.6,0.13475,2.58581,7.42202,2
840.7,0.13475,2.58583,7.42202,2
840.8,0.13474,2.58585,7.42203,2
840.9,0.13474,2.58587,7.42203,2
841,0.13474,2.58589,7.42203,2
841.1,0.13473,2.58591,7.42203,2
841.2,0.13473,2.58593,7.42203,2
841.3,0.13473,2.58594,7.42203,2
841.4,0.13472,2.58597,7.42203,2
841.5,0.13472,2.586,7.42204,2
841.6,0.13472,2.58603,7.42204,2
841.7,0.13471,2.58606,7.42204,2
841.8,0.13471,2.58609,7.42204,2
841.9,0.13471,2.58612,7.42204,2
842,0.1347,2.58616,7.42204,2
842.1,0.1347,2.58619,7.42205,2
842.2,0.1347,2.58622,7.42205,2
842.3,0.13469,2.58625,7.42205,2
842.4,0.13469,2.58628,7.42205,2
842.5,0.13469,2.58631,7.42205,2
842.6,0.13468,2.58635,7.42205,2
842.7,0.13468,2.58638,7.42205,2
842.8,0.13467,2.58641,7.42205,2
842.9,0.13467,2.58644,7.42206,2
843,0.13467,2.58647,7.42206,2
843.1,0.13466,2.5865,7.42206,2
843.2,0.13466,2.58653,7.42206,2
843.3,0.13466,2.58656,7.42206,2
843.4,0.13465,2.58658,7.42206,2
843.5,0.13465,2.58661,7.42206,2
843.6,0.13464,2.58664,7.42206,2
843.7,0.13464,2.58667,7.42207,2
843.8,0.13464,2.5867,7.42207,2
843.9,0.13463,2.58674,7.42207,2
844,0.13463,2.58677,7.42207,2
844.1,0.13462,2.5868,7.42207,2
844.2,0.13462,2.58683,7.42207,2
844.3,0.13462,2.58687,7.42207,2
844.4,0.13461,2.5869,7.42207,2
844.5,0.13461,2.58693,7.42207,2
844.6,0.1346,2.58696,7.42208,2
844.7,0.1346,2.58699,7.42208,2
844.8,0.1346,2.58702,7.42208,2
844.9,0.13459,2.58705,7.42208,2
845,0.13459,2.58708,7.42208,2
845.1,0.13458,2.58711,7.42208,2
845.2,0.13458,2.58714,7.42208,2
845.3,0.13458,2.58717,7.42208,2
845.4,0.13457,2.5872,7.42208,2
845.5,0.13457,2.58723,7.42209,2
845.6,0.13456,2.58726,7.42209,2
845.7,0.13456,2.58728,7.42209,2
845.8,0.13455,2.58731,7.42209,2
845.9,0.13455,2.58734,7.42209,2
846,0.13455,2.58737,7.42209,2
846.1,0.13454,2.5874,7.42209,2
846.2,0.13454,2.58742,7.42209,2
846.3,0.13453,2.58745,7.4221,2
846.4,0.13453,2.58747,7.4221,2
846.5,0.13452,2.5875,7.4221,2
846.6,0.13452,2.58753,7.4221,2
846.7,0.13451,2.58755,7.4221,2
846.8,0.13451,2.58757,7.4221,2
846.9,0.1345,2.5876,7.4221,2
847,0.1345,2.58762,7.4221,2
847.1,0.13449,2.58765,7.4221,2
847.2,0.13449,2.58767,7.42211,2
847.3,0.13448,2.5877,7.42211,2
847.4,0.13448,2.58772,7.42211,2
847.5,0.13447,2.58774,7.42211,2
847.6,0.13447,2.58777,7.42211,2
847.7,0.13446,2.58779,7.42211,2
847.8,0.13446,2.58781,7.42211,2
847.9,0.13445,2.58783,7.42211,2
848,0.13445,2.58785,7.42211,2
848.1,0.13444,2.58788,7.42212,2
848.2,0.13444,2.5879,7.42212,2
848.3,0.13443,2.58792,7.42212,2
848.4,0.13443,2.58794,7.42212,2
848.5,0.13443,2.58797,7.42212,2
848.6,0.13442,2.58799,7.42212,2
848.7,0.13442,2.58801,7.42212,2
848.8,0.13441,2.58803,7.42212,2
848.9,0.13441,2.58805,7.42213,2
849,0.1344,2.58807,7.42213,2
849.1,0.1344,2.5881,7.42213,2
849.2,0.13439,2.58812,7.42213,2
849.3,0.13439,2.58814,7.42213,2
849.4,0.13439,2.58816,7.42213,2
849.5,0.13438,2.58818,7.42213,2
849.6,0.13438,2.5882,7.42213,2
849.7,0.13437,2.58822,7.42213,2
849.8,0.13437,2.58823,7.42214,2
849.9,0.13436,2.58825,7.42214,2
850,0.13436,2.58827,7.42214,2
850.1,0.13435,2.58828,7.42214,2
850.2,0.13435,2.5883,7.42214,2
850.3,0.13434,2.58832,7.42214,2
850.4,0.13434,2.58833,7.42214,2
850.5,0.13433,2.58835,7.42215,2
850.6,0.13433,2.58836,7.42215,2
850.7,0.13432,2.58838,7.42215,2
850.8,0.13432,2.58839,7.42215,2
850.9,0.13431,2.58841,7.42215,2
851,0.13431,2.58842,7.42215,2
851.1,0.1343,2.58844,7.42215,2
851.2,0.1343,2.58845,7.42215,2
851.3,0.13429,2.58847,7.42216,2
851.4,0.13429,2.58848,7.42216,2
851.5,0.13428,2.58849,7.42216,2
851.6,0.13428,2.5885,7.42216,2
851.7,0.13427,2.58851,7.42216,2
851.8,0.13427,2.58852,7.42216,2
851.9,0.13427,2.58853,7.42216,2
852,0.13426,2.58854,7.42216,2
852.1,0.13426,2.58855,7.42216,2
852.2,0.13425,2.58856,7.42217,2
852.3,0.13425,2.58856,7.42217,2
852.4,0.13424,2.58857,7.42217,2
852.5,0.13424,2.58858,7.42217,2
852.6,0.13423,2.58858,7.42217,2
852.7,0.13423,2.58859,7.42217,2
852.8,0.13422,2.5886,7.42217,2
852.9,0.13422,2.5886,7.42217,2
853,0.13421,2.58861,7.42217,2
853.1,0.13421,2.58862,7.42218,2
853.2,0.1342,2.58862,7.42218,2
853.3,0.1342,2.58863,7.42218,2
853.4,0.1342,2.58863,7.42218,2
853.5,0.13419,2.58864,7.42218,2
853.6,0.13419,2.58864,7.42218,2
853.7,0.13418,2.58864,7.42218,2
853.8,0.13418,2.58865,7.42219,2
853.9,0.13418,2.58865,7.42219,2
854,0.13417,2.58865,7.42219,2
854.1,0.13417,2.58866,7.42219,2
854.2,0.13416,2.58866,7.42219,2
854.3,0.13416,2.58866,7.42219,2
854.4,0.13415,2.58866,7.42219,2
854.5,0.13415,2.58867,7.42219,2
854.6,0.13415,2.58867,7.4222,2
854.7,0.13414,2.58867,7.4222,2
854.8,0.13414,2.58868,7.4222,2
854.9,0.13413,2.58868,7.4222,2
855,0.13413,2.58868,7.4222,2
855.1,0.13413,2.58868,7.4222,2
855.2,0.13412,2.58869,7.4222,2
855.3,0.13412,2.58869,7.4222,2
855.4,0.13412,2.58869,7.42221,2
855.5,0.13411,2.58869,7.42221,2
855.6,0.13411,2.58869,7.42221,2
855.7,0.1341,2.58869,7.42221,2
855.8,0.1341,2.58868,7.42221,2
855.9,0.1341,2.58868,7.42221,2
856,0.13409,2.58868,7.42221,2
856.1,0.13409,2.58868,7.42221,2
856.2,0.13408,2.58868,7.42222,2
856.3,0.13408,2.58867,7.42222,2
856.4,0.13408,2.58867,7.42222,2
856.5,0.13407,2.58866,7.42222,2
856.6,0.13407,2.58866,7.42222,2
856.7,0.13406,2.58865,7.42222,2
856.8,0.13406,2.58865,7.42222,2
856.9,0.13406,2.58864,7.42223,2
857,0.13405,2.58863,7.42223,2
857.1,0.13405,2.58863,7.42223,2
857.2,0.13405,2.58862,7.42223,2
857.3,0.13404,2.58862,7.42223,2
857.4,0.13404,2.58862,7.42223,2
857.5,0.13403,2.58862,7.42223,2
857.6,0.13403,2.58861,7.42223,2
857.7,0.13403,2.58861,7.42224,2
857.8,0.13402,2.58861,7.42224,2
857.9,0.13402,2.58861,7.42224,2
858,0.13401,2.5886,7.42224,2
858.1,0.13401,2.5886,7.42224,2
858.2,0.134,2.5886,7.42224,2
858.3,0.134,2.5886,7.42224,2
858.4,0.134,2.58859,7.42224,2
858.5,0.13399,2.58859,7.42224,2
858.6,0.13399,2.58859,7.42225,2
858.7,0.13398,2.58858,7.42225,2
858.8,0.13398,2.58858,7.42225,2
858.9,0.13398,2.58858,7.42225,2
859,0.13397,2.58857,7.42225,2
859.1,0.13397,2.58857,7.42225,2
859.2,0.13396,2.58857,7.42225,2
859.3,0.13396,2.58856,7.42225,2
859.4,0.13396,2.58856,7.42225,2
859.5,0.13395,2.58856,7.42226,2
859.6,0.13395,2.58856,7.42226,2
859.7,0.13394,2.58856,7.42226,2
859.8,0.13394,2.58855,7.42226,2
859.9,0.13394,2.58855,7.42226,2
860,0.13393,2.58855,7.42226,2
860.1,0.13393,2.58855,7.42226,2
860.2,0.13393,2.58855,7.42226,2
860.3,0.13392,2.58855,7.42226,2
860.4,0.13392,2.58854,7.42226,2
860.5,0.13392,2.58854,7.42226,2
860.6,0.13391,2.58854,7.42227,2
860.7,0.13391,2.58854,7.42227,2
860.8,0.13391,2.58854,7.42227,2
860.9,0.13391,2.58853,7.42227,2
861,0.1339,2.58853,7.42227,2
861.1,0.1339,2.58853,7.42227,2
861.2,0.1339,2.58852,7.42227,2
861.3,0.13389,2.58852,7.42227,2
861.4,0.13389,2.58852,7.42227,2
861.5,0.13389,2.58852,7.42227,2
861.6,0.13388,2.58851,7.42227,2
861.7,0.13388,2.58851,7.42227,2
861.8,0.13387,2.58851,7.42227,2
861.9,0.13387,2.5885,7.42227,2
862,0.13387,2.5885,7.42227,2
862.1,0.13386,2.5885,7.42227,2
862.2,0.13386,2.5885,7.42227,2
862.3,0.13385,2.58849,7.42228,2
862.4,0.13385,2.58849,7.42228,2
862.5,0.13385,2.58849,7.42228,2
862.6,0.13384,2.58848,7.42228,2
862.7,0.13384,2.58848,7.42228,2
862.8,0.13384,2.58847,7.42228,2
862.9,0.13383,2.58847,7.42228,2
863,0.13383,2.58846,7.42228,2
863.1,0.13382,2.58846,7.42228,2
863.2,0.13382,2.58846,7.42228,2
863.3,0.13382,2.58845,7.42228,2
863.4,0.13381,2.58845,7.42228,2
863.5,0.13381,2.58844,7.42228,2
863.6,0.13381,2.58844,7.42228,2
863.7,0.1338,2.58843,7.42228,2
863.8,0.1338,2.58843,7.42228,2
863.9,0.1338,2.58842,7.42228,2
864,0.13379,2.58842,7.42228,2
864.1,0.13379,2.58841,7.42228,2
864.2,0.13379,2.58841,7.42228,2
864.3,0.13378,2.5884,7.42228,2
864.4,0.13378,2.5884,7.42228,2
864.5,0.13378,2.58839,7.42228,2
864.6,0.13378,2.58839,7.42228,2
864.7,0.13377,2.58838,7.42228,2
864.8,0.13377,2.58838,7.42228,2
864.9,0.13377,2.58838,7.42228,2
865,0.13376,2.58837,7.42228,2
865.1,0.13376,2.58837,7.42228,2
865.2,0.13376,2.58837,7.42229,2
865.3,0.13376,2.58836,7.42229,2
865.4,0.13375,2.58836,7.42229,2
865.5,0.13375,2.58835,7.42229,2
865.6,0.13375,2.58835,7.42229,2
865.7,0.13375,2.58834,7.42229,2
865.8,0.13374,2.58834,7.42229,2
865.9,0.13374,2.58833,7.42229,2
866,0.13374,2.58833,7.42229,2
866.1,0.13374,2.58833,7.42229,2
866.2,0.13374,2.58832,7.42229,2
866.3,0.13373,2.58831,7.42229,2
866.4,0.13373,2.58831,7.42229,2
866.5,0.13373,2.5883,7.42229,2
866.6,0.13373,2.5883,7.42229,2
866.7,0.13373,2.5883,7.42229,2
866.8,0.13372,2.58829,7.42229,2
866.9,0.13372,2.58828,7.42229,2
867,0.13372,2.58828,7.42229,2
867.1,0.13372,2.58827,7.42229,2
867.2,0.13372,2.58826,7.42229,2
867.3,0.13371,2.58826,7.42229,2
867.4,0.13371,2.58826,7.42229,2
867.5,0.13371,2.58825,7.42229,2
867.6,0.13371,2.58825,7.42229,2
867.7,0.1337,2.58824,7.42229,2
867.8,0.1337,2.58824,7.42229,2
867.9,0.1337,2.58823,7.42229,2
868,0.1337,2.58823,7.42229,2
868.1,0.1337,2.58822,7.42229,2
868.2,0.1337,2.58822,7.42229,2
868.3,0.13369,2.58821,7.42229,2
868.4,0.13369,2.58821,7.42229,2
868.5,0.13369,2.5882,7.42229,2
868.6,0.13369,2.58819,7.42229,2
868.7,0.13369,2.58819,7.42229,2
868.8,0.13368,2.58818,7.4223,2
868.9,0.13368,2.58817,7.4223,2
869,0.13368,2.58817,7.4223,2
869.1,0.13368,2.58816,7.4223,2
869.2,0.13368,2.58815,7.4223,2
869.3,0.13368,2.58815,7.4223,2
869.4,0.13367,2.58814,7.4223,2
869.5,0.13367,2.58813,7.4223,2
869.6,0.13367,2.58813,7.4223,2
869.7,0.13367,2.58812,7.4223,2
869.8,0.13367,2.58811,7.4223,2
869.9,0.13367,2.5881,7.4223,2
870,0.13366,2.58809,7.4223,2
870.1,0.13366,2.58808,7.4223,2
870.2,0.13366,2.58808,7.4223,2
870.3,0.13366,2.58807,7.4223,2
870.4,0.13366,2.58806,7.4223,2
870.5,0.13366,2.58805,7.4223,2
870.6,0.13366,2.58804,7.4223,2
870.7,0.13365,2.58803,7.4223,2
870.8,0.13365,2.58802,7.4223,2
870.9,0.13365,2.58801,7.4223,2
871,0.13365,2.58799,7.4223,2
871.1,0.13365,2.58798,7.4223,2
871.2,0.13365,2.58797,7.4223,2
871.3,0.13364,2.58796,7.4223,2
871.4,0.13364,2.58794,7.4223,2
871.5,0.13364,2.58793,7.4223,2
871.6,0.13364,2.58792,7.4223,2
871.7,0.13364,2.5879,7.4223,2
871.8,0.13364,2.58789,7.4223,2
871.9,0.13364,2.58788,7.4223,2
872,0.13363,2.58786,7.4223,2
872.1,0.13363,2.58785,7.4223,2
872.2,0.13363,2.58784,7.4223,2
872.3,0.13363,2.58782,7.4223,2
872.4,0.13363,2.58781,7.4223,2
872.5,0.13363,2.58779,7.4223,2
872.6,0.13363,2.58778,7.4223,2
872.7,0.13362,2.58776,7.4223,2
872.8,0.13362,2.58775,7.42231,2
872.9,0.13362,2.58773,7.42231,2
873,0.13362,2.58772,7.42231,2
873.1,0.13362,2.5877,7.42231,2
873.2,0.13362,2.58768,7.42231,2
873.3,0.13362,2.58767,7.42231,2
873.4,0.13362,2.58765,7.42231,2
873.5,0.13361,2.58764,7.42231,2
873.6,0.13361,2.58762,7.42231,2
873.7,0.13361,2.58761,7.42231,2
873.8,0.13361,2.58759,7.42231,2
873.9,0.13361,2.58757,7.42231,2
874,0.13361,2.58756,7.42231,2
874.1,0.13361,2.58754,7.42231,2
874.2,0.13362,2.58752,7.42231,2
874.3,0.13362,2.5875,7.42231,2
874.4,0.13362,2.58748,7.42231,2
874.5,0.13362,2.58746,7.42231,2
874.6,0.13362,2.58744,7.42231,2
874.7,0.13362,2.58742,7.42231,2
874.8,0.13362,2.5874,7.42231,2
874.9,0.13362,2.58738,7.42231,2
875,0.13362,2.58736,7.42231,2
875.1,0.13362,2.58734,7.42231,2
875.2,0.13363,2.58732,7.42231,2
875.3,0.13363,2.5873,7.42231,2
875.4,0.13363,2.58728,7.42231,2
875.5,0.13363,2.58726,7.42231,2
875.6,0.13363,2.58724,7.42231,2
875.7,0.13363,2.58722,7.42231,2
875.8,0.13363,2.5872,7.42231,2
875.9,0.13363,2.58718,7.42231,2
876,0.13364,2.58715,7.42231,2
876.1,0.13364,2.58713,7.42231,2
876.2,0.13364,2.58711,7.42231,2
876.3,0.13364,2.58709,7.42231,2
876.4,0.13364,2.58706,7.42232,2
876.5,0.13364,2.58704,7.42232,2
876.6,0.13364,2.58702,7.42232,2
876.7,0.13364,2.587,7.42232,2
876.8,0.13364,2.58697,7.42232,2
876.9,0.13364,2.58695,7.42232,2
877,0.13364,2.58693,7.42232,2
877.1,0.13364,2.58691,7.42232,2
877.2,0.13365,2.58688,7.42232,2
877.3,0.13365,2.58686,7.42232,2
877.4,0.13365,2.58684,7.42232,2
877.5,0.13365,2.58682,7.42232,2
877.6,0.13365,2.5868,7.42232,2
877.7,0.13365,2.58678,7.42232,2
877.8,0.13365,2.58676,7.42232,2
877.9,0.13365,2.58674,7.42232,2
878,0.13366,2.58671,7.42232,2
878.1,0.13366,2.58669,7.42232,2
878.2,0.13366,2.58667,7.42232,2
878.3,0.13366,2.58665,7.42232,2
878.4,0.13366,2.58663,7.42232,2
878.5,0.13366,2.58661,7.42232,2
878.6,0.13366,2.58659,7.42232,2
878.7,0.13366,2.58656,7.42232,2
878.8,0.13366,2.58654,7.42232,2
878.9,0.13366,2.58652,7.42232,2
879,0.13366,2.5865,7.42232,2
879.1,0.13366,2.58647,7.42232,2
879.2,0.13367,2.58645,7.42232,2
879.3,0.13367,2.58643,7.42232,2
879.4,0.13367,2.5864,7.42232,2
879.5,0.13367,2.58638,7.42232,2
879.6,0.13367,2.58635,7.42232,2
879.7,0.13367,2.58633,7.42232,2
879.8,0.13367,2.58631,7.42232,2
879.9,0.13367,2.58628,7.42232,2
880,0.13367,2.58626,7.42232,2
880.1,0.13368,2.58624,7.42232,2
880.2,0.13368,2.58622,7.42232,2
880.3,0.13368,2.58619,7.42232,2
880.4,0.13368,2.58617,7.42232,2
880.5,0.13368,2.58614,7.42232,2
880.6,0.13368,2.58612,7.42232,2
880.7,0.13368,2.58609,7.42232,2
880.8,0.13368,2.58607,7.42232,2
880.9,0.13368,2.58605,7.42232,2
881,0.13368,2.58602,7.42232,2
881.1,0.13368,2.58599,7.42232,2
881.2,0.13369,2.58597,7.42232,2
881.3,0.13369,2.58594,7.42232,2
881.4,0.13369,2.58592,7.42232,2
881.5,0.13369,2.58589,7.42232,2
881.6,0.13369,2.58586,7.42232,2
881.7,0.13369,2.58584,7.42232,2
881.8,0.13369,2.58582,7.42232,2
881.9,0.13369,2.58579,7.42232,2
882,0.13369,2.58576,7.42231,2
882.1,0.13369,2.58574,7.42231,2
882.2,0.13369,2.58571,7.42231,2
882.3,0.13369,2.58568,7.42231,2
882.4,0.13369,2.58565,7.42231,2
882.5,0.13369,2.58562,7.42231,2
882.6,0.13369,2.58559,7.42231,2
882.7,0.13369,2.58557,7.42231,2
882.8,0.13369,2.58554,7.42231,2
882.9,0.13369,2.58552,7.42231,2
883,0.1337,2.58549,7.42231,2
883.1,0.1337,2.58547,7.42231,2
883.2,0.1337,2.58545,7.42231,2
883.3,0.1337,2.58542,7.42231,2
883.4,0.1337,2.5854,7.42231,2
883.5,0.1337,2.58537,7.42231,2
883.6,0.1337,2.58534,7.42231,2
883.7,0.1337,2.58531,7.42231,2
883.8,0.1337,2.58528,7.42231,2
883.9,0.1337,2.58525,7.42231,2
884,0.1337,2.58522,7.42231,2
884.1,0.1337,2.58519,7.42231,2
884.2,0.1337,2.58516,7.42231,2
884.3,0.1337,2.58513,7.42231,2
884.4,0.1337,2.5851,7.42231,2
884.5,0.1337,2.58507,7.42231,2
884.6,0.1337,2.58504,7.42231,2
884.7,0.1337,2.58502,7.42231,2
884.8,0.13371,2.58499,7.42231,2
884.9,0.13371,2.58496,7.42231,2
885,0.13371,2.58493,7.42231,2
885.1,0.13371,2.5849,7.42231,2
885.2,0.13371,2.58487,7.42231,2
885.3,0.13371,2.58484,7.42231,2
885.4,0.13371,2.58481,7.42231,2
885.5,0.13371,2.58478,7.42231,2
885.6,0.13371,2.58475,7.42231,2
885.7,0.13371,2.58472,7.42231,2
885.8,0.13371,2.58469,7.42231,2
885.9,0.13372,2.58467,7.42231,2
886,0.13372,2.58464,7.42231,2
886.1,0.13372,2.5846,7.42231,2
886.2,0.13372,2.58457,7.42231,2
886.3,0.13372,2.58454,7.42231,2
886.4,0.13372,2.58451,7.42231,2
886.5,0.13372,2.58448,7.42231,2
886.6,0.13372,2.58445,7.42231,2
886.7,0.13372,2.58444,7.42231,2
886.8,0.13373,2.58443,7.42231,2
886.9,0.13373,2.58442,7.42231,2
887,0.13373,2.58442,7.42231,2
887.1,0.13373,2.58441,7.42231,2
887.2,0.13373,2.5844,7.42231,2
887.3,0.13373,2.58439,7.42231,2
887.4,0.13373,2.58439,7.42231,2
887.5,0.13373,2.58438,7.42231,2
887.6,0.13374,2.58438,7.42231,2
887.7,0.13374,2.58437,7.42231,2
887.8,0.13374,2.58436,7.42231,2
887.9,0.13374,2.58436,7.42231,2
888,0.13374,2.58435,7.42231,2
888.1,0.13374,2.58434,7.42231,2
888.2,0.13374,2.58433,7.42231,2
888.3,0.13374,2.58432,7.42231,2
888.4,0.13374,2.58431,7.42231,2
888.5,0.13375,2.58431,7.42231,2
888.6,0.13375,2.5843,7.42231,2
888.7,0.13375,2.58429,7.42231,2
888.8,0.13375,2.58428,7.42231,2
888.9,0.13375,2.58427,7.42231,2
889,0.13375,2.58426,7.42231,2
889.1,0.13375,2.58425,7.42231,2
889.2,0.13375,2.58425,7.42231,2
889.3,0.13375,2.58423,7.42231,2
889.4,0.13375,2.58422,7.42231,2
889.5,0.13376,2.58421,7.42231,2
889.6,0.13376,2.5842,7.42231,2
889.7,0.13376,2.58419,7.42231,2
889.8,0.13376,2.58418,7.42231,2
889.9,0.13376,2.58417,7.42231,2
890,0.13376,2.58416,7.42231,2
890.1,0.13376,2.58415,7.42231,2
890.2,0.13376,2.58414,7.42231,2
890.3,0.13376,2.58413,7.42231,2
890.4,0.13376,2.58412,7.42231,2
890.5,0.13376,2.5841,7.42231,2
890.6,0.13377,2.58409,7.42231,2
890.7,0.13377,2.58408,7.42231,2
890.8,0.13377,2.58407,7.42231,2
890.9,0.13377,2.58406,7.42231,2
891,0.13377,2.58405,7.42231,2
891.1,0.13377,2.58404,7.42231,2
891.2,0.13377,2.58403,7.42231,2
891.3,0.13377,2.58402,7.42231,2
891.4,0.13378,2.584,7.42231,2
891.5,0.13378,2.58399,7.42231,2
891.6,0.13378,2.58398,7.42231,2
891.7,0.13378,2.58396,7.42231,2
891.8,0.13378,2.58395,7.42231,2
891.9,0.13378,2.58393,7.42231,2
892,0.13378,2.58392,7.42231,2
892.1,0.13378,2.5839,7.42231,2
892.2,0.13379,2.58389,7.42231,2
892.3,0.13379,2.58387,7.42231,2
892.4,0.13379,2.58386,7.42231,2
892.5,0.13379,2.58384,7.42231,2
892.6,0.13379,2.58383,7.42231,2
892.7,0.13379,2.58381,7.42231,2
892.8,0.13379,2.5838,7.42231,2
892.9,0.1338,2.58379,7.42231,2
893,0.1338,2.58377,7.42231,2
893.1,0.1338,2.58376,7.42231,2
893.2,0.1338,2.58374,7.42231,2
893.3,0.1338,2.58373,7.42231,2
893.4,0.1338,2.58371,7.42231,2
893.5,0.13381,2.5837,7.42231,2
893.6,0.13381,2.58368,7.42231,2
893.7,0.13381,2.58367,7.42231,2
893.8,0.13381,2.58365,7.42231,2
893.9,0.13382,2.58364,7.42231,2
894,0.13382,2.58362,7.42231,2
894.1,0.13382,2.5836,7.42231,2
894.2,0.13382,2.58358,7.42231,2
894.3,0.13383,2.58357,7.42231,2
894.4,0.13383,2.58355,7.42231,2
894.5,0.13383,2.58354,7.42231,2
894.6,0.13383,2.58352,7.42231,2
894.7,0.13384,2.58351,7.42231,2
894.8,0.13384,2.58349,7.42231,2
894.9,0.13384,2.58347,7.42231,2
895,0.13384,2.58346,7.42231,2
895.1,0.13384,2.58344,7.42231,2
895.2,0.13385,2.58343,7.42231,2
895.3,0.13385,2.58341,7.42231,2
895.4,0.13385,2.58339,7.42231,2
895.5,0.13385,2.58338,7.42231,2
895.6,0.13386,2.58337,7.42231,2
895.7,0.13386,2.58335,7.42231,2
895.8,0.13386,2.58334,7.42231,2
895.9,0.13386,2.58333,7.42231,2
896,0.13387,2.58331,7.42231,2
896.1,0.13387,2.5833,7.42231,2
896.2,0.13387,2.58329,7.42231,2
896.3,0.13387,2.58327,7.42231,2
896.4,0.13388,2.58326,7.42231,2
896.5,0.13388,2.58325,7.42231,2
896.6,0.13388,2.58323,7.42231,2
896.7,0.13388,2.58322,7.42231,2
896.8,0.13389,2.58321,7.42231,2
896.9,0.13389,2.58319,7.42231,2
897,0.13389,2.58318,7.42231,2
897.1,0.13389,2.58316,7.42231,2
897.2,0.1339,2.58315,7.42231,2
897.3,0.1339,2.58313,7.42231,2
897.4,0.1339,2.58312,7.42231,2
897.5,0.13391,2.5831,7.42231,2
897.6,0.13391,2.58309,7.42231,2
897.7,0.13391,2.58307,7.42231,2
897.8,0.13391,2.58306,7.42231,2
897.9,0.13392,2.58304,7.42231,2
898,0.13392,2.58303,7.42231,2
898.1,0.13392,2.58302,7.42231,2
898.2,0.13392,2.583,7.42231,2
898.3,0.13393,2.58299,7.42231,2
898.4,0.13393,2.58297,7.42231,2
898.5,0.13393,2.58296,7.42231,2
898.6,0.13394,2.58293,7.42231,2
898.7,0.13394,2.5829,7.42231,2
898.8,0.13394,2.58287,7.42231,2
898.9,0.13394,2.58284,7.42231,2
899,0.13395,2.58281,7.42231,2
899.1,0.13395,2.58278,7.42231,2
899.2,0.13395,2.58275,7.42231,2
899.3,0.13396,2.58272,7.42231,2
899.4,0.13396,2.58269,7.42231,2
899.5,0.13396,2.58266,7.42231,2
899.6,0.13396,2.58263,7.42231,2
899.7,0.13397,2.58261,7.42231,2
899.8,0.13397,2.58258,7.4223,2
899.9,0.13397,2.58255,7.4223,2
900,0.13398,2.58252,7.4223,2
900.1,0.13398,2.5825,7.4223,2
900.2,0.13398,2.58247,7.4223,2
900.3,0.13398,2.58244,7.4223,2
900.4,0.13399,2.58242,7.4223,2
900.5,0.13399,2.58239,7.4223,2
900.6,0.13399,2.58237,7.4223,2
900.7,0.13399,2.58234,7.4223,2
900.8,0.134,2.58232,7.4223,2
900.9,0.134,2.58229,7.4223,2
901,0.134,2.58227,7.4223,2
901.1,0.13401,2.58224,7.4223,2
901.2,0.13401,2.58222,7.4223,2
901.3,0.13401,2.58219,7.4223,2
901.4,0.13402,2.58217,7.4223,2
901.5,0.13402,2.58215,7.4223,2
901.6,0.13402,2.58212,7.4223,2
901.7,0.13402,2.5821,7.4223,2
901.8,0.13403,2.58208,7.4223,2
901.9,0.13403,2.58206,7.4223,2
902,0.13403,2.58203,7.4223,2
902.1,0.13404,2.58201,7.4223,2
902.2,0.13404,2.58199,7.4223,2
902.3,0.13404,2.58197,7.4223,2
902.4,0.13405,2.58195,7.4223,2
902.5,0.13405,2.58192,7.4223,2
902.6,0.13405,2.5819,7.4223,2
902.7,0.13406,2.58188,7.4223,2
902.8,0.13406,2.58185,7.4223,2
902.9,0.13406,2.58183,7.4223,2
903,0.13407,2.58181,7.4223,2
903.1,0.13407,2.58178,7.4223,2
903.2,0.13407,2.58176,7.4223,2
903.3,0.13408,2.58174,7.4223,2
903.4,0.13408,2.58172,7.4223,2
903.5,0.13408,2.5817,7.4223,2
903.6,0.13409,2.58168,7.4223,2
903.7,0.13409,2.58166,7.4223,2
903.8,0.13409,2.58164,7.4223,2
903.9,0.1341,2.58163,7.4223,2
904,0.1341,2.58161,7.4223,2
904.1,0.1341,2.58159,7.4223,2
904.2,0.13411,2.58157,7.4223,2
904.3,0.13411,2.58156,7.4223,2
904.4,0.13412,2.58154,7.4223,2
904.5,0.13412,2.58152,7.4223,2
904.6,0.13412,2.58151,7.4223,2
904.7,0.13413,2.58149,7.4223,2
904.8,0.13413,2.58147,7.4223,2
904.9,0.13414,2.58146,7.4223,2
905,0.13414,2.58144,7.4223,2
905.1,0.13414,2.58142,7.4223,2
905.2,0.13415,2.58141,7.4223,2
905.3,0.13415,2.58139,7.4223,2
905.4,0.13416,2.58137,7.4223,2
905.5,0.13416,2.58136,7.4223,2
905.6,0.13416,2.58134,7.4223,2
905.7,0.13417,2.58132,7.4223,2
905.8,0.13417,2.5813,7.4223,2
905.9,0.13418,2.58129,7.4223,2
906,0.13418,2.58127,7.4223,2
906.1,0.13418,2.58125,7.4223,2
906.2,0.13419,2.58124,7.4223,2
906.3,0.13419,2.58122,7.4223,2
906.4,0.1342,2.5812,7.4223,2
906.5,0.1342,2.58119,7.4223,2
906.6,0.1342,2.58117,7.4223,2
906.7,0.13421,2.58116,7.4223,2
906.8,0.13421,2.58114,7.4223,2
906.9,0.13422,2.58113,7.4223,2
907,0.13422,2.58111,7.4223,2
907.1,0.13423,2.5811,7.4223,2
907.2,0.13423,2.58109,7.4223,2
907.3,0.13423,2.58107,7.4223,2
907.4,0.13424,2.58106,7.4223,2
907.5,0.13424,2.58104,7.4223,2
907.6,0.13425,2.58103,7.4223,2
907.7,0.13425,2.58101,7.4223,2
907.8,0.13425,2.581,7.4223,2
907.9,0.13426,2.58099,7.4223,2
908,0.13426,2.58097,7.4223,2
908.1,0.13427,2.58096,7.4223,2
908.2,0.13427,2.58094,7.4223,2
908.3,0.13427,2.58093,7.4223,2
908.4,0.13428,2.58092,7.4223,2
908.5,0.13428,2.58091,7.4223,2
908.6,0.13429,2.5809,7.4223,2
908.7,0.13429,2.58088,7.4223,2
908.8,0.1343,2.58087,7.42231,2
908.9,0.1343,2.58086,7.42231,2
909,0.13431,2.58085,7.42231,2
909.1,0.13431,2.58084,7.42231,2
909.2,0.13432,2.58083,7.42231,2
909.3,0.13432,2.58081,7.42231,2
909.4,0.13432,2.5808,7.42231,2
909.5,0.13433,2.58079,7.42231,2
909.6,0.13433,2.58078,7.42231,2
909.7,0.13434,2.58077,7.42231,2
909.8,0.13434,2.58076,7.42231,2
909.9,0.13435,2.58074,7.42231,2
910,0.13435,2.58073,7.42231,2
910.1,0.13435,2.58072,7.42231,2
910.2,0.13436,2.58071,7.42231,2
910.3,0.13436,2.5807,7.42231,2
910.4,0.13437,2.58069,7.42231,2
910.5,0.13437,2.58068,7.42231,2
910.6,0.13438,2.58067,7.42231,2
910.7,0.13438,2.58065,7.42231,2
910.8,0.13439,2.58064,7.42231,2
910.9,0.13439,2.58063,7.42231,2
911,0.13439,2.58062,7.42231,2
911.1,0.1344,2.58061,7.42232,2
911.2,0.1344,2.5806,7.42232,2
911.3,0.13441,2.58059,7.42232,2
911.4,0.13441,2.58059,7.42232,2
911.5,0.13442,2.58058,7.42232,2
911.6,0.13442,2.58057,7.42232,2
911.7,0.13442,2.58056,7.42232,2
911.8,0.13443,2.58055,7.42232,2
911.9,0.13443,2.58054,7.42232,2
912,0.13444,2.58053,7.42232,2
912.1,0.13444,2.58052,7.42232,2
912.2,0.13444,2.58051,7.42232,2
912.3,0.13445,2.58051,7.42232,2
912.4,0.13445,2.5805,7.42232,2
912.5,0.13446,2.58049,7.42232,2
912.6,0.13446,2.58049,7.42232,2
912.7,0.13447,2.58048,7.42232,2
912.8,0.13447,2.58047,7.42233,2
912.9,0.13447,2.58047,7.42233,2
913,0.13448,2.58046,7.42233,2
913.1,0.13448,2.58045,7.42233,2
913.2,0.13449,2.58045,7.42233,2
913.3,0.13449,2.58044,7.42233,2
913.4,0.13449,2.58044,7.42233,2
913.5,0.1345,2.58043,7.42233,2
913.6,0.1345,2.58042,7.42233,2
913.7,0.13451,2.58042,7.42233,2
913.8,0.13451,2.58041,7.42233,2
913.9,0.13452,2.58041,7.42233,2
914,0.13452,2.5804,7.42233,2
914.1,0.13453,2.5804,7.42233,2
914.2,0.13453,2.5804,7.42233,2
914.3,0.13454,2.58039,7.42233,2
914.4,0.13454,2.58038,7.42233,2
914.5,0.13455,2.58038,7.42233,2
914.6,0.13455,2.58037,7.42233,2
914.7,0.13456,2.58036,7.42234,2
914.8,0.13456,2.58036,7.42234,2
914.9,0.13457,2.58035,7.42234,2
915,0.13457,2.58034,7.42234,2
915.1,0.13458,2.58034,7.42234,2
915.2,0.13458,2.58033,7.42234,2
915.3,0.13459,2.58033,7.42234,2
915.4,0.13459,2.58032,7.42234,2
915.5,0.1346,2.58032,7.42234,2
915.6,0.1346,2.58031,7.42234,2
915.7,0.13461,2.58031,7.42234,2
915.8,0.13461,2.58031,7.42234,2
915.9,0.13461,2.5803,7.42234,2
916,0.13462,2.5803,7.42234,2
916.1,0.13462,2.58029,7.42234,2
916.2,0.13463,2.58029,7.42235,2
916.3,0.13463,2.58028,7.42235,2
916.4,0.13464,2.58028,7.42235,2
916.5,0.13464,2.58027,7.42235,2
916.6,0.13465,2.58027,7.42235,2
916.7,0.13465,2.58026,7.42235,2
916.8,0.13466,2.58026,7.42235,2
916.9,0.13466,2.58025,7.42235,2
917,0.13466,2.58025,7.42235,2
917.1,0.13467,2.58025,7.42235,2
917.2,0.13467,2.58024,7.42235,2
917.3,0.13468,2.58024,7.42235,2
917.4,0.13468,2.58024,7.42235,2
917.5,0.13469,2.58023,7.42236,2
917.6,0.13469,2.58023,7.42236,2
917.7,0.1347,2.58023,7.42236,2
917.8,0.1347,2.58022,7.42236,2
917.9,0.13471,2.58022,7.42236,2
918,0.13471,2.58022,7.42236,2
918.1,0.13472,2.58021,7.42236,2
918.2,0.13472,2.58021,7.42236,2
918.3,0.13473,2.58021,7.42236,2
918.4,0.13473,2.5802,7.42236,2
918.5,0.13474,2.5802,7.42236,2
918.6,0.13474,2.5802,7.42237,2
918.7,0.13474,2.5802,7.42237,2
918.8,0.13475,2.5802,7.42237,2
918.9,0.13475,2.58019,7.42237,2
919,0.13476,2.58019,7.42237,2
919.1,0.13476,2.58019,7.42237,2
919.2,0.13477,2.58019,7.42237,2
919.3,0.13477,2.58018,7.42237,2
919.4,0.13478,2.58018,7.42237,2
919.5,0.13478,2.58018,7.42238,2
919.6,0.13479,2.58018,7.42238,2
919.7,0.13479,2.58018,7.42238,2
919.8,0.1348,2.58018,7.42238,2
919.9,0.1348,2.58017,7.42238,2
920,0.13481,2.58017,7.42238,2
920.1,0.13481,2.58017,7.42238,2
920.2,0.13482,2.58017,7.42238,2
920.3,0.13482,2.58017,7.42239,2
920.4,0.13482,2.58017,7.42239,2
920.5,0.13483,2.58017,7.42239,2
920.6,0.13483,2.58018,7.42239,2
920.7,0.13484,2.58018,7.42239,2
920.8,0.13484,2.58017,7.42239,2
920.9,0.13485,2.58017,7.42239,2
921,0.13486,2.58018,7.42239,2
921.1,0.13486,2.58018,7.42239,2
921.2,0.13487,2.58018,7.4224,2
921.3,0.13487,2.58018,7.4224,2
921.4,0.13488,2.58018,7.4224,2
921.5,0.13488,2.58018,7.4224,2
921.6,0.13489,2.58019,7.4224,2
921.7,0.13489,2.58019,7.4224,2
921.8,0.1349,2.58019,7.4224,2
921.9,0.1349,2.58019,7.4224,2
922,0.13491,2.58019,7.4224,2
922.1,0.13491,2.58019,7.4224,2
922.2,0.13492,2.58019,7.4224,2
922.3,0.13492,2.5802,7.4224,2
922.4,0.13493,2.5802,7.4224,2
922.5,0.13494,2.5802,7.4224,2
922.6,0.13494,2.5802,7.4224,2
922.7,0.13495,2.5802,7.4224,2
922.8,0.13495,2.5802,7.4224,2
922.9,0.13496,2.5802,7.4224,2
923,0.13496,2.5802,7.4224,2
923.1,0.13497,2.5802,7.4224,2
923.2,0.13497,2.58021,7.4224,2
923.3,0.13498,2.58021,7.4224,2
923.4,0.13499,2.58021,7.4224,2
923.5,0.13499,2.58021,7.4224,2
923.6,0.135,2.58021,7.4224,2
923.7,0.135,2.58021,7.4224,2
923.8,0.13501,2.58022,7.4224,2
923.9,0.13501,2.58022,7.4224,2
924,0.13502,2.58022,7.4224,2
924.1,0.13503,2.58022,7.4224,2
924.2,0.13503,2.58022,7.4224,2
924.3,0.13504,2.58022,7.42241,2
924.4,0.13504,2.58023,7.42241,2
924.5,0.13505,2.58023,7.42241,2
924.6,0.13506,2.58023,7.42241,2
924.7,0.13506,2.58023,7.42241,2
924.8,0.13507,2.58023,7.42241,2
924.9,0.13507,2.58023,7.42241,2
925,0.13508,2.58024,7.42241,2
925.1,0.13508,2.58024,7.42241,2
925.2,0.13509,2.58024,7.42241,2
925.3,0.13509,2.58024,7.42241,2
925.4,0.1351,2.58025,7.42241,2
925.5,0.13511,2.58025,7.42241,2
925.6,0.13511,2.58025,7.42241,2
925.7,0.13512,2.58025,7.42241,2
925.8,0.13512,2.58026,7.42241,2
925.9,0.13513,2.58026,7.42241,2
926,0.13514,2.58026,7.42241,2
926.1,0.13514,2.58027,7.42241,2
926.2,0.13515,2.58027,7.42241,2
926.3,0.13515,2.58027,7.42241,2
926.4,0.13516,2.58027,7.42241,2
926.5,0.13516,2.58028,7.42241,2
926.6,0.13517,2.58028,7.42241,2
926.7,0.13518,2.58029,7.42241,2
926.8,0.13518,2.58029,7.42241,2
926.9,0.13519,2.5803,7.42241,2
927,0.13519,2.5803,7.42241,2
927.1,0.1352,2.58031,7.42241,2
927.2,0.1352,2.58031,7.42241,2
927.3,0.13521,2.58032,7.42241,2
927.4,0.13522,2.58032,7.42241,2
927.5,0.13522,2.58033,7.42241,2
927.6,0.13523,2.58033,7.42241,2
927.7,0.13523,2.58033,7.42241,2
927.8,0.13524,2.58034,7.42241,2
927.9,0.13524,2.58034,7.42241,2
928,0.13525,2.58035,7.42241,2
928.1,0.13526,2.58035,7.42241,2
928.2,0.13526,2.58035,7.42241,2
928.3,0.13527,2.58036,7.42242,2
928.4,0.13527,2.58036,7.42242,2
928.5,0.13528,2.58037,7.42242,2
928.6,0.13529,2.58037,7.42242,2
928.7,0.13529,2.58038,7.42242,2
928.8,0.1353,2.58038,7.42242,2
928.9,0.13531,2.58039,7.42242,2
929,0.13531,2.5804,7.42242,2
929.1,0.13532,2.5804,7.42242,2
929.2,0.13533,2.58041,7.42242,2
929.3,0.13533,2.58041,7.42242,2
929.4,0.13534,2.58042,7.42242,2
929.5,0.13535,2.58042,7.42242,2
929.6,0.13535,2.58043,7.42242,2
929.7,0.13536,2.58043,7.42242,2
929.8,0.13537,2.58044,7.42242,2
929.9,0.13537,2.58044,7.42242,2
930,0.13538,2.58045,7.42242,2
930.1,0.13539,2.58045,7.42242,2
930.2,0.13539,2.58046,7.42242,2
930.3,0.1354,2.58046,7.42242,2
930.4,0.13541,2.58047,7.42242,2
930.5,0.13541,2.58047,7.42242,2
930.6,0.13542,2.58048,7.42242,2
930.7,0.13543,2.58049,7.42242,2
930.8,0.13543,2.58049,7.42242,2
930.9,0.13544,2.5805,7.42242,2
931,0.13545,2.5805,7.42242,2
931.1,0.13545,2.58051,7.42242,2
931.2,0.13546,2.58052,7.42242,2
931.3,0.13546,2.58053,7.42242,2
931.4,0.13547,2.58053,7.42242,2
931.5,0.13548,2.58054,7.42242,2
931.6,0.13548,2.58054,7.42242,2
931.7,0.13549,2.58055,7.42242,2
931.8,0.1355,2.58056,7.42242,2
931.9,0.1355,2.58056,7.42242,2
932,0.13551,2.58056,7.42242,2
932.1,0.13552,2.58057,7.42242,2
932.2,0.13552,2.58057,7.42241,2
932.3,0.13553,2.58058,7.42241,2
932.4,0.13554,2.58058,7.42241,2
932.5,0.13554,2.58059,7.42241,2
932.6,0.13555,2.58059,7.42241,2
932.7,0.13556,2.5806,7.42241,2
932.8,0.13556,2.5806,7.42241,2
932.9,0.13557,2.58061,7.42241,2
933,0.13558,2.58062,7.42241,2
933.1,0.13558,2.58063,7.42241,2
933.2,0.13559,2.58064,7.42241,2
933.3,0.1356,2.58065,7.42241,2
933.4,0.1356,2.58066,7.42241,2
933.5,0.13561,2.58066,7.42241,2
933.6,0.13562,2.58067,7.42241,2
933.7,0.13562,2.58068,7.42241,2
933.8,0.13563,2.58069,7.42241,2
933.9,0.13564,2.5807,7.42241,2
934,0.13564,2.58071,7.42241,2
934.1,0.13565,2.58071,7.42241,2
934.2,0.13566,2.58072,7.42241,2
934.3,0.13566,2.58073,7.42241,2
934.4,0.13567,2.58074,7.42241,2
934.5,0.13568,2.58075,7.42241,2
934.6,0.13569,2.58076,7.42241,2
934.7,0.13569,2.58077,7.42241,2
934.8,0.1357,2.58077,7.42241,2
934.9,0.13571,2.58078,7.42241,2
935,0.13571,2.58079,7.42241,2
935.1,0.13572,2.5808,7.42241,2
935.2,0.13573,2.58081,7.42241,2
935.3,0.13573,2.58082,7.42241,2
935.4,0.13574,2.58082,7.42241,2
935.5,0.13575,2.58083,7.42241,2
935.6,0.13576,2.58084,7.42241,2
935.7,0.13576,2.58085,7.42241,2
935.8,0.13577,2.58086,7.42241,2
935.9,0.13578,2.58086,7.42241,2
936,0.13578,2.58087,7.42241,2
936.1,0.13579,2.58088,7.42241,2
936.2,0.1358,2.58088,7.42241,2
936.3,0.13581,2.58089,7.42241,2
936.4,0.13581,2.5809,7.42241,2
936.5,0.13582,2.58091,7.4224,2
936.6,0.13583,2.58092,7.4224,2
936.7,0.13583,2.58092,7.4224,2
936.8,0.13584,2.58093,7.4224,2
936.9,0.13585,2.58094,7.4224,2
937,0.13585,2.58095,7.4224,2
937.1,0.13586,2.58095,7.4224,2
937.2,0.13587,2.58096,7.4224,2
937.3,0.13587,2.58097,7.4224,2
937.4,0.13588,2.58098,7.4224,2
937.5,0.13589,2.58098,7.4224,2
937.6,0.1359,2.58099,7.4224,2
937.7,0.1359,2.581,7.4224,2
937.8,0.13591,2.58101,7.4224,2
937.9,0.13592,2.58102,7.4224,2
938,0.13592,2.58102,7.4224,2
938.1,0.13593,2.58103,7.4224,2
938.2,0.13594,2.58104,7.4224,2
938.3,0.13594,2.58105,7.4224,2
938.4,0.13595,2.58105,7.4224,2
938.5,0.13596,2.58106,7.4224,2
938.6,0.13597,2.58106,7.4224,2
938.7,0.13597,2.58107,7.4224,2
938.8,0.13598,2.58108,7.4224,2
938.9,0.13599,2.58108,7.4224,2
939,0.13599,2.58109,7.4224,2
939.1,0.136,2.58109,7.4224,2
939.2,0.13601,2.5811,7.4224,2
939.3,0.13601,2.5811,7.4224,2
939.4,0.13602,2.58111,7.4224,2
939.5,0.13603,2.58112,7.4224,2
939.6,0.13604,2.58112,7.4224,2
939.7,0.13604,2.58113,7.4224,2
939.8,0.13605,2.58114,7.4224,2
939.9,0.13606,2.58114,7.4224,2
940,0.13606,2.58115,7.4224,2
940.1,0.13607,2.58116,7.4224,2
940.2,0.13608,2.58117,7.4224,2
940.3,0.13609,2.58117,7.4224,2
940.4,0.13609,2.58118,7.4224,2
940.5,0.1361,2.58119,7.4224,2
940.6,0.13611,2.58119,7.4224,2
940.7,0.13612,2.5812,7.4224,2
940.8,0.13612,2.5812,7.4224,2
940.9,0.13613,2.58121,7.4224,2
941,0.13614,2.58122,7.4224,2
941.1,0.13615,2.58122,7.4224,2
941.2,0.13615,2.58123,7.4224,2
941.3,0.13616,2.58124,7.4224,2
941.4,0.13617,2.58125,7.4224,2
941.5,0.13617,2.58125,7.4224,2
941.6,0.13618,2.58126,7.4224,2
941.7,0.13619,2.58126,7.42241,2
941.8,0.1362,2.58127,7.42241,2
941.9,0.1362,2.58128,7.42241,2
942,0.13621,2.58128,7.42241,2
942.1,0.13622,2.58129,7.42241,2
942.2,0.13623,2.58129,7.42241,2
942.3,0.13623,2.5813,7.42241,2
942.4,0.13624,2.5813,7.42241,2
942.5,0.13625,2.58131,7.42241,2
942.6,0.13625,2.58131,7.42241,2
942.7,0.13626,2.58132,7.42241,2
942.8,0.13627,2.58132,7.42241,2
942.9,0.13627,2.58133,7.42241,2
943,0.13628,2.58133,7.42241,2
943.1,0.13629,2.58133,7.42241,2
943.2,0.1363,2.58134,7.42241,2
943.3,0.1363,2.58134,7.42241,2
943.4,0.13631,2.58135,7.42241,2
943.5,0.13632,2.58135,7.42241,2
943.6,0.13632,2.58136,7.42241,2
943.7,0.13633,2.58136,7.42241,2
943.8,0.13634,2.58136,7.42241,2
943.9,0.13635,2.58137,7.42241,2
944,0.13635,2.58137,7.42241,2
944.1,0.13636,2.58137,7.42241,2
944.2,0.13637,2.58138,7.42241,2
944.3,0.13638,2.58138,7.42241,2
944.4,0.13638,2.58138,7.42241,2
944.5,0.13639,2.58139,7.42241,2
944.6,0.1364,2.58139,7.42241,2
944.7,0.1364,2.5814,7.42241,2
944.8,0.13641,2.5814,7.42241,2
944.9,0.13642,2.58141,7.42241,2
945,0.13643,2.58141,7.42241,2
945.1,0.13643,2.58142,7.42241,2
945.2,0.13644,2.58142,7.42241,2
945.3,0.13645,2.58143,7.42241,2
945.4,0.13646,2.58143,7.42241,2
945.5,0.13646,2.58144,7.42241,2
945.6,0.13647,2.58144,7.42241,2
945.7,0.13648,2.58145,7.42241,2
945.8,0.13649,2.58145,7.42241,2
945.9,0.13649,2.58146,7.42241,2
946,0.1365,2.58146,7.42241,2
946.1,0.13651,2.58147,7.42241,2
946.2,0.13651,2.58147,7.42241,2
946.3,0.13652,2.58148,7.42241,2
946.4,0.13653,2.58148,7.42241,2
946.5,0.13653,2.58149,7.42241,2
946.6,0.13654,2.58149,7.42241,2
946.7,0.13655,2.58149,7.42241,2
946.8,0.13656,2.5815,7.42241,2
946.9,0.13656,2.5815,7.42241,2
947,0.13657,2.58151,7.42241,2
947.1,0.13658,2.58151,7.42241,2
947.2,0.13658,2.58152,7.42241,2
947.3,0.13659,2.58152,7.42241,2
947.4,0.1366,2.58153,7.42241,2
947.5,0.1366,2.58153,7.42241,2
947.6,0.13661,2.58154,7.42241,2
947.7,0.13662,2.58154,7.42241,2
947.8,0.13662,2.58155,7.42241,2
947.9,0.13663,2.58156,7.42241,2
948,0.13664,2.58156,7.42241,2
948.1,0.13665,2.58157,7.42241,2
948.2,0.13665,2.58157,7.42241,2
948.3,0.13666,2.58158,7.42241,2
948.4,0.13667,2.58158,7.42241,2
948.5,0.13667,2.58158,7.42241,2
948.6,0.13668,2.58159,7.42241,2
948.7,0.13669,2.58159,7.42241,2
948.8,0.13669,2.5816,7.42241,2
948.9,0.1367,2.5816,7.42241,2
949,0.13671,2.5816,7.42242,2
949.1,0.13671,2.58161,7.42242,2
949.2,0.13672,2.58161,7.42242,2
949.3,0.13673,2.58161,7.42242,2
949.4,0.13674,2.58161,7.42242,2
949.5,0.13674,2.58162,7.42242,2
949.6,0.13675,2.58162,7.42242,2
949.7,0.13676,2.58162,7.42242,2
949.8,0.13676,2.58162,7.42242,2
949.9,0.13677,2.58163,7.42242,2
950,0.13678,2.58163,7.42242,2
950.1,0.13678,2.58164,7.42242,2
950.2,0.13679,2.58164,7.42242,2
950.3,0.1368,2.58165,7.42242,2
950.4,0.13681,2.58165,7.42242,2
950.5,0.13681,2.58166,7.42242,2
950.6,0.13682,2.58166,7.42242,2
950.7,0.13683,2.58167,7.42242,2
950.8,0.13683,2.58167,7.42242,2
950.9,0.13684,2.58168,7.42242,2
951,0.13685,2.58168,7.42242,2
951.1,0.13686,2.58169,7.42242,2
951.2,0.13686,2.58169,7.42242,2
951.3,0.13687,2.5817,7.42242,2
951.4,0.13688,2.58171,7.42242,2
951.5,0.13688,2.58171,7.42242,2
951.6,0.13689,2.58172,7.42242,2
951.7,0.1369,2.58173,7.42242,2
951.8,0.13691,2.58174,7.42242,2
951.9,0.13691,2.58174,7.42242,2
952,0.13692,2.58175,7.42242,2
952.1,0.13693,2.58176,7.42242,2
952.2,0.13694,2.58177,7.42242,2
952.3,0.13694,2.58178,7.42242,2
952.4,0.13695,2.58178,7.42242,2
952.5,0.13696,2.58179,7.42242,2
952.6,0.13697,2.58181,7.42242,2
952.7,0.13697,2.58182,7.42242,2
952.8,0.13698,2.58182,7.42242,2
952.9,0.13699,2.58183,7.42242,2
953,0.137,2.58184,7.42242,2
953.1,0.137,2.58186,7.42242,2
953.2,0.13701,2.58186,7.42242,2
953.3,0.13702,2.58187,7.42242,2
953.4,0.13703,2.58188,7.42242,2
953.5,0.13703,2.58189,7.42242,2
953.6,0.13704,2.5819,7.42242,2
953.7,0.13705,2.58191,7.42242,2
953.8,0.13706,2.58192,7.42242,2
953.9,0.13706,2.58193,7.42242,2
954,0.13707,2.58194,7.42243,2
954.1,0.13708,2.58195,7.42243,2
954.2,0.13708,2.58196,7.42243,2
954.3,0.13709,2.58197,7.42243,2
954.4,0.1371,2.58198,7.42243,2
954.5,0.13711,2.58199,7.42243,2
954.6,0.13711,2.582,7.42243,2
954.7,0.13712,2.58201,7.42243,2
954.8,0.13713,2.58201,7.42243,2
954.9,0.13714,2.58202,7.42243,2
955,0.13715,2.58203,7.42243,2
955.1,0.13715,2.58204,7.42243,2
955.2,0.13716,2.58205,7.42243,2
955.3,0.13717,2.58205,7.42243,2
955.4,0.13718,2.58206,7.42243,2
955.5,0.13718,2.58207,7.42243,2
955.6,0.13719,2.58208,7.42243,2
955.7,0.1372,2.58209,7.42243,2
955.8,0.13721,2.5821,7.42243,2
955.9,0.13721,2.5821,7.42243,2
956,0.13722,2.58211,7.42243,2
956.1,0.13723,2.58212,7.42243,2
956.2,0.13724,2.58213,7.42243,2
956.3,0.13724,2.58214,7.42243,2
956.4,0.13725,2.58215,7.42243,2
956.5,0.13726,2.58216,7.42243,2
956.6,0.13727,2.58216,7.42243,2
956.7,0.13727,2.58217,7.42244,2
956.8,0.13728,2.58218,7.42244,2
956.9,0.13729,2.58219,7.42244,2
957,0.1373,2.5822,7.42244,2
957.1,0.13731,2.5822,7.42244,2
957.2,0.13731,2.58221,7.42244,2
957.3,0.13732,2.58222,7.42244,2
957.4,0.13733,2.58223,7.42244,2
957.5,0.13733,2.58224,7.42244,2
957.6,0.13734,2.58225,7.42244,2
957.7,0.13735,2.58225,7.42244,2
957.8,0.13736,2.58226,7.42244,2
957.9,0.13736,2.58227,7.42244,2
958,0.13737,2.58228,7.42244,2
958.1,0.13738,2.58229,7.42244,2
958.2,0.13739,2.58229,7.42244,2
958.3,0.13739,2.5823,7.42244,2
958.4,0.1374,2.58231,7.42244,2
958.5,0.13741,2.58232,7.42244,2
958.6,0.13741,2.58233,7.42244,2
958.7,0.13742,2.58234,7.42244,2
958.8,0.13743,2.58235,7.42245,2
958.9,0.13744,2.58235,7.42245,2
959,0.13744,2.58236,7.42245,2
959.1,0.13745,2.58237,7.42245,2
959.2,0.13746,2.58238,7.42245,2
959.3,0.13747,2.58238,7.42245,2
959.4,0.13747,2.58239,7.42245,2
959.5,0.13748,2.5824,7.42245,2
959.6,0.13749,2.58241,7.42245,2
959.7,0.1375,2.58241,7.42245,2
959.8,0.1375,2.58242,7.42245,2
959.9,0.13751,2.58243,7.42245,2
960,0.13752,2.58243,7.42245,2
960.1,0.13752,2.58244,7.42245,2
960.2,0.13753,2.58245,7.42245,2
960.3,0.13754,2.58245,7.42245,2
960.4,0.13755,2.58246,7.42245,2
960.5,0.13755,2.58247,7.42245,2
960.6,0.13756,2.58248,7.42245,2
960.7,0.13757,2.58248,7.42245,2
960.8,0.13758,2.58249,7.42245,2
960.9,0.13758,2.5825,7.42245,2
961,0.13759,2.58251,7.42245,2
961.1,0.1376,2.58252,7.42245,2
961.2,0.1376,2.58252,7.42245,2
961.3,0.13761,2.58253,7.42245,2
961.4,0.13762,2.58254,7.42246,2
961.5,0.13763,2.58255,7.42246,2
961.6,0.13763,2.58255,7.42246,2
961.7,0.13764,2.58256,7.42246,2
961.8,0.13765,2.58257,7.42246,2
961.9,0.13765,2.58258,7.42246,2
962,0.13766,2.58258,7.42246,2
962.1,0.13767,2.58259,7.42246,2
962.2,0.13767,2.5826,7.42246,2
962.3,0.13768,2.5826,7.42246,2
962.4,0.13769,2.58261,7.42246,2
962.5,0.1377,2.58261,7.42246,2
962.6,0.1377,2.58262,7.42246,2
962.7,0.13771,2.58262,7.42246,2
962.8,0.13772,2.58263,7.42246,2
962.9,0.13772,2.58264,7.42246,2
963,0.13773,2.58265,7.42246,2
963.1,0.13774,2.58265,7.42246,2
963.2,0.13774,2.58266,7.42246,2
963.3,0.13775,2.58266,7.42246,2
963.4,0.13776,2.58267,7.42246,2
963.5,0.13776,2.58268,7.42246,2
963.6,0.13777,2.58268,7.42246,2
963.7,0.13778,2.58269,7.42246,2
963.8,0.13779,2.5827,7.42246,2
963.9,0.13779,2.58271,7.42246,2
964,0.1378,2.58272,7.42246,2
964.1,0.13781,2.58272,7.42246,2
964.2,0.13781,2.58273,7.42246,2
964.3,0.13782,2.58274,7.42247,2
964.4,0.13783,2.58275,7.42247,2
964.5,0.13783,2.58276,7.42247,2
964.6,0.13784,2.58276,7.42247,2
964.7,0.13785,2.58277,7.42247,2
964.8,0.13785,2.58278,7.42247,2
964.9,0.13786,2.58279,7.42247,2
965,0.13787,2.5828,7.42247,2
965.1,0.13788,2.58281,7.42247,1
965.2,0.13788,2.58282,7.42247,1
965.3,0.13789,2.58283,7.42247,1
965.4,0.1379,2.58284,7.42247,1
965.5,0.1379,2.58285,7.42247,1
965.6,0.13791,2.58286,7.42247,1
965.7,0.13792,2.58287,7.42247,1
965.8,0.13792,2.58287,7.42247,1
965.9,0.13793,2.58288,7.42247,1
966,0.13794,2.58289,7.42247,1
966.1,0.13794,2.5829,7.42247,1
966.2,0.13795,2.58291,7.42247,1
966.3,0.13796,2.58292,7.42247,1
966.4,0.13796,2.58293,7.42248,1
966.5,0.13797,2.58294,7.42248,1
966.6,0.13798,2.58294,7.42248,1
966.7,0.13798,2.58295,7.42248,1
966.8,0.13799,2.58296,7.42248,1
966.9,0.138,2.58297,7.42248,1
967,0.138,2.58298,7.42248,1
967.1,0.13801,2.58299,7.42248,1
967.2,0.13802,2.583,7.42248,1
967.3,0.13802,2.58301,7.42248,1
967.4,0.13803,2.58302,7.42248,1
967.5,0.13804,2.58303,7.42248,1
967.6,0.13804,2.58304,7.42248,1
967.7,0.13805,2.58305,7.42248,1
967.8,0.13805,2.58306,7.42248,1
967.9,0.13806,2.58307,7.42248,1
968,0.13807,2.58308,7.42248,1
968.1,0.13807,2.58309,7.42248,1
968.2,0.13808,2.5831,7.42248,1
968.3,0.13809,2.58311,7.42248,1
968.4,0.13809,2.58312,7.42248,1
968.5,0.1381,2.58313,7.42248,1
968.6,0.13811,2.58314,7.42248,1
968.7,0.13811,2.58315,7.42248,1
968.8,0.13812,2.58316,7.42248,1
968.9,0.13813,2.58317,7.42248,1
969,0.13813,2.58319,7.42248,1
969.1,0.13814,2.5832,7.42249,1
969.2,0.13815,2.58321,7.42249,1
969.3,0.13815,2.58322,7.42249,1
969.4,0.13816,2.58323,7.42249,1
969.5,0.13817,2.58324,7.42249,1
969.6,0.13817,2.58325,7.42249,1
969.7,0.13818,2.58326,7.42249,1
969.8,0.13818,2.58327,7.42249,1
969.9,0.13819,2.58328,7.42249,1
970,0.1382,2.5833,7.42249,1
970.1,0.1382,2.58331,7.42249,1
970.2,0.13821,2.58332,7.42249,1
970.3,0.13822,2.58333,7.42249,1
970.4,0.13822,2.58334,7.42249,1
970.5,0.13823,2.58335,7.42249,1
970.6,0.13824,2.58336,7.42249,1
970.7,0.13824,2.58337,7.42249,1
970.8,0.13825,2.58338,7.42249,1
970.9,0.13826,2.58339,7.42249,1
971,0.13826,2.5834,7.42249,1
971.1,0.13827,2.58341,7.42249,1
971.2,0.13828,2.58342,7.42249,1
971.3,0.13828,2.58343,7.42249,1
971.4,0.13829,2.58344,7.42249,1
971.5,0.1383,2.58345,7.42249,1
971.6,0.1383,2.58346,7.42249,1
971.7,0.13831,2.58347,7.42249,1
971.8,0.13831,2.58348,7.42249,1
971.9,0.13832,2.58349,7.42249,1
972,0.13833,2.5835,7.42249,1
972.1,0.13833,2.58351,7.42249,1
972.2,0.13834,2.58352,7.42249,1
972.3,0.13835,2.58353,7.42249,1
972.4,0.13835,2.58355,7.42249,1
972.5,0.13836,2.58356,7.42249,1
972.6,0.13836,2.58357,7.4225,1
972.7,0.13837,2.58358,7.4225,1
972.8,0.13838,2.5836,7.4225,1
972.9,0.13838,2.58361,7.4225,1
973,0.13839,2.58363,7.4225,1
973.1,0.1384,2.58365,7.4225,1
973.2,0.1384,2.58367,7.4225,1
973.3,0.13841,2.58369,7.4225,1
973.4,0.13841,2.5837,7.4225,1
973.5,0.13842,2.58372,7.4225,1
973.6,0.13843,2.58374,7.4225,1
973.7,0.13843,2.58376,7.4225,1
973.8,0.13844,2.58378,7.4225,1
973.9,0.13845,2.58379,7.4225,1
974,0.13845,2.58381,7.4225,1
974.1,0.13846,2.58383,7.4225,1
974.2,0.13846,2.58385,7.4225,1
974.3,0.13847,2.58386,7.4225,1
974.4,0.13848,2.58388,7.4225,1
974.5,0.13848,2.5839,7.4225,1
974.6,0.13849,2.58392,7.4225,1
974.7,0.13849,2.58394,7.4225,1
974.8,0.1385,2.58396,7.4225,1
974.9,0.13851,2.58398,7.4225,1
975,0.13851,2.584,7.4225,1
975.1,0.13852,2.58402,7.4225,1
975.2,0.13852,2.58404,7.4225,1
975.3,0.13853,2.58405,7.4225,1
975.4,0.13853,2.58407,7.4225,1
975.5,0.13854,2.58409,7.4225,1
975.6,0.13855,2.58411,7.4225,1
975.7,0.13855,2.58413,7.4225,1
975.8,0.13856,2.58415,7.4225,1
975.9,0.13856,2.58417,7.42251,1
976,0.13857,2.58419,7.42251,1
976.1,0.13857,2.58421,7.42251,1
976.2,0.13858,2.58423,7.42251,1
976.3,0.13858,2.58425,7.42251,1
976.4,0.13859,2.58427,7.42251,1
976.5,0.13859,2.58429,7.42251,1
976.6,0.1386,2.5843,7.42251,1
976.7,0.13861,2.58432,7.42251,1
976.8,0.13861,2.58434,7.42251,1
976.9,0.13862,2.58436,7.42251,1
977,0.13862,2.58438,7.42251,1
977.1,0.13863,2.58441,7.42251,1
977.2,0.13863,2.58443,7.42251,1
977.3,0.13864,2.58445,7.42251,1
977.4,0.13865,2.58447,7.42251,1
977.5,0.13865,2.58449,7.42251,1
977.6,0.13866,2.58451,7.42251,1
977.7,0.13866,2.58453,7.42251,1
977.8,0.13867,2.58455,7.42251,1
977.9,0.13867,2.58456,7.42251,1
978,0.13868,2.58458,7.42251,1
978.1,0.13868,2.5846,7.42251,1
978.2,0.13869,2.58462,7.42251,1
978.3,0.1387,2.58464,7.42251,1
978.4,0.1387,2.58466,7.42251,1
978.5,0.13871,2.58468,7.42251,1
978.6,0.13871,2.5847,7.42251,1
978.7,0.13872,2.58472,7.42251,1
978.8,0.13872,2.58473,7.42251,1
978.9,0.13873,2.58475,7.42251,1
979,0.13873,2.58477,7.42251,1
979.1,0.13874,2.58479,7.42251,1
979.2,0.13874,2.58481,7.42251,1
979.3,0.13875,2.58482,7.42251,1
979.4,0.13875,2.58484,7.42252,1
979.5,0.13876,2.58486,7.42252,1
979.6,0.13876,2.58488,7.42252,1
979.7,0.13877,2.5849,7.42252,1
979.8,0.13877,2.58492,7.42252,1
979.9,0.13878,2.58494,7.42252,1
980,0.13878,2.58496,7.42252,1
980.1,0.13879,2.58498,7.42252,1
980.2,0.13879,2.585,7.42252,1
980.3,0.13879,2.58502,7.42252,1
980.4,0.1388,2.58504,7.42252,1
980.5,0.1388,2.58505,7.42252,1
980.6,0.13881,2.58507,7.42252,1
980.7,0.13881,2.58509,7.42252,1
980.8,0.13881,2.58511,7.42252,1
980.9,0.13882,2.58513,7.42252,1
981,0.13882,2.58515,7.42252,1
981.1,0.13883,2.58516,7.42252,1
981.2,0.13883,2.58518,7.42252,1
981.3,0.13884,2.5852,7.42252,1
981.4,0.13884,2.58521,7.42252,1
981.5,0.13884,2.58523,7.42252,1
981.6,0.13885,2.58525,7.42252,1
981.7,0.13885,2.58526,7.42252,1
981.8,0.13886,2.58528,7.42252,1
981.9,0.13886,2.5853,7.42252,1
982,0.13887,2.58531,7.42253,1
982.1,0.13887,2.58533,7.42253,1
982.2,0.13888,2.58535,7.42253,1
982.3,0.13888,2.58537,7.42253,1
982.4,0.13888,2.58538,7.42253,1
982.5,0.13889,2.5854,7.42253,1
982.6,0.13889,2.58542,7.42253,1
982.7,0.1389,2.58544,7.42253,1
982.8,0.1389,2.58545,7.42253,1
982.9,0.13891,2.58547,7.42253,1
983,0.13891,2.58549,7.42253,1
983.1,0.13891,2.58551,7.42253,1
983.2,0.13892,2.58552,7.42253,1
983.3,0.13892,2.58554,7.42253,1
983.4,0.13893,2.58556,7.42253,1
983.5,0.13893,2.58558,7.42253,1
983.6,0.13893,2.5856,7.42253,1
983.7,0.13894,2.58562,7.42253,1
983.8,0.13894,2.58564,7.42253,1
983.9,0.13895,2.58565,7.42253,1
984,0.13895,2.58567,7.42253,1
984.1,0.13895,2.58569,7.42253,1
984.2,0.13896,2.58571,7.42253,1
984.3,0.13896,2.58573,7.42253,1
984.4,0.13897,2.58575,7.42253,1
984.5,0.13897,2.58577,7.42253,1
984.6,0.13897,2.58579,7.42253,1
984.7,0.13898,2.58582,7.42253,1
984.8,0.13898,2.58584,7.42253,1
984.9,0.13899,2.58586,7.42253,1
985,0.13899,2.58588,7.42253,1
985.1,0.13899,2.5859,7.42253,1
985.2,0.139,2.58592,7.42253,1
985.3,0.139,2.58595,7.42253,1
985.4,0.13901,2.58597,7.42253,1
985.5,0.13901,2.586,7.42253,1
985.6,0.13902,2.58602,7.42253,1
985.7,0.13902,2.58604,7.42253,1
985.8,0.13902,2.58606,7.42253,1
985.9,0.13903,2.58609,7.42253,1
986,0.13903,2.58611,7.42253,1
986.1,0.13904,2.58613,7.42253,1
986.2,0.13904,2.58615,7.42253,1
986.3,0.13904,2.58617,7.42253,1
986.4,0.13905,2.5862,7.42253,1
986.5,0.13905,2.58622,7.42253,1
986.6,0.13906,2.58624,7.42253,1
986.7,0.13906,2.58626,7.42253,1
986.8,0.13906,2.58628,7.42253,1
986.9,0.13907,2.58631,7.42253,1
987,0.13907,2.58633,7.42253,1
987.1,0.13908,2.58635,7.42253,1
987.2,0.13908,2.58637,7.42253,1
987.3,0.13908,2.5864,7.42253,1
987.4,0.13909,2.58642,7.42253,1
987.5,0.13909,2.58644,7.42253,1
987.6,0.1391,2.58646,7.42253,1
987.7,0.1391,2.58649,7.42253,1
987.8,0.1391,2.58651,7.42253,1
987.9,0.13911,2.58654,7.42253,1
988,0.13911,2.58656,7.42253,1
988.1,0.13911,2.58658,7.42253,1
988.2,0.13912,2.58661,7.42253,1
988.3,0.13912,2.58663,7.42253,1
988.4,0.13913,2.58665,7.42253,1
988.5,0.13913,2.58667,7.42253,1
988.6,0.13914,2.5867,7.42253,1
988.7,0.13914,2.58672,7.42253,1
988.8,0.13914,2.58674,7.42253,1
988.9,0.13915,2.58677,7.42253,1
989,0.13915,2.58679,7.42253,1
989.1,0.13916,2.58681,7.42253,1
989.2,0.13916,2.58683,7.42253,1
989.3,0.13917,2.58684,7.42253,1
989.4,0.13917,2.58686,7.42253,1
989.5,0.13918,2.58688,7.42253,1
989.6,0.13918,2.58689,7.42253,1
989.7,0.13918,2.58691,7.42252,1
989.8,0.13919,2.58692,7.42252,1
989.9,0.13919,2.58694,7.42252,1
990,0.1392,2.58696,7.42252,1
990.1,0.1392,2.58698,7.42252,1
990.2,0.13921,2.58699,7.42252,1
990.3,0.13921,2.58701,7.42252,1
990.4,0.13921,2.58703,7.42252,1
990.5,0.13922,2.58704,7.42252,1
990.6,0.13922,2.58706,7.42252,1
990.7,0.13923,2.58707,7.42252,1
990.8,0.13923,2.58709,7.42252,1
990.9,0.13924,2.58711,7.42252,1
991,0.13924,2.58712,7.42252,1
991.1,0.13924,2.58714,7.42252,1
991.2,0.13925,2.58715,7.42252,1
991.3,0.13925,2.58717,7.42252,1
991.4,0.13926,2.58719,7.42252,1
991.5,0.13926,2.5872,7.42252,1
991.6,0.13926,2.58722,7.42252,1
991.7,0.13927,2.58723,7.42252,1
991.8,0.13927,2.58725,7.42252,1
991.9,0.13928,2.58726,7.42252,1
992,0.13928,2.58728,7.42252,1
992.1,0.13928,2.58729,7.42252,1
992.2,0.13929,2.58731,7.42252,1
992.3,0.13929,2.58733,7.42252,1
992.4,0.1393,2.58734,7.42252,1
992.5,0.1393,2.58736,7.42252,1
992.6,0.1393,2.58737,7.42252,1
992.7,0.13931,2.58739,7.42252,1
992.8,0.13931,2.58741,7.42252,1
992.9,0.13932,2.58742,7.42252,1
993,0.13932,2.58744,7.42252,1
993.1,0.13932,2.58745,7.42252,1
993.2,0.13933,2.58747,7.42252,1
993.3,0.13933,2.58749,7.42252,1
993.4,0.13934,2.58751,7.42252,1
993.5,0.13934,2.58752,7.42252,1
993.6,0.13935,2.58754,7.42252,1
993.7,0.13935,2.58756,7.42252,1
993.8,0.13935,2.58758,7.42252,1
993.9,0.13936,2.5876,7.42252,1
994,0.13936,2.58762,7.42252,1
994.1,0.13937,2.58764,7.42252,1
994.2,0.13937,2.58766,7.42252,1
994.3,0.13938,2.58768,7.42252,1
994.4,0.13938,2.5877,7.42252,1
994.5,0.13939,2.58772,7.42252,1
994.6,0.13939,2.58774,7.42252,1
994.7,0.1394,2.58776,7.42252,1
994.8,0.1394,2.58778,7.42252,1
994.9,0.1394,2.5878,7.42251,1
995,0.13941,2.58782,7.42251,1
995.1,0.13941,2.58784,7.42251,1
995.2,0.13942,2.58786,7.42251,1
995.3,0.13942,2.58788,7.42251,1
995.4,0.13943,2.5879,7.42251,1
995.5,0.13943,2.58791,7.42251,1
995.6,0.13944,2.58793,7.42251,1
995.7,0.13944,2.58795,7.42251,1
995.8,0.13944,2.58797,7.42251,1
995.9,0.13945,2.58799,7.42251,1
996,0.13945,2.58801,7.42251,1
996.1,0.13946,2.58803,7.42251,1
996.2,0.13946,2.58805,7.42251,1
996.3,0.13947,2.58807,7.42251,1
996.4,0.13947,2.58809,7.42251,1
996.5,0.13948,2.5881,7.42251,1
996.6,0.13948,2.58812,7.42251,1
996.7,0.13949,2.58814,7.42251,1
996.8,0.13949,2.58816,7.42251,1
996.9,0.1395,2.58817,7.42251,1
997,0.1395,2.58819,7.42251,1
997.1,0.13951,2.58821,7.42251,1
997.2,0.13951,2.58822,7.42251,1
997.3,0.13952,2.58824,7.42251,1
997.4,0.13952,2.58825,7.4225,1
997.5,0.13953,2.58827,7.4225,1
997.6,0.13953,2.58829,7.4225,1
997.7,0.13954,2.5883,7.4225,1
997.8,0.13954,2.58832,7.4225,1
997.9,0.13955,2.58834,7.4225,1
998,0.13955,2.58835,7.4225,1
998.1,0.13956,2.58837,7.4225,1
998.2,0.13956,2.58838,7.4225,1
998.3,0.13957,2.5884,7.4225,1
998.4,0.13957,2.58841,7.4225,1
998.5,0.13958,2.58843,7.4225,1
998.6,0.13958,2.58844,7.4225,1
998.7,0.13958,2.58846,7.4225,1
998.8,0.13959,2.58847,7.4225,1
998.9,0.13959,2.58848,7.4225,1
999,0.1396,2.5885,7.4225,1
999.1,0.1396,2.58851,7.4225,1
999.2,0.13961,2.58853,7.4225,1
999.3,0.13961,2.58854,7.4225,1
999.4,0.13961,2.58856,7.4225,1
999.5,0.13962,2.58857,7.4225,1
999.6,0.13962,2.58858,7.4225,1
999.7,0.13963,2.5886,7.4225,1
999.8,0.13963,2.58861,7.4225,1
999.9,0.13963,2.58862,7.4225,1
1000,0.13964,2.58864,7.4225,1
1000.1,0.13964,2.58865,7.4225,1
1000.2,0.13965,2.58866,7.4225,1
1000.3,0.13965,2.58867,7.4225,1
1000.4,0.13965,2.58869,7.4225,1
1000.5,0.13966,2.5887,7.4225,1
1000.6,0.13966,2.58871,7.4225,1
1000.7,0.13967,2.58872,7.4225,1
1000.8,0.13967,2.58873,7.4225,1
1000.9,0.13968,2.58874,7.4225,1
1001,0.13968,2.58876,7.42249,1
1001.1,0.13968,2.58877,7.42249,1
1001.2,0.13969,2.58878,7.42249,1
1001.3,0.13969,2.58879,7.42249,1
1001.4,0.1397,2.5888,7.42249,1
1001.5,0.1397,2.58882,7.42249,1
1001.6,0.13971,2.58883,7.42249,1
1001.7,0.13971,2.58884,7.42249,1
1001.8,0.13971,2.58885,7.42249,1
1001.9,0.13972,2.58886,7.42249,1
1002,0.13972,2.58887,7.42249,1
1002.1,0.13973,2.58888,7.42249,1
1002.2,0.13973,2.58889,7.42249,1
1002.3,0.13974,2.5889,7.42249,1
1002.4,0.13974,2.58891,7.42249,1
1002.5,0.13974,2.58892,7.42249,1
1002.6,0.13975,2.58893,7.42249,1
1002.7,0.13975,2.58894,7.42249,1
1002.8,0.13976,2.58895,7.42249,1
1002.9,0.13976,2.58896,7.42249,1
1003,0.13977,2.58897,7.42249,1
1003.1,0.13977,2.58898,7.42249,1
1003.2,0.13977,2.58899,7.42249,1
1003.3,0.13978,2.589,7.42249,1
1003.4,0.13978,2.58901,7.42249,1
1003.5,0.13979,2.58902,7.42249,1
1003.6,0.13979,2.58903,7.42249,1
1003.7,0.1398,2.58904,7.42249,1
1003.8,0.1398,2.58904,7.42249,1
1003.9,0.1398,2.58905,7.42249,1
1004,0.13981,2.58906,7.42249,1
1004.1,0.13981,2.58906,7.42249,1
1004.2,0.13982,2.58907,7.42249,1
1004.3,0.13982,2.58908,7.42248,1
1004.4,0.13983,2.58908,7.42248,1
1004.5,0.13983,2.58909,7.42248,1
1004.6,0.13984,2.5891,7.42248,1
1004.7,0.13984,2.5891,7.42248,1
1004.8,0.13985,2.58911,7.42248,1
1004.9,0.13985,2.58911,7.42248,1
1005,0.13986,2.58912,7.42248,1
1005.1,0.13986,2.58912,7.42248,1
1005.2,0.13986,2.58913,7.42248,1
1005.3,0.13987,2.58914,7.42248,1
1005.4,0.13987,2.58915,7.42248,1
1005.5,0.13988,2.58915,7.42248,1
1005.6,0.13988,2.58916,7.42248,1
1005.7,0.13989,2.58916,7.42248,1
1005.8,0.13989,2.58917,7.42248,1
1005.9,0.1399,2.58917,7.42248,1
1006,0.1399,2.58918,7.42248,1
1006.1,0.13991,2.58918,7.42247,1
1006.2,0.13991,2.58919,7.42247,1
1006.3,0.13991,2.58919,7.42247,1
1006.4,0.13992,2.5892,7.42247,1
1006.5,0.13992,2.5892,7.42247,1
1006.6,0.13993,2.58921,7.42247,1
1006.7,0.13993,2.58921,7.42247,1
1006.8,0.13994,2.58922,7.42247,1
1006.9,0.13994,2.58923,7.42247,1
1007,0.13995,2.58923,7.42247,1
1007.1,0.13995,2.58924,7.42247,1
1007.2,0.13995,2.58924,7.42247,1
1007.3,0.13996,2.58925,7.42247,1
1007.4,0.13996,2.58925,7.42247,1
1007.5,0.13997,2.58926,7.42247,1
1007.6,0.13997,2.58926,7.42247,1
1007.7,0.13998,2.58926,7.42247,1
1007.8,0.13998,2.58927,7.42247,1
1007.9,0.13999,2.58927,7.42247,1
1008,0.13999,2.58927,7.42247,1
1008.1,0.14,2.58927,7.42247,1
1008.2,0.14,2.58927,7.42247,1
1008.3,0.14001,2.58928,7.42247,1
1008.4,0.14001,2.58928,7.42247,1
1008.5,0.14002,2.58928,7.42247,1
1008.6,0.14002,2.58928,7.42246,1
1008.7,0.14003,2.58929,7.42246,1
1008.8,0.14003,2.58929,7.42246,1
1008.9,0.14004,2.58929,7.42246,1
1009,0.14004,2.58929,7.42246,1
1009.1,0.14005,2.58929,7.42246,1
1009.2,0.14005,2.58929,7.42246,1
1009.3,0.14006,2.58929,7.42246,1
1009.4,0.14006,2.58929,7.42246,1
1009.5,0.14006,2.58929,7.42246,1
1009.6,0.14007,2.58929,7.42246,1
1009.7,0.14007,2.58929,7.42246,1
1009.8,0.14008,2.58929,7.42246,1
1009.9,0.14008,2.58929,7.42246,1
1010,0.14009,2.58928,7.42246,1
1010.1,0.14009,2.58928,7.42246,1
1010.2,0.1401,2.58927,7.42246,1
1010.3,0.1401,2.58927,7.42246,1
1010.4,0.14011,2.58927,7.42246,1
1010.5,0.14011,2.58926,7.42246,1
1010.6,0.14012,2.58926,7.42246,1
1010.7,0.14012,2.58925,7.42246,1
1010.8,0.14013,2.58925,7.42246,1
1010.9,0.14013,2.58925,7.42246,1
1011,0.14014,2.58924,7.42246,1
1011.1,0.14014,2.58924,7.42246,1
1011.2,0.14015,2.58924,7.42246,1
1011.3,0.14015,2.58923,7.42246,1
1011.4,0.14016,2.58923,7.42246,1
1011.5,0.14016,2.58922,7.42246,1
1011.6,0.14017,2.58922,7.42246,1
1011.7,0.14017,2.58921,7.42246,1
1011.8,0.14018,2.5892,7.42246,1
1011.9,0.14018,2.5892,7.42246,1
1012,0.14019,2.58919,7.42246,1
1012.1,0.14019,2.58919,7.42246,1
1012.2,0.1402,2.58918,7.42246,1
1012.3,0.1402,2.58917,7.42246,1
1012.4,0.14021,2.58917,7.42246,1
1012.5,0.14021,2.58916,7.42246,1
1012.6,0.14022,2.58915,7.42246,1
1012.7,0.14022,2.58914,7.42246,1
1012.8,0.14023,2.58913,7.42246,1
1012.9,0.14023,2.58912,7.42246,1
1013,0.14024,2.58912,7.42245,1
1013.1,0.14024,2.58911,7.42245,1
1013.2,0.14025,2.5891,7.42245,1
1013.3,0.14025,2.58909,7.42245,1
1013.4,0.14025,2.58908,7.42245,1
1013.5,0.14026,2.58906,7.42245,1
1013.6,0.14026,2.58905,7.42245,1
1013.7,0.14026,2.58904,7.42245,1
1013.8,0.14027,2.58903,7.42245,1
1013.9,0.14027,2.58902,7.42245,1
1014,0.14028,2.58901,7.42245,1
1014.1,0.14028,2.589,7.42245,1
1014.2,0.14028,2.58899,7.42245,1
1014.3,0.14029,2.58898,7.42245,1
1014.4,0.14029,2.58897,7.42245,1
1014.5,0.14029,2.58895,7.42245,1
1014.6,0.1403,2.58894,7.42245,1
1014.7,0.1403,2.58892,7.42245,1
1014.8,0.1403,2.58891,7.42245,1
1014.9,0.14031,2.5889,7.42245,1
1015,0.14031,2.58888,7.42245,1
1015.1,0.14031,2.58887,7.42245,1
1015.2,0.14032,2.58886,7.42245,1
1015.3,0.14032,2.58884,7.42245,1
1015.4,0.14032,2.58883,7.42245,1
1015.5,0.14033,2.58882,7.42245,1
1015.6,0.14033,2.5888,7.42245,1
1015.7,0.14033,2.58879,7.42245,1
1015.8,0.14034,2.58878,7.42245,1
1015.9,0.14034,2.58877,7.42245,1
1016,0.14034,2.58876,7.42245,1
1016.1,0.14035,2.58875,7.42245,1
1016.2,0.14035,2.58874,7.42245,1
1016.3,0.14035,2.58873,7.42245,1
1016.4,0.14036,2.58872,7.42245,1
1016.5,0.14036,2.58871,7.42245,1
1016.6,0.14036,2.5887,7.42245,1
1016.7,0.14037,2.58869,7.42245,1
1016.8,0.14037,2.58868,7.42245,1
1016.9,0.14037,2.58868,7.42245,1
1017,0.14037,2.58867,7.42245,1
1017.1,0.14038,2.58866,7.42245,1
1017.2,0.14038,2.58865,7.42245,1
1017.3,0.14038,2.58864,7.42245,1
1017.4,0.14039,2.58863,7.42245,1
1017.5,0.14039,2.58862,7.42245,1
1017.6,0.14039,2.58862,7.42245,1
1017.7,0.1404,2.58861,7.42245,1
1017.8,0.1404,2.5886,7.42245,1
1017.9,0.1404,2.58859,7.42245,1
1018,0.1404,2.58859,7.42245,1
1018.1,0.14041,2.58858,7.42245,1
1018.2,0.14041,2.58857,7.42245,1
1018.3,0.14041,2.58856,7.42245,1
1018.4,0.14042,2.58855,7.42246,1
1018.5,0.14042,2.58854,7.42246,1
1018.6,0.14042,2.58853,7.42246,1
1018.7,0.14043,2.58852,7.42246,1
1018.8,0.14043,2.58851,7.42246,1
1018.9,0.14043,2.5885,7.42246,1
1019,0.14044,2.58849,7.42246,1
1019.1,0.14044,2.58848,7.42246,1
1019.2,0.14044,2.58847,7.42246,1
1019.3,0.14044,2.58846,7.42246,1
1019.4,0.14045,2.58845,7.42246,1
1019.5,0.14045,2.58844,7.42246,1
1019.6,0.14045,2.58843,7.42246,1
1019.7,0.14045,2.58842,7.42246,1
1019.8,0.14046,2.58841,7.42246,1
1019.9,0.14046,2.5884,7.42246,1
1020,0.14046,2.58839,7.42246,1
1020.1,0.14047,2.58838,7.42246,1
1020.2,0.14047,2.58837,7.42246,1
1020.3,0.14047,2.58836,7.42246,1
1020.4,0.14048,2.58835,7.42247,1
1020.5,0.14048,2.58833,7.42247,1
1020.6,0.14048,2.58832,7.42247,1
1020.7,0.14048,2.58835,7.42247,1
1020.8,0.14049,2.58841,7.42247,1
1020.9,0.14049,2.58847,7.42247,1
1021,0.14049,2.58852,7.42247,1
1021.1,0.14049,2.58857,7.42247,1
1021.2,0.1405,2.58859,7.42247,1
1021.3,0.1405,2.58859,7.42247,1
1021.4,0.1405,2.58859,7.42247,1
1021.5,0.1405,2.58859,7.42247,1
1021.6,0.14051,2.58859,7.42247,1
1021.7,0.14051,2.58859,7.42247,1
1021.8,0.14051,2.5886,7.42247,1
1021.9,0.14052,2.5886,7.42247,1
1022,0.14052,2.5886,7.42247,1
1022.1,0.14052,2.5886,7.42247,1
1022.2,0.14052,2.5886,7.42247,1
1022.3,0.14053,2.58861,7.42247,1
1022.4,0.14053,2.58861,7.42247,1
1022.5,0.14053,2.58861,7.42247,1
1022.6,0.14054,2.58861,7.42247,1
1022.7,0.14054,2.58861,7.42247,1
1022.8,0.14054,2.58861,7.42247,1
1022.9,0.14055,2.58861,7.42247,1
1023,0.14055,2.58861,7.42247,1
1023.1,0.14055,2.58861,7.42247,1
1023.2,0.14056,2.58862,7.42247,1
1023.3,0.14056,2.58862,7.42247,1
1023.4,0.14056,2.58867,7.42247,1
1023.5,0.14057,2.58874,7.42247,1
1023.6,0.14057,2.58879,7.42247,1
1023.7,0.14057,2.58885,7.42247,1
1023.8,0.14058,2.5889,7.42247,1
1023.9,0.14058,2.58896,7.42247,1
1024,0.14058,2.589,7.42248,1
1024.1,0.14058,2.58902,7.42248,1
1024.2,0.14059,2.58906,7.42248,1
1024.3,0.14059,2.5891,7.42248,1
1024.4,0.14059,2.58916,7.42248,1
1024.5,0.14059,2.58921,7.42248,1
1024.6,0.14059,2.58927,7.42248,1
1024.7,0.1406,2.58933,7.42248,1
1024.8,0.1406,2.58939,7.42248,1
1024.9,0.1406,2.58945,7.42248,1
1025,0.1406,2.58951,7.42248,1
1025.1,0.1406,2.58957,7.42248,1
1025.2,0.1406,2.58961,7.42248,1
1025.3,0.14061,2.58963,7.42248,1
1025.4,0.14061,2.58966,7.42248,1
1025.5,0.14061,2.5897,7.42248,1
1025.6,0.14061,2.58974,7.42248,1
1025.7,0.14061,2.58977,7.42248,1
1025.8,0.14062,2.5898,7.42248,1
1025.9,0.14062,2.58984,7.42248,1
1026,0.14062,2.58989,7.42248,1
1026.1,0.14062,2.58994,7.42248,1
1026.2,0.14062,2.58999,7.42248,1
1026.3,0.14063,2.59002,7.42248,1
1026.4,0.14063,2.59005,7.42248,1
1026.5,0.14063,2.59008,7.42248,1
1026.6,0.14063,2.59012,7.42248,1
1026.7,0.14064,2.59015,7.42248,1
1026.8,0.14064,2.59019,7.42248,1
1026.9,0.14064,2.59022,7.42248,1
1027,0.14064,2.59025,7.42248,1
1027.1,0.14065,2.59028,7.42248,1
1027.2,0.14065,2.59031,7.42248,1
1027.3,0.14065,2.59035,7.42248,1
1027.4,0.14065,2.59037,7.42248,1
1027.5,0.14066,2.5904,7.42248,1
1027.6,0.14066,2.59042,7.42248,1
1027.7,0.14066,2.59044,7.42249,1
1027.8,0.14066,2.59046,7.42249,1
1027.9,0.14067,2.59048,7.42249,1
1028,0.14067,2.5905,7.42249,1
1028.1,0.14067,2.59052,7.42249,1
1028.2,0.14067,2.59055,7.42249,1
1028.3,0.14068,2.59057,7.42249,1
1028.4,0.14068,2.5906,7.42249,1
1028.5,0.14068,2.59062,7.42249,1
1028.6,0.14069,2.59066,7.42249,1
1028.7,0.14069,2.5907,7.42249,1
1028.8,0.14069,2.59074,7.42249,1
1028.9,0.14069,2.59078,7.42249,1
1029,0.1407,2.59081,7.42249,1
1029.1,0.1407,2.59084,7.42249,1
1029.2,0.1407,2.59087,7.42249,1
1029.3,0.14071,2.59089,7.42249,1
1029.4,0.14071,2.59091,7.42249,1
1029.5,0.14071,2.59093,7.42249,1
1029.6,0.14071,2.59094,7.42249,1
1029.7,0.14072,2.59096,7.42249,1
1029.8,0.14072,2.59098,7.42249,1
1029.9,0.14072,2.59101,7.42249,1
1030,0.14073,2.59103,7.4225,1
1030.1,0.14073,2.59106,7.42249,1
1030.2,0.14073,2.59108,7.42249,1
1030.3,0.14073,2.5911,7.42249,1
1030.4,0.14073,2.59112,7.42249,1
1030.5,0.14074,2.59114,7.42249,1
1030.6,0.14074,2.59116,7.42249,1
1030.7,0.14074,2.59118,7.42249,1
1030.8,0.14074,2.5912,7.42249,1
1030.9,0.14074,2.59123,7.42249,1
1031,0.14074,2.59125,7.42249,1
1031.1,0.14075,2.59127,7.42249,1
1031.2,0.14075,2.59129,7.42249,1
1031.3,0.14075,2.59131,7.42249,1
1031.4,0.14075,2.59134,7.42249,1
1031.5,0.14075,2.59136,7.42249,1
1031.6,0.14075,2.59139,7.42249,1
1031.7,0.14076,2.59142,7.42249,1
1031.8,0.14076,2.59145,7.42249,1
1031.9,0.14076,2.5915,7.42249,1
1032,0.14076,2.59154,7.4225,1
1032.1,0.14076,2.59159,7.4225,1
1032.2,0.14077,2.59164,7.4225,1
1032.3,0.14077,2.59168,7.4225,1
1032.4,0.14077,2.59172,7.4225,1
1032.5,0.14077,2.59175,7.4225,1
1032.6,0.14077,2.59179,7.4225,1
1032.7,0.14078,2.59183,7.4225,1
1032.8,0.14078,2.59187,7.4225,1
1032.9,0.14078,2.5919,7.4225,1
1033,0.14078,2.59193,7.42249,1
1033.1,0.14078,2.59197,7.42249,1
1033.2,0.14079,2.59201,7.42249,1
1033.3,0.14079,2.59205,7.42249,1
1033.4,0.14079,2.59209,7.42249,1
1033.5,0.14079,2.59215,7.42249,1
1033.6,0.1408,2.5922,7.42249,1
1033.7,0.1408,2.59225,7.42249,1
1033.8,0.1408,2.59228,7.42249,1
1033.9,0.1408,2.5923,7.42249,1
1034,0.14081,2.59233,7.42249,1
1034.1,0.14081,2.59236,7.42249,1
1034.2,0.14081,2.59239,7.42249,1
1034.3,0.14081,2.59242,7.42249,1
1034.4,0.14082,2.59245,7.42249,1
1034.5,0.14082,2.59248,7.42249,1
1034.6,0.14082,2.59251,7.42249,1
1034.7,0.14082,2.59254,7.42249,1
1034.8,0.14082,2.59257,7.42249,1
1034.9,0.14083,2.5926,7.42249,1
1035,0.14083,2.59263,7.42249,1
1035.1,0.14083,2.59266,7.42249,2
1035.2,0.14083,2.59269,7.42249,2
1035.3,0.14084,2.59272,7.42249,2
1035.4,0.14084,2.59275,7.42249,2
1035.5,0.14084,2.59279,7.42249,2
1035.6,0.14084,2.59282,7.42249,2
1035.7,0.14084,2.59285,7.42249,2
1035.8,0.14085,2.59288,7.42249,2
1035.9,0.14085,2.59291,7.42249,2
1036,0.14085,2.59295,7.42249,2
1036.1,0.14085,2.59298,7.42249,2
1036.2,0.14086,2.59301,7.42249,2
1036.3,0.14086,2.59305,7.42249,2
1036.4,0.14086,2.59308,7.42249,2
1036.5,0.14086,2.59313,7.42249,2
1036.6,0.14086,2.59318,7.42249,2
1036.7,0.14087,2.59323,7.42249,2
1036.8,0.14087,2.59328,7.42249,2
1036.9,0.14087,2.59333,7.42249,2
1037,0.14087,2.59338,7.42249,2
1037.1,0.14087,2.59342,7.42249,2
1037.2,0.14087,2.59346,7.42249,2
1037.3,0.14087,2.59349,7.42248,2
1037.4,0.14088,2.59352,7.42248,2
1037.5,0.14088,2.59356,7.42248,2
1037.6,0.14088,2.5936,7.42248,2
1037.7,0.14088,2.59364,7.42248,2
1037.8,0.14088,2.59368,7.42248,2
1037.9,0.14088,2.59371,7.42248,2
1038,0.14088,2.59375,7.42248,2
1038.1,0.14088,2.59379,7.42248,2
1038.2,0.14089,2.59382,7.42248,2
1038.3,0.14089,2.59386,7.42248,2
1038.4,0.14089,2.5939,7.42248,2
1038.5,0.14089,2.59393,7.42248,2
1038.6,0.14089,2.59396,7.42248,2
1038.7,0.14089,2.59399,7.42248,2
1038.8,0.14089,2.59402,7.42248,2
1038.9,0.14089,2.59405,7.42248,2
1039,0.14089,2.59408,7.42248,2
1039.1,0.14089,2.59411,7.42248,2
1039.2,0.14089,2.59414,7.42248,2
1039.3,0.1409,2.59419,7.42248,2
1039.4,0.1409,2.59423,7.42248,2
1039.5,0.1409,2.59427,7.42248,2
1039.6,0.1409,2.59431,7.42248,2
1039.7,0.1409,2.59434,7.42248,2
1039.8,0.1409,2.59437,7.42248,2
1039.9,0.1409,2.59441,7.42248,2
1040,0.1409,2.59445,7.42248,2
1040.1,0.1409,2.59448,7.42248,2
1040.2,0.1409,2.59452,7.42248,2
1040.3,0.1409,2.59455,7.42248,2
1040.4,0.1409,2.59459,7.42248,2
1040.5,0.1409,2.59463,7.42248,2
1040.6,0.1409,2.59467,7.42248,2
1040.7,0.1409,2.59471,7.42248,2
1040.8,0.1409,2.59475,7.42248,2
1040.9,0.1409,2.59479,7.42248,2
1041,0.1409,2.59483,7.42248,2
1041.1,0.1409,2.59487,7.42248,2
1041.2,0.1409,2.59491,7.42248,2
1041.3,0.1409,2.59496,7.42247,2
1041.4,0.1409,2.59502,7.42247,2
1041.5,0.1409,2.59505,7.42247,2
1041.6,0.1409,2.59508,7.42247,2
1041.7,0.1409,2.59511,7.42247,2
1041.8,0.1409,2.59515,7.42247,2
1041.9,0.14091,2.59518,7.42247,2
1042,0.14091,2.59521,7.42247,2
1042.1,0.14091,2.59524,7.42247,2
1042.2,0.14091,2.59527,7.42247,2
1042.3,0.14091,2.5953,7.42247,2
1042.4,0.14091,2.59533,7.42247,2
1042.5,0.14091,2.59536,7.42247,2
1042.6,0.14091,2.59539,7.42247,2
1042.7,0.14091,2.59542,7.42247,2
1042.8,0.14091,2.59545,7.42247,2
1042.9,0.14091,2.59548,7.42247,2
1043,0.14091,2.59551,7.42246,2
1043.1,0.14091,2.59554,7.42246,2
1043.2,0.14091,2.59557,7.42246,2
1043.3,0.14091,2.5956,7.42246,2
1043.4,0.14091,2.59563,7.42246,2
1043.5,0.14091,2.59566,7.42246,2
1043.6,0.14091,2.5957,7.42246,2
1043.7,0.14091,2.59573,7.42246,2
1043.8,0.14091,2.59575,7.42246,2
1043.9,0.14091,2.59578,7.42246,2
1044,0.14091,2.5958,7.42246,2
1044.1,0.14091,2.59582,7.42246,2
1044.2,0.14091,2.59585,7.42246,2
1044.3,0.14091,2.59587,7.42246,2
1044.4,0.14091,2.5959,7.42246,2
1044.5,0.14091,2.59592,7.42246,2
1044.6,0.14091,2.59594,7.42246,2
1044.7,0.14091,2.59597,7.42246,2
1044.8,0.14091,2.59599,7.42246,2
1044.9,0.14091,2.59602,7.42246,2
1045,0.14091,2.59604,7.42246,2
1045.1,0.14091,2.59607,7.42246,2
1045.2,0.14091,2.59609,7.42246,2
1045.3,0.14091,2.59612,7.42246,2
1045.4,0.14091,2.59614,7.42246,2
1045.5,0.14091,2.59617,7.42245,2
1045.6,0.14091,2.59619,7.42245,2
1045.7,0.14091,2.59621,7.42245,2
1045.8,0.14091,2.59624,7.42245,2
1045.9,0.14091,2.59626,7.42245,2
1046,0.14091,2.59628,7.42245,2
1046.1,0.14091,2.59631,7.42245,2
1046.2,0.14092,2.59633,7.42245,2
1046.3,0.14092,2.59635,7.42245,2
1046.4,0.14092,2.59638,7.42245,2
1046.5,0.14092,2.5964,7.42245,2
1046.6,0.14092,2.59642,7.42245,2
1046.7,0.14092,2.59645,7.42245,2
1046.8,0.14092,2.59647,7.42245,2
1046.9,0.14092,2.59649,7.42245,2
1047,0.14092,2.59651,7.42245,2
1047.1,0.14092,2.59654,7.42245,2
1047.2,0.14092,2.59656,7.42245,2
1047.3,0.14092,2.59658,7.42245,2
1047.4,0.14092,2.5966,7.42245,2
1047.5,0.14092,2.59663,7.42245,2
1047.6,0.14092,2.59665,7.42245,2
1047.7,0.14092,2.59667,7.42245,2
1047.8,0.14092,2.59669,7.42245,2
1047.9,0.14092,2.59671,7.42245,2
1048,0.14092,2.59673,7.42245,2
1048.1,0.14092,2.59676,7.42244,2
1048.2,0.14092,2.59678,7.42244,2
1048.3,0.14092,2.5968,7.42244,2
1048.4,0.14092,2.59682,7.42244,2
1048.5,0.14092,2.59684,7.42244,2
1048.6,0.14092,2.59686,7.42244,2
1048.7,0.14092,2.59688,7.42244,2
1048.8,0.14092,2.5969,7.42244,2
1048.9,0.14092,2.59692,7.42244,2
1049,0.14092,2.59694,7.42244,2
1049.1,0.14092,2.59696,7.42244,2
1049.2,0.14092,2.59697,7.42244,2
1049.3,0.14092,2.59699,7.42244,2
1049.4,0.14092,2.59701,7.42244,2
1049.5,0.14092,2.59703,7.42244,2
1049.6,0.14092,2.59705,7.42244,2
1049.7,0.14092,2.59707,7.42244,2
1049.8,0.14092,2.59708,7.42244,2
1049.9,0.14092,2.5971,7.42244,2
1050,0.14092,2.59712,7.42244,2
1050.1,0.14092,2.59714,7.42244,2
1050.2,0.14092,2.59716,7.42244,2
1050.3,0.14092,2.59718,7.42244,2
1050.4,0.14092,2.5972,7.42244,2
1050.5,0.14092,2.59722,7.42244,2
1050.6,0.14092,2.59724,7.42244,2
1050.7,0.14092,2.59726,7.42244,2
1050.8,0.14092,2.59728,7.42244,2
1050.9,0.14092,2.5973,7.42243,2
1051,0.14092,2.59731,7.42243,2
1051.1,0.14092,2.59733,7.42243,2
1051.2,0.14092,2.59735,7.42243,2
1051.3,0.14092,2.59737,7.42243,2
1051.4,0.14092,2.59738,7.42243,2
1051.5,0.14092,2.5974,7.42243,2
1051.6,0.14092,2.59742,7.42243,2
1051.7,0.14092,2.59744,7.42243,2
1051.8,0.14092,2.59745,7.42243,2
1051.9,0.14092,2.59747,7.42243,2
1052,0.14092,2.59749,7.42243,2
1052.1,0.14092,2.59751,7.42243,2
1052.2,0.14092,2.59753,7.42243,2
1052.3,0.14092,2.59755,7.42243,2
1052.4,0.14092,2.59757,7.42243,2
1052.5,0.14092,2.59759,7.42243,2
1052.6,0.14092,2.59761,7.42243,2
1052.7,0.14092,2.59763,7.42243,2
1052.8,0.14092,2.59765,7.42243,2
1052.9,0.14092,2.59767,7.42243,2
1053,0.14092,2.59768,7.42243,2
1053.1,0.14092,2.5977,7.42243,2
1053.2,0.14092,2.59772,7.42243,2
1053.3,0.14092,2.59774,7.42243,2
1053.4,0.14092,2.59775,7.42243,2
1053.5,0.14092,2.59777,7.42243,2
1053.6,0.14092,2.59779,7.42243,2
1053.7,0.14092,2.59781,7.42243,2
1053.8,0.14092,2.59782,7.42243,2
1053.9,0.14092,2.59784,7.42243,2
1054,0.14092,2.59786,7.42243,2
1054.1,0.14092,2.59787,7.42243,2
1054.2,0.14092,2.59789,7.42243,2
1054.3,0.14092,2.59791,7.42243,2
1054.4,0.14092,2.59793,7.42243,2
1054.5,0.14092,2.59795,7.42243,2
1054.6,0.14092,2.59796,7.42243,2
1054.7,0.14092,2.59798,7.42243,2
1054.8,0.14092,2.598,7.42243,2
1054.9,0.14092,2.59801,7.42243,2
1055,0.14092,2.59803,7.42243,2
1055.1,0.14092,2.59805,7.42243,2
1055.2,0.14092,2.59806,7.42243,2
1055.3,0.14092,2.59808,7.42243,2
1055.4,0.14092,2.59809,7.42243,2
1055.5,0.14092,2.59811,7.42243,2
1055.6,0.14092,2.59813,7.42243,2
1055.7,0.14092,2.59815,7.42243,2
1055.8,0.14092,2.59817,7.42243,2
1055.9,0.14092,2.59819,7.42243,2
1056,0.14092,2.59821,7.42243,2
1056.1,0.14092,2.59823,7.42243,2
1056.2,0.14092,2.59825,7.42243,2
1056.3,0.14092,2.59827,7.42243,2
1056.4,0.14092,2.59829,7.42243,2
1056.5,0.14092,2.59831,7.42243,2
1056.6,0.14092,2.59834,7.42243,2
1056.7,0.14092,2.59836,7.42243,2
1056.8,0.14092,2.59838,7.42243,2
1056.9,0.14092,2.59841,7.42243,2
1057,0.14092,2.59843,7.42243,2
1057.1,0.14092,2.59845,7.42242,2
1057.2,0.14092,2.59847,7.42242,2
1057.3,0.14092,2.5985,7.42242,2
1057.4,0.14092,2.59852,7.42242,2
1057.5,0.14092,2.59854,7.42242,2
1057.6,0.14092,2.59855,7.42242,2
1057.7,0.14092,2.59857,7.42242,2
1057.8,0.14092,2.59859,7.42242,2
1057.9,0.14092,2.59861,7.42242,2
1058,0.14092,2.59863,7.42242,2
1058.1,0.14092,2.59865,7.42242,2
1058.2,0.14092,2.59867,7.42242,2
1058.3,0.14092,2.59869,7.42242,2
1058.4,0.14092,2.59871,7.42242,2
1058.5,0.14092,2.59872,7.42242,2
1058.6,0.14092,2.59874,7.42242,2
1058.7,0.14092,2.59875,7.42242,2
1058.8,0.14091,2.59877,7.42242,2
1058.9,0.14091,2.59879,7.42242,2
1059,0.14091,2.59881,7.42242,2
1059.1,0.14091,2.59882,7.42242,2
1059.2,0.14091,2.59884,7.42242,2
1059.3,0.14091,2.59886,7.42242,2
1059.4,0.14091,2.59887,7.42242,2
1059.5,0.14091,2.59889,7.42242,2
1059.6,0.14091,2.59891,7.42242,2
1059.7,0.14091,2.59892,7.42242,2
1059.8,0.14091,2.59894,7.42242,2
1059.9,0.14091,2.59895,7.42242,2
1060,0.14091,2.59896,7.42242,2
1060.1,0.14091,2.59898,7.42242,2
1060.2,0.14091,2.59899,7.42242,2
1060.3,0.14091,2.599,7.42242,2
1060.4,0.14091,2.59902,7.42242,2
1060.5,0.14091,2.59903,7.42242,2
1060.6,0.14091,2.59904,7.42242,2
1060.7,0.1409,2.59906,7.42242,2
1060.8,0.1409,2.59907,7.42242,2
1060.9,0.1409,2.59908,7.42242,2
1061,0.1409,2.5991,7.42242,2
1061.1,0.1409,2.59911,7.42242,2
1061.2,0.1409,2.59912,7.42242,2
1061.3,0.1409,2.59913,7.42242,2
1061.4,0.1409,2.59914,7.42242,2
1061.5,0.1409,2.59916,7.42242,2
1061.6,0.1409,2.59917,7.42242,2
1061.7,0.1409,2.59918,7.42242,2
1061.8,0.1409,2.59919,7.42242,2
1061.9,0.1409,2.59921,7.42242,2
1062,0.1409,2.59922,7.42242,2
1062.1,0.1409,2.59923,7.42242,2
1062.2,0.1409,2.59924,7.42242,2
1062.3,0.1409,2.59925,7.42242,2
1062.4,0.1409,2.59927,7.42242,2
1062.5,0.1409,2.59928,7.42242,2
1062.6,0.14089,2.59929,7.42242,2
1062.7,0.14089,2.5993,7.42242,2
1062.8,0.14089,2.59931,7.42242,2
1062.9,0.14089,2.59932,7.42242,2
1063,0.14089,2.59934,7.42242,2
1063.1,0.14089,2.59935,7.42242,2
1063.2,0.14089,2.59936,7.42242,2
1063.3,0.14089,2.59937,7.42242,2
1063.4,0.14089,2.59938,7.42242,2
1063.5,0.14089,2.59939,7.42242,2
1063.6,0.14089,2.5994,7.42242,2
1063.7,0.14089,2.59941,7.42242,2
1063.8,0.14089,2.59942,7.42242,2
1063.9,0.14089,2.59943,7.42242,2
1064,0.14089,2.59944,7.42242,2
1064.1,0.14089,2.59945,7.42242,2
1064.2,0.14089,2.59946,7.42242,2
1064.3,0.14089,2.59948,7.42242,2
1064.4,0.14089,2.59949,7.42242,2
1064.5,0.14089,2.5995,7.42242,2
1064.6,0.14089,2.59951,7.42242,2
1064.7,0.14089,2.59952,7.42242,2
1064.8,0.14089,2.59953,7.42242,2
1064.9,0.14089,2.59954,7.42242,2
1065,0.14089,2.59955,7.42242,2
1065.1,0.14089,2.59955,7.42242,2
1065.2,0.14088,2.59956,7.42242,2
1065.3,0.14088,2.59957,7.42242,2
1065.4,0.14088,2.59958,7.42242,2
1065.5,0.14088,2.59958,7.42242,2
1065.6,0.14088,2.59959,7.42242,2
1065.7,0.14088,2.5996,7.42242,2
1065.8,0.14088,2.59961,7.42242,2
1065.9,0.14088,2.59962,7.42242,2
1066,0.14087,2.59962,7.42242,2
1066.1,0.14087,2.59963,7.42242,2
1066.2,0.14087,2.59964,7.42242,2
1066.3,0.14087,2.59964,7.42242,2
1066.4,0.14087,2.59965,7.42242,2
1066.5,0.14087,2.59965,7.42242,2
1066.6,0.14087,2.59966,7.42242,2
1066.7,0.14087,2.59966,7.42242,2
1066.8,0.14086,2.59967,7.42242,2
1066.9,0.14086,2.59967,7.42242,2
1067,0.14086,2.59968,7.42242,2
1067.1,0.14086,2.59969,7.42242,2
1067.2,0.14086,2.59969,7.42242,2
1067.3,0.14086,2.5997,7.42242,2
1067.4,0.14086,2.5997,7.42242,2
1067.5,0.14086,2.59971,7.42242,2
1067.6,0.14086,2.59971,7.42242,2
1067.7,0.14086,2.59971,7.42242,2
1067.8,0.14086,2.59972,7.42242,2
1067.9,0.14086,2.59972,7.42242,2
1068,0.14086,2.59972,7.42242,2
1068.1,0.14086,2.59973,7.42242,2
1068.2,0.14086,2.59973,7.42242,2
1068.3,0.14086,2.59973,7.42242,2
1068.4,0.14086,2.59973,7.42242,2
1068.5,0.14086,2.59974,7.42242,2
1068.6,0.14086,2.59974,7.42242,2
1068.7,0.14086,2.59974,7.42242,2
1068.8,0.14086,2.59974,7.42242,2
1068.9,0.14086,2.59975,7.42242,2
1069,0.14086,2.59975,7.42242,2
1069.1,0.14086,2.59975,7.42242,2
1069.2,0.14086,2.59975,7.42242,2
1069.3,0.14086,2.59975,7.42242,2
1069.4,0.14086,2.59976,7.42242,2
1069.5,0.14086,2.59976,7.42242,2
1069.6,0.14086,2.59976,7.42242,2
1069.7,0.14086,2.59976,7.42242,2
1069.8,0.14086,2.59976,7.42242,2
1069.9,0.14086,2.59977,7.42242,2
1070,0.14086,2.59977,7.42242,2
1070.1,0.14086,2.59977,7.42242,2
1070.2,0.14086,2.59977,7.42242,2
1070.3,0.14086,2.59977,7.42242,2
1070.4,0.14086,2.59978,7.42242,2
1070.5,0.14086,2.59978,7.42242,2
1070.6,0.14086,2.59978,7.42242,2
1070.7,0.14086,2.59978,7.42242,2
1070.8,0.14086,2.59978,7.42242,2
1070.9,0.14086,2.59978,7.42242,2
1071,0.14086,2.59978,7.42242,2
1071.1,0.14086,2.59978,7.42242,2
1071.2,0.14086,2.59978,7.42242,2
1071.3,0.14086,2.59979,7.42242,2
1071.4,0.14087,2.59979,7.42242,2
1071.5,0.14087,2.59979,7.42242,2
1071.6,0.14087,2.59979,7.42242,2
1071.7,0.14087,2.59979,7.42242,2
1071.8,0.14087,2.5998,7.42242,2
1071.9,0.14087,2.5998,7.42242,2
1072,0.14087,2.5998,7.42242,2
1072.1,0.14087,2.5998,7.42243,2
1072.2,0.14087,2.5998,7.42243,2
1072.3,0.14087,2.5998,7.42243,2
1072.4,0.14087,2.5998,7.42243,2
1072.5,0.14088,2.59981,7.42243,2
1072.6,0.14088,2.59981,7.42243,2
1072.7,0.14088,2.59981,7.42243,2
1072.8,0.14088,2.59981,7.42243,2
1072.9,0.14088,2.59982,7.42243,2
1073,0.14088,2.59982,7.42243,2
1073.1,0.14088,2.59982,7.42243,2
1073.2,0.14088,2.59982,7.42243,2
1073.3,0.14088,2.59982,7.42243,2
1073.4,0.14089,2.59982,7.42243,2
1073.5,0.14089,2.59983,7.42243,2
1073.6,0.14089,2.59983,7.42243,2
1073.7,0.14089,2.59983,7.42243,2
1073.8,0.14089,2.59983,7.42243,2
1073.9,0.14089,2.59983,7.42243,2
1074,0.14089,2.59983,7.42243,2
1074.1,0.14089,2.59983,7.42243,2
1074.2,0.14089,2.59983,7.42243,2
1074.3,0.14089,2.59983,7.42243,2
1074.4,0.14089,2.59983,7.42243,2
1074.5,0.14089,2.59983,7.42243,2
1074.6,0.14089,2.59984,7.42243,2
1074.7,0.14089,2.59984,7.42243,2
1074.8,0.14089,2.59984,7.42243,2
1074.9,0.14089,2.59984,7.42243,2
1075,0.14088,2.59984,7.42243,2
1075.1,0.14088,2.59984,7.42243,2
1075.2,0.14088,2.59985,7.42243,2
1075.3,0.14088,2.59985,7.42243,2
1075.4,0.14088,2.59985,7.42243,2
1075.5,0.14088,2.59985,7.42243,2
1075.6,0.14088,2.59985,7.42243,2
1075.7,0.14088,2.59985,7.42243,2
1075.8,0.14088,2.59985,7.42243,2
1075.9,0.14088,2.59985,7.42243,2
1076,0.14088,2.59985,7.42243,2
1076.1,0.14087,2.59985,7.42243,2
1076.2,0.14087,2.59986,7.42243,2
1076.3,0.14087,2.59986,7.42243,2
1076.4,0.14087,2.59986,7.42243,2
1076.5,0.14087,2.59987,7.42243,2
1076.6,0.14087,2.59987,7.42243,2
1076.7,0.14087,2.59987,7.42243,2
1076.8,0.14087,2.59987,7.42243,2
1076.9,0.14087,2.59988,7.42243,2
1077,0.14087,2.59988,7.42244,2
1077.1,0.14087,2.59988,7.42244,2
1077.2,0.14087,2.59988,7.42244,2
1077.3,0.14086,2.59988,7.42244,2
1077.4,0.14086,2.59988,7.42244,2
1077.5,0.14086,2.59988,7.42244,2
1077.6,0.14086,2.59988,7.42244,2
1077.7,0.14086,2.59988,7.42244,2
1077.8,0.14086,2.59988,7.42244,2
1077.9,0.14086,2.59988,7.42244,2
1078,0.14086,2.59988,7.42244,2
1078.1,0.14086,2.59988,7.42244,2
1078.2,0.14086,2.59988,7.42244,2
1078.3,0.14085,2.59988,7.42244,2
1078.4,0.14085,2.59988,7.42244,2
1078.5,0.14085,2.59988,7.42244,2
1078.6,0.14085,2.59988,7.42244,2
1078.7,0.14085,2.59988,7.42244,2
1078.8,0.14085,2.59988,7.42244,2
1078.9,0.14085,2.59988,7.42244,2
1079,0.14085,2.59988,7.42244,2
1079.1,0.14085,2.59988,7.42244,2
1079.2,0.14085,2.59988,7.42244,2
1079.3,0.14085,2.59988,7.42244,2
1079.4,0.14085,2.59988,7.42244,2
1079.5,0.14085,2.59988,7.42244,2
1079.6,0.14085,2.59989,7.42244,2
1079.7,0.14084,2.59989,7.42244,2
1079.8,0.14084,2.59989,7.42244,2
1079.9,0.14084,2.59989,7.42244,2
1080,0.14084,2.59989,7.42244,2
1080.1,0.14084,2.59988,7.42244,2
1080.2,0.14084,2.59988,7.42244,2
1080.3,0.14084,2.59988,7.42244,2
1080.4,0.14084,2.59988,7.42244,2
1080.5,0.14084,2.59988,7.42244,2
1080.6,0.14084,2.59988,7.42244,2
1080.7,0.14084,2.59988,7.42244,2
1080.8,0.14083,2.59988,7.42244,2
1080.9,0.14083,2.59988,7.42244,2
1081,0.14083,2.59988,7.42244,2
1081.1,0.14083,2.59989,7.42244,2
1081.2,0.14083,2.59989,7.42244,2
1081.3,0.14083,2.59989,7.42244,2
1081.4,0.14083,2.59989,7.42244,2
1081.5,0.14083,2.59989,7.42244,2
1081.6,0.14083,2.5999,7.42244,2
1081.7,0.14083,2.5999,7.42245,2
1081.8,0.14082,2.5999,7.42245,2
1081.9,0.14082,2.5999,7.42245,2
1082,0.14082,2.59991,7.42245,2
1082.1,0.14082,2.59991,7.42245,2
1082.2,0.14082,2.59991,7.42245,2
1082.3,0.14082,2.59992,7.42245,2
1082.4,0.14082,2.59992,7.42245,2
1082.5,0.14082,2.59994,7.42245,2
1082.6,0.14082,2.59994,7.42245,2
1082.7,0.14082,2.59994,7.42245,2
1082.8,0.14082,2.59995,7.42245,2
1082.9,0.14082,2.59995,7.42245,2
1083,0.14082,2.59995,7.42245,2
1083.1,0.14082,2.59996,7.42245,2
1083.2,0.14082,2.59996,7.42245,2
1083.3,0.14082,2.59996,7.42245,2
1083.4,0.14082,2.59996,7.42245,2
1083.5,0.14082,2.59997,7.42245,2
1083.6,0.14082,2.59997,7.42245,2
1083.7,0.14082,2.59998,7.42245,2
1083.8,0.14082,2.59999,7.42245,2
1083.9,0.14082,2.6,7.42245,2
1084,0.14082,2.60001,7.42245,2
1084.1,0.14082,2.60002,7.42245,2
1084.2,0.14082,2.60003,7.42245,2
1084.3,0.14082,2.60004,7.42245,2
1084.4,0.14082,2.60006,7.42245,2
1084.5,0.14082,2.60007,7.42246,2
1084.6,0.14081,2.60008,7.42246,2
1084.7,0.14081,2.60009,7.42246,2
1084.8,0.14081,2.6001,7.42246,2
1084.9,0.14081,2.60011,7.42246,2
1085,0.14081,2.60013,7.42246,2
1085.1,0.14081,2.60014,7.42246,2
1085.2,0.14081,2.60016,7.42246,2
1085.3,0.14081,2.60017,7.42246,2
1085.4,0.14081,2.60018,7.42246,2
1085.5,0.14081,2.6002,7.42246,2
1085.6,0.14081,2.60021,7.42246,2
1085.7,0.14081,2.60023,7.42246,2
1085.8,0.14081,2.60025,7.42246,2
1085.9,0.14081,2.60026,7.42246,2
1086,0.14081,2.60028,7.42246,2
1086.1,0.14081,2.6003,7.42246,2
1086.2,0.14081,2.60032,7.42246,2
1086.3,0.1408,2.60034,7.42246,2
1086.4,0.1408,2.60036,7.42246,2
1086.5,0.1408,2.60038,7.42246,2
1086.6,0.1408,2.6004,7.42246,2
1086.7,0.1408,2.60042,7.42246,2
1086.8,0.1408,2.60043,7.42246,2
1086.9,0.1408,2.60043,7.42247,2
1087,0.1408,2.60043,7.42247,2
1087.1,0.1408,2.60042,7.42247,2
1087.2,0.1408,2.60043,7.42247,2
1087.3,0.1408,2.60043,7.42247,2
1087.4,0.1408,2.60042,7.42247,2
1087.5,0.1408,2.60042,7.42247,2
1087.6,0.1408,2.60042,7.42247,2
1087.7,0.1408,2.60042,7.42247,2
1087.8,0.14079,2.60042,7.42247,2
1087.9,0.14079,2.60042,7.42247,2
1088,0.14079,2.60042,7.42247,2
1088.1,0.14079,2.60042,7.42247,2
1088.2,0.14079,2.60042,7.42247,2
1088.3,0.14079,2.60042,7.42247,2
1088.4,0.14079,2.60042,7.42247,2
1088.5,0.14079,2.60042,7.42247,2
1088.6,0.14079,2.60042,7.42247,2
1088.7,0.14079,2.60043,7.42247,2
1088.8,0.14079,2.60043,7.42248,2
1088.9,0.14079,2.60043,7.42248,2
1089,0.14079,2.60043,7.42248,2
1089.1,0.14079,2.60043,7.42248,2
1089.2,0.14079,2.60043,7.42248,2
1089.3,0.14078,2.60043,7.42248,2
1089.4,0.14078,2.60043,7.42248,2
1089.5,0.14078,2.60044,7.42248,2
1089.6,0.14078,2.60044,7.42248,2
1089.7,0.14078,2.60044,7.42248,2
1089.8,0.14078,2.60044,7.42248,2
1089.9,0.14078,2.60044,7.42248,2
1090,0.14078,2.60044,7.42248,2
1090.1,0.14078,2.60044,7.42248,2
1090.2,0.14078,2.60044,7.42248,2
1090.3,0.14078,2.60044,7.42248,2
1090.4,0.14078,2.60044,7.42248,2
1090.5,0.14078,2.60044,7.42248,2
1090.6,0.14078,2.60044,7.42249,2
1090.7,0.14078,2.60043,7.42249,2
1090.8,0.14078,2.60043,7.42249,2
1090.9,0.14078,2.60043,7.42249,2
1091,0.14078,2.60042,7.42249,2
1091.1,0.14078,2.60042,7.42249,2
1091.2,0.14078,2.60042,7.42249,2
1091.3,0.14078,2.60042,7.42249,2
1091.4,0.14078,2.60042,7.42249,2
1091.5,0.14078,2.60042,7.42249,2
1091.6,0.14078,2.60041,7.42249,2
1091.7,0.14078,2.60041,7.42249,2
1091.8,0.14078,2.60041,7.42249,2
1091.9,0.14078,2.60041,7.42249,2
1092,0.14078,2.60041,7.42249,2
1092.1,0.14078,2.60041,7.42249,2
1092.2,0.14078,2.60041,7.4225,2
1092.3,0.14078,2.60041,7.4225,2
1092.4,0.14078,2.60041,7.4225,2
1092.5,0.14078,2.60041,7.4225,2
1092.6,0.14078,2.60041,7.4225,2
1092.7,0.14078,2.60041,7.4225,2
1092.8,0.14078,2.60041,7.4225,2
1092.9,0.14078,2.6004,7.4225,2
1093,0.14078,2.6004,7.4225,2
1093.1,0.14078,2.60039,7.4225,2
1093.2,0.14078,2.60039,7.4225,2
1093.3,0.14078,2.60039,7.4225,2
1093.4,0.14078,2.60038,7.4225,2
1093.5,0.14078,2.60038,7.4225,2
1093.6,0.14078,2.60038,7.4225,2
1093.7,0.14078,2.60037,7.4225,2
1093.8,0.14078,2.60037,7.4225,2
1093.9,0.14078,2.60037,7.4225,2
1094,0.14078,2.60036,7.4225,2
1094.1,0.14078,2.60036,7.4225,2
1094.2,0.14078,2.60035,7.4225,2
1094.3,0.14078,2.60035,7.4225,2
1094.4,0.14078,2.60035,7.4225,2
1094.5,0.14078,2.60034,7.4225,2
1094.6,0.14078,2.60034,7.4225,2
1094.7,0.14078,2.60033,7.4225,2
1094.8,0.14077,2.60033,7.4225,2
1094.9,0.14077,2.60032,7.4225,2
1095,0.14077,2.60032,7.4225,2
1095.1,0.14077,2.60031,7.4225,2
1095.2,0.14077,2.60031,7.4225,2
1095.3,0.14077,2.6003,7.4225,2
1095.4,0.14077,2.6003,7.4225,2
1095.5,0.14077,2.60029,7.4225,2
1095.6,0.14077,2.60028,7.4225,2
1095.7,0.14077,2.60028,7.4225,2
1095.8,0.14077,2.60027,7.4225,2
1095.9,0.14077,2.60026,7.4225,2
1096,0.14077,2.60026,7.4225,2
1096.1,0.14077,2.60025,7.4225,2
1096.2,0.14077,2.60024,7.4225,2
1096.3,0.14077,2.60023,7.4225,2
1096.4,0.14077,2.60023,7.4225,2
1096.5,0.14076,2.60022,7.4225,2
1096.6,0.14076,2.60021,7.4225,2
1096.7,0.14076,2.6002,7.4225,2
1096.8,0.14076,2.6002,7.42251,2
1096.9,0.14076,2.60019,7.42251,2
1097,0.14076,2.60019,7.42251,2
1097.1,0.14076,2.60018,7.42251,2
1097.2,0.14076,2.60018,7.42251,2
1097.3,0.14076,2.60017,7.42251,2
1097.4,0.14076,2.60016,7.42251,2
1097.5,0.14076,2.60016,7.42251,2
1097.6,0.14076,2.60015,7.42251,2
1097.7,0.14076,2.60014,7.42251,2
1097.8,0.14076,2.60014,7.42251,2
1097.9,0.14076,2.60013,7.42251,2
1098,0.14076,2.60013,7.42251,2
1098.1,0.14075,2.60012,7.42251,2
1098.2,0.14075,2.60011,7.42251,2
1098.3,0.14075,2.60011,7.42251,2
1098.4,0.14075,2.6001,7.42251,2
1098.5,0.14075,2.6001,7.42251,2
1098.6,0.14075,2.6001,7.42251,2
1098.7,0.14075,2.6001,7.42251,2
1098.8,0.14075,2.60011,7.42251,2
1098.9,0.14075,2.60012,7.42251,2
1099,0.14075,2.60013,7.42251,2
1099.1,0.14075,2.60014,7.42251,2
1099.2,0.14075,2.60015,7.42251,2
1099.3,0.14074,2.60016,7.42251,2
1099.4,0.14074,2.60017,7.42251,2
1099.5,0.14074,2.60018,7.42251,2
1099.6,0.14074,2.60019,7.42251,2
1099.7,0.14074,2.6002,7.42251,2
1099.8,0.14074,2.60021,7.42251,2
1099.9,0.14074,2.60022,7.42251,2
1100,0.14074,2.60023,7.42251,2
1100.1,0.14074,2.60024,7.42251,2
1100.2,0.14074,2.60025,7.42251,2
1100.3,0.14074,2.60026,7.42251,2
1100.4,0.14074,2.60027,7.42251,2
1100.5,0.14073,2.60028,7.42251,2
1100.6,0.14073,2.60029,7.42251,2
1100.7,0.14073,2.6003,7.42251,2
1100.8,0.14073,2.60031,7.42251,2
1100.9,0.14073,2.60032,7.42251,2
1101,0.14073,2.60033,7.42251,2
1101.1,0.14073,2.60034,7.42251,2
1101.2,0.14073,2.60036,7.42251,2
1101.3,0.14073,2.60037,7.42251,2
1101.4,0.14073,2.60038,7.42251,2
1101.5,0.14073,2.60039,7.42251,2
1101.6,0.14073,2.6004,7.42251,2
1101.7,0.14073,2.60041,7.42251,2
1101.8,0.14073,2.60042,7.42251,2
1101.9,0.14073,2.60043,7.42251,2
1102,0.14073,2.60044,7.42251,2
1102.1,0.14073,2.60045,7.42251,2
1102.2,0.14073,2.60046,7.42251,2
1102.3,0.14073,2.60047,7.42251,2
1102.4,0.14072,2.60048,7.42251,2
1102.5,0.14072,2.60049,7.42251,2
1102.6,0.14072,2.60051,7.42251,2
1102.7,0.14072,2.60052,7.42251,2
1102.8,0.14072,2.60053,7.42251,2
1102.9,0.14072,2.60055,7.42251,2
1103,0.14072,2.60056,7.42252,2
1103.1,0.14072,2.60057,7.42252,2
1103.2,0.14072,2.60058,7.42252,2
1103.3,0.14072,2.60059,7.42252,2
1103.4,0.14072,2.6006,7.42252,2
1103.5,0.14071,2.60061,7.42252,2
1103.6,0.14071,2.60062,7.42252,2
1103.7,0.14071,2.60063,7.42252,2
1103.8,0.14071,2.60064,7.42252,2
1103.9,0.14071,2.60065,7.42252,2
1104,0.14071,2.60066,7.42252,2
1104.1,0.14071,2.60067,7.42252,2
1104.2,0.14071,2.60068,7.42252,2
1104.3,0.14071,2.60069,7.42252,2
1104.4,0.14071,2.6007,7.42252,2
1104.5,0.1407,2.60071,7.42252,2
1104.6,0.1407,2.60071,7.42252,2
1104.7,0.1407,2.60072,7.42252,2
1104.8,0.1407,2.60073,7.42252,2
1104.9,0.1407,2.60074,7.42252,2
1105,0.1407,2.60074,7.42252,2
1105.1,0.1407,2.60075,7.42252,2
1105.2,0.1407,2.60076,7.42252,2
1105.3,0.1407,2.60077,7.42252,2
1105.4,0.1407,2.60077,7.42252,2
1105.5,0.14069,2.60078,7.42252,2
1105.6,0.14069,2.60078,7.42252,2
1105.7,0.14069,2.60079,7.42252,2
1105.8,0.14069,2.6008,7.42252,2
1105.9,0.14069,2.6008,7.42252,2
1106,0.14069,2.60081,7.42252,2
1106.1,0.14069,2.60082,7.42252,2
1106.2,0.14069,2.60082,7.42252,2
1106.3,0.14069,2.60083,7.42252,2
1106.4,0.14069,2.60083,7.42252,2
1106.5,0.14068,2.60083,7.42252,2
1106.6,0.14068,2.60084,7.42252,2
1106.7,0.14068,2.60084,7.42252,2
1106.8,0.14068,2.60085,7.42253,2
1106.9,0.14068,2.60085,7.42253,2
1107,0.14068,2.60086,7.42253,2
1107.1,0.14068,2.60087,7.42253,2
1107.2,0.14068,2.60087,7.42253,2
1107.3,0.14068,2.60088,7.42253,2
1107.4,0.14067,2.60089,7.42253,2
1107.5,0.14067,2.6009,7.42253,2
1107.6,0.14067,2.6009,7.42253,2
1107.7,0.14067,2.60091,7.42253,2
1107.8,0.14067,2.60092,7.42253,2
1107.9,0.14067,2.60092,7.42253,2
1108,0.14067,2.60093,7.42253,2
1108.1,0.14066,2.60094,7.42253,2
1108.2,0.14066,2.60094,7.42253,2
1108.3,0.14066,2.60095,7.42253,2
1108.4,0.14066,2.60096,7.42253,2
1108.5,0.14066,2.60096,7.42253,2
1108.6,0.14066,2.60097,7.42253,2
1108.7,0.14066,2.60098,7.42253,2
1108.8,0.14066,2.60099,7.42253,2
1108.9,0.14065,2.60099,7.42253,2
1109,0.14065,2.601,7.42253,2
1109.1,0.14065,2.60101,7.42253,2
1109.2,0.14065,2.60101,7.42253,2
1109.3,0.14065,2.60102,7.42253,2
1109.4,0.14065,2.60103,7.42253,2
1109.5,0.14065,2.60103,7.42253,2
1109.6,0.14064,2.60104,7.42253,2
1109.7,0.14064,2.60105,7.42253,2
1109.8,0.14064,2.60105,7.42253,2
1109.9,0.14064,2.60106,7.42253,2
1110,0.14064,2.60107,7.42253,2
1110.1,0.14064,2.60108,7.42253,2
1110.2,0.14064,2.60108,7.42253,2
1110.3,0.14064,2.60109,7.42253,2
1110.4,0.14063,2.6011,7.42253,2
1110.5,0.14063,2.60111,7.42253,2
1110.6,0.14063,2.60111,7.42253,2
1110.7,0.14063,2.60112,7.42253,2
1110.8,0.14063,2.60113,7.42253,2
1110.9,0.14063,2.60114,7.42253,2
1111,0.14062,2.60114,7.42253,2
1111.1,0.14062,2.60115,7.42253,2
1111.2,0.14062,2.60116,7.42253,2
1111.3,0.14062,2.60117,7.42253,2
1111.4,0.14062,2.60117,7.42253,2
1111.5,0.14062,2.60118,7.42253,2
1111.6,0.14062,2.60119,7.42253,2
1111.7,0.14061,2.60119,7.42253,2
1111.8,0.14061,2.6012,7.42253,2
1111.9,0.14061,2.60121,7.42253,2
1112,0.14061,2.60121,7.42253,2
1112.1,0.14061,2.60122,7.42252,2
1112.2,0.14061,2.60123,7.42252,2
1112.3,0.1406,2.60123,7.42252,2
1112.4,0.1406,2.60124,7.42252,2
1112.5,0.1406,2.60124,7.42252,2
1112.6,0.1406,2.60125,7.42252,2
1112.7,0.1406,2.60125,7.42252,2
1112.8,0.1406,2.60126,7.42252,2
1112.9,0.1406,2.60127,7.42252,2
1113,0.14059,2.60127,7.42252,2
1113.1,0.14059,2.60128,7.42252,2
1113.2,0.14059,2.60129,7.42252,2
1113.3,0.14059,2.60129,7.42252,2
1113.4,0.14059,2.6013,7.42252,2
1113.5,0.14059,2.60131,7.42252,2
1113.6,0.14059,2.60132,7.42252,2
1113.7,0.14058,2.60133,7.42252,2
1113.8,0.14058,2.60134,7.42252,2
1113.9,0.14058,2.60134,7.42252,2
1114,0.14058,2.60135,7.42252,2
1114.1,0.14058,2.60136,7.42252,2
1114.2,0.14058,2.60137,7.42252,2
1114.3,0.14057,2.60138,7.42252,2
1114.4,0.14057,2.60139,7.42252,2
1114.5,0.14057,2.6014,7.42252,2
1114.6,0.14057,2.60141,7.42251,2
1114.7,0.14057,2.60142,7.42251,2
1114.8,0.14057,2.60143,7.42251,2
1114.9,0.14056,2.60145,7.42251,2
1115,0.14056,2.60146,7.42251,2
1115.1,0.14056,2.60147,7.42251,1
1115.2,0.14056,2.60148,7.42251,1
1115.3,0.14056,2.60149,7.42251,1
1115.4,0.14056,2.6015,7.42251,1
1115.5,0.14055,2.60151,7.42251,1
1115.6,0.14055,2.60152,7.42251,1
1115.7,0.14055,2.60153,7.42251,1
1115.8,0.14055,2.60154,7.42251,1
1115.9,0.14055,2.60155,7.42251,1
1116,0.14054,2.60156,7.42251,1
1116.1,0.14054,2.60157,7.42251,1
1116.2,0.14054,2.60158,7.42251,1
1116.3,0.14054,2.60159,7.42251,1
1116.4,0.14054,2.6016,7.42251,1
1116.5,0.14054,2.60161,7.42251,1
1116.6,0.14053,2.60163,7.42251,1
1116.7,0.14053,2.60164,7.42251,1
1116.8,0.14053,2.60165,7.42251,1
1116.9,0.14053,2.60166,7.42251,1
1117,0.14053,2.60167,7.42251,1
1117.1,0.14053,2.60168,7.42251,1
1117.2,0.14052,2.6017,7.42251,1
1117.3,0.14052,2.60171,7.42251,1
1117.4,0.14052,2.60172,7.42251,1
1117.5,0.14052,2.60173,7.42251,1
1117.6,0.14052,2.60174,7.42251,1
1117.7,0.14052,2.60176,7.42251,1
1117.8,0.14051,2.60177,7.42251,1
1117.9,0.14051,2.60178,7.42251,1
1118,0.14051,2.60179,7.42251,1
1118.1,0.14051,2.6018,7.42251,1
1118.2,0.14051,2.60182,7.42251,1
1118.3,0.14051,2.60183,7.42251,1
1118.4,0.1405,2.60184,7.42251,1
1118.5,0.1405,2.60185,7.42251,1
1118.6,0.1405,2.60186,7.42251,1
1118.7,0.1405,2.60188,7.42251,1
1118.8,0.1405,2.60189,7.42251,1
1118.9,0.14049,2.6019,7.42251,1
1119,0.14049,2.60191,7.42251,1
1119.1,0.14049,2.60192,7.4225,1
1119.2,0.14049,2.60194,7.4225,1
1119.3,0.14049,2.60195,7.4225,1
1119.4,0.14049,2.60196,7.4225,1
1119.5,0.14048,2.60197,7.4225,1
1119.6,0.14048,2.60199,7.4225,1
1119.7,0.14048,2.602,7.4225,1
1119.8,0.14048,2.60201,7.4225,1
1119.9,0.14048,2.60202,7.4225,1
1120,0.14047,2.60204,7.4225,1
1120.1,0.14047,2.60205,7.4225,1
1120.2,0.14047,2.60206,7.4225,1
1120.3,0.14047,2.60208,7.4225,1
1120.4,0.14047,2.60209,7.4225,1
1120.5,0.14047,2.60211,7.4225,1
1120.6,0.14046,2.60212,7.4225,1
1120.7,0.14046,2.60213,7.4225,1
1120.8,0.14046,2.60215,7.4225,1
1120.9,0.14046,2.60216,7.4225,1
1121,0.14046,2.60218,7.4225,1
1121.1,0.14046,2.60219,7.4225,1
1121.2,0.14045,2.60221,7.4225,1
1121.3,0.14045,2.60222,7.4225,1
1121.4,0.14045,2.60223,7.4225,1
1121.5,0.14045,2.60225,7.4225,1
1121.6,0.14045,2.60226,7.4225,1
1121.7,0.14044,2.60227,7.4225,1
1121.8,0.14044,2.60229,7.4225,1
1121.9,0.14044,2.6023,7.4225,1
1122,0.14044,2.60232,7.4225,1
1122.1,0.14044,2.60233,7.4225,1
1122.2,0.14044,2.60234,7.4225,1
1122.3,0.14043,2.60236,7.4225,1
1122.4,0.14043,2.60238,7.4225,1
1122.5,0.14043,2.60239,7.4225,1
1122.6,0.14043,2.60241,7.4225,1
1122.7,0.14043,2.60243,7.4225,1
1122.8,0.14043,2.60244,7.4225,1
1122.9,0.14042,2.60246,7.4225,1
1123,0.14042,2.60248,7.4225,1
1123.1,0.14042,2.6025,7.4225,1
1123.2,0.14042,2.60252,7.4225,1
1123.3,0.14042,2.60253,7.4225,1
1123.4,0.14041,2.60255,7.4225,1
1123.5,0.14041,2.60257,7.4225,1
1123.6,0.14041,2.60259,7.4225,1
1123.7,0.14041,2.60261,7.4225,1
1123.8,0.14041,2.60262,7.4225,1
1123.9,0.14041,2.60264,7.4225,1
1124,0.1404,2.60266,7.4225,1
1124.1,0.1404,2.60268,7.4225,1
1124.2,0.1404,2.6027,7.4225,1
1124.3,0.1404,2.60271,7.4225,1
1124.4,0.1404,2.60273,7.4225,1
1124.5,0.1404,2.60275,7.42249,1
1124.6,0.14039,2.60277,7.42249,1
1124.7,0.14039,2.60278,7.42249,1
1124.8,0.14039,2.6028,7.42249,1
1124.9,0.14039,2.60282,7.42249,1
1125,0.14039,2.60284,7.42249,1
1125.1,0.14039,2.60286,7.42249,1
1125.2,0.14038,2.60287,7.42249,1
1125.3,0.14038,2.60289,7.42249,1
1125.4,0.14038,2.60291,7.42249,1
1125.5,0.14038,2.60293,7.42249,1
1125.6,0.14038,2.60295,7.42249,1
1125.7,0.14038,2.60297,7.42249,1
1125.8,0.14037,2.60299,7.42249,1
1125.9,0.14037,2.60301,7.42249,1
1126,0.14037,2.60303,7.42249,1
1126.1,0.14037,2.60304,7.42249,1
1126.2,0.14037,2.60306,7.42249,1
1126.3,0.14037,2.60308,7.42249,1
1126.4,0.14036,2.6031,7.42249,1
1126.5,0.14036,2.60312,7.42249,1
1126.6,0.14036,2.60314,7.42249,1
1126.7,0.14036,2.60316,7.42249,1
1126.8,0.14036,2.60317,7.42249,1
1126.9,0.14035,2.60319,7.42249,1
1127,0.14035,2.60321,7.42249,1
1127.1,0.14035,2.60322,7.42249,1
1127.2,0.14035,2.60324,7.42249,1
1127.3,0.14035,2.60325,7.42249,1
1127.4,0.14034,2.60327,7.42249,1
1127.5,0.14034,2.60329,7.42249,1
1127.6,0.14034,2.6033,7.42249,1
1127.7,0.14034,2.60332,7.42249,1
1127.8,0.14034,2.60334,7.42249,1
1127.9,0.14034,2.60335,7.42249,1
1128,0.14033,2.60337,7.42249,1
1128.1,0.14033,2.60339,7.42249,1
1128.2,0.14033,2.6034,7.42249,1
1128.3,0.14033,2.60342,7.42249,1
1128.4,0.14033,2.60343,7.42249,1
1128.5,0.14033,2.60345,7.42249,1
1128.6,0.14032,2.60346,7.42248,1
1128.7,0.14032,2.60348,7.42248,1
1128.8,0.14032,2.60349,7.42248,1
1128.9,0.14032,2.60351,7.42248,1
1129,0.14032,2.60352,7.42248,1
1129.1,0.14032,2.60354,7.42248,1
1129.2,0.14031,2.60355,7.42248,1
1129.3,0.14031,2.60357,7.42248,1
1129.4,0.14031,2.60358,7.42248,1
1129.5,0.14031,2.6036,7.42248,1
1129.6,0.14031,2.60361,7.42248,1
1129.7,0.14031,2.60363,7.42248,1
1129.8,0.1403,2.60364,7.42248,1
1129.9,0.1403,2.60366,7.42248,1
1130,0.1403,2.60368,7.42248,1
1130.1,0.1403,2.60369,7.42248,1
1130.2,0.1403,2.60371,7.42248,1
1130.3,0.1403,2.60372,7.42248,1
1130.4,0.1403,2.60374,7.42248,1
1130.5,0.14029,2.60376,7.42248,1
1130.6,0.14029,2.60377,7.42248,1
1130.7,0.14029,2.60379,7.42248,1
1130.8,0.14029,2.6038,7.42248,1
1130.9,0.14029,2.60382,7.42248,1
1131,0.14029,2.60383,7.42248,1
1131.1,0.14029,2.60385,7.42248,1
1131.2,0.14029,2.60386,7.42248,1
1131.3,0.14028,2.60388,7.42248,1
1131.4,0.14028,2.60389,7.42248,1
1131.5,0.14028,2.60391,7.42248,1
1131.6,0.14028,2.60392,7.42248,1
1131.7,0.14028,2.60394,7.42248,1
1131.8,0.14028,2.60396,7.42248,1
1131.9,0.14028,2.60397,7.42248,1
1132,0.14028,2.60399,7.42247,1
1132.1,0.14028,2.604,7.42247,1
1132.2,0.14028,2.60402,7.42247,1
1132.3,0.14027,2.60404,7.42247,1
1132.4,0.14027,2.60405,7.42247,1
1132.5,0.14027,2.60407,7.42247,1
1132.6,0.14027,2.60409,7.42247,1
1132.7,0.14027,2.6041,7.42247,1
1132.8,0.14027,2.60412,7.42247,1
1132.9,0.14027,2.60413,7.42247,1
1133,0.14027,2.60414,7.42247,1
1133.1,0.14027,2.60415,7.42247,1
1133.2,0.14027,2.60416,7.42247,1
1133.3,0.14026,2.60417,7.42247,1
1133.4,0.14026,2.60419,7.42247,1
1133.5,0.14026,2.6042,7.42247,1
1133.6,0.14026,2.60421,7.42247,1
1133.7,0.14026,2.60422,7.42247,1
1133.8,0.14026,2.60423,7.42247,1
1133.9,0.14026,2.60424,7.42247,1
1134,0.14026,2.60425,7.42247,1
1134.1,0.14026,2.60426,7.42247,1
1134.2,0.14026,2.60428,7.42247,1
1134.3,0.14025,2.60429,7.42247,1
1134.4,0.14025,2.6043,7.42247,1
1134.5,0.14025,2.60431,7.42247,1
1134.6,0.14025,2.60432,7.42246,1
1134.7,0.14025,2.60433,7.42246,1
1134.8,0.14025,2.60434,7.42246,1
1134.9,0.14025,2.60435,7.42246,1
1135,0.14025,2.60436,7.42246,1
1135.1,0.14025,2.60437,7.42246,1
1135.2,0.14024,2.60438,7.42246,1
1135.3,0.14024,2.60439,7.42246,1
1135.4,0.14024,2.6044,7.42246,1
1135.5,0.14024,2.60441,7.42246,1
1135.6,0.14024,2.60442,7.42246,1
1135.7,0.14024,2.60443,7.42246,1
1135.8,0.14024,2.60444,7.42246,1
1135.9,0.14024,2.60446,7.42246,1
1136,0.14024,2.60447,7.42246,1
1136.1,0.14024,2.60448,7.42246,1
1136.2,0.14024,2.60449,7.42246,1
1136.3,0.14023,2.60451,7.42246,1
1136.4,0.14023,2.60452,7.42246,1
1136.5,0.14023,2.60453,7.42246,1
1136.6,0.14023,2.60454,7.42246,1
1136.7,0.14023,2.60456,7.42246,1
1136.8,0.14023,2.60457,7.42246,1
1136.9,0.14023,2.60458,7.42246,1
1137,0.14023,2.60459,7.42246,1
1137.1,0.14023,2.6046,7.42246,1
1137.2,0.14023,2.60461,7.42246,1
1137.3,0.14023,2.60463,7.42246,1
1137.4,0.14023,2.60464,7.42246,1
1137.5,0.14023,2.60465,7.42246,1
1137.6,0.14023,2.60466,7.42246,1
1137.7,0.14023,2.60467,7.42245,1
1137.8,0.14023,2.60469,7.42245,1
1137.9,0.14022,2.6047,7.42245,1
1138,0.14022,2.60471,7.42245,1
1138.1,0.14022,2.60472,7.42245,1
1138.2,0.14022,2.60473,7.42245,1
1138.3,0.14022,2.60474,7.42245,1
1138.4,0.14022,2.60475,7.42245,1
1138.5,0.14022,2.60477,7.42245,1
1138.6,0.14022,2.60478,7.42245,1
1138.7,0.14022,2.60479,7.42245,1
1138.8,0.14022,2.6048,7.42245,1
1138.9,0.14022,2.60481,7.42245,1
1139,0.14022,2.60482,7.42245,1
1139.1,0.14022,2.60483,7.42245,1
1139.2,0.14022,2.60485,7.42245,1
1139.3,0.14022,2.60486,7.42245,1
1139.4,0.14022,2.60487,7.42245,1
1139.5,0.14022,2.60488,7.42245,1
1139.6,0.14022,2.6049,7.42245,1
1139.7,0.14022,2.60491,7.42245,1
1139.8,0.14022,2.60492,7.42245,1
1139.9,0.14022,2.60493,7.42245,1
1140,0.14022,2.60494,7.42245,1
1140.1,0.14021,2.60495,7.42245,1
1140.2,0.14021,2.60496,7.42245,1
1140.3,0.14021,2.60497,7.42245,1
1140.4,0.14021,2.60498,7.42245,1
1140.5,0.14021,2.60499,7.42245,1
1140.6,0.14021,2.605,7.42245,1
1140.7,0.14021,2.60501,7.42245,1
1140.8,0.14021,2.60502,7.42245,1
1140.9,0.14021,2.60503,7.42245,1
1141,0.14021,2.60505,7.42245,1
1141.1,0.14021,2.60506,7.42245,1
1141.2,0.14021,2.60507,7.42245,1
1141.3,0.14021,2.60508,7.42245,1
1141.4,0.14021,2.60509,7.42245,1
1141.5,0.14021,2.6051,7.42245,1
1141.6,0.14021,2.60511,7.42245,1
1141.7,0.14021,2.60512,7.42245,1
1141.8,0.14021,2.60513,7.42245,1
1141.9,0.14021,2.60513,7.42245,1
1142,0.14021,2.60514,7.42245,1
1142.1,0.14021,2.60515,7.42245,1
1142.2,0.14021,2.60516,7.42245,1
1142.3,0.14021,2.60517,7.42245,1
1142.4,0.14021,2.60518,7.42245,1
1142.5,0.14021,2.60519,7.42245,1
1142.6,0.14021,2.6052,7.42245,1
1142.7,0.14021,2.60521,7.42245,1
1142.8,0.14021,2.60522,7.42245,1
1142.9,0.14021,2.60523,7.42245,1
1143,0.14021,2.60524,7.42245,1
1143.1,0.14021,2.60525,7.42245,1
1143.2,0.14021,2.60526,7.42245,1
1143.3,0.14021,2.60527,7.42245,1
1143.4,0.14021,2.60529,7.42245,1
1143.5,0.14021,2.6053,7.42245,1
1143.6,0.14021,2.60531,7.42245,1
1143.7,0.14021,2.60532,7.42245,1
1143.8,0.14021,2.60533,7.42245,1
1143.9,0.14021,2.60534,7.42245,1
1144,0.14021,2.60536,7.42245,1
1144.1,0.14021,2.60537,7.42245,1
1144.2,0.14021,2.60538,7.42245,1
1144.3,0.14021,2.60539,7.42245,1
1144.4,0.14021,2.6054,7.42245,1
1144.5,0.14021,2.60542,7.42245,1
1144.6,0.14021,2.60543,7.42245,1
1144.7,0.14021,2.60544,7.42245,1
1144.8,0.14021,2.60545,7.42245,1
1144.9,0.14021,2.60546,7.42245,1
1145,0.14021,2.60547,7.42246,1
1145.1,0.1402,2.60549,7.42246,1
1145.2,0.1402,2.6055,7.42246,1
1145.3,0.1402,2.60551,7.42246,1
1145.4,0.1402,2.60553,7.42246,1
1145.5,0.1402,2.60554,7.42246,1
1145.6,0.1402,2.60555,7.42246,1
1145.7,0.1402,2.60556,7.42246,1
1145.8,0.1402,2.60558,7.42246,1
1145.9,0.1402,2.60559,7.42246,1
1146,0.1402,2.6056,7.42246,1
1146.1,0.1402,2.60562,7.42246,1
1146.2,0.1402,2.60563,7.42246,1
1146.3,0.1402,2.60565,7.42246,1
1146.4,0.1402,2.60566,7.42246,1
1146.5,0.14021,2.60567,7.42246,1
1146.6,0.14021,2.60569,7.42246,1
1146.7,0.14021,2.6057,7.42246,1
1146.8,0.14021,2.60571,7.42246,1
1146.9,0.14021,2.60573,7.42246,1
1147,0.14021,2.60574,7.42246,1
1147.1,0.14021,2.60575,7.42246,1
1147.2,0.14021,2.60577,7.42246,1
1147.3,0.14021,2.60578,7.42246,1
1147.4,0.14021,2.6058,7.42246,1
1147.5,0.14021,2.60581,7.42246,1
1147.6,0.14021,2.60582,7.42246,1
1147.7,0.14021,2.60584,7.42246,1
1147.8,0.14021,2.60585,7.42246,1
1147.9,0.14021,2.60586,7.42246,1
1148,0.14021,2.60588,7.42246,1
1148.1,0.14021,2.60589,7.42246,1
1148.2,0.14021,2.6059,7.42246,1
1148.3,0.14021,2.60591,7.42246,1
1148.4,0.14021,2.60593,7.42246,1
1148.5,0.14021,2.60594,7.42246,1
1148.6,0.14021,2.60595,7.42246,1
1148.7,0.14021,2.60597,7.42246,1
1148.8,0.14021,2.60598,7.42246,1
1148.9,0.14021,2.606,7.42246,1
1149,0.14021,2.60601,7.42246,1
1149.1,0.14021,2.60602,7.42246,1
1149.2,0.14021,2.60604,7.42246,1
1149.3,0.14021,2.60605,7.42246,1
1149.4,0.14022,2.60607,7.42246,1
1149.5,0.14022,2.60608,7.42246,1
1149.6,0.14022,2.6061,7.42246,1
1149.7,0.14022,2.60611,7.42246,1
1149.8,0.14022,2.60613,7.42246,1
1149.9,0.14022,2.60615,7.42246,1
1150,0.14022,2.60617,7.42246,1
1150.1,0.14022,2.60618,7.42247,1
1150.2,0.14022,2.6062,7.42247,1
1150.3,0.14022,2.60622,7.42247,1
1150.4,0.14022,2.60623,7.42247,1
1150.5,0.14022,2.60625,7.42247,1
1150.6,0.14022,2.60627,7.42247,1
1150.7,0.14022,2.60628,7.42247,1
1150.8,0.14022,2.6063,7.42247,1
1150.9,0.14023,2.60631,7.42247,1
1151,0.14023,2.60633,7.42247,1
1151.1,0.14023,2.60635,7.42247,1
1151.2,0.14023,2.60637,7.42247,1
1151.3,0.14023,2.60639,7.42247,1
1151.4,0.14023,2.6064,7.42247,1
1151.5,0.14023,2.60642,7.42247,1
1151.6,0.14023,2.60644,7.42247,1
1151.7,0.14023,2.60645,7.42247,1
1151.8,0.14023,2.60647,7.42247,1
1151.9,0.14023,2.60649,7.42247,1
1152,0.14023,2.6065,7.42247,1
1152.1,0.14023,2.60652,7.42247,1
1152.2,0.14023,2.60654,7.42247,1
1152.3,0.14023,2.60655,7.42247,1
1152.4,0.14023,2.60657,7.42247,1
1152.5,0.14023,2.60658,7.42247,1
1152.6,0.14023,2.6066,7.42247,1
1152.7,0.14023,2.60661,7.42247,1
1152.8,0.14023,2.60662,7.42247,1
1152.9,0.14023,2.60664,7.42247,1
1153,0.14023,2.60665,7.42247,1
1153.1,0.14023,2.60666,7.42247,1
1153.2,0.14024,2.60667,7.42247,1
1153.3,0.14024,2.60669,7.42247,1
1153.4,0.14024,2.6067,7.42247,1
1153.5,0.14024,2.60672,7.42247,1
1153.6,0.14024,2.60673,7.42247,1
1153.7,0.14024,2.60674,7.42247,1
1153.8,0.14024,2.60675,7.42247,1
1153.9,0.14024,2.60677,7.42247,1
1154,0.14024,2.60678,7.42247,1
1154.1,0.14024,2.60679,7.42247,1
1154.2,0.14024,2.60681,7.42247,1
1154.3,0.14024,2.60682,7.42247,1
1154.4,0.14024,2.60683,7.42247,1
1154.5,0.14024,2.60685,7.42247,1
1154.6,0.14024,2.60686,7.42247,1
1154.7,0.14024,2.60687,7.42247,1
1154.8,0.14024,2.60689,7.42248,1
1154.9,0.14024,2.6069,7.42248,1
1155,0.14024,2.60692,7.42248,1
1155.1,0.14024,2.60693,7.42248,1
1155.2,0.14024,2.60695,7.42248,1
1155.3,0.14024,2.60696,7.42248,1
1155.4,0.14024,2.60698,7.42248,1
1155.5,0.14024,2.60699,7.42248,1
1155.6,0.14024,2.607,7.42248,1
1155.7,0.14025,2.60701,7.42248,1
1155.8,0.14025,2.60703,7.42248,1
1155.9,0.14025,2.60704,7.42248,1
1156,0.14025,2.60705,7.42248,1
1156.1,0.14025,2.60706,7.42248,1
1156.2,0.14025,2.60707,7.42248,1
1156.3,0.14025,2.60708,7.42248,1
1156.4,0.14025,2.60709,7.42248,1
1156.5,0.14025,2.60711,7.42248,1
1156.6,0.14025,2.60712,7.42248,1
1156.7,0.14025,2.60713,7.42248,1
1156.8,0.14025,2.60714,7.42248,1
1156.9,0.14025,2.60715,7.42248,1
1157,0.14025,2.60716,7.42248,1
1157.1,0.14025,2.60717,7.42248,1
1157.2,0.14025,2.60718,7.42248,1
1157.3,0.14025,2.60719,7.42248,1
1157.4,0.14025,2.6072,7.42248,1
1157.5,0.14025,2.60721,7.42248,1
1157.6,0.14025,2.60722,7.42248,1
1157.7,0.14025,2.60724,7.42248,1
1157.8,0.14025,2.60725,7.42248,1
1157.9,0.14025,2.60726,7.42248,1
1158,0.14025,2.60727,7.42248,1
1158.1,0.14025,2.60728,7.42248,1
1158.2,0.14025,2.60729,7.42248,1
1158.3,0.14025,2.6073,7.42248,1
1158.4,0.14025,2.60731,7.42248,1
1158.5,0.14025,2.60732,7.42248,1
1158.6,0.14025,2.60733,7.42248,1
1158.7,0.14025,2.60734,7.42248,1
1158.8,0.14025,2.60734,7.42249,1
1158.9,0.14025,2.60735,7.42249,1
1159,0.14025,2.60736,7.42249,1
1159.1,0.14025,2.60737,7.42249,1
1159.2,0.14025,2.60739,7.42249,1
1159.3,0.14025,2.6074,7.42249,1
1159.4,0.14025,2.6074,7.42249,1
1159.5,0.14025,2.60741,7.42249,1
1159.6,0.14025,2.60742,7.42249,1
1159.7,0.14025,2.60743,7.42249,1
1159.8,0.14025,2.60744,7.42249,1
1159.9,0.14025,2.60745,7.42249,1
1160,0.14025,2.60746,7.42249,1
1160.1,0.14025,2.60747,7.42249,1
1160.2,0.14025,2.60748,7.42249,1
1160.3,0.14025,2.60749,7.42249,1
1160.4,0.14025,2.6075,7.42249,1
1160.5,0.14025,2.60751,7.42249,1
1160.6,0.14025,2.60752,7.42249,1
1160.7,0.14025,2.60753,7.42249,1
1160.8,0.14025,2.60754,7.42249,1
1160.9,0.14025,2.60755,7.42249,1
1161,0.14025,2.60756,7.42249,1
1161.1,0.14025,2.60757,7.42249,1
1161.2,0.14025,2.60758,7.42249,1
1161.3,0.14025,2.60759,7.42249,1
1161.4,0.14025,2.60761,7.42249,1
1161.5,0.14025,2.60762,7.42249,1
1161.6,0.14025,2.60763,7.42249,1
1161.7,0.14025,2.60764,7.42249,1
1161.8,0.14025,2.60766,7.42249,1
1161.9,0.14025,2.60767,7.42249,1
1162,0.14025,2.60768,7.42249,1
1162.1,0.14025,2.60769,7.42249,1
1162.2,0.14025,2.60771,7.42249,1
1162.3,0.14025,2.60772,7.42249,1
1162.4,0.14025,2.60774,7.42249,1
1162.5,0.14025,2.60775,7.42249,1
1162.6,0.14025,2.60777,7.42249,1
1162.7,0.14025,2.60778,7.42249,1
1162.8,0.14025,2.60779,7.42249,1
1162.9,0.14025,2.60781,7.42249,1
1163,0.14025,2.60782,7.42249,1
1163.1,0.14025,2.60784,7.42249,1
1163.2,0.14025,2.60785,7.42249,1
1163.3,0.14025,2.60787,7.4225,1
1163.4,0.14025,2.60788,7.4225,1
1163.5,0.14025,2.6079,7.4225,1
1163.6,0.14025,2.60791,7.4225,1
1163.7,0.14025,2.60792,7.4225,1
1163.8,0.14025,2.60794,7.4225,1
1163.9,0.14025,2.60795,7.4225,1
1164,0.14025,2.60796,7.4225,1
1164.1,0.14025,2.60798,7.4225,1
1164.2,0.14025,2.60799,7.4225,1
1164.3,0.14025,2.608,7.4225,1
1164.4,0.14025,2.60802,7.4225,1
1164.5,0.14025,2.60803,7.4225,1
1164.6,0.14025,2.60804,7.4225,1
1164.7,0.14025,2.60806,7.4225,1
1164.8,0.14025,2.60807,7.4225,1
1164.9,0.14025,2.60808,7.4225,1
1165,0.14025,2.6081,7.4225,1
1165.1,0.14025,2.60811,7.4225,2
1165.2,0.14025,2.60812,7.4225,2
1165.3,0.14025,2.60814,7.4225,2
1165.4,0.14025,2.60815,7.4225,2
1165.5,0.14025,2.60817,7.4225,2
1165.6,0.14025,2.60818,7.4225,2
1165.7,0.14025,2.6082,7.4225,2
1165.8,0.14025,2.60821,7.4225,2
1165.9,0.14025,2.60823,7.4225,2
1166,0.14025,2.60824,7.4225,2
1166.1,0.14025,2.60825,7.4225,2
1166.2,0.14025,2.60827,7.4225,2
1166.3,0.14025,2.60828,7.4225,2
1166.4,0.14025,2.6083,7.4225,2
1166.5,0.14025,2.60832,7.4225,2
1166.6,0.14025,2.60833,7.4225,2
1166.7,0.14025,2.60835,7.4225,2
1166.8,0.14025,2.60836,7.4225,2
1166.9,0.14025,2.60838,7.4225,2
1167,0.14025,2.60839,7.42251,2
1167.1,0.14025,2.60841,7.42251,2
1167.2,0.14025,2.60842,7.42251,2
1167.3,0.14025,2.60844,7.42251,2
1167.4,0.14025,2.60845,7.42251,2
1167.5,0.14025,2.60847,7.42251,2
1167.6,0.14025,2.60848,7.42251,2
1167.7,0.14025,2.6085,7.42251,2
1167.8,0.14025,2.60851,7.42251,2
1167.9,0.14025,2.60853,7.42251,2
1168,0.14025,2.60854,7.42251,2
1168.1,0.14025,2.60856,7.42251,2
1168.2,0.14025,2.60857,7.42251,2
1168.3,0.14025,2.60859,7.42251,2
1168.4,0.14025,2.6086,7.42251,2
1168.5,0.14024,2.60862,7.42251,2
1168.6,0.14024,2.60864,7.42251,2
1168.7,0.14024,2.60865,7.42251,2
1168.8,0.14024,2.60867,7.42251,2
1168.9,0.14024,2.60869,7.42251,2
1169,0.14024,2.60871,7.42251,2
1169.1,0.14024,2.60872,7.42251,2
1169.2,0.14024,2.60874,7.42251,2
1169.3,0.14024,2.60876,7.42251,2
1169.4,0.14024,2.60878,7.42251,2
1169.5,0.14024,2.6088,7.42251,2
1169.6,0.14024,2.60881,7.42251,2
1169.7,0.14024,2.60883,7.42251,2
1169.8,0.14024,2.60885,7.42251,2
1169.9,0.14024,2.60887,7.42251,2
1170,0.14024,2.60889,7.42252,2
1170.1,0.14024,2.60891,7.42252,2
1170.2,0.14024,2.60893,7.42252,2
1170.3,0.14024,2.60895,7.42252,2
1170.4,0.14024,2.60898,7.42252,2
1170.5,0.14023,2.609,7.42252,2
1170.6,0.14023,2.60902,7.42252,2
1170.7,0.14023,2.60904,7.42252,2
1170.8,0.14023,2.60906,7.42252,2
1170.9,0.14023,2.60908,7.42252,2
1171,0.14023,2.60911,7.42252,2
1171.1,0.14023,2.60914,7.42252,2
1171.2,0.14023,2.60916,7.42252,2
1171.3,0.14023,2.60919,7.42252,2
1171.4,0.14023,2.60922,7.42252,2
1171.5,0.14022,2.60924,7.42252,2
1171.6,0.14022,2.60927,7.42252,2
1171.7,0.14022,2.60929,7.42252,2
1171.8,0.14022,2.60931,7.42252,2
1171.9,0.14022,2.60934,7.42252,2
1172,0.14022,2.60936,7.42252,2
1172.1,0.14022,2.60939,7.42252,2
1172.2,0.14022,2.60941,7.42252,2
1172.3,0.14021,2.60944,7.42252,2
1172.4,0.14021,2.60946,7.42252,2
1172.5,0.14021,2.60949,7.42252,2
1172.6,0.14021,2.60951,7.42252,2
1172.7,0.14021,2.60953,7.42252,2
1172.8,0.14021,2.60955,7.42252,2
1172.9,0.14021,2.60957,7.42252,2
1173,0.1402,2.60959,7.42252,2
1173.1,0.1402,2.6096,7.42252,2
1173.2,0.1402,2.60962,7.42253,2
1173.3,0.1402,2.60964,7.42253,2
1173.4,0.1402,2.60966,7.42253,2
1173.5,0.1402,2.60967,7.42253,2
1173.6,0.1402,2.60969,7.42253,2
1173.7,0.14019,2.60971,7.42253,2
1173.8,0.14019,2.60972,7.42253,2
1173.9,0.14019,2.60974,7.42253,2
1174,0.14019,2.60976,7.42253,2
1174.1,0.14019,2.60978,7.42253,2
1174.2,0.14019,2.60979,7.42253,2
1174.3,0.14018,2.60981,7.42253,2
1174.4,0.14018,2.60983,7.42253,2
1174.5,0.14018,2.60984,7.42253,2
1174.6,0.14018,2.60986,7.42253,2
1174.7,0.14018,2.60988,7.42253,2
1174.8,0.14018,2.6099,7.42253,2
1174.9,0.14018,2.60991,7.42253,2
1175,0.14017,2.60993,7.42253,2
1175.1,0.14017,2.60995,7.42253,2
1175.2,0.14017,2.60996,7.42253,2
1175.3,0.14017,2.60998,7.42253,2
1175.4,0.14017,2.61,7.42253,2
1175.5,0.14017,2.61001,7.42253,2
1175.6,0.14017,2.61003,7.42253,2
1175.7,0.14016,2.61004,7.42253,2
1175.8,0.14016,2.61006,7.42253,2
1175.9,0.14016,2.61007,7.42253,2
1176,0.14016,2.61009,7.42253,2
1176.1,0.14016,2.6101,7.42253,2
1176.2,0.14016,2.61012,7.42253,2
1176.3,0.14016,2.61013,7.42253,2
1176.4,0.14015,2.61015,7.42253,2
1176.5,0.14015,2.61016,7.42253,2
1176.6,0.14015,2.61018,7.42253,2
1176.7,0.14015,2.61019,7.42253,2
1176.8,0.14015,2.61021,7.42253,2
1176.9,0.14015,2.61022,7.42253,2
1177,0.14015,2.61023,7.42253,2
1177.1,0.14014,2.61025,7.42253,2
1177.2,0.14014,2.61026,7.42253,2
1177.3,0.14014,2.61028,7.42253,2
1177.4,0.14014,2.61029,7.42254,2
1177.5,0.14014,2.61031,7.42254,2
1177.6,0.14014,2.61032,7.42254,2
1177.7,0.14013,2.61034,7.42254,2
1177.8,0.14013,2.61036,7.42254,2
1177.9,0.14013,2.61037,7.42254,2
1178,0.14013,2.61039,7.42254,2
1178.1,0.14013,2.6104,7.42254,2
1178.2,0.14013,2.61042,7.42254,2
1178.3,0.14012,2.61044,7.42254,2
1178.4,0.14012,2.61045,7.42254,2
1178.5,0.14012,2.61047,7.42254,2
1178.6,0.14012,2.61049,7.42254,2
1178.7,0.14012,2.6105,7.42254,2
1178.8,0.14012,2.61052,7.42254,2
1178.9,0.14012,2.61053,7.42254,2
1179,0.14011,2.61055,7.42254,2
1179.1,0.14011,2.61056,7.42254,2
1179.2,0.14011,2.61058,7.42254,2
1179.3,0.14011,2.6106,7.42254,2
1179.4,0.14011,2.61061,7.42254,2
1179.5,0.14011,2.61063,7.42254,2
1179.6,0.14011,2.61065,7.42254,2
1179.7,0.14011,2.61066,7.42254,2
1179.8,0.1401,2.61068,7.42254,2
1179.9,0.1401,2.6107,7.42254,2
1180,0.1401,2.61071,7.42254,2
1180.1,0.1401,2.61073,7.42254,2
1180.2,0.1401,2.61075,7.42254,2
1180.3,0.1401,2.61076,7.42254,2
1180.4,0.1401,2.61078,7.42254,2
1180.5,0.14009,2.6108,7.42254,2
1180.6,0.14009,2.61082,7.42254,2
1180.7,0.14009,2.61083,7.42254,2
1180.8,0.14009,2.61085,7.42254,2
1180.9,0.14009,2.61087,7.42254,2
1181,0.14009,2.61089,7.42254,2
1181.1,0.14009,2.61091,7.42254,2
1181.2,0.14008,2.61092,7.42254,2
1181.3,0.14008,2.61094,7.42254,2
1181.4,0.14008,2.61096,7.42254,2
1181.5,0.14008,2.61098,7.42254,2
1181.6,0.14008,2.61099,7.42254,2
1181.7,0.14008,2.61101,7.42254,2
1181.8,0.14008,2.61103,7.42254,2
1181.9,0.14007,2.61105,7.42254,2
1182,0.14007,2.61106,7.42254,2
1182.1,0.14007,2.61108,7.42254,2
1182.2,0.14007,2.6111,7.42254,2
1182.3,0.14007,2.61112,7.42254,2
1182.4,0.14007,2.61114,7.42254,2
1182.5,0.14007,2.61115,7.42254,2
1182.6,0.14006,2.61117,7.42254,2
1182.7,0.14006,2.61119,7.42254,2
1182.8,0.14006,2.6112,7.42254,2
1182.9,0.14006,2.61122,7.42254,2
1183,0.14006,2.61124,7.42254,2
1183.1,0.14006,2.61125,7.42254,2
1183.2,0.14006,2.61127,7.42254,2
1183.3,0.14006,2.61129,7.42254,2
1183.4,0.14005,2.61131,7.42254,2
1183.5,0.14005,2.61132,7.42254,2
1183.6,0.14005,2.61134,7.42254,2
1183.7,0.14005,2.61136,7.42254,2
1183.8,0.14005,2.61138,7.42254,2
1183.9,0.14005,2.61139,7.42254,2
1184,0.14005,2.61141,7.42254,2
1184.1,0.14005,2.61143,7.42254,2
1184.2,0.14005,2.61144,7.42254,2
1184.3,0.14005,2.61146,7.42254,2
1184.4,0.14004,2.61147,7.42254,2
1184.5,0.14004,2.61149,7.42254,2
1184.6,0.14004,2.6115,7.42254,2
1184.7,0.14004,2.61152,7.42254,2
1184.8,0.14004,2.61153,7.42254,2
1184.9,0.14004,2.61154,7.42254,2
1185,0.14004,2.61156,7.42254,2
1185.1,0.14004,2.61157,7.42254,2
1185.2,0.14004,2.61158,7.42254,2
1185.3,0.14004,2.61159,7.42254,2
1185.4,0.14004,2.61161,7.42254,2
1185.5,0.14004,2.61162,7.42254,2
1185.6,0.14004,2.61163,7.42253,2
1185.7,0.14004,2.61164,7.42253,2
1185.8,0.14004,2.61165,7.42253,2
1185.9,0.14003,2.61166,7.42253,2
1186,0.14003,2.61167,7.42253,2
1186.1,0.14003,2.61168,7.42253,2
1186.2,0.14003,2.6117,7.42253,2
1186.3,0.14003,2.61171,7.42253,2
1186.4,0.14003,2.61172,7.42253,2
1186.5,0.14003,2.61173,7.42253,2
1186.6,0.14003,2.61175,7.42253,2
1186.7,0.14003,2.61176,7.42253,2
1186.8,0.14003,2.61177,7.42253,2
1186.9,0.14003,2.61178,7.42253,2
1187,0.14003,2.61179,7.42253,2
1187.1,0.14003,2.6118,7.42253,2
1187.2,0.14002,2.61181,7.42253,2
1187.3,0.14002,2.61182,7.42253,2
1187.4,0.14002,2.61183,7.42253,2
1187.5,0.14002,2.61185,7.42253,2
1187.6,0.14002,2.61186,7.42253,2
1187.7,0.14002,2.61187,7.42253,2
1187.8,0.14002,2.61188,7.42253,2
1187.9,0.14002,2.61189,7.42253,2
1188,0.14002,2.61189,7.42253,2
1188.1,0.14002,2.6119,7.42253,2
1188.2,0.14002,2.61191,7.42253,2
1188.3,0.14002,2.61192,7.42253,2
1188.4,0.14001,2.61194,7.42253,2
1188.5,0.14001,2.61195,7.42253,2
1188.6,0.14001,2.61196,7.42253,2
1188.7,0.14001,2.61197,7.42253,2
1188.8,0.14001,2.61198,7.42253,2
1188.9,0.14001,2.61199,7.42253,2
1189,0.14001,2.612,7.42253,2
1189.1,0.14001,2.61201,7.42253,2
1189.2,0.14001,2.61202,7.42253,2
1189.3,0.14001,2.61204,7.42253,2
1189.4,0.14001,2.61205,7.42253,2
1189.5,0.14001,2.61207,7.42253,2
1189.6,0.14001,2.61208,7.42253,2
1189.7,0.14001,2.6121,7.42253,2
1189.8,0.14001,2.61211,7.42253,2
1189.9,0.14001,2.61213,7.42253,2
1190,0.14001,2.61215,7.42253,2
1190.1,0.14001,2.61216,7.42253,2
1190.2,0.14001,2.61218,7.42253,2
1190.3,0.14001,2.61219,7.42253,2
1190.4,0.14001,2.61221,7.42253,2
1190.5,0.14001,2.61222,7.42253,2
1190.6,0.14001,2.61224,7.42253,2
1190.7,0.14001,2.61225,7.42253,2
1190.8,0.14001,2.61227,7.42253,2
1190.9,0.14001,2.61228,7.42253,2
1191,0.14001,2.6123,7.42253,2
1191.1,0.14001,2.61231,7.42253,2
1191.2,0.14001,2.61233,7.42253,2
1191.3,0.14001,2.61235,7.42253,2
1191.4,0.14001,2.61236,7.42253,2
1191.5,0.14001,2.61238,7.42253,2
1191.6,0.14001,2.61239,7.42253,2
1191.7,0.14001,2.61241,7.42253,2
1191.8,0.14001,2.61243,7.42252,2
1191.9,0.14001,2.61244,7.42252,2
1192,0.14001,2.61246,7.42252,2
1192.1,0.14001,2.61247,7.42252,2
1192.2,0.14001,2.61249,7.42252,2
1192.3,0.14001,2.6125,7.42252,2
1192.4,0.14001,2.61252,7.42252,2
1192.5,0.14001,2.61254,7.42252,2
1192.6,0.14001,2.61255,7.42252,2
1192.7,0.14,2.61257,7.42252,2
1192.8,0.14,2.61258,7.42252,2
1192.9,0.14,2.6126,7.42252,2
1193,0.14,2.61261,7.42252,2
1193.1,0.14,2.61262,7.42252,2
1193.2,0.14,2.61264,7.42252,2
1193.3,0.14,2.61265,7.42252,2
1193.4,0.14,2.61266,7.42252,2
1193.5,0.14,2.61268,7.42252,2
1193.6,0.14,2.61269,7.42252,2
1193.7,0.14,2.6127,7.42252,2
1193.8,0.14,2.61271,7.42252,2
1193.9,0.14,2.61272,7.42252,2
1194,0.14,2.61274,7.42252,2
1194.1,0.14,2.61275,7.42252,2
1194.2,0.14,2.61276,7.42252,2
1194.3,0.13999,2.61277,7.42252,2
1194.4,0.13999,2.61278,7.42252,2
1194.5,0.13999,2.6128,7.42252,2
1194.6,0.13999,2.61281,7.42252,2
1194.7,0.13999,2.61282,7.42252,2
1194.8,0.13999,2.61283,7.42252,2
1194.9,0.13999,2.61284,7.42252,2
1195,0.13999,2.61285,7.42252,2
1195.1,0.13999,2.61286,7.42252,2
1195.2,0.13998,2.61287,7.42252,2
1195.3,0.13998,2.61288,7.42252,2
1195.4,0.13998,2.61289,7.42252,2
1195.5,0.13998,2.6129,7.42252,2
1195.6,0.13998,2.61291,7.42252,2
1195.7,0.13998,2.61293,7.42252,2
1195.8,0.13998,2.61294,7.42252,2
1195.9,0.13998,2.61295,7.42252,2
1196,0.13998,2.61296,7.42252,2
1196.1,0.13997,2.61298,7.42252,2
1196.2,0.13997,2.61299,7.42252,2
1196.3,0.13997,2.613,7.42252,2
1196.4,0.13997,2.61301,7.42252,2
1196.5,0.13997,2.61303,7.42252,2
1196.6,0.13997,2.61304,7.42252,2
1196.7,0.13996,2.61305,7.42252,2
1196.8,0.13996,2.61306,7.42252,2
1196.9,0.13996,2.61307,7.42252,2
1197,0.13996,2.61308,7.42252,2
1197.1,0.13996,2.61309,7.42252,2
1197.2,0.13995,2.6131,7.42252,2
1197.3,0.13995,2.61311,7.42252,2
1197.4,0.13995,2.61312,7.42252,2
1197.5,0.13995,2.61313,7.42252,2
1197.6,0.13994,2.61314,7.42252,2
1197.7,0.13994,2.61315,7.42252,2
1197.8,0.13994,2.61316,7.42252,2
1197.9,0.13994,2.61317,7.42252,2
1198,0.13993,2.61318,7.42252,2
1198.1,0.13993,2.61319,7.42252,2
1198.2,0.13993,2.6132,7.42252,2
1198.3,0.13993,2.61321,7.42252,2
1198.4,0.13992,2.61322,7.42252,2
1198.5,0.13992,2.61323,7.42252,2
1198.6,0.13992,2.61324,7.42252,2
1198.7,0.13992,2.61325,7.42252,2
1198.8,0.13991,2.61326,7.42251,2
1198.9,0.13991,2.61327,7.42251,2
1199,0.13991,2.61327,7.42251,2
1199.1,0.13991,2.61328,7.42251,2
1199.2,0.13991,2.61329,7.42251,2
1199.3,0.1399,2.6133,7.42251,2
1199.4,0.1399,2.61331,7.42251,2
1199.5,0.1399,2.61332,7.42251,2
1199.6,0.1399,2.61333,7.42251,2
1199.7,0.13989,2.61333,7.42251,2
1199.8,0.13989,2.61334,7.42251,2
1199.9,0.13989,2.61335,7.42251,2
1200,0.13989,2.61336,7.42251,2
1200.1,0.13989,2.61336,7.42251,2
1200.2,0.13988,2.61337,7.42251,2
1200.3,0.13988,2.61338,7.42251,2
1200.4,0.13988,2.61339,7.42251,2
1200.5,0.13988,2.61339,7.42251,2
1200.6,0.13987,2.6134,7.42251,2
1200.7,0.13987,2.61341,7.42251,2
1200.8,0.13987,2.61341,7.42251,2
1200.9,0.13986,2.61342,7.42251,2
1201,0.13986,2.61342,7.42251,2
1201.1,0.13986,2.61343,7.42251,2
1201.2,0.13986,2.61343,7.42251,2
1201.3,0.13985,2.61344,7.42251,2
1201.4,0.13985,2.61345,7.42251,2
1201.5,0.13985,2.61345,7.42251,2
1201.6,0.13985,2.61346,7.42251,2
1201.7,0.13984,2.61346,7.42251,2
1201.8,0.13984,2.61347,7.42251,2
1201.9,0.13984,2.61347,7.42251,2
1202,0.13984,2.61348,7.42251,2
1202.1,0.13983,2.61349,7.42251,2
1202.2,0.13983,2.61349,7.42251,2
1202.3,0.13983,2.6135,7.42251,2
1202.4,0.13983,2.6135,7.42251,2
1202.5,0.13982,2.61351,7.42251,2
1202.6,0.13982,2.61351,7.42251,2
1202.7,0.13982,2.61352,7.42251,2
1202.8,0.13982,2.61352,7.42251,2
1202.9,0.13981,2.61353,7.4225,2
1203,0.13981,2.61353,7.4225,2
1203.1,0.13981,2.61354,7.4225,2
1203.2,0.1398,2.61354,7.4225,2
1203.3,0.1398,2.61354,7.4225,2
1203.4,0.1398,2.61355,7.4225,2
1203.5,0.1398,2.61355,7.4225,2
1203.6,0.13979,2.61356,7.4225,2
1203.7,0.13979,2.61357,7.4225,2
1203.8,0.13979,2.61357,7.4225,2
1203.9,0.13979,2.61358,7.4225,2
1204,0.13978,2.61359,7.4225,2
1204.1,0.13978,2.61359,7.4225,2
1204.2,0.13978,2.6136,7.4225,2
1204.3,0.13977,2.61361,7.4225,2
1204.4,0.13977,2.61361,7.4225,2
1204.5,0.13977,2.61362,7.4225,2
1204.6,0.13977,2.61362,7.4225,2
1204.7,0.13976,2.61363,7.4225,2
1204.8,0.13976,2.61364,7.4225,2
1204.9,0.13976,2.61365,7.4225,2
1205,0.13975,2.61366,7.4225,2
1205.1,0.13975,2.61366,7.4225,2
1205.2,0.13975,2.61367,7.4225,2
1205.3,0.13974,2.61368,7.4225,2
1205.4,0.13974,2.61368,7.4225,2
1205.5,0.13974,2.61369,7.4225,2
1205.6,0.13973,2.6137,7.4225,2
1205.7,0.13973,2.6137,7.4225,2
1205.8,0.13973,2.61371,7.4225,2
1205.9,0.13973,2.61372,7.4225,2
1206,0.13972,2.61373,7.4225,2
1206.1,0.13972,2.61374,7.4225,2
1206.2,0.13972,2.61374,7.4225,2
1206.3,0.13971,2.61375,7.4225,2
1206.4,0.13971,2.61376,7.4225,2
1206.5,0.13971,2.61377,7.4225,2
1206.6,0.13971,2.61377,7.4225,2
1206.7,0.1397,2.61378,7.4225,2
1206.8,0.1397,2.61379,7.42249,2
1206.9,0.1397,2.61379,7.42249,2
1207,0.13969,2.6138,7.42249,2
1207.1,0.13969,2.6138,7.42249,2
1207.2,0.13969,2.6138,7.42249,2
1207.3,0.13969,2.61381,7.42249,2
1207.4,0.13968,2.61381,7.42249,2
1207.5,0.13968,2.61382,7.42249,2
1207.6,0.13968,2.61382,7.42249,2
1207.7,0.13967,2.61382,7.42249,2
1207.8,0.13967,2.61383,7.42249,2
1207.9,0.13967,2.61383,7.42249,2
1208,0.13966,2.61384,7.42249,2
1208.1,0.13966,2.61384,7.42249,2
1208.2,0.13966,2.61385,7.42249,2
1208.3,0.13965,2.61385,7.42249,2
1208.4,0.13965,2.61386,7.42249,2
1208.5,0.13965,2.61386,7.42249,2
1208.6,0.13965,2.61387,7.42249,2
1208.7,0.13964,2.61387,7.42249,2
1208.8,0.13964,2.61388,7.42249,2
1208.9,0.13964,2.61388,7.42249,2
1209,0.13963,2.61389,7.42249,2
1209.1,0.13963,2.6139,7.42249,2
1209.2,0.13963,2.6139,7.42249,2
1209.3,0.13962,2.61391,7.42249,2
1209.4,0.13962,2.61391,7.42249,2
1209.5,0.13962,2.61392,7.42249,2
1209.6,0.13961,2.61392,7.42249,2
1209.7,0.13961,2.61393,7.42249,2
1209.8,0.13961,2.61393,7.42249,2
1209.9,0.13961,2.61394,7.42249,2
1210,0.1396,2.61394,7.42249,2
1210.1,0.1396,2.61395,7.42249,2
1210.2,0.1396,2.61396,7.42249,2
1210.3,0.13959,2.61396,7.42249,2
1210.4,0.13959,2.61397,7.42249,2
1210.5,0.13959,2.61398,7.42249,2
1210.6,0.13959,2.61398,7.42249,2
1210.7,0.13958,2.61399,7.42249,2
1210.8,0.13958,2.61399,7.42249,2
1210.9,0.13958,2.614,7.42249,2
1211,0.13957,2.61401,7.42249,2
1211.1,0.13957,2.61401,7.42249,2
1211.2,0.13957,2.61402,7.42249,2
1211.3,0.13956,2.61402,7.42249,2
1211.4,0.13956,2.61403,7.42249,2
1211.5,0.13956,2.61403,7.42249,2
1211.6,0.13955,2.61404,7.42249,2
1211.7,0.13955,2.61405,7.42249,2
1211.8,0.13955,2.61405,7.42249,2
1211.9,0.13954,2.61406,7.42249,2
1212,0.13954,2.61407,7.42249,2
1212.1,0.13954,2.61407,7.42249,2
1212.2,0.13953,2.61408,7.42249,2
1212.3,0.13953,2.61409,7.42249,2
1212.4,0.13953,2.61409,7.42249,2
1212.5,0.13953,2.6141,7.42249,2
1212.6,0.13952,2.61411,7.42249,2
1212.7,0.13952,2.61412,7.42249,2
1212.8,0.13952,2.61412,7.42249,2
1212.9,0.13951,2.61413,7.42249,2
1213,0.13951,2.61413,7.42249,2
1213.1,0.13951,2.61414,7.42249,2
1213.2,0.1395,2.61415,7.42249,2
1213.3,0.1395,2.61415,7.42249,2
1213.4,0.1395,2.61416,7.42249,2
1213.5,0.1395,2.61416,7.42249,2
1213.6,0.13949,2.61417,7.42249,2
1213.7,0.13949,2.61417,7.42249,2
1213.8,0.13949,2.61418,7.42249,2
1213.9,0.13948,2.61418,7.42249,2
1214,0.13948,2.61419,7.42249,2
1214.1,0.13948,2.61419,7.42249,2
1214.2,0.13947,2.61419,7.42249,2
1214.3,0.13947,2.6142,7.42249,2
1214.4,0.13947,2.6142,7.42249,2
1214.5,0.13946,2.61421,7.42249,2
1214.6,0.13946,2.61421,7.42249,2
1214.7,0.13946,2.61422,7.42249,2
1214.8,0.13945,2.61423,7.42249,2
1214.9,0.13945,2.61423,7.42249,2
1215,0.13945,2.61424,7.42249,2
1215.1,0.13944,2.61424,7.42249,2
1215.2,0.13944,2.61425,7.42249,2
1215.3,0.13944,2.61426,7.42249,2
1215.4,0.13943,2.61426,7.42249,2
1215.5,0.13943,2.61427,7.42249,2
1215.6,0.13943,2.61427,7.42249,2
1215.7,0.13942,2.61428,7.42249,2
1215.8,0.13942,2.61429,7.42249,2
1215.9,0.13942,2.61429,7.42249,2
1216,0.13941,2.6143,7.42249,2
1216.1,0.13941,2.61431,7.42249,2
1216.2,0.13941,2.61431,7.42249,2
1216.3,0.1394,2.61432,7.42249,2
1216.4,0.1394,2.61432,7.42249,2
1216.5,0.1394,2.61433,7.42249,2
1216.6,0.13939,2.61434,7.42249,2
1216.7,0.13939,2.61435,7.42249,2
1216.8,0.13939,2.61435,7.42249,2
1216.9,0.13938,2.61436,7.42249,2
1217,0.13938,2.61437,7.42249,2
1217.1,0.13938,2.61438,7.42249,2
1217.2,0.13937,2.61438,7.42249,2
1217.3,0.13937,2.61439,7.42249,2
1217.4,0.13937,2.6144,7.42249,2
1217.5,0.13937,2.6144,7.42249,2
1217.6,0.13936,2.61441,7.42249,2
1217.7,0.13936,2.61442,7.42249,2
1217.8,0.13936,2.61443,7.42249,2
1217.9,0.13935,2.61443,7.42249,2
1218,0.13935,2.61444,7.42249,2
1218.1,0.13935,2.61445,7.42249,2
1218.2,0.13934,2.61446,7.42249,2
1218.3,0.13934,2.61446,7.42249,2
1218.4,0.13934,2.61447,7.42249,2
1218.5,0.13933,2.61448,7.42249,2
1218.6,0.13933,2.61448,7.42249,2
1218.7,0.13933,2.61449,7.42249,2
1218.8,0.13932,2.61449,7.42249,2
1218.9,0.13932,2.6145,7.42249,2
1219,0.13932,2.61451,7.42249,2
1219.1,0.13931,2.61451,7.42249,2
1219.2,0.13931,2.61452,7.42249,2
1219.3,0.13931,2.61453,7.42249,2
1219.4,0.13931,2.61454,7.42249,2
1219.5,0.1393,2.61455,7.42249,2
1219.6,0.1393,2.61455,7.42249,2
1219.7,0.1393,2.61456,7.42249,2
1219.8,0.13929,2.61457,7.42249,2
1219.9,0.13929,2.61458,7.42249,2
1220,0.13929,2.61458,7.42249,2
1220.1,0.13928,2.61459,7.42249,2
1220.2,0.13928,2.6146,7.42249,2
1220.3,0.13928,2.6146,7.42249,2
1220.4,0.13927,2.61461,7.42249,2
1220.5,0.13927,2.61462,7.42249,2
1220.6,0.13927,2.61463,7.42249,2
1220.7,0.13927,2.61463,7.42249,2
1220.8,0.13926,2.61464,7.42249,2
1220.9,0.13926,2.61465,7.42249,2
1221,0.13926,2.61466,7.42249,2
1221.1,0.13925,2.61467,7.42249,2
1221.2,0.13925,2.61468,7.42249,2
1221.3,0.13925,2.61469,7.42249,2
1221.4,0.13925,2.6147,7.42249,2
1221.5,0.13924,2.61471,7.42249,2
1221.6,0.13924,2.61472,7.42249,2
1221.7,0.13924,2.61473,7.42249,2
1221.8,0.13924,2.61474,7.42249,2
1221.9,0.13923,2.61475,7.42249,2
1222,0.13923,2.61476,7.42249,2
1222.1,0.13923,2.61477,7.42248,2
1222.2,0.13922,2.61479,7.42248,2
1222.3,0.13922,2.6148,7.42248,2
1222.4,0.13922,2.61481,7.42248,2
1222.5,0.13922,2.61482,7.42248,2
1222.6,0.13921,2.61483,7.42248,2
1222.7,0.13921,2.61484,7.42248,2
1222.8,0.13921,2.61486,7.42248,2
1222.9,0.1392,2.61487,7.42248,2
1223,0.1392,2.61488,7.42248,2
1223.1,0.1392,2.61489,7.42248,2
1223.2,0.1392,2.61491,7.42248,2
1223.3,0.13919,2.61492,7.42248,2
1223.4,0.13919,2.61493,7.42248,2
1223.5,0.13919,2.61495,7.42248,2
1223.6,0.13918,2.61496,7.42248,2
1223.7,0.13918,2.61497,7.42248,2
1223.8,0.13918,2.61498,7.42248,2
1223.9,0.13917,2.61499,7.42248,2
1224,0.13917,2.61501,7.42248,2
1224.1,0.13917,2.61502,7.42248,2
1224.2,0.13917,2.61503,7.42248,2
1224.3,0.13916,2.61504,7.42248,2
1224.4,0.13916,2.61505,7.42248,2
1224.5,0.13916,2.61505,7.42248,2
1224.6,0.13915,2.61506,7.42248,2
1224.7,0.13915,2.61506,7.42248,2
1224.8,0.13915,2.61507,7.42248,2
1224.9,0.13915,2.61508,7.42248,2
1225,0.13914,2.61509,7.42248,2
1225.1,0.13914,2.61509,7.42248,2
1225.2,0.13914,2.6151,7.42248,2
1225.3,0.13914,2.61511,7.42248,2
1225.4,0.13913,2.61512,7.42248,2
1225.5,0.13913,2.61513,7.42248,2
1225.6,0.13913,2.61514,7.42248,2
1225.7,0.13913,2.61515,7.42248,2
1225.8,0.13913,2.61517,7.42248,2
1225.9,0.13912,2.61518,7.42248,2
1226,0.13912,2.61519,7.42248,2
1226.1,0.13912,2.6152,7.42248,2
1226.2,0.13912,2.61521,7.42248,2
1226.3,0.13911,2.61523,7.42248,2
1226.4,0.13911,2.61524,7.42248,2
1226.5,0.13911,2.61525,7.42248,2
1226.6,0.13911,2.61527,7.42248,2
1226.7,0.1391,2.61528,7.42248,2
1226.8,0.1391,2.61529,7.42248,2
1226.9,0.1391,2.6153,7.42248,2
1227,0.1391,2.61531,7.42248,2
1227.1,0.13909,2.61532,7.42248,2
1227.2,0.13909,2.61534,7.42248,2
1227.3,0.13909,2.61535,7.42248,2
1227.4,0.13909,2.61536,7.42248,2
1227.5,0.13909,2.61537,7.42247,2
1227.6,0.13908,2.61538,7.42247,2
1227.7,0.13908,2.61539,7.42247,2
1227.8,0.13908,2.61541,7.42247,2
1227.9,0.13908,2.61542,7.42247,2
1228,0.13907,2.61543,7.42247,2
1228.1,0.13907,2.61545,7.42247,2
1228.2,0.13907,2.61546,7.42247,2
1228.3,0.13907,2.61547,7.42247,2
1228.4,0.13907,2.61549,7.42247,2
1228.5,0.13906,2.6155,7.42247,2
1228.6,0.13906,2.61551,7.42247,2
1228.7,0.13906,2.61553,7.42247,2
1228.8,0.13906,2.61554,7.42247,2
1228.9,0.13906,2.61556,7.42247,2
1229,0.13905,2.61557,7.42247,2
1229.1,0.13905,2.61559,7.42247,2
1229.2,0.13905,2.6156,7.42247,2
1229.3,0.13905,2.61562,7.42247,2
1229.4,0.13904,2.61563,7.42247,2
1229.5,0.13904,2.61565,7.42247,2
1229.6,0.13904,2.61567,7.42247,2
1229.7,0.13904,2.61568,7.42247,2
1229.8,0.13904,2.6157,7.42247,2
1229.9,0.13903,2.61571,7.42247,2
1230,0.13903,2.61572,7.42247,2
1230.1,0.13903,2.61574,7.42247,2
1230.2,0.13903,2.61575,7.42247,2
1230.3,0.13903,2.61577,7.42247,2
1230.4,0.13902,2.61578,7.42247,2
1230.5,0.13902,2.61579,7.42247,2
1230.6,0.13902,2.61581,7.42247,2
1230.7,0.13902,2.61582,7.42247,2
1230.8,0.13902,2.61584,7.42247,2
1230.9,0.13901,2.61585,7.42247,2
1231,0.13901,2.61586,7.42247,2
1231.1,0.13901,2.61587,7.42247,2
1231.2,0.13901,2.61589,7.42247,2
1231.3,0.13901,2.6159,7.42247,2
1231.4,0.139,2.61591,7.42247,2
1231.5,0.139,2.61593,7.42247,2
1231.6,0.139,2.61594,7.42247,2
1231.7,0.139,2.61595,7.42247,2
1231.8,0.139,2.61597,7.42247,2
1231.9,0.13899,2.61598,7.42247,2
1232,0.13899,2.61599,7.42247,2
1232.1,0.13899,2.616,7.42247,2
1232.2,0.13899,2.61602,7.42247,2
1232.3,0.13899,2.61603,7.42247,2
1232.4,0.13899,2.61604,7.42247,2
1232.5,0.13898,2.61605,7.42247,2
1232.6,0.13898,2.61606,7.42247,2
1232.7,0.13898,2.61607,7.42247,2
1232.8,0.13898,2.61609,7.42247,2
1232.9,0.13898,2.6161,7.42247,2
1233,0.13898,2.61611,7.42247,2
1233.1,0.13897,2.61612,7.42247,2
1233.2,0.13897,2.61613,7.42247,2
1233.3,0.13897,2.61615,7.42247,2
1233.4,0.13897,2.61616,7.42247,2
1233.5,0.13897,2.61617,7.42246,2
1233.6,0.13897,2.61619,7.42246,2
1233.7,0.13896,2.6162,7.42246,2
1233.8,0.13896,2.61621,7.42246,2
1233.9,0.13896,2.61622,7.42246,2
1234,0.13896,2.61624,7.42246,2
1234.1,0.13896,2.61625,7.42246,2
1234.2,0.13896,2.61627,7.42246,2
1234.3,0.13895,2.61628,7.42246,2
1234.4,0.13895,2.61629,7.42246,2
1234.5,0.13895,2.6163,7.42246,2
1234.6,0.13895,2.61631,7.42246,2
1234.7,0.13895,2.61633,7.42246,2
1234.8,0.13895,2.61634,7.42246,2
1234.9,0.13895,2.61635,7.42246,2
1235,0.13894,2.61636,7.42246,2
1235.1,0.13894,2.61637,7.42246,2
1235.2,0.13894,2.61639,7.42246,2
1235.3,0.13894,2.6164,7.42246,2
1235.4,0.13894,2.61641,7.42246,2
1235.5,0.13894,2.61642,7.42246,2
1235.6,0.13894,2.61643,7.42246,2
1235.7,0.13893,2.61645,7.42246,2
1235.8,0.13893,2.61646,7.42246,2
1235.9,0.13893,2.61647,7.42246,2
1236,0.13893,2.61648,7.42246,2
1236.1,0.13893,2.61649,7.42246,2
1236.2,0.13893,2.6165,7.42246,2
1236.3,0.13893,2.61651,7.42246,2
1236.4,0.13893,2.61653,7.42246,2
1236.5,0.13892,2.61654,7.42246,2
1236.6,0.13892,2.61655,7.42246,2
1236.7,0.13892,2.61656,7.42246,2
1236.8,0.13892,2.61657,7.42246,2
1236.9,0.13892,2.61658,7.42245,2
1237,0.13892,2.61659,7.42245,2
1237.1,0.13892,2.6166,7.42245,2
1237.2,0.13892,2.61661,7.42245,2
1237.3,0.13892,2.61662,7.42245,2
1237.4,0.13892,2.61663,7.42245,2
1237.5,0.13891,2.61664,7.42245,2
1237.6,0.13891,2.61665,7.42245,2
1237.7,0.13891,2.61666,7.42245,2
1237.8,0.13891,2.61667,7.42245,2
1237.9,0.13891,2.61668,7.42245,2
1238,0.13891,2.61669,7.42245,2
1238.1,0.13891,2.6167,7.42245,2
1238.2,0.13891,2.61671,7.42245,2
1238.3,0.13891,2.61672,7.42245,2
1238.4,0.13891,2.61673,7.42245,2
1238.5,0.13891,2.61674,7.42245,2
1238.6,0.13891,2.61676,7.42245,2
1238.7,0.13891,2.61677,7.42245,2
1238.8,0.1389,2.61678,7.42245,2
1238.9,0.1389,2.61679,7.42245,2
1239,0.1389,2.6168,7.42245,2
1239.1,0.1389,2.61681,7.42244,2
1239.2,0.1389,2.61682,7.42244,2
1239.3,0.1389,2.61683,7.42244,2
1239.4,0.1389,2.61685,7.42244,2
1239.5,0.1389,2.61686,7.42244,2
1239.6,0.1389,2.61687,7.42244,2
1239.7,0.1389,2.61688,7.42244,2
1239.8,0.1389,2.61689,7.42244,2
1239.9,0.1389,2.6169,7.42244,2
1240,0.1389,2.61691,7.42244,2
1240.1,0.1389,2.61692,7.42244,2
1240.2,0.1389,2.61693,7.42244,2
1240.3,0.1389,2.61694,7.42244,2
1240.4,0.1389,2.61695,7.42244,2
1240.5,0.1389,2.61696,7.42244,2
1240.6,0.13889,2.61698,7.42244,2
1240.7,0.13889,2.61699,7.42243,2
1240.8,0.13889,2.617,7.42243,2
1240.9,0.13889,2.61701,7.42243,2
1241,0.13889,2.61702,7.42243,2
1241.1,0.13889,2.61703,7.42243,2
1241.2,0.13889,2.61705,7.42243,2
1241.3,0.13889,2.61706,7.42243,2
1241.4,0.13889,2.61707,7.42243,2
1241.5,0.13889,2.61708,7.42243,2
1241.6,0.13889,2.61709,7.42243,2
1241.7,0.13889,2.6171,7.42243,2
1241.8,0.13889,2.61711,7.42243,2
1241.9,0.13889,2.61713,7.42243,2
1242,0.13889,2.61714,7.42243,2
1242.1,0.13889,2.61715,7.42243,2
1242.2,0.13889,2.61716,7.42243,2
1242.3,0.13889,2.61717,7.42243,2
1242.4,0.13889,2.61718,7.42243,2
1242.5,0.13889,2.61719,7.42242,2
1242.6,0.13889,2.6172,7.42242,2
1242.7,0.13888,2.61722,7.42242,2
1242.8,0.13888,2.61723,7.42242,2
1242.9,0.13888,2.61724,7.42242,2
1243,0.13888,2.61725,7.42242,2
1243.1,0.13888,2.61726,7.42242,2
1243.2,0.13888,2.61727,7.42242,2
1243.3,0.13888,2.61728,7.42242,2
1243.4,0.13888,2.61729,7.42242,2
1243.5,0.13888,2.6173,7.42242,2
1243.6,0.13888,2.61732,7.42242,2
1243.7,0.13888,2.61733,7.42242,2
1243.8,0.13888,2.61734,7.42242,2
1243.9,0.13888,2.61735,7.42242,2
1244,0.13888,2.61736,7.42242,2
1244.1,0.13888,2.61738,7.42242,2
1244.2,0.13888,2.61739,7.42242,2
1244.3,0.13888,2.6174,7.42241,2
1244.4,0.13888,2.61742,7.42241,2
1244.5,0.13888,2.61743,7.42241,2
1244.6,0.13888,2.61744,7.42241,2
1244.7,0.13888,2.61746,7.42241,2
1244.8,0.13888,2.61747,7.42241,2
1244.9,0.13888,2.61748,7.42241,2
1245,0.13888,2.61749,7.42241,2
1245.1,0.13888,2.61751,7.42241,2
1245.2,0.13888,2.61752,7.42241,2
1245.3,0.13888,2.61753,7.42241,2
1245.4,0.13888,2.61754,7.42241,2
1245.5,0.13888,2.61755,7.42241,2
1245.6,0.13888,2.61757,7.42241,2
1245.7,0.13888,2.61758,7.42241,2
1245.8,0.13888,2.61759,7.42241,2
1245.9,0.13888,2.6176,7.42241,2
1246,0.13888,2.61761,7.4224,2
1246.1,0.13888,2.61763,7.4224,2
1246.2,0.13888,2.61764,7.4224,2
1246.3,0.13888,2.61766,7.4224,2
1246.4,0.13888,2.61767,7.4224,2
1246.5,0.13888,2.61769,7.4224,2
1246.6,0.13888,2.6177,7.4224,2
1246.7,0.13888,2.61772,7.4224,2
1246.8,0.13888,2.61773,7.4224,2
1246.9,0.13888,2.61774,7.4224,2
1247,0.13888,2.61776,7.4224,2
1247.1,0.13888,2.61777,7.4224,2
1247.2,0.13888,2.61778,7.4224,2
1247.3,0.13888,2.6178,7.4224,2
1247.4,0.13888,2.61781,7.4224,2
1247.5,0.13888,2.61782,7.4224,2
1247.6,0.13888,2.61784,7.4224,2
1247.7,0.13889,2.61785,7.4224,2
1247.8,0.13889,2.61787,7.4224,2
1247.9,0.13889,2.61788,7.42239,2
1248,0.13889,2.61789,7.42239,2
1248.1,0.13889,2.61791,7.42239,2
1248.2,0.13889,2.61792,7.42239,2
1248.3,0.13889,2.61793,7.42239,2
1248.4,0.13889,2.61794,7.42239,2
1248.5,0.13889,2.61796,7.42239,2
1248.6,0.13889,2.61797,7.42239,2
1248.7,0.13889,2.61798,7.42239,2
1248.8,0.13889,2.61799,7.42239,2
1248.9,0.13889,2.618,7.42239,2
1249,0.13889,2.61801,7.42239,2
1249.1,0.13889,2.61803,7.42239,2
1249.2,0.13889,2.61804,7.42239,2
1249.3,0.1389,2.61805,7.42239,2
1249.4,0.1389,2.61806,7.42239,2
1249.5,0.1389,2.61807,7.42239,2
1249.6,0.1389,2.61809,7.42239,2
1249.7,0.1389,2.6181,7.42239,2
1249.8,0.1389,2.61811,7.42238,2
1249.9,0.1389,2.61812,7.42238,2
1250,0.1389,2.61813,7.42238,2
1250.1,0.1389,2.61814,7.42238,2
1250.2,0.1389,2.61815,7.42238,2
1250.3,0.1389,2.61816,7.42238,2
1250.4,0.13891,2.61817,7.42238,2
1250.5,0.13891,2.61818,7.42238,2
1250.6,0.13891,2.61819,7.42238,2
1250.7,0.13891,2.6182,7.42238,2
1250.8,0.13891,2.61821,7.42238,2
1250.9,0.13891,2.61822,7.42238,2
1251,0.13891,2.61823,7.42238,2
1251.1,0.13891,2.61824,7.42238,2
1251.2,0.13891,2.61825,7.42238,2
1251.3,0.13891,2.61826,7.42238,2
1251.4,0.13891,2.61827,7.42238,2
1251.5,0.13892,2.61828,7.42238,2
1251.6,0.13892,2.61829,7.42238,2
1251.7,0.13892,2.6183,7.42237,2
1251.8,0.13892,2.6183,7.42237,2
1251.9,0.13892,2.61831,7.42237,2
1252,0.13892,2.61832,7.42237,2
1252.1,0.13892,2.61832,7.42237,2
1252.2,0.13892,2.61833,7.42237,2
1252.3,0.13893,2.61834,7.42237,2
1252.4,0.13893,2.61835,7.42237,2
1252.5,0.13893,2.61835,7.42237,2
1252.6,0.13893,2.61836,7.42237,2
1252.7,0.13893,2.61837,7.42237,2
1252.8,0.13893,2.61838,7.42237,2
1252.9,0.13893,2.61838,7.42237,2
1253,0.13894,2.61839,7.42237,2
1253.1,0.13894,2.61839,7.42237,2
1253.2,0.13894,2.6184,7.42237,2
1253.3,0.13894,2.61841,7.42237,2
1253.4,0.13894,2.61842,7.42237,2
1253.5,0.13894,2.61842,7.42236,2
1253.6,0.13894,2.61843,7.42236,2
1253.7,0.13894,2.61843,7.42236,2
1253.8,0.13895,2.61844,7.42236,2
1253.9,0.13895,2.61845,7.42236,2
1254,0.13895,2.61846,7.42236,2
1254.1,0.13895,2.61847,7.42236,2
1254.2,0.13895,2.61847,7.42236,2
1254.3,0.13895,2.61848,7.42236,2
1254.4,0.13895,2.61849,7.42236,2
1254.5,0.13896,2.61849,7.42236,2
1254.6,0.13896,2.6185,7.42236,2
1254.7,0.13896,2.61851,7.42236,2
1254.8,0.13896,2.61852,7.42236,2
1254.9,0.13896,2.61852,7.42236,2
1255,0.13896,2.61853,7.42236,2
1255.1,0.13896,2.61854,7.42235,2
1255.2,0.13897,2.61854,7.42235,2
1255.3,0.13897,2.61855,7.42235,2
1255.4,0.13897,2.61856,7.42235,2
1255.5,0.13897,2.61856,7.42235,2
1255.6,0.13897,2.61857,7.42235,2
1255.7,0.13897,2.61858,7.42235,2
1255.8,0.13898,2.61859,7.42235,2
1255.9,0.13898,2.61859,7.42235,2
1256,0.13898,2.6186,7.42235,2
1256.1,0.13898,2.6186,7.42235,2
1256.2,0.13898,2.61861,7.42235,2
1256.3,0.13898,2.61861,7.42235,2
1256.4,0.13898,2.61862,7.42235,2
1256.5,0.13899,2.61862,7.42235,2
1256.6,0.13899,2.61863,7.42235,2
1256.7,0.13899,2.61863,7.42234,2
1256.8,0.13899,2.61864,7.42234,2
1256.9,0.13899,2.61864,7.42234,2
1257,0.13899,2.61864,7.42234,2
1257.1,0.139,2.61865,7.42234,2
1257.2,0.139,2.61866,7.42234,2
1257.3,0.139,2.61866,7.42234,2
1257.4,0.139,2.61867,7.42234,2
1257.5,0.139,2.61867,7.42234,2
1257.6,0.139,2.61868,7.42234,2
1257.7,0.13901,2.61869,7.42234,2
1257.8,0.13901,2.61869,7.42234,2
1257.9,0.13901,2.6187,7.42234,2
1258,0.13901,2.61871,7.42234,2
1258.1,0.13901,2.61871,7.42233,2
1258.2,0.13901,2.61872,7.42233,2
1258.3,0.13902,2.61873,7.42233,2
1258.4,0.13902,2.61874,7.42233,2
1258.5,0.13902,2.61875,7.42233,2
1258.6,0.13902,2.61876,7.42233,2
1258.7,0.13902,2.61877,7.42233,2
1258.8,0.13903,2.61878,7.42233,2
1258.9,0.13903,2.61879,7.42233,2
1259,0.13903,2.6188,7.42233,2
1259.1,0.13903,2.6188,7.42233,2
1259.2,0.13903,2.61881,7.42233,2
1259.3,0.13904,2.61882,7.42233,2
1259.4,0.13904,2.61883,7.42232,2
1259.5,0.13904,2.61884,7.42232,2
1259.6,0.13904,2.61885,7.42232,2
1259.7,0.13904,2.61885,7.42232,2
1259.8,0.13905,2.61886,7.42232,2
1259.9,0.13905,2.61887,7.42232,2
1260,0.13905,2.61888,7.42232,2
1260.1,0.13905,2.61888,7.42232,2
1260.2,0.13905,2.61889,7.42232,2
1260.3,0.13906,2.6189,7.42232,2
1260.4,0.13906,2.61891,7.42232,2
1260.5,0.13906,2.61892,7.42232,2
1260.6,0.13906,2.61892,7.42232,2
1260.7,0.13906,2.61893,7.42231,2
1260.8,0.13907,2.61894,7.42231,2
1260.9,0.13907,2.61895,7.42231,2
1261,0.13907,2.61895,7.42231,2
1261.1,0.13907,2.61896,7.42231,2
1261.2,0.13907,2.61896,7.42231,2
1261.3,0.13908,2.61897,7.42231,2
1261.4,0.13908,2.61898,7.42231,2
1261.5,0.13908,2.61899,7.42231,2
1261.6,0.13908,2.61899,7.42231,2
1261.7,0.13909,2.619,7.42231,2
1261.8,0.13909,2.61901,7.42231,2
1261.9,0.13909,2.61901,7.42231,2
1262,0.13909,2.61902,7.42231,2
1262.1,0.1391,2.61903,7.42231,2
1262.2,0.1391,2.61903,7.4223,2
1262.3,0.1391,2.61904,7.4223,2
1262.4,0.1391,2.61905,7.4223,2
1262.5,0.1391,2.61905,7.4223,2
1262.6,0.13911,2.61906,7.4223,2
1262.7,0.13911,2.61907,7.4223,2
1262.8,0.13911,2.61907,7.4223,2
1262.9,0.13911,2.61908,7.4223,2
1263,0.13912,2.61908,7.4223,2
1263.1,0.13912,2.61909,7.4223,2
1263.2,0.13912,2.6191,7.4223,2
1263.3,0.13912,2.6191,7.4223,2
1263.4,0.13913,2.61911,7.4223,2
1263.5,0.13913,2.61911,7.4223,2
1263.6,0.13913,2.61912,7.4223,2
1263.7,0.13913,2.61912,7.42229,2
1263.8,0.13914,2.61913,7.42229,2
1263.9,0.13914,2.61913,7.42229,2
1264,0.13914,2.61914,7.42229,2
1264.1,0.13914,2.61914,7.42229,2
1264.2,0.13915,2.61915,7.42229,2
1264.3,0.13915,2.61915,7.42229,2
1264.4,0.13915,2.61916,7.42229,2
1264.5,0.13915,2.61916,7.42229,2
1264.6,0.13916,2.61917,7.42229,2
1264.7,0.13916,2.61917,7.42229,2
1264.8,0.13916,2.61918,7.42229,2
1264.9,0.13917,2.61918,7.42229,2
1265,0.13917,2.61919,7.42229,2
1265.1,0.13917,2.61919,7.42229,2
1265.2,0.13917,2.61919,7.42229,2
1265.3,0.13918,2.6192,7.42229,2
1265.4,0.13918,2.6192,7.42229,2
1265.5,0.13918,2.61921,7.42229,2
1265.6,0.13919,2.61921,7.42228,2
1265.7,0.13919,2.61922,7.42228,2
1265.8,0.13919,2.61922,7.42228,2
1265.9,0.1392,2.61922,7.42228,2
1266,0.1392,2.61923,7.42228,2
1266.1,0.1392,2.61923,7.42228,2
1266.2,0.13921,2.61923,7.42228,2
1266.3,0.13921,2.61923,7.42228,2
1266.4,0.13921,2.61924,7.42228,2
1266.5,0.13922,2.61924,7.42228,2
1266.6,0.13922,2.61925,7.42228,2
1266.7,0.13922,2.61925,7.42228,2
1266.8,0.13923,2.61925,7.42228,2
1266.9,0.13923,2.61926,7.42228,2
1267,0.13923,2.61926,7.42228,2
1267.1,0.13924,2.61927,7.42228,2
1267.2,0.13924,2.61927,7.42228,2
1267.3,0.13924,2.61928,7.42228,2
1267.4,0.13925,2.61928,7.42228,2
1267.5,0.13925,2.61929,7.42228,2
1267.6,0.13925,2.61929,7.42227,2
1267.7,0.13926,2.6193,7.42227,2
1267.8,0.13926,2.6193,7.42227,2
1267.9,0.13926,2.61931,7.42227,2
1268,0.13927,2.61931,7.42227,2
1268.1,0.13927,2.61931,7.42227,2
1268.2,0.13927,2.61932,7.42227,2
1268.3,0.13927,2.61932,7.42227,2
1268.4,0.13928,2.61933,7.42227,2
1268.5,0.13928,2.61933,7.42227,2
1268.6,0.13928,2.61933,7.42227,2
1268.7,0.13929,2.61934,7.42227,2
1268.8,0.13929,2.61934,7.42227,2
1268.9,0.1393,2.61934,7.42227,2
1269,0.1393,2.61934,7.42227,2
1269.1,0.1393,2.61935,7.42227,2
1269.2,0.13931,2.61935,7.42227,2
1269.3,0.13931,2.61935,7.42227,2
1269.4,0.13931,2.61935,7.42227,2
1269.5,0.13932,2.61936,7.42226,2
1269.6,0.13932,2.61936,7.42226,2
1269.7,0.13932,2.61936,7.42226,2
1269.8,0.13933,2.61936,7.42226,2
1269.9,0.13933,2.61936,7.42226,2
1270,0.13933,2.61936,7.42226,2
1270.1,0.13934,2.61936,7.42226,2
1270.2,0.13934,2.61936,7.42226,2
1270.3,0.13934,2.61935,7.42226,2
1270.4,0.13935,2.61935,7.42226,2
1270.5,0.13935,2.61935,7.42226,2
1270.6,0.13936,2.61935,7.42226,2
1270.7,0.13936,2.61935,7.42226,2
1270.8,0.13936,2.61935,7.42225,2
1270.9,0.13937,2.61935,7.42225,2
1271,0.13937,2.61935,7.42225,2
1271.1,0.13937,2.61934,7.42225,2
1271.2,0.13938,2.61934,7.42225,2
1271.3,0.13938,2.61934,7.42225,2
1271.4,0.13938,2.61934,7.42225,2
1271.5,0.13939,2.61934,7.42225,2
1271.6,0.13939,2.61934,7.42225,2
1271.7,0.1394,2.61934,7.42225,2
1271.8,0.1394,2.61933,7.42225,2
1271.9,0.1394,2.61933,7.42225,2
1272,0.13941,2.61933,7.42225,2
1272.1,0.13941,2.61932,7.42225,2
1272.2,0.13941,2.61932,7.42224,2
1272.3,0.13942,2.61932,7.42224,2
1272.4,0.13942,2.61932,7.42224,2
1272.5,0.13942,2.61931,7.42224,2
1272.6,0.13943,2.61931,7.42224,2
1272.7,0.13943,2.6193,7.42224,2
1272.8,0.13944,2.6193,7.42224,2
1272.9,0.13944,2.6193,7.42224,2
1273,0.13944,2.61929,7.42224,2
1273.1,0.13945,2.61929,7.42224,2
1273.2,0.13945,2.61928,7.42224,2
1273.3,0.13945,2.61928,7.42224,2
1273.4,0.13946,2.61928,7.42224,2
1273.5,0.13946,2.61927,7.42224,2
1273.6,0.13946,2.61927,7.42224,2
1273.7,0.13947,2.61926,7.42224,2
1273.8,0.13947,2.61926,7.42224,2
1273.9,0.13948,2.61925,7.42223,2
1274,0.13948,2.61925,7.42223,2
1274.1,0.13948,2.61924,7.42223,2
1274.2,0.13949,2.61923,7.42223,2
1274.3,0.13949,2.61923,7.42223,2
1274.4,0.13949,2.61922,7.42223,2
1274.5,0.1395,2.61922,7.42223,2
1274.6,0.1395,2.61921,7.42223,2
1274.7,0.13951,2.61921,7.42223,2
1274.8,0.13951,2.6192,7.42223,2
1274.9,0.13951,2.6192,7.42223,2
1275,0.13952,2.61919,7.42223,2
1275.1,0.13952,2.61919,7.42223,2
1275.2,0.13953,2.61918,7.42223,2
1275.3,0.13953,2.61918,7.42223,2
1275.4,0.13953,2.61917,7.42223,2
1275.5,0.13954,2.61917,7.42223,2
1275.6,0.13954,2.61916,7.42223,2
1275.7,0.13955,2.61916,7.42222,2
1275.8,0.13955,2.61915,7.42222,2
1275.9,0.13955,2.61915,7.42222,2
1276,0.13956,2.61914,7.42222,2
1276.1,0.13956,2.61914,7.42222,2
1276.2,0.13957,2.61913,7.42222,2
1276.3,0.13957,2.61913,7.42222,2
1276.4,0.13957,2.61912,7.42222,2
1276.5,0.13958,2.61912,7.42222,2
1276.6,0.13958,2.61911,7.42222,2
1276.7,0.13959,2.61911,7.42222,2
1276.8,0.13959,2.61911,7.42222,2
1276.9,0.13959,2.6191,7.42222,2
1277,0.1396,2.6191,7.42222,2
1277.1,0.1396,2.61909,7.42222,2
1277.2,0.13961,2.61909,7.42222,2
1277.3,0.13961,2.61909,7.42222,2
1277.4,0.13961,2.61908,7.42222,2
1277.5,0.13962,2.61908,7.42222,2
1277.6,0.13962,2.61907,7.42222,2
1277.7,0.13963,2.61907,7.42221,2
1277.8,0.13963,2.61906,7.42221,2
1277.9,0.13964,2.61905,7.42221,2
1278,0.13964,2.61905,7.42221,2
1278.1,0.13964,2.61904,7.42221,2
1278.2,0.13965,2.61904,7.42221,2
1278.3,0.13965,2.61904,7.42221,2
1278.4,0.13966,2.61903,7.42221,2
1278.5,0.13966,2.61903,7.42221,2
1278.6,0.13966,2.61902,7.42221,2
1278.7,0.13967,2.61901,7.42221,2
1278.8,0.13967,2.61901,7.42221,2
1278.9,0.13968,2.619,7.42221,2
1279,0.13968,2.619,7.42221,2
1279.1,0.13968,2.61899,7.42221,2
1279.2,0.13969,2.61899,7.42221,2
1279.3,0.13969,2.61898,7.42221,2
1279.4,0.1397,2.61898,7.42221,2
1279.5,0.1397,2.61897,7.42221,2
1279.6,0.13971,2.61897,7.42221,2
1279.7,0.13971,2.61897,7.42221,2
1279.8,0.13971,2.61896,7.42221,2
1279.9,0.13972,2.61896,7.4222,2
1280,0.13972,2.61896,7.4222,2
1280.1,0.13973,2.61895,7.4222,2
1280.2,0.13973,2.61895,7.4222,2
1280.3,0.13973,2.61895,7.4222,2
1280.4,0.13974,2.61895,7.4222,2
1280.5,0.13974,2.61895,7.4222,2
1280.6,0.13975,2.61894,7.4222,2
1280.7,0.13975,2.61894,7.4222,2
1280.8,0.13975,2.61894,7.4222,2
1280.9,0.13976,2.61894,7.4222,2
1281,0.13976,2.61894,7.4222,2
1281.1,0.13977,2.61894,7.4222,2
1281.2,0.13977,2.61894,7.4222,2
1281.3,0.13978,2.61894,7.4222,2
1281.4,0.13978,2.61894,7.4222,2
1281.5,0.13978,2.61894,7.4222,2
1281.6,0.13979,2.61894,7.4222,2
1281.7,0.13979,2.61894,7.4222,2
1281.8,0.1398,2.61894,7.4222,2
1281.9,0.1398,2.61894,7.4222,2
1282,0.1398,2.61895,7.4222,2
1282.1,0.13981,2.61895,7.4222,2
1282.2,0.13981,2.61895,7.4222,2
1282.3,0.13982,2.61895,7.4222,2
1282.4,0.13982,2.61895,7.4222,2
1282.5,0.13983,2.61895,7.4222,2
1282.6,0.13983,2.61895,7.4222,2
1282.7,0.13983,2.61895,7.4222,2
1282.8,0.13984,2.61895,7.4222,2
1282.9,0.13984,2.61895,7.4222,2
1283,0.13985,2.61895,7.4222,2
1283.1,0.13985,2.61895,7.4222,2
1283.2,0.13985,2.61895,7.4222,2
1283.3,0.13986,2.61896,7.4222,2
1283.4,0.13986,2.61896,7.4222,2
1283.5,0.13987,2.61896,7.4222,2
1283.6,0.13987,2.61896,7.4222,2
1283.7,0.13987,2.61896,7.4222,2
1283.8,0.13988,2.61896,7.4222,2
1283.9,0.13988,2.61896,7.4222,2
1284,0.13989,2.61896,7.4222,2
1284.1,0.13989,2.61897,7.4222,2
1284.2,0.13989,2.61897,7.4222,2
1284.3,0.1399,2.61897,7.4222,2
1284.4,0.1399,2.61897,7.4222,2
1284.5,0.13991,2.61897,7.4222,2
1284.6,0.13991,2.61897,7.4222,2
1284.7,0.13991,2.61897,7.4222,2
1284.8,0.13992,2.61897,7.4222,2
1284.9,0.13992,2.61897,7.4222,2
1285,0.13993,2.61898,7.4222,2
1285.1,0.13993,2.61898,7.42219,2
1285.2,0.13994,2.61898,7.42219,2
1285.3,0.13994,2.61898,7.42219,2
1285.4,0.13994,2.61898,7.42219,2
1285.5,0.13995,2.61898,7.42219,2
1285.6,0.13995,2.61898,7.42219,2
1285.7,0.13996,2.61899,7.42219,2
1285.8,0.13996,2.61899,7.42219,2
1285.9,0.13997,2.61899,7.42219,2
1286,0.13997,2.61899,7.42219,2
1286.1,0.13997,2.61899,7.42219,2
1286.2,0.13998,2.619,7.42219,2
1286.3,0.13998,2.619,7.42219,2
1286.4,0.13999,2.619,7.42219,2
1286.5,0.13999,2.619,7.42219,2
1286.6,0.13999,2.619,7.42219,2
1286.7,0.14,2.61901,7.42219,2
1286.8,0.14,2.61901,7.42219,2
1286.9,0.14001,2.61901,7.42219,2
1287,0.14001,2.61901,7.42219,2
1287.1,0.14002,2.61902,7.42219,2
1287.2,0.14002,2.61902,7.42219,2
1287.3,0.14002,2.61902,7.42219,2
1287.4,0.14003,2.61902,7.42219,2
1287.5,0.14003,2.61903,7.42219,2
1287.6,0.14004,2.61903,7.42219,2
1287.7,0.14004,2.61903,7.42219,2
1287.8,0.14004,2.61903,7.42219,2
1287.9,0.14005,2.61904,7.42219,2
1288,0.14005,2.61904,7.42219,2
1288.1,0.14006,2.61904,7.42219,2
1288.2,0.14006,2.61904,7.42219,2
1288.3,0.14006,2.61904,7.42219,2
1288.4,0.14007,2.61905,7.42219,2
1288.5,0.14007,2.61905,7.42219,2
1288.6,0.14008,2.61905,7.42219,2
1288.7,0.14008,2.61905,7.42219,2
1288.8,0.14009,2.61905,7.42219,2
1288.9,0.14009,2.61905,7.42219,2
1289,0.14009,2.61906,7.42219,2
1289.1,0.1401,2.61906,7.42219,2
1289.2,0.1401,2.61906,7.42219,2
1289.3,0.14011,2.61906,7.42219,2
1289.4,0.14011,2.61906,7.42219,2
1289.5,0.14012,2.61906,7.42219,2
1289.6,0.14012,2.61907,7.42219,2
1289.7,0.14012,2.61907,7.42219,2
1289.8,0.14013,2.61907,7.42219,2
1289.9,0.14013,2.61907,7.42219,2
1290,0.14014,2.61907,7.42219,2
1290.1,0.14014,2.61908,7.42219,2
1290.2,0.14014,2.61908,7.42219,2
1290.3,0.14015,2.61908,7.42219,2
1290.4,0.14015,2.61909,7.42219,2
1290.5,0.14016,2.61909,7.42219,2
1290.6,0.14016,2.6191,7.42219,2
1290.7,0.14017,2.6191,7.42219,2
1290.8,0.14017,2.61911,7.42219,2
1290.9,0.14017,2.61912,7.42219,2
1291,0.14018,2.61912,7.42219,2
1291.1,0.14018,2.61913,7.42219,2
1291.2,0.14019,2.61914,7.42219,2
1291.3,0.14019,2.61915,7.42219,2
1291.4,0.14019,2.61915,7.42219,2
1291.5,0.1402,2.61916,7.42219,2
1291.6,0.1402,2.61917,7.42219,2
1291.7,0.14021,2.61917,7.42219,2
1291.8,0.14021,2.61918,7.42219,2
1291.9,0.14021,2.61918,7.42219,2
1292,0.14022,2.61919,7.42219,2
1292.1,0.14022,2.61919,7.42219,2
1292.2,0.14023,2.6192,7.42219,2
1292.3,0.14023,2.6192,7.42219,2
1292.4,0.14023,2.61921,7.42219,2
1292.5,0.14024,2.61921,7.42219,2
1292.6,0.14024,2.61922,7.42219,2
1292.7,0.14025,2.61922,7.42219,2
1292.8,0.14025,2.61922,7.42219,2
1292.9,0.14025,2.61923,7.42218,2
1293,0.14026,2.61924,7.42218,2
1293.1,0.14026,2.61924,7.42218,2
1293.2,0.14027,2.61925,7.42218,2
1293.3,0.14027,2.61926,7.42218,2
1293.4,0.14027,2.61926,7.42218,2
1293.5,0.14028,2.61927,7.42218,2
1293.6,0.14028,2.61928,7.42218,2
1293.7,0.14029,2.61929,7.42218,2
1293.8,0.14029,2.61929,7.42218,2
1293.9,0.14029,2.6193,7.42218,2
1294,0.1403,2.61931,7.42218,2
1294.1,0.1403,2.61932,7.42218,2
1294.2,0.14031,2.61933,7.42218,2
1294.3,0.14031,2.61934,7.42218,2
1294.4,0.14031,2.61934,7.42218,2
1294.5,0.14032,2.61935,7.42218,2
1294.6,0.14032,2.61936,7.42218,2
1294.7,0.14033,2.61937,7.42218,2
1294.8,0.14033,2.61937,7.42218,2
1294.9,0.14033,2.61938,7.42218,2
1295,0.14034,2.61938,7.42218,2
1295.1,0.14034,2.61939,7.42218,2
1295.2,0.14035,2.6194,7.42218,2
1295.3,0.14035,2.6194,7.42218,2
1295.4,0.14035,2.61941,7.42218,2
1295.5,0.14036,2.61941,7.42218,2
1295.6,0.14036,2.61942,7.42218,2
1295.7,0.14036,2.61943,7.42218,2
1295.8,0.14037,2.61943,7.42218,2
1295.9,0.14037,2.61944,7.42218,2
1296,0.14038,2.61945,7.42218,2
1296.1,0.14038,2.61945,7.42218,2
1296.2,0.14038,2.61946,7.42218,2
1296.3,0.14039,2.61946,7.42218,2
1296.4,0.14039,2.61947,7.42218,2
1296.5,0.1404,2.61948,7.42217,2
1296.6,0.1404,2.61948,7.42217,2
1296.7,0.1404,2.61949,7.42217,2
1296.8,0.14041,2.61949,7.42217,2
1296.9,0.14041,2.6195,7.42217,2
1297,0.14041,2.6195,7.42217,2
1297.1,0.14042,2.61951,7.42217,2
1297.2,0.14042,2.61951,7.42217,2
1297.3,0.14043,2.61951,7.42217,2
1297.4,0.14043,2.61952,7.42217,2
1297.5,0.14043,2.61952,7.42217,2
1297.6,0.14044,2.61952,7.42217,2
1297.7,0.14044,2.61952,7.42217,2
1297.8,0.14044,2.61952,7.42217,2
1297.9,0.14045,2.61952,7.42217,2
1298,0.14045,2.61952,7.42217,2
1298.1,0.14046,2.61952,7.42217,2
1298.2,0.14046,2.61952,7.42217,2
1298.3,0.14046,2.61952,7.42217,2
1298.4,0.14047,2.61952,7.42217,2
1298.5,0.14047,2.61952,7.42217,2
1298.6,0.14047,2.61951,7.42217,2
1298.7,0.14048,2.61951,7.42217,2
1298.8,0.14048,2.61951,7.42217,2
1298.9,0.14049,2.61951,7.42217,2
1299,0.14049,2.61951,7.42217,2
1299.1,0.14049,2.61951,7.42217,2
1299.2,0.1405,2.61951,7.42217,2
1299.3,0.1405,2.6195,7.42216,2
1299.4,0.14051,2.6195,7.42216,2
1299.5,0.14051,2.6195,7.42216,2
1299.6,0.14051,2.6195,7.42216,2
1299.7,0.14052,2.61949,7.42216,2
1299.8,0.14052,2.61949,7.42216,2
1299.9,0.14052,2.61949,7.42216,2
1300,0.14053,2.61949,7.42216,2
1300.1,0.14053,2.61948,7.42216,2
1300.2,0.14053,2.61948,7.42216,2
1300.3,0.14054,2.61948,7.42216,2
1300.4,0.14054,2.61947,7.42216,2
1300.5,0.14055,2.61947,7.42216,2
1300.6,0.14055,2.61947,7.42216,2
1300.7,0.14055,2.61947,7.42216,2
1300.8,0.14056,2.61946,7.42216,2
1300.9,0.14056,2.61945,7.42216,2
1301,0.14056,2.61945,7.42216,2
1301.1,0.14057,2.61944,7.42216,2
1301.2,0.14057,2.61944,7.42216,2
1301.3,0.14057,2.61944,7.42216,2
1301.4,0.14058,2.61943,7.42216,2
1301.5,0.14058,2.61943,7.42216,2
1301.6,0.14058,2.61942,7.42216,2
1301.7,0.14059,2.61942,7.42216,2
1301.8,0.14059,2.61941,7.42216,2
1301.9,0.14059,2.6194,7.42216,2
1302,0.1406,2.6194,7.42216,2
1302.1,0.1406,2.61939,7.42216,2
1302.2,0.1406,2.61938,7.42216,2
1302.3,0.14061,2.61938,7.42216,2
1302.4,0.14061,2.61937,7.42216,2
1302.5,0.14061,2.61936,7.42215,2
1302.6,0.14062,2.61936,7.42215,2
1302.7,0.14062,2.61935,7.42215,2
1302.8,0.14062,2.61934,7.42215,2
1302.9,0.14063,2.61934,7.42215,2
1303,0.14063,2.61933,7.42215,2
1303.1,0.14063,2.61932,7.42215,2
1303.2,0.14064,2.61932,7.42215,2
1303.3,0.14064,2.61931,7.42215,2
1303.4,0.14065,2.6193,7.42215,2
1303.5,0.14065,2.61929,7.42215,2
1303.6,0.14065,2.61929,7.42215,2
1303.7,0.14066,2.61928,7.42215,2
1303.8,0.14066,2.61927,7.42215,2
1303.9,0.14066,2.61926,7.42215,2
1304,0.14066,2.61925,7.42215,2
1304.1,0.14067,2.61925,7.42215,2
1304.2,0.14067,2.61924,7.42215,2
1304.3,0.14067,2.61923,7.42215,2
1304.4,0.14068,2.61922,7.42214,2
1304.5,0.14068,2.61921,7.42214,2
1304.6,0.14068,2.6192,7.42214,2
1304.7,0.14069,2.61919,7.42214,2
1304.8,0.14069,2.61919,7.42214,2
1304.9,0.14069,2.61918,7.42214,2
1305,0.1407,2.61917,7.42214,2
1305.1,0.1407,2.61916,7.42214,2
1305.2,0.1407,2.61916,7.42214,2
1305.3,0.14071,2.61915,7.42214,2
1305.4,0.14071,2.61914,7.42214,2
1305.5,0.14071,2.61914,7.42214,2
1305.6,0.14071,2.61913,7.42214,2
1305.7,0.14072,2.61913,7.42214,2
1305.8,0.14072,2.61912,7.42214,2
1305.9,0.14072,2.61911,7.42213,2
1306,0.14073,2.61911,7.42213,2
1306.1,0.14073,2.6191,7.42213,2
1306.2,0.14073,2.6191,7.42213,2
1306.3,0.14074,2.61909,7.42213,2
1306.4,0.14074,2.61909,7.42213,2
1306.5,0.14074,2.61908,7.42213,2
1306.6,0.14074,2.61908,7.42213,2
1306.7,0.14075,2.61907,7.42213,2
1306.8,0.14075,2.61907,7.42213,2
1306.9,0.14075,2.61906,7.42213,2
1307,0.14076,2.61905,7.42213,2
1307.1,0.14076,2.61904,7.42213,2
1307.2,0.14076,2.61904,7.42213,2
1307.3,0.14076,2.61903,7.42213,2
1307.4,0.14077,2.61902,7.42213,2
1307.5,0.14077,2.61901,7.42213,2
1307.6,0.14077,2.619,7.42212,2
1307.7,0.14078,2.619,7.42212,2
1307.8,0.14078,2.61899,7.42212,2
1307.9,0.14078,2.61898,7.42212,2
1308,0.14078,2.61897,7.42212,2
1308.1,0.14079,2.61896,7.42212,2
1308.2,0.14079,2.61896,7.42212,2
1308.3,0.14079,2.61895,7.42212,2
1308.4,0.1408,2.61894,7.42212,2
1308.5,0.1408,2.61893,7.42212,2
1308.6,0.1408,2.61892,7.42212,2
1308.7,0.1408,2.61892,7.42212,2
1308.8,0.14081,2.61891,7.42212,2
1308.9,0.14081,2.6189,7.42212,2
1309,0.14081,2.61889,7.42212,2
1309.1,0.14081,2.61888,7.42212,2
1309.2,0.14082,2.61887,7.42212,2
1309.3,0.14082,2.61886,7.42212,2
1309.4,0.14082,2.61886,7.42212,2
1309.5,0.14082,2.61885,7.42212,2
1309.6,0.14083,2.61884,7.42212,2
1309.7,0.14083,2.61883,7.42212,2
1309.8,0.14083,2.61882,7.42212,2
1309.9,0.14083,2.61881,7.42212,2
1310,0.14084,2.61881,7.42212,2
1310.1,0.14084,2.6188,7.42212,2
1310.2,0.14084,2.61879,7.42212,2
1310.3,0.14084,2.61879,7.42212,2
1310.4,0.14085,2.61878,7.42211,2
1310.5,0.14085,2.61877,7.42211,2
1310.6,0.14085,2.61876,7.42211,2
1310.7,0.14085,2.61876,7.42211,2
1310.8,0.14086,2.61875,7.42211,2
1310.9,0.14086,2.61874,7.42211,2
1311,0.14086,2.61874,7.42211,2
1311.1,0.14086,2.61873,7.42211,2
1311.2,0.14087,2.61872,7.42211,2
1311.3,0.14087,2.61872,7.42211,2
1311.4,0.14087,2.61871,7.42211,2
1311.5,0.14087,2.6187,7.42211,2
1311.6,0.14087,2.6187,7.42211,2
1311.7,0.14088,2.61869,7.42211,2
1311.8,0.14088,2.61869,7.42211,2
1311.9,0.14088,2.61868,7.42211,2
1312,0.14088,2.61868,7.42211,2
1312.1,0.14089,2.61867,7.42211,2
1312.2,0.14089,2.61867,7.42211,2
1312.3,0.14089,2.61866,7.42211,2
1312.4,0.14089,2.61865,7.42211,2
1312.5,0.14089,2.61865,7.42211,2
1312.6,0.1409,2.61864,7.42211,2
1312.7,0.1409,2.61864,7.42211,2
1312.8,0.1409,2.61863,7.42211,2
1312.9,0.1409,2.61863,7.42211,2
1313,0.1409,2.61862,7.42211,2
1313.1,0.14091,2.61861,7.42211,2
1313.2,0.14091,2.61861,7.42211,2
1313.3,0.14091,2.6186,7.42211,2
1313.4,0.14091,2.6186,7.42211,2
1313.5,0.14091,2.61859,7.42211,2
1313.6,0.14091,2.61858,7.42211,2
1313.7,0.14092,2.61857,7.42211,2
1313.8,0.14092,2.61857,7.42211,2
1313.9,0.14092,2.61856,7.42211,2
1314,0.14092,2.61855,7.42211,2
1314.1,0.14092,2.61855,7.42211,2
1314.2,0.14093,2.61854,7.42211,2
1314.3,0.14093,2.61853,7.42211,2
1314.4,0.14093,2.61853,7.42211,2
1314.5,0.14093,2.61852,7.42211,2
1314.6,0.14093,2.61852,7.42211,2
1314.7,0.14093,2.61851,7.42211,2
1314.8,0.14094,2.6185,7.42211,2
1314.9,0.14094,2.6185,7.42211,2
1315,0.14094,2.61849,7.42211,2
1315.1,0.14094,2.61848,7.42211,2
1315.2,0.14094,2.61848,7.42211,2
1315.3,0.14094,2.61847,7.42211,2
1315.4,0.14095,2.61846,7.42211,2
1315.5,0.14095,2.61846,7.42211,2
1315.6,0.14095,2.61845,7.42211,2
1315.7,0.14095,2.61845,7.42211,2
1315.8,0.14095,2.61844,7.42211,2
1315.9,0.14095,2.61843,7.42211,2
1316,0.14096,2.61842,7.42211,2
1316.1,0.14096,2.61842,7.42211,2
1316.2,0.14096,2.61841,7.42211,2
1316.3,0.14096,2.6184,7.42211,2
1316.4,0.14096,2.6184,7.42211,2
1316.5,0.14096,2.61839,7.42211,2
1316.6,0.14096,2.61838,7.42211,2
1316.7,0.14097,2.61838,7.42211,2
1316.8,0.14097,2.61837,7.42211,2
1316.9,0.14097,2.61836,7.42211,2
1317,0.14097,2.61836,7.42211,2
1317.1,0.14097,2.61835,7.42211,2
1317.2,0.14097,2.61834,7.42211,2
1317.3,0.14098,2.61833,7.42211,2
1317.4,0.14098,2.61833,7.42211,2
1317.5,0.14098,2.61832,7.42211,2
1317.6,0.14098,2.61831,7.42211,2
1317.7,0.14098,2.61831,7.42211,2
1317.8,0.14098,2.6183,7.42211,2
1317.9,0.14098,2.61829,7.42211,2
1318,0.14098,2.61829,7.42211,2
1318.1,0.14099,2.61828,7.42211,2
1318.2,0.14099,2.61827,7.42211,2
1318.3,0.14099,2.61827,7.42211,2
1318.4,0.14099,2.61826,7.42211,2
1318.5,0.14099,2.61825,7.42211,2
1318.6,0.14099,2.61825,7.42211,2
1318.7,0.14099,2.61824,7.42211,2
1318.8,0.141,2.61824,7.42211,2
1318.9,0.141,2.61823,7.42211,2
1319,0.141,2.61822,7.42212,2
1319.1,0.141,2.61822,7.42212,2
1319.2,0.141,2.61821,7.42212,2
1319.3,0.141,2.61821,7.42212,2
1319.4,0.141,2.6182,7.42212,2
1319.5,0.141,2.6182,7.42212,2
1319.6,0.141,2.61819,7.42212,2
1319.7,0.141,2.61818,7.42212,2
1319.8,0.14101,2.61818,7.42212,2
1319.9,0.14101,2.61817,7.42212,2
1320,0.14101,2.61817,7.42212,2
1320.1,0.14101,2.61816,7.42212,2
1320.2,0.14101,2.61816,7.42212,2
1320.3,0.14101,2.61815,7.42212,2
1320.4,0.14101,2.61815,7.42212,2
1320.5,0.14101,2.61814,7.42212,2
1320.6,0.14101,2.61814,7.42212,2
1320.7,0.14101,2.61813,7.42212,2
1320.8,0.14102,2.61813,7.42212,2
1320.9,0.14102,2.61812,7.42212,2
1321,0.14102,2.61812,7.42212,2
1321.1,0.14102,2.61811,7.42212,2
1321.2,0.14102,2.61811,7.42212,2
1321.3,0.14102,2.6181,7.42212,2
1321.4,0.14102,2.6181,7.42212,2
1321.5,0.14102,2.61809,7.42212,2
1321.6,0.14102,2.61809,7.42212,2
1321.7,0.14102,2.61808,7.42212,2
1321.8,0.14102,2.61808,7.42212,2
1321.9,0.14103,2.61807,7.42212,2
1322,0.14103,2.61807,7.42212,2
1322.1,0.14103,2.61806,7.42212,2
1322.2,0.14103,2.61806,7.42212,2
1322.3,0.14103,2.61806,7.42212,2
1322.4,0.14103,2.61805,7.42212,2
1322.5,0.14103,2.61805,7.42212,2
1322.6,0.14103,2.61804,7.42212,2
1322.7,0.14103,2.61804,7.42212,2
1322.8,0.14103,2.61804,7.42212,2
1322.9,0.14103,2.61803,7.42212,2
1323,0.14103,2.61802,7.42212,2
1323.1,0.14103,2.61802,7.42212,2
1323.2,0.14104,2.61801,7.42212,2
1323.3,0.14104,2.618,7.42212,2
1323.4,0.14104,2.618,7.42212,2
1323.5,0.14104,2.61799,7.42212,2
1323.6,0.14104,2.61799,7.42212,2
1323.7,0.14104,2.61798,7.42212,2
1323.8,0.14104,2.61797,7.42212,2
1323.9,0.14104,2.61797,7.42212,2
1324,0.14104,2.61796,7.42212,2
1324.1,0.14104,2.61796,7.42212,2
1324.2,0.14104,2.61795,7.42212,2
1324.3,0.14104,2.61794,7.42212,2
1324.4,0.14104,2.61794,7.42212,2
1324.5,0.14104,2.61793,7.42212,2
1324.6,0.14104,2.61793,7.42212,2
1324.7,0.14104,2.61792,7.42212,2
1324.8,0.14104,2.61792,7.42212,2
1324.9,0.14104,2.61791,7.42212,2
1325,0.14104,2.61791,7.42212,2
1325.1,0.14105,2.6179,7.42212,1
1325.2,0.14105,2.6179,7.42212,1
1325.3,0.14105,2.61789,7.42212,1
1325.4,0.14105,2.61789,7.42212,1
1325.5,0.14105,2.61788,7.42212,1
1325.6,0.14105,2.61787,7.42212,1
1325.7,0.14105,2.61787,7.42212,1
1325.8,0.14105,2.61786,7.42212,1
1325.9,0.14105,2.61785,7.42212,1
1326,0.14105,2.61784,7.42212,1
1326.1,0.14105,2.61783,7.42212,1
1326.2,0.14105,2.61783,7.42212,1
1326.3,0.14105,2.61782,7.42212,1
1326.4,0.14105,2.61781,7.42212,1
1326.5,0.14105,2.6178,7.42212,1
1326.6,0.14105,2.6178,7.42212,1
1326.7,0.14105,2.61779,7.42212,1
1326.8,0.14105,2.61778,7.42212,1
1326.9,0.14105,2.61778,7.42212,1
1327,0.14105,2.61777,7.42212,1
1327.1,0.14105,2.61777,7.42212,1
1327.2,0.14105,2.61776,7.42212,1
1327.3,0.14105,2.61776,7.42212,1
1327.4,0.14105,2.61775,7.42212,1
1327.5,0.14105,2.61775,7.42212,1
1327.6,0.14106,2.61774,7.42212,1
1327.7,0.14106,2.61774,7.42212,1
1327.8,0.14106,2.61773,7.42212,1
1327.9,0.14106,2.61773,7.42212,1
1328,0.14106,2.61773,7.42212,1
1328.1,0.14106,2.61772,7.42212,1
1328.2,0.14106,2.61772,7.42212,1
1328.3,0.14106,2.61771,7.42212,1
1328.4,0.14106,2.61771,7.42212,1
1328.5,0.14106,2.61771,7.42212,1
1328.6,0.14106,2.6177,7.42212,1
1328.7,0.14106,2.6177,7.42212,1
1328.8,0.14106,2.6177,7.42212,1
1328.9,0.14106,2.61769,7.42212,1
1329,0.14106,2.61769,7.42212,1
1329.1,0.14106,2.61769,7.42212,1
1329.2,0.14106,2.61769,7.42212,1
1329.3,0.14106,2.61769,7.42212,1
1329.4,0.14106,2.61768,7.42212,1
1329.5,0.14106,2.61768,7.42212,1
1329.6,0.14106,2.61768,7.42212,1
1329.7,0.14106,2.61768,7.42212,1
1329.8,0.14106,2.61767,7.42212,1
1329.9,0.14106,2.61767,7.42212,1
1330,0.14106,2.61767,7.42212,1
1330.1,0.14106,2.61767,7.42212,1
1330.2,0.14106,2.61767,7.42212,1
1330.3,0.14106,2.61766,7.42212,1
1330.4,0.14106,2.61766,7.42212,1
1330.5,0.14106,2.61766,7.42212,1
1330.6,0.14106,2.61766,7.42212,1
1330.7,0.14106,2.61765,7.42212,1
1330.8,0.14106,2.61765,7.42212,1
1330.9,0.14106,2.61765,7.42212,1
1331,0.14106,2.61765,7.42212,1
1331.1,0.14106,2.61764,7.42212,1
1331.2,0.14106,2.61764,7.42212,1
1331.3,0.14106,2.61764,7.42212,1
1331.4,0.14106,2.61764,7.42212,1
1331.5,0.14106,2.61764,7.42212,1
1331.6,0.14106,2.61763,7.42212,1
1331.7,0.14106,2.61763,7.42212,1
1331.8,0.14106,2.61763,7.42212,1
1331.9,0.14106,2.61763,7.42212,1
1332,0.14106,2.61763,7.42212,1
1332.1,0.14106,2.61763,7.42212,1
1332.2,0.14106,2.61763,7.42212,1
1332.3,0.14106,2.61762,7.42212,1
1332.4,0.14106,2.61762,7.42212,1
1332.5,0.14106,2.61762,7.42212,1
1332.6,0.14106,2.61762,7.42212,1
1332.7,0.14106,2.61762,7.42212,1
1332.8,0.14106,2.61762,7.42212,1
1332.9,0.14106,2.61762,7.42212,1
1333,0.14106,2.61762,7.42212,1
1333.1,0.14106,2.61762,7.42212,1
1333.2,0.14106,2.61762,7.42212,1
1333.3,0.14106,2.61762,7.42212,1
1333.4,0.14106,2.61762,7.42212,1
1333.5,0.14106,2.61762,7.42212,1
1333.6,0.14106,2.61762,7.42212,1
1333.7,0.14106,2.61762,7.42212,1
1333.8,0.14106,2.61762,7.42212,1
1333.9,0.14106,2.61763,7.42212,1
1334,0.14106,2.61763,7.42212,1
1334.1,0.14106,2.61763,7.42212,1
1334.2,0.14106,2.61763,7.42212,1
1334.3,0.14106,2.61763,7.42212,1
1334.4,0.14106,2.61763,7.42212,1
1334.5,0.14106,2.61764,7.42212,1
1334.6,0.14106,2.61764,7.42212,1
1334.7,0.14106,2.61764,7.42212,1
1334.8,0.14106,2.61764,7.42212,1
1334.9,0.14106,2.61764,7.42212,1
1335,0.14106,2.61764,7.42212,1
1335.1,0.14106,2.61765,7.42212,1
1335.2,0.14106,2.61765,7.42212,1
1335.3,0.14106,2.61765,7.42212,1
1335.4,0.14106,2.61765,7.42212,1
1335.5,0.14106,2.61765,7.42212,1
1335.6,0.14106,2.61765,7.42212,1
1335.7,0.14106,2.61765,7.42212,1
1335.8,0.14106,2.61765,7.42212,1
1335.9,0.14106,2.61765,7.42212,1
1336,0.14106,2.61766,7.42212,1
1336.1,0.14106,2.61766,7.42212,1
1336.2,0.14106,2.61766,7.42212,1
1336.3,0.14106,2.61766,7.42212,1
1336.4,0.14106,2.61766,7.42212,1
1336.5,0.14106,2.61766,7.42212,1
1336.6,0.14105,2.61766,7.42212,1
1336.7,0.14105,2.61766,7.42212,1
1336.8,0.14105,2.61766,7.42212,1
1336.9,0.14105,2.61766,7.42212,1
1337,0.14105,2.61766,7.42212,1
1337.1,0.14105,2.61766,7.42212,1
1337.2,0.14105,2.61766,7.42212,1
1337.3,0.14105,2.61766,7.42212,1
1337.4,0.14105,2.61766,7.42212,1
1337.5,0.14105,2.61766,7.42212,1
1337.6,0.14105,2.61766,7.42212,1
1337.7,0.14105,2.61766,7.42212,1
1337.8,0.14105,2.61766,7.42212,1
1337.9,0.14105,2.61766,7.42212,1
1338,0.14105,2.61766,7.42212,1
1338.1,0.14105,2.61766,7.42212,1
1338.2,0.14104,2.61766,7.42212,1
1338.3,0.14104,2.61766,7.42212,1
1338.4,0.14104,2.61766,7.42212,1
1338.5,0.14104,2.61766,7.42212,1
1338.6,0.14104,2.61766,7.42212,1
1338.7,0.14104,2.61766,7.42212,1
1338.8,0.14104,2.61766,7.42212,1
1338.9,0.14104,2.61767,7.42212,1
1339,0.14104,2.61767,7.42212,1
1339.1,0.14104,2.61767,7.42212,1
1339.2,0.14104,2.61767,7.42212,1
1339.3,0.14104,2.61767,7.42212,1
1339.4,0.14104,2.61767,7.42212,1
1339.5,0.14104,2.61767,7.42212,1
1339.6,0.14103,2.61767,7.42212,1
1339.7,0.14103,2.61767,7.42212,1
1339.8,0.14103,2.61767,7.42212,1
1339.9,0.14103,2.61767,7.42212,1
1340,0.14103,2.61767,7.42212,1
1340.1,0.14103,2.61767,7.42212,1
1340.2,0.14103,2.61767,7.42212,1
1340.3,0.14103,2.61767,7.42212,1
1340.4,0.14103,2.61767,7.42212,1
1340.5,0.14103,2.61768,7.42212,1
1340.6,0.14103,2.61768,7.42212,1
1340.7,0.14102,2.61768,7.42212,1
1340.8,0.14102,2.61768,7.42212,1
1340.9,0.14102,2.61768,7.42212,1
1341,0.14102,2.61768,7.42212,1
1341.1,0.14102,2.61769,7.42212,1
1341.2,0.14102,2.61769,7.42212,1
1341.3,0.14102,2.61769,7.42212,1
1341.4,0.14102,2.61769,7.42212,1
1341.5,0.14102,2.6177,7.42212,1
1341.6,0.14102,2.6177,7.42212,1
1341.7,0.14102,2.61771,7.42212,1
1341.8,0.14101,2.61771,7.42212,1
1341.9,0.14101,2.61772,7.42212,1
1342,0.14101,2.61772,7.42212,1
1342.1,0.14101,2.61773,7.42212,1
1342.2,0.14101,2.61774,7.42212,1
1342.3,0.14101,2.61775,7.42212,1
1342.4,0.14101,2.61775,7.42212,1
1342.5,0.14101,2.61776,7.42212,1
1342.6,0.14101,2.61776,7.42212,1
1342.7,0.14101,2.61777,7.42212,1
1342.8,0.141,2.61777,7.42212,1
1342.9,0.141,2.61778,7.42212,1
1343,0.141,2.61778,7.42212,1
1343.1,0.141,2.61778,7.42212,1
1343.2,0.141,2.61779,7.42211,1
1343.3,0.141,2.61779,7.42211,1
1343.4,0.141,2.61779,7.42211,1
1343.5,0.141,2.61779,7.42211,1
1343.6,0.141,2.6178,7.42211,1
1343.7,0.14099,2.6178,7.42211,1
1343.8,0.14099,2.61781,7.42211,1
1343.9,0.14099,2.61781,7.42211,1
1344,0.14099,2.61781,7.42211,1
1344.1,0.14099,2.61782,7.42211,1
1344.2,0.14099,2.61782,7.42211,1
1344.3,0.14099,2.61783,7.42211,1
1344.4,0.14099,2.61783,7.42211,1
1344.5,0.14098,2.61784,7.42211,1
1344.6,0.14098,2.61785,7.42211,1
1344.7,0.14098,2.61786,7.42211,1
1344.8,0.14098,2.61786,7.42211,1
1344.9,0.14098,2.61786,7.42211,1
1345,0.14098,2.61787,7.42211,1
1345.1,0.14098,2.61787,7.42211,2
1345.2,0.14098,2.61788,7.42211,2
1345.3,0.14097,2.61788,7.42211,2
1345.4,0.14097,2.61789,7.42211,2
1345.5,0.14097,2.61789,7.42211,2
1345.6,0.14097,2.6179,7.42211,2
1345.7,0.14097,2.6179,7.42211,2
1345.8,0.14097,2.61791,7.4221,2
1345.9,0.14097,2.61791,7.4221,2
1346,0.14097,2.61792,7.4221,2
1346.1,0.14096,2.61792,7.4221,2
1346.2,0.14096,2.61793,7.4221,2
1346.3,0.14096,2.61793,7.4221,2
1346.4,0.14096,2.61793,7.4221,2
1346.5,0.14096,2.61794,7.4221,2
1346.6,0.14096,2.61794,7.4221,2
1346.7,0.14096,2.61794,7.4221,2
1346.8,0.14096,2.61795,7.4221,2
1346.9,0.14095,2.61795,7.4221,2
1347,0.14095,2.61795,7.4221,2
1347.1,0.14095,2.61795,7.4221,2
1347.2,0.14095,2.61796,7.4221,2
1347.3,0.14095,2.61796,7.4221,2
1347.4,0.14095,2.61796,7.4221,2
1347.5,0.14094,2.61796,7.4221,2
1347.6,0.14094,2.61797,7.4221,2
1347.7,0.14094,2.61797,7.4221,2
1347.8,0.14094,2.61797,7.4221,2
1347.9,0.14094,2.61797,7.42209,2
1348,0.14094,2.61797,7.42209,2
1348.1,0.14094,2.61797,7.42209,2
1348.2,0.14093,2.61797,7.42209,2
1348.3,0.14093,2.61797,7.42209,2
1348.4,0.14093,2.61798,7.42209,2
1348.5,0.14093,2.61798,7.42209,2
1348.6,0.14093,2.61798,7.42209,2
1348.7,0.14093,2.61798,7.42209,2
1348.8,0.14092,2.61798,7.42209,2
1348.9,0.14092,2.61798,7.42209,2
1349,0.14092,2.61798,7.42209,2
1349.1,0.14092,2.61799,7.42209,2
1349.2,0.14092,2.61799,7.42209,2
1349.3,0.14092,2.61799,7.42209,2
1349.4,0.14092,2.61799,7.42209,2
1349.5,0.14091,2.61799,7.42209,2
1349.6,0.14091,2.61799,7.42209,2
1349.7,0.14091,2.61799,7.42209,2
1349.8,0.14091,2.61799,7.42208,2
1349.9,0.14091,2.61799,7.42208,2
1350,0.14091,2.61799,7.42208,2
1350.1,0.1409,2.61799,7.42208,2
1350.2,0.1409,2.61799,7.42208,2
1350.3,0.1409,2.618,7.42208,2
1350.4,0.1409,2.618,7.42208,2
1350.5,0.1409,2.618,7.42208,2
1350.6,0.1409,2.618,7.42208,2
1350.7,0.14089,2.618,7.42208,2
1350.8,0.14089,2.618,7.42208,2
1350.9,0.14089,2.618,7.42208,2
1351,0.14089,2.618,7.42208,2
1351.1,0.14089,2.61801,7.42208,2
1351.2,0.14089,2.61801,7.42208,2
1351.3,0.14088,2.61801,7.42208,2
1351.4,0.14088,2.61801,7.42208,2
1351.5,0.14088,2.61801,7.42208,2
1351.6,0.14088,2.61801,7.42208,2
1351.7,0.14088,2.61801,7.42207,2
1351.8,0.14088,2.61801,7.42207,2
1351.9,0.14088,2.61801,7.42207,2
1352,0.14087,2.61801,7.42207,2
1352.1,0.14087,2.61801,7.42207,2
1352.2,0.14087,2.61801,7.42207,2
1352.3,0.14087,2.61801,7.42207,2
1352.4,0.14087,2.61801,7.42207,2
1352.5,0.14087,2.61801,7.42207,2
1352.6,0.14086,2.61801,7.42207,2
1352.7,0.14086,2.61801,7.42207,2
1352.8,0.14086,2.61801,7.42207,2
1352.9,0.14086,2.61801,7.42207,2
1353,0.14086,2.61801,7.42207,2
1353.1,0.14086,2.61801,7.42207,2
1353.2,0.14085,2.61801,7.42207,2
1353.3,0.14085,2.61802,7.42206,2
1353.4,0.14085,2.61802,7.42206,2
1353.5,0.14085,2.61802,7.42206,2
1353.6,0.14085,2.61802,7.42206,2
1353.7,0.14085,2.61802,7.42206,2
1353.8,0.14084,2.61802,7.42206,2
1353.9,0.14084,2.61802,7.42206,2
1354,0.14084,2.61802,7.42206,2
1354.1,0.14084,2.61801,7.42206,2
1354.2,0.14084,2.61801,7.42206,2
1354.3,0.14084,2.61801,7.42206,2
1354.4,0.14083,2.61801,7.42206,2
1354.5,0.14083,2.61801,7.42206,2
1354.6,0.14083,2.61801,7.42205,2
1354.7,0.14083,2.618,7.42205,2
1354.8,0.14083,2.618,7.42205,2
1354.9,0.14083,2.618,7.42205,2
1355,0.14082,2.61799,7.42205,2
1355.1,0.14082,2.61799,7.42205,2
1355.2,0.14082,2.61798,7.42205,2
1355.3,0.14082,2.61798,7.42205,2
1355.4,0.14082,2.61798,7.42205,2
1355.5,0.14081,2.61797,7.42205,2
1355.6,0.14081,2.61797,7.42205,2
1355.7,0.14081,2.61797,7.42205,2
1355.8,0.14081,2.61796,7.42205,2
1355.9,0.14081,2.61796,7.42205,2
1356,0.14081,2.61796,7.42205,2
1356.1,0.1408,2.61796,7.42204,2
1356.2,0.1408,2.61796,7.42204,2
1356.3,0.1408,2.61795,7.42204,2
1356.4,0.1408,2.61795,7.42204,2
1356.5,0.1408,2.61795,7.42204,2
1356.6,0.14079,2.61795,7.42204,2
1356.7,0.14079,2.61795,7.42204,2
1356.8,0.14079,2.61794,7.42204,2
1356.9,0.14079,2.61794,7.42204,2
1357,0.14079,2.61794,7.42204,2
1357.1,0.14079,2.61793,7.42204,2
1357.2,0.14078,2.61793,7.42204,2
1357.3,0.14078,2.61793,7.42204,2
1357.4,0.14078,2.61793,7.42204,2
1357.5,0.14078,2.61792,7.42203,2
1357.6,0.14078,2.61792,7.42203,2
1357.7,0.14077,2.61792,7.42203,2
1357.8,0.14077,2.61791,7.42203,2
1357.9,0.14077,2.61791,7.42203,2
1358,0.14077,2.61791,7.42203,2
1358.1,0.14077,2.61791,7.42203,2
1358.2,0.14076,2.61791,7.42203,2
1358.3,0.14076,2.6179,7.42203,2
1358.4,0.14076,2.6179,7.42203,2
1358.5,0.14076,2.6179,7.42203,2
1358.6,0.14076,2.6179,7.42203,2
1358.7,0.14075,2.61789,7.42203,2
1358.8,0.14075,2.61789,7.42203,2
1358.9,0.14075,2.61789,7.42203,2
1359,0.14075,2.61789,7.42202,2
1359.1,0.14075,2.61788,7.42202,2
1359.2,0.14075,2.61788,7.42202,2
1359.3,0.14074,2.61788,7.42202,2
1359.4,0.14074,2.61787,7.42202,2
1359.5,0.14074,2.61787,7.42202,2
1359.6,0.14074,2.61787,7.42202,2
1359.7,0.14074,2.61786,7.42202,2
1359.8,0.14073,2.61786,7.42202,2
1359.9,0.14073,2.61786,7.42202,2
1360,0.14073,2.61786,7.42202,2
1360.1,0.14073,2.61785,7.42202,2
1360.2,0.14073,2.61785,7.42202,2
1360.3,0.14072,2.61785,7.42202,2
1360.4,0.14072,2.61785,7.42202,2
1360.5,0.14072,2.61784,7.42202,2
1360.6,0.14072,2.61784,7.42201,2
1360.7,0.14072,2.61783,7.42201,2
1360.8,0.14072,2.61783,7.42201,2
1360.9,0.14071,2.61782,7.42201,2
1361,0.14071,2.61782,7.42201,2
1361.1,0.14071,2.61782,7.42201,2
1361.2,0.14071,2.61781,7.42201,2
1361.3,0.14071,2.61781,7.42201,2
1361.4,0.1407,2.61781,7.42201,2
1361.5,0.1407,2.6178,7.42201,2
1361.6,0.1407,2.6178,7.42201,2
1361.7,0.1407,2.61779,7.42201,2
1361.8,0.1407,2.61779,7.42201,2
1361.9,0.1407,2.61778,7.42201,2
1362,0.14069,2.61778,7.42201,2
1362.1,0.14069,2.61777,7.42201,2
1362.2,0.14069,2.61777,7.42201,2
1362.3,0.14069,2.61776,7.42201,2
1362.4,0.14069,2.61776,7.42201,2
1362.5,0.14068,2.61775,7.42201,2
1362.6,0.14068,2.61774,7.422,2
1362.7,0.14068,2.61774,7.422,2
1362.8,0.14068,2.61773,7.422,2
1362.9,0.14068,2.61772,7.422,2
1363,0.14067,2.61772,7.422,2
1363.1,0.14067,2.61771,7.422,2
1363.2,0.14067,2.6177,7.422,2
1363.3,0.14067,2.6177,7.422,2
1363.4,0.14067,2.61769,7.422,2
1363.5,0.14067,2.61768,7.422,2
1363.6,0.14066,2.61768,7.422,2
1363.7,0.14066,2.61767,7.422,2
1363.8,0.14066,2.61766,7.422,2
1363.9,0.14066,2.61766,7.422,2
1364,0.14066,2.61765,7.422,2
1364.1,0.14065,2.61765,7.422,2
1364.2,0.14065,2.61764,7.42199,2
1364.3,0.14065,2.61764,7.42199,2
1364.4,0.14065,2.61763,7.42199,2
1364.5,0.14065,2.61763,7.42199,2
1364.6,0.14065,2.61762,7.42199,2
1364.7,0.14064,2.61762,7.42199,2
1364.8,0.14064,2.61761,7.42199,2
1364.9,0.14064,2.61761,7.42199,2
1365,0.14064,2.6176,7.42199,2
1365.1,0.14064,2.6176,7.42199,2
1365.2,0.14063,2.61759,7.42199,2
1365.3,0.14063,2.61758,7.42199,2
1365.4,0.14063,2.61758,7.42199,2
1365.5,0.14063,2.61757,7.42199,2
1365.6,0.14063,2.61756,7.42199,2
1365.7,0.14062,2.61756,7.42199,2
1365.8,0.14062,2.61755,7.42198,2
1365.9,0.14062,2.61754,7.42198,2
1366,0.14062,2.61753,7.42198,2
1366.1,0.14062,2.61753,7.42198,2
1366.2,0.14062,2.61752,7.42198,2
1366.3,0.14061,2.61751,7.42198,2
1366.4,0.14061,2.6175,7.42198,2
1366.5,0.14061,2.6175,7.42198,2
1366.6,0.14061,2.61749,7.42198,2
1366.7,0.14061,2.61748,7.42198,2
1366.8,0.1406,2.61747,7.42198,2
1366.9,0.1406,2.61747,7.42198,2
1367,0.1406,2.61746,7.42198,2
1367.1,0.1406,2.61745,7.42198,2
1367.2,0.1406,2.61745,7.42198,2
1367.3,0.1406,2.61744,7.42198,2
1367.4,0.14059,2.61743,7.42198,2
1367.5,0.14059,2.61743,7.42198,2
1367.6,0.14059,2.61742,7.42197,2
1367.7,0.14059,2.61741,7.42197,2
1367.8,0.14059,2.6174,7.42197,2
1367.9,0.14059,2.6174,7.42197,2
1368,0.14058,2.61739,7.42197,2
1368.1,0.14058,2.61738,7.42197,2
1368.2,0.14058,2.61738,7.42197,2
1368.3,0.14058,2.61737,7.42197,2
1368.4,0.14058,2.61737,7.42197,2
1368.5,0.14058,2.61736,7.42197,2
1368.6,0.14057,2.61735,7.42197,2
1368.7,0.14057,2.61735,7.42197,2
1368.8,0.14057,2.61734,7.42197,2
1368.9,0.14057,2.61733,7.42197,2
1369,0.14057,2.61733,7.42197,2
1369.1,0.14057,2.61732,7.42197,2
1369.2,0.14056,2.61731,7.42197,2
1369.3,0.14056,2.61731,7.42197,2
1369.4,0.14056,2.6173,7.42197,2
1369.5,0.14056,2.61729,7.42197,2
1369.6,0.14056,2.61729,7.42196,2
1369.7,0.14056,2.61728,7.42196,2
1369.8,0.14055,2.61727,7.42196,2
1369.9,0.14055,2.61727,7.42196,2
1370,0.14055,2.61726,7.42196,2
1370.1,0.14055,2.61725,7.42196,2
1370.2,0.14055,2.61725,7.42196,2
1370.3,0.14055,2.61724,7.42196,2
1370.4,0.14054,2.61723,7.42196,2
1370.5,0.14054,2.61722,7.42196,2
1370.6,0.14054,2.61721,7.42196,2
1370.7,0.14054,2.6172,7.42196,2
1370.8,0.14054,2.6172,7.42196,2
1370.9,0.14054,2.61719,7.42196,2
1371,0.14054,2.61718,7.42196,2
1371.1,0.14053,2.61716,7.42196,2
1371.2,0.14053,2.61715,7.42196,2
1371.3,0.14053,2.61714,7.42196,2
1371.4,0.14053,2.61713,7.42196,2
1371.5,0.14053,2.61711,7.42196,2
1371.6,0.14053,2.6171,7.42196,2
1371.7,0.14053,2.61709,7.42196,2
1371.8,0.14052,2.61708,7.42196,2
1371.9,0.14052,2.61707,7.42196,2
1372,0.14052,2.61706,7.42196,2
1372.1,0.14052,2.61705,7.42196,2
1372.2,0.14052,2.61704,7.42196,2
1372.3,0.14052,2.61703,7.42195,2
1372.4,0.14052,2.61702,7.42195,2
1372.5,0.14052,2.61701,7.42195,2
1372.6,0.14051,2.617,7.42195,2
1372.7,0.14051,2.61699,7.42195,2
1372.8,0.14051,2.61698,7.42195,2
1372.9,0.14051,2.61697,7.42195,2
1373,0.14051,2.61696,7.42195,2
1373.1,0.14051,2.61695,7.42195,2
1373.2,0.14051,2.61694,7.42195,2
1373.3,0.14051,2.61693,7.42195,2
1373.4,0.1405,2.61692,7.42195,2
1373.5,0.1405,2.61691,7.42195,2
1373.6,0.1405,2.61691,7.42195,2
1373.7,0.1405,2.6169,7.42195,2
1373.8,0.1405,2.61689,7.42195,2
1373.9,0.1405,2.61688,7.42195,2
1374,0.1405,2.61687,7.42195,2
1374.1,0.1405,2.61686,7.42195,2
1374.2,0.1405,2.61685,7.42195,2
1374.3,0.14049,2.61684,7.42195,2
1374.4,0.14049,2.61683,7.42195,2
1374.5,0.14049,2.61682,7.42195,2
1374.6,0.14049,2.61681,7.42195,2
1374.7,0.14049,2.6168,7.42195,2
1374.8,0.14049,2.61679,7.42195,2
1374.9,0.14049,2.61678,7.42195,2
1375,0.14049,2.61677,7.42195,2
1375.1,0.14049,2.61676,7.42195,2
1375.2,0.14049,2.61675,7.42195,2
1375.3,0.14049,2.61674,7.42195,2
1375.4,0.14048,2.61673,7.42195,2
1375.5,0.14048,2.61672,7.42195,2
1375.6,0.14048,2.61671,7.42195,2
1375.7,0.14048,2.6167,7.42195,2
1375.8,0.14048,2.61669,7.42195,2
1375.9,0.14048,2.61668,7.42195,2
1376,0.14048,2.61668,7.42195,2
1376.1,0.14048,2.61667,7.42195,2
1376.2,0.14048,2.61666,7.42195,2
1376.3,0.14048,2.61665,7.42195,2
1376.4,0.14048,2.61664,7.42195,2
1376.5,0.14048,2.61663,7.42195,2
1376.6,0.14048,2.61663,7.42195,2
1376.7,0.14048,2.61662,7.42195,2
1376.8,0.14047,2.61661,7.42195,2
1376.9,0.14047,2.6166,7.42195,2
1377,0.14047,2.61659,7.42195,2
1377.1,0.14047,2.61658,7.42195,2
1377.2,0.14047,2.61658,7.42195,2
1377.3,0.14047,2.61657,7.42195,2
1377.4,0.14047,2.61656,7.42195,2
1377.5,0.14047,2.61655,7.42195,2
1377.6,0.14047,2.61654,7.42195,2
1377.7,0.14047,2.61653,7.42195,2
1377.8,0.14047,2.61653,7.42195,2
1377.9,0.14047,2.61652,7.42195,2
1378,0.14047,2.61651,7.42195,2
1378.1,0.14047,2.6165,7.42195,2
1378.2,0.14047,2.61649,7.42195,2
1378.3,0.14047,2.61648,7.42195,2
1378.4,0.14047,2.61648,7.42195,2
1378.5,0.14047,2.61647,7.42195,2
1378.6,0.14047,2.61646,7.42195,2
1378.7,0.14047,2.61645,7.42195,2
1378.8,0.14047,2.61644,7.42195,2
1378.9,0.14047,2.61643,7.42195,2
1379,0.14047,2.61642,7.42195,2
1379.1,0.14047,2.61642,7.42195,2
1379.2,0.14047,2.61641,7.42195,2
1379.3,0.14047,2.6164,7.42195,2
1379.4,0.14047,2.61639,7.42195,2
1379.5,0.14046,2.61638,7.42195,2
1379.6,0.14046,2.61637,7.42195,2
1379.7,0.14046,2.61635,7.42195,2
1379.8,0.14046,2.61634,7.42195,2
1379.9,0.14046,2.61633,7.42195,2
1380,0.14046,2.61632,7.42195,2
1380.1,0.14046,2.61631,7.42195,1
1380.2,0.14046,2.6163,7.42195,1
1380.3,0.14046,2.61629,7.42195,1
1380.4,0.14046,2.61628,7.42195,1
1380.5,0.14046,2.61627,7.42195,1
1380.6,0.14046,2.61626,7.42195,1
1380.7,0.14046,2.61624,7.42195,1
1380.8,0.14046,2.61623,7.42195,1
1380.9,0.14046,2.61622,7.42195,1
1381,0.14046,2.61621,7.42195,1
1381.1,0.14046,2.6162,7.42195,1
1381.2,0.14046,2.61619,7.42195,1
1381.3,0.14046,2.61618,7.42195,1
1381.4,0.14046,2.61617,7.42195,1
1381.5,0.14046,2.61616,7.42195,1
1381.6,0.14046,2.61615,7.42195,1
1381.7,0.14047,2.61614,7.42195,1
1381.8,0.14047,2.61613,7.42195,1
1381.9,0.14047,2.61612,7.42195,1
1382,0.14047,2.61611,7.42195,1
1382.1,0.14047,2.6161,7.42195,1
1382.2,0.14047,2.61609,7.42195,1
1382.3,0.14047,2.61608,7.42195,1
1382.4,0.14047,2.61607,7.42195,1
1382.5,0.14047,2.61606,7.42195,1
1382.6,0.14047,2.61605,7.42195,1
1382.7,0.14047,2.61604,7.42195,1
1382.8,0.14047,2.61603,7.42195,1
1382.9,0.14047,2.61602,7.42195,1
1383,0.14047,2.61602,7.42195,1
1383.1,0.14047,2.61601,7.42195,1
1383.2,0.14047,2.616,7.42195,1
1383.3,0.14047,2.61599,7.42195,1
1383.4,0.14047,2.61598,7.42195,1
1383.5,0.14047,2.61597,7.42195,1
1383.6,0.14047,2.61596,7.42195,1
1383.7,0.14047,2.61595,7.42195,1
1383.8,0.14047,2.61594,7.42195,1
1383.9,0.14047,2.61593,7.42195,1
1384,0.14047,2.61592,7.42195,1
1384.1,0.14047,2.61592,7.42195,1
1384.2,0.14047,2.61591,7.42195,1
1384.3,0.14047,2.6159,7.42195,1
1384.4,0.14047,2.61589,7.42195,1
1384.5,0.14047,2.61588,7.42195,1
1384.6,0.14047,2.61587,7.42195,1
1384.7,0.14047,2.61586,7.42195,1
1384.8,0.14047,2.61585,7.42195,1
1384.9,0.14047,2.61584,7.42195,1
1385,0.14047,2.61583,7.42195,1
1385.1,0.14047,2.61583,7.42195,1
1385.2,0.14047,2.61583,7.42195,1
1385.3,0.14047,2.61583,7.42195,1
1385.4,0.14047,2.61583,7.42195,1
1385.5,0.14047,2.61583,7.42195,1
1385.6,0.14047,2.61583,7.42195,1
1385.7,0.14046,2.61583,7.42195,1
1385.8,0.14046,2.61583,7.42195,1
1385.9,0.14046,2.61582,7.42195,1
1386,0.14046,2.61582,7.42195,1
1386.1,0.14046,2.61582,7.42195,1
1386.2,0.14046,2.61581,7.42195,1
1386.3,0.14046,2.61581,7.42195,1
1386.4,0.14046,2.6158,7.42195,1
1386.5,0.14046,2.6158,7.42195,1
1386.6,0.14046,2.61579,7.42195,1
1386.7,0.14046,2.61578,7.42195,1
1386.8,0.14046,2.61577,7.42195,1
1386.9,0.14046,2.61576,7.42195,1
1387,0.14046,2.61575,7.42195,1
1387.1,0.14046,2.61573,7.42195,1
1387.2,0.14046,2.61572,7.42195,1
1387.3,0.14046,2.61571,7.42195,1
1387.4,0.14046,2.6157,7.42195,1
1387.5,0.14046,2.61569,7.42195,1
1387.6,0.14046,2.61567,7.42195,1
1387.7,0.14046,2.61566,7.42195,1
1387.8,0.14046,2.61565,7.42195,1
1387.9,0.14046,2.61564,7.42195,1
1388,0.14046,2.61563,7.42195,1
1388.1,0.14046,2.61562,7.42195,1
1388.2,0.14046,2.6156,7.42195,1
1388.3,0.14046,2.61559,7.42195,1
1388.4,0.14046,2.61558,7.42195,1
1388.5,0.14046,2.61557,7.42195,1
1388.6,0.14046,2.61556,7.42195,1
1388.7,0.14046,2.61555,7.42195,1
1388.8,0.14046,2.61553,7.42195,1
1388.9,0.14046,2.61552,7.42195,1
1389,0.14046,2.61551,7.42195,1
1389.1,0.14046,2.6155,7.42195,1
1389.2,0.14046,2.61549,7.42195,1
1389.3,0.14046,2.61548,7.42195,1
1389.4,0.14045,2.61547,7.42195,1
1389.5,0.14045,2.61546,7.42195,1
1389.6,0.14045,2.61544,7.42195,1
1389.7,0.14045,2.61543,7.42195,1
1389.8,0.14045,2.61542,7.42195,1
1389.9,0.14045,2.61541,7.42195,1
1390,0.14044,2.61539,7.42195,1
1390.1,0.14044,2.61538,7.42195,1
1390.2,0.14044,2.61537,7.42195,1
1390.3,0.14044,2.61536,7.42195,1
1390.4,0.14044,2.61534,7.42195,1
1390.5,0.14044,2.61533,7.42195,1
1390.6,0.14044,2.61532,7.42195,1
1390.7,0.14043,2.61531,7.42195,1
1390.8,0.14043,2.61529,7.42195,1
1390.9,0.14043,2.61528,7.42195,1
1391,0.14043,2.61527,7.42195,1
1391.1,0.14043,2.61526,7.42195,1
1391.2,0.14043,2.61524,7.42195,1
1391.3,0.14043,2.61523,7.42195,1
1391.4,0.14042,2.61522,7.42195,1
1391.5,0.14042,2.61521,7.42195,1
1391.6,0.14042,2.61519,7.42195,1
1391.7,0.14042,2.61518,7.42195,1
1391.8,0.14042,2.61517,7.42195,1
1391.9,0.14042,2.61515,7.42195,1
1392,0.14042,2.61514,7.42195,1
1392.1,0.14041,2.61513,7.42195,1
1392.2,0.14041,2.61511,7.42195,1
1392.3,0.14041,2.6151,7.42195,1
1392.4,0.14041,2.61509,7.42195,1
1392.5,0.14041,2.61507,7.42195,1
1392.6,0.14041,2.61506,7.42195,1
1392.7,0.14041,2.61505,7.42195,1
1392.8,0.1404,2.61503,7.42195,1
1392.9,0.1404,2.61502,7.42195,1
1393,0.1404,2.61501,7.42195,1
1393.1,0.1404,2.61499,7.42195,1
1393.2,0.1404,2.61498,7.42195,1
1393.3,0.1404,2.61497,7.42195,1
1393.4,0.14039,2.61495,7.42195,1
1393.5,0.14039,2.61494,7.42195,1
1393.6,0.14039,2.61493,7.42195,1
1393.7,0.14039,2.61492,7.42195,1
1393.8,0.14039,2.6149,7.42195,1
1393.9,0.14039,2.61489,7.42195,1
1394,0.14039,2.61488,7.42195,1
1394.1,0.14038,2.61486,7.42196,1
1394.2,0.14038,2.61485,7.42196,1
1394.3,0.14038,2.61484,7.42196,1
1394.4,0.14038,2.61482,7.42196,1
1394.5,0.14038,2.61481,7.42196,1
1394.6,0.14038,2.6148,7.42196,1
1394.7,0.14037,2.61478,7.42196,1
1394.8,0.14037,2.61477,7.42196,1
1394.9,0.14037,2.61476,7.42196,1
1395,0.14037,2.61474,7.42196,1
1395.1,0.14037,2.61473,7.42196,1
1395.2,0.14037,2.61471,7.42196,1
1395.3,0.14037,2.6147,7.42196,1
1395.4,0.14036,2.61468,7.42196,1
1395.5,0.14036,2.61467,7.42196,1
1395.6,0.14036,2.61466,7.42196,1
1395.7,0.14036,2.61464,7.42196,1
1395.8,0.14036,2.61463,7.42196,1
1395.9,0.14036,2.61461,7.42196,1
1396,0.14035,2.6146,7.42196,1
1396.1,0.14035,2.61458,7.42196,1
1396.2,0.14035,2.61456,7.42196,1
1396.3,0.14035,2.61455,7.42196,1
1396.4,0.14035,2.61453,7.42196,1
1396.5,0.14035,2.61451,7.42196,1
1396.6,0.14034,2.6145,7.42196,1
1396.7,0.14034,2.61448,7.42196,1
1396.8,0.14034,2.61446,7.42196,1
1396.9,0.14034,2.61444,7.42196,1
1397,0.14034,2.61443,7.42196,1
1397.1,0.14034,2.61441,7.42196,1
1397.2,0.14034,2.61439,7.42196,1
1397.3,0.14033,2.61437,7.42196,1
1397.4,0.14033,2.61436,7.42196,1
1397.5,0.14033,2.61434,7.42196,1
1397.6,0.14033,2.61432,7.42196,1
1397.7,0.14033,2.61431,7.42196,1
1397.8,0.14033,2.61429,7.42196,1
1397.9,0.14032,2.61428,7.42196,1
1398,0.14032,2.61426,7.42196,1
1398.1,0.14032,2.61424,7.42196,1
1398.2,0.14032,2.61422,7.42196,1
1398.3,0.14032,2.61421,7.42196,1
1398.4,0.14032,2.61419,7.42196,1
1398.5,0.14031,2.61417,7.42196,1
1398.6,0.14031,2.61416,7.42196,1
1398.7,0.14031,2.61414,7.42196,1
1398.8,0.14031,2.61413,7.42196,1
1398.9,0.14031,2.61411,7.42196,1
1399,0.14031,2.6141,7.42196,1
1399.1,0.1403,2.61408,7.42196,1
1399.2,0.1403,2.61406,7.42196,1
1399.3,0.1403,2.61405,7.42196,1
1399.4,0.1403,2.61403,7.42196,1
1399.5,0.1403,2.61401,7.42196,1
1399.6,0.1403,2.614,7.42196,1
1399.7,0.14029,2.61398,7.42196,1
1399.8,0.14029,2.61396,7.42196,1
1399.9,0.14029,2.61395,7.42196,1
1400,0.14029,2.61393,7.42196,1
1400.1,0.14029,2.61391,7.42196,1
1400.2,0.14029,2.6139,7.42196,1
1400.3,0.14028,2.61388,7.42196,1
1400.4,0.14028,2.61386,7.42196,1
1400.5,0.14028,2.61385,7.42196,1
1400.6,0.14028,2.61383,7.42196,1
1400.7,0.14028,2.61382,7.42197,1
1400.8,0.14028,2.6138,7.42197,1
1400.9,0.14027,2.61378,7.42197,1
1401,0.14027,2.61377,7.42197,1
1401.1,0.14027,2.61375,7.42197,1
1401.2,0.14027,2.61374,7.42197,1
1401.3,0.14027,2.61372,7.42197,1
1401.4,0.14026,2.61371,7.42197,1
1401.5,0.14026,2.61369,7.42197,1
1401.6,0.14026,2.61368,7.42197,1
1401.7,0.14026,2.61366,7.42197,1
1401.8,0.14026,2.61365,7.42197,1
1401.9,0.14026,2.61363,7.42197,1
1402,0.14025,2.61362,7.42197,1
1402.1,0.14025,2.6136,7.42197,1
1402.2,0.14025,2.61359,7.42197,1
1402.3,0.14025,2.61357,7.42197,1
1402.4,0.14025,2.61356,7.42197,1
1402.5,0.14025,2.61355,7.42197,1
1402.6,0.14024,2.61353,7.42197,1
1402.7,0.14024,2.61352,7.42197,1
1402.8,0.14024,2.61351,7.42197,1
1402.9,0.14024,2.61349,7.42197,1
1403,0.14024,2.61348,7.42197,1
1403.1,0.14024,2.61347,7.42197,1
1403.2,0.14023,2.61345,7.42197,1
1403.3,0.14023,2.61344,7.42197,1
1403.4,0.14023,2.61343,7.42197,1
1403.5,0.14023,2.61341,7.42197,1
1403.6,0.14023,2.6134,7.42197,1
1403.7,0.14023,2.61338,7.42197,1
1403.8,0.14022,2.61337,7.42197,1
1403.9,0.14022,2.61336,7.42197,1
1404,0.14022,2.61334,7.42197,1
1404.1,0.14022,2.61333,7.42197,1
1404.2,0.14022,2.61332,7.42197,1
1404.3,0.14022,2.61331,7.42197,1
1404.4,0.14021,2.61329,7.42197,1
1404.5,0.14021,2.61328,7.42197,1
1404.6,0.14021,2.61327,7.42197,1
1404.7,0.14021,2.61325,7.42197,1
1404.8,0.14021,2.61324,7.42197,1
1404.9,0.14021,2.61322,7.42197,1
1405,0.1402,2.61321,7.42197,1
1405.1,0.1402,2.61319,7.42197,1
1405.2,0.1402,2.61318,7.42197,1
1405.3,0.1402,2.61316,7.42197,1
1405.4,0.1402,2.61315,7.42197,1
1405.5,0.14019,2.61313,7.42197,1
1405.6,0.14019,2.61312,7.42197,1
1405.7,0.14019,2.61311,7.42197,1
1405.8,0.14019,2.61309,7.42197,1
1405.9,0.14019,2.61308,7.42197,1
1406,0.14019,2.61306,7.42197,1
1406.1,0.14018,2.61305,7.42197,1
1406.2,0.14018,2.61303,7.42197,1
1406.3,0.14018,2.61302,7.42198,1
1406.4,0.14018,2.613,7.42198,1
1406.5,0.14018,2.61299,7.42198,1
1406.6,0.14017,2.61297,7.42198,1
1406.7,0.14017,2.61296,7.42198,1
1406.8,0.14017,2.61294,7.42198,1
1406.9,0.14017,2.61293,7.42198,1
1407,0.14017,2.61291,7.42198,1
1407.1,0.14017,2.6129,7.42198,1
1407.2,0.14016,2.61289,7.42198,1
1407.3,0.14016,2.61287,7.42198,1
1407.4,0.14016,2.61286,7.42198,1
1407.5,0.14016,2.61285,7.42198,1
1407.6,0.14016,2.61284,7.42198,1
1407.7,0.14016,2.61283,7.42198,1
1407.8,0.14015,2.61282,7.42198,1
1407.9,0.14015,2.61281,7.42198,1
1408,0.14015,2.6128,7.42198,1
1408.1,0.14015,2.61279,7.42198,1
1408.2,0.14015,2.61278,7.42198,1
1408.3,0.14015,2.61277,7.42198,1
1408.4,0.14014,2.61276,7.42198,1
1408.5,0.14014,2.61275,7.42199,1
1408.6,0.14014,2.61273,7.42199,1
1408.7,0.14014,2.61272,7.42199,1
1408.8,0.14014,2.61271,7.42199,1
1408.9,0.14014,2.6127,7.42199,1
1409,0.14013,2.61268,7.42199,1
1409.1,0.14013,2.61267,7.42199,1
1409.2,0.14013,2.61266,7.42199,1
1409.3,0.14013,2.61264,7.42199,1
1409.4,0.14013,2.61263,7.42199,1
1409.5,0.14012,2.61261,7.42199,1
1409.6,0.14012,2.6126,7.42199,1
1409.7,0.14012,2.61259,7.42199,1
1409.8,0.14012,2.61257,7.42199,1
1409.9,0.14012,2.61256,7.42199,1
1410,0.14012,2.61254,7.42199,1
1410.1,0.14011,2.61253,7.422,1
1410.2,0.14011,2.61252,7.422,1
1410.3,0.14011,2.6125,7.422,1
1410.4,0.14011,2.61249,7.422,1
1410.5,0.14011,2.61247,7.422,1
1410.6,0.14011,2.61246,7.422,1
1410.7,0.1401,2.61244,7.422,1
1410.8,0.1401,2.61243,7.422,1
1410.9,0.1401,2.61241,7.422,1
1411,0.1401,2.6124,7.422,1
1411.1,0.1401,2.61238,7.422,1
1411.2,0.1401,2.61237,7.422,1
1411.3,0.14009,2.61235,7.422,1
1411.4,0.14009,2.61234,7.422,1
1411.5,0.14009,2.61232,7.422,1
1411.6,0.14009,2.6123,7.422,1
1411.7,0.14009,2.61229,7.42201,1
1411.8,0.14009,2.61227,7.42201,1
1411.9,0.14008,2.61226,7.42201,1
1412,0.14008,2.61224,7.42201,1
1412.1,0.14008,2.61222,7.42201,1
1412.2,0.14008,2.61221,7.42201,1
1412.3,0.14008,2.61219,7.42201,1
1412.4,0.14008,2.61218,7.42201,1
1412.5,0.14007,2.61216,7.42201,1
1412.6,0.14007,2.61214,7.42201,1
1412.7,0.14007,2.61213,7.42201,1
1412.8,0.14007,2.61211,7.42201,1
1412.9,0.14007,2.6121,7.42201,1
1413,0.14007,2.61208,7.42201,1
1413.1,0.14006,2.61206,7.42201,1
1413.2,0.14006,2.61205,7.42201,1
1413.3,0.14006,2.61203,7.42201,1
1413.4,0.14006,2.61202,7.42202,1
1413.5,0.14006,2.612,7.42202,1
1413.6,0.14005,2.61199,7.42202,1
1413.7,0.14005,2.61198,7.42202,1
1413.8,0.14005,2.61196,7.42202,1
1413.9,0.14005,2.61195,7.42202,1
1414,0.14005,2.61193,7.42202,1
1414.1,0.14005,2.61192,7.42202,1
1414.2,0.14004,2.6119,7.42202,1
1414.3,0.14004,2.61189,7.42202,1
1414.4,0.14004,2.61187,7.42202,1
1414.5,0.14004,2.61186,7.42202,1
1414.6,0.14004,2.61184,7.42202,1
1414.7,0.14003,2.61182,7.42202,1
1414.8,0.14003,2.61181,7.42202,1
1414.9,0.14003,2.61179,7.42202,1
1415,0.14003,2.61177,7.42203,1
1415.1,0.14003,2.61176,7.42203,1
1415.2,0.14003,2.61174,7.42203,1
1415.3,0.14002,2.61172,7.42203,1
1415.4,0.14002,2.6117,7.42203,1
1415.5,0.14002,2.61169,7.42203,1
1415.6,0.14002,2.61167,7.42203,1
1415.7,0.14002,2.61165,7.42203,1
1415.8,0.14002,2.61163,7.42203,1
1415.9,0.14001,2.61162,7.42203,1
1416,0.14001,2.6116,7.42203,1
1416.1,0.14001,2.61158,7.42203,1
1416.2,0.14001,2.61156,7.42203,1
1416.3,0.14001,2.61154,7.42203,1
1416.4,0.14001,2.61152,7.42203,1
1416.5,0.14,2.6115,7.42203,1
1416.6,0.14,2.61149,7.42203,1
1416.7,0.14,2.61147,7.42204,1
1416.8,0.14,2.61145,7.42204,1
1416.9,0.14,2.61143,7.42204,1
1417,0.13999,2.61141,7.42204,1
1417.1,0.13999,2.61139,7.42204,1
1417.2,0.13999,2.61137,7.42204,1
1417.3,0.13999,2.61136,7.42204,1
1417.4,0.13999,2.61134,7.42204,1
1417.5,0.13999,2.61133,7.42204,1
1417.6,0.13998,2.61132,7.42204,1
1417.7,0.13998,2.61131,7.42204,1
1417.8,0.13998,2.61129,7.42204,1
1417.9,0.13998,2.61128,7.42204,1
1418,0.13998,2.61126,7.42204,1
1418.1,0.13997,2.61124,7.42204,1
1418.2,0.13997,2.61122,7.42204,1
1418.3,0.13997,2.6112,7.42204,1
1418.4,0.13997,2.61118,7.42205,1
1418.5,0.13997,2.61116,7.42205,1
1418.6,0.13997,2.61114,7.42205,1
1418.7,0.13996,2.61112,7.42205,1
1418.8,0.13996,2.6111,7.42205,1
1418.9,0.13996,2.61108,7.42205,1
1419,0.13996,2.61106,7.42205,1
1419.1,0.13996,2.61104,7.42205,1
1419.2,0.13996,2.61102,7.42205,1
1419.3,0.13995,2.61099,7.42205,1
1419.4,0.13995,2.61097,7.42205,1
1419.5,0.13995,2.61095,7.42205,1
1419.6,0.13995,2.61093,7.42205,1
1419.7,0.13995,2.61091,7.42205,1
1419.8,0.13995,2.61088,7.42205,1
1419.9,0.13994,2.61086,7.42205,1
1420,0.13994,2.61084,7.42205,1
1420.1,0.13994,2.61082,7.42206,1
1420.2,0.13994,2.6108,7.42206,1
1420.3,0.13994,2.61078,7.42206,1
1420.4,0.13994,2.61075,7.42206,1
1420.5,0.13993,2.61073,7.42206,1
1420.6,0.13993,2.61071,7.42206,1
1420.7,0.13993,2.61069,7.42206,1
1420.8,0.13993,2.61066,7.42206,1
1420.9,0.13993,2.61064,7.42206,1
1421,0.13993,2.61062,7.42206,1
1421.1,0.13992,2.6106,7.42206,1
1421.2,0.13992,2.61058,7.42206,1
1421.3,0.13992,2.61055,7.42206,1
1421.4,0.13992,2.61053,7.42206,1
1421.5,0.13992,2.61051,7.42206,1
1421.6,0.13992,2.61049,7.42206,1
1421.7,0.13991,2.61046,7.42206,1
1421.8,0.13991,2.61044,7.42206,1
1421.9,0.13991,2.61042,7.42207,1
1422,0.13991,2.6104,7.42207,1
1422.1,0.13991,2.61037,7.42207,1
1422.2,0.13991,2.61035,7.42207,1
1422.3,0.1399,2.61033,7.42207,1
1422.4,0.1399,2.61031,7.42207,1
1422.5,0.1399,2.61028,7.42207,1
1422.6,0.1399,2.61026,7.42207,1
1422.7,0.1399,2.61023,7.42207,1
1422.8,0.1399,2.61021,7.42207,1
1422.9,0.1399,2.61019,7.42207,1
1423,0.13989,2.61016,7.42207,1
1423.1,0.13989,2.61014,7.42207,1
1423.2,0.13989,2.61011,7.42207,1
1423.3,0.13989,2.61009,7.42207,1
1423.4,0.13989,2.61007,7.42207,1
1423.5,0.13989,2.61004,7.42208,1
1423.6,0.13988,2.61002,7.42208,1
1423.7,0.13988,2.61,7.42208,1
1423.8,0.13988,2.60997,7.42208,1
1423.9,0.13988,2.60994,7.42208,1
1424,0.13988,2.60992,7.42208,1
1424.1,0.13988,2.60989,7.42208,1
1424.2,0.13988,2.60986,7.42208,1
1424.3,0.13987,2.60984,7.42208,1
1424.4,0.13987,2.60981,7.42208,1
1424.5,0.13987,2.60978,7.42208,1
1424.6,0.13987,2.60976,7.42208,1
1424.7,0.13987,2.60973,7.42208,1
1424.8,0.13987,2.6097,7.42208,1
1424.9,0.13986,2.60968,7.42208,1
1425,0.13986,2.60965,7.42208,1
1425.1,0.13986,2.60962,7.42209,1
1425.2,0.13986,2.6096,7.42209,1
1425.3,0.13986,2.60957,7.42209,1
1425.4,0.13986,2.60955,7.42209,1
1425.5,0.13986,2.60952,7.42209,1
1425.6,0.13985,2.60949,7.42209,1
1425.7,0.13985,2.60947,7.42209,1
1425.8,0.13985,2.60944,7.42209,1
1425.9,0.13985,2.60942,7.42209,1
1426,0.13985,2.60939,7.42209,1
1426.1,0.13985,2.60936,7.42209,1
1426.2,0.13985,2.60934,7.42209,1
1426.3,0.13984,2.60931,7.42209,1
1426.4,0.13984,2.60929,7.42209,1
1426.5,0.13984,2.60926,7.42209,1
1426.6,0.13984,2.60923,7.42209,1
1426.7,0.13984,2.60921,7.42209,1
1426.8,0.13984,2.60918,7.4221,1
1426.9,0.13984,2.60916,7.4221,1
1427,0.13983,2.60913,7.4221,1
1427.1,0.13983,2.60911,7.4221,1
1427.2,0.13983,2.60908,7.4221,1
1427.3,0.13983,2.60906,7.4221,1
1427.4,0.13983,2.60903,7.4221,1
1427.5,0.13983,2.60901,7.4221,1
1427.6,0.13982,2.60898,7.4221,1
1427.7,0.13982,2.60896,7.4221,1
1427.8,0.13982,2.60893,7.4221,1
1427.9,0.13982,2.60891,7.4221,1
1428,0.13982,2.60888,7.4221,1
1428.1,0.13982,2.60885,7.4221,1
1428.2,0.13982,2.60883,7.42211,1
1428.3,0.13981,2.6088,7.42211,1
1428.4,0.13981,2.60878,7.42211,1
1428.5,0.13981,2.60876,7.42211,1
1428.6,0.13981,2.60873,7.42211,1
1428.7,0.13981,2.60871,7.42211,1
1428.8,0.13981,2.60868,7.42211,1
1428.9,0.13981,2.60865,7.42211,1
1429,0.1398,2.60863,7.42211,1
1429.1,0.1398,2.6086,7.42211,1
1429.2,0.1398,2.60858,7.42211,1
1429.3,0.1398,2.60855,7.42211,1
1429.4,0.1398,2.60853,7.42211,1
1429.5,0.1398,2.6085,7.42212,1
1429.6,0.1398,2.60848,7.42212,1
1429.7,0.13979,2.60845,7.42212,1
1429.8,0.13979,2.60843,7.42212,1
1429.9,0.13979,2.6084,7.42212,1
1430,0.13979,2.60838,7.42212,1
1430.1,0.13979,2.60835,7.42212,1
1430.2,0.13979,2.60833,7.42212,1
1430.3,0.13979,2.60831,7.42212,1
1430.4,0.13979,2.60828,7.42212,1
1430.5,0.13978,2.60826,7.42212,1
1430.6,0.13978,2.60824,7.42212,1
1430.7,0.13978,2.60821,7.42212,1
1430.8,0.13978,2.60819,7.42213,1
1430.9,0.13978,2.60817,7.42213,1
1431,0.13978,2.60814,7.42213,1
1431.1,0.13978,2.60812,7.42213,1
1431.2,0.13978,2.6081,7.42213,1
1431.3,0.13977,2.60807,7.42213,1
1431.4,0.13977,2.60805,7.42213,1
1431.5,0.13977,2.60803,7.42213,1
1431.6,0.13977,2.608,7.42213,1
1431.7,0.13977,2.60798,7.42213,1
1431.8,0.13977,2.60796,7.42213,1
1431.9,0.13977,2.60793,7.42214,1
1432,0.13976,2.60791,7.42214,1
1432.1,0.13976,2.60789,7.42214,1
1432.2,0.13976,2.60787,7.42214,1
1432.3,0.13976,2.60784,7.42214,1
1432.4,0.13976,2.60782,7.42214,1
1432.5,0.13976,2.6078,7.42214,1
1432.6,0.13976,2.60778,7.42214,1
1432.7,0.13976,2.60776,7.42214,1
1432.8,0.13975,2.60774,7.42214,1
1432.9,0.13975,2.60772,7.42215,1
1433,0.13975,2.60769,7.42215,1
1433.1,0.13975,2.60767,7.42215,1
1433.2,0.13975,2.60765,7.42215,1
1433.3,0.13975,2.60763,7.42215,1
1433.4,0.13975,2.60761,7.42215,1
1433.5,0.13975,2.60759,7.42215,1
1433.6,0.13975,2.60757,7.42215,1
1433.7,0.13974,2.60755,7.42215,1
1433.8,0.13974,2.60753,7.42215,1
1433.9,0.13974,2.6075,7.42216,1
1434,0.13974,2.60748,7.42216,1
1434.1,0.13974,2.60746,7.42216,1
1434.2,0.13974,2.60744,7.42216,1
1434.3,0.13974,2.60742,7.42216,1
1434.4,0.13974,2.6074,7.42216,1
1434.5,0.13974,2.60737,7.42216,1
1434.6,0.13973,2.60735,7.42216,1
1434.7,0.13973,2.60733,7.42216,1
1434.8,0.13973,2.60731,7.42216,1
1434.9,0.13973,2.60729,7.42217,1
1435,0.13973,2.60727,7.42217,1
1435.1,0.13973,2.60725,7.42217,1
1435.2,0.13973,2.60723,7.42217,1
1435.3,0.13973,2.60721,7.42217,1
1435.4,0.13973,2.6072,7.42217,1
1435.5,0.13972,2.60718,7.42217,1
1435.6,0.13972,2.60716,7.42217,1
1435.7,0.13972,2.60714,7.42217,1
1435.8,0.13972,2.60712,7.42217,1
1435.9,0.13972,2.6071,7.42218,1
1436,0.13972,2.60708,7.42218,1
1436.1,0.13972,2.60706,7.42218,1
1436.2,0.13972,2.60704,7.42218,1
1436.3,0.13972,2.60702,7.42218,1
1436.4,0.13971,2.607,7.42218,1
1436.5,0.13971,2.60698,7.42218,1
1436.6,0.13971,2.60696,7.42218,1
1436.7,0.13971,2.60694,7.42218,1
1436.8,0.13971,2.60693,7.42218,1
1436.9,0.13971,2.60691,7.42219,1
1437,0.13971,2.60689,7.42219,1
1437.1,0.13971,2.60687,7.42219,1
1437.2,0.13971,2.60685,7.42219,1
1437.3,0.13971,2.60683,7.42219,1
1437.4,0.13971,2.60681,7.42219,1
1437.5,0.1397,2.6068,7.42219,1
1437.6,0.1397,2.60678,7.42219,1
1437.7,0.1397,2.60676,7.42219,1
1437.8,0.1397,2.60674,7.42219,1
1437.9,0.1397,2.60673,7.4222,1
1438,0.1397,2.60671,7.4222,1
1438.1,0.1397,2.60669,7.4222,1
1438.2,0.1397,2.60667,7.4222,1
1438.3,0.1397,2.60666,7.4222,1
1438.4,0.1397,2.60664,7.4222,1
1438.5,0.1397,2.60663,7.4222,1
1438.6,0.13969,2.60661,7.4222,1
1438.7,0.13969,2.60659,7.4222,1
1438.8,0.13969,2.60657,7.4222,1
1438.9,0.13969,2.60656,7.4222,1
1439,0.13969,2.60654,7.42221,1
1439.1,0.13969,2.60652,7.42221,1
1439.2,0.13969,2.60651,7.42221,1
1439.3,0.13969,2.60649,7.42221,1
1439.4,0.13969,2.60647,7.42221,1
1439.5,0.13969,2.60646,7.42221,1
1439.6,0.13968,2.60644,7.42221,1
1439.7,0.13968,2.60643,7.42221,1
1439.8,0.13968,2.60641,7.42221,1
1439.9,0.13968,2.60639,7.42221,1
1440,0.13968,2.60637,7.42222,1
1440.1,0.13968,2.60635,7.42222,1
1440.2,0.13968,2.60634,7.42222,1
1440.3,0.13968,2.60632,7.42222,1
1440.4,0.13968,2.6063,7.42222,1
1440.5,0.13968,2.60628,7.42222,1
1440.6,0.13968,2.60627,7.42222,1
1440.7,0.13967,2.60625,7.42222,1
1440.8,0.13967,2.60623,7.42222,1
1440.9,0.13967,2.60621,7.42222,1
1441,0.13967,2.60619,7.42222,1
1441.1,0.13967,2.60618,7.42222,1
1441.2,0.13967,2.60616,7.42223,1
1441.3,0.13967,2.60615,7.42223,1
1441.4,0.13967,2.60613,7.42223,1
1441.5,0.13967,2.60611,7.42223,1
1441.6,0.13967,2.6061,7.42223,1
1441.7,0.13967,2.60608,7.42223,1
1441.8,0.13967,2.60607,7.42223,1
1441.9,0.13966,2.60605,7.42223,1
1442,0.13966,2.60604,7.42223,1
1442.1,0.13966,2.60602,7.42223,1
1442.2,0.13966,2.60601,7.42223,1
1442.3,0.13966,2.60599,7.42223,1
1442.4,0.13966,2.60598,7.42224,1
1442.5,0.13966,2.60596,7.42224,1
1442.6,0.13966,2.60594,7.42224,1
1442.7,0.13966,2.60593,7.42224,1
1442.8,0.13966,2.60592,7.42224,1
1442.9,0.13966,2.6059,7.42224,1
1443,0.13966,2.60589,7.42224,1
1443.1,0.13966,2.60587,7.42224,1
1443.2,0.13966,2.60586,7.42224,1
1443.3,0.13965,2.60584,7.42224,1
1443.4,0.13965,2.60583,7.42224,1
1443.5,0.13965,2.60581,7.42224,1
1443.6,0.13965,2.6058,7.42225,1
1443.7,0.13965,2.60578,7.42225,1
1443.8,0.13965,2.60577,7.42225,1
1443.9,0.13965,2.60575,7.42225,1
1444,0.13965,2.60574,7.42225,1
1444.1,0.13965,2.60573,7.42225,1
1444.2,0.13965,2.60571,7.42225,1
1444.3,0.13965,2.60569,7.42225,1
1444.4,0.13965,2.60568,7.42225,1
1444.5,0.13965,2.60566,7.42225,1
1444.6,0.13965,2.60565,7.42225,1
1444.7,0.13965,2.60564,7.42225,1
1444.8,0.13964,2.60562,7.42225,1
1444.9,0.13964,2.6056,7.42226,1
1445,0.13964,2.60559,7.42226,1
1445.1,0.13964,2.60557,7.42226,1
1445.2,0.13964,2.60556,7.42226,1
1445.3,0.13964,2.60554,7.42226,1
1445.4,0.13964,2.60553,7.42226,1
1445.5,0.13964,2.60551,7.42226,1
1445.6,0.13964,2.6055,7.42226,1
1445.7,0.13964,2.60548,7.42226,1
1445.8,0.13964,2.60547,7.42226,1
1445.9,0.13964,2.60546,7.42226,1
1446,0.13964,2.60544,7.42226,1
1446.1,0.13964,2.60543,7.42226,1
1446.2,0.13964,2.60541,7.42227,1
1446.3,0.13964,2.6054,7.42227,1
1446.4,0.13964,2.60538,7.42227,1
1446.5,0.13964,2.60536,7.42227,1
1446.6,0.13963,2.60534,7.42227,1
1446.7,0.13963,2.60532,7.42227,1
1446.8,0.13963,2.60531,7.42227,1
1446.9,0.13963,2.60529,7.42227,1
1447,0.13963,2.60528,7.42227,1
1447.1,0.13963,2.60526,7.42227,1
1447.2,0.13963,2.60525,7.42227,1
1447.3,0.13963,2.60523,7.42227,1
1447.4,0.13963,2.60522,7.42227,1
1447.5,0.13963,2.6052,7.42227,1
1447.6,0.13963,2.60518,7.42228,1
1447.7,0.13963,2.60517,7.42228,1
1447.8,0.13963,2.60515,7.42228,1
1447.9,0.13963,2.60514,7.42228,1
1448,0.13963,2.60512,7.42228,1
1448.1,0.13963,2.6051,7.42228,1
1448.2,0.13963,2.60509,7.42228,1
1448.3,0.13963,2.60507,7.42228,1
1448.4,0.13963,2.60506,7.42228,1
1448.5,0.13963,2.60504,7.42228,1
1448.6,0.13963,2.60502,7.42228,1
1448.7,0.13962,2.60501,7.42228,1
1448.8,0.13962,2.60499,7.42228,1
1448.9,0.13962,2.60498,7.42228,1
1449,0.13962,2.60496,7.42228,1
1449.1,0.13962,2.60494,7.42229,1
1449.2,0.13962,2.60493,7.42229,1
1449.3,0.13962,2.60491,7.42229,1
1449.4,0.13962,2.6049,7.42229,1
1449.5,0.13962,2.60488,7.42229,1
1449.6,0.13962,2.60487,7.42229,1
1449.7,0.13962,2.60485,7.42229,1
1449.8,0.13962,2.60484,7.42229,1
1449.9,0.13962,2.60482,7.42229,1
1450,0.13962,2.60481,7.42229,1
1450.1,0.13962,2.6048,7.42229,1
1450.2,0.13962,2.60478,7.42229,1
1450.3,0.13962,2.60477,7.42229,1
1450.4,0.13962,2.60475,7.42229,1
1450.5,0.13962,2.60474,7.42229,1
1450.6,0.13962,2.60473,7.42229,1
1450.7,0.13962,2.60471,7.4223,1
1450.8,0.13962,2.6047,7.4223,1
1450.9,0.13962,2.60468,7.4223,1
1451,0.13962,2.60467,7.4223,1
1451.1,0.13962,2.60466,7.4223,1
1451.2,0.13962,2.60464,7.4223,1
1451.3,0.13961,2.60463,7.4223,1
1451.4,0.13961,2.60461,7.4223,1
1451.5,0.13961,2.6046,7.4223,1
1451.6,0.13961,2.60459,7.4223,1
1451.7,0.13961,2.60458,7.4223,1
1451.8,0.13961,2.60457,7.4223,1
1451.9,0.13961,2.60456,7.4223,1
1452,0.13961,2.60455,7.4223,1
1452.1,0.13961,2.60454,7.4223,1
1452.2,0.13961,2.60453,7.4223,1
1452.3,0.13961,2.60452,7.4223,1
1452.4,0.13961,2.60451,7.4223,1
1452.5,0.13961,2.6045,7.42231,1
1452.6,0.13961,2.60449,7.42231,1
1452.7,0.13961,2.60448,7.42231,1
1452.8,0.13961,2.60448,7.42231,1
1452.9,0.13961,2.60447,7.42231,1
1453,0.13961,2.60446,7.42231,1
1453.1,0.13961,2.60445,7.42231,1
1453.2,0.13961,2.60445,7.42231,1
1453.3,0.13961,2.60444,7.42231,1
1453.4,0.13961,2.60443,7.42231,1
1453.5,0.13961,2.60442,7.42231,1
1453.6,0.13961,2.60442,7.42231,1
1453.7,0.13961,2.60441,7.42231,1
1453.8,0.13961,2.60441,7.42231,1
1453.9,0.13961,2.6044,7.42231,1
1454,0.13961,2.60439,7.42231,1
1454.1,0.13961,2.60439,7.42232,1
1454.2,0.13961,2.60438,7.42232,1
1454.3,0.13961,2.60438,7.42232,1
1454.4,0.13961,2.60437,7.42232,1
1454.5,0.13961,2.60437,7.42232,1
1454.6,0.13961,2.60436,7.42232,1
1454.7,0.13961,2.60436,7.42232,1
1454.8,0.13961,2.60435,7.42232,1
1454.9,0.13961,2.60435,7.42232,1
1455,0.1396,2.60434,7.42232,1
1455.1,0.1396,2.60433,7.42232,1
1455.2,0.1396,2.60433,7.42232,1
1455.3,0.1396,2.60432,7.42232,1
1455.4,0.1396,2.60432,7.42232,1
1455.5,0.1396,2.60431,7.42232,1
1455.6,0.1396,2.60431,7.42232,1
1455.7,0.1396,2.6043,7.42232,1
1455.8,0.1396,2.6043,7.42232,1
1455.9,0.1396,2.60429,7.42232,1
1456,0.1396,2.60429,7.42232,1
1456.1,0.1396,2.60428,7.42232,1
1456.2,0.1396,2.60428,7.42233,1
1456.3,0.1396,2.60427,7.42233,1
1456.4,0.1396,2.60427,7.42233,1
1456.5,0.1396,2.60426,7.42233,1
1456.6,0.1396,2.60426,7.42233,1
1456.7,0.1396,2.60426,7.42233,1
1456.8,0.1396,2.60425,7.42233,1
1456.9,0.1396,2.60425,7.42233,1
1457,0.1396,2.60425,7.42233,1
1457.1,0.1396,2.60424,7.42233,1
1457.2,0.1396,2.60424,7.42233,1
1457.3,0.1396,2.60424,7.42233,1
1457.4,0.1396,2.60423,7.42233,1
1457.5,0.1396,2.60423,7.42233,1
1457.6,0.1396,2.60422,7.42233,1
1457.7,0.1396,2.60421,7.42233,1
1457.8,0.1396,2.60421,7.42233,1
1457.9,0.1396,2.6042,7.42233,1
1458,0.1396,2.6042,7.42233,1
1458.1,0.1396,2.60419,7.42233,1
1458.2,0.1396,2.60418,7.42233,1
1458.3,0.1396,2.60417,7.42233,1
1458.4,0.1396,2.60417,7.42234,1
1458.5,0.1396,2.60416,7.42234,1
1458.6,0.1396,2.60415,7.42234,1
1458.7,0.1396,2.60414,7.42234,1
1458.8,0.1396,2.60413,7.42234,1
1458.9,0.1396,2.60413,7.42234,1
1459,0.1396,2.60412,7.42234,1
1459.1,0.1396,2.60411,7.42234,1
1459.2,0.1396,2.60411,7.42234,1
1459.3,0.1396,2.6041,7.42234,1
1459.4,0.1396,2.60409,7.42234,1
1459.5,0.1396,2.60408,7.42234,1
1459.6,0.1396,2.60407,7.42234,1
1459.7,0.1396,2.60406,7.42234,1
1459.8,0.1396,2.60406,7.42234,1
1459.9,0.1396,2.60405,7.42234,1
1460,0.1396,2.60404,7.42234,1
1460.1,0.1396,2.60403,7.42234,1
1460.2,0.1396,2.60403,7.42234,1
1460.3,0.1396,2.60402,7.42234,1
1460.4,0.1396,2.60401,7.42234,1
1460.5,0.1396,2.604,7.42234,1
1460.6,0.1396,2.604,7.42234,1
1460.7,0.1396,2.60399,7.42234,1
1460.8,0.1396,2.60399,7.42235,1
1460.9,0.13959,2.60398,7.42235,1
1461,0.13959,2.60397,7.42235,1
1461.1,0.13959,2.60397,7.42235,1
1461.2,0.13959,2.60396,7.42235,1
1461.3,0.13959,2.60395,7.42235,1
1461.4,0.13959,2.60395,7.42235,1
1461.5,0.13959,2.60394,7.42235,1
1461.6,0.13959,2.60394,7.42235,1
1461.7,0.13959,2.60393,7.42235,1
1461.8,0.13959,2.60392,7.42235,1
1461.9,0.13959,2.60392,7.42235,1
1462,0.13959,2.60391,7.42235,1
1462.1,0.13959,2.6039,7.42235,1
1462.2,0.13959,2.6039,7.42235,1
1462.3,0.13959,2.60389,7.42235,1
1462.4,0.13959,2.60388,7.42235,1
1462.5,0.13959,2.60387,7.42235,1
1462.6,0.13959,2.60387,7.42235,1
1462.7,0.13959,2.60386,7.42235,1
1462.8,0.13959,2.60385,7.42235,1
1462.9,0.13959,2.60385,7.42235,1
1463,0.13959,2.60384,7.42235,1
1463.1,0.13959,2.60383,7.42235,1
1463.2,0.13959,2.60383,7.42235,1
1463.3,0.13959,2.60382,7.42235,1
1463.4,0.13959,2.60381,7.42235,1
1463.5,0.13959,2.60381,7.42236,1
1463.6,0.13959,2.6038,7.42236,1
1463.7,0.13959,2.60379,7.42236,1
1463.8,0.13959,2.60379,7.42236,1
1463.9,0.13959,2.60378,7.42236,1
1464,0.13959,2.60377,7.42236,1
1464.1,0.13959,2.60376,7.42236,1
1464.2,0.13959,2.60376,7.42236,1
1464.3,0.13959,2.60375,7.42236,1
1464.4,0.13959,2.60374,7.42236,1
1464.5,0.13959,2.60373,7.42236,1
1464.6,0.13959,2.60373,7.42236,1
1464.7,0.13959,2.60372,7.42236,1
1464.8,0.13959,2.60371,7.42236,1
1464.9,0.13959,2.6037,7.42236,1
1465,0.13959,2.6037,7.42236,1
1465.1,0.13959,2.60369,7.42236,1
1465.2,0.13959,2.60368,7.42236,1
1465.3,0.13959,2.60367,7.42236,1
1465.4,0.13959,2.60366,7.42236,1
1465.5,0.13959,2.60366,7.42236,1
1465.6,0.13959,2.60365,7.42236,1
1465.7,0.13959,2.60364,7.42236,1
1465.8,0.13959,2.60364,7.42236,1
1465.9,0.13959,2.60363,7.42236,1
1466,0.13959,2.60362,7.42236,1
1466.1,0.13959,2.60362,7.42236,1
1466.2,0.13959,2.60361,7.42236,1
1466.3,0.13959,2.6036,7.42236,1
1466.4,0.13959,2.6036,7.42236,1
1466.5,0.13959,2.60359,7.42236,1
1466.6,0.13959,2.60358,7.42236,1
1466.7,0.13959,2.60357,7.42236,1
1466.8,0.13959,2.60356,7.42236,1
1466.9,0.13959,2.60356,7.42236,1
1467,0.13959,2.60355,7.42236,1
1467.1,0.13959,2.60354,7.42236,1
1467.2,0.13959,2.60353,7.42236,1
1467.3,0.13959,2.60352,7.42236,1
1467.4,0.13959,2.60351,7.42236,1
1467.5,0.13959,2.6035,7.42236,1
1467.6,0.13959,2.60349,7.42236,1
1467.7,0.13959,2.60349,7.42236,1
1467.8,0.13959,2.60348,7.42236,1
1467.9,0.13959,2.60347,7.42236,1
1468,0.13959,2.60346,7.42236,1
1468.1,0.13959,2.60345,7.42236,1
1468.2,0.13959,2.60344,7.42236,1
1468.3,0.13959,2.60343,7.42236,1
1468.4,0.13959,2.60342,7.42236,1
1468.5,0.13959,2.60341,7.42236,1
1468.6,0.13959,2.6034,7.42236,1
1468.7,0.13959,2.60339,7.42236,1
1468.8,0.13959,2.60338,7.42236,1
1468.9,0.13959,2.60337,7.42236,1
1469,0.13959,2.60336,7.42236,1
1469.1,0.13959,2.60335,7.42236,1
1469.2,0.13959,2.60334,7.42236,1
1469.3,0.13959,2.60333,7.42236,1
1469.4,0.13959,2.60332,7.42236,1
1469.5,0.13959,2.60331,7.42236,1
1469.6,0.13959,2.6033,7.42236,1
1469.7,0.13959,2.60329,7.42236,1
1469.8,0.13959,2.60329,7.42236,1
1469.9,0.13959,2.60328,7.42236,1
1470,0.13959,2.60327,7.42236,1
1470.1,0.13959,2.60326,7.42236,1
1470.2,0.13959,2.60325,7.42236,1
1470.3,0.13959,2.60324,7.42236,1
1470.4,0.13959,2.60323,7.42236,1
1470.5,0.13959,2.60322,7.42236,1
1470.6,0.13959,2.60321,7.42236,1
1470.7,0.13959,2.6032,7.42236,1
1470.8,0.13959,2.60319,7.42236,1
1470.9,0.13959,2.60318,7.42236,1
1471,0.13959,2.60317,7.42237,1
1471.1,0.13959,2.60316,7.42237,1
1471.2,0.13959,2.60315,7.42237,1
1471.3,0.13959,2.60314,7.42237,1
1471.4,0.13959,2.60314,7.42237,1
1471.5,0.13959,2.60313,7.42237,1
1471.6,0.13959,2.60312,7.42237,1
1471.7,0.13959,2.60311,7.42237,1
1471.8,0.13959,2.6031,7.42237,1
1471.9,0.13959,2.6031,7.42237,1
1472,0.13959,2.60309,7.42237,1
1472.1,0.13959,2.60308,7.42237,1
1472.2,0.13959,2.60307,7.42237,1
1472.3,0.13959,2.60307,7.42237,1
1472.4,0.13958,2.60306,7.42237,1
1472.5,0.13958,2.60305,7.42237,1
1472.6,0.13958,2.60304,7.42237,1
1472.7,0.13958,2.60304,7.42237,1
1472.8,0.13958,2.60303,7.42237,1
1472.9,0.13958,2.60302,7.42237,1
1473,0.13958,2.60301,7.42237,1
1473.1,0.13958,2.603,7.42237,1
1473.2,0.13958,2.603,7.42237,1
1473.3,0.13958,2.60299,7.42237,1
1473.4,0.13958,2.60298,7.42237,1
1473.5,0.13958,2.60297,7.42237,1
1473.6,0.13958,2.60296,7.42237,1
1473.7,0.13958,2.60295,7.42237,1
1473.8,0.13958,2.60295,7.42237,1
1473.9,0.13958,2.60294,7.42237,1
1474,0.13958,2.60293,7.42237,1
1474.1,0.13958,2.60293,7.42237,1
1474.2,0.13958,2.60292,7.42237,1
1474.3,0.13958,2.60291,7.42237,1
1474.4,0.13958,2.60291,7.42237,1
1474.5,0.13958,2.6029,7.42237,1
1474.6,0.13958,2.6029,7.42237,1
1474.7,0.13958,2.60289,7.42237,1
1474.8,0.13958,2.60288,7.42237,1
1474.9,0.13958,2.60288,7.42237,1
1475,0.13958,2.60287,7.42237,1
1475.1,0.13958,2.60287,7.42237,1
1475.2,0.13958,2.60286,7.42237,1
1475.3,0.13958,2.60285,7.42237,1
1475.4,0.13958,2.60285,7.42237,1
1475.5,0.13958,2.60284,7.42237,1
1475.6,0.13958,2.60284,7.42237,1
1475.7,0.13958,2.60283,7.42237,1
1475.8,0.13958,2.60283,7.42237,1
1475.9,0.13958,2.60282,7.42237,1
1476,0.13958,2.60282,7.42237,1
1476.1,0.13958,2.60281,7.42237,1
1476.2,0.13958,2.60281,7.42237,1
1476.3,0.13958,2.60281,7.42237,1
1476.4,0.13958,2.6028,7.42237,1
1476.5,0.13958,2.6028,7.42237,1
1476.6,0.13958,2.60279,7.42237,1
1476.7,0.13958,2.60279,7.42237,1
1476.8,0.13958,2.60278,7.42237,1
1476.9,0.13958,2.60278,7.42237,1
1477,0.13958,2.60278,7.42237,1
1477.1,0.13958,2.60278,7.42237,1
1477.2,0.13958,2.60277,7.42237,1
1477.3,0.13958,2.60277,7.42237,1
1477.4,0.13958,2.60277,7.42237,1
1477.5,0.13957,2.60277,7.42237,1
1477.6,0.13957,2.60277,7.42237,1
1477.7,0.13957,2.60277,7.42237,1
1477.8,0.13957,2.60277,7.42237,1
1477.9,0.13957,2.60277,7.42237,1
1478,0.13957,2.60277,7.42237,1
1478.1,0.13957,2.60277,7.42237,1
1478.2,0.13957,2.60277,7.42237,1
1478.3,0.13957,2.60277,7.42237,1
1478.4,0.13957,2.60277,7.42237,1
1478.5,0.13957,2.60277,7.42237,1
1478.6,0.13957,2.60277,7.42237,1
1478.7,0.13957,2.60277,7.42237,1
1478.8,0.13957,2.60278,7.42237,1
1478.9,0.13957,2.60278,7.42237,1
1479,0.13957,2.60278,7.42237,1
1479.1,0.13957,2.60278,7.42237,1
1479.2,0.13957,2.60278,7.42237,1
1479.3,0.13957,2.60278,7.42237,1
1479.4,0.13957,2.60278,7.42237,1
1479.5,0.13957,2.60278,7.42237,1
1479.6,0.13957,2.60278,7.42237,1
1479.7,0.13957,2.60279,7.42237,1
1479.8,0.13957,2.60279,7.42237,1
1479.9,0.13957,2.60279,7.42237,1
1480,0.13957,2.60279,7.42237,1
1480.1,0.13957,2.60279,7.42237,1
1480.2,0.13957,2.60279,7.42237,1
1480.3,0.13957,2.60279,7.42238,1
1480.4,0.13957,2.60279,7.42238,1
1480.5,0.13957,2.60279,7.42238,1
1480.6,0.13957,2.60279,7.42238,1
1480.7,0.13957,2.6028,7.42238,1
1480.8,0.13957,2.6028,7.42238,1
1480.9,0.13957,2.6028,7.42238,1
1481,0.13957,2.6028,7.42238,1
1481.1,0.13957,2.6028,7.42238,1
1481.2,0.13957,2.60281,7.42238,1
1481.3,0.13957,2.60281,7.42238,1
1481.4,0.13957,2.60281,7.42238,1
1481.5,0.13957,2.60281,7.42238,1
1481.6,0.13957,2.60281,7.42238,1
1481.7,0.13957,2.60282,7.42238,1
1481.8,0.13957,2.60282,7.42238,1
1481.9,0.13957,2.60282,7.42238,1
1482,0.13957,2.60282,7.42238,1
1482.1,0.13957,2.60282,7.42238,1
1482.2,0.13957,2.60282,7.42238,1
1482.3,0.13957,2.60283,7.42238,1
1482.4,0.13957,2.60283,7.42238,1
1482.5,0.13957,2.60283,7.42238,1
1482.6,0.13957,2.60284,7.42238,1
1482.7,0.13957,2.60284,7.42238,1
1482.8,0.13957,2.60285,7.42238,1
1482.9,0.13957,2.60285,7.42238,1
1483,0.13957,2.60286,7.42238,1
1483.1,0.13956,2.60286,7.42238,1
1483.2,0.13956,2.60287,7.42238,1
1483.3,0.13956,2.60287,7.42238,1
1483.4,0.13956,2.60287,7.42238,1
1483.5,0.13956,2.60288,7.42238,1
1483.6,0.13956,2.60288,7.42238,1
1483.7,0.13956,2.60289,7.42238,1
1483.8,0.13956,2.60289,7.42238,1
1483.9,0.13956,2.6029,7.42238,1
1484,0.13956,2.6029,7.42238,1
1484.1,0.13956,2.60291,7.42238,1
1484.2,0.13956,2.60291,7.42238,1
1484.3,0.13956,2.60292,7.42238,1
1484.4,0.13956,2.60292,7.42238,1
1484.5,0.13956,2.60293,7.42238,1
1484.6,0.13956,2.60293,7.42238,1
1484.7,0.13956,2.60294,7.42238,1
1484.8,0.13956,2.60294,7.42238,1
1484.9,0.13956,2.60295,7.42238,1
1485,0.13956,2.60296,7.42238,1
1485.1,0.13956,2.60296,7.42238,1
1485.2,0.13956,2.60297,7.42238,1
1485.3,0.13956,2.60298,7.42238,1
1485.4,0.13956,2.60298,7.42238,1
1485.5,0.13956,2.60299,7.42238,1
1485.6,0.13956,2.603,7.42238,1
1485.7,0.13956,2.603,7.42238,1
1485.8,0.13956,2.60301,7.42238,1
1485.9,0.13956,2.60302,7.42238,1
1486,0.13956,2.60303,7.42238,1
1486.1,0.13956,2.60303,7.42238,1
1486.2,0.13956,2.60304,7.42238,1
1486.3,0.13956,2.60305,7.42238,1
1486.4,0.13956,2.60305,7.42238,1
1486.5,0.13956,2.60306,7.42238,1
1486.6,0.13956,2.60307,7.42238,1
1486.7,0.13956,2.60307,7.42238,1
1486.8,0.13956,2.60308,7.42238,1
1486.9,0.13956,2.60309,7.42238,1
1487,0.13956,2.60309,7.42238,1
1487.1,0.13956,2.6031,7.42238,1
1487.2,0.13956,2.60311,7.42238,1
1487.3,0.13956,2.60312,7.42238,1
1487.4,0.13956,2.60313,7.42238,1
1487.5,0.13956,2.60314,7.42238,1
1487.6,0.13956,2.60315,7.42238,1
1487.7,0.13956,2.60315,7.42238,1
1487.8,0.13956,2.60316,7.42238,1
1487.9,0.13955,2.60317,7.42238,1
1488,0.13955,2.60318,7.42238,1
1488.1,0.13955,2.60319,7.42238,1
1488.2,0.13955,2.6032,7.42238,1
1488.3,0.13955,2.60321,7.42238,1
1488.4,0.13955,2.60321,7.42238,1
1488.5,0.13955,2.60322,7.42238,1
1488.6,0.13955,2.60323,7.42238,1
1488.7,0.13955,2.60324,7.42238,1
1488.8,0.13955,2.60325,7.42238,1
1488.9,0.13955,2.60326,7.42238,1
1489,0.13955,2.60326,7.42238,1
1489.1,0.13955,2.60327,7.42238,1
1489.2,0.13955,2.60328,7.42238,1
1489.3,0.13955,2.60329,7.42238,1
1489.4,0.13955,2.60329,7.42238,1
1489.5,0.13955,2.6033,7.42238,1
1489.6,0.13955,2.60331,7.42238,1
1489.7,0.13955,2.60331,7.42237,1
1489.8,0.13955,2.60332,7.42237,1
1489.9,0.13955,2.60332,7.42237,1
1490,0.13955,2.60333,7.42237,1
1490.1,0.13955,2.60334,7.42237,1
1490.2,0.13955,2.60334,7.42237,1
1490.3,0.13955,2.60334,7.42237,1
1490.4,0.13955,2.60335,7.42237,1
1490.5,0.13955,2.60335,7.42237,1
1490.6,0.13955,2.60335,7.42237,1
1490.7,0.13955,2.60335,7.42237,1
1490.8,0.13955,2.60336,7.42237,1
1490.9,0.13955,2.60336,7.42237,1
1491,0.13955,2.60336,7.42237,1
1491.1,0.13955,2.60335,7.42237,1
1491.2,0.13955,2.60335,7.42237,1
1491.3,0.13955,2.60335,7.42237,1
1491.4,0.13955,2.60335,7.42237,1
1491.5,0.13955,2.60335,7.42237,1
1491.6,0.13955,2.60334,7.42237,1
1491.7,0.13955,2.60334,7.42237,1
1491.8,0.13954,2.60334,7.42237,1
1491.9,0.13954,2.60334,7.42237,1
1492,0.13954,2.60333,7.42237,1
1492.1,0.13954,2.60333,7.42237,1
1492.2,0.13954,2.60333,7.42237,1
1492.3,0.13954,2.60332,7.42237,1
1492.4,0.13954,2.60332,7.42237,1
1492.5,0.13954,2.60332,7.42237,1
1492.6,0.13954,2.60332,7.42237,1
1492.7,0.13954,2.60332,7.42236,1
1492.8,0.13954,2.60331,7.42236,1
1492.9,0.13954,2.60331,7.42236,1
1493,0.13954,2.60331,7.42236,1
1493.1,0.13954,2.60331,7.42236,1
1493.2,0.13954,2.6033,7.42236,1
1493.3,0.13954,2.6033,7.42236,1
1493.4,0.13954,2.6033,7.42236,1
1493.5,0.13954,2.60329,7.42236,1
1493.6,0.13954,2.60328,7.42236,1
1493.7,0.13954,2.60328,7.42236,1
1493.8,0.13954,2.60327,7.42236,1
1493.9,0.13954,2.60327,7.42236,1
1494,0.13954,2.60326,7.42236,1
1494.1,0.13953,2.60326,7.42236,1
1494.2,0.13953,2.60325,7.42236,1
1494.3,0.13953,2.60324,7.42236,1
1494.4,0.13953,2.60324,7.42236,1
1494.5,0.13953,2.60323,7.42236,1
1494.6,0.13953,2.60322,7.42236,1
1494.7,0.13953,2.60322,7.42236,1
1494.8,0.13953,2.60321,7.42236,1
1494.9,0.13953,2.6032,7.42236,1
1495,0.13953,2.6032,7.42235,1
1495.1,0.13953,2.60319,7.42235,1
1495.2,0.13953,2.60319,7.42235,1
1495.3,0.13953,2.60318,7.42235,1
1495.4,0.13953,2.60317,7.42235,1
1495.5,0.13953,2.60317,7.42235,1
1495.6,0.13952,2.60316,7.42235,1
1495.7,0.13952,2.60316,7.42235,1
1495.8,0.13952,2.60315,7.42235,1
1495.9,0.13952,2.60314,7.42235,1
1496,0.13952,2.60314,7.42235,1
1496.1,0.13952,2.60313,7.42235,1
1496.2,0.13952,2.60312,7.42235,1
1496.3,0.13952,2.60311,7.42235,1
1496.4,0.13952,2.6031,7.42235,1
1496.5,0.13952,2.60309,7.42235,1
1496.6,0.13952,2.60308,7.42235,1
1496.7,0.13952,2.60307,7.42235,1
1496.8,0.13952,2.60306,7.42234,1
1496.9,0.13952,2.60305,7.42234,1
1497,0.13951,2.60304,7.42234,1
1497.1,0.13951,2.60303,7.42234,1
1497.2,0.13951,2.60302,7.42234,1
1497.3,0.13951,2.60301,7.42234,1
1497.4,0.13951,2.603,7.42234,1
1497.5,0.13951,2.60299,7.42234,1
1497.6,0.13951,2.60298,7.42234,1
1497.7,0.13951,2.60297,7.42234,1
1497.8,0.13951,2.60296,7.42234,1
1497.9,0.13951,2.60295,7.42234,1
1498,0.13951,2.60294,7.42234,1
1498.1,0.13951,2.60293,7.42234,1
1498.2,0.13951,2.60292,7.42234,1
1498.3,0.13951,2.60291,7.42234,1
1498.4,0.1395,2.6029,7.42234,1
1498.5,0.1395,2.60289,7.42234,1
1498.6,0.1395,2.60289,7.42233,1
1498.7,0.1395,2.60288,7.42233,1
1498.8,0.1395,2.60287,7.42233,1
1498.9,0.1395,2.60286,7.42233,1
1499,0.1395,2.60285,7.42233,1
1499.1,0.1395,2.60284,7.42233,1
1499.2,0.1395,2.60283,7.42233,1
1499.3,0.1395,2.60282,7.42233,1
1499.4,0.1395,2.60281,7.42233,1
1499.5,0.13949,2.6028,7.42233,1
1499.6,0.13949,2.60279,7.42233,1
1499.7,0.13949,2.60278,7.42233,1
1499.8,0.13949,2.60277,7.42233,1
1499.9,0.13949,2.60276,7.42233,1
1500,0.13949,2.60275,7.42233,1
1500.1,0.13949,2.60274,7.42233,1
1500.2,0.13949,2.60273,7.42233,1
1500.3,0.13949,2.60272,7.42232,1
1500.4,0.13949,2.60271,7.42232,1
1500.5,0.13949,2.6027,7.42232,1
1500.6,0.13949,2.60269,7.42232,1
1500.7,0.13948,2.60268,7.42232,1
1500.8,0.13948,2.60267,7.42232,1
1500.9,0.13948,2.60266,7.42232,1
1501,0.13948,2.60265,7.42232,1
1501.1,0.13948,2.60264,7.42232,1
1501.2,0.13948,2.60263,7.42232,1
1501.3,0.13948,2.60262,7.42232,1
1501.4,0.13948,2.60261,7.42232,1
1501.5,0.13948,2.6026,7.42232,1
1501.6,0.13948,2.60258,7.42232,1
1501.7,0.13948,2.60257,7.42232,1
1501.8,0.13947,2.60256,7.42232,1
1501.9,0.13947,2.60255,7.42232,1
1502,0.13947,2.60254,7.42231,1
1502.1,0.13947,2.60253,7.42231,1
1502.2,0.13947,2.60252,7.42231,1
1502.3,0.13947,2.60251,7.42231,1
1502.4,0.13947,2.60249,7.42231,1
1502.5,0.13947,2.60248,7.42231,1
1502.6,0.13947,2.60247,7.42231,1
1502.7,0.13947,2.60246,7.42231,1
1502.8,0.13946,2.60245,7.42231,1
1502.9,0.13946,2.60243,7.42231,1
1503,0.13946,2.60242,7.42231,1
1503.1,0.13946,2.60241,7.42231,1
1503.2,0.13946,2.60239,7.42231,1
1503.3,0.13946,2.60238,7.42231,1
1503.4,0.13946,2.60236,7.42231,1
1503.5,0.13946,2.60235,7.42231,1
1503.6,0.13946,2.60234,7.42231,1
1503.7,0.13945,2.60233,7.42231,1
1503.8,0.13945,2.60231,7.42231,1
1503.9,0.13945,2.6023,7.42231,1
1504,0.13945,2.60229,7.42231,1
1504.1,0.13945,2.60227,7.42231,1
1504.2,0.13945,2.60226,7.42231,1
1504.3,0.13945,2.60225,7.42231,1
1504.4,0.13945,2.60224,7.42231,1
1504.5,0.13945,2.60222,7.42231,1
1504.6,0.13944,2.60221,7.42231,1
1504.7,0.13944,2.6022,7.42231,1
1504.8,0.13944,2.60219,7.42231,1
1504.9,0.13944,2.60217,7.42231,1
1505,0.13944,2.60216,7.42231,1
1505.1,0.13944,2.60214,7.42231,1
1505.2,0.13944,2.60213,7.42231,1
1505.3,0.13944,2.60212,7.42231,1
1505.4,0.13944,2.6021,7.42231,1
1505.5,0.13943,2.60209,7.42231,1
1505.6,0.13943,2.60207,7.42231,1
1505.7,0.13943,2.60206,7.42231,1
1505.8,0.13943,2.60204,7.42231,1
1505.9,0.13943,2.60203,7.42231,1
1506,0.13943,2.60201,7.42231,1
1506.1,0.13943,2.602,7.42231,1
1506.2,0.13943,2.60198,7.42231,1
1506.3,0.13943,2.60197,7.42231,1
1506.4,0.13942,2.60195,7.42231,1
1506.5,0.13942,2.60194,7.42231,1
1506.6,0.13942,2.60192,7.42231,1
1506.7,0.13942,2.60191,7.42231,1
1506.8,0.13942,2.60189,7.42231,1
1506.9,0.13942,2.60188,7.42231,1
1507,0.13942,2.60187,7.42231,1
1507.1,0.13942,2.60186,7.42231,1
1507.2,0.13941,2.60184,7.42231,1
1507.3,0.13941,2.60183,7.42231,1
1507.4,0.13941,2.60182,7.42231,1
1507.5,0.13941,2.6018,7.42231,1
1507.6,0.13941,2.60179,7.42231,1
1507.7,0.13941,2.60178,7.42231,1
1507.8,0.13941,2.60176,7.42231,1
1507.9,0.13941,2.60175,7.42231,1
1508,0.1394,2.60173,7.42231,1
1508.1,0.1394,2.60172,7.42231,1
1508.2,0.1394,2.60171,7.42231,1
1508.3,0.1394,2.60169,7.42231,1
1508.4,0.1394,2.60168,7.42231,1
1508.5,0.1394,2.60166,7.42231,1
1508.6,0.1394,2.60165,7.42231,1
1508.7,0.13939,2.60164,7.42231,1
1508.8,0.13939,2.60162,7.42231,1
1508.9,0.13939,2.60161,7.42231,1
1509,0.13939,2.60159,7.42231,1
1509.1,0.13939,2.60158,7.42231,1
1509.2,0.13939,2.60157,7.42231,1
1509.3,0.13939,2.60155,7.42231,1
1509.4,0.13938,2.60154,7.42231,1
1509.5,0.13938,2.60153,7.42232,1
1509.6,0.13938,2.60151,7.42232,1
1509.7,0.13938,2.6015,7.42232,1
1509.8,0.13938,2.60148,7.42232,1
1509.9,0.13938,2.60147,7.42232,1
1510,0.13938,2.60146,7.42232,1
1510.1,0.13937,2.60144,7.42232,1
1510.2,0.13937,2.60143,7.42232,1
1510.3,0.13937,2.60141,7.42232,1
1510.4,0.13937,2.6014,7.42232,1
1510.5,0.13937,2.60138,7.42232,1
1510.6,0.13937,2.60137,7.42232,1
1510.7,0.13937,2.60135,7.42232,1
1510.8,0.13936,2.60134,7.42232,1
1510.9,0.13936,2.60133,7.42232,1
1511,0.13936,2.60131,7.42232,1
1511.1,0.13936,2.6013,7.42232,1
1511.2,0.13936,2.60129,7.42232,1
1511.3,0.13936,2.60127,7.42232,1
1511.4,0.13935,2.60126,7.42232,1
1511.5,0.13935,2.60124,7.42232,1
1511.6,0.13935,2.60123,7.42232,1
1511.7,0.13935,2.60122,7.42232,1
1511.8,0.13935,2.6012,7.42232,1
1511.9,0.13935,2.60119,7.42232,1
1512,0.13935,2.60117,7.42232,1
1512.1,0.13934,2.60116,7.42232,1
1512.2,0.13934,2.60114,7.42232,1
1512.3,0.13934,2.60113,7.42232,1
1512.4,0.13934,2.60112,7.42232,1
1512.5,0.13934,2.60111,7.42233,1
1512.6,0.13934,2.60109,7.42233,1
1512.7,0.13933,2.60108,7.42233,1
1512.8,0.13933,2.60106,7.42233,1
1512.9,0.13933,2.60105,7.42233,1
1513,0.13933,2.60104,7.42233,1
1513.1,0.13933,2.60102,7.42233,1
1513.2,0.13933,2.60101,7.42233,1
1513.3,0.13933,2.601,7.42233,1
1513.4,0.13932,2.60098,7.42233,1
1513.5,0.13932,2.60097,7.42233,1
1513.6,0.13932,2.60096,7.42233,1
1513.7,0.13932,2.60094,7.42233,1
1513.8,0.13932,2.60093,7.42233,1
1513.9,0.13932,2.60091,7.42233,1
1514,0.13931,2.6009,7.42233,1
1514.1,0.13931,2.60088,7.42233,1
1514.2,0.13931,2.60087,7.42233,1
1514.3,0.13931,2.60085,7.42233,1
1514.4,0.13931,2.60083,7.42233,1
1514.5,0.13931,2.60082,7.42233,1
1514.6,0.1393,2.6008,7.42233,1
1514.7,0.1393,2.60079,7.42233,1
1514.8,0.1393,2.60077,7.42233,1
1514.9,0.1393,2.60075,7.42234,1
1515,0.1393,2.60074,7.42234,1
1515.1,0.1393,2.60072,7.42234,1
1515.2,0.13929,2.60071,7.42234,1
1515.3,0.13929,2.60069,7.42234,1
1515.4,0.13929,2.60068,7.42234,1
1515.5,0.13929,2.60066,7.42234,1
1515.6,0.13929,2.60064,7.42234,1
1515.7,0.13929,2.60063,7.42234,1
1515.8,0.13928,2.60061,7.42234,1
1515.9,0.13928,2.6006,7.42234,1
1516,0.13928,2.60058,7.42234,1
1516.1,0.13928,2.60057,7.42234,1
1516.2,0.13928,2.60055,7.42234,1
1516.3,0.13928,2.60054,7.42234,1
1516.4,0.13927,2.60053,7.42234,1
1516.5,0.13927,2.60051,7.42234,1
1516.6,0.13927,2.6005,7.42234,1
1516.7,0.13927,2.60048,7.42234,1
1516.8,0.13927,2.60047,7.42234,1
1516.9,0.13927,2.60045,7.42234,1
1517,0.13926,2.60044,7.42235,1
1517.1,0.13926,2.60042,7.42235,1
1517.2,0.13926,2.60041,7.42235,1
1517.3,0.13926,2.60039,7.42235,1
1517.4,0.13926,2.60038,7.42235,1
1517.5,0.13925,2.60037,7.42235,1
1517.6,0.13925,2.60035,7.42235,1
1517.7,0.13925,2.60034,7.42235,1
1517.8,0.13925,2.60033,7.42235,1
1517.9,0.13925,2.60032,7.42235,1
1518,0.13925,2.6003,7.42235,1
1518.1,0.13924,2.60029,7.42235,1
1518.2,0.13924,2.60028,7.42235,1
1518.3,0.13924,2.60027,7.42235,1
1518.4,0.13924,2.60025,7.42235,1
1518.5,0.13924,2.60024,7.42235,1
1518.6,0.13923,2.60023,7.42235,1
1518.7,0.13923,2.60022,7.42235,1
1518.8,0.13923,2.60021,7.42235,1
1518.9,0.13923,2.60019,7.42236,1
1519,0.13923,2.60018,7.42236,1
1519.1,0.13923,2.60017,7.42236,1
1519.2,0.13922,2.60016,7.42236,1
1519.3,0.13922,2.60016,7.42236,1
1519.4,0.13922,2.60015,7.42236,1
1519.5,0.13922,2.60014,7.42236,1
1519.6,0.13922,2.60013,7.42236,1
1519.7,0.13922,2.60012,7.42236,1
1519.8,0.13921,2.60011,7.42236,1
1519.9,0.13921,2.60011,7.42236,1
1520,0.13921,2.6001,7.42236,1
1520.1,0.13921,2.60009,7.42236,1
1520.2,0.13921,2.60008,7.42236,1
1520.3,0.1392,2.60007,7.42236,1
1520.4,0.1392,2.60006,7.42236,1
1520.5,0.1392,2.60006,7.42236,1
1520.6,0.1392,2.60005,7.42236,1
1520.7,0.1392,2.60004,7.42236,1
1520.8,0.1392,2.60003,7.42237,1
1520.9,0.13919,2.60002,7.42237,1
1521,0.13919,2.60002,7.42237,1
1521.1,0.13919,2.60001,7.42237,1
1521.2,0.13919,2.6,7.42237,1
1521.3,0.13919,2.59999,7.42237,1
1521.4,0.13918,2.59999,7.42237,1
1521.5,0.13918,2.59998,7.42237,1
1521.6,0.13918,2.59997,7.42237,1
1521.7,0.13918,2.59997,7.42237,1
1521.8,0.13918,2.59996,7.42237,1
1521.9,0.13918,2.59996,7.42237,1
1522,0.13917,2.59995,7.42237,1
1522.1,0.13917,2.59994,7.42237,1
1522.2,0.13917,2.59994,7.42237,1
1522.3,0.13917,2.59993,7.42238,1
1522.4,0.13917,2.59993,7.42238,1
1522.5,0.13916,2.59992,7.42238,1
1522.6,0.13916,2.59992,7.42238,1
1522.7,0.13916,2.59991,7.42238,1
1522.8,0.13916,2.59991,7.42238,1
1522.9,0.13916,2.5999,7.42238,1
1523,0.13916,2.59989,7.42238,1
1523.1,0.13915,2.59989,7.42238,1
1523.2,0.13915,2.59988,7.42238,1
1523.3,0.13915,2.59988,7.42238,1
1523.4,0.13915,2.59987,7.42238,1
1523.5,0.13915,2.59987,7.42238,1
1523.6,0.13915,2.59986,7.42238,1
1523.7,0.13914,2.59986,7.42239,1
1523.8,0.13914,2.59985,7.42239,1
1523.9,0.13914,2.59985,7.42239,1
1524,0.13914,2.59985,7.42239,1
1524.1,0.13914,2.59984,7.42239,1
1524.2,0.13913,2.59984,7.42239,1
1524.3,0.13913,2.59984,7.42239,1
1524.4,0.13913,2.59983,7.42239,1
1524.5,0.13913,2.59983,7.42239,1
1524.6,0.13913,2.59983,7.42239,1
1524.7,0.13913,2.59982,7.42239,1
1524.8,0.13912,2.59982,7.42239,1
1524.9,0.13912,2.59982,7.42239,1
1525,0.13912,2.59982,7.42239,1
1525.1,0.13912,2.59981,7.42239,1
1525.2,0.13912,2.59981,7.4224,1
1525.3,0.13912,2.59981,7.4224,1
1525.4,0.13911,2.59981,7.4224,1
1525.5,0.13911,2.5998,7.4224,1
1525.6,0.13911,2.5998,7.4224,1
1525.7,0.13911,2.5998,7.4224,1
1525.8,0.13911,2.59979,7.4224,1
1525.9,0.1391,2.59979,7.4224,1
1526,0.1391,2.59978,7.4224,1
1526.1,0.1391,2.59978,7.4224,1
1526.2,0.1391,2.59978,7.4224,1
1526.3,0.1391,2.59977,7.4224,1
1526.4,0.1391,2.59977,7.4224,1
1526.5,0.13909,2.59976,7.4224,1
1526.6,0.13909,2.59976,7.42241,1
1526.7,0.13909,2.59976,7.42241,1
1526.8,0.13909,2.59975,7.42241,1
1526.9,0.13909,2.59975,7.42241,1
1527,0.13909,2.59974,7.42241,1
1527.1,0.13908,2.59974,7.42241,1
1527.2,0.13908,2.59974,7.42241,1
1527.3,0.13908,2.59973,7.42241,1
1527.4,0.13908,2.59973,7.42241,1
1527.5,0.13908,2.59972,7.42241,1
1527.6,0.13908,2.59972,7.42241,1
1527.7,0.13907,2.59972,7.42241,1
1527.8,0.13907,2.59971,7.42241,1
1527.9,0.13907,2.59971,7.42241,1
1528,0.13907,2.5997,7.42242,1
1528.1,0.13907,2.5997,7.42242,1
1528.2,0.13907,2.59969,7.42242,1
1528.3,0.13906,2.59969,7.42242,1
1528.4,0.13906,2.59968,7.42242,1
1528.5,0.13906,2.59968,7.42242,1
1528.6,0.13906,2.59968,7.42242,1
1528.7,0.13906,2.59967,7.42242,1
1528.8,0.13905,2.59967,7.42242,1
1528.9,0.13905,2.59966,7.42242,1
1529,0.13905,2.59966,7.42242,1
1529.1,0.13905,2.59965,7.42242,1
1529.2,0.13905,2.59965,7.42242,1
1529.3,0.13905,2.59964,7.42242,1
1529.4,0.13904,2.59964,7.42243,1
1529.5,0.13904,2.59964,7.42243,1
1529.6,0.13904,2.59963,7.42243,1
1529.7,0.13904,2.59963,7.42243,1
1529.8,0.13904,2.59962,7.42243,1
1529.9,0.13904,2.59962,7.42243,1
1530,0.13903,2.59962,7.42243,1
1530.1,0.13903,2.59961,7.42243,1
1530.2,0.13903,2.59961,7.42243,1
1530.3,0.13903,2.59961,7.42243,1
1530.4,0.13903,2.5996,7.42243,1
1530.5,0.13903,2.5996,7.42243,1
1530.6,0.13902,2.5996,7.42243,1
1530.7,0.13902,2.5996,7.42243,1
1530.8,0.13902,2.5996,7.42243,1
1530.9,0.13902,2.59959,7.42243,1
1531,0.13902,2.59959,7.42244,1
1531.1,0.13902,2.59959,7.42244,1
1531.2,0.13901,2.59959,7.42244,1
1531.3,0.13901,2.59959,7.42244,1
1531.4,0.13901,2.59959,7.42244,1
1531.5,0.13901,2.59959,7.42244,1
1531.6,0.13901,2.59959,7.42244,1
1531.7,0.13901,2.59959,7.42244,1
1531.8,0.139,2.59959,7.42244,1
1531.9,0.139,2.59959,7.42244,1
1532,0.139,2.59959,7.42244,1
1532.1,0.139,2.59959,7.42244,1
1532.2,0.139,2.59959,7.42244,1
1532.3,0.139,2.59959,7.42244,1
1532.4,0.13899,2.59959,7.42244,1
1532.5,0.13899,2.5996,7.42244,1
1532.6,0.13899,2.5996,7.42244,1
1532.7,0.13899,2.5996,7.42244,1
1532.8,0.13899,2.59961,7.42244,1
1532.9,0.13899,2.59961,7.42245,1
1533,0.13898,2.59961,7.42245,1
1533.1,0.13898,2.59962,7.42245,1
1533.2,0.13898,2.59962,7.42245,1
1533.3,0.13898,2.59962,7.42245,1
1533.4,0.13898,2.59963,7.42245,1
1533.5,0.13898,2.59963,7.42245,1
1533.6,0.13897,2.59963,7.42245,1
1533.7,0.13897,2.59964,7.42245,1
1533.8,0.13897,2.59964,7.42245,1
1533.9,0.13897,2.59965,7.42245,1
1534,0.13897,2.59965,7.42245,1
1534.1,0.13897,2.59966,7.42245,1
1534.2,0.13896,2.59966,7.42245,1
1534.3,0.13896,2.59967,7.42245,1
1534.4,0.13896,2.59967,7.42245,1
1534.5,0.13896,2.59968,7.42245,1
1534.6,0.13896,2.59968,7.42245,1
1534.7,0.13896,2.59969,7.42245,1
1534.8,0.13895,2.5997,7.42245,1
1534.9,0.13895,2.5997,7.42245,1
1535,0.13895,2.59971,7.42245,1
1535.1,0.13895,2.59972,7.42245,1
1535.2,0.13895,2.59973,7.42246,1
1535.3,0.13895,2.59973,7.42246,1
1535.4,0.13894,2.59974,7.42246,1
1535.5,0.13894,2.59975,7.42246,1
1535.6,0.13894,2.59976,7.42246,1
1535.7,0.13894,2.59976,7.42246,1
1535.8,0.13894,2.59977,7.42246,1
1535.9,0.13894,2.59978,7.42246,1
1536,0.13894,2.59979,7.42246,1
1536.1,0.13893,2.5998,7.42246,1
1536.2,0.13893,2.5998,7.42246,1
1536.3,0.13893,2.59981,7.42246,1
1536.4,0.13893,2.59982,7.42246,1
1536.5,0.13893,2.59983,7.42246,1
1536.6,0.13893,2.59984,7.42246,1
1536.7,0.13892,2.59984,7.42246,1
1536.8,0.13892,2.59985,7.42246,1
1536.9,0.13892,2.59986,7.42246,1
1537,0.13892,2.59987,7.42246,1
1537.1,0.13892,2.59988,7.42246,1
1537.2,0.13892,2.59989,7.42246,1
1537.3,0.13891,2.5999,7.42246,1
1537.4,0.13891,2.59991,7.42246,1
1537.5,0.13891,2.59992,7.42246,1
1537.6,0.13891,2.59993,7.42246,1
1537.7,0.13891,2.59994,7.42246,1
1537.8,0.13891,2.59995,7.42246,1
1537.9,0.1389,2.59996,7.42246,1
1538,0.1389,2.59997,7.42246,1
1538.1,0.1389,2.59998,7.42246,1
1538.2,0.1389,2.59999,7.42246,1
1538.3,0.1389,2.6,7.42246,1
1538.4,0.1389,2.60001,7.42246,1
1538.5,0.13889,2.60002,7.42246,1
1538.6,0.13889,2.60003,7.42246,1
1538.7,0.13889,2.60004,7.42246,1
1538.8,0.13889,2.60005,7.42246,1
1538.9,0.13889,2.60006,7.42246,1
1539,0.13889,2.60007,7.42247,1
1539.1,0.13889,2.60008,7.42247,1
1539.2,0.13888,2.6001,7.42247,1
1539.3,0.13888,2.60011,7.42247,1
1539.4,0.13888,2.60012,7.42247,1
1539.5,0.13888,2.60013,7.42247,1
1539.6,0.13888,2.60014,7.42247,1
1539.7,0.13888,2.60015,7.42247,1
1539.8,0.13887,2.60016,7.42247,1
1539.9,0.13887,2.60017,7.42247,1
1540,0.13887,2.60018,7.42247,1
1540.1,0.13887,2.6002,7.42247,1
1540.2,0.13887,2.60021,7.42247,1
1540.3,0.13887,2.60022,7.42247,1
1540.4,0.13887,2.60023,7.42247,1
1540.5,0.13886,2.60024,7.42247,1
1540.6,0.13886,2.60025,7.42247,1
1540.7,0.13886,2.60027,7.42247,1
1540.8,0.13886,2.60028,7.42247,1
1540.9,0.13886,2.60029,7.42247,1
1541,0.13886,2.6003,7.42247,1
1541.1,0.13885,2.60031,7.42247,1
1541.2,0.13885,2.60032,7.42247,1
1541.3,0.13885,2.60033,7.42247,1
1541.4,0.13885,2.60034,7.42247,1
1541.5,0.13885,2.60035,7.42247,1
1541.6,0.13885,2.60036,7.42247,1
1541.7,0.13885,2.60037,7.42247,1
1541.8,0.13884,2.60038,7.42247,1
1541.9,0.13884,2.60039,7.42247,1
1542,0.13884,2.6004,7.42248,1
1542.1,0.13884,2.60041,7.42248,1
1542.2,0.13884,2.60042,7.42248,1
1542.3,0.13884,2.60043,7.42248,1
1542.4,0.13884,2.60044,7.42248,1
1542.5,0.13883,2.60045,7.42248,1
1542.6,0.13883,2.60046,7.42248,1
1542.7,0.13883,2.60047,7.42248,1
1542.8,0.13883,2.60048,7.42248,1
1542.9,0.13883,2.60049,7.42248,1
1543,0.13883,2.6005,7.42248,1
1543.1,0.13883,2.60051,7.42248,1
1543.2,0.13882,2.60052,7.42248,1
1543.3,0.13882,2.60053,7.42248,1
1543.4,0.13882,2.60054,7.42248,1
1543.5,0.13882,2.60055,7.42248,1
1543.6,0.13882,2.60056,7.42248,1
1543.7,0.13882,2.60057,7.42248,1
1543.8,0.13882,2.60059,7.42248,1
1543.9,0.13881,2.6006,7.42248,1
1544,0.13881,2.60061,7.42248,1
1544.1,0.13881,2.60062,7.42248,1
1544.2,0.13881,2.60063,7.42248,1
1544.3,0.13881,2.60064,7.42248,1
1544.4,0.13881,2.60065,7.42248,1
1544.5,0.13881,2.60066,7.42248,1
1544.6,0.1388,2.60067,7.42248,1
1544.7,0.1388,2.60068,7.42248,1
1544.8,0.1388,2.60069,7.42248,1
1544.9,0.1388,2.6007,7.42248,1
1545,0.1388,2.60071,7.42248,1
1545.1,0.1388,2.60072,7.42248,1
1545.2,0.1388,2.60073,7.42248,1
1545.3,0.13879,2.60074,7.42248,1
1545.4,0.13879,2.60075,7.42248,1
1545.5,0.13879,2.60075,7.42248,1
1545.6,0.13879,2.60076,7.42248,1
1545.7,0.13879,2.60077,7.42248,1
1545.8,0.13879,2.60078,7.42248,1
1545.9,0.13879,2.60079,7.42248,1
1546,0.13878,2.6008,7.42248,1
1546.1,0.13878,2.60081,7.42248,1
1546.2,0.13878,2.60082,7.42248,1
1546.3,0.13878,2.60084,7.42248,1
1546.4,0.13878,2.60085,7.42248,1
1546.5,0.13878,2.60086,7.42248,1
1546.6,0.13878,2.60087,7.42248,1
1546.7,0.13877,2.60088,7.42248,1
1546.8,0.13877,2.60089,7.42248,1
1546.9,0.13877,2.6009,7.42248,1
1547,0.13877,2.60092,7.42248,1
1547.1,0.13877,2.60093,7.42248,1
1547.2,0.13877,2.60094,7.42248,1
1547.3,0.13877,2.60096,7.42248,1
1547.4,0.13877,2.60097,7.42248,1
1547.5,0.13876,2.60098,7.42248,1
1547.6,0.13876,2.601,7.42248,1
1547.7,0.13876,2.60101,7.42248,1
1547.8,0.13876,2.60102,7.42248,1
1547.9,0.13876,2.60104,7.42248,1
1548,0.13876,2.60105,7.42248,1
1548.1,0.13876,2.60106,7.42248,1
1548.2,0.13875,2.60108,7.42248,1
1548.3,0.13875,2.60109,7.42248,1
1548.4,0.13875,2.60111,7.42248,1
1548.5,0.13875,2.60112,7.42248,1
1548.6,0.13875,2.60113,7.42248,1
1548.7,0.13875,2.60115,7.42248,1
1548.8,0.13875,2.60116,7.42248,1
1548.9,0.13875,2.60118,7.42248,1
1549,0.13874,2.60119,7.42248,1
1549.1,0.13874,2.6012,7.42248,1
1549.2,0.13874,2.60122,7.42248,1
1549.3,0.13874,2.60123,7.42248,1
1549.4,0.13874,2.60124,7.42248,1
1549.5,0.13874,2.60125,7.42248,1
1549.6,0.13874,2.60127,7.42248,1
1549.7,0.13874,2.60128,7.42248,1
1549.8,0.13873,2.60129,7.42248,1
1549.9,0.13873,2.6013,7.42248,1
1550,0.13873,2.60131,7.42248,1
1550.1,0.13873,2.60133,7.42247,1
1550.2,0.13873,2.60134,7.42247,1
1550.3,0.13873,2.60135,7.42247,1
1550.4,0.13873,2.60136,7.42247,1
1550.5,0.13873,2.60137,7.42247,1
1550.6,0.13872,2.60138,7.42247,1
1550.7,0.13872,2.6014,7.42247,1
1550.8,0.13872,2.60141,7.42247,1
1550.9,0.13872,2.60142,7.42247,1
1551,0.13872,2.60143,7.42247,1
1551.1,0.13872,2.60144,7.42247,1
1551.2,0.13872,2.60146,7.42247,1
1551.3,0.13872,2.60147,7.42247,1
1551.4,0.13872,2.60148,7.42247,1
1551.5,0.13871,2.6015,7.42247,1
1551.6,0.13871,2.60151,7.42247,1
1551.7,0.13871,2.60153,7.42247,1
1551.8,0.13871,2.60154,7.42247,1
1551.9,0.13871,2.60156,7.42247,1
1552,0.13871,2.60157,7.42247,1
1552.1,0.13871,2.60158,7.42247,1
1552.2,0.13871,2.6016,7.42247,1
1552.3,0.1387,2.60161,7.42247,1
1552.4,0.1387,2.60162,7.42247,1
1552.5,0.1387,2.60163,7.42247,1
1552.6,0.1387,2.60164,7.42247,1
1552.7,0.1387,2.60165,7.42246,1
1552.8,0.1387,2.60166,7.42246,1
1552.9,0.1387,2.60167,7.42246,1
1553,0.1387,2.60168,7.42246,1
1553.1,0.1387,2.60169,7.42246,1
1553.2,0.13869,2.6017,7.42246,1
1553.3,0.13869,2.60171,7.42246,1
1553.4,0.13869,2.60171,7.42246,1
1553.5,0.13869,2.60172,7.42246,1
1553.6,0.13869,2.60173,7.42246,1
1553.7,0.13869,2.60174,7.42246,1
1553.8,0.13869,2.60175,7.42246,1
1553.9,0.13869,2.60176,7.42246,1
1554,0.13869,2.60176,7.42246,1
1554.1,0.13869,2.60177,7.42246,1
1554.2,0.13868,2.60178,7.42246,1
1554.3,0.13868,2.60179,7.42246,1
1554.4,0.13868,2.6018,7.42246,1
1554.5,0.13868,2.60181,7.42246,1
1554.6,0.13868,2.60181,7.42246,1
1554.7,0.13868,2.60182,7.42246,1
1554.8,0.13868,2.60183,7.42246,1
1554.9,0.13868,2.60184,7.42246,1
1555,0.13868,2.60185,7.42246,1
1555.1,0.13867,2.60186,7.42246,1
1555.2,0.13867,2.60187,7.42246,1
1555.3,0.13867,2.60189,7.42246,1
1555.4,0.13867,2.6019,7.42245,1
1555.5,0.13867,2.60191,7.42245,1
1555.6,0.13867,2.60192,7.42245,1
1555.7,0.13867,2.60193,7.42245,1
1555.8,0.13867,2.60194,7.42245,1
1555.9,0.13867,2.60195,7.42245,1
1556,0.13867,2.60196,7.42245,1
1556.1,0.13866,2.60197,7.42245,1
1556.2,0.13866,2.60197,7.42245,1
1556.3,0.13866,2.60198,7.42245,1
1556.4,0.13866,2.60199,7.42245,1
1556.5,0.13866,2.602,7.42245,1
1556.6,0.13866,2.60201,7.42245,1
1556.7,0.13866,2.60202,7.42245,1
1556.8,0.13866,2.60203,7.42245,1
1556.9,0.13866,2.60204,7.42245,1
1557,0.13866,2.60205,7.42245,1
1557.1,0.13865,2.60206,7.42245,1
1557.2,0.13865,2.60207,7.42245,1
1557.3,0.13865,2.60208,7.42245,1
1557.4,0.13865,2.60209,7.42245,1
1557.5,0.13865,2.6021,7.42245,1
1557.6,0.13865,2.60211,7.42244,1
1557.7,0.13865,2.60212,7.42244,1
1557.8,0.13865,2.60213,7.42244,1
1557.9,0.13865,2.60214,7.42244,1
1558,0.13865,2.60215,7.42244,1
1558.1,0.13865,2.60216,7.42244,1
1558.2,0.13864,2.60217,7.42244,1
1558.3,0.13864,2.60218,7.42244,1
1558.4,0.13864,2.60219,7.42244,1
1558.5,0.13864,2.6022,7.42244,1
1558.6,0.13864,2.60221,7.42244,1
1558.7,0.13864,2.60222,7.42244,1
1558.8,0.13864,2.60223,7.42244,1
1558.9,0.13864,2.60224,7.42244,1
1559,0.13864,2.60225,7.42244,1
1559.1,0.13864,2.60226,7.42244,1
1559.2,0.13864,2.60227,7.42244,1
1559.3,0.13864,2.60228,7.42244,1
1559.4,0.13863,2.60229,7.42244,1
1559.5,0.13863,2.6023,7.42244,1
1559.6,0.13863,2.60232,7.42244,1
1559.7,0.13863,2.60233,7.42244,1
1559.8,0.13863,2.60235,7.42243,1
1559.9,0.13863,2.60236,7.42243,1
1560,0.13863,2.60237,7.42243,1
1560.1,0.13863,2.60238,7.42243,1
1560.2,0.13863,2.6024,7.42243,1
1560.3,0.13863,2.60241,7.42243,1
1560.4,0.13863,2.60242,7.42243,1
1560.5,0.13863,2.60244,7.42243,1
1560.6,0.13863,2.60245,7.42243,1
1560.7,0.13862,2.60247,7.42243,1
1560.8,0.13862,2.60248,7.42243,1
1560.9,0.13862,2.60249,7.42243,1
1561,0.13862,2.60251,7.42243,1
1561.1,0.13862,2.60252,7.42243,1
1561.2,0.13862,2.60254,7.42243,1
1561.3,0.13862,2.60255,7.42243,1
1561.4,0.13862,2.60256,7.42243,1
1561.5,0.13862,2.60257,7.42243,1
1561.6,0.13862,2.60259,7.42243,1
1561.7,0.13862,2.6026,7.42242,1
1561.8,0.13862,2.60261,7.42242,1
1561.9,0.13862,2.60262,7.42242,1
1562,0.13862,2.60264,7.42242,1
1562.1,0.13861,2.60265,7.42242,1
1562.2,0.13861,2.60266,7.42242,1
1562.3,0.13861,2.60268,7.42242,1
1562.4,0.13861,2.60269,7.42242,1
1562.5,0.13861,2.60271,7.42242,1
1562.6,0.13861,2.60272,7.42242,1
1562.7,0.13861,2.60273,7.42242,1
1562.8,0.13861,2.60275,7.42242,1
1562.9,0.13861,2.60276,7.42242,1
1563,0.13861,2.60278,7.42242,1
1563.1,0.13861,2.60279,7.42242,1
1563.2,0.13861,2.60281,7.42242,1
1563.3,0.13861,2.60282,7.42242,1
1563.4,0.13861,2.60284,7.42242,1
1563.5,0.1386,2.60285,7.42242,1
1563.6,0.1386,2.60287,7.42242,1
1563.7,0.1386,2.60288,7.42242,1
1563.8,0.1386,2.6029,7.42242,1
1563.9,0.1386,2.60291,7.42242,1
1564,0.1386,2.60293,7.42242,1
1564.1,0.1386,2.60294,7.42241,1
1564.2,0.1386,2.60295,7.42241,1
1564.3,0.1386,2.60297,7.42241,1
1564.4,0.1386,2.60298,7.42241,1
1564.5,0.1386,2.60299,7.42241,1
1564.6,0.1386,2.60301,7.42241,1
1564.7,0.1386,2.60302,7.42241,1
1564.8,0.1386,2.60304,7.42241,1
1564.9,0.1386,2.60305,7.42241,1
1565,0.1386,2.60307,7.42241,1
1565.1,0.1386,2.60308,7.42241,1
1565.2,0.1386,2.6031,7.42241,1
1565.3,0.1386,2.60311,7.42241,1
1565.4,0.1386,2.60313,7.42241,1
1565.5,0.13859,2.60314,7.42241,1
1565.6,0.13859,2.60316,7.42241,1
1565.7,0.13859,2.60317,7.42241,1
1565.8,0.13859,2.60319,7.42241,1
1565.9,0.13859,2.6032,7.42241,1
1566,0.13859,2.60322,7.42241,1
1566.1,0.13859,2.60324,7.42241,1
1566.2,0.13859,2.60325,7.42241,1
1566.3,0.13859,2.60327,7.42241,1
1566.4,0.13859,2.60328,7.42241,1
1566.5,0.13859,2.6033,7.42241,1
1566.6,0.13859,2.60331,7.42241,1
1566.7,0.13859,2.60333,7.42241,1
1566.8,0.13859,2.60334,7.42241,1
1566.9,0.13859,2.60336,7.42241,1
1567,0.13859,2.60338,7.42241,1
1567.1,0.13859,2.60339,7.42241,1
1567.2,0.13859,2.60341,7.42241,1
1567.3,0.13859,2.60343,7.42241,1
1567.4,0.13859,2.60344,7.42241,1
1567.5,0.13859,2.60346,7.42241,1
1567.6,0.13859,2.60348,7.42241,1
1567.7,0.13859,2.60349,7.42241,1
1567.8,0.13859,2.60351,7.42241,1
1567.9,0.13859,2.60353,7.4224,1
1568,0.13858,2.60354,7.4224,1
1568.1,0.13858,2.60356,7.4224,1
1568.2,0.13858,2.60358,7.4224,1
1568.3,0.13858,2.6036,7.4224,1
1568.4,0.13858,2.60361,7.4224,1
1568.5,0.13858,2.60363,7.4224,1
1568.6,0.13858,2.60364,7.4224,1
1568.7,0.13858,2.60366,7.4224,1
1568.8,0.13858,2.60368,7.4224,1
1568.9,0.13858,2.60369,7.4224,1
1569,0.13858,2.60371,7.4224,1
1569.1,0.13858,2.60372,7.4224,1
1569.2,0.13858,2.60374,7.4224,1
1569.3,0.13858,2.60375,7.4224,1
1569.4,0.13858,2.60377,7.4224,1
1569.5,0.13858,2.60378,7.4224,1
1569.6,0.13858,2.6038,7.4224,1
1569.7,0.13858,2.60381,7.4224,1
1569.8,0.13858,2.60383,7.4224,1
1569.9,0.13858,2.60384,7.4224,1
1570,0.13858,2.60385,7.4224,1
1570.1,0.13858,2.60387,7.4224,1
1570.2,0.13858,2.60388,7.4224,1
1570.3,0.13858,2.6039,7.4224,1
1570.4,0.13858,2.60392,7.4224,1
1570.5,0.13858,2.60393,7.4224,1
1570.6,0.13858,2.60395,7.4224,1
1570.7,0.13858,2.60396,7.4224,1
1570.8,0.13858,2.60398,7.4224,1
1570.9,0.13858,2.60399,7.4224,1
1571,0.13858,2.60401,7.4224,1
1571.1,0.13858,2.60402,7.4224,1
1571.2,0.13858,2.60404,7.4224,1
1571.3,0.13858,2.60405,7.42239,1
1571.4,0.13858,2.60407,7.42239,1
1571.5,0.13858,2.60408,7.42239,1
1571.6,0.13858,2.60409,7.42239,1
1571.7,0.13858,2.60411,7.42239,1
1571.8,0.13857,2.60412,7.42239,1
1571.9,0.13857,2.60413,7.42239,1
1572,0.13857,2.60415,7.42239,1
1572.1,0.13857,2.60416,7.42239,1
1572.2,0.13857,2.60417,7.42239,1
1572.3,0.13857,2.60419,7.42239,1
1572.4,0.13857,2.6042,7.42239,1
1572.5,0.13857,2.60421,7.42239,1
1572.6,0.13857,2.60423,7.42239,1
1572.7,0.13857,2.60424,7.42239,1
1572.8,0.13857,2.60426,7.42239,1
1572.9,0.13857,2.60427,7.42239,1
1573,0.13857,2.60428,7.42239,1
1573.1,0.13857,2.6043,7.42239,1
1573.2,0.13857,2.60431,7.42239,1
1573.3,0.13857,2.60432,7.42239,1
1573.4,0.13857,2.60434,7.42239,1
1573.5,0.13857,2.60435,7.42239,1
1573.6,0.13857,2.60436,7.42239,1
1573.7,0.13857,2.60438,7.42238,1
1573.8,0.13857,2.60439,7.42238,1
1573.9,0.13857,2.60441,7.42238,1
1574,0.13857,2.60442,7.42238,1
1574.1,0.13857,2.60443,7.42238,1
1574.2,0.13857,2.60445,7.42238,1
1574.3,0.13857,2.60446,7.42238,1
1574.4,0.13857,2.60448,7.42238,1
1574.5,0.13857,2.60449,7.42238,1
1574.6,0.13857,2.6045,7.42238,1
1574.7,0.13857,2.60452,7.42238,1
1574.8,0.13857,2.60453,7.42238,1
1574.9,0.13857,2.60454,7.42238,1
1575,0.13857,2.60456,7.42238,1
1575.1,0.13857,2.60458,7.42238,1
1575.2,0.13857,2.60459,7.42238,1
1575.3,0.13857,2.60461,7.42238,1
1575.4,0.13857,2.60462,7.42238,1
1575.5,0.13857,2.60464,7.42238,1
1575.6,0.13857,2.60465,7.42237,1
1575.7,0.13857,2.60466,7.42237,1
1575.8,0.13857,2.60468,7.42237,1
1575.9,0.13857,2.60469,7.42237,1
1576,0.13857,2.60471,7.42237,1
1576.1,0.13857,2.60473,7.42237,1
1576.2,0.13857,2.60474,7.42237,1
1576.3,0.13857,2.60475,7.42237,1
1576.4,0.13857,2.60477,7.42237,1
1576.5,0.13857,2.60478,7.42237,1
1576.6,0.13857,2.6048,7.42237,1
1576.7,0.13857,2.60481,7.42237,1
1576.8,0.13857,2.60483,7.42237,1
1576.9,0.13857,2.60484,7.42237,1
1577,0.13857,2.60486,7.42237,1
1577.1,0.13857,2.60487,7.42237,1
1577.2,0.13857,2.60489,7.42237,1
1577.3,0.13857,2.6049,7.42236,1
1577.4,0.13857,2.60492,7.42236,1
1577.5,0.13857,2.60493,7.42236,1
1577.6,0.13857,2.60495,7.42236,1
1577.7,0.13857,2.60496,7.42236,1
1577.8,0.13857,2.60497,7.42236,1
1577.9,0.13857,2.60499,7.42236,1
1578,0.13857,2.605,7.42236,1
1578.1,0.13857,2.60501,7.42236,1
1578.2,0.13857,2.60503,7.42236,1
1578.3,0.13857,2.60504,7.42236,1
1578.4,0.13857,2.60506,7.42236,1
1578.5,0.13857,2.60507,7.42236,1
1578.6,0.13857,2.60508,7.42236,1
1578.7,0.13857,2.6051,7.42236,1
1578.8,0.13857,2.60511,7.42236,1
1578.9,0.13857,2.60512,7.42236,1
1579,0.13857,2.60514,7.42236,1
1579.1,0.13857,2.60515,7.42235,1
1579.2,0.13857,2.60517,7.42235,1
1579.3,0.13857,2.60518,7.42235,1
1579.4,0.13857,2.6052,7.42235,1
1579.5,0.13857,2.60521,7.42235,1
1579.6,0.13857,2.60523,7.42235,1
1579.7,0.13857,2.60524,7.42235,1
1579.8,0.13857,2.60526,7.42235,1
1579.9,0.13857,2.60527,7.42235,1
1580,0.13857,2.60529,7.42235,1
1580.1,0.13857,2.6053,7.42235,1
1580.2,0.13857,2.60532,7.42235,1
1580.3,0.13857,2.60533,7.42235,1
1580.4,0.13857,2.60535,7.42235,1
1580.5,0.13857,2.60536,7.42235,1
1580.6,0.13857,2.60538,7.42235,1
1580.7,0.13857,2.60539,7.42235,1
1580.8,0.13857,2.60541,7.42234,1
1580.9,0.13857,2.60542,7.42234,1
1581,0.13857,2.60544,7.42234,1
1581.1,0.13857,2.60545,7.42234,1
1581.2,0.13857,2.60546,7.42234,1
1581.3,0.13857,2.60548,7.42234,1
1581.4,0.13857,2.60549,7.42234,1
1581.5,0.13857,2.60551,7.42234,1
1581.6,0.13857,2.60552,7.42234,1
1581.7,0.13857,2.60553,7.42234,1
1581.8,0.13857,2.60555,7.42234,1
1581.9,0.13857,2.60556,7.42234,1
1582,0.13857,2.60557,7.42234,1
1582.1,0.13857,2.60559,7.42234,1
1582.2,0.13857,2.6056,7.42234,1
1582.3,0.13858,2.60561,7.42234,1
1582.4,0.13858,2.60563,7.42233,1
1582.5,0.13858,2.60564,7.42233,1
1582.6,0.13858,2.60565,7.42233,1
1582.7,0.13858,2.60567,7.42233,1
1582.8,0.13858,2.60568,7.42233,1
1582.9,0.13858,2.60569,7.42233,1
1583,0.13858,2.6057,7.42233,1
1583.1,0.13858,2.60571,7.42233,1
1583.2,0.13858,2.60573,7.42233,1
1583.3,0.13858,2.60574,7.42233,1
1583.4,0.13858,2.60575,7.42233,1
1583.5,0.13858,2.60576,7.42233,1
1583.6,0.13858,2.60577,7.42233,1
1583.7,0.13858,2.60578,7.42233,1
1583.8,0.13858,2.60579,7.42233,1
1583.9,0.13858,2.60581,7.42233,1
1584,0.13858,2.60582,7.42232,1
1584.1,0.13858,2.60583,7.42232,1
1584.2,0.13858,2.60584,7.42232,1
1584.3,0.13858,2.60585,7.42232,1
1584.4,0.13858,2.60586,7.42232,1
1584.5,0.13858,2.60587,7.42232,1
1584.6,0.13858,2.60588,7.42232,1
1584.7,0.13858,2.60589,7.42232,1
1584.8,0.13858,2.6059,7.42232,1
1584.9,0.13858,2.60591,7.42232,1
1585,0.13858,2.60592,7.42232,1
1585.1,0.13858,2.60594,7.42232,1
1585.2,0.13858,2.60594,7.42232,1
1585.3,0.13858,2.60594,7.42232,1
1585.4,0.13858,2.60594,7.42232,1
1585.5,0.13858,2.60594,7.42232,1
1585.6,0.13858,2.60594,7.42232,1
1585.7,0.13858,2.60595,7.42232,1
1585.8,0.13858,2.60595,7.42231,1
1585.9,0.13858,2.60595,7.42231,1
1586,0.13858,2.60595,7.42231,1
1586.1,0.13858,2.60595,7.42231,1
1586.2,0.13858,2.60595,7.42231,1
1586.3,0.13858,2.60596,7.42231,1
1586.4,0.13859,2.60596,7.42231,1
1586.5,0.13859,2.60596,7.42231,1
1586.6,0.13859,2.60596,7.42231,1
1586.7,0.13859,2.60597,7.42231,1
1586.8,0.13859,2.60598,7.42231,1
1586.9,0.13859,2.60599,7.42231,1
1587,0.13859,2.606,7.42231,1
1587.1,0.13859,2.60601,7.42231,1
1587.2,0.13859,2.60602,7.42231,1
1587.3,0.13859,2.60603,7.42231,1
1587.4,0.13859,2.60603,7.42231,1
1587.5,0.13859,2.60604,7.42231,1
1587.6,0.13859,2.60605,7.42231,1
1587.7,0.13859,2.60606,7.4223,1
1587.8,0.13859,2.60607,7.4223,1
1587.9,0.13859,2.60608,7.4223,1
1588,0.13859,2.60609,7.4223,1
1588.1,0.13859,2.6061,7.4223,1
1588.2,0.13859,2.60611,7.4223,1
1588.3,0.13859,2.60612,7.4223,1
1588.4,0.13859,2.60613,7.4223,1
1588.5,0.13859,2.60614,7.4223,1
1588.6,0.13859,2.60614,7.4223,1
1588.7,0.13859,2.60615,7.4223,1
1588.8,0.13859,2.60616,7.4223,1
1588.9,0.13859,2.60616,7.4223,1
1589,0.13859,2.60617,7.4223,1
1589.1,0.13859,2.60618,7.4223,1
1589.2,0.13859,2.60619,7.4223,1
1589.3,0.13859,2.60619,7.42229,1
1589.4,0.13859,2.6062,7.42229,1
1589.5,0.13859,2.60621,7.42229,1
1589.6,0.13859,2.60621,7.42229,1
1589.7,0.13859,2.60622,7.42229,1
1589.8,0.13859,2.60623,7.42229,1
1589.9,0.13859,2.60623,7.42229,1
1590,0.13859,2.60624,7.42229,1
1590.1,0.1386,2.60625,7.42229,1
1590.2,0.1386,2.60625,7.42229,1
1590.3,0.1386,2.60626,7.42229,1
1590.4,0.1386,2.60627,7.42229,1
1590.5,0.1386,2.60628,7.42229,1
1590.6,0.1386,2.60629,7.42229,1
1590.7,0.1386,2.60629,7.42229,1
1590.8,0.1386,2.6063,7.42229,1
1590.9,0.1386,2.60631,7.42229,1
1591,0.1386,2.60632,7.42228,1
1591.1,0.1386,2.60632,7.42228,1
1591.2,0.1386,2.60633,7.42228,1
1591.3,0.1386,2.60634,7.42228,1
1591.4,0.1386,2.60635,7.42228,1
1591.5,0.1386,2.60635,7.42228,1
1591.6,0.1386,2.60636,7.42228,1
1591.7,0.1386,2.60637,7.42228,1
1591.8,0.1386,2.60637,7.42228,1
1591.9,0.1386,2.60638,7.42228,1
1592,0.1386,2.60639,7.42228,1
1592.1,0.1386,2.60639,7.42228,1
1592.2,0.1386,2.6064,7.42228,1
1592.3,0.1386,2.60641,7.42228,1
1592.4,0.1386,2.60641,7.42228,1
1592.5,0.1386,2.60642,7.42228,1
1592.6,0.1386,2.60643,7.42227,1
1592.7,0.1386,2.60643,7.42227,1
1592.8,0.1386,2.60644,7.42227,1
1592.9,0.1386,2.60645,7.42227,1
1593,0.1386,2.60645,7.42227,1
1593.1,0.1386,2.60646,7.42227,1
1593.2,0.1386,2.60646,7.42227,1
1593.3,0.1386,2.60647,7.42227,1
1593.4,0.1386,2.60647,7.42227,1
1593.5,0.1386,2.60648,7.42227,1
1593.6,0.1386,2.60649,7.42227,1
1593.7,0.1386,2.60649,7.42227,1
1593.8,0.1386,2.6065,7.42227,1
1593.9,0.1386,2.6065,7.42227,1
1594,0.1386,2.60651,7.42227,1
1594.1,0.13861,2.60652,7.42227,1
1594.2,0.13861,2.60652,7.42226,1
1594.3,0.13861,2.60653,7.42226,1
1594.4,0.13861,2.60653,7.42226,1
1594.5,0.13861,2.60654,7.42226,1
1594.6,0.13861,2.60654,7.42226,1
1594.7,0.13861,2.60655,7.42226,1
1594.8,0.13861,2.60655,7.42226,1
1594.9,0.13861,2.60656,7.42226,1
1595,0.13861,2.60657,7.42226,1
1595.1,0.13861,2.60657,7.42226,1
1595.2,0.13861,2.60658,7.42226,1
1595.3,0.13861,2.60659,7.42226,1
1595.4,0.13861,2.60659,7.42226,1
1595.5,0.13861,2.6066,7.42226,1
1595.6,0.13861,2.60661,7.42226,1
1595.7,0.13861,2.60662,7.42226,1
1595.8,0.13861,2.60662,7.42226,1
1595.9,0.13861,2.60663,7.42226,1
1596,0.13861,2.60664,7.42226,1
1596.1,0.13861,2.60664,7.42226,1
1596.2,0.13861,2.60665,7.42225,1
1596.3,0.13861,2.60665,7.42225,1
1596.4,0.13861,2.60666,7.42225,1
1596.5,0.13861,2.60666,7.42225,1
1596.6,0.13861,2.60667,7.42225,1
1596.7,0.13861,2.60668,7.42225,1
1596.8,0.13861,2.60668,7.42225,1
1596.9,0.13861,2.60669,7.42225,1
1597,0.13861,2.6067,7.42225,1
1597.1,0.13861,2.6067,7.42225,1
1597.2,0.13861,2.60671,7.42225,1
1597.3,0.13861,2.60672,7.42225,1
1597.4,0.13861,2.60673,7.42225,1
1597.5,0.13861,2.60673,7.42225,1
1597.6,0.13861,2.60674,7.42225,1
1597.7,0.13861,2.60675,7.42225,1
1597.8,0.13861,2.60676,7.42225,1
1597.9,0.13861,2.60676,7.42225,1
1598,0.13861,2.60677,7.42225,1
1598.1,0.13861,2.60678,7.42225,1
1598.2,0.13861,2.60679,7.42225,1
1598.3,0.13861,2.60679,7.42225,1
1598.4,0.13861,2.6068,7.42225,1
1598.5,0.13861,2.60681,7.42225,1
1598.6,0.13861,2.60682,7.42225,1
1598.7,0.13861,2.60683,7.42225,1
1598.8,0.13861,2.60683,7.42224,1
1598.9,0.13861,2.60684,7.42224,1
1599,0.13861,2.60685,7.42224,1
1599.1,0.13861,2.60686,7.42224,1
1599.2,0.13861,2.60687,7.42224,1
1599.3,0.13861,2.60687,7.42224,1
1599.4,0.13861,2.60688,7.42224,1
1599.5,0.13861,2.60689,7.42224,1
1599.6,0.13861,2.6069,7.42224,1
1599.7,0.13861,2.60691,7.42224,1
1599.8,0.13861,2.60692,7.42224,1
1599.9,0.13861,2.60693,7.42224,1
1600,0.13861,2.60694,7.42224,1
1600.1,0.13861,2.60695,7.42224,1
1600.2,0.13861,2.60696,7.42224,1
1600.3,0.13861,2.60698,7.42224,1
1600.4,0.13861,2.60699,7.42224,1
1600.5,0.13861,2.607,7.42224,1
1600.6,0.13861,2.60701,7.42224,1
1600.7,0.13861,2.60702,7.42224,1
1600.8,0.13861,2.60703,7.42224,1
1600.9,0.13861,2.60704,7.42224,1
1601,0.13861,2.60705,7.42224,1
1601.1,0.13861,2.60706,7.42223,1
1601.2,0.13861,2.60708,7.42223,1
1601.3,0.13861,2.60709,7.42223,1
1601.4,0.13861,2.6071,7.42223,1
1601.5,0.13861,2.60711,7.42223,1
1601.6,0.13861,2.60712,7.42223,1
1601.7,0.13861,2.60714,7.42223,1
1601.8,0.13861,2.60715,7.42223,1
1601.9,0.13861,2.60716,7.42223,1
1602,0.13861,2.60717,7.42223,1
1602.1,0.13861,2.60719,7.42223,1
1602.2,0.13861,2.6072,7.42223,1
1602.3,0.13861,2.60721,7.42223,1
1602.4,0.13861,2.60722,7.42223,1
1602.5,0.13861,2.60724,7.42223,1
1602.6,0.13861,2.60725,7.42223,1
1602.7,0.13861,2.60726,7.42223,1
1602.8,0.13861,2.60727,7.42223,1
1602.9,0.13861,2.60729,7.42223,1
1603,0.13861,2.6073,7.42223,1
1603.1,0.13861,2.60731,7.42223,1
1603.2,0.13861,2.60732,7.42223,1
1603.3,0.13861,2.60734,7.42223,1
1603.4,0.13861,2.60735,7.42223,1
1603.5,0.13861,2.60736,7.42223,1
1603.6,0.13861,2.60738,7.42223,1
1603.7,0.13861,2.60739,7.42223,1
1603.8,0.13861,2.6074,7.42223,1
1603.9,0.13861,2.60742,7.42223,1
1604,0.13861,2.60743,7.42223,1
1604.1,0.13861,2.60744,7.42223,1
1604.2,0.13861,2.60745,7.42223,1
1604.3,0.13861,2.60746,7.42223,1
1604.4,0.13861,2.60748,7.42223,1
1604.5,0.13861,2.60749,7.42223,1
1604.6,0.13861,2.6075,7.42223,1
1604.7,0.13861,2.60751,7.42223,1
1604.8,0.13861,2.60753,7.42223,1
1604.9,0.13861,2.60754,7.42223,1
1605,0.13861,2.60755,7.42223,1
1605.1,0.13861,2.60757,7.42223,1
1605.2,0.13861,2.60758,7.42223,1
1605.3,0.13861,2.60759,7.42223,1
1605.4,0.13861,2.60761,7.42222,1
1605.5,0.13861,2.60762,7.42222,1
1605.6,0.13861,2.60763,7.42222,1
1605.7,0.13861,2.60764,7.42222,1
1605.8,0.13861,2.60765,7.42222,1
1605.9,0.13861,2.60767,7.42222,1
1606,0.13861,2.60768,7.42222,1
1606.1,0.13861,2.60769,7.42222,1
1606.2,0.13861,2.6077,7.42222,1
1606.3,0.13861,2.60772,7.42222,1
1606.4,0.13861,2.60773,7.42222,1
1606.5,0.13861,2.60774,7.42222,1
1606.6,0.13861,2.60775,7.42222,1
1606.7,0.13861,2.60777,7.42222,1
1606.8,0.13861,2.60778,7.42222,1
1606.9,0.13861,2.60779,7.42222,1
1607,0.13861,2.60781,7.42222,1
1607.1,0.13861,2.60782,7.42222,1
1607.2,0.13861,2.60783,7.42222,1
1607.3,0.13861,2.60784,7.42222,1
1607.4,0.13861,2.60785,7.42222,1
1607.5,0.13861,2.60786,7.42222,1
1607.6,0.13861,2.60787,7.42222,1
1607.7,0.13861,2.60787,7.42222,1
1607.8,0.13861,2.60788,7.42222,1
1607.9,0.13861,2.60789,7.42222,1
1608,0.13861,2.6079,7.42222,1
1608.1,0.13861,2.6079,7.42222,1
1608.2,0.13861,2.60791,7.42222,1
1608.3,0.13861,2.60792,7.42222,1
1608.4,0.13861,2.60792,7.42222,1
1608.5,0.13861,2.60793,7.42222,1
1608.6,0.13861,2.60794,7.42222,1
1608.7,0.13861,2.60794,7.42222,1
1608.8,0.1386,2.60795,7.42222,1
1608.9,0.1386,2.60795,7.42222,1
1609,0.1386,2.60796,7.42222,1
1609.1,0.1386,2.60797,7.42222,1
1609.2,0.1386,2.60797,7.42222,1
1609.3,0.1386,2.60798,7.42222,1
1609.4,0.1386,2.60799,7.42221,1
1609.5,0.1386,2.608,7.42221,1
1609.6,0.1386,2.608,7.42221,1
1609.7,0.1386,2.60801,7.42221,1
1609.8,0.1386,2.60801,7.42221,1
1609.9,0.1386,2.60802,7.42221,1
1610,0.1386,2.60803,7.42221,1
1610.1,0.1386,2.60803,7.42221,1
1610.2,0.1386,2.60804,7.42221,1
1610.3,0.1386,2.60804,7.42221,1
1610.4,0.1386,2.60805,7.42221,1
1610.5,0.1386,2.60805,7.42221,1
1610.6,0.1386,2.60806,7.42221,1
1610.7,0.1386,2.60806,7.42221,1
1610.8,0.1386,2.60807,7.42221,1
1610.9,0.1386,2.60807,7.42221,1
1611,0.1386,2.60807,7.42221,1
1611.1,0.1386,2.60808,7.42221,1
1611.2,0.1386,2.60808,7.42221,1
1611.3,0.13859,2.60809,7.42221,1
1611.4,0.13859,2.60809,7.42221,1
1611.5,0.13859,2.60809,7.42221,1
1611.6,0.13859,2.6081,7.42221,1
1611.7,0.13859,2.6081,7.42221,1
1611.8,0.13859,2.60811,7.42221,1
1611.9,0.13859,2.60811,7.42221,1
1612,0.13859,2.60812,7.42221,1
1612.1,0.13859,2.60812,7.42221,1
1612.2,0.13859,2.60813,7.42221,1
1612.3,0.13859,2.60813,7.4222,1
1612.4,0.13859,2.60814,7.4222,1
1612.5,0.13859,2.60814,7.4222,1
1612.6,0.13859,2.60814,7.4222,1
1612.7,0.13859,2.60815,7.4222,1
1612.8,0.13859,2.60815,7.4222,1
1612.9,0.13859,2.60815,7.4222,1
1613,0.13859,2.60816,7.4222,1
1613.1,0.13859,2.60816,7.4222,1
1613.2,0.13859,2.60816,7.4222,1
1613.3,0.13859,2.60817,7.4222,1
1613.4,0.13858,2.60817,7.4222,1
1613.5,0.13858,2.60817,7.4222,1
1613.6,0.13858,2.60818,7.4222,1
1613.7,0.13858,2.60818,7.4222,1
1613.8,0.13858,2.60818,7.4222,1
1613.9,0.13858,2.60818,7.4222,1
1614,0.13858,2.60818,7.4222,1
1614.1,0.13858,2.60818,7.4222,1
1614.2,0.13858,2.60819,7.4222,1
1614.3,0.13858,2.60819,7.4222,1
1614.4,0.13858,2.60819,7.4222,1
1614.5,0.13858,2.60819,7.4222,1
1614.6,0.13858,2.60819,7.4222,1
1614.7,0.13858,2.6082,7.42219,1
1614.8,0.13858,2.6082,7.42219,1
1614.9,0.13858,2.6082,7.42219,1
1615,0.13858,2.6082,7.42219,1
1615.1,0.13858,2.60821,7.42219,1
1615.2,0.13858,2.60821,7.42219,1
1615.3,0.13858,2.60821,7.42219,1
1615.4,0.13858,2.60821,7.42219,1
1615.5,0.13858,2.60822,7.42219,1
1615.6,0.13857,2.60822,7.42219,1
1615.7,0.13857,2.60822,7.42219,1
1615.8,0.13857,2.60822,7.42219,1
1615.9,0.13857,2.60822,7.42219,1
1616,0.13857,2.60823,7.42219,1
1616.1,0.13857,2.60823,7.42219,1
1616.2,0.13857,2.60823,7.42219,1
1616.3,0.13857,2.60823,7.42219,1
1616.4,0.13857,2.60824,7.42219,1
1616.5,0.13857,2.60824,7.42219,1
1616.6,0.13857,2.60824,7.42219,1
1616.7,0.13857,2.60824,7.42218,1
1616.8,0.13857,2.60825,7.42218,1
1616.9,0.13857,2.60825,7.42218,1
1617,0.13857,2.60825,7.42218,1
1617.1,0.13857,2.60825,7.42218,1
1617.2,0.13857,2.60825,7.42218,1
1617.3,0.13857,2.60825,7.42218,1
1617.4,0.13857,2.60825,7.42218,1
1617.5,0.13857,2.60825,7.42218,1
1617.6,0.13857,2.60824,7.42218,1
1617.7,0.13857,2.60823,7.42218,1
1617.8,0.13856,2.60823,7.42218,1
1617.9,0.13856,2.60822,7.42218,1
1618,0.13856,2.60822,7.42218,1
1618.1,0.13856,2.60822,7.42218,1
1618.2,0.13856,2.60822,7.42218,1
1618.3,0.13856,2.60822,7.42218,1
1618.4,0.13856,2.60822,7.42218,1
1618.5,0.13856,2.60822,7.42218,1
1618.6,0.13856,2.60822,7.42218,1
1618.7,0.13856,2.60822,7.42218,1
1618.8,0.13856,2.60822,7.42217,1
1618.9,0.13856,2.60822,7.42217,1
1619,0.13856,2.60822,7.42217,1
1619.1,0.13856,2.60823,7.42217,1
1619.2,0.13856,2.60823,7.42217,1
1619.3,0.13856,2.60823,7.42217,1
1619.4,0.13856,2.60823,7.42217,1
1619.5,0.13856,2.60823,7.42217,1
1619.6,0.13856,2.60824,7.42217,1
1619.7,0.13856,2.60824,7.42217,1
1619.8,0.13856,2.60824,7.42217,1
1619.9,0.13856,2.60824,7.42217,1
1620,0.13856,2.60824,7.42217,1
1620.1,0.13855,2.60825,7.42217,1
1620.2,0.13855,2.60825,7.42217,1
1620.3,0.13855,2.60825,7.42217,1
1620.4,0.13855,2.60825,7.42217,1
1620.5,0.13855,2.60826,7.42217,1
1620.6,0.13855,2.60826,7.42217,1
1620.7,0.13855,2.60826,7.42217,1
1620.8,0.13855,2.60826,7.42217,1
1620.9,0.13855,2.60826,7.42217,1
1621,0.13855,2.60827,7.42217,1
1621.1,0.13855,2.60827,7.42216,1
1621.2,0.13855,2.60827,7.42216,1
1621.3,0.13855,2.60827,7.42216,1
1621.4,0.13855,2.60827,7.42216,1
1621.5,0.13855,2.60827,7.42216,1
1621.6,0.13855,2.60827,7.42216,1
1621.7,0.13855,2.60827,7.42216,1
1621.8,0.13855,2.60828,7.42216,1
1621.9,0.13855,2.60828,7.42216,1
1622,0.13855,2.60828,7.42216,1
1622.1,0.13855,2.60828,7.42216,1
1622.2,0.13855,2.60828,7.42216,1
1622.3,0.13854,2.60828,7.42216,1
1622.4,0.13854,2.60828,7.42216,1
1622.5,0.13854,2.60828,7.42216,1
1622.6,0.13854,2.60828,7.42216,1
1622.7,0.13854,2.60828,7.42216,1
1622.8,0.13854,2.60828,7.42216,1
1622.9,0.13854,2.60828,7.42216,1
1623,0.13854,2.60828,7.42216,1
1623.1,0.13854,2.60829,7.42216,1
1623.2,0.13854,2.60829,7.42216,1
1623.3,0.13854,2.60829,7.42216,1
1623.4,0.13854,2.60829,7.42216,1
1623.5,0.13854,2.60829,7.42216,1
1623.6,0.13854,2.60829,7.42216,1
1623.7,0.13854,2.60829,7.42216,1
1623.8,0.13854,2.60829,7.42216,1
1623.9,0.13854,2.60829,7.42216,1
1624,0.13854,2.6083,7.42216,1
1624.1,0.13854,2.6083,7.42216,1
1624.2,0.13853,2.6083,7.42216,1
1624.3,0.13853,2.60831,7.42216,1
1624.4,0.13853,2.60831,7.42216,1
1624.5,0.13853,2.60832,7.42216,1
1624.6,0.13853,2.60832,7.42216,1
1624.7,0.13853,2.60833,7.42216,1
1624.8,0.13853,2.60833,7.42216,1
1624.9,0.13853,2.60834,7.42216,1
1625,0.13853,2.60834,7.42216,1
1625.1,0.13853,2.60834,7.42216,1
1625.2,0.13853,2.60835,7.42216,1
1625.3,0.13853,2.60835,7.42216,1
1625.4,0.13853,2.60835,7.42216,1
1625.5,0.13853,2.60836,7.42216,1
1625.6,0.13853,2.60836,7.42216,1
1625.7,0.13853,2.60836,7.42216,1
1625.8,0.13853,2.60837,7.42216,1
1625.9,0.13853,2.60837,7.42216,1
1626,0.13853,2.60837,7.42216,1
1626.1,0.13852,2.60838,7.42215,1
1626.2,0.13852,2.60838,7.42215,1
1626.3,0.13852,2.60838,7.42215,1
1626.4,0.13852,2.60838,7.42215,1
1626.5,0.13852,2.60838,7.42215,1
1626.6,0.13852,2.60839,7.42215,1
1626.7,0.13852,2.60839,7.42215,1
1626.8,0.13852,2.60839,7.42215,1
1626.9,0.13852,2.60839,7.42215,1
1627,0.13852,2.6084,7.42215,1
1627.1,0.13852,2.6084,7.42215,1
1627.2,0.13852,2.6084,7.42215,1
1627.3,0.13852,2.6084,7.42215,1
1627.4,0.13852,2.6084,7.42215,1
1627.5,0.13852,2.6084,7.42215,1
1627.6,0.13852,2.60841,7.42215,1
1627.7,0.13852,2.60841,7.42215,1
1627.8,0.13852,2.60841,7.42215,1
1627.9,0.13851,2.60841,7.42215,1
1628,0.13851,2.60842,7.42215,1
1628.1,0.13851,2.60842,7.42215,1
1628.2,0.13851,2.60842,7.42215,1
1628.3,0.13851,2.60842,7.42215,1
1628.4,0.13851,2.60842,7.42215,1
1628.5,0.13851,2.60843,7.42215,1
1628.6,0.13851,2.60843,7.42215,1
1628.7,0.13851,2.60843,7.42215,1
1628.8,0.13851,2.60843,7.42215,1
1628.9,0.13851,2.60843,7.42215,1
1629,0.13851,2.60843,7.42215,1
1629.1,0.13851,2.60844,7.42215,1
1629.2,0.13851,2.60844,7.42215,1
1629.3,0.13851,2.60844,7.42215,1
1629.4,0.13851,2.60844,7.42215,1
1629.5,0.13851,2.60844,7.42215,1
1629.6,0.13851,2.60844,7.42215,1
1629.7,0.13851,2.60844,7.42215,1
1629.8,0.13851,2.60845,7.42215,1
1629.9,0.1385,2.60845,7.42215,1
1630,0.1385,2.60845,7.42215,1
1630.1,0.1385,2.60845,7.42215,1
1630.2,0.1385,2.60845,7.42215,1
1630.3,0.1385,2.60845,7.42215,1
1630.4,0.1385,2.60845,7.42215,1
1630.5,0.1385,2.60845,7.42215,1
1630.6,0.1385,2.60845,7.42215,1
1630.7,0.1385,2.60846,7.42215,1
1630.8,0.1385,2.60846,7.42215,1
1630.9,0.1385,2.60846,7.42215,1
1631,0.1385,2.60846,7.42215,1
1631.1,0.1385,2.60846,7.42215,1
1631.2,0.1385,2.60846,7.42215,1
1631.3,0.1385,2.60846,7.42215,1
1631.4,0.1385,2.60847,7.42215,1
1631.5,0.1385,2.60847,7.42215,1
1631.6,0.1385,2.60847,7.42215,1
1631.7,0.1385,2.60847,7.42215,1
1631.8,0.13849,2.60847,7.42215,1
1631.9,0.13849,2.60847,7.42215,1
1632,0.13849,2.60847,7.42215,1
1632.1,0.13849,2.60847,7.42215,1
1632.2,0.13849,2.60847,7.42215,1
1632.3,0.13849,2.60847,7.42215,1
1632.4,0.13849,2.60848,7.42215,1
1632.5,0.13849,2.60848,7.42215,1
1632.6,0.13849,2.60848,7.42215,1
1632.7,0.13849,2.60848,7.42215,1
1632.8,0.13849,2.60848,7.42215,1
1632.9,0.13849,2.60848,7.42215,1
1633,0.13849,2.60848,7.42215,1
1633.1,0.13849,2.60848,7.42215,1
1633.2,0.13849,2.60849,7.42215,1
1633.3,0.13849,2.60849,7.42215,1
1633.4,0.13849,2.60849,7.42215,1
1633.5,0.13849,2.60849,7.42215,1
1633.6,0.13849,2.60849,7.42215,1
1633.7,0.13849,2.60849,7.42215,1
1633.8,0.13848,2.60849,7.42215,1
1633.9,0.13848,2.60849,7.42215,1
1634,0.13848,2.60849,7.42215,1
1634.1,0.13848,2.60849,7.42215,1
1634.2,0.13848,2.6085,7.42215,1
1634.3,0.13848,2.6085,7.42215,1
1634.4,0.13848,2.6085,7.42214,1
1634.5,0.13848,2.6085,7.42214,1
1634.6,0.13848,2.6085,7.42214,1
1634.7,0.13848,2.6085,7.42214,1
1634.8,0.13848,2.6085,7.42214,1
1634.9,0.13848,2.6085,7.42214,1
1635,0.13848,2.6085,7.42214,1
1635.1,0.13848,2.6085,7.42214,1
1635.2,0.13848,2.6085,7.42214,1
1635.3,0.13848,2.6085,7.42214,1
1635.4,0.13848,2.6085,7.42214,1
1635.5,0.13848,2.60849,7.42214,1
1635.6,0.13847,2.60849,7.42214,1
1635.7,0.13847,2.60849,7.42214,1
1635.8,0.13847,2.60849,7.42214,1
1635.9,0.13847,2.60849,7.42214,1
1636,0.13847,2.60849,7.42214,1
1636.1,0.13847,2.60849,7.42214,1
1636.2,0.13847,2.60849,7.42214,1
1636.3,0.13847,2.60849,7.42214,1
1636.4,0.13847,2.60849,7.42214,1
1636.5,0.13847,2.60849,7.42214,1
1636.6,0.13847,2.60849,7.42214,1
1636.7,0.13847,2.60849,7.42214,1
1636.8,0.13847,2.60849,7.42214,1
1636.9,0.13847,2.60849,7.42214,1
1637,0.13847,2.60849,7.42214,1
1637.1,0.13847,2.60849,7.42214,1
1637.2,0.13847,2.60849,7.42214,1
1637.3,0.13846,2.60849,7.42214,1
1637.4,0.13846,2.60849,7.42214,1
1637.5,0.13846,2.60849,7.42214,1
1637.6,0.13846,2.60849,7.42214,1
1637.7,0.13846,2.60849,7.42214,1
1637.8,0.13846,2.60849,7.42214,1
1637.9,0.13846,2.60849,7.42214,1
1638,0.13846,2.60849,7.42214,1
1638.1,0.13846,2.60849,7.42214,1
1638.2,0.13846,2.60849,7.42214,1
1638.3,0.13846,2.60848,7.42214,1
1638.4,0.13846,2.60848,7.42213,1
1638.5,0.13846,2.60848,7.42213,1
1638.6,0.13846,2.60848,7.42213,1
1638.7,0.13846,2.60848,7.42213,1
1638.8,0.13845,2.60848,7.42213,1
1638.9,0.13845,2.60849,7.42213,1
1639,0.13845,2.60849,7.42213,1
1639.1,0.13845,2.60849,7.42213,1
1639.2,0.13845,2.60849,7.42213,1
1639.3,0.13845,2.60849,7.42213,1
1639.4,0.13845,2.60849,7.42213,1
1639.5,0.13845,2.60849,7.42213,1
1639.6,0.13845,2.60849,7.42213,1
1639.7,0.13845,2.60849,7.42213,1
1639.8,0.13845,2.60849,7.42213,1
1639.9,0.13845,2.60849,7.42213,1
1640,0.13845,2.60849,7.42213,1
1640.1,0.13845,2.6085,7.42213,1
1640.2,0.13845,2.6085,7.42213,1
1640.3,0.13844,2.6085,7.42213,1
1640.4,0.13844,2.6085,7.42213,1
1640.5,0.13844,2.6085,7.42213,1
1640.6,0.13844,2.6085,7.42213,1
1640.7,0.13844,2.6085,7.42213,1
1640.8,0.13844,2.6085,7.42213,1
1640.9,0.13844,2.60851,7.42213,1
1641,0.13844,2.60851,7.42213,1
1641.1,0.13844,2.60851,7.42213,1
1641.2,0.13844,2.60851,7.42213,1
1641.3,0.13844,2.60851,7.42213,1
1641.4,0.13844,2.60851,7.42213,1
1641.5,0.13844,2.60851,7.42213,1
1641.6,0.13844,2.60851,7.42213,1
1641.7,0.13844,2.60851,7.42213,1
1641.8,0.13843,2.60851,7.42213,1
1641.9,0.13843,2.60851,7.42213,1
1642,0.13843,2.60851,7.42213,1
1642.1,0.13843,2.60851,7.42213,1
1642.2,0.13843,2.60851,7.42213,1
1642.3,0.13843,2.60851,7.42212,1
1642.4,0.13843,2.60851,7.42212,1
1642.5,0.13843,2.60851,7.42212,1
1642.6,0.13843,2.60851,7.42212,1
1642.7,0.13843,2.60851,7.42212,1
1642.8,0.13843,2.60851,7.42212,1
1642.9,0.13843,2.60851,7.42212,1
1643,0.13843,2.60851,7.42212,1
1643.1,0.13843,2.60851,7.42212,1
1643.2,0.13842,2.60851,7.42212,1
1643.3,0.13842,2.60851,7.42212,1
1643.4,0.13842,2.60851,7.42212,1
1643.5,0.13842,2.60851,7.42212,1
1643.6,0.13842,2.6085,7.42212,1
1643.7,0.13842,2.6085,7.42212,1
1643.8,0.13842,2.6085,7.42212,1
1643.9,0.13842,2.6085,7.42212,1
1644,0.13842,2.6085,7.42212,1
1644.1,0.13842,2.6085,7.42212,1
1644.2,0.13842,2.6085,7.42212,1
1644.3,0.13842,2.6085,7.42212,1
1644.4,0.13842,2.60851,7.42212,1
1644.5,0.13842,2.60851,7.42212,1
1644.6,0.13841,2.60851,7.42212,1
1644.7,0.13841,2.60851,7.42212,1
1644.8,0.13841,2.60851,7.42212,1
1644.9,0.13841,2.60851,7.42212,1
1645,0.13841,2.60851,7.42212,1
1645.1,0.13841,2.60851,7.42212,1
1645.2,0.13841,2.60851,7.42212,1
1645.3,0.13841,2.60851,7.42212,1
1645.4,0.13841,2.60851,7.42212,1
1645.5,0.13841,2.6085,7.42212,1
1645.6,0.13841,2.6085,7.42212,1
1645.7,0.13841,2.6085,7.42212,1
1645.8,0.13841,2.6085,7.42212,1
1645.9,0.13841,2.6085,7.42212,1
1646,0.1384,2.6085,7.42212,1
1646.1,0.1384,2.6085,7.42212,1
1646.2,0.1384,2.60849,7.42212,1
1646.3,0.1384,2.60849,7.42212,1
1646.4,0.1384,2.60849,7.42212,1
1646.5,0.1384,2.60849,7.42212,1
1646.6,0.1384,2.60849,7.42212,1
1646.7,0.1384,2.60848,7.42212,1
1646.8,0.1384,2.60848,7.42212,1
1646.9,0.1384,2.60848,7.42212,1
1647,0.1384,2.60848,7.42212,1
1647.1,0.1384,2.60848,7.42212,1
1647.2,0.1384,2.60848,7.42212,1
1647.3,0.13839,2.60848,7.42212,1
1647.4,0.13839,2.60847,7.42212,1
1647.5,0.13839,2.60847,7.42212,1
1647.6,0.13839,2.60847,7.42212,1
1647.7,0.13839,2.60847,7.42212,1
1647.8,0.13839,2.60847,7.42211,1
1647.9,0.13839,2.60846,7.42211,1
1648,0.13839,2.60846,7.42211,1
1648.1,0.13839,2.60846,7.42211,1
1648.2,0.13839,2.60845,7.42211,1
1648.3,0.13839,2.60845,7.42211,1
1648.4,0.13839,2.60845,7.42211,1
1648.5,0.13839,2.60844,7.42211,1
1648.6,0.13838,2.60844,7.42211,1
1648.7,0.13838,2.60844,7.42211,1
1648.8,0.13838,2.60843,7.42211,1
1648.9,0.13838,2.60843,7.42211,1
1649,0.13838,2.60842,7.42211,1
1649.1,0.13838,2.60842,7.42211,1
1649.2,0.13838,2.60842,7.42211,1
1649.3,0.13838,2.60841,7.42211,1
1649.4,0.13838,2.60841,7.42211,1
1649.5,0.13838,2.6084,7.42211,1
1649.6,0.13838,2.6084,7.42211,1
1649.7,0.13838,2.60839,7.42211,1
1649.8,0.13837,2.60839,7.42211,1
1649.9,0.13837,2.60839,7.42211,1
1650,0.13837,2.60838,7.42211,1
1650.1,0.13837,2.60838,7.42211,1
1650.2,0.13837,2.60837,7.42211,1
1650.3,0.13837,2.60837,7.42211,1
1650.4,0.13837,2.60836,7.42211,1
1650.5,0.13837,2.60836,7.42211,1
1650.6,0.13837,2.60835,7.42211,1
1650.7,0.13837,2.60834,7.42211,1
1650.8,0.13837,2.60834,7.42211,1
1650.9,0.13836,2.60833,7.42211,1
1651,0.13836,2.60833,7.42211,1
1651.1,0.13836,2.60832,7.42211,1
1651.2,0.13836,2.60831,7.42211,1
1651.3,0.13836,2.60831,7.42211,1
1651.4,0.13836,2.6083,7.42211,1
1651.5,0.13836,2.6083,7.42211,1
1651.6,0.13836,2.60829,7.42211,1
1651.7,0.13836,2.60828,7.42211,1
1651.8,0.13836,2.60828,7.42211,1
1651.9,0.13836,2.60827,7.42211,1
1652,0.13836,2.60826,7.42211,1
1652.1,0.13835,2.60826,7.42211,1
1652.2,0.13835,2.60825,7.42211,1
1652.3,0.13835,2.60824,7.42211,1
1652.4,0.13835,2.60823,7.42211,1
1652.5,0.13835,2.60823,7.42211,1
1652.6,0.13835,2.60822,7.42211,1
1652.7,0.13835,2.60821,7.42211,1
1652.8,0.13835,2.6082,7.42211,1
1652.9,0.13835,2.6082,7.42211,1
1653,0.13835,2.60819,7.42211,1
1653.1,0.13834,2.60818,7.42211,1
1653.2,0.13834,2.60817,7.42211,1
1653.3,0.13834,2.60816,7.42211,1
1653.4,0.13834,2.60816,7.42211,1
1653.5,0.13834,2.60815,7.42211,1
1653.6,0.13834,2.60814,7.42211,1
1653.7,0.13834,2.60813,7.42211,1
1653.8,0.13834,2.60812,7.42211,1
1653.9,0.13834,2.60812,7.42211,1
1654,0.13834,2.60811,7.42211,1
1654.1,0.13834,2.6081,7.42211,1
1654.2,0.13833,2.60809,7.42211,1
1654.3,0.13833,2.60808,7.42211,1
1654.4,0.13833,2.60807,7.42211,1
1654.5,0.13833,2.60807,7.42211,1
1654.6,0.13833,2.60806,7.42211,1
1654.7,0.13833,2.60805,7.42211,1
1654.8,0.13833,2.60804,7.42211,1
1654.9,0.13833,2.60803,7.42211,1
1655,0.13833,2.60803,7.42211,1
1655.1,0.13833,2.60802,7.42211,1
1655.2,0.13832,2.60801,7.42211,1
1655.3,0.13832,2.608,7.42211,1
1655.4,0.13832,2.60799,7.42211,1
1655.5,0.13832,2.60799,7.42211,1
1655.6,0.13832,2.60798,7.42211,1
1655.7,0.13832,2.60797,7.42211,1
1655.8,0.13832,2.60796,7.42211,1
1655.9,0.13832,2.60796,7.42211,1
1656,0.13832,2.60795,7.42211,1
1656.1,0.13832,2.60794,7.42211,1
1656.2,0.13832,2.60793,7.42211,1
1656.3,0.13831,2.60793,7.42211,1
1656.4,0.13831,2.60792,7.42211,1
1656.5,0.13831,2.60791,7.42211,1
1656.6,0.13831,2.6079,7.42211,1
1656.7,0.13831,2.60789,7.42211,1
1656.8,0.13831,2.60788,7.42211,1
1656.9,0.13831,2.60787,7.42211,1
1657,0.13831,2.60787,7.42211,1
1657.1,0.13831,2.60786,7.42211,1
1657.2,0.1383,2.60785,7.42211,1
1657.3,0.1383,2.60784,7.42211,1
1657.4,0.1383,2.60783,7.42211,1
1657.5,0.1383,2.60782,7.42211,1
1657.6,0.1383,2.60781,7.42211,1
1657.7,0.1383,2.60781,7.42211,1
1657.8,0.1383,2.6078,7.42211,1
1657.9,0.1383,2.60779,7.42211,1
1658,0.1383,2.60778,7.42211,1
1658.1,0.1383,2.60777,7.42211,1
1658.2,0.13829,2.60776,7.42211,1
1658.3,0.13829,2.60775,7.42211,1
1658.4,0.13829,2.60774,7.42211,1
1658.5,0.13829,2.60773,7.42211,1
1658.6,0.13829,2.60773,7.42211,1
1658.7,0.13829,2.60772,7.42211,1
1658.8,0.13829,2.60771,7.42211,1
1658.9,0.13829,2.6077,7.42211,1
1659,0.13829,2.60769,7.42211,1
1659.1,0.13829,2.60768,7.42211,1
1659.2,0.13829,2.60767,7.42211,1
1659.3,0.13828,2.60766,7.42211,1
1659.4,0.13828,2.60765,7.42211,1
1659.5,0.13828,2.60764,7.42211,1
1659.6,0.13828,2.60763,7.42211,1
1659.7,0.13828,2.60762,7.42211,1
1659.8,0.13828,2.60761,7.42211,1
1659.9,0.13828,2.60761,7.42211,1
1660,0.13828,2.6076,7.42211,1
1660.1,0.13828,2.60759,7.42212,1
1660.2,0.13827,2.60758,7.42212,1
1660.3,0.13827,2.60757,7.42212,1
1660.4,0.13827,2.60756,7.42212,1
1660.5,0.13827,2.60755,7.42212,1
1660.6,0.13827,2.60755,7.42212,1
1660.7,0.13827,2.60754,7.42212,1
1660.8,0.13827,2.60753,7.42212,1
1660.9,0.13827,2.60752,7.42212,1
1661,0.13827,2.60751,7.42212,1
1661.1,0.13827,2.6075,7.42212,1
1661.2,0.13826,2.60749,7.42212,1
1661.3,0.13826,2.60748,7.42212,1
1661.4,0.13826,2.60748,7.42212,1
1661.5,0.13826,2.60747,7.42212,1
1661.6,0.13826,2.60746,7.42212,1
1661.7,0.13826,2.60745,7.42212,1
1661.8,0.13826,2.60744,7.42212,1
1661.9,0.13826,2.60743,7.42212,1
1662,0.13826,2.60742,7.42212,1
1662.1,0.13825,2.60741,7.42212,1
1662.2,0.13825,2.60741,7.42212,1
1662.3,0.13825,2.6074,7.42212,1
1662.4,0.13825,2.60739,7.42212,1
1662.5,0.13825,2.60738,7.42212,1
1662.6,0.13825,2.60737,7.42212,1
1662.7,0.13825,2.60736,7.42212,1
1662.8,0.13825,2.60735,7.42212,1
1662.9,0.13825,2.60735,7.42212,1
1663,0.13825,2.60734,7.42212,1
1663.1,0.13824,2.60733,7.42212,1
1663.2,0.13824,2.60732,7.42212,1
1663.3,0.13824,2.60731,7.42212,1
1663.4,0.13824,2.6073,7.42212,1
1663.5,0.13824,2.6073,7.42212,1
1663.6,0.13824,2.60729,7.42212,1
1663.7,0.13824,2.60728,7.42212,1
1663.8,0.13824,2.60727,7.42213,1
1663.9,0.13824,2.60726,7.42213,1
1664,0.13823,2.60725,7.42213,1
1664.1,0.13823,2.60724,7.42213,1
1664.2,0.13823,2.60724,7.42213,1
1664.3,0.13823,2.60723,7.42213,1
1664.4,0.13823,2.60722,7.42213,1
1664.5,0.13823,2.60721,7.42213,1
1664.6,0.13823,2.6072,7.42213,1
1664.7,0.13823,2.60719,7.42213,1
1664.8,0.13823,2.60719,7.42213,1
1664.9,0.13822,2.60718,7.42213,1
1665,0.13822,2.60717,7.42213,1
1665.1,0.13822,2.60716,7.42213,1
1665.2,0.13822,2.60715,7.42213,1
1665.3,0.13822,2.60714,7.42213,1
1665.4,0.13822,2.60713,7.42213,1
1665.5,0.13822,2.60712,7.42213,1
1665.6,0.13822,2.60711,7.42213,1
1665.7,0.13822,2.6071,7.42214,1
1665.8,0.13822,2.6071,7.42214,1
1665.9,0.13821,2.60709,7.42214,1
1666,0.13821,2.60708,7.42214,1
1666.1,0.13821,2.60707,7.42214,1
1666.2,0.13821,2.60706,7.42214,1
1666.3,0.13821,2.60705,7.42214,1
1666.4,0.13821,2.60704,7.42214,1
1666.5,0.13821,2.60703,7.42214,1
1666.6,0.13821,2.60702,7.42214,1
1666.7,0.13821,2.60702,7.42214,1
1666.8,0.13821,2.60701,7.42214,1
1666.9,0.1382,2.607,7.42214,1
1667,0.1382,2.60699,7.42214,1
1667.1,0.1382,2.60698,7.42214,1
1667.2,0.1382,2.60697,7.42214,1
1667.3,0.1382,2.60696,7.42215,1
1667.4,0.1382,2.60695,7.42215,1
1667.5,0.1382,2.60695,7.42215,1
1667.6,0.1382,2.60694,7.42215,1
1667.7,0.1382,2.60693,7.42215,1
1667.8,0.13819,2.60692,7.42215,1
1667.9,0.13819,2.60691,7.42215,1
1668,0.13819,2.6069,7.42215,1
1668.1,0.13819,2.60689,7.42215,1
1668.2,0.13819,2.60688,7.42215,1
1668.3,0.13819,2.60687,7.42215,1
1668.4,0.13819,2.60686,7.42215,1
1668.5,0.13819,2.60685,7.42215,1
1668.6,0.13819,2.60684,7.42215,1
1668.7,0.13819,2.60683,7.42215,1
1668.8,0.13818,2.60682,7.42215,1
1668.9,0.13818,2.60681,7.42216,1
1669,0.13818,2.6068,7.42216,1
1669.1,0.13818,2.60679,7.42216,1
1669.2,0.13818,2.60679,7.42216,1
1669.3,0.13818,2.60678,7.42216,1
1669.4,0.13818,2.60677,7.42216,1
1669.5,0.13818,2.60676,7.42216,1
1669.6,0.13818,2.60675,7.42216,1
1669.7,0.13817,2.60674,7.42216,1
1669.8,0.13817,2.60673,7.42216,1
1669.9,0.13817,2.60673,7.42216,1
1670,0.13817,2.60672,7.42216,1
1670.1,0.13817,2.60671,7.42216,1
1670.2,0.13817,2.6067,7.42216,1
1670.3,0.13817,2.6067,7.42216,1
1670.4,0.13817,2.60669,7.42216,1
1670.5,0.13817,2.60668,7.42217,1
1670.6,0.13817,2.60667,7.42217,1
1670.7,0.13816,2.60667,7.42217,1
1670.8,0.13816,2.60666,7.42217,1
1670.9,0.13816,2.60665,7.42217,1
1671,0.13816,2.60665,7.42217,1
1671.1,0.13816,2.60664,7.42217,1
1671.2,0.13816,2.60664,7.42217,1
1671.3,0.13816,2.60663,7.42217,1
1671.4,0.13816,2.60662,7.42217,1
1671.5,0.13816,2.60661,7.42217,1
1671.6,0.13815,2.60661,7.42217,1
1671.7,0.13815,2.6066,7.42217,1
1671.8,0.13815,2.60659,7.42217,1
1671.9,0.13815,2.60659,7.42217,1
1672,0.13815,2.60658,7.42218,1
1672.1,0.13815,2.60657,7.42218,1
1672.2,0.13815,2.60657,7.42218,1
1672.3,0.13815,2.60656,7.42218,1
1672.4,0.13815,2.60655,7.42218,1
1672.5,0.13815,2.60655,7.42218,1
1672.6,0.13814,2.60654,7.42218,1
1672.7,0.13814,2.60654,7.42218,1
1672.8,0.13814,2.60653,7.42218,1
1672.9,0.13814,2.60653,7.42218,1
1673,0.13814,2.60652,7.42218,1
1673.1,0.13814,2.60652,7.42218,1
1673.2,0.13814,2.60651,7.42218,1
1673.3,0.13814,2.60651,7.42218,1
1673.4,0.13814,2.6065,7.42218,1
1673.5,0.13814,2.6065,7.42219,1
1673.6,0.13813,2.60649,7.42219,1
1673.7,0.13813,2.60649,7.42219,1
1673.8,0.13813,2.60649,7.42219,1
1673.9,0.13813,2.60648,7.42219,1
1674,0.13813,2.60648,7.42219,1
1674.1,0.13813,2.60647,7.42219,1
1674.2,0.13813,2.60647,7.42219,1
1674.3,0.13813,2.60647,7.42219,1
1674.4,0.13813,2.60646,7.42219,1
1674.5,0.13813,2.60646,7.42219,1
1674.6,0.13812,2.60645,7.42219,1
1674.7,0.13812,2.60645,7.42219,1
1674.8,0.13812,2.60645,7.4222,1
1674.9,0.13812,2.60644,7.4222,1
1675,0.13812,2.60644,7.4222,1
1675.1,0.13812,2.60643,7.4222,1
1675.2,0.13812,2.60643,7.4222,1
1675.3,0.13812,2.60643,7.4222,1
1675.4,0.13812,2.60642,7.4222,1
1675.5,0.13812,2.60642,7.4222,1
1675.6,0.13812,2.60642,7.4222,1
1675.7,0.13811,2.60641,7.4222,1
1675.8,0.13811,2.60641,7.4222,1
1675.9,0.13811,2.6064,7.4222,1
1676,0.13811,2.6064,7.4222,1
1676.1,0.13811,2.6064,7.4222,1
1676.2,0.13811,2.60639,7.42221,1
1676.3,0.13811,2.60639,7.42221,1
1676.4,0.13811,2.60638,7.42221,1
1676.5,0.13811,2.60638,7.42221,1
1676.6,0.13811,2.60637,7.42221,1
1676.7,0.13811,2.60637,7.42221,1
1676.8,0.1381,2.60636,7.42221,1
1676.9,0.1381,2.60636,7.42221,1
1677,0.1381,2.60635,7.42221,1
1677.1,0.1381,2.60635,7.42221,1
1677.2,0.1381,2.60634,7.42221,1
1677.3,0.1381,2.60634,7.42221,1
1677.4,0.1381,2.60633,7.42221,1
1677.5,0.1381,2.60633,7.42221,1
1677.6,0.1381,2.60632,7.42222,1
1677.7,0.1381,2.60632,7.42222,1
1677.8,0.1381,2.60631,7.42222,1
1677.9,0.13809,2.60631,7.42222,1
1678,0.13809,2.60631,7.42222,1
1678.1,0.13809,2.6063,7.42222,1
1678.2,0.13809,2.6063,7.42222,1
1678.3,0.13809,2.60629,7.42222,1
1678.4,0.13809,2.60629,7.42222,1
1678.5,0.13809,2.60628,7.42222,1
1678.6,0.13809,2.60628,7.42222,1
1678.7,0.13809,2.60627,7.42222,1
1678.8,0.13809,2.60627,7.42222,1
1678.9,0.13809,2.60626,7.42222,1
1679,0.13809,2.60626,7.42223,1
1679.1,0.13808,2.60625,7.42223,1
1679.2,0.13808,2.60625,7.42223,1
1679.3,0.13808,2.60624,7.42223,1
1679.4,0.13808,2.60624,7.42223,1
1679.5,0.13808,2.60624,7.42223,1
1679.6,0.13808,2.60623,7.42223,1
1679.7,0.13808,2.60623,7.42223,1
1679.8,0.13808,2.60623,7.42223,1
1679.9,0.13808,2.60622,7.42223,1
1680,0.13808,2.60622,7.42223,1
1680.1,0.13808,2.60622,7.42223,1
1680.2,0.13808,2.60621,7.42223,1
1680.3,0.13807,2.60621,7.42223,1
1680.4,0.13807,2.6062,7.42224,1
1680.5,0.13807,2.6062,7.42224,1
1680.6,0.13807,2.6062,7.42224,1
1680.7,0.13807,2.60619,7.42224,1
1680.8,0.13807,2.60619,7.42224,1
1680.9,0.13807,2.60618,7.42224,1
1681,0.13807,2.60618,7.42224,1
1681.1,0.13807,2.60618,7.42224,1
1681.2,0.13807,2.60617,7.42224,1
1681.3,0.13807,2.60617,7.42224,1
1681.4,0.13807,2.60616,7.42224,1
1681.5,0.13806,2.60616,7.42224,1
1681.6,0.13806,2.60615,7.42224,1
1681.7,0.13806,2.60615,7.42225,1
1681.8,0.13806,2.60614,7.42225,1
1681.9,0.13806,2.60614,7.42225,1
1682,0.13806,2.60613,7.42225,1
1682.1,0.13806,2.60613,7.42225,1
1682.2,0.13806,2.60613,7.42225,1
1682.3,0.13806,2.60612,7.42225,1
1682.4,0.13806,2.60612,7.42225,1
1682.5,0.13806,2.60611,7.42225,1
1682.6,0.13806,2.60611,7.42225,1
1682.7,0.13805,2.6061,7.42225,1
1682.8,0.13805,2.60609,7.42225,1
1682.9,0.13805,2.60609,7.42225,1
1683,0.13805,2.60608,7.42225,1
1683.1,0.13805,2.60607,7.42226,1
1683.2,0.13805,2.60607,7.42226,1
1683.3,0.13805,2.60606,7.42226,1
1683.4,0.13805,2.60606,7.42226,1
1683.5,0.13805,2.60605,7.42226,1
1683.6,0.13805,2.60604,7.42226,1
1683.7,0.13805,2.60604,7.42226,1
1683.8,0.13804,2.60603,7.42226,1
1683.9,0.13804,2.60602,7.42226,1
1684,0.13804,2.60602,7.42226,1
1684.1,0.13804,2.60601,7.42226,1
1684.2,0.13804,2.60601,7.42226,1
1684.3,0.13804,2.606,7.42226,1
1684.4,0.13804,2.60599,7.42226,1
1684.5,0.13804,2.60599,7.42227,1
1684.6,0.13804,2.60598,7.42227,1
1684.7,0.13804,2.60598,7.42227,1
1684.8,0.13804,2.60597,7.42227,1
1684.9,0.13804,2.60596,7.42227,1
1685,0.13803,2.60596,7.42227,1
1685.1,0.13803,2.60595,7.42227,1
1685.2,0.13803,2.60594,7.42227,1
1685.3,0.13803,2.60593,7.42227,1
1685.4,0.13803,2.60592,7.42227,1
1685.5,0.13803,2.60592,7.42227,1
1685.6,0.13803,2.60591,7.42227,1
1685.7,0.13803,2.6059,7.42227,1
1685.8,0.13803,2.60589,7.42228,1
1685.9,0.13803,2.60588,7.42228,1
1686,0.13803,2.60587,7.42228,1
1686.1,0.13802,2.60587,7.42228,1
1686.2,0.13802,2.60586,7.42228,1
1686.3,0.13802,2.60585,7.42228,1
1686.4,0.13802,2.60584,7.42228,1
1686.5,0.13802,2.60584,7.42228,1
1686.6,0.13802,2.60583,7.42228,1
1686.7,0.13802,2.60582,7.42228,1
1686.8,0.13802,2.60581,7.42228,1
1686.9,0.13802,2.6058,7.42228,1
1687,0.13802,2.6058,7.42228,1
1687.1,0.13801,2.60579,7.42228,1
1687.2,0.13801,2.60578,7.42229,1
1687.3,0.13801,2.60577,7.42229,1
1687.4,0.13801,2.60576,7.42229,1
1687.5,0.13801,2.60575,7.42229,1
1687.6,0.13801,2.60574,7.42229,1
1687.7,0.13801,2.60573,7.42229,1
1687.8,0.13801,2.60572,7.42229,1
1687.9,0.13801,2.6057,7.42229,1
1688,0.13801,2.60569,7.42229,1
1688.1,0.138,2.60568,7.42229,1
1688.2,0.138,2.60567,7.42229,1
1688.3,0.138,2.60566,7.42229,1
1688.4,0.138,2.60565,7.42229,1
1688.5,0.138,2.60563,7.42229,1
1688.6,0.138,2.60562,7.4223,1
1688.7,0.138,2.60561,7.4223,1
1688.8,0.138,2.6056,7.4223,1
1688.9,0.138,2.60558,7.4223,1
1689,0.13799,2.60557,7.4223,1
1689.1,0.13799,2.60556,7.4223,1
1689.2,0.13799,2.60555,7.4223,1
1689.3,0.13799,2.60553,7.4223,1
1689.4,0.13799,2.60552,7.4223,1
1689.5,0.13799,2.60551,7.4223,1
1689.6,0.13799,2.60549,7.4223,1
1689.7,0.13799,2.60548,7.4223,1
1689.8,0.13799,2.60547,7.4223,1
1689.9,0.13799,2.60546,7.42231,1
1690,0.13798,2.60545,7.42231,1
1690.1,0.13798,2.60543,7.42231,1
1690.2,0.13798,2.60542,7.42231,1
1690.3,0.13798,2.60541,7.42231,1
1690.4,0.13798,2.6054,7.42231,1
1690.5,0.13798,2.60539,7.42231,1
1690.6,0.13798,2.60538,7.42231,1
1690.7,0.13798,2.60537,7.42231,1
1690.8,0.13798,2.60535,7.42231,1
1690.9,0.13797,2.60534,7.42231,1
1691,0.13797,2.60533,7.42231,1
1691.1,0.13797,2.60532,7.42232,1
1691.2,0.13797,2.60531,7.42232,1
1691.3,0.13797,2.6053,7.42232,1
1691.4,0.13797,2.60529,7.42232,1
1691.5,0.13797,2.60528,7.42232,1
1691.6,0.13797,2.60526,7.42232,1
1691.7,0.13797,2.60525,7.42232,1
1691.8,0.13796,2.60524,7.42232,1
1691.9,0.13796,2.60523,7.42232,1
1692,0.13796,2.60522,7.42232,1
1692.1,0.13796,2.60521,7.42232,1
1692.2,0.13796,2.6052,7.42232,1
1692.3,0.13796,2.60519,7.42233,1
1692.4,0.13796,2.60518,7.42233,1
1692.5,0.13796,2.60517,7.42233,1
1692.6,0.13796,2.60516,7.42233,1
1692.7,0.13795,2.60515,7.42233,1
1692.8,0.13795,2.60514,7.42233,1
1692.9,0.13795,2.60513,7.42233,1
1693,0.13795,2.60512,7.42233,1
1693.1,0.13795,2.6051,7.42233,1
1693.2,0.13795,2.60509,7.42233,1
1693.3,0.13795,2.60508,7.42233,1
1693.4,0.13795,2.60507,7.42233,1
1693.5,0.13795,2.60506,7.42233,1
1693.6,0.13795,2.60505,7.42234,1
1693.7,0.13795,2.60505,7.42234,1
1693.8,0.13794,2.60504,7.42234,1
1693.9,0.13794,2.60503,7.42234,1
1694,0.13794,2.60502,7.42234,1
1694.1,0.13794,2.60501,7.42234,1
1694.2,0.13794,2.605,7.42234,1
1694.3,0.13794,2.60499,7.42234,1
1694.4,0.13794,2.60498,7.42234,1
1694.5,0.13794,2.60498,7.42234,1
1694.6,0.13794,2.60497,7.42234,1
1694.7,0.13794,2.60496,7.42234,1
1694.8,0.13793,2.60495,7.42235,1
1694.9,0.13793,2.60494,7.42235,1
1695,0.13793,2.60493,7.42235,1
1695.1,0.13793,2.60493,7.42235,1
1695.2,0.13793,2.60492,7.42235,1
1695.3,0.13793,2.60491,7.42235,1
1695.4,0.13793,2.6049,7.42235,1
1695.5,0.13793,2.60489,7.42235,1
1695.6,0.13793,2.60488,7.42235,1
1695.7,0.13793,2.60487,7.42235,1
1695.8,0.13793,2.60487,7.42235,1
1695.9,0.13792,2.60486,7.42236,1
1696,0.13792,2.60485,7.42236,1
1696.1,0.13792,2.60484,7.42236,1
1696.2,0.13792,2.60483,7.42236,1
1696.3,0.13792,2.60483,7.42236,1
1696.4,0.13792,2.60482,7.42236,1
1696.5,0.13792,2.60481,7.42236,1
1696.6,0.13792,2.6048,7.42236,1
1696.7,0.13792,2.6048,7.42236,1
1696.8,0.13792,2.60479,7.42236,1
1696.9,0.13792,2.60478,7.42236,1
1697,0.13792,2.60478,7.42237,1
1697.1,0.13791,2.60477,7.42237,1
1697.2,0.13791,2.60477,7.42237,1
1697.3,0.13791,2.60476,7.42237,1
1697.4,0.13791,2.60476,7.42237,1
1697.5,0.13791,2.60475,7.42237,1
1697.6,0.13791,2.60474,7.42237,1
1697.7,0.13791,2.60474,7.42237,1
1697.8,0.13791,2.60473,7.42237,1
1697.9,0.13791,2.60473,7.42237,1
1698,0.13791,2.60473,7.42237,1
1698.1,0.13791,2.60472,7.42237,1
1698.2,0.1379,2.60472,7.42238,1
1698.3,0.1379,2.60471,7.42238,1
1698.4,0.1379,2.60471,7.42238,1
1698.5,0.1379,2.6047,7.42238,1
1698.6,0.1379,2.60469,7.42238,1
1698.7,0.1379,2.60469,7.42238,1
1698.8,0.1379,2.60468,7.42238,1
1698.9,0.1379,2.60467,7.42238,1
1699,0.1379,2.60467,7.42238,1
1699.1,0.1379,2.60466,7.42238,1
1699.2,0.1379,2.60465,7.42238,1
1699.3,0.1379,2.60465,7.42239,1
1699.4,0.13789,2.60464,7.42239,1
1699.5,0.13789,2.60463,7.42239,1
1699.6,0.13789,2.60463,7.42239,1
1699.7,0.13789,2.60462,7.42239,1
1699.8,0.13789,2.60461,7.42239,1
1699.9,0.13789,2.6046,7.42239,1
1700,0.13789,2.6046,7.42239,1
1700.1,0.13789,2.60459,7.42239,1
1700.2,0.13789,2.60458,7.42239,1
1700.3,0.13789,2.60458,7.4224,1
1700.4,0.13788,2.60457,7.4224,1
1700.5,0.13788,2.60456,7.4224,1
1700.6,0.13788,2.60455,7.4224,1
1700.7,0.13788,2.60455,7.4224,1
1700.8,0.13788,2.60454,7.4224,1
1700.9,0.13788,2.60453,7.4224,1
1701,0.13788,2.60452,7.4224,1
1701.1,0.13788,2.60452,7.4224,1
1701.2,0.13788,2.60451,7.42241,1
1701.3,0.13788,2.6045,7.42241,1
1701.4,0.13788,2.6045,7.42241,1
1701.5,0.13788,2.60449,7.42241,1
1701.6,0.13787,2.60448,7.42241,1
1701.7,0.13787,2.60447,7.42241,1
1701.8,0.13787,2.60447,7.42241,1
1701.9,0.13787,2.60446,7.42241,1
1702,0.13787,2.60445,7.42241,1
1702.1,0.13787,2.60445,7.42242,1
1702.2,0.13787,2.60444,7.42242,1
1702.3,0.13787,2.60443,7.42242,1
1702.4,0.13787,2.60443,7.42242,1
1702.5,0.13787,2.60442,7.42242,1
1702.6,0.13787,2.60442,7.42242,1
1702.7,0.13786,2.60441,7.42242,1
1702.8,0.13786,2.6044,7.42242,1
1702.9,0.13786,2.6044,7.42242,1
1703,0.13786,2.60439,7.42243,1
1703.1,0.13786,2.60439,7.42243,1
1703.2,0.13786,2.60438,7.42243,1
1703.3,0.13786,2.60437,7.42243,1
1703.4,0.13786,2.60437,7.42243,1
1703.5,0.13786,2.60436,7.42243,1
1703.6,0.13786,2.60436,7.42243,1
1703.7,0.13785,2.60435,7.42243,1
1703.8,0.13785,2.60434,7.42243,1
1703.9,0.13785,2.60434,7.42244,1
1704,0.13785,2.60433,7.42244,1
1704.1,0.13785,2.60433,7.42244,1
1704.2,0.13785,2.60432,7.42244,1
1704.3,0.13785,2.60431,7.42244,1
1704.4,0.13785,2.60431,7.42244,1
1704.5,0.13785,2.6043,7.42244,1
1704.6,0.13784,2.6043,7.42244,1
1704.7,0.13784,2.60429,7.42244,1
1704.8,0.13784,2.60429,7.42245,1
1704.9,0.13784,2.60428,7.42245,1
1705,0.13784,2.60427,7.42245,1
1705.1,0.13784,2.60427,7.42245,1
1705.2,0.13784,2.60426,7.42245,1
1705.3,0.13784,2.60426,7.42245,1
1705.4,0.13784,2.60425,7.42245,1
1705.5,0.13784,2.60425,7.42245,1
1705.6,0.13783,2.60424,7.42245,1
1705.7,0.13783,2.60424,7.42246,1
1705.8,0.13783,2.60423,7.42246,1
1705.9,0.13783,2.60423,7.42246,1
1706,0.13783,2.60422,7.42246,1
1706.1,0.13783,2.60422,7.42246,1
1706.2,0.13783,2.60421,7.42246,1
1706.3,0.13783,2.60421,7.42246,1
1706.4,0.13783,2.6042,7.42246,1
1706.5,0.13783,2.6042,7.42246,1
1706.6,0.13783,2.60419,7.42247,1
1706.7,0.13782,2.60419,7.42247,1
1706.8,0.13782,2.60418,7.42247,1
1706.9,0.13782,2.60418,7.42247,1
1707,0.13782,2.60417,7.42247,1
1707.1,0.13782,2.60417,7.42247,1
1707.2,0.13782,2.60416,7.42247,1
1707.3,0.13782,2.60415,7.42247,1
1707.4,0.13782,2.60415,7.42247,1
1707.5,0.13782,2.60414,7.42248,1
1707.6,0.13782,2.60414,7.42248,1
1707.7,0.13782,2.60413,7.42248,1
1707.8,0.13782,2.60412,7.42248,1
1707.9,0.13781,2.60411,7.42248,1
1708,0.13781,2.60411,7.42248,1
1708.1,0.13781,2.6041,7.42248,1
1708.2,0.13781,2.60409,7.42248,1
1708.3,0.13781,2.60409,7.42248,1
1708.4,0.13781,2.60408,7.42248,1
1708.5,0.13781,2.60407,7.42249,1
1708.6,0.13781,2.60407,7.42249,1
1708.7,0.13781,2.60406,7.42249,1
1708.8,0.13781,2.60405,7.42249,1
1708.9,0.13781,2.60405,7.42249,1
1709,0.13781,2.60404,7.42249,1
1709.1,0.13781,2.60403,7.42249,1
1709.2,0.1378,2.60403,7.42249,1
1709.3,0.1378,2.60402,7.42249,1
1709.4,0.1378,2.60401,7.42249,1
1709.5,0.1378,2.60401,7.4225,1
1709.6,0.1378,2.604,7.4225,1
1709.7,0.1378,2.60399,7.4225,1
1709.8,0.1378,2.60399,7.4225,1
1709.9,0.1378,2.60398,7.4225,1
1710,0.1378,2.60397,7.4225,1
1710.1,0.1378,2.60397,7.4225,1
1710.2,0.1378,2.60396,7.4225,1
1710.3,0.1378,2.60395,7.4225,1
1710.4,0.1378,2.60395,7.4225,1
1710.5,0.13779,2.60394,7.4225,1
1710.6,0.13779,2.60394,7.42251,1
1710.7,0.13779,2.60393,7.42251,1
1710.8,0.13779,2.60392,7.42251,1
1710.9,0.13779,2.60392,7.42251,1
1711,0.13779,2.60391,7.42251,1
1711.1,0.13779,2.60391,7.42251,1
1711.2,0.13779,2.6039,7.42251,1
1711.3,0.13779,2.60389,7.42251,1
1711.4,0.13779,2.60389,7.42251,1
1711.5,0.13779,2.60388,7.42251,1
1711.6,0.13779,2.60387,7.42251,1
1711.7,0.13779,2.60386,7.42252,1
1711.8,0.13778,2.60386,7.42252,1
1711.9,0.13778,2.60385,7.42252,1
1712,0.13778,2.60384,7.42252,1
1712.1,0.13778,2.60383,7.42252,1
1712.2,0.13778,2.60383,7.42252,1
1712.3,0.13778,2.60382,7.42252,1
1712.4,0.13778,2.60381,7.42252,1
1712.5,0.13778,2.60381,7.42252,1
1712.6,0.13778,2.60382,7.42252,1
1712.7,0.13778,2.60382,7.42252,1
1712.8,0.13778,2.60383,7.42252,1
1712.9,0.13778,2.60383,7.42253,1
1713,0.13778,2.60384,7.42253,1
1713.1,0.13777,2.60385,7.42253,1
1713.2,0.13777,2.60385,7.42253,1
1713.3,0.13777,2.60386,7.42253,1
1713.4,0.13777,2.60386,7.42253,1
1713.5,0.13777,2.60387,7.42253,1
1713.6,0.13777,2.60387,7.42253,1
1713.7,0.13777,2.60388,7.42253,1
1713.8,0.13777,2.60388,7.42253,1
1713.9,0.13777,2.60389,7.42253,1
1714,0.13777,2.60389,7.42254,1
1714.1,0.13777,2.6039,7.42254,1
1714.2,0.13777,2.6039,7.42254,1
1714.3,0.13777,2.60391,7.42254,1
1714.4,0.13777,2.60391,7.42254,1
1714.5,0.13777,2.60391,7.42254,1
1714.6,0.13776,2.60392,7.42254,1
1714.7,0.13776,2.60392,7.42254,1
1714.8,0.13776,2.60392,7.42254,1
1714.9,0.13776,2.60391,7.42254,1
1715,0.13776,2.6039,7.42254,1
1715.1,0.13776,2.60389,7.42254,1
1715.2,0.13776,2.60389,7.42255,1
1715.3,0.13776,2.60388,7.42255,1
1715.4,0.13776,2.60387,7.42255,1
1715.5,0.13776,2.60387,7.42255,1
1715.6,0.13776,2.60386,7.42255,1
1715.7,0.13776,2.60385,7.42255,1
1715.8,0.13776,2.60384,7.42255,1
1715.9,0.13776,2.60384,7.42255,1
1716,0.13776,2.60383,7.42255,1
1716.1,0.13776,2.60382,7.42255,1
1716.2,0.13775,2.60381,7.42255,1
1716.3,0.13775,2.60381,7.42255,1
1716.4,0.13775,2.6038,7.42255,1
1716.5,0.13775,2.60379,7.42256,1
1716.6,0.13775,2.60379,7.42256,1
1716.7,0.13775,2.60378,7.42256,1
1716.8,0.13775,2.60377,7.42256,1
1716.9,0.13775,2.60377,7.42256,1
1717,0.13775,2.60376,7.42256,1
1717.1,0.13775,2.60376,7.42256,1
1717.2,0.13774,2.60375,7.42256,1
1717.3,0.13774,2.60375,7.42256,1
1717.4,0.13774,2.60374,7.42256,1
1717.5,0.13774,2.60373,7.42256,1
1717.6,0.13774,2.60373,7.42256,1
1717.7,0.13774,2.60372,7.42257,1
1717.8,0.13774,2.60372,7.42257,1
1717.9,0.13774,2.60371,7.42257,1
1718,0.13774,2.60371,7.42257,1
1718.1,0.13773,2.6037,7.42257,1
1718.2,0.13773,2.6037,7.42257,1
1718.3,0.13773,2.60369,7.42257,1
1718.4,0.13773,2.60369,7.42257,1
1718.5,0.13773,2.60368,7.42257,1
1718.6,0.13773,2.60368,7.42257,1
1718.7,0.13773,2.60367,7.42257,1
1718.8,0.13773,2.60367,7.42257,1
1718.9,0.13773,2.60367,7.42258,1
1719,0.13773,2.60366,7.42258,1
1719.1,0.13773,2.60366,7.42258,1
1719.2,0.13772,2.60365,7.42258,1
1719.3,0.13772,2.60365,7.42258,1
1719.4,0.13772,2.60364,7.42258,1
1719.5,0.13772,2.60363,7.42258,1
1719.6,0.13772,2.60363,7.42258,1
1719.7,0.13772,2.60362,7.42258,1
1719.8,0.13772,2.60362,7.42258,1
1719.9,0.13772,2.60361,7.42258,1
1720,0.13772,2.60361,7.42258,1
1720.1,0.13772,2.6036,7.42259,1
1720.2,0.13772,2.6036,7.42259,1
1720.3,0.13772,2.6036,7.42259,1
1720.4,0.13772,2.60359,7.42259,1
1720.5,0.13772,2.60359,7.42259,1
1720.6,0.13771,2.60358,7.42259,1
1720.7,0.13771,2.60358,7.42259,1
1720.8,0.13771,2.60357,7.42259,1
1720.9,0.13771,2.60357,7.42259,1
1721,0.13771,2.60356,7.42259,1
1721.1,0.13771,2.60356,7.42259,1
1721.2,0.13771,2.60355,7.42259,1
1721.3,0.13771,2.60355,7.4226,1
1721.4,0.13771,2.60354,7.4226,1
1721.5,0.13771,2.60354,7.4226,1
1721.6,0.13771,2.60353,7.4226,1
1721.7,0.13771,2.60352,7.4226,1
1721.8,0.13771,2.60352,7.4226,1
1721.9,0.13771,2.60351,7.4226,1
1722,0.13771,2.6035,7.4226,1
1722.1,0.13771,2.60349,7.4226,1
1722.2,0.13771,2.60349,7.4226,1
1722.3,0.13771,2.60348,7.4226,1
1722.4,0.13771,2.60347,7.42261,1
1722.5,0.13771,2.60347,7.42261,1
1722.6,0.13771,2.60346,7.42261,1
1722.7,0.13771,2.60345,7.42261,1
1722.8,0.13771,2.60345,7.42261,1
1722.9,0.13771,2.60344,7.42261,1
1723,0.13771,2.60343,7.42261,1
1723.1,0.13771,2.60343,7.42261,1
1723.2,0.13771,2.60342,7.42261,1
1723.3,0.13771,2.60341,7.42261,1
1723.4,0.13771,2.60341,7.42261,1
1723.5,0.13771,2.6034,7.42261,1
1723.6,0.13771,2.6034,7.42262,1
1723.7,0.13771,2.60339,7.42262,1
1723.8,0.13771,2.60339,7.42262,1
1723.9,0.13771,2.60338,7.42262,1
1724,0.13771,2.60337,7.42262,1
1724.1,0.13771,2.60337,7.42262,1
1724.2,0.13771,2.60336,7.42262,1
1724.3,0.13771,2.60335,7.42262,1
1724.4,0.13771,2.60334,7.42262,1
1724.5,0.13771,2.60334,7.42262,1
1724.6,0.13771,2.60333,7.42262,1
1724.7,0.13771,2.60332,7.42263,1
1724.8,0.13771,2.60331,7.42263,1
1724.9,0.13771,2.60331,7.42263,1
1725,0.13771,2.6033,7.42263,1
1725.1,0.13771,2.60329,7.42263,1
1725.2,0.13771,2.60328,7.42263,1
1725.3,0.13771,2.60328,7.42263,1
1725.4,0.13771,2.60327,7.42263,1
1725.5,0.13771,2.60326,7.42263,1
1725.6,0.13771,2.60325,7.42263,1
1725.7,0.13771,2.60325,7.42264,1
1725.8,0.13771,2.60324,7.42264,1
1725.9,0.13771,2.60324,7.42264,1
1726,0.13771,2.60323,7.42264,1
1726.1,0.13771,2.60323,7.42264,1
1726.2,0.13771,2.60322,7.42264,1
1726.3,0.13771,2.60321,7.42264,1
1726.4,0.13771,2.60321,7.42264,1
1726.5,0.13771,2.6032,7.42264,1
1726.6,0.13771,2.6032,7.42264,1
1726.7,0.13771,2.6032,7.42264,1
1726.8,0.13771,2.60319,7.42265,1
1726.9,0.13771,2.60319,7.42265,1
1727,0.13771,2.60318,7.42265,1
1727.1,0.13771,2.60318,7.42265,1
1727.2,0.13771,2.60317,7.42265,1
1727.3,0.13771,2.60317,7.42265,1
1727.4,0.13771,2.60316,7.42265,1
1727.5,0.13771,2.60316,7.42265,1
1727.6,0.13771,2.60316,7.42265,1
1727.7,0.13771,2.60315,7.42265,1
1727.8,0.13771,2.60315,7.42265,1
1727.9,0.13771,2.60315,7.42265,1
1728,0.13771,2.60314,7.42265,1
1728.1,0.13771,2.60314,7.42266,1
1728.2,0.13771,2.60314,7.42266,1
1728.3,0.13771,2.60313,7.42266,1
1728.4,0.13771,2.60313,7.42266,1
1728.5,0.13771,2.60313,7.42266,1
1728.6,0.13771,2.60313,7.42266,1
1728.7,0.13771,2.60313,7.42266,1
1728.8,0.13771,2.60312,7.42266,1
1728.9,0.13771,2.60312,7.42266,1
1729,0.13771,2.60312,7.42266,1
1729.1,0.13771,2.60312,7.42266,1
1729.2,0.13771,2.60312,7.42266,1
1729.3,0.13771,2.60312,7.42266,1
1729.4,0.13771,2.60312,7.42267,1
1729.5,0.13771,2.60311,7.42267,1
1729.6,0.13771,2.60311,7.42267,1
1729.7,0.13771,2.60311,7.42267,1
1729.8,0.13771,2.60311,7.42267,1
1729.9,0.13771,2.60311,7.42267,1
1730,0.13771,2.60311,7.42267,1
1730.1,0.13771,2.60311,7.42267,1
1730.2,0.13771,2.60311,7.42267,1
1730.3,0.13771,2.60311,7.42267,1
1730.4,0.13771,2.60311,7.42267,1
1730.5,0.13771,2.60311,7.42267,1
1730.6,0.13771,2.60311,7.42268,1
1730.7,0.13771,2.60311,7.42268,1
1730.8,0.13771,2.60311,7.42268,1
1730.9,0.13771,2.60311,7.42268,1
1731,0.13771,2.60311,7.42268,1
1731.1,0.13771,2.60311,7.42268,1
1731.2,0.13771,2.60311,7.42268,1
1731.3,0.13771,2.60311,7.42268,1
1731.4,0.13771,2.60311,7.42268,1
1731.5,0.13771,2.60311,7.42268,1
1731.6,0.13771,2.60311,7.42268,1
1731.7,0.13771,2.60311,7.42268,1
1731.8,0.13771,2.60311,7.42268,1
1731.9,0.13771,2.60311,7.42269,1
1732,0.13772,2.60311,7.42269,1
1732.1,0.13772,2.60311,7.42269,1
1732.2,0.13772,2.6031,7.42269,1
1732.3,0.13772,2.6031,7.42269,1
1732.4,0.13772,2.6031,7.42269,1
1732.5,0.13772,2.6031,7.42269,1
1732.6,0.13772,2.60309,7.42269,1
1732.7,0.13772,2.60309,7.42269,1
1732.8,0.13772,2.60309,7.42269,1
1732.9,0.13772,2.60308,7.42269,1
1733,0.13772,2.60308,7.42269,1
1733.1,0.13772,2.60308,7.42269,1
1733.2,0.13772,2.60307,7.42269,1
1733.3,0.13772,2.60307,7.4227,1
1733.4,0.13772,2.60307,7.4227,1
1733.5,0.13772,2.60306,7.4227,1
1733.6,0.13772,2.60306,7.4227,1
1733.7,0.13772,2.60306,7.4227,1
1733.8,0.13772,2.60305,7.4227,1
1733.9,0.13772,2.60305,7.4227,1
1734,0.13772,2.60304,7.4227,1
1734.1,0.13772,2.60304,7.4227,1
1734.2,0.13772,2.60304,7.4227,1
1734.3,0.13772,2.60304,7.4227,1
1734.4,0.13772,2.60303,7.4227,1
1734.5,0.13772,2.60303,7.4227,1
1734.6,0.13772,2.60303,7.4227,1
1734.7,0.13772,2.60303,7.4227,1
1734.8,0.13772,2.60303,7.4227,1
1734.9,0.13772,2.60303,7.42271,1
1735,0.13772,2.60303,7.42271,1
1735.1,0.13772,2.60303,7.42271,1
1735.2,0.13772,2.60303,7.42271,1
1735.3,0.13772,2.60303,7.42271,1
1735.4,0.13772,2.60303,7.42271,1
1735.5,0.13772,2.60303,7.42271,1
1735.6,0.13772,2.60303,7.42271,1
1735.7,0.13772,2.60303,7.42271,1
1735.8,0.13772,2.60303,7.42271,1
1735.9,0.13772,2.60303,7.42271,1
1736,0.13772,2.60303,7.42271,1
1736.1,0.13772,2.60303,7.42271,1
1736.2,0.13772,2.60303,7.42271,1
1736.3,0.13772,2.60303,7.42272,1
1736.4,0.13772,2.60303,7.42272,1
1736.5,0.13772,2.60303,7.42272,1
1736.6,0.13772,2.60302,7.42272,1
1736.7,0.13772,2.60302,7.42272,1
1736.8,0.13772,2.60302,7.42272,1
1736.9,0.13772,2.60302,7.42272,1
1737,0.13772,2.60302,7.42272,1
1737.1,0.13772,2.60302,7.42272,1
1737.2,0.13772,2.60302,7.42272,1
1737.3,0.13772,2.60302,7.42272,1
1737.4,0.13772,2.60302,7.42272,1
1737.5,0.13772,2.60301,7.42272,1
1737.6,0.13772,2.60301,7.42273,1
1737.7,0.13772,2.60301,7.42273,1
1737.8,0.13772,2.60301,7.42273,1
1737.9,0.13772,2.60301,7.42273,1
1738,0.13772,2.60301,7.42273,1
1738.1,0.13772,2.60301,7.42273,1
1738.2,0.13772,2.60301,7.42273,1
1738.3,0.13772,2.60301,7.42273,1
1738.4,0.13772,2.60301,7.42273,1
1738.5,0.13772,2.603,7.42273,1
1738.6,0.13772,2.603,7.42273,1
1738.7,0.13772,2.603,7.42273,1
1738.8,0.13772,2.603,7.42274,1
1738.9,0.13772,2.603,7.42274,1
1739,0.13772,2.603,7.42274,1
1739.1,0.13772,2.603,7.42274,1
1739.2,0.13772,2.603,7.42274,1
1739.3,0.13772,2.603,7.42274,1
1739.4,0.13772,2.603,7.42274,1
1739.5,0.13772,2.603,7.42274,1
1739.6,0.13772,2.603,7.42274,1
1739.7,0.13772,2.603,7.42274,1
1739.8,0.13772,2.603,7.42274,1
1739.9,0.13772,2.603,7.42274,1
1740,0.13772,2.603,7.42274,1
1740.1,0.13772,2.60299,7.42275,1
1740.2,0.13772,2.60299,7.42275,1
1740.3,0.13772,2.60299,7.42275,1
1740.4,0.13772,2.60299,7.42275,1
1740.5,0.13772,2.60299,7.42275,1
1740.6,0.13772,2.60299,7.42275,1
1740.7,0.13772,2.60299,7.42275,1
1740.8,0.13772,2.60299,7.42275,1
1740.9,0.13772,2.60299,7.42275,1
1741,0.13772,2.60299,7.42275,1
1741.1,0.13772,2.60299,7.42275,1
1741.2,0.13772,2.60299,7.42275,1
1741.3,0.13772,2.60299,7.42275,1
1741.4,0.13772,2.60298,7.42275,1
1741.5,0.13772,2.60298,7.42275,1
1741.6,0.13772,2.60298,7.42276,1
1741.7,0.13772,2.60298,7.42276,1
1741.8,0.13772,2.60298,7.42276,1
1741.9,0.13772,2.60298,7.42276,1
1742,0.13772,2.60298,7.42276,1
1742.1,0.13772,2.60298,7.42276,1
1742.2,0.13772,2.60297,7.42276,1
1742.3,0.13772,2.60297,7.42276,1
1742.4,0.13772,2.60297,7.42276,1
1742.5,0.13772,2.60297,7.42276,1
1742.6,0.13772,2.60297,7.42276,1
1742.7,0.13772,2.60297,7.42276,1
1742.8,0.13772,2.60297,7.42276,1
1742.9,0.13772,2.60297,7.42276,1
1743,0.13772,2.60297,7.42276,1
1743.1,0.13772,2.60297,7.42276,1
1743.2,0.13772,2.60297,7.42277,1
1743.3,0.13772,2.60297,7.42277,1
1743.4,0.13772,2.60297,7.42277,1
1743.5,0.13772,2.60297,7.42277,1
1743.6,0.13772,2.60297,7.42277,1
1743.7,0.13772,2.60297,7.42277,1
1743.8,0.13772,2.60297,7.42277,1
1743.9,0.13772,2.60297,7.42277,1
1744,0.13772,2.60297,7.42277,1
1744.1,0.13772,2.60297,7.42277,1
1744.2,0.13772,2.60297,7.42277,1
1744.3,0.13772,2.60296,7.42277,1
1744.4,0.13772,2.60296,7.42277,1
1744.5,0.13772,2.60296,7.42277,1
1744.6,0.13772,2.60296,7.42277,1
1744.7,0.13772,2.60296,7.42277,1
1744.8,0.13772,2.60296,7.42277,1
1744.9,0.13772,2.60296,7.42277,1
1745,0.13772,2.60296,7.42278,1
1745.1,0.13772,2.60296,7.42278,1
1745.2,0.13772,2.60296,7.42278,1
1745.3,0.13772,2.60296,7.42278,1
1745.4,0.13772,2.60296,7.42278,1
1745.5,0.13772,2.60296,7.42278,1
1745.6,0.13772,2.60296,7.42278,1
1745.7,0.13772,2.60296,7.42278,1
1745.8,0.13772,2.60296,7.42278,1
1745.9,0.13772,2.60296,7.42278,1
1746,0.13772,2.60296,7.42278,1
1746.1,0.13772,2.60296,7.42278,1
1746.2,0.13772,2.60296,7.42278,1
1746.3,0.13772,2.60296,7.42278,1
1746.4,0.13772,2.60296,7.42278,1
1746.5,0.13772,2.60297,7.42279,1
1746.6,0.13772,2.60297,7.42279,1
1746.7,0.13772,2.60297,7.42279,1
1746.8,0.13772,2.60297,7.42279,1
1746.9,0.13772,2.60297,7.42279,1
1747,0.13772,2.60297,7.42279,1
1747.1,0.13772,2.60297,7.42279,1
1747.2,0.13772,2.60297,7.42279,1
1747.3,0.13772,2.60297,7.42279,1
1747.4,0.13772,2.60297,7.42279,1
1747.5,0.13772,2.60297,7.42279,1
1747.6,0.13772,2.60297,7.42279,1
1747.7,0.13772,2.60297,7.42279,1
1747.8,0.13772,2.60297,7.4228,1
1747.9,0.13772,2.60297,7.4228,1
1748,0.13772,2.60297,7.4228,1
1748.1,0.13772,2.60298,7.4228,1
1748.2,0.13772,2.60298,7.4228,1
1748.3,0.13772,2.60298,7.4228,1
1748.4,0.13772,2.60298,7.4228,1
1748.5,0.13772,2.60298,7.4228,1
1748.6,0.13772,2.60298,7.4228,1
1748.7,0.13772,2.60298,7.4228,1
1748.8,0.13772,2.60298,7.4228,1
1748.9,0.13772,2.60298,7.4228,1
1749,0.13772,2.60298,7.4228,1
1749.1,0.13772,2.60299,7.4228,1
1749.2,0.13772,2.60299,7.4228,1
1749.3,0.13772,2.60299,7.4228,1
1749.4,0.13772,2.60299,7.4228,1
1749.5,0.13772,2.60299,7.4228,1
1749.6,0.13772,2.60299,7.42281,1
1749.7,0.13772,2.603,7.42281,1
1749.8,0.13772,2.603,7.42281,1
1749.9,0.13772,2.603,7.42281,1
1750,0.13772,2.603,7.42281,1
1750.1,0.13772,2.603,7.42281,1
1750.2,0.13772,2.60301,7.42281,1
1750.3,0.13772,2.60301,7.42281,1
1750.4,0.13772,2.60301,7.42281,1
1750.5,0.13772,2.60302,7.42281,1
1750.6,0.13772,2.60302,7.42281,1
1750.7,0.13772,2.60302,7.42281,1
1750.8,0.13772,2.60303,7.42281,1
1750.9,0.13772,2.60303,7.42281,1
1751,0.13772,2.60303,7.42281,1
1751.1,0.13772,2.60304,7.42281,1
1751.2,0.13772,2.60304,7.42281,1
1751.3,0.13772,2.60304,7.42281,1
1751.4,0.13772,2.60304,7.42281,1
1751.5,0.13772,2.60304,7.42281,1
1751.6,0.13772,2.60304,7.42281,1
1751.7,0.13772,2.60304,7.42281,1
1751.8,0.13772,2.60304,7.42281,1
1751.9,0.13772,2.60304,7.42282,1
1752,0.13772,2.60305,7.42282,1
1752.1,0.13772,2.60305,7.42282,1
1752.2,0.13772,2.60305,7.42282,1
1752.3,0.13772,2.60305,7.42282,1
1752.4,0.13772,2.60305,7.42282,1
1752.5,0.13772,2.60305,7.42282,1
1752.6,0.13772,2.60306,7.42282,1
1752.7,0.13772,2.60306,7.42282,1
1752.8,0.13772,2.60306,7.42282,1
1752.9,0.13772,2.60306,7.42282,1
1753,0.13773,2.60307,7.42282,1
1753.1,0.13773,2.60307,7.42282,1
1753.2,0.13773,2.60308,7.42282,1
1753.3,0.13773,2.60308,7.42282,1
1753.4,0.13773,2.60309,7.42282,1
1753.5,0.13773,2.60309,7.42282,1
1753.6,0.13773,2.6031,7.42282,1
1753.7,0.13773,2.6031,7.42282,1
1753.8,0.13773,2.60311,7.42282,1
1753.9,0.13773,2.60311,7.42282,1
1754,0.13773,2.60312,7.42282,1
1754.1,0.13773,2.60312,7.42282,1
1754.2,0.13773,2.60313,7.42282,1
1754.3,0.13773,2.60314,7.42282,1
1754.4,0.13773,2.60314,7.42282,1
1754.5,0.13773,2.60315,7.42282,1
1754.6,0.13773,2.60316,7.42283,1
1754.7,0.13773,2.60316,7.42283,1
1754.8,0.13773,2.60317,7.42283,1
1754.9,0.13773,2.60318,7.42283,1
1755,0.13773,2.60318,7.42283,1
1755.1,0.13773,2.60319,7.42283,1
1755.2,0.13773,2.60319,7.42283,1
1755.3,0.13773,2.6032,7.42283,1
1755.4,0.13773,2.60321,7.42283,1
1755.5,0.13773,2.60322,7.42283,1
1755.6,0.13773,2.60322,7.42283,1
1755.7,0.13773,2.60323,7.42283,1
1755.8,0.13773,2.60324,7.42283,1
1755.9,0.13773,2.60325,7.42283,1
1756,0.13773,2.60325,7.42283,1
1756.1,0.13773,2.60326,7.42283,1
1756.2,0.13773,2.60327,7.42283,1
1756.3,0.13773,2.60328,7.42283,1
1756.4,0.13773,2.60329,7.42283,1
1756.5,0.13773,2.6033,7.42283,1
1756.6,0.13773,2.60331,7.42283,1
1756.7,0.13773,2.60332,7.42283,1
1756.8,0.13774,2.60332,7.42284,1
1756.9,0.13774,2.60333,7.42284,1
1757,0.13774,2.60334,7.42284,1
1757.1,0.13774,2.60335,7.42284,1
1757.2,0.13774,2.60336,7.42284,1
1757.3,0.13774,2.60337,7.42284,1
1757.4,0.13774,2.60338,7.42284,1
1757.5,0.13774,2.60339,7.42284,1
1757.6,0.13774,2.6034,7.42284,1
1757.7,0.13774,2.6034,7.42284,1
1757.8,0.13774,2.60341,7.42284,1
1757.9,0.13774,2.60342,7.42284,1
1758,0.13774,2.60344,7.42284,1
1758.1,0.13774,2.60345,7.42284,1
1758.2,0.13774,2.60346,7.42284,1
1758.3,0.13774,2.60347,7.42284,1
1758.4,0.13774,2.60348,7.42284,1
1758.5,0.13774,2.60349,7.42284,1
1758.6,0.13774,2.6035,7.42284,1
1758.7,0.13774,2.60351,7.42284,1
1758.8,0.13774,2.60352,7.42284,1
1758.9,0.13774,2.60353,7.42284,1
1759,0.13774,2.60354,7.42284,1
1759.1,0.13774,2.60355,7.42285,1
1759.2,0.13774,2.60356,7.42285,1
1759.3,0.13774,2.60357,7.42285,1
1759.4,0.13774,2.60359,7.42285,1
1759.5,0.13774,2.6036,7.42285,1
1759.6,0.13774,2.60361,7.42285,1
1759.7,0.13774,2.60362,7.42285,1
1759.8,0.13774,2.60363,7.42285,1
1759.9,0.13774,2.60364,7.42285,1
1760,0.13774,2.60365,7.42285,1
1760.1,0.13774,2.60366,7.42285,1
1760.2,0.13774,2.60366,7.42285,1
1760.3,0.13774,2.60367,7.42285,1
1760.4,0.13775,2.60368,7.42285,1
1760.5,0.13775,2.60369,7.42285,1
1760.6,0.13775,2.6037,7.42285,1
1760.7,0.13775,2.60371,7.42285,1
1760.8,0.13775,2.60372,7.42285,1
1760.9,0.13775,2.60373,7.42285,1
1761,0.13775,2.60374,7.42285,1
1761.1,0.13775,2.60374,7.42285,1
1761.2,0.13775,2.60375,7.42285,1
1761.3,0.13775,2.60376,7.42285,1
1761.4,0.13775,2.60377,7.42285,1
1761.5,0.13775,2.60378,7.42286,1
1761.6,0.13775,2.60379,7.42286,1
1761.7,0.13775,2.6038,7.42286,1
1761.8,0.13775,2.60381,7.42286,1
1761.9,0.13775,2.60382,7.42286,1
1762,0.13775,2.60383,7.42286,1
1762.1,0.13775,2.60384,7.42286,1
1762.2,0.13775,2.60384,7.42286,1
1762.3,0.13775,2.60385,7.42286,1
1762.4,0.13775,2.60386,7.42286,1
1762.5,0.13775,2.60387,7.42286,1
1762.6,0.13775,2.60388,7.42286,1
1762.7,0.13775,2.60388,7.42286,1
1762.8,0.13775,2.60389,7.42286,1
1762.9,0.13775,2.6039,7.42286,1
1763,0.13775,2.6039,7.42286,1
1763.1,0.13775,2.60391,7.42286,1
1763.2,0.13775,2.60392,7.42286,1
1763.3,0.13775,2.60393,7.42286,1
1763.4,0.13775,2.60394,7.42286,1
1763.5,0.13775,2.60395,7.42286,1
1763.6,0.13775,2.60396,7.42286,1
1763.7,0.13775,2.60396,7.42286,1
1763.8,0.13775,2.60397,7.42286,1
1763.9,0.13775,2.60398,7.42286,1
1764,0.13775,2.60399,7.42287,1
1764.1,0.13775,2.604,7.42287,1
1764.2,0.13775,2.60401,7.42287,1
1764.3,0.13775,2.60402,7.42287,1
1764.4,0.13775,2.60402,7.42287,1
1764.5,0.13775,2.60403,7.42287,1
1764.6,0.13775,2.60404,7.42287,1
1764.7,0.13775,2.60405,7.42287,1
1764.8,0.13775,2.60405,7.42287,1
1764.9,0.13775,2.60406,7.42287,1
1765,0.13775,2.60407,7.42287,1
1765.1,0.13775,2.60407,7.42287,1
1765.2,0.13775,2.60408,7.42287,1
1765.3,0.13775,2.60409,7.42287,1
1765.4,0.13775,2.60409,7.42287,1
1765.5,0.13775,2.6041,7.42287,1
1765.6,0.13775,2.60411,7.42287,1
1765.7,0.13775,2.60411,7.42287,1
1765.8,0.13775,2.60412,7.42287,1
1765.9,0.13775,2.60413,7.42287,1
1766,0.13775,2.60414,7.42287,1
1766.1,0.13775,2.60414,7.42287,1
1766.2,0.13775,2.60415,7.42287,1
1766.3,0.13775,2.60416,7.42287,1
1766.4,0.13775,2.60417,7.42287,1
1766.5,0.13775,2.60418,7.42287,1
1766.6,0.13775,2.60418,7.42287,1
1766.7,0.13775,2.60419,7.42287,1
1766.8,0.13775,2.6042,7.42287,1
1766.9,0.13775,2.60421,7.42287,1
1767,0.13775,2.60422,7.42287,1
1767.1,0.13775,2.60422,7.42287,1
1767.2,0.13775,2.60423,7.42287,1
1767.3,0.13775,2.60424,7.42287,1
1767.4,0.13775,2.60425,7.42287,1
1767.5,0.13775,2.60425,7.42287,1
1767.6,0.13775,2.60426,7.42287,1
1767.7,0.13775,2.60427,7.42287,1
1767.8,0.13775,2.60427,7.42287,1
1767.9,0.13775,2.60428,7.42287,1
1768,0.13775,2.60429,7.42287,1
1768.1,0.13775,2.60429,7.42287,1
1768.2,0.13775,2.6043,7.42287,1
1768.3,0.13775,2.60431,7.42287,1
1768.4,0.13775,2.60431,7.42287,1
1768.5,0.13775,2.60432,7.42287,1
1768.6,0.13775,2.60433,7.42287,1
1768.7,0.13775,2.60433,7.42287,1
1768.8,0.13775,2.60434,7.42287,1
1768.9,0.13775,2.60435,7.42287,1
1769,0.13775,2.60435,7.42287,1
1769.1,0.13776,2.60436,7.42287,1
1769.2,0.13776,2.60437,7.42287,1
1769.3,0.13776,2.60437,7.42287,1
1769.4,0.13775,2.60438,7.42287,1
1769.5,0.13775,2.60439,7.42287,1
1769.6,0.13776,2.60439,7.42287,1
1769.7,0.13776,2.6044,7.42287,1
1769.8,0.13776,2.60441,7.42287,1
1769.9,0.13776,2.60441,7.42287,1
1770,0.13776,2.60442,7.42287,1
1770.1,0.13776,2.60443,7.42287,1
1770.2,0.13776,2.60443,7.42287,1
1770.3,0.13776,2.60444,7.42287,1
1770.4,0.13776,2.60444,7.42287,1
1770.5,0.13776,2.60445,7.42287,1
1770.6,0.13776,2.60445,7.42287,1
1770.7,0.13776,2.60446,7.42287,1
1770.8,0.13776,2.60447,7.42287,1
1770.9,0.13776,2.60447,7.42287,1
1771,0.13776,2.60448,7.42287,1
1771.1,0.13776,2.60448,7.42287,1
1771.2,0.13776,2.60449,7.42287,1
1771.3,0.13776,2.6045,7.42286,1
1771.4,0.13776,2.6045,7.42286,1
1771.5,0.13776,2.60451,7.42286,1
1771.6,0.13776,2.60452,7.42286,1
1771.7,0.13776,2.60453,7.42286,1
1771.8,0.13776,2.60454,7.42286,1
1771.9,0.13776,2.60455,7.42286,1
1772,0.13776,2.60455,7.42286,1
1772.1,0.13776,2.60456,7.42286,1
1772.2,0.13776,2.60457,7.42286,1
1772.3,0.13776,2.60458,7.42286,1
1772.4,0.13776,2.60459,7.42286,1
1772.5,0.13776,2.6046,7.42286,1
1772.6,0.13776,2.6046,7.42286,1
1772.7,0.13776,2.60461,7.42286,1
1772.8,0.13776,2.60462,7.42286,1
1772.9,0.13776,2.60462,7.42286,1
1773,0.13776,2.60463,7.42286,1
1773.1,0.13776,2.60464,7.42286,1
1773.2,0.13776,2.60465,7.42286,1
1773.3,0.13776,2.60466,7.42286,1
1773.4,0.13776,2.60467,7.42286,1
1773.5,0.13776,2.60468,7.42286,1
1773.6,0.13776,2.60469,7.42286,1
1773.7,0.13776,2.60469,7.42286,1
1773.8,0.13776,2.6047,7.42286,1
1773.9,0.13776,2.60471,7.42286,1
1774,0.13776,2.60472,7.42286,1
1774.1,0.13776,2.60473,7.42286,1
1774.2,0.13776,2.60473,7.42286,1
1774.3,0.13776,2.60474,7.42286,1
1774.4,0.13776,2.60475,7.42286,1
1774.5,0.13776,2.60476,7.42286,1
1774.6,0.13776,2.60476,7.42286,1
1774.7,0.13776,2.60477,7.42286,1
1774.8,0.13776,2.60478,7.42286,1
1774.9,0.13776,2.60478,7.42286,1
1775,0.13776,2.60479,7.42286,1
1775.1,0.13776,2.6048,7.42286,1
1775.2,0.13776,2.60481,7.42286,1
1775.3,0.13776,2.60481,7.42286,1
1775.4,0.13776,2.60482,7.42286,1
1775.5,0.13776,2.60483,7.42286,1
1775.6,0.13776,2.60483,7.42286,1
1775.7,0.13776,2.60484,7.42286,1
1775.8,0.13776,2.60485,7.42286,1
1775.9,0.13776,2.60485,7.42286,1
1776,0.13776,2.60486,7.42286,1
1776.1,0.13776,2.60487,7.42286,1
1776.2,0.13776,2.60487,7.42286,1
1776.3,0.13776,2.60488,7.42286,1
1776.4,0.13776,2.60489,7.42286,1
1776.5,0.13776,2.60489,7.42286,1
1776.6,0.13776,2.6049,7.42286,1
1776.7,0.13776,2.60491,7.42286,1
1776.8,0.13776,2.60492,7.42286,1
1776.9,0.13776,2.60492,7.42286,1
1777,0.13776,2.60493,7.42286,1
1777.1,0.13776,2.60494,7.42286,1
1777.2,0.13776,2.60494,7.42286,1
1777.3,0.13776,2.60495,7.42286,1
1777.4,0.13776,2.60496,7.42285,1
1777.5,0.13776,2.60496,7.42285,1
1777.6,0.13776,2.60497,7.42285,1
1777.7,0.13776,2.60498,7.42285,1
1777.8,0.13776,2.60498,7.42285,1
1777.9,0.13776,2.60499,7.42285,1
1778,0.13776,2.60499,7.42285,1
1778.1,0.13776,2.605,7.42285,1
1778.2,0.13776,2.60501,7.42285,1
1778.3,0.13776,2.60501,7.42285,1
1778.4,0.13776,2.60502,7.42285,1
1778.5,0.13776,2.60503,7.42285,1
1778.6,0.13776,2.60503,7.42285,1
1778.7,0.13776,2.60504,7.42285,1
1778.8,0.13776,2.60505,7.42285,1
1778.9,0.13776,2.60505,7.42285,1
1779,0.13776,2.60506,7.42285,1
1779.1,0.13776,2.60506,7.42285,1
1779.2,0.13776,2.60507,7.42285,1
1779.3,0.13776,2.60508,7.42285,1
1779.4,0.13776,2.60508,7.42285,1
1779.5,0.13776,2.60509,7.42285,1
1779.6,0.13776,2.60509,7.42285,1
1779.7,0.13776,2.6051,7.42285,1
1779.8,0.13776,2.6051,7.42285,1
1779.9,0.13776,2.60511,7.42285,1
1780,0.13776,2.60511,7.42285,1
1780.1,0.13776,2.60512,7.42285,1
1780.2,0.13776,2.60512,7.42285,1
1780.3,0.13776,2.60513,7.42285,1
1780.4,0.13776,2.60513,7.42285,1
1780.5,0.13776,2.60514,7.42285,1
1780.6,0.13776,2.60514,7.42285,1
1780.7,0.13776,2.60515,7.42285,1
1780.8,0.13776,2.60516,7.42285,1
1780.9,0.13776,2.60516,7.42285,1
1781,0.13776,2.60517,7.42285,1
1781.1,0.13776,2.60517,7.42285,1
1781.2,0.13776,2.60517,7.42285,1
1781.3,0.13776,2.60518,7.42285,1
1781.4,0.13776,2.60518,7.42285,1
1781.5,0.13776,2.60519,7.42285,1
1781.6,0.13776,2.60519,7.42285,1
1781.7,0.13776,2.6052,7.42285,1
1781.8,0.13776,2.6052,7.42285,1
1781.9,0.13776,2.60521,7.42285,1
1782,0.13776,2.60521,7.42285,1
1782.1,0.13776,2.60522,7.42285,1
1782.2,0.13776,2.60522,7.42285,1
1782.3,0.13776,2.60523,7.42285,1
1782.4,0.13776,2.60523,7.42285,1
1782.5,0.13776,2.60523,7.42285,1
1782.6,0.13776,2.60524,7.42285,1
1782.7,0.13776,2.60524,7.42285,1
1782.8,0.13776,2.60525,7.42285,1
1782.9,0.13776,2.60525,7.42285,1
1783,0.13776,2.60526,7.42285,1
1783.1,0.13776,2.60526,7.42285,1
1783.2,0.13776,2.60526,7.42285,1
1783.3,0.13775,2.60527,7.42285,1
1783.4,0.13775,2.60527,7.42285,1
1783.5,0.13775,2.60528,7.42285,1
1783.6,0.13775,2.60529,7.42285,1
1783.7,0.13775,2.60529,7.42285,1
1783.8,0.13775,2.6053,7.42285,1
1783.9,0.13775,2.6053,7.42285,1
1784,0.13775,2.60531,7.42285,1
1784.1,0.13775,2.60531,7.42285,1
1784.2,0.13775,2.60532,7.42285,1
1784.3,0.13775,2.60533,7.42285,1
1784.4,0.13775,2.60533,7.42285,1
1784.5,0.13775,2.60534,7.42285,1
1784.6,0.13775,2.60534,7.42285,1
1784.7,0.13775,2.60535,7.42285,1
1784.8,0.13775,2.60535,7.42285,1
1784.9,0.13775,2.60536,7.42285,1
1785,0.13775,2.60536,7.42285,1
1785.1,0.13775,2.60537,7.42285,1
1785.2,0.13775,2.60537,7.42285,1
1785.3,0.13775,2.60538,7.42285,1
1785.4,0.13775,2.60538,7.42285,1
1785.5,0.13775,2.60539,7.42285,1
1785.6,0.13775,2.60539,7.42285,1
1785.7,0.13775,2.6054,7.42285,1
1785.8,0.13775,2.6054,7.42285,1
1785.9,0.13775,2.60541,7.42285,1
1786,0.13775,2.60541,7.42285,1
1786.1,0.13775,2.60541,7.42285,1
1786.2,0.13775,2.60542,7.42285,1
1786.3,0.13775,2.60542,7.42285,1
1786.4,0.13775,2.60542,7.42284,1
1786.5,0.13775,2.60543,7.42284,1
1786.6,0.13775,2.60543,7.42284,1
1786.7,0.13775,2.60543,7.42284,1
1786.8,0.13775,2.60543,7.42284,1
1786.9,0.13775,2.60544,7.42284,1
1787,0.13775,2.60544,7.42284,1
1787.1,0.13775,2.60544,7.42284,1
1787.2,0.13775,2.60544,7.42284,1
1787.3,0.13775,2.60544,7.42284,1
1787.4,0.13775,2.60544,7.42284,1
1787.5,0.13775,2.60545,7.42284,1
1787.6,0.13775,2.60545,7.42284,1
1787.7,0.13775,2.60545,7.42284,1
1787.8,0.13775,2.60545,7.42284,1
1787.9,0.13774,2.60545,7.42284,1
1788,0.13774,2.60545,7.42284,1
1788.1,0.13774,2.60545,7.42284,1
1788.2,0.13774,2.60545,7.42284,1
1788.3,0.13774,2.60546,7.42284,1
1788.4,0.13774,2.60546,7.42284,1
1788.5,0.13774,2.60546,7.42284,1
1788.6,0.13774,2.60546,7.42284,1
1788.7,0.13774,2.60546,7.42284,1
1788.8,0.13774,2.60546,7.42284,1
1788.9,0.13774,2.60546,7.42284,1
1789,0.13774,2.60546,7.42284,1
1789.1,0.13774,2.60546,7.42284,1
1789.2,0.13774,2.60546,7.42284,1
1789.3,0.13774,2.60545,7.42284,1
1789.4,0.13774,2.60545,7.42284,1
1789.5,0.13774,2.60545,7.42284,1
1789.6,0.13774,2.60545,7.42284,1
1789.7,0.13774,2.60545,7.42284,1
1789.8,0.13774,2.60544,7.42284,1
1789.9,0.13774,2.60544,7.42284,1
1790,0.13774,2.60544,7.42284,1
1790.1,0.13774,2.60544,7.42284,1
1790.2,0.13774,2.60544,7.42284,1
1790.3,0.13774,2.60544,7.42284,1
1790.4,0.13774,2.60543,7.42284,1
1790.5,0.13774,2.60543,7.42284,1
1790.6,0.13774,2.60543,7.42284,1
1790.7,0.13774,2.60543,7.42283,1
1790.8,0.13774,2.60542,7.42283,1
1790.9,0.13774,2.60542,7.42283,1
1791,0.13773,2.60542,7.42283,1
1791.1,0.13773,2.60542,7.42283,1
1791.2,0.13773,2.60541,7.42283,1
1791.3,0.13773,2.60541,7.42283,1
1791.4,0.13773,2.6054,7.42283,1
1791.5,0.13773,2.6054,7.42283,1
1791.6,0.13773,2.6054,7.42283,1
1791.7,0.13773,2.60539,7.42283,1
1791.8,0.13773,2.60539,7.42283,1
1791.9,0.13773,2.60538,7.42283,1
1792,0.13773,2.60538,7.42283,1
1792.1,0.13773,2.60538,7.42283,1
1792.2,0.13773,2.60538,7.42283,1
1792.3,0.13773,2.60537,7.42283,1
1792.4,0.13773,2.60537,7.42283,1
1792.5,0.13773,2.60537,7.42283,1
1792.6,0.13773,2.60537,7.42283,1
1792.7,0.13773,2.60537,7.42283,1
1792.8,0.13773,2.60536,7.42283,1
1792.9,0.13773,2.60536,7.42283,1
1793,0.13773,2.60536,7.42283,1
1793.1,0.13773,2.60536,7.42283,1
1793.2,0.13773,2.60536,7.42283,1
1793.3,0.13772,2.60536,7.42283,1
1793.4,0.13772,2.60536,7.42283,1
1793.5,0.13772,2.60536,7.42283,1
1793.6,0.13772,2.60535,7.42283,1
1793.7,0.13772,2.60535,7.42283,1
1793.8,0.13772,2.60535,7.42283,1
1793.9,0.13772,2.60535,7.42283,1
1794,0.13772,2.60535,7.42283,1
1794.1,0.13772,2.60535,7.42283,1
1794.2,0.13772,2.60535,7.42283,1
1794.3,0.13772,2.60535,7.42283,1
1794.4,0.13772,2.60535,7.42283,1
1794.5,0.13772,2.60535,7.42283,1
1794.6,0.13772,2.60535,7.42283,1
1794.7,0.13772,2.60535,7.42283,1
1794.8,0.13772,2.60535,7.42283,1
1794.9,0.13772,2.60535,7.42283,1
1795,0.13772,2.60535,7.42283,1
1795.1,0.13771,2.60535,7.42283,1
1795.2,0.13771,2.60535,7.42283,1
1795.3,0.13771,2.60535,7.42283,1
1795.4,0.13771,2.60535,7.42283,1
1795.5,0.13771,2.60535,7.42283,1
1795.6,0.13771,2.60535,7.42283,1
1795.7,0.13771,2.60535,7.42283,1
1795.8,0.13771,2.60535,7.42283,1
1795.9,0.13771,2.60535,7.42283,1
1796,0.13771,2.60535,7.42283,1
1796.1,0.13771,2.60535,7.42283,1
1796.2,0.13771,2.60535,7.42283,1
1796.3,0.13771,2.60535,7.42283,1
1796.4,0.13771,2.60535,7.42283,1
1796.5,0.13771,2.60535,7.42283,1
1796.6,0.13771,2.60536,7.42283,1
1796.7,0.1377,2.60536,7.42283,1
1796.8,0.1377,2.60536,7.42283,1
1796.9,0.1377,2.60536,7.42283,1
1797,0.1377,2.60536,7.42283,1
1797.1,0.1377,2.60536,7.42283,1
1797.2,0.1377,2.60536,7.42283,1
1797.3,0.1377,2.60536,7.42283,1
1797.4,0.1377,2.60536,7.42283,1
1797.5,0.1377,2.60536,7.42283,1
1797.6,0.1377,2.60536,7.42283,1
1797.7,0.1377,2.60536,7.42283,1
1797.8,0.1377,2.60536,7.42283,1
1797.9,0.1377,2.60536,7.42283,1
1798,0.1377,2.60537,7.42283,1
1798.1,0.1377,2.60537,7.42283,1
1798.2,0.1377,2.60537,7.42283,1
1798.3,0.13769,2.60537,7.42283,1
1798.4,0.13769,2.60537,7.42283,1
1798.5,0.13769,2.60537,7.42283,1
1798.6,0.13769,2.60537,7.42283,1
1798.7,0.13769,2.60537,7.42283,1
1798.8,0.13769,2.60538,7.42283,1
1798.9,0.13769,2.60538,7.42283,1
1799,0.13769,2.60538,7.42283,1
1799.1,0.13769,2.60538,7.42283,1
1799.2,0.13769,2.60538,7.42283,1
1799.3,0.13769,2.60538,7.42283,1
1799.4,0.13769,2.60539,7.42283,1
1799.5,0.13769,2.60539,7.42283,1
1799.6,0.13769,2.60539,7.42283,1
1799.7,0.13768,2.60539,7.42283,1
1799.8,0.13768,2.60539,7.42283,1
1799.9,0.13768,2.60539,7.42283,1
1800,0.13768,2.60539,7.42283,1
