Time (s),HB (mM),Glu (mM),pH,label
0.1,0.1325,3.40928,7.50933,0
0.2,0.13248,3.40929,7.50933,0
0.3,0.13247,3.4093,7.50933,0
0.4,0.13247,3.4093,7.50933,0
0.5,0.13249,3.4093,7.50933,0
0.6,0.1325,3.40932,7.50933,0
0.7,0.13251,3.40933,7.50933,0
0.8,0.13249,3.40935,7.50933,0
0.9,0.13247,3.40936,7.50933,0
1,0.13246,3.40938,7.50933,0
1.1,0.13248,3.40937,7.50933,0
1.2,0.1325,3.40937,7.50933,0
1.3,0.1325,3.40939,7.50933,0
1.4,0.13248,3.4094,7.50932,0
1.5,0.13246,3.40942,7.50932,0
1.6,0.13245,3.40942,7.50932,0
1.7,0.13246,3.40942,7.50933,0
1.8,0.13248,3.40942,7.50933,0
1.9,0.13249,3.40944,7.50933,0
2,0.13248,3.40945,7.50932,0
2.1,0.13246,3.40947,7.50932,0
2.2,0.13244,3.40947,7.50932,0
2.3,0.13244,3.40947,7.50933,0
2.4,0.13245,3.40947,7.50933,0
2.5,0.13247,3.40947,7.50933,0
2.6,0.13248,3.40948,7.50933,0
2.7,0.13246,3.4095,7.50933,0
2.8,0.13244,3.40951,7.50933,0
2.9,0.13243,3.40951,7.50933,0
3,0.13244,3.40951,7.50933,0
3.1,0.13246,3.40952,7.50933,0
3.2,0.13247,3.40953,7.50933,0
3.3,0.13246,3.40955,7.50932,0
3.4,0.13244,3.40956,7.50932,0
3.5,0.13243,3.40956,7.50932,0
3.6,0.13243,3.40956,7.50933,0
3.7,0.13245,3.40957,7.50933,0
3.8,0.13247,3.40957,7.50933,0
3.9,0.13247,3.40959,7.50932,0
4,0.13245,3.4096,7.50932,0
4.1,0.13243,3.40962,7.50932,0
4.2,0.13242,3.40962,7.50932,0
4.3,0.13243,3.40962,7.50933,0
4.4,0.13245,3.40963,7.50933,0
4.5,0.13245,3.40964,7.50933,0
4.6,0.13244,3.40965,7.50932,0
4.7,0.13242,3.40966,7.50932,0
4.8,0.13241,3.40967,7.50932,0
4.9,0.13241,3.40967,7.50933,0
5,0.13243,3.40967,7.50933,0
5.1,0.13244,3.40969,7.50933,0
5.2,0.13243,3.4097,7.50932,0
5.3,0.13242,3.40972,7.50932,0
5.4,0.1324,3.40973,7.50932,0
5.5,0.1324,3.40973,7.50933,0
5.6,0.13242,3.40973,7.50933,0
5.7,0.13244,3.40973,7.50933,0
5.8,0.13244,3.40974,7.50933,0
5.9,0.13244,3.40975,7.50932,0
6,0.13242,3.40976,7.50932,0
6.1,0.13241,3.40977,7.50932,0
6.2,0.13242,3.40976,7.50933,0
6.3,0.13244,3.40977,7.50933,0
6.4,0.13245,3.40978,7.50933,0
6.5,0.13245,3.40979,7.50932,0
6.6,0.13243,3.4098,7.50932,0
6.7,0.13242,3.4098,7.50932,0
6.8,0.13243,3.4098,7.50933,0
6.9,0.13244,3.40981,7.50933,0
7,0.13246,3.40982,7.50933,0
7.1,0.13246,3.40983,7.50933,0
7.2,0.13244,3.40985,7.50933,0
7.3,0.13243,3.40986,7.50933,0
7.4,0.13243,3.40987,7.50933,0
7.5,0.13244,3.40986,7.50933,0
7.6,0.13246,3.40986,7.50933,0
7.7,0.13246,3.40988,7.50933,0
7.8,0.13244,3.40989,7.50933,0
7.9,0.13243,3.4099,7.50933,0
8,0.13242,3.4099,7.50933,0
8.1,0.13242,3.4099,7.50933,0
8.2,0.13244,3.4099,7.50933,0
8.3,0.13246,3.40991,7.50933,0
8.4,0.13245,3.40993,7.50933,0
8.5,0.13243,3.40994,7.50933,0
8.6,0.13241,3.40994,7.50933,0
8.7,0.13241,3.40994,7.50933,0
8.8,0.13243,3.40993,7.50933,0
8.9,0.13245,3.40993,7.50933,0
9,0.13245,3.40994,7.50933,0
9.1,0.13243,3.40995,7.50933,0
9.2,0.13241,3.40997,7.50933,0
9.3,0.13239,3.40998,7.50933,0
9.4,0.13241,3.40997,7.50933,0
9.5,0.13243,3.40997,7.50933,0
9.6,0.13244,3.40999,7.50933,0
9.7,0.13243,3.41,7.50933,0
9.8,0.13242,3.41001,7.50933,0
9.9,0.13241,3.41001,7.50933,0
10,0.13242,3.41001,7.50933,0
10.1,0.13243,3.41001,7.50933,0
10.2,0.13245,3.41002,7.50933,0
10.3,0.13246,3.41003,7.50933,0
10.4,0.13244,3.41005,7.50933,0
10.5,0.13243,3.41006,7.50933,0
10.6,0.13242,3.41007,7.50933,0
10.7,0.13243,3.41006,7.50933,0
10.8,0.13245,3.41007,7.50933,0
10.9,0.13245,3.41008,7.50933,0
11,0.13243,3.41009,7.50933,0
11.1,0.13242,3.41011,7.50933,0
11.2,0.13241,3.41011,7.50933,0
11.3,0.13241,3.4101,7.50933,0
11.4,0.13243,3.41011,7.50933,0
11.5,0.13244,3.41012,7.50933,0
11.6,0.13244,3.41013,7.50933,0
11.7,0.13242,3.41014,7.50933,0
11.8,0.13241,3.41014,7.50933,0
11.9,0.13241,3.41014,7.50933,0
12,0.13242,3.41014,7.50933,0
12.1,0.13244,3.41014,7.50933,0
12.2,0.13244,3.41015,7.50933,0
12.3,0.13242,3.41016,7.50933,0
12.4,0.13241,3.41017,7.50933,0
12.5,0.1324,3.41017,7.50933,0
12.6,0.13241,3.41017,7.50933,0
12.7,0.13242,3.41017,7.50933,0
12.8,0.13244,3.41018,7.50933,0
12.9,0.13244,3.41019,7.50933,0
13,0.13242,3.4102,7.50933,0
13.1,0.13241,3.4102,7.50933,0
13.2,0.13242,3.4102,7.50933,0
13.3,0.13244,3.4102,7.50933,0
13.4,0.13246,3.41021,7.50933,0
13.5,0.13245,3.41022,7.50933,0
13.6,0.13244,3.41023,7.50933,0
13.7,0.13242,3.41025,7.50933,0
13.8,0.13241,3.41025,7.50933,0
13.9,0.13243,3.41024,7.50933,0
14,0.13245,3.41025,7.50933,0
14.1,0.13245,3.41026,7.50933,0
14.2,0.13243,3.41027,7.50933,0
14.3,0.13242,3.41028,7.50933,0
14.4,0.13241,3.41028,7.50933,0
14.5,0.13241,3.41028,7.50933,0
14.6,0.13243,3.41028,7.50933,0
14.7,0.13244,3.41029,7.50933,0
14.8,0.13243,3.4103,7.50933,0
14.9,0.13241,3.41032,7.50933,0
15,0.13239,3.41033,7.50933,0
15.1,0.13239,3.41032,7.50933,0
15.2,0.13241,3.41032,7.50933,0
15.3,0.13243,3.41032,7.50933,0
15.4,0.13244,3.41032,7.50933,0
15.5,0.13243,3.41034,7.50933,0
15.6,0.13241,3.41035,7.50933,0
15.7,0.13241,3.41035,7.50933,0
15.8,0.13243,3.41035,7.50933,0
15.9,0.13245,3.41035,7.50933,0
16,0.13246,3.41036,7.50933,0
16.1,0.13246,3.41037,7.50933,0
16.2,0.13244,3.41038,7.50933,0
16.3,0.13243,3.41038,7.50933,0
16.4,0.13244,3.41037,7.50933,0
16.5,0.13246,3.41038,7.50933,0
16.6,0.13247,3.41038,7.50933,0
16.7,0.13248,3.4104,7.50933,0
16.8,0.13246,3.41041,7.50933,0
16.9,0.13245,3.41042,7.50933,0
17,0.13245,3.41043,7.50933,0
17.1,0.13247,3.41042,7.50933,0
17.2,0.13248,3.41043,7.50933,0
17.3,0.13249,3.41044,7.50933,0
17.4,0.13248,3.41045,7.50933,0
17.5,0.13246,3.41046,7.50933,0
17.6,0.13245,3.41046,7.50933,0
17.7,0.13245,3.41046,7.50933,0
17.8,0.13247,3.41046,7.50933,0
17.9,0.13248,3.41047,7.50933,0
18,0.13247,3.41048,7.50933,0
18.1,0.13246,3.41049,7.50933,0
18.2,0.13244,3.41049,7.50933,0
18.3,0.13243,3.41049,7.50933,0
18.4,0.13245,3.41049,7.50933,0
18.5,0.13247,3.41049,7.50933,0
18.6,0.13248,3.41049,7.50933,0
18.7,0.13246,3.4105,7.50933,0
18.8,0.13244,3.41052,7.50933,0
18.9,0.13244,3.41052,7.50933,0
19,0.13246,3.41051,7.50933,0
19.1,0.13247,3.41052,7.50933,0
19.2,0.13248,3.41053,7.50933,0
19.3,0.13248,3.41054,7.50933,0
19.4,0.13247,3.41055,7.50933,0
19.5,0.13246,3.41055,7.50933,0
19.6,0.13246,3.41055,7.50933,0
19.7,0.13248,3.41055,7.50933,0
19.8,0.13249,3.41056,7.50933,0
19.9,0.1325,3.41058,7.50933,0
20,0.13248,3.41059,7.50933,0
20.1,0.13246,3.4106,7.50933,1
20.2,0.13245,3.41061,7.50933,1
20.3,0.13247,3.4106,7.50933,1
20.4,0.13248,3.4106,7.50933,1
20.5,0.13248,3.41061,7.50933,1
20.6,0.13247,3.41062,7.50933,1
20.7,0.13245,3.41063,7.50933,1
20.8,0.13244,3.41063,7.50933,1
20.9,0.13244,3.41063,7.50933,1
21,0.13246,3.41063,7.50933,1
21.1,0.13246,3.41064,7.50933,1
21.2,0.13245,3.41065,7.50933,1
21.3,0.13243,3.41066,7.50933,1
21.4,0.13242,3.41066,7.50933,1
21.5,0.13241,3.41066,7.50933,1
21.6,0.13242,3.41065,7.50933,1
21.7,0.13244,3.41065,7.50933,1
21.8,0.13245,3.41066,7.50933,1
21.9,0.13244,3.41067,7.50933,1
22,0.13242,3.41068,7.50933,1
22.1,0.1324,3.41068,7.50933,1
22.2,0.13241,3.41068,7.50933,1
22.3,0.13243,3.41068,7.50933,1
22.4,0.13245,3.41069,7.50933,1
22.5,0.13244,3.4107,7.50933,1
22.6,0.13242,3.41071,7.50933,1
22.7,0.13242,3.41072,7.50933,1
22.8,0.13242,3.41071,7.50933,1
22.9,0.13244,3.41071,7.50933,1
23,0.13246,3.41072,7.50933,1
23.1,0.13246,3.41073,7.50933,1
23.2,0.13244,3.41074,7.50933,1
23.3,0.13243,3.41076,7.50933,1
23.4,0.13242,3.41076,7.50933,1
23.5,0.13244,3.41076,7.50933,1
23.6,0.13246,3.41076,7.50933,1
23.7,0.13247,3.41077,7.50933,1
23.8,0.13245,3.41078,7.50933,1
23.9,0.13243,3.41079,7.50933,1
24,0.13242,3.41079,7.50933,1
24.1,0.13242,3.41079,7.50933,1
24.2,0.13244,3.41079,7.50933,1
24.3,0.13245,3.4108,7.50933,1
24.4,0.13244,3.41081,7.50933,1
24.5,0.13242,3.41083,7.50933,1
24.6,0.13241,3.41083,7.50933,1
24.7,0.1324,3.41083,7.50933,1
24.8,0.13242,3.41082,7.50933,1
24.9,0.13244,3.41082,7.50933,1
25,0.13244,3.41082,7.50933,1
25.1,0.13242,3.41084,7.50933,0
25.2,0.1324,3.41085,7.50933,0
25.3,0.1324,3.41085,7.50933,0
25.4,0.13242,3.41085,7.50933,0
25.5,0.13243,3.41085,7.50933,0
25.6,0.13244,3.41086,7.50933,0
25.7,0.13244,3.41087,7.50933,0
25.8,0.13242,3.41088,7.50933,0
25.9,0.13241,3.41088,7.50933,0
26,0.13242,3.41088,7.50933,0
26.1,0.13244,3.41088,7.50933,0
26.2,0.13245,3.41088,7.50933,0
26.3,0.13246,3.4109,7.50933,0
26.4,0.13244,3.41091,7.50933,0
26.5,0.13242,3.41092,7.50933,0
26.6,0.13242,3.41093,7.50933,0
26.7,0.13243,3.41093,7.50933,0
26.8,0.13245,3.41092,7.50933,0
26.9,0.13245,3.41093,7.50933,0
27,0.13243,3.41094,7.50933,0
27.1,0.13242,3.41095,7.50933,0
27.2,0.13241,3.41095,7.50933,0
27.3,0.13241,3.41095,7.50933,0
27.4,0.13242,3.41095,7.50933,0
27.5,0.13244,3.41095,7.50933,0
27.6,0.13244,3.41097,7.50933,0
27.7,0.13242,3.41098,7.50933,0
27.8,0.1324,3.41098,7.50933,0
27.9,0.13239,3.41098,7.50933,0
28,0.13241,3.41097,7.50933,0
28.1,0.13243,3.41097,7.50933,0
28.2,0.13242,3.41098,7.50933,0
28.3,0.13241,3.41099,7.50933,0
28.4,0.13239,3.41099,7.50933,0
28.5,0.13239,3.411,7.50933,0
28.6,0.1324,3.41099,7.50933,0
28.7,0.13242,3.41099,7.50933,0
28.8,0.13243,3.411,7.50933,0
28.9,0.13242,3.41102,7.50933,0
29,0.1324,3.41102,7.50933,0
29.1,0.13239,3.41103,7.50933,0
29.2,0.1324,3.41102,7.50933,0
29.3,0.13241,3.41102,7.50933,0
29.4,0.13243,3.41103,7.50933,0
29.5,0.13243,3.41104,7.50933,0
29.6,0.13242,3.41106,7.50933,0
29.7,0.1324,3.41107,7.50933,0
29.8,0.13238,3.41107,7.50933,0
29.9,0.1324,3.41107,7.50933,0
30,0.13242,3.41107,7.50933,0
30.1,0.13242,3.41108,7.50933,0
30.2,0.1324,3.41109,7.50933,0
30.3,0.13238,3.4111,7.50933,0
30.4,0.13237,3.4111,7.50933,0
30.5,0.13237,3.4111,7.50933,0
30.6,0.13238,3.4111,7.50933,0
30.7,0.1324,3.4111,7.50933,0
30.8,0.13239,3.41112,7.50933,0
30.9,0.13237,3.41113,7.50933,0
31,0.13235,3.41113,7.50933,0
31.1,0.13233,3.41112,7.50933,0
31.2,0.13235,3.41112,7.50933,0
31.3,0.13237,3.41112,7.50933,0
31.4,0.13237,3.41113,7.50933,0
31.5,0.13236,3.41114,7.50933,0
31.6,0.13234,3.41115,7.50933,0
31.7,0.13232,3.41115,7.50933,0
31.8,0.13233,3.41115,7.50933,0
31.9,0.13234,3.41115,7.50933,0
32,0.13235,3.41116,7.50933,0
32.1,0.13235,3.41117,7.50933,0
32.2,0.13234,3.41118,7.50933,0
32.3,0.13233,3.41118,7.50933,0
32.4,0.13232,3.41118,7.50933,0
32.5,0.13234,3.41118,7.50933,0
32.6,0.13236,3.41118,7.50933,0
32.7,0.13236,3.41119,7.50933,0
32.8,0.13234,3.41121,7.50933,0
32.9,0.13232,3.41122,7.50933,0
33,0.13232,3.41123,7.50933,0
33.1,0.13233,3.41122,7.50933,0
33.2,0.13235,3.41122,7.50933,0
33.3,0.13236,3.41123,7.50933,0
33.4,0.13234,3.41124,7.50933,0
33.5,0.13232,3.41126,7.50933,0
33.6,0.13231,3.41126,7.50933,0
33.7,0.13231,3.41125,7.50933,0
33.8,0.13232,3.41126,7.50933,0
33.9,0.13233,3.41127,7.50933,0
34,0.13232,3.41128,7.50933,0
34.1,0.1323,3.41129,7.50933,0
34.2,0.13228,3.4113,7.50933,0
34.3,0.13228,3.4113,7.50933,0
34.4,0.13229,3.41129,7.50933,0
34.5,0.13231,3.41129,7.50933,0
34.6,0.13231,3.4113,7.50933,0
34.7,0.13229,3.41131,7.50933,0
34.8,0.13227,3.41132,7.50933,0
34.9,0.13227,3.41132,7.50933,0
35,0.13228,3.41132,7.50933,0
35.1,0.1323,3.41132,7.50933,0
35.2,0.1323,3.41133,7.50933,0
35.3,0.1323,3.41134,7.50933,0
35.4,0.13228,3.41135,7.50933,0
35.5,0.13227,3.41136,7.50933,0
35.6,0.13228,3.41135,7.50933,0
35.7,0.13229,3.41135,7.50933,0
35.8,0.13231,3.41136,7.50933,0
35.9,0.13231,3.41138,7.50933,0
36,0.13229,3.41139,7.50933,0
36.1,0.13227,3.41141,7.50933,0
36.2,0.13227,3.41141,7.50933,0
36.3,0.13229,3.41141,7.50933,0
36.4,0.1323,3.41141,7.50933,0
36.5,0.1323,3.41142,7.50933,0
36.6,0.13229,3.41143,7.50933,0
36.7,0.13227,3.41144,7.50933,0
36.8,0.13226,3.41144,7.50933,0
36.9,0.13226,3.41144,7.50933,0
37,0.13228,3.41144,7.50933,0
37.1,0.1323,3.41145,7.50933,0
37.2,0.1323,3.41147,7.50933,0
37.3,0.13228,3.41148,7.50933,0
37.4,0.13226,3.41148,7.50933,0
37.5,0.13225,3.41148,7.50933,0
37.6,0.13227,3.41148,7.50933,0
37.7,0.13228,3.41147,7.50933,0
37.8,0.13228,3.41148,7.50933,0
37.9,0.13226,3.4115,7.50933,0
38,0.13224,3.41151,7.50933,0
38.1,0.13223,3.41151,7.50933,0
38.2,0.13223,3.41151,7.50933,0
38.3,0.13224,3.41151,7.50933,0
38.4,0.13226,3.41152,7.50933,0
38.5,0.13226,3.41153,7.50933,0
38.6,0.13224,3.41154,7.50933,0
38.7,0.13223,3.41155,7.50933,0
38.8,0.13223,3.41154,7.50933,0
38.9,0.13224,3.41155,7.50933,0
39,0.13226,3.41156,7.50933,0
39.1,0.13226,3.41157,7.50933,0
39.2,0.13225,3.41159,7.50933,0
39.3,0.13223,3.4116,7.50933,0
39.4,0.13222,3.4116,7.50933,0
39.5,0.13223,3.4116,7.50933,0
39.6,0.13225,3.4116,7.50933,0
39.7,0.13225,3.41162,7.50933,0
39.8,0.13223,3.41163,7.50933,0
39.9,0.13221,3.41165,7.50933,0
40,0.1322,3.41165,7.50933,0
40.1,0.1322,3.41165,7.50933,1
40.2,0.13222,3.41165,7.50933,1
40.3,0.13223,3.41166,7.50933,1
40.4,0.13222,3.41167,7.50933,1
40.5,0.1322,3.41168,7.50933,1
40.6,0.13218,3.41169,7.50933,1
40.7,0.13217,3.41168,7.50933,1
40.8,0.13219,3.41168,7.50933,1
40.9,0.1322,3.41168,7.50933,1
41,0.13221,3.41169,7.50933,1
41.1,0.13219,3.4117,7.50933,1
41.2,0.13217,3.41172,7.50933,1
41.3,0.13216,3.41172,7.50933,1
41.4,0.13216,3.41171,7.50933,1
41.5,0.13218,3.41172,7.50933,1
41.6,0.1322,3.41173,7.50933,1
41.7,0.1322,3.41174,7.50933,1
41.8,0.13218,3.41175,7.50933,1
41.9,0.13217,3.41176,7.50933,1
42,0.13217,3.41176,7.50933,1
42.1,0.13219,3.41176,7.50933,1
42.2,0.1322,3.41177,7.50933,1
42.3,0.13221,3.41178,7.50933,1
42.4,0.13219,3.41179,7.50933,1
42.5,0.13217,3.41181,7.50933,1
42.6,0.13216,3.41181,7.50933,1
42.7,0.13217,3.41181,7.50933,1
42.8,0.13219,3.41181,7.50933,1
42.9,0.13219,3.41182,7.50933,1
43,0.13217,3.41183,7.50933,1
43.1,0.13215,3.41185,7.50933,1
43.2,0.13214,3.41185,7.50933,1
43.3,0.13215,3.41185,7.50933,1
43.4,0.13216,3.41186,7.50933,1
43.5,0.13218,3.41187,7.50933,1
43.6,0.13217,3.41188,7.50933,1
43.7,0.13215,3.4119,7.50933,1
43.8,0.13213,3.41191,7.50933,1
43.9,0.13212,3.41191,7.50933,1
44,0.13213,3.41191,7.50933,1
44.1,0.13215,3.41191,7.50933,1
44.2,0.13215,3.41191,7.50933,1
44.3,0.13213,3.41193,7.50933,1
44.4,0.13211,3.41194,7.50933,1
44.5,0.13211,3.41194,7.50933,1
44.6,0.13212,3.41194,7.50933,1
44.7,0.13214,3.41195,7.50933,1
44.8,0.13215,3.41196,7.50933,1
44.9,0.13214,3.41197,7.50933,1
45,0.13212,3.41198,7.50933,1
45.1,0.13211,3.41199,7.50933,0
45.2,0.13211,3.41199,7.50933,0
45.3,0.13212,3.41199,7.50933,0
45.4,0.13214,3.412,7.50933,0
45.5,0.13215,3.41201,7.50933,0
45.6,0.13213,3.41203,7.50933,0
45.7,0.13211,3.41204,7.50933,0
45.8,0.13211,3.41205,7.50933,0
45.9,0.13212,3.41205,7.50933,0
46,0.13214,3.41205,7.50933,0
46.1,0.13214,3.41206,7.50933,0
46.2,0.13213,3.41208,7.50933,0
46.3,0.13211,3.41209,7.50933,0
46.4,0.1321,3.41209,7.50933,0
46.5,0.13209,3.41209,7.50933,0
46.6,0.13211,3.41209,7.50933,0
46.7,0.13212,3.4121,7.50933,0
46.8,0.13212,3.41212,7.50933,0
46.9,0.1321,3.41213,7.50933,0
47,0.13208,3.41214,7.50933,0
47.1,0.13207,3.41214,7.50933,0
47.2,0.13208,3.41214,7.50933,0
47.3,0.13209,3.41213,7.50933,0
47.4,0.1321,3.41214,7.50933,0
47.5,0.13208,3.41216,7.50933,0
47.6,0.13206,3.41217,7.50933,0
47.7,0.13205,3.41217,7.50933,0
47.8,0.13206,3.41217,7.50933,0
47.9,0.13207,3.41217,7.50933,0
48,0.13208,3.41218,7.50933,0
48.1,0.13208,3.4122,7.50933,0
48.2,0.13206,3.41221,7.50933,0
48.3,0.13205,3.41221,7.50933,0
48.4,0.13205,3.41221,7.50933,0
48.5,0.13207,3.41221,7.50933,0
48.6,0.13209,3.41222,7.50933,0
48.7,0.13209,3.41223,7.50933,0
48.8,0.13207,3.41224,7.50933,0
48.9,0.13205,3.41226,7.50933,0
49,0.13205,3.41226,7.50933,0
49.1,0.13206,3.41226,7.50933,0
49.2,0.13208,3.41226,7.50933,0
49.3,0.13209,3.41227,7.50933,0
49.4,0.13207,3.41228,7.50933,0
49.5,0.13205,3.41229,7.50933,0
49.6,0.13204,3.4123,7.50933,0
49.7,0.13205,3.41229,7.50933,0
49.8,0.13206,3.4123,7.50933,0
49.9,0.13208,3.41231,7.50933,0
50,0.13207,3.41232,7.50933,0
50.1,0.13205,3.41233,7.50933,0
50.2,0.13203,3.41233,7.50933,0
50.3,0.13201,3.41233,7.50933,0
50.4,0.13202,3.41233,7.50933,0
50.5,0.13204,3.41233,7.50933,0
50.6,0.13204,3.41234,7.50933,0
50.7,0.13202,3.41235,7.50933,0
50.8,0.132,3.41236,7.50933,0
50.9,0.13199,3.41236,7.50933,0
51,0.13199,3.41236,7.50933,0
51.1,0.13201,3.41236,7.50933,0
51.2,0.13202,3.41237,7.50933,0
51.3,0.13202,3.41239,7.50933,0
51.4,0.13201,3.4124,7.50933,0
51.5,0.132,3.4124,7.50933,0
51.6,0.132,3.4124,7.50933,0
51.7,0.13201,3.4124,7.50933,0
51.8,0.13203,3.4124,7.50933,0
51.9,0.13203,3.41241,7.50933,0
52,0.13201,3.41243,7.50933,0
52.1,0.13199,3.41244,7.50933,0
52.2,0.13198,3.41244,7.50933,0
52.3,0.132,3.41244,7.50933,0
52.4,0.13201,3.41244,7.50933,0
52.5,0.13203,3.41245,7.50933,0
52.6,0.13201,3.41247,7.50933,0
52.7,0.13199,3.41248,7.50933,0
52.8,0.13198,3.41248,7.50933,0
52.9,0.13198,3.41248,7.50933,0
53,0.13199,3.41248,7.50933,0
53.1,0.13199,3.41249,7.50933,0
53.2,0.13198,3.4125,7.50933,0
53.3,0.13196,3.41252,7.50933,0
53.4,0.13194,3.41252,7.50933,0
53.5,0.13193,3.41252,7.50933,0
53.6,0.13195,3.41251,7.50933,0
53.7,0.13197,3.41251,7.50933,0
53.8,0.13196,3.41252,7.50933,0
53.9,0.13194,3.41253,7.50933,0
54,0.13193,3.41254,7.50933,0
54.1,0.13191,3.41254,7.50933,0
54.2,0.13192,3.41254,7.50933,0
54.3,0.13194,3.41254,7.50933,0
54.4,0.13194,3.41255,7.50933,0
54.5,0.13193,3.41257,7.50933,0
54.6,0.13191,3.41258,7.50933,0
54.7,0.1319,3.41258,7.50933,0
54.8,0.13191,3.41258,7.50933,0
54.9,0.13192,3.41258,7.50933,0
55,0.13193,3.41259,7.50933,0
55.1,0.13194,3.4126,7.50933,0
55.2,0.13192,3.41262,7.50933,0
55.3,0.1319,3.41263,7.50933,0
55.4,0.13188,3.41263,7.50933,0
55.5,0.13189,3.41263,7.50933,0
55.6,0.1319,3.41263,7.50933,0
55.7,0.13192,3.41264,7.50933,0
55.8,0.1319,3.41266,7.50933,0
55.9,0.13188,3.41266,7.50933,0
56,0.13186,3.41267,7.50933,0
56.1,0.13186,3.41266,7.50933,0
56.2,0.13187,3.41266,7.50933,0
56.3,0.13189,3.41267,7.50933,0
56.4,0.13189,3.41269,7.50933,0
56.5,0.13187,3.4127,7.50933,0
56.6,0.13185,3.4127,7.50933,0
56.7,0.13185,3.41269,7.50933,0
56.8,0.13187,3.41269,7.50933,0
56.9,0.13188,3.41269,7.50933,0
57,0.13188,3.4127,7.50933,0
57.1,0.13186,3.41271,7.50933,0
57.2,0.13184,3.41272,7.50933,0
57.3,0.13182,3.41272,7.50933,0
57.4,0.13183,3.41272,7.50933,0
57.5,0.13184,3.41272,7.50933,0
57.6,0.13185,3.41273,7.50933,0
57.7,0.13184,3.41275,7.50933,0
57.8,0.13183,3.41276,7.50933,0
57.9,0.13182,3.41276,7.50933,0
58,0.13182,3.41276,7.50933,0
58.1,0.13183,3.41276,7.50933,0
58.2,0.13185,3.41277,7.50933,0
58.3,0.13185,3.41279,7.50933,0
58.4,0.13183,3.41281,7.50933,0
58.5,0.13181,3.41282,7.50933,0
58.6,0.13181,3.41282,7.50933,0
58.7,0.13182,3.41282,7.50933,0
58.8,0.13184,3.41282,7.50933,0
58.9,0.13185,3.41283,7.50933,0
59,0.13184,3.41285,7.50933,0
59.1,0.13182,3.41286,7.50933,0
59.2,0.13181,3.41286,7.50933,0
59.3,0.13181,3.41286,7.50933,0
59.4,0.13182,3.41286,7.50933,0
59.5,0.13183,3.41287,7.50933,0
59.6,0.13182,3.41288,7.50933,0
59.7,0.1318,3.41289,7.50933,0
59.8,0.13178,3.4129,7.50933,0
59.9,0.13177,3.41289,7.50933,0
60,0.13178,3.41289,7.50933,0
60.1,0.13179,3.41289,7.50933,0
60.2,0.13179,3.4129,7.50933,0
60.3,0.13177,3.41291,7.50933,0
60.4,0.13175,3.41292,7.50933,0
60.5,0.13173,3.41293,7.50933,0
60.6,0.13173,3.41292,7.50933,0
60.7,0.13174,3.41293,7.50933,0
60.8,0.13175,3.41294,7.50933,0
60.9,0.13173,3.41295,7.50933,0
61,0.13171,3.41296,7.50933,0
61.1,0.1317,3.41296,7.50933,0
61.2,0.1317,3.41296,7.50933,0
61.3,0.13172,3.41296,7.50933,0
61.4,0.13173,3.41297,7.50933,0
61.5,0.13173,3.41298,7.50933,0
61.6,0.13171,3.413,7.50933,0
61.7,0.13169,3.41301,7.50933,0
61.8,0.13169,3.41302,7.50933,0
61.9,0.1317,3.41301,7.50933,0
62,0.13172,3.41302,7.50933,0
62.1,0.13173,3.41303,7.50933,0
62.2,0.13171,3.41304,7.50933,0
62.3,0.13169,3.41306,7.50933,0
62.4,0.13168,3.41306,7.50933,0
62.5,0.13169,3.41306,7.50933,0
62.6,0.1317,3.41306,7.50933,0
62.7,0.13171,3.41307,7.50933,0
62.8,0.1317,3.41309,7.50933,0
62.9,0.13167,3.41311,7.50933,0
63,0.13165,3.41312,7.50933,0
63.1,0.13164,3.41311,7.50933,0
63.2,0.13166,3.41311,7.50933,0
63.3,0.13167,3.41311,7.50933,0
63.4,0.13167,3.41312,7.50933,0
63.5,0.13165,3.41314,7.50933,0
63.6,0.13163,3.41315,7.50933,0
63.7,0.13161,3.41315,7.50933,0
63.8,0.13162,3.41315,7.50933,0
63.9,0.13163,3.41315,7.50933,0
64,0.13164,3.41316,7.50933,0
64.1,0.13163,3.41317,7.50933,0
64.2,0.13161,3.41319,7.50933,0
64.3,0.1316,3.41319,7.50933,0
64.4,0.13159,3.41319,7.50933,0
64.5,0.1316,3.41319,7.50933,0
64.6,0.13162,3.4132,7.50933,0
64.7,0.13162,3.41322,7.50933,0
64.8,0.1316,3.41323,7.50933,0
64.9,0.13158,3.41325,7.50933,0
65,0.13158,3.41325,7.50933,0
65.1,0.13159,3.41325,7.50933,0
65.2,0.1316,3.41325,7.50933,0
65.3,0.13161,3.41326,7.50933,0
65.4,0.1316,3.41327,7.50933,0
65.5,0.13158,3.41328,7.50933,0
65.6,0.13157,3.41329,7.50933,0
65.7,0.13157,3.41328,7.50933,0
65.8,0.13159,3.41328,7.50933,0
65.9,0.1316,3.41329,7.50933,0
66,0.13161,3.41331,7.50933,0
66.1,0.13159,3.41332,7.50933,0
66.2,0.13157,3.41332,7.50933,0
66.3,0.13155,3.41332,7.50933,0
66.4,0.13156,3.41332,7.50933,0
66.5,0.13158,3.41331,7.50933,0
66.6,0.13158,3.41332,7.50933,0
66.7,0.13156,3.41333,7.50933,0
66.8,0.13154,3.41334,7.50933,0
66.9,0.13153,3.41334,7.50933,0
67,0.13153,3.41334,7.50933,0
67.1,0.13155,3.41334,7.50933,0
67.2,0.13155,3.41335,7.50933,0
67.3,0.13155,3.41337,7.50933,0
67.4,0.13154,3.41338,7.50933,0
67.5,0.13153,3.41338,7.50933,0
67.6,0.13152,3.41337,7.50933,0
67.7,0.13154,3.41337,7.50933,0
67.8,0.13155,3.41338,7.50933,0
67.9,0.13155,3.4134,7.50933,0
68,0.13153,3.41341,7.50933,0
68.1,0.13151,3.41343,7.50933,0
68.2,0.1315,3.41343,7.50933,0
68.3,0.13151,3.41343,7.50933,0
68.4,0.13153,3.41343,7.50933,0
68.5,0.13154,3.41344,7.50933,0
68.6,0.13152,3.41345,7.50933,0
68.7,0.1315,3.41346,7.50933,0
68.8,0.13149,3.41346,7.50933,0
68.9,0.1315,3.41346,7.50933,0
69,0.13151,3.41346,7.50933,0
69.1,0.13152,3.41347,7.50933,0
69.2,0.13151,3.41348,7.50933,0
69.3,0.13149,3.41349,7.50933,0
69.4,0.13147,3.41349,7.50933,0
69.5,0.13146,3.41349,7.50933,0
69.6,0.13147,3.41349,7.50933,0
69.7,0.13148,3.41349,7.50933,0
69.8,0.13149,3.41349,7.50933,0
69.9,0.13147,3.41351,7.50933,0
70,0.13145,3.41352,7.50933,0
70.1,0.13144,3.41352,7.50933,0
70.2,0.13144,3.41352,7.50933,0
70.3,0.13145,3.41352,7.50933,0
70.4,0.13147,3.41353,7.50933,0
70.5,0.13145,3.41354,7.50933,0
70.6,0.13144,3.41355,7.50933,0
70.7,0.13142,3.41356,7.50933,0
70.8,0.13142,3.41355,7.50933,0
70.9,0.13144,3.41355,7.50933,0
71,0.13145,3.41356,7.50933,0
71.1,0.13145,3.41357,7.50933,0
71.2,0.13143,3.41358,7.50933,0
71.3,0.13141,3.4136,7.50933,0
71.4,0.1314,3.4136,7.50933,0
71.5,0.13141,3.41359,7.50933,0
71.6,0.13142,3.41359,7.50933,0
71.7,0.13143,3.4136,7.50933,0
71.8,0.13142,3.41362,7.50933,0
71.9,0.13141,3.41363,7.50933,0
72,0.13139,3.41363,7.50933,0
72.1,0.1314,3.41362,7.50933,0
72.2,0.13141,3.41363,7.50933,0
72.3,0.13143,3.41364,7.50933,0
72.4,0.13142,3.41365,7.50933,0
72.5,0.1314,3.41366,7.50933,0
72.6,0.13138,3.41367,7.50933,0
72.7,0.13137,3.41367,7.50933,0
72.8,0.13139,3.41366,7.50933,0
72.9,0.1314,3.41366,7.50933,0
73,0.13141,3.41367,7.50933,0
73.1,0.13139,3.41368,7.50933,0
73.2,0.13137,3.41369,7.50933,0
73.3,0.13135,3.41369,7.50933,0
73.4,0.13135,3.41369,7.50933,0
73.5,0.13137,3.41369,7.50933,0
73.6,0.13138,3.4137,7.50933,0
73.7,0.13138,3.41371,7.50933,0
73.8,0.13137,3.41372,7.50933,0
73.9,0.13135,3.41372,7.50933,0
74,0.13135,3.41372,7.50933,0
74.1,0.13136,3.41372,7.50933,0
74.2,0.13138,3.41373,7.50933,0
74.3,0.13138,3.41374,7.50933,0
74.4,0.13136,3.41376,7.50933,0
74.5,0.13134,3.41377,7.50933,0
74.6,0.13134,3.41377,7.50933,0
74.7,0.13135,3.41377,7.50933,0
74.8,0.13137,3.41377,7.50933,0
74.9,0.13138,3.41378,7.50933,0
75,0.13137,3.41379,7.50933,0
75.1,0.13135,3.4138,7.50933,0
75.2,0.13134,3.4138,7.50933,0
75.3,0.13133,3.4138,7.50933,0
75.4,0.13135,3.4138,7.50933,0
75.5,0.13136,3.41381,7.50933,0
75.6,0.13137,3.41382,7.50933,0
75.7,0.13135,3.41383,7.50933,0
75.8,0.13133,3.41383,7.50933,0
75.9,0.13133,3.41383,7.50933,0
76,0.13134,3.41383,7.50933,0
76.1,0.13136,3.41382,7.50933,0
76.2,0.13136,3.41383,7.50933,0
76.3,0.13135,3.41384,7.50933,0
76.4,0.13133,3.41385,7.50933,0
76.5,0.13131,3.41386,7.50933,0
76.6,0.13131,3.41385,7.50933,0
76.7,0.13133,3.41385,7.50933,0
76.8,0.13134,3.41386,7.50933,0
76.9,0.13133,3.41388,7.50933,0
77,0.13131,3.41389,7.50933,0
77.1,0.1313,3.41389,7.50933,0
77.2,0.1313,3.41388,7.50933,0
77.3,0.13131,3.41389,7.50933,0
77.4,0.13133,3.4139,7.50933,0
77.5,0.13133,3.41391,7.50933,0
77.6,0.13132,3.41392,7.50933,0
77.7,0.1313,3.41393,7.50933,0
77.8,0.13128,3.41394,7.50933,0
77.9,0.13129,3.41393,7.50933,0
78,0.13131,3.41393,7.50933,0
78.1,0.13132,3.41394,7.50933,0
78.2,0.13131,3.41395,7.50933,0
78.3,0.13129,3.41396,7.50933,0
78.4,0.13128,3.41396,7.50933,0
78.5,0.13129,3.41396,7.50933,0
78.6,0.1313,3.41396,7.50933,0
78.7,0.13132,3.41397,7.50933,0
78.8,0.13132,3.41398,7.50933,0
78.9,0.1313,3.41399,7.50933,0
79,0.13128,3.41399,7.50933,0
79.1,0.13127,3.41398,7.50933,0
79.2,0.13128,3.41398,7.50933,0
79.3,0.1313,3.41398,7.50933,0
79.4,0.13129,3.41398,7.50933,0
79.5,0.13128,3.414,7.50933,0
79.6,0.13126,3.414,7.50933,0
79.7,0.13125,3.414,7.50933,0
79.8,0.13125,3.414,7.50933,0
79.9,0.13126,3.414,7.50933,0
80,0.13128,3.41401,7.50933,0
80.1,0.13126,3.41402,7.50933,0
80.2,0.13125,3.41403,7.50933,0
80.3,0.13123,3.41403,7.50933,0
80.4,0.13123,3.41403,7.50933,0
80.5,0.13124,3.41403,7.50933,0
80.6,0.13126,3.41403,7.50933,0
80.7,0.13126,3.41404,7.50933,0
80.8,0.13124,3.41405,7.50933,0
80.9,0.13122,3.41406,7.50933,0
81,0.13122,3.41406,7.50933,0
81.1,0.13123,3.41406,7.50933,0
81.2,0.13125,3.41406,7.50933,0
81.3,0.13126,3.41407,7.50933,0
81.4,0.13125,3.41408,7.50933,0
81.5,0.13123,3.41409,7.50933,0
81.6,0.13122,3.41409,7.50933,0
81.7,0.13123,3.41408,7.50933,0
81.8,0.13124,3.41408,7.50933,0
81.9,0.13126,3.41409,7.50933,0
82,0.13126,3.4141,7.50933,0
82.1,0.13124,3.41412,7.50933,0
82.2,0.13122,3.41412,7.50933,0
82.3,0.13122,3.41412,7.50933,0
82.4,0.13124,3.41411,7.50933,0
82.5,0.13126,3.41411,7.50933,0
82.6,0.13126,3.41411,7.50933,0
82.7,0.13125,3.41412,7.50933,0
82.8,0.13123,3.41413,7.50933,0
82.9,0.13122,3.41413,7.50933,0
83,0.13123,3.41412,7.50933,0
83.1,0.13124,3.41412,7.50933,0
83.2,0.13125,3.41413,7.50933,0
83.3,0.13124,3.41414,7.50933,0
83.4,0.13123,3.41415,7.50933,0
83.5,0.13121,3.41415,7.50933,0
83.6,0.13121,3.41414,7.50933,0
83.7,0.13123,3.41414,7.50933,0
83.8,0.13124,3.41414,7.50933,0
83.9,0.13125,3.41416,7.50933,0
84,0.13123,3.41417,7.50933,0
84.1,0.13121,3.41418,7.50933,0
84.2,0.13121,3.41419,7.50933,0
84.3,0.13122,3.41419,7.50933,0
84.4,0.13124,3.41419,7.50933,0
84.5,0.13125,3.41419,7.50933,0
84.6,0.13124,3.4142,7.50933,0
84.7,0.13122,3.41421,7.50933,0
84.8,0.13121,3.41421,7.50933,0
84.9,0.13122,3.4142,7.50933,0
85,0.13123,3.4142,7.50933,0
85.1,0.13125,3.41421,7.50933,0
85.2,0.13126,3.41422,7.50933,0
85.3,0.13124,3.41423,7.50933,0
85.4,0.13122,3.41423,7.50933,0
85.5,0.13121,3.41423,7.50933,0
85.6,0.13122,3.41422,7.50933,0
85.7,0.13124,3.41422,7.50933,0
85.8,0.13124,3.41422,7.50933,0
85.9,0.13123,3.41424,7.50933,0
86,0.13121,3.41424,7.50933,0
86.1,0.1312,3.41424,7.50933,0
86.2,0.1312,3.41423,7.50933,0
86.3,0.13122,3.41423,7.50933,0
86.4,0.13123,3.41424,7.50933,0
86.5,0.13122,3.41425,7.50933,0
86.6,0.1312,3.41426,7.50933,0
86.7,0.13118,3.41426,7.50933,0
86.8,0.13118,3.41425,7.50933,0
86.9,0.1312,3.41425,7.50933,0
87,0.13121,3.41426,7.50933,0
87.1,0.13122,3.41427,7.50933,0
87.2,0.1312,3.41428,7.50933,0
87.3,0.13118,3.41429,7.50933,0
87.4,0.13117,3.41429,7.50933,0
87.5,0.13118,3.41429,7.50933,0
87.6,0.13119,3.41429,7.50933,0
87.7,0.1312,3.4143,7.50933,0
87.8,0.13119,3.41431,7.50933,0
87.9,0.13117,3.41431,7.50933,0
88,0.13116,3.41431,7.50933,0
88.1,0.13117,3.41431,7.50933,0
88.2,0.13118,3.41431,7.50933,0
88.3,0.1312,3.41431,7.50933,0
88.4,0.13119,3.41432,7.50933,0
88.5,0.13117,3.41433,7.50933,0
88.6,0.13115,3.41433,7.50933,0
88.7,0.13115,3.41432,7.50933,0
88.8,0.13117,3.41432,7.50933,0
88.9,0.13118,3.41432,7.50933,0
89,0.13118,3.41432,7.50933,0
89.1,0.13116,3.41434,7.50933,0
89.2,0.13114,3.41434,7.50933,0
89.3,0.13113,3.41434,7.50933,0
89.4,0.13113,3.41434,7.50933,0
89.5,0.13115,3.41434,7.50933,0
89.6,0.13115,3.41435,7.50933,0
89.7,0.13114,3.41436,7.50933,0
89.8,0.13112,3.41437,7.50933,0
89.9,0.13111,3.41437,7.50933,0
90,0.1311,3.41436,7.50933,0
90.1,0.13112,3.41436,7.50933,0
90.2,0.13114,3.41437,7.50933,0
90.3,0.13113,3.41437,7.50933,0
90.4,0.13112,3.41439,7.50933,0
90.5,0.1311,3.4144,7.50933,0
90.6,0.13109,3.4144,7.50933,0
90.7,0.13111,3.41439,7.50933,0
90.8,0.13113,3.41439,7.50933,0
90.9,0.13113,3.4144,7.50933,0
91,0.13113,3.41441,7.50933,0
91.1,0.13112,3.41442,7.50933,0
91.2,0.1311,3.41442,7.50933,0
91.3,0.1311,3.41442,7.50933,0
91.4,0.13112,3.41442,7.50933,0
91.5,0.13113,3.41442,7.50933,0
91.6,0.13113,3.41444,7.50933,0
91.7,0.13112,3.41445,7.50933,0
91.8,0.1311,3.41445,7.50933,0
91.9,0.13109,3.41445,7.50933,0
92,0.1311,3.41444,7.50933,0
92.1,0.13112,3.41444,7.50933,0
92.2,0.13112,3.41444,7.50933,0
92.3,0.1311,3.41446,7.50933,0
92.4,0.13108,3.41447,7.50933,0
92.5,0.13107,3.41446,7.50933,0
92.6,0.13108,3.41446,7.50933,0
92.7,0.13108,3.41446,7.50933,0
92.8,0.13109,3.41447,7.50933,0
92.9,0.13109,3.41448,7.50933,0
93,0.13109,3.41449,7.50933,0
93.1,0.13107,3.41449,7.50933,0
93.2,0.13106,3.41448,7.50933,0
93.3,0.13107,3.41448,7.50933,0
93.4,0.13109,3.41449,7.50933,0
93.5,0.1311,3.4145,7.50933,0
93.6,0.13108,3.41451,7.50933,0
93.7,0.13106,3.41453,7.50933,0
93.8,0.13106,3.41453,7.50933,0
93.9,0.13108,3.41453,7.50933,0
94,0.13109,3.41452,7.50933,0
94.1,0.1311,3.41452,7.50933,0
94.2,0.1311,3.41454,7.50933,0
94.3,0.13109,3.41455,7.50933,0
94.4,0.13108,3.41455,7.50933,0
94.5,0.13108,3.41454,7.50933,0
94.6,0.13109,3.41454,7.50933,0
94.7,0.13111,3.41455,7.50933,0
94.8,0.13112,3.41456,7.50933,0
94.9,0.1311,3.41457,7.50933,0
95,0.13108,3.41457,7.50933,0
95.1,0.13107,3.41456,7.50933,0
95.2,0.13109,3.41456,7.50933,0
95.3,0.1311,3.41455,7.50933,0
95.4,0.13111,3.41456,7.50933,0
95.5,0.13109,3.41457,7.50933,0
95.6,0.13107,3.41458,7.50933,0
95.7,0.13106,3.41458,7.50933,0
95.8,0.13106,3.41457,7.50933,0
95.9,0.13108,3.41457,7.50933,0
96,0.13109,3.41458,7.50933,0
96.1,0.13109,3.41459,7.50933,0
96.2,0.13108,3.4146,7.50933,0
96.3,0.13106,3.4146,7.50933,0
96.4,0.13105,3.4146,7.50933,0
96.5,0.13107,3.4146,7.50933,0
96.6,0.13109,3.4146,7.50933,0
96.7,0.13108,3.41462,7.50933,0
96.8,0.13107,3.41463,7.50933,0
96.9,0.13105,3.41464,7.50933,0
97,0.13104,3.41465,7.50933,0
97.1,0.13104,3.41464,7.50933,0
97.2,0.13106,3.41464,7.50933,0
97.3,0.13107,3.41464,7.50933,0
97.4,0.13106,3.41466,7.50933,0
97.5,0.13105,3.41467,7.50933,0
97.6,0.13104,3.41467,7.50933,0
97.7,0.13104,3.41467,7.50933,0
97.8,0.13106,3.41466,7.50933,0
97.9,0.13108,3.41467,7.50933,0
98,0.13109,3.41468,7.50933,0
98.1,0.13107,3.41469,7.50933,0
98.2,0.13105,3.41469,7.50933,0
98.3,0.13104,3.41468,7.50933,0
98.4,0.13105,3.41468,7.50933,0
98.5,0.13107,3.41468,7.50933,0
98.6,0.13107,3.41468,7.50933,0
98.7,0.13105,3.41469,7.50933,0
98.8,0.13103,3.4147,7.50933,0
98.9,0.13102,3.4147,7.50933,0
99,0.13102,3.4147,7.50933,0
99.1,0.13103,3.4147,7.50933,0
99.2,0.13104,3.4147,7.50933,0
99.3,0.13104,3.41472,7.50933,0
99.4,0.13103,3.41473,7.50933,0
99.5,0.13101,3.41472,7.50933,0
99.6,0.131,3.41472,7.50933,0
99.7,0.13101,3.41472,7.50933,0
99.8,0.13103,3.41472,7.50933,0
99.9,0.13102,3.41473,7.50933,0
100,0.13101,3.41474,7.50933,0
100.1,0.13099,3.41475,7.50933,0
100.2,0.13097,3.41476,7.50933,0
100.3,0.13099,3.41475,7.50933,0
100.4,0.13101,3.41474,7.50933,0
100.5,0.13101,3.41475,7.50933,0
100.6,0.13101,3.41476,7.50933,0
100.7,0.13099,3.41477,7.50933,0
100.8,0.13098,3.41477,7.50933,0
100.9,0.13099,3.41476,7.50933,0
101,0.131,3.41476,7.50933,0
101.1,0.13102,3.41476,7.50933,0
101.2,0.13102,3.41477,7.50933,0
101.3,0.131,3.41478,7.50933,0
101.4,0.13098,3.41479,7.50933,0
101.5,0.13098,3.41478,7.50933,0
101.6,0.131,3.41478,7.50933,0
101.7,0.13102,3.41477,7.50933,0
101.8,0.13102,3.41478,7.50933,0
101.9,0.131,3.41479,7.50933,0
102,0.13098,3.4148,7.50933,0
102.1,0.13097,3.4148,7.50933,0
102.2,0.13097,3.41479,7.50933,0
102.3,0.13099,3.41479,7.50933,0
102.4,0.131,3.4148,7.50933,0
102.5,0.131,3.41481,7.50933,0
102.6,0.13098,3.41482,7.50933,0
102.7,0.13096,3.41482,7.50933,0
102.8,0.13095,3.41481,7.50933,0
102.9,0.13097,3.41481,7.50933,0
103,0.13098,3.41482,7.50933,0
103.1,0.13098,3.41483,7.50933,0
103.2,0.13096,3.41484,7.50933,0
103.3,0.13094,3.41486,7.50933,0
103.4,0.13094,3.41486,7.50933,0
103.5,0.13095,3.41485,7.50933,0
103.6,0.13097,3.41485,7.50933,0
103.7,0.13098,3.41486,7.50933,0
103.8,0.13097,3.41487,7.50933,0
103.9,0.13096,3.41488,7.50933,0
104,0.13095,3.41487,7.50933,0
104.1,0.13095,3.41487,7.50933,0
104.2,0.13097,3.41487,7.50933,0
104.3,0.13099,3.41487,7.50933,0
104.4,0.13099,3.41488,7.50933,0
104.5,0.13097,3.41489,7.50933,0
104.6,0.13095,3.41489,7.50933,0
104.7,0.13095,3.41488,7.50933,0
104.8,0.13097,3.41487,7.50933,0
104.9,0.13098,3.41487,7.50933,0
105,0.13098,3.41487,7.50933,0
105.1,0.13097,3.41488,7.50933,0
105.2,0.13095,3.41489,7.50933,0
105.3,0.13094,3.41489,7.50933,0
105.4,0.13094,3.41489,7.50933,0
105.5,0.13095,3.41488,7.50933,0
105.6,0.13096,3.41489,7.50933,0
105.7,0.13095,3.4149,7.50933,0
105.8,0.13093,3.41491,7.50933,0
105.9,0.13091,3.4149,7.50933,0
106,0.13091,3.4149,7.50933,0
106.1,0.13093,3.4149,7.50933,0
106.2,0.13094,3.41491,7.50933,0
106.3,0.13094,3.41492,7.50933,0
106.4,0.13093,3.41493,7.50933,0
106.5,0.13091,3.41494,7.50933,0
106.6,0.1309,3.41494,7.50933,0
106.7,0.1309,3.41494,7.50933,0
106.8,0.13092,3.41494,7.50933,0
106.9,0.13093,3.41494,7.50933,0
107,0.13093,3.41495,7.50933,0
107.1,0.13091,3.41496,7.50933,0
107.2,0.1309,3.41496,7.50933,0
107.3,0.13091,3.41495,7.50933,0
107.4,0.13092,3.41495,7.50933,0
107.5,0.13094,3.41496,7.50933,0
107.6,0.13094,3.41497,7.50933,0
107.7,0.13092,3.41498,7.50933,0
107.8,0.1309,3.41497,7.50933,0
107.9,0.1309,3.41497,7.50933,0
108,0.13092,3.41496,7.50933,0
108.1,0.13093,3.41496,7.50933,0
108.2,0.13093,3.41496,7.50933,0
108.3,0.13092,3.41497,7.50933,0
108.4,0.1309,3.41498,7.50933,0
108.5,0.13089,3.41498,7.50933,0
108.6,0.13088,3.41497,7.50933,0
108.7,0.1309,3.41497,7.50933,0
108.8,0.13091,3.41498,7.50933,0
108.9,0.1309,3.41499,7.50933,0
109,0.13088,3.41501,7.50933,0
109.1,0.13086,3.415,7.50933,0
109.2,0.13085,3.415,7.50933,0
109.3,0.13086,3.415,7.50933,0
109.4,0.13088,3.415,7.50933,0
109.5,0.13089,3.41501,7.50933,0
109.6,0.13087,3.41502,7.50933,0
109.7,0.13085,3.41503,7.50933,0
109.8,0.13085,3.41503,7.50933,0
109.9,0.13086,3.41503,7.50933,0
110,0.13088,3.41503,7.50933,0
110.1,0.13088,3.41504,7.50933,0
110.2,0.13088,3.41505,7.50933,0
110.3,0.13086,3.41506,7.50933,0
110.4,0.13085,3.41506,7.50933,0
110.5,0.13085,3.41505,7.50933,0
110.6,0.13087,3.41505,7.50933,0
110.7,0.13088,3.41506,7.50933,0
110.8,0.1309,3.41507,7.50933,0
110.9,0.13088,3.41509,7.50933,0
111,0.13086,3.41509,7.50933,0
111.1,0.13086,3.41509,7.50933,0
111.2,0.13087,3.41508,7.50933,0
111.3,0.13089,3.41508,7.50933,0
111.4,0.13089,3.41508,7.50933,0
111.5,0.13087,3.4151,7.50933,0
111.6,0.13085,3.41511,7.50933,0
111.7,0.13084,3.41511,7.50933,0
111.8,0.13084,3.4151,7.50933,0
111.9,0.13084,3.4151,7.50933,0
112,0.13086,3.41511,7.50933,0
112.1,0.13086,3.41512,7.50933,0
112.2,0.13085,3.41513,7.50933,0
112.3,0.13082,3.41513,7.50933,0
112.4,0.13081,3.41512,7.50933,0
112.5,0.13082,3.41512,7.50933,0
112.6,0.13084,3.41513,7.50933,0
112.7,0.13084,3.41514,7.50933,0
112.8,0.13082,3.41516,7.50933,0
112.9,0.1308,3.41517,7.50933,0
113,0.1308,3.41517,7.50933,0
113.1,0.13081,3.41517,7.50933,0
113.2,0.13083,3.41516,7.50933,0
113.3,0.13084,3.41517,7.50933,0
113.4,0.13084,3.41519,7.50933,0
113.5,0.13082,3.41519,7.50933,0
113.6,0.13081,3.41519,7.50933,0
113.7,0.1308,3.41519,7.50933,0
113.8,0.13082,3.41519,7.50933,0
113.9,0.13084,3.41519,7.50933,0
114,0.13084,3.4152,7.50933,0
114.1,0.13082,3.41521,7.50933,0
114.2,0.1308,3.41521,7.50933,0
114.3,0.1308,3.41521,7.50933,0
114.4,0.13082,3.4152,7.50933,0
114.5,0.13083,3.4152,7.50933,0
114.6,0.13083,3.4152,7.50933,0
114.7,0.13081,3.41522,7.50933,0
114.8,0.13079,3.41523,7.50933,0
114.9,0.13078,3.41522,7.50933,0
115,0.13078,3.41522,7.50933,0
115.1,0.1308,3.41522,7.50933,0
115.2,0.1308,3.41523,7.50933,0
115.3,0.13079,3.41524,7.50933,0
115.4,0.13077,3.41525,7.50933,0
115.5,0.13075,3.41525,7.50933,0
115.6,0.13075,3.41524,7.50933,0
115.7,0.13076,3.41524,7.50933,0
115.8,0.13078,3.41525,7.50933,0
115.9,0.13078,3.41526,7.50933,0
116,0.13076,3.41528,7.50933,0
116.1,0.13074,3.41529,7.50933,0
116.2,0.13072,3.41529,7.50933,0
116.3,0.13073,3.41529,7.50933,0
116.4,0.13074,3.41528,7.50933,0
116.5,0.13076,3.41529,7.50933,0
116.6,0.13075,3.41531,7.50933,0
116.7,0.13074,3.41532,7.50933,0
116.8,0.13072,3.41532,7.50933,0
116.9,0.13072,3.41531,7.50933,0
117,0.13073,3.41531,7.50933,0
117.1,0.13075,3.41532,7.50933,0
117.2,0.13076,3.41534,7.50933,0
117.3,0.13074,3.41535,7.50933,0
117.4,0.13072,3.41535,7.50933,0
117.5,0.13072,3.41534,7.50933,0
117.6,0.13073,3.41534,7.50933,0
117.7,0.13075,3.41533,7.50933,0
117.8,0.13075,3.41534,7.50933,0
117.9,0.13073,3.41536,7.50933,0
118,0.13071,3.41537,7.50933,0
118.1,0.1307,3.41537,7.50933,0
118.2,0.1307,3.41537,7.50933,0
118.3,0.13071,3.41536,7.50933,0
118.4,0.13072,3.41537,7.50933,0
118.5,0.13071,3.41539,7.50933,0
118.6,0.13069,3.4154,7.50933,0
118.7,0.13067,3.4154,7.50933,0
118.8,0.13066,3.41539,7.50933,0
118.9,0.13068,3.41539,7.50933,0
119,0.13069,3.4154,7.50933,0
119.1,0.13069,3.41541,7.50933,0
119.2,0.13067,3.41542,7.50933,0
119.3,0.13065,3.41543,7.50933,0
119.4,0.13064,3.41544,7.50933,0
119.5,0.13066,3.41543,7.50933,0
119.6,0.13067,3.41543,7.50933,0
119.7,0.13068,3.41543,7.50933,0
119.8,0.13068,3.41545,7.50933,0
119.9,0.13066,3.41546,7.50933,0
120,0.13065,3.41546,7.50933,0
120.1,0.13065,3.41546,7.50933,0
120.2,0.13067,3.41546,7.50933,0
120.3,0.13068,3.41546,7.50933,0
120.4,0.13069,3.41548,7.50933,0
120.5,0.13067,3.41549,7.50933,0
120.6,0.13065,3.4155,7.50933,0
120.7,0.13065,3.41549,7.50933,0
120.8,0.13066,3.41549,7.50933,0
120.9,0.13068,3.41549,7.50933,0
121,0.13067,3.41549,7.50933,0
121.1,0.13066,3.4155,7.50933,0
121.2,0.13064,3.41552,7.50933,0
121.3,0.13063,3.41552,7.50933,0
121.4,0.13063,3.41551,7.50933,0
121.5,0.13065,3.41551,7.50933,0
121.6,0.13067,3.41552,7.50933,0
121.7,0.13067,3.41554,7.50933,0
121.8,0.13065,3.41555,7.50933,0
121.9,0.13063,3.41555,7.50933,0
122,0.13062,3.41555,7.50933,0
122.1,0.13063,3.41555,7.50933,0
122.2,0.13065,3.41556,7.50933,0
122.3,0.13066,3.41557,7.50933,0
122.4,0.13064,3.41558,7.50933,0
122.5,0.13062,3.4156,7.50933,0
122.6,0.13061,3.4156,7.50933,0
122.7,0.13061,3.41559,7.50933,0
122.8,0.13063,3.41559,7.50933,0
122.9,0.13064,3.41559,7.50933,0
123,0.13064,3.41561,7.50933,0
123.1,0.13062,3.41561,7.50933,0
123.2,0.13061,3.41561,7.50933,0
123.3,0.13062,3.41561,7.50933,0
123.4,0.13063,3.4156,7.50933,0
123.5,0.13065,3.41561,7.50933,0
123.6,0.13065,3.41562,7.50933,0
123.7,0.13063,3.41563,7.50933,0
123.8,0.13061,3.41563,7.50933,0
123.9,0.13061,3.41562,7.50933,0
124,0.13062,3.41561,7.50933,0
124.1,0.13064,3.41561,7.50933,0
124.2,0.13064,3.41562,7.50933,0
124.3,0.13063,3.41563,7.50933,0
124.4,0.13061,3.41564,7.50933,0
124.5,0.1306,3.41564,7.50933,0
124.6,0.1306,3.41563,7.50933,0
124.7,0.13061,3.41563,7.50933,0
124.8,0.13062,3.41564,7.50933,0
124.9,0.13062,3.41565,7.50933,0
125,0.1306,3.41566,7.50933,0
125.1,0.13058,3.41566,7.50933,0
125.2,0.13057,3.41565,7.50933,0
125.3,0.13058,3.41565,7.50933,0
125.4,0.13059,3.41565,7.50933,0
125.5,0.13061,3.41567,7.50933,0
125.6,0.13059,3.41568,7.50933,0
125.7,0.13057,3.41569,7.50933,0
125.8,0.13055,3.41569,7.50933,0
125.9,0.13055,3.41569,7.50933,0
126,0.13056,3.41569,7.50933,0
126.1,0.13057,3.4157,7.50933,0
126.2,0.13057,3.41571,7.50933,0
126.3,0.13055,3.41572,7.50933,0
126.4,0.13054,3.41572,7.50933,0
126.5,0.13054,3.41571,7.50933,0
126.6,0.13055,3.41571,7.50933,0
126.7,0.13057,3.41572,7.50933,0
126.8,0.13057,3.41573,7.50933,0
126.9,0.13055,3.41574,7.50932,0
127,0.13053,3.41574,7.50932,0
127.1,0.13052,3.41574,7.50932,0
127.2,0.13054,3.41573,7.50933,0
127.3,0.13055,3.41573,7.50933,0
127.4,0.13057,3.41573,7.50933,0
127.5,0.13055,3.41575,7.50932,0
127.6,0.13053,3.41575,7.50932,0
127.7,0.13052,3.41575,7.50932,0
127.8,0.13052,3.41575,7.50933,0
127.9,0.13053,3.41575,7.50933,0
128,0.13054,3.41575,7.50933,0
128.1,0.13053,3.41576,7.50933,0
128.2,0.13051,3.41578,7.50933,0
128.3,0.13049,3.41578,7.50933,0
128.4,0.13048,3.41577,7.50933,0
128.5,0.13048,3.41577,7.50933,0
128.6,0.1305,3.41577,7.50933,0
128.7,0.1305,3.41578,7.50933,0
128.8,0.13048,3.4158,7.50933,0
128.9,0.13046,3.41581,7.50933,0
129,0.13045,3.41581,7.50933,0
129.1,0.13046,3.4158,7.50933,0
129.2,0.13048,3.4158,7.50933,0
129.3,0.13048,3.41581,7.50933,0
129.4,0.13048,3.41582,7.50933,0
129.5,0.13047,3.41583,7.50933,0
129.6,0.13046,3.41583,7.50933,0
129.7,0.13045,3.41582,7.50933,0
129.8,0.13047,3.41583,7.50933,0
129.9,0.13049,3.41583,7.50933,0
130,0.13049,3.41585,7.50933,0
130.1,0.13047,3.41586,7.50933,0
130.2,0.13045,3.41587,7.50933,0
130.3,0.13045,3.41586,7.50933,0
130.4,0.13046,3.41586,7.50933,0
130.5,0.13048,3.41586,7.50933,0
130.6,0.13049,3.41586,7.50933,0
130.7,0.13048,3.41587,7.50933,0
130.8,0.13046,3.41588,7.50933,0
130.9,0.13045,3.41588,7.50933,0
131,0.13044,3.41588,7.50933,0
131.1,0.13046,3.41588,7.50933,0
131.2,0.13047,3.41589,7.50933,0
131.3,0.13047,3.4159,7.50933,0
131.4,0.13045,3.41591,7.50933,0
131.5,0.13043,3.41591,7.50933,0
131.6,0.13042,3.4159,7.50933,0
131.7,0.13043,3.4159,7.50933,0
131.8,0.13044,3.41591,7.50933,0
131.9,0.13045,3.41592,7.50933,0
132,0.13043,3.41594,7.50933,0
132.1,0.13041,3.41595,7.50933,0
132.2,0.1304,3.41596,7.50933,0
132.3,0.13041,3.41595,7.50933,0
132.4,0.13042,3.41595,7.50933,0
132.5,0.13043,3.41596,7.50933,0
132.6,0.13042,3.41597,7.50933,0
132.7,0.1304,3.41598,7.50933,0
132.8,0.13038,3.41598,7.50933,0
132.9,0.13039,3.41598,7.50933,0
133,0.13041,3.41598,7.50933,0
133.1,0.13043,3.41598,7.50933,0
133.2,0.13043,3.416,7.50933,0
133.3,0.13042,3.416,7.50933,0
133.4,0.1304,3.416,7.50933,0
133.5,0.1304,3.416,7.50933,0
133.6,0.13041,3.416,7.50933,0
133.7,0.13043,3.41599,7.50933,0
133.8,0.13044,3.416,7.50933,0
133.9,0.13043,3.41602,7.50933,0
134,0.13041,3.41602,7.50933,0
134.1,0.1304,3.41602,7.50933,0
134.2,0.13041,3.41602,7.50933,0
134.3,0.13043,3.41602,7.50933,0
134.4,0.13044,3.41603,7.50933,0
134.5,0.13044,3.41604,7.50933,0
134.6,0.13042,3.41605,7.50933,0
134.7,0.1304,3.41605,7.50933,0
134.8,0.13038,3.41605,7.50933,0
134.9,0.1304,3.41605,7.50933,0
135,0.13041,3.41606,7.50933,0
135.1,0.13041,3.41607,7.50933,0
135.2,0.1304,3.41609,7.50933,0
135.3,0.13038,3.4161,7.50933,0
135.4,0.13037,3.4161,7.50933,0
135.5,0.13037,3.4161,7.50933,0
135.6,0.13038,3.4161,7.50933,0
135.7,0.13039,3.41611,7.50933,0
135.8,0.13038,3.41612,7.50933,0
135.9,0.13036,3.41613,7.50933,0
136,0.13035,3.41613,7.50933,0
136.1,0.13036,3.41613,7.50933,0
136.2,0.13037,3.41613,7.50933,0
136.3,0.13039,3.41614,7.50933,0
136.4,0.13039,3.41615,7.50933,0
136.5,0.13037,3.41616,7.50933,0
136.6,0.13035,3.41616,7.50933,0
136.7,0.13035,3.41616,7.50933,0
136.8,0.13037,3.41615,7.50933,0
136.9,0.13038,3.41615,7.50933,0
137,0.1304,3.41616,7.50933,0
137.1,0.13039,3.41617,7.50933,0
137.2,0.13037,3.41619,7.50933,0
137.3,0.13036,3.41619,7.50933,0
137.4,0.13036,3.41618,7.50933,0
137.5,0.13037,3.41618,7.50933,0
137.6,0.13038,3.41619,7.50933,0
137.7,0.13037,3.41621,7.50933,0
137.8,0.13035,3.41622,7.50933,0
137.9,0.13033,3.41622,7.50933,0
138,0.13031,3.41621,7.50933,0
138.1,0.13033,3.41621,7.50933,0
138.2,0.13034,3.41622,7.50933,0
138.3,0.13034,3.41623,7.50933,0
138.4,0.13032,3.41624,7.50933,0
138.5,0.1303,3.41625,7.50933,0
138.6,0.13029,3.41626,7.50933,0
138.7,0.13029,3.41625,7.50933,0
138.8,0.13031,3.41625,7.50933,0
138.9,0.13031,3.41626,7.50933,0
139,0.1303,3.41627,7.50933,0
139.1,0.13028,3.41628,7.50933,0
139.2,0.13027,3.41628,7.50933,0
139.3,0.13027,3.41628,7.50933,0
139.4,0.13029,3.41628,7.50933,0
139.5,0.1303,3.41629,7.50933,0
139.6,0.1303,3.4163,7.50933,0
139.7,0.13028,3.41631,7.50933,0
139.8,0.13026,3.41632,7.50933,0
139.9,0.13026,3.41632,7.50933,0
140,0.13027,3.41631,7.50933,0
140.1,0.13028,3.41631,7.50933,0
140.2,0.13028,3.41631,7.50933,0
140.3,0.13027,3.41633,7.50933,0
140.4,0.13025,3.41634,7.50933,0
140.5,0.13023,3.41635,7.50933,0
140.6,0.13024,3.41634,7.50933,0
140.7,0.13025,3.41634,7.50933,0
140.8,0.13027,3.41635,7.50933,0
140.9,0.13028,3.41637,7.50933,0
141,0.13026,3.41638,7.50933,0
141.1,0.13023,3.41638,7.50933,0
141.2,0.13023,3.41637,7.50933,0
141.3,0.13024,3.41637,7.50933,0
141.4,0.13026,3.41638,7.50933,0
141.5,0.13025,3.4164,7.50933,0
141.6,0.13023,3.41641,7.50933,0
141.7,0.13021,3.41643,7.50933,0
141.8,0.1302,3.41643,7.50933,0
141.9,0.1302,3.41642,7.50933,0
142,0.13022,3.41642,7.50933,0
142.1,0.13022,3.41643,7.50933,0
142.2,0.13022,3.41645,7.50933,0
142.3,0.13021,3.41646,7.50933,0
142.4,0.13019,3.41646,7.50933,0
142.5,0.13018,3.41645,7.50933,0
142.6,0.1302,3.41645,7.50933,0
142.7,0.13021,3.41646,7.50933,0
142.8,0.13021,3.41648,7.50933,0
142.9,0.13019,3.41649,7.50933,0
143,0.13017,3.41649,7.50933,0
143.1,0.13016,3.41648,7.50933,0
143.2,0.13017,3.41648,7.50933,0
143.3,0.13019,3.41648,7.50933,0
143.4,0.1302,3.41648,7.50933,0
143.5,0.13019,3.4165,7.50933,0
143.6,0.13017,3.41651,7.50933,0
143.7,0.13015,3.41651,7.50933,0
143.8,0.13016,3.4165,7.50933,0
143.9,0.13017,3.41651,7.50933,0
144,0.13018,3.41651,7.50933,0
144.1,0.13017,3.41653,7.50933,0
144.2,0.13015,3.41654,7.50933,0
144.3,0.13013,3.41654,7.50933,0
144.4,0.13011,3.41654,7.50933,0
144.5,0.13012,3.41654,7.50933,0
144.6,0.13014,3.41655,7.50933,0
144.7,0.13013,3.41656,7.50933,0
144.8,0.13011,3.41658,7.50933,0
144.9,0.13009,3.41659,7.50933,0
145,0.13007,3.41659,7.50933,0
145.1,0.13007,3.41659,7.50933,0
145.2,0.13008,3.41659,7.50933,0
145.3,0.13009,3.4166,7.50933,0
145.4,0.13007,3.41662,7.50933,0
145.5,0.13005,3.41663,7.50933,0
145.6,0.13004,3.41663,7.50933,0
145.7,0.13003,3.41663,7.50933,0
145.8,0.13004,3.41663,7.50933,0
145.9,0.13005,3.41664,7.50933,0
146,0.13006,3.41666,7.50933,0
146.1,0.13003,3.41667,7.50933,0
146.2,0.13001,3.41667,7.50933,0
146.3,0.13001,3.41666,7.50933,0
146.4,0.13002,3.41666,7.50933,0
146.5,0.13003,3.41666,7.50933,0
146.6,0.13003,3.41667,7.50933,0
146.7,0.13002,3.41668,7.50933,0
146.8,0.13,3.41669,7.50933,0
146.9,0.12998,3.4167,7.50933,0
147,0.12999,3.41669,7.50933,0
147.1,0.13,3.41669,7.50933,0
147.2,0.13001,3.41671,7.50933,0
147.3,0.13,3.41672,7.50933,0
147.4,0.12998,3.41673,7.50933,0
147.5,0.12995,3.41674,7.50933,0
147.6,0.12994,3.41674,7.50933,0
147.7,0.12995,3.41673,7.50933,0
147.8,0.12996,3.41674,7.50933,0
147.9,0.12996,3.41675,7.50933,0
148,0.12994,3.41677,7.50933,0
148.1,0.12992,3.41678,7.50933,0
148.2,0.1299,3.41678,7.50933,0
148.3,0.12991,3.41679,7.50933,0
148.4,0.12992,3.41679,7.50933,0
148.5,0.12992,3.41679,7.50933,0
148.6,0.12991,3.41681,7.50933,0
148.7,0.12988,3.41682,7.50933,0
148.8,0.12986,3.41682,7.50933,0
148.9,0.12985,3.41682,7.50933,0
149,0.12986,3.41682,7.50933,0
149.1,0.12987,3.41683,7.50933,0
149.2,0.12987,3.41685,7.50933,0
149.3,0.12985,3.41687,7.50933,0
149.4,0.12982,3.41687,7.50933,0
149.5,0.12981,3.41687,7.50933,0
149.6,0.12982,3.41687,7.50933,0
149.7,0.12982,3.41687,7.50933,0
149.8,0.12982,3.41688,7.50933,0
149.9,0.12981,3.41689,7.50933,0
150,0.12978,3.4169,7.50933,0
150.1,0.12977,3.4169,7.50933,0
150.2,0.12976,3.4169,7.50933,0
150.3,0.12977,3.4169,7.50933,0
150.4,0.12977,3.41692,7.50933,0
150.5,0.12977,3.41693,7.50933,0
150.6,0.12975,3.41695,7.50933,0
150.7,0.12972,3.41695,7.50933,0
150.8,0.12971,3.41695,7.50933,0
150.9,0.12972,3.41695,7.50933,0
151,0.12973,3.41696,7.50933,0
151.1,0.12973,3.41698,7.50933,0
151.2,0.1297,3.417,7.50933,0
151.3,0.12968,3.41701,7.50933,0
151.4,0.12966,3.41702,7.50933,0
151.5,0.12966,3.41701,7.50933,0
151.6,0.12967,3.41701,7.50933,0
151.7,0.12967,3.41703,7.50933,0
151.8,0.12966,3.41704,7.50933,0
151.9,0.12963,3.41705,7.50933,0
152,0.12961,3.41706,7.50933,0
152.1,0.1296,3.41705,7.50933,0
152.2,0.12961,3.41706,7.50933,0
152.3,0.12962,3.41707,7.50933,0
152.4,0.12962,3.41708,7.50933,0
152.5,0.12959,3.4171,7.50933,0
152.6,0.12957,3.4171,7.50933,0
152.7,0.12955,3.41709,7.50933,0
152.8,0.12956,3.41709,7.50933,0
152.9,0.12957,3.41709,7.50933,0
153,0.12957,3.41709,7.50933,0
153.1,0.12955,3.41711,7.50933,0
153.2,0.12953,3.41712,7.50933,0
153.3,0.12951,3.41713,7.50933,0
153.4,0.12951,3.41713,7.50933,0
153.5,0.12952,3.41713,7.50933,0
153.6,0.12953,3.41714,7.50933,0
153.7,0.12953,3.41716,7.50933,0
153.8,0.12952,3.41717,7.50933,0
153.9,0.12949,3.41718,7.50933,0
154,0.12947,3.41717,7.50933,0
154.1,0.12948,3.41718,7.50933,0
154.2,0.12949,3.41719,7.50933,0
154.3,0.12949,3.4172,7.50933,0
154.4,0.12946,3.41722,7.50933,0
154.5,0.12944,3.41724,7.50933,0
154.6,0.12942,3.41724,7.50933,0
154.7,0.12942,3.41724,7.50933,0
154.8,0.12943,3.41725,7.50933,0
154.9,0.12944,3.41726,7.50933,0
155,0.12942,3.41727,7.50933,0
155.1,0.1294,3.41729,7.50933,0
155.2,0.12937,3.41729,7.50933,0
155.3,0.12936,3.41729,7.50933,0
155.4,0.12936,3.41729,7.50933,0
155.5,0.12937,3.41731,7.50933,0
155.6,0.12936,3.41732,7.50933,0
155.7,0.12934,3.41734,7.50933,0
155.8,0.12931,3.41734,7.50933,0
155.9,0.12931,3.41734,7.50933,0
156,0.12932,3.41734,7.50933,0
156.1,0.12932,3.41734,7.50933,0
156.2,0.12933,3.41735,7.50933,0
156.3,0.12932,3.41736,7.50933,0
156.4,0.1293,3.41738,7.50933,0
156.5,0.12928,3.41738,7.50933,0
156.6,0.12928,3.41738,7.50933,0
156.7,0.12928,3.41739,7.50933,0
156.8,0.12929,3.4174,7.50933,0
156.9,0.12928,3.41742,7.50933,0
157,0.12926,3.41743,7.50933,0
157.1,0.12924,3.41743,7.50933,0
157.2,0.12922,3.41743,7.50933,0
157.3,0.12923,3.41743,7.50933,0
157.4,0.12924,3.41744,7.50933,0
157.5,0.12924,3.41745,7.50933,0
157.6,0.12921,3.41747,7.50933,0
157.7,0.12919,3.41749,7.50933,0
157.8,0.12917,3.41749,7.50933,0
157.9,0.12917,3.41749,7.50933,0
158,0.12918,3.41749,7.50933,0
158.1,0.12919,3.41751,7.50933,0
158.2,0.12917,3.41752,7.50933,0
158.3,0.12915,3.41753,7.50933,0
158.4,0.12913,3.41754,7.50933,0
158.5,0.12912,3.41754,7.50933,0
158.6,0.12913,3.41754,7.50933,0
158.7,0.12915,3.41755,7.50933,0
158.8,0.12915,3.41756,7.50933,0
158.9,0.12912,3.41758,7.50933,0
159,0.1291,3.41759,7.50933,0
159.1,0.12908,3.41759,7.50933,0
159.2,0.12909,3.41759,7.50933,0
159.3,0.1291,3.41759,7.50933,0
159.4,0.12911,3.41759,7.50933,0
159.5,0.1291,3.41761,7.50933,0
159.6,0.12907,3.41763,7.50933,0
159.7,0.12906,3.41763,7.50933,0
159.8,0.12906,3.41763,7.50933,0
159.9,0.12907,3.41763,7.50933,0
160,0.12908,3.41764,7.50933,0
160.1,0.12908,3.41766,7.50933,0
160.2,0.12906,3.41767,7.50933,0
160.3,0.12903,3.41767,7.50933,0
160.4,0.12901,3.41767,7.50933,0
160.5,0.12901,3.41767,7.50933,0
160.6,0.12903,3.41768,7.50933,0
160.7,0.12903,3.4177,7.50933,0
160.8,0.12901,3.41772,7.50933,0
160.9,0.12898,3.41773,7.50933,0
161,0.12897,3.41774,7.50933,0
161.1,0.12897,3.41774,7.50933,0
161.2,0.12898,3.41773,7.50933,0
161.3,0.12898,3.41775,7.50933,0
161.4,0.12897,3.41776,7.50933,0
161.5,0.12895,3.41778,7.50933,0
161.6,0.12892,3.41778,7.50933,0
161.7,0.12892,3.41778,7.50933,0
161.8,0.12893,3.41778,7.50933,0
161.9,0.12894,3.41779,7.50933,0
162,0.12894,3.41781,7.50933,0
162.1,0.12891,3.41782,7.50933,0
162.2,0.12889,3.41783,7.50933,0
162.3,0.12887,3.41783,7.50933,0
162.4,0.12886,3.41782,7.50933,0
162.5,0.12888,3.41782,7.50933,0
162.6,0.12889,3.41783,7.50933,0
162.7,0.12888,3.41785,7.50933,0
162.8,0.12886,3.41786,7.50933,0
162.9,0.12884,3.41787,7.50933,0
163,0.12885,3.41787,7.50933,0
163.1,0.12886,3.41787,7.50933,0
163.2,0.12887,3.41788,7.50933,0
163.3,0.12887,3.4179,7.50933,0
163.4,0.12885,3.41791,7.50933,0
163.5,0.12882,3.41792,7.50933,0
163.6,0.12882,3.41792,7.50933,0
163.7,0.12883,3.41792,7.50933,0
163.8,0.12884,3.41793,7.50933,0
163.9,0.12885,3.41795,7.50933,0
164,0.12883,3.41797,7.50933,0
164.1,0.1288,3.41798,7.50933,0
164.2,0.12879,3.41799,7.50933,0
164.3,0.12879,3.41799,7.50933,0
164.4,0.1288,3.41799,7.50933,0
164.5,0.1288,3.418,7.50933,0
164.6,0.12879,3.41802,7.50933,0
164.7,0.12877,3.41804,7.50933,0
164.8,0.12875,3.41804,7.50933,0
164.9,0.12873,3.41804,7.50933,0
165,0.12875,3.41805,7.50933,0
165.1,0.12876,3.41806,7.50933,0
165.2,0.12876,3.41808,7.50933,0
165.3,0.12874,3.41809,7.50933,0
165.4,0.12871,3.41809,7.50933,0
165.5,0.12871,3.41809,7.50933,0
165.6,0.12872,3.41809,7.50933,0
165.7,0.12874,3.41809,7.50933,0
165.8,0.12874,3.4181,7.50933,0
165.9,0.12873,3.41812,7.50933,0
166,0.12871,3.41814,7.50933,0
166.1,0.1287,3.41814,7.50933,0
166.2,0.1287,3.41814,7.50933,0
166.3,0.12871,3.41814,7.50933,0
166.4,0.12873,3.41815,7.50933,0
166.5,0.12872,3.41817,7.50933,0
166.6,0.1287,3.41819,7.50933,0
166.7,0.12868,3.41819,7.50933,0
166.8,0.12866,3.41819,7.50933,0
166.9,0.12866,3.4182,7.50933,0
167,0.12868,3.4182,7.50933,0
167.1,0.12868,3.41822,7.50933,0
167.2,0.12866,3.41824,7.50933,0
167.3,0.12864,3.41825,7.50933,0
167.4,0.12863,3.41826,7.50933,0
167.5,0.12863,3.41826,7.50933,0
167.6,0.12864,3.41826,7.50933,0
167.7,0.12865,3.41827,7.50933,0
167.8,0.12864,3.41829,7.50933,0
167.9,0.12862,3.4183,7.50933,0
168,0.12859,3.41831,7.50933,0
168.1,0.12859,3.41831,7.50933,0
168.2,0.1286,3.41831,7.50933,0
168.3,0.12862,3.41833,7.50933,0
168.4,0.12861,3.41834,7.50933,0
168.5,0.12859,3.41836,7.50933,0
168.6,0.12857,3.41838,7.50933,0
168.7,0.12857,3.41838,7.50933,0
168.8,0.12858,3.41838,7.50933,0
168.9,0.12859,3.41838,7.50933,0
169,0.12861,3.41839,7.50933,0
169.1,0.1286,3.41841,7.50933,0
169.2,0.12858,3.41842,7.50933,0
169.3,0.12856,3.41843,7.50933,0
169.4,0.12855,3.41843,7.50933,0
169.5,0.12857,3.41843,7.50933,0
169.6,0.12858,3.41845,7.50933,0
169.7,0.12859,3.41847,7.50933,0
169.8,0.12857,3.41848,7.50933,0
169.9,0.12854,3.41849,7.50933,0
170,0.12854,3.41849,7.50933,0
170.1,0.12855,3.41849,7.50933,0
170.2,0.12857,3.4185,7.50933,0
170.3,0.12857,3.41852,7.50934,0
170.4,0.12855,3.41854,7.50934,0
170.5,0.12853,3.41856,7.50934,0
170.6,0.12851,3.41857,7.50934,0
170.7,0.12851,3.41857,7.50934,0
170.8,0.12853,3.41857,7.50934,0
170.9,0.12854,3.41859,7.50934,0
171,0.12853,3.41861,7.50934,0
171.1,0.12851,3.41863,7.50934,0
171.2,0.12849,3.41864,7.50934,0
171.3,0.12848,3.41864,7.50934,0
171.4,0.12849,3.41864,7.50934,0
171.5,0.12851,3.41866,7.50934,0
171.6,0.12851,3.41868,7.50934,0
171.7,0.12849,3.41869,7.50934,0
171.8,0.12846,3.4187,7.50934,0
171.9,0.12845,3.4187,7.50934,0
172,0.12846,3.4187,7.50934,0
172.1,0.12847,3.4187,7.50934,0
172.2,0.12848,3.41872,7.50934,0
172.3,0.12847,3.41874,7.50934,0
172.4,0.12845,3.41876,7.50934,0
172.5,0.12844,3.41876,7.50934,0
172.6,0.12844,3.41876,7.50934,0
172.7,0.12845,3.41876,7.50934,0
172.8,0.12847,3.41878,7.50934,0
172.9,0.12847,3.4188,7.50934,0
173,0.12845,3.41882,7.50934,0
173.1,0.12843,3.41882,7.50934,0
173.2,0.12841,3.41882,7.50934,0
173.3,0.12843,3.41883,7.50934,0
173.4,0.12844,3.41884,7.50934,0
173.5,0.12844,3.41886,7.50934,0
173.6,0.12842,3.41888,7.50934,0
173.7,0.1284,3.4189,7.50934,0
173.8,0.12839,3.41891,7.50934,0
173.9,0.12839,3.41891,7.50934,0
174,0.1284,3.41891,7.50934,0
174.1,0.12841,3.41892,7.50934,0
174.2,0.1284,3.41894,7.50934,0
174.3,0.12837,3.41896,7.50934,0
174.4,0.12835,3.41896,7.50934,0
174.5,0.12834,3.41896,7.50934,0
174.6,0.12835,3.41897,7.50934,0
174.7,0.12837,3.41898,7.50934,0
174.8,0.12838,3.419,7.50934,0
174.9,0.12836,3.41902,7.50934,0
175,0.12834,3.41902,7.50934,0
175.1,0.12833,3.41903,7.50934,0
175.2,0.12834,3.41903,7.50934,0
175.3,0.12836,3.41903,7.50934,0
175.4,0.12837,3.41905,7.50934,0
175.5,0.12837,3.41907,7.50934,0
175.6,0.12835,3.41908,7.50934,0
175.7,0.12834,3.41909,7.50934,0
175.8,0.12834,3.41909,7.50933,0
175.9,0.12836,3.4191,7.50933,0
176,0.12837,3.41911,7.50933,0
176.1,0.12837,3.41913,7.50934,0
176.2,0.12835,3.41915,7.50934,0
176.3,0.12833,3.41916,7.50934,0
176.4,0.12833,3.41916,7.50934,0
176.5,0.12834,3.41916,7.50934,0
176.6,0.12836,3.41918,7.50934,0
176.7,0.12836,3.41919,7.50934,0
176.8,0.12835,3.41921,7.50934,0
176.9,0.12833,3.41923,7.50934,0
177,0.1283,3.41924,7.50934,0
177.1,0.1283,3.41924,7.50933,0
177.2,0.12831,3.41925,7.50933,0
177.3,0.12832,3.41927,7.50933,0
177.4,0.12833,3.41929,7.50934,0
177.5,0.12832,3.4193,7.50934,0
177.6,0.1283,3.41931,7.50934,0
177.7,0.12828,3.41931,7.50933,0
177.8,0.1283,3.41931,7.50933,0
177.9,0.12831,3.41933,7.50933,0
178,0.12831,3.41935,7.50933,0
178.1,0.12829,3.41937,7.50933,0
178.2,0.12827,3.41939,7.50933,0
178.3,0.12827,3.41939,7.50933,0
178.4,0.12828,3.41939,7.50933,0
178.5,0.1283,3.41939,7.50933,0
178.6,0.12831,3.41941,7.50933,0
178.7,0.12831,3.41943,7.50934,0
178.8,0.12829,3.41945,7.50934,0
178.9,0.12828,3.41945,7.50934,0
179,0.12828,3.41946,7.50933,0
179.1,0.1283,3.41946,7.50933,0
179.2,0.12831,3.41948,7.50933,0
179.3,0.12831,3.4195,7.50934,0
179.4,0.12829,3.41951,7.50934,0
179.5,0.12827,3.41952,7.50934,0
179.6,0.12827,3.41952,7.50934,0
179.7,0.12828,3.41953,7.50934,0
179.8,0.1283,3.41954,7.50934,0
179.9,0.12829,3.41957,7.50934,0
180,0.12828,3.41959,7.50934,0
180.1,0.12826,3.41961,7.50934,0
180.2,0.12824,3.41962,7.50934,0
180.3,0.12824,3.41962,7.50933,0
180.4,0.12825,3.41963,7.50933,0
180.5,0.12826,3.41964,7.50933,0
180.6,0.12826,3.41966,7.50934,0
180.7,0.12825,3.41968,7.50934,0
180.8,0.12823,3.41969,7.50934,0
180.9,0.12821,3.41969,7.50934,0
181,0.12823,3.4197,7.50934,0
181.1,0.12824,3.41971,7.50934,0
181.2,0.12825,3.41973,7.50934,0
181.3,0.12823,3.41975,7.50934,0
181.4,0.12821,3.41977,7.50934,0
181.5,0.12819,3.41977,7.50934,0
181.6,0.1282,3.41977,7.50933,0
181.7,0.12821,3.41977,7.50933,0
181.8,0.12822,3.41978,7.50933,0
181.9,0.12821,3.41981,7.50934,0
182,0.1282,3.41982,7.50934,0
182.1,0.12819,3.41983,7.50934,0
182.2,0.12819,3.41983,7.50934,0
182.3,0.12821,3.41984,7.50934,0
182.4,0.12822,3.41985,7.50934,0
182.5,0.12823,3.41987,7.50934,0
182.6,0.12822,3.41989,7.50934,0
182.7,0.1282,3.4199,7.50934,0
182.8,0.12819,3.4199,7.50934,0
182.9,0.12821,3.41991,7.50934,0
183,0.12822,3.41992,7.50934,0
183.1,0.12823,3.41994,7.50934,0
183.2,0.12821,3.41996,7.50934,0
183.3,0.12819,3.41997,7.50934,0
183.4,0.12818,3.41998,7.50934,0
183.5,0.12818,3.41998,7.50934,0
183.6,0.12819,3.41999,7.50934,0
183.7,0.1282,3.42,7.50934,0
183.8,0.1282,3.42002,7.50934,0
183.9,0.12818,3.42004,7.50934,0
184,0.12816,3.42004,7.50934,0
184.1,0.12816,3.42005,7.50934,0
184.2,0.12816,3.42005,7.50934,0
184.3,0.12818,3.42007,7.50934,0
184.4,0.12819,3.42009,7.50934,0
184.5,0.12817,3.4201,7.50934,0
184.6,0.12815,3.4201,7.50934,0
184.7,0.12814,3.42011,7.50934,0
184.8,0.12814,3.42011,7.50934,0
184.9,0.12816,3.42011,7.50934,0
185,0.12817,3.42013,7.50934,0
185.1,0.12817,3.42015,7.50934,0
185.2,0.12815,3.42016,7.50934,0
185.3,0.12814,3.42017,7.50934,0
185.4,0.12814,3.42017,7.50934,0
185.5,0.12816,3.42017,7.50934,0
185.6,0.12818,3.42019,7.50934,0
185.7,0.12818,3.42021,7.50934,0
185.8,0.12816,3.42022,7.50934,0
185.9,0.12814,3.42023,7.50934,0
186,0.12814,3.42023,7.50934,0
186.1,0.12816,3.42024,7.50934,0
186.2,0.12818,3.42025,7.50934,0
186.3,0.12818,3.42027,7.50934,0
186.4,0.12817,3.42029,7.50934,0
186.5,0.12815,3.42031,7.50934,0
186.6,0.12814,3.42031,7.50934,0
186.7,0.12814,3.42031,7.50934,0
186.8,0.12815,3.42032,7.50934,0
186.9,0.12817,3.42033,7.50934,0
187,0.12817,3.42035,7.50934,0
187.1,0.12816,3.42037,7.50934,0
187.2,0.12814,3.42037,7.50934,0
187.3,0.12813,3.42038,7.50934,0
187.4,0.12815,3.42038,7.50934,0
187.5,0.12816,3.4204,7.50934,0
187.6,0.12817,3.42042,7.50934,0
187.7,0.12815,3.42044,7.50934,0
187.8,0.12813,3.42045,7.50934,0
187.9,0.12813,3.42045,7.50934,0
188,0.12814,3.42045,7.50934,0
188.1,0.12816,3.42045,7.50934,0
188.2,0.12817,3.42046,7.50934,0
188.3,0.12817,3.42048,7.50934,0
188.4,0.12815,3.4205,7.50934,0
188.5,0.12814,3.42051,7.50934,0
188.6,0.12814,3.42051,7.50934,0
188.7,0.12816,3.42051,7.50934,0
188.8,0.12818,3.42052,7.50934,0
188.9,0.12818,3.42054,7.50934,0
189,0.12817,3.42056,7.50934,0
189.1,0.12815,3.42056,7.50934,0
189.2,0.12815,3.42056,7.50934,0
189.3,0.12816,3.42057,7.50934,0
189.4,0.12818,3.42058,7.50934,0
189.5,0.12818,3.4206,7.50934,0
189.6,0.12816,3.42062,7.50934,0
189.7,0.12815,3.42064,7.50934,0
189.8,0.12814,3.42065,7.50934,0
189.9,0.12815,3.42065,7.50934,0
190,0.12816,3.42065,7.50934,0
190.1,0.12817,3.42066,7.50934,0
190.2,0.12817,3.42068,7.50934,0
190.3,0.12816,3.4207,7.50934,0
190.4,0.12814,3.4207,7.50934,0
190.5,0.12813,3.4207,7.50934,0
190.6,0.12815,3.4207,7.50934,0
190.7,0.12816,3.42071,7.50934,0
190.8,0.12817,3.42073,7.50934,0
190.9,0.12815,3.42074,7.50934,0
191,0.12814,3.42075,7.50934,0
191.1,0.12812,3.42075,7.50934,0
191.2,0.12812,3.42075,7.50934,0
191.3,0.12813,3.42075,7.50934,0
191.4,0.12814,3.42076,7.50934,0
191.5,0.12814,3.42078,7.50934,0
191.6,0.12812,3.42079,7.50934,0
191.7,0.12811,3.4208,7.50934,0
191.8,0.12812,3.4208,7.50934,0
191.9,0.12814,3.4208,7.50934,0
192,0.12815,3.42081,7.50934,0
192.1,0.12816,3.42083,7.50934,0
192.2,0.12814,3.42084,7.50934,0
192.3,0.12812,3.42085,7.50934,0
192.4,0.12812,3.42085,7.50934,0
192.5,0.12814,3.42085,7.50934,0
192.6,0.12816,3.42086,7.50934,0
192.7,0.12817,3.42088,7.50934,0
192.8,0.12815,3.4209,7.50934,0
192.9,0.12813,3.42092,7.50934,0
193,0.12812,3.42092,7.50934,0
193.1,0.12812,3.42093,7.50934,0
193.2,0.12814,3.42093,7.50934,0
193.3,0.12815,3.42094,7.50934,0
193.4,0.12814,3.42096,7.50934,0
193.5,0.12812,3.42097,7.50934,0
193.6,0.1281,3.42097,7.50934,0
193.7,0.12809,3.42097,7.50934,0
193.8,0.12811,3.42097,7.50934,0
193.9,0.12812,3.42099,7.50934,0
194,0.12813,3.421,7.50934,0
194.1,0.12812,3.42102,7.50934,0
194.2,0.1281,3.42102,7.50934,0
194.3,0.1281,3.42102,7.50934,0
194.4,0.12812,3.42102,7.50934,0
194.5,0.12813,3.42102,7.50934,0
194.6,0.12815,3.42103,7.50934,0
194.7,0.12814,3.42104,7.50934,0
194.8,0.12812,3.42106,7.50934,0
194.9,0.12811,3.42106,7.50934,0
195,0.12811,3.42106,7.50934,0
195.1,0.12813,3.42106,7.50934,0
195.2,0.12815,3.42107,7.50934,0
195.3,0.12815,3.42109,7.50934,0
195.4,0.12814,3.42111,7.50934,0
195.5,0.12812,3.42111,7.50934,0
195.6,0.12812,3.42111,7.50934,0
195.7,0.12813,3.42111,7.50934,0
195.8,0.12815,3.42112,7.50934,0
195.9,0.12816,3.42114,7.50934,0
196,0.12814,3.42115,7.50934,0
196.1,0.12813,3.42117,7.50934,0
196.2,0.12812,3.42117,7.50934,0
196.3,0.12811,3.42117,7.50934,0
196.4,0.12813,3.42117,7.50934,0
196.5,0.12815,3.42119,7.50934,0
196.6,0.12816,3.4212,7.50934,0
196.7,0.12814,3.42122,7.50934,0
196.8,0.12812,3.42123,7.50934,0
196.9,0.12811,3.42123,7.50934,0
197,0.12813,3.42122,7.50934,0
197.1,0.12815,3.42124,7.50934,0
197.2,0.12815,3.42125,7.50934,0
197.3,0.12813,3.42127,7.50934,0
197.4,0.12811,3.42128,7.50934,0
197.5,0.1281,3.42127,7.50934,0
197.6,0.12812,3.42127,7.50934,0
197.7,0.12813,3.42127,7.50934,0
197.8,0.12814,3.42128,7.50934,0
197.9,0.12814,3.4213,7.50934,0
198,0.12813,3.42131,7.50934,0
198.1,0.12812,3.42131,7.50934,0
198.2,0.12813,3.42131,7.50934,0
198.3,0.12814,3.42131,7.50934,0
198.4,0.12816,3.42132,7.50934,0
198.5,0.12817,3.42134,7.50934,0
198.6,0.12815,3.42135,7.50934,0
198.7,0.12813,3.42136,7.50934,0
198.8,0.12812,3.42135,7.50934,0
198.9,0.12814,3.42136,7.50934,0
199,0.12815,3.42137,7.50934,0
199.1,0.12816,3.42138,7.50934,0
199.2,0.12815,3.4214,7.50934,0
199.3,0.12813,3.42142,7.50934,0
199.4,0.12813,3.42142,7.50934,0
199.5,0.12812,3.42143,7.50934,0
199.6,0.12814,3.42142,7.50934,0
199.7,0.12815,3.42143,7.50934,0
199.8,0.12815,3.42145,7.50934,0
199.9,0.12814,3.42146,7.50934,0
200,0.12813,3.42146,7.50934,0
200.1,0.12811,3.42145,7.50934,0
200.2,0.12812,3.42146,7.50934,0
200.3,0.12814,3.42147,7.50934,0
200.4,0.12815,3.42148,7.50934,0
200.5,0.12814,3.4215,7.50934,0
200.6,0.12812,3.4215,7.50934,0
200.7,0.12811,3.4215,7.50934,0
200.8,0.12811,3.42149,7.50934,0
200.9,0.12813,3.42149,7.50934,0
201,0.12814,3.4215,7.50934,0
201.1,0.12813,3.42151,7.50934,0
201.2,0.12811,3.42152,7.50934,0
201.3,0.1281,3.42153,7.50934,0
201.4,0.12811,3.42152,7.50934,0
201.5,0.12813,3.42152,7.50934,0
201.6,0.12815,3.42153,7.50934,0
201.7,0.12816,3.42155,7.50934,0
201.8,0.12814,3.42156,7.50934,0
201.9,0.12812,3.42156,7.50934,0
202,0.12812,3.42156,7.50934,0
202.1,0.12814,3.42156,7.50934,0
202.2,0.12815,3.42157,7.50934,0
202.3,0.12816,3.42158,7.50934,0
202.4,0.12815,3.4216,7.50934,0
202.5,0.12813,3.42161,7.50934,0
202.6,0.12813,3.42162,7.50934,0
202.7,0.12813,3.42162,7.50934,0
202.8,0.12814,3.42161,7.50934,0
202.9,0.12816,3.42162,7.50934,0
203,0.12816,3.42163,7.50934,0
203.1,0.12814,3.42165,7.50934,0
203.2,0.12813,3.42165,7.50934,0
203.3,0.12812,3.42165,7.50934,0
203.4,0.12814,3.42164,7.50934,0
203.5,0.12815,3.42165,7.50934,0
203.6,0.12816,3.42167,7.50934,0
203.7,0.12815,3.42168,7.50934,0
203.8,0.12813,3.42168,7.50934,0
203.9,0.12812,3.42168,7.50934,0
204,0.12813,3.42167,7.50934,0
204.1,0.12815,3.42167,7.50934,0
204.2,0.12817,3.42168,7.50934,0
204.3,0.12817,3.42169,7.50934,0
204.4,0.12816,3.4217,7.50934,0
204.5,0.12815,3.42171,7.50934,0
204.6,0.12815,3.4217,7.50934,0
204.7,0.12817,3.4217,7.50934,0
204.8,0.12819,3.4217,7.50934,0
204.9,0.1282,3.42172,7.50934,0
205,0.12818,3.42174,7.50934,0
205.1,0.12816,3.42174,7.50934,0
205.2,0.12815,3.42173,7.50934,0
205.3,0.12817,3.42173,7.50934,0
205.4,0.12819,3.42174,7.50934,0
205.5,0.1282,3.42175,7.50934,0
205.6,0.12819,3.42176,7.50934,0
205.7,0.12817,3.42178,7.50934,0
205.8,0.12816,3.42178,7.50934,0
205.9,0.12817,3.42178,7.50934,0
206,0.12819,3.42178,7.50934,0
206.1,0.12821,3.42179,7.50934,0
206.2,0.12821,3.4218,7.50934,0
206.3,0.1282,3.42182,7.50934,0
206.4,0.12818,3.42182,7.50934,0
206.5,0.12818,3.42181,7.50934,0
206.6,0.12819,3.42181,7.50934,0
206.7,0.12821,3.42182,7.50934,0
206.8,0.12822,3.42184,7.50934,0
206.9,0.12821,3.42185,7.50934,0
207,0.12819,3.42186,7.50934,0
207.1,0.12818,3.42185,7.50934,0
207.2,0.12819,3.42185,7.50934,0
207.3,0.12821,3.42184,7.50934,0
207.4,0.12822,3.42185,7.50934,0
207.5,0.12821,3.42187,7.50934,0
207.6,0.1282,3.42188,7.50934,0
207.7,0.12819,3.42188,7.50934,0
207.8,0.1282,3.42187,7.50934,0
207.9,0.12822,3.42187,7.50934,0
208,0.12823,3.42188,7.50934,0
208.1,0.12824,3.42189,7.50934,0
208.2,0.12823,3.4219,7.50934,0
208.3,0.12821,3.42191,7.50934,0
208.4,0.1282,3.4219,7.50934,0
208.5,0.12822,3.4219,7.50934,0
208.6,0.12824,3.42191,7.50934,0
208.7,0.12826,3.42193,7.50934,0
208.8,0.12825,3.42194,7.50934,0
208.9,0.12823,3.42196,7.50934,0
209,0.12823,3.42196,7.50934,0
209.1,0.12824,3.42195,7.50934,0
209.2,0.12825,3.42195,7.50934,0
209.3,0.12826,3.42195,7.50934,0
209.4,0.12827,3.42197,7.50934,0
209.5,0.12825,3.42198,7.50934,0
209.6,0.12824,3.42198,7.50934,0
209.7,0.12823,3.42198,7.50934,0
209.8,0.12824,3.42198,7.50934,0
209.9,0.12826,3.42199,7.50934,0
210,0.12827,3.422,7.50934,0
210.1,0.12825,3.42201,7.50934,0
210.2,0.12824,3.42201,7.50934,0
210.3,0.12823,3.42201,7.50934,0
210.4,0.12823,3.422,7.50934,0
210.5,0.12825,3.422,7.50934,0
210.6,0.12826,3.42201,7.50934,0
210.7,0.12825,3.42202,7.50934,0
210.8,0.12824,3.42203,7.50934,0
210.9,0.12823,3.42203,7.50934,0
211,0.12824,3.42203,7.50934,0
211.1,0.12826,3.42203,7.50934,0
211.2,0.12827,3.42204,7.50934,0
211.3,0.12828,3.42205,7.50934,0
211.4,0.12826,3.42206,7.50934,0
211.5,0.12824,3.42206,7.50934,0
211.6,0.12824,3.42206,7.50934,0
211.7,0.12826,3.42206,7.50934,0
211.8,0.12828,3.42207,7.50934,0
211.9,0.12829,3.42208,7.50934,0
212,0.12828,3.4221,7.50934,0
212.1,0.12827,3.42211,7.50934,0
212.2,0.12826,3.42211,7.50934,0
212.3,0.12827,3.42211,7.50934,0
212.4,0.12829,3.4221,7.50934,0
212.5,0.1283,3.42211,7.50934,0
212.6,0.1283,3.42212,7.50934,0
212.7,0.12828,3.42213,7.50934,0
212.8,0.12827,3.42213,7.50934,0
212.9,0.12825,3.42213,7.50934,0
213,0.12826,3.42212,7.50934,0
213.1,0.12828,3.42213,7.50934,0
213.2,0.1283,3.42214,7.50934,0
213.3,0.12828,3.42215,7.50934,0
213.4,0.12827,3.42215,7.50934,0
213.5,0.12826,3.42215,7.50934,0
213.6,0.12827,3.42214,7.50934,0
213.7,0.12829,3.42214,7.50934,0
213.8,0.1283,3.42214,7.50934,0
213.9,0.1283,3.42216,7.50934,0
214,0.12829,3.42217,7.50934,0
214.1,0.12828,3.42217,7.50934,0
214.2,0.12828,3.42216,7.50934,0
214.3,0.1283,3.42216,7.50934,0
214.4,0.12832,3.42217,7.50934,0
214.5,0.12832,3.42218,7.50934,0
214.6,0.12831,3.42219,7.50934,0
214.7,0.12829,3.42219,7.50934,0
214.8,0.12829,3.42219,7.50934,0
214.9,0.12831,3.42219,7.50934,0
215,0.12833,3.42219,7.50934,0
215.1,0.12835,3.4222,7.50934,0
215.2,0.12834,3.42221,7.50934,0
215.3,0.12833,3.42222,7.50934,0
215.4,0.12832,3.42222,7.50934,0
215.5,0.12832,3.42222,7.50934,0
215.6,0.12834,3.42222,7.50934,0
215.7,0.12835,3.42223,7.50934,0
215.8,0.12836,3.42224,7.50934,0
215.9,0.12835,3.42225,7.50934,0
216,0.12833,3.42225,7.50934,0
216.1,0.12833,3.42224,7.50934,0
216.2,0.12834,3.42224,7.50934,0
216.3,0.12836,3.42225,7.50934,0
216.4,0.12837,3.42226,7.50934,0
216.5,0.12836,3.42227,7.50934,0
216.6,0.12834,3.42228,7.50934,0
216.7,0.12834,3.42227,7.50934,0
216.8,0.12834,3.42226,7.50934,0
216.9,0.12836,3.42226,7.50934,0
217,0.12838,3.42226,7.50934,0
217.1,0.12837,3.42227,7.50934,0
217.2,0.12835,3.42228,7.50934,0
217.3,0.12834,3.42228,7.50934,0
217.4,0.12834,3.42227,7.50934,0
217.5,0.12836,3.42227,7.50934,0
217.6,0.12838,3.42228,7.50934,0
217.7,0.12838,3.42229,7.50934,0
217.8,0.12837,3.4223,7.50934,0
217.9,0.12835,3.4223,7.50934,0
218,0.12835,3.42229,7.50934,0
218.1,0.12836,3.42229,7.50934,0
218.2,0.12838,3.4223,7.50934,0
218.3,0.12839,3.42231,7.50934,0
218.4,0.12839,3.42232,7.50934,0
218.5,0.12837,3.42234,7.50934,0
218.6,0.12837,3.42234,7.50934,0
218.7,0.12837,3.42233,7.50934,0
218.8,0.12838,3.42233,7.50934,0
218.9,0.1284,3.42233,7.50934,0
219,0.1284,3.42235,7.50934,0
219.1,0.12839,3.42235,7.50934,0
219.2,0.12837,3.42235,7.50934,0
219.3,0.12837,3.42235,7.50934,0
219.4,0.12838,3.42234,7.50934,0
219.5,0.1284,3.42235,7.50934,0
219.6,0.12841,3.42236,7.50934,0
219.7,0.12839,3.42238,7.50934,0
219.8,0.12838,3.42237,7.50934,0
219.9,0.12837,3.42237,7.50934,0
220,0.12837,3.42236,7.50934,0
220.1,0.12839,3.42235,7.50934,0
220.2,0.1284,3.42236,7.50934,0
220.3,0.12841,3.42237,7.50934,0
220.4,0.12839,3.42238,7.50934,0
220.5,0.12839,3.42238,7.50934,0
220.6,0.12839,3.42238,7.50934,0
220.7,0.12841,3.42237,7.50934,0
220.8,0.12843,3.42238,7.50934,0
220.9,0.12844,3.42239,7.50934,0
221,0.12843,3.4224,7.50934,0
221.1,0.12842,3.4224,7.50934,0
221.2,0.12841,3.42239,7.50934,0
221.3,0.12843,3.42239,7.50934,0
221.4,0.12845,3.4224,7.50934,0
221.5,0.12847,3.42241,7.50934,0
221.6,0.12846,3.42242,7.50934,0
221.7,0.12845,3.42243,7.50934,0
221.8,0.12844,3.42244,7.50934,0
221.9,0.12844,3.42243,7.50934,0
222,0.12846,3.42242,7.50934,0
222.1,0.12848,3.42243,7.50934,0
222.2,0.12849,3.42244,7.50934,0
222.3,0.12847,3.42246,7.50934,0
222.4,0.12846,3.42246,7.50934,0
222.5,0.12845,3.42245,7.50934,0
222.6,0.12847,3.42244,7.50934,0
222.7,0.12849,3.42245,7.50934,0
222.8,0.1285,3.42246,7.50934,0
222.9,0.12848,3.42247,7.50934,0
223,0.12847,3.42247,7.50934,0
223.1,0.12846,3.42246,7.50934,0
223.2,0.12847,3.42245,7.50935,0
223.3,0.12848,3.42245,7.50935,0
223.4,0.12849,3.42244,7.50934,0
223.5,0.12849,3.42246,7.50934,0
223.6,0.12847,3.42247,7.50934,0
223.7,0.12846,3.42247,7.50934,0
223.8,0.12845,3.42246,7.50935,0
223.9,0.12847,3.42245,7.50935,0
224,0.12849,3.42245,7.50935,0
224.1,0.12849,3.42246,7.50935,0
224.2,0.12848,3.42248,7.50935,0
224.3,0.12846,3.42247,7.50935,0
224.4,0.12845,3.42246,7.50935,0
224.5,0.12846,3.42246,7.50935,0
224.6,0.12848,3.42246,7.50935,0
224.7,0.1285,3.42246,7.50935,0
224.8,0.12849,3.42247,7.50935,0
224.9,0.12848,3.42248,7.50935,0
225,0.12847,3.42249,7.50935,0
225.1,0.12848,3.42248,7.50935,0
225.2,0.1285,3.42248,7.50935,0
225.3,0.12852,3.42247,7.50935,0
225.4,0.12853,3.42249,7.50935,0
225.5,0.12852,3.4225,7.50935,0
225.6,0.12851,3.42249,7.50935,0
225.7,0.1285,3.42249,7.50935,0
225.8,0.12851,3.42248,7.50935,0
225.9,0.12853,3.42249,7.50935,0
226,0.12854,3.4225,7.50935,0
226.1,0.12853,3.42251,7.50935,0
226.2,0.12851,3.42251,7.50935,0
226.3,0.1285,3.4225,7.50935,0
226.4,0.12851,3.4225,7.50935,0
226.5,0.12853,3.42249,7.50935,0
226.6,0.12854,3.42249,7.50935,0
226.7,0.12853,3.42249,7.50935,0
226.8,0.12852,3.42251,7.50935,0
226.9,0.1285,3.42251,7.50935,0
227,0.12851,3.42251,7.50935,0
227.1,0.12853,3.4225,7.50935,0
227.2,0.12855,3.4225,7.50935,0
227.3,0.12855,3.42252,7.50935,0
227.4,0.12853,3.42252,7.50935,0
227.5,0.12852,3.42252,7.50935,0
227.6,0.12851,3.42251,7.50935,0
227.7,0.12853,3.42251,7.50935,0
227.8,0.12855,3.42251,7.50935,0
227.9,0.12856,3.42252,7.50935,0
228,0.12855,3.42253,7.50935,0
228.1,0.12854,3.42254,7.50935,0
228.2,0.12853,3.42255,7.50935,0
228.3,0.12854,3.42254,7.50935,0
228.4,0.12856,3.42253,7.50935,0
228.5,0.12858,3.42254,7.50935,0
228.6,0.12858,3.42255,7.50935,0
228.7,0.12857,3.42256,7.50935,0
228.8,0.12855,3.42255,7.50935,0
228.9,0.12854,3.42254,7.50935,0
229,0.12856,3.42254,7.50935,0
229.1,0.12858,3.42255,7.50935,0
229.2,0.12858,3.42256,7.50935,0
229.3,0.12857,3.42257,7.50935,0
229.4,0.12855,3.42257,7.50935,0
229.5,0.12854,3.42256,7.50935,0
229.6,0.12854,3.42255,7.50935,0
229.7,0.12855,3.42255,7.50935,0
229.8,0.12856,3.42255,7.50935,0
229.9,0.12857,3.42256,7.50935,0
230,0.12855,3.42257,7.50935,0
230.1,0.12854,3.42256,7.50935,0
230.2,0.12854,3.42255,7.50935,0
230.3,0.12856,3.42255,7.50935,0
230.4,0.12858,3.42256,7.50935,0
230.5,0.12859,3.42257,7.50935,0
230.6,0.12858,3.42258,7.50935,0
230.7,0.12856,3.42258,7.50935,0
230.8,0.12855,3.42257,7.50935,0
230.9,0.12857,3.42257,7.50935,0
231,0.12859,3.42258,7.50935,0
231.1,0.12861,3.42259,7.50935,0
231.2,0.12861,3.4226,7.50935,0
231.3,0.12859,3.42261,7.50935,0
231.4,0.12858,3.42261,7.50935,0
231.5,0.12859,3.4226,7.50935,0
231.6,0.12861,3.4226,7.50935,0
231.7,0.12863,3.4226,7.50935,0
231.8,0.12863,3.42261,7.50934,0
231.9,0.12862,3.42262,7.50934,0
232,0.1286,3.42263,7.50934,0
232.1,0.12861,3.42262,7.50935,0
232.2,0.12862,3.42261,7.50935,0
232.3,0.12864,3.42262,7.50935,0
232.4,0.12865,3.42263,7.50935,0
232.5,0.12863,3.42264,7.50935,0
232.6,0.12862,3.42264,7.50935,0
232.7,0.12861,3.42263,7.50935,0
232.8,0.12862,3.42262,7.50935,0
232.9,0.12863,3.42262,7.50935,0
233,0.12865,3.42261,7.50935,0
233.1,0.12865,3.42262,7.50935,0
233.2,0.12863,3.42263,7.50935,0
233.3,0.12862,3.42264,7.50935,0
233.4,0.12861,3.42263,7.50935,0
233.5,0.12863,3.42263,7.50935,0
233.6,0.12865,3.42263,7.50935,0
233.7,0.12865,3.42264,7.50934,0
233.8,0.12864,3.42265,7.50934,0
233.9,0.12862,3.42265,7.50934,0
234,0.12863,3.42264,7.50934,0
234.1,0.12864,3.42264,7.50934,0
234.2,0.12866,3.42264,7.50934,0
234.3,0.12868,3.42265,7.50934,0
234.4,0.12868,3.42266,7.50934,0
234.5,0.12866,3.42267,7.50934,0
234.6,0.12866,3.42267,7.50934,0
234.7,0.12866,3.42267,7.50934,0
234.8,0.12868,3.42266,7.50934,0
234.9,0.1287,3.42267,7.50934,0
235,0.12871,3.42268,7.50934,0
235.1,0.1287,3.42269,7.50934,0
235.2,0.12868,3.42269,7.50934,0
235.3,0.12868,3.42268,7.50934,0
235.4,0.1287,3.42267,7.50934,0
235.5,0.12872,3.42268,7.50934,0
235.6,0.12873,3.42269,7.50934,0
235.7,0.12873,3.4227,7.50934,0
235.8,0.12871,3.42271,7.50934,0
235.9,0.1287,3.4227,7.50934,0
236,0.1287,3.42269,7.50934,0
236.1,0.12872,3.42269,7.50934,0
236.2,0.12873,3.42269,7.50934,0
236.3,0.12873,3.42271,7.50934,0
236.4,0.12871,3.42272,7.50934,0
236.5,0.1287,3.42272,7.50934,0
236.6,0.1287,3.42271,7.50934,0
236.7,0.12872,3.42271,7.50934,0
236.8,0.12874,3.42272,7.50934,0
236.9,0.12875,3.42273,7.50934,0
237,0.12873,3.42274,7.50934,0
237.1,0.12872,3.42273,7.50934,0
237.2,0.12871,3.42273,7.50934,0
237.3,0.12872,3.42273,7.50934,0
237.4,0.12874,3.42273,7.50934,0
237.5,0.12875,3.42275,7.50934,0
237.6,0.12875,3.42276,7.50934,0
237.7,0.12873,3.42277,7.50934,0
237.8,0.12873,3.42277,7.50934,0
237.9,0.12874,3.42276,7.50934,0
238,0.12875,3.42276,7.50934,0
238.1,0.12877,3.42276,7.50934,0
238.2,0.12878,3.42277,7.50934,0
238.3,0.12878,3.42278,7.50934,0
238.4,0.12876,3.42278,7.50934,0
238.5,0.12875,3.42278,7.50934,0
238.6,0.12877,3.42277,7.50934,0
238.7,0.12879,3.42278,7.50934,0
238.8,0.1288,3.4228,7.50934,0
238.9,0.12879,3.4228,7.50934,0
239,0.12878,3.4228,7.50934,0
239.1,0.12877,3.4228,7.50935,0
239.2,0.12877,3.42279,7.50935,0
239.3,0.12878,3.42278,7.50935,0
239.4,0.1288,3.42279,7.50935,0
239.5,0.1288,3.4228,7.50934,0
239.6,0.12879,3.42281,7.50934,0
239.7,0.12877,3.42281,7.50934,0
239.8,0.12877,3.4228,7.50935,0
239.9,0.12879,3.42279,7.50935,0
240,0.12881,3.4228,7.50935,0
240.1,0.12881,3.42281,7.50935,0
240.2,0.1288,3.42282,7.50935,0
240.3,0.12878,3.42282,7.50935,0
240.4,0.12877,3.42281,7.50935,0
240.5,0.12878,3.42281,7.50935,0
240.6,0.1288,3.42282,7.50935,0
240.7,0.12882,3.42283,7.50935,0
240.8,0.12882,3.42285,7.50935,0
240.9,0.12881,3.42286,7.50935,0
241,0.1288,3.42286,7.50935,0
241.1,0.1288,3.42286,7.50935,0
241.2,0.12882,3.42285,7.50935,0
241.3,0.12884,3.42286,7.50935,0
241.4,0.12885,3.42287,7.50935,0
241.5,0.12883,3.42289,7.50935,0
241.6,0.12882,3.42289,7.50935,0
241.7,0.12881,3.42288,7.50935,0
241.8,0.12883,3.42288,7.50935,0
241.9,0.12885,3.42289,7.50935,0
242,0.12885,3.4229,7.50935,0
242.1,0.12884,3.42291,7.50935,0
242.2,0.12882,3.42291,7.50935,0
242.3,0.12882,3.42291,7.50935,0
242.4,0.12882,3.4229,7.50935,0
242.5,0.12884,3.4229,7.50935,0
242.6,0.12886,3.4229,7.50935,0
242.7,0.12886,3.42292,7.50935,0
242.8,0.12884,3.42292,7.50935,0
242.9,0.12883,3.42293,7.50935,0
243,0.12883,3.42292,7.50935,0
243.1,0.12885,3.42291,7.50935,0
243.2,0.12886,3.42292,7.50935,0
243.3,0.12887,3.42293,7.50935,0
243.4,0.12886,3.42294,7.50935,0
243.5,0.12884,3.42294,7.50935,0
243.6,0.12884,3.42293,7.50935,0
243.7,0.12885,3.42293,7.50935,0
243.8,0.12887,3.42294,7.50935,0
243.9,0.12888,3.42295,7.50935,0
244,0.12888,3.42296,7.50935,0
244.1,0.12887,3.42297,7.50935,0
244.2,0.12886,3.42298,7.50935,0
244.3,0.12887,3.42297,7.50935,0
244.4,0.12889,3.42297,7.50935,0
244.5,0.12891,3.42297,7.50935,0
244.6,0.12892,3.42298,7.50935,0
244.7,0.1289,3.42299,7.50935,0
244.8,0.12888,3.42299,7.50935,0
244.9,0.12887,3.42298,7.50935,0
245,0.12889,3.42298,7.50935,0
245.1,0.1289,3.42299,7.50935,0
245.2,0.12892,3.42301,7.50935,0
245.3,0.1289,3.42302,7.50935,0
245.4,0.12888,3.42302,7.50935,0
245.5,0.12888,3.42302,7.50935,0
245.6,0.12888,3.42301,7.50935,0
245.7,0.1289,3.42301,7.50935,0
245.8,0.12891,3.42301,7.50935,0
245.9,0.12891,3.42303,7.50935,0
246,0.12889,3.42303,7.50935,0
246.1,0.12887,3.42303,7.50935,0
246.2,0.12887,3.42303,7.50935,0
246.3,0.12888,3.42303,7.50935,0
246.4,0.1289,3.42304,7.50935,0
246.5,0.1289,3.42305,7.50935,0
246.6,0.12889,3.42306,7.50935,0
246.7,0.12887,3.42306,7.50935,0
246.8,0.12887,3.42306,7.50935,0
246.9,0.12888,3.42305,7.50935,0
247,0.12889,3.42306,7.50935,0
247.1,0.1289,3.42307,7.50935,0
247.2,0.1289,3.42308,7.50935,0
247.3,0.12889,3.4231,7.50935,0
247.4,0.12889,3.4231,7.50935,0
247.5,0.12889,3.42309,7.50935,0
247.6,0.1289,3.42309,7.50935,0
247.7,0.12892,3.4231,7.50935,0
247.8,0.12893,3.42311,7.50935,0
247.9,0.12891,3.42313,7.50935,0
248,0.12889,3.42313,7.50935,0
248.1,0.12889,3.42312,7.50935,0
248.2,0.12891,3.42312,7.50935,0
248.3,0.12893,3.42313,7.50935,0
248.4,0.12894,3.42314,7.50935,0
248.5,0.12892,3.42315,7.50935,0
248.6,0.1289,3.42315,7.50935,0
248.7,0.12889,3.42315,7.50935,0
248.8,0.1289,3.42314,7.50935,0
248.9,0.12891,3.42314,7.50935,0
249,0.12892,3.42314,7.50935,0
249.1,0.12892,3.42315,7.50935,0
249.2,0.1289,3.42317,7.50935,0
249.3,0.12888,3.42317,7.50935,0
249.4,0.12888,3.42316,7.50935,0
249.5,0.1289,3.42316,7.50935,0
249.6,0.12892,3.42316,7.50935,0
249.7,0.12892,3.42317,7.50935,0
249.8,0.1289,3.42319,7.50935,0
249.9,0.12889,3.42319,7.50935,0
250,0.12888,3.42318,7.50935,0
250.1,0.1289,3.42318,7.50935,0
250.2,0.12892,3.42319,7.50935,0
250.3,0.12893,3.4232,7.50935,0
250.4,0.12893,3.42322,7.50935,0
250.5,0.12891,3.42323,7.50935,0
250.6,0.1289,3.42324,7.50935,0
250.7,0.12891,3.42323,7.50935,0
250.8,0.12893,3.42323,7.50935,0
250.9,0.12894,3.42324,7.50935,0
251,0.12895,3.42325,7.50935,0
251.1,0.12893,3.42326,7.50935,0
251.2,0.12891,3.42327,7.50935,0
251.3,0.1289,3.42326,7.50935,0
251.4,0.12891,3.42326,7.50935,0
251.5,0.12893,3.42327,7.50935,0
251.6,0.12893,3.42329,7.50935,0
251.7,0.12892,3.4233,7.50935,0
251.8,0.1289,3.4233,7.50935,0
251.9,0.12889,3.4233,7.50935,0
252,0.1289,3.42329,7.50935,0
252.1,0.12891,3.42329,7.50935,0
252.2,0.12893,3.4233,7.50935,0
252.3,0.12894,3.42331,7.50935,0
252.4,0.12892,3.42332,7.50935,0
252.5,0.1289,3.42332,7.50935,0
252.6,0.12889,3.42332,7.50935,0
252.7,0.12891,3.42332,7.50935,0
252.8,0.12893,3.42333,7.50935,0
252.9,0.12893,3.42335,7.50935,0
253,0.12891,3.42336,7.50935,0
253.1,0.1289,3.42336,7.50935,0
253.2,0.12889,3.42336,7.50935,0
253.3,0.1289,3.42336,7.50935,0
253.4,0.12892,3.42336,7.50935,0
253.5,0.12893,3.42337,7.50935,0
253.6,0.12893,3.42339,7.50935,0
253.7,0.12892,3.4234,7.50935,0
253.8,0.12891,3.42341,7.50935,0
253.9,0.12892,3.4234,7.50935,0
254,0.12894,3.4234,7.50935,0
254.1,0.12895,3.42342,7.50935,0
254.2,0.12896,3.42343,7.50935,0
254.3,0.12895,3.42344,7.50935,0
254.4,0.12893,3.42344,7.50935,0
254.5,0.12893,3.42344,7.50935,0
254.6,0.12895,3.42344,7.50935,0
254.7,0.12896,3.42345,7.50935,0
254.8,0.12897,3.42347,7.50935,0
254.9,0.12896,3.42348,7.50935,0
255,0.12894,3.42349,7.50935,0
255.1,0.12893,3.42348,7.50935,0
255.2,0.12893,3.42348,7.50935,0
255.3,0.12894,3.42348,7.50935,0
255.4,0.12895,3.42349,7.50935,0
255.5,0.12895,3.42351,7.50935,0
255.6,0.12894,3.42352,7.50935,0
255.7,0.12893,3.42352,7.50935,0
255.8,0.12892,3.42352,7.50935,0
255.9,0.12893,3.42351,7.50935,0
256,0.12895,3.42352,7.50935,0
256.1,0.12896,3.42354,7.50935,0
256.2,0.12894,3.42356,7.50935,0
256.3,0.12893,3.42356,7.50935,0
256.4,0.12891,3.42355,7.50935,0
256.5,0.12892,3.42356,7.50935,0
256.6,0.12893,3.42357,7.50935,0
256.7,0.12895,3.42358,7.50935,0
256.8,0.12894,3.4236,7.50935,0
256.9,0.12892,3.42362,7.50935,0
257,0.12891,3.42363,7.50935,0
257.1,0.12892,3.42362,7.50935,0
257.2,0.12893,3.42362,7.50935,0
257.3,0.12895,3.42363,7.50935,0
257.4,0.12896,3.42365,7.50935,0
257.5,0.12895,3.42366,7.50935,0
257.6,0.12893,3.42366,7.50935,0
257.7,0.12892,3.42366,7.50935,0
257.8,0.12893,3.42366,7.50935,0
257.9,0.12894,3.42367,7.50935,0
258,0.12895,3.42369,7.50935,0
258.1,0.12894,3.4237,7.50935,0
258.2,0.12892,3.4237,7.50935,0
258.3,0.12891,3.4237,7.50935,0
258.4,0.12891,3.42369,7.50935,0
258.5,0.12892,3.42369,7.50935,0
258.6,0.12893,3.4237,7.50935,0
258.7,0.12892,3.42372,7.50935,0
258.8,0.12891,3.42373,7.50935,0
258.9,0.12889,3.42373,7.50935,0
259,0.12888,3.42373,7.50935,0
259.1,0.12889,3.42373,7.50935,0
259.2,0.12891,3.42374,7.50935,0
259.3,0.12892,3.42376,7.50935,0
259.4,0.1289,3.42377,7.50935,0
259.5,0.12888,3.42377,7.50935,0
259.6,0.12888,3.42377,7.50935,0
259.7,0.1289,3.42376,7.50935,0
259.8,0.12892,3.42378,7.50935,0
259.9,0.12892,3.42379,7.50935,0
260,0.12893,3.42381,7.50935,0
260.1,0.12891,3.42383,7.50935,0
260.2,0.1289,3.42383,7.50935,0
260.3,0.12891,3.42383,7.50935,0
260.4,0.12893,3.42383,7.50935,0
260.5,0.12894,3.42384,7.50935,0
260.6,0.12895,3.42386,7.50935,0
260.7,0.12893,3.42387,7.50935,0
260.8,0.12891,3.42387,7.50935,0
260.9,0.12891,3.42387,7.50935,0
261,0.12893,3.42387,7.50935,0
261.1,0.12895,3.42389,7.50935,0
261.2,0.12895,3.4239,7.50935,0
261.3,0.12893,3.42392,7.50935,0
261.4,0.12891,3.42392,7.50935,0
261.5,0.1289,3.42392,7.50935,0
261.6,0.1289,3.42391,7.50935,0
261.7,0.12892,3.42391,7.50935,0
261.8,0.12894,3.42392,7.50935,0
261.9,0.12894,3.42394,7.50935,0
262,0.12892,3.42396,7.50935,0
262.1,0.1289,3.42396,7.50935,0
262.2,0.1289,3.42396,7.50935,0
262.3,0.1289,3.42396,7.50935,0
262.4,0.12892,3.42397,7.50935,0
262.5,0.12893,3.42398,7.50935,0
262.6,0.12891,3.42399,7.50935,0
262.7,0.12889,3.424,7.50935,0
262.8,0.12889,3.42399,7.50935,0
262.9,0.12891,3.424,7.50935,0
263,0.12892,3.424,7.50935,0
263.1,0.12893,3.42401,7.50935,0
263.2,0.12893,3.42403,7.50935,0
263.3,0.12892,3.42405,7.50935,0
263.4,0.12891,3.42406,7.50935,0
263.5,0.12891,3.42405,7.50935,0
263.6,0.12893,3.42405,7.50935,0
263.7,0.12895,3.42406,7.50935,0
263.8,0.12896,3.42408,7.50935,0
263.9,0.12894,3.42409,7.50935,0
264,0.12892,3.42409,7.50935,0
264.1,0.12892,3.42408,7.50935,0
264.2,0.12894,3.42409,7.50935,0
264.3,0.12895,3.4241,7.50935,0
264.4,0.12896,3.42411,7.50935,0
264.5,0.12895,3.42413,7.50935,0
264.6,0.12893,3.42414,7.50935,0
264.7,0.12892,3.42413,7.50935,0
264.8,0.12892,3.42413,7.50935,0
264.9,0.12894,3.42412,7.50935,0
265,0.12895,3.42413,7.50935,0
265.1,0.12894,3.42415,7.50935,0
265.2,0.12892,3.42416,7.50935,0
265.3,0.1289,3.42416,7.50935,0
265.4,0.1289,3.42416,7.50935,0
265.5,0.12892,3.42415,7.50935,0
265.6,0.12893,3.42416,7.50935,0
265.7,0.12893,3.42418,7.50935,0
265.8,0.12891,3.4242,7.50935,0
265.9,0.1289,3.4242,7.50935,0
266,0.12888,3.4242,7.50935,0
266.1,0.12887,3.4242,7.50935,0
266.2,0.12888,3.4242,7.50935,0
266.3,0.1289,3.42422,7.50935,0
266.4,0.1289,3.42423,7.50935,0
266.5,0.12888,3.42425,7.50935,0
266.6,0.12887,3.42426,7.50935,0
266.7,0.12888,3.42426,7.50935,0
266.8,0.12889,3.42425,7.50935,0
266.9,0.12891,3.42426,7.50935,0
267,0.12891,3.42428,7.50935,0
267.1,0.12889,3.42429,7.50935,0
267.2,0.12887,3.42429,7.50935,0
267.3,0.12887,3.42428,7.50935,0
267.4,0.12889,3.42428,7.50935,0
267.5,0.1289,3.42429,7.50935,0
267.6,0.1289,3.42431,7.50935,0
267.7,0.12889,3.42432,7.50935,0
267.8,0.12887,3.42433,7.50935,0
267.9,0.12886,3.42432,7.50935,0
268,0.12887,3.42432,7.50935,0
268.1,0.12888,3.42431,7.50935,0
268.2,0.1289,3.42432,7.50935,0
268.3,0.12889,3.42433,7.50935,0
268.4,0.12887,3.42435,7.50935,0
268.5,0.12885,3.42435,7.50935,0
268.6,0.12885,3.42434,7.50935,0
268.7,0.12886,3.42434,7.50935,0
268.8,0.12888,3.42435,7.50935,0
268.9,0.12888,3.42437,7.50935,0
269,0.12886,3.42438,7.50935,0
269.1,0.12884,3.42438,7.50934,0
269.2,0.12883,3.42437,7.50934,0
269.3,0.12884,3.42437,7.50934,0
269.4,0.12886,3.42439,7.50935,0
269.5,0.12887,3.4244,7.50935,0
269.6,0.12887,3.42442,7.50935,0
269.7,0.12886,3.42443,7.50935,0
269.8,0.12885,3.42444,7.50935,0
269.9,0.12885,3.42443,7.50935,0
270,0.12886,3.42443,7.50935,0
270.1,0.12888,3.42443,7.50935,0
270.2,0.12889,3.42445,7.50935,0
270.3,0.12887,3.42447,7.50935,0
270.4,0.12885,3.42447,7.50934,0
270.5,0.12884,3.42446,7.50934,0
270.6,0.12886,3.42446,7.50934,0
270.7,0.12887,3.42447,7.50935,0
270.8,0.12888,3.42449,7.50935,0
270.9,0.12887,3.4245,7.50935,0
271,0.12885,3.4245,7.50935,0
271.1,0.12884,3.4245,7.50935,0
271.2,0.12885,3.42449,7.50935,0
271.3,0.12886,3.42449,7.50935,0
271.4,0.12888,3.42449,7.50935,0
271.5,0.12889,3.42451,7.50935,0
271.6,0.12888,3.42453,7.50935,0
271.7,0.12886,3.42452,7.50934,0
271.8,0.12885,3.42452,7.50934,0
271.9,0.12886,3.42451,7.50934,0
272,0.12888,3.42452,7.50935,0
272.1,0.12888,3.42454,7.50935,0
272.2,0.12886,3.42455,7.50935,0
272.3,0.12884,3.42454,7.50934,0
272.4,0.12883,3.42454,7.50934,0
272.5,0.12884,3.42454,7.50934,0
272.6,0.12886,3.42454,7.50934,0
272.7,0.12887,3.42455,7.50934,0
272.8,0.12887,3.42457,7.50934,0
272.9,0.12885,3.42458,7.50934,0
273,0.12884,3.42459,7.50934,0
273.1,0.12884,3.42458,7.50934,0
273.2,0.12886,3.42457,7.50934,0
273.3,0.12887,3.42458,7.50935,0
273.4,0.12889,3.4246,7.50935,0
273.5,0.12887,3.42461,7.50935,0
273.6,0.12885,3.42462,7.50934,0
273.7,0.12884,3.42461,7.50934,0
273.8,0.12886,3.4246,7.50934,0
273.9,0.12887,3.42461,7.50934,0
274,0.12888,3.42462,7.50934,0
274.1,0.12887,3.42464,7.50934,0
274.2,0.12885,3.42464,7.50934,0
274.3,0.12884,3.42464,7.50934,0
274.4,0.12885,3.42463,7.50934,0
274.5,0.12886,3.42463,7.50934,0
274.6,0.12888,3.42463,7.50934,0
274.7,0.12887,3.42465,7.50934,0
274.8,0.12885,3.42466,7.50934,0
274.9,0.12883,3.42466,7.50934,0
275,0.12882,3.42466,7.50934,0
275.1,0.12882,3.42465,7.50934,0
275.2,0.12884,3.42465,7.50934,0
275.3,0.12885,3.42467,7.50934,0
275.4,0.12883,3.42468,7.50934,0
275.5,0.12881,3.42468,7.50934,0
275.6,0.1288,3.42467,7.50934,0
275.7,0.12881,3.42467,7.50934,0
275.8,0.12882,3.42468,7.50934,0
275.9,0.12883,3.4247,7.50934,0
276,0.12882,3.42471,7.50934,0
276.1,0.1288,3.42472,7.50934,0
276.2,0.12879,3.42473,7.50934,0
276.3,0.12879,3.42472,7.50934,0
276.4,0.1288,3.42471,7.50934,0
276.5,0.12881,3.42472,7.50935,0
276.6,0.12883,3.42473,7.50935,0
276.7,0.12881,3.42474,7.50935,0
276.8,0.12879,3.42475,7.50935,0
276.9,0.12878,3.42474,7.50935,0
277,0.1288,3.42473,7.50935,0
277.1,0.12881,3.42474,7.50935,0
277.2,0.12882,3.42476,7.50935,0
277.3,0.12881,3.42476,7.50935,0
277.4,0.12879,3.42476,7.50935,0
277.5,0.12878,3.42475,7.50934,0
277.6,0.12878,3.42475,7.50934,0
277.7,0.12879,3.42474,7.50934,0
277.8,0.1288,3.42475,7.50935,0
277.9,0.1288,3.42476,7.50935,0
278,0.12878,3.42477,7.50935,0
278.1,0.12876,3.42477,7.50934,0
278.2,0.12875,3.42476,7.50935,0
278.3,0.12876,3.42475,7.50935,0
278.4,0.12877,3.42476,7.50935,0
278.5,0.12878,3.42477,7.50935,0
278.6,0.12876,3.42478,7.50935,0
278.7,0.12874,3.42478,7.50935,0
278.8,0.12873,3.42477,7.50935,0
278.9,0.12874,3.42477,7.50935,0
279,0.12876,3.42478,7.50935,0
279.1,0.12877,3.42479,7.50935,0
279.2,0.12876,3.42481,7.50935,0
279.3,0.12875,3.42482,7.50935,0
279.4,0.12874,3.42482,7.50934,0
279.5,0.12874,3.42481,7.50935,0
279.6,0.12876,3.4248,7.50935,0
279.7,0.12877,3.42481,7.50935,0
279.8,0.12878,3.42483,7.50935,0
279.9,0.12876,3.42484,7.50935,0
280,0.12874,3.42484,7.50935,0
280.1,0.12872,3.42483,7.50935,0
280.2,0.12874,3.42483,7.50935,0
280.3,0.12875,3.42484,7.50935,0
280.4,0.12877,3.42485,7.50935,0
280.5,0.12875,3.42486,7.50935,0
280.6,0.12874,3.42486,7.50935,0
280.7,0.12873,3.42485,7.50935,0
280.8,0.12873,3.42484,7.50935,0
280.9,0.12875,3.42484,7.50934,0
281,0.12876,3.42484,7.50935,0
281.1,0.12876,3.42486,7.50935,0
281.2,0.12875,3.42486,7.50935,0
281.3,0.12873,3.42486,7.50935,0
281.4,0.12872,3.42485,7.50935,0
281.5,0.12873,3.42485,7.50935,0
281.6,0.12875,3.42486,7.50935,0
281.7,0.12875,3.42487,7.50935,0
281.8,0.12873,3.42488,7.50935,0
281.9,0.12871,3.42488,7.50935,0
282,0.1287,3.42487,7.50935,0
282.1,0.12871,3.42487,7.50935,0
282.2,0.12872,3.42487,7.50935,0
282.3,0.12873,3.42488,7.50935,0
282.4,0.12872,3.4249,7.50935,0
282.5,0.1287,3.42491,7.50935,0
282.6,0.12869,3.42491,7.50935,0
282.7,0.1287,3.4249,7.50935,0
282.8,0.12871,3.4249,7.50934,0
282.9,0.12873,3.4249,7.50934,0
283,0.12873,3.42492,7.50934,0
283.1,0.12872,3.42493,7.50934,0
283.2,0.1287,3.42493,7.50934,0
283.3,0.12869,3.42492,7.50934,0
283.4,0.12871,3.42492,7.50934,0
283.5,0.12872,3.42493,7.50934,0
283.6,0.12874,3.42494,7.50934,0
283.7,0.12872,3.42495,7.50934,0
283.8,0.12871,3.42496,7.50934,0
283.9,0.12869,3.42495,7.50934,0
284,0.12869,3.42494,7.50934,0
284.1,0.12871,3.42494,7.50934,0
284.2,0.12872,3.42494,7.50934,0
284.3,0.12872,3.42495,7.50934,0
284.4,0.1287,3.42496,7.50934,0
284.5,0.12868,3.42495,7.50934,0
284.6,0.12868,3.42494,7.50934,0
284.7,0.12869,3.42494,7.50934,0
284.8,0.1287,3.42495,7.50934,0
284.9,0.12871,3.42496,7.50934,0
285,0.12869,3.42497,7.50934,0
285.1,0.12867,3.42497,7.50934,0
285.2,0.12866,3.42496,7.50934,0
285.3,0.12866,3.42495,7.50934,0
285.4,0.12867,3.42496,7.50934,0
285.5,0.12867,3.42497,7.50934,0
285.6,0.12867,3.42498,7.50934,0
285.7,0.12866,3.42498,7.50934,0
285.8,0.12865,3.42498,7.50934,0
285.9,0.12865,3.42497,7.50934,0
286,0.12866,3.42497,7.50934,0
286.1,0.12868,3.42497,7.50934,0
286.2,0.12867,3.42499,7.50934,0
286.3,0.12866,3.425,7.50934,0
286.4,0.12864,3.42499,7.50934,0
286.5,0.12863,3.42498,7.50934,0
286.6,0.12864,3.42497,7.50934,0
286.7,0.12866,3.42498,7.50934,0
286.8,0.12866,3.42499,7.50934,0
286.9,0.12865,3.42499,7.50934,0
287,0.12863,3.42499,7.50934,0
287.1,0.12862,3.42498,7.50934,0
287.2,0.12862,3.42497,7.50934,0
287.3,0.12864,3.42497,7.50934,0
287.4,0.12864,3.42497,7.50934,0
287.5,0.12864,3.42498,7.50934,0
287.6,0.12862,3.42498,7.50934,0
287.7,0.1286,3.42498,7.50934,0
287.8,0.1286,3.42497,7.50934,0
287.9,0.12861,3.42497,7.50934,0
288,0.12863,3.42497,7.50934,0
288.1,0.12863,3.42498,7.50934,0
288.2,0.12862,3.42499,7.50934,0
288.3,0.1286,3.42499,7.50934,0
288.4,0.12858,3.42498,7.50934,0
288.5,0.12858,3.42497,7.50934,0
288.6,0.12859,3.42498,7.50934,0
288.7,0.12861,3.42499,7.50934,0
288.8,0.1286,3.425,7.50934,0
288.9,0.12858,3.42501,7.50934,0
289,0.12857,3.42501,7.50934,0
289.1,0.12857,3.425,7.50934,0
289.2,0.12858,3.42499,7.50934,0
289.3,0.1286,3.42499,7.50934,0
289.4,0.1286,3.425,7.50934,0
289.5,0.12858,3.42501,7.50934,0
289.6,0.12856,3.425,7.50934,0
289.7,0.12855,3.425,7.50934,0
289.8,0.12856,3.42499,7.50934,0
289.9,0.12858,3.425,7.50934,0
290,0.12858,3.42501,7.50934,0
290.1,0.12857,3.42501,7.50934,0
290.2,0.12855,3.42501,7.50934,0
290.3,0.12854,3.425,7.50934,0
290.4,0.12855,3.42499,7.50934,0
290.5,0.12856,3.42498,7.50934,0
290.6,0.12858,3.42498,7.50934,0
290.7,0.12858,3.425,7.50934,0
290.8,0.12856,3.425,7.50934,0
290.9,0.12854,3.425,7.50934,0
291,0.12854,3.42499,7.50934,0
291.1,0.12855,3.42498,7.50934,0
291.2,0.12857,3.42499,7.50934,0
291.3,0.12856,3.425,7.50934,0
291.4,0.12855,3.42501,7.50934,0
291.5,0.12853,3.42501,7.50934,0
291.6,0.12852,3.425,7.50934,0
291.7,0.12852,3.425,7.50934,0
291.8,0.12854,3.425,7.50934,0
291.9,0.12854,3.425,7.50934,0
292,0.12853,3.42501,7.50934,0
292.1,0.12851,3.42502,7.50934,0
292.2,0.1285,3.42503,7.50934,0
292.3,0.1285,3.42502,7.50934,0
292.4,0.12852,3.42501,7.50934,0
292.5,0.12853,3.42501,7.50934,0
292.6,0.12853,3.42502,7.50934,0
292.7,0.12851,3.42503,7.50934,0
292.8,0.12849,3.42503,7.50934,0
292.9,0.12849,3.42502,7.50934,0
293,0.1285,3.42501,7.50934,0
293.1,0.12851,3.42502,7.50934,0
293.2,0.12852,3.42503,7.50934,0
293.3,0.12851,3.42505,7.50934,0
293.4,0.12849,3.42505,7.50934,0
293.5,0.12847,3.42504,7.50934,0
293.6,0.12848,3.42503,7.50934,0
293.7,0.12849,3.42503,7.50934,0
293.8,0.12851,3.42503,7.50934,0
293.9,0.1285,3.42504,7.50934,0
294,0.12848,3.42504,7.50934,0
294.1,0.12846,3.42504,7.50934,0
294.2,0.12845,3.42504,7.50934,0
294.3,0.12846,3.42503,7.50934,0
294.4,0.12848,3.42503,7.50934,0
294.5,0.12848,3.42505,7.50934,0
294.6,0.12846,3.42506,7.50934,0
294.7,0.12844,3.42505,7.50934,0
294.8,0.12843,3.42504,7.50934,0
294.9,0.12843,3.42504,7.50934,0
295,0.12844,3.42505,7.50934,0
295.1,0.12845,3.42506,7.50934,0
295.2,0.12844,3.42507,7.50934,0
295.3,0.12842,3.42508,7.50934,0
295.4,0.12841,3.42508,7.50934,0
295.5,0.1284,3.42507,7.50934,0
295.6,0.12842,3.42507,7.50934,0
295.7,0.12843,3.42508,7.50934,0
295.8,0.12844,3.42509,7.50934,0
295.9,0.12842,3.4251,7.50934,0
296,0.1284,3.42509,7.50934,0
296.1,0.12839,3.42508,7.50934,0
296.2,0.1284,3.42508,7.50934,0
296.3,0.12842,3.42508,7.50934,0
296.4,0.12842,3.4251,7.50934,0
296.5,0.12842,3.4251,7.50934,0
296.6,0.1284,3.4251,7.50934,0
296.7,0.12839,3.42509,7.50934,0
296.8,0.12839,3.42508,7.50934,0
296.9,0.12841,3.42507,7.50934,0
297,0.12842,3.42508,7.50934,0
297.1,0.12842,3.42508,7.50934,0
297.2,0.1284,3.42509,7.50934,0
297.3,0.12838,3.42509,7.50934,0
297.4,0.12838,3.42508,7.50934,0
297.5,0.12839,3.42507,7.50934,0
297.6,0.12841,3.42508,7.50934,0
297.7,0.12841,3.42509,7.50934,0
297.8,0.12839,3.4251,7.50934,0
297.9,0.12837,3.42509,7.50934,0
298,0.12835,3.42508,7.50934,0
298.1,0.12835,3.42508,7.50934,0
298.2,0.12837,3.42509,7.50934,0
298.3,0.12839,3.4251,7.50934,0
298.4,0.12838,3.42511,7.50934,0
298.5,0.12836,3.42512,7.50934,0
298.6,0.12834,3.42511,7.50934,0
298.7,0.12834,3.4251,7.50934,0
298.8,0.12835,3.4251,7.50934,0
298.9,0.12837,3.4251,7.50934,0
299,0.12837,3.42511,7.50934,0
299.1,0.12836,3.42512,7.50934,0
299.2,0.12834,3.42512,7.50934,0
299.3,0.12833,3.42511,7.50934,0
299.4,0.12834,3.4251,7.50934,0
299.5,0.12835,3.42511,7.50934,0
299.6,0.12836,3.42512,7.50934,0
299.7,0.12835,3.42512,7.50934,0
299.8,0.12833,3.42512,7.50934,0
299.9,0.12832,3.42511,7.50934,0
300,0.12833,3.4251,7.50934,0
300.1,0.12834,3.42509,7.50934,0
300.2,0.12836,3.4251,7.50934,0
300.3,0.12837,3.4251,7.50934,0
300.4,0.12835,3.42511,7.50934,0
300.5,0.12833,3.42511,7.50934,0
300.6,0.12832,3.4251,7.50934,0
300.7,0.12834,3.4251,7.50934,0
300.8,0.12835,3.4251,7.50934,0
300.9,0.12835,3.42512,7.50934,0
301,0.12834,3.42512,7.50934,0
301.1,0.12832,3.42512,7.50934,0
301.2,0.1283,3.42512,7.50934,0
301.3,0.1283,3.42511,7.50934,0
301.4,0.12832,3.42511,7.50934,0
301.5,0.12833,3.42512,7.50934,0
301.6,0.12832,3.42513,7.50934,0
301.7,0.1283,3.42514,7.50934,0
301.8,0.12828,3.42514,7.50934,0
301.9,0.12829,3.42513,7.50934,0
302,0.1283,3.42513,7.50934,0
302.1,0.12832,3.42513,7.50934,0
302.2,0.12831,3.42514,7.50934,0
302.3,0.1283,3.42515,7.50934,0
302.4,0.12828,3.42514,7.50934,0
302.5,0.12827,3.42513,7.50934,0
302.6,0.12827,3.42512,7.50934,0
302.7,0.12829,3.42513,7.50934,0
302.8,0.1283,3.42514,7.50934,0
302.9,0.12829,3.42515,7.50934,0
303,0.12828,3.42515,7.50934,0
303.1,0.12826,3.42514,7.50934,0
303.2,0.12827,3.42513,7.50934,0
303.3,0.12829,3.42512,7.50934,0
303.4,0.1283,3.42512,7.50934,0
303.5,0.1283,3.42513,7.50934,0
303.6,0.12828,3.42514,7.50934,0
303.7,0.12826,3.42514,7.50934,0
303.8,0.12825,3.42513,7.50934,0
303.9,0.12827,3.42512,7.50934,0
304,0.12828,3.42513,7.50934,0
304.1,0.12828,3.42514,7.50934,0
304.2,0.12826,3.42515,7.50934,0
304.3,0.12824,3.42514,7.50934,0
304.4,0.12822,3.42513,7.50934,0
304.5,0.12822,3.42513,7.50934,0
304.6,0.12823,3.42513,7.50934,0
304.7,0.12825,3.42514,7.50934,0
304.8,0.12824,3.42515,7.50934,0
304.9,0.12821,3.42517,7.50934,0
305,0.12819,3.42517,7.50934,0
305.1,0.12819,3.42516,7.50934,0
305.2,0.12821,3.42515,7.50934,0
305.3,0.12822,3.42515,7.50934,0
305.4,0.12822,3.42516,7.50934,0
305.5,0.1282,3.42517,7.50934,0
305.6,0.12818,3.42517,7.50934,0
305.7,0.12817,3.42517,7.50934,0
305.8,0.12818,3.42516,7.50934,0
305.9,0.1282,3.42517,7.50934,0
306,0.12822,3.42518,7.50934,0
306.1,0.12821,3.42519,7.50934,0
306.2,0.12819,3.42518,7.50934,0
306.3,0.12818,3.42517,7.50934,0
306.4,0.12818,3.42516,7.50934,0
306.5,0.1282,3.42515,7.50934,0
306.6,0.12821,3.42516,7.50934,0
306.7,0.12821,3.42517,7.50934,0
306.8,0.12819,3.42518,7.50934,0
306.9,0.12817,3.42517,7.50934,0
307,0.12817,3.42516,7.50934,0
307.1,0.12818,3.42516,7.50934,0
307.2,0.1282,3.42516,7.50934,0
307.3,0.1282,3.42518,7.50934,0
307.4,0.12818,3.42518,7.50934,0
307.5,0.12816,3.42518,7.50934,0
307.6,0.12815,3.42517,7.50934,0
307.7,0.12815,3.42516,7.50934,0
307.8,0.12817,3.42517,7.50934,0
307.9,0.12818,3.42518,7.50934,0
308,0.12817,3.42519,7.50934,0
308.1,0.12816,3.4252,7.50934,0
308.2,0.12814,3.42521,7.50934,0
308.3,0.12814,3.4252,7.50934,0
308.4,0.12816,3.42519,7.50934,0
308.5,0.12817,3.4252,7.50934,0
308.6,0.12817,3.42521,7.50934,0
308.7,0.12815,3.42522,7.50934,0
308.8,0.12813,3.42521,7.50934,0
308.9,0.12813,3.4252,7.50934,0
309,0.12815,3.4252,7.50934,0
309.1,0.12816,3.4252,7.50934,0
309.2,0.12817,3.42521,7.50934,0
309.3,0.12816,3.42522,7.50934,0
309.4,0.12814,3.42522,7.50934,0
309.5,0.12813,3.42521,7.50934,0
309.6,0.12813,3.4252,7.50934,0
309.7,0.12815,3.4252,7.50934,0
309.8,0.12816,3.4252,7.50934,0
309.9,0.12817,3.42521,7.50934,0
310,0.12815,3.42522,7.50934,0
310.1,0.12813,3.42522,7.50934,0
310.2,0.12812,3.42521,7.50934,0
310.3,0.12813,3.4252,7.50934,0
310.4,0.12814,3.42521,7.50934,0
310.5,0.12815,3.42522,7.50934,0
310.6,0.12813,3.42523,7.50934,0
310.7,0.12811,3.42524,7.50934,0
310.8,0.1281,3.42523,7.50934,0
310.9,0.1281,3.42522,7.50934,0
311,0.12812,3.42522,7.50934,0
311.1,0.12812,3.42522,7.50934,0
311.2,0.12811,3.42524,7.50934,0
311.3,0.1281,3.42525,7.50934,0
311.4,0.12808,3.42524,7.50934,0
311.5,0.12807,3.42523,7.50934,0
311.6,0.12809,3.42522,7.50934,0
311.7,0.1281,3.42523,7.50934,0
311.8,0.1281,3.42524,7.50934,0
311.9,0.12809,3.42524,7.50934,0
312,0.12807,3.42524,7.50934,0
312.1,0.12806,3.42523,7.50934,0
312.2,0.12807,3.42523,7.50934,0
312.3,0.12808,3.42523,7.50934,0
312.4,0.1281,3.42524,7.50934,0
312.5,0.12809,3.42525,7.50934,0
312.6,0.12807,3.42525,7.50934,0
312.7,0.12806,3.42524,7.50934,0
312.8,0.12807,3.42523,7.50934,0
312.9,0.12809,3.42523,7.50934,0
313,0.1281,3.42523,7.50934,0
313.1,0.1281,3.42524,7.50934,0
313.2,0.12808,3.42525,7.50935,0
313.3,0.12807,3.42524,7.50935,0
313.4,0.12806,3.42523,7.50935,0
313.5,0.12808,3.42522,7.50934,0
313.6,0.12809,3.42523,7.50934,0
313.7,0.12809,3.42524,7.50934,0
313.8,0.12808,3.42525,7.50935,0
313.9,0.12806,3.42525,7.50935,0
314,0.12805,3.42524,7.50935,0
314.1,0.12804,3.42523,7.50935,0
314.2,0.12806,3.42524,7.50935,0
314.3,0.12807,3.42525,7.50935,0
314.4,0.12806,3.42526,7.50935,0
314.5,0.12805,3.42528,7.50935,0
314.6,0.12803,3.42527,7.50935,0
314.7,0.12802,3.42526,7.50935,0
314.8,0.12804,3.42526,7.50934,0
314.9,0.12805,3.42527,7.50934,0
315,0.12805,3.42528,7.50934,0
315.1,0.12803,3.42528,7.50935,0
315.2,0.12801,3.42528,7.50935,0
315.3,0.12801,3.42527,7.50935,0
315.4,0.12803,3.42527,7.50935,0
315.5,0.12804,3.42527,7.50935,0
315.6,0.12805,3.42529,7.50935,0
315.7,0.12804,3.42529,7.50935,0
315.8,0.12803,3.42529,7.50935,0
315.9,0.12802,3.42528,7.50935,0
316,0.12802,3.42527,7.50935,0
316.1,0.12804,3.42526,7.50935,0
316.2,0.12805,3.42526,7.50935,0
316.3,0.12805,3.42527,7.50935,0
316.4,0.12803,3.42527,7.50935,0
316.5,0.12802,3.42527,7.50935,0
316.6,0.12801,3.42526,7.50935,0
316.7,0.12802,3.42525,7.50935,0
316.8,0.12804,3.42525,7.50935,0
316.9,0.12804,3.42526,7.50935,0
317,0.12802,3.42527,7.50935,0
317.1,0.128,3.42526,7.50935,0
317.2,0.12799,3.42525,7.50935,0
317.3,0.12799,3.42525,7.50935,0
317.4,0.12801,3.42525,7.50935,0
317.5,0.12802,3.42526,7.50935,0
317.6,0.12801,3.42528,7.50935,0
317.7,0.12799,3.42528,7.50935,0
317.8,0.12798,3.42528,7.50935,0
317.9,0.12797,3.42527,7.50935,0
318,0.12799,3.42526,7.50935,0
318.1,0.12801,3.42527,7.50935,0
318.2,0.12801,3.42527,7.50935,0
318.3,0.12799,3.42528,7.50935,0
318.4,0.12797,3.42527,7.50935,0
318.5,0.12797,3.42526,7.50935,0
318.6,0.12798,3.42525,7.50935,0
318.7,0.128,3.42526,7.50935,0
318.8,0.12801,3.42527,7.50935,0
318.9,0.12801,3.42527,7.50935,0
319,0.12799,3.42527,7.50935,0
319.1,0.12798,3.42525,7.50935,0
319.2,0.12799,3.42524,7.50935,0
319.3,0.12801,3.42524,7.50934,0
319.4,0.12802,3.42524,7.50934,0
319.5,0.12803,3.42525,7.50934,0
319.6,0.12801,3.42526,7.50935,0
319.7,0.128,3.42526,7.50935,0
319.8,0.12799,3.42526,7.50935,0
319.9,0.12801,3.42524,7.50935,0
320,0.12802,3.42524,7.50935,0
320.1,0.12802,3.42525,7.50935,0
320.2,0.12801,3.42526,7.50935,0
320.3,0.12799,3.42525,7.50935,0
320.4,0.12798,3.42524,7.50935,0
320.5,0.12798,3.42524,7.50934,0
320.6,0.128,3.42524,7.50934,0
320.7,0.12801,3.42524,7.50934,0
320.8,0.128,3.42525,7.50934,0
320.9,0.12798,3.42526,7.50934,0
321,0.12797,3.42526,7.50934,0
321.1,0.12796,3.42525,7.50934,0
321.2,0.12798,3.42524,7.50934,0
321.3,0.12799,3.42524,7.50934,0
321.4,0.12799,3.42525,7.50934,0
321.5,0.12798,3.42526,7.50934,0
321.6,0.12796,3.42525,7.50934,0
321.7,0.12795,3.42524,7.50934,0
321.8,0.12796,3.42523,7.50934,0
321.9,0.12797,3.42523,7.50934,0
322,0.12799,3.42524,7.50934,0
322.1,0.12799,3.42525,7.50934,0
322.2,0.12797,3.42525,7.50934,0
322.3,0.12796,3.42524,7.50934,0
322.4,0.12796,3.42523,7.50934,0
322.5,0.12797,3.42522,7.50934,0
322.6,0.12799,3.42522,7.50934,0
322.7,0.12799,3.42523,7.50934,0
322.8,0.12797,3.42523,7.50934,0
322.9,0.12796,3.42522,7.50934,0
323,0.12795,3.42521,7.50934,0
323.1,0.12796,3.42521,7.50934,0
323.2,0.12798,3.42521,7.50934,0
323.3,0.12798,3.42522,7.50934,0
323.4,0.12796,3.42523,7.50934,0
323.5,0.12795,3.42523,7.50934,0
323.6,0.12794,3.42521,7.50934,0
323.7,0.12794,3.42521,7.50934,0
323.8,0.12795,3.42521,7.50934,0
323.9,0.12796,3.42522,7.50934,0
324,0.12795,3.42523,7.50934,0
324.1,0.12794,3.42524,7.50934,0
324.2,0.12792,3.42524,7.50934,0
324.3,0.12792,3.42522,7.50934,0
324.4,0.12793,3.42521,7.50934,0
324.5,0.12795,3.42522,7.50934,0
324.6,0.12795,3.42523,7.50934,0
324.7,0.12793,3.42523,7.50934,0
324.8,0.12791,3.42522,7.50934,0
324.9,0.12791,3.42521,7.50934,0
325,0.12793,3.42521,7.50934,0
325.1,0.12794,3.42521,7.50934,0
325.2,0.12795,3.42522,7.50934,0
325.3,0.12795,3.42522,7.50934,0
325.4,0.12795,3.42522,7.50934,0
325.5,0.12794,3.42521,7.50934,0
325.6,0.12794,3.42519,7.50934,0
325.7,0.12796,3.42518,7.50934,0
325.8,0.12798,3.42518,7.50934,0
325.9,0.12799,3.42519,7.50934,0
326,0.12797,3.4252,7.50934,0
326.1,0.12796,3.42519,7.50934,0
326.2,0.12795,3.42518,7.50934,0
326.3,0.12797,3.42517,7.50934,0
326.4,0.12799,3.42517,7.50934,0
326.5,0.12799,3.42518,7.50934,0
326.6,0.12797,3.42518,7.50934,0
326.7,0.12796,3.42518,7.50935,0
326.8,0.12795,3.42516,7.50935,0
326.9,0.12795,3.42516,7.50935,0
327,0.12797,3.42516,7.50934,0
327.1,0.12799,3.42517,7.50934,0
327.2,0.12799,3.42518,7.50935,0
327.3,0.12797,3.42519,7.50935,0
327.4,0.12795,3.42518,7.50935,0
327.5,0.12794,3.42517,7.50935,0
327.6,0.12796,3.42516,7.50935,0
327.7,0.12798,3.42517,7.50934,0
327.8,0.12798,3.42518,7.50934,0
327.9,0.12796,3.42518,7.50934,0
328,0.12795,3.42517,7.50935,0
328.1,0.12794,3.42516,7.50935,0
328.2,0.12796,3.42515,7.50935,0
328.3,0.12797,3.42515,7.50934,0
328.4,0.12798,3.42516,7.50934,0
328.5,0.12798,3.42517,7.50934,0
328.6,0.12798,3.42516,7.50935,0
328.7,0.12797,3.42515,7.50935,0
328.8,0.12797,3.42514,7.50935,0
328.9,0.12799,3.42513,7.50935,0
329,0.128,3.42513,7.50935,0
329.1,0.12801,3.42514,7.50935,0
329.2,0.128,3.42514,7.50935,0
329.3,0.12799,3.42513,7.50935,0
329.4,0.12798,3.42512,7.50935,0
329.5,0.12799,3.42511,7.50935,0
329.6,0.12801,3.42512,7.50934,0
329.7,0.12802,3.42513,7.50934,0
329.8,0.128,3.42513,7.50934,0
329.9,0.12799,3.42512,7.50935,0
330,0.12798,3.42511,7.50935,0
330.1,0.12798,3.4251,7.50935,0
330.2,0.128,3.4251,7.50935,0
330.3,0.12801,3.42511,7.50935,0
330.4,0.128,3.42511,7.50935,0
330.5,0.12798,3.42512,7.50935,0
330.6,0.12797,3.42512,7.50935,0
330.7,0.12796,3.42511,7.50935,0
330.8,0.12797,3.4251,7.50935,0
330.9,0.12799,3.4251,7.50935,0
331,0.128,3.42511,7.50935,0
331.1,0.12798,3.42512,7.50935,0
331.2,0.12797,3.42512,7.50935,0
331.3,0.12796,3.42511,7.50935,0
331.4,0.12796,3.42509,7.50935,0
331.5,0.12798,3.4251,7.50935,0
331.6,0.128,3.42511,7.50935,0
331.7,0.128,3.42512,7.50935,0
331.8,0.12799,3.42511,7.50935,0
331.9,0.12799,3.4251,7.50935,0
332,0.12799,3.42509,7.50935,0
332.1,0.12801,3.42508,7.50935,0
332.2,0.12803,3.42508,7.50935,0
332.3,0.12803,3.42508,7.50935,0
332.4,0.12802,3.42509,7.50935,0
332.5,0.128,3.42508,7.50935,0
332.6,0.128,3.42507,7.50935,0
332.7,0.12802,3.42506,7.50935,0
332.8,0.12804,3.42507,7.50935,0
332.9,0.12805,3.42508,7.50935,0
333,0.12803,3.42508,7.50935,0
333.1,0.12801,3.42507,7.50935,0
333.2,0.128,3.42506,7.50935,0
333.3,0.128,3.42505,7.50935,0
333.4,0.12801,3.42506,7.50935,0
333.5,0.12803,3.42507,7.50935,0
333.6,0.12802,3.42508,7.50935,0
333.7,0.128,3.42508,7.50935,0
333.8,0.12798,3.42508,7.50935,0
333.9,0.12798,3.42507,7.50935,0
334,0.12799,3.42506,7.50935,0
334.1,0.128,3.42506,7.50935,0
334.2,0.12801,3.42507,7.50935,0
334.3,0.12799,3.42508,7.50935,0
334.4,0.12797,3.42507,7.50935,0
334.5,0.12796,3.42506,7.50935,0
334.6,0.12797,3.42505,7.50935,0
334.7,0.12799,3.42505,7.50935,0
334.8,0.12801,3.42506,7.50935,0
334.9,0.128,3.42506,7.50935,0
335,0.12799,3.42506,7.50935,0
335.1,0.12798,3.42504,7.50935,0
335.2,0.12798,3.42503,7.50935,0
335.3,0.128,3.42502,7.50935,0
335.4,0.12801,3.42502,7.50935,0
335.5,0.12802,3.42503,7.50935,0
335.6,0.128,3.42503,7.50935,0
335.7,0.12798,3.42503,7.50935,0
335.8,0.12798,3.42502,7.50935,0
335.9,0.12799,3.42501,7.50935,0
336,0.12801,3.42501,7.50935,0
336.1,0.12801,3.42502,7.50935,0
336.2,0.128,3.42502,7.50935,0
336.3,0.12798,3.42502,7.50935,0
336.4,0.12796,3.425,7.50935,0
336.5,0.12796,3.42499,7.50935,0
336.6,0.12798,3.425,7.50935,0
336.7,0.12799,3.42501,7.50935,0
336.8,0.12799,3.42501,7.50935,0
336.9,0.12797,3.42502,7.50935,0
337,0.12795,3.42502,7.50935,0
337.1,0.12793,3.425,7.50935,0
337.2,0.12794,3.42499,7.50935,0
337.3,0.12796,3.42499,7.50935,0
337.4,0.12796,3.425,7.50935,0
337.5,0.12794,3.425,7.50935,0
337.6,0.12792,3.425,7.50935,0
337.7,0.12792,3.42498,7.50935,0
337.8,0.12793,3.42497,7.50935,0
337.9,0.12795,3.42498,7.50935,0
338,0.12795,3.42498,7.50935,0
338.1,0.12795,3.42499,7.50935,0
338.2,0.12793,3.42498,7.50935,0
338.3,0.12792,3.42497,7.50935,0
338.4,0.12793,3.42495,7.50935,0
338.5,0.12794,3.42494,7.50935,0
338.6,0.12796,3.42493,7.50935,0
338.7,0.12796,3.42494,7.50935,0
338.8,0.12795,3.42495,7.50935,0
338.9,0.12793,3.42494,7.50935,0
339,0.12792,3.42493,7.50935,0
339.1,0.12794,3.42492,7.50935,0
339.2,0.12795,3.42492,7.50935,0
339.3,0.12796,3.42493,7.50935,0
339.4,0.12794,3.42493,7.50935,0
339.5,0.12793,3.42493,7.50935,0
339.6,0.12792,3.42491,7.50935,0
339.7,0.12791,3.4249,7.50935,0
339.8,0.12793,3.4249,7.50935,0
339.9,0.12794,3.42491,7.50935,0
340,0.12793,3.42492,7.50935,0
340.1,0.12791,3.42492,7.50935,0
340.2,0.12789,3.42492,7.50935,0
340.3,0.12788,3.4249,7.50935,0
340.4,0.12789,3.42489,7.50935,0
340.5,0.12791,3.42489,7.50935,0
340.6,0.1279,3.42489,7.50935,0
340.7,0.12788,3.4249,7.50935,0
340.8,0.12786,3.42489,7.50935,0
340.9,0.12785,3.42488,7.50935,0
341,0.12785,3.42487,7.50935,0
341.1,0.12786,3.42487,7.50935,0
341.2,0.12787,3.42488,7.50935,0
341.3,0.12787,3.42489,7.50935,0
341.4,0.12785,3.42489,7.50935,0
341.5,0.12783,3.42487,7.50935,0
341.6,0.12783,3.42486,7.50935,0
341.7,0.12784,3.42485,7.50935,0
341.8,0.12786,3.42485,7.50935,0
341.9,0.12786,3.42486,7.50935,0
342,0.12784,3.42486,7.50935,0
342.1,0.12781,3.42485,7.50935,0
342.2,0.1278,3.42484,7.50935,0
342.3,0.12781,3.42483,7.50935,0
342.4,0.12783,3.42483,7.50935,0
342.5,0.12782,3.42484,7.50935,0
342.6,0.12781,3.42485,7.50935,0
342.7,0.12779,3.42484,7.50935,0
342.8,0.12777,3.42482,7.50935,0
342.9,0.12777,3.42482,7.50935,0
343,0.12778,3.42482,7.50935,0
343.1,0.12779,3.42483,7.50935,0
343.2,0.12778,3.42484,7.50935,0
343.3,0.12775,3.42485,7.50935,0
343.4,0.12773,3.42484,7.50935,0
343.5,0.12771,3.42483,7.50935,0
343.6,0.12772,3.42482,7.50935,0
343.7,0.12774,3.42483,7.50935,0
343.8,0.12773,3.42483,7.50935,0
343.9,0.12771,3.42484,7.50935,0
344,0.12769,3.42484,7.50935,0
344.1,0.12768,3.42483,7.50935,0
344.2,0.12769,3.42482,7.50935,0
344.3,0.1277,3.42482,7.50935,0
344.4,0.1277,3.42482,7.50935,0
344.5,0.1277,3.42483,7.50935,0
344.6,0.12768,3.42482,7.50935,0
344.7,0.12766,3.42481,7.50935,0
344.8,0.12766,3.4248,7.50935,0
344.9,0.12768,3.42479,7.50935,0
345,0.12769,3.42479,7.50935,0
345.1,0.12769,3.4248,7.50935,0
345.2,0.12767,3.4248,7.50935,0
345.3,0.12765,3.4248,7.50935,0
345.4,0.12764,3.42478,7.50935,0
345.5,0.12765,3.42477,7.50935,0
345.6,0.12767,3.42476,7.50935,0
345.7,0.12766,3.42477,7.50935,0
345.8,0.12765,3.42478,7.50935,0
345.9,0.12762,3.42478,7.50935,0
346,0.12761,3.42476,7.50935,0
346.1,0.1276,3.42476,7.50935,0
346.2,0.12762,3.42476,7.50935,0
346.3,0.12763,3.42477,7.50935,0
346.4,0.12763,3.42478,7.50935,0
346.5,0.1276,3.42478,7.50935,0
346.6,0.12758,3.42478,7.50935,0
346.7,0.12757,3.42477,7.50935,0
346.8,0.12757,3.42476,7.50935,0
346.9,0.12758,3.42476,7.50935,0
347,0.12759,3.42477,7.50935,0
347.1,0.12756,3.42478,7.50935,0
347.2,0.12754,3.42477,7.50935,0
347.3,0.12753,3.42476,7.50935,0
347.4,0.12753,3.42475,7.50935,0
347.5,0.12755,3.42476,7.50935,0
347.6,0.12755,3.42477,7.50935,0
347.7,0.12753,3.42477,7.50935,0
347.8,0.12751,3.42477,7.50935,0
347.9,0.1275,3.42476,7.50935,0
348,0.12749,3.42474,7.50935,0
348.1,0.1275,3.42473,7.50935,0
348.2,0.12751,3.42474,7.50935,0
348.3,0.12752,3.42475,7.50935,0
348.4,0.1275,3.42475,7.50935,0
348.5,0.12748,3.42475,7.50935,0
348.6,0.12746,3.42474,7.50935,0
348.7,0.12746,3.42473,7.50935,0
348.8,0.12748,3.42473,7.50935,0
348.9,0.12749,3.42474,7.50935,0
349,0.12747,3.42475,7.50935,0
349.1,0.12745,3.42474,7.50935,0
349.2,0.12744,3.42473,7.50935,0
349.3,0.12744,3.42473,7.50935,0
349.4,0.12746,3.42473,7.50935,0
349.5,0.12746,3.42473,7.50935,0
349.6,0.12746,3.42475,7.50935,0
349.7,0.12744,3.42475,7.50935,0
349.8,0.12742,3.42475,7.50935,0
349.9,0.12741,3.42474,7.50935,0
350,0.12741,3.42473,7.50935,0
350.1,0.12743,3.42473,7.50935,0
350.2,0.12743,3.42474,7.50935,0
350.3,0.12741,3.42475,7.50935,0
350.4,0.12739,3.42475,7.50935,0
350.5,0.12738,3.42474,7.50935,0
350.6,0.12738,3.42473,7.50935,0
350.7,0.1274,3.42473,7.50935,0
350.8,0.12741,3.42474,7.50935,0
350.9,0.1274,3.42476,7.50935,0
351,0.12738,3.42476,7.50935,0
351.1,0.12737,3.42475,7.50935,0
351.2,0.12737,3.42474,7.50935,0
351.3,0.12738,3.42473,7.50935,0
351.4,0.12739,3.42473,7.50935,0
351.5,0.1274,3.42474,7.50935,0
351.6,0.12738,3.42475,7.50935,0
351.7,0.12736,3.42474,7.50935,0
351.8,0.12736,3.42473,7.50935,0
351.9,0.12737,3.42473,7.50935,0
352,0.12739,3.42474,7.50935,0
352.1,0.1274,3.42475,7.50935,0
352.2,0.12739,3.42475,7.50935,0
352.3,0.12737,3.42475,7.50935,0
352.4,0.12736,3.42474,7.50935,0
352.5,0.12736,3.42474,7.50935,0
352.6,0.12737,3.42474,7.50935,0
352.7,0.12738,3.42475,7.50935,0
352.8,0.12737,3.42477,7.50935,0
352.9,0.12735,3.42478,7.50935,0
353,0.12733,3.42478,7.50935,0
353.1,0.12732,3.42477,7.50935,0
353.2,0.12733,3.42476,7.50935,0
353.3,0.12735,3.42476,7.50935,0
353.4,0.12734,3.42477,7.50935,0
353.5,0.12732,3.42478,7.50935,0
353.6,0.1273,3.42478,7.50935,0
353.7,0.12729,3.42477,7.50935,0
353.8,0.1273,3.42476,7.50935,0
353.9,0.12732,3.42477,7.50935,0
354,0.12733,3.42478,7.50935,0
354.1,0.12732,3.42479,7.50935,0
354.2,0.1273,3.42478,7.50935,0
354.3,0.12729,3.42477,7.50935,0
354.4,0.1273,3.42476,7.50935,0
354.5,0.12731,3.42476,7.50935,0
354.6,0.12732,3.42476,7.50935,0
354.7,0.12733,3.42477,7.50935,0
354.8,0.12731,3.42478,7.50935,0
354.9,0.12729,3.42477,7.50935,0
355,0.12728,3.42476,7.50935,0
355.1,0.12729,3.42476,7.50935,0
355.2,0.12731,3.42476,7.50935,0
355.3,0.12731,3.42477,7.50935,0
355.4,0.1273,3.42478,7.50935,0
355.5,0.12728,3.42477,7.50935,0
355.6,0.12727,3.42476,7.50935,0
355.7,0.12728,3.42476,7.50935,0
355.8,0.12729,3.42476,7.50935,0
355.9,0.1273,3.42477,7.50935,0
356,0.12731,3.42478,7.50935,0
356.1,0.12729,3.42479,7.50935,0
356.2,0.12727,3.42479,7.50935,0
356.3,0.12725,3.42479,7.50935,0
356.4,0.12726,3.42478,7.50935,0
356.5,0.12727,3.42478,7.50935,0
356.6,0.12728,3.42479,7.50935,0
356.7,0.12726,3.4248,7.50935,0
356.8,0.12724,3.42479,7.50935,0
356.9,0.12722,3.42478,7.50935,0
357,0.12723,3.42478,7.50935,0
357.1,0.12724,3.42478,7.50935,0
357.2,0.12725,3.4248,7.50935,0
357.3,0.12725,3.4248,7.50935,0
357.4,0.12723,3.4248,7.50935,0
357.5,0.12721,3.42479,7.50935,0
357.6,0.12722,3.42478,7.50935,0
357.7,0.12723,3.42477,7.50935,0
357.8,0.12724,3.42477,7.50935,0
357.9,0.12724,3.42478,7.50935,0
358,0.12722,3.4248,7.50935,0
358.1,0.1272,3.42479,7.50935,0
358.2,0.12719,3.42478,7.50935,0
358.3,0.12719,3.42478,7.50935,0
358.4,0.12721,3.42478,7.50935,0
358.5,0.12722,3.4248,7.50935,0
358.6,0.12721,3.4248,7.50935,0
358.7,0.12719,3.4248,7.50935,0
358.8,0.12718,3.42479,7.50935,0
358.9,0.12717,3.42479,7.50935,0
359,0.12719,3.42479,7.50935,0
359.1,0.1272,3.4248,7.50935,0
359.2,0.12719,3.42481,7.50935,0
359.3,0.12717,3.42482,7.50935,0
359.4,0.12715,3.42483,7.50935,0
359.5,0.12714,3.42482,7.50935,0
359.6,0.12716,3.42481,7.50935,0
359.7,0.12717,3.42481,7.50935,0
359.8,0.12717,3.42482,7.50935,0
359.9,0.12715,3.42484,7.50935,0
360,0.12713,3.42483,7.50935,0
360.1,0.12712,3.42482,7.50935,0
360.2,0.12712,3.42482,7.50935,0
360.3,0.12714,3.42483,7.50935,0
360.4,0.12714,3.42484,7.50935,0
360.5,0.12714,3.42485,7.50935,0
360.6,0.12713,3.42486,7.50935,0
360.7,0.12712,3.42485,7.50935,0
360.8,0.12711,3.42484,7.50935,0
360.9,0.12713,3.42483,7.50935,0
361,0.12714,3.42484,7.50935,0
361.1,0.12715,3.42485,7.50935,0
361.2,0.12713,3.42486,7.50935,0
361.3,0.12711,3.42486,7.50935,0
361.4,0.1271,3.42485,7.50935,0
361.5,0.12711,3.42485,7.50935,0
361.6,0.12712,3.42486,7.50935,0
361.7,0.12714,3.42487,7.50935,0
361.8,0.12712,3.42488,7.50935,0
361.9,0.12711,3.42488,7.50935,0
362,0.12709,3.42487,7.50935,0
362.1,0.1271,3.42487,7.50935,0
362.2,0.12712,3.42487,7.50935,0
362.3,0.12712,3.42489,7.50935,0
362.4,0.12712,3.4249,7.50935,0
362.5,0.12711,3.42492,7.50935,0
362.6,0.12709,3.42492,7.50935,0
362.7,0.12708,3.42491,7.50935,0
362.8,0.12709,3.42491,7.50935,0
362.9,0.1271,3.42492,7.50935,0
363,0.1271,3.42493,7.50935,0
363.1,0.12708,3.42494,7.50935,0
363.2,0.12707,3.42494,7.50935,0
363.3,0.12705,3.42493,7.50935,0
363.4,0.12706,3.42493,7.50935,0
363.5,0.12708,3.42494,7.50935,0
363.6,0.12708,3.42495,7.50935,0
363.7,0.12708,3.42496,7.50935,0
363.8,0.12706,3.42496,7.50935,0
363.9,0.12705,3.42495,7.50935,0
364,0.12704,3.42495,7.50935,0
364.1,0.12706,3.42494,7.50935,0
364.2,0.12707,3.42494,7.50935,0
364.3,0.12708,3.42495,7.50935,0
364.4,0.12706,3.42496,7.50935,0
364.5,0.12705,3.42496,7.50935,0
364.6,0.12704,3.42496,7.50935,0
364.7,0.12706,3.42495,7.50935,0
364.8,0.12708,3.42496,7.50935,0
364.9,0.12708,3.42497,7.50935,0
365,0.12707,3.42498,7.50935,0
365.1,0.12705,3.42498,7.50935,0
365.2,0.12704,3.42498,7.50935,0
365.3,0.12705,3.42498,7.50935,0
365.4,0.12706,3.42499,7.50935,0
365.5,0.12708,3.425,7.50935,0
365.6,0.12708,3.42502,7.50935,0
365.7,0.12707,3.42503,7.50935,0
365.8,0.12705,3.42503,7.50935,0
365.9,0.12704,3.42502,7.50935,0
366,0.12706,3.42502,7.50935,0
366.1,0.12708,3.42503,7.50935,0
366.2,0.12707,3.42504,7.50935,0
366.3,0.12706,3.42505,7.50935,0
366.4,0.12704,3.42505,7.50935,0
366.5,0.12703,3.42505,7.50935,0
366.6,0.12703,3.42504,7.50935,0
366.7,0.12705,3.42505,7.50935,0
366.8,0.12705,3.42507,7.50935,0
366.9,0.12705,3.42508,7.50935,0
367,0.12704,3.42508,7.50935,0
367.1,0.12703,3.42508,7.50935,0
367.2,0.12702,3.42507,7.50935,0
367.3,0.12704,3.42507,7.50935,0
367.4,0.12706,3.42507,7.50935,0
367.5,0.12705,3.42509,7.50935,0
367.6,0.12704,3.4251,7.50935,0
367.7,0.12702,3.42511,7.50935,0
367.8,0.12701,3.4251,7.50935,0
367.9,0.12702,3.4251,7.50935,0
368,0.12704,3.42511,7.50935,0
368.1,0.12705,3.42512,7.50935,0
368.2,0.12704,3.42513,7.50935,0
368.3,0.12702,3.42513,7.50935,0
368.4,0.12701,3.42512,7.50935,0
368.5,0.12702,3.42512,7.50935,0
368.6,0.12703,3.42512,7.50935,0
368.7,0.12705,3.42513,7.50935,0
368.8,0.12704,3.42515,7.50935,0
368.9,0.12702,3.42516,7.50935,0
369,0.12701,3.42516,7.50935,0
369.1,0.127,3.42515,7.50935,0
369.2,0.12701,3.42515,7.50935,0
369.3,0.12703,3.42516,7.50935,0
369.4,0.12703,3.42518,7.50935,0
369.5,0.12702,3.42519,7.50935,0
369.6,0.127,3.42519,7.50935,0
369.7,0.12699,3.42518,7.50935,0
369.8,0.12699,3.42518,7.50935,0
369.9,0.127,3.42519,7.50935,0
370,0.12701,3.4252,7.50935,0
370.1,0.127,3.42522,7.50935,0
370.2,0.12698,3.42522,7.50935,0
370.3,0.12696,3.42522,7.50935,0
370.4,0.12696,3.42521,7.50935,0
370.5,0.12698,3.4252,7.50935,0
370.6,0.12699,3.42521,7.50935,0
370.7,0.127,3.42523,7.50935,0
370.8,0.12698,3.42523,7.50935,0
370.9,0.12696,3.42523,7.50935,0
371,0.12695,3.42522,7.50935,0
371.1,0.12696,3.42522,7.50935,0
371.2,0.12698,3.42523,7.50935,0
371.3,0.12699,3.42524,7.50935,0
371.4,0.12698,3.42525,7.50935,0
371.5,0.12696,3.42525,7.50935,0
371.6,0.12695,3.42524,7.50935,0
371.7,0.12696,3.42524,7.50935,0
371.8,0.12697,3.42525,7.50935,0
371.9,0.12699,3.42527,7.50935,0
372,0.12698,3.42528,7.50935,0
372.1,0.12696,3.4253,7.50935,0
372.2,0.12695,3.4253,7.50935,0
372.3,0.12695,3.42529,7.50935,0
372.4,0.12696,3.42529,7.50935,0
372.5,0.12698,3.4253,7.50935,0
372.6,0.12698,3.42531,7.50935,0
372.7,0.12697,3.42532,7.50935,0
372.8,0.12695,3.42533,7.50935,0
372.9,0.12694,3.42532,7.50935,0
373,0.12694,3.42532,7.50935,0
373.1,0.12696,3.42533,7.50935,0
373.2,0.12696,3.42534,7.50935,0
373.3,0.12695,3.42535,7.50935,0
373.4,0.12694,3.42535,7.50935,0
373.5,0.12692,3.42535,7.50935,0
373.6,0.12692,3.42534,7.50935,0
373.7,0.12693,3.42534,7.50935,0
373.8,0.12695,3.42535,7.50935,0
373.9,0.12695,3.42536,7.50935,0
374,0.12693,3.42537,7.50935,0
374.1,0.12691,3.42538,7.50935,0
374.2,0.1269,3.42537,7.50935,0
374.3,0.12692,3.42537,7.50935,0
374.4,0.12693,3.42538,7.50935,0
374.5,0.12695,3.4254,7.50935,0
374.6,0.12694,3.42541,7.50935,0
374.7,0.12692,3.42541,7.50935,0
374.8,0.12691,3.42541,7.50935,0
374.9,0.12691,3.42541,7.50935,0
375,0.12692,3.42542,7.50935,0
375.1,0.12693,3.42543,7.50935,0
375.2,0.12694,3.42545,7.50935,0
375.3,0.12693,3.42546,7.50935,0
375.4,0.12691,3.42547,7.50935,0
375.5,0.1269,3.42546,7.50935,0
375.6,0.12691,3.42546,7.50935,0
375.7,0.12693,3.42547,7.50935,0
375.8,0.12693,3.42549,7.50935,0
375.9,0.12691,3.4255,7.50935,0
376,0.1269,3.4255,7.50935,0
376.1,0.12689,3.4255,7.50935,0
376.2,0.12689,3.4255,7.50935,0
376.3,0.1269,3.42551,7.50935,0
376.4,0.12691,3.42553,7.50935,0
376.5,0.1269,3.42554,7.50935,0
376.6,0.12688,3.42554,7.50935,0
376.7,0.12686,3.42553,7.50935,0
376.8,0.12685,3.42553,7.50935,0
376.9,0.12687,3.42553,7.50935,0
377,0.12688,3.42553,7.50935,0
377.1,0.1269,3.42555,7.50935,0
377.2,0.12688,3.42556,7.50935,0
377.3,0.12686,3.42556,7.50935,0
377.4,0.12685,3.42556,7.50935,0
377.5,0.12686,3.42556,7.50935,0
377.6,0.12687,3.42557,7.50935,0
377.7,0.12688,3.42559,7.50935,0
377.8,0.12687,3.4256,7.50935,0
377.9,0.12685,3.42561,7.50935,0
378,0.12684,3.4256,7.50935,0
378.1,0.12685,3.4256,7.50935,0
378.2,0.12686,3.42561,7.50935,0
378.3,0.12688,3.42562,7.50935,0
378.4,0.12688,3.42564,7.50935,0
378.5,0.12686,3.42565,7.50935,0
378.6,0.12684,3.42566,7.50935,0
378.7,0.12683,3.42565,7.50935,0
378.8,0.12684,3.42565,7.50935,0
378.9,0.12686,3.42566,7.50935,0
379,0.12685,3.42568,7.50935,0
379.1,0.12684,3.42569,7.50935,0
379.2,0.12682,3.42569,7.50935,0
379.3,0.12681,3.42569,7.50935,0
379.4,0.12681,3.42569,7.50935,0
379.5,0.12682,3.4257,7.50935,0
379.6,0.12684,3.42572,7.50935,0
379.7,0.12683,3.42574,7.50935,0
379.8,0.12681,3.42574,7.50935,0
379.9,0.12679,3.42574,7.50935,0
380,0.12679,3.42573,7.50935,0
380.1,0.1268,3.42573,7.50935,0
380.2,0.12682,3.42574,7.50935,0
380.3,0.12682,3.42576,7.50935,0
380.4,0.1268,3.42577,7.50935,0
380.5,0.12678,3.42577,7.50935,0
380.6,0.12678,3.42577,7.50935,0
380.7,0.12679,3.42576,7.50935,0
380.8,0.12681,3.42577,7.50935,0
380.9,0.12681,3.42579,7.50935,0
381,0.12681,3.4258,7.50935,0
381.1,0.12679,3.42581,7.50935,0
381.2,0.12678,3.4258,7.50935,0
381.3,0.12679,3.4258,7.50935,0
381.4,0.1268,3.42581,7.50935,0
381.5,0.12682,3.42583,7.50935,0
381.6,0.12683,3.42585,7.50935,0
381.7,0.12681,3.42587,7.50935,0
381.8,0.12679,3.42587,7.50935,0
381.9,0.12679,3.42587,7.50935,0
382,0.12681,3.42587,7.50935,0
382.1,0.12682,3.42588,7.50935,0
382.2,0.12682,3.4259,7.50935,0
382.3,0.1268,3.42591,7.50935,0
382.4,0.12679,3.42591,7.50935,0
382.5,0.12678,3.42591,7.50935,0
382.6,0.12678,3.42591,7.50935,0
382.7,0.12679,3.42592,7.50935,0
382.8,0.12681,3.42594,7.50935,0
382.9,0.1268,3.42596,7.50935,0
383,0.12678,3.42596,7.50935,0
383.1,0.12676,3.42596,7.50935,0
383.2,0.12675,3.42595,7.50935,0
383.3,0.12676,3.42595,7.50935,0
383.4,0.12678,3.42596,7.50935,0
383.5,0.12678,3.42598,7.50935,0
383.6,0.12676,3.426,7.50935,0
383.7,0.12674,3.426,7.50935,0
383.8,0.12674,3.426,7.50935,0
383.9,0.12675,3.426,7.50935,0
384,0.12677,3.42602,7.50935,0
384.1,0.12678,3.42604,7.50935,0
384.2,0.12677,3.42605,7.50935,0
384.3,0.12676,3.42605,7.50935,0
384.4,0.12675,3.42605,7.50935,0
384.5,0.12675,3.42605,7.50935,0
384.6,0.12676,3.42606,7.50935,0
384.7,0.12678,3.42608,7.50935,0
384.8,0.12679,3.4261,7.50935,0
384.9,0.12679,3.42612,7.50935,0
385,0.12677,3.42612,7.50935,0
385.1,0.12676,3.42612,7.50935,0
385.2,0.12677,3.42612,7.50935,0
385.3,0.12679,3.42614,7.50935,0
385.4,0.12679,3.42615,7.50935,0
385.5,0.12678,3.42617,7.50935,0
385.6,0.12676,3.42618,7.50935,0
385.7,0.12675,3.42618,7.50935,0
385.8,0.12675,3.42618,7.50935,0
385.9,0.12676,3.42619,7.50935,0
386,0.12677,3.42621,7.50935,0
386.1,0.12676,3.42622,7.50935,0
386.2,0.12674,3.42622,7.50935,0
386.3,0.12672,3.42622,7.50935,0
386.4,0.12671,3.42622,7.50935,0
386.5,0.12673,3.42621,7.50935,0
386.6,0.12674,3.42622,7.50935,0
386.7,0.12674,3.42624,7.50935,0
386.8,0.12672,3.42626,7.50935,0
386.9,0.12671,3.42626,7.50935,0
387,0.1267,3.42626,7.50935,0
387.1,0.1267,3.42625,7.50935,0
387.2,0.12672,3.42627,7.50936,0
387.3,0.12673,3.42629,7.50936,0
387.4,0.12672,3.4263,7.50936,0
387.5,0.1267,3.4263,7.50935,0
387.6,0.12669,3.4263,7.50935,0
387.7,0.12669,3.4263,7.50935,0
387.8,0.1267,3.42631,7.50935,0
387.9,0.12672,3.42633,7.50935,0
388,0.12672,3.42635,7.50935,0
388.1,0.1267,3.42636,7.50935,0
388.2,0.12668,3.42637,7.50935,0
388.3,0.12668,3.42637,7.50935,0
388.4,0.1267,3.42637,7.50935,0
388.5,0.12671,3.42638,7.50936,0
388.6,0.12672,3.4264,7.50936,0
388.7,0.1267,3.42641,7.50936,0
388.8,0.12668,3.42642,7.50935,0
388.9,0.12667,3.42642,7.50935,0
389,0.12667,3.42643,7.50935,0
389.1,0.12669,3.42644,7.50935,0
389.2,0.12669,3.42646,7.50935,0
389.3,0.12668,3.42648,7.50935,0
389.4,0.12667,3.42648,7.50935,0
389.5,0.12665,3.42648,7.50935,0
389.6,0.12665,3.42648,7.50935,0
389.7,0.12666,3.42648,7.50935,0
389.8,0.12668,3.42649,7.50935,0
389.9,0.12668,3.4265,7.50935,0
390,0.12667,3.42652,7.50935,0
390.1,0.12665,3.42653,7.50935,0
390.2,0.12664,3.42653,7.50935,0
390.3,0.12666,3.42653,7.50935,0
390.4,0.12667,3.42655,7.50935,0
390.5,0.12668,3.42657,7.50935,0
390.6,0.12668,3.42658,7.50935,0
390.7,0.12666,3.42659,7.50935,0
390.8,0.12665,3.42659,7.50935,0
390.9,0.12664,3.42659,7.50935,0
391,0.12666,3.4266,7.50935,0
391.1,0.12667,3.42662,7.50935,0
391.2,0.12668,3.42664,7.50935,0
391.3,0.12666,3.42666,7.50935,0
391.4,0.12664,3.42667,7.50935,0
391.5,0.12664,3.42667,7.50935,0
391.6,0.12666,3.42667,7.50935,0
391.7,0.12667,3.42668,7.50935,0
391.8,0.12668,3.42671,7.50935,0
391.9,0.12666,3.42673,7.50935,0
392,0.12664,3.42673,7.50935,0
392.1,0.12663,3.42673,7.50935,0
392.2,0.12663,3.42673,7.50935,0
392.3,0.12665,3.42674,7.50935,0
392.4,0.12666,3.42677,7.50935,0
392.5,0.12666,3.42678,7.50935,0
392.6,0.12664,3.42678,7.50935,0
392.7,0.12662,3.42678,7.50935,0
392.8,0.1266,3.42678,7.50935,0
392.9,0.12662,3.42678,7.50935,0
393,0.12663,3.4268,7.50935,0
393.1,0.12665,3.42682,7.50935,0
393.2,0.12663,3.42683,7.50935,0
393.3,0.12661,3.42684,7.50935,0
393.4,0.12661,3.42683,7.50935,0
393.5,0.12662,3.42684,7.50935,0
393.6,0.12664,3.42686,7.50935,0
393.7,0.12665,3.42688,7.50935,0
393.8,0.12664,3.42689,7.50935,0
393.9,0.12662,3.4269,7.50935,0
394,0.12661,3.4269,7.50935,0
394.1,0.12661,3.4269,7.50935,0
394.2,0.12663,3.42692,7.50935,0
394.3,0.12664,3.42694,7.50935,0
394.4,0.12665,3.42696,7.50935,0
394.5,0.12663,3.42698,7.50935,0
394.6,0.12661,3.42699,7.50935,0
394.7,0.1266,3.42698,7.50935,0
394.8,0.12661,3.42699,7.50935,0
394.9,0.12663,3.42701,7.50935,0
395,0.12663,3.42703,7.50935,0
395.1,0.12661,3.42704,7.50935,0
395.2,0.12659,3.42705,7.50935,0
395.3,0.12658,3.42705,7.50935,0
395.4,0.12658,3.42705,7.50935,0
395.5,0.12659,3.42706,7.50935,0
395.6,0.12661,3.42709,7.50935,0
395.7,0.1266,3.4271,7.50935,0
395.8,0.12658,3.42711,7.50935,0
395.9,0.12656,3.42711,7.50935,0
396,0.12654,3.42711,7.50935,0
396.1,0.12656,3.42711,7.50935,0
396.2,0.12657,3.42712,7.50935,0
396.3,0.12658,3.42715,7.50935,0
396.4,0.12656,3.42716,7.50935,0
396.5,0.12654,3.42717,7.50935,0
396.6,0.12653,3.42717,7.50935,0
396.7,0.12653,3.42717,7.50935,0
396.8,0.12655,3.42718,7.50935,0
396.9,0.12655,3.4272,7.50935,0
397,0.12655,3.42721,7.50935,0
397.1,0.12653,3.42722,7.50935,0
397.2,0.12652,3.42723,7.50935,0
397.3,0.12653,3.42723,7.50935,0
397.4,0.12654,3.42724,7.50935,0
397.5,0.12655,3.42726,7.50935,0
397.6,0.12656,3.42728,7.50935,0
397.7,0.12654,3.4273,7.50935,0
397.8,0.12652,3.42731,7.50935,0
397.9,0.1265,3.42731,7.50935,0
398,0.12652,3.42732,7.50935,0
398.1,0.12653,3.42733,7.50935,0
398.2,0.12653,3.42736,7.50935,0
398.3,0.12651,3.42737,7.50935,0
398.4,0.12649,3.42738,7.50935,0
398.5,0.12648,3.42738,7.50935,0
398.6,0.12648,3.42738,7.50935,0
398.7,0.1265,3.4274,7.50935,0
398.8,0.12651,3.42742,7.50935,0
398.9,0.1265,3.42744,7.50935,0
399,0.12648,3.42745,7.50935,0
399.1,0.12646,3.42745,7.50935,0
399.2,0.12645,3.42745,7.50935,0
399.3,0.12647,3.42746,7.50935,0
399.4,0.12648,3.42747,7.50935,0
399.5,0.12649,3.42749,7.50935,0
399.6,0.12647,3.4275,7.50935,0
399.7,0.12645,3.42751,7.50935,0
399.8,0.12644,3.42751,7.50935,0
399.9,0.12645,3.42752,7.50935,0
400,0.12646,3.42753,7.50935,0
400.1,0.12647,3.42756,7.50935,0
400.2,0.12647,3.42757,7.50935,0
400.3,0.12646,3.42758,7.50935,0
400.4,0.12644,3.42758,7.50935,0
400.5,0.12644,3.42758,7.50935,0
400.6,0.12646,3.42759,7.50935,0
400.7,0.12647,3.42762,7.50935,0
400.8,0.12648,3.42764,7.50935,0
400.9,0.12646,3.42766,7.50935,0
401,0.12644,3.42767,7.50935,0
401.1,0.12643,3.42767,7.50935,0
401.2,0.12645,3.42767,7.50935,0
401.3,0.12646,3.42769,7.50935,0
401.4,0.12646,3.42771,7.50935,0
401.5,0.12644,3.42772,7.50935,0
401.6,0.12642,3.42773,7.50935,0
401.7,0.12641,3.42773,7.50935,0
401.8,0.12641,3.42773,7.50935,0
401.9,0.12642,3.42775,7.50935,0
402,0.12644,3.42777,7.50935,0
402.1,0.12643,3.42779,7.50935,0
402.2,0.12641,3.42779,7.50935,0
402.3,0.12639,3.42779,7.50935,0
402.4,0.12639,3.42779,7.50935,0
402.5,0.1264,3.4278,7.50935,0
402.6,0.12642,3.42781,7.50935,0
402.7,0.12641,3.42783,7.50935,0
402.8,0.12639,3.42785,7.50935,0
402.9,0.12637,3.42786,7.50935,0
403,0.12636,3.42786,7.50935,0
403.1,0.12638,3.42787,7.50935,0
403.2,0.12639,3.42788,7.50935,0
403.3,0.1264,3.4279,7.50935,0
403.4,0.1264,3.42792,7.50935,0
403.5,0.12638,3.42793,7.50935,0
403.6,0.12637,3.42793,7.50935,0
403.7,0.12637,3.42794,7.50935,0
403.8,0.12638,3.42795,7.50935,0
403.9,0.1264,3.42797,7.50935,0
404,0.1264,3.428,7.50935,0
404.1,0.12638,3.42802,7.50935,0
404.2,0.12636,3.42802,7.50935,0
404.3,0.12635,3.42802,7.50935,0
404.4,0.12636,3.42803,7.50935,0
404.5,0.12638,3.42805,7.50935,0
404.6,0.12638,3.42807,7.50935,0
404.7,0.12636,3.42808,7.50935,0
404.8,0.12634,3.42809,7.50935,0
404.9,0.12633,3.4281,7.50935,0
405,0.12633,3.4281,7.50935,0
405.1,0.12634,3.42811,7.50935,0
405.2,0.12635,3.42813,7.50935,0
405.3,0.12635,3.42816,7.50935,0
405.4,0.12633,3.42816,7.50935,0
405.5,0.12631,3.42816,7.50935,0
405.6,0.1263,3.42816,7.50935,0
405.7,0.12632,3.42816,7.50935,0
405.8,0.12633,3.42817,7.50935,0
405.9,0.12633,3.42819,7.50935,0
406,0.12631,3.42821,7.50935,0
406.1,0.12629,3.42821,7.50935,0
406.2,0.12628,3.42821,7.50935,0
406.3,0.12628,3.42822,7.50935,0
406.4,0.1263,3.42823,7.50935,0
406.5,0.1263,3.42826,7.50935,0
406.6,0.1263,3.42827,7.50935,0
406.7,0.12628,3.42828,7.50935,0
406.8,0.12627,3.42827,7.50935,0
406.9,0.12626,3.42828,7.50935,0
407,0.12628,3.42829,7.50935,0
407.1,0.12629,3.42831,7.50935,0
407.2,0.1263,3.42833,7.50935,0
407.3,0.12628,3.42835,7.50935,0
407.4,0.12626,3.42836,7.50935,0
407.5,0.12626,3.42835,7.50935,0
407.6,0.12627,3.42836,7.50935,0
407.7,0.12629,3.42838,7.50935,0
407.8,0.12629,3.4284,7.50935,0
407.9,0.12627,3.42842,7.50935,0
408,0.12625,3.42843,7.50935,0
408.1,0.12624,3.42843,7.50935,0
408.2,0.12624,3.42843,7.50935,0
408.3,0.12625,3.42845,7.50935,0
408.4,0.12627,3.42847,7.50935,0
408.5,0.12626,3.42849,7.50935,0
408.6,0.12624,3.4285,7.50935,0
408.7,0.12622,3.4285,7.50935,0
408.8,0.1262,3.4285,7.50935,0
408.9,0.12621,3.4285,7.50935,0
409,0.12622,3.42851,7.50935,0
409.1,0.12623,3.42853,7.50935,0
409.2,0.12622,3.42855,7.50935,0
409.3,0.1262,3.42856,7.50935,0
409.4,0.12618,3.42856,7.50935,0
409.5,0.12619,3.42856,7.50935,0
409.6,0.12621,3.42858,7.50935,0
409.7,0.12622,3.4286,7.50935,0
409.8,0.12622,3.42861,7.50935,0
409.9,0.12621,3.42862,7.50935,0
410,0.1262,3.42861,7.50935,0
410.1,0.12619,3.42862,7.50935,0
410.2,0.12621,3.42863,7.50935,0
410.3,0.12622,3.42865,7.50935,0
410.4,0.12623,3.42867,7.50935,0
410.5,0.12621,3.42869,7.50935,0
410.6,0.12619,3.42869,7.50935,0
410.7,0.12618,3.42869,7.50935,0
410.8,0.1262,3.42869,7.50935,0
410.9,0.12621,3.42871,7.50935,0
411,0.12621,3.42873,7.50935,0
411.1,0.12619,3.42874,7.50935,0
411.2,0.12617,3.42875,7.50935,0
411.3,0.12616,3.42875,7.50935,0
411.4,0.12616,3.42875,7.50935,0
411.5,0.12618,3.42876,7.50935,0
411.6,0.12619,3.42878,7.50935,0
411.7,0.12619,3.42879,7.50935,0
411.8,0.12617,3.4288,7.50935,0
411.9,0.12615,3.4288,7.50935,0
412,0.12614,3.42879,7.50935,0
412.1,0.12615,3.42879,7.50935,0
412.2,0.12616,3.4288,7.50935,0
412.3,0.12616,3.42883,7.50935,0
412.4,0.12615,3.42885,7.50935,0
412.5,0.12612,3.42886,7.50935,0
412.6,0.12612,3.42885,7.50935,0
412.7,0.12613,3.42885,7.50935,0
412.8,0.12614,3.42886,7.50935,0
412.9,0.12616,3.42888,7.50935,0
413,0.12616,3.4289,7.50935,0
413.1,0.12614,3.42891,7.50935,0
413.2,0.12613,3.42891,7.50935,0
413.3,0.12613,3.42891,7.50935,0
413.4,0.12614,3.42892,7.50935,0
413.5,0.12616,3.42894,7.50935,0
413.6,0.12616,3.42896,7.50935,0
413.7,0.12614,3.42898,7.50935,0
413.8,0.12613,3.42898,7.50935,0
413.9,0.12612,3.42898,7.50935,0
414,0.12614,3.42898,7.50935,0
414.1,0.12615,3.429,7.50935,0
414.2,0.12615,3.42902,7.50935,0
414.3,0.12613,3.42903,7.50935,0
414.4,0.12612,3.42903,7.50935,0
414.5,0.1261,3.42903,7.50935,0
414.6,0.12611,3.42903,7.50935,0
414.7,0.12612,3.42905,7.50935,0
414.8,0.12613,3.42907,7.50935,0
414.9,0.12612,3.42908,7.50935,0
415,0.1261,3.42909,7.50935,0
415.1,0.12608,3.42909,7.50935,0
415.2,0.12606,3.42908,7.50935,0
415.3,0.12608,3.42909,7.50935,0
415.4,0.12609,3.4291,7.50935,0
415.5,0.1261,3.42912,7.50935,0
415.6,0.12608,3.42914,7.50935,0
415.7,0.12606,3.42914,7.50935,0
415.8,0.12605,3.42914,7.50935,0
415.9,0.12605,3.42914,7.50935,0
416,0.12606,3.42916,7.50935,0
416.1,0.12606,3.42918,7.50935,0
416.2,0.12606,3.4292,7.50935,0
416.3,0.12604,3.4292,7.50935,0
416.4,0.12603,3.4292,7.50935,0
416.5,0.12603,3.42921,7.50935,0
416.6,0.12604,3.42922,7.50935,0
416.7,0.12606,3.42923,7.50935,0
416.8,0.12606,3.42925,7.50935,0
416.9,0.12604,3.42927,7.50935,0
417,0.12602,3.42929,7.50935,0
417.1,0.126,3.42928,7.50935,0
417.2,0.12601,3.42928,7.50935,0
417.3,0.12603,3.4293,7.50935,0
417.4,0.12604,3.42932,7.50935,0
417.5,0.12602,3.42933,7.50935,0
417.6,0.126,3.42934,7.50935,0
417.7,0.12599,3.42934,7.50935,0
417.8,0.12599,3.42934,7.50935,0
417.9,0.12601,3.42936,7.50935,0
418,0.12601,3.42938,7.50935,0
418.1,0.126,3.4294,7.50935,0
418.2,0.12598,3.42941,7.50935,0
418.3,0.12596,3.42941,7.50935,0
418.4,0.12596,3.4294,7.50935,0
418.5,0.12596,3.4294,7.50935,0
418.6,0.12598,3.42942,7.50935,0
418.7,0.12598,3.42944,7.50935,0
418.8,0.12597,3.42945,7.50935,0
418.9,0.12595,3.42945,7.50935,0
419,0.12594,3.42945,7.50935,0
419.1,0.12595,3.42945,7.50935,0
419.2,0.12596,3.42947,7.50935,0
419.3,0.12597,3.42949,7.50935,0
419.4,0.12596,3.4295,7.50935,0
419.5,0.12595,3.4295,7.50935,0
419.6,0.12594,3.4295,7.50935,0
419.7,0.12594,3.42951,7.50935,0
419.8,0.12595,3.42952,7.50935,0
419.9,0.12597,3.42954,7.50935,0
420,0.12597,3.42956,7.50935,0
420.1,0.12596,3.42958,7.50935,0
420.2,0.12594,3.42958,7.50935,0
420.3,0.12593,3.42958,7.50935,0
420.4,0.12595,3.42958,7.50935,0
420.5,0.12596,3.42959,7.50935,0
420.6,0.12596,3.42961,7.50935,0
420.7,0.12595,3.42962,7.50935,0
420.8,0.12593,3.42963,7.50935,0
420.9,0.12591,3.42962,7.50935,0
421,0.12591,3.42963,7.50935,0
421.1,0.12592,3.42964,7.50935,0
421.2,0.12593,3.42966,7.50935,0
421.3,0.12594,3.42967,7.50935,0
421.4,0.12592,3.42968,7.50935,0
421.5,0.1259,3.42968,7.50935,0
421.6,0.12588,3.42967,7.50935,0
421.7,0.12589,3.42967,7.50935,0
421.8,0.1259,3.42969,7.50935,0
421.9,0.12591,3.42971,7.50935,0
422,0.12589,3.42972,7.50935,0
422.1,0.12587,3.42972,7.50935,0
422.2,0.12586,3.42972,7.50935,0
422.3,0.12587,3.42972,7.50935,0
422.4,0.12588,3.42973,7.50935,0
422.5,0.1259,3.42975,7.50935,0
422.6,0.12589,3.42976,7.50935,0
422.7,0.12587,3.42977,7.50935,0
422.8,0.12585,3.42977,7.50935,0
422.9,0.12585,3.42977,7.50935,0
423,0.12586,3.42978,7.50935,0
423.1,0.12588,3.4298,7.50935,0
423.2,0.12588,3.42982,7.50935,0
423.3,0.12586,3.42984,7.50935,0
423.4,0.12584,3.42985,7.50935,0
423.5,0.12584,3.42985,7.50935,0
423.6,0.12585,3.42985,7.50935,0
423.7,0.12587,3.42986,7.50935,0
423.8,0.12587,3.42987,7.50935,0
423.9,0.12586,3.42989,7.50935,0
424,0.12584,3.42989,7.50935,0
424.1,0.12583,3.4299,7.50935,0
424.2,0.12583,3.4299,7.50935,0
424.3,0.12585,3.42991,7.50935,0
424.4,0.12585,3.42993,7.50935,0
424.5,0.12585,3.42994,7.50935,0
424.6,0.12584,3.42995,7.50935,0
424.7,0.12582,3.42995,7.50935,0
424.8,0.1258,3.42995,7.50935,0
424.9,0.12582,3.42995,7.50935,0
425,0.12583,3.42996,7.50935,0
425.1,0.12583,3.42998,7.50935,0
425.2,0.12581,3.43,7.50935,0
425.3,0.12579,3.43001,7.50935,0
425.4,0.12578,3.43001,7.50935,0
425.5,0.12578,3.43001,7.50935,0
425.6,0.12579,3.43002,7.50935,0
425.7,0.12579,3.43004,7.50935,0
425.8,0.12579,3.43006,7.50935,0
425.9,0.12578,3.43007,7.50935,0
426,0.12577,3.43007,7.50935,0
426.1,0.12577,3.43007,7.50935,0
426.2,0.12578,3.43008,7.50935,0
426.3,0.1258,3.4301,7.50935,0
426.4,0.1258,3.43012,7.50935,0
426.5,0.12578,3.43013,7.50935,0
426.6,0.12576,3.43014,7.50935,0
426.7,0.12576,3.43014,7.50935,0
426.8,0.12577,3.43015,7.50935,0
426.9,0.12579,3.43016,7.50935,0
427,0.12579,3.43017,7.50935,0
427.1,0.12578,3.43019,7.50935,0
427.2,0.12576,3.43019,7.50935,0
427.3,0.12575,3.43019,7.50935,0
427.4,0.12576,3.43019,7.50935,0
427.5,0.12577,3.43021,7.50935,0
427.6,0.12578,3.43022,7.50935,0
427.7,0.12577,3.43024,7.50935,0
427.8,0.12575,3.43025,7.50935,0
427.9,0.12573,3.43024,7.50935,0
428,0.12572,3.43024,7.50935,0
428.1,0.12573,3.43024,7.50935,0
428.2,0.12575,3.43025,7.50935,0
428.3,0.12575,3.43026,7.50935,0
428.4,0.12573,3.43028,7.50935,0
428.5,0.12571,3.43028,7.50935,0
428.6,0.1257,3.43028,7.50935,0
428.7,0.12571,3.43028,7.50935,0
428.8,0.12572,3.43029,7.50935,0
428.9,0.12574,3.43031,7.50935,0
429,0.12573,3.43032,7.50935,0
429.1,0.12571,3.43032,7.50935,0
429.2,0.1257,3.43032,7.50935,0
429.3,0.1257,3.43032,7.50935,0
429.4,0.12572,3.43033,7.50935,0
429.5,0.12573,3.43035,7.50935,0
429.6,0.12575,3.43036,7.50935,0
429.7,0.12573,3.43038,7.50935,0
429.8,0.12571,3.43039,7.50935,0
429.9,0.12571,3.43038,7.50935,0
430,0.12572,3.43038,7.50935,0
430.1,0.12573,3.4304,7.50935,0
430.2,0.12574,3.43041,7.50935,0
430.3,0.12573,3.43043,7.50935,0
430.4,0.12571,3.43043,7.50935,0
430.5,0.1257,3.43043,7.50935,0
430.6,0.12569,3.43043,7.50935,0
430.7,0.12571,3.43044,7.50935,0
430.8,0.12572,3.43046,7.50935,0
430.9,0.12572,3.43047,7.50935,0
431,0.12571,3.43048,7.50935,0
431.1,0.12569,3.43047,7.50935,0
431.2,0.12567,3.43047,7.50935,0
431.3,0.12569,3.43046,7.50935,0
431.4,0.1257,3.43047,7.50935,0
431.5,0.1257,3.43049,7.50935,0
431.6,0.12568,3.4305,7.50935,0
431.7,0.12566,3.43051,7.50935,0
431.8,0.12565,3.4305,7.50935,0
431.9,0.12566,3.4305,7.50935,0
432,0.12567,3.43051,7.50935,0
432.1,0.12568,3.43052,7.50935,0
432.2,0.12567,3.43054,7.50935,0
432.3,0.12565,3.43055,7.50935,0
432.4,0.12564,3.43054,7.50935,0
432.5,0.12564,3.43054,7.50935,0
432.6,0.12566,3.43056,7.50935,0
432.7,0.12567,3.43057,7.50935,0
432.8,0.12568,3.43059,7.50935,0
432.9,0.12566,3.43061,7.50935,0
433,0.12564,3.43062,7.50935,0
433.1,0.12563,3.43062,7.50935,0
433.2,0.12564,3.43062,7.50935,0
433.3,0.12565,3.43062,7.50935,0
433.4,0.12566,3.43064,7.50935,0
433.5,0.12565,3.43066,7.50935,0
433.6,0.12563,3.43066,7.50935,0
433.7,0.12562,3.43065,7.50935,0
433.8,0.12563,3.43066,7.50935,0
433.9,0.12564,3.43067,7.50935,0
434,0.12565,3.43069,7.50935,0
434.1,0.12564,3.4307,7.50935,0
434.2,0.12562,3.4307,7.50935,0
434.3,0.1256,3.4307,7.50935,0
434.4,0.12559,3.4307,7.50935,0
434.5,0.12561,3.43069,7.50935,0
434.6,0.12562,3.4307,7.50935,0
434.7,0.12563,3.43072,7.50935,0
434.8,0.12561,3.43074,7.50935,0
434.9,0.12559,3.43075,7.50935,0
435,0.12558,3.43074,7.50935,0
435.1,0.12558,3.43074,7.50935,0
435.2,0.12559,3.43075,7.50935,0
435.3,0.1256,3.43077,7.50935,0
435.4,0.12559,3.43078,7.50935,0
435.5,0.12557,3.43079,7.50935,0
435.6,0.12556,3.43079,7.50935,0
435.7,0.12555,3.43079,7.50935,0
435.8,0.12556,3.4308,7.50935,0
435.9,0.12557,3.43081,7.50935,0
436,0.12557,3.43083,7.50935,0
436.1,0.12555,3.43085,7.50935,0
436.2,0.12553,3.43086,7.50935,0
436.3,0.12553,3.43085,7.50935,0
436.4,0.12554,3.43085,7.50935,0
436.5,0.12556,3.43086,7.50935,0
436.6,0.12556,3.43087,7.50935,0
436.7,0.12555,3.43089,7.50935,0
436.8,0.12553,3.4309,7.50935,0
436.9,0.12552,3.43089,7.50935,0
437,0.12552,3.4309,7.50935,0
437.1,0.12553,3.43091,7.50935,0
437.2,0.12554,3.43093,7.50935,0
437.3,0.12553,3.43095,7.50935,0
437.4,0.12551,3.43096,7.50935,0
437.5,0.12549,3.43096,7.50935,0
437.6,0.12548,3.43095,7.50935,0
437.7,0.12549,3.43095,7.50935,0
437.8,0.12551,3.43096,7.50935,0
437.9,0.12551,3.43098,7.50935,0
438,0.12549,3.431,7.50935,0
438.1,0.12547,3.43101,7.50935,0
438.2,0.12546,3.43101,7.50935,0
438.3,0.12547,3.43102,7.50935,0
438.4,0.12548,3.43102,7.50935,0
438.5,0.12549,3.43104,7.50935,0
438.6,0.12548,3.43106,7.50935,0
438.7,0.12546,3.43106,7.50935,0
438.8,0.12545,3.43106,7.50935,0
438.9,0.12544,3.43106,7.50935,0
439,0.12545,3.43107,7.50935,0
439.1,0.12547,3.43109,7.50935,0
439.2,0.12547,3.43111,7.50935,0
439.3,0.12545,3.43113,7.50935,0
439.4,0.12543,3.43113,7.50935,0
439.5,0.12542,3.43113,7.50935,0
439.6,0.12544,3.43113,7.50935,0
439.7,0.12545,3.43115,7.50935,0
439.8,0.12547,3.43116,7.50935,0
439.9,0.12546,3.43118,7.50935,0
440,0.12544,3.43119,7.50935,0
440.1,0.12543,3.43118,7.50935,0
440.2,0.12543,3.43119,7.50935,0
440.3,0.12545,3.4312,7.50935,0
440.4,0.12546,3.43122,7.50935,0
440.5,0.12547,3.43123,7.50935,0
440.6,0.12546,3.43123,7.50935,0
440.7,0.12544,3.43123,7.50935,0
440.8,0.12542,3.43122,7.50935,0
440.9,0.12543,3.43122,7.50935,0
441,0.12544,3.43123,7.50935,0
441.1,0.12545,3.43124,7.50935,0
441.2,0.12543,3.43126,7.50935,0
441.3,0.12541,3.43126,7.50935,0
441.4,0.1254,3.43126,7.50935,0
441.5,0.1254,3.43126,7.50935,0
441.6,0.12541,3.43126,7.50935,0
441.7,0.12543,3.43128,7.50935,0
441.8,0.12542,3.43129,7.50935,0
441.9,0.1254,3.43129,7.50935,0
442,0.12539,3.43129,7.50935,0
442.1,0.12539,3.43129,7.50935,0
442.2,0.1254,3.4313,7.50935,0
442.3,0.12541,3.43131,7.50935,0
442.4,0.12542,3.43133,7.50935,0
442.5,0.1254,3.43135,7.50935,0
442.6,0.12538,3.43135,7.50935,0
442.7,0.12537,3.43134,7.50935,0
442.8,0.12538,3.43134,7.50935,0
442.9,0.12539,3.43136,7.50935,0
443,0.1254,3.43137,7.50935,0
443.1,0.12539,3.43138,7.50935,0
443.2,0.12537,3.43139,7.50935,0
443.3,0.12535,3.43139,7.50935,0
443.4,0.12535,3.43139,7.50935,0
443.5,0.12536,3.4314,7.50935,0
443.6,0.12538,3.43142,7.50935,0
443.7,0.12537,3.43143,7.50935,0
443.8,0.12535,3.43143,7.50935,0
443.9,0.12533,3.43142,7.50935,0
444,0.12532,3.43142,7.50935,0
444.1,0.12534,3.43142,7.50935,0
444.2,0.12535,3.43142,7.50935,0
444.3,0.12536,3.43143,7.50935,0
444.4,0.12534,3.43145,7.50935,0
444.5,0.12533,3.43146,7.50935,0
444.6,0.12532,3.43146,7.50935,0
444.7,0.12532,3.43146,7.50935,0
444.8,0.12533,3.43146,7.50935,0
444.9,0.12533,3.43148,7.50935,0
445,0.12533,3.43149,7.50935,0
445.1,0.12531,3.43149,7.50935,0
445.2,0.12529,3.43149,7.50935,0
445.3,0.12529,3.43149,7.50935,0
445.4,0.1253,3.4315,7.50935,0
445.5,0.12531,3.43151,7.50935,0
445.6,0.12532,3.43153,7.50935,0
445.7,0.1253,3.43154,7.50935,0
445.8,0.12528,3.43155,7.50935,0
445.9,0.12527,3.43154,7.50935,0
446,0.12528,3.43155,7.50935,0
446.1,0.1253,3.43156,7.50935,0
446.2,0.1253,3.43158,7.50935,0
446.3,0.12529,3.43159,7.50935,0
446.4,0.12528,3.4316,7.50935,0
446.5,0.12527,3.43159,7.50935,0
446.6,0.12527,3.43159,7.50935,0
446.7,0.12528,3.4316,7.50935,0
446.8,0.1253,3.43162,7.50935,0
446.9,0.12529,3.43164,7.50935,0
447,0.12528,3.43165,7.50935,0
447.1,0.12526,3.43165,7.50935,0
447.2,0.12526,3.43164,7.50935,0
447.3,0.12527,3.43164,7.50935,0
447.4,0.12529,3.43165,7.50935,0
447.5,0.12528,3.43167,7.50935,0
447.6,0.12526,3.43168,7.50935,0
447.7,0.12524,3.43168,7.50935,0
447.8,0.12523,3.43168,7.50935,0
447.9,0.12523,3.43168,7.50935,0
448,0.12524,3.43168,7.50935,0
448.1,0.12526,3.4317,7.50935,0
448.2,0.12525,3.43171,7.50935,0
448.3,0.12523,3.43171,7.50935,0
448.4,0.12521,3.43171,7.50935,0
448.5,0.1252,3.43171,7.50935,0
448.6,0.12522,3.43172,7.50935,0
448.7,0.12523,3.43174,7.50935,0
448.8,0.12523,3.43176,7.50935,0
448.9,0.12521,3.43178,7.50935,0
449,0.12519,3.43178,7.50935,0
449.1,0.12519,3.43178,7.50935,0
449.2,0.1252,3.43178,7.50935,0
449.3,0.12522,3.43179,7.50935,0
449.4,0.12522,3.43181,7.50935,0
449.5,0.12521,3.43182,7.50935,0
449.6,0.12519,3.43183,7.50935,0
449.7,0.12518,3.43183,7.50935,0
449.8,0.12518,3.43183,7.50935,0
449.9,0.1252,3.43184,7.50935,0
450,0.12521,3.43186,7.50935,0
450.1,0.12521,3.43187,7.50935,0
450.2,0.12519,3.43188,7.50935,0
450.3,0.12517,3.43188,7.50935,0
450.4,0.12517,3.43187,7.50935,0
450.5,0.12518,3.43187,7.50935,0
450.6,0.12519,3.43188,7.50935,0
450.7,0.1252,3.4319,7.50935,0
450.8,0.12518,3.43191,7.50935,0
450.9,0.12516,3.43191,7.50935,0
451,0.12515,3.43191,7.50935,0
451.1,0.12515,3.43191,7.50935,0
451.2,0.12516,3.43192,7.50935,0
451.3,0.12517,3.43194,7.50935,0
451.4,0.12516,3.43196,7.50935,0
451.5,0.12514,3.43196,7.50935,0
451.6,0.12512,3.43195,7.50935,0
451.7,0.12512,3.43196,7.50935,0
451.8,0.12513,3.43197,7.50935,0
451.9,0.12515,3.43198,7.50935,0
452,0.12514,3.432,7.50935,0
452.1,0.12512,3.43202,7.50935,0
452.2,0.1251,3.43202,7.50935,0
452.3,0.12509,3.43202,7.50935,0
452.4,0.1251,3.43202,7.50935,0
452.5,0.12511,3.43204,7.50935,0
452.6,0.12512,3.43205,7.50935,0
452.7,0.12511,3.43207,7.50935,0
452.8,0.12509,3.43207,7.50935,0
452.9,0.12508,3.43207,7.50935,0
453,0.12508,3.43207,7.50935,0
453.1,0.1251,3.43208,7.50935,0
453.2,0.12511,3.4321,7.50935,0
453.3,0.12512,3.43211,7.50935,0
453.4,0.12509,3.43212,7.50935,0
453.5,0.12507,3.43211,7.50935,0
453.6,0.12507,3.43211,7.50935,0
453.7,0.12509,3.43211,7.50935,0
453.8,0.1251,3.43212,7.50935,0
453.9,0.1251,3.43214,7.50935,0
454,0.12508,3.43215,7.50935,0
454.1,0.12506,3.43215,7.50935,0
454.2,0.12504,3.43215,7.50935,0
454.3,0.12504,3.43215,7.50935,0
454.4,0.12505,3.43216,7.50935,0
454.5,0.12507,3.43218,7.50935,0
454.6,0.12506,3.4322,7.50935,0
454.7,0.12504,3.43221,7.50935,0
454.8,0.12502,3.4322,7.50935,0
454.9,0.12501,3.43221,7.50935,0
455,0.12502,3.43221,7.50935,0
455.1,0.12503,3.43223,7.50935,0
455.2,0.12503,3.43225,7.50935,0
455.3,0.12501,3.43226,7.50935,0
455.4,0.12499,3.43227,7.50935,0
455.5,0.12499,3.43226,7.50935,0
455.6,0.125,3.43227,7.50935,0
455.7,0.12502,3.43228,7.50935,0
455.8,0.12502,3.4323,7.50935,0
455.9,0.12502,3.43231,7.50935,0
456,0.125,3.43232,7.50935,0
456.1,0.12499,3.43232,7.50935,0
456.2,0.12499,3.43232,7.50935,0
456.3,0.12501,3.43233,7.50935,0
456.4,0.12502,3.43235,7.50935,0
456.5,0.12503,3.43236,7.50935,0
456.6,0.12501,3.43237,7.50935,0
456.7,0.12499,3.43237,7.50935,0
456.8,0.12498,3.43237,7.50935,0
456.9,0.12499,3.43236,7.50935,0
457,0.12501,3.43237,7.50935,0
457.1,0.12501,3.43239,7.50935,0
457.2,0.125,3.4324,7.50935,0
457.3,0.12498,3.43241,7.50935,0
457.4,0.12497,3.4324,7.50935,0
457.5,0.12497,3.4324,7.50935,0
457.6,0.12497,3.43242,7.50935,0
457.7,0.12498,3.43243,7.50935,0
457.8,0.12498,3.43245,7.50935,0
457.9,0.12497,3.43245,7.50935,0
458,0.12495,3.43245,7.50936,0
458.1,0.12494,3.43245,7.50936,0
458.2,0.12495,3.43246,7.50936,0
458.3,0.12497,3.43248,7.50935,0
458.4,0.12497,3.4325,7.50936,0
458.5,0.12496,3.43252,7.50936,0
458.6,0.12494,3.43252,7.50936,0
458.7,0.12493,3.43252,7.50936,0
458.8,0.12495,3.43252,7.50936,0
458.9,0.12496,3.43254,7.50936,0
459,0.12497,3.43256,7.50936,0
459.1,0.12496,3.43257,7.50936,0
459.2,0.12494,3.43258,7.50936,0
459.3,0.12493,3.43257,7.50936,0
459.4,0.12493,3.43258,7.50936,0
459.5,0.12494,3.43259,7.50936,0
459.6,0.12496,3.43261,7.50936,0
459.7,0.12496,3.43262,7.50936,0
459.8,0.12494,3.43263,7.50936,0
459.9,0.12492,3.43263,7.50936,0
460,0.12492,3.43262,7.50936,0
460.1,0.12494,3.43262,7.50936,0
460.2,0.12495,3.43263,7.50936,0
460.3,0.12496,3.43265,7.50936,0
460.4,0.12494,3.43266,7.50936,0
460.5,0.12492,3.43267,7.50936,0
460.6,0.12491,3.43266,7.50936,0
460.7,0.12491,3.43266,7.50936,0
460.8,0.12492,3.43267,7.50936,0
460.9,0.12493,3.43269,7.50936,0
461,0.12492,3.43271,7.50936,0
461.1,0.1249,3.43271,7.50936,0
461.2,0.12488,3.43271,7.50936,0
461.3,0.12488,3.43271,7.50936,0
461.4,0.12489,3.43272,7.50936,0
461.5,0.12491,3.43274,7.50936,0
461.6,0.12491,3.43277,7.50936,0
461.7,0.12489,3.43278,7.50936,0
461.8,0.12487,3.43279,7.50936,0
461.9,0.12486,3.43279,7.50936,0
462,0.12487,3.43279,7.50936,0
462.1,0.12488,3.4328,7.50936,0
462.2,0.1249,3.43282,7.50936,0
462.3,0.12489,3.43284,7.50936,0
462.4,0.12488,3.43285,7.50936,0
462.5,0.12487,3.43285,7.50936,0
462.6,0.12487,3.43285,7.50936,0
462.7,0.12488,3.43286,7.50936,0
462.8,0.1249,3.43289,7.50936,0
462.9,0.1249,3.4329,7.50936,0
463,0.12488,3.4329,7.50936,0
463.1,0.12486,3.4329,7.50936,0
463.2,0.12486,3.4329,7.50936,0
463.3,0.12487,3.4329,7.50936,0
463.4,0.12489,3.43291,7.50936,0
463.5,0.12489,3.43292,7.50936,0
463.6,0.12487,3.43294,7.50936,0
463.7,0.12485,3.43295,7.50936,0
463.8,0.12484,3.43294,7.50936,0
463.9,0.12484,3.43295,7.50936,0
464,0.12486,3.43296,7.50936,0
464.1,0.12486,3.43298,7.50936,0
464.2,0.12485,3.433,7.50936,0
464.3,0.12483,3.43301,7.50936,0
464.4,0.12481,3.433,7.50936,0
464.5,0.1248,3.43301,7.50936,0
464.6,0.12481,3.43301,7.50936,0
464.7,0.12483,3.43303,7.50936,0
464.8,0.12483,3.43305,7.50936,0
464.9,0.12481,3.43307,7.50936,0
465,0.12479,3.43307,7.50936,0
465.1,0.12478,3.43307,7.50936,0
465.2,0.12479,3.43307,7.50936,0
465.3,0.12481,3.43309,7.50936,0
465.4,0.12481,3.43311,7.50936,0
465.5,0.12481,3.43312,7.50936,0
465.6,0.12479,3.43313,7.50936,0
465.7,0.12478,3.43313,7.50936,0
465.8,0.12479,3.43313,7.50936,0
465.9,0.1248,3.43314,7.50936,0
466,0.12482,3.43316,7.50936,0
466.1,0.12483,3.43318,7.50936,0
466.2,0.12481,3.43319,7.50936,0
466.3,0.1248,3.43319,7.50936,0
466.4,0.12478,3.43318,7.50936,0
466.5,0.1248,3.43318,7.50936,0
466.6,0.12481,3.43319,7.50936,0
466.7,0.12481,3.43321,7.50936,0
466.8,0.12479,3.43322,7.50936,0
466.9,0.12478,3.43323,7.50936,0
467,0.12477,3.43322,7.50936,0
467.1,0.12477,3.43323,7.50936,0
467.2,0.12478,3.43324,7.50936,0
467.3,0.1248,3.43326,7.50936,0
467.4,0.12479,3.43328,7.50936,0
467.5,0.12477,3.43329,7.50936,0
467.6,0.12475,3.43328,7.50936,0
467.7,0.12475,3.43328,7.50936,0
467.8,0.12476,3.43329,7.50936,0
467.9,0.12478,3.43331,7.50936,0
468,0.12477,3.43333,7.50936,0
468.1,0.12476,3.43335,7.50936,0
468.2,0.12474,3.43336,7.50936,0
468.3,0.12473,3.43336,7.50936,0
468.4,0.12474,3.43336,7.50936,0
468.5,0.12475,3.43337,7.50936,0
468.6,0.12476,3.43339,7.50936,0
468.7,0.12476,3.4334,7.50936,0
468.8,0.12474,3.4334,7.50936,0
468.9,0.12473,3.4334,7.50936,0
469,0.12474,3.4334,7.50936,0
469.1,0.12475,3.43342,7.50936,0
469.2,0.12477,3.43343,7.50936,0
469.3,0.12478,3.43345,7.50936,0
469.4,0.12477,3.43345,7.50936,0
469.5,0.12475,3.43345,7.50936,0
469.6,0.12474,3.43344,7.50936,0
469.7,0.12475,3.43344,7.50936,0
469.8,0.12477,3.43345,7.50936,0
469.9,0.12477,3.43346,7.50936,0
470,0.12475,3.43348,7.50936,0
470.1,0.12473,3.43348,7.50936,0
470.2,0.12472,3.43348,7.50936,0
470.3,0.12472,3.43349,7.50936,0
470.4,0.12474,3.43349,7.50936,0
470.5,0.12475,3.43351,7.50936,0
470.6,0.12474,3.43353,7.50936,0
470.7,0.12472,3.43353,7.50936,0
470.8,0.1247,3.43352,7.50936,0
470.9,0.12469,3.43352,7.50936,0
471,0.1247,3.43353,7.50936,0
471.1,0.12472,3.43355,7.50936,0
471.2,0.12472,3.43357,7.50936,0
471.3,0.1247,3.43358,7.50936,0
471.4,0.12468,3.43359,7.50936,0
471.5,0.12467,3.43359,7.50936,0
471.6,0.12468,3.43358,7.50936,0
471.7,0.12469,3.43359,7.50936,0
471.8,0.12471,3.43361,7.50936,0
471.9,0.12471,3.43362,7.50936,0
472,0.12469,3.43363,7.50936,0
472.1,0.12468,3.43363,7.50936,0
472.2,0.12468,3.43363,7.50936,0
472.3,0.1247,3.43365,7.50936,0
472.4,0.12471,3.43367,7.50936,0
472.5,0.12471,3.43368,7.50936,0
472.6,0.1247,3.43368,7.50936,0
472.7,0.12468,3.43368,7.50936,0
472.8,0.12468,3.43367,7.50936,0
472.9,0.12469,3.43367,7.50936,0
473,0.12471,3.43368,7.50936,0
473.1,0.12472,3.43369,7.50936,0
473.2,0.1247,3.43371,7.50936,0
473.3,0.12469,3.43371,7.50936,0
473.4,0.12468,3.43371,7.50936,0
473.5,0.12468,3.43371,7.50936,0
473.6,0.12469,3.43372,7.50936,0
473.7,0.1247,3.43373,7.50936,0
473.8,0.12469,3.43374,7.50936,0
473.9,0.12467,3.43375,7.50936,0
474,0.12465,3.43375,7.50936,0
474.1,0.12465,3.43375,7.50936,0
474.2,0.12466,3.43375,7.50936,0
474.3,0.12468,3.43377,7.50936,0
474.4,0.12468,3.43379,7.50936,0
474.5,0.12466,3.4338,7.50936,0
474.6,0.12464,3.43381,7.50936,0
474.7,0.12463,3.4338,7.50936,0
474.8,0.12464,3.43381,7.50936,0
474.9,0.12466,3.43381,7.50936,0
475,0.12466,3.43382,7.50936,0
475.1,0.12466,3.43384,7.50936,0
475.2,0.12465,3.43384,7.50936,0
475.3,0.12464,3.43384,7.50936,0
475.4,0.12464,3.43384,7.50936,0
475.5,0.12466,3.43385,7.50936,0
475.6,0.12467,3.43386,7.50936,0
475.7,0.12467,3.43388,7.50936,0
475.8,0.12465,3.43389,7.50936,0
475.9,0.12464,3.43388,7.50936,0
476,0.12463,3.43387,7.50936,0
476.1,0.12465,3.43387,7.50936,0
476.2,0.12467,3.43388,7.50936,0
476.3,0.12466,3.43389,7.50936,0
476.4,0.12465,3.4339,7.50936,0
476.5,0.12463,3.43391,7.50936,0
476.6,0.12462,3.43391,7.50936,0
476.7,0.12462,3.43391,7.50936,0
476.8,0.12463,3.43391,7.50936,0
476.9,0.12465,3.43392,7.50936,0
477,0.12465,3.43394,7.50936,0
477.1,0.12463,3.43394,7.50936,0
477.2,0.12461,3.43393,7.50936,0
477.3,0.12461,3.43393,7.50936,0
477.4,0.12462,3.43394,7.50936,0
477.5,0.12464,3.43396,7.50936,0
477.6,0.12465,3.43398,7.50936,0
477.7,0.12463,3.43399,7.50936,0
477.8,0.12461,3.434,7.50936,0
477.9,0.12461,3.43399,7.50936,0
478,0.12462,3.43399,7.50936,0
478.1,0.12464,3.434,7.50936,0
478.2,0.12465,3.43402,7.50936,0
478.3,0.12464,3.43403,7.50936,0
478.4,0.12464,3.43404,7.50936,0
478.5,0.12463,3.43404,7.50936,0
478.6,0.12462,3.43404,7.50937,0
478.7,0.12464,3.43405,7.50937,0
478.8,0.12465,3.43407,7.50937,0
478.9,0.12466,3.43408,7.50936,0
479,0.12464,3.43408,7.50936,0
479.1,0.12462,3.43408,7.50936,0
479.2,0.12462,3.43407,7.50937,0
479.3,0.12463,3.43407,7.50937,0
479.4,0.12465,3.43408,7.50937,0
479.5,0.12465,3.4341,7.50937,0
479.6,0.12464,3.43411,7.50937,0
479.7,0.12462,3.43412,7.50937,0
479.8,0.12461,3.43411,7.50937,0
479.9,0.12461,3.43411,7.50937,0
480,0.12462,3.43412,7.50937,0
480.1,0.12463,3.43413,7.50937,0
480.2,0.12463,3.43414,7.50936,0
480.3,0.12461,3.43415,7.50936,0
480.4,0.1246,3.43414,7.50936,0
480.5,0.12458,3.43414,7.50937,0
480.6,0.1246,3.43415,7.50937,0
480.7,0.12461,3.43417,7.50937,0
480.8,0.12461,3.43419,7.50937,0
480.9,0.12459,3.43421,7.50937,0
481,0.12457,3.43421,7.50937,0
481.1,0.12456,3.4342,7.50937,0
481.2,0.12457,3.4342,7.50937,0
481.3,0.12458,3.43421,7.50937,0
481.4,0.12459,3.43423,7.50937,0
481.5,0.12459,3.43424,7.50937,0
481.6,0.12457,3.43424,7.50937,0
481.7,0.12455,3.43424,7.50936,0
481.8,0.12456,3.43424,7.50937,0
481.9,0.12458,3.43425,7.50937,0
482,0.12459,3.43426,7.50937,0
482.1,0.1246,3.43428,7.50937,0
482.2,0.12458,3.43428,7.50937,0
482.3,0.12456,3.43427,7.50937,0
482.4,0.12456,3.43426,7.50937,0
482.5,0.12458,3.43426,7.50937,0
482.6,0.12459,3.43427,7.50937,0
482.7,0.1246,3.43428,7.50937,0
482.8,0.12458,3.4343,7.50937,0
482.9,0.12457,3.4343,7.50937,0
483,0.12456,3.43429,7.50937,0
483.1,0.12455,3.43429,7.50937,0
483.2,0.12457,3.4343,7.50937,0
483.3,0.12458,3.43431,7.50937,0
483.4,0.12457,3.43433,7.50937,0
483.5,0.12455,3.43433,7.50937,0
483.6,0.12453,3.43432,7.50937,0
483.7,0.12452,3.43432,7.50937,0
483.8,0.12453,3.43433,7.50937,0
483.9,0.12455,3.43434,7.50937,0
484,0.12455,3.43436,7.50937,0
484.1,0.12453,3.43437,7.50937,0
484.2,0.12451,3.43437,7.50937,0
484.3,0.1245,3.43436,7.50937,0
484.4,0.12451,3.43436,7.50937,0
484.5,0.12453,3.43438,7.50937,0
484.6,0.12454,3.43439,7.50937,0
484.7,0.12453,3.4344,7.50937,0
484.8,0.12452,3.4344,7.50937,0
484.9,0.12451,3.4344,7.50937,0
485,0.1245,3.43439,7.50937,0
485.1,0.12452,3.4344,7.50937,0
485.2,0.12454,3.43441,7.50937,0
485.3,0.12454,3.43443,7.50937,0
485.4,0.12452,3.43444,7.50937,0
485.5,0.12451,3.43443,7.50937,0
485.6,0.1245,3.43442,7.50937,0
485.7,0.12452,3.43442,7.50937,0
485.8,0.12454,3.43442,7.50937,0
485.9,0.12453,3.43444,7.50937,0
486,0.12452,3.43445,7.50937,0
486.1,0.1245,3.43445,7.50937,0
486.2,0.12449,3.43444,7.50937,0
486.3,0.1245,3.43444,7.50937,0
486.4,0.12451,3.43445,7.50937,0
486.5,0.12453,3.43446,7.50937,0
486.6,0.12453,3.43447,7.50937,0
486.7,0.12451,3.43448,7.50937,0
486.8,0.12449,3.43447,7.50937,0
486.9,0.12448,3.43447,7.50937,0
487,0.12449,3.43448,7.50937,0
487.1,0.1245,3.4345,7.50937,0
487.2,0.12451,3.43451,7.50937,0
487.3,0.12449,3.43453,7.50937,0
487.4,0.12447,3.43453,7.50937,0
487.5,0.12447,3.43453,7.50937,0
487.6,0.12448,3.43453,7.50937,0
487.7,0.1245,3.43454,7.50937,0
487.8,0.12451,3.43456,7.50937,0
487.9,0.1245,3.43457,7.50937,0
488,0.12448,3.43457,7.50937,0
488.1,0.12447,3.43456,7.50937,0
488.2,0.12447,3.43456,7.50937,0
488.3,0.12448,3.43457,7.50937,0
488.4,0.1245,3.43459,7.50937,0
488.5,0.12451,3.4346,7.50937,0
488.6,0.1245,3.4346,7.50937,0
488.7,0.12448,3.4346,7.50937,0
488.8,0.12447,3.43459,7.50937,0
488.9,0.12449,3.43459,7.50937,0
489,0.1245,3.4346,7.50937,0
489.1,0.1245,3.43462,7.50937,0
489.2,0.12449,3.43463,7.50937,0
489.3,0.12447,3.43463,7.50937,0
489.4,0.12446,3.43463,7.50937,0
489.5,0.12446,3.43463,7.50937,0
489.6,0.12448,3.43464,7.50937,0
489.7,0.12449,3.43466,7.50937,0
489.8,0.12449,3.43467,7.50937,0
489.9,0.12447,3.43467,7.50937,0
490,0.12445,3.43466,7.50937,0
490.1,0.12445,3.43467,7.50937,0
490.2,0.12446,3.43468,7.50937,0
490.3,0.12448,3.43469,7.50937,0
490.4,0.12448,3.43471,7.50937,0
490.5,0.12446,3.43473,7.50937,0
490.6,0.12444,3.43473,7.50937,0
490.7,0.12443,3.43473,7.50937,0
490.8,0.12443,3.43473,7.50937,0
490.9,0.12445,3.43474,7.50937,0
491,0.12445,3.43476,7.50937,0
491.1,0.12444,3.43478,7.50937,0
491.2,0.12442,3.43478,7.50937,0
491.3,0.12441,3.43477,7.50937,0
491.4,0.12442,3.43477,7.50937,0
491.5,0.12443,3.43478,7.50937,0
491.6,0.12445,3.4348,7.50937,0
491.7,0.12445,3.43481,7.50937,0
491.8,0.12443,3.43481,7.50937,0
491.9,0.12442,3.43481,7.50937,0
492,0.12441,3.4348,7.50937,0
492.1,0.12443,3.4348,7.50937,0
492.2,0.12444,3.43481,7.50937,0
492.3,0.12445,3.43483,7.50937,0
492.4,0.12444,3.43484,7.50937,0
492.5,0.12442,3.43484,7.50937,0
492.6,0.12441,3.43484,7.50937,0
492.7,0.12441,3.43484,7.50937,0
492.8,0.12443,3.43485,7.50937,0
492.9,0.12443,3.43487,7.50937,0
493,0.12443,3.43488,7.50937,0
493.1,0.12441,3.43488,7.50937,0
493.2,0.12439,3.43488,7.50937,0
493.3,0.12438,3.43488,7.50937,0
493.4,0.1244,3.43488,7.50937,0
493.5,0.12441,3.4349,7.50937,0
493.6,0.12443,3.43491,7.50937,0
493.7,0.12441,3.43493,7.50937,0
493.8,0.12439,3.43493,7.50937,0
493.9,0.12438,3.43492,7.50937,0
494,0.12439,3.43492,7.50937,0
494.1,0.1244,3.43494,7.50937,0
494.2,0.12441,3.43495,7.50937,0
494.3,0.12441,3.43496,7.50937,0
494.4,0.1244,3.43497,7.50937,0
494.5,0.12439,3.43496,7.50937,0
494.6,0.12438,3.43496,7.50937,0
494.7,0.1244,3.43497,7.50937,0
494.8,0.12441,3.43499,7.50937,0
494.9,0.12442,3.43501,7.50937,0
495,0.1244,3.43501,7.50937,0
495.1,0.12438,3.43501,7.50937,0
495.2,0.12438,3.435,7.50937,0
495.3,0.12438,3.435,7.50937,0
495.4,0.1244,3.435,7.50937,0
495.5,0.12441,3.43502,7.50937,0
495.6,0.12439,3.43503,7.50937,0
495.7,0.12438,3.43503,7.50937,0
495.8,0.12437,3.43503,7.50937,0
495.9,0.12437,3.43502,7.50937,0
496,0.12438,3.43504,7.50937,0
496.1,0.1244,3.43506,7.50938,0
496.2,0.1244,3.43507,7.50938,0
496.3,0.12438,3.43507,7.50937,0
496.4,0.12436,3.43506,7.50937,0
496.5,0.12435,3.43506,7.50937,0
496.6,0.12437,3.43507,7.50938,0
496.7,0.12438,3.43509,7.50938,0
496.8,0.12438,3.43511,7.50938,0
496.9,0.12436,3.43512,7.50938,0
497,0.12435,3.43513,7.50938,0
497.1,0.12434,3.43512,7.50938,0
497.2,0.12434,3.43512,7.50938,0
497.3,0.12436,3.43513,7.50938,0
497.4,0.12437,3.43515,7.50938,0
497.5,0.12436,3.43516,7.50938,0
497.6,0.12435,3.43516,7.50938,0
497.7,0.12434,3.43516,7.50938,0
497.8,0.12434,3.43516,7.50938,0
497.9,0.12436,3.43516,7.50938,0
498,0.12438,3.43518,7.50938,0
498.1,0.12439,3.43519,7.50938,0
498.2,0.12437,3.43519,7.50938,0
498.3,0.12435,3.43519,7.50938,0
498.4,0.12434,3.43518,7.50938,0
498.5,0.12435,3.43518,7.50938,0
498.6,0.12437,3.43519,7.50938,0
498.7,0.12438,3.43521,7.50938,0
498.8,0.12436,3.43522,7.50938,0
498.9,0.12434,3.43522,7.50938,0
499,0.12433,3.43522,7.50938,0
499.1,0.12432,3.43522,7.50938,0
499.2,0.12434,3.43523,7.50938,0
499.3,0.12435,3.43525,7.50938,0
499.4,0.12434,3.43527,7.50938,0
499.5,0.12432,3.43527,7.50938,0
499.6,0.12431,3.43526,7.50938,0
499.7,0.1243,3.43526,7.50938,0
499.8,0.12431,3.43527,7.50938,0
499.9,0.12433,3.43529,7.50938,0
500,0.12433,3.43531,7.50938,0
500.1,0.12432,3.43533,7.50938,0
500.2,0.1243,3.43533,7.50938,0
500.3,0.12429,3.43533,7.50938,0
500.4,0.12429,3.43533,7.50938,0
500.5,0.12431,3.43534,7.50938,0
500.6,0.12432,3.43536,7.50938,0
500.7,0.12431,3.43537,7.50938,0
500.8,0.12429,3.43538,7.50938,0
500.9,0.12428,3.43537,7.50938,0
501,0.12428,3.43537,7.50938,0
501.1,0.1243,3.43539,7.50938,0
501.2,0.12431,3.43541,7.50938,0
501.3,0.12433,3.43542,7.50938,0
501.4,0.12432,3.43542,7.50938,0
501.5,0.1243,3.43541,7.50938,0
501.6,0.12428,3.43541,7.50938,0
501.7,0.12429,3.4354,7.50938,0
501.8,0.12431,3.43541,7.50938,0
501.9,0.12432,3.43543,7.50938,0
502,0.1243,3.43544,7.50938,0
502.1,0.12428,3.43544,7.50938,0
502.2,0.12427,3.43544,7.50938,0
502.3,0.12428,3.43544,7.50938,0
502.4,0.12429,3.43545,7.50938,0
502.5,0.1243,3.43547,7.50938,0
502.6,0.12429,3.43548,7.50938,0
502.7,0.12427,3.43549,7.50938,0
502.8,0.12426,3.43549,7.50938,0
502.9,0.12424,3.43549,7.50938,0
503,0.12425,3.43549,7.50938,0
503.1,0.12427,3.43551,7.50938,0
503.2,0.12427,3.43553,7.50938,0
503.3,0.12425,3.43554,7.50938,0
503.4,0.12423,3.43555,7.50938,0
503.5,0.12422,3.43555,7.50938,0
503.6,0.12423,3.43555,7.50938,0
503.7,0.12425,3.43556,7.50938,0
503.8,0.12425,3.43557,7.50938,0
503.9,0.12425,3.43559,7.50938,0
504,0.12423,3.43559,7.50938,0
504.1,0.12423,3.43559,7.50938,0
504.2,0.12423,3.43559,7.50938,0
504.3,0.12425,3.4356,7.50938,0
504.4,0.12426,3.43562,7.50938,0
504.5,0.12427,3.43564,7.50938,0
504.6,0.12425,3.43565,7.50938,0
504.7,0.12423,3.43565,7.50938,0
504.8,0.12422,3.43564,7.50938,0
504.9,0.12424,3.43564,7.50938,0
505,0.12426,3.43565,7.50938,0
505.1,0.12427,3.43566,7.50938,0
505.2,0.12426,3.43567,7.50938,0
505.3,0.12424,3.43568,7.50938,0
505.4,0.12423,3.43568,7.50938,0
505.5,0.12424,3.43568,7.50938,0
505.6,0.12425,3.43569,7.50938,0
505.7,0.12426,3.43571,7.50938,0
505.8,0.12427,3.43572,7.50938,0
505.9,0.12426,3.43572,7.50938,0
506,0.12424,3.43572,7.50938,0
506.1,0.12422,3.43572,7.50938,0
506.2,0.12424,3.43573,7.50938,0
506.3,0.12425,3.43575,7.50938,0
506.4,0.12425,3.43577,7.50938,0
506.5,0.12423,3.43579,7.50938,0
506.6,0.12421,3.4358,7.50938,0
506.7,0.1242,3.43579,7.50938,0
506.8,0.12421,3.43579,7.50938,0
506.9,0.12422,3.43581,7.50938,0
507,0.12423,3.43583,7.50938,0
507.1,0.12422,3.43584,7.50938,0
507.2,0.1242,3.43584,7.50938,0
507.3,0.12419,3.43584,7.50938,0
507.4,0.12419,3.43584,7.50938,0
507.5,0.1242,3.43585,7.50938,0
507.6,0.12422,3.43587,7.50938,0
507.7,0.12421,3.43589,7.50938,0
507.8,0.1242,3.43589,7.50938,0
507.9,0.12418,3.43588,7.50938,0
508,0.12417,3.43588,7.50938,0
508.1,0.12418,3.43588,7.50938,0
508.2,0.12419,3.43589,7.50938,0
508.3,0.12419,3.43591,7.50938,0
508.4,0.12418,3.43592,7.50938,0
508.5,0.12416,3.43593,7.50938,0
508.6,0.12415,3.43592,7.50938,0
508.7,0.12416,3.43592,7.50938,0
508.8,0.12417,3.43594,7.50938,0
508.9,0.12419,3.43596,7.50938,0
509,0.12418,3.43597,7.50938,0
509.1,0.12416,3.43597,7.50938,0
509.2,0.12414,3.43597,7.50938,0
509.3,0.12413,3.43597,7.50938,0
509.4,0.12414,3.43598,7.50938,0
509.5,0.12416,3.436,7.50938,0
509.6,0.12416,3.43602,7.50938,0
509.7,0.12414,3.43604,7.50938,0
509.8,0.12412,3.43604,7.50938,0
509.9,0.1241,3.43604,7.50938,0
510,0.1241,3.43604,7.50938,0
510.1,0.12411,3.43605,7.50938,0
510.2,0.12412,3.43607,7.50938,0
510.3,0.12411,3.43609,7.50938,0
510.4,0.1241,3.43609,7.50938,0
510.5,0.12409,3.43608,7.50938,0
510.6,0.12408,3.43609,7.50938,0
510.7,0.1241,3.43609,7.50938,0
510.8,0.12411,3.43611,7.50938,0
510.9,0.12411,3.43613,7.50938,0
511,0.12409,3.43614,7.50938,0
511.1,0.12407,3.43613,7.50938,0
511.2,0.12407,3.43613,7.50938,0
511.3,0.12408,3.43612,7.50938,0
511.4,0.1241,3.43613,7.50938,0
511.5,0.12411,3.43615,7.50938,0
511.6,0.1241,3.43617,7.50938,0
511.7,0.12408,3.43618,7.50938,0
511.8,0.12407,3.43617,7.50938,0
511.9,0.12407,3.43617,7.50938,0
512,0.12409,3.43619,7.50938,0
512.1,0.12409,3.43621,7.50938,0
512.2,0.12409,3.43623,7.50938,0
512.3,0.12407,3.43623,7.50938,0
512.4,0.12405,3.43622,7.50938,0
512.5,0.12404,3.43623,7.50938,0
512.6,0.12405,3.43623,7.50938,0
512.7,0.12406,3.43625,7.50939,0
512.8,0.12406,3.43627,7.50939,0
512.9,0.12404,3.43629,7.50939,0
513,0.12402,3.43629,7.50938,0
513.1,0.124,3.43629,7.50938,0
513.2,0.124,3.43629,7.50938,0
513.3,0.12402,3.4363,7.50939,0
513.4,0.12403,3.43632,7.50939,0
513.5,0.12402,3.43633,7.50939,0
513.6,0.124,3.43634,7.50939,0
513.7,0.12398,3.43634,7.50939,0
513.8,0.12398,3.43634,7.50939,0
513.9,0.124,3.43635,7.50939,0
514,0.12401,3.43637,7.50939,0
514.1,0.12402,3.43639,7.50939,0
514.2,0.124,3.4364,7.50939,0
514.3,0.12398,3.4364,7.50939,0
514.4,0.12397,3.43639,7.50939,0
514.5,0.12398,3.43639,7.50939,0
514.6,0.12399,3.4364,7.50939,0
514.7,0.12401,3.43642,7.50939,0
514.8,0.124,3.43643,7.50939,0
514.9,0.12398,3.43643,7.50939,0
515,0.12397,3.43643,7.50939,0
515.1,0.12397,3.43643,7.50939,0
515.2,0.12399,3.43644,7.50939,0
515.3,0.124,3.43646,7.50939,0
515.4,0.124,3.43647,7.50939,0
515.5,0.12398,3.43648,7.50939,0
515.6,0.12396,3.43647,7.50939,0
515.7,0.12396,3.43647,7.50939,0
515.8,0.12397,3.43649,7.50939,0
515.9,0.12399,3.4365,7.50939,0
516,0.12399,3.43652,7.50939,0
516.1,0.12397,3.43654,7.50939,0
516.2,0.12395,3.43655,7.50939,0
516.3,0.12394,3.43654,7.50939,0
516.4,0.12395,3.43655,7.50939,0
516.5,0.12396,3.43656,7.50939,0
516.6,0.12397,3.43658,7.50939,0
516.7,0.12396,3.43659,7.50939,0
516.8,0.12394,3.4366,7.50939,0
516.9,0.12392,3.4366,7.50939,0
517,0.12392,3.4366,7.50939,0
517.1,0.12394,3.43661,7.50939,0
517.2,0.12395,3.43663,7.50939,0
517.3,0.12396,3.43665,7.50939,0
517.4,0.12395,3.43666,7.50939,0
517.5,0.12393,3.43665,7.50939,0
517.6,0.12392,3.43665,7.50939,0
517.7,0.12393,3.43665,7.50939,0
517.8,0.12394,3.43666,7.50939,0
517.9,0.12395,3.43668,7.50939,0
518,0.12394,3.4367,7.50939,0
518.1,0.12392,3.4367,7.50939,0
518.2,0.12391,3.43669,7.50939,0
518.3,0.12391,3.4367,7.50939,0
518.4,0.12392,3.43671,7.50939,0
518.5,0.12394,3.43673,7.50939,0
518.6,0.12393,3.43675,7.50939,0
518.7,0.12391,3.43676,7.50939,0
518.8,0.12389,3.43675,7.50939,0
518.9,0.12387,3.43676,7.50939,0
519,0.12387,3.43677,7.50939,0
519.1,0.12389,3.43679,7.50939,0
519.2,0.12389,3.43681,7.50939,0
519.3,0.12387,3.43683,7.50939,0
519.4,0.12385,3.43684,7.50939,0
519.5,0.12384,3.43684,7.50939,0
519.6,0.12384,3.43684,7.50939,0
519.7,0.12385,3.43685,7.50939,0
519.8,0.12385,3.43686,7.50939,0
519.9,0.12384,3.43688,7.50939,0
520,0.12382,3.43689,7.50939,0
520.1,0.1238,3.43689,7.50939,0
520.2,0.1238,3.43688,7.50939,0
520.3,0.12382,3.43689,7.50939,0
520.4,0.12383,3.43692,7.50939,0
520.5,0.12383,3.43693,7.50939,0
520.6,0.12381,3.43694,7.50939,0
520.7,0.12379,3.43693,7.50939,0
520.8,0.12379,3.43693,7.50939,0
520.9,0.1238,3.43693,7.50939,0
521,0.12381,3.43694,7.50939,0
521.1,0.12383,3.43696,7.50939,0
521.2,0.12382,3.43698,7.50939,0
521.3,0.1238,3.43698,7.50939,0
521.4,0.12379,3.43699,7.50939,0
521.5,0.12379,3.43699,7.50939,0
521.6,0.12381,3.437,7.50939,0
521.7,0.12382,3.43702,7.50939,0
521.8,0.12381,3.43703,7.50939,0
521.9,0.12379,3.43704,7.50939,0
522,0.12377,3.43703,7.50939,0
522.1,0.12376,3.43703,7.50939,0
522.2,0.12377,3.43704,7.50939,0
522.3,0.12379,3.43706,7.50939,0
522.4,0.12378,3.43708,7.50939,0
522.5,0.12376,3.4371,7.50939,0
522.6,0.12374,3.43711,7.50939,0
522.7,0.12373,3.43711,7.50939,0
522.8,0.12373,3.43711,7.50939,0
522.9,0.12375,3.43712,7.50939,0
523,0.12376,3.43714,7.50939,0
523.1,0.12375,3.43716,7.50939,0
523.2,0.12373,3.43716,7.50939,0
523.3,0.12371,3.43716,7.50939,0
523.4,0.12371,3.43716,7.50939,0
523.5,0.12372,3.43717,7.50939,0
523.6,0.12374,3.43719,7.50939,0
523.7,0.12374,3.43721,7.50939,0
523.8,0.12373,3.43722,7.50939,0
523.9,0.12371,3.43722,7.50939,0
524,0.1237,3.43721,7.50939,0
524.1,0.12371,3.43721,7.50939,0
524.2,0.12372,3.43722,7.50939,0
524.3,0.12373,3.43724,7.50939,0
524.4,0.12372,3.43726,7.50939,0
524.5,0.1237,3.43726,7.50939,0
524.6,0.12369,3.43726,7.50939,0
524.7,0.12369,3.43726,7.50939,0
524.8,0.12371,3.43728,7.50939,0
524.9,0.12372,3.4373,7.50939,0
525,0.12373,3.43731,7.50939,0
525.1,0.12371,3.43732,7.50939,0
525.2,0.12369,3.43732,7.50939,0
525.3,0.12368,3.43732,7.50939,0
525.4,0.1237,3.43733,7.50939,0
525.5,0.12371,3.43735,7.50939,0
525.6,0.12371,3.43738,7.50939,0
525.7,0.12369,3.4374,7.50939,0
525.8,0.12367,3.4374,7.50939,0
525.9,0.12366,3.4374,7.50939,0
526,0.12366,3.4374,7.50939,0
526.1,0.12367,3.43741,7.50939,0
526.2,0.12368,3.43744,7.50939,0
526.3,0.12366,3.43745,7.50939,0
526.4,0.12364,3.43745,7.50939,0
526.5,0.12362,3.43745,7.50939,0
526.6,0.12362,3.43745,7.50939,0
526.7,0.12363,3.43747,7.50939,0
526.8,0.12365,3.43749,7.50939,0
526.9,0.12364,3.4375,7.50939,0
527,0.12362,3.43751,7.50939,0
527.1,0.1236,3.4375,7.50939,0
527.2,0.12359,3.4375,7.50939,0
527.3,0.12359,3.4375,7.50939,0
527.4,0.12361,3.4375,7.50939,0
527.5,0.12361,3.43753,7.50939,0
527.6,0.1236,3.43755,7.50939,0
527.7,0.12358,3.43755,7.50939,0
527.8,0.12357,3.43755,7.50939,0
527.9,0.12358,3.43755,7.50939,0
528,0.12359,3.43757,7.50939,0
528.1,0.1236,3.43759,7.50939,0
528.2,0.1236,3.4376,7.50939,0
528.3,0.12358,3.4376,7.50939,0
528.4,0.12356,3.4376,7.50939,0
528.5,0.12355,3.4376,7.50939,0
528.6,0.12356,3.4376,7.50939,0
528.7,0.12358,3.43762,7.50939,0
528.8,0.12358,3.43764,7.50939,0
528.9,0.12356,3.43765,7.50939,0
529,0.12354,3.43766,7.50939,0
529.1,0.12353,3.43766,7.50939,0
529.2,0.12352,3.43765,7.50939,0
529.3,0.12353,3.43766,7.50939,0
529.4,0.12353,3.43768,7.50939,0
529.5,0.12353,3.43769,7.50939,0
529.6,0.12352,3.43769,7.50939,0
529.7,0.1235,3.43769,7.50939,0
529.8,0.12349,3.43769,7.50939,0
529.9,0.12351,3.4377,7.50939,0
530,0.12352,3.43772,7.50939,0
530.1,0.12352,3.43773,7.50939,0
530.2,0.12351,3.43773,7.50939,0
530.3,0.12349,3.43773,7.50939,0
530.4,0.12348,3.43772,7.50939,0
530.5,0.1235,3.43772,7.50939,0
530.6,0.12351,3.43773,7.50939,0
530.7,0.12352,3.43775,7.50939,0
530.8,0.12352,3.43776,7.50939,0
530.9,0.12351,3.43776,7.50939,0
531,0.1235,3.43775,7.50939,0
531.1,0.12349,3.43776,7.50939,0
531.2,0.12351,3.43776,7.50939,0
531.3,0.12352,3.43778,7.50939,0
531.4,0.12352,3.43779,7.5094,0
531.5,0.1235,3.4378,7.5094,0
531.6,0.12349,3.4378,7.5094,0
531.7,0.12348,3.4378,7.50939,0
531.8,0.12349,3.4378,7.50939,0
531.9,0.12351,3.43782,7.5094,0
532,0.12351,3.43783,7.5094,0
532.1,0.12349,3.43785,7.5094,0
532.2,0.12347,3.43785,7.5094,0
532.3,0.12346,3.43785,7.5094,0
532.4,0.12346,3.43785,7.5094,0
532.5,0.12348,3.43786,7.5094,0
532.6,0.12349,3.43788,7.5094,0
532.7,0.12348,3.43789,7.5094,0
532.8,0.12347,3.43789,7.5094,0
532.9,0.12345,3.43788,7.5094,0
533,0.12345,3.43788,7.5094,0
533.1,0.12346,3.43789,7.5094,0
533.2,0.12347,3.43791,7.5094,0
533.3,0.12348,3.43793,7.5094,0
533.4,0.12346,3.43793,7.5094,0
533.5,0.12344,3.43793,7.5094,0
533.6,0.12343,3.43792,7.5094,0
533.7,0.12344,3.43792,7.5094,0
533.8,0.12345,3.43792,7.5094,0
533.9,0.12346,3.43794,7.5094,0
534,0.12345,3.43795,7.5094,0
534.1,0.12344,3.43795,7.5094,0
534.2,0.12342,3.43795,7.5094,0
534.3,0.12342,3.43795,7.5094,0
534.4,0.12343,3.43796,7.5094,0
534.5,0.12345,3.43797,7.5094,0
534.6,0.12345,3.43799,7.5094,0
534.7,0.12343,3.43799,7.5094,0
534.8,0.12341,3.43799,7.5094,0
534.9,0.12339,3.43799,7.5094,0
535,0.1234,3.438,7.5094,0
535.1,0.12341,3.43801,7.5094,0
535.2,0.12341,3.43803,7.5094,0
535.3,0.12339,3.43805,7.5094,0
535.4,0.12337,3.43806,7.5094,0
535.5,0.12335,3.43805,7.5094,0
535.6,0.12335,3.43805,7.5094,0
535.7,0.12336,3.43806,7.5094,0
535.8,0.12337,3.43807,7.5094,0
535.9,0.12336,3.43808,7.5094,0
536,0.12334,3.43808,7.5094,0
536.1,0.12332,3.43807,7.5094,0
536.2,0.12331,3.43807,7.5094,0
536.3,0.12332,3.43809,7.5094,0
536.4,0.12333,3.43811,7.5094,0
536.5,0.12333,3.43812,7.5094,0
536.6,0.12331,3.43812,7.5094,0
536.7,0.12329,3.43812,7.5094,0
536.8,0.12328,3.43811,7.5094,0
536.9,0.12329,3.43811,7.5094,0
537,0.1233,3.43812,7.5094,0
537.1,0.12332,3.43814,7.5094,0
537.2,0.12331,3.43815,7.5094,0
537.3,0.12329,3.43815,7.5094,0
537.4,0.12328,3.43814,7.5094,0
537.5,0.12328,3.43814,7.5094,0
537.6,0.12329,3.43816,7.5094,0
537.7,0.1233,3.43818,7.5094,0
537.8,0.1233,3.43819,7.5094,0
537.9,0.12328,3.43819,7.5094,0
538,0.12326,3.43818,7.5094,0
538.1,0.12324,3.43818,7.5094,0
538.2,0.12325,3.4382,7.5094,0
538.3,0.12326,3.43822,7.5094,0
538.4,0.12327,3.43824,7.5094,0
538.5,0.12325,3.43825,7.5094,0
538.6,0.12322,3.43826,7.5094,0
538.7,0.12321,3.43826,7.5094,0
538.8,0.12321,3.43825,7.5094,0
538.9,0.12322,3.43826,7.5094,0
539,0.12323,3.43828,7.5094,0
539.1,0.12322,3.4383,7.5094,0
539.2,0.1232,3.4383,7.5094,0
539.3,0.12318,3.4383,7.5094,0
539.4,0.12317,3.4383,7.5094,0
539.5,0.12318,3.43831,7.5094,0
539.6,0.12319,3.43833,7.5094,0
539.7,0.12318,3.43834,7.5094,0
539.8,0.12316,3.43835,7.5094,0
539.9,0.12314,3.43834,7.5094,0
540,0.12313,3.43834,7.5094,0
540.1,0.12314,3.43833,7.5094,0
540.2,0.12316,3.43834,7.5094,0
540.3,0.12316,3.43836,7.5094,0
540.4,0.12316,3.43838,7.5094,0
540.5,0.12314,3.43838,7.5094,0
540.6,0.12313,3.43838,7.5094,0
540.7,0.12313,3.43838,7.5094,0
540.8,0.12315,3.43839,7.5094,0
540.9,0.12316,3.43841,7.5094,0
541,0.12316,3.43843,7.5094,0
541.1,0.12314,3.43843,7.5094,0
541.2,0.12312,3.43842,7.5094,0
541.3,0.1231,3.43842,7.5094,0
541.4,0.12311,3.43843,7.5094,0
541.5,0.12312,3.43844,7.5094,0
541.6,0.12313,3.43846,7.5094,0
541.7,0.12311,3.43848,7.5094,0
541.8,0.12309,3.43849,7.5094,0
541.9,0.12308,3.43849,7.5094,0
542,0.12307,3.43848,7.5094,0
542.1,0.12309,3.43849,7.5094,0
542.2,0.1231,3.43851,7.5094,0
542.3,0.1231,3.43853,7.5094,0
542.4,0.12308,3.43854,7.5094,0
542.5,0.12306,3.43853,7.5094,0
542.6,0.12306,3.43853,7.5094,0
542.7,0.12307,3.43855,7.5094,0
542.8,0.12308,3.43857,7.5094,0
542.9,0.12309,3.43859,7.5094,0
543,0.12307,3.4386,7.5094,0
543.1,0.12305,3.43859,7.5094,0
543.2,0.12304,3.43859,7.5094,0
543.3,0.12306,3.43859,7.5094,0
543.4,0.12307,3.4386,7.5094,0
543.5,0.12307,3.43862,7.5094,0
543.6,0.12307,3.43863,7.5094,0
543.7,0.12305,3.43863,7.5094,0
543.8,0.12304,3.43863,7.5094,0
543.9,0.12304,3.43863,7.5094,0
544,0.12306,3.43864,7.5094,0
544.1,0.12307,3.43865,7.5094,0
544.2,0.12308,3.43867,7.5094,0
544.3,0.12306,3.43868,7.5094,0
544.4,0.12304,3.43867,7.5094,0
544.5,0.12304,3.43868,7.5094,0
544.6,0.12305,3.43869,7.5094,0
544.7,0.12306,3.43871,7.5094,0
544.8,0.12307,3.43873,7.5094,0
544.9,0.12305,3.43875,7.5094,0
545,0.12303,3.43876,7.5094,0
545.1,0.12302,3.43876,7.5094,0
545.2,0.12302,3.43876,7.5094,0
545.3,0.12303,3.43877,7.5094,0
545.4,0.12303,3.4388,7.5094,0
545.5,0.12302,3.43881,7.5094,0
545.6,0.123,3.43882,7.5094,0
545.7,0.12298,3.43882,7.5094,0
545.8,0.12297,3.43882,7.5094,0
545.9,0.12299,3.43883,7.5094,0
546,0.123,3.43885,7.5094,0
546.1,0.123,3.43887,7.5094,0
546.2,0.12298,3.43888,7.5094,0
546.3,0.12296,3.43887,7.5094,0
546.4,0.12294,3.43887,7.5094,0
546.5,0.12295,3.43887,7.5094,0
546.6,0.12296,3.43887,7.5094,0
546.7,0.12296,3.43889,7.5094,0
546.8,0.12296,3.43892,7.5094,0
546.9,0.12295,3.43892,7.5094,0
547,0.12294,3.43891,7.5094,0
547.1,0.12293,3.43892,7.5094,0
547.2,0.12295,3.43893,7.5094,0
547.3,0.12296,3.43895,7.5094,0
547.4,0.12296,3.43897,7.5094,0
547.5,0.12294,3.43897,7.5094,0
547.6,0.12292,3.43897,7.5094,0
547.7,0.12292,3.43897,7.5094,0
547.8,0.12293,3.43898,7.5094,0
547.9,0.12294,3.43901,7.5094,0
548,0.12294,3.43903,7.5094,0
548.1,0.12292,3.43905,7.5094,0
548.2,0.1229,3.43905,7.5094,0
548.3,0.12289,3.43905,7.5094,0
548.4,0.12289,3.43905,7.5094,0
548.5,0.12289,3.43906,7.5094,0
548.6,0.1229,3.43908,7.5094,0
548.7,0.12289,3.4391,7.5094,0
548.8,0.12288,3.43911,7.5094,0
548.9,0.12286,3.4391,7.5094,0
549,0.12285,3.4391,7.5094,0
549.1,0.12286,3.43912,7.5094,0
549.2,0.12287,3.43914,7.5094,0
549.3,0.12287,3.43916,7.5094,0
549.4,0.12285,3.43916,7.5094,0
549.5,0.12283,3.43916,7.5094,0
549.6,0.12282,3.43915,7.5094,0
549.7,0.12283,3.43915,7.5094,0
549.8,0.12284,3.43916,7.5094,0
549.9,0.12286,3.43918,7.5094,0
550,0.12285,3.43919,7.5094,0
550.1,0.12284,3.4392,7.5094,0
550.2,0.12283,3.4392,7.5094,0
550.3,0.12283,3.43921,7.5094,0
550.4,0.12284,3.43922,7.5094,0
550.5,0.12286,3.43924,7.5094,0
550.6,0.12286,3.43925,7.5094,0
550.7,0.12284,3.43925,7.5094,0
550.8,0.12282,3.43925,7.5094,0
550.9,0.12281,3.43925,7.5094,0
551,0.12282,3.43926,7.5094,0
551.1,0.12283,3.43927,7.5094,0
551.2,0.12283,3.43929,7.5094,0
551.3,0.12281,3.43931,7.5094,0
551.4,0.12279,3.43932,7.5094,0
551.5,0.12278,3.43931,7.5094,0
551.6,0.12277,3.43931,7.5094,0
551.7,0.12278,3.43932,7.5094,0
551.8,0.1228,3.43934,7.5094,0
551.9,0.12279,3.43936,7.5094,0
552,0.12277,3.43936,7.5094,0
552.1,0.12275,3.43935,7.5094,0
552.2,0.12273,3.43935,7.5094,0
552.3,0.12274,3.43937,7.5094,0
552.4,0.12275,3.43939,7.5094,0
552.5,0.12276,3.43941,7.5094,0
552.6,0.12274,3.43942,7.5094,0
552.7,0.12272,3.43941,7.5094,0
552.8,0.12271,3.43941,7.5094,0
552.9,0.12272,3.43941,7.5094,0
553,0.12274,3.43941,7.5094,0
553.1,0.12274,3.43943,7.5094,0
553.2,0.12274,3.43945,7.5094,0
553.3,0.12272,3.43946,7.5094,0
553.4,0.12271,3.43945,7.5094,0
553.5,0.12271,3.43945,7.5094,0
553.6,0.12273,3.43945,7.5094,0
553.7,0.12274,3.43947,7.5094,0
553.8,0.12275,3.4395,7.5094,0
553.9,0.12273,3.4395,7.5094,0
554,0.12271,3.43949,7.5094,0
554.1,0.12269,3.43949,7.5094,0
554.2,0.12271,3.43951,7.5094,0
554.3,0.12272,3.43953,7.5094,0
554.4,0.12272,3.43955,7.5094,0
554.5,0.12271,3.43957,7.5094,0
554.6,0.12269,3.43957,7.5094,0
554.7,0.12267,3.43957,7.5094,0
554.8,0.12267,3.43957,7.5094,0
554.9,0.12268,3.43958,7.5094,0
555,0.1227,3.4396,7.5094,0
555.1,0.12268,3.43962,7.5094,0
555.2,0.12266,3.43962,7.5094,0
555.3,0.12264,3.43961,7.5094,0
555.4,0.12263,3.43962,7.5094,0
555.5,0.12265,3.43963,7.5094,0
555.6,0.12266,3.43965,7.5094,0
555.7,0.12265,3.43967,7.5094,0
555.8,0.12263,3.43967,7.5094,0
555.9,0.12261,3.43966,7.5094,0
556,0.1226,3.43966,7.5094,0
556.1,0.1226,3.43966,7.5094,0
556.2,0.12261,3.43967,7.5094,0
556.3,0.12261,3.43969,7.5094,0
556.4,0.12261,3.4397,7.5094,0
556.5,0.1226,3.43971,7.5094,0
556.6,0.12259,3.43971,7.5094,0
556.7,0.12258,3.43971,7.5094,0
556.8,0.1226,3.43972,7.5094,0
556.9,0.12261,3.43974,7.5094,0
557,0.12261,3.43976,7.5094,0
557.1,0.12259,3.43976,7.5094,0
557.2,0.12257,3.43975,7.5094,0
557.3,0.12257,3.43976,7.5094,0
557.4,0.12258,3.43977,7.5094,0
557.5,0.1226,3.43979,7.5094,0
557.6,0.12259,3.43981,7.5094,0
557.7,0.12258,3.43983,7.5094,0
557.8,0.12256,3.43984,7.5094,0
557.9,0.12255,3.43984,7.5094,0
558,0.12255,3.43984,7.5094,0
558.1,0.12256,3.43985,7.5094,0
558.2,0.12257,3.43987,7.5094,0
558.3,0.12257,3.43988,7.5094,0
558.4,0.12256,3.43989,7.5094,0
558.5,0.12254,3.43988,7.5094,0
558.6,0.12252,3.43988,7.5094,0
558.7,0.12253,3.4399,7.5094,0
558.8,0.12254,3.43992,7.5094,0
558.9,0.12255,3.43994,7.5094,0
559,0.12253,3.43994,7.5094,0
559.1,0.12251,3.43994,7.5094,0
559.2,0.1225,3.43994,7.5094,0
559.3,0.12251,3.43994,7.5094,0
559.4,0.12252,3.43995,7.5094,0
559.5,0.12253,3.43997,7.5094,0
559.6,0.12252,3.43998,7.5094,0
559.7,0.1225,3.43999,7.5094,0
559.8,0.12249,3.43999,7.5094,0
559.9,0.1225,3.44,7.5094,0
560,0.12251,3.44001,7.5094,0
560.1,0.12253,3.44003,7.5094,0
560.2,0.12253,3.44005,7.5094,0
560.3,0.12251,3.44005,7.5094,0
560.4,0.12249,3.44005,7.5094,0
560.5,0.12249,3.44005,7.5094,0
560.6,0.1225,3.44006,7.5094,0
560.7,0.12251,3.44008,7.5094,0
560.8,0.12252,3.4401,7.5094,0
560.9,0.1225,3.44012,7.5094,0
561,0.12248,3.44012,7.5094,0
561.1,0.12247,3.44011,7.5094,0
561.2,0.12247,3.44012,7.5094,0
561.3,0.12248,3.44013,7.5094,0
561.4,0.1225,3.44015,7.5094,0
561.5,0.1225,3.44016,7.5094,0
561.6,0.12249,3.44017,7.5094,0
561.7,0.12247,3.44016,7.5094,0
561.8,0.12246,3.44016,7.5094,0
561.9,0.12247,3.44018,7.5094,0
562,0.12249,3.4402,7.5094,0
562.1,0.12248,3.44022,7.5094,0
562.2,0.12247,3.44022,7.5094,0
562.3,0.12245,3.44022,7.5094,0
562.4,0.12244,3.44021,7.5094,0
562.5,0.12245,3.44021,7.5094,0
562.6,0.12247,3.44021,7.5094,0
562.7,0.12247,3.44023,7.5094,0
562.8,0.12247,3.44025,7.5094,0
562.9,0.12245,3.44025,7.5094,0
563,0.12244,3.44025,7.5094,0
563.1,0.12245,3.44025,7.5094,0
563.2,0.12246,3.44026,7.5094,0
563.3,0.12248,3.44028,7.5094,0
563.4,0.12247,3.4403,7.5094,0
563.5,0.12246,3.4403,7.5094,0
563.6,0.12244,3.44029,7.5094,0
563.7,0.12243,3.4403,7.5094,0
563.8,0.12245,3.44031,7.5094,0
563.9,0.12246,3.44033,7.5094,0
564,0.12246,3.44035,7.5094,0
564.1,0.12244,3.44037,7.5094,0
564.2,0.12242,3.44037,7.5094,0
564.3,0.12241,3.44037,7.5094,0
564.4,0.12241,3.44037,7.5094,0
564.5,0.12243,3.44039,7.5094,0
564.6,0.12244,3.44041,7.5094,0
564.7,0.12243,3.44043,7.5094,0
564.8,0.12241,3.44044,7.5094,0
564.9,0.12239,3.44043,7.5094,0
565,0.12238,3.44043,7.5094,0
565.1,0.1224,3.44044,7.5094,0
565.2,0.12241,3.44046,7.5094,0
565.3,0.12241,3.44047,7.5094,0
565.4,0.12239,3.44047,7.5094,0
565.5,0.12237,3.44046,7.5094,0
565.6,0.12235,3.44046,7.5094,0
565.7,0.12234,3.44046,7.5094,0
565.8,0.12236,3.44047,7.5094,0
565.9,0.12237,3.44049,7.5094,0
566,0.12236,3.4405,7.5094,0
566.1,0.12234,3.4405,7.5094,0
566.2,0.12233,3.44049,7.5094,0
566.3,0.12234,3.4405,7.5094,0
566.4,0.12236,3.44051,7.5094,0
566.5,0.12237,3.44053,7.5094,0
566.6,0.12238,3.44054,7.5094,0
566.7,0.12236,3.44054,7.5094,0
566.8,0.12234,3.44054,7.5094,0
566.9,0.12234,3.44054,7.5094,0
567,0.12235,3.44055,7.50941,0
567.1,0.12237,3.44057,7.5094,0
567.2,0.12236,3.44059,7.5094,0
567.3,0.12235,3.4406,7.5094,0
567.4,0.12233,3.4406,7.50941,0
567.5,0.12232,3.4406,7.50941,0
567.6,0.12233,3.4406,7.50941,0
567.7,0.12234,3.44061,7.5094,0
567.8,0.12236,3.44063,7.5094,0
567.9,0.12235,3.44064,7.5094,0
568,0.12233,3.44064,7.5094,0
568.1,0.12231,3.44064,7.50941,0
568.2,0.1223,3.44064,7.50941,0
568.3,0.12231,3.44065,7.50941,0
568.4,0.12232,3.44067,7.50941,0
568.5,0.12233,3.44069,7.50941,0
568.6,0.12231,3.44069,7.50941,0
568.7,0.12229,3.44069,7.50941,0
568.8,0.12228,3.44068,7.50941,0
568.9,0.12229,3.44068,7.50941,0
569,0.12231,3.44069,7.5094,0
569.1,0.12232,3.44071,7.5094,0
569.2,0.12231,3.44072,7.5094,0
569.3,0.12229,3.44072,7.50941,0
569.4,0.12228,3.44072,7.50941,0
569.5,0.12228,3.44072,7.50941,0
569.6,0.1223,3.44073,7.50941,0
569.7,0.12231,3.44075,7.50941,0
569.8,0.12232,3.44077,7.50941,0
569.9,0.1223,3.44077,7.50941,0
570,0.12228,3.44076,7.50941,0
570.1,0.12227,3.44077,7.50941,0
570.2,0.12228,3.44077,7.50941,0
570.3,0.12229,3.44079,7.5094,0
570.4,0.12231,3.44081,7.5094,0
570.5,0.1223,3.44082,7.5094,0
570.6,0.12228,3.44083,7.50941,0
570.7,0.12227,3.44082,7.50941,0
570.8,0.12227,3.44083,7.50941,0
570.9,0.12228,3.44084,7.50941,0
571,0.1223,3.44086,7.50941,0
571.1,0.1223,3.44088,7.50941,0
571.2,0.12228,3.44088,7.50941,0
571.3,0.12226,3.44087,7.5094,0
571.4,0.12226,3.44087,7.5094,0
571.5,0.12226,3.44089,7.5094,0
571.6,0.12228,3.44091,7.5094,0
571.7,0.12229,3.44093,7.5094,0
571.8,0.12227,3.44094,7.5094,0
571.9,0.12225,3.44094,7.5094,0
572,0.12224,3.44093,7.5094,0
572.1,0.12225,3.44093,7.5094,0
572.2,0.12226,3.44094,7.5094,0
572.3,0.12227,3.44096,7.5094,0
572.4,0.12226,3.44097,7.5094,0
572.5,0.12224,3.44097,7.5094,0
572.6,0.12223,3.44097,7.5094,0
572.7,0.12223,3.44097,7.5094,0
572.8,0.12225,3.44098,7.5094,0
572.9,0.12226,3.441,7.5094,0
573,0.12227,3.44102,7.5094,0
573.1,0.12225,3.44102,7.5094,0
573.2,0.12223,3.44101,7.5094,0
573.3,0.12223,3.44102,7.5094,0
573.4,0.12225,3.44103,7.5094,0
573.5,0.12226,3.44105,7.5094,0
573.6,0.12228,3.44107,7.5094,0
573.7,0.12227,3.44108,7.5094,0
573.8,0.12225,3.44109,7.5094,0
573.9,0.12224,3.44108,7.5094,0
574,0.12224,3.44108,7.5094,0
574.1,0.12226,3.44109,7.5094,0
574.2,0.12226,3.44111,7.5094,0
574.3,0.12227,3.44112,7.5094,0
574.4,0.12225,3.44112,7.5094,0
574.5,0.12223,3.44112,7.5094,0
574.6,0.12221,3.44112,7.5094,0
574.7,0.12223,3.44113,7.5094,0
574.8,0.12225,3.44115,7.5094,0
574.9,0.12225,3.44116,7.5094,0
575,0.12223,3.44116,7.5094,0
575.1,0.12221,3.44116,7.5094,0
575.2,0.1222,3.44115,7.5094,0
575.3,0.1222,3.44115,7.5094,0
575.4,0.12222,3.44116,7.5094,0
575.5,0.12223,3.44118,7.5094,0
575.6,0.12222,3.44119,7.5094,0
575.7,0.1222,3.44119,7.5094,0
575.8,0.12219,3.44119,7.5094,0
575.9,0.12219,3.44119,7.5094,0
576,0.1222,3.4412,7.5094,0
576.1,0.12222,3.44122,7.5094,0
576.2,0.12221,3.44123,7.5094,0
576.3,0.1222,3.44124,7.5094,0
576.4,0.12218,3.44123,7.5094,0
576.5,0.12218,3.44123,7.5094,0
576.6,0.12219,3.44124,7.5094,0
576.7,0.12221,3.44126,7.5094,0
576.8,0.12221,3.44128,7.5094,0
576.9,0.1222,3.4413,7.5094,0
577,0.12219,3.4413,7.5094,0
577.1,0.12218,3.4413,7.5094,0
577.2,0.12217,3.4413,7.5094,0
577.3,0.12219,3.44131,7.5094,0
577.4,0.1222,3.44133,7.5094,0
577.5,0.12219,3.44135,7.5094,0
577.6,0.12217,3.44135,7.5094,0
577.7,0.12216,3.44134,7.5094,0
577.8,0.12215,3.44135,7.5094,0
577.9,0.12216,3.44136,7.5094,0
578,0.12217,3.44138,7.5094,0
578.1,0.12218,3.4414,7.5094,0
578.2,0.12216,3.4414,7.5094,0
578.3,0.12215,3.4414,7.5094,0
578.4,0.12214,3.4414,7.5094,0
578.5,0.12215,3.44139,7.5094,0
578.6,0.12216,3.44141,7.5094,0
578.7,0.12218,3.44143,7.5094,0
578.8,0.12217,3.44144,7.5094,0
578.9,0.12215,3.44145,7.5094,0
579,0.12214,3.44144,7.5094,0
579.1,0.12215,3.44144,7.5094,0
579.2,0.12216,3.44146,7.5094,0
579.3,0.12218,3.44148,7.5094,0
579.4,0.12218,3.4415,7.5094,0
579.5,0.12217,3.44151,7.5094,0
579.6,0.12215,3.4415,7.5094,0
579.7,0.12213,3.44151,7.5094,0
579.8,0.12214,3.44151,7.5094,0
579.9,0.12215,3.44153,7.5094,0
580,0.12217,3.44155,7.5094,0
580.1,0.12216,3.44157,7.5094,0
580.2,0.12214,3.44158,7.5094,0
580.3,0.12213,3.44157,7.5094,0
580.4,0.12214,3.44158,7.5094,0
580.5,0.12216,3.44159,7.5094,0
580.6,0.12217,3.44161,7.5094,0
580.7,0.12217,3.44163,7.5094,0
580.8,0.12216,3.44164,7.5094,0
580.9,0.12214,3.44164,7.5094,0
581,0.12214,3.44164,7.5094,0
581.1,0.12216,3.44165,7.5094,0
581.2,0.12218,3.44168,7.5094,0
581.3,0.12217,3.4417,7.5094,0
581.4,0.12216,3.44171,7.5094,0
581.5,0.12214,3.44171,7.5094,0
581.6,0.12212,3.4417,7.5094,0
581.7,0.12212,3.4417,7.5094,0
581.8,0.12214,3.44171,7.5094,0
581.9,0.12215,3.44173,7.5094,0
582,0.12214,3.44175,7.5094,0
582.1,0.12212,3.44175,7.5094,0
582.2,0.12211,3.44175,7.5094,0
582.3,0.12212,3.44175,7.5094,0
582.4,0.12213,3.44177,7.5094,0
582.5,0.12215,3.44179,7.5094,0
582.6,0.12215,3.44181,7.5094,0
582.7,0.12213,3.44181,7.5094,0
582.8,0.12211,3.44181,7.5094,0
582.9,0.1221,3.44181,7.5094,0
583,0.12211,3.44182,7.5094,0
583.1,0.12213,3.44184,7.5094,0
583.2,0.12214,3.44187,7.5094,0
583.3,0.12213,3.44189,7.5094,0
583.4,0.12211,3.44189,7.5094,0
583.5,0.1221,3.44189,7.5094,0
583.6,0.12211,3.44189,7.5094,0
583.7,0.12212,3.4419,7.50941,0
583.8,0.12214,3.44193,7.5094,0
583.9,0.12213,3.44194,7.5094,0
584,0.12212,3.44195,7.5094,0
584.1,0.1221,3.44194,7.5094,0
584.2,0.12209,3.44195,7.5094,0
584.3,0.1221,3.44196,7.50941,0
584.4,0.12212,3.44199,7.50941,0
584.5,0.12212,3.442,7.5094,0
584.6,0.1221,3.44201,7.50941,0
584.7,0.12209,3.442,7.50941,0
584.8,0.12208,3.442,7.50941,0
584.9,0.12208,3.442,7.50941,0
585,0.12208,3.44201,7.50941,0
585.1,0.12209,3.44203,7.5094,0
585.2,0.12209,3.44205,7.5094,0
585.3,0.12207,3.44206,7.5094,0
585.4,0.12206,3.44205,7.50941,0
585.5,0.12207,3.44206,7.50941,0
585.6,0.12209,3.44207,7.50941,0
585.7,0.1221,3.44209,7.50941,0
585.8,0.12211,3.44211,7.50941,0
585.9,0.12209,3.44211,7.50941,0
586,0.12207,3.44211,7.50941,0
586.1,0.12207,3.44212,7.50941,0
586.2,0.12209,3.44213,7.50941,0
586.3,0.12211,3.44216,7.50941,0
586.4,0.12212,3.44218,7.50941,0
586.5,0.12212,3.4422,7.50941,0
586.6,0.1221,3.44221,7.50941,0
586.7,0.12209,3.44221,7.50941,0
586.8,0.12209,3.44221,7.50941,0
586.9,0.12211,3.44223,7.50941,0
587,0.12212,3.44225,7.50941,0
587.1,0.12211,3.44227,7.50941,0
587.2,0.1221,3.44228,7.50941,0
587.3,0.12208,3.44228,7.50941,0
587.4,0.12208,3.44228,7.50941,0
587.5,0.1221,3.4423,7.50941,0
587.6,0.12211,3.44233,7.50941,0
587.7,0.12212,3.44234,7.50941,0
587.8,0.1221,3.44235,7.50941,0
587.9,0.12208,3.44235,7.5094,0
588,0.12207,3.44235,7.50941,0
588.1,0.12208,3.44235,7.50941,0
588.2,0.1221,3.44236,7.50941,0
588.3,0.1221,3.44239,7.5094,0
588.4,0.1221,3.4424,7.5094,0
588.5,0.12208,3.44241,7.5094,0
588.6,0.12206,3.44241,7.5094,0
588.7,0.12206,3.44241,7.5094,0
588.8,0.12207,3.44243,7.5094,0
588.9,0.12209,3.44245,7.5094,0
589,0.1221,3.44247,7.5094,0
589.1,0.12208,3.44248,7.5094,0
589.2,0.12206,3.44248,7.5094,0
589.3,0.12205,3.44248,7.5094,0
589.4,0.12207,3.44249,7.5094,0
589.5,0.12209,3.44251,7.5094,0
589.6,0.12209,3.44254,7.5094,0
589.7,0.12209,3.44256,7.5094,0
589.8,0.12207,3.44256,7.5094,0
589.9,0.12206,3.44256,7.5094,0
590,0.12206,3.44257,7.5094,0
590.1,0.12208,3.44258,7.5094,0
590.2,0.12209,3.4426,7.5094,0
590.3,0.1221,3.44262,7.5094,0
590.4,0.12208,3.44262,7.5094,0
590.5,0.12206,3.44262,7.5094,0
590.6,0.12206,3.44263,7.5094,0
590.7,0.12208,3.44265,7.5094,0
590.8,0.1221,3.44267,7.5094,0
590.9,0.1221,3.44269,7.5094,0
591,0.12209,3.4427,7.5094,0
591.1,0.12207,3.4427,7.5094,0
591.2,0.12206,3.4427,7.5094,0
591.3,0.12207,3.4427,7.5094,0
591.4,0.12208,3.44272,7.5094,0
591.5,0.12209,3.44274,7.5094,0
591.6,0.12208,3.44276,7.5094,0
591.7,0.12207,3.44276,7.5094,0
591.8,0.12205,3.44276,7.5094,0
591.9,0.12204,3.44277,7.5094,0
592,0.12206,3.44278,7.5094,0
592.1,0.12208,3.4428,7.5094,0
592.2,0.12209,3.44282,7.5094,0
592.3,0.12207,3.44283,7.5094,0
592.4,0.12205,3.44282,7.5094,0
592.5,0.12205,3.44283,7.5094,0
592.6,0.12206,3.44285,7.5094,0
592.7,0.12207,3.44287,7.5094,0
592.8,0.12209,3.44289,7.5094,0
592.9,0.12209,3.44291,7.5094,0
593,0.12207,3.44292,7.5094,0
593.1,0.12206,3.44292,7.5094,0
593.2,0.12206,3.44292,7.5094,0
593.3,0.12208,3.44294,7.5094,0
593.4,0.12209,3.44296,7.5094,0
593.5,0.12209,3.44299,7.5094,0
593.6,0.12208,3.44299,7.5094,0
593.7,0.12206,3.44299,7.5094,0
593.8,0.12206,3.44299,7.5094,0
593.9,0.12208,3.44301,7.5094,0
594,0.12209,3.44303,7.5094,0
594.1,0.12209,3.44305,7.5094,0
594.2,0.12208,3.44305,7.5094,0
594.3,0.12206,3.44305,7.5094,0
594.4,0.12205,3.44305,7.5094,0
594.5,0.12205,3.44305,7.5094,0
594.6,0.12207,3.44307,7.5094,0
594.7,0.12209,3.44309,7.5094,0
594.8,0.12208,3.44311,7.5094,0
594.9,0.12206,3.44311,7.5094,0
595,0.12205,3.44311,7.5094,0
595.1,0.12205,3.44312,7.5094,0
595.2,0.12206,3.44313,7.5094,0
595.3,0.12208,3.44316,7.5094,0
595.4,0.12209,3.44317,7.5094,0
595.5,0.12207,3.44318,7.5094,0
595.6,0.12205,3.44318,7.5094,0
595.7,0.12205,3.44318,7.5094,0
595.8,0.12206,3.4432,7.5094,0
595.9,0.12208,3.44322,7.5094,0
596,0.12209,3.44325,7.5094,0
596.1,0.12208,3.44327,7.5094,0
596.2,0.12206,3.44327,7.5094,0
596.3,0.12206,3.44327,7.5094,0
596.4,0.12206,3.44328,7.5094,0
596.5,0.12207,3.44329,7.5094,0
596.6,0.12209,3.44332,7.5094,0
596.7,0.12209,3.44333,7.5094,0
596.8,0.12207,3.44335,7.5094,0
596.9,0.12205,3.44334,7.5094,0
597,0.12205,3.44335,7.5094,0
597.1,0.12206,3.44337,7.5094,0
597.2,0.12208,3.44339,7.5094,0
597.3,0.12208,3.44341,7.5094,0
597.4,0.12206,3.44342,7.5094,0
597.5,0.12205,3.44342,7.5094,0
597.6,0.12204,3.44341,7.5094,0
597.7,0.12204,3.44341,7.5094,0
597.8,0.12206,3.44343,7.5094,0
597.9,0.12207,3.44345,7.5094,0
598,0.12207,3.44347,7.5094,0
598.1,0.12205,3.44347,7.5094,0
598.2,0.12203,3.44347,7.5094,0
598.3,0.12204,3.44347,7.5094,0
598.4,0.12205,3.44349,7.5094,0
598.5,0.12207,3.44351,7.5094,0
598.6,0.12208,3.44353,7.5094,0
598.7,0.12206,3.44353,7.5094,0
598.8,0.12205,3.44353,7.5094,0
598.9,0.12204,3.44353,7.5094,0
599,0.12206,3.44354,7.5094,0
599.1,0.12207,3.44356,7.5094,0
599.2,0.12209,3.44358,7.5094,0
599.3,0.12209,3.4436,7.5094,0
599.4,0.12207,3.44361,7.5094,0
599.5,0.12206,3.44361,7.5094,0
599.6,0.12206,3.44361,7.5094,0
599.7,0.12208,3.44362,7.5094,0
599.8,0.1221,3.44365,7.5094,0
599.9,0.12211,3.44366,7.5094,0
600,0.12209,3.44367,7.5094,0
600.1,0.12208,3.44366,7.5094,0
600.2,0.12208,3.44367,7.5094,0
600.3,0.12209,3.44368,7.5094,0
600.4,0.12211,3.44371,7.5094,0
600.5,0.12211,3.44373,7.5094,0
600.6,0.1221,3.44374,7.5094,0
600.7,0.12208,3.44374,7.5094,0
600.8,0.12207,3.44374,7.5094,0
600.9,0.12208,3.44374,7.5094,0
601,0.12209,3.44374,7.5094,0
601.1,0.12211,3.44376,7.5094,0
601.2,0.1221,3.44379,7.5094,0
601.3,0.12209,3.44379,7.5094,0
601.4,0.12207,3.44379,7.5094,0
601.5,0.12207,3.44379,7.5094,0
601.6,0.12209,3.44381,7.5094,0
601.7,0.12211,3.44383,7.5094,0
601.8,0.12211,3.44385,7.5094,0
601.9,0.12209,3.44386,7.5094,0
602,0.12208,3.44386,7.5094,0
602.1,0.12207,3.44386,7.5094,0
602.2,0.12208,3.44388,7.5094,0
602.3,0.1221,3.4439,7.5094,0
602.4,0.12211,3.44392,7.5094,0
602.5,0.1221,3.44394,7.5094,0
602.6,0.12209,3.44395,7.5094,0
602.7,0.12208,3.44395,7.5094,0
602.8,0.12209,3.44395,7.5094,0
602.9,0.12211,3.44396,7.5094,0
603,0.12213,3.44399,7.5094,0
603.1,0.12213,3.444,7.5094,0
603.2,0.12211,3.44401,7.5094,0
603.3,0.12209,3.44401,7.5094,0
603.4,0.12209,3.44401,7.5094,0
603.5,0.12211,3.44403,7.5094,0
603.6,0.12212,3.44405,7.5094,0
603.7,0.12213,3.44406,7.50941,0
603.8,0.12212,3.44407,7.5094,0
603.9,0.1221,3.44407,7.5094,0
604,0.12209,3.44406,7.5094,0
604.1,0.1221,3.44407,7.50941,0
604.2,0.12211,3.44408,7.50941,0
604.3,0.12212,3.4441,7.50941,0
604.4,0.12212,3.44412,7.5094,0
604.5,0.1221,3.44412,7.5094,0
604.6,0.12208,3.44412,7.5094,0
604.7,0.12208,3.44412,7.50941,0
604.8,0.1221,3.44414,7.50941,0
604.9,0.12211,3.44416,7.50941,0
605,0.12212,3.44418,7.50941,0
605.1,0.1221,3.44419,7.50941,0
605.2,0.12208,3.44419,7.50941,0
605.3,0.12208,3.44419,7.50941,0
605.4,0.1221,3.4442,7.50941,0
605.5,0.12212,3.44423,7.50941,0
605.6,0.12213,3.44425,7.50941,0
605.7,0.12213,3.44427,7.5094,0
605.8,0.12211,3.44428,7.5094,0
605.9,0.1221,3.44428,7.5094,0
606,0.12211,3.44429,7.50941,0
606.1,0.12213,3.44431,7.50941,0
606.2,0.12215,3.44433,7.50941,0
606.3,0.12215,3.44435,7.5094,0
606.4,0.12213,3.44435,7.5094,0
606.5,0.12212,3.44435,7.5094,0
606.6,0.12212,3.44436,7.5094,0
606.7,0.12214,3.44437,7.5094,0
606.8,0.12215,3.4444,7.5094,0
606.9,0.12216,3.44442,7.5094,0
607,0.12215,3.44442,7.5094,0
607.1,0.12213,3.44442,7.5094,0
607.2,0.12212,3.44442,7.5094,0
607.3,0.12213,3.44442,7.5094,0
607.4,0.12214,3.44444,7.5094,0
607.5,0.12215,3.44446,7.5094,0
607.6,0.12215,3.44448,7.5094,0
607.7,0.12214,3.44449,7.5094,0
607.8,0.12212,3.44449,7.5094,0
607.9,0.12211,3.44449,7.5094,0
608,0.12213,3.4445,7.5094,0
608.1,0.12215,3.44453,7.5094,0
608.2,0.12215,3.44455,7.5094,0
608.3,0.12213,3.44455,7.5094,0
608.4,0.12212,3.44456,7.5094,0
608.5,0.12211,3.44456,7.5094,0
608.6,0.12213,3.44457,7.5094,0
608.7,0.12215,3.44459,7.5094,0
608.8,0.12216,3.44462,7.5094,0
608.9,0.12215,3.44464,7.5094,0
609,0.12215,3.44465,7.5094,0
609.1,0.12214,3.44465,7.5094,0
609.2,0.12214,3.44465,7.5094,0
609.3,0.12215,3.44467,7.5094,0
609.4,0.12217,3.4447,7.5094,0
609.5,0.12218,3.44471,7.5094,0
609.6,0.12217,3.44472,7.5094,0
609.7,0.12215,3.44472,7.5094,0
609.8,0.12214,3.44473,7.5094,0
609.9,0.12216,3.44474,7.5094,0
610,0.12218,3.44477,7.5094,0
610.1,0.12218,3.4448,7.5094,0
610.2,0.12217,3.44481,7.5094,0
610.3,0.12215,3.44481,7.5094,0
610.4,0.12214,3.44481,7.5094,0
610.5,0.12215,3.44482,7.5094,0
610.6,0.12217,3.44483,7.5094,0
610.7,0.12218,3.44486,7.5094,0
610.8,0.12217,3.44488,7.5094,0
610.9,0.12216,3.44489,7.5094,0
611,0.12214,3.44489,7.5094,0
611.1,0.12214,3.4449,7.5094,0
611.2,0.12216,3.44492,7.5094,0
611.3,0.12218,3.44495,7.5094,0
611.4,0.12218,3.44497,7.5094,0
611.5,0.12216,3.44497,7.5094,0
611.6,0.12215,3.44497,7.5094,0
611.7,0.12214,3.44498,7.5094,0
611.8,0.12215,3.445,7.5094,0
611.9,0.12217,3.44503,7.5094,0
612,0.12218,3.44506,7.5094,0
612.1,0.12218,3.44508,7.5094,0
612.2,0.12217,3.44509,7.5094,0
612.3,0.12216,3.44509,7.5094,0
612.4,0.12216,3.4451,7.5094,0
612.5,0.12218,3.44512,7.5094,0
612.6,0.1222,3.44514,7.5094,0
612.7,0.1222,3.44516,7.5094,0
612.8,0.12219,3.44517,7.5094,0
612.9,0.12217,3.44518,7.5094,0
613,0.12217,3.44518,7.5094,0
613.1,0.12219,3.4452,7.5094,0
613.2,0.12221,3.44523,7.5094,0
613.3,0.12221,3.44525,7.5094,0
613.4,0.12219,3.44526,7.5094,0
613.5,0.12218,3.44526,7.5094,0
613.6,0.12217,3.44526,7.5094,0
613.7,0.12217,3.44527,7.5094,0
613.8,0.12219,3.44529,7.5094,0
613.9,0.1222,3.44531,7.5094,0
614,0.12219,3.44534,7.5094,0
614.1,0.12218,3.44534,7.5094,0
614.2,0.12216,3.44535,7.5094,0
614.3,0.12216,3.44535,7.5094,0
614.4,0.12218,3.44538,7.5094,0
614.5,0.1222,3.44541,7.5094,0
614.6,0.12221,3.44543,7.5094,0
614.7,0.12219,3.44544,7.5094,0
614.8,0.12218,3.44544,7.5094,0
614.9,0.12218,3.44545,7.5094,0
615,0.12219,3.44547,7.5094,0
615.1,0.12221,3.4455,7.5094,0
615.2,0.12222,3.44552,7.5094,0
615.3,0.12222,3.44555,7.5094,0
615.4,0.12221,3.44556,7.5094,0
615.5,0.1222,3.44556,7.5094,0
615.6,0.1222,3.44557,7.5094,0
615.7,0.12222,3.44559,7.5094,0
615.8,0.12223,3.44561,7.5094,0
615.9,0.12224,3.44563,7.5094,0
616,0.12222,3.44564,7.5094,0
616.1,0.12221,3.44564,7.5094,0
616.2,0.1222,3.44565,7.5094,0
616.3,0.12221,3.44566,7.5094,0
616.4,0.12223,3.44569,7.5094,0
616.5,0.12224,3.44571,7.5094,0
616.6,0.12222,3.44571,7.5094,0
616.7,0.12221,3.44571,7.5094,0
616.8,0.1222,3.44571,7.5094,0
616.9,0.1222,3.44572,7.5094,0
617,0.12222,3.44573,7.5094,0
617.1,0.12224,3.44575,7.5094,0
617.2,0.12225,3.44577,7.5094,0
617.3,0.12223,3.44579,7.5094,0
617.4,0.12222,3.44579,7.5094,0
617.5,0.12221,3.44579,7.5094,0
617.6,0.12223,3.44581,7.5094,0
617.7,0.12225,3.44584,7.5094,0
617.8,0.12225,3.44586,7.5094,0
617.9,0.12224,3.44587,7.5094,0
618,0.12222,3.44587,7.5094,0
618.1,0.12222,3.44588,7.5094,0
618.2,0.12224,3.44589,7.5094,0
618.3,0.12226,3.44591,7.5094,0
618.4,0.12227,3.44594,7.5094,0
618.5,0.12227,3.44596,7.5094,0
618.6,0.12226,3.44597,7.5094,0
618.7,0.12225,3.44597,7.5094,0
618.8,0.12225,3.44597,7.5094,0
618.9,0.12227,3.44599,7.5094,0
619,0.12229,3.44602,7.5094,0
619.1,0.1223,3.44604,7.5094,0
619.2,0.12228,3.44605,7.5094,0
619.3,0.12226,3.44605,7.5094,0
619.4,0.12227,3.44606,7.5094,0
619.5,0.12228,3.44608,7.5094,0
619.6,0.1223,3.4461,7.5094,0
619.7,0.1223,3.44613,7.5094,0
619.8,0.12229,3.44614,7.5094,0
619.9,0.12227,3.44614,7.5094,0
620,0.12226,3.44614,7.5094,0
620.1,0.12226,3.44614,7.5094,0
620.2,0.12228,3.44616,7.5094,0
620.3,0.1223,3.44618,7.5094,0
620.4,0.12229,3.4462,7.5094,0
620.5,0.12228,3.44621,7.5094,0
620.6,0.12226,3.44621,7.5094,0
620.7,0.12226,3.44622,7.5094,0
620.8,0.12228,3.44624,7.5094,0
620.9,0.12229,3.44626,7.5094,0
621,0.1223,3.44629,7.5094,0
621.1,0.12229,3.44629,7.5094,0
621.2,0.12227,3.44629,7.5094,0
621.3,0.12226,3.4463,7.5094,0
621.4,0.12227,3.44632,7.5094,0
621.5,0.12229,3.44634,7.5094,0
621.6,0.1223,3.44637,7.5094,0
621.7,0.1223,3.44639,7.5094,0
621.8,0.12229,3.4464,7.5094,0
621.9,0.12228,3.4464,7.5094,0
622,0.12228,3.44641,7.5094,0
622.1,0.1223,3.44643,7.5094,0
622.2,0.12232,3.44645,7.5094,0
622.3,0.12232,3.44647,7.5094,0
622.4,0.1223,3.44648,7.5094,0
622.5,0.12229,3.44648,7.5094,0
622.6,0.12228,3.44649,7.5094,0
622.7,0.1223,3.4465,7.5094,0
622.8,0.12231,3.44653,7.5094,0
622.9,0.12232,3.44655,7.5094,0
623,0.1223,3.44655,7.5094,0
623.1,0.12228,3.44655,7.5094,0
623.2,0.12228,3.44655,7.5094,0
623.3,0.12228,3.44655,7.5094,0
623.4,0.12229,3.44657,7.5094,0
623.5,0.12231,3.44659,7.5094,0
623.6,0.1223,3.44661,7.5094,0
623.7,0.12229,3.44662,7.5094,0
623.8,0.12227,3.44662,7.5094,0
623.9,0.12227,3.44662,7.5094,0
624,0.12229,3.44664,7.5094,0
624.1,0.1223,3.44666,7.5094,0
624.2,0.1223,3.44668,7.5094,0
624.3,0.12229,3.44669,7.5094,0
624.4,0.12227,3.44669,7.5094,0
624.5,0.12227,3.4467,7.5094,0
624.6,0.12229,3.44672,7.5094,0
624.7,0.1223,3.44674,7.5094,0
624.8,0.12231,3.44677,7.5094,0
624.9,0.12231,3.44679,7.5094,0
625,0.1223,3.4468,7.5094,0
625.1,0.12229,3.4468,7.5094,0
625.2,0.1223,3.4468,7.5094,0
625.3,0.12231,3.44681,7.5094,0
625.4,0.12233,3.44683,7.5094,0
625.5,0.12234,3.44686,7.5094,0
625.6,0.12232,3.44687,7.5094,0
625.7,0.1223,3.44686,7.5094,0
625.8,0.12231,3.44687,7.5094,0
625.9,0.12232,3.44688,7.5094,0
626,0.12234,3.44691,7.5094,0
626.1,0.12235,3.44692,7.5094,0
626.2,0.12234,3.44693,7.5094,0
626.3,0.12232,3.44693,7.5094,0
626.4,0.12231,3.44693,7.5094,0
626.5,0.12231,3.44693,7.5094,0
626.6,0.12233,3.44694,7.5094,0
626.7,0.12235,3.44697,7.5094,0
626.8,0.12235,3.44698,7.5094,0
626.9,0.12233,3.44699,7.5094,0
627,0.12231,3.44698,7.5094,0
627.1,0.12231,3.44699,7.5094,0
627.2,0.12233,3.44701,7.5094,0
627.3,0.12234,3.44703,7.5094,0
627.4,0.12234,3.44705,7.5094,0
627.5,0.12233,3.44705,7.5094,0
627.6,0.12231,3.44705,7.5094,0
627.7,0.12231,3.44706,7.5094,0
627.8,0.12233,3.44707,7.5094,0
627.9,0.12235,3.44709,7.5094,0
628,0.12236,3.44712,7.5094,0
628.1,0.12237,3.44714,7.5094,0
628.2,0.12235,3.44715,7.5094,0
628.3,0.12234,3.44715,7.5094,0
628.4,0.12235,3.44715,7.5094,0
628.5,0.12237,3.44717,7.5094,0
628.6,0.12239,3.44719,7.5094,0
628.7,0.12239,3.44721,7.5094,0
628.8,0.12238,3.44722,7.5094,0
628.9,0.12236,3.44722,7.5094,0
629,0.12236,3.44722,7.5094,0
629.1,0.12237,3.44724,7.5094,0
629.2,0.12239,3.44727,7.5094,0
629.3,0.1224,3.44729,7.5094,0
629.4,0.12238,3.44731,7.5094,0
629.5,0.12237,3.44731,7.5094,0
629.6,0.12236,3.4473,7.5094,0
629.7,0.12236,3.44731,7.5094,0
629.8,0.12238,3.44732,7.5094,0
629.9,0.1224,3.44735,7.5094,0
630,0.12239,3.44736,7.5094,0
630.1,0.12237,3.44737,7.5094,0
630.2,0.12236,3.44737,7.5094,0
630.3,0.12235,3.44738,7.5094,0
630.4,0.12236,3.44739,7.5094,0
630.5,0.12238,3.44741,7.5094,0
630.6,0.12239,3.44743,7.5094,0
630.7,0.12238,3.44744,7.5094,0
630.8,0.12236,3.44744,7.5094,0
630.9,0.12235,3.44744,7.5094,0
631,0.12235,3.44745,7.5094,0
631.1,0.12236,3.44748,7.5094,0
631.2,0.12237,3.4475,7.5094,0
631.3,0.12237,3.44753,7.5094,0
631.4,0.12236,3.44754,7.5094,0
631.5,0.12235,3.44753,7.5094,0
631.6,0.12236,3.44754,7.5094,0
631.7,0.12237,3.44756,7.5094,0
631.8,0.12239,3.44758,7.5094,0
631.9,0.1224,3.4476,7.5094,0
632,0.12238,3.44761,7.5094,0
632.1,0.12236,3.4476,7.5094,0
632.2,0.12237,3.44761,7.5094,0
632.3,0.12238,3.44762,7.5094,0
632.4,0.1224,3.44765,7.5094,0
632.5,0.12241,3.44767,7.5094,0
632.6,0.12239,3.44767,7.5094,0
632.7,0.12238,3.44767,7.5094,0
632.8,0.12237,3.44767,7.5094,0
632.9,0.12237,3.44767,7.5094,0
633,0.12238,3.44768,7.5094,0
633.1,0.1224,3.4477,7.5094,0
633.2,0.12239,3.44772,7.5094,0
633.3,0.12238,3.44773,7.5094,0
633.4,0.12236,3.44773,7.5094,0
633.5,0.12235,3.44773,7.5094,0
633.6,0.12237,3.44775,7.5094,0
633.7,0.12239,3.44777,7.5094,0
633.8,0.12239,3.44779,7.5094,0
633.9,0.12237,3.44779,7.5094,0
634,0.12236,3.44779,7.5094,0
634.1,0.12235,3.4478,7.5094,0
634.2,0.12237,3.44781,7.5094,0
634.3,0.12238,3.44784,7.5094,0
634.4,0.12239,3.44786,7.5094,0
634.5,0.12239,3.44788,7.5094,0
634.6,0.12237,3.44789,7.5094,0
634.7,0.12236,3.44789,7.5094,0
634.8,0.12236,3.4479,7.5094,0
634.9,0.12238,3.44791,7.5094,0
635,0.1224,3.44792,7.5094,0
635.1,0.1224,3.44794,7.5094,0
635.2,0.12238,3.44795,7.5094,0
635.3,0.12237,3.44795,7.5094,0
635.4,0.12237,3.44795,7.5094,0
635.5,0.12238,3.44797,7.5094,0
635.6,0.1224,3.44799,7.5094,0
635.7,0.1224,3.44801,7.5094,0
635.8,0.12239,3.44801,7.5094,0
635.9,0.12237,3.44801,7.5094,0
636,0.12236,3.44801,7.5094,0
636.1,0.12237,3.44801,7.5094,0
636.2,0.12239,3.44802,7.5094,0
636.3,0.12241,3.44804,7.5094,0
636.4,0.12241,3.44806,7.5094,0
636.5,0.12239,3.44807,7.5094,0
636.6,0.12237,3.44806,7.5094,0
636.7,0.12237,3.44807,7.5094,0
636.8,0.12238,3.44808,7.5094,0
636.9,0.1224,3.4481,7.5094,0
637,0.12241,3.44812,7.5094,0
637.1,0.12239,3.44812,7.5094,0
637.2,0.12237,3.44811,7.5094,0
637.3,0.12237,3.44812,7.5094,0
637.4,0.12239,3.44812,7.5094,0
637.5,0.1224,3.44814,7.5094,0
637.6,0.12241,3.44816,7.5094,0
637.7,0.12241,3.44818,7.5094,0
637.8,0.1224,3.44818,7.5094,0
637.9,0.12239,3.44818,7.5094,0
638,0.1224,3.44818,7.5094,0
638.1,0.12241,3.44819,7.5094,0
638.2,0.12243,3.44821,7.5094,0
638.3,0.12244,3.44822,7.5094,0
638.4,0.12242,3.44822,7.5094,0
638.5,0.1224,3.44821,7.5094,0
638.6,0.1224,3.44822,7.5094,0
638.7,0.12242,3.44823,7.5094,0
638.8,0.12244,3.44825,7.5094,0
638.9,0.12245,3.44827,7.5094,0
639,0.12243,3.44828,7.5094,0
639.1,0.12242,3.44827,7.5094,0
639.2,0.12241,3.44826,7.5094,0
639.3,0.12241,3.44826,7.5094,0
639.4,0.12243,3.44826,7.5094,0
639.5,0.12244,3.44828,7.5094,0
639.6,0.12243,3.4483,7.5094,0
639.7,0.12242,3.4483,7.5094,0
639.8,0.1224,3.4483,7.5094,0
639.9,0.12239,3.4483,7.5094,0
640,0.1224,3.44831,7.5094,0
640.1,0.12242,3.44833,7.5094,0
640.2,0.12243,3.44834,7.5094,0
640.3,0.12241,3.44834,7.5094,0
640.4,0.12239,3.44833,7.5094,0
640.5,0.12238,3.44833,7.5094,0
640.6,0.12239,3.44835,7.5094,0
640.7,0.1224,3.44837,7.5094,0
640.8,0.12242,3.44839,7.5094,0
640.9,0.12242,3.44841,7.5094,0
641,0.12241,3.44841,7.5094,0
641.1,0.1224,3.44841,7.5094,0
641.2,0.1224,3.44841,7.5094,0
641.3,0.12242,3.44842,7.5094,0
641.4,0.12243,3.44844,7.5094,0
641.5,0.12244,3.44847,7.5094,0
641.6,0.12242,3.44847,7.5094,0
641.7,0.1224,3.44846,7.5094,0
641.8,0.1224,3.44846,7.5094,0
641.9,0.12241,3.44848,7.5094,0
642,0.12243,3.4485,7.5094,0
642.1,0.12243,3.44852,7.5094,0
642.2,0.12241,3.44852,7.5094,0
642.3,0.1224,3.44851,7.5094,0
642.4,0.12239,3.44851,7.5094,0
642.5,0.12239,3.4485,7.5094,0
642.6,0.1224,3.44851,7.5094,0
642.7,0.12242,3.44853,7.5094,0
642.8,0.12241,3.44855,7.5094,0
642.9,0.12239,3.44855,7.5094,0
643,0.12238,3.44855,7.5094,0
643.1,0.12237,3.44855,7.5094,0
643.2,0.12238,3.44857,7.5094,0
643.3,0.1224,3.44859,7.5094,0
643.4,0.1224,3.4486,7.5094,0
643.5,0.12238,3.4486,7.5094,0
643.6,0.12236,3.44859,7.5094,0
643.7,0.12236,3.44859,7.5094,0
643.8,0.12237,3.44861,7.5094,0
643.9,0.12238,3.44863,7.5094,0
644,0.1224,3.44865,7.5094,0
644.1,0.12239,3.44866,7.5094,0
644.2,0.12238,3.44867,7.5094,0
644.3,0.12237,3.44867,7.5094,0
644.4,0.12237,3.44867,7.5094,0
644.5,0.12238,3.44867,7.5094,0
644.6,0.12239,3.44869,7.5094,0
644.7,0.1224,3.44871,7.5094,0
644.8,0.12238,3.44871,7.5094,0
644.9,0.12236,3.4487,7.5094,0
645,0.12236,3.4487,7.5094,0
645.1,0.12238,3.44872,7.5094,0
645.2,0.12239,3.44874,7.5094,0
645.3,0.1224,3.44875,7.5094,0
645.4,0.12239,3.44875,7.5094,0
645.5,0.12237,3.44874,7.5094,0
645.6,0.12236,3.44874,7.5094,0
645.7,0.12236,3.44874,7.5094,0
645.8,0.12238,3.44875,7.5094,0
645.9,0.12239,3.44877,7.5094,0
646,0.1224,3.44878,7.5094,0
646.1,0.12238,3.44878,7.5094,0
646.2,0.12236,3.44877,7.5094,0
646.3,0.12235,3.44877,7.5094,0
646.4,0.12236,3.44878,7.5094,0
646.5,0.12237,3.4488,7.5094,0
646.6,0.12238,3.44881,7.5094,0
646.7,0.12236,3.44881,7.5094,0
646.8,0.12234,3.44881,7.5094,0
646.9,0.12233,3.44881,7.5094,0
647,0.12234,3.44881,7.5094,0
647.1,0.12235,3.44882,7.5094,0
647.2,0.12236,3.44884,7.5094,0
647.3,0.12235,3.44886,7.5094,0
647.4,0.12233,3.44886,7.5094,0
647.5,0.12232,3.44886,7.5094,0
647.6,0.12233,3.44886,7.5094,0
647.7,0.12234,3.44887,7.5094,0
647.8,0.12236,3.44889,7.5094,0
647.9,0.12237,3.4489,7.5094,0
648,0.12235,3.4489,7.5094,0
648.1,0.12233,3.44889,7.5094,0
648.2,0.12232,3.44889,7.5094,0
648.3,0.12234,3.44891,7.5094,0
648.4,0.12235,3.44893,7.5094,0
648.5,0.12237,3.44895,7.5094,0
648.6,0.12236,3.44895,7.5094,0
648.7,0.12234,3.44895,7.5094,0
648.8,0.12233,3.44894,7.5094,0
648.9,0.12233,3.44893,7.5094,0
649,0.12234,3.44894,7.5094,0
649.1,0.12235,3.44896,7.5094,0
649.2,0.12234,3.44897,7.5094,0
649.3,0.12233,3.44897,7.5094,0
649.4,0.12231,3.44896,7.5094,0
649.5,0.1223,3.44896,7.5094,0
649.6,0.12232,3.44898,7.5094,0
649.7,0.12233,3.44899,7.5094,0
649.8,0.12233,3.44901,7.5094,0
649.9,0.12231,3.449,7.5094,0
650,0.1223,3.449,7.5094,0
650.1,0.12229,3.449,7.5094,0
650.2,0.12229,3.44901,7.5094,0
650.3,0.1223,3.44903,7.5094,0
650.4,0.12232,3.44905,7.5094,0
650.5,0.12231,3.44906,7.5094,0
650.6,0.12229,3.44907,7.5094,0
650.7,0.12228,3.44906,7.5094,0
650.8,0.12228,3.44906,7.5094,0
650.9,0.12229,3.44907,7.5094,0
651,0.12231,3.44909,7.5094,0
651.1,0.12231,3.4491,7.5094,0
651.2,0.12229,3.4491,7.5094,0
651.3,0.12228,3.4491,7.5094,0
651.4,0.12227,3.4491,7.5094,0
651.5,0.12229,3.44911,7.5094,0
651.6,0.12231,3.44913,7.5094,0
651.7,0.12231,3.44914,7.5094,0
651.8,0.1223,3.44914,7.5094,0
651.9,0.12229,3.44913,7.5094,0
652,0.12228,3.44912,7.5094,0
652.1,0.12228,3.44912,7.5094,0
652.2,0.1223,3.44913,7.5094,0
652.3,0.12231,3.44914,7.5094,0
652.4,0.1223,3.44916,7.5094,0
652.5,0.12228,3.44915,7.5094,0
652.6,0.12227,3.44915,7.5094,0
652.7,0.12226,3.44914,7.5094,0
652.8,0.12227,3.44916,7.5094,0
652.9,0.12229,3.44917,7.5094,0
653,0.1223,3.44919,7.5094,0
653.1,0.12228,3.44918,7.5094,0
653.2,0.12226,3.44918,7.5094,0
653.3,0.12226,3.44918,7.5094,0
653.4,0.12226,3.44919,7.5094,0
653.5,0.12228,3.44921,7.5094,0
653.6,0.12229,3.44922,7.5094,0
653.7,0.12228,3.44924,7.5094,0
653.8,0.12226,3.44924,7.5094,0
653.9,0.12225,3.44923,7.5094,0
654,0.12226,3.44923,7.5094,0
654.1,0.12227,3.44925,7.5094,0
654.2,0.12229,3.44926,7.5094,0
654.3,0.1223,3.44928,7.5094,0
654.4,0.12228,3.44927,7.5094,0
654.5,0.12226,3.44927,7.5094,0
654.6,0.12225,3.44927,7.5094,0
654.7,0.12227,3.44927,7.5094,0
654.8,0.12228,3.44929,7.5094,0
654.9,0.1223,3.4493,7.5094,0
655,0.12229,3.4493,7.5094,0
655.1,0.12227,3.44929,7.5094,0
655.2,0.12226,3.44929,7.5094,0
655.3,0.12227,3.44928,7.5094,0
655.4,0.12228,3.44929,7.5094,0
655.5,0.1223,3.44931,7.5094,0
655.6,0.1223,3.44932,7.5094,0
655.7,0.12228,3.44932,7.5094,0
655.8,0.12226,3.44931,7.5094,0
655.9,0.12226,3.44931,7.5094,0
656,0.12228,3.44932,7.5094,0
656.1,0.12229,3.44934,7.5094,0
656.2,0.1223,3.44936,7.5094,0
656.3,0.12228,3.44936,7.5094,0
656.4,0.12226,3.44935,7.5094,0
656.5,0.12225,3.44935,7.5094,0
656.6,0.12226,3.44936,7.5094,0
656.7,0.12227,3.44937,7.5094,0
656.8,0.12229,3.44939,7.5094,0
656.9,0.12228,3.4494,7.5094,0
657,0.12226,3.44941,7.5094,0
657.1,0.12225,3.4494,7.5094,0
657.2,0.12224,3.4494,7.5094,0
657.3,0.12226,3.44941,7.5094,0
657.4,0.12227,3.44943,7.5094,0
657.5,0.12227,3.44945,7.5094,0
657.6,0.12225,3.44945,7.5094,0
657.7,0.12223,3.44944,7.5094,0
657.8,0.12223,3.44944,7.5094,0
657.9,0.12224,3.44945,7.5094,0
658,0.12226,3.44947,7.5094,0
658.1,0.12227,3.44949,7.5094,0
658.2,0.12226,3.4495,7.5094,0
658.3,0.12224,3.44949,7.5094,0
658.4,0.12223,3.44948,7.5094,0
658.5,0.12223,3.44948,7.5094,0
658.6,0.12224,3.44949,7.5094,0
658.7,0.12225,3.4495,7.5094,0
658.8,0.12224,3.44952,7.5094,0
658.9,0.12223,3.44951,7.5094,0
659,0.12221,3.44951,7.5094,0
659.1,0.12221,3.4495,7.5094,0
659.2,0.12222,3.44951,7.5094,0
659.3,0.12223,3.44952,7.5094,0
659.4,0.12223,3.44954,7.5094,0
659.5,0.12221,3.44954,7.5094,0
659.6,0.1222,3.44953,7.5094,0
659.7,0.12219,3.44953,7.5094,0
659.8,0.12218,3.44955,7.5094,0
659.9,0.1222,3.44956,7.5094,0
660,0.1222,3.44958,7.5094,0
660.1,0.12219,3.4496,7.5094,0
660.2,0.12217,3.4496,7.5094,0
660.3,0.12216,3.44959,7.5094,0
660.4,0.12216,3.44959,7.5094,0
660.5,0.12217,3.4496,7.5094,0
660.6,0.12218,3.44962,7.5094,0
660.7,0.12218,3.44964,7.5094,0
660.8,0.12216,3.44964,7.5094,0
660.9,0.12214,3.44964,7.5094,0
661,0.12214,3.44964,7.5094,0
661.1,0.12215,3.44964,7.5094,0
661.2,0.12217,3.44966,7.5094,0
661.3,0.12217,3.44968,7.5094,0
661.4,0.12216,3.44968,7.5094,0
661.5,0.12214,3.44967,7.5094,0
661.6,0.12213,3.44966,7.5094,0
661.7,0.12214,3.44966,7.5094,0
661.8,0.12215,3.44966,7.5094,0
661.9,0.12217,3.44967,7.5094,0
662,0.12216,3.44968,7.5094,0
662.1,0.12214,3.44968,7.5094,0
662.2,0.12213,3.44967,7.5094,0
662.3,0.12211,3.44967,7.5094,0
662.4,0.12211,3.44967,7.5094,0
662.5,0.12213,3.44969,7.5094,0
662.6,0.12214,3.4497,7.5094,0
662.7,0.12212,3.44969,7.5094,0
662.8,0.1221,3.44968,7.5094,0
662.9,0.12209,3.44968,7.5094,0
663,0.12209,3.44969,7.50939,0
663.1,0.1221,3.4497,7.50939,0
663.2,0.12211,3.44972,7.50939,0
663.3,0.1221,3.44973,7.5094,0
663.4,0.12208,3.44973,7.5094,0
663.5,0.12206,3.44972,7.5094,0
663.6,0.12206,3.44972,7.50939,0
663.7,0.12207,3.44973,7.50939,0
663.8,0.12208,3.44975,7.50939,0
663.9,0.12209,3.44976,7.50939,0
664,0.12207,3.44975,7.50939,0
664.1,0.12205,3.44974,7.50939,0
664.2,0.12205,3.44974,7.50939,0
664.3,0.12206,3.44974,7.50939,0
664.4,0.12208,3.44976,7.50939,0
664.5,0.12208,3.44977,7.50939,0
664.6,0.12207,3.44977,7.50939,0
664.7,0.12206,3.44976,7.50939,0
664.8,0.12204,3.44975,7.50939,0
664.9,0.12204,3.44974,7.50939,0
665,0.12206,3.44975,7.50939,0
665.1,0.12207,3.44976,7.50939,0
665.2,0.12208,3.44977,7.50939,0
665.3,0.12206,3.44977,7.50939,0
665.4,0.12205,3.44976,7.50939,0
665.5,0.12203,3.44976,7.50939,0
665.6,0.12205,3.44977,7.50939,0
665.7,0.12206,3.44978,7.50939,0
665.8,0.12206,3.44979,7.50939,0
665.9,0.12204,3.44979,7.50939,0
666,0.12202,3.44978,7.50939,0
666.1,0.12201,3.44978,7.50939,0
666.2,0.12202,3.44978,7.50939,0
666.3,0.12203,3.44979,7.50939,0
666.4,0.12204,3.4498,7.50939,0
666.5,0.12203,3.44982,7.50939,0
666.6,0.12202,3.44982,7.50939,0
666.7,0.122,3.44981,7.50939,0
666.8,0.122,3.4498,7.50939,0
666.9,0.12201,3.44981,7.50939,0
667,0.12203,3.44983,7.50939,0
667.1,0.12203,3.44984,7.50939,0
667.2,0.12201,3.44984,7.50939,0
667.3,0.12199,3.44983,7.50939,0
667.4,0.12197,3.44982,7.50939,0
667.5,0.12198,3.44983,7.50939,0
667.6,0.122,3.44984,7.50939,0
667.7,0.122,3.44986,7.50939,0
667.8,0.122,3.44986,7.50939,0
667.9,0.12198,3.44985,7.50939,0
668,0.12197,3.44984,7.50939,0
668.1,0.12197,3.44984,7.50939,0
668.2,0.12199,3.44984,7.50939,0
668.3,0.122,3.44986,7.50939,0
668.4,0.122,3.44987,7.50939,0
668.5,0.12198,3.44986,7.50939,0
668.6,0.12196,3.44985,7.50939,0
668.7,0.12196,3.44985,7.50939,0
668.8,0.12197,3.44986,7.50939,0
668.9,0.12199,3.44987,7.50939,0
669,0.12199,3.44988,7.50939,0
669.1,0.12198,3.44988,7.50939,0
669.2,0.12196,3.44987,7.50939,0
669.3,0.12195,3.44987,7.50939,0
669.4,0.12194,3.44988,7.50939,0
669.5,0.12195,3.44989,7.50939,0
669.6,0.12196,3.44991,7.50939,0
669.7,0.12196,3.44992,7.50939,0
669.8,0.12194,3.44992,7.50939,0
669.9,0.12192,3.44991,7.50939,0
670,0.12192,3.4499,7.50939,0
670.1,0.12194,3.44991,7.50939,0
670.2,0.12195,3.44992,7.50939,0
670.3,0.12196,3.44994,7.50939,0
670.4,0.12194,3.44994,7.50939,0
670.5,0.12192,3.44993,7.50939,0
670.6,0.12192,3.44992,7.50939,0
670.7,0.12193,3.44993,7.50939,0
670.8,0.12194,3.44995,7.50939,0
670.9,0.12195,3.44996,7.50939,0
671,0.12194,3.44995,7.50939,0
671.1,0.12192,3.44995,7.50939,0
671.2,0.12191,3.44994,7.50939,0
671.3,0.12191,3.44993,7.50939,0
671.4,0.12193,3.44994,7.50939,0
671.5,0.12194,3.44995,7.50939,0
671.6,0.12194,3.44996,7.50939,0
671.7,0.12192,3.44996,7.50939,0
671.8,0.1219,3.44995,7.50939,0
671.9,0.12188,3.44994,7.50939,0
672,0.12189,3.44995,7.50939,0
672.1,0.1219,3.44996,7.50939,0
672.2,0.12191,3.44998,7.50939,0
672.3,0.12189,3.44997,7.50939,0
672.4,0.12187,3.44996,7.50939,0
672.5,0.12186,3.44996,7.50939,0
672.6,0.12186,3.44997,7.50939,0
672.7,0.12187,3.44998,7.50939,0
672.8,0.12188,3.45,7.50939,0
672.9,0.12187,3.45001,7.50939,0
673,0.12185,3.45001,7.50939,0
673.1,0.12183,3.45,7.50939,0
673.2,0.12182,3.45,7.50939,0
673.3,0.12183,3.45001,7.50939,0
673.4,0.12184,3.45002,7.50939,0
673.5,0.12184,3.45003,7.50939,0
673.6,0.12182,3.45003,7.5094,0
673.7,0.1218,3.45002,7.5094,0
673.8,0.1218,3.45001,7.5094,0
673.9,0.12182,3.45002,7.50939,0
674,0.12183,3.45003,7.50939,0
674.1,0.12185,3.45004,7.50939,0
674.2,0.12184,3.45004,7.50939,0
674.3,0.12182,3.45003,7.50939,0
674.4,0.12181,3.45002,7.5094,0
674.5,0.12181,3.45001,7.5094,0
674.6,0.12183,3.45002,7.5094,0
674.7,0.12184,3.45003,7.5094,0
674.8,0.12184,3.45004,7.5094,0
674.9,0.12183,3.45003,7.5094,0
675,0.12181,3.45002,7.5094,0
675.1,0.12181,3.45002,7.5094,0
675.2,0.12182,3.45003,7.50939,0
675.3,0.12183,3.45004,7.50939,0
675.4,0.12183,3.45005,7.50939,0
675.5,0.12181,3.45005,7.5094,0
675.6,0.12179,3.45004,7.5094,0
675.7,0.12178,3.45004,7.5094,0
675.8,0.12179,3.45004,7.5094,0
675.9,0.1218,3.45005,7.5094,0
676,0.12181,3.45006,7.5094,0
676.1,0.1218,3.45008,7.5094,0
676.2,0.12178,3.45008,7.5094,0
676.3,0.12176,3.45007,7.5094,0
676.4,0.12176,3.45006,7.5094,0
676.5,0.12177,3.45007,7.5094,0
676.6,0.12179,3.45009,7.5094,0
676.7,0.12179,3.4501,7.5094,0
676.8,0.12177,3.45009,7.5094,0
676.9,0.12175,3.45008,7.5094,0
677,0.12174,3.45008,7.5094,0
677.1,0.12175,3.45009,7.5094,0
677.2,0.12176,3.4501,7.5094,0
677.3,0.12177,3.45012,7.5094,0
677.4,0.12176,3.45012,7.5094,0
677.5,0.12174,3.45011,7.5094,0
677.6,0.12173,3.4501,7.5094,0
677.7,0.12173,3.4501,7.5094,0
677.8,0.12174,3.4501,7.5094,0
677.9,0.12176,3.45011,7.50939,0
678,0.12176,3.45012,7.50939,0
678.1,0.12174,3.45012,7.5094,0
678.2,0.12172,3.45011,7.5094,0
678.3,0.12171,3.4501,7.5094,0
678.4,0.12173,3.45011,7.5094,0
678.5,0.12174,3.45012,7.50939,0
678.6,0.12175,3.45013,7.50939,0
678.7,0.12173,3.45013,7.5094,0
678.8,0.12171,3.45011,7.5094,0
678.9,0.1217,3.45011,7.5094,0
679,0.1217,3.45012,7.50939,0
679.1,0.12171,3.45013,7.50939,0
679.2,0.12172,3.45014,7.50939,0
679.3,0.12171,3.45016,7.50939,0
679.4,0.12169,3.45015,7.50939,0
679.5,0.12167,3.45014,7.50939,0
679.6,0.12166,3.45014,7.50939,0
679.7,0.12167,3.45014,7.50939,0
679.8,0.12169,3.45016,7.50939,0
679.9,0.12169,3.45017,7.50939,0
680,0.12167,3.45016,7.50939,0
680.1,0.12165,3.45015,7.50939,0
680.2,0.12164,3.45014,7.50939,0
680.3,0.12165,3.45015,7.50939,0
680.4,0.12166,3.45016,7.50939,0
680.5,0.12167,3.45017,7.50939,0
680.6,0.12166,3.45017,7.50939,0
680.7,0.12165,3.45016,7.50939,0
680.8,0.12163,3.45014,7.50939,0
680.9,0.12164,3.45013,7.50939,0
681,0.12165,3.45014,7.50939,0
681.1,0.12167,3.45015,7.50939,0
681.2,0.12167,3.45016,7.50939,0
681.3,0.12165,3.45016,7.50939,0
681.4,0.12163,3.45014,7.50939,0
681.5,0.12162,3.45014,7.50939,0
681.6,0.12163,3.45015,7.50939,0
681.7,0.12165,3.45016,7.50939,0
681.8,0.12166,3.45017,7.50939,0
681.9,0.12164,3.45016,7.50939,0
682,0.12162,3.45015,7.50939,0
682.1,0.12161,3.45015,7.50939,0
682.2,0.12161,3.45015,7.50939,0
682.3,0.12162,3.45017,7.50939,0
682.4,0.12163,3.45018,7.50939,0
682.5,0.12162,3.45019,7.50939,0
682.6,0.1216,3.45019,7.50939,0
682.7,0.12158,3.45018,7.50939,0
682.8,0.12157,3.45017,7.50939,0
682.9,0.12158,3.45018,7.50939,0
683,0.1216,3.45019,7.50939,0
683.1,0.1216,3.4502,7.50939,0
683.2,0.12158,3.45019,7.50939,0
683.3,0.12156,3.45018,7.50939,0
683.4,0.12155,3.45018,7.50939,0
683.5,0.12157,3.45018,7.50939,0
683.6,0.12158,3.4502,7.50939,0
683.7,0.12159,3.45021,7.50939,0
683.8,0.12159,3.4502,7.50939,0
683.9,0.12157,3.45019,7.50939,0
684,0.12156,3.45018,7.50939,0
684.1,0.12156,3.45017,7.50939,0
684.2,0.12158,3.45017,7.50939,0
684.3,0.12159,3.45018,7.50939,0
684.4,0.1216,3.45019,7.50939,0
684.5,0.12158,3.45019,7.50939,0
684.6,0.12156,3.45017,7.50939,0
684.7,0.12155,3.45017,7.50939,0
684.8,0.12156,3.45017,7.50939,0
684.9,0.12158,3.45019,7.50939,0
685,0.12158,3.45019,7.50939,0
685.1,0.12157,3.45019,7.50939,0
685.2,0.12155,3.45018,7.50939,0
685.3,0.12154,3.45017,7.50939,0
685.4,0.12154,3.45017,7.50939,0
685.5,0.12155,3.45018,7.50939,0
685.6,0.12156,3.4502,7.50939,0
685.7,0.12155,3.45021,7.50939,0
685.8,0.12153,3.45021,7.50939,0
685.9,0.12151,3.4502,7.50939,0
686,0.1215,3.45018,7.50939,0
686.1,0.12152,3.45019,7.50939,0
686.2,0.12153,3.4502,7.50939,0
686.3,0.12154,3.45021,7.50939,0
686.4,0.12152,3.45021,7.50939,0
686.5,0.1215,3.4502,7.50939,0
686.6,0.12149,3.45019,7.50939,0
686.7,0.1215,3.4502,7.50939,0
686.8,0.12151,3.45022,7.50939,0
686.9,0.12152,3.45023,7.50939,0
687,0.12151,3.45023,7.50939,0
687.1,0.1215,3.45022,7.50939,0
687.2,0.12149,3.45021,7.50939,0
687.3,0.12149,3.45021,7.50939,0
687.4,0.1215,3.45021,7.50939,0
687.5,0.12151,3.45022,7.50939,0
687.6,0.12151,3.45023,7.50939,0
687.7,0.1215,3.45023,7.50939,0
687.8,0.12148,3.45021,7.50939,0
687.9,0.12148,3.45021,7.50939,0
688,0.12149,3.45022,7.50939,0
688.1,0.12151,3.45023,7.50939,0
688.2,0.12151,3.45024,7.50939,0
688.3,0.12149,3.45024,7.50939,0
688.4,0.12147,3.45023,7.50939,0
688.5,0.12146,3.45022,7.50939,0
688.6,0.12145,3.45023,7.50939,0
688.7,0.12147,3.45024,7.50939,0
688.8,0.12148,3.45026,7.50939,0
688.9,0.12147,3.45027,7.50939,0
689,0.12145,3.45027,7.50939,0
689.1,0.12143,3.45026,7.50939,0
689.2,0.12143,3.45025,7.50939,0
689.3,0.12144,3.45026,7.50939,0
689.4,0.12145,3.45027,7.50939,0
689.5,0.12145,3.45028,7.50939,0
689.6,0.12143,3.45028,7.50939,0
689.7,0.12141,3.45026,7.50939,0
689.8,0.1214,3.45026,7.50939,0
689.9,0.12141,3.45027,7.50939,0
690,0.12143,3.45028,7.50939,0
690.1,0.12144,3.45029,7.50939,0
690.2,0.12143,3.45029,7.50939,0
690.3,0.12141,3.45028,7.50939,0
690.4,0.1214,3.45026,7.50939,0
690.5,0.12141,3.45026,7.50939,0
690.6,0.12142,3.45026,7.50939,0
690.7,0.12143,3.45027,7.50939,0
690.8,0.12143,3.45028,7.50939,0
690.9,0.12141,3.45028,7.50939,0
691,0.12139,3.45026,7.50939,0
691.1,0.12139,3.45025,7.50939,0
691.2,0.1214,3.45026,7.50939,0
691.3,0.12142,3.45027,7.50939,0
691.4,0.12141,3.45028,7.50939,0
691.5,0.1214,3.45028,7.50939,0
691.6,0.12138,3.45027,7.50939,0
691.7,0.12136,3.45026,7.50939,0
691.8,0.12136,3.45027,7.50939,0
691.9,0.12138,3.45029,7.50939,0
692,0.12139,3.4503,7.50939,0
692.1,0.12138,3.45032,7.50939,0
692.2,0.12136,3.45031,7.50939,0
692.3,0.12134,3.45031,7.50939,0
692.4,0.12133,3.4503,7.50939,0
692.5,0.12134,3.45031,7.50939,0
692.6,0.12136,3.45032,7.50939,0
692.7,0.12135,3.45034,7.50939,0
692.8,0.12133,3.45034,7.50939,0
692.9,0.12131,3.45033,7.50939,0
693,0.12131,3.45032,7.50939,0
693.1,0.12132,3.45033,7.50939,0
693.2,0.12134,3.45034,7.50939,0
693.3,0.12135,3.45035,7.50939,0
693.4,0.12134,3.45035,7.50939,0
693.5,0.12132,3.45034,7.50939,0
693.6,0.1213,3.45033,7.50939,0
693.7,0.1213,3.45032,7.50939,0
693.8,0.12131,3.45032,7.50939,0
693.9,0.12133,3.45034,7.50939,0
694,0.12133,3.45035,7.50939,0
694.1,0.12131,3.45034,7.50939,0
694.2,0.12129,3.45033,7.50939,0
694.3,0.12129,3.45033,7.50939,0
694.4,0.1213,3.45034,7.50939,0
694.5,0.12132,3.45035,7.50939,0
694.6,0.12132,3.45036,7.50939,0
694.7,0.1213,3.45036,7.50939,0
694.8,0.12128,3.45034,7.50939,0
694.9,0.12127,3.45034,7.50939,0
695,0.12127,3.45034,7.50939,0
695.1,0.12128,3.45035,7.50939,0
695.2,0.12128,3.45036,7.50939,0
695.3,0.12128,3.45038,7.50939,0
695.4,0.12127,3.45037,7.50939,0
695.5,0.12125,3.45036,7.50939,0
695.6,0.12124,3.45036,7.50939,0
695.7,0.12125,3.45037,7.50939,0
695.8,0.12126,3.45038,7.50939,0
695.9,0.12127,3.45039,7.50939,0
696,0.12125,3.45039,7.50939,0
696.1,0.12123,3.45037,7.50939,0
696.2,0.12122,3.45037,7.50939,0
696.3,0.12122,3.45038,7.50939,0
696.4,0.12124,3.45039,7.50939,0
696.5,0.12125,3.45041,7.50939,0
696.6,0.12124,3.45041,7.50939,0
696.7,0.12122,3.4504,7.50939,0
696.8,0.12121,3.45038,7.50939,0
696.9,0.12121,3.45038,7.50939,0
697,0.12123,3.45038,7.50939,0
697.1,0.12124,3.45039,7.50939,0
697.2,0.12124,3.4504,7.50939,0
697.3,0.12122,3.4504,7.50939,0
697.4,0.1212,3.45038,7.50939,0
697.5,0.12119,3.45038,7.50939,0
697.6,0.1212,3.45039,7.50939,0
697.7,0.12121,3.4504,7.50939,0
697.8,0.1212,3.45042,7.50939,0
697.9,0.12119,3.45041,7.50939,0
698,0.12116,3.4504,7.50939,0
698.1,0.12115,3.45039,7.50939,0
698.2,0.12115,3.4504,7.50939,0
698.3,0.12116,3.45042,7.50939,0
698.4,0.12117,3.45043,7.50939,0
698.5,0.12116,3.45044,7.50939,0
698.6,0.12114,3.45044,7.50939,0
698.7,0.12112,3.45043,7.50939,0
698.8,0.12111,3.45042,7.50939,0
698.9,0.12113,3.45043,7.50939,0
699,0.12114,3.45044,7.50939,0
699.1,0.12115,3.45045,7.50939,0
699.2,0.12113,3.45044,7.50939,0
699.3,0.12111,3.45043,7.50939,0
699.4,0.12111,3.45043,7.50939,0
699.5,0.12112,3.45043,7.50939,0
699.6,0.12113,3.45045,7.50939,0
699.7,0.12114,3.45046,7.50939,0
699.8,0.12114,3.45045,7.50939,0
699.9,0.12112,3.45044,7.50939,0
700,0.1211,3.45043,7.50939,0
700.1,0.12111,3.45042,7.50939,0
700.2,0.12112,3.45043,7.50939,0
700.3,0.12113,3.45044,7.50939,0
700.4,0.12113,3.45045,7.50939,0
700.5,0.12111,3.45044,7.50939,0
700.6,0.12109,3.45043,7.50939,0
700.7,0.12107,3.45043,7.50939,0
700.8,0.12107,3.45043,7.50939,0
700.9,0.12108,3.45044,7.50939,0
701,0.12109,3.45045,7.50939,0
701.1,0.12107,3.45044,7.50939,0
701.2,0.12105,3.45043,7.50939,0
701.3,0.12104,3.45043,7.50939,0
701.4,0.12104,3.45044,7.50939,0
701.5,0.12104,3.45045,7.50939,0
701.6,0.12105,3.45047,7.50939,0
701.7,0.12106,3.45048,7.50939,0
701.8,0.12104,3.45048,7.50939,0
701.9,0.12102,3.45047,7.50939,0
702,0.12101,3.45046,7.50939,0
702.1,0.12102,3.45047,7.50939,0
702.2,0.12103,3.45049,7.50939,0
702.3,0.12103,3.4505,7.50939,0
702.4,0.12101,3.45049,7.50939,0
702.5,0.12099,3.45048,7.50939,0
702.6,0.12099,3.45047,7.50939,0
702.7,0.121,3.45048,7.50939,0
702.8,0.12101,3.4505,7.50939,0
702.9,0.12101,3.45051,7.50939,0
703,0.12101,3.45052,7.50939,0
703.1,0.12099,3.45051,7.50939,0
703.2,0.12098,3.45051,7.50939,0
703.3,0.12098,3.45051,7.50939,0
703.4,0.12099,3.45052,7.50939,0
703.5,0.12101,3.45055,7.50939,0
703.6,0.12101,3.45056,7.50939,0
703.7,0.12099,3.45057,7.50939,0
703.8,0.12097,3.45057,7.50939,0
703.9,0.12096,3.45057,7.50939,0
704,0.12097,3.45059,7.50939,0
704.1,0.12098,3.45062,7.50939,0
704.2,0.12098,3.45065,7.50939,0
704.3,0.12096,3.45066,7.50939,0
704.4,0.12094,3.45066,7.50939,0
704.5,0.12093,3.45067,7.50939,0
704.6,0.12093,3.45069,7.50939,0
704.7,0.12095,3.45072,7.50939,0
704.8,0.12095,3.45075,7.50939,0
704.9,0.12094,3.45077,7.50939,0
705,0.12092,3.45079,7.50939,0
705.1,0.1209,3.45079,7.50939,0
705.2,0.12088,3.4508,7.50939,0
705.3,0.12089,3.45083,7.50939,0
705.4,0.1209,3.45085,7.50939,0
705.5,0.12091,3.45088,7.50939,0
705.6,0.12089,3.45089,7.50939,0
705.7,0.12087,3.45089,7.50939,0
705.8,0.12086,3.4509,7.50939,0
705.9,0.12086,3.45092,7.50939,0
706,0.12087,3.45095,7.50939,0
706.1,0.12088,3.45097,7.50939,0
706.2,0.12087,3.45099,7.50939,0
706.3,0.12085,3.45099,7.50939,0
706.4,0.12084,3.45099,7.50939,0
706.5,0.12084,3.45099,7.50939,0
706.6,0.12085,3.45101,7.50939,0
706.7,0.12087,3.45104,7.50939,0
706.8,0.12087,3.45105,7.50939,0
706.9,0.12085,3.45106,7.50939,0
707,0.12083,3.45106,7.50939,0
707.1,0.12082,3.45107,7.50939,0
707.2,0.12084,3.45108,7.50939,0
707.3,0.12085,3.45111,7.50939,0
707.4,0.12086,3.45113,7.50939,0
707.5,0.12084,3.45113,7.50939,0
707.6,0.12082,3.45113,7.50939,0
707.7,0.12081,3.45114,7.50939,0
707.8,0.12081,3.45115,7.50939,0
707.9,0.12082,3.45118,7.50939,0
708,0.12084,3.4512,7.50939,0
708.1,0.12083,3.45122,7.50939,0
708.2,0.12081,3.45123,7.50939,0
708.3,0.12079,3.45123,7.50939,0
708.4,0.12078,3.45123,7.50939,0
708.5,0.12079,3.45125,7.50939,0
708.6,0.12081,3.45127,7.50939,0
708.7,0.1208,3.45128,7.50939,0
708.8,0.12078,3.45128,7.50939,0
708.9,0.12076,3.45128,7.50939,0
709,0.12075,3.45128,7.50939,0
709.1,0.12076,3.4513,7.50939,0
709.2,0.12077,3.45132,7.50939,0
709.3,0.12078,3.45133,7.50939,0
709.4,0.12078,3.45133,7.50939,0
709.5,0.12076,3.45133,7.50939,0
709.6,0.12075,3.45132,7.50939,0
709.7,0.12075,3.45132,7.50939,0
709.8,0.12076,3.45133,7.50939,0
709.9,0.12078,3.45135,7.50939,0
710,0.12079,3.45137,7.50939,0
710.1,0.12077,3.45136,7.50939,0
710.2,0.12075,3.45136,7.50939,0
710.3,0.12075,3.45136,7.50939,0
710.4,0.12076,3.45137,7.50939,0
710.5,0.12078,3.45139,7.50939,0
710.6,0.12077,3.4514,7.50939,0
710.7,0.12076,3.4514,7.50939,0
710.8,0.12074,3.45139,7.50939,0
710.9,0.12073,3.45139,7.50939,0
711,0.12073,3.4514,7.50939,0
711.1,0.12075,3.45142,7.50939,0
711.2,0.12076,3.45143,7.50939,0
711.3,0.12076,3.45145,7.50939,0
711.4,0.12074,3.45145,7.50939,0
711.5,0.12072,3.45144,7.50939,0
711.6,0.12071,3.45144,7.50939,0
711.7,0.12072,3.45145,7.50939,0
711.8,0.12073,3.45146,7.50939,0
711.9,0.12073,3.45147,7.50939,0
712,0.12071,3.45147,7.50939,0
712.1,0.12069,3.45146,7.50939,0
712.2,0.12069,3.45146,7.50939,0
712.3,0.1207,3.45146,7.50939,0
712.4,0.12071,3.45148,7.50939,0
712.5,0.12073,3.45149,7.50939,0
712.6,0.12072,3.45148,7.50939,0
712.7,0.1207,3.45147,7.50939,0
712.8,0.12068,3.45146,7.50939,0
712.9,0.12069,3.45145,7.50939,0
713,0.1207,3.45146,7.50939,0
713.1,0.12071,3.45147,7.50939,0
713.2,0.12073,3.45148,7.50939,0
713.3,0.12072,3.45148,7.50939,0
713.4,0.1207,3.45147,7.50939,0
713.5,0.12068,3.45146,7.50939,0
713.6,0.1207,3.45147,7.50939,0
713.7,0.12071,3.45148,7.50939,0
713.8,0.12072,3.45149,7.50939,0
713.9,0.1207,3.45149,7.50939,0
714,0.12068,3.45148,7.50939,0
714.1,0.12067,3.45147,7.50939,0
714.2,0.12067,3.45147,7.50939,0
714.3,0.12068,3.45148,7.50939,0
714.4,0.12069,3.4515,7.50939,0
714.5,0.12068,3.45151,7.50939,0
714.6,0.12066,3.4515,7.50939,0
714.7,0.12064,3.45149,7.50939,0
714.8,0.12062,3.45148,7.50939,0
714.9,0.12064,3.45149,7.50939,0
715,0.12065,3.4515,7.50939,0
715.1,0.12065,3.45151,7.50939,0
715.2,0.12063,3.45151,7.50939,0
715.3,0.12061,3.45149,7.50939,0
715.4,0.1206,3.45149,7.50939,0
715.5,0.1206,3.45149,7.50939,0
715.6,0.12061,3.45151,7.50939,0
715.7,0.12062,3.45152,7.50939,0
715.8,0.12061,3.45152,7.50939,0
715.9,0.12059,3.4515,7.50939,0
716,0.12058,3.45149,7.50939,0
716.1,0.12057,3.45148,7.50939,0
716.2,0.12059,3.45148,7.50939,0
716.3,0.1206,3.45149,7.50939,0
716.4,0.12061,3.45149,7.50939,0
716.5,0.12059,3.45149,7.50939,0
716.6,0.12057,3.45147,7.50939,0
716.7,0.12056,3.45146,7.50939,0
716.8,0.12057,3.45147,7.50939,0
716.9,0.12059,3.45148,7.50939,0
717,0.12059,3.45148,7.50939,0
717.1,0.12058,3.45147,7.50939,0
717.2,0.12056,3.45145,7.50939,0
717.3,0.12054,3.45144,7.50939,0
717.4,0.12054,3.45144,7.50939,0
717.5,0.12054,3.45145,7.50939,0
717.6,0.12055,3.45146,7.50939,0
717.7,0.12055,3.45147,7.50939,0
717.8,0.12053,3.45146,7.50939,0
717.9,0.12051,3.45145,7.50939,0
718,0.1205,3.45143,7.50939,0
718.1,0.12051,3.45144,7.50939,0
718.2,0.12052,3.45145,7.50939,0
718.3,0.12053,3.45145,7.50939,0
718.4,0.12051,3.45144,7.50939,0
718.5,0.12049,3.45142,7.50939,0
718.6,0.12048,3.45141,7.50939,0
718.7,0.12049,3.45141,7.50939,0
718.8,0.12051,3.45142,7.50939,0
718.9,0.12051,3.45142,7.50939,0
719,0.12051,3.45141,7.50939,0
719.1,0.1205,3.45139,7.50939,0
719.2,0.12049,3.45137,7.50939,0
719.3,0.12049,3.45136,7.50939,0
719.4,0.1205,3.45135,7.50939,0
719.5,0.12052,3.45135,7.50939,0
719.6,0.12052,3.45135,7.50939,0
719.7,0.1205,3.45135,7.50939,0
719.8,0.12048,3.45133,7.50939,0
719.9,0.12048,3.45131,7.50939,0
720,0.1205,3.45131,7.50939,0
720.1,0.12051,3.45132,7.50939,0
720.2,0.12052,3.45132,7.50939,0
720.3,0.12051,3.45131,7.50939,0
720.4,0.12049,3.45129,7.50939,0
720.5,0.12048,3.45128,7.50939,0
720.6,0.12048,3.45128,7.50939,0
720.7,0.1205,3.45128,7.50939,0
720.8,0.12051,3.45129,7.50939,0
720.9,0.12051,3.45129,7.50939,0
721,0.12049,3.45128,7.50939,0
721.1,0.12047,3.45126,7.50939,0
721.2,0.12046,3.45124,7.50939,0
721.3,0.12046,3.45123,7.50939,0
721.4,0.12048,3.45124,7.50939,0
721.5,0.12049,3.45123,7.50939,0
721.6,0.12047,3.45122,7.50939,0
721.7,0.12045,3.4512,7.50939,0
721.8,0.12044,3.45118,7.50939,0
721.9,0.12045,3.45117,7.50939,0
722,0.12046,3.45118,7.50939,0
722.1,0.12048,3.45118,7.50939,0
722.2,0.12047,3.45116,7.50939,0
722.3,0.12045,3.45114,7.50939,0
722.4,0.12044,3.45112,7.50939,0
722.5,0.12044,3.4511,7.50939,0
722.6,0.12046,3.4511,7.50939,0
722.7,0.12047,3.45109,7.50939,0
722.8,0.12048,3.45109,7.50939,0
722.9,0.12046,3.45108,7.50939,0
723,0.12044,3.45106,7.50939,0
723.1,0.12043,3.45105,7.50939,0
723.2,0.12044,3.45104,7.50939,0
723.3,0.12046,3.45105,7.50939,0
723.4,0.12047,3.45105,7.50939,0
723.5,0.12046,3.45103,7.50939,0
723.6,0.12044,3.45101,7.50939,0
723.7,0.12043,3.45099,7.50939,0
723.8,0.12043,3.45098,7.50939,0
723.9,0.12044,3.45098,7.50939,0
724,0.12044,3.45098,7.50939,0
724.1,0.12044,3.45098,7.50939,0
724.2,0.12043,3.45098,7.50939,0
724.3,0.12041,3.45095,7.50939,0
724.4,0.1204,3.45093,7.50939,0
724.5,0.12041,3.45093,7.50939,0
724.6,0.12043,3.45093,7.50939,0
724.7,0.12043,3.45093,7.50939,0
724.8,0.12041,3.45091,7.50939,0
724.9,0.12039,3.45089,7.50939,0
725,0.12038,3.45087,7.50939,0
725.1,0.12038,3.45087,7.50939,0
725.2,0.12039,3.45087,7.50939,0
725.3,0.1204,3.45087,7.50939,0
725.4,0.12039,3.45086,7.50939,0
725.5,0.12037,3.45083,7.50939,0
725.6,0.12036,3.45081,7.50939,0
725.7,0.12037,3.45079,7.50939,0
725.8,0.12038,3.45078,7.50939,0
725.9,0.1204,3.45078,7.50939,0
726,0.12039,3.45078,7.50939,0
726.1,0.12038,3.45076,7.50939,0
726.2,0.12036,3.45074,7.50939,0
726.3,0.12035,3.45072,7.50939,0
726.4,0.12037,3.45072,7.50939,0
726.5,0.12038,3.45072,7.50939,0
726.6,0.1204,3.45072,7.50939,0
726.7,0.12039,3.4507,7.50939,0
726.8,0.12037,3.45068,7.50939,0
726.9,0.12036,3.45066,7.50939,0
727,0.12036,3.45065,7.50939,0
727.1,0.12038,3.45066,7.50939,0
727.2,0.12039,3.45066,7.50939,0
727.3,0.12039,3.45066,7.50939,0
727.4,0.12037,3.45065,7.50939,0
727.5,0.12035,3.45063,7.50939,0
727.6,0.12034,3.45061,7.50939,0
727.7,0.12035,3.4506,7.50939,0
727.8,0.12036,3.4506,7.50939,0
727.9,0.12037,3.4506,7.50939,0
728,0.12036,3.45058,7.50939,0
728.1,0.12034,3.45056,7.50939,0
728.2,0.12033,3.45054,7.50939,0
728.3,0.12034,3.45054,7.50939,0
728.4,0.12035,3.45054,7.50939,0
728.5,0.12037,3.45054,7.50939,0
728.6,0.12037,3.45052,7.50939,0
728.7,0.12035,3.45051,7.50939,0
728.8,0.12034,3.45048,7.50939,0
728.9,0.12034,3.45047,7.50939,0
729,0.12036,3.45046,7.50939,0
729.1,0.12037,3.45046,7.50939,0
729.2,0.12038,3.45046,7.50939,0
729.3,0.12036,3.45045,7.50939,0
729.4,0.12035,3.45043,7.50939,0
729.5,0.12034,3.45042,7.50939,0
729.6,0.12036,3.45042,7.50939,0
729.7,0.12037,3.45043,7.50939,0
729.8,0.12039,3.45043,7.50939,0
729.9,0.12038,3.45041,7.50939,0
730,0.12036,3.45039,7.50939,0
730.1,0.12035,3.45038,7.50939,0
730.2,0.12035,3.45038,7.50939,0
730.3,0.12037,3.45038,7.50939,0
730.4,0.12038,3.45039,7.50939,0
730.5,0.12038,3.4504,7.50939,0
730.6,0.12037,3.45039,7.50939,0
730.7,0.12035,3.45037,7.50939,0
730.8,0.12034,3.45035,7.50939,0
730.9,0.12035,3.45035,7.50939,0
731,0.12036,3.45036,7.50939,0
731.1,0.12037,3.45036,7.50939,0
731.2,0.12035,3.45035,7.50939,0
731.3,0.12033,3.45033,7.50939,0
731.4,0.12032,3.45031,7.50939,0
731.5,0.12033,3.45031,7.50939,0
731.6,0.12034,3.45032,7.50939,0
731.7,0.12034,3.45032,7.50939,0
731.8,0.12033,3.4503,7.50939,0
731.9,0.12031,3.45029,7.50939,0
732,0.1203,3.45027,7.50939,0
732.1,0.1203,3.45025,7.50939,0
732.2,0.12031,3.45025,7.50939,0
732.3,0.12033,3.45026,7.50939,0
732.4,0.12032,3.45026,7.50939,0
732.5,0.1203,3.45025,7.50939,0
732.6,0.12029,3.45023,7.50939,0
732.7,0.12028,3.45022,7.50939,0
732.8,0.12028,3.45022,7.50939,0
732.9,0.1203,3.45023,7.50939,0
733,0.12031,3.45024,7.50939,0
733.1,0.1203,3.45024,7.50939,0
733.2,0.12028,3.45022,7.50939,0
733.3,0.12026,3.45021,7.50939,0
733.4,0.12026,3.45021,7.50939,0
733.5,0.12027,3.45021,7.50939,0
733.6,0.12028,3.45022,7.50939,0
733.7,0.12028,3.45023,7.50939,0
733.8,0.12026,3.45023,7.50939,0
733.9,0.12024,3.45022,7.50939,0
734,0.12023,3.45021,7.50939,0
734.1,0.12024,3.45021,7.50939,0
734.2,0.12026,3.45022,7.50939,0
734.3,0.12026,3.45023,7.50939,0
734.4,0.12025,3.45022,7.50939,0
734.5,0.12023,3.45021,7.50939,0
734.6,0.12022,3.4502,7.50939,0
734.7,0.12022,3.4502,7.50939,0
734.8,0.12023,3.45021,7.50939,0
734.9,0.12024,3.45022,7.50939,0
735,0.12024,3.45022,7.50939,0
735.1,0.12022,3.45021,7.50939,0
735.2,0.12021,3.4502,7.50939,0
735.3,0.12021,3.45019,7.50939,0
735.4,0.12023,3.45019,7.50939,0
735.5,0.12024,3.4502,7.50939,0
735.6,0.12024,3.4502,7.50939,0
735.7,0.12023,3.4502,7.50939,0
735.8,0.12021,3.45019,7.50939,0
735.9,0.12021,3.45019,7.50939,0
736,0.12022,3.45019,7.50939,0
736.1,0.12024,3.45021,7.50939,0
736.2,0.12025,3.45021,7.50939,0
736.3,0.12024,3.45021,7.50939,0
736.4,0.12022,3.4502,7.50939,0
736.5,0.12021,3.45019,7.50939,0
736.6,0.12022,3.45019,7.50939,0
736.7,0.12023,3.45021,7.50939,0
736.8,0.12025,3.45022,7.50939,0
736.9,0.12025,3.45023,7.50939,0
737,0.12023,3.45023,7.50939,0
737.1,0.12021,3.45022,7.50939,0
737.2,0.1202,3.45021,7.50939,0
737.3,0.12021,3.45021,7.50939,0
737.4,0.12023,3.45022,7.50939,0
737.5,0.12023,3.45024,7.50939,0
737.6,0.12021,3.45023,7.50939,0
737.7,0.1202,3.45022,7.50939,0
737.8,0.12019,3.45021,7.50939,0
737.9,0.12019,3.45022,7.50939,0
738,0.12021,3.45024,7.50939,0
738.1,0.12023,3.45024,7.50939,0
738.2,0.12023,3.45024,7.50939,0
738.3,0.12022,3.45023,7.50939,0
738.4,0.1202,3.45022,7.50939,0
738.5,0.1202,3.45021,7.50939,0
738.6,0.12021,3.45022,7.50939,0
738.7,0.12023,3.45023,7.50939,0
738.8,0.12023,3.45024,7.50939,0
738.9,0.12022,3.45024,7.50939,0
739,0.1202,3.45023,7.50939,0
739.1,0.12019,3.45023,7.50939,0
739.2,0.12021,3.45023,7.50939,0
739.3,0.12022,3.45024,7.50939,0
739.4,0.12024,3.45025,7.50939,0
739.5,0.12023,3.45025,7.50939,0
739.6,0.12021,3.45024,7.50939,0
739.7,0.1202,3.45023,7.50939,0
739.8,0.12021,3.45024,7.50939,0
739.9,0.12023,3.45026,7.50939,0
740,0.12024,3.45027,7.50939,0
740.1,0.12025,3.45029,7.50939,0
740.2,0.12023,3.45028,7.50939,0
740.3,0.12021,3.45027,7.50939,0
740.4,0.1202,3.45026,7.50939,0
740.5,0.12022,3.45027,7.50939,0
740.6,0.12024,3.45028,7.50939,0
740.7,0.12024,3.4503,7.50939,0
740.8,0.12023,3.4503,7.50939,0
740.9,0.12021,3.45029,7.50939,0
741,0.1202,3.45028,7.50939,0
741.1,0.1202,3.45029,7.50939,0
741.2,0.12022,3.45031,7.50939,0
741.3,0.12024,3.45032,7.50939,0
741.4,0.12023,3.45032,7.50939,0
741.5,0.12022,3.45031,7.50939,0
741.6,0.1202,3.4503,7.50939,0
741.7,0.1202,3.45029,7.50939,0
741.8,0.12022,3.4503,7.50939,0
741.9,0.12023,3.45031,7.50939,0
742,0.12024,3.45032,7.50939,0
742.1,0.12022,3.45032,7.50939,0
742.2,0.1202,3.45032,7.50939,0
742.3,0.1202,3.45032,7.50939,0
742.4,0.12021,3.45032,7.50939,0
742.5,0.12022,3.45034,7.50939,0
742.6,0.12023,3.45035,7.50939,0
742.7,0.12023,3.45035,7.50939,0
742.8,0.12021,3.45034,7.50939,0
742.9,0.1202,3.45033,7.50939,0
743,0.1202,3.45034,7.50939,0
743.1,0.12021,3.45035,7.50939,0
743.2,0.12023,3.45036,7.50939,0
743.3,0.12023,3.45038,7.50939,0
743.4,0.12021,3.45038,7.50939,0
743.5,0.12019,3.45037,7.50939,0
743.6,0.12019,3.45037,7.50939,0
743.7,0.12021,3.45038,7.50939,0
743.8,0.12022,3.45039,7.50939,0
743.9,0.12022,3.4504,7.50939,0
744,0.1202,3.4504,7.50939,0
744.1,0.12019,3.45039,7.50939,0
744.2,0.12018,3.45039,7.50939,0
744.3,0.12018,3.4504,7.50939,0
744.4,0.12019,3.45042,7.50939,0
744.5,0.12021,3.45043,7.50939,0
744.6,0.1202,3.45044,7.50939,0
744.7,0.12018,3.45043,7.50939,0
744.8,0.12016,3.45042,7.50939,0
744.9,0.12015,3.45041,7.50939,0
745,0.12017,3.45042,7.50939,0
745.1,0.12019,3.45043,7.50939,0
745.2,0.12018,3.45045,7.50939,0
745.3,0.12017,3.45045,7.50939,0
745.4,0.12015,3.45044,7.50939,0
745.5,0.12015,3.45043,7.50939,0
745.6,0.12016,3.45044,7.50939,0
745.7,0.12018,3.45046,7.50939,0
745.8,0.12019,3.45047,7.50939,0
745.9,0.12018,3.45047,7.50939,0
746,0.12017,3.45046,7.50939,0
746.1,0.12016,3.45046,7.50939,0
746.2,0.12016,3.45046,7.50939,0
746.3,0.12018,3.45048,7.50939,0
746.4,0.12019,3.4505,7.50939,0
746.5,0.12019,3.45052,7.50939,0
746.6,0.12017,3.45052,7.50939,0
746.7,0.12015,3.45052,7.50939,0
746.8,0.12015,3.45052,7.50939,0
746.9,0.12017,3.45052,7.50939,0
747,0.12018,3.45054,7.50939,0
747.1,0.12018,3.45055,7.50939,0
747.2,0.12017,3.45055,7.50939,0
747.3,0.12015,3.45054,7.50939,0
747.4,0.12014,3.45054,7.50939,0
747.5,0.12014,3.45055,7.50939,0
747.6,0.12016,3.45057,7.50939,0
747.7,0.12017,3.45058,7.50939,0
747.8,0.12016,3.45058,7.50939,0
747.9,0.12014,3.45058,7.50939,0
748,0.12012,3.45057,7.50939,0
748.1,0.12013,3.45056,7.50939,0
748.2,0.12014,3.45057,7.50939,0
748.3,0.12016,3.45059,7.50939,0
748.4,0.12017,3.4506,7.50939,0
748.5,0.12015,3.4506,7.50939,0
748.6,0.12013,3.4506,7.50939,0
748.7,0.12013,3.4506,7.50939,0
748.8,0.12015,3.45061,7.50939,0
748.9,0.12016,3.45063,7.50939,0
749,0.12017,3.45064,7.50939,0
749.1,0.12016,3.45064,7.50939,0
749.2,0.12015,3.45063,7.50939,0
749.3,0.12014,3.45063,7.50939,0
749.4,0.12015,3.45064,7.50939,0
749.5,0.12016,3.45066,7.50939,0
749.6,0.12018,3.45068,7.50939,0
749.7,0.12019,3.4507,7.50939,0
749.8,0.12019,3.4507,7.50939,0
749.9,0.12017,3.45069,7.50939,0
750,0.12015,3.45069,7.50939,0
750.1,0.12016,3.4507,7.50939,0
750.2,0.12017,3.45072,7.50939,0
750.3,0.12018,3.45074,7.50939,0
750.4,0.12016,3.45074,7.50939,0
750.5,0.12015,3.45073,7.50939,0
750.6,0.12014,3.45073,7.50939,0
750.7,0.12014,3.45075,7.50939,0
750.8,0.12016,3.45077,7.50939,0
750.9,0.12017,3.45078,7.50939,0
751,0.12016,3.45078,7.50939,0
751.1,0.12014,3.45078,7.50939,0
751.2,0.12013,3.45077,7.50939,0
751.3,0.12013,3.45077,7.50939,0
751.4,0.12014,3.45078,7.50939,0
751.5,0.12016,3.45081,7.50939,0
751.6,0.12016,3.45082,7.50939,0
751.7,0.12014,3.45083,7.50939,0
751.8,0.12013,3.45083,7.50939,0
751.9,0.12012,3.45083,7.50939,0
752,0.12013,3.45085,7.50939,0
752.1,0.12014,3.45087,7.50939,0
752.2,0.12015,3.45089,7.50939,0
752.3,0.12015,3.45089,7.50939,0
752.4,0.12014,3.45089,7.50939,0
752.5,0.12013,3.45089,7.50939,0
752.6,0.12013,3.4509,7.50939,0
752.7,0.12014,3.45092,7.50939,0
752.8,0.12016,3.45094,7.50939,0
752.9,0.12016,3.45096,7.50939,0
753,0.12014,3.45097,7.50939,0
753.1,0.12013,3.45097,7.50939,0
753.2,0.12013,3.45097,7.50939,0
753.3,0.12014,3.45099,7.50939,0
753.4,0.12016,3.45102,7.50939,0
753.5,0.12016,3.45103,7.50939,0
753.6,0.12014,3.45105,7.50939,0
753.7,0.12012,3.45105,7.50939,0
753.8,0.12011,3.45106,7.50939,0
753.9,0.12011,3.45107,7.50939,0
754,0.12013,3.45109,7.50939,0
754.1,0.12014,3.45112,7.50939,0
754.2,0.12014,3.45113,7.50939,0
754.3,0.12012,3.45113,7.50939,0
754.4,0.1201,3.45113,7.50939,0
754.5,0.12009,3.45113,7.50939,0
754.6,0.12011,3.45114,7.50939,0
754.7,0.12012,3.45117,7.50939,0
754.8,0.12013,3.45119,7.50939,0
754.9,0.12011,3.4512,7.50939,0
755,0.12009,3.4512,7.50939,0
755.1,0.12008,3.4512,7.50939,0
755.2,0.12009,3.45122,7.50939,0
755.3,0.1201,3.45125,7.50939,0
755.4,0.12012,3.45127,7.50939,0
755.5,0.12012,3.45128,7.50939,0
755.6,0.1201,3.45128,7.50939,0
755.7,0.12009,3.45129,7.50939,0
755.8,0.1201,3.45131,7.50939,0
755.9,0.12012,3.45133,7.50939,0
756,0.12013,3.45136,7.50939,0
756.1,0.12013,3.45139,7.50939,0
756.2,0.12012,3.4514,7.50939,0
756.3,0.1201,3.4514,7.50939,0
756.4,0.1201,3.4514,7.50939,0
756.5,0.12012,3.45143,7.50939,0
756.6,0.12013,3.45145,7.50939,0
756.7,0.12014,3.45148,7.50939,0
756.8,0.12012,3.45148,7.50939,0
756.9,0.12011,3.45149,7.50939,0
757,0.1201,3.4515,7.50939,0
757.1,0.1201,3.45152,7.50939,0
757.2,0.12012,3.45155,7.50939,0
757.3,0.12013,3.45157,7.50939,0
757.4,0.12013,3.45158,7.50939,0
757.5,0.12011,3.45158,7.50939,0
757.6,0.12009,3.45158,7.50939,0
757.7,0.12009,3.45159,7.50939,0
757.8,0.12011,3.45161,7.50939,0
757.9,0.12012,3.45164,7.50939,0
758,0.12012,3.45166,7.50939,0
758.1,0.12011,3.45167,7.50939,0
758.2,0.12009,3.45168,7.50939,0
758.3,0.12009,3.45169,7.50939,0
758.4,0.1201,3.45171,7.50939,0
758.5,0.12012,3.45174,7.50939,0
758.6,0.12013,3.45176,7.50939,0
758.7,0.12013,3.45177,7.50939,0
758.8,0.12012,3.45178,7.50939,0
758.9,0.12011,3.45179,7.50939,0
759,0.12011,3.45181,7.50939,0
759.1,0.12013,3.45183,7.50939,0
759.2,0.12014,3.45186,7.50939,0
759.3,0.12015,3.45189,7.50939,0
759.4,0.12013,3.4519,7.50939,0
759.5,0.12012,3.4519,7.50939,0
759.6,0.12012,3.45191,7.50939,0
759.7,0.12013,3.45194,7.50939,0
759.8,0.12015,3.45197,7.50939,0
759.9,0.12016,3.45199,7.50939,0
760,0.12014,3.452,7.50939,0
760.1,0.12012,3.45201,7.50939,0
760.2,0.12011,3.45202,7.50939,0
760.3,0.1201,3.45203,7.50939,0
760.4,0.12012,3.45206,7.50939,0
760.5,0.12013,3.45208,7.50939,0
760.6,0.12013,3.4521,7.50939,0
760.7,0.12011,3.4521,7.50939,0
760.8,0.12009,3.45211,7.50939,0
760.9,0.12008,3.45211,7.50939,0
761,0.1201,3.45214,7.50939,0
761.1,0.12012,3.45217,7.50939,0
761.2,0.12012,3.45219,7.50939,0
761.3,0.1201,3.45221,7.50939,0
761.4,0.12008,3.45221,7.50939,0
761.5,0.12007,3.45222,7.50939,0
761.6,0.12008,3.45225,7.50939,0
761.7,0.1201,3.45228,7.50939,0
761.8,0.12011,3.45231,7.50939,0
761.9,0.12011,3.45232,7.50939,0
762,0.12009,3.45233,7.50939,0
762.1,0.12008,3.45234,7.50939,0
762.2,0.12009,3.45236,7.50939,0
762.3,0.1201,3.45238,7.50939,0
762.4,0.12012,3.45242,7.50939,0
762.5,0.12012,3.45245,7.50939,0
762.6,0.12011,3.45247,7.50939,0
762.7,0.12009,3.45248,7.50939,0
762.8,0.12009,3.45249,7.50939,0
762.9,0.12011,3.4525,7.50939,0
763,0.12012,3.45253,7.50939,0
763.1,0.12013,3.45257,7.50939,0
763.2,0.12012,3.45258,7.50939,0
763.3,0.1201,3.45259,7.50939,0
763.4,0.12009,3.4526,7.50939,0
763.5,0.1201,3.45262,7.50939,0
763.6,0.12012,3.45266,7.50939,0
763.7,0.12012,3.45269,7.50939,0
763.8,0.12012,3.45271,7.50939,0
763.9,0.1201,3.45272,7.50939,0
764,0.12008,3.45272,7.50939,0
764.1,0.12008,3.45273,7.50939,0
764.2,0.1201,3.45275,7.50939,0
764.3,0.12011,3.45279,7.50939,0
764.4,0.12011,3.45282,7.50939,0
764.5,0.1201,3.45283,7.50939,0
764.6,0.12008,3.45284,7.50939,0
764.7,0.12007,3.45285,7.50939,0
764.8,0.12009,3.45287,7.50939,0
764.9,0.1201,3.45291,7.50939,0
765,0.12012,3.45293,7.5094,0
765.1,0.12012,3.45295,7.5094,0
765.2,0.1201,3.45296,7.5094,0
765.3,0.12009,3.45297,7.50939,0
765.4,0.1201,3.453,7.50939,0
765.5,0.12011,3.45303,7.50939,0
765.6,0.12013,3.45307,7.5094,0
765.7,0.12014,3.4531,7.5094,0
765.8,0.12013,3.45312,7.5094,0
765.9,0.12012,3.45313,7.5094,0
766,0.12011,3.45315,7.50939,0
766.1,0.12012,3.45317,7.50939,0
766.2,0.12014,3.45321,7.50939,0
766.3,0.12014,3.45324,7.5094,0
766.4,0.12012,3.45326,7.5094,0
766.5,0.12011,3.45326,7.5094,0
766.6,0.1201,3.45328,7.50939,0
766.7,0.1201,3.45331,7.50939,0
766.8,0.12012,3.45334,7.50939,0
766.9,0.12013,3.45337,7.5094,0
767,0.12013,3.45339,7.50939,0
767.1,0.12011,3.4534,7.50939,0
767.2,0.12009,3.45341,7.50939,0
767.3,0.12009,3.45342,7.50939,0
767.4,0.12011,3.45344,7.50939,0
767.5,0.12012,3.45348,7.50939,0
767.6,0.12012,3.45351,7.50939,0
767.7,0.1201,3.45353,7.50939,0
767.8,0.12009,3.45354,7.50939,0
767.9,0.12008,3.45356,7.50939,0
768,0.12009,3.45359,7.50939,0
768.1,0.12011,3.45363,7.50939,0
768.2,0.12012,3.45366,7.50939,0
768.3,0.12012,3.45367,7.50939,0
768.4,0.12011,3.45368,7.50939,0
768.5,0.1201,3.4537,7.50939,0
768.6,0.1201,3.45372,7.50939,0
768.7,0.12012,3.45376,7.50939,0
768.8,0.12013,3.4538,7.50939,0
768.9,0.12014,3.45383,7.50939,0
769,0.12012,3.45386,7.50939,0
769.1,0.12011,3.45387,7.50939,0
769.2,0.12011,3.45388,7.50939,0
769.3,0.12012,3.45391,7.50939,0
769.4,0.12014,3.45395,7.50939,0
769.5,0.12015,3.45398,7.50939,0
769.6,0.12013,3.454,7.50939,0
769.7,0.12011,3.45401,7.50939,0
769.8,0.1201,3.45403,7.50939,0
769.9,0.1201,3.45406,7.50939,0
770,0.12012,3.4541,7.50939,0
770.1,0.12013,3.45414,7.50939,0
770.2,0.12013,3.45416,7.50939,0
770.3,0.12012,3.45417,7.50939,0
770.4,0.1201,3.45418,7.50939,0
770.5,0.12009,3.4542,7.50939,0
770.6,0.12011,3.45422,7.50939,0
770.7,0.12012,3.45426,7.50939,0
770.8,0.12012,3.4543,7.50939,0
770.9,0.1201,3.45432,7.50939,0
771,0.12009,3.45433,7.50939,0
771.1,0.12008,3.45435,7.50939,0
771.2,0.12008,3.45438,7.50939,0
771.3,0.1201,3.45442,7.50939,0
771.4,0.1201,3.45446,7.50939,0
771.5,0.1201,3.45448,7.50939,0
771.6,0.12009,3.45449,7.50939,0
771.7,0.12008,3.45451,7.50939,0
771.8,0.12008,3.45453,7.50939,0
771.9,0.1201,3.45457,7.50939,0
772,0.12011,3.45461,7.50939,0
772.1,0.12011,3.45465,7.50939,0
772.2,0.1201,3.45467,7.50939,0
772.3,0.12008,3.45468,7.50939,0
772.4,0.12008,3.4547,7.50939,0
772.5,0.12009,3.45474,7.50939,0
772.6,0.12011,3.45478,7.50939,0
772.7,0.12011,3.45481,7.50939,0
772.8,0.12009,3.45483,7.50939,0
772.9,0.12008,3.45484,7.50939,0
773,0.12007,3.45487,7.50939,0
773.1,0.12007,3.4549,7.50939,0
773.2,0.12008,3.45494,7.50939,0
773.3,0.12009,3.45498,7.50939,0
773.4,0.12008,3.45501,7.50939,0
773.5,0.12006,3.45502,7.50939,0
773.6,0.12004,3.45504,7.50939,0
773.7,0.12003,3.45506,7.50939,0
773.8,0.12005,3.45509,7.50939,0
773.9,0.12006,3.45514,7.50939,0
774,0.12006,3.45518,7.50939,0
774.1,0.12005,3.4552,7.50939,0
774.2,0.12003,3.45522,7.50939,0
774.3,0.12003,3.45525,7.50939,0
774.4,0.12004,3.45529,7.50939,0
774.5,0.12006,3.45533,7.50939,0
774.6,0.12006,3.45537,7.50939,0
774.7,0.12006,3.45539,7.50939,0
774.8,0.12005,3.45541,7.50939,0
774.9,0.12004,3.45544,7.50939,0
775,0.12004,3.45548,7.50939,0
775.1,0.12006,3.45552,7.50939,0
775.2,0.12008,3.45556,7.50939,0
775.3,0.12008,3.45561,7.50939,0
775.4,0.12006,3.45564,7.50939,0
775.5,0.12004,3.45566,7.50939,0
775.6,0.12004,3.45569,7.50939,0
775.7,0.12006,3.45572,7.50939,0
775.8,0.12007,3.45577,7.50939,0
775.9,0.12007,3.45582,7.50939,0
776,0.12006,3.45584,7.50939,0
776.1,0.12004,3.45586,7.50939,0
776.2,0.12003,3.45589,7.50939,0
776.3,0.12004,3.45593,7.50939,0
776.4,0.12006,3.45597,7.50939,0
776.5,0.12007,3.45601,7.50939,0
776.6,0.12007,3.45604,7.50939,0
776.7,0.12005,3.45606,7.50939,0
776.8,0.12004,3.45608,7.50939,0
776.9,0.12003,3.45611,7.50939,0
777,0.12004,3.45614,7.50939,0
777.1,0.12006,3.45619,7.50939,0
777.2,0.12006,3.45623,7.50939,0
777.3,0.12005,3.45626,7.50939,0
777.4,0.12003,3.45628,7.50939,0
777.5,0.12003,3.45631,7.50939,0
777.6,0.12004,3.45635,7.50939,0
777.7,0.12006,3.45639,7.50939,0
777.8,0.12008,3.45643,7.50939,0
777.9,0.12007,3.45646,7.50939,0
778,0.12007,3.45648,7.50939,0
778.1,0.12006,3.4565,7.50939,0
778.2,0.12006,3.45654,7.50939,0
778.3,0.12007,3.45659,7.50939,0
778.4,0.12009,3.45663,7.50939,0
778.5,0.12009,3.45668,7.50939,0
778.6,0.12008,3.45671,7.50939,0
778.7,0.12006,3.45673,7.50939,0
778.8,0.12005,3.45676,7.50939,0
778.9,0.12007,3.4568,7.50939,0
779,0.12008,3.45684,7.50939,0
779.1,0.12008,3.45688,7.50939,0
779.2,0.12007,3.45691,7.50939,0
779.3,0.12005,3.45693,7.50939,0
779.4,0.12004,3.45696,7.50939,0
779.5,0.12004,3.457,7.50939,0
779.6,0.12006,3.45704,7.50939,0
779.7,0.12007,3.45709,7.50939,0
779.8,0.12007,3.45711,7.50939,0
779.9,0.12006,3.45714,7.5094,0
780,0.12004,3.45716,7.5094,0
780.1,0.12003,3.45718,7.50939,0
780.2,0.12004,3.45722,7.50939,0
780.3,0.12006,3.45727,7.50939,0
780.4,0.12006,3.45731,7.5094,0
780.5,0.12004,3.45734,7.5094,0
780.6,0.12003,3.45736,7.5094,0
780.7,0.12002,3.45739,7.5094,0
780.8,0.12002,3.45744,7.5094,0
780.9,0.12003,3.45748,7.5094,0
781,0.12004,3.45753,7.5094,0
781.1,0.12003,3.45756,7.5094,0
781.2,0.12001,3.45758,7.5094,0
781.3,0.12,3.45761,7.5094,0
781.4,0.12,3.45764,7.5094,0
781.5,0.12002,3.45769,7.5094,0
781.6,0.12004,3.45773,7.5094,0
781.7,0.12005,3.45778,7.5094,0
781.8,0.12005,3.45782,7.5094,0
781.9,0.12003,3.45784,7.5094,0
782,0.12002,3.45787,7.5094,0
782.1,0.12004,3.45791,7.5094,0
782.2,0.12006,3.45796,7.5094,0
782.3,0.12006,3.45801,7.5094,0
782.4,0.12005,3.45804,7.5094,0
782.5,0.12003,3.45806,7.5094,0
782.6,0.12003,3.45809,7.5094,0
782.7,0.12003,3.45814,7.5094,0
782.8,0.12005,3.45819,7.5094,0
782.9,0.12007,3.45824,7.5094,0
783,0.12006,3.45828,7.5094,0
783.1,0.12004,3.4583,7.5094,0
783.2,0.12003,3.45833,7.5094,0
783.3,0.12002,3.45836,7.5094,0
783.4,0.12003,3.4584,7.5094,0
783.5,0.12005,3.45845,7.5094,0
783.6,0.12005,3.45849,7.5094,0
783.7,0.12004,3.45852,7.5094,0
783.8,0.12002,3.45855,7.5094,0
783.9,0.12,3.45858,7.5094,0
784,0.12001,3.45863,7.5094,0
784.1,0.12003,3.45868,7.5094,0
784.2,0.12005,3.45873,7.5094,0
784.3,0.12005,3.45876,7.5094,0
784.4,0.12003,3.45878,7.5094,0
784.5,0.12002,3.45882,7.5094,0
784.6,0.12003,3.45886,7.5094,0
784.7,0.12005,3.45891,7.5094,0
784.8,0.12006,3.45897,7.5094,0
784.9,0.12007,3.45902,7.5094,0
785,0.12006,3.45906,7.5094,0
785.1,0.12004,3.45909,7.5094,0
785.2,0.12004,3.45912,7.5094,0
785.3,0.12006,3.45916,7.5094,0
785.4,0.12007,3.45922,7.5094,0
785.5,0.12008,3.45926,7.5094,0
785.6,0.12007,3.4593,7.5094,0
785.7,0.12005,3.45933,7.5094,0
785.8,0.12004,3.45936,7.5094,0
785.9,0.12004,3.45941,7.5094,0
786,0.12006,3.45946,7.5094,0
786.1,0.12007,3.45951,7.5094,0
786.2,0.12007,3.45954,7.5094,0
786.3,0.12006,3.45957,7.5094,0
786.4,0.12004,3.4596,7.5094,0
786.5,0.12002,3.45963,7.5094,0
786.6,0.12003,3.45967,7.5094,0
786.7,0.12005,3.45973,7.5094,0
786.8,0.12006,3.45978,7.5094,0
786.9,0.12004,3.45981,7.5094,0
787,0.12002,3.45984,7.5094,0
787.1,0.12002,3.45988,7.5094,0
787.2,0.12003,3.45993,7.5094,0
787.3,0.12005,3.45998,7.50939,0
787.4,0.12005,3.46003,7.50939,0
787.5,0.12005,3.46007,7.5094,0
787.6,0.12003,3.4601,7.5094,0
787.7,0.12002,3.46013,7.5094,0
787.8,0.12002,3.46018,7.5094,0
787.9,0.12004,3.46024,7.50939,0
788,0.12005,3.4603,7.50939,0
788.1,0.12006,3.46035,7.50939,0
788.2,0.12004,3.46039,7.50939,0
788.3,0.12003,3.46042,7.50939,0
788.4,0.12003,3.46046,7.50939,0
788.5,0.12004,3.46051,7.50939,0
788.6,0.12006,3.46056,7.50939,0
788.7,0.12007,3.46061,7.50939,0
788.8,0.12006,3.46065,7.50939,0
788.9,0.12004,3.46068,7.50939,0
789,0.12004,3.46072,7.50939,0
789.1,0.12004,3.46077,7.50939,0
789.2,0.12005,3.46083,7.50939,0
789.3,0.12006,3.46088,7.50939,0
789.4,0.12006,3.46092,7.50939,0
789.5,0.12005,3.46095,7.50939,0
789.6,0.12003,3.46098,7.50939,0
789.7,0.12002,3.46102,7.50939,0
789.8,0.12004,3.46106,7.50939,0
789.9,0.12006,3.46112,7.50939,0
790,0.12006,3.46118,7.50939,0
790.1,0.12004,3.46122,7.50939,0
790.2,0.12002,3.46125,7.50939,0
790.3,0.12001,3.46129,7.50939,0
790.4,0.12002,3.46135,7.50939,0
790.5,0.12003,3.46141,7.50939,0
790.6,0.12005,3.46146,7.50939,0
790.7,0.12004,3.4615,7.50939,0
790.8,0.12002,3.46153,7.50939,0
790.9,0.12001,3.46157,7.50939,0
791,0.12001,3.46162,7.50939,0
791.1,0.12003,3.46167,7.50939,0
791.2,0.12004,3.46173,7.50939,0
791.3,0.12005,3.46179,7.50939,0
791.4,0.12004,3.46183,7.50939,0
791.5,0.12003,3.46187,7.50939,0
791.6,0.12002,3.46191,7.50939,0
791.7,0.12003,3.46196,7.50939,0
791.8,0.12004,3.46202,7.50939,0
791.9,0.12006,3.46207,7.50939,0
792,0.12004,3.46211,7.50939,0
792.1,0.12003,3.46215,7.50939,0
792.2,0.12002,3.46219,7.50939,0
792.3,0.12002,3.46224,7.50939,0
792.4,0.12003,3.4623,7.50939,0
792.5,0.12005,3.46236,7.50939,0
792.6,0.12004,3.46241,7.50939,0
792.7,0.12002,3.46244,7.50939,0
792.8,0.12001,3.46248,7.50939,0
792.9,0.11999,3.46252,7.50939,0
793,0.12,3.46257,7.50939,0
793.1,0.12001,3.46263,7.50939,0
793.2,0.12002,3.46268,7.50939,0
793.3,0.12,3.46273,7.50939,0
793.4,0.11998,3.46276,7.50939,0
793.5,0.11997,3.46281,7.50939,0
793.6,0.11998,3.46286,7.50939,0
793.7,0.11999,3.46292,7.50939,0
793.8,0.12,3.46297,7.50939,0
793.9,0.12,3.46302,7.50939,0
794,0.11998,3.46305,7.50939,0
794.1,0.11997,3.4631,7.50939,0
794.2,0.11998,3.46315,7.50939,0
794.3,0.11999,3.46321,7.50939,0
794.4,0.12001,3.46328,7.50939,0
794.5,0.12002,3.46334,7.50939,0
794.6,0.12,3.46339,7.50939,0
794.7,0.11998,3.46342,7.50939,0
794.8,0.11997,3.46347,7.5094,0
794.9,0.11999,3.46352,7.50939,0
795,0.12,3.46359,7.50939,0
795.1,0.12002,3.46364,7.50939,0
795.2,0.12001,3.46369,7.50939,0
795.3,0.11999,3.46372,7.50939,0
795.4,0.11998,3.46377,7.50939,0
795.5,0.11998,3.46383,7.50939,0
795.6,0.12,3.46389,7.50939,0
795.7,0.12001,3.46395,7.50939,0
795.8,0.12001,3.46399,7.50939,0
795.9,0.12,3.46403,7.5094,0
796,0.11998,3.46407,7.5094,0
796.1,0.11997,3.46411,7.5094,0
796.2,0.11998,3.46417,7.50939,0
796.3,0.11999,3.46423,7.50939,0
796.4,0.12,3.46429,7.50939,0
796.5,0.11998,3.46433,7.5094,0
796.6,0.11997,3.46437,7.5094,0
796.7,0.11996,3.46442,7.5094,0
796.8,0.11997,3.46447,7.5094,0
796.9,0.11998,3.46454,7.5094,0
797,0.12,3.4646,7.5094,0
797.1,0.12,3.46465,7.5094,0
797.2,0.11998,3.46469,7.5094,0
797.3,0.11997,3.46473,7.5094,0
797.4,0.11998,3.46478,7.5094,0
797.5,0.12,3.46485,7.5094,0
797.6,0.12001,3.46491,7.5094,0
797.7,0.12001,3.46498,7.5094,0
797.8,0.12,3.46503,7.5094,0
797.9,0.11998,3.46507,7.5094,0
798,0.11998,3.46511,7.5094,0
798.1,0.11999,3.46517,7.5094,0
798.2,0.12001,3.46524,7.5094,0
798.3,0.12002,3.4653,7.5094,0
798.4,0.12001,3.46535,7.5094,0
798.5,0.12,3.46539,7.5094,0
798.6,0.11999,3.46543,7.5094,0
798.7,0.11999,3.46549,7.5094,0
798.8,0.12,3.46556,7.5094,0
798.9,0.12001,3.46562,7.5094,0
799,0.12,3.46567,7.5094,0
799.1,0.11999,3.46571,7.5094,0
799.2,0.11997,3.46575,7.5094,0
799.3,0.11995,3.4658,7.5094,0
799.4,0.11997,3.46585,7.5094,0
799.5,0.11998,3.46592,7.5094,0
799.6,0.11998,3.46599,7.5094,0
799.7,0.11997,3.46603,7.5094,0
799.8,0.11995,3.46608,7.5094,0
799.9,0.11994,3.46613,7.5094,0
800,0.11994,3.46619,7.5094,0
800.1,0.11996,3.46626,7.5094,0
800.2,0.11997,3.46632,7.5094,0
800.3,0.11996,3.46637,7.5094,0
800.4,0.11994,3.46641,7.5094,0
800.5,0.11994,3.46646,7.5094,0
800.6,0.11994,3.46652,7.5094,0
800.7,0.11996,3.46658,7.5094,0
800.8,0.11997,3.46665,7.5094,0
800.9,0.11998,3.46672,7.5094,0
801,0.11996,3.46677,7.5094,0
801.1,0.11995,3.46682,7.5094,0
801.2,0.11994,3.46687,7.5094,0
801.3,0.11995,3.46693,7.5094,0
801.4,0.11997,3.467,7.5094,0
801.5,0.11998,3.46706,7.5094,0
801.6,0.11997,3.46711,7.5094,0
801.7,0.11995,3.46716,7.5094,0
801.8,0.11994,3.46721,7.5094,0
801.9,0.11995,3.46727,7.5094,0
802,0.11996,3.46734,7.5094,0
802.1,0.11997,3.46741,7.5094,0
802.2,0.11996,3.46746,7.5094,0
802.3,0.11995,3.46751,7.5094,0
802.4,0.11993,3.46755,7.5094,0
802.5,0.11992,3.4676,7.5094,0
802.6,0.11993,3.46766,7.5094,0
802.7,0.11995,3.46773,7.5094,0
802.8,0.11996,3.46779,7.5094,0
802.9,0.11994,3.46785,7.5094,0
803,0.11992,3.46789,7.5094,0
803.1,0.11992,3.46794,7.5094,0
803.2,0.11992,3.46801,7.5094,0
803.3,0.11994,3.46808,7.5094,0
803.4,0.11995,3.46815,7.5094,0
803.5,0.11994,3.4682,7.5094,0
803.6,0.11992,3.46824,7.5094,0
803.7,0.11991,3.4683,7.5094,0
803.8,0.11991,3.46836,7.5094,0
803.9,0.11993,3.46843,7.5094,0
804,0.11994,3.46851,7.5094,0
804.1,0.11994,3.46858,7.5094,0
804.2,0.11993,3.46864,7.5094,0
804.3,0.11991,3.46868,7.5094,0
804.4,0.11991,3.46874,7.5094,0
804.5,0.11992,3.4688,7.5094,0
804.6,0.11994,3.46888,7.5094,0
804.7,0.11995,3.46894,7.5094,0
804.8,0.11995,3.469,7.50939,0
804.9,0.11993,3.46904,7.5094,0
805,0.11992,3.4691,7.5094,0
805.1,0.11993,3.46916,7.5094,0
805.2,0.11994,3.46924,7.50939,0
805.3,0.11996,3.4693,7.50939,0
805.4,0.11997,3.46936,7.50939,0
805.5,0.11996,3.46941,7.5094,0
805.6,0.11994,3.46945,7.5094,0
805.7,0.11993,3.4695,7.5094,0
805.8,0.11994,3.46957,7.50939,0
805.9,0.11995,3.46964,7.50939,0
806,0.11996,3.46971,7.50939,0
806.1,0.11995,3.46976,7.50939,0
806.2,0.11993,3.46981,7.5094,0
806.3,0.11992,3.46987,7.5094,0
806.4,0.11993,3.46994,7.5094,0
806.5,0.11994,3.47001,7.50939,0
806.6,0.11995,3.47008,7.50939,0
806.7,0.11994,3.47013,7.50939,0
806.8,0.11993,3.47018,7.50939,0
806.9,0.11992,3.47024,7.50939,0
807,0.11991,3.47031,7.50939,0
807.1,0.11993,3.47038,7.50939,0
807.2,0.11995,3.47046,7.50939,0
807.3,0.11995,3.47053,7.50939,0
807.4,0.11994,3.47059,7.50939,0
807.5,0.11992,3.47064,7.50939,0
807.6,0.11992,3.47069,7.50939,0
807.7,0.11993,3.47076,7.50939,0
807.8,0.11995,3.47084,7.50939,0
807.9,0.11995,3.47091,7.50939,0
808,0.11994,3.47097,7.50939,0
808.1,0.11993,3.47102,7.50939,0
808.2,0.11992,3.47108,7.50939,0
808.3,0.11993,3.47114,7.50939,0
808.4,0.11994,3.47122,7.50939,0
808.5,0.11995,3.47128,7.50939,0
808.6,0.11995,3.47134,7.50939,0
808.7,0.11993,3.47139,7.50939,0
808.8,0.11991,3.47144,7.50939,0
808.9,0.11991,3.47149,7.50939,0
809,0.11993,3.47156,7.50939,0
809.1,0.11994,3.47164,7.50939,0
809.2,0.11995,3.47171,7.50939,0
809.3,0.11994,3.47177,7.50939,0
809.4,0.11992,3.47182,7.50939,0
809.5,0.1199,3.47187,7.50939,0
809.6,0.11989,3.47194,7.50939,0
809.7,0.11991,3.47202,7.50939,0
809.8,0.11992,3.4721,7.50939,0
809.9,0.11992,3.47215,7.50939,0
810,0.1199,3.4722,7.50939,0
810.1,0.11988,3.47226,7.50939,0
810.2,0.11988,3.47232,7.50939,0
810.3,0.1199,3.47239,7.50939,0
810.4,0.11992,3.47247,7.50939,0
810.5,0.11992,3.47254,7.50939,0
810.6,0.11991,3.4726,7.50939,0
810.7,0.11989,3.47266,7.50939,0
810.8,0.11989,3.47271,7.50939,0
810.9,0.1199,3.47277,7.50939,0
811,0.11992,3.47285,7.50939,0
811.1,0.11993,3.47292,7.50939,0
811.2,0.11992,3.47297,7.50939,0
811.3,0.11991,3.47302,7.50939,0
811.4,0.1199,3.47308,7.50939,0
811.5,0.1199,3.47315,7.50939,0
811.6,0.11992,3.47322,7.50939,0
811.7,0.11993,3.4733,7.50939,0
811.8,0.11993,3.47336,7.50939,0
811.9,0.11991,3.47341,7.50939,0
812,0.11989,3.47346,7.50939,0
812.1,0.11989,3.47352,7.50939,0
812.2,0.11991,3.47358,7.50939,0
812.3,0.11992,3.47366,7.50939,0
812.4,0.11992,3.47373,7.50939,0
812.5,0.11991,3.47378,7.50939,0
812.6,0.11989,3.47383,7.50939,0
812.7,0.11988,3.47389,7.50939,0
812.8,0.11989,3.47396,7.50939,0
812.9,0.1199,3.47403,7.50939,0
813,0.11992,3.47411,7.50939,0
813.1,0.11991,3.47416,7.50939,0
813.2,0.11989,3.47421,7.50939,0
813.3,0.11987,3.47427,7.50939,0
813.4,0.11987,3.47434,7.50939,0
813.5,0.11989,3.47442,7.50939,0
813.6,0.1199,3.47449,7.50939,0
813.7,0.11991,3.47457,7.50939,0
813.8,0.11989,3.47463,7.50939,0
813.9,0.11988,3.47468,7.50939,0
814,0.11987,3.47474,7.50939,0
814.1,0.11987,3.47481,7.50939,0
814.2,0.11989,3.47488,7.50939,0
814.3,0.11991,3.47495,7.50939,0
814.4,0.1199,3.47501,7.50939,0
814.5,0.11988,3.47506,7.50939,0
814.6,0.11987,3.47512,7.50939,0
814.7,0.11987,3.47518,7.50939,0
814.8,0.11989,3.47526,7.50939,0
814.9,0.1199,3.47533,7.50939,0
815,0.11991,3.47539,7.50939,0
815.1,0.11989,3.47544,7.50939,0
815.2,0.11987,3.47549,7.5094,0
815.3,0.11987,3.47554,7.5094,0
815.4,0.11988,3.47561,7.5094,0
815.5,0.1199,3.47569,7.50939,0
815.6,0.11991,3.47576,7.50939,0
815.7,0.11989,3.47581,7.50939,0
815.8,0.11987,3.47586,7.5094,0
815.9,0.11986,3.47592,7.5094,0
816,0.11987,3.47599,7.5094,0
816.1,0.11988,3.47607,7.5094,0
816.2,0.11989,3.47614,7.5094,0
816.3,0.11989,3.4762,7.5094,0
816.4,0.11988,3.47625,7.5094,0
816.5,0.11986,3.47631,7.5094,0
816.6,0.11985,3.47638,7.5094,0
816.7,0.11987,3.47646,7.5094,0
816.8,0.11989,3.47653,7.5094,0
816.9,0.11989,3.47661,7.5094,0
817,0.11988,3.47667,7.5094,0
817.1,0.11987,3.47672,7.5094,0
817.2,0.11985,3.47678,7.5094,0
817.3,0.11985,3.47685,7.5094,0
817.4,0.11987,3.47693,7.5094,0
817.5,0.11988,3.477,7.5094,0
817.6,0.11987,3.47706,7.5094,0
817.7,0.11986,3.47711,7.5094,0
817.8,0.11985,3.47717,7.5094,0
817.9,0.11985,3.47723,7.5094,0
818,0.11986,3.47731,7.5094,0
818.1,0.11988,3.47739,7.5094,0
818.2,0.11988,3.47745,7.5094,0
818.3,0.11986,3.4775,7.5094,0
818.4,0.11984,3.47755,7.5094,0
818.5,0.11984,3.47761,7.5094,0
818.6,0.11986,3.47768,7.5094,0
818.7,0.11987,3.47775,7.5094,0
818.8,0.11988,3.47783,7.5094,0
818.9,0.11986,3.47789,7.5094,0
819,0.11985,3.47794,7.5094,0
819.1,0.11984,3.47799,7.5094,0
819.2,0.11984,3.47807,7.5094,0
819.3,0.11985,3.47814,7.5094,0
819.4,0.11987,3.47822,7.5094,0
819.5,0.11986,3.47828,7.5094,0
819.6,0.11984,3.47833,7.5094,0
819.7,0.11982,3.47839,7.5094,0
819.8,0.11982,3.47845,7.5094,0
819.9,0.11984,3.47852,7.5094,0
820,0.11985,3.4786,7.5094,0
820.1,0.11985,3.47868,7.5094,1
820.2,0.11984,3.47874,7.5094,1
820.3,0.11982,3.47879,7.5094,1
820.4,0.11981,3.47885,7.5094,1
820.5,0.11982,3.47892,7.5094,1
820.6,0.11984,3.479,7.5094,1
820.7,0.11985,3.47907,7.5094,1
820.8,0.11984,3.47913,7.5094,1
820.9,0.11983,3.47918,7.5094,1
821,0.11982,3.47924,7.5094,1
821.1,0.11982,3.4793,7.5094,1
821.2,0.11983,3.47938,7.5094,1
821.3,0.11985,3.47946,7.5094,1
821.4,0.11985,3.47952,7.5094,1
821.5,0.11983,3.47958,7.5094,1
821.6,0.11981,3.47963,7.5094,1
821.7,0.11981,3.47968,7.5094,1
821.8,0.11983,3.47975,7.5094,1
821.9,0.11984,3.47982,7.5094,1
822,0.11985,3.4799,7.5094,1
822.1,0.11983,3.47996,7.5094,1
822.2,0.11981,3.48001,7.5094,1
822.3,0.1198,3.48006,7.5094,1
822.4,0.11981,3.48013,7.5094,1
822.5,0.11982,3.48021,7.5094,1
822.6,0.11983,3.48028,7.50939,1
822.7,0.11982,3.48034,7.50939,1
822.8,0.11981,3.4804,7.50939,1
822.9,0.11979,3.48045,7.5094,1
823,0.11979,3.48052,7.5094,1
823.1,0.1198,3.4806,7.5094,1
823.2,0.11982,3.48068,7.50939,1
823.3,0.11982,3.48076,7.50939,1
823.4,0.1198,3.48082,7.50939,1
823.5,0.11979,3.48087,7.50939,1
823.6,0.11978,3.48093,7.50939,1
823.7,0.11979,3.481,7.50939,1
823.8,0.11981,3.48108,7.50939,1
823.9,0.11982,3.48115,7.50939,1
824,0.11981,3.48122,7.50939,1
824.1,0.1198,3.48127,7.50939,1
824.2,0.11979,3.48132,7.50939,1
824.3,0.11979,3.4814,7.50939,1
824.4,0.11981,3.48147,7.50939,1
824.5,0.11983,3.48155,7.50939,1
824.6,0.11983,3.48161,7.50939,1
824.7,0.11982,3.48166,7.50939,1
824.8,0.1198,3.48171,7.50939,1
824.9,0.1198,3.48176,7.50939,1
825,0.11981,3.48183,7.50939,1
825.1,0.11983,3.48191,7.50939,1
825.2,0.11983,3.48198,7.50939,1
825.3,0.11981,3.48204,7.50939,1
825.4,0.1198,3.48209,7.50939,1
825.5,0.11979,3.48215,7.50939,1
825.6,0.11979,3.48221,7.50939,1
825.7,0.11981,3.48229,7.50939,1
825.8,0.11981,3.48236,7.50939,1
825.9,0.11981,3.48242,7.50939,1
826,0.11979,3.48247,7.50939,1
826.1,0.11977,3.48253,7.50939,1
826.2,0.11976,3.4826,7.50939,1
826.3,0.11978,3.48268,7.50939,1
826.4,0.1198,3.48276,7.50939,1
826.5,0.1198,3.48283,7.50939,1
826.6,0.11979,3.4829,7.50939,1
826.7,0.11977,3.48295,7.50939,1
826.8,0.11976,3.483,7.50939,1
826.9,0.11977,3.48308,7.50939,1
827,0.11978,3.48315,7.50939,1
827.1,0.11979,3.48323,7.50939,1
827.2,0.11979,3.48328,7.50939,1
827.3,0.11977,3.48334,7.50939,1
827.4,0.11976,3.48339,7.50939,1
827.5,0.11977,3.48346,7.50939,1
827.6,0.11978,3.48354,7.50939,1
827.7,0.1198,3.48361,7.50939,1
827.8,0.1198,3.48367,7.50939,1
827.9,0.11978,3.48372,7.50939,1
828,0.11976,3.48377,7.50939,1
828.1,0.11975,3.48383,7.50939,1
828.2,0.11977,3.4839,7.50939,1
828.3,0.11978,3.48397,7.50939,1
828.4,0.11978,3.48404,7.50939,1
828.5,0.11976,3.4841,7.50939,1
828.6,0.11975,3.48415,7.50939,1
828.7,0.11974,3.48421,7.50939,1
828.8,0.11974,3.48428,7.50939,1
828.9,0.11975,3.48436,7.50939,1
829,0.11976,3.48443,7.50939,1
829.1,0.11975,3.48449,7.50939,1
829.2,0.11973,3.48454,7.50939,1
829.3,0.11971,3.48459,7.50939,1
829.4,0.1197,3.48466,7.50939,1
829.5,0.11972,3.48473,7.50939,1
829.6,0.11974,3.4848,7.50939,1
829.7,0.11973,3.48488,7.50939,1
829.8,0.11972,3.48494,7.50939,1
829.9,0.1197,3.48499,7.50939,1
830,0.11969,3.48504,7.50939,1
830.1,0.1197,3.48511,7.50939,1
830.2,0.11972,3.48519,7.50939,1
830.3,0.11973,3.48526,7.50939,1
830.4,0.11972,3.48532,7.50939,1
830.5,0.11971,3.48537,7.50939,1
830.6,0.1197,3.48542,7.50939,1
830.7,0.1197,3.48549,7.50939,1
830.8,0.11971,3.48557,7.50939,1
830.9,0.11973,3.48565,7.50939,1
831,0.11973,3.48571,7.50939,1
831.1,0.11971,3.48576,7.50939,1
831.2,0.1197,3.48581,7.50939,1
831.3,0.1197,3.48586,7.5094,1
831.4,0.11971,3.48593,7.5094,1
831.5,0.11973,3.486,7.5094,1
831.6,0.11973,3.48607,7.50939,1
831.7,0.11971,3.48613,7.50939,1
831.8,0.11969,3.48618,7.50939,1
831.9,0.11968,3.48624,7.5094,1
832,0.11968,3.48631,7.5094,1
832.1,0.1197,3.48638,7.5094,1
832.2,0.1197,3.48645,7.5094,1
832.3,0.1197,3.48651,7.5094,1
832.4,0.11968,3.48656,7.5094,1
832.5,0.11966,3.48662,7.5094,1
832.6,0.11965,3.48668,7.5094,1
832.7,0.11967,3.48676,7.5094,1
832.8,0.11969,3.48684,7.5094,1
832.9,0.11968,3.48691,7.5094,1
833,0.11967,3.48698,7.5094,1
833.1,0.11965,3.48703,7.5094,1
833.2,0.11964,3.48708,7.5094,1
833.3,0.11965,3.48715,7.5094,1
833.4,0.11967,3.48722,7.5094,1
833.5,0.11967,3.48729,7.5094,1
833.6,0.11967,3.48735,7.5094,1
833.7,0.11965,3.4874,7.5094,1
833.8,0.11964,3.48745,7.5094,1
833.9,0.11965,3.48752,7.5094,1
834,0.11966,3.48759,7.5094,1
834.1,0.11968,3.48766,7.5094,1
834.2,0.11968,3.48772,7.5094,1
834.3,0.11967,3.48777,7.5094,1
834.4,0.11965,3.48782,7.5094,1
834.5,0.11965,3.48787,7.5094,1
834.6,0.11966,3.48793,7.5094,1
834.7,0.11968,3.48801,7.5094,1
834.8,0.11968,3.48807,7.5094,1
834.9,0.11967,3.48813,7.5094,1
835,0.11965,3.48818,7.5094,1
835.1,0.11964,3.48823,7.5094,1
835.2,0.11964,3.4883,7.5094,1
835.3,0.11965,3.48837,7.5094,1
835.4,0.11966,3.48844,7.5094,1
835.5,0.11965,3.4885,7.5094,1
835.6,0.11963,3.48854,7.5094,1
835.7,0.11961,3.4886,7.5094,1
835.8,0.11961,3.48866,7.5094,1
835.9,0.11962,3.48874,7.5094,1
836,0.11964,3.48881,7.5094,1
836.1,0.11963,3.48888,7.5094,1
836.2,0.11962,3.48894,7.5094,1
836.3,0.1196,3.48899,7.5094,1
836.4,0.11959,3.48904,7.5094,1
836.5,0.11959,3.4891,7.5094,1
836.6,0.11961,3.48917,7.5094,1
836.7,0.11961,3.48924,7.5094,1
836.8,0.11961,3.4893,7.5094,1
836.9,0.1196,3.48934,7.5094,1
837,0.11959,3.4894,7.5094,1
837.1,0.11959,3.48946,7.5094,1
837.2,0.1196,3.48954,7.5094,1
837.3,0.11962,3.4896,7.5094,1
837.4,0.11962,3.48966,7.5094,1
837.5,0.1196,3.4897,7.5094,1
837.6,0.11958,3.48975,7.5094,1
837.7,0.11958,3.4898,7.5094,1
837.8,0.11959,3.48986,7.5094,1
837.9,0.11961,3.48993,7.5094,1
838,0.11961,3.49001,7.5094,1
838.1,0.11959,3.49006,7.5094,1
838.2,0.11958,3.4901,7.5094,1
838.3,0.11956,3.49015,7.5094,1
838.4,0.11956,3.49021,7.5094,1
838.5,0.11958,3.49029,7.5094,1
838.6,0.11959,3.49035,7.5094,1
838.7,0.11958,3.49041,7.5094,1
838.8,0.11957,3.49045,7.5094,1
838.9,0.11955,3.4905,7.5094,1
839,0.11954,3.49056,7.5094,1
839.1,0.11955,3.49063,7.5094,1
839.2,0.11956,3.4907,7.5094,1
839.3,0.11956,3.49077,7.5094,1
839.4,0.11955,3.49082,7.5094,1
839.5,0.11953,3.49087,7.5094,1
839.6,0.11952,3.49092,7.5094,1
839.7,0.11953,3.49098,7.5094,1
839.8,0.11955,3.49105,7.5094,1
839.9,0.11956,3.49112,7.5094,1
840,0.11956,3.49117,7.5094,1
840.1,0.11954,3.49121,7.5094,1
840.2,0.11953,3.49126,7.5094,1
840.3,0.11953,3.49132,7.5094,1
840.4,0.11954,3.49139,7.5094,1
840.5,0.11956,3.49146,7.5094,1
840.6,0.11956,3.49152,7.5094,1
840.7,0.11954,3.49156,7.5094,1
840.8,0.11952,3.49161,7.5094,1
840.9,0.11951,3.49165,7.5094,1
841,0.11952,3.49171,7.5094,1
841.1,0.11954,3.49178,7.5094,1
841.2,0.11954,3.49185,7.5094,1
841.3,0.11952,3.4919,7.5094,1
841.4,0.1195,3.49195,7.5094,1
841.5,0.11949,3.49199,7.5094,1
841.6,0.11949,3.49204,7.5094,1
841.7,0.1195,3.49211,7.5094,1
841.8,0.11952,3.49218,7.5094,1
841.9,0.11951,3.49223,7.50939,1
842,0.1195,3.49227,7.50939,1
842.1,0.11948,3.49232,7.50939,1
842.2,0.11947,3.49238,7.5094,1
842.3,0.11949,3.49245,7.5094,1
842.4,0.1195,3.49252,7.5094,1
842.5,0.1195,3.49259,7.5094,1
842.6,0.11948,3.49264,7.5094,1
842.7,0.11946,3.49268,7.5094,1
842.8,0.11945,3.49273,7.5094,1
842.9,0.11946,3.49279,7.5094,1
843,0.11948,3.49286,7.5094,1
843.1,0.11949,3.49292,7.5094,1
843.2,0.11948,3.49297,7.50939,1
843.3,0.11947,3.49301,7.50939,1
843.4,0.11946,3.49306,7.50939,1
843.5,0.11946,3.49312,7.5094,1
843.6,0.11948,3.49318,7.5094,1
843.7,0.11949,3.49325,7.5094,1
843.8,0.1195,3.4933,7.50939,1
843.9,0.11948,3.49334,7.50939,1
844,0.11946,3.49338,7.50939,1
844.1,0.11945,3.49342,7.50939,1
844.2,0.11947,3.49348,7.50939,1
844.3,0.11948,3.49355,7.50939,1
844.4,0.11949,3.49361,7.50939,1
844.5,0.11947,3.49366,7.50939,1
844.6,0.11945,3.4937,7.50939,1
844.7,0.11944,3.49374,7.50939,1
844.8,0.11944,3.4938,7.5094,1
844.9,0.11945,3.49387,7.5094,1
845,0.11946,3.49394,7.5094,1
845.1,0.11945,3.49398,7.50939,1
845.2,0.11943,3.49402,7.50939,1
845.3,0.11941,3.49407,7.50939,1
845.4,0.1194,3.49413,7.5094,1
845.5,0.11942,3.49419,7.5094,1
845.6,0.11943,3.49426,7.5094,1
845.7,0.11943,3.49432,7.5094,1
845.8,0.11941,3.49437,7.50939,1
845.9,0.11939,3.49441,7.50939,1
846,0.11938,3.49445,7.50939,1
846.1,0.11938,3.49451,7.5094,1
846.2,0.1194,3.49458,7.5094,1
846.3,0.1194,3.49464,7.5094,1
846.4,0.1194,3.49468,7.50939,1
846.5,0.11939,3.49472,7.50939,1
846.6,0.11938,3.49476,7.50939,1
846.7,0.11938,3.49482,7.5094,1
846.8,0.11939,3.49488,7.5094,1
846.9,0.1194,3.49494,7.5094,1
847,0.11941,3.49499,7.5094,1
847.1,0.11939,3.49502,7.5094,1
847.2,0.11937,3.49506,7.5094,1
847.3,0.11937,3.4951,7.5094,1
847.4,0.11938,3.49515,7.5094,1
847.5,0.11939,3.49522,7.5094,1
847.6,0.1194,3.49527,7.5094,1
847.7,0.11938,3.49532,7.5094,1
847.8,0.11936,3.49535,7.5094,1
847.9,0.11935,3.4954,7.5094,1
848,0.11935,3.49545,7.5094,1
848.1,0.11936,3.49551,7.5094,1
848.2,0.11937,3.49557,7.5094,1
848.3,0.11936,3.49561,7.5094,1
848.4,0.11934,3.49565,7.5094,1
848.5,0.11932,3.49569,7.5094,1
848.6,0.11931,3.49574,7.5094,1
848.7,0.11932,3.49579,7.5094,1
848.8,0.11933,3.49585,7.5094,1
848.9,0.11933,3.49591,7.5094,1
849,0.11932,3.49596,7.5094,1
849.1,0.1193,3.49599,7.5094,1
849.2,0.1193,3.49603,7.5094,1
849.3,0.11931,3.49609,7.5094,1
849.4,0.11932,3.49615,7.5094,1
849.5,0.11933,3.49621,7.5094,1
849.6,0.11933,3.49625,7.5094,1
849.7,0.11931,3.49628,7.5094,1
849.8,0.1193,3.49632,7.5094,1
849.9,0.1193,3.49638,7.5094,1
850,0.11931,3.49644,7.5094,1
850.1,0.11933,3.4965,7.5094,1
850.2,0.11933,3.49654,7.5094,1
850.3,0.11931,3.49657,7.5094,1
850.4,0.11929,3.49661,7.5094,1
850.5,0.11928,3.49664,7.5094,1
850.6,0.11929,3.49669,7.5094,1
850.7,0.11931,3.49675,7.5094,1
850.8,0.11931,3.4968,7.5094,1
850.9,0.1193,3.49684,7.5094,1
851,0.11928,3.49687,7.5094,1
851.1,0.11926,3.49691,7.5094,1
851.2,0.11927,3.49696,7.5094,1
851.3,0.11928,3.49702,7.5094,1
851.4,0.1193,3.49707,7.5094,1
851.5,0.11929,3.49711,7.5094,1
851.6,0.11927,3.49714,7.5094,1
851.7,0.11925,3.49718,7.5094,1
851.8,0.11924,3.49723,7.5094,1
851.9,0.11926,3.49728,7.5094,1
852,0.11927,3.49734,7.5094,1
852.1,0.11927,3.4974,7.5094,1
852.2,0.11925,3.49744,7.5094,1
852.3,0.11923,3.49747,7.5094,1
852.4,0.11922,3.4975,7.5094,1
852.5,0.11923,3.49755,7.5094,1
852.6,0.11925,3.49761,7.5094,1
852.7,0.11925,3.49766,7.5094,1
852.8,0.11925,3.4977,7.5094,1
852.9,0.11923,3.49773,7.5094,1
853,0.11922,3.49776,7.5094,1
853.1,0.11921,3.49781,7.5094,1
853.2,0.11923,3.49787,7.5094,1
853.3,0.11924,3.49792,7.5094,1
853.4,0.11924,3.49795,7.5094,1
853.5,0.11923,3.49798,7.5094,1
853.6,0.11921,3.49801,7.5094,1
853.7,0.1192,3.49804,7.5094,1
853.8,0.11922,3.49808,7.5094,1
853.9,0.11923,3.49814,7.5094,1
854,0.11923,3.49819,7.5094,1
854.1,0.11921,3.49822,7.5094,1
854.2,0.11919,3.49825,7.5094,1
854.3,0.11918,3.49829,7.5094,1
854.4,0.11918,3.49833,7.5094,1
854.5,0.11919,3.49839,7.5094,1
854.6,0.1192,3.49844,7.5094,1
854.7,0.11919,3.49847,7.5094,1
854.8,0.11917,3.4985,7.5094,1
854.9,0.11915,3.49853,7.5094,1
855,0.11914,3.49858,7.5094,1
855.1,0.11914,3.49863,7.5094,1
855.2,0.11915,3.49868,7.5094,1
855.3,0.11916,3.49873,7.5094,1
855.4,0.11914,3.49877,7.5094,1
855.5,0.11912,3.4988,7.5094,1
855.6,0.11911,3.49883,7.5094,1
855.7,0.11911,3.49888,7.5094,1
855.8,0.11912,3.49893,7.5094,1
855.9,0.11913,3.49897,7.5094,1
856,0.11912,3.49901,7.5094,1
856.1,0.1191,3.49903,7.5094,1
856.2,0.11908,3.49907,7.5094,1
856.3,0.11908,3.4991,7.5094,1
856.4,0.11909,3.49915,7.5094,1
856.5,0.11911,3.4992,7.5094,1
856.6,0.11911,3.49923,7.5094,1
856.7,0.11909,3.49926,7.5094,1
856.8,0.11907,3.49928,7.5094,1
856.9,0.11906,3.49931,7.5094,1
857,0.11907,3.49935,7.5094,1
857.1,0.11908,3.4994,7.5094,1
857.2,0.11908,3.49944,7.5094,1
857.3,0.11906,3.49947,7.5094,1
857.4,0.11904,3.49949,7.5094,1
857.5,0.11903,3.49952,7.5094,1
857.6,0.11903,3.49956,7.5094,1
857.7,0.11905,3.49961,7.5094,1
857.8,0.11906,3.49965,7.5094,1
857.9,0.11905,3.49968,7.5094,1
858,0.11903,3.4997,7.5094,1
858.1,0.11901,3.49973,7.5094,1
858.2,0.11899,3.49976,7.5094,1
858.3,0.119,3.49981,7.5094,1
858.4,0.11901,3.49985,7.5094,1
858.5,0.11901,3.4999,7.5094,1
858.6,0.11899,3.49993,7.5094,1
858.7,0.11897,3.49996,7.5094,1
858.8,0.11897,3.49998,7.5094,1
858.9,0.11897,3.50002,7.5094,1
859,0.11899,3.50007,7.5094,1
859.1,0.11899,3.50011,7.5094,1
859.2,0.11898,3.50015,7.5094,1
859.3,0.11896,3.50018,7.5094,1
859.4,0.11895,3.5002,7.5094,1
859.5,0.11895,3.50024,7.5094,1
859.6,0.11897,3.50028,7.5094,1
859.7,0.11898,3.50033,7.5094,1
859.8,0.11899,3.50036,7.5094,1
859.9,0.11897,3.50039,7.5094,1
860,0.11894,3.50041,7.5094,1
860.1,0.11894,3.50043,7.5094,1
860.2,0.11895,3.50046,7.5094,1
860.3,0.11897,3.50051,7.5094,1
860.4,0.11897,3.50055,7.5094,1
860.5,0.11896,3.50058,7.5094,1
860.6,0.11894,3.50059,7.5094,1
860.7,0.11892,3.50062,7.5094,1
860.8,0.11893,3.50065,7.5094,1
860.9,0.11894,3.5007,7.5094,1
861,0.11895,3.50073,7.5094,1
861.1,0.11895,3.50076,7.5094,1
861.2,0.11893,3.50078,7.5094,1
861.3,0.11892,3.50081,7.5094,1
861.4,0.11891,3.50084,7.5094,1
861.5,0.11892,3.50089,7.5094,1
861.6,0.11893,3.50093,7.5094,1
861.7,0.11893,3.50097,7.5094,1
861.8,0.11891,3.501,7.5094,1
861.9,0.11889,3.50102,7.5094,1
862,0.11888,3.50105,7.5094,1
862.1,0.11888,3.50109,7.5094,1
862.2,0.1189,3.50113,7.5094,1
862.3,0.1189,3.50117,7.5094,1
862.4,0.1189,3.50119,7.5094,1
862.5,0.11888,3.50121,7.5094,1
862.6,0.11887,3.50124,7.5094,1
862.7,0.11887,3.50127,7.5094,1
862.8,0.11888,3.50132,7.5094,1
862.9,0.11889,3.50135,7.5094,1
863,0.1189,3.50138,7.5094,1
863.1,0.11888,3.5014,7.5094,1
863.2,0.11886,3.50141,7.5094,1
863.3,0.11885,3.50143,7.5094,1
863.4,0.11886,3.50147,7.5094,1
863.5,0.11888,3.50151,7.5094,1
863.6,0.11889,3.50154,7.5094,1
863.7,0.11887,3.50157,7.5094,1
863.8,0.11885,3.50158,7.5094,1
863.9,0.11884,3.50161,7.5094,1
864,0.11884,3.50164,7.5094,1
864.1,0.11885,3.50168,7.5094,1
864.2,0.11885,3.50172,7.5094,1
864.3,0.11884,3.50174,7.5094,1
864.4,0.11882,3.50175,7.5094,1
864.5,0.1188,3.50178,7.5094,1
864.6,0.11879,3.50181,7.5094,1
864.7,0.1188,3.50185,7.5094,1
864.8,0.11882,3.50189,7.5094,1
864.9,0.11882,3.50193,7.5094,1
865,0.11881,3.50195,7.5094,1
865.1,0.11879,3.50197,7.5094,1
865.2,0.11877,3.50199,7.5094,1
865.3,0.11877,3.50202,7.5094,1
865.4,0.11879,3.50206,7.5094,1
865.5,0.11879,3.50209,7.5094,1
865.6,0.11879,3.50211,7.5094,1
865.7,0.11877,3.50212,7.5094,1
865.8,0.11876,3.50214,7.5094,1
865.9,0.11876,3.50217,7.5094,1
866,0.11877,3.50221,7.5094,1
866.1,0.11878,3.50224,7.5094,1
866.2,0.11879,3.50226,7.5094,1
866.3,0.11877,3.50227,7.5094,1
866.4,0.11875,3.50228,7.5094,1
866.5,0.11874,3.5023,7.5094,1
866.6,0.11875,3.50232,7.5094,1
866.7,0.11876,3.50235,7.5094,1
866.8,0.11877,3.50238,7.5094,1
866.9,0.11875,3.5024,7.5094,1
867,0.11874,3.50241,7.5094,1
867.1,0.11872,3.50242,7.5094,1
867.2,0.11872,3.50245,7.5094,1
867.3,0.11873,3.50248,7.5094,1
867.4,0.11874,3.50252,7.5094,1
867.5,0.11874,3.50253,7.5094,1
867.6,0.11872,3.50254,7.5094,1
867.7,0.11871,3.50255,7.5094,1
867.8,0.11871,3.50257,7.5094,1
867.9,0.11872,3.5026,7.5094,1
868,0.11873,3.50263,7.5094,1
868.1,0.11873,3.50266,7.5094,1
868.2,0.11871,3.50268,7.5094,1
868.3,0.11869,3.50268,7.5094,1
868.4,0.11868,3.5027,7.5094,1
868.5,0.11868,3.50272,7.5094,1
868.6,0.1187,3.50275,7.5094,1
868.7,0.11871,3.50278,7.5094,1
868.8,0.1187,3.50279,7.5094,1
868.9,0.11868,3.5028,7.5094,1
869,0.11867,3.50281,7.5094,1
869.1,0.11866,3.50284,7.5094,1
869.2,0.11867,3.50287,7.5094,1
869.3,0.11869,3.5029,7.5094,1
869.4,0.11869,3.50292,7.5094,1
869.5,0.11867,3.50292,7.5094,1
869.6,0.11865,3.50293,7.5094,1
869.7,0.11864,3.50294,7.5094,1
869.8,0.11865,3.50296,7.5094,1
869.9,0.11866,3.50299,7.5094,1
870,0.11867,3.50301,7.5094,1
870.1,0.11865,3.50303,7.5094,0
870.2,0.11863,3.50304,7.5094,0
870.3,0.11862,3.50305,7.5094,0
870.4,0.11862,3.50307,7.5094,0
870.5,0.11863,3.5031,7.5094,0
870.6,0.11864,3.50313,7.5094,0
870.7,0.11864,3.50314,7.5094,0
870.8,0.11862,3.50314,7.5094,0
870.9,0.1186,3.50316,7.5094,0
871,0.11859,3.50318,7.5094,0
871.1,0.11859,3.50321,7.5094,0
871.2,0.11861,3.50324,7.5094,0
871.3,0.11861,3.50327,7.5094,0
871.4,0.11859,3.50328,7.5094,0
871.5,0.11857,3.50329,7.5094,0
871.6,0.11855,3.5033,7.5094,0
871.7,0.11856,3.50332,7.5094,0
871.8,0.11857,3.50336,7.5094,0
871.9,0.11857,3.50339,7.5094,0
872,0.11857,3.5034,7.5094,0
872.1,0.11856,3.50341,7.5094,0
872.2,0.11855,3.50342,7.5094,0
872.3,0.11854,3.50344,7.5094,0
872.4,0.11856,3.50347,7.5094,0
872.5,0.11857,3.50349,7.5094,0
872.6,0.11857,3.5035,7.5094,0
872.7,0.11855,3.5035,7.5094,0
872.8,0.11853,3.50351,7.5094,0
872.9,0.11853,3.50352,7.5094,0
873,0.11854,3.50354,7.5094,0
873.1,0.11855,3.50356,7.5094,0
873.2,0.11856,3.50359,7.5094,0
873.3,0.11855,3.5036,7.5094,0
873.4,0.11853,3.5036,7.5094,0
873.5,0.11852,3.50361,7.5094,0
873.6,0.11853,3.50364,7.5094,0
873.7,0.11854,3.50367,7.5094,0
873.8,0.11854,3.50369,7.5094,0
873.9,0.11853,3.50371,7.5094,0
874,0.11851,3.50371,7.5094,0
874.1,0.11849,3.50372,7.5094,0
874.2,0.11847,3.50374,7.5094,0
874.3,0.11848,3.50377,7.5094,0
874.4,0.1185,3.5038,7.5094,0
874.5,0.1185,3.50383,7.5094,0
874.6,0.11848,3.50384,7.5094,0
874.7,0.11846,3.50385,7.5094,0
874.8,0.11845,3.50386,7.5094,0
874.9,0.11845,3.50388,7.5094,0
875,0.11846,3.50391,7.5094,0
875.1,0.11846,3.50393,7.5094,0
875.2,0.11845,3.50394,7.5094,0
875.3,0.11843,3.50395,7.5094,0
875.4,0.11842,3.50396,7.5094,0
875.5,0.11843,3.50398,7.5094,0
875.6,0.11844,3.50401,7.5094,0
875.7,0.11845,3.50403,7.5094,0
875.8,0.11845,3.50404,7.5094,0
875.9,0.11843,3.50405,7.5094,0
876,0.11841,3.50406,7.5094,0
876.1,0.1184,3.50406,7.5094,0
876.2,0.11842,3.50408,7.5094,0
876.3,0.11843,3.50411,7.5094,0
876.4,0.11843,3.50414,7.5094,0
876.5,0.11842,3.50415,7.5094,0
876.6,0.1184,3.50415,7.5094,0
876.7,0.11839,3.50417,7.5094,0
876.8,0.11839,3.50419,7.5094,0
876.9,0.11841,3.50422,7.5094,0
877,0.11841,3.50424,7.5094,0
877.1,0.1184,3.50425,7.5094,0
877.2,0.11839,3.50425,7.5094,0
877.3,0.11837,3.50426,7.5094,0
877.4,0.11835,3.50428,7.5094,0
877.5,0.11836,3.5043,7.5094,0
877.6,0.11837,3.50433,7.5094,0
877.7,0.11838,3.50436,7.5094,0
877.8,0.11836,3.50437,7.5094,0
877.9,0.11834,3.50438,7.5094,0
878,0.11833,3.50439,7.5094,0
878.1,0.11833,3.50441,7.5094,0
878.2,0.11835,3.50444,7.5094,0
878.3,0.11835,3.50446,7.5094,0
878.4,0.11834,3.50447,7.5094,0
878.5,0.11832,3.50447,7.5094,0
878.6,0.11831,3.50448,7.5094,0
878.7,0.1183,3.50451,7.5094,0
878.8,0.11831,3.50453,7.5094,0
878.9,0.11833,3.50456,7.5094,0
879,0.11833,3.50458,7.5094,0
879.1,0.11831,3.50458,7.5094,0
879.2,0.11829,3.50458,7.5094,0
879.3,0.11829,3.50459,7.5094,0
879.4,0.1183,3.50461,7.5094,0
879.5,0.11831,3.50464,7.5094,0
879.6,0.11832,3.50466,7.5094,0
879.7,0.11831,3.50467,7.5094,0
879.8,0.11829,3.50467,7.5094,0
879.9,0.11828,3.50467,7.5094,0
880,0.11828,3.5047,7.5094,0
880.1,0.1183,3.50473,7.5094,0
880.2,0.11831,3.50475,7.5094,0
880.3,0.11832,3.50476,7.5094,0
880.4,0.1183,3.50476,7.5094,0
880.5,0.11828,3.50477,7.5094,0
880.6,0.11828,3.50479,7.5094,0
880.7,0.11829,3.50482,7.5094,0
880.8,0.11831,3.50485,7.5094,0
880.9,0.1183,3.50487,7.5094,0
881,0.11829,3.50489,7.5094,0
881.1,0.11827,3.50489,7.5094,0
881.2,0.11826,3.50489,7.5094,0
881.3,0.11826,3.50491,7.5094,0
881.4,0.11828,3.50494,7.5094,0
881.5,0.11828,3.50497,7.5094,0
881.6,0.11828,3.50497,7.5094,0
881.7,0.11826,3.50498,7.5094,0
881.8,0.11825,3.50499,7.5094,0
881.9,0.11825,3.50501,7.5094,0
882,0.11827,3.50504,7.5094,0
882.1,0.11828,3.50506,7.5094,0
882.2,0.11829,3.50507,7.5094,0
882.3,0.11827,3.50507,7.5094,0
882.4,0.11825,3.50508,7.5094,0
882.5,0.11825,3.50508,7.5094,0
882.6,0.11826,3.5051,7.5094,0
882.7,0.11827,3.50513,7.5094,0
882.8,0.11829,3.50515,7.5094,0
882.9,0.11828,3.50516,7.5094,0
883,0.11826,3.50516,7.5094,0
883.1,0.11825,3.50517,7.5094,0
883.2,0.11825,3.50519,7.5094,0
883.3,0.11826,3.50522,7.5094,0
883.4,0.11828,3.50524,7.5094,0
883.5,0.11828,3.50525,7.5094,0
883.6,0.11826,3.50526,7.5094,0
883.7,0.11824,3.50527,7.5094,0
883.8,0.11823,3.50528,7.5094,0
883.9,0.11824,3.50531,7.5094,0
884,0.11826,3.50534,7.5094,0
884.1,0.11825,3.50536,7.5094,0
884.2,0.11824,3.50538,7.5094,0
884.3,0.11822,3.50538,7.5094,0
884.4,0.11821,3.50539,7.5094,0
884.5,0.11821,3.50541,7.5094,0
884.6,0.11822,3.50544,7.5094,0
884.7,0.11823,3.50547,7.5094,0
884.8,0.11822,3.50548,7.5094,0
884.9,0.1182,3.50548,7.5094,0
885,0.11818,3.50549,7.5094,0
885.1,0.11817,3.50551,7.5094,0
885.2,0.11819,3.50554,7.5094,0
885.3,0.1182,3.50557,7.5094,0
885.4,0.1182,3.50558,7.5094,0
885.5,0.11818,3.50558,7.5094,0
885.6,0.11816,3.50558,7.5094,0
885.7,0.11816,3.50559,7.5094,0
885.8,0.11817,3.50561,7.5094,0
885.9,0.11819,3.50564,7.5094,0
886,0.11819,3.50566,7.5094,0
886.1,0.11819,3.50568,7.5094,0
886.2,0.11817,3.50569,7.5094,0
886.3,0.11816,3.5057,7.5094,0
886.4,0.11815,3.50571,7.5094,0
886.5,0.11817,3.50574,7.5094,0
886.6,0.11818,3.50577,7.5094,0
886.7,0.11817,3.50578,7.5094,0
886.8,0.11815,3.50578,7.5094,0
886.9,0.11813,3.50579,7.5094,0
887,0.11813,3.50581,7.5094,0
887.1,0.11814,3.50583,7.5094,0
887.2,0.11816,3.50586,7.5094,0
887.3,0.11815,3.50589,7.5094,0
887.4,0.11814,3.5059,7.5094,0
887.5,0.11812,3.5059,7.5094,0
887.6,0.11811,3.50591,7.5094,0
887.7,0.11811,3.50593,7.5094,0
887.8,0.11812,3.50596,7.5094,0
887.9,0.11813,3.50599,7.5094,0
888,0.11812,3.506,7.5094,0
888.1,0.1181,3.506,7.5094,0
888.2,0.11808,3.50601,7.5094,0
888.3,0.11808,3.50603,7.5094,0
888.4,0.1181,3.50606,7.5094,0
888.5,0.11811,3.50609,7.5094,0
888.6,0.11811,3.5061,7.5094,0
888.7,0.11809,3.50611,7.5094,0
888.8,0.11807,3.50611,7.5094,0
888.9,0.11806,3.50612,7.5094,0
889,0.11807,3.50614,7.5094,0
889.1,0.11809,3.50617,7.5094,0
889.2,0.11809,3.50619,7.5094,0
889.3,0.11808,3.5062,7.5094,0
889.4,0.11807,3.5062,7.5094,0
889.5,0.11805,3.50621,7.5094,0
889.6,0.11806,3.50624,7.5094,0
889.7,0.11807,3.50627,7.5094,0
889.8,0.11809,3.5063,7.5094,0
889.9,0.11809,3.50631,7.5094,0
890,0.11808,3.50631,7.5094,0
890.1,0.11806,3.50632,7.5094,0
890.2,0.11805,3.50634,7.5094,0
890.3,0.11806,3.50637,7.5094,0
890.4,0.11808,3.5064,7.5094,0
890.5,0.11807,3.50643,7.5094,0
890.6,0.11806,3.50645,7.5094,0
890.7,0.11804,3.50645,7.5094,0
890.8,0.11803,3.50646,7.5094,0
890.9,0.11803,3.50648,7.5094,0
891,0.11805,3.50651,7.5094,0
891.1,0.11805,3.50653,7.5094,0
891.2,0.11804,3.50655,7.5094,0
891.3,0.11802,3.50656,7.5094,0
891.4,0.118,3.50657,7.5094,0
891.5,0.11801,3.50659,7.5094,0
891.6,0.11802,3.50662,7.5094,0
891.7,0.11803,3.50664,7.5094,0
891.8,0.11803,3.50665,7.5094,0
891.9,0.11801,3.50666,7.5094,0
892,0.118,3.50666,7.5094,0
892.1,0.11799,3.50667,7.5094,0
892.2,0.11799,3.50669,7.5094,0
892.3,0.11801,3.50672,7.5094,0
892.4,0.11802,3.50674,7.5094,0
892.5,0.11801,3.50675,7.5094,0
892.6,0.11799,3.50675,7.5094,0
892.7,0.11798,3.50677,7.5094,0
892.8,0.11799,3.50678,7.5094,0
892.9,0.118,3.50681,7.5094,0
893,0.11802,3.50683,7.5094,0
893.1,0.11801,3.50684,7.5094,0
893.2,0.118,3.50685,7.5094,0
893.3,0.11798,3.50686,7.5094,0
893.4,0.11797,3.50688,7.5094,0
893.5,0.11798,3.50691,7.5094,0
893.6,0.118,3.50694,7.5094,0
893.7,0.118,3.50697,7.5094,0
893.8,0.11799,3.50698,7.5094,0
893.9,0.11797,3.50699,7.5094,0
894,0.11796,3.507,7.5094,0
894.1,0.11796,3.50702,7.5094,0
894.2,0.11797,3.50705,7.5094,0
894.3,0.11798,3.50708,7.5094,0
894.4,0.11797,3.50709,7.5094,0
894.5,0.11795,3.50709,7.5094,0
894.6,0.11794,3.50711,7.5094,0
894.7,0.11793,3.50713,7.5094,0
894.8,0.11794,3.50716,7.5094,0
894.9,0.11796,3.50719,7.5094,0
895,0.11796,3.5072,7.5094,0
895.1,0.11794,3.50721,7.5094,0
895.2,0.11792,3.50722,7.5094,0
895.3,0.11792,3.50723,7.5094,0
895.4,0.11793,3.50725,7.5094,0
895.5,0.11795,3.50728,7.5094,0
895.6,0.11795,3.50731,7.5094,0
895.7,0.11795,3.50732,7.5094,0
895.8,0.11793,3.50733,7.5094,0
895.9,0.11792,3.50734,7.5094,0
896,0.11792,3.50736,7.5094,0
896.1,0.11793,3.50739,7.5094,0
896.2,0.11794,3.50743,7.5094,0
896.3,0.11794,3.50744,7.5094,0
896.4,0.11792,3.50745,7.5094,0
896.5,0.11791,3.50746,7.5094,0
896.6,0.1179,3.50748,7.5094,0
896.7,0.11791,3.5075,7.5094,0
896.8,0.11793,3.50754,7.5094,0
896.9,0.11793,3.50757,7.5094,0
897,0.11791,3.50759,7.5094,0
897.1,0.11789,3.50759,7.5094,0
897.2,0.11789,3.5076,7.5094,0
897.3,0.11789,3.50763,7.5094,0
897.4,0.1179,3.50766,7.5094,0
897.5,0.11791,3.50769,7.5094,0
897.6,0.1179,3.5077,7.5094,0
897.7,0.11789,3.50771,7.5094,0
897.8,0.11787,3.50772,7.5094,0
897.9,0.11787,3.50774,7.5094,0
898,0.11789,3.50778,7.5094,0
898.1,0.1179,3.50781,7.5094,0
898.2,0.1179,3.50783,7.5094,0
898.3,0.11788,3.50784,7.5094,0
898.4,0.11786,3.50785,7.5094,0
898.5,0.11786,3.50786,7.5094,0
898.6,0.11787,3.50788,7.5094,0
898.7,0.11788,3.50791,7.5094,0
898.8,0.11789,3.50794,7.5094,0
898.9,0.11789,3.50796,7.5094,0
899,0.11787,3.50797,7.5094,0
899.1,0.11786,3.50799,7.5094,0
899.2,0.11786,3.50801,7.5094,0
899.3,0.11788,3.50805,7.5094,0
899.4,0.11789,3.50808,7.5094,0
899.5,0.1179,3.50809,7.5094,0
899.6,0.11788,3.5081,7.5094,0
899.7,0.11786,3.50812,7.5094,0
899.8,0.11785,3.50815,7.5094,0
899.9,0.11787,3.50818,7.5094,0
900,0.11788,3.50822,7.5094,0
900.1,0.11788,3.50825,7.5094,0
900.2,0.11787,3.50827,7.5094,0
900.3,0.11785,3.50828,7.5094,0
900.4,0.11784,3.5083,7.5094,0
900.5,0.11784,3.50833,7.5094,0
900.6,0.11786,3.50836,7.5094,0
900.7,0.11786,3.50839,7.5094,0
900.8,0.11786,3.50841,7.5094,0
900.9,0.11785,3.50842,7.5094,0
901,0.11784,3.50844,7.5094,0
901.1,0.11783,3.50847,7.5094,0
901.2,0.11784,3.5085,7.5094,0
901.3,0.11786,3.50854,7.5094,0
901.4,0.11785,3.50856,7.5094,0
901.5,0.11784,3.50857,7.5094,0
901.6,0.11782,3.50858,7.5094,0
901.7,0.11781,3.5086,7.5094,0
901.8,0.11782,3.50862,7.5094,0
901.9,0.11783,3.50866,7.5094,0
902,0.11784,3.50869,7.5094,0
902.1,0.11783,3.50871,7.5094,0
902.2,0.11782,3.50872,7.5094,0
902.3,0.11781,3.50874,7.5094,0
902.4,0.11782,3.50877,7.5094,0
902.5,0.11783,3.50881,7.5094,0
902.6,0.11785,3.50884,7.5094,0
902.7,0.11784,3.50887,7.5094,0
902.8,0.11783,3.50888,7.5094,0
902.9,0.11781,3.5089,7.5094,0
903,0.11781,3.50893,7.5094,0
903.1,0.11782,3.50896,7.5094,0
903.2,0.11784,3.50899,7.5094,0
903.3,0.11784,3.50902,7.5094,0
903.4,0.11782,3.50903,7.5094,0
903.5,0.1178,3.50904,7.5094,0
903.6,0.11779,3.50905,7.5094,0
903.7,0.11779,3.50907,7.5094,0
903.8,0.11781,3.5091,7.5094,0
903.9,0.11782,3.50913,7.5094,0
904,0.11782,3.50914,7.5094,0
904.1,0.1178,3.50914,7.5094,0
904.2,0.11778,3.50913,7.5094,0
904.3,0.11778,3.50915,7.5094,0
904.4,0.1178,3.50917,7.5094,0
904.5,0.11781,3.50918,7.5094,0
904.6,0.11782,3.50919,7.5094,0
904.7,0.1178,3.50918,7.5094,0
904.8,0.11778,3.50918,7.5094,0
904.9,0.11778,3.50917,7.5094,0
905,0.11779,3.50918,7.5094,0
905.1,0.11781,3.5092,7.5094,0
905.2,0.11782,3.50922,7.5094,0
905.3,0.11781,3.50922,7.50941,0
905.4,0.1178,3.50921,7.50941,0
905.5,0.11779,3.50921,7.50941,0
905.6,0.11779,3.50923,7.5094,0
905.7,0.11781,3.50924,7.5094,0
905.8,0.11782,3.50926,7.5094,0
905.9,0.11783,3.50926,7.50941,0
906,0.11781,3.50925,7.50941,0
906.1,0.11779,3.50925,7.50941,0
906.2,0.11779,3.50925,7.50941,0
906.3,0.1178,3.50927,7.5094,0
906.4,0.11782,3.50929,7.5094,0
906.5,0.11782,3.5093,7.5094,0
906.6,0.1178,3.5093,7.50941,0
906.7,0.11779,3.5093,7.50941,0
906.8,0.11778,3.5093,7.50941,0
906.9,0.11778,3.50931,7.5094,0
907,0.11779,3.50933,7.5094,0
907.1,0.11781,3.50934,7.5094,0
907.2,0.1178,3.50934,7.50941,0
907.3,0.11779,3.50933,7.50941,0
907.4,0.11777,3.50932,7.50941,0
907.5,0.11776,3.50932,7.5094,0
907.6,0.11777,3.50934,7.5094,0
907.7,0.11779,3.50936,7.5094,0
907.8,0.11779,3.50936,7.5094,0
907.9,0.11777,3.50935,7.5094,0
908,0.11776,3.50934,7.5094,0
908.1,0.11775,3.50934,7.5094,0
908.2,0.11776,3.50934,7.5094,0
908.3,0.11778,3.50936,7.5094,0
908.4,0.1178,3.50937,7.5094,0
908.5,0.11779,3.50937,7.5094,0
908.6,0.11778,3.50936,7.5094,0
908.7,0.11777,3.50935,7.5094,0
908.8,0.11777,3.50936,7.5094,0
908.9,0.11779,3.50938,7.5094,0
909,0.1178,3.50939,7.5094,0
909.1,0.11781,3.50939,7.5094,0
909.2,0.11779,3.50938,7.5094,0
909.3,0.11778,3.50938,7.5094,0
909.4,0.11777,3.50939,7.5094,0
909.5,0.11779,3.5094,7.5094,0
909.6,0.11781,3.50942,7.5094,0
909.7,0.1178,3.50943,7.5094,0
909.8,0.11779,3.50943,7.5094,0
909.9,0.11777,3.50942,7.5094,0
910,0.11776,3.50942,7.5094,0
910.1,0.11776,3.50942,7.5094,0
910.2,0.11778,3.50944,7.5094,0
910.3,0.11778,3.50945,7.5094,0
910.4,0.11778,3.50944,7.5094,0
910.5,0.11776,3.50943,7.5094,0
910.6,0.11774,3.50943,7.5094,0
910.7,0.11774,3.50944,7.5094,0
910.8,0.11775,3.50945,7.5094,0
910.9,0.11777,3.50946,7.5094,0
911,0.11777,3.50946,7.5094,0
911.1,0.11775,3.50945,7.5094,0
911.2,0.11773,3.50944,7.5094,0
911.3,0.11772,3.50943,7.5094,0
911.4,0.11773,3.50943,7.5094,0
911.5,0.11775,3.50945,7.5094,0
911.6,0.11775,3.50946,7.5094,0
911.7,0.11775,3.50946,7.5094,0
911.8,0.11774,3.50945,7.5094,0
911.9,0.11773,3.50944,7.5094,0
912,0.11773,3.50945,7.5094,0
912.1,0.11775,3.50946,7.5094,0
912.2,0.11777,3.50948,7.5094,0
912.3,0.11777,3.50947,7.5094,0
912.4,0.11775,3.50946,7.5094,0
912.5,0.11773,3.50945,7.5094,0
912.6,0.11773,3.50946,7.5094,0
912.7,0.11774,3.50947,7.5094,0
912.8,0.11776,3.50948,7.5094,0
912.9,0.11776,3.50949,7.5094,0
913,0.11774,3.50949,7.5094,0
913.1,0.11773,3.50948,7.5094,0
913.2,0.11772,3.50947,7.5094,0
913.3,0.11772,3.50948,7.5094,0
913.4,0.11773,3.50949,7.5094,0
913.5,0.11774,3.5095,7.5094,0
913.6,0.11773,3.50949,7.5094,0
913.7,0.11772,3.50948,7.5094,0
913.8,0.1177,3.50947,7.5094,0
913.9,0.1177,3.50948,7.5094,0
914,0.11771,3.50949,7.5094,0
914.1,0.11773,3.50949,7.5094,0
914.2,0.11773,3.50948,7.5094,0
914.3,0.11772,3.50947,7.5094,0
914.4,0.1177,3.50945,7.5094,0
914.5,0.1177,3.50944,7.5094,0
914.6,0.11771,3.50944,7.5094,0
914.7,0.11773,3.50946,7.5094,0
914.8,0.11774,3.50946,7.5094,0
914.9,0.11774,3.50945,7.5094,0
915,0.11772,3.50944,7.5094,0
915.1,0.11771,3.50943,7.5094,0
915.2,0.11772,3.50943,7.5094,0
915.3,0.11773,3.50944,7.5094,0
915.4,0.11775,3.50944,7.5094,0
915.5,0.11775,3.50943,7.5094,0
915.6,0.11773,3.50942,7.5094,0
915.7,0.11772,3.5094,7.5094,0
915.8,0.11772,3.5094,7.5094,0
915.9,0.11773,3.50941,7.5094,0
916,0.11775,3.50942,7.5094,0
916.1,0.11775,3.50942,7.5094,0
916.2,0.11774,3.50942,7.5094,0
916.3,0.11772,3.5094,7.5094,0
916.4,0.11771,3.50939,7.5094,0
916.5,0.11771,3.5094,7.5094,0
916.6,0.11773,3.50941,7.5094,0
916.7,0.11775,3.50941,7.5094,0
916.8,0.11774,3.5094,7.5094,0
916.9,0.11773,3.50939,7.5094,0
917,0.11771,3.50938,7.5094,0
917.1,0.11771,3.50938,7.5094,0
917.2,0.11773,3.50939,7.5094,0
917.3,0.11774,3.5094,7.5094,0
917.4,0.11775,3.50939,7.5094,0
917.5,0.11773,3.50938,7.5094,0
917.6,0.11771,3.50936,7.5094,0
917.7,0.11771,3.50935,7.5094,0
917.8,0.11772,3.50934,7.5094,0
917.9,0.11774,3.50935,7.5094,0
918,0.11774,3.50935,7.5094,0
918.1,0.11774,3.50934,7.5094,0
918.2,0.11773,3.50932,7.5094,0
918.3,0.11773,3.50931,7.5094,0
918.4,0.11772,3.50931,7.5094,0
918.5,0.11774,3.50932,7.5094,0
918.6,0.11776,3.50932,7.5094,0
918.7,0.11776,3.50931,7.5094,0
918.8,0.11775,3.50929,7.5094,0
918.9,0.11773,3.50928,7.5094,0
919,0.11773,3.50928,7.5094,0
919.1,0.11775,3.50929,7.5094,0
919.2,0.11776,3.5093,7.5094,0
919.3,0.11776,3.50931,7.5094,0
919.4,0.11775,3.5093,7.5094,0
919.5,0.11773,3.50928,7.5094,0
919.6,0.11772,3.50926,7.5094,0
919.7,0.11772,3.50926,7.5094,0
919.8,0.11774,3.50927,7.5094,0
919.9,0.11775,3.50928,7.5094,0
920,0.11775,3.50926,7.5094,0
920.1,0.11773,3.50925,7.5094,0
920.2,0.11771,3.50924,7.5094,0
920.3,0.11771,3.50924,7.5094,0
920.4,0.11772,3.50925,7.5094,0
920.5,0.11774,3.50925,7.5094,0
920.6,0.11774,3.50924,7.5094,0
920.7,0.11772,3.50922,7.5094,0
920.8,0.11771,3.5092,7.5094,0
920.9,0.1177,3.50919,7.5094,0
921,0.1177,3.50919,7.5094,0
921.1,0.11772,3.5092,7.5094,0
921.2,0.11773,3.5092,7.5094,0
921.3,0.11772,3.50919,7.5094,0
921.4,0.11772,3.50917,7.5094,0
921.5,0.11771,3.50916,7.5094,0
921.6,0.11771,3.50916,7.5094,0
921.7,0.11772,3.50917,7.5094,0
921.8,0.11774,3.50918,7.5094,0
921.9,0.11774,3.50918,7.5094,0
922,0.11773,3.50916,7.5094,0
922.1,0.11771,3.50914,7.5094,0
922.2,0.1177,3.50915,7.5094,0
922.3,0.11772,3.50915,7.5094,0
922.4,0.11773,3.50916,7.5094,0
922.5,0.11773,3.50917,7.5094,0
922.6,0.11772,3.50916,7.5094,0
922.7,0.1177,3.50915,7.5094,0
922.8,0.11769,3.50914,7.5094,0
922.9,0.11769,3.50914,7.5094,0
923,0.11771,3.50915,7.5094,0
923.1,0.11772,3.50915,7.5094,0
923.2,0.11771,3.50914,7.5094,0
923.3,0.1177,3.50912,7.5094,0
923.4,0.11768,3.50911,7.5094,0
923.5,0.11767,3.50911,7.5094,0
923.6,0.11768,3.50912,7.5094,0
923.7,0.1177,3.50912,7.5094,0
923.8,0.1177,3.50912,7.5094,0
923.9,0.11768,3.5091,7.5094,0
924,0.11767,3.50908,7.5094,0
924.1,0.11767,3.50907,7.5094,0
924.2,0.11768,3.50907,7.5094,0
924.3,0.1177,3.50907,7.5094,0
924.4,0.11771,3.50908,7.5094,0
924.5,0.11771,3.50908,7.5094,0
924.6,0.1177,3.50906,7.5094,0
924.7,0.11769,3.50905,7.5094,0
924.8,0.11769,3.50905,7.5094,0
924.9,0.11771,3.50906,7.5094,0
925,0.11773,3.50906,7.5094,0
925.1,0.11773,3.50905,7.5094,0
925.2,0.11772,3.50904,7.5094,0
925.3,0.1177,3.50903,7.5094,0
925.4,0.1177,3.50902,7.5094,0
925.5,0.11771,3.50903,7.5094,0
925.6,0.11773,3.50903,7.5094,0
925.7,0.11773,3.50904,7.5094,0
925.8,0.11772,3.50903,7.5094,0
925.9,0.1177,3.50902,7.5094,0
926,0.11769,3.509,7.5094,0
926.1,0.1177,3.50901,7.5094,0
926.2,0.11771,3.50902,7.5094,0
926.3,0.11773,3.50902,7.5094,0
926.4,0.11773,3.50901,7.5094,0
926.5,0.11771,3.50899,7.5094,0
926.6,0.1177,3.50898,7.5094,0
926.7,0.11768,3.50898,7.5094,0
926.8,0.1177,3.50899,7.5094,0
926.9,0.11772,3.509,7.5094,0
927,0.11772,3.509,7.5094,0
927.1,0.1177,3.50898,7.5094,0
927.2,0.11768,3.50896,7.5094,0
927.3,0.11767,3.50895,7.5094,0
927.4,0.11769,3.50895,7.5094,0
927.5,0.1177,3.50896,7.5094,0
927.6,0.11771,3.50896,7.5094,0
927.7,0.11771,3.50895,7.5094,0
927.8,0.11771,3.50893,7.5094,0
927.9,0.1177,3.50893,7.5094,0
928,0.1177,3.50893,7.5094,0
928.1,0.11771,3.50894,7.5094,0
928.2,0.11773,3.50894,7.5094,0
928.3,0.11774,3.50893,7.5094,0
928.4,0.11772,3.50891,7.5094,0
928.5,0.1177,3.5089,7.5094,0
928.6,0.11769,3.50891,7.5094,0
928.7,0.11771,3.50892,7.5094,0
928.8,0.11773,3.50893,7.5094,0
928.9,0.11773,3.50893,7.5094,0
929,0.11771,3.50893,7.5094,0
929.1,0.1177,3.50891,7.5094,0
929.2,0.11769,3.5089,7.5094,0
929.3,0.11769,3.5089,7.5094,0
929.4,0.1177,3.50891,7.5094,0
929.5,0.11771,3.50892,7.5094,0
929.6,0.11771,3.50891,7.5094,0
929.7,0.11769,3.50889,7.5094,0
929.8,0.11767,3.50888,7.5094,0
929.9,0.11766,3.50888,7.5094,0
930,0.11767,3.50889,7.5094,0
930.1,0.11768,3.50889,7.5094,0
930.2,0.11769,3.50888,7.5094,0
930.3,0.11768,3.50887,7.5094,0
930.4,0.11766,3.50885,7.5094,0
930.5,0.11765,3.50884,7.5094,0
930.6,0.11765,3.50884,7.5094,0
930.7,0.11767,3.50885,7.5094,0
930.8,0.11769,3.50885,7.5094,0
930.9,0.11768,3.50884,7.5094,0
931,0.11766,3.50883,7.5094,0
931.1,0.11765,3.50882,7.5094,0
931.2,0.11765,3.50882,7.5094,0
931.3,0.11767,3.50883,7.5094,0
931.4,0.11768,3.50884,7.5094,0
931.5,0.11769,3.50883,7.5094,0
931.6,0.11767,3.50881,7.5094,0
931.7,0.11766,3.5088,7.5094,0
931.8,0.11766,3.5088,7.5094,0
931.9,0.11767,3.50881,7.5094,0
932,0.11769,3.50882,7.5094,0
932.1,0.1177,3.50883,7.5094,0
932.2,0.11768,3.50883,7.5094,0
932.3,0.11767,3.50881,7.5094,0
932.4,0.11766,3.50879,7.5094,0
932.5,0.11767,3.5088,7.5094,0
932.6,0.11768,3.50881,7.5094,0
932.7,0.11769,3.50881,7.5094,0
932.8,0.11768,3.50881,7.5094,0
932.9,0.11766,3.50879,7.5094,0
933,0.11765,3.50878,7.5094,0
933.1,0.11763,3.50877,7.5094,0
933.2,0.11765,3.50878,7.5094,0
933.3,0.11767,3.50878,7.5094,0
933.4,0.11767,3.50877,7.5094,0
933.5,0.11766,3.50876,7.5094,0
933.6,0.11764,3.50874,7.5094,0
933.7,0.11763,3.50872,7.5094,0
933.8,0.11764,3.50872,7.5094,0
933.9,0.11766,3.50872,7.5094,0
934,0.11767,3.50872,7.5094,0
934.1,0.11767,3.50872,7.5094,0
934.2,0.11766,3.5087,7.5094,0
934.3,0.11765,3.50868,7.5094,0
934.4,0.11765,3.50868,7.5094,0
934.5,0.11767,3.50869,7.5094,0
934.6,0.11768,3.50869,7.5094,0
934.7,0.11769,3.50868,7.5094,0
934.8,0.11768,3.50866,7.5094,0
934.9,0.11766,3.50864,7.5094,0
935,0.11766,3.50864,7.5094,0
935.1,0.11768,3.50864,7.5094,0
935.2,0.11769,3.50864,7.5094,0
935.3,0.1177,3.50865,7.5094,0
935.4,0.11768,3.50864,7.5094,0
935.5,0.11767,3.50862,7.5094,0
935.6,0.11766,3.5086,7.5094,0
935.7,0.11767,3.5086,7.5094,0
935.8,0.11768,3.50861,7.5094,0
935.9,0.1177,3.50861,7.5094,0
936,0.1177,3.50859,7.5094,0
936.1,0.11769,3.50857,7.5094,0
936.2,0.11767,3.50856,7.5094,0
936.3,0.11766,3.50856,7.5094,0
936.4,0.11768,3.50856,7.5094,0
936.5,0.1177,3.50857,7.5094,0
936.6,0.1177,3.50856,7.5094,0
936.7,0.11768,3.50854,7.5094,0
936.8,0.11766,3.50852,7.5094,0
936.9,0.11766,3.5085,7.5094,0
937,0.11767,3.50849,7.5094,0
937.1,0.11769,3.50849,7.5094,0
937.2,0.11769,3.50849,7.5094,0
937.3,0.11769,3.50848,7.5094,0
937.4,0.11767,3.50847,7.5094,0
937.5,0.11767,3.50845,7.5094,0
937.6,0.11767,3.50844,7.5094,0
937.7,0.11769,3.50844,7.5094,0
937.8,0.11771,3.50844,7.5094,0
937.9,0.11771,3.50843,7.5094,0
938,0.1177,3.50841,7.5094,0
938.1,0.11768,3.50839,7.5094,0
938.2,0.11767,3.50839,7.5094,0
938.3,0.11769,3.50839,7.5094,0
938.4,0.11771,3.5084,7.5094,0
938.5,0.11771,3.5084,7.5094,0
938.6,0.1177,3.5084,7.5094,0
938.7,0.11769,3.50837,7.5094,0
938.8,0.11768,3.50835,7.5094,0
938.9,0.11768,3.50835,7.5094,0
939,0.11769,3.50836,7.5094,0
939.1,0.1177,3.50835,7.5094,0
939.2,0.11769,3.50834,7.5094,0
939.3,0.11768,3.50832,7.5094,0
939.4,0.11766,3.5083,7.5094,0
939.5,0.11765,3.5083,7.5094,0
939.6,0.11765,3.5083,7.5094,0
939.7,0.11767,3.50831,7.5094,0
939.8,0.11768,3.50829,7.5094,0
939.9,0.11766,3.50827,7.5094,0
940,0.11765,3.50825,7.5094,0
940.1,0.11764,3.50823,7.5094,0
940.2,0.11764,3.50822,7.5094,0
940.3,0.11765,3.50822,7.5094,0
940.4,0.11766,3.50822,7.5094,0
940.5,0.11766,3.50821,7.5094,0
940.6,0.11765,3.50819,7.5094,0
940.7,0.11764,3.50818,7.5094,0
940.8,0.11764,3.50817,7.5094,0
940.9,0.11766,3.50817,7.5094,0
941,0.11767,3.50817,7.5094,0
941.1,0.11768,3.50815,7.5094,0
941.2,0.11766,3.50813,7.5094,0
941.3,0.11765,3.50811,7.5094,0
941.4,0.11763,3.50811,7.5094,0
941.5,0.11764,3.50811,7.5094,0
941.6,0.11766,3.50811,7.5094,0
941.7,0.11767,3.50811,7.5094,0
941.8,0.11766,3.5081,7.5094,0
941.9,0.11764,3.50808,7.5094,0
942,0.11763,3.50805,7.5094,0
942.1,0.11763,3.50805,7.5094,0
942.2,0.11765,3.50805,7.5094,0
942.3,0.11766,3.50805,7.5094,0
942.4,0.11765,3.50803,7.5094,0
942.5,0.11763,3.50801,7.5094,0
942.6,0.11762,3.50799,7.5094,0
942.7,0.1176,3.50799,7.5094,0
942.8,0.11762,3.50799,7.5094,0
942.9,0.11764,3.50799,7.5094,0
943,0.11764,3.50797,7.5094,0
943.1,0.11763,3.50795,7.5094,0
943.2,0.11761,3.50793,7.5094,0
943.3,0.1176,3.50791,7.5094,0
943.4,0.11761,3.5079,7.5094,0
943.5,0.11763,3.5079,7.5094,0
943.6,0.11764,3.5079,7.5094,0
943.7,0.11763,3.50789,7.5094,0
943.8,0.11762,3.50786,7.5094,0
943.9,0.11761,3.50785,7.5094,0
944,0.11761,3.50784,7.5094,0
944.1,0.11763,3.50784,7.5094,0
944.2,0.11765,3.50784,7.5094,0
944.3,0.11765,3.50782,7.5094,0
944.4,0.11763,3.5078,7.5094,0
944.5,0.11761,3.50778,7.5094,0
944.6,0.11761,3.50777,7.5094,0
944.7,0.11762,3.50777,7.5094,0
944.8,0.11764,3.50777,7.5094,0
944.9,0.11765,3.50777,7.5094,0
945,0.11764,3.50776,7.5094,0
945.1,0.11762,3.50773,7.5094,0
945.2,0.11761,3.50771,7.5094,0
945.3,0.11762,3.5077,7.5094,0
945.4,0.11764,3.50771,7.5094,0
945.5,0.11766,3.5077,7.5094,0
945.6,0.11766,3.50768,7.5094,0
945.7,0.11764,3.50766,7.5094,0
945.8,0.11763,3.50764,7.5094,0
945.9,0.11762,3.50764,7.5094,0
946,0.11764,3.50764,7.5094,0
946.1,0.11766,3.50764,7.5094,0
946.2,0.11766,3.50763,7.5094,0
946.3,0.11764,3.50761,7.5094,0
946.4,0.11763,3.50758,7.5094,0
946.5,0.11762,3.50756,7.5094,0
946.6,0.11763,3.50755,7.5094,0
946.7,0.11765,3.50755,7.5094,0
946.8,0.11765,3.50755,7.5094,0
946.9,0.11765,3.50753,7.5094,0
947,0.11763,3.50751,7.5094,0
947.1,0.11762,3.50749,7.5094,0
947.2,0.11763,3.50748,7.5094,0
947.3,0.11765,3.50748,7.5094,0
947.4,0.11767,3.50749,7.5094,0
947.5,0.11767,3.50747,7.5094,0
947.6,0.11765,3.50744,7.5094,0
947.7,0.11764,3.50743,7.5094,0
947.8,0.11764,3.50742,7.5094,0
947.9,0.11765,3.50742,7.5094,0
948,0.11767,3.50743,7.5094,0
948.1,0.11768,3.50743,7.5094,0
948.2,0.11767,3.50741,7.5094,0
948.3,0.11765,3.50739,7.5094,0
948.4,0.11764,3.50737,7.5094,0
948.5,0.11764,3.50737,7.5094,0
948.6,0.11766,3.50737,7.5094,0
948.7,0.11767,3.50737,7.5094,0
948.8,0.11766,3.50736,7.5094,0
948.9,0.11765,3.50734,7.5094,0
949,0.11763,3.50731,7.5094,0
949.1,0.11763,3.5073,7.5094,0
949.2,0.11765,3.5073,7.5094,0
949.3,0.11767,3.5073,7.5094,0
949.4,0.11767,3.50729,7.5094,0
949.5,0.11765,3.50726,7.5094,0
949.6,0.11764,3.50724,7.5094,0
949.7,0.11763,3.50722,7.5094,0
949.8,0.11763,3.50721,7.5094,0
949.9,0.11764,3.50721,7.5094,0
950,0.11765,3.50722,7.5094,0
950.1,0.11765,3.50721,7.5094,0
950.2,0.11765,3.50718,7.5094,0
950.3,0.11764,3.50716,7.5094,0
950.4,0.11764,3.50715,7.5094,0
950.5,0.11765,3.50715,7.5094,0
950.6,0.11767,3.50715,7.5094,0
950.7,0.11767,3.50714,7.5094,0
950.8,0.11766,3.50712,7.5094,0
950.9,0.11764,3.50709,7.5094,0
951,0.11764,3.50709,7.5094,0
951.1,0.11765,3.50709,7.5094,0
951.2,0.11767,3.5071,7.5094,0
951.3,0.11768,3.5071,7.5094,0
951.4,0.11767,3.50708,7.5094,0
951.5,0.11766,3.50706,7.5094,0
951.6,0.11765,3.50704,7.5094,0
951.7,0.11766,3.50704,7.5094,0
951.8,0.11768,3.50704,7.5094,0
951.9,0.11769,3.50703,7.5094,0
952,0.11769,3.50702,7.5094,0
952.1,0.11767,3.50699,7.5094,0
952.2,0.11766,3.50697,7.5094,0
952.3,0.11766,3.50696,7.5094,0
952.4,0.11768,3.50697,7.5094,0
952.5,0.11769,3.50696,7.5094,0
952.6,0.11769,3.50694,7.5094,0
952.7,0.11768,3.50692,7.5094,0
952.8,0.11766,3.5069,7.5094,0
952.9,0.11766,3.50687,7.5094,0
953,0.11766,3.50687,7.5094,0
953.1,0.11768,3.50687,7.5094,0
953.2,0.11769,3.50686,7.5094,0
953.3,0.11769,3.50685,7.5094,0
953.4,0.11767,3.50682,7.5094,0
953.5,0.11766,3.5068,7.5094,0
953.6,0.11767,3.5068,7.5094,0
953.7,0.11769,3.5068,7.5094,0
953.8,0.1177,3.50679,7.5094,0
953.9,0.11771,3.50678,7.5094,0
954,0.11769,3.50675,7.5094,0
954.1,0.11768,3.50673,7.5094,0
954.2,0.11767,3.50672,7.5094,0
954.3,0.11769,3.50671,7.5094,0
954.4,0.11771,3.50671,7.5094,0
954.5,0.11772,3.50671,7.5094,0
954.6,0.11772,3.5067,7.5094,0
954.7,0.1177,3.50667,7.5094,0
954.8,0.11769,3.50665,7.5094,0
954.9,0.11769,3.50665,7.5094,0
955,0.11771,3.50665,7.5094,0
955.1,0.11773,3.50665,7.5094,0
955.2,0.11774,3.50664,7.50939,0
955.3,0.11774,3.50661,7.50939,0
955.4,0.11772,3.50659,7.50939,0
955.5,0.11771,3.50658,7.5094,0
955.6,0.11773,3.50658,7.5094,0
955.7,0.11775,3.50658,7.5094,0
955.8,0.11775,3.50657,7.5094,0
955.9,0.11774,3.50654,7.5094,0
956,0.11772,3.50652,7.5094,0
956.1,0.11771,3.5065,7.5094,0
956.2,0.11772,3.50648,7.5094,0
956.3,0.11774,3.50649,7.5094,0
956.4,0.11775,3.50649,7.5094,0
956.5,0.11775,3.50647,7.5094,0
956.6,0.11773,3.50645,7.5094,0
956.7,0.11772,3.50643,7.5094,0
956.8,0.11772,3.50642,7.5094,0
956.9,0.11773,3.50642,7.5094,0
957,0.11775,3.50641,7.5094,0
957.1,0.11775,3.50639,7.5094,0
957.2,0.11774,3.50637,7.5094,0
957.3,0.11772,3.50634,7.5094,0
957.4,0.11771,3.50634,7.5094,0
957.5,0.11773,3.50634,7.5094,0
957.6,0.11774,3.50634,7.5094,0
957.7,0.11775,3.50634,7.5094,0
957.8,0.11775,3.50632,7.5094,0
957.9,0.11773,3.50629,7.5094,0
958,0.11772,3.50627,7.5094,0
958.1,0.11773,3.50626,7.5094,0
958.2,0.11775,3.50626,7.5094,0
958.3,0.11777,3.50626,7.5094,0
958.4,0.11777,3.50624,7.5094,0
958.5,0.11775,3.50622,7.5094,0
958.6,0.11773,3.50619,7.5094,0
958.7,0.11773,3.50618,7.5094,0
958.8,0.11774,3.50617,7.5094,0
958.9,0.11776,3.50617,7.5094,0
959,0.11776,3.50615,7.5094,0
959.1,0.11775,3.50613,7.5094,0
959.2,0.11773,3.5061,7.5094,0
959.3,0.11772,3.50608,7.5094,0
959.4,0.11772,3.50607,7.5094,0
959.5,0.11774,3.50606,7.5094,0
959.6,0.11775,3.50606,7.5094,0
959.7,0.11774,3.50604,7.5094,0
959.8,0.11772,3.50601,7.5094,0
959.9,0.11771,3.50598,7.5094,0
960,0.1177,3.50597,7.5094,0
960.1,0.11772,3.50597,7.5094,0
960.2,0.11774,3.50596,7.5094,0
960.3,0.11775,3.50594,7.5094,0
960.4,0.11775,3.50591,7.5094,0
960.5,0.11773,3.50589,7.5094,0
960.6,0.11772,3.50588,7.5094,0
960.7,0.11774,3.50588,7.5094,0
960.8,0.11776,3.50588,7.5094,0
960.9,0.11777,3.50588,7.5094,0
961,0.11776,3.50586,7.50939,0
961.1,0.11774,3.50583,7.50939,0
961.2,0.11774,3.50581,7.50939,0
961.3,0.11775,3.5058,7.5094,0
961.4,0.11776,3.5058,7.5094,0
961.5,0.11778,3.5058,7.5094,0
961.6,0.11778,3.50578,7.50939,0
961.7,0.11776,3.50575,7.50939,0
961.8,0.11774,3.50572,7.50939,0
961.9,0.11774,3.50572,7.50939,0
962,0.11776,3.50571,7.50939,0
962.1,0.11778,3.5057,7.50939,0
962.2,0.11778,3.50568,7.50939,0
962.3,0.11777,3.50566,7.50939,0
962.4,0.11775,3.50563,7.50939,0
962.5,0.11774,3.5056,7.50939,0
962.6,0.11775,3.50559,7.50939,0
962.7,0.11776,3.50558,7.50939,0
962.8,0.11778,3.50558,7.50939,0
962.9,0.11777,3.50556,7.50939,0
963,0.11776,3.50554,7.50939,0
963.1,0.11774,3.50552,7.50939,0
963.2,0.11774,3.5055,7.50939,0
963.3,0.11775,3.5055,7.50939,0
963.4,0.11777,3.50549,7.50939,0
963.5,0.11777,3.50547,7.50939,0
963.6,0.11775,3.50544,7.50939,0
963.7,0.11774,3.50542,7.50939,0
963.8,0.11774,3.5054,7.50939,0
963.9,0.11775,3.50539,7.50939,0
964,0.11777,3.50539,7.50939,0
964.1,0.11778,3.50539,7.50939,0
964.2,0.11777,3.50537,7.50939,0
964.3,0.11776,3.50534,7.50939,0
964.4,0.11775,3.50531,7.50939,0
964.5,0.11776,3.5053,7.50939,0
964.6,0.11778,3.5053,7.50939,0
964.7,0.11779,3.5053,7.50939,0
964.8,0.1178,3.50527,7.50939,0
964.9,0.11779,3.50525,7.50939,0
965,0.11777,3.50522,7.50939,0
965.1,0.11776,3.50521,7.50939,0
965.2,0.11778,3.50521,7.50939,0
965.3,0.1178,3.50521,7.50939,0
965.4,0.1178,3.50519,7.50939,0
965.5,0.11778,3.50516,7.50939,0
965.6,0.11777,3.50514,7.50939,0
965.7,0.11776,3.50511,7.50939,0
965.8,0.11777,3.5051,7.50939,0
965.9,0.11778,3.50509,7.50939,0
966,0.11779,3.50509,7.50939,0
966.1,0.11779,3.50507,7.50939,0
966.2,0.11777,3.50504,7.50939,0
966.3,0.11775,3.50501,7.50939,0
966.4,0.11776,3.505,7.50939,0
966.5,0.11777,3.505,7.50939,0
966.6,0.11779,3.50499,7.50939,0
966.7,0.1178,3.50497,7.50939,0
966.8,0.11778,3.50494,7.50939,0
966.9,0.11776,3.50492,7.50939,0
967,0.11776,3.50491,7.50939,0
967.1,0.11777,3.5049,7.50939,0
967.2,0.11778,3.5049,7.50939,0
967.3,0.1178,3.5049,7.50939,0
967.4,0.11779,3.50489,7.50939,0
967.5,0.11778,3.50486,7.50939,0
967.6,0.11776,3.50483,7.50939,0
967.7,0.11777,3.50482,7.50939,0
967.8,0.11779,3.50482,7.50939,0
967.9,0.11781,3.50481,7.50939,0
968,0.11781,3.50478,7.50939,0
968.1,0.11779,3.50475,7.50939,0
968.2,0.11778,3.50473,7.50939,0
968.3,0.11777,3.50472,7.50939,0
968.4,0.11779,3.50471,7.50939,0
968.5,0.1178,3.50471,7.50939,0
968.6,0.11781,3.50469,7.50939,0
968.7,0.1178,3.50466,7.50939,0
968.8,0.11778,3.50463,7.50939,0
968.9,0.11777,3.5046,7.50939,0
969,0.11777,3.50459,7.50939,0
969.1,0.11779,3.50459,7.50939,0
969.2,0.1178,3.50459,7.50939,0
969.3,0.11779,3.50457,7.50939,0
969.4,0.11778,3.50454,7.50939,0
969.5,0.11776,3.50451,7.50939,0
969.6,0.11775,3.5045,7.50939,0
969.7,0.11777,3.5045,7.50939,0
969.8,0.11779,3.50449,7.50939,0
969.9,0.11779,3.50448,7.50939,0
970,0.11777,3.50445,7.50939,0
970.1,0.11776,3.50442,7.50939,0
970.2,0.11776,3.5044,7.50939,0
970.3,0.11777,3.5044,7.50939,0
970.4,0.11779,3.5044,7.50939,0
970.5,0.1178,3.50439,7.50939,0
970.6,0.1178,3.50438,7.50939,0
970.7,0.11778,3.50435,7.50939,0
970.8,0.11778,3.50432,7.50939,0
970.9,0.11778,3.5043,7.50939,0
971,0.1178,3.5043,7.50939,0
971.1,0.11782,3.50429,7.50939,0
971.2,0.11782,3.50427,7.50939,0
971.3,0.1178,3.50424,7.50939,0
971.4,0.11778,3.50422,7.50939,0
971.5,0.11778,3.50421,7.50939,0
971.6,0.1178,3.50421,7.50939,0
971.7,0.11782,3.5042,7.50939,0
971.8,0.11782,3.50417,7.50939,0
971.9,0.1178,3.50415,7.50939,0
972,0.11778,3.50412,7.50939,0
972.1,0.11778,3.50409,7.50939,0
972.2,0.11778,3.50408,7.50939,0
972.3,0.1178,3.50407,7.50939,0
972.4,0.11781,3.50407,7.50939,0
972.5,0.1178,3.50406,7.50939,0
972.6,0.11779,3.50403,7.50939,0
972.7,0.11777,3.504,7.50939,0
972.8,0.11777,3.50399,7.50939,0
972.9,0.11779,3.50398,7.50939,0
973,0.1178,3.50398,7.50939,0
973.1,0.11781,3.50395,7.50939,0
973.2,0.1178,3.50392,7.50939,0
973.3,0.11778,3.5039,7.50939,0
973.4,0.11778,3.50389,7.50939,0
973.5,0.1178,3.50388,7.50939,0
973.6,0.11781,3.50387,7.50939,0
973.7,0.11782,3.50387,7.50939,0
973.8,0.11782,3.50385,7.50939,0
973.9,0.1178,3.50382,7.50939,0
974,0.11779,3.50379,7.50939,0
974.1,0.1178,3.50378,7.50939,0
974.2,0.11782,3.50377,7.50939,0
974.3,0.11784,3.50377,7.50939,0
974.4,0.11784,3.50375,7.50939,0
974.5,0.11783,3.50372,7.50939,0
974.6,0.11781,3.50369,7.50939,0
974.7,0.11781,3.50368,7.50939,0
974.8,0.11783,3.50367,7.50939,0
974.9,0.11785,3.50367,7.50939,0
975,0.11785,3.50365,7.50939,0
975.1,0.11783,3.50362,7.50939,0
975.2,0.11781,3.50359,7.50939,0
975.3,0.11781,3.50356,7.50939,0
975.4,0.11781,3.50355,7.50939,0
975.5,0.11783,3.50354,7.50939,0
975.6,0.11784,3.50354,7.50939,0
975.7,0.11783,3.50352,7.50939,0
975.8,0.11781,3.50349,7.50939,0
975.9,0.1178,3.50346,7.50939,0
976,0.1178,3.50344,7.50939,0
976.1,0.11781,3.50344,7.50939,0
976.2,0.11783,3.50343,7.50939,0
976.3,0.11783,3.50341,7.50939,0
976.4,0.11781,3.50338,7.50939,0
976.5,0.1178,3.50336,7.50939,0
976.6,0.11779,3.50335,7.50939,0
976.7,0.1178,3.50334,7.50939,0
976.8,0.11782,3.50334,7.50939,0
976.9,0.11783,3.50334,7.50939,0
977,0.11782,3.50332,7.50939,0
977.1,0.11781,3.50329,7.50939,0
977.2,0.11781,3.50326,7.50939,0
977.3,0.11781,3.50325,7.50939,0
977.4,0.11782,3.50325,7.50939,0
977.5,0.11784,3.50324,7.50939,0
977.6,0.11784,3.50322,7.50939,0
977.7,0.11783,3.50319,7.50939,0
977.8,0.11781,3.50316,7.50939,0
977.9,0.1178,3.50315,7.50939,0
978,0.11782,3.50315,7.50939,0
978.1,0.11784,3.50314,7.50939,0
978.2,0.11785,3.50312,7.50939,0
978.3,0.11783,3.50309,7.50939,0
978.4,0.11781,3.50307,7.50939,0
978.5,0.11781,3.50304,7.50939,0
978.6,0.11781,3.50303,7.50939,0
978.7,0.11782,3.50303,7.50939,0
978.8,0.11783,3.50302,7.50939,0
978.9,0.11783,3.503,7.50939,0
979,0.11781,3.50297,7.50939,0
979.1,0.11779,3.50295,7.50939,0
979.2,0.11779,3.50294,7.50939,0
979.3,0.11781,3.50294,7.50939,0
979.4,0.11783,3.50294,7.50939,0
979.5,0.11783,3.50292,7.50939,0
979.6,0.11781,3.50289,7.50939,0
979.7,0.11779,3.50287,7.50939,0
979.8,0.11779,3.50286,7.50939,0
979.9,0.11781,3.50286,7.50939,0
980,0.11782,3.50286,7.50939,0
980.1,0.11783,3.50285,7.50939,0
980.2,0.11783,3.50284,7.50939,0
980.3,0.11781,3.50281,7.50939,0
980.4,0.11781,3.50279,7.50939,0
980.5,0.11781,3.50278,7.50939,0
980.6,0.11783,3.50278,7.50939,0
980.7,0.11785,3.50277,7.50939,0
980.8,0.11785,3.50275,7.50939,0
980.9,0.11783,3.50272,7.50939,0
981,0.11782,3.5027,7.50939,0
981.1,0.11782,3.50269,7.50939,0
981.2,0.11783,3.50269,7.50939,0
981.3,0.11785,3.50269,7.50939,0
981.4,0.11786,3.50267,7.50939,0
981.5,0.11784,3.50265,7.50939,0
981.6,0.11783,3.50262,7.50939,0
981.7,0.11782,3.5026,7.50939,0
981.8,0.11782,3.50259,7.50939,0
981.9,0.11783,3.50259,7.50939,0
982,0.11785,3.50258,7.50939,0
982.1,0.11785,3.50256,7.50939,0
982.2,0.11783,3.50253,7.50939,0
982.3,0.11781,3.50251,7.50939,0
982.4,0.1178,3.5025,7.50939,0
982.5,0.11781,3.5025,7.50939,0
982.6,0.11783,3.5025,7.50939,0
982.7,0.11783,3.50248,7.50939,0
982.8,0.11781,3.50245,7.50939,0
982.9,0.1178,3.50243,7.50939,0
983,0.11779,3.50241,7.50939,0
983.1,0.1178,3.50241,7.50939,0
983.2,0.11782,3.50241,7.50939,0
983.3,0.11782,3.5024,7.50939,0
983.4,0.11782,3.50239,7.50939,0
983.5,0.11781,3.50237,7.50938,0
983.6,0.1178,3.50234,7.50938,0
983.7,0.1178,3.50233,7.50938,0
983.8,0.11782,3.50233,7.50939,0
983.9,0.11783,3.50233,7.50939,0
984,0.11785,3.5023,7.50939,0
984.1,0.11783,3.50228,7.50938,0
984.2,0.11782,3.50226,7.50938,0
984.3,0.11781,3.50225,7.50938,0
984.4,0.11782,3.50225,7.50938,0
984.5,0.11784,3.50225,7.50938,0
984.6,0.11784,3.50224,7.50938,0
984.7,0.11782,3.50221,7.50938,0
984.8,0.1178,3.50218,7.50938,0
984.9,0.1178,3.50216,7.50938,0
985,0.1178,3.50215,7.50938,0
985.1,0.11781,3.50215,7.50938,0
985.2,0.11782,3.50214,7.50938,0
985.3,0.11781,3.50212,7.50938,0
985.4,0.11779,3.5021,7.50938,0
985.5,0.11778,3.50208,7.50938,0
985.6,0.11777,3.50207,7.50938,0
985.7,0.11778,3.50207,7.50938,0
985.8,0.1178,3.50207,7.50938,0
985.9,0.1178,3.50205,7.50938,0
986,0.11779,3.50202,7.50938,0
986.1,0.11777,3.502,7.50938,0
986.2,0.11776,3.502,7.50938,0
986.3,0.11776,3.502,7.50938,0
986.4,0.11778,3.502,7.50938,0
986.5,0.11779,3.502,7.50938,0
986.6,0.11778,3.50199,7.50938,0
986.7,0.11777,3.50196,7.50938,0
986.8,0.11777,3.50194,7.50938,0
986.9,0.11777,3.50193,7.50938,0
987,0.11778,3.50193,7.50938,0
987.1,0.1178,3.50193,7.50938,0
987.2,0.1178,3.50191,7.50938,0
987.3,0.11778,3.50188,7.50938,0
987.4,0.11777,3.50186,7.50938,0
987.5,0.11777,3.50185,7.50938,0
987.6,0.11778,3.50185,7.50938,0
987.7,0.1178,3.50186,7.50938,0
987.8,0.1178,3.50184,7.50938,0
987.9,0.11778,3.50181,7.50938,0
988,0.11776,3.50179,7.50938,0
988.1,0.11775,3.50177,7.50938,0
988.2,0.11775,3.50176,7.50938,0
988.3,0.11777,3.50176,7.50938,0
988.4,0.11778,3.50176,7.50938,0
988.5,0.11777,3.50175,7.50938,0
988.6,0.11775,3.50172,7.50938,0
988.7,0.11773,3.5017,7.50938,0
988.8,0.11772,3.50169,7.50938,0
988.9,0.11774,3.5017,7.50938,0
989,0.11775,3.50169,7.50938,0
989.1,0.11776,3.50167,7.50938,0
989.2,0.11774,3.50165,7.50938,0
989.3,0.11772,3.50163,7.50938,0
989.4,0.11771,3.50162,7.50938,0
989.5,0.11773,3.50162,7.50938,0
989.6,0.11775,3.50163,7.50938,0
989.7,0.11775,3.50162,7.50938,0
989.8,0.11775,3.50161,7.50938,0
989.9,0.11774,3.50158,7.50938,0
990,0.11773,3.50157,7.50938,0
990.1,0.11773,3.50156,7.50938,0
990.2,0.11775,3.50156,7.50938,0
990.3,0.11777,3.50156,7.50938,0
990.4,0.11777,3.50154,7.50938,0
990.5,0.11775,3.50152,7.50938,0
990.6,0.11773,3.5015,7.50938,0
990.7,0.11773,3.50149,7.50938,0
990.8,0.11774,3.50149,7.50938,0
990.9,0.11776,3.50149,7.50938,0
991,0.11776,3.50147,7.50938,0
991.1,0.11774,3.50145,7.50938,0
991.2,0.11772,3.50142,7.50938,0
991.3,0.11771,3.5014,7.50938,0
991.4,0.11771,3.50139,7.50938,0
991.5,0.11772,3.5014,7.50938,0
991.6,0.11774,3.5014,7.50938,0
991.7,0.11774,3.50138,7.50938,0
991.8,0.11773,3.50136,7.50938,0
991.9,0.11772,3.50134,7.50938,0
992,0.1177,3.50134,7.50938,0
992.1,0.11772,3.50134,7.50938,0
992.2,0.11773,3.50134,7.50938,0
992.3,0.11773,3.50132,7.50938,0
992.4,0.11772,3.5013,7.50938,0
992.5,0.1177,3.50127,7.50938,0
992.6,0.11769,3.50126,7.50938,0
992.7,0.11771,3.50126,7.50938,0
992.8,0.11772,3.50126,7.50938,0
992.9,0.11773,3.50126,7.50938,0
993,0.11773,3.50125,7.50938,0
993.1,0.11772,3.50122,7.50938,0
993.2,0.11772,3.5012,7.50938,0
993.3,0.11772,3.50119,7.50938,0
993.4,0.11773,3.50119,7.50938,0
993.5,0.11775,3.50119,7.50938,0
993.6,0.11776,3.50118,7.50938,0
993.7,0.11775,3.50115,7.50938,0
993.8,0.11773,3.50113,7.50938,0
993.9,0.11773,3.50113,7.50938,0
994,0.11774,3.50113,7.50938,0
994.1,0.11776,3.50113,7.50938,0
994.2,0.11776,3.50112,7.50938,0
994.3,0.11774,3.5011,7.50938,0
994.4,0.11773,3.50107,7.50938,0
994.5,0.11772,3.50105,7.50938,0
994.6,0.11772,3.50104,7.50938,0
994.7,0.11773,3.50105,7.50938,0
994.8,0.11774,3.50104,7.50938,0
994.9,0.11773,3.50103,7.50938,0
995,0.11771,3.501,7.50938,0
995.1,0.11769,3.50098,7.50938,0
995.2,0.11768,3.50098,7.50938,0
995.3,0.1177,3.50098,7.50938,0
995.4,0.11771,3.50098,7.50938,0
995.5,0.11771,3.50097,7.50938,0
995.6,0.1177,3.50094,7.50938,0
995.7,0.11768,3.50093,7.50938,0
995.8,0.11767,3.50092,7.50938,0
995.9,0.11767,3.50093,7.50938,0
996,0.11769,3.50093,7.50938,0
996.1,0.1177,3.50093,7.50938,0
996.2,0.1177,3.50092,7.50938,0
996.3,0.11769,3.5009,7.50938,0
996.4,0.11768,3.50088,7.50938,0
996.5,0.11768,3.50088,7.50938,0
996.6,0.11769,3.50088,7.50938,0
996.7,0.11771,3.50088,7.50938,0
996.8,0.11771,3.50086,7.50938,0
996.9,0.11769,3.50084,7.50938,0
997,0.11768,3.50082,7.50938,0
997.1,0.11767,3.50081,7.50938,0
997.2,0.11768,3.50082,7.50938,0
997.3,0.1177,3.50081,7.50938,0
997.4,0.1177,3.5008,7.50938,0
997.5,0.11768,3.50078,7.50938,0
997.6,0.11766,3.50075,7.50938,0
997.7,0.11766,3.50074,7.50938,0
997.8,0.11766,3.50073,7.50938,0
997.9,0.11768,3.50074,7.50938,0
998,0.11769,3.50073,7.50938,0
998.1,0.11768,3.50072,7.50938,0
998.2,0.11766,3.50069,7.50938,0
998.3,0.11764,3.50068,7.50938,0
998.4,0.11763,3.50068,7.50938,0
998.5,0.11764,3.50068,7.50938,0
998.6,0.11766,3.50068,7.50938,0
998.7,0.11766,3.50066,7.50938,0
998.8,0.11764,3.50064,7.50938,0
998.9,0.11762,3.50063,7.50938,0
999,0.11762,3.50062,7.50938,0
999.1,0.11763,3.50063,7.50938,0
999.2,0.11765,3.50063,7.50938,0
999.3,0.11766,3.50063,7.50938,0
999.4,0.11766,3.50062,7.50938,0
999.5,0.11764,3.50061,7.50938,0
999.6,0.11763,3.50058,7.50938,0
999.7,0.11764,3.50058,7.50938,0
999.8,0.11765,3.50058,7.50938,0
999.9,0.11767,3.50058,7.50938,0
1000,0.11767,3.50056,7.50938,0
1000.1,0.11766,3.50054,7.50938,0
1000.2,0.11764,3.50053,7.50938,0
1000.3,0.11764,3.50053,7.50938,0
1000.4,0.11765,3.50053,7.50938,0
1000.5,0.11767,3.50053,7.50938,0
1000.6,0.11767,3.50051,7.50938,0
1000.7,0.11765,3.50049,7.50938,0
1000.8,0.11763,3.50047,7.50938,0
1000.9,0.11762,3.50045,7.50938,0
1001,0.11762,3.50045,7.50938,0
1001.1,0.11764,3.50045,7.50938,0
1001.2,0.11765,3.50045,7.50938,0
1001.3,0.11766,3.50044,7.50938,0
1001.4,0.11764,3.50042,7.50938,0
1001.5,0.11762,3.5004,7.50938,0
1001.6,0.11761,3.50039,7.50938,0
1001.7,0.11763,3.5004,7.50938,0
1001.8,0.11765,3.5004,7.50938,0
1001.9,0.11765,3.50039,7.50938,0
1002,0.11763,3.50037,7.50938,0
1002.1,0.11761,3.50035,7.50938,0
1002.2,0.11761,3.50034,7.50938,0
1002.3,0.11762,3.50034,7.50938,0
1002.4,0.11764,3.50035,7.50938,0
1002.5,0.11766,3.50035,7.50938,0
1002.6,0.11766,3.50034,7.50938,0
1002.7,0.11765,3.50032,7.50938,0
1002.8,0.11764,3.50031,7.50938,0
1002.9,0.11763,3.50031,7.50938,0
1003,0.11765,3.50031,7.50938,0
1003.1,0.11767,3.50032,7.50938,0
1003.2,0.11767,3.50031,7.50938,0
1003.3,0.11766,3.50029,7.50938,0
1003.4,0.11764,3.50027,7.50938,0
1003.5,0.11764,3.50027,7.50938,0
1003.6,0.11765,3.50028,7.50938,0
1003.7,0.11767,3.50028,7.50938,0
1003.8,0.11768,3.50027,7.50938,0
1003.9,0.11766,3.50025,7.50938,0
1004,0.11764,3.50023,7.50938,0
1004.1,0.11763,3.50022,7.50937,0
1004.2,0.11764,3.50021,7.50937,0
1004.3,0.11766,3.50022,7.50937,0
1004.4,0.11766,3.50022,7.50938,0
1004.5,0.11766,3.50021,7.50938,0
1004.6,0.11764,3.50019,7.50938,0
1004.7,0.11762,3.50017,7.50937,0
1004.8,0.11761,3.50017,7.50937,0
1004.9,0.11762,3.50018,7.50937,0
1005,0.11764,3.50018,7.50937,0
1005.1,0.11764,3.50016,7.50937,0
1005.2,0.11762,3.50014,7.50937,0
1005.3,0.11761,3.50012,7.50937,0
1005.4,0.1176,3.50012,7.50937,0
1005.5,0.1176,3.50013,7.50937,0
1005.6,0.11761,3.50014,7.50937,0
1005.7,0.11762,3.50014,7.50937,0
1005.8,0.11762,3.50013,7.50937,0
1005.9,0.11761,3.50011,7.50937,0
1006,0.1176,3.5001,7.50937,0
1006.1,0.1176,3.5001,7.50937,0
1006.2,0.11762,3.5001,7.50937,0
1006.3,0.11763,3.5001,7.50937,0
1006.4,0.11764,3.50009,7.50937,0
1006.5,0.11762,3.50007,7.50937,0
1006.6,0.11761,3.50006,7.50937,0
1006.7,0.11761,3.50006,7.50937,0
1006.8,0.11762,3.50006,7.50937,0
1006.9,0.11764,3.50006,7.50937,0
1007,0.11764,3.50005,7.50937,0
1007.1,0.11762,3.50003,7.50937,0
1007.2,0.11761,3.50001,7.50937,0
1007.3,0.1176,3.5,7.50937,0
1007.4,0.11759,3.49999,7.50937,0
1007.5,0.11761,3.5,7.50937,0
1007.6,0.11762,3.5,7.50937,0
1007.7,0.11761,3.49999,7.50937,0
1007.8,0.11759,3.49997,7.50937,0
1007.9,0.11758,3.49995,7.50937,0
1008,0.11757,3.49995,7.50937,0
1008.1,0.11758,3.49995,7.50937,0
1008.2,0.1176,3.49996,7.50937,0
1008.3,0.1176,3.49995,7.50937,0
1008.4,0.11758,3.49993,7.50937,0
1008.5,0.11757,3.49991,7.50937,0
1008.6,0.11756,3.49991,7.50937,0
1008.7,0.11758,3.49992,7.50937,0
1008.8,0.11759,3.49993,7.50937,0
1008.9,0.1176,3.49993,7.50937,0
1009,0.11759,3.49992,7.50937,0
1009.1,0.11757,3.4999,7.50937,0
1009.2,0.11757,3.49989,7.50937,0
1009.3,0.11756,3.49989,7.50937,0
1009.4,0.11758,3.4999,7.50937,0
1009.5,0.1176,3.4999,7.50937,0
1009.6,0.11761,3.49988,7.50937,0
1009.7,0.1176,3.49986,7.50937,0
1009.8,0.11759,3.49985,7.50937,0
1009.9,0.11758,3.49984,7.50937,0
1010,0.11759,3.49985,7.50937,0
1010.1,0.11761,3.49985,7.50937,0
1010.2,0.11762,3.49984,7.50937,0
1010.3,0.1176,3.49982,7.50937,0
1010.4,0.11759,3.4998,7.50937,0
1010.5,0.11758,3.49979,7.50937,0
1010.6,0.11758,3.49979,7.50937,0
1010.7,0.11759,3.49979,7.50937,0
1010.8,0.11761,3.4998,7.50937,0
1010.9,0.11761,3.49979,7.50937,0
1011,0.11759,3.49977,7.50937,0
1011.1,0.11758,3.49975,7.50937,0
1011.2,0.11756,3.49975,7.50937,0
1011.3,0.11758,3.49976,7.50937,0
1011.4,0.11759,3.49976,7.50937,0
1011.5,0.11759,3.49975,7.50937,0
1011.6,0.11758,3.49973,7.50937,0
1011.7,0.11756,3.49972,7.50937,0
1011.8,0.11755,3.49972,7.50937,0
1011.9,0.11756,3.49972,7.50937,0
1012,0.11758,3.49973,7.50937,0
1012.1,0.11759,3.49973,7.50937,0
1012.2,0.11758,3.49972,7.50937,0
1012.3,0.11756,3.49971,7.50937,0
1012.4,0.11756,3.49969,7.50937,0
1012.5,0.11756,3.4997,7.50937,0
1012.6,0.11758,3.4997,7.50937,0
1012.7,0.11759,3.49971,7.50937,0
1012.8,0.1176,3.4997,7.50937,0
1012.9,0.11758,3.49968,7.50937,0
1013,0.11757,3.49967,7.50937,0
1013.1,0.11756,3.49967,7.50937,0
1013.2,0.11757,3.49968,7.50937,0
1013.3,0.11759,3.49969,7.50937,0
1013.4,0.1176,3.49968,7.50937,0
1013.5,0.11758,3.49967,7.50937,0
1013.6,0.11757,3.49965,7.50937,0
1013.7,0.11756,3.49963,7.50937,0
1013.8,0.11756,3.49963,7.50937,0
1013.9,0.11757,3.49964,7.50937,0
1014,0.11758,3.49964,7.50937,0
1014.1,0.11758,3.49963,7.50937,0
1014.2,0.11757,3.49961,7.50937,0
1014.3,0.11756,3.49959,7.50937,0
1014.4,0.11754,3.4996,7.50937,0
1014.5,0.11755,3.49961,7.50937,0
1014.6,0.11757,3.49961,7.50937,0
1014.7,0.11757,3.4996,7.50937,0
1014.8,0.11756,3.49958,7.50937,0
1014.9,0.11754,3.49956,7.50937,0
1015,0.11753,3.49957,7.50937,0
1015.1,0.11754,3.49958,7.50937,0
1015.2,0.11755,3.49959,7.50937,0
1015.3,0.11757,3.49959,7.50937,0
1015.4,0.11756,3.49959,7.50937,0
1015.5,0.11755,3.49957,7.50937,0
1015.6,0.11754,3.49955,7.50937,0
1015.7,0.11754,3.49955,7.50937,0
1015.8,0.11755,3.49956,7.50937,0
1015.9,0.11757,3.49957,7.50937,0
1016,0.11758,3.49956,7.50937,0
1016.1,0.11756,3.49955,7.50937,0
1016.2,0.11754,3.49954,7.50937,0
1016.3,0.11754,3.49954,7.50937,0
1016.4,0.11756,3.49955,7.50937,0
1016.5,0.11757,3.49956,7.50937,0
1016.6,0.11758,3.49955,7.50937,0
1016.7,0.11757,3.49953,7.50937,0
1016.8,0.11755,3.49951,7.50937,0
1016.9,0.11755,3.4995,7.50937,0
1017,0.11754,3.4995,7.50937,0
1017.1,0.11755,3.49951,7.50937,0
1017.2,0.11757,3.49951,7.50937,0
1017.3,0.11757,3.49951,7.50937,0
1017.4,0.11756,3.49949,7.50937,0
1017.5,0.11754,3.49948,7.50937,0
1017.6,0.11753,3.49948,7.50937,0
1017.7,0.11754,3.49949,7.50937,0
1017.8,0.11756,3.4995,7.50937,0
1017.9,0.11756,3.49949,7.50937,0
1018,0.11754,3.49948,7.50937,0
1018.1,0.11752,3.49947,7.50937,0
1018.2,0.11751,3.49947,7.50937,0
1018.3,0.11752,3.49948,7.50937,0
1018.4,0.11754,3.49949,7.50937,0
1018.5,0.11755,3.4995,7.50937,0
1018.6,0.11754,3.4995,7.50937,0
1018.7,0.11752,3.49948,7.50937,0
1018.8,0.11751,3.49948,7.50937,0
1018.9,0.11751,3.49948,7.50937,0
1019,0.11753,3.4995,7.50937,0
1019.1,0.11754,3.4995,7.50937,0
1019.2,0.11754,3.4995,7.50937,0
1019.3,0.11753,3.49948,7.50937,0
1019.4,0.11751,3.49947,7.50937,0
1019.5,0.1175,3.49948,7.50937,0
1019.6,0.11752,3.49949,7.50937,0
1019.7,0.11753,3.4995,7.50937,0
1019.8,0.11754,3.4995,7.50937,0
1019.9,0.11753,3.49948,7.50937,0
1020,0.11752,3.49947,7.50937,0
1020.1,0.11751,3.49946,7.50937,0
1020.2,0.11752,3.49946,7.50937,0
1020.3,0.11753,3.49948,7.50937,0
1020.4,0.11755,3.49948,7.50937,0
1020.5,0.11755,3.49948,7.50937,0
1020.6,0.11753,3.49946,7.50937,0
1020.7,0.11751,3.49945,7.50937,0
1020.8,0.11751,3.49946,7.50937,0
1020.9,0.11752,3.49947,7.50936,0
1021,0.11754,3.49948,7.50936,0
1021.1,0.11754,3.49948,7.50936,0
1021.2,0.11753,3.49947,7.50936,0
1021.3,0.11751,3.49945,7.50936,0
1021.4,0.1175,3.49946,7.50936,0
1021.5,0.11751,3.49946,7.50936,0
1021.6,0.11752,3.49948,7.50936,0
1021.7,0.11753,3.49949,7.50936,0
1021.8,0.11752,3.4995,7.50936,0
1021.9,0.11751,3.49948,7.50936,0
1022,0.1175,3.49947,7.50936,0
1022.1,0.1175,3.49948,7.50936,0
1022.2,0.11751,3.4995,7.50936,0
1022.3,0.11753,3.49951,7.50936,0
1022.4,0.11753,3.4995,7.50936,0
1022.5,0.11752,3.49949,7.50936,0
1022.6,0.11751,3.49949,7.50936,0
1022.7,0.11751,3.4995,7.50936,0
1022.8,0.11752,3.49951,7.50936,0
1022.9,0.11754,3.49953,7.50936,0
1023,0.11754,3.49953,7.50936,0
1023.1,0.11754,3.49952,7.50936,0
1023.2,0.11752,3.49951,7.50936,0
1023.3,0.11751,3.4995,7.50936,0
1023.4,0.11752,3.49951,7.50936,0
1023.5,0.11753,3.49952,7.50936,0
1023.6,0.11754,3.49954,7.50936,0
1023.7,0.11754,3.49954,7.50936,0
1023.8,0.11753,3.49953,7.50936,0
1023.9,0.11751,3.49952,7.50936,0
1024,0.11751,3.49953,7.50936,0
1024.1,0.11753,3.49954,7.50936,0
1024.2,0.11754,3.49956,7.50936,0
1024.3,0.11755,3.49955,7.50936,0
1024.4,0.11753,3.49954,7.50936,0
1024.5,0.11751,3.49954,7.50936,0
1024.6,0.11751,3.49954,7.50936,0
1024.7,0.1175,3.49956,7.50936,0
1024.8,0.11752,3.49957,7.50936,0
1024.9,0.11753,3.49959,7.50936,0
1025,0.11752,3.49958,7.50936,0
1025.1,0.1175,3.49957,7.50936,0
1025.2,0.11749,3.49957,7.50936,0
1025.3,0.11749,3.49958,7.50936,0
1025.4,0.11751,3.49959,7.50936,0
1025.5,0.11752,3.4996,7.50936,0
1025.6,0.11752,3.49959,7.50936,0
1025.7,0.11751,3.49958,7.50936,0
1025.8,0.11749,3.49958,7.50936,0
1025.9,0.11749,3.49959,7.50936,0
1026,0.1175,3.4996,7.50936,0
1026.1,0.11752,3.49961,7.50936,0
1026.2,0.11754,3.4996,7.50936,0
1026.3,0.11753,3.49959,7.50936,0
1026.4,0.11751,3.49958,7.50936,0
1026.5,0.1175,3.49957,7.50936,0
1026.6,0.11749,3.49958,7.50936,0
1026.7,0.11751,3.49959,7.50936,0
1026.8,0.11753,3.4996,7.50936,0
1026.9,0.11752,3.49959,7.50936,0
1027,0.1175,3.49958,7.50936,0
1027.1,0.11749,3.49958,7.50936,0
1027.2,0.11749,3.49958,7.50936,0
1027.3,0.1175,3.4996,7.50936,0
1027.4,0.11752,3.49961,7.50936,0
1027.5,0.11751,3.49961,7.50936,0
1027.6,0.1175,3.4996,7.50936,0
1027.7,0.11748,3.49959,7.50936,0
1027.8,0.11747,3.4996,7.50936,0
1027.9,0.11748,3.49961,7.50936,0
1028,0.11749,3.49963,7.50936,0
1028.1,0.1175,3.49964,7.50936,0
1028.2,0.11749,3.49964,7.50936,0
1028.3,0.11748,3.49963,7.50936,0
1028.4,0.11747,3.49962,7.50936,0
1028.5,0.11747,3.49963,7.50936,0
1028.6,0.11749,3.49964,7.50936,0
1028.7,0.1175,3.49965,7.50936,0
1028.8,0.1175,3.49964,7.50936,0
1028.9,0.11748,3.49963,7.50936,0
1029,0.11747,3.49963,7.50936,0
1029.1,0.11746,3.49964,7.50936,0
1029.2,0.11746,3.49965,7.50936,0
1029.3,0.11748,3.49966,7.50936,0
1029.4,0.11749,3.49965,7.50936,0
1029.5,0.11749,3.49964,7.50936,0
1029.6,0.11747,3.49963,7.50936,0
1029.7,0.11746,3.49962,7.50936,0
1029.8,0.11747,3.49962,7.50936,0
1029.9,0.11748,3.49964,7.50936,0
1030,0.1175,3.49965,7.50936,0
1030.1,0.11751,3.49965,7.50936,0
1030.2,0.11749,3.49964,7.50936,0
1030.3,0.11747,3.49962,7.50936,0
1030.4,0.11747,3.49963,7.50936,0
1030.5,0.11749,3.49964,7.50936,0
1030.6,0.1175,3.49965,7.50936,0
1030.7,0.1175,3.49965,7.50936,0
1030.8,0.11749,3.49964,7.50936,0
1030.9,0.11747,3.49963,7.50936,0
1031,0.11746,3.49963,7.50936,0
1031.1,0.11747,3.49964,7.50936,0
1031.2,0.11748,3.49965,7.50936,0
1031.3,0.11749,3.49966,7.50936,0
1031.4,0.11748,3.49967,7.50936,0
1031.5,0.11747,3.49965,7.50936,0
1031.6,0.11746,3.49964,7.50936,0
1031.7,0.11746,3.49965,7.50936,0
1031.8,0.11747,3.49966,7.50936,0
1031.9,0.11749,3.49968,7.50936,0
1032,0.11749,3.49967,7.50936,0
1032.1,0.11747,3.49966,7.50936,0
1032.2,0.11746,3.49965,7.50936,0
1032.3,0.11746,3.49966,7.50936,0
1032.4,0.11747,3.49967,7.50936,0
1032.5,0.11748,3.49969,7.50936,0
1032.6,0.1175,3.49969,7.50936,0
1032.7,0.11749,3.49967,7.50936,0
1032.8,0.11748,3.49966,7.50936,0
1032.9,0.11747,3.49965,7.50936,0
1033,0.11747,3.49965,7.50936,0
1033.1,0.11749,3.49966,7.50936,0
1033.2,0.1175,3.49967,7.50936,0
1033.3,0.1175,3.49967,7.50936,0
1033.4,0.11749,3.49966,7.50936,0
1033.5,0.11747,3.49965,7.50936,0
1033.6,0.11747,3.49966,7.50936,0
1033.7,0.11748,3.49967,7.50936,0
1033.8,0.1175,3.49968,7.50936,0
1033.9,0.1175,3.49967,7.50936,0
1034,0.11748,3.49966,7.50936,0
1034.1,0.11747,3.49965,7.50936,0
1034.2,0.11746,3.49966,7.50936,0
1034.3,0.11746,3.49967,7.50936,0
1034.4,0.11748,3.49968,7.50936,0
1034.5,0.11748,3.4997,7.50936,0
1034.6,0.11747,3.49969,7.50936,0
1034.7,0.11746,3.49968,7.50936,0
1034.8,0.11744,3.49967,7.50936,0
1034.9,0.11743,3.49967,7.50936,0
1035,0.11745,3.49968,7.50936,0
1035.1,0.11747,3.49969,7.50936,0
1035.2,0.11748,3.49969,7.50936,0
1035.3,0.11746,3.49967,7.50936,0
1035.4,0.11744,3.49967,7.50936,0
1035.5,0.11744,3.49968,7.50936,0
1035.6,0.11746,3.49969,7.50936,0
1035.7,0.11747,3.4997,7.50936,0
1035.8,0.11748,3.49969,7.50936,0
1035.9,0.11748,3.49968,7.50936,0
1036,0.11746,3.49966,7.50936,0
1036.1,0.11745,3.49966,7.50936,0
1036.2,0.11746,3.49966,7.50936,0
1036.3,0.11748,3.49967,7.50935,0
1036.4,0.11749,3.49968,7.50935,0
1036.5,0.11749,3.49967,7.50935,0
1036.6,0.11747,3.49966,7.50936,0
1036.7,0.11746,3.49965,7.50936,0
1036.8,0.11746,3.49966,7.50936,0
1036.9,0.11747,3.49967,7.50935,0
1037,0.11749,3.49968,7.50935,0
1037.1,0.11749,3.49968,7.50935,0
1037.2,0.11747,3.49967,7.50935,0
1037.3,0.11746,3.49966,7.50935,0
1037.4,0.11745,3.49967,7.50935,0
1037.5,0.11745,3.49968,7.50935,0
1037.6,0.11747,3.49969,7.50935,0
1037.7,0.11748,3.4997,7.50935,0
1037.8,0.11747,3.49971,7.50935,0
1037.9,0.11745,3.49969,7.50935,0
1038,0.11744,3.49968,7.50935,0
1038.1,0.11744,3.49968,7.50935,0
1038.2,0.11746,3.4997,7.50935,0
1038.3,0.11747,3.49971,7.50935,0
1038.4,0.11748,3.49971,7.50935,0
1038.5,0.11746,3.49969,7.50935,0
1038.6,0.11745,3.49969,7.50935,0
1038.7,0.11744,3.4997,7.50935,0
1038.8,0.11746,3.49971,7.50935,0
1038.9,0.11747,3.49972,7.50935,0
1039,0.11748,3.49971,7.50935,0
1039.1,0.11747,3.4997,7.50935,0
1039.2,0.11746,3.49969,7.50935,0
1039.3,0.11745,3.49968,7.50935,0
1039.4,0.11746,3.49969,7.50935,0
1039.5,0.11748,3.4997,7.50935,0
1039.6,0.11749,3.49971,7.50935,0
1039.7,0.1175,3.4997,7.50935,0
1039.8,0.11748,3.49969,7.50935,0
1039.9,0.11746,3.49969,7.50935,0
1040,0.11746,3.4997,7.50935,0
1040.1,0.11747,3.49971,7.50935,0
1040.2,0.11749,3.49972,7.50935,0
1040.3,0.11749,3.49972,7.50935,0
1040.4,0.11747,3.49971,7.50935,0
1040.5,0.11746,3.4997,7.50935,0
1040.6,0.11745,3.4997,7.50935,0
1040.7,0.11745,3.49971,7.50935,0
1040.8,0.11747,3.49973,7.50935,0
1040.9,0.11748,3.49974,7.50935,0
1041,0.11747,3.49974,7.50935,0
1041.1,0.11745,3.49973,7.50935,0
1041.2,0.11744,3.49972,7.50935,0
1041.3,0.11744,3.49972,7.50935,0
1041.4,0.11745,3.49973,7.50935,0
1041.5,0.11747,3.49974,7.50935,0
1041.6,0.11747,3.49974,7.50935,0
1041.7,0.11745,3.49973,7.50935,0
1041.8,0.11744,3.49972,7.50935,0
1041.9,0.11743,3.49973,7.50935,0
1042,0.11744,3.49974,7.50935,0
1042.1,0.11745,3.49975,7.50935,0
1042.2,0.11746,3.49975,7.50935,0
1042.3,0.11746,3.49974,7.50935,0
1042.4,0.11744,3.49972,7.50935,0
1042.5,0.11743,3.49971,7.50935,0
1042.6,0.11744,3.49972,7.50935,0
1042.7,0.11746,3.49973,7.50935,0
1042.8,0.11747,3.49973,7.50935,0
1042.9,0.11747,3.49973,7.50935,0
1043,0.11746,3.49971,7.50935,0
1043.1,0.11744,3.49971,7.50935,0
1043.2,0.11744,3.49971,7.50935,0
1043.3,0.11746,3.49972,7.50935,0
1043.4,0.11747,3.49973,7.50935,0
1043.5,0.11748,3.49973,7.50935,0
1043.6,0.11746,3.49971,7.50935,0
1043.7,0.11745,3.49971,7.50935,0
1043.8,0.11744,3.49971,7.50935,0
1043.9,0.11744,3.49973,7.50935,0
1044,0.11746,3.49974,7.50935,0
1044.1,0.11746,3.49976,7.50935,0
1044.2,0.11746,3.49975,7.50935,0
1044.3,0.11744,3.49974,7.50935,0
1044.4,0.11742,3.49973,7.50935,0
1044.5,0.11741,3.49974,7.50935,0
1044.6,0.11743,3.49975,7.50935,0
1044.7,0.11744,3.49976,7.50935,0
1044.8,0.11744,3.49975,7.50935,0
1044.9,0.11743,3.49974,7.50935,0
1045,0.11741,3.49973,7.50935,0
1045.1,0.11741,3.49973,7.50935,0
1045.2,0.11743,3.49974,7.50935,0
1045.3,0.11744,3.49975,7.50935,0
1045.4,0.11745,3.49975,7.50935,0
1045.5,0.11745,3.49974,7.50935,0
1045.6,0.11743,3.49972,7.50935,0
1045.7,0.11742,3.49972,7.50935,0
1045.8,0.11743,3.49972,7.50935,0
1045.9,0.11745,3.49974,7.50935,0
1046,0.11746,3.49974,7.50935,0
1046.1,0.11746,3.49974,7.50935,0
1046.2,0.11745,3.49973,7.50935,0
1046.3,0.11743,3.49972,7.50935,0
1046.4,0.11743,3.49973,7.50935,0
1046.5,0.11745,3.49974,7.50935,0
1046.6,0.11747,3.49975,7.50935,0
1046.7,0.11747,3.49974,7.50935,0
1046.8,0.11746,3.49973,7.50935,0
1046.9,0.11744,3.49973,7.50935,0
1047,0.11744,3.49974,7.50935,0
1047.1,0.11744,3.49975,7.50935,0
1047.2,0.11745,3.49977,7.50935,0
1047.3,0.11746,3.49978,7.50935,0
1047.4,0.11746,3.49978,7.50935,0
1047.5,0.11744,3.49977,7.50935,0
1047.6,0.11742,3.49976,7.50935,0
1047.7,0.11742,3.49977,7.50935,0
1047.8,0.11743,3.49979,7.50935,0
1047.9,0.11745,3.4998,7.50935,0
1048,0.11745,3.4998,7.50935,0
1048.1,0.11743,3.49978,7.50935,0
1048.2,0.11742,3.49977,7.50935,0
1048.3,0.11742,3.49977,7.50935,0
1048.4,0.11743,3.49979,7.50935,0
1048.5,0.11745,3.4998,7.50935,0
1048.6,0.11746,3.4998,7.50935,0
1048.7,0.11746,3.49979,7.50935,0
1048.8,0.11744,3.49977,7.50935,0
1048.9,0.11744,3.49977,7.50935,0
1049,0.11744,3.49977,7.50935,0
1049.1,0.11746,3.49979,7.50935,0
1049.2,0.11747,3.4998,7.50935,0
1049.3,0.11747,3.4998,7.50935,0
1049.4,0.11746,3.49978,7.50935,0
1049.5,0.11744,3.49978,7.50935,0
1049.6,0.11744,3.49978,7.50935,0
1049.7,0.11746,3.4998,7.50935,0
1049.8,0.11748,3.49981,7.50935,0
1049.9,0.11748,3.49981,7.50935,0
1050,0.11746,3.4998,7.50935,0
1050.1,0.11745,3.49979,7.50935,0
1050.2,0.11744,3.49979,7.50935,0
1050.3,0.11745,3.4998,7.50935,0
1050.4,0.11746,3.49981,7.50935,0
1050.5,0.11747,3.49982,7.50935,0
1050.6,0.11746,3.49983,7.50935,0
1050.7,0.11745,3.49981,7.50935,0
1050.8,0.11743,3.4998,7.50935,0
1050.9,0.11742,3.49981,7.50935,0
1051,0.11744,3.49982,7.50935,0
1051.1,0.11746,3.49983,7.50935,0
1051.2,0.11746,3.49983,7.50935,0
1051.3,0.11744,3.49982,7.50935,0
1051.4,0.11742,3.49981,7.50935,0
1051.5,0.11742,3.49982,7.50935,0
1051.6,0.11742,3.49983,7.50935,0
1051.7,0.11744,3.49984,7.50935,0
1051.8,0.11745,3.49984,7.50935,0
1051.9,0.11745,3.49983,7.50935,0
1052,0.11743,3.49981,7.50935,0
1052.1,0.11742,3.4998,7.50935,0
1052.2,0.11743,3.4998,7.50935,0
1052.3,0.11745,3.49981,7.50935,0
1052.4,0.11747,3.49982,7.50935,0
1052.5,0.11747,3.49982,7.50935,0
1052.6,0.11745,3.4998,7.50935,0
1052.7,0.11744,3.4998,7.50935,0
1052.8,0.11744,3.4998,7.50935,0
1052.9,0.11745,3.49981,7.50935,0
1053,0.11747,3.49982,7.50935,0
1053.1,0.11747,3.49981,7.50935,0
1053.2,0.11745,3.4998,7.50935,0
1053.3,0.11744,3.49979,7.50935,0
1053.4,0.11743,3.49979,7.50935,0
1053.5,0.11743,3.4998,7.50935,0
1053.6,0.11745,3.49982,7.50935,0
1053.7,0.11746,3.49983,7.50935,0
1053.8,0.11746,3.49982,7.50935,0
1053.9,0.11744,3.49981,7.50935,0
1054,0.11743,3.4998,7.50935,0
1054.1,0.11742,3.4998,7.50935,0
1054.2,0.11744,3.49981,7.50935,0
1054.3,0.11746,3.49982,7.50934,0
1054.4,0.11746,3.49981,7.50934,0
1054.5,0.11744,3.49979,7.50934,0
1054.6,0.11742,3.49979,7.50935,0
1054.7,0.11741,3.49979,7.50935,0
1054.8,0.11743,3.4998,7.50935,0
1054.9,0.11745,3.49981,7.50935,0
1055,0.11745,3.4998,7.50935,0
1055.1,0.11745,3.49979,7.50935,0
1055.2,0.11744,3.49977,7.50935,0
1055.3,0.11743,3.49976,7.50935,0
1055.4,0.11743,3.49976,7.50935,0
1055.5,0.11745,3.49977,7.50935,0
1055.6,0.11747,3.49978,7.50934,0
1055.7,0.11747,3.49977,7.50934,0
1055.8,0.11745,3.49975,7.50934,0
1055.9,0.11744,3.49974,7.50934,0
1056,0.11744,3.49975,7.50934,0
1056.1,0.11745,3.49976,7.50934,0
1056.2,0.11747,3.49976,7.50934,0
1056.3,0.11747,3.49975,7.50934,0
1056.4,0.11746,3.49974,7.50934,0
1056.5,0.11744,3.49973,7.50934,0
1056.6,0.11743,3.49973,7.50934,0
1056.7,0.11743,3.49974,7.50934,0
1056.8,0.11745,3.49975,7.50934,0
1056.9,0.11747,3.49976,7.50934,0
1057,0.11747,3.49975,7.50934,0
1057.1,0.11745,3.49974,7.50934,0
1057.2,0.11743,3.49972,7.50934,0
1057.3,0.11743,3.49972,7.50934,0
1057.4,0.11745,3.49973,7.50934,0
1057.5,0.11746,3.49974,7.50934,0
1057.6,0.11747,3.49973,7.50934,0
1057.7,0.11746,3.49971,7.50934,0
1057.8,0.11744,3.4997,7.50934,0
1057.9,0.11743,3.4997,7.50934,0
1058,0.11744,3.49971,7.50934,0
1058.1,0.11746,3.49971,7.50934,0
1058.2,0.11748,3.49971,7.50934,0
1058.3,0.11748,3.49969,7.50934,0
1058.4,0.11746,3.49968,7.50934,0
1058.5,0.11745,3.49967,7.50934,0
1058.6,0.11746,3.49967,7.50934,0
1058.7,0.11748,3.49968,7.50934,0
1058.8,0.11749,3.49968,7.50934,0
1058.9,0.1175,3.49967,7.50934,0
1059,0.11749,3.49965,7.50934,0
1059.1,0.11747,3.49964,7.50934,0
1059.2,0.11747,3.49965,7.50934,0
1059.3,0.11749,3.49965,7.50934,0
1059.4,0.1175,3.49966,7.50934,0
1059.5,0.1175,3.49965,7.50934,0
1059.6,0.11749,3.49963,7.50934,0
1059.7,0.11747,3.49962,7.50934,0
1059.8,0.11746,3.49962,7.50934,0
1059.9,0.11746,3.49962,7.50934,0
1060,0.11748,3.49963,7.50934,0
1060.1,0.11749,3.49964,7.50934,0
1060.2,0.11748,3.49963,7.50934,0
1060.3,0.11746,3.49961,7.50934,0
1060.4,0.11745,3.49959,7.50934,0
1060.5,0.11744,3.49959,7.50934,0
1060.6,0.11745,3.4996,7.50934,0
1060.7,0.11747,3.49961,7.50934,0
1060.8,0.11747,3.49959,7.50934,0
1060.9,0.11745,3.49958,7.50934,0
1061,0.11744,3.49957,7.50934,0
1061.1,0.11743,3.49957,7.50934,0
1061.2,0.11744,3.49958,7.50934,0
1061.3,0.11745,3.49959,7.50934,0
1061.4,0.11746,3.49958,7.50934,0
1061.5,0.11746,3.49956,7.50934,0
1061.6,0.11744,3.49954,7.50934,0
1061.7,0.11743,3.49953,7.50934,0
1061.8,0.11744,3.49952,7.50934,0
1061.9,0.11746,3.49953,7.50934,0
1062,0.11748,3.49953,7.50934,0
1062.1,0.11748,3.49952,7.50934,0
1062.2,0.11746,3.4995,7.50934,0
1062.3,0.11745,3.49949,7.50934,0
1062.4,0.11745,3.49949,7.50934,0
1062.5,0.11746,3.4995,7.50934,0
1062.6,0.11748,3.4995,7.50934,0
1062.7,0.11748,3.49948,7.50934,0
1062.8,0.11746,3.49947,7.50934,0
1062.9,0.11745,3.49945,7.50934,0
1063,0.11744,3.49945,7.50934,0
1063.1,0.11744,3.49946,7.50934,0
1063.2,0.11746,3.49947,7.50934,0
1063.3,0.11746,3.49947,7.50934,0
1063.4,0.11746,3.49946,7.50934,0
1063.5,0.11744,3.49944,7.50934,0
1063.6,0.11742,3.49943,7.50934,0
1063.7,0.11741,3.49943,7.50934,0
1063.8,0.11743,3.49944,7.50934,0
1063.9,0.11745,3.49944,7.50934,0
1064,0.11745,3.49942,7.50934,0
1064.1,0.11743,3.4994,7.50934,0
1064.2,0.11741,3.49939,7.50934,0
1064.3,0.11741,3.49939,7.50935,0
1064.4,0.11743,3.4994,7.50935,0
1064.5,0.11745,3.49939,7.50935,0
1064.6,0.11746,3.49938,7.50934,0
1064.7,0.11746,3.49936,7.50934,0
1064.8,0.11744,3.49934,7.50934,0
1064.9,0.11743,3.49932,7.50935,0
1065,0.11744,3.49932,7.50935,0
1065.1,0.11745,3.49933,7.50935,0
1065.2,0.11747,3.49933,7.50934,0
1065.3,0.11748,3.49931,7.50934,0
1065.4,0.11746,3.49929,7.50934,0
1065.5,0.11744,3.49928,7.50934,0
1065.6,0.11744,3.49927,7.50934,0
1065.7,0.11746,3.49928,7.50934,0
1065.8,0.11747,3.49928,7.50934,0
1065.9,0.11748,3.49927,7.50934,0
1066,0.11746,3.49925,7.50934,0
1066.1,0.11745,3.49924,7.50934,0
1066.2,0.11744,3.49924,7.50934,0
1066.3,0.11744,3.49924,7.50934,0
1066.4,0.11746,3.49925,7.50934,0
1066.5,0.11747,3.49926,7.50934,0
1066.6,0.11747,3.49925,7.50934,0
1066.7,0.11745,3.49923,7.50934,0
1066.8,0.11744,3.49922,7.50934,0
1066.9,0.11743,3.49922,7.50934,0
1067,0.11745,3.49923,7.50934,0
1067.1,0.11746,3.49923,7.50934,0
1067.2,0.11747,3.49922,7.50934,0
1067.3,0.11746,3.4992,7.50934,0
1067.4,0.11744,3.49919,7.50934,0
1067.5,0.11744,3.49919,7.50934,0
1067.6,0.11745,3.4992,7.50934,0
1067.7,0.11746,3.4992,7.50934,0
1067.8,0.11748,3.4992,7.50934,0
1067.9,0.11747,3.49918,7.50934,0
1068,0.11746,3.49916,7.50934,0
1068.1,0.11745,3.49915,7.50934,0
1068.2,0.11746,3.49915,7.50934,0
1068.3,0.11747,3.49916,7.50934,0
1068.4,0.11749,3.49916,7.50934,0
1068.5,0.11749,3.49915,7.50934,0
1068.6,0.11748,3.49914,7.50934,0
1068.7,0.11746,3.49913,7.50934,0
1068.8,0.11745,3.49913,7.50934,0
1068.9,0.11746,3.49914,7.50934,0
1069,0.11748,3.49915,7.50934,0
1069.1,0.11748,3.49914,7.50934,0
1069.2,0.11746,3.49912,7.50934,0
1069.3,0.11745,3.49911,7.50934,0
1069.4,0.11744,3.49911,7.50934,0
1069.5,0.11744,3.49911,7.50934,0
1069.6,0.11745,3.49912,7.50934,0
1069.7,0.11746,3.49913,7.50934,0
1069.8,0.11745,3.49912,7.50934,0
1069.9,0.11744,3.49911,7.50934,0
1070,0.11742,3.4991,7.50934,0
1070.1,0.11741,3.4991,7.50934,0
1070.2,0.11743,3.49911,7.50934,0
1070.3,0.11744,3.49912,7.50934,0
1070.4,0.11744,3.49911,7.50934,0
1070.5,0.11743,3.49909,7.50934,0
1070.6,0.11741,3.49908,7.50934,0
1070.7,0.1174,3.49909,7.50934,0
1070.8,0.1174,3.4991,7.50934,0
1070.9,0.11742,3.49911,7.50934,0
1071,0.11743,3.4991,7.50934,0
1071.1,0.11743,3.49909,7.50934,0
1071.2,0.11742,3.49907,7.50934,0
1071.3,0.11741,3.49906,7.50934,0
1071.4,0.11741,3.49906,7.50934,0
1071.5,0.11743,3.49907,7.50934,0
1071.6,0.11744,3.49908,7.50934,0
1071.7,0.11746,3.49907,7.50934,0
1071.8,0.11744,3.49905,7.50934,0
1071.9,0.11742,3.49904,7.50934,0
1072,0.11742,3.49904,7.50934,0
1072.1,0.11744,3.49905,7.50934,0
1072.2,0.11745,3.49906,7.50934,0
1072.3,0.11746,3.49905,7.50934,0
1072.4,0.11744,3.49904,7.50934,0
1072.5,0.11743,3.49903,7.50934,0
1072.6,0.11742,3.49903,7.50934,0
1072.7,0.11742,3.49904,7.50934,0
1072.8,0.11744,3.49906,7.50934,0
1072.9,0.11745,3.49907,7.50934,0
1073,0.11744,3.49906,7.50934,0
1073.1,0.11742,3.49904,7.50934,0
1073.2,0.1174,3.49904,7.50934,0
1073.3,0.11739,3.49904,7.50934,0
1073.4,0.1174,3.49905,7.50934,0
1073.5,0.11742,3.49906,7.50934,0
1073.6,0.11741,3.49905,7.50934,0
1073.7,0.1174,3.49903,7.50934,0
1073.8,0.11738,3.49902,7.50934,0
1073.9,0.11738,3.49903,7.50934,0
1074,0.11739,3.49904,7.50934,0
1074.1,0.1174,3.49904,7.50934,0
1074.2,0.11741,3.49904,7.50934,0
1074.3,0.11741,3.49902,7.50934,0
1074.4,0.11739,3.49901,7.50934,0
1074.5,0.11739,3.499,7.50934,0
1074.6,0.11739,3.499,7.50934,0
1074.7,0.11741,3.49901,7.50934,0
1074.8,0.11742,3.49901,7.50934,0
1074.9,0.11743,3.49901,7.50934,0
1075,0.11741,3.49899,7.50934,0
1075.1,0.11739,3.49898,7.50934,0
1075.2,0.11739,3.49899,7.50934,0
1075.3,0.11741,3.499,7.50934,0
1075.4,0.11742,3.49901,7.50934,0
1075.5,0.11742,3.499,7.50934,0
1075.6,0.11741,3.49898,7.50934,0
1075.7,0.11739,3.49898,7.50934,0
1075.8,0.11738,3.49898,7.50934,0
1075.9,0.11739,3.49899,7.50934,0
1076,0.1174,3.499,7.50934,0
1076.1,0.11742,3.49901,7.50934,0
1076.2,0.11742,3.499,7.50934,0
1076.3,0.1174,3.49899,7.50934,0
1076.4,0.11739,3.49898,7.50934,0
1076.5,0.11738,3.49899,7.50934,0
1076.6,0.1174,3.49899,7.50934,0
1076.7,0.11741,3.499,7.50934,0
1076.8,0.11741,3.49899,7.50934,0
1076.9,0.1174,3.49897,7.50934,0
1077,0.11738,3.49897,7.50934,0
1077.1,0.11738,3.49897,7.50934,0
1077.2,0.11739,3.49899,7.50934,0
1077.3,0.11741,3.49899,7.50934,0
1077.4,0.11742,3.49899,7.50934,0
1077.5,0.11742,3.49897,7.50934,0
1077.6,0.11741,3.49896,7.50934,0
1077.7,0.1174,3.49895,7.50934,0
1077.8,0.1174,3.49896,7.50934,0
1077.9,0.11742,3.49897,7.50934,0
1078,0.11744,3.49897,7.50934,0
1078.1,0.11744,3.49897,7.50934,0
1078.2,0.11743,3.49896,7.50934,0
1078.3,0.11741,3.49895,7.50934,0
1078.4,0.11741,3.49895,7.50934,0
1078.5,0.11743,3.49897,7.50934,0
1078.6,0.11744,3.49898,7.50934,0
1078.7,0.11745,3.49897,7.50934,0
1078.8,0.11743,3.49896,7.50934,0
1078.9,0.11742,3.49895,7.50934,0
1079,0.11741,3.49895,7.50934,0
1079.1,0.11742,3.49896,7.50934,0
1079.2,0.11743,3.49897,7.50934,0
1079.3,0.11744,3.49898,7.50934,0
1079.4,0.11744,3.49898,7.50934,0
1079.5,0.11742,3.49896,7.50934,0
1079.6,0.11741,3.49896,7.50934,0
1079.7,0.1174,3.49896,7.50934,0
1079.8,0.11741,3.49898,7.50934,0
1079.9,0.11743,3.49898,7.50934,0
1080,0.11743,3.49898,7.50934,0
1080.1,0.11742,3.49897,7.50934,0
1080.2,0.1174,3.49896,7.50934,0
1080.3,0.11739,3.49897,7.50934,0
1080.4,0.1174,3.49898,7.50934,0
1080.5,0.11741,3.49899,7.50934,0
1080.6,0.11742,3.49899,7.50934,0
1080.7,0.11742,3.49898,7.50934,0
1080.8,0.1174,3.49897,7.50934,0
1080.9,0.11739,3.49896,7.50934,0
1081,0.1174,3.49896,7.50934,0
1081.1,0.11742,3.49897,7.50934,0
1081.2,0.11744,3.49898,7.50934,0
1081.3,0.11744,3.49898,7.50934,0
1081.4,0.11743,3.49897,7.50934,0
1081.5,0.11741,3.49896,7.50934,0
1081.6,0.11741,3.49897,7.50934,0
1081.7,0.11743,3.49898,7.50934,0
1081.8,0.11745,3.499,7.50934,0
1081.9,0.11745,3.49899,7.50934,0
1082,0.11744,3.49898,7.50934,0
1082.1,0.11742,3.49897,7.50934,0
1082.2,0.11741,3.49898,7.50934,0
1082.3,0.11741,3.49899,7.50934,0
1082.4,0.11743,3.499,7.50934,0
1082.5,0.11744,3.49902,7.50934,0
1082.6,0.11743,3.49901,7.50934,0
1082.7,0.11741,3.499,7.50934,0
1082.8,0.1174,3.49899,7.50934,0
1082.9,0.11738,3.499,7.50934,0
1083,0.1174,3.49901,7.50934,0
1083.1,0.11742,3.49902,7.50934,0
1083.2,0.11742,3.49901,7.50934,0
1083.3,0.1174,3.499,7.50934,0
1083.4,0.11739,3.49899,7.50934,0
1083.5,0.11738,3.499,7.50934,0
1083.6,0.11739,3.49901,7.50934,0
1083.7,0.11741,3.49901,7.50934,0
1083.8,0.11742,3.49901,7.50934,0
1083.9,0.11742,3.499,7.50934,0
1084,0.11741,3.49899,7.50934,0
1084.1,0.1174,3.49898,7.50934,0
1084.2,0.11741,3.49898,7.50934,0
1084.3,0.11742,3.49899,7.50934,0
1084.4,0.11744,3.499,7.50934,0
1084.5,0.11745,3.49899,7.50934,0
1084.6,0.11743,3.49898,7.50934,0
1084.7,0.11742,3.49897,7.50934,0
1084.8,0.11742,3.49897,7.50934,0
1084.9,0.11743,3.49899,7.50934,0
1085,0.11745,3.49899,7.50934,0
1085.1,0.11746,3.49899,7.50934,0
1085.2,0.11745,3.49898,7.50934,0
1085.3,0.11743,3.49897,7.50934,0
1085.4,0.11743,3.49897,7.50934,0
1085.5,0.11743,3.49898,7.50934,0
1085.6,0.11745,3.49899,7.50934,0
1085.7,0.11747,3.499,7.50934,0
1085.8,0.11748,3.499,7.50934,0
1085.9,0.11746,3.49899,7.50934,0
1086,0.11744,3.49899,7.50934,0
1086.1,0.11744,3.49899,7.50934,0
1086.2,0.11746,3.49901,7.50934,0
1086.3,0.11747,3.49902,7.50934,0
1086.4,0.11747,3.49901,7.50934,0
1086.5,0.11746,3.499,7.50934,0
1086.6,0.11744,3.499,7.50934,0
1086.7,0.11744,3.499,7.50934,0
1086.8,0.11745,3.49902,7.50934,0
1086.9,0.11747,3.49903,7.50934,0
1087,0.11748,3.49903,7.50934,0
1087.1,0.11747,3.49902,7.50934,0
1087.2,0.11745,3.49901,7.50934,0
1087.3,0.11745,3.499,7.50934,0
1087.4,0.11745,3.499,7.50934,0
1087.5,0.11747,3.49902,7.50934,0
1087.6,0.11749,3.49902,7.50934,0
1087.7,0.1175,3.49902,7.50934,0
1087.8,0.11748,3.49901,7.50934,0
1087.9,0.11747,3.499,7.50934,0
1088,0.11746,3.49901,7.50934,0
1088.1,0.11748,3.49903,7.50934,0
1088.2,0.11749,3.49903,7.50934,0
1088.3,0.11751,3.49903,7.50934,0
1088.4,0.1175,3.49902,7.50934,0
1088.5,0.11748,3.49902,7.50934,0
1088.6,0.11748,3.49902,7.50934,0
1088.7,0.11748,3.49903,7.50934,0
1088.8,0.1175,3.49904,7.50934,0
1088.9,0.11751,3.49905,7.50934,0
1089,0.1175,3.49905,7.50934,0
1089.1,0.11749,3.49904,7.50934,0
1089.2,0.11747,3.49904,7.50934,0
1089.3,0.11746,3.49904,7.50934,0
1089.4,0.11748,3.49906,7.50934,0
1089.5,0.1175,3.49907,7.50934,0
1089.6,0.1175,3.49906,7.50934,0
1089.7,0.11749,3.49905,7.50934,0
1089.8,0.11747,3.49905,7.50934,0
1089.9,0.11746,3.49905,7.50934,0
1090,0.11747,3.49906,7.50934,0
1090.1,0.11748,3.49908,7.50934,0
1090.2,0.11749,3.49909,7.50934,0
1090.3,0.11748,3.49908,7.50934,0
1090.4,0.11747,3.49907,7.50934,0
1090.5,0.11746,3.49906,7.50934,0
1090.6,0.11747,3.49906,7.50934,0
1090.7,0.11748,3.49907,7.50934,0
1090.8,0.1175,3.49908,7.50934,0
1090.9,0.11751,3.49908,7.50934,0
1091,0.11749,3.49907,7.50934,0
1091.1,0.11748,3.49907,7.50934,0
1091.2,0.11748,3.49908,7.50934,0
1091.3,0.11749,3.49909,7.50934,0
1091.4,0.11751,3.4991,7.50934,0
1091.5,0.11752,3.4991,7.50934,0
1091.6,0.11751,3.49909,7.50934,0
1091.7,0.11749,3.49909,7.50934,0
1091.8,0.11748,3.4991,7.50934,0
1091.9,0.11749,3.49911,7.50934,0
1092,0.11751,3.49913,7.50934,0
1092.1,0.11752,3.49914,7.50934,0
1092.2,0.11752,3.49914,7.50934,0
1092.3,0.1175,3.49914,7.50934,0
1092.4,0.11748,3.49913,7.50934,0
1092.5,0.11748,3.49914,7.50934,0
1092.6,0.11748,3.49916,7.50934,0
1092.7,0.1175,3.49917,7.50934,0
1092.8,0.11751,3.49917,7.50934,0
1092.9,0.1175,3.49916,7.50934,0
1093,0.11748,3.49916,7.50934,0
1093.1,0.11746,3.49917,7.50934,0
1093.2,0.11747,3.49918,7.50934,0
1093.3,0.11749,3.49919,7.50934,0
1093.4,0.1175,3.49919,7.50934,0
1093.5,0.1175,3.49919,7.50934,0
1093.6,0.11748,3.49918,7.50934,0
1093.7,0.11747,3.49917,7.50934,0
1093.8,0.11748,3.49918,7.50934,0
1093.9,0.1175,3.4992,7.50934,0
1094,0.11752,3.49921,7.50934,0
1094.1,0.11752,3.49921,7.50934,0
1094.2,0.1175,3.4992,7.50934,0
1094.3,0.11749,3.4992,7.50934,0
1094.4,0.11749,3.4992,7.50934,0
1094.5,0.11751,3.49922,7.50934,0
1094.6,0.11752,3.49923,7.50934,0
1094.7,0.11753,3.49923,7.50934,0
1094.8,0.11752,3.49922,7.50934,0
1094.9,0.11751,3.49922,7.50934,0
1095,0.1175,3.49923,7.50934,0
1095.1,0.11751,3.49924,7.50934,0
1095.2,0.11753,3.49926,7.50934,0
1095.3,0.11755,3.49927,7.50934,0
1095.4,0.11755,3.49927,7.50934,0
1095.5,0.11753,3.49926,7.50934,0
1095.6,0.11752,3.49926,7.50934,0
1095.7,0.11751,3.49927,7.50934,0
1095.8,0.11753,3.49929,7.50934,0
1095.9,0.11754,3.49931,7.50934,0
1096,0.11754,3.4993,7.50934,0
1096.1,0.11753,3.4993,7.50934,0
1096.2,0.11751,3.49929,7.50934,0
1096.3,0.11751,3.4993,7.50934,0
1096.4,0.11752,3.49931,7.50934,0
1096.5,0.11753,3.49932,7.50934,0
1096.6,0.11754,3.49932,7.50934,0
1096.7,0.11754,3.49932,7.50934,0
1096.8,0.11752,3.49931,7.50934,0
1096.9,0.11751,3.4993,7.50934,0
1097,0.11752,3.49931,7.50934,0
1097.1,0.11754,3.49932,7.50934,0
1097.2,0.11755,3.49933,7.50934,0
1097.3,0.11755,3.49934,7.50934,0
1097.4,0.11754,3.49933,7.50934,0
1097.5,0.11752,3.49933,7.50934,0
1097.6,0.11752,3.49934,7.50934,0
1097.7,0.11754,3.49935,7.50934,0
1097.8,0.11756,3.49937,7.50934,0
1097.9,0.11756,3.49937,7.50934,0
1098,0.11756,3.49936,7.50934,0
1098.1,0.11754,3.49936,7.50934,0
1098.2,0.11753,3.49936,7.50934,0
1098.3,0.11754,3.49938,7.50934,0
1098.4,0.11756,3.49939,7.50934,0
1098.5,0.11758,3.4994,7.50934,0
1098.6,0.11757,3.49941,7.50934,0
1098.7,0.11756,3.4994,7.50934,0
1098.8,0.11754,3.4994,7.50934,0
1098.9,0.11753,3.49941,7.50934,0
1099,0.11755,3.49942,7.50934,0
1099.1,0.11757,3.49943,7.50934,0
1099.2,0.11757,3.49943,7.50934,0
1099.3,0.11755,3.49943,7.50934,0
1099.4,0.11753,3.49943,7.50934,0
1099.5,0.11753,3.49944,7.50934,0
1099.6,0.11753,3.49945,7.50934,0
1099.7,0.11754,3.49947,7.50934,0
1099.8,0.11755,3.49947,7.50934,0
1099.9,0.11754,3.49947,7.50934,0
1100,0.11753,3.49946,7.50934,0
1100.1,0.11752,3.49946,7.50934,0
1100.2,0.11752,3.49946,7.50934,0
1100.3,0.11754,3.49948,7.50934,0
1100.4,0.11755,3.49949,7.50934,0
1100.5,0.11755,3.49949,7.50934,0
1100.6,0.11754,3.49948,7.50934,0
1100.7,0.11752,3.49948,7.50934,0
1100.8,0.11752,3.49949,7.50934,0
1100.9,0.11754,3.49951,7.50934,0
1101,0.11755,3.49952,7.50934,0
1101.1,0.11756,3.49952,7.50934,0
1101.2,0.11755,3.49951,7.50934,0
1101.3,0.11754,3.49951,7.50934,0
1101.4,0.11753,3.49951,7.50934,0
1101.5,0.11754,3.49953,7.50934,0
1101.6,0.11756,3.49955,7.50934,0
1101.7,0.11757,3.49956,7.50934,0
1101.8,0.11756,3.49956,7.50934,0
1101.9,0.11755,3.49956,7.50934,0
1102,0.11753,3.49956,7.50934,0
1102.1,0.11753,3.49957,7.50934,0
1102.2,0.11755,3.49958,7.50934,0
1102.3,0.11756,3.49959,7.50934,0
1102.4,0.11757,3.49959,7.50934,0
1102.5,0.11755,3.49959,7.50934,0
1102.6,0.11753,3.49958,7.50934,0
1102.7,0.11753,3.4996,7.50934,0
1102.8,0.11753,3.49961,7.50934,0
1102.9,0.11755,3.49962,7.50934,0
1103,0.11757,3.49962,7.50934,0
1103.1,0.11756,3.49962,7.50934,0
1103.2,0.11754,3.49961,7.50934,0
1103.3,0.11754,3.4996,7.50934,0
1103.4,0.11754,3.49961,7.50934,0
1103.5,0.11756,3.49963,7.50934,0
1103.6,0.11757,3.49964,7.50934,0
1103.7,0.11758,3.49964,7.50934,0
1103.8,0.11756,3.49963,7.50934,0
1103.9,0.11755,3.49963,7.50934,0
1104,0.11754,3.49964,7.50934,0
1104.1,0.11755,3.49965,7.50934,0
1104.2,0.11757,3.49966,7.50934,0
1104.3,0.11758,3.49967,7.50934,0
1104.4,0.11758,3.49966,7.50934,0
1104.5,0.11756,3.49966,7.50934,0
1104.6,0.11755,3.49968,7.50934,0
1104.7,0.11755,3.49969,7.50934,0
1104.8,0.11757,3.49971,7.50934,0
1104.9,0.11759,3.49973,7.50934,0
1105,0.11759,3.49973,7.50934,0
1105.1,0.11757,3.49972,7.50934,0
1105.2,0.11756,3.49972,7.50934,0
1105.3,0.11756,3.49973,7.50934,0
1105.4,0.11757,3.49975,7.50934,0
1105.5,0.11759,3.49976,7.50934,0
1105.6,0.11759,3.49976,7.50934,0
1105.7,0.11757,3.49976,7.50934,0
1105.8,0.11756,3.49975,7.50934,0
1105.9,0.11755,3.49977,7.50934,0
1106,0.11755,3.49978,7.50934,0
1106.1,0.11757,3.4998,7.50934,0
1106.2,0.11758,3.4998,7.50934,0
1106.3,0.11757,3.49979,7.50934,0
1106.4,0.11755,3.49979,7.50934,0
1106.5,0.11754,3.49978,7.50934,0
1106.6,0.11754,3.49979,7.50934,0
1106.7,0.11756,3.49981,7.50934,0
1106.8,0.11757,3.49982,7.50934,0
1106.9,0.11757,3.49982,7.50934,0
1107,0.11756,3.49981,7.50934,0
1107.1,0.11754,3.49981,7.50934,0
1107.2,0.11753,3.49982,7.50934,0
1107.3,0.11754,3.49984,7.50934,0
1107.4,0.11756,3.49986,7.50934,0
1107.5,0.11757,3.49986,7.50934,0
1107.6,0.11756,3.49986,7.50934,0
1107.7,0.11754,3.49987,7.50934,0
1107.8,0.11753,3.49987,7.50934,0
1107.9,0.11754,3.49988,7.50934,0
1108,0.11755,3.4999,7.50934,0
1108.1,0.11757,3.49992,7.50934,0
1108.2,0.11757,3.49992,7.50934,0
1108.3,0.11755,3.49992,7.50934,0
1108.4,0.11753,3.49992,7.50934,0
1108.5,0.11752,3.49993,7.50934,0
1108.6,0.11754,3.49995,7.50934,0
1108.7,0.11755,3.49996,7.50934,0
1108.8,0.11755,3.49996,7.50934,0
1108.9,0.11753,3.49996,7.50934,0
1109,0.11752,3.49996,7.50934,0
1109.1,0.11751,3.49997,7.50934,0
1109.2,0.11751,3.49999,7.50934,0
1109.3,0.11752,3.50001,7.50934,0
1109.4,0.11753,3.50001,7.50934,0
1109.5,0.11752,3.50001,7.50934,0
1109.6,0.1175,3.5,7.50934,0
1109.7,0.11749,3.5,7.50934,0
1109.8,0.11749,3.50001,7.50934,0
1109.9,0.1175,3.50002,7.50934,0
1110,0.11752,3.50004,7.50934,0
1110.1,0.11752,3.50004,7.50934,0
1110.2,0.1175,3.50004,7.50934,0
1110.3,0.11749,3.50004,7.50934,0
1110.4,0.11749,3.50005,7.50934,0
1110.5,0.1175,3.50007,7.50934,0
1110.6,0.11752,3.50008,7.50934,0
1110.7,0.11753,3.50008,7.50934,0
1110.8,0.11752,3.50008,7.50934,0
1110.9,0.1175,3.50008,7.50934,0
1111,0.11749,3.50009,7.50934,0
1111.1,0.1175,3.50011,7.50934,0
1111.2,0.11751,3.50013,7.50934,0
1111.3,0.11753,3.50015,7.50934,0
1111.4,0.11753,3.50015,7.50934,0
1111.5,0.11751,3.50014,7.50934,0
1111.6,0.11749,3.50014,7.50934,0
1111.7,0.11749,3.50015,7.50934,0
1111.8,0.11751,3.50017,7.50934,0
1111.9,0.11752,3.50018,7.50934,0
1112,0.11752,3.50018,7.50934,0
1112.1,0.11751,3.50018,7.50934,0
1112.2,0.11749,3.50018,7.50934,0
1112.3,0.11748,3.50018,7.50934,0
1112.4,0.11749,3.5002,7.50934,0
1112.5,0.1175,3.50022,7.50934,0
1112.6,0.11751,3.50022,7.50934,0
1112.7,0.1175,3.50021,7.50934,0
1112.8,0.11749,3.50021,7.50934,0
1112.9,0.11747,3.50021,7.50934,0
1113,0.11747,3.50021,7.50934,0
1113.1,0.11749,3.50023,7.50934,0
1113.2,0.1175,3.50025,7.50934,0
1113.3,0.1175,3.50025,7.50934,0
1113.4,0.11749,3.50025,7.50934,0
1113.5,0.11747,3.50025,7.50934,0
1113.6,0.11747,3.50025,7.50934,0
1113.7,0.11748,3.50027,7.50934,0
1113.8,0.1175,3.50029,7.50934,0
1113.9,0.11751,3.50029,7.50934,0
1114,0.1175,3.50028,7.50934,0
1114.1,0.11749,3.50028,7.50934,0
1114.2,0.11748,3.5003,7.50934,0
1114.3,0.11748,3.50031,7.50934,0
1114.4,0.11749,3.50033,7.50934,0
1114.5,0.11751,3.50035,7.50934,0
1114.6,0.11751,3.50036,7.50934,0
1114.7,0.1175,3.50035,7.50934,0
1114.8,0.11748,3.50035,7.50934,0
1114.9,0.11748,3.50036,7.50934,0
1115,0.11749,3.50038,7.50934,0
1115.1,0.11751,3.5004,7.50934,0
1115.2,0.11751,3.5004,7.50934,0
1115.3,0.11749,3.50039,7.50934,0
1115.4,0.11748,3.50039,7.50934,0
1115.5,0.11747,3.50041,7.50934,0
1115.6,0.11747,3.50043,7.50934,0
1115.7,0.11749,3.50044,7.50934,0
1115.8,0.1175,3.50045,7.50934,0
1115.9,0.11749,3.50044,7.50934,0
1116,0.11747,3.50044,7.50934,0
1116.1,0.11745,3.50044,7.50934,0
1116.2,0.11745,3.50045,7.50934,0
1116.3,0.11747,3.50047,7.50934,0
1116.4,0.11748,3.50048,7.50934,0
1116.5,0.11749,3.50048,7.50934,0
1116.6,0.11747,3.50048,7.50934,0
1116.7,0.11746,3.50048,7.50934,0
1116.8,0.11744,3.50049,7.50934,0
1116.9,0.11745,3.50051,7.50934,0
1117,0.11746,3.50052,7.50934,0
1117.1,0.11747,3.50052,7.50934,0
1117.2,0.11746,3.50052,7.50934,0
1117.3,0.11744,3.50052,7.50934,0
1117.4,0.11744,3.50053,7.50934,0
1117.5,0.11744,3.50054,7.50934,0
1117.6,0.11746,3.50056,7.50934,0
1117.7,0.11748,3.50058,7.50934,0
1117.8,0.11748,3.50058,7.50934,0
1117.9,0.11746,3.50058,7.50934,0
1118,0.11744,3.50058,7.50934,0
1118.1,0.11744,3.50059,7.50934,0
1118.2,0.11745,3.50061,7.50934,0
1118.3,0.11747,3.50062,7.50934,0
1118.4,0.11747,3.50063,7.50934,0
1118.5,0.11745,3.50062,7.50934,0
1118.6,0.11744,3.50062,7.50934,0
1118.7,0.11743,3.50064,7.50934,0
1118.8,0.11743,3.50066,7.50934,0
1118.9,0.11744,3.50068,7.50934,0
1119,0.11745,3.50068,7.50934,0
1119.1,0.11744,3.50068,7.50934,0
1119.2,0.11742,3.50067,7.50934,0
1119.3,0.1174,3.50067,7.50934,0
1119.4,0.1174,3.50068,7.50934,0
1119.5,0.11742,3.5007,7.50934,0
1119.6,0.11743,3.50072,7.50934,0
1119.7,0.11744,3.50072,7.50934,0
1119.8,0.11742,3.50072,7.50934,0
1119.9,0.1174,3.50072,7.50934,0
1120,0.11739,3.50073,7.50934,0
1120.1,0.11741,3.50075,7.50934,0
1120.2,0.11742,3.50077,7.50934,0
1120.3,0.11743,3.50077,7.50934,0
1120.4,0.11742,3.50076,7.50934,0
1120.5,0.1174,3.50077,7.50934,0
1120.6,0.11739,3.50078,7.50934,0
1120.7,0.1174,3.5008,7.50934,0
1120.8,0.11741,3.50082,7.50934,0
1120.9,0.11743,3.50084,7.50934,0
1121,0.11743,3.50084,7.50934,0
1121.1,0.11741,3.50084,7.50934,0
1121.2,0.11739,3.50084,7.50934,0
1121.3,0.11739,3.50085,7.50934,0
1121.4,0.1174,3.50087,7.50934,0
1121.5,0.11742,3.50089,7.50934,0
1121.6,0.11742,3.50089,7.50934,0
1121.7,0.1174,3.50088,7.50934,0
1121.8,0.11738,3.50089,7.50934,0
1121.9,0.11737,3.50089,7.50934,0
1122,0.11738,3.50091,7.50934,0
1122.1,0.11739,3.50093,7.50934,0
1122.2,0.1174,3.50094,7.50934,0
1122.3,0.11739,3.50094,7.50934,0
1122.4,0.11737,3.50093,7.50934,0
1122.5,0.11735,3.50093,7.50934,0
1122.6,0.11735,3.50094,7.50934,0
1122.7,0.11736,3.50096,7.50934,0
1122.8,0.11738,3.50097,7.50934,0
1122.9,0.11738,3.50097,7.50934,0
1123,0.11737,3.50097,7.50934,0
1123.1,0.11735,3.50097,7.50934,0
1123.2,0.11734,3.50098,7.50934,0
1123.3,0.11735,3.501,7.50934,0
1123.4,0.11736,3.50102,7.50934,0
1123.5,0.11738,3.50102,7.50934,0
1123.6,0.11737,3.50101,7.50934,0
1123.7,0.11735,3.50101,7.50934,0
1123.8,0.11734,3.50102,7.50934,0
1123.9,0.11734,3.50104,7.50934,0
1124,0.11736,3.50106,7.50934,0
1124.1,0.11737,3.50108,7.50934,0
1124.2,0.11737,3.50108,7.50934,0
1124.3,0.11735,3.50108,7.50934,0
1124.4,0.11733,3.50108,7.50934,0
1124.5,0.11732,3.50108,7.50934,0
1124.6,0.11733,3.50111,7.50934,0
1124.7,0.11735,3.50112,7.50934,0
1124.8,0.11734,3.50112,7.50934,0
1124.9,0.11733,3.50112,7.50934,0
1125,0.11731,3.50112,7.50934,0
1125.1,0.11729,3.50113,7.50934,0
1125.2,0.11729,3.50115,7.50934,0
1125.3,0.1173,3.50117,7.50934,0
1125.4,0.11731,3.50117,7.50934,0
1125.5,0.1173,3.50116,7.50934,0
1125.6,0.11728,3.50116,7.50934,0
1125.7,0.11726,3.50116,7.50934,0
1125.8,0.11725,3.50117,7.50934,0
1125.9,0.11727,3.50119,7.50934,0
1126,0.11728,3.5012,7.50934,0
1126.1,0.11728,3.5012,7.50934,0
1126.2,0.11726,3.5012,7.50934,0
1126.3,0.11724,3.5012,7.50934,0
1126.4,0.11723,3.50121,7.50934,0
1126.5,0.11723,3.50123,7.50934,0
1126.6,0.11725,3.50124,7.50934,0
1126.7,0.11725,3.50125,7.50934,0
1126.8,0.11725,3.50124,7.50934,0
1126.9,0.11723,3.50124,7.50934,0
1127,0.11721,3.50125,7.50934,0
1127.1,0.11722,3.50126,7.50934,0
1127.2,0.11723,3.50128,7.50934,0
1127.3,0.11724,3.50129,7.50934,0
1127.4,0.11724,3.5013,7.50934,0
1127.5,0.11722,3.50129,7.50934,0
1127.6,0.1172,3.50129,7.50934,0
1127.7,0.11719,3.5013,7.50934,0
1127.8,0.11719,3.50132,7.50934,0
1127.9,0.11721,3.50134,7.50934,0
1128,0.11721,3.50134,7.50934,0
1128.1,0.11719,3.50133,7.50934,0
1128.2,0.11717,3.50133,7.50934,0
1128.3,0.11716,3.50134,7.50934,0
1128.4,0.11716,3.50136,7.50934,0
1128.5,0.11717,3.50138,7.50934,0
1128.6,0.11718,3.50139,7.50934,0
1128.7,0.11716,3.50138,7.50934,0
1128.8,0.11715,3.50138,7.50934,0
1128.9,0.11713,3.50138,7.50934,0
1129,0.11712,3.50138,7.50934,0
1129.1,0.11713,3.5014,7.50934,0
1129.2,0.11715,3.50141,7.50934,0
1129.3,0.11714,3.50141,7.50934,0
1129.4,0.11712,3.50141,7.50934,0
1129.5,0.1171,3.50141,7.50934,0
1129.6,0.1171,3.50142,7.50934,0
1129.7,0.11711,3.50144,7.50934,0
1129.8,0.11712,3.50145,7.50934,0
1129.9,0.11714,3.50145,7.50934,0
1130,0.11713,3.50145,7.50934,0
1130.1,0.11712,3.50145,7.50934,0
1130.2,0.11711,3.50146,7.50934,0
1130.3,0.1171,3.50148,7.50934,0
1130.4,0.11711,3.50149,7.50934,0
1130.5,0.11713,3.50151,7.50934,0
1130.6,0.11712,3.50152,7.50934,0
1130.7,0.1171,3.50151,7.50934,0
1130.8,0.11708,3.50151,7.50934,0
1130.9,0.11707,3.50152,7.50934,0
1131,0.11708,3.50154,7.50934,0
1131.1,0.11709,3.50155,7.50934,0
1131.2,0.11709,3.50155,7.50934,0
1131.3,0.11707,3.50154,7.50934,0
1131.4,0.11706,3.50154,7.50934,0
1131.5,0.11704,3.50155,7.50934,0
1131.6,0.11704,3.50157,7.50934,0
1131.7,0.11705,3.50158,7.50934,0
1131.8,0.11707,3.50158,7.50934,0
1131.9,0.11706,3.50158,7.50934,0
1132,0.11704,3.50157,7.50934,0
1132.1,0.11702,3.50157,7.50934,0
1132.2,0.11701,3.50158,7.50934,0
1132.3,0.11702,3.50159,7.50934,0
1132.4,0.11703,3.5016,7.50934,0
1132.5,0.11703,3.50161,7.50934,0
1132.6,0.11701,3.5016,7.50934,0
1132.7,0.11699,3.5016,7.50934,0
1132.8,0.11699,3.50161,7.50934,0
1132.9,0.117,3.50163,7.50934,0
1133,0.11701,3.50164,7.50934,0
1133.1,0.11702,3.50164,7.50934,0
1133.2,0.11701,3.50163,7.50934,0
1133.3,0.11699,3.50163,7.50934,0
1133.4,0.11698,3.50164,7.50934,0
1133.5,0.11698,3.50166,7.50934,0
1133.6,0.11699,3.50168,7.50934,0
1133.7,0.11701,3.50169,7.50934,0
1133.8,0.11702,3.5017,7.50934,0
1133.9,0.11701,3.50169,7.50934,0
1134,0.11699,3.50169,7.50934,0
1134.1,0.11698,3.5017,7.50934,0
1134.2,0.11699,3.50172,7.50934,0
1134.3,0.117,3.50173,7.50934,0
1134.4,0.117,3.50173,7.50934,0
1134.5,0.11698,3.50172,7.50934,0
1134.6,0.11697,3.50172,7.50934,0
1134.7,0.11695,3.50173,7.50934,0
1134.8,0.11695,3.50175,7.50934,0
1134.9,0.11696,3.50176,7.50934,0
1135,0.11698,3.50176,7.50934,0
1135.1,0.11696,3.50175,7.50934,0
1135.2,0.11695,3.50175,7.50934,0
1135.3,0.11692,3.50174,7.50934,0
1135.4,0.11692,3.50175,7.50934,0
1135.5,0.11693,3.50176,7.50934,0
1135.6,0.11694,3.50177,7.50934,0
1135.7,0.11695,3.50178,7.50934,0
1135.8,0.11693,3.50177,7.50934,0
1135.9,0.11691,3.50177,7.50934,0
1136,0.1169,3.50178,7.50934,0
1136.1,0.1169,3.50179,7.50934,0
1136.2,0.11691,3.5018,7.50934,0
1136.3,0.11693,3.5018,7.50934,0
1136.4,0.11692,3.5018,7.50934,0
1136.5,0.1169,3.50179,7.50934,0
1136.6,0.11689,3.50179,7.50934,0
1136.7,0.11689,3.50181,7.50934,0
1136.8,0.1169,3.50182,7.50934,0
1136.9,0.11692,3.50184,7.50934,0
1137,0.11692,3.50184,7.50934,0
1137.1,0.1169,3.50183,7.50934,0
1137.2,0.11688,3.50183,7.50934,0
1137.3,0.11687,3.50184,7.50934,0
1137.4,0.11688,3.50185,7.50934,0
1137.5,0.1169,3.50187,7.50934,0
1137.6,0.1169,3.50187,7.50934,0
1137.7,0.11688,3.50186,7.50934,0
1137.8,0.11686,3.50186,7.50934,0
1137.9,0.11685,3.50187,7.50934,0
1138,0.11684,3.50189,7.50934,0
1138.1,0.11686,3.5019,7.50934,0
1138.2,0.11686,3.50191,7.50934,0
1138.3,0.11685,3.5019,7.50934,0
1138.4,0.11683,3.50189,7.50934,0
1138.5,0.11681,3.50188,7.50934,0
1138.6,0.1168,3.50189,7.50934,0
1138.7,0.11681,3.50189,7.50934,0
1138.8,0.11683,3.50191,7.50934,0
1138.9,0.11683,3.50191,7.50934,0
1139,0.11681,3.5019,7.50934,0
1139.1,0.11679,3.5019,7.50934,0
1139.2,0.11679,3.50191,7.50934,0
1139.3,0.1168,3.50192,7.50934,0
1139.4,0.11681,3.50193,7.50934,0
1139.5,0.11682,3.50193,7.50934,0
1139.6,0.11682,3.50192,7.50934,0
1139.7,0.11681,3.50192,7.50934,0
1139.8,0.1168,3.50192,7.50934,0
1139.9,0.11679,3.50193,7.50934,0
1140,0.1168,3.50195,7.50934,0
1140.1,0.11682,3.50196,7.50934,0
1140.2,0.11682,3.50196,7.50934,0
1140.3,0.1168,3.50195,7.50934,0
1140.4,0.11678,3.50195,7.50934,0
1140.5,0.11677,3.50196,7.50934,0
1140.6,0.11679,3.50197,7.50934,0
1140.7,0.1168,3.50198,7.50934,0
1140.8,0.11679,3.50198,7.50934,0
1140.9,0.11678,3.50197,7.50934,0
1141,0.11676,3.50196,7.50934,0
1141.1,0.11674,3.50197,7.50934,0
1141.2,0.11674,3.50199,7.50934,0
1141.3,0.11675,3.502,7.50934,0
1141.4,0.11676,3.50199,7.50934,0
1141.5,0.11676,3.50198,7.50934,0
1141.6,0.11674,3.50197,7.50934,0
1141.7,0.11672,3.50197,7.50934,0
1141.8,0.11672,3.50197,7.50934,0
1141.9,0.11673,3.50199,7.50934,0
1142,0.11674,3.502,7.50934,0
1142.1,0.11675,3.502,7.50934,0
1142.2,0.11673,3.50199,7.50934,0
1142.3,0.11671,3.50199,7.50934,0
1142.4,0.11671,3.50199,7.50934,0
1142.5,0.11672,3.50201,7.50934,0
1142.6,0.11673,3.50202,7.50934,0
1142.7,0.11674,3.50201,7.50934,0
1142.8,0.11674,3.502,7.50934,0
1142.9,0.11672,3.502,7.50934,0
1143,0.11671,3.502,7.50934,0
1143.1,0.11671,3.50202,7.50934,0
1143.2,0.11672,3.50203,7.50934,0
1143.3,0.11673,3.50204,7.50934,0
1143.4,0.11674,3.50204,7.50934,0
1143.5,0.11672,3.50203,7.50934,0
1143.6,0.1167,3.50202,7.50934,0
1143.7,0.11669,3.50202,7.50934,0
1143.8,0.11671,3.50204,7.50934,0
1143.9,0.11672,3.50205,7.50934,0
1144,0.11672,3.50204,7.50934,0
1144.1,0.1167,3.50203,7.50934,0
1144.2,0.11668,3.50203,7.50934,0
1144.3,0.11667,3.50203,7.50934,0
1144.4,0.11667,3.50205,7.50934,0
1144.5,0.11669,3.50205,7.50934,0
1144.6,0.11669,3.50205,7.50934,0
1144.7,0.11668,3.50204,7.50934,0
1144.8,0.11666,3.50203,7.50934,0
1144.9,0.11664,3.50202,7.50934,0
1145,0.11664,3.50202,7.50934,0
1145.1,0.11665,3.50204,7.50934,0
1145.2,0.11666,3.50205,7.50934,0
1145.3,0.11666,3.50205,7.50934,0
1145.4,0.11664,3.50203,7.50934,0
1145.5,0.11662,3.50203,7.50934,0
1145.6,0.11661,3.50203,7.50934,0
1145.7,0.11661,3.50205,7.50934,0
1145.8,0.11662,3.50205,7.50934,0
1145.9,0.11663,3.50205,7.50934,0
1146,0.11662,3.50204,7.50934,0
1146.1,0.1166,3.50203,7.50934,0
1146.2,0.11659,3.50203,7.50934,0
1146.3,0.11659,3.50204,7.50934,0
1146.4,0.11661,3.50205,7.50934,0
1146.5,0.11662,3.50206,7.50934,0
1146.6,0.11662,3.50206,7.50934,0
1146.7,0.1166,3.50205,7.50934,0
1146.8,0.11658,3.50204,7.50934,0
1146.9,0.11658,3.50204,7.50934,0
1147,0.11659,3.50206,7.50934,0
1147.1,0.1166,3.50206,7.50934,0
1147.2,0.1166,3.50206,7.50934,0
1147.3,0.11658,3.50205,7.50934,0
1147.4,0.11656,3.50204,7.50934,0
1147.5,0.11655,3.50204,7.50934,0
1147.6,0.11655,3.50205,7.50934,0
1147.7,0.11657,3.50206,7.50934,0
1147.8,0.11658,3.50206,7.50934,0
1147.9,0.11657,3.50204,7.50934,0
1148,0.11655,3.50203,7.50934,0
1148.1,0.11653,3.50202,7.50934,0
1148.2,0.11652,3.50202,7.50934,0
1148.3,0.11653,3.50203,7.50934,0
1148.4,0.11655,3.50203,7.50934,0
1148.5,0.11654,3.50203,7.50934,0
1148.6,0.11653,3.50201,7.50934,0
1148.7,0.11651,3.50201,7.50934,0
1148.8,0.1165,3.502,7.50934,0
1148.9,0.11651,3.50201,7.50934,0
1149,0.11653,3.50201,7.50934,0
1149.1,0.11654,3.50201,7.50934,0
1149.2,0.11653,3.502,7.50934,0
1149.3,0.11651,3.502,7.50934,0
1149.4,0.1165,3.50199,7.50934,0
1149.5,0.1165,3.502,7.50934,0
1149.6,0.11651,3.50201,7.50934,0
1149.7,0.11653,3.50202,7.50934,0
1149.8,0.11653,3.50201,7.50934,0
1149.9,0.11651,3.502,7.50934,0
1150,0.11649,3.50199,7.50934,0
1150.1,0.11649,3.50198,7.50934,0
1150.2,0.1165,3.50199,7.50934,0
1150.3,0.11651,3.502,7.50934,0
1150.4,0.11651,3.50199,7.50934,0
1150.5,0.11649,3.50199,7.50934,0
1150.6,0.11648,3.50198,7.50934,0
1150.7,0.11646,3.50197,7.50934,0
1150.8,0.11647,3.50197,7.50934,0
1150.9,0.11648,3.50198,7.50934,0
1151,0.1165,3.50198,7.50934,0
1151.1,0.11649,3.50197,7.50934,0
1151.2,0.11647,3.50195,7.50934,0
1151.3,0.11645,3.50194,7.50934,0
1151.4,0.11644,3.50193,7.50934,0
1151.5,0.11646,3.50194,7.50934,0
1151.6,0.11647,3.50195,7.50934,0
1151.7,0.11647,3.50194,7.50934,0
1151.8,0.11645,3.50192,7.50934,0
1151.9,0.11643,3.50191,7.50934,0
1152,0.11642,3.50191,7.50934,0
1152.1,0.11643,3.50192,7.50934,0
1152.2,0.11644,3.50192,7.50934,0
1152.3,0.11645,3.50192,7.50934,0
1152.4,0.11644,3.5019,7.50934,0
1152.5,0.11642,3.50189,7.50934,0
1152.6,0.11641,3.50189,7.50934,0
1152.7,0.11641,3.5019,7.50934,0
1152.8,0.11643,3.50191,7.50934,0
1152.9,0.11644,3.50191,7.50934,0
1153,0.11644,3.5019,7.50934,0
1153.1,0.11642,3.50189,7.50934,0
1153.2,0.11641,3.50188,7.50934,0
1153.3,0.1164,3.50188,7.50934,0
1153.4,0.11642,3.50189,7.50934,0
1153.5,0.11643,3.50189,7.50934,0
1153.6,0.11643,3.50188,7.50934,0
1153.7,0.11641,3.50186,7.50934,0
1153.8,0.11639,3.50185,7.50934,0
1153.9,0.11638,3.50185,7.50934,0
1154,0.11639,3.50185,7.50934,0
1154.1,0.1164,3.50186,7.50934,0
1154.2,0.11641,3.50185,7.50934,0
1154.3,0.1164,3.50184,7.50934,0
1154.4,0.11638,3.50182,7.50934,0
1154.5,0.11636,3.5018,7.50934,0
1154.6,0.11634,3.5018,7.50934,0
1154.7,0.11635,3.50181,7.50934,0
1154.8,0.11637,3.50181,7.50934,0
1154.9,0.11636,3.5018,7.50934,0
1155,0.11635,3.50178,7.50934,0
1155.1,0.11633,3.50177,7.50934,0
1155.2,0.11632,3.50176,7.50934,0
1155.3,0.11632,3.50176,7.50934,0
1155.4,0.11633,3.50176,7.50934,0
1155.5,0.11633,3.50176,7.50934,0
1155.6,0.11632,3.50174,7.50934,0
1155.7,0.11631,3.50173,7.50934,0
1155.8,0.11629,3.50172,7.50934,0
1155.9,0.1163,3.50172,7.50934,0
1156,0.11631,3.50173,7.50934,0
1156.1,0.11632,3.50173,7.50934,0
1156.2,0.11633,3.50172,7.50934,0
1156.3,0.11631,3.5017,7.50934,0
1156.4,0.11629,3.50169,7.50934,0
1156.5,0.11628,3.50168,7.50934,0
1156.6,0.11629,3.50169,7.50934,0
1156.7,0.11631,3.50169,7.50934,0
1156.8,0.1163,3.50167,7.50934,0
1156.9,0.11629,3.50166,7.50934,0
1157,0.11627,3.50164,7.50934,0
1157.1,0.11626,3.50164,7.50934,0
1157.2,0.11627,3.50164,7.50934,0
1157.3,0.11628,3.50165,7.50934,0
1157.4,0.11629,3.50164,7.50934,0
1157.5,0.11628,3.50162,7.50934,0
1157.6,0.11626,3.5016,7.50934,0
1157.7,0.11624,3.50159,7.50934,0
1157.8,0.11623,3.50158,7.50934,0
1157.9,0.11625,3.50158,7.50934,0
1158,0.11626,3.50158,7.50934,0
1158.1,0.11626,3.50157,7.50934,0
1158.2,0.11624,3.50155,7.50934,0
1158.3,0.11622,3.50153,7.50934,0
1158.4,0.11621,3.50152,7.50934,0
1158.5,0.11622,3.50152,7.50934,0
1158.6,0.11623,3.50152,7.50933,0
1158.7,0.11624,3.50152,7.50933,0
1158.8,0.11623,3.5015,7.50933,0
1158.9,0.11621,3.50149,7.50934,0
1159,0.1162,3.50148,7.50934,0
1159.1,0.11621,3.50148,7.50934,0
1159.2,0.11622,3.50149,7.50933,0
1159.3,0.11624,3.50149,7.50933,0
1159.4,0.11625,3.50148,7.50933,0
1159.5,0.11623,3.50146,7.50933,0
1159.6,0.11621,3.50144,7.50933,0
1159.7,0.11621,3.50144,7.50933,0
1159.8,0.11622,3.50144,7.50933,0
1159.9,0.11624,3.50144,7.50933,0
1160,0.11624,3.50143,7.50933,0
1160.1,0.11623,3.50141,7.50933,0
1160.2,0.11621,3.5014,7.50933,0
1160.3,0.1162,3.50139,7.50933,0
1160.4,0.1162,3.5014,7.50933,0
1160.5,0.11621,3.5014,7.50933,0
1160.6,0.11623,3.50138,7.50933,0
1160.7,0.11623,3.50136,7.50933,0
1160.8,0.11621,3.50134,7.50933,0
1160.9,0.11619,3.50132,7.50933,0
1161,0.11618,3.50132,7.50933,0
1161.1,0.1162,3.50132,7.50933,0
1161.2,0.11621,3.50132,7.50933,0
1161.3,0.11621,3.50131,7.50933,0
1161.4,0.11619,3.50129,7.50933,0
1161.5,0.11617,3.50127,7.50933,0
1161.6,0.11616,3.50126,7.50933,0
1161.7,0.11617,3.50126,7.50933,0
1161.8,0.11619,3.50126,7.50933,0
1161.9,0.1162,3.50125,7.50933,0
1162,0.11619,3.50123,7.50933,0
1162.1,0.11617,3.50121,7.50933,0
1162.2,0.11616,3.50121,7.50933,0
1162.3,0.11617,3.50121,7.50933,0
1162.4,0.11618,3.50121,7.50933,0
1162.5,0.1162,3.50121,7.50933,0
1162.6,0.1162,3.5012,7.50933,0
1162.7,0.11618,3.50118,7.50933,0
1162.8,0.11616,3.50116,7.50933,0
1162.9,0.11615,3.50116,7.50933,0
1163,0.11617,3.50116,7.50933,0
1163.1,0.11618,3.50116,7.50933,0
1163.2,0.1162,3.50114,7.50933,0
1163.3,0.11619,3.50112,7.50933,0
1163.4,0.11617,3.5011,7.50933,0
1163.5,0.11615,3.5011,7.50933,0
1163.6,0.11616,3.5011,7.50933,0
1163.7,0.11617,3.5011,7.50933,0
1163.8,0.11618,3.50109,7.50933,0
1163.9,0.11617,3.50106,7.50933,0
1164,0.11615,3.50104,7.50933,0
1164.1,0.11613,3.50102,7.50933,0
1164.2,0.11613,3.50101,7.50933,0
1164.3,0.11614,3.50102,7.50933,0
1164.4,0.11615,3.50102,7.50933,0
1164.5,0.11615,3.50101,7.50933,0
1164.6,0.11613,3.50098,7.50933,0
1164.7,0.11612,3.50097,7.50933,0
1164.8,0.11611,3.50095,7.50933,0
1164.9,0.11611,3.50096,7.50933,0
1165,0.11612,3.50095,7.50933,0
1165.1,0.11613,3.50094,7.50933,0
1165.2,0.11612,3.50091,7.50933,0
1165.3,0.11611,3.50089,7.50933,0
1165.4,0.1161,3.50088,7.50933,0
1165.5,0.1161,3.50088,7.50933,0
1165.6,0.11612,3.50088,7.50933,0
1165.7,0.11613,3.50088,7.50933,0
1165.8,0.11613,3.50086,7.50933,0
1165.9,0.11612,3.50084,7.50933,0
1166,0.1161,3.50082,7.50933,0
1166.1,0.1161,3.50081,7.50933,0
1166.2,0.11611,3.50081,7.50933,0
1166.3,0.11613,3.5008,7.50933,0
1166.4,0.11614,3.50079,7.50933,0
1166.5,0.11613,3.50076,7.50933,0
1166.6,0.11611,3.50074,7.50933,0
1166.7,0.1161,3.50074,7.50933,0
1166.8,0.1161,3.50074,7.50933,0
1166.9,0.11612,3.50074,7.50933,0
1167,0.11612,3.50073,7.50933,0
1167.1,0.11612,3.5007,7.50933,0
1167.2,0.1161,3.50068,7.50933,0
1167.3,0.11608,3.50066,7.50933,0
1167.4,0.11608,3.50064,7.50933,0
1167.5,0.11609,3.50064,7.50933,0
1167.6,0.11611,3.50063,7.50933,0
1167.7,0.11611,3.50062,7.50933,0
1167.8,0.1161,3.5006,7.50933,0
1167.9,0.11608,3.50058,7.50933,0
1168,0.11607,3.50057,7.50933,0
1168.1,0.11608,3.50057,7.50933,0
1168.2,0.11609,3.50057,7.50933,0
1168.3,0.1161,3.50056,7.50933,0
1168.4,0.11609,3.50053,7.50933,0
1168.5,0.11607,3.50051,7.50933,0
1168.6,0.11606,3.5005,7.50933,0
1168.7,0.11606,3.50049,7.50933,0
1168.8,0.11607,3.50049,7.50933,0
1168.9,0.11609,3.50049,7.50933,0
1169,0.11609,3.50048,7.50933,0
1169.1,0.11607,3.50045,7.50933,0
1169.2,0.11605,3.50043,7.50933,0
1169.3,0.11605,3.50042,7.50933,0
1169.4,0.11606,3.50041,7.50933,0
1169.5,0.11608,3.5004,7.50933,0
1169.6,0.11609,3.50039,7.50933,0
1169.7,0.11608,3.50036,7.50933,0
1169.8,0.11606,3.50034,7.50933,0
1169.9,0.11605,3.50033,7.50933,0
1170,0.11606,3.50032,7.50933,0
1170.1,0.11608,3.50032,7.50933,0
1170.2,0.11609,3.50031,7.50933,0
1170.3,0.11609,3.50028,7.50933,0
1170.4,0.11607,3.50026,7.50933,0
1170.5,0.11606,3.50023,7.50933,0
1170.6,0.11604,3.50022,7.50933,0
1170.7,0.11606,3.50021,7.50933,0
1170.8,0.11607,3.50021,7.50933,0
1170.9,0.11607,3.50019,7.50933,0
1171,0.11605,3.50017,7.50933,0
1171.1,0.11603,3.50014,7.50933,0
1171.2,0.11602,3.50014,7.50933,0
1171.3,0.11603,3.50013,7.50933,0
1171.4,0.11605,3.50013,7.50933,0
1171.5,0.11606,3.50011,7.50933,0
1171.6,0.11605,3.50008,7.50933,0
1171.7,0.11603,3.50006,7.50933,0
1171.8,0.11602,3.50005,7.50933,0
1171.9,0.11603,3.50005,7.50933,0
1172,0.11604,3.50004,7.50933,0
1172.1,0.11606,3.50004,7.50933,0
1172.2,0.11605,3.50002,7.50933,0
1172.3,0.11604,3.49999,7.50933,0
1172.4,0.11602,3.49997,7.50933,0
1172.5,0.11601,3.49996,7.50933,0
1172.6,0.11602,3.49995,7.50933,0
1172.7,0.11604,3.49994,7.50933,0
1172.8,0.11604,3.49993,7.50933,0
1172.9,0.11603,3.4999,7.50933,0
1173,0.11602,3.49988,7.50933,0
1173.1,0.11601,3.49987,7.50933,0
1173.2,0.116,3.49987,7.50933,0
1173.3,0.11602,3.49986,7.50933,0
1173.4,0.11602,3.49984,7.50933,0
1173.5,0.11602,3.49981,7.50933,0
1173.6,0.116,3.49978,7.50933,0
1173.7,0.11598,3.49976,7.50933,0
1173.8,0.11597,3.49975,7.50933,0
1173.9,0.11598,3.49974,7.50933,0
1174,0.116,3.49973,7.50933,0
1174.1,0.116,3.49971,7.50933,0
1174.2,0.11598,3.49969,7.50933,0
1174.3,0.11596,3.49966,7.50933,0
1174.4,0.11595,3.49964,7.50933,0
1174.5,0.11595,3.49964,7.50933,0
1174.6,0.11597,3.49963,7.50933,0
1174.7,0.11598,3.49962,7.50933,0
1174.8,0.11597,3.49959,7.50933,0
1174.9,0.11595,3.49957,7.50933,0
1175,0.11594,3.49955,7.50933,0
1175.1,0.11594,3.49954,7.50933,0
1175.2,0.11596,3.49954,7.50933,0
1175.3,0.11597,3.49953,7.50933,0
1175.4,0.11597,3.49951,7.50933,0
1175.5,0.11595,3.49948,7.50933,0
1175.6,0.11593,3.49946,7.50933,0
1175.7,0.11593,3.49944,7.50933,0
1175.8,0.11594,3.49943,7.50933,0
1175.9,0.11596,3.49942,7.50933,0
1176,0.11597,3.49941,7.50933,0
1176.1,0.11596,3.49938,7.50933,0
1176.2,0.11594,3.49935,7.50933,0
1176.3,0.11593,3.49934,7.50933,0
1176.4,0.11594,3.49934,7.50933,0
1176.5,0.11595,3.49933,7.50933,0
1176.6,0.11596,3.49932,7.50933,0
1176.7,0.11596,3.49929,7.50933,0
1176.8,0.11594,3.49926,7.50933,0
1176.9,0.11592,3.49923,7.50933,0
1177,0.11592,3.49921,7.50933,0
1177.1,0.11593,3.49921,7.50933,0
1177.2,0.11595,3.4992,7.50933,0
1177.3,0.11596,3.49918,7.50933,0
1177.4,0.11594,3.49915,7.50933,0
1177.5,0.11592,3.49913,7.50933,0
1177.6,0.11591,3.49912,7.50933,0
1177.7,0.11591,3.49911,7.50933,0
1177.8,0.11592,3.4991,7.50933,0
1177.9,0.11593,3.49908,7.50933,0
1178,0.11592,3.49906,7.50933,0
1178.1,0.1159,3.49904,7.50933,0
1178.2,0.11588,3.49902,7.50933,0
1178.3,0.11587,3.49901,7.50933,0
1178.4,0.11589,3.49901,7.50933,0
1178.5,0.1159,3.499,7.50933,0
1178.6,0.11591,3.49898,7.50933,0
1178.7,0.11589,3.49895,7.50933,0
1178.8,0.11587,3.49893,7.50933,0
1178.9,0.11586,3.49891,7.50933,0
1179,0.11588,3.49891,7.50933,0
1179.1,0.11589,3.4989,7.50933,0
1179.2,0.11589,3.49887,7.50933,0
1179.3,0.11588,3.49884,7.50933,0
1179.4,0.11587,3.49882,7.50933,0
1179.5,0.11585,3.4988,7.50933,0
1179.6,0.11586,3.49879,7.50933,0
1179.7,0.11587,3.49878,7.50933,0
1179.8,0.11589,3.49876,7.50933,0
1179.9,0.11589,3.49873,7.50933,0
1180,0.11587,3.4987,7.50933,0
1180.1,0.11585,3.49867,7.50933,0
1180.2,0.11585,3.49865,7.50933,0
1180.3,0.11586,3.49865,7.50933,0
1180.4,0.11587,3.49864,7.50933,0
1180.5,0.11587,3.49861,7.50933,0
1180.6,0.11585,3.49858,7.50933,0
1180.7,0.11583,3.49856,7.50933,0
1180.8,0.11582,3.49854,7.50933,0
1180.9,0.11582,3.49854,7.50933,0
1181,0.11584,3.49852,7.50933,0
1181.1,0.11584,3.4985,7.50933,0
1181.2,0.11583,3.49847,7.50933,0
1181.3,0.11581,3.49844,7.50933,0
1181.4,0.11579,3.49842,7.50933,0
1181.5,0.11579,3.49842,7.50933,0
1181.6,0.11581,3.49841,7.50933,0
1181.7,0.11582,3.4984,7.50933,0
1181.8,0.11583,3.49838,7.50933,0
1181.9,0.11581,3.49835,7.50933,0
1182,0.11579,3.49832,7.50933,0
1182.1,0.11578,3.49831,7.50933,0
1182.2,0.11579,3.4983,7.50933,0
1182.3,0.1158,3.49829,7.50933,0
1182.4,0.11582,3.49827,7.50932,0
1182.5,0.11581,3.49823,7.50932,0
1182.6,0.11579,3.49821,7.50932,0
1182.7,0.11578,3.49819,7.50933,0
1182.8,0.11578,3.49819,7.50933,0
1182.9,0.11579,3.49817,7.50933,0
1183,0.11581,3.49815,7.50932,0
1183.1,0.1158,3.49812,7.50932,0
1183.2,0.11578,3.49809,7.50932,0
1183.3,0.11577,3.49806,7.50932,0
1183.4,0.11576,3.49804,7.50932,0
1183.5,0.11578,3.49803,7.50932,0
1183.6,0.11579,3.49802,7.50932,0
1183.7,0.11579,3.498,7.50932,0
1183.8,0.11577,3.49797,7.50932,0
1183.9,0.11575,3.49794,7.50932,0
1184,0.11574,3.49792,7.50932,0
1184.1,0.11574,3.49792,7.50932,0
1184.2,0.11575,3.4979,7.50932,0
1184.3,0.11576,3.49788,7.50932,0
1184.4,0.11575,3.49785,7.50932,0
1184.5,0.11573,3.49782,7.50932,0
1184.6,0.11571,3.4978,7.50932,0
1184.7,0.11571,3.49779,7.50932,0
1184.8,0.11573,3.49778,7.50932,0
1184.9,0.11574,3.49777,7.50932,0
1185,0.11575,3.49775,7.50932,0
1185.1,0.11573,3.49772,7.50932,0
1185.2,0.11571,3.49769,7.50932,0
1185.3,0.11571,3.49768,7.50932,0
1185.4,0.11572,3.49767,7.50932,0
1185.5,0.11573,3.49765,7.50932,0
1185.6,0.11574,3.49763,7.50932,0
1185.7,0.11573,3.4976,7.50932,0
1185.8,0.11571,3.49757,7.50932,0
1185.9,0.1157,3.49756,7.50932,0
1186,0.1157,3.49755,7.50932,0
1186.1,0.11572,3.49754,7.50932,0
1186.2,0.11573,3.49752,7.50932,0
1186.3,0.11573,3.49749,7.50932,0
1186.4,0.11571,3.49746,7.50932,0
1186.5,0.11569,3.49743,7.50932,0
1186.6,0.11569,3.49741,7.50933,0
1186.7,0.1157,3.49739,7.50933,0
1186.8,0.11572,3.49738,7.50933,0
1186.9,0.11572,3.49736,7.50932,0
1187,0.1157,3.49733,7.50932,0
1187.1,0.11568,3.4973,7.50932,0
1187.2,0.11567,3.49729,7.50933,0
1187.3,0.11567,3.49728,7.50933,0
1187.4,0.11569,3.49726,7.50933,0
1187.5,0.11569,3.49724,7.50932,0
1187.6,0.11568,3.49721,7.50932,0
1187.7,0.11566,3.49718,7.50932,0
1187.8,0.11565,3.49716,7.50932,0
1187.9,0.11565,3.49715,7.50932,0
1188,0.11566,3.49714,7.50932,0
1188.1,0.11567,3.49713,7.50932,0
1188.2,0.11567,3.49711,7.50932,0
1188.3,0.11566,3.49707,7.50932,0
1188.4,0.11564,3.49705,7.50932,0
1188.5,0.11564,3.49702,7.50932,0
1188.6,0.11565,3.49701,7.50932,0
1188.7,0.11566,3.49699,7.50932,0
1188.8,0.11567,3.49697,7.50932,0
1188.9,0.11566,3.49694,7.50932,0
1189,0.11565,3.49691,7.50932,0
1189.1,0.11564,3.4969,7.50932,0
1189.2,0.11564,3.49689,7.50932,0
1189.3,0.11565,3.49688,7.50932,0
1189.4,0.11566,3.49685,7.50932,0
1189.5,0.11568,3.49682,7.50932,0
1189.6,0.11567,3.49679,7.50932,0
1189.7,0.11565,3.49676,7.50932,0
1189.8,0.11564,3.49674,7.50932,0
1189.9,0.11565,3.49673,7.50932,0
1190,0.11567,3.49671,7.50932,0
1190.1,0.11567,3.49669,7.50932,0
1190.2,0.11566,3.49665,7.50932,0
1190.3,0.11564,3.49663,7.50932,0
1190.4,0.11563,3.4966,7.50932,0
1190.5,0.11563,3.4966,7.50932,0
1190.6,0.11565,3.49658,7.50932,0
1190.7,0.11566,3.49655,7.50932,0
1190.8,0.11565,3.49652,7.50932,0
1190.9,0.11563,3.49649,7.50932,0
1191,0.11561,3.49648,7.50932,0
1191.1,0.11561,3.49647,7.50932,0
1191.2,0.11563,3.49646,7.50932,0
1191.3,0.11564,3.49645,7.50932,0
1191.4,0.11564,3.49642,7.50932,0
1191.5,0.11563,3.49639,7.50932,0
1191.6,0.11561,3.49636,7.50932,0
1191.7,0.1156,3.49634,7.50932,0
1191.8,0.11561,3.49633,7.50932,0
1191.9,0.11562,3.49631,7.50932,0
1192,0.11564,3.49628,7.50932,0
1192.1,0.11563,3.49625,7.50932,0
1192.2,0.11561,3.49622,7.50932,0
1192.3,0.1156,3.4962,7.50932,0
1192.4,0.11561,3.49619,7.50932,0
1192.5,0.11562,3.49617,7.50932,0
1192.6,0.11564,3.49615,7.50932,0
1192.7,0.11563,3.49612,7.50932,0
1192.8,0.11561,3.49609,7.50932,0
1192.9,0.1156,3.49606,7.50932,0
1193,0.11559,3.49604,7.50932,0
1193.1,0.11561,3.49603,7.50932,0
1193.2,0.11562,3.49601,7.50932,0
1193.3,0.11562,3.49599,7.50932,0
1193.4,0.1156,3.49597,7.50932,0
1193.5,0.11558,3.49594,7.50932,0
1193.6,0.11557,3.49591,7.50932,0
1193.7,0.11557,3.49591,7.50932,0
1193.8,0.11558,3.49589,7.50932,0
1193.9,0.11559,3.49587,7.50932,0
1194,0.11558,3.49584,7.50932,0
1194.1,0.11556,3.49581,7.50932,0
1194.2,0.11554,3.49579,7.50932,0
1194.3,0.11554,3.49577,7.50932,0
1194.4,0.11555,3.49576,7.50932,0
1194.5,0.11557,3.49575,7.50932,0
1194.6,0.11556,3.49573,7.50932,0
1194.7,0.11555,3.49569,7.50932,0
1194.8,0.11553,3.49566,7.50932,0
1194.9,0.11552,3.49565,7.50932,0
1195,0.11554,3.49564,7.50932,0
1195.1,0.11555,3.49562,7.50932,0
1195.2,0.11557,3.4956,7.50932,0
1195.3,0.11556,3.49557,7.50932,0
1195.4,0.11554,3.49554,7.50932,0
1195.5,0.11553,3.49551,7.50932,0
1195.6,0.11553,3.4955,7.50932,0
1195.7,0.11555,3.49549,7.50932,0
1195.8,0.11556,3.49547,7.50932,0
1195.9,0.11556,3.49544,7.50932,0
1196,0.11554,3.4954,7.50932,0
1196.1,0.11552,3.49537,7.50932,0
1196.2,0.11552,3.49535,7.50932,0
1196.3,0.11553,3.49534,7.50932,0
1196.4,0.11555,3.49532,7.50932,0
1196.5,0.11555,3.4953,7.50932,0
1196.6,0.11553,3.49526,7.50932,0
1196.7,0.11551,3.49523,7.50932,0
1196.8,0.1155,3.49521,7.50932,0
1196.9,0.1155,3.4952,7.50932,0
1197,0.11552,3.49519,7.50932,0
1197.1,0.11552,3.49516,7.50932,0
1197.2,0.11552,3.49512,7.50932,0
1197.3,0.1155,3.49509,7.50932,0
1197.4,0.11548,3.49507,7.50932,0
1197.5,0.11547,3.49506,7.50932,0
1197.6,0.11549,3.49505,7.50932,0
1197.7,0.1155,3.49503,7.50932,0
1197.8,0.1155,3.49501,7.50932,0
1197.9,0.11548,3.49497,7.50932,0
1198,0.11546,3.49494,7.50932,0
1198.1,0.11546,3.49492,7.50932,0
1198.2,0.11547,3.4949,7.50932,0
1198.3,0.11548,3.49489,7.50932,0
1198.4,0.11549,3.49486,7.50932,0
1198.5,0.11548,3.49482,7.50932,0
1198.6,0.11547,3.49479,7.50932,0
1198.7,0.11546,3.49477,7.50932,0
1198.8,0.11546,3.49476,7.50932,0
1198.9,0.11547,3.49474,7.50932,0
1199,0.11549,3.49471,7.50932,0
1199.1,0.11549,3.49467,7.50932,0
1199.2,0.11547,3.49464,7.50932,0
1199.3,0.11546,3.4946,7.50932,0
1199.4,0.11545,3.49458,7.50932,0
1199.5,0.11546,3.49457,7.50932,0
1199.6,0.11548,3.49455,7.50932,0
1199.7,0.11548,3.49453,7.50932,0
1199.8,0.11546,3.49449,7.50932,0
1199.9,0.11544,3.49446,7.50932,0
1200,0.11543,3.49444,7.50932,0
1200.1,0.11543,3.49443,7.50932,0
1200.2,0.11544,3.49441,7.50932,0
1200.3,0.11545,3.49438,7.50932,0
1200.4,0.11544,3.49434,7.50932,0
1200.5,0.11543,3.49431,7.50932,0
1200.6,0.11541,3.49429,7.50932,0
1200.7,0.11541,3.49428,7.50932,0
1200.8,0.11542,3.49427,7.50932,0
1200.9,0.11544,3.49425,7.50932,0
1201,0.11543,3.49422,7.50932,0
1201.1,0.11542,3.49419,7.50932,0
1201.2,0.1154,3.49416,7.50932,0
1201.3,0.11539,3.49414,7.50932,0
1201.4,0.11539,3.49413,7.50932,0
1201.5,0.11541,3.49411,7.50932,0
1201.6,0.11542,3.49409,7.50932,0
1201.7,0.11542,3.49405,7.50931,0
1201.8,0.11541,3.49402,7.50931,0
1201.9,0.11539,3.494,7.50931,0
1202,0.1154,3.49399,7.50932,0
1202.1,0.11541,3.49397,7.50932,0
1202.2,0.11542,3.49394,7.50932,0
1202.3,0.11542,3.49391,7.50932,0
1202.4,0.1154,3.49387,7.50932,0
1202.5,0.11538,3.49384,7.50932,0
1202.6,0.11537,3.49382,7.50932,0
1202.7,0.11539,3.4938,7.50932,0
1202.8,0.1154,3.49379,7.50932,0
1202.9,0.11541,3.49376,7.50932,0
1203,0.11539,3.49372,7.50931,0
1203.1,0.11537,3.49369,7.50931,0
1203.2,0.11536,3.49367,7.50931,0
1203.3,0.11536,3.49366,7.50932,0
1203.4,0.11537,3.49364,7.50932,0
1203.5,0.11539,3.49361,7.50932,0
1203.6,0.11537,3.49358,7.50931,0
1203.7,0.11536,3.49355,7.50931,0
1203.8,0.11534,3.49352,7.50931,0
1203.9,0.11532,3.49351,7.50932,0
1204,0.11534,3.4935,7.50932,0
1204.1,0.11535,3.49348,7.50932,0
1204.2,0.11535,3.49346,7.50932,0
1204.3,0.11533,3.49342,7.50931,0
1204.4,0.11531,3.49339,7.50931,0
1204.5,0.11531,3.49337,7.50931,0
1204.6,0.11532,3.49335,7.50932,0
1204.7,0.11534,3.49334,7.50932,0
1204.8,0.11534,3.49332,7.50932,0
1204.9,0.11534,3.49328,7.50931,0
1205,0.11532,3.49325,7.50931,0
1205.1,0.11531,3.49323,7.50931,0
1205.2,0.11531,3.49322,7.50932,0
1205.3,0.11533,3.49321,7.50932,0
1205.4,0.11534,3.4932,7.50932,0
1205.5,0.11534,3.49316,7.50932,0
1205.6,0.11532,3.49313,7.50932,0
1205.7,0.1153,3.4931,7.50932,0
1205.8,0.1153,3.49307,7.50932,0
1205.9,0.11532,3.49306,7.50932,0
1206,0.11533,3.49305,7.50932,0
1206.1,0.11533,3.49302,7.50932,0
1206.2,0.11531,3.49299,7.50931,0
1206.3,0.1153,3.49296,7.50931,0
1206.4,0.11529,3.49294,7.50931,0
1206.5,0.11529,3.49293,7.50932,0
1206.6,0.1153,3.49292,7.50932,0
1206.7,0.11532,3.49289,7.50932,0
1206.8,0.11531,3.49285,7.50932,0
1206.9,0.1153,3.49283,7.50932,0
1207,0.11528,3.49281,7.50932,0
1207.1,0.11527,3.4928,7.50932,0
1207.2,0.11529,3.49279,7.50932,0
1207.3,0.1153,3.49278,7.50932,0
1207.4,0.11531,3.49275,7.50932,0
1207.5,0.11529,3.49272,7.50931,0
1207.6,0.11528,3.49269,7.50931,0
1207.7,0.11528,3.49267,7.50931,0
1207.8,0.11529,3.49266,7.50932,0
1207.9,0.1153,3.49265,7.50931,0
1208,0.11531,3.49262,7.50931,0
1208.1,0.11531,3.49259,7.50931,0
1208.2,0.11529,3.49256,7.50931,0
1208.3,0.11527,3.49254,7.50931,0
1208.4,0.11528,3.49253,7.50931,0
1208.5,0.11529,3.49252,7.50931,0
1208.6,0.11531,3.49249,7.50931,0
1208.7,0.11531,3.49246,7.50931,0
1208.8,0.11529,3.49242,7.50931,0
1208.9,0.11528,3.49239,7.50931,0
1209,0.11527,3.49237,7.50931,0
1209.1,0.11529,3.49236,7.50931,0
1209.2,0.1153,3.49235,7.50931,0
1209.3,0.1153,3.49232,7.50931,0
1209.4,0.11528,3.49229,7.50931,0
1209.5,0.11526,3.49226,7.50931,0
1209.6,0.11525,3.49225,7.50931,0
1209.7,0.11525,3.49224,7.50931,0
1209.8,0.11527,3.49222,7.50931,0
1209.9,0.11527,3.4922,7.50931,0
1210,0.11526,3.49216,7.50931,0
1210.1,0.11525,3.49214,7.50931,0
1210.2,0.11523,3.49212,7.50931,0
1210.3,0.11522,3.49211,7.50931,0
1210.4,0.11524,3.49211,7.50931,0
1210.5,0.11525,3.4921,7.50931,0
1210.6,0.11525,3.49207,7.50931,0
1210.7,0.11523,3.49204,7.50931,0
1210.8,0.11521,3.49201,7.50931,0
1210.9,0.1152,3.49199,7.50931,0
1211,0.11521,3.49199,7.50931,0
1211.1,0.11522,3.49197,7.50931,0
1211.2,0.11523,3.49195,7.50931,0
1211.3,0.11523,3.49192,7.50931,0
1211.4,0.11521,3.4919,7.50931,0
1211.5,0.1152,3.49188,7.50931,0
1211.6,0.1152,3.49188,7.50931,0
1211.7,0.11522,3.49186,7.50931,0
1211.8,0.11523,3.49184,7.50931,0
1211.9,0.11524,3.49181,7.50931,0
1212,0.11522,3.49178,7.50931,0
1212.1,0.1152,3.49175,7.50931,0
1212.2,0.11519,3.49173,7.50931,0
1212.3,0.11521,3.49173,7.50931,0
1212.4,0.11522,3.49171,7.50931,0
1212.5,0.11522,3.49169,7.50931,0
1212.6,0.1152,3.49166,7.50931,0
1212.7,0.11519,3.49163,7.50931,0
1212.8,0.11518,3.49161,7.50931,0
1212.9,0.11517,3.49161,7.50931,0
1213,0.11519,3.4916,7.50931,0
1213.1,0.1152,3.49157,7.50931,0
1213.2,0.11519,3.49154,7.50931,0
1213.3,0.11517,3.49152,7.50931,0
1213.4,0.11515,3.4915,7.50931,0
1213.5,0.11514,3.49148,7.50931,0
1213.6,0.11516,3.49148,7.50931,0
1213.7,0.11517,3.49147,7.50931,0
1213.8,0.11517,3.49145,7.50931,0
1213.9,0.11516,3.49142,7.50931,0
1214,0.11514,3.49139,7.50931,0
1214.1,0.11514,3.49138,7.50931,0
1214.2,0.11515,3.49138,7.50931,0
1214.3,0.11517,3.49136,7.50931,0
1214.4,0.11517,3.49135,7.50931,0
1214.5,0.11517,3.49132,7.50931,0
1214.6,0.11516,3.49129,7.50931,0
1214.7,0.11515,3.49128,7.50931,0
1214.8,0.11515,3.49128,7.50931,0
1214.9,0.11517,3.49127,7.50931,0
1215,0.11518,3.49126,7.50931,0
1215.1,0.11518,3.49123,7.50931,0
1215.2,0.11517,3.4912,7.50931,0
1215.3,0.11515,3.49118,7.50931,0
1215.4,0.11514,3.49116,7.50931,0
1215.5,0.11515,3.49115,7.50931,0
1215.6,0.11517,3.49114,7.50931,0
1215.7,0.11518,3.49113,7.50931,0
1215.8,0.11516,3.4911,7.50931,0
1215.9,0.11515,3.49108,7.50931,0
1216,0.11514,3.49106,7.50931,0
1216.1,0.11513,3.49106,7.50931,0
1216.2,0.11515,3.49105,7.50931,0
1216.3,0.11517,3.49103,7.50931,0
1216.4,0.11517,3.491,7.50931,0
1216.5,0.11515,3.49098,7.50931,0
1216.6,0.11513,3.49096,7.50931,0
1216.7,0.11512,3.49096,7.50931,0
1216.8,0.11513,3.49095,7.50931,0
1216.9,0.11515,3.49095,7.50931,0
1217,0.11515,3.49094,7.50931,0
1217.1,0.11514,3.49091,7.50931,0
1217.2,0.11512,3.49088,7.50931,0
1217.3,0.11511,3.49087,7.50931,0
1217.4,0.11512,3.49087,7.50931,0
1217.5,0.11514,3.49086,7.50931,0
1217.6,0.11516,3.49084,7.50931,0
1217.7,0.11516,3.49082,7.50931,0
1217.8,0.11514,3.49079,7.50931,0
1217.9,0.11513,3.49078,7.50931,0
1218,0.11513,3.49078,7.50931,0
1218.1,0.11515,3.49077,7.50931,0
1218.2,0.11516,3.49075,7.50931,0
1218.3,0.11517,3.49073,7.50931,0
1218.4,0.11515,3.4907,7.50931,0
1218.5,0.11513,3.49067,7.50931,0
1218.6,0.11513,3.49066,7.50931,0
1218.7,0.11515,3.49066,7.50931,0
1218.8,0.11516,3.49065,7.50931,0
1218.9,0.11517,3.49062,7.50931,0
1219,0.11517,3.4906,7.50931,0
1219.1,0.11515,3.49057,7.5093,0
1219.2,0.11513,3.49056,7.5093,0
1219.3,0.11514,3.49056,7.5093,0
1219.4,0.11515,3.49055,7.50931,0
1219.5,0.11516,3.49054,7.50931,0
1219.6,0.11515,3.49051,7.50931,0
1219.7,0.11514,3.49049,7.5093,0
1219.8,0.11512,3.49047,7.5093,0
1219.9,0.11511,3.49046,7.5093,0
1220,0.11513,3.49046,7.50931,0
1220.1,0.11514,3.49045,7.50931,0
1220.2,0.11514,3.49043,7.50931,0
1220.3,0.11512,3.49041,7.50931,0
1220.4,0.11511,3.49038,7.5093,0
1220.5,0.1151,3.49037,7.5093,0
1220.6,0.1151,3.49037,7.5093,0
1220.7,0.11511,3.49036,7.50931,0
1220.8,0.11512,3.49034,7.50931,0
1220.9,0.11512,3.49031,7.50931,0
1221,0.1151,3.49029,7.5093,0
1221.1,0.11509,3.49028,7.5093,0
1221.2,0.11509,3.49027,7.5093,0
1221.3,0.11511,3.49026,7.50931,0
1221.4,0.11512,3.49024,7.50931,0
1221.5,0.11513,3.49021,7.50931,0
1221.6,0.11511,3.49018,7.50931,0
1221.7,0.11509,3.49016,7.50931,0
1221.8,0.11509,3.49014,7.50931,0
1221.9,0.11511,3.49013,7.50931,0
1222,0.11512,3.49012,7.50931,0
1222.1,0.11512,3.4901,7.50931,0
1222.2,0.11511,3.49007,7.50931,0
1222.3,0.11509,3.49004,7.5093,0
1222.4,0.11508,3.49003,7.5093,0
1222.5,0.11508,3.49002,7.5093,0
1222.6,0.11509,3.49001,7.50931,0
1222.7,0.11511,3.48998,7.50931,0
1222.8,0.1151,3.48995,7.50931,0
1222.9,0.11508,3.48993,7.50931,0
1223,0.11506,3.48991,7.50931,0
1223.1,0.11505,3.48989,7.50931,0
1223.2,0.11507,3.48989,7.50931,0
1223.3,0.11508,3.48988,7.50931,0
1223.4,0.11509,3.48986,7.50931,0
1223.5,0.11507,3.48983,7.50931,0
1223.6,0.11505,3.4898,7.5093,0
1223.7,0.11505,3.48978,7.5093,0
1223.8,0.11506,3.48977,7.5093,0
1223.9,0.11507,3.48975,7.50931,0
1224,0.11508,3.48974,7.50931,0
1224.1,0.11507,3.48971,7.50931,0
1224.2,0.11506,3.48968,7.5093,0
1224.3,0.11505,3.48966,7.5093,0
1224.4,0.11504,3.48965,7.5093,0
1224.5,0.11506,3.48965,7.5093,0
1224.6,0.11508,3.48963,7.5093,0
1224.7,0.11508,3.4896,7.5093,0
1224.8,0.11507,3.48957,7.5093,0
1224.9,0.11505,3.48954,7.5093,0
1225,0.11505,3.48952,7.5093,0
1225.1,0.11506,3.48951,7.5093,0
1225.2,0.11508,3.4895,7.50931,0
1225.3,0.11509,3.48948,7.50931,0
1225.4,0.11508,3.48945,7.5093,0
1225.5,0.11506,3.48942,7.5093,0
1225.6,0.11505,3.48941,7.5093,0
1225.7,0.11506,3.4894,7.5093,0
1225.8,0.11507,3.48939,7.5093,0
1225.9,0.11509,3.48936,7.5093,0
1226,0.11509,3.48933,7.5093,0
1226.1,0.11507,3.48931,7.5093,0
1226.2,0.11505,3.48929,7.5093,0
1226.3,0.11503,3.48929,7.5093,0
1226.4,0.11504,3.48928,7.5093,0
1226.5,0.11506,3.48927,7.5093,0
1226.6,0.11505,3.48925,7.5093,0
1226.7,0.11504,3.48922,7.5093,0
1226.8,0.11502,3.4892,7.5093,0
1226.9,0.11501,3.48918,7.5093,0
1227,0.11502,3.48918,7.5093,0
1227.1,0.11503,3.48916,7.5093,0
1227.2,0.11504,3.48914,7.5093,0
1227.3,0.11503,3.48911,7.5093,0
1227.4,0.11501,3.48909,7.5093,0
1227.5,0.115,3.48907,7.5093,0
1227.6,0.11501,3.48906,7.5093,0
1227.7,0.11502,3.48905,7.5093,0
1227.8,0.11504,3.48903,7.5093,0
1227.9,0.11504,3.489,7.5093,0
1228,0.11503,3.48897,7.5093,0
1228.1,0.11501,3.48894,7.5093,0
1228.2,0.11501,3.48893,7.5093,0
1228.3,0.11502,3.48891,7.5093,0
1228.4,0.11503,3.4889,7.5093,0
1228.5,0.11503,3.48889,7.5093,0
1228.6,0.11502,3.48886,7.5093,0
1228.7,0.115,3.48883,7.5093,0
1228.8,0.11499,3.48882,7.5093,0
1228.9,0.11499,3.48881,7.5093,0
1229,0.11501,3.4888,7.5093,0
1229.1,0.11501,3.48878,7.5093,0
1229.2,0.11501,3.48875,7.5093,0
1229.3,0.11501,3.48872,7.5093,0
1229.4,0.11499,3.48871,7.5093,0
1229.5,0.11497,3.4887,7.5093,0
1229.6,0.11499,3.48869,7.5093,0
1229.7,0.115,3.48868,7.5093,0
1229.8,0.115,3.48866,7.5093,0
1229.9,0.11498,3.48863,7.5093,0
1230,0.11497,3.48861,7.5093,0
1230.1,0.11496,3.4886,7.5093,0
1230.2,0.11496,3.48859,7.5093,0
1230.3,0.11497,3.48858,7.5093,0
1230.4,0.11498,3.48856,7.5093,0
1230.5,0.11497,3.48854,7.5093,0
1230.6,0.11496,3.48851,7.5093,0
1230.7,0.11495,3.48849,7.5093,0
1230.8,0.11495,3.48849,7.5093,0
1230.9,0.11496,3.48848,7.5093,0
1231,0.11498,3.48845,7.5093,0
1231.1,0.11498,3.48842,7.5093,0
1231.2,0.11497,3.48839,7.5093,0
1231.3,0.11495,3.48837,7.5093,0
1231.4,0.11494,3.48835,7.5093,0
1231.5,0.11496,3.48834,7.5093,0
1231.6,0.11497,3.48833,7.5093,0
1231.7,0.11497,3.48831,7.5093,0
1231.8,0.11496,3.48828,7.5093,0
1231.9,0.11494,3.48826,7.5093,0
1232,0.11493,3.48824,7.5093,0
1232.1,0.11494,3.48823,7.5093,0
1232.2,0.11495,3.48822,7.5093,0
1232.3,0.11496,3.4882,7.5093,0
1232.4,0.11496,3.48817,7.5093,0
1232.5,0.11494,3.48814,7.5093,0
1232.6,0.11492,3.48813,7.5093,0
1232.7,0.1149,3.48812,7.5093,0
1232.8,0.11492,3.48811,7.5093,0
1232.9,0.11493,3.4881,7.5093,0
1233,0.11494,3.48808,7.5093,0
1233.1,0.11492,3.48805,7.5093,0
1233.2,0.1149,3.48803,7.5093,0
1233.3,0.11489,3.48801,7.5093,0
1233.4,0.1149,3.488,7.5093,0
1233.5,0.11491,3.488,7.5093,0
1233.6,0.11492,3.48798,7.5093,0
1233.7,0.11491,3.48795,7.5093,0
1233.8,0.1149,3.48793,7.5093,0
1233.9,0.11489,3.48791,7.5093,0
1234,0.11489,3.48791,7.5093,0
1234.1,0.1149,3.4879,7.5093,0
1234.2,0.11492,3.48789,7.5093,0
1234.3,0.11492,3.48786,7.5093,0
1234.4,0.1149,3.48783,7.5093,0
1234.5,0.11489,3.48781,7.5093,0
1234.6,0.11488,3.48779,7.5093,0
1234.7,0.11489,3.48778,7.5093,0
1234.8,0.11491,3.48777,7.5093,0
1234.9,0.11491,3.48776,7.5093,0
1235,0.1149,3.48774,7.5093,0
1235.1,0.11488,3.48772,7.5093,0
1235.2,0.11487,3.4877,7.5093,0
1235.3,0.11487,3.4877,7.5093,0
1235.4,0.11488,3.48769,7.5093,0
1235.5,0.1149,3.48766,7.5093,0
1235.6,0.1149,3.48764,7.5093,0
1235.7,0.11488,3.48761,7.5093,0
1235.8,0.11486,3.4876,7.5093,0
1235.9,0.11485,3.48759,7.5093,0
1236,0.11486,3.48759,7.5093,0
1236.1,0.11488,3.48758,7.5093,0
1236.2,0.11488,3.48757,7.5093,0
1236.3,0.11486,3.48754,7.5093,0
1236.4,0.11484,3.48751,7.5093,0
1236.5,0.11483,3.4875,7.5093,0
1236.6,0.11484,3.4875,7.5093,0
1236.7,0.11485,3.48749,7.5093,0
1236.8,0.11486,3.48747,7.5093,0
1236.9,0.11485,3.48744,7.5093,0
1237,0.11483,3.48742,7.5093,0
1237.1,0.11482,3.4874,7.5093,0
1237.2,0.11483,3.4874,7.5093,0
1237.3,0.11484,3.48739,7.5093,0
1237.4,0.11485,3.48737,7.5093,0
1237.5,0.11485,3.48734,7.5093,0
1237.6,0.11483,3.48731,7.5093,0
1237.7,0.11481,3.48728,7.5093,0
1237.8,0.11481,3.48727,7.5093,0
1237.9,0.11482,3.48726,7.5093,0
1238,0.11484,3.48725,7.5093,0
1238.1,0.11485,3.48724,7.5093,0
1238.2,0.11483,3.48721,7.5093,0
1238.3,0.11482,3.48718,7.5093,0
1238.4,0.1148,3.48717,7.5093,0
1238.5,0.1148,3.48717,7.5093,0
1238.6,0.11482,3.48716,7.5093,0
1238.7,0.11483,3.48714,7.5093,0
1238.8,0.11482,3.48711,7.5093,0
1238.9,0.1148,3.48709,7.5093,0
1239,0.11478,3.48708,7.5093,0
1239.1,0.11477,3.48707,7.5093,0
1239.2,0.11478,3.48707,7.5093,0
1239.3,0.11479,3.48706,7.5093,0
1239.4,0.1148,3.48704,7.5093,0
1239.5,0.11478,3.48702,7.5093,0
1239.6,0.11476,3.48699,7.5093,0
1239.7,0.11475,3.48698,7.5093,0
1239.8,0.11475,3.48698,7.5093,0
1239.9,0.11476,3.48697,7.5093,0
1240,0.11477,3.48695,7.5093,0
1240.1,0.11476,3.48692,7.5093,0
1240.2,0.11474,3.4869,7.5093,0
1240.3,0.11473,3.48689,7.5093,0
1240.4,0.11473,3.48688,7.5093,0
1240.5,0.11475,3.48688,7.5093,0
1240.6,0.11476,3.48686,7.5093,0
1240.7,0.11476,3.48683,7.5093,0
1240.8,0.11474,3.4868,7.5093,0
1240.9,0.11472,3.48678,7.5093,0
1241,0.11472,3.48676,7.5093,0
1241.1,0.11473,3.48675,7.5093,0
1241.2,0.11474,3.48675,7.5093,0
1241.3,0.11476,3.48673,7.5093,0
1241.4,0.11474,3.48671,7.5093,0
1241.5,0.11473,3.48669,7.5093,0
1241.6,0.11472,3.48668,7.5093,0
1241.7,0.11472,3.48667,7.5093,0
1241.8,0.11473,3.48667,7.5093,0
1241.9,0.11474,3.48665,7.5093,0
1242,0.11473,3.48662,7.5093,0
1242.1,0.11471,3.4866,7.5093,0
1242.2,0.11469,3.48658,7.5093,0
1242.3,0.11468,3.48657,7.5093,0
1242.4,0.1147,3.48657,7.5093,0
1242.5,0.11471,3.48657,7.5093,0
1242.6,0.11471,3.48655,7.5093,0
1242.7,0.11469,3.48652,7.5093,0
1242.8,0.11467,3.4865,7.5093,0
1242.9,0.11466,3.4865,7.5093,0
1243,0.11467,3.48649,7.5093,0
1243.1,0.11468,3.48649,7.5093,0
1243.2,0.11468,3.48647,7.5093,0
1243.3,0.11468,3.48644,7.5093,0
1243.4,0.11466,3.48642,7.5093,0
1243.5,0.11465,3.48641,7.5093,0
1243.6,0.11464,3.48641,7.5093,0
1243.7,0.11465,3.48641,7.5093,0
1243.8,0.11466,3.4864,7.5093,0
1243.9,0.11466,3.48637,7.5093,0
1244,0.11464,3.48635,7.5093,0
1244.1,0.11462,3.48632,7.5093,0
1244.2,0.11462,3.48631,7.5093,0
1244.3,0.11463,3.4863,7.5093,0
1244.4,0.11465,3.4863,7.50929,0
1244.5,0.11465,3.48628,7.5093,0
1244.6,0.11464,3.48626,7.5093,0
1244.7,0.11462,3.48623,7.5093,0
1244.8,0.11461,3.48622,7.50929,0
1244.9,0.11462,3.48622,7.50929,0
1245,0.11463,3.48621,7.50929,0
1245.1,0.11465,3.4862,7.50929,0
1245.2,0.11465,3.48617,7.50929,0
1245.3,0.11463,3.48615,7.50929,0
1245.4,0.11461,3.48614,7.50929,0
1245.5,0.1146,3.48614,7.50929,0
1245.6,0.11461,3.48614,7.50929,0
1245.7,0.11463,3.48613,7.50929,0
1245.8,0.11463,3.48611,7.50929,0
1245.9,0.11461,3.48609,7.50929,0
1246,0.11459,3.48607,7.50929,0
1246.1,0.11458,3.48606,7.50929,0
1246.2,0.11458,3.48605,7.50929,0
1246.3,0.1146,3.48604,7.50929,0
1246.4,0.11461,3.48603,7.50929,0
1246.5,0.1146,3.486,7.50929,0
1246.6,0.11458,3.48598,7.50929,0
1246.7,0.11457,3.48597,7.50929,0
1246.8,0.11456,3.48597,7.50929,0
1246.9,0.11458,3.48596,7.50929,0
1247,0.11459,3.48594,7.50929,0
1247.1,0.11459,3.48591,7.50929,0
1247.2,0.11457,3.48588,7.50929,0
1247.3,0.11455,3.48586,7.50929,0
1247.4,0.11455,3.48584,7.50929,0
1247.5,0.11456,3.48584,7.50929,0
1247.6,0.11457,3.48583,7.50929,0
1247.7,0.11458,3.48581,7.50929,0
1247.8,0.11457,3.48578,7.50929,0
1247.9,0.11455,3.48576,7.50929,0
1248,0.11454,3.48575,7.50929,0
1248.1,0.11454,3.48574,7.50929,0
1248.2,0.11456,3.48573,7.50929,0
1248.3,0.11457,3.48572,7.50929,0
1248.4,0.11456,3.4857,7.50929,0
1248.5,0.11454,3.48568,7.50929,0
1248.6,0.11452,3.48566,7.50929,0
1248.7,0.11451,3.48566,7.50929,0
1248.8,0.11452,3.48565,7.50929,0
1248.9,0.11453,3.48565,7.50929,0
1249,0.11453,3.48563,7.50929,0
1249.1,0.11451,3.4856,7.50929,0
1249.2,0.11449,3.48558,7.50929,0
1249.3,0.11448,3.48556,7.50929,0
1249.4,0.11448,3.48556,7.50929,0
1249.5,0.11449,3.48555,7.50929,0
1249.6,0.1145,3.48553,7.50929,0
1249.7,0.11449,3.4855,7.50929,0
1249.8,0.11447,3.48548,7.50929,0
1249.9,0.11446,3.48547,7.50929,0
1250,0.11446,3.48546,7.50929,0
1250.1,0.11447,3.48545,7.50929,0
1250.2,0.11449,3.48543,7.50929,0
1250.3,0.11449,3.4854,7.50929,0
1250.4,0.11447,3.48538,7.50929,0
1250.5,0.11445,3.48535,7.50929,0
1250.6,0.11445,3.48534,7.50929,0
1250.7,0.11446,3.48533,7.50929,0
1250.8,0.11447,3.48532,7.50929,0
1250.9,0.11448,3.4853,7.50929,0
1251,0.11447,3.48528,7.50929,0
1251.1,0.11446,3.48525,7.50929,0
1251.2,0.11445,3.48524,7.50929,0
1251.3,0.11445,3.48523,7.50929,0
1251.4,0.11446,3.48522,7.50929,0
1251.5,0.11448,3.4852,7.50929,0
1251.6,0.11447,3.48518,7.50929,0
1251.7,0.11445,3.48516,7.50929,0
1251.8,0.11443,3.48514,7.50929,0
1251.9,0.11443,3.48513,7.50929,0
1252,0.11444,3.48513,7.50929,0
1252.1,0.11446,3.48512,7.50929,0
1252.2,0.11445,3.48511,7.50929,0
1252.3,0.11443,3.48508,7.50929,0
1252.4,0.11442,3.48506,7.50929,0
1252.5,0.1144,3.48505,7.50929,0
1252.6,0.11441,3.48504,7.50929,0
1252.7,0.11442,3.48504,7.50929,0
1252.8,0.11443,3.48502,7.50929,0
1252.9,0.11442,3.48499,7.50929,0
1253,0.1144,3.48497,7.50929,0
1253.1,0.11438,3.48496,7.50929,0
1253.2,0.11438,3.48496,7.50929,0
1253.3,0.11439,3.48495,7.50929,0
1253.4,0.1144,3.48494,7.50929,0
1253.5,0.1144,3.48491,7.50929,0
1253.6,0.11438,3.48488,7.50929,0
1253.7,0.11436,3.48486,7.50929,0
1253.8,0.11435,3.48484,7.50929,0
1253.9,0.11436,3.48484,7.50929,0
1254,0.11437,3.48483,7.50929,0
1254.1,0.11438,3.4848,7.50929,0
1254.2,0.11437,3.48478,7.50929,0
1254.3,0.11435,3.48475,7.50929,0
1254.4,0.11434,3.48474,7.50929,0
1254.5,0.11434,3.48474,7.50929,0
1254.6,0.11435,3.48473,7.50929,0
1254.7,0.11437,3.48471,7.50929,0
1254.8,0.11437,3.48468,7.50929,0
1254.9,0.11435,3.48466,7.50929,0
1255,0.11433,3.48464,7.50929,0
1255.1,0.11433,3.48464,7.50929,0
1255.2,0.11434,3.48464,7.50929,0
1255.3,0.11435,3.48463,7.50929,0
1255.4,0.11435,3.48461,7.50929,0
1255.5,0.11433,3.48459,7.50929,0
1255.6,0.11431,3.48456,7.50929,0
1255.7,0.1143,3.48455,7.50929,0
1255.8,0.1143,3.48455,7.50929,0
1255.9,0.11432,3.48454,7.50929,0
1256,0.11432,3.48452,7.50929,0
1256.1,0.11431,3.48449,7.50929,0
1256.2,0.11429,3.48447,7.50929,0
1256.3,0.11427,3.48446,7.50929,0
1256.4,0.11427,3.48445,7.50929,0
1256.5,0.11428,3.48444,7.50929,0
1256.6,0.1143,3.48442,7.50929,0
1256.7,0.11429,3.4844,7.50929,0
1256.8,0.11427,3.48437,7.50929,0
1256.9,0.11426,3.48434,7.50929,0
1257,0.11424,3.48433,7.50929,0
1257.1,0.11425,3.48433,7.50929,0
1257.2,0.11426,3.48432,7.50929,0
1257.3,0.11427,3.4843,7.50929,0
1257.4,0.11426,3.48428,7.50929,0
1257.5,0.11424,3.48426,7.50929,0
1257.6,0.11423,3.48424,7.50929,0
1257.7,0.11423,3.48424,7.50929,0
1257.8,0.11424,3.48423,7.50929,0
1257.9,0.11425,3.48422,7.50929,0
1258,0.11425,3.48419,7.50929,0
1258.1,0.11423,3.48417,7.50929,0
1258.2,0.11421,3.48415,7.50929,0
1258.3,0.1142,3.48415,7.50929,0
1258.4,0.11421,3.48414,7.50929,0
1258.5,0.11423,3.48414,7.50929,0
1258.6,0.11422,3.48412,7.50929,0
1258.7,0.1142,3.48409,7.50929,0
1258.8,0.11418,3.48406,7.50929,0
1258.9,0.11417,3.48405,7.50929,0
1259,0.11417,3.48405,7.50929,0
1259.1,0.11418,3.48404,7.50929,0
1259.2,0.11419,3.48401,7.50929,0
1259.3,0.11418,3.48399,7.50929,0
1259.4,0.11416,3.48396,7.50929,0
1259.5,0.11414,3.48395,7.50929,0
1259.6,0.11414,3.48395,7.50929,0
1259.7,0.11415,3.48394,7.50929,0
1259.8,0.11416,3.48392,7.50929,0
1259.9,0.11417,3.48389,7.50929,0
1260,0.11415,3.48386,7.50929,0
1260.1,0.11413,3.48384,7.50929,0
1260.2,0.11413,3.48382,7.50929,0
1260.3,0.11414,3.48382,7.50929,0
1260.4,0.11415,3.48381,7.50929,0
1260.5,0.11416,3.4838,7.50929,0
1260.6,0.11415,3.48377,7.50929,0
1260.7,0.11413,3.48374,7.50929,0
1260.8,0.11412,3.48373,7.50929,0
1260.9,0.11413,3.48373,7.50929,0
1261,0.11414,3.48372,7.50929,0
1261.1,0.11415,3.48369,7.50929,0
1261.2,0.11415,3.48367,7.50929,0
1261.3,0.11413,3.48364,7.50929,0
1261.4,0.11411,3.48362,7.50929,0
1261.5,0.1141,3.48361,7.50929,0
1261.6,0.11411,3.48361,7.50929,0
1261.7,0.11413,3.4836,7.50929,0
1261.8,0.11412,3.48358,7.50929,0
1261.9,0.1141,3.48355,7.50929,0
1262,0.11408,3.48353,7.50929,0
1262.1,0.11407,3.48352,7.50929,0
1262.2,0.11407,3.48351,7.50929,0
1262.3,0.11408,3.4835,7.50929,0
1262.4,0.11409,3.48348,7.50929,0
1262.5,0.11408,3.48345,7.50929,0
1262.6,0.11406,3.48343,7.50929,0
1262.7,0.11404,3.48342,7.50929,0
1262.8,0.11404,3.48341,7.50929,0
1262.9,0.11405,3.48341,7.50929,0
1263,0.11407,3.48339,7.50929,0
1263.1,0.11407,3.48336,7.50929,0
1263.2,0.11405,3.48333,7.50929,0
1263.3,0.11403,3.48331,7.50929,0
1263.4,0.11403,3.48329,7.50929,0
1263.5,0.11404,3.48329,7.50929,0
1263.6,0.11406,3.48328,7.50929,0
1263.7,0.11406,3.48325,7.50929,0
1263.8,0.11406,3.48322,7.50929,0
1263.9,0.11404,3.4832,7.50929,0
1264,0.11403,3.48319,7.50929,0
1264.1,0.11403,3.48318,7.50929,0
1264.2,0.11405,3.48317,7.50929,0
1264.3,0.11406,3.48315,7.50929,0
1264.4,0.11406,3.48312,7.50929,0
1264.5,0.11405,3.4831,7.50929,0
1264.6,0.11403,3.48309,7.50929,0
1264.7,0.11402,3.48308,7.50929,0
1264.8,0.11404,3.48308,7.50929,0
1264.9,0.11405,3.48307,7.50929,0
1265,0.11405,3.48305,7.50929,0
1265.1,0.11404,3.48302,7.50929,0
1265.2,0.11402,3.483,7.50929,0
1265.3,0.11401,3.48299,7.50929,0
1265.4,0.11401,3.48298,7.50929,0
1265.5,0.11402,3.48297,7.50929,0
1265.6,0.11404,3.48295,7.50929,0
1265.7,0.11402,3.48292,7.50929,0
1265.8,0.114,3.4829,7.50929,0
1265.9,0.11398,3.48289,7.50929,0
1266,0.11398,3.48288,7.50929,0
1266.1,0.11399,3.48287,7.50929,0
1266.2,0.11401,3.48285,7.50929,0
1266.3,0.114,3.48282,7.50929,0
1266.4,0.11398,3.48279,7.50929,0
1266.5,0.11396,3.48277,7.50929,0
1266.6,0.11395,3.48275,7.50929,0
1266.7,0.11395,3.48275,7.50929,0
1266.8,0.11397,3.48274,7.50929,0
1266.9,0.11398,3.48272,7.50929,0
1267,0.11397,3.48269,7.50929,0
1267.1,0.11395,3.48267,7.50929,0
1267.2,0.11394,3.48266,7.50929,0
1267.3,0.11393,3.48265,7.50929,0
1267.4,0.11394,3.48264,7.50929,0
1267.5,0.11395,3.48262,7.50929,0
1267.6,0.11395,3.48259,7.50929,0
1267.7,0.11393,3.48256,7.50929,0
1267.8,0.1139,3.48255,7.50929,0
1267.9,0.11389,3.48255,7.50929,0
1268,0.1139,3.48254,7.50929,0
1268.1,0.11391,3.48253,7.50929,0
1268.2,0.1139,3.48251,7.50929,0
1268.3,0.11388,3.48248,7.50929,0
1268.4,0.11386,3.48246,7.50929,0
1268.5,0.11385,3.48245,7.50929,0
1268.6,0.11384,3.48244,7.50929,0
1268.7,0.11385,3.48243,7.50929,0
1268.8,0.11386,3.48241,7.50929,0
1268.9,0.11384,3.48238,7.50929,0
1269,0.11382,3.48236,7.50929,0
1269.1,0.1138,3.48234,7.50929,0
1269.2,0.1138,3.48234,7.50929,0
1269.3,0.11381,3.48233,7.50929,0
1269.4,0.11382,3.48231,7.50929,0
1269.5,0.11383,3.48228,7.50929,0
1269.6,0.1138,3.48225,7.50929,0
1269.7,0.11378,3.48222,7.50929,0
1269.8,0.11378,3.48221,7.50929,0
1269.9,0.11379,3.4822,7.50929,0
1270,0.1138,3.48219,7.50929,0
1270.1,0.1138,3.48217,7.50929,0
1270.2,0.11379,3.48214,7.50929,0
1270.3,0.11377,3.48212,7.50929,0
1270.4,0.11376,3.4821,7.50929,0
1270.5,0.11376,3.4821,7.50929,0
1270.6,0.11377,3.48209,7.50929,0
1270.7,0.11378,3.48207,7.50929,0
1270.8,0.11378,3.48204,7.50929,0
1270.9,0.11376,3.48201,7.50929,0
1271,0.11374,3.482,7.50929,0
1271.1,0.11372,3.48198,7.50929,0
1271.2,0.11373,3.48198,7.50929,0
1271.3,0.11374,3.48197,7.50929,0
1271.4,0.11374,3.48195,7.50929,0
1271.5,0.11372,3.48192,7.50929,0
1271.6,0.1137,3.4819,7.50929,0
1271.7,0.11368,3.48189,7.50929,0
1271.8,0.11368,3.48188,7.50929,0
1271.9,0.11369,3.48187,7.50929,0
1272,0.1137,3.48185,7.50929,0
1272.1,0.11369,3.48182,7.50929,0
1272.2,0.11367,3.48179,7.50929,0
1272.3,0.11365,3.48178,7.50929,0
1272.4,0.11363,3.48177,7.50929,0
1272.5,0.11364,3.48176,7.50929,0
1272.6,0.11365,3.48175,7.50929,0
1272.7,0.11366,3.48172,7.50929,0
1272.8,0.11364,3.48169,7.50929,0
1272.9,0.11362,3.48166,7.50929,0
1273,0.11361,3.48164,7.50929,0
1273.1,0.11362,3.48164,7.50929,0
1273.2,0.11363,3.48163,7.50929,0
1273.3,0.11364,3.4816,7.50929,0
1273.4,0.11363,3.48157,7.50929,0
1273.5,0.11361,3.48155,7.50929,0
1273.6,0.1136,3.48154,7.50929,0
1273.7,0.1136,3.48153,7.50929,0
1273.8,0.11361,3.48152,7.50929,0
1273.9,0.11363,3.4815,7.50929,0
1274,0.11363,3.48147,7.50929,0
1274.1,0.11361,3.48144,7.50929,0
1274.2,0.11359,3.48143,7.50929,0
1274.3,0.11358,3.48143,7.50929,0
1274.4,0.1136,3.48142,7.50929,0
1274.5,0.11361,3.48141,7.50929,0
1274.6,0.11361,3.48139,7.50929,0
1274.7,0.11359,3.48136,7.50929,0
1274.8,0.11357,3.48134,7.50929,0
1274.9,0.11356,3.48133,7.50929,0
1275,0.11356,3.48132,7.50929,0
1275.1,0.11357,3.48131,7.50929,0
1275.2,0.11357,3.48129,7.50929,0
1275.3,0.11356,3.48126,7.50929,0
1275.4,0.11354,3.48123,7.50929,0
1275.5,0.11352,3.48122,7.50929,0
1275.6,0.11351,3.48122,7.50929,0
1275.7,0.11353,3.4812,7.50929,0
1275.8,0.11354,3.48118,7.50929,0
1275.9,0.11354,3.48115,7.50929,0
1276,0.11352,3.48112,7.50929,0
1276.1,0.1135,3.4811,7.50929,0
1276.2,0.11348,3.48108,7.50929,0
1276.3,0.11348,3.48108,7.50929,0
1276.4,0.1135,3.48107,7.50929,0
1276.5,0.1135,3.48104,7.50929,0
1276.6,0.1135,3.48102,7.50929,0
1276.7,0.11348,3.48099,7.50929,0
1276.8,0.11346,3.48098,7.50929,0
1276.9,0.11347,3.48097,7.50929,0
1277,0.11348,3.48096,7.50929,0
1277.1,0.11349,3.48094,7.50929,0
1277.2,0.11349,3.48091,7.50929,0
1277.3,0.11347,3.48089,7.50929,0
1277.4,0.11345,3.48087,7.50929,0
1277.5,0.11344,3.48087,7.50929,0
1277.6,0.11345,3.48086,7.50929,0
1277.7,0.11347,3.48085,7.50929,0
1277.8,0.11346,3.48083,7.50929,0
1277.9,0.11344,3.4808,7.50929,0
1278,0.11342,3.48078,7.50929,0
1278.1,0.11341,3.48076,7.50929,0
1278.2,0.1134,3.48076,7.50929,0
1278.3,0.11341,3.48075,7.50929,0
1278.4,0.11342,3.48072,7.50929,0
1278.5,0.11341,3.48069,7.50929,0
1278.6,0.11339,3.48067,7.50929,0
1278.7,0.11336,3.48065,7.50929,0
1278.8,0.11336,3.48064,7.50929,0
1278.9,0.11337,3.48064,7.50929,0
1279,0.11338,3.48062,7.50929,0
1279.1,0.11339,3.48059,7.50929,0
1279.2,0.11337,3.48056,7.50929,0
1279.3,0.11334,3.48054,7.50929,0
1279.4,0.11333,3.48052,7.50929,0
1279.5,0.11334,3.48051,7.50929,0
1279.6,0.11335,3.4805,7.50929,0
1279.7,0.11336,3.48048,7.50929,0
1279.8,0.11336,3.48045,7.50929,0
1279.9,0.11334,3.48042,7.50929,0
1280,0.11333,3.48041,7.50929,0
1280.1,0.11333,3.48041,7.50929,0
1280.2,0.11334,3.48039,7.50929,0
1280.3,0.11335,3.48038,7.50929,0
1280.4,0.11335,3.48035,7.50929,0
1280.5,0.11333,3.48032,7.50929,0
1280.6,0.11331,3.4803,7.50929,0
1280.7,0.1133,3.48029,7.50929,0
1280.8,0.11331,3.48028,7.50929,0
1280.9,0.11332,3.48027,7.50929,0
1281,0.11332,3.48025,7.50929,0
1281.1,0.1133,3.48022,7.50929,0
1281.2,0.11328,3.4802,7.50929,0
1281.3,0.11327,3.48018,7.50929,0
1281.4,0.11326,3.48018,7.50929,0
1281.5,0.11327,3.48017,7.50929,0
1281.6,0.11328,3.48014,7.50929,0
1281.7,0.11328,3.48011,7.50929,0
1281.8,0.11326,3.48009,7.50929,0
1281.9,0.11323,3.48007,7.50929,0
1282,0.11323,3.48006,7.50929,0
1282.1,0.11324,3.48006,7.50929,0
1282.2,0.11325,3.48004,7.50929,0
1282.3,0.11325,3.48001,7.50929,0
1282.4,0.11323,3.47998,7.50929,0
1282.5,0.1132,3.47995,7.50929,0
1282.6,0.1132,3.47993,7.50929,0
1282.7,0.11321,3.47993,7.50929,0
1282.8,0.11322,3.47992,7.50929,0
1282.9,0.11322,3.47989,7.50929,0
1283,0.11322,3.47987,7.50929,0
1283.1,0.1132,3.47984,7.50929,0
1283.2,0.11318,3.47983,7.50929,0
1283.3,0.11319,3.47983,7.50929,0
1283.4,0.1132,3.47982,7.50929,0
1283.5,0.11321,3.47979,7.50929,0
1283.6,0.11321,3.47977,7.50929,0
1283.7,0.11319,3.47974,7.50929,0
1283.8,0.11317,3.47973,7.50929,0
1283.9,0.11315,3.47973,7.50929,0
1284,0.11316,3.47972,7.50929,0
1284.1,0.11317,3.47972,7.50929,0
1284.2,0.11317,3.4797,7.50929,0
1284.3,0.11315,3.47967,7.50929,0
1284.4,0.11313,3.47965,7.50929,0
1284.5,0.11312,3.47964,7.50929,0
1284.6,0.11311,3.47963,7.50929,0
1284.7,0.11312,3.47962,7.50929,0
1284.8,0.11313,3.4796,7.50929,0
1284.9,0.11312,3.47957,7.50929,0
1285,0.1131,3.47955,7.50929,0
1285.1,0.11308,3.47954,7.50929,0
1285.2,0.11307,3.47953,7.50929,0
1285.3,0.11308,3.47953,7.50929,0
1285.4,0.11309,3.47951,7.50929,0
1285.5,0.11309,3.47948,7.50929,0
1285.6,0.11307,3.47945,7.50929,0
1285.7,0.11304,3.47943,7.50929,0
1285.8,0.11303,3.47941,7.50929,0
1285.9,0.11303,3.47941,7.50929,0
1286,0.11304,3.4794,7.50929,0
1286.1,0.11304,3.47937,7.50929,0
1286.2,0.11304,3.47935,7.50929,0
1286.3,0.11302,3.47932,7.50929,0
1286.4,0.113,3.47931,7.50929,0
1286.5,0.113,3.4793,7.50929,0
1286.6,0.11301,3.47929,7.50929,0
1286.7,0.11302,3.47927,7.50929,0
1286.8,0.11302,3.47924,7.50929,0
1286.9,0.113,3.47922,7.50929,0
1287,0.11298,3.4792,7.50929,0
1287.1,0.11297,3.4792,7.50929,0
1287.2,0.11298,3.47919,7.50929,0
1287.3,0.11299,3.47918,7.50929,0
1287.4,0.11299,3.47916,7.50929,0
1287.5,0.11297,3.47914,7.50929,0
1287.6,0.11295,3.47912,7.50929,0
1287.7,0.11294,3.4791,7.50929,0
1287.8,0.11293,3.4791,7.50929,0
1287.9,0.11294,3.47909,7.50929,0
1288,0.11295,3.47907,7.50929,0
1288.1,0.11294,3.47905,7.50929,0
1288.2,0.11292,3.47903,7.50929,0
1288.3,0.1129,3.47902,7.50929,0
1288.4,0.11288,3.47901,7.50929,0
1288.5,0.11289,3.479,7.50929,0
1288.6,0.1129,3.47898,7.50929,0
1288.7,0.11291,3.47895,7.50929,0
1288.8,0.11289,3.47892,7.50929,0
1288.9,0.11287,3.4789,7.50929,0
1289,0.11286,3.47888,7.50929,0
1289.1,0.11287,3.47888,7.50929,0
1289.2,0.11288,3.47887,7.50929,0
1289.3,0.11288,3.47884,7.50929,0
1289.4,0.11288,3.47882,7.50929,0
1289.5,0.11286,3.47879,7.50929,0
1289.6,0.11284,3.47878,7.50929,0
1289.7,0.11285,3.47878,7.50929,0
1289.8,0.11286,3.47877,7.50929,0
1289.9,0.11287,3.47875,7.50929,0
1290,0.11287,3.47872,7.50929,0
1290.1,0.11285,3.4787,7.50929,0
1290.2,0.11283,3.47868,7.50929,0
1290.3,0.11282,3.47867,7.50929,0
1290.4,0.11283,3.47866,7.50929,0
1290.5,0.11284,3.47866,7.50929,0
1290.6,0.11283,3.47864,7.50929,0
1290.7,0.11282,3.47861,7.50929,0
1290.8,0.11279,3.47859,7.50929,0
1290.9,0.11278,3.47857,7.50929,0
1291,0.11277,3.47857,7.50929,0
1291.1,0.11279,3.47856,7.50929,0
1291.2,0.1128,3.47854,7.50929,0
1291.3,0.11279,3.47851,7.50929,0
1291.4,0.11277,3.47849,7.50929,0
1291.5,0.11275,3.47848,7.50929,0
1291.6,0.11274,3.47847,7.50929,0
1291.7,0.11275,3.47847,7.50929,0
1291.8,0.11276,3.47845,7.50929,0
1291.9,0.11276,3.47842,7.50929,0
1292,0.11274,3.4784,7.50929,0
1292.1,0.11271,3.47837,7.50929,0
1292.2,0.11271,3.47835,7.50929,0
1292.3,0.11272,3.47835,7.50929,0
1292.4,0.11273,3.47834,7.50929,0
1292.5,0.11273,3.47832,7.50929,0
1292.6,0.11273,3.47829,7.50929,0
1292.7,0.11271,3.47827,7.50929,0
1292.8,0.1127,3.47825,7.50929,0
1292.9,0.1127,3.47825,7.50929,0
1293,0.11271,3.47824,7.50929,0
1293.1,0.11272,3.47822,7.50929,0
1293.2,0.11273,3.47819,7.50929,0
1293.3,0.11271,3.47817,7.50929,0
1293.4,0.11269,3.47816,7.50929,0
1293.5,0.11268,3.47815,7.50929,0
1293.6,0.11269,3.47815,7.50929,0
1293.7,0.1127,3.47814,7.50929,0
1293.8,0.1127,3.47812,7.50929,0
1293.9,0.11268,3.47809,7.50929,0
1294,0.11266,3.47807,7.50929,0
1294.1,0.11265,3.47805,7.50929,0
1294.2,0.11265,3.47805,7.50929,0
1294.3,0.11266,3.47804,7.50929,0
1294.4,0.11267,3.47801,7.50929,0
1294.5,0.11266,3.47799,7.50929,0
1294.6,0.11264,3.47796,7.50929,0
1294.7,0.11262,3.47795,7.50929,0
1294.8,0.11261,3.47794,7.50929,0
1294.9,0.11262,3.47793,7.50929,0
1295,0.11263,3.47791,7.50929,0
1295.1,0.11262,3.47788,7.50929,0
1295.2,0.1126,3.47786,7.50929,0
1295.3,0.11258,3.47783,7.50929,0
1295.4,0.11257,3.47782,7.50929,0
1295.5,0.11257,3.47781,7.50929,0
1295.6,0.11258,3.47779,7.50929,0
1295.7,0.11258,3.47777,7.50929,0
1295.8,0.11258,3.47774,7.50929,0
1295.9,0.11256,3.47772,7.50929,0
1296,0.11254,3.4777,7.50929,0
1296.1,0.11254,3.47769,7.50929,0
1296.2,0.11255,3.47768,7.50929,0
1296.3,0.11257,3.47766,7.50929,0
1296.4,0.11257,3.47763,7.50929,0
1296.5,0.11254,3.47761,7.50929,0
1296.6,0.11252,3.4776,7.50929,0
1296.7,0.11252,3.47759,7.50929,0
1296.8,0.11253,3.47759,7.50929,0
1296.9,0.11254,3.47758,7.50929,0
1297,0.11254,3.47756,7.50929,0
1297.1,0.11252,3.47753,7.50929,0
1297.2,0.1125,3.47751,7.50929,0
1297.3,0.11248,3.4775,7.50929,0
1297.4,0.11249,3.47749,7.50929,0
1297.5,0.1125,3.47748,7.50929,0
1297.6,0.1125,3.47746,7.50929,0
1297.7,0.11249,3.47743,7.50929,0
1297.8,0.11247,3.47741,7.50929,0
1297.9,0.11245,3.47739,7.50929,0
1298,0.11244,3.47739,7.50929,0
1298.1,0.11244,3.47738,7.50929,0
1298.2,0.11245,3.47736,7.50929,0
1298.3,0.11246,3.47733,7.50929,0
1298.4,0.11244,3.4773,7.50929,0
1298.5,0.11242,3.47728,7.50929,0
1298.6,0.1124,3.47727,7.50929,0
1298.7,0.11241,3.47726,7.50929,0
1298.8,0.11242,3.47725,7.50929,0
1298.9,0.11244,3.47723,7.50929,0
1299,0.11243,3.4772,7.50929,0
1299.1,0.11241,3.47718,7.50929,0
1299.2,0.1124,3.47717,7.50929,0
1299.3,0.1124,3.47716,7.50929,0
1299.4,0.11241,3.47715,7.50929,0
1299.5,0.11243,3.47713,7.50929,0
1299.6,0.11243,3.4771,7.50929,0
1299.7,0.11241,3.47708,7.50929,0
1299.8,0.11239,3.47706,7.50929,0
1299.9,0.11239,3.47705,7.50929,0
1300,0.1124,3.47705,7.50929,0
1300.1,0.11241,3.47704,7.50929,0
1300.2,0.11241,3.47702,7.50929,0
1300.3,0.11239,3.47699,7.50929,0
1300.4,0.11237,3.47697,7.50929,0
1300.5,0.11236,3.47695,7.50929,0
1300.6,0.11236,3.47695,7.50929,0
1300.7,0.11237,3.47694,7.50929,0
1300.8,0.11239,3.47692,7.50929,0
1300.9,0.11238,3.47689,7.50929,0
1301,0.11236,3.47687,7.50929,0
1301.1,0.11234,3.47686,7.50929,0
1301.2,0.11233,3.47686,7.50929,0
1301.3,0.11235,3.47685,7.50929,0
1301.4,0.11236,3.47684,7.50929,0
1301.5,0.11235,3.47681,7.50929,0
1301.6,0.11234,3.47678,7.50929,0
1301.7,0.11231,3.47676,7.50929,0
1301.8,0.11231,3.47675,7.50929,0
1301.9,0.11232,3.47674,7.50929,0
1302,0.11233,3.47673,7.50929,0
1302.1,0.11233,3.47671,7.50929,0
1302.2,0.11232,3.47669,7.50929,0
1302.3,0.1123,3.47666,7.50929,0
1302.4,0.11229,3.47665,7.50929,0
1302.5,0.11229,3.47664,7.50929,0
1302.6,0.1123,3.47664,7.50929,0
1302.7,0.11232,3.47662,7.50929,0
1302.8,0.11232,3.47659,7.50929,0
1302.9,0.1123,3.47657,7.50929,0
1303,0.11228,3.47656,7.50929,0
1303.1,0.11227,3.47655,7.50929,0
1303.2,0.11228,3.47655,7.50929,0
1303.3,0.11229,3.47655,7.50929,0
1303.4,0.11228,3.47653,7.50929,0
1303.5,0.11227,3.4765,7.50929,0
1303.6,0.11225,3.47648,7.50929,0
1303.7,0.11224,3.47647,7.50929,0
1303.8,0.11224,3.47647,7.50929,0
1303.9,0.11225,3.47646,7.50929,0
1304,0.11226,3.47644,7.50929,0
1304.1,0.11225,3.47641,7.50929,0
1304.2,0.11223,3.47639,7.50929,0
1304.3,0.11221,3.47638,7.50929,0
1304.4,0.11219,3.47638,7.50929,0
1304.5,0.1122,3.47637,7.50929,0
1304.6,0.11221,3.47635,7.50929,0
1304.7,0.11222,3.47632,7.50929,0
1304.8,0.1122,3.4763,7.50929,0
1304.9,0.11217,3.47628,7.50929,0
1305,0.11215,3.47626,7.50929,0
1305.1,0.11215,3.47626,7.50929,0
1305.2,0.11216,3.47625,7.50929,0
1305.3,0.11217,3.47623,7.50929,0
1305.4,0.11216,3.47621,7.50929,0
1305.5,0.11214,3.47619,7.50929,0
1305.6,0.11213,3.47618,7.50929,0
1305.7,0.11213,3.47617,7.50929,0
1305.8,0.11214,3.47616,7.50929,0
1305.9,0.11216,3.47614,7.50929,0
1306,0.11216,3.47612,7.50929,0
1306.1,0.11214,3.4761,7.50929,0
1306.2,0.11212,3.47609,7.50929,0
1306.3,0.11212,3.47608,7.50929,0
1306.4,0.11213,3.47608,7.50929,0
1306.5,0.11214,3.47607,7.50929,0
1306.6,0.11215,3.47606,7.50929,0
1306.7,0.11213,3.47603,7.50929,0
1306.8,0.11211,3.47601,7.50929,0
1306.9,0.1121,3.476,7.50929,0
1307,0.11211,3.476,7.50929,0
1307.1,0.11212,3.47599,7.50929,0
1307.2,0.11212,3.47597,7.50929,0
1307.3,0.11211,3.47595,7.50929,0
1307.4,0.11209,3.47593,7.50929,0
1307.5,0.11208,3.47592,7.50929,0
1307.6,0.11207,3.47591,7.50929,0
1307.7,0.11208,3.47591,7.50929,0
1307.8,0.11209,3.47589,7.50929,0
1307.9,0.11209,3.47586,7.50929,0
1308,0.11208,3.47584,7.50929,0
1308.1,0.11206,3.47581,7.50929,0
1308.2,0.11204,3.4758,7.50929,0
1308.3,0.11205,3.4758,7.50929,0
1308.4,0.11206,3.47579,7.50929,0
1308.5,0.11207,3.47577,7.50929,0
1308.6,0.11206,3.47574,7.50929,0
1308.7,0.11204,3.47572,7.50929,0
1308.8,0.11203,3.47571,7.50929,0
1308.9,0.11203,3.47571,7.50929,0
1309,0.11204,3.4757,7.50929,0
1309.1,0.11205,3.47568,7.50929,0
1309.2,0.11206,3.47566,7.50929,0
1309.3,0.11204,3.47564,7.50929,0
1309.4,0.11202,3.47562,7.50929,0
1309.5,0.11202,3.47561,7.50929,0
1309.6,0.11203,3.47561,7.50929,0
1309.7,0.11204,3.4756,7.50929,0
1309.8,0.11205,3.47559,7.50929,0
1309.9,0.11203,3.47556,7.50929,0
1310,0.11202,3.47554,7.50929,0
1310.1,0.11201,3.47552,7.50929,0
1310.2,0.11201,3.47552,7.50929,0
1310.3,0.11203,3.47551,7.50929,0
1310.4,0.11204,3.47549,7.50929,0
1310.5,0.11204,3.47547,7.50929,0
1310.6,0.11202,3.47545,7.50929,0
1310.7,0.11201,3.47544,7.50929,0
1310.8,0.112,3.47544,7.50929,0
1310.9,0.112,3.47544,7.50929,0
1311,0.11202,3.47542,7.50929,0
1311.1,0.11202,3.4754,7.50929,0
1311.2,0.112,3.47537,7.50929,0
1311.3,0.11199,3.47535,7.50929,0
1311.4,0.11198,3.47534,7.50929,0
1311.5,0.11199,3.47533,7.50929,0
1311.6,0.112,3.47533,7.50929,0
1311.7,0.11201,3.47531,7.50929,0
1311.8,0.112,3.47529,7.50929,0
1311.9,0.11198,3.47527,7.50929,0
1312,0.11197,3.47526,7.50929,0
1312.1,0.11197,3.47526,7.50929,0
1312.2,0.11199,3.47525,7.50929,0
1312.3,0.112,3.47524,7.50929,0
1312.4,0.11201,3.47521,7.50929,0
1312.5,0.11199,3.47519,7.50929,0
1312.6,0.11197,3.47517,7.50929,0
1312.7,0.11196,3.47517,7.50929,0
1312.8,0.11198,3.47517,7.50929,0
1312.9,0.11199,3.47516,7.50929,0
1313,0.112,3.47515,7.50929,0
1313.1,0.11199,3.47513,7.50929,0
1313.2,0.11197,3.47511,7.50929,0
1313.3,0.11196,3.47509,7.50929,0
1313.4,0.11197,3.47509,7.50929,0
1313.5,0.11198,3.47509,7.50929,0
1313.6,0.11199,3.47507,7.50929,0
1313.7,0.11198,3.47505,7.50929,0
1313.8,0.11196,3.47503,7.50929,0
1313.9,0.11194,3.47502,7.50929,0
1314,0.11193,3.47502,7.5093,0
1314.1,0.11194,3.47501,7.5093,0
1314.2,0.11196,3.47499,7.5093,0
1314.3,0.11195,3.47497,7.50929,0
1314.4,0.11194,3.47494,7.50929,0
1314.5,0.11192,3.47492,7.50929,0
1314.6,0.11191,3.47491,7.50929,0
1314.7,0.1119,3.47491,7.50929,0
1314.8,0.11192,3.4749,7.50929,0
1314.9,0.11192,3.47489,7.50929,0
1315,0.11191,3.47486,7.50929,0
1315.1,0.11189,3.47484,7.50929,0
1315.2,0.11188,3.47483,7.50929,0
1315.3,0.11189,3.47483,7.5093,0
1315.4,0.1119,3.47482,7.5093,0
1315.5,0.11191,3.47481,7.5093,0
1315.6,0.11192,3.47478,7.50929,0
1315.7,0.1119,3.47476,7.50929,0
1315.8,0.11188,3.47476,7.50929,0
1315.9,0.11187,3.47475,7.50929,0
1316,0.11189,3.47475,7.50929,0
1316.1,0.1119,3.47475,7.50929,0
1316.2,0.11191,3.47473,7.50929,0
1316.3,0.1119,3.47471,7.50929,0
1316.4,0.11188,3.47469,7.50929,0
1316.5,0.11186,3.47468,7.50929,0
1316.6,0.11186,3.47468,7.50929,0
1316.7,0.11187,3.47467,7.50929,0
1316.8,0.11188,3.47465,7.50929,0
1316.9,0.11188,3.47463,7.50929,0
1317,0.11186,3.47461,7.50929,0
1317.1,0.11184,3.4746,7.50929,0
1317.2,0.11184,3.4746,7.50929,0
1317.3,0.11185,3.4746,7.50929,0
1317.4,0.11187,3.47458,7.50929,0
1317.5,0.11186,3.47456,7.50929,0
1317.6,0.11184,3.47454,7.50929,0
1317.7,0.11182,3.47452,7.50929,0
1317.8,0.1118,3.47451,7.50929,0
1317.9,0.1118,3.4745,7.50929,0
1318,0.11181,3.4745,7.50929,0
1318.1,0.11182,3.47448,7.50929,0
1318.2,0.1118,3.47446,7.50929,0
1318.3,0.11178,3.47443,7.50929,0
1318.4,0.11177,3.47442,7.50929,0
1318.5,0.11177,3.47442,7.50929,0
1318.6,0.11178,3.47442,7.50929,0
1318.7,0.11179,3.4744,7.50929,0
1318.8,0.11179,3.47438,7.50929,0
1318.9,0.11177,3.47436,7.50929,0
1319,0.11175,3.47435,7.50929,0
1319.1,0.11174,3.47434,7.50929,0
1319.2,0.11175,3.47434,7.50929,0
1319.3,0.11176,3.47433,7.50929,0
1319.4,0.11176,3.47432,7.50929,0
1319.5,0.11175,3.47429,7.50929,0
1319.6,0.11173,3.47428,7.50929,0
1319.7,0.11171,3.47427,7.50929,0
1319.8,0.11171,3.47427,7.50929,0
1319.9,0.11172,3.47426,7.50929,0
1320,0.11173,3.47424,7.50929,0
1320.1,0.11173,3.47422,7.50929,0
1320.2,0.11171,3.4742,7.50929,0
1320.3,0.11169,3.4742,7.50929,0
1320.4,0.11168,3.4742,7.50929,0
1320.5,0.11168,3.4742,7.50929,0
1320.6,0.11169,3.47418,7.50929,0
1320.7,0.11169,3.47416,7.50929,0
1320.8,0.11167,3.47414,7.50929,0
1320.9,0.11165,3.47412,7.50929,0
1321,0.11164,3.4741,7.50929,0
1321.1,0.11164,3.4741,7.50929,0
1321.2,0.11165,3.4741,7.50929,0
1321.3,0.11165,3.47408,7.50929,0
1321.4,0.11164,3.47406,7.50929,0
1321.5,0.11162,3.47404,7.50929,0
1321.6,0.1116,3.47403,7.50929,0
1321.7,0.1116,3.47403,7.50929,0
1321.8,0.11161,3.47402,7.50929,0
1321.9,0.11163,3.47401,7.50929,0
1322,0.11162,3.47398,7.50929,0
1322.1,0.1116,3.47397,7.50929,0
1322.2,0.11158,3.47395,7.50929,0
1322.3,0.11157,3.47395,7.50929,0
1322.4,0.11158,3.47395,7.50929,0
1322.5,0.11159,3.47395,7.50929,0
1322.6,0.1116,3.47394,7.50929,0
1322.7,0.11159,3.47391,7.50929,0
1322.8,0.11157,3.4739,7.50929,0
1322.9,0.11155,3.47389,7.50929,0
1323,0.11155,3.47389,7.50929,0
1323.1,0.11156,3.47388,7.50929,0
1323.2,0.11156,3.47387,7.50929,0
1323.3,0.11155,3.47384,7.50929,0
1323.4,0.11153,3.47383,7.50929,0
1323.5,0.11151,3.47382,7.50929,0
1323.6,0.1115,3.47382,7.50929,0
1323.7,0.11151,3.47382,7.50929,0
1323.8,0.11152,3.47381,7.50929,0
1323.9,0.11152,3.47378,7.50929,0
1324,0.11149,3.47376,7.50929,0
1324.1,0.11147,3.47374,7.50929,0
1324.2,0.11146,3.47373,7.50929,0
1324.3,0.11145,3.47373,7.50929,0
1324.4,0.11146,3.47373,7.50929,0
1324.5,0.11147,3.47371,7.50929,0
1324.6,0.11145,3.47369,7.50929,0
1324.7,0.11143,3.47367,7.50929,0
1324.8,0.11142,3.47366,7.50929,0
1324.9,0.11142,3.47366,7.50929,0
1325,0.11143,3.47366,7.50929,0
1325.1,0.11144,3.47364,7.50929,0
1325.2,0.11144,3.47362,7.50929,0
1325.3,0.11142,3.4736,7.50929,0
1325.4,0.1114,3.47359,7.50929,0
1325.5,0.1114,3.47359,7.50929,0
1325.6,0.11141,3.47359,7.50929,0
1325.7,0.11142,3.47359,7.50929,0
1325.8,0.11142,3.47357,7.50929,0
1325.9,0.11141,3.47355,7.50929,0
1326,0.11139,3.47354,7.50929,0
1326.1,0.11137,3.47353,7.50929,0
1326.2,0.11137,3.47353,7.50929,0
1326.3,0.11138,3.47353,7.50929,0
1326.4,0.11139,3.47351,7.50929,0
1326.5,0.11138,3.47349,7.50929,0
1326.6,0.11136,3.47347,7.50929,0
1326.7,0.11134,3.47347,7.50929,0
1326.8,0.11133,3.47347,7.50929,0
1326.9,0.11135,3.47346,7.50929,0
1327,0.11136,3.47344,7.50929,0
1327.1,0.11135,3.47342,7.50929,0
1327.2,0.11133,3.4734,7.50929,0
1327.3,0.11131,3.47338,7.50929,0
1327.4,0.1113,3.47338,7.50929,0
1327.5,0.1113,3.47338,7.50929,0
1327.6,0.11131,3.47337,7.50929,0
1327.7,0.11132,3.47335,7.50929,0
1327.8,0.11131,3.47333,7.50929,0
1327.9,0.1113,3.47332,7.50929,0
1328,0.11128,3.47331,7.50929,0
1328.1,0.11127,3.47331,7.50929,0
1328.2,0.11128,3.47331,7.50929,0
1328.3,0.11129,3.47329,7.50929,0
1328.4,0.11128,3.47327,7.50929,0
1328.5,0.11126,3.47325,7.50929,0
1328.6,0.11124,3.47324,7.50929,0
1328.7,0.11123,3.47324,7.50929,0
1328.8,0.11124,3.47324,7.50929,0
1328.9,0.11126,3.47323,7.50929,0
1329,0.11126,3.47322,7.50929,0
1329.1,0.11125,3.4732,7.50929,0
1329.2,0.11123,3.47318,7.50929,0
1329.3,0.11121,3.47318,7.50929,0
1329.4,0.11121,3.47318,7.50929,0
1329.5,0.11122,3.47317,7.50929,0
1329.6,0.11124,3.47316,7.50929,0
1329.7,0.11124,3.47314,7.50929,0
1329.8,0.11122,3.47312,7.50929,0
1329.9,0.11119,3.47311,7.50929,0
1330,0.11118,3.47311,7.50929,0
1330.1,0.11119,3.47311,7.50929,0
1330.2,0.1112,3.4731,7.50929,0
1330.3,0.1112,3.47308,7.50929,0
1330.4,0.11118,3.47306,7.50929,0
1330.5,0.11116,3.47304,7.50929,0
1330.6,0.11114,3.47303,7.50929,0
1330.7,0.11115,3.47303,7.50929,0
1330.8,0.11116,3.47303,7.50929,0
1330.9,0.11117,3.47302,7.50929,0
1331,0.11116,3.473,7.50929,0
1331.1,0.11114,3.47298,7.50929,0
1331.2,0.11111,3.47298,7.50929,0
1331.3,0.11111,3.47298,7.50929,0
1331.4,0.11112,3.47298,7.50929,0
1331.5,0.11114,3.47296,7.50929,0
1331.6,0.11114,3.47294,7.50929,0
1331.7,0.11112,3.47293,7.50929,0
1331.8,0.1111,3.47292,7.50929,0
1331.9,0.11108,3.47292,7.50929,0
1332,0.11109,3.47292,7.50929,0
1332.1,0.1111,3.47292,7.50929,0
1332.2,0.11111,3.47291,7.50929,0
1332.3,0.1111,3.47289,7.50929,0
1332.4,0.11108,3.47287,7.50929,0
1332.5,0.11107,3.47287,7.50929,0
1332.6,0.11107,3.47287,7.50929,0
1332.7,0.11108,3.47286,7.50929,0
1332.8,0.11109,3.47285,7.50929,0
1332.9,0.11108,3.47283,7.50929,0
1333,0.11106,3.47281,7.50929,0
1333.1,0.11104,3.47281,7.50929,0
1333.2,0.11104,3.47281,7.50929,0
1333.3,0.11105,3.47281,7.50929,0
1333.4,0.11106,3.4728,7.50929,0
1333.5,0.11105,3.47278,7.50929,0
1333.6,0.11103,3.47276,7.50929,0
1333.7,0.11101,3.47274,7.50929,0
1333.8,0.111,3.47273,7.50929,0
1333.9,0.111,3.47273,7.50929,0
1334,0.111,3.47273,7.50929,0
1334.1,0.111,3.47271,7.50929,0
1334.2,0.111,3.4727,7.50929,0
1334.3,0.11097,3.47268,7.50929,0
1334.4,0.11095,3.47268,7.50929,0
1334.5,0.11095,3.47268,7.50929,0
1334.6,0.11096,3.47267,7.50929,0
1334.7,0.11097,3.47266,7.50929,0
1334.8,0.11097,3.47264,7.50929,0
1334.9,0.11095,3.47262,7.50929,0
1335,0.11093,3.47262,7.50929,0
1335.1,0.11091,3.47262,7.50929,0
1335.2,0.11092,3.47262,7.50929,0
1335.3,0.11094,3.47262,7.50929,0
1335.4,0.11094,3.47261,7.50929,0
1335.5,0.11093,3.47259,7.50929,0
1335.6,0.11091,3.47257,7.50929,0
1335.7,0.11089,3.47257,7.50929,0
1335.8,0.11089,3.47257,7.50929,0
1335.9,0.1109,3.47256,7.50929,0
1336,0.11091,3.47255,7.50929,0
1336.1,0.11091,3.47253,7.50929,0
1336.2,0.11088,3.47252,7.50929,0
1336.3,0.11086,3.47251,7.50929,0
1336.4,0.11085,3.47251,7.50929,0
1336.5,0.11086,3.47252,7.50929,0
1336.6,0.11087,3.4725,7.50929,0
1336.7,0.11087,3.47248,7.50929,0
1336.8,0.11085,3.47246,7.50929,0
1336.9,0.11083,3.47245,7.50929,0
1337,0.11082,3.47244,7.50929,0
1337.1,0.11082,3.47244,7.50929,0
1337.2,0.11083,3.47244,7.50929,0
1337.3,0.11084,3.47243,7.50929,0
1337.4,0.11083,3.47241,7.50929,0
1337.5,0.11081,3.47239,7.50929,0
1337.6,0.11078,3.47239,7.50929,0
1337.7,0.11077,3.47239,7.50929,0
1337.8,0.11078,3.47239,7.50929,0
1337.9,0.1108,3.47238,7.50929,0
1338,0.11079,3.47236,7.50929,0
1338.1,0.11077,3.47235,7.50929,0
1338.2,0.11075,3.47234,7.50929,0
1338.3,0.11074,3.47234,7.50929,0
1338.4,0.11076,3.47234,7.50929,0
1338.5,0.11077,3.47234,7.50929,0
1338.6,0.11077,3.47233,7.50929,0
1338.7,0.11076,3.47231,7.50929,0
1338.8,0.11074,3.4723,7.50929,0
1338.9,0.11073,3.47229,7.50929,0
1339,0.11072,3.47229,7.50929,0
1339.1,0.11074,3.47229,7.50929,0
1339.2,0.11075,3.47228,7.50929,0
1339.3,0.11075,3.47226,7.50929,0
1339.4,0.11073,3.47224,7.50929,0
1339.5,0.11071,3.47224,7.50929,0
1339.6,0.1107,3.47224,7.50929,0
1339.7,0.11071,3.47225,7.50929,0
1339.8,0.11072,3.47224,7.50929,0
1339.9,0.11072,3.47222,7.50929,0
1340,0.1107,3.4722,7.50929,0
1340.1,0.11068,3.47218,7.50929,0
1340.2,0.11067,3.47218,7.50929,0
1340.3,0.11067,3.47218,7.50929,0
1340.4,0.11068,3.47218,7.50929,0
1340.5,0.11069,3.47216,7.50929,0
1340.6,0.11068,3.47214,7.50929,0
1340.7,0.11066,3.47213,7.50929,0
1340.8,0.11064,3.47212,7.50929,0
1340.9,0.11063,3.47213,7.50929,0
1341,0.11064,3.47212,7.50929,0
1341.1,0.11065,3.47211,7.50929,0
1341.2,0.11066,3.47209,7.50929,0
1341.3,0.11064,3.47208,7.50929,0
1341.4,0.11062,3.47207,7.50929,0
1341.5,0.11061,3.47208,7.50929,0
1341.6,0.11061,3.47208,7.50929,0
1341.7,0.11062,3.47208,7.50929,0
1341.8,0.11063,3.47207,7.50929,0
1341.9,0.11062,3.47205,7.50929,0
1342,0.1106,3.47204,7.50929,0
1342.1,0.11058,3.47203,7.50929,0
1342.2,0.11058,3.47204,7.50929,0
1342.3,0.11059,3.47203,7.50929,0
1342.4,0.1106,3.47202,7.50929,0
1342.5,0.1106,3.472,7.50929,0
1342.6,0.11058,3.47199,7.50929,0
1342.7,0.11056,3.47198,7.50929,0
1342.8,0.11054,3.47199,7.50929,0
1342.9,0.11055,3.47198,7.50929,0
1343,0.11057,3.47197,7.50929,0
1343.1,0.11056,3.47195,7.50929,0
1343.2,0.11054,3.47193,7.50929,0
1343.3,0.11052,3.47192,7.50929,0
1343.4,0.11051,3.47191,7.50929,0
1343.5,0.1105,3.47191,7.50929,0
1343.6,0.11051,3.47191,7.50929,0
1343.7,0.11052,3.4719,7.50929,0
1343.8,0.11051,3.47188,7.50929,0
1343.9,0.11048,3.47187,7.50929,0
1344,0.11046,3.47186,7.50929,0
1344.1,0.11046,3.47187,7.50929,0
1344.2,0.11047,3.47187,7.50929,0
1344.3,0.11048,3.47185,7.50929,0
1344.4,0.11049,3.47184,7.50929,0
1344.5,0.11047,3.47182,7.50929,0
1344.6,0.11044,3.47181,7.50929,0
1344.7,0.11044,3.47182,7.50929,0
1344.8,0.11045,3.47182,7.50929,0
1344.9,0.11046,3.47182,7.50929,0
1345,0.11047,3.47181,7.50929,0
1345.1,0.11046,3.47179,7.50929,0
1345.2,0.11044,3.47177,7.50929,0
1345.3,0.11043,3.47176,7.50929,0
1345.4,0.11043,3.47176,7.50929,0
1345.5,0.11044,3.47176,7.50929,0
1345.6,0.11045,3.47175,7.50929,0
1345.7,0.11045,3.47173,7.50929,0
1345.8,0.11043,3.47171,7.50929,0
1345.9,0.11041,3.47171,7.50929,0
1346,0.11041,3.47171,7.50929,0
1346.1,0.11042,3.47171,7.50929,0
1346.2,0.11043,3.47169,7.50929,0
1346.3,0.11043,3.47167,7.50929,0
1346.4,0.11041,3.47165,7.50929,0
1346.5,0.11039,3.47164,7.50929,0
1346.6,0.11038,3.47163,7.50929,0
1346.7,0.11037,3.47163,7.50929,0
1346.8,0.11039,3.47163,7.50929,0
1346.9,0.11039,3.47161,7.50929,0
1347,0.11038,3.47159,7.50929,0
1347.1,0.11037,3.47157,7.50929,0
1347.2,0.11035,3.47157,7.50929,0
1347.3,0.11034,3.47157,7.50929,0
1347.4,0.11035,3.47157,7.50929,0
1347.5,0.11037,3.47156,7.50929,0
1347.6,0.11037,3.47154,7.50929,0
1347.7,0.11035,3.47152,7.50929,0
1347.8,0.11033,3.47151,7.50929,0
1347.9,0.11031,3.47151,7.50929,0
1348,0.11032,3.47151,7.50929,0
1348.1,0.11033,3.47151,7.50929,0
1348.2,0.11034,3.4715,7.50929,0
1348.3,0.11033,3.47148,7.50929,0
1348.4,0.11031,3.47147,7.50929,0
1348.5,0.1103,3.47146,7.50929,0
1348.6,0.11031,3.47146,7.50929,0
1348.7,0.11032,3.47146,7.50929,0
1348.8,0.11033,3.47145,7.50929,0
1348.9,0.11034,3.47143,7.50929,0
1349,0.11032,3.47141,7.50929,0
1349.1,0.1103,3.47141,7.50929,0
1349.2,0.11029,3.47141,7.50929,0
1349.3,0.1103,3.47141,7.50929,0
1349.4,0.11031,3.4714,7.50929,0
1349.5,0.11031,3.47138,7.50929,0
1349.6,0.11029,3.47137,7.50929,0
1349.7,0.11027,3.47135,7.50929,0
1349.8,0.11026,3.47134,7.50929,0
1349.9,0.11026,3.47134,7.50929,0
1350,0.11027,3.47134,7.50929,0
1350.1,0.11028,3.47133,7.50929,0
1350.2,0.11027,3.47131,7.50929,0
1350.3,0.11025,3.4713,7.50929,0
1350.4,0.11023,3.47129,7.50929,0
1350.5,0.11023,3.4713,7.50929,0
1350.6,0.11024,3.47129,7.50929,0
1350.7,0.11025,3.47128,7.50929,0
1350.8,0.11025,3.47126,7.50929,0
1350.9,0.11023,3.47125,7.50929,0
1351,0.11021,3.47124,7.50929,0
1351.1,0.1102,3.47124,7.50929,0
1351.2,0.11021,3.47125,7.50929,0
1351.3,0.11022,3.47125,7.50929,0
1351.4,0.11023,3.47124,7.50929,0
1351.5,0.11022,3.47122,7.50929,0
1351.6,0.1102,3.4712,7.50929,0
1351.7,0.11019,3.4712,7.50929,0
1351.8,0.1102,3.4712,7.50929,0
1351.9,0.11021,3.4712,7.50929,0
1352,0.11023,3.47119,7.50929,0
1352.1,0.11023,3.47117,7.50929,0
1352.2,0.11021,3.47116,7.50929,0
1352.3,0.11019,3.47115,7.50929,0
1352.4,0.11019,3.47116,7.50929,0
1352.5,0.1102,3.47116,7.50929,0
1352.6,0.11022,3.47115,7.50929,0
1352.7,0.11022,3.47113,7.50929,0
1352.8,0.1102,3.47111,7.50929,0
1352.9,0.11018,3.47109,7.50929,0
1353,0.11017,3.47109,7.50929,0
1353.1,0.11017,3.47109,7.50929,0
1353.2,0.11019,3.47109,7.50929,0
1353.3,0.11019,3.47108,7.50929,0
1353.4,0.11018,3.47106,7.50929,0
1353.5,0.11017,3.47104,7.50929,0
1353.6,0.11015,3.47104,7.50929,0
1353.7,0.11014,3.47105,7.50929,0
1353.8,0.11016,3.47104,7.50929,0
1353.9,0.11017,3.47103,7.50929,0
1354,0.11017,3.47101,7.50929,0
1354.1,0.11015,3.471,7.50929,0
1354.2,0.11013,3.471,7.50929,0
1354.3,0.11013,3.471,7.50929,0
1354.4,0.11014,3.471,7.50929,0
1354.5,0.11016,3.47101,7.50929,0
1354.6,0.11016,3.47099,7.50929,0
1354.7,0.11016,3.47098,7.50929,0
1354.8,0.11014,3.47096,7.50929,0
1354.9,0.11014,3.47096,7.50929,0
1355,0.11014,3.47096,7.50929,0
1355.1,0.11016,3.47097,7.50929,0
1355.2,0.11017,3.47095,7.50929,0
1355.3,0.11017,3.47094,7.50929,0
1355.4,0.11016,3.47092,7.50929,0
1355.5,0.11014,3.47092,7.50929,0
1355.6,0.11014,3.47092,7.50929,0
1355.7,0.11015,3.47092,7.50929,0
1355.8,0.11017,3.47091,7.50929,0
1355.9,0.11017,3.47089,7.50929,0
1356,0.11015,3.47088,7.50929,0
1356.1,0.11013,3.47086,7.50929,0
1356.2,0.11013,3.47086,7.50929,0
1356.3,0.11013,3.47086,7.50929,0
1356.4,0.11014,3.47086,7.50929,0
1356.5,0.11016,3.47084,7.50929,0
1356.6,0.11015,3.47083,7.50929,0
1356.7,0.11014,3.47081,7.50929,0
1356.8,0.11012,3.47081,7.50929,0
1356.9,0.11012,3.47081,7.50929,0
1357,0.11013,3.47081,7.50929,0
1357.1,0.11015,3.4708,7.50929,0
1357.2,0.11015,3.47078,7.50929,0
1357.3,0.11013,3.47077,7.50929,0
1357.4,0.11011,3.47076,7.50929,0
1357.5,0.11011,3.47076,7.50929,0
1357.6,0.11012,3.47076,7.50929,0
1357.7,0.11014,3.47076,7.50929,0
1357.8,0.11015,3.47075,7.50929,0
1357.9,0.11015,3.47073,7.50929,0
1358,0.11013,3.47072,7.50929,0
1358.1,0.11012,3.47072,7.50929,0
1358.2,0.11013,3.47072,7.50929,0
1358.3,0.11015,3.47072,7.50929,0
1358.4,0.11016,3.47071,7.50929,0
1358.5,0.11017,3.4707,7.50929,0
1358.6,0.11015,3.47068,7.50929,0
1358.7,0.11014,3.47068,7.50929,0
1358.8,0.11014,3.47068,7.50929,0
1358.9,0.11015,3.47069,7.50929,0
1359,0.11017,3.47068,7.50929,0
1359.1,0.11017,3.47066,7.50929,0
1359.2,0.11015,3.47065,7.50929,0
1359.3,0.11014,3.47063,7.50929,0
1359.4,0.11013,3.47063,7.50929,0
1359.5,0.11013,3.47063,7.50929,0
1359.6,0.11014,3.47063,7.50929,0
1359.7,0.11015,3.47062,7.50929,0
1359.8,0.11014,3.4706,7.50929,0
1359.9,0.11013,3.47059,7.50929,0
1360,0.11011,3.47059,7.50929,0
1360.1,0.11011,3.47059,7.50929,0
1360.2,0.11012,3.47059,7.50929,0
1360.3,0.11014,3.47058,7.50929,0
1360.4,0.11014,3.47056,7.50929,0
1360.5,0.11013,3.47055,7.50929,0
1360.6,0.11011,3.47055,7.50929,0
1360.7,0.1101,3.47055,7.50929,0
1360.8,0.11011,3.47055,7.50929,0
1360.9,0.11013,3.47056,7.50929,0
1361,0.11013,3.47055,7.50929,0
1361.1,0.11013,3.47053,7.50929,0
1361.2,0.11012,3.47052,7.50929,0
1361.3,0.11011,3.47051,7.50929,0
1361.4,0.11012,3.47051,7.50929,0
1361.5,0.11014,3.47051,7.50929,0
1361.6,0.11015,3.4705,7.50929,0
1361.7,0.11016,3.47048,7.50929,0
1361.8,0.11014,3.47047,7.50929,0
1361.9,0.11013,3.47047,7.50929,0
1362,0.11012,3.47047,7.50929,0
1362.1,0.11014,3.47047,7.50929,0
1362.2,0.11015,3.47046,7.50929,0
1362.3,0.11016,3.47044,7.50929,0
1362.4,0.11014,3.47042,7.50929,0
1362.5,0.11013,3.47041,7.50929,0
1362.6,0.11012,3.4704,7.50929,0
1362.7,0.11012,3.4704,7.50929,0
1362.8,0.11014,3.4704,7.50929,0
1362.9,0.11015,3.47039,7.50929,0
1363,0.11014,3.47037,7.50929,0
1363.1,0.11012,3.47036,7.50929,0
1363.2,0.11011,3.47036,7.50929,0
1363.3,0.11009,3.47037,7.50929,0
1363.4,0.11011,3.47036,7.50929,0
1363.5,0.11013,3.47035,7.50929,0
1363.6,0.11014,3.47034,7.50929,0
1363.7,0.11012,3.47032,7.50929,0
1363.8,0.11011,3.47032,7.50929,0
1363.9,0.11011,3.47032,7.50929,0
1364,0.11012,3.47033,7.50929,0
1364.1,0.11014,3.47033,7.50929,0
1364.2,0.11016,3.47032,7.50929,0
1364.3,0.11016,3.4703,7.50929,0
1364.4,0.11015,3.47029,7.50929,0
1364.5,0.11014,3.47028,7.50929,0
1364.6,0.11015,3.47029,7.50929,0
1364.7,0.11017,3.47029,7.50929,0
1364.8,0.11019,3.47028,7.50929,0
1364.9,0.11019,3.47027,7.50929,0
1365,0.11018,3.47025,7.50929,0
1365.1,0.11016,3.47024,7.50929,0
1365.2,0.11016,3.47025,7.50929,0
1365.3,0.11018,3.47025,7.50929,0
1365.4,0.1102,3.47024,7.50929,0
1365.5,0.1102,3.47022,7.50929,0
1365.6,0.11018,3.47021,7.50929,0
1365.7,0.11017,3.47019,7.50929,0
1365.8,0.11016,3.47019,7.50929,0
1365.9,0.11017,3.47019,7.50929,0
1366,0.11018,3.47019,7.50929,0
1366.1,0.1102,3.47018,7.50929,0
1366.2,0.1102,3.47016,7.50929,0
1366.3,0.11018,3.47015,7.50929,0
1366.4,0.11017,3.47014,7.50929,0
1366.5,0.11016,3.47015,7.50929,0
1366.6,0.11018,3.47015,7.50929,0
1366.7,0.1102,3.47014,7.50929,0
1366.8,0.1102,3.47012,7.50929,0
1366.9,0.11018,3.47011,7.50929,0
1367,0.11017,3.4701,7.50929,0
1367.1,0.11017,3.4701,7.50929,0
1367.2,0.11018,3.47011,7.50929,0
1367.3,0.1102,3.47011,7.50929,0
1367.4,0.11021,3.4701,7.50929,0
1367.5,0.1102,3.47008,7.50929,0
1367.6,0.11019,3.47007,7.50929,0
1367.7,0.11018,3.47007,7.50929,0
1367.8,0.11019,3.47007,7.50929,0
1367.9,0.1102,3.47007,7.50929,0
1368,0.11022,3.47006,7.50929,0
1368.1,0.11023,3.47005,7.50929,0
1368.2,0.11021,3.47004,7.50929,0
1368.3,0.1102,3.47003,7.50929,0
1368.4,0.1102,3.47003,7.50929,0
1368.5,0.11022,3.47004,7.50929,0
1368.6,0.11024,3.47003,7.50929,0
1368.7,0.11024,3.47001,7.50929,0
1368.8,0.11023,3.47,7.50929,0
1368.9,0.11021,3.46998,7.50929,0
1369,0.1102,3.46998,7.50929,0
1369.1,0.11021,3.46998,7.50929,0
1369.2,0.11023,3.46998,7.50929,0
1369.3,0.11024,3.46997,7.50929,0
1369.4,0.11023,3.46995,7.50929,0
1369.5,0.11022,3.46994,7.50929,0
1369.6,0.11021,3.46994,7.50929,0
1369.7,0.11019,3.46995,7.50929,0
1369.8,0.11021,3.46995,7.50929,0
1369.9,0.11023,3.46993,7.50929,0
1370,0.11024,3.46992,7.50929,0
1370.1,0.11022,3.46991,7.50929,0
1370.2,0.11021,3.4699,7.50929,0
1370.3,0.1102,3.4699,7.50929,0
1370.4,0.11021,3.46991,7.50929,0
1370.5,0.11023,3.46991,7.50929,0
1370.6,0.11025,3.4699,7.50929,0
1370.7,0.11024,3.46989,7.50929,0
1370.8,0.11023,3.46988,7.50929,0
1370.9,0.11022,3.46988,7.50929,0
1371,0.11023,3.46988,7.50929,0
1371.1,0.11024,3.46988,7.50929,0
1371.2,0.11026,3.46987,7.50929,0
1371.3,0.11027,3.46985,7.50929,0
1371.4,0.11025,3.46984,7.50929,0
1371.5,0.11024,3.46984,7.50929,0
1371.6,0.11023,3.46984,7.50929,0
1371.7,0.11025,3.46985,7.50929,0
1371.8,0.11027,3.46984,7.50929,0
1371.9,0.11027,3.46982,7.50929,0
1372,0.11026,3.46981,7.50929,0
1372.1,0.11024,3.46979,7.50929,0
1372.2,0.11024,3.46979,7.50929,0
1372.3,0.11025,3.46979,7.50929,0
1372.4,0.11026,3.46979,7.50929,0
1372.5,0.11028,3.46978,7.50929,0
1372.6,0.11028,3.46977,7.50929,0
1372.7,0.11026,3.46976,7.50929,0
1372.8,0.11025,3.46975,7.50929,0
1372.9,0.11025,3.46975,7.50929,0
1373,0.11026,3.46975,7.50929,0
1373.1,0.11028,3.46974,7.50929,0
1373.2,0.11029,3.46973,7.50929,0
1373.3,0.11027,3.46972,7.50929,0
1373.4,0.11026,3.46972,7.50929,0
1373.5,0.11026,3.46972,7.50929,0
1373.6,0.11027,3.46973,7.50929,0
1373.7,0.11029,3.46973,7.50929,0
1373.8,0.1103,3.46972,7.50929,0
1373.9,0.11031,3.4697,7.50929,0
1374,0.11029,3.46969,7.50929,0
1374.1,0.11029,3.46969,7.50929,0
1374.2,0.1103,3.4697,7.50929,0
1374.3,0.11031,3.4697,7.50929,0
1374.4,0.11033,3.46968,7.50929,0
1374.5,0.11034,3.46967,7.50929,0
1374.6,0.11033,3.46966,7.50929,0
1374.7,0.11031,3.46966,7.50929,0
1374.8,0.11031,3.46966,7.50929,0
1374.9,0.11033,3.46966,7.50929,0
1375,0.11034,3.46965,7.50929,0
1375.1,0.11035,3.46964,7.50929,0
1375.2,0.11034,3.46962,7.50929,0
1375.3,0.11032,3.46961,7.50929,0
1375.4,0.11032,3.46961,7.50929,0
1375.5,0.11033,3.46961,7.50929,0
1375.6,0.11035,3.46961,7.50929,0
1375.7,0.11037,3.4696,7.50929,0
1375.8,0.11037,3.46959,7.50929,0
1375.9,0.11036,3.46957,7.50929,0
1376,0.11034,3.46957,7.50929,0
1376.1,0.11033,3.46958,7.50928,0
1376.2,0.11035,3.46958,7.50927,0
1376.3,0.11037,3.46957,7.50926,0
1376.4,0.11037,3.46955,7.50925,0
1376.5,0.11036,3.46954,7.50924,0
1376.6,0.11035,3.46954,7.50923,0
1376.7,0.11034,3.46954,7.50923,0
1376.8,0.11035,3.46954,7.50922,0
1376.9,0.11037,3.46954,7.50921,0
1377,0.11038,3.46954,7.5092,0
1377.1,0.11038,3.46952,7.50919,0
1377.2,0.11036,3.46951,7.50918,0
1377.3,0.11036,3.4695,7.50918,0
1377.4,0.11036,3.46951,7.50917,0
1377.5,0.11038,3.46951,7.50916,0
1377.6,0.1104,3.4695,7.50915,0
1377.7,0.11041,3.46948,7.50915,0
1377.8,0.1104,3.46947,7.50914,0
1377.9,0.11038,3.46947,7.50913,0
1378,0.11039,3.46948,7.50912,0
1378.1,0.1104,3.46948,7.50912,0
1378.2,0.11042,3.46948,7.50911,0
1378.3,0.11043,3.46946,7.5091,0
1378.4,0.11042,3.46944,7.5091,0
1378.5,0.11041,3.46943,7.50909,0
1378.6,0.11041,3.46942,7.50908,0
1378.7,0.11041,3.46943,7.50908,0
1378.8,0.11043,3.46943,7.50907,0
1378.9,0.11045,3.46942,7.50906,0
1379,0.11044,3.4694,7.50906,0
1379.1,0.11043,3.46939,7.50905,0
1379.2,0.11041,3.46939,7.50905,0
1379.3,0.11041,3.46939,7.50904,0
1379.4,0.11043,3.46939,7.50904,0
1379.5,0.11045,3.46938,7.50903,0
1379.6,0.11045,3.46937,7.50902,0
1379.7,0.11044,3.46936,7.50902,0
1379.8,0.11043,3.46935,7.50901,0
1379.9,0.11042,3.46935,7.50901,0
1380,0.11043,3.46936,7.509,0
1380.1,0.11045,3.46936,7.509,0
1380.2,0.11046,3.46936,7.50899,0
1380.3,0.11046,3.46934,7.50899,0
1380.4,0.11044,3.46933,7.50899,0
1380.5,0.11044,3.46933,7.50898,0
1380.6,0.11045,3.46933,7.50898,0
1380.7,0.11047,3.46933,7.50897,0
1380.8,0.11049,3.46932,7.50897,0
1380.9,0.1105,3.46931,7.50896,0
1381,0.11049,3.46929,7.50896,0
1381.1,0.11048,3.46929,7.50896,0
1381.2,0.11048,3.4693,7.50896,0
1381.3,0.1105,3.4693,7.50896,0
1381.4,0.11052,3.46929,7.50896,0
1381.5,0.11053,3.46927,7.50896,0
1381.6,0.11053,3.46926,7.50897,0
1381.7,0.11051,3.46924,7.50897,0
1381.8,0.11051,3.46924,7.50897,0
1381.9,0.11051,3.46924,7.50898,0
1382,0.11053,3.46924,7.50898,0
1382.1,0.11054,3.46923,7.50898,0
1382.2,0.11054,3.46922,7.50898,0
1382.3,0.11053,3.4692,7.50898,0
1382.4,0.11052,3.4692,7.50897,0
1382.5,0.11051,3.46921,7.50897,0
1382.6,0.11053,3.46921,7.50897,0
1382.7,0.11055,3.4692,7.50897,0
1382.8,0.11055,3.46919,7.50897,0
1382.9,0.11054,3.46918,7.50896,0
1383,0.11053,3.46918,7.50895,0
1383.1,0.11052,3.46918,7.50895,0
1383.2,0.11054,3.46919,7.50894,0
1383.3,0.11056,3.46919,7.50893,0
1383.4,0.11057,3.46918,7.50893,0
1383.5,0.11057,3.46916,7.50892,0
1383.6,0.11056,3.46915,7.50891,0
1383.7,0.11055,3.46915,7.50891,0
1383.8,0.11056,3.46916,7.50891,0
1383.9,0.11059,3.46916,7.5089,0
1384,0.11061,3.46915,7.5089,0
1384.1,0.11062,3.46913,7.50889,0
1384.2,0.11061,3.46912,7.50889,0
1384.3,0.11059,3.46912,7.50888,0
1384.4,0.1106,3.46912,7.50888,0
1384.5,0.11062,3.46912,7.50887,0
1384.6,0.11064,3.46911,7.50887,0
1384.7,0.11065,3.4691,7.50886,0
1384.8,0.11064,3.46908,7.50886,0
1384.9,0.11063,3.46907,7.50885,0
1385,0.11063,3.46906,7.50885,0
1385.1,0.11063,3.46907,7.50884,0
1385.2,0.11065,3.46907,7.50884,0
1385.3,0.11067,3.46906,7.50883,0
1385.4,0.11068,3.46904,7.50883,0
1385.5,0.11067,3.46903,7.50883,0
1385.6,0.11066,3.46903,7.50882,0
1385.7,0.11065,3.46904,7.50882,0
1385.8,0.11067,3.46904,7.50881,0
1385.9,0.11069,3.46902,7.50881,0
1386,0.11071,3.46901,7.5088,0
1386.1,0.11069,3.469,7.5088,0
1386.2,0.11068,3.46899,7.50879,0
1386.3,0.11068,3.46899,7.50879,0
1386.4,0.11069,3.46899,7.50878,0
1386.5,0.11071,3.469,7.50878,0
1386.6,0.11072,3.46899,7.50878,0
1386.7,0.11072,3.46897,7.50878,0
1386.8,0.11071,3.46895,7.50879,0
1386.9,0.1107,3.46895,7.50879,0
1387,0.11071,3.46896,7.50879,0
1387.1,0.11073,3.46896,7.50879,0
1387.2,0.11075,3.46895,7.50879,0
1387.3,0.11075,3.46893,7.5088,0
1387.4,0.11074,3.46892,7.5088,0
1387.5,0.11073,3.46892,7.5088,0
1387.6,0.11073,3.46892,7.50881,0
1387.7,0.11075,3.46893,7.50881,0
1387.8,0.11077,3.46892,7.50881,0
1387.9,0.11078,3.4689,7.50882,0
1388,0.11078,3.46889,7.50882,0
1388.1,0.11077,3.46888,7.50882,0
1388.2,0.11076,3.46887,7.50883,0
1388.3,0.11077,3.46887,7.50883,0
1388.4,0.11079,3.46887,7.50884,0
1388.5,0.11081,3.46886,7.50884,0
1388.6,0.1108,3.46885,7.50885,0
1388.7,0.11079,3.46884,7.50885,0
1388.8,0.11078,3.46884,7.50886,0
1388.9,0.11079,3.46884,7.50886,0
1389,0.11081,3.46884,7.50886,0
1389.1,0.11083,3.46883,7.50887,0
1389.2,0.11083,3.46882,7.50887,0
1389.3,0.11082,3.4688,7.50888,0
1389.4,0.11081,3.4688,7.50888,0
1389.5,0.1108,3.4688,7.50889,0
1389.6,0.11081,3.46881,7.5089,0
1389.7,0.11082,3.46881,7.5089,0
1389.8,0.11083,3.4688,7.50891,0
1389.9,0.11084,3.46878,7.50891,0
1390,0.11082,3.46877,7.50892,0
1390.1,0.11082,3.46877,7.50892,0
1390.2,0.11082,3.46877,7.50893,0
1390.3,0.11084,3.46877,7.50893,0
1390.4,0.11086,3.46876,7.50894,0
1390.5,0.11087,3.46874,7.50894,0
1390.6,0.11086,3.46873,7.50895,0
1390.7,0.11084,3.46873,7.50896,0
1390.8,0.11084,3.46873,7.50896,0
1390.9,0.11086,3.46873,7.50897,0
1391,0.11088,3.46872,7.50897,0
1391.1,0.1109,3.4687,7.50898,0
1391.2,0.11089,3.46869,7.50898,0
1391.3,0.11088,3.46867,7.50899,0
1391.4,0.11087,3.46867,7.509,0
1391.5,0.11088,3.46867,7.509,0
1391.6,0.1109,3.46867,7.50901,0
1391.7,0.11091,3.46866,7.50902,0
1391.8,0.11091,3.46864,7.50902,0
1391.9,0.1109,3.46863,7.50903,0
1392,0.11088,3.46863,7.50903,0
1392.1,0.11088,3.46863,7.50904,0
1392.2,0.1109,3.46863,7.50905,0
1392.3,0.11092,3.46862,7.50905,0
1392.4,0.11093,3.4686,7.50906,0
1392.5,0.11091,3.46859,7.50906,0
1392.6,0.1109,3.46859,7.50907,0
1392.7,0.11089,3.46859,7.50908,0
1392.8,0.11091,3.46859,7.50908,0
1392.9,0.11092,3.46859,7.50909,0
1393,0.11094,3.46858,7.5091,0
1393.1,0.11093,3.46857,7.5091,0
1393.2,0.11092,3.46855,7.50911,0
1393.3,0.11091,3.46855,7.50911,0
1393.4,0.11092,3.46855,7.50912,0
1393.5,0.11094,3.46855,7.50913,0
1393.6,0.11096,3.46854,7.50913,0
1393.7,0.11097,3.46852,7.50914,0
1393.8,0.11095,3.4685,7.50915,0
1393.9,0.11094,3.4685,7.50915,0
1394,0.11094,3.4685,7.50916,0
1394.1,0.11096,3.4685,7.50916,0
1394.2,0.11098,3.46849,7.50917,0
1394.3,0.111,3.46847,7.50918,0
1394.4,0.111,3.46845,7.50918,0
1394.5,0.11098,3.46844,7.50919,0
1394.6,0.11098,3.46843,7.5092,0
1394.7,0.11099,3.46844,7.5092,0
1394.8,0.11101,3.46844,7.50921,0
1394.9,0.11103,3.46842,7.50921,0
1395,0.11104,3.4684,7.50922,0
1395.1,0.11102,3.46839,7.50923,0
1395.2,0.11101,3.46839,7.50923,0
1395.3,0.111,3.46839,7.50924,0
1395.4,0.11102,3.46839,7.50925,0
1395.5,0.11104,3.46838,7.50925,0
1395.6,0.11105,3.46836,7.50926,0
1395.7,0.11104,3.46834,7.50926,0
1395.8,0.11103,3.46834,7.50927,0
1395.9,0.11102,3.46833,7.50928,0
1396,0.11103,3.46833,7.50929,0
1396.1,0.11105,3.46833,7.50929,0
1396.2,0.11106,3.46832,7.5093,0
1396.3,0.11105,3.4683,7.5093,0
1396.4,0.11104,3.46829,7.50931,0
1396.5,0.11104,3.46828,7.50932,0
1396.6,0.11104,3.46828,7.50932,0
1396.7,0.11106,3.46828,7.50933,0
1396.8,0.11108,3.46827,7.50933,0
1396.9,0.11109,3.46825,7.50934,0
1397,0.11108,3.46824,7.50935,0
1397.1,0.11106,3.46823,7.50935,0
1397.2,0.11106,3.46824,7.50936,0
1397.3,0.11108,3.46824,7.50937,0
1397.4,0.1111,3.46823,7.50937,0
1397.5,0.11111,3.46822,7.50938,0
1397.6,0.11111,3.4682,7.50938,0
1397.7,0.1111,3.46819,7.50939,0
1397.8,0.11109,3.46818,7.5094,0
1397.9,0.1111,3.46819,7.5094,0
1398,0.11112,3.46819,7.50941,0
1398.1,0.11114,3.46817,7.50941,0
1398.2,0.11114,3.46816,7.50942,0
1398.3,0.11113,3.46815,7.50943,0
1398.4,0.11112,3.46815,7.50943,0
1398.5,0.11112,3.46815,7.50944,0
1398.6,0.11114,3.46815,7.50945,0
1398.7,0.11116,3.46815,7.50945,0
1398.8,0.11117,3.46813,7.50946,0
1398.9,0.11116,3.46812,7.50946,0
1399,0.11115,3.46811,7.50947,0
1399.1,0.11114,3.46811,7.50947,0
1399.2,0.11115,3.46811,7.50948,0
1399.3,0.11117,3.46812,7.50949,0
1399.4,0.11118,3.46811,7.50949,0
1399.5,0.11117,3.46809,7.5095,0
1399.6,0.11116,3.46808,7.5095,0
1399.7,0.11116,3.46808,7.50951,0
1399.8,0.11117,3.46809,7.50952,0
1399.9,0.11119,3.46809,7.50952,0
1400,0.11121,3.46808,7.50953,0
1400.1,0.11122,3.46806,7.50953,0
1400.2,0.11121,3.46805,7.50954,0
1400.3,0.1112,3.46805,7.50954,0
1400.4,0.1112,3.46806,7.50955,0
1400.5,0.11122,3.46806,7.50955,0
1400.6,0.11123,3.46805,7.50956,0
1400.7,0.11124,3.46803,7.50956,0
1400.8,0.11124,3.46802,7.50957,0
1400.9,0.11123,3.468,7.50958,0
1401,0.11122,3.468,7.50958,0
1401.1,0.11124,3.46801,7.50959,0
1401.2,0.11125,3.46801,7.50959,0
1401.3,0.11127,3.468,7.5096,0
1401.4,0.11128,3.46798,7.5096,0
1401.5,0.11126,3.46797,7.50961,0
1401.6,0.11125,3.46797,7.50961,0
1401.7,0.11124,3.46798,7.50962,0
1401.8,0.11125,3.46798,7.50963,0
1401.9,0.11127,3.46797,7.50963,0
1402,0.11128,3.46795,7.50963,0
1402.1,0.11127,3.46794,7.50964,0
1402.2,0.11126,3.46793,7.50965,0
1402.3,0.11125,3.46794,7.50965,0
1402.4,0.11126,3.46794,7.50966,0
1402.5,0.11129,3.46794,7.50966,0
1402.6,0.1113,3.46794,7.50967,0
1402.7,0.11129,3.46792,7.50967,0
1402.8,0.11128,3.4679,7.50968,0
1402.9,0.11127,3.4679,7.50968,0
1403,0.11127,3.46791,7.50969,0
1403.1,0.11129,3.46791,7.50969,0
1403.2,0.11131,3.4679,7.5097,0
1403.3,0.11132,3.46788,7.5097,0
1403.4,0.11131,3.46787,7.50971,0
1403.5,0.1113,3.46786,7.50971,0
1403.6,0.11129,3.46787,7.50972,0
1403.7,0.11131,3.46788,7.50972,0
1403.8,0.11134,3.46787,7.50973,0
1403.9,0.11136,3.46785,7.50973,0
1404,0.11135,3.46783,7.50973,0
1404.1,0.11134,3.46782,7.50974,0
1404.2,0.11134,3.46782,7.50974,0
1404.3,0.11135,3.46782,7.50975,0
1404.4,0.11137,3.46782,7.50975,0
1404.5,0.11139,3.46781,7.50976,0
1404.6,0.1114,3.4678,7.50976,0
1404.7,0.11139,3.46779,7.50977,0
1404.8,0.11138,3.46779,7.50977,0
1404.9,0.11139,3.4678,7.50978,0
1405,0.11141,3.4678,7.50978,0
1405.1,0.11143,3.46779,7.50979,0
1405.2,0.11143,3.46777,7.50979,0
1405.3,0.11142,3.46776,7.50979,0
1405.4,0.11141,3.46776,7.5098,0
1405.5,0.11141,3.46776,7.5098,0
1405.6,0.11142,3.46776,7.50981,0
1405.7,0.11144,3.46777,7.50981,0
1405.8,0.11145,3.46776,7.50982,0
1405.9,0.11144,3.46774,7.50982,0
1406,0.11143,3.46773,7.50982,0
1406.1,0.11142,3.46773,7.50983,0
1406.2,0.11143,3.46774,7.50983,0
1406.3,0.11144,3.46775,7.50984,0
1406.4,0.11146,3.46774,7.50984,0
1406.5,0.11146,3.46772,7.50984,0
1406.6,0.11145,3.46771,7.50985,0
1406.7,0.11144,3.46771,7.50985,0
1406.8,0.11143,3.46772,7.50986,0
1406.9,0.11145,3.46772,7.50986,0
1407,0.11146,3.46772,7.50986,0
1407.1,0.11147,3.4677,7.50987,0
1407.2,0.11147,3.46769,7.50987,0
1407.3,0.11146,3.46768,7.50988,0
1407.4,0.11146,3.46767,7.50988,0
1407.5,0.11146,3.46768,7.50988,0
1407.6,0.11148,3.46768,7.50989,0
1407.7,0.1115,3.46767,7.50989,0
1407.8,0.1115,3.46766,7.50989,0
1407.9,0.11149,3.46765,7.5099,0
1408,0.11147,3.46765,7.5099,0
1408.1,0.11148,3.46765,7.5099,0
1408.2,0.1115,3.46766,7.50991,0
1408.3,0.11152,3.46765,7.50991,0
1408.4,0.11152,3.46764,7.50991,0
1408.5,0.11151,3.46763,7.50992,0
1408.6,0.1115,3.46763,7.50992,0
1408.7,0.1115,3.46763,7.50993,0
1408.8,0.1115,3.46764,7.50993,0
1408.9,0.11152,3.46764,7.50993,0
1409,0.11154,3.46764,7.50994,0
1409.1,0.11153,3.46762,7.50994,0
1409.2,0.11152,3.46761,7.50994,0
1409.3,0.11151,3.46761,7.50995,0
1409.4,0.11152,3.46762,7.50995,0
1409.5,0.11154,3.46762,7.50995,0
1409.6,0.11156,3.46761,7.50996,0
1409.7,0.11156,3.4676,7.50996,0
1409.8,0.11155,3.46759,7.50996,0
1409.9,0.11154,3.46759,7.50996,0
1410,0.11154,3.4676,7.50997,0
1410.1,0.11156,3.4676,7.50997,0
1410.2,0.11158,3.4676,7.50997,0
1410.3,0.1116,3.46758,7.50998,0
1410.4,0.1116,3.46757,7.50998,0
1410.5,0.11158,3.46756,7.50998,0
1410.6,0.11158,3.46755,7.50998,0
1410.7,0.11159,3.46756,7.50999,0
1410.8,0.11161,3.46757,7.50999,0
1410.9,0.11163,3.46756,7.50999,0
1411,0.11164,3.46755,7.51,0
1411.1,0.11163,3.46754,7.51,0
1411.2,0.11161,3.46754,7.51,0
1411.3,0.11162,3.46754,7.51,0
1411.4,0.11164,3.46755,7.51001,0
1411.5,0.11166,3.46754,7.51001,0
1411.6,0.11166,3.46752,7.51001,0
1411.7,0.11165,3.46751,7.51001,0
1411.8,0.11164,3.46752,7.51002,0
1411.9,0.11164,3.46752,7.51002,0
1412,0.11164,3.46753,7.51002,0
1412.1,0.11166,3.46753,7.51002,0
1412.2,0.11168,3.46753,7.51003,0
1412.3,0.11168,3.46751,7.51003,0
1412.4,0.11167,3.4675,7.51003,0
1412.5,0.11166,3.4675,7.51003,0
1412.6,0.11166,3.46751,7.51003,0
1412.7,0.11168,3.46752,7.51004,0
1412.8,0.1117,3.46751,7.51004,0
1412.9,0.11171,3.46749,7.51004,0
1413,0.1117,3.46748,7.51004,0
1413.1,0.11168,3.46749,7.51004,0
1413.2,0.11169,3.46749,7.51005,0
1413.3,0.11171,3.46749,7.51005,0
1413.4,0.11173,3.46749,7.51005,0
1413.5,0.11174,3.46747,7.51005,0
1413.6,0.11174,3.46746,7.51005,0
1413.7,0.11173,3.46745,7.51006,0
1413.8,0.11173,3.46745,7.51006,0
1413.9,0.11174,3.46745,7.51006,0
1414,0.11176,3.46745,7.51006,0
1414.1,0.11178,3.46745,7.51006,0
1414.2,0.11178,3.46743,7.51006,0
1414.3,0.11177,3.46742,7.51006,0
1414.4,0.11176,3.46741,7.51007,0
1414.5,0.11176,3.46742,7.51007,0
1414.6,0.11178,3.46743,7.51007,0
1414.7,0.1118,3.46742,7.51007,0
1414.8,0.11182,3.46741,7.51007,0
1414.9,0.11181,3.4674,7.51007,0
1415,0.11179,3.46739,7.51007,0
1415.1,0.11179,3.46739,7.51008,0
1415.2,0.1118,3.4674,7.51008,0
1415.3,0.11182,3.46741,7.51008,0
1415.4,0.11184,3.4674,7.51008,0
1415.5,0.11183,3.46739,7.51008,0
1415.6,0.11182,3.46738,7.51008,0
1415.7,0.11181,3.46738,7.51008,0
1415.8,0.11181,3.46738,7.51008,0
1415.9,0.11183,3.46739,7.51008,0
1416,0.11185,3.46738,7.51009,0
1416.1,0.11185,3.46736,7.51009,0
1416.2,0.11184,3.46736,7.51009,0
1416.3,0.11182,3.46736,7.51009,0
1416.4,0.11182,3.46736,7.51009,0
1416.5,0.11183,3.46737,7.51009,0
1416.6,0.11185,3.46737,7.51009,0
1416.7,0.11186,3.46735,7.51009,0
1416.8,0.11186,3.46734,7.51009,0
1416.9,0.11186,3.46733,7.51009,0
1417,0.11186,3.46732,7.51009,0
1417.1,0.11186,3.46732,7.51009,0
1417.2,0.11188,3.46733,7.51009,0
1417.3,0.1119,3.46732,7.51009,0
1417.4,0.1119,3.46731,7.51009,0
1417.5,0.11189,3.4673,7.51009,0
1417.6,0.11188,3.4673,7.51009,0
1417.7,0.11188,3.4673,7.51009,0
1417.8,0.11189,3.46731,7.51009,0
1417.9,0.11191,3.4673,7.51009,0
1418,0.11192,3.46728,7.51009,0
1418.1,0.11191,3.46727,7.51009,0
1418.2,0.1119,3.46727,7.51009,0
1418.3,0.11189,3.46728,7.51009,0
1418.4,0.1119,3.46729,7.51009,0
1418.5,0.11192,3.46729,7.51009,0
1418.6,0.11193,3.46729,7.51009,0
1418.7,0.11193,3.46727,7.51009,0
1418.8,0.11191,3.46726,7.51009,0
1418.9,0.1119,3.46726,7.51009,0
1419,0.11189,3.46726,7.51009,0
1419.1,0.1119,3.46727,7.51009,0
1419.2,0.11192,3.46726,7.51009,0
1419.3,0.11194,3.46724,7.51009,0
1419.4,0.11192,3.46723,7.51009,0
1419.5,0.11191,3.46723,7.51009,0
1419.6,0.11191,3.46723,7.51009,0
1419.7,0.11193,3.46724,7.51009,0
1419.8,0.11195,3.46723,7.51009,0
1419.9,0.11196,3.46721,7.51009,0
1420,0.11197,3.4672,7.51009,0
1420.1,0.11195,3.46719,7.51008,0
1420.2,0.11195,3.46719,7.51008,0
1420.3,0.11196,3.46719,7.51008,0
1420.4,0.11198,3.46719,7.51008,0
1420.5,0.112,3.46719,7.51008,0
1420.6,0.11201,3.46717,7.51008,0
1420.7,0.112,3.46716,7.51008,0
1420.8,0.11198,3.46716,7.51008,0
1420.9,0.11199,3.46717,7.51008,0
1421,0.11201,3.46717,7.51008,0
1421.1,0.11203,3.46716,7.51008,0
1421.2,0.11203,3.46715,7.51007,0
1421.3,0.11202,3.46714,7.51007,0
1421.4,0.11201,3.46714,7.51007,0
1421.5,0.11201,3.46715,7.51007,0
1421.6,0.11201,3.46715,7.51007,0
1421.7,0.11203,3.46716,7.51007,0
1421.8,0.11205,3.46715,7.51007,0
1421.9,0.11205,3.46714,7.51006,0
1422,0.11204,3.46713,7.51006,0
1422.1,0.11203,3.46713,7.51006,0
1422.2,0.11203,3.46713,7.51006,0
1422.3,0.11205,3.46714,7.51006,0
1422.4,0.11207,3.46713,7.51006,0
1422.5,0.11207,3.46712,7.51005,0
1422.6,0.11206,3.46711,7.51005,0
1422.7,0.11205,3.46711,7.51005,0
1422.8,0.11204,3.46712,7.51005,0
1422.9,0.11206,3.46713,7.51005,0
1423,0.11208,3.46712,7.51005,0
1423.1,0.11209,3.4671,7.51004,0
1423.2,0.11209,3.46709,7.51004,0
1423.3,0.11208,3.46708,7.51004,0
1423.4,0.11208,3.46708,7.51004,0
1423.5,0.11208,3.46709,7.51003,0
1423.6,0.1121,3.46709,7.51003,0
1423.7,0.11212,3.46708,7.51003,0
1423.8,0.11213,3.46707,7.51003,0
1423.9,0.11212,3.46706,7.51003,0
1424,0.11211,3.46706,7.51002,0
1424.1,0.11211,3.46707,7.51002,0
1424.2,0.11213,3.46707,7.51002,0
1424.3,0.11214,3.46706,7.51002,0
1424.4,0.11215,3.46705,7.51001,0
1424.5,0.11214,3.46704,7.51001,0
1424.6,0.11213,3.46703,7.51001,0
1424.7,0.11212,3.46704,7.51001,0
1424.8,0.11213,3.46704,7.51,0
1424.9,0.11215,3.46705,7.51,0
1425,0.11216,3.46704,7.51,0
1425.1,0.11215,3.46703,7.51,0
1425.2,0.11214,3.46702,7.50999,0
1425.3,0.11213,3.46702,7.50999,0
1425.4,0.11212,3.46703,7.50999,0
1425.5,0.11214,3.46703,7.50998,0
1425.6,0.11215,3.46702,7.50998,0
1425.7,0.11215,3.46701,7.50998,0
1425.8,0.11214,3.467,7.50998,0
1425.9,0.11213,3.46699,7.50997,0
1426,0.11212,3.467,7.50997,0
1426.1,0.11213,3.46701,7.50997,0
1426.2,0.11215,3.467,7.50996,0
1426.3,0.11216,3.46699,7.50996,0
1426.4,0.11217,3.46698,7.50996,0
1426.5,0.11216,3.46697,7.50995,0
1426.6,0.11215,3.46696,7.50995,0
1426.7,0.11216,3.46697,7.50995,0
1426.8,0.11218,3.46698,7.50994,0
1426.9,0.1122,3.46697,7.50994,0
1427,0.11221,3.46696,7.50994,0
1427.1,0.11219,3.46695,7.50993,0
1427.2,0.11218,3.46695,7.50993,0
1427.3,0.11218,3.46696,7.50993,0
1427.4,0.1122,3.46696,7.50992,0
1427.5,0.11222,3.46695,7.50992,0
1427.6,0.11222,3.46694,7.50992,0
1427.7,0.11221,3.46692,7.50991,0
1427.8,0.1122,3.46693,7.50991,0
1427.9,0.11219,3.46693,7.5099,0
1428,0.11219,3.46694,7.5099,0
1428.1,0.11221,3.46694,7.5099,0
1428.2,0.11222,3.46693,7.50989,0
1428.3,0.11222,3.46692,7.50989,0
1428.4,0.1122,3.46691,7.50988,0
1428.5,0.11219,3.46691,7.50988,0
1428.6,0.11219,3.46692,7.50988,0
1428.7,0.11221,3.46692,7.50987,0
1428.8,0.11223,3.46692,7.50987,0
1428.9,0.11223,3.4669,7.50987,0
1429,0.11222,3.46689,7.50986,0
1429.1,0.1122,3.46689,7.50986,0
1429.2,0.11221,3.4669,7.50985,0
1429.3,0.11222,3.4669,7.50985,0
1429.4,0.11224,3.4669,7.50984,0
1429.5,0.11225,3.46689,7.50984,0
1429.6,0.11225,3.46687,7.50984,0
1429.7,0.11224,3.46686,7.50983,0
1429.8,0.11223,3.46686,7.50983,0
1429.9,0.11224,3.46687,7.50982,0
1430,0.11226,3.46687,7.50982,0
1430.1,0.11228,3.46687,7.50981,0
1430.2,0.11228,3.46685,7.50981,0
1430.3,0.11227,3.46684,7.5098,0
1430.4,0.11226,3.46685,7.5098,0
1430.5,0.11225,3.46685,7.50979,0
1430.6,0.11227,3.46686,7.50979,0
1430.7,0.11229,3.46686,7.50979,0
1430.8,0.1123,3.46685,7.50978,0
1430.9,0.11228,3.46683,7.50978,0
1431,0.11227,3.46684,7.50977,0
1431.1,0.11226,3.46684,7.50977,0
1431.2,0.11227,3.46685,7.50976,0
1431.3,0.11228,3.46686,7.50976,0
1431.4,0.1123,3.46685,7.50975,0
1431.5,0.1123,3.46684,7.50975,0
1431.6,0.11229,3.46682,7.50974,0
1431.7,0.11227,3.46683,7.50974,0
1431.8,0.11227,3.46683,7.50973,0
1431.9,0.11229,3.46684,7.50973,0
1432,0.11231,3.46683,7.50972,0
1432.1,0.11231,3.46682,7.50972,0
1432.2,0.1123,3.46681,7.50971,0
1432.3,0.11228,3.46681,7.5097,0
1432.4,0.11227,3.46682,7.5097,0
1432.5,0.11229,3.46683,7.50969,0
1432.6,0.11231,3.46682,7.50969,0
1432.7,0.11232,3.46681,7.50968,0
1432.8,0.11232,3.4668,7.50968,0
1432.9,0.1123,3.46679,7.50967,0
1433,0.1123,3.46678,7.50967,0
1433.1,0.1123,3.46679,7.50966,0
1433.2,0.11232,3.46679,7.50965,0
1433.3,0.11233,3.46679,7.50965,0
1433.4,0.11234,3.46677,7.50964,0
1433.5,0.11233,3.46677,7.50964,0
1433.6,0.11231,3.46677,7.50963,0
1433.7,0.11231,3.46677,7.50962,0
1433.8,0.11233,3.46678,7.50962,0
1433.9,0.11235,3.46677,7.50961,0
1434,0.11235,3.46676,7.50961,0
1434.1,0.11234,3.46675,7.5096,0
1434.2,0.11232,3.46674,7.5096,0
1434.3,0.11231,3.46675,7.50959,0
1434.4,0.11231,3.46675,7.50958,0
1434.5,0.11233,3.46676,7.50958,0
1434.6,0.11234,3.46675,7.50957,0
1434.7,0.11233,3.46674,7.50956,0
1434.8,0.11232,3.46673,7.50956,0
1434.9,0.11231,3.46673,7.50955,0
1435,0.1123,3.46673,7.50955,0
1435.1,0.11232,3.46673,7.50954,0
1435.2,0.11234,3.46672,7.50953,0
1435.3,0.11234,3.46671,7.50953,0
1435.4,0.11232,3.4667,7.50952,0
1435.5,0.11231,3.4667,7.50951,0
1435.6,0.1123,3.46671,7.50951,0
1435.7,0.11231,3.46671,7.5095,0
1435.8,0.11233,3.46671,7.50949,0
1435.9,0.11233,3.4667,7.50949,0
1436,0.11233,3.46668,7.50948,0
1436.1,0.11232,3.46667,7.50947,0
1436.2,0.11231,3.46667,7.50947,0
1436.3,0.11232,3.46668,7.50946,0
1436.4,0.11234,3.46668,7.50945,0
1436.5,0.11235,3.46667,7.50945,0
1436.6,0.11236,3.46666,7.50944,0
1436.7,0.11234,3.46665,7.50943,0
1436.8,0.11233,3.46666,7.50942,0
1436.9,0.11233,3.46666,7.50942,0
1437,0.11234,3.46667,7.50941,0
1437.1,0.11236,3.46666,7.5094,0
1437.2,0.11237,3.46665,7.5094,0
1437.3,0.11235,3.46664,7.50939,0
1437.4,0.11234,3.46664,7.50938,0
1437.5,0.11233,3.46665,7.50937,0
1437.6,0.11234,3.46665,7.50937,0
1437.7,0.11235,3.46666,7.50936,0
1437.8,0.11236,3.46666,7.50935,0
1437.9,0.11236,3.46664,7.50935,0
1438,0.11234,3.46663,7.50934,0
1438.1,0.11232,3.46664,7.50933,0
1438.2,0.11232,3.46665,7.50932,0
1438.3,0.11234,3.46665,7.50932,0
1438.4,0.11235,3.46665,7.50931,0
1438.5,0.11235,3.46663,7.5093,0
1438.6,0.11234,3.46662,7.50929,0
1438.7,0.11232,3.46663,7.50928,0
1438.8,0.11232,3.46663,7.50928,0
1438.9,0.11233,3.46664,7.50927,0
1439,0.11234,3.46663,7.50926,0
1439.1,0.11236,3.46662,7.50925,0
1439.2,0.11236,3.4666,7.50925,0
1439.3,0.11235,3.46659,7.50924,0
1439.4,0.11234,3.46659,7.50923,0
1439.5,0.11234,3.4666,7.50922,0
1439.6,0.11236,3.46661,7.50921,0
1439.7,0.11238,3.4666,7.50921,0
1439.8,0.11238,3.46659,7.5092,0
1439.9,0.11237,3.46658,7.50919,0
1440,0.11235,3.46658,7.50918,0
1440.1,0.11235,3.46659,7.50917,0
1440.2,0.11237,3.46659,7.50916,0
1440.3,0.11238,3.46658,7.50916,0
1440.4,0.11238,3.46657,7.50915,0
1440.5,0.11237,3.46656,7.50914,0
1440.6,0.11235,3.46656,7.50913,0
1440.7,0.11234,3.46657,7.50912,0
1440.8,0.11235,3.46658,7.50911,0
1440.9,0.11237,3.46659,7.50911,0
1441,0.11239,3.46658,7.5091,0
1441.1,0.11239,3.46657,7.50909,0
1441.2,0.11237,3.46656,7.50908,0
1441.3,0.11235,3.46656,7.50907,0
1441.4,0.11234,3.46657,7.50906,0
1441.5,0.11236,3.46657,7.50905,0
1441.6,0.11237,3.46656,7.50905,0
1441.7,0.11238,3.46655,7.50904,0
1441.8,0.11236,3.46654,7.50903,0
1441.9,0.11235,3.46655,7.50902,0
1442,0.11235,3.46655,7.50901,0
1442.1,0.11236,3.46656,7.509,0
1442.2,0.11238,3.46655,7.50899,0
1442.3,0.1124,3.46654,7.50898,0
1442.4,0.1124,3.46653,7.50897,0
1442.5,0.11238,3.46652,7.50897,0
1442.6,0.11237,3.46652,7.50896,0
1442.7,0.11238,3.46652,7.50895,0
1442.8,0.11239,3.46653,7.50894,0
1442.9,0.11241,3.46652,7.50893,0
1443,0.11242,3.46651,7.50892,0
1443.1,0.1124,3.4665,7.50891,0
1443.2,0.11238,3.4665,7.5089,0
1443.3,0.11238,3.46651,7.50889,0
1443.4,0.1124,3.46652,7.50888,0
1443.5,0.11241,3.46651,7.50887,0
1443.6,0.11241,3.4665,7.50887,0
1443.7,0.1124,3.46649,7.50886,0
1443.8,0.11239,3.46648,7.50885,0
1443.9,0.11238,3.46648,7.50884,0
1444,0.11239,3.46649,7.50883,0
1444.1,0.1124,3.4665,7.50882,0
1444.2,0.11241,3.46649,7.50881,0
1444.3,0.11241,3.46648,7.5088,0
1444.4,0.1124,3.46647,7.50879,0
1444.5,0.11238,3.46647,7.50878,0
1444.6,0.11238,3.46648,7.50877,0
1444.7,0.11239,3.46649,7.50876,0
1444.8,0.11241,3.46648,7.50875,0
1444.9,0.11241,3.46647,7.50874,0
1445,0.11239,3.46646,7.50873,0
1445.1,0.11238,3.46646,7.50872,0
1445.2,0.11237,3.46647,7.50871,0
1445.3,0.11237,3.46648,7.5087,0
1445.4,0.11239,3.46647,7.50869,0
1445.5,0.11239,3.46646,7.50868,0
1445.6,0.11239,3.46645,7.50867,0
1445.7,0.11238,3.46644,7.50866,0
1445.8,0.11237,3.46644,7.50865,0
1445.9,0.11238,3.46645,7.50864,0
1446,0.11239,3.46645,7.50863,0
1446.1,0.11241,3.46644,7.50862,0
1446.2,0.11241,3.46643,7.50861,0
1446.3,0.1124,3.46642,7.5086,0
1446.4,0.11238,3.46642,7.50859,0
1446.5,0.11237,3.46643,7.50858,0
1446.6,0.11238,3.46644,7.50857,0
1446.7,0.1124,3.46644,7.50856,0
1446.8,0.1124,3.46642,7.50855,0
1446.9,0.11239,3.46641,7.50854,0
1447,0.11237,3.46641,7.50853,0
1447.1,0.11236,3.46641,7.50852,0
1447.2,0.11237,3.46642,7.50851,0
1447.3,0.11238,3.46643,7.5085,0
1447.4,0.11239,3.46642,7.50849,0
1447.5,0.11238,3.46641,7.50848,0
1447.6,0.11237,3.4664,7.50847,0
1447.7,0.11235,3.46641,7.50846,0
1447.8,0.11234,3.46641,7.50844,0
1447.9,0.11236,3.46642,7.50843,0
1448,0.11237,3.46641,7.50842,0
1448.1,0.11237,3.4664,7.50841,0
1448.2,0.11236,3.46638,7.5084,0
1448.3,0.11234,3.46638,7.50839,0
1448.4,0.11234,3.46639,7.50838,0
1448.5,0.11235,3.4664,7.50837,0
1448.6,0.11236,3.46639,7.50836,0
1448.7,0.11238,3.46638,7.50835,0
1448.8,0.11237,3.46637,7.50834,0
1448.9,0.11235,3.46636,7.50833,0
1449,0.11235,3.46636,7.50832,0
1449.1,0.11235,3.46637,7.5083,0
1449.2,0.11237,3.46637,7.50829,0
1449.3,0.11238,3.46636,7.50828,0
1449.4,0.11239,3.46635,7.50827,0
1449.5,0.11238,3.46634,7.50826,0
1449.6,0.11236,3.46634,7.50825,0
1449.7,0.11236,3.46635,7.50824,0
1449.8,0.11237,3.46636,7.50823,0
1449.9,0.11239,3.46636,7.50822,0
1450,0.11239,3.46634,7.50821,0
1450.1,0.11237,3.46633,7.50819,0
1450.2,0.11236,3.46632,7.50818,0
1450.3,0.11235,3.46633,7.50817,0
1450.4,0.11235,3.46634,7.50816,0
1450.5,0.11236,3.46634,7.50815,0
1450.6,0.11238,3.46634,7.50814,0
1450.7,0.11238,3.46633,7.50813,0
1450.8,0.11236,3.46631,7.50812,0
1450.9,0.11234,3.46632,7.5081,0
1451,0.11233,3.46632,7.50809,0
1451.1,0.11233,3.46633,7.50808,0
1451.2,0.11235,3.46633,7.50807,0
1451.3,0.11235,3.46632,7.50806,0
1451.4,0.11234,3.4663,7.50805,0
1451.5,0.11232,3.46631,7.50804,0
1451.6,0.11231,3.46631,7.50802,0
1451.7,0.11232,3.46631,7.50801,0
1451.8,0.11233,3.4663,7.508,0
1451.9,0.11235,3.46629,7.50799,0
1452,0.11234,3.46628,7.50798,0
1452.1,0.11232,3.46627,7.50797,0
1452.2,0.11231,3.46627,7.50795,0
1452.3,0.11231,3.46628,7.50794,0
1452.4,0.11233,3.46628,7.50793,0
1452.5,0.11234,3.46627,7.50792,0
1452.6,0.11235,3.46626,7.50791,0
1452.7,0.11233,3.46625,7.50789,0
1452.8,0.11231,3.46624,7.50788,0
1452.9,0.11231,3.46625,7.50787,0
1453,0.11232,3.46625,7.50786,0
1453.1,0.11234,3.46625,7.50785,0
1453.2,0.11234,3.46624,7.50783,0
1453.3,0.11233,3.46622,7.50782,0
1453.4,0.11231,3.46622,7.50781,0
1453.5,0.1123,3.46622,7.5078,0
1453.6,0.1123,3.46623,7.50778,0
1453.7,0.11231,3.46623,7.50777,0
1453.8,0.11232,3.46623,7.50776,0
1453.9,0.11232,3.46621,7.50775,0
1454,0.1123,3.46621,7.50774,0
1454.1,0.11228,3.46621,7.50772,0
1454.2,0.11227,3.46622,7.50771,0
1454.3,0.11229,3.46622,7.5077,0
1454.4,0.1123,3.46622,7.50769,0
1454.5,0.11231,3.46621,7.50768,0
1454.6,0.11229,3.4662,7.50766,0
1454.7,0.11228,3.4662,7.50765,0
1454.8,0.11227,3.4662,7.50764,0
1454.9,0.11227,3.46621,7.50763,0
1455,0.11228,3.46621,7.50761,0
1455.1,0.11229,3.46619,7.5076,0
1455.2,0.11228,3.46618,7.50759,0
1455.3,0.11226,3.46617,7.50758,0
1455.4,0.11225,3.46617,7.50757,0
1455.5,0.11226,3.46617,7.50755,0
1455.6,0.11227,3.46618,7.50754,0
1455.7,0.11229,3.46617,7.50753,0
1455.8,0.11229,3.46616,7.50752,0
1455.9,0.11227,3.46615,7.5075,0
1456,0.11226,3.46615,7.50749,0
1456.1,0.11226,3.46616,7.50748,0
1456.2,0.11227,3.46616,7.50747,0
1456.3,0.11228,3.46615,7.50745,0
1456.4,0.11229,3.46614,7.50744,0
1456.5,0.11228,3.46613,7.50743,0
1456.6,0.11226,3.46613,7.50742,0
1456.7,0.11225,3.46614,7.5074,0
1456.8,0.11226,3.46615,7.50739,0
1456.9,0.11227,3.46615,7.50738,0
1457,0.11228,3.46615,7.50737,0
1457.1,0.11227,3.46613,7.50735,0
1457.2,0.11226,3.46612,7.50734,0
1457.3,0.11224,3.46612,7.50732,0
1457.4,0.11223,3.46613,7.50731,0
1457.5,0.11225,3.46613,7.50729,0
1457.6,0.11226,3.46612,7.50728,0
1457.7,0.11226,3.46611,7.50727,0
1457.8,0.11224,3.4661,7.50725,0
1457.9,0.11222,3.4661,7.50724,0
1458,0.11221,3.4661,7.50722,0
1458.1,0.11222,3.46611,7.50721,0
1458.2,0.11224,3.4661,7.50719,0
1458.3,0.11225,3.46609,7.50718,0
1458.4,0.11224,3.46607,7.50717,0
1458.5,0.11222,3.46606,7.50715,0
1458.6,0.11221,3.46606,7.50714,0
1458.7,0.11222,3.46607,7.50712,0
1458.8,0.11223,3.46607,7.50711,0
1458.9,0.11225,3.46607,7.5071,0
1459,0.11225,3.46606,7.50708,0
1459.1,0.11223,3.46604,7.50707,0
1459.2,0.11222,3.46604,7.50705,0
1459.3,0.11221,3.46605,7.50704,0
1459.4,0.11223,3.46605,7.50702,0
1459.5,0.11224,3.46604,7.50701,0
1459.6,0.11225,3.46603,7.507,0
1459.7,0.11224,3.46602,7.50698,0
1459.8,0.11222,3.46601,7.50697,0
1459.9,0.11221,3.46601,7.50695,0
1460,0.11221,3.46602,7.50694,0
1460.1,0.11222,3.46602,7.50693,0
1460.2,0.11223,3.46602,7.50691,0
1460.3,0.11223,3.466,7.5069,0
1460.4,0.11222,3.46599,7.50688,0
1460.5,0.1122,3.466,7.50687,0
1460.6,0.11219,3.466,7.50686,0
1460.7,0.1122,3.466,7.50684,0
1460.8,0.11221,3.466,7.50683,0
1460.9,0.11221,3.46598,7.50681,0
1461,0.11219,3.46597,7.5068,0
1461.1,0.11217,3.46597,7.50679,0
1461.2,0.11216,3.46597,7.50677,0
1461.3,0.11217,3.46598,7.50676,0
1461.4,0.11218,3.46597,7.50674,0
1461.5,0.11219,3.46596,7.50673,0
1461.6,0.11218,3.46594,7.50672,0
1461.7,0.11216,3.46593,7.5067,0
1461.8,0.11215,3.46593,7.50669,0
1461.9,0.11216,3.46594,7.50667,0
1462,0.11217,3.46594,7.50666,0
1462.1,0.11219,3.46593,7.50665,0
1462.2,0.11219,3.46592,7.50663,0
1462.3,0.11217,3.46591,7.50662,0
1462.4,0.11215,3.46591,7.50661,0
1462.5,0.11215,3.46591,7.50659,0
1462.6,0.11216,3.46592,7.50658,0
1462.7,0.11217,3.46591,7.50656,0
1462.8,0.11219,3.4659,7.50655,0
1462.9,0.11218,3.46589,7.50654,0
1463,0.11216,3.46588,7.50652,0
1463.1,0.11215,3.46589,7.50651,0
1463.2,0.11214,3.46589,7.50649,0
1463.3,0.11215,3.46589,7.50648,0
1463.4,0.11216,3.46589,7.50647,0
1463.5,0.11215,3.46587,7.50645,0
1463.6,0.11213,3.46586,7.50644,0
1463.7,0.11212,3.46586,7.50642,0
1463.8,0.1121,3.46587,7.50641,0
1463.9,0.11211,3.46587,7.5064,0
1464,0.11212,3.46586,7.50638,0
1464.1,0.11212,3.46585,7.50637,0
1464.2,0.1121,3.46583,7.50635,0
1464.3,0.11208,3.46583,7.50634,0
1464.4,0.11207,3.46583,7.50632,0
1464.5,0.11207,3.46584,7.50631,0
1464.6,0.11208,3.46583,7.5063,0
1464.7,0.11209,3.46582,7.50628,0
1464.8,0.11208,3.46581,7.50627,0
1464.9,0.11206,3.46579,7.50625,0
1465,0.11204,3.46579,7.50624,0
1465.1,0.11204,3.4658,7.50623,0
1465.2,0.11205,3.4658,7.50621,0
1465.3,0.11206,3.46579,7.5062,0
1465.4,0.11205,3.46577,7.50618,0
1465.5,0.11203,3.46576,7.50617,0
1465.6,0.11201,3.46576,7.50616,0
1465.7,0.112,3.46577,7.50614,0
1465.8,0.11202,3.46578,7.50613,0
1465.9,0.11203,3.46577,7.50611,0
1466,0.11203,3.46576,7.5061,0
1466.1,0.11202,3.46574,7.50609,0
1466.2,0.112,3.46574,7.50607,0
1466.3,0.11199,3.46574,7.50606,0
1466.4,0.11199,3.46575,7.50604,0
1466.5,0.11201,3.46575,7.50603,0
1466.6,0.11201,3.46575,7.50602,0
1466.7,0.112,3.46573,7.506,0
1466.8,0.11198,3.46572,7.50599,0
1466.9,0.11196,3.46572,7.50597,0
1467,0.11195,3.46572,7.50596,0
1467.1,0.11196,3.46572,7.50595,0
1467.2,0.11197,3.46572,7.50593,0
1467.3,0.11198,3.4657,7.50592,0
1467.4,0.11196,3.46569,7.50591,0
1467.5,0.11194,3.46568,7.50589,0
1467.6,0.11192,3.46569,7.50588,0
1467.7,0.11192,3.46569,7.50587,0
1467.8,0.11193,3.46568,7.50585,0
1467.9,0.11194,3.46567,7.50584,0
1468,0.11193,3.46565,7.50583,0
1468.1,0.11191,3.46564,7.50581,0
1468.2,0.1119,3.46564,7.5058,0
1468.3,0.1119,3.46564,7.50579,0
1468.4,0.11191,3.46565,7.50577,0
1468.5,0.11192,3.46564,7.50576,0
1468.6,0.11192,3.46562,7.50575,0
1468.7,0.1119,3.46561,7.50573,0
1468.8,0.11188,3.46561,7.50572,0
1468.9,0.11187,3.46561,7.50571,0
1469,0.11189,3.46561,7.50569,0
1469.1,0.1119,3.46561,7.50568,0
1469.2,0.1119,3.46559,7.50567,0
1469.3,0.11189,3.46559,7.50565,0
1469.4,0.11187,3.46559,7.50564,0
1469.5,0.11186,3.46559,7.50563,0
1469.6,0.11186,3.4656,7.50561,0
1469.7,0.11187,3.4656,7.5056,0
1469.8,0.11188,3.46559,7.50558,0
1469.9,0.11188,3.46558,7.50557,0
1470,0.11186,3.46556,7.50556,0
1470.1,0.11184,3.46556,7.50554,0
1470.2,0.11183,3.46557,7.50553,0
1470.3,0.11184,3.46557,7.50551,0
1470.4,0.11186,3.46556,7.5055,0
1470.5,0.11185,3.46555,7.50549,0
1470.6,0.11184,3.46553,7.50548,0
1470.7,0.11182,3.46553,7.50546,0
1470.8,0.1118,3.46554,7.50545,0
1470.9,0.11181,3.46554,7.50543,0
1471,0.11182,3.46553,7.50542,0
1471.1,0.11182,3.46552,7.50541,0
1471.2,0.11181,3.4655,7.50539,0
1471.3,0.11179,3.46549,7.50538,0
1471.4,0.11178,3.46549,7.50536,0
1471.5,0.11178,3.4655,7.50535,0
1471.6,0.1118,3.4655,7.50534,0
1471.7,0.11181,3.46549,7.50532,0
1471.8,0.1118,3.46548,7.50531,0
1471.9,0.11179,3.46547,7.5053,0
1472,0.11177,3.46547,7.50528,0
1472.1,0.11175,3.46547,7.50527,0
1472.2,0.11176,3.46547,7.50525,0
1472.3,0.11177,3.46546,7.50524,0
1472.4,0.11178,3.46545,7.50523,0
1472.5,0.11177,3.46543,7.50522,0
1472.6,0.11175,3.46542,7.5052,0
1472.7,0.11174,3.46542,7.50519,0
1472.8,0.11173,3.46543,7.50517,0
1472.9,0.11174,3.46543,7.50516,0
1473,0.11175,3.46542,7.50515,0
1473.1,0.11175,3.46541,7.50513,0
1473.2,0.11173,3.46539,7.50512,0
1473.3,0.11171,3.46539,7.50511,0
1473.4,0.1117,3.46539,7.50509,0
1473.5,0.11171,3.4654,7.50508,0
1473.6,0.11173,3.46539,7.50507,0
1473.7,0.11173,3.46538,7.50505,0
1473.8,0.11171,3.46537,7.50504,0
1473.9,0.11169,3.46537,7.50503,0
1474,0.11168,3.46537,7.50501,0
1474.1,0.11167,3.46538,7.505,0
1474.2,0.11169,3.46537,7.50499,0
1474.3,0.11169,3.46535,7.50497,0
1474.4,0.11168,3.46534,7.50496,0
1474.5,0.11166,3.46533,7.50495,0
1474.6,0.11164,3.46532,7.50493,0
1474.7,0.11163,3.46533,7.50492,0
1474.8,0.11164,3.46533,7.50491,0
1474.9,0.11165,3.46532,7.50489,0
1475,0.11165,3.46531,7.50488,0
1475.1,0.11163,3.4653,7.50487,0
1475.2,0.11161,3.4653,7.50485,0
1475.3,0.11161,3.4653,7.50484,0
1475.4,0.11162,3.4653,7.50483,0
1475.5,0.11163,3.46529,7.50481,0
1475.6,0.11163,3.46528,7.5048,0
1475.7,0.11162,3.46526,7.50479,0
1475.8,0.1116,3.46526,7.50477,0
1475.9,0.11158,3.46526,7.50476,0
1476,0.11159,3.46527,7.50475,0
1476.1,0.1116,3.46527,7.50473,0
1476.2,0.11161,3.46527,7.50472,0
1476.3,0.1116,3.46526,7.50471,0
1476.4,0.11158,3.46524,7.50469,0
1476.5,0.11156,3.46524,7.50468,0
1476.6,0.11154,3.46525,7.50467,0
1476.7,0.11156,3.46525,7.50465,0
1476.8,0.11157,3.46524,7.50464,0
1476.9,0.11156,3.46522,7.50463,0
1477,0.11154,3.46521,7.50462,0
1477.1,0.11152,3.46521,7.5046,0
1477.2,0.11151,3.46522,7.50459,0
1477.3,0.11151,3.46522,7.50458,0
1477.4,0.11152,3.46521,7.50456,0
1477.5,0.11152,3.46519,7.50455,0
1477.6,0.11151,3.46518,7.50454,0
1477.7,0.11149,3.46517,7.50452,0
1477.8,0.11147,3.46516,7.50451,0
1477.9,0.11147,3.46517,7.5045,0
1478,0.11148,3.46517,7.50448,0
1478.1,0.11149,3.46516,7.50447,0
1478.2,0.11149,3.46514,7.50446,0
1478.3,0.11147,3.46513,7.50445,0
1478.4,0.11145,3.46513,7.50443,0
1478.5,0.11144,3.46514,7.50442,0
1478.6,0.11145,3.46514,7.50441,0
1478.7,0.11147,3.46514,7.50439,0
1478.8,0.11147,3.46512,7.50438,0
1478.9,0.11146,3.46511,7.50437,0
1479,0.11144,3.4651,7.50436,0
1479.1,0.11143,3.4651,7.50434,0
1479.2,0.11142,3.46511,7.50433,0
1479.3,0.11143,3.46511,7.50432,0
1479.4,0.11144,3.4651,7.5043,0
1479.5,0.11145,3.46508,7.50429,0
1479.6,0.11143,3.46507,7.50428,0
1479.7,0.11141,3.46507,7.50427,0
1479.8,0.11139,3.46508,7.50425,0
1479.9,0.11141,3.46508,7.50424,0
1480,0.11142,3.46507,7.50423,0
1480.1,0.11141,3.46505,7.50421,0
1480.2,0.11139,3.46504,7.5042,0
1480.3,0.11137,3.46504,7.50419,0
1480.4,0.11136,3.46505,7.50418,0
1480.5,0.11136,3.46505,7.50416,0
1480.6,0.11137,3.46504,7.50415,0
1480.7,0.11138,3.46503,7.50414,0
1480.8,0.11136,3.46501,7.50413,0
1480.9,0.11134,3.465,7.50411,0
1481,0.11132,3.465,7.5041,0
1481.1,0.11132,3.465,7.50409,0
1481.2,0.11133,3.465,7.50407,0
1481.3,0.11135,3.46499,7.50406,0
1481.4,0.11135,3.46498,7.50405,0
1481.5,0.11133,3.46497,7.50404,0
1481.6,0.11131,3.46496,7.50403,0
1481.7,0.1113,3.46497,7.50401,0
1481.8,0.11131,3.46497,7.504,0
1481.9,0.11132,3.46496,7.50399,0
1482,0.11132,3.46494,7.50397,0
1482.1,0.11131,3.46493,7.50396,0
1482.2,0.11129,3.46492,7.50395,0
1482.3,0.11128,3.46492,7.50394,0
1482.4,0.11128,3.46493,7.50392,0
1482.5,0.1113,3.46493,7.50391,0
1482.6,0.11131,3.46492,7.5039,0
1482.7,0.1113,3.4649,7.50389,0
1482.8,0.11128,3.46489,7.50388,0
1482.9,0.11126,3.46489,7.50386,0
1483,0.11126,3.4649,7.50385,0
1483.1,0.11127,3.4649,7.50384,0
1483.2,0.11128,3.4649,7.50383,0
1483.3,0.11128,3.46488,7.50381,0
1483.4,0.11126,3.46486,7.5038,0
1483.5,0.11124,3.46486,7.50379,0
1483.6,0.11123,3.46486,7.50378,0
1483.7,0.11123,3.46487,7.50376,0
1483.8,0.11124,3.46486,7.50375,0
1483.9,0.11124,3.46484,7.50374,0
1484,0.11123,3.46483,7.50373,0
1484.1,0.11121,3.46481,7.50372,0
1484.2,0.11119,3.46481,7.5037,0
1484.3,0.11119,3.46481,7.50369,0
1484.4,0.1112,3.46481,7.50368,0
1484.5,0.11121,3.4648,7.50367,0
1484.6,0.1112,3.46479,7.50365,0
1484.7,0.11118,3.46478,7.50364,0
1484.8,0.11116,3.46478,7.50363,0
1484.9,0.11115,3.46478,7.50362,0
1485,0.11116,3.46478,7.50361,0
1485.1,0.11118,3.46477,7.50359,0
1485.2,0.11118,3.46475,7.50358,0
1485.3,0.11117,3.46474,7.50357,0
1485.4,0.11115,3.46473,7.50356,0
1485.5,0.11114,3.46474,7.50355,0
1485.6,0.11114,3.46474,7.50353,0
1485.7,0.11116,3.46475,7.50352,0
1485.8,0.11117,3.46474,7.50351,0
1485.9,0.11116,3.46472,7.5035,0
1486,0.11115,3.46471,7.50349,0
1486.1,0.11113,3.46471,7.50347,0
1486.2,0.11112,3.46471,7.50346,0
1486.3,0.11114,3.46471,7.50345,0
1486.4,0.11115,3.4647,7.50344,0
1486.5,0.11114,3.46468,7.50343,0
1486.6,0.11113,3.46467,7.50341,0
1486.7,0.11111,3.46467,7.5034,0
1486.8,0.1111,3.46468,7.50339,0
1486.9,0.1111,3.46468,7.50338,0
1487,0.11111,3.46467,7.50337,0
1487.1,0.11111,3.46465,7.50335,0
1487.2,0.11111,3.46464,7.50334,0
1487.3,0.11109,3.46462,7.50333,0
1487.4,0.11107,3.46462,7.50332,0
1487.5,0.11106,3.46462,7.50331,0
1487.6,0.11107,3.46462,7.5033,0
1487.7,0.11108,3.46461,7.50328,0
1487.8,0.11109,3.46459,7.50327,0
1487.9,0.11107,3.46457,7.50326,0
1488,0.11105,3.46456,7.50325,0
1488.1,0.11104,3.46457,7.50324,0
1488.2,0.11105,3.46457,7.50323,0
1488.3,0.11106,3.46455,7.50321,0
1488.4,0.11106,3.46454,7.5032,0
1488.5,0.11105,3.46452,7.50319,0
1488.6,0.11104,3.46452,7.50318,0
1488.7,0.11102,3.46452,7.50317,0
1488.8,0.11102,3.46452,7.50316,0
1488.9,0.11102,3.46452,7.50314,0
1489,0.11104,3.46451,7.50313,0
1489.1,0.11105,3.4645,7.50312,0
1489.2,0.11103,3.46449,7.50311,0
1489.3,0.11101,3.46449,7.5031,0
1489.4,0.11101,3.46449,7.50309,0
1489.5,0.11102,3.46449,7.50307,0
1489.6,0.11103,3.46448,7.50306,0
1489.7,0.11103,3.46446,7.50305,0
1489.8,0.11101,3.46445,7.50304,0
1489.9,0.11099,3.46445,7.50303,0
1490,0.11098,3.46445,7.50302,0
1490.1,0.11098,3.46446,7.50301,0
1490.2,0.11099,3.46445,7.50299,0
1490.3,0.111,3.46443,7.50298,0
1490.4,0.11099,3.46441,7.50297,0
1490.5,0.11097,3.4644,7.50296,0
1490.6,0.11095,3.4644,7.50295,0
1490.7,0.11095,3.4644,7.50294,0
1490.8,0.11096,3.4644,7.50293,0
1490.9,0.11097,3.46439,7.50291,0
1491,0.11097,3.46437,7.5029,0
1491.1,0.11095,3.46436,7.50289,0
1491.2,0.11093,3.46436,7.50288,0
1491.3,0.11092,3.46436,7.50287,0
1491.4,0.11093,3.46436,7.50286,0
1491.5,0.11094,3.46435,7.50285,0
1491.6,0.11095,3.46433,7.50284,0
1491.7,0.11094,3.46432,7.50283,0
1491.8,0.11093,3.46431,7.50281,0
1491.9,0.11092,3.46431,7.5028,0
1492,0.11092,3.46431,7.50279,0
1492.1,0.11093,3.46431,7.50278,0
1492.2,0.11094,3.4643,7.50277,0
1492.3,0.11094,3.46429,7.50276,0
1492.4,0.11092,3.46428,7.50275,0
1492.5,0.1109,3.46427,7.50274,0
1492.6,0.1109,3.46427,7.50273,0
1492.7,0.11091,3.46427,7.50271,0
1492.8,0.11093,3.46426,7.5027,0
1492.9,0.11092,3.46424,7.50269,0
1493,0.1109,3.46422,7.50268,0
1493.1,0.11088,3.46422,7.50267,0
1493.2,0.11087,3.46422,7.50266,0
1493.3,0.11087,3.46422,7.50265,0
1493.4,0.11088,3.46422,7.50264,0
1493.5,0.11089,3.4642,7.50263,0
1493.6,0.11088,3.46418,7.50262,0
1493.7,0.11086,3.46417,7.5026,0
1493.8,0.11084,3.46416,7.50259,0
1493.9,0.11084,3.46417,7.50258,0
1494,0.11085,3.46417,7.50257,0
1494.1,0.11086,3.46415,7.50256,0
1494.2,0.11086,3.46414,7.50255,0
1494.3,0.11084,3.46413,7.50254,0
1494.4,0.11082,3.46412,7.50253,0
1494.5,0.11081,3.46413,7.50252,0
1494.6,0.11082,3.46413,7.50251,0
1494.7,0.11083,3.46412,7.5025,0
1494.8,0.11085,3.4641,7.50248,0
1494.9,0.11084,3.46409,7.50247,0
1495,0.11082,3.46409,7.50246,0
1495.1,0.11081,3.46409,7.50245,0
1495.2,0.11082,3.46409,7.50244,0
1495.3,0.11083,3.4641,7.50243,0
1495.4,0.11084,3.46409,7.50242,0
1495.5,0.11084,3.46407,7.50241,0
1495.6,0.11082,3.46406,7.5024,0
1495.7,0.1108,3.46405,7.50239,0
1495.8,0.1108,3.46406,7.50238,0
1495.9,0.11081,3.46405,7.50237,0
1496,0.11083,3.46404,7.50236,0
1496.1,0.11082,3.46403,7.50235,0
1496.2,0.11081,3.46401,7.50234,0
1496.3,0.11079,3.464,7.50233,0
1496.4,0.11078,3.464,7.50232,0
1496.5,0.11078,3.46401,7.50231,0
1496.6,0.11079,3.464,7.5023,0
1496.7,0.1108,3.46398,7.50228,0
1496.8,0.11079,3.46396,7.50228,0
1496.9,0.11077,3.46395,7.50227,0
1497,0.11075,3.46394,7.50226,0
1497.1,0.11075,3.46395,7.50224,0
1497.2,0.11076,3.46394,7.50223,0
1497.3,0.11078,3.46393,7.50222,0
1497.4,0.11078,3.46392,7.50221,0
1497.5,0.11076,3.4639,7.5022,0
1497.6,0.11074,3.46389,7.50219,0
1497.7,0.11074,3.4639,7.50218,0
1497.8,0.11075,3.4639,7.50217,0
1497.9,0.11077,3.46389,7.50216,0
1498,0.11077,3.46387,7.50215,0
1498.1,0.11077,3.46385,7.50214,0
1498.2,0.11076,3.46385,7.50213,0
1498.3,0.11075,3.46385,7.50212,0
1498.4,0.11075,3.46385,7.50211,0
1498.5,0.11076,3.46385,7.5021,0
1498.6,0.11078,3.46384,7.50209,0
1498.7,0.11078,3.46383,7.50208,0
1498.8,0.11077,3.46381,7.50207,0
1498.9,0.11075,3.46381,7.50206,0
1499,0.11074,3.46381,7.50205,0
1499.1,0.11075,3.46381,7.50204,0
1499.2,0.11077,3.4638,7.50203,0
1499.3,0.11077,3.46378,7.50202,0
1499.4,0.11075,3.46377,7.50201,0
1499.5,0.11073,3.46377,7.502,0
1499.6,0.11073,3.46377,7.50199,0
1499.7,0.11073,3.46377,7.50198,0
1499.8,0.11074,3.46376,7.50197,0
1499.9,0.11075,3.46374,7.50196,0
1500,0.11074,3.46372,7.50195,0
1500.1,0.11073,3.46371,7.50194,0
1500.2,0.11071,3.46371,7.50193,0
1500.3,0.11071,3.46371,7.50192,0
1500.4,0.11072,3.46371,7.50191,0
1500.5,0.11074,3.4637,7.5019,0
1500.6,0.11074,3.46368,7.50189,0
1500.7,0.11072,3.46367,7.50188,0
1500.8,0.1107,3.46366,7.50188,0
1500.9,0.11069,3.46366,7.50187,0
1501,0.1107,3.46367,7.50186,0
1501.1,0.11071,3.46365,7.50185,0
1501.2,0.11073,3.46364,7.50184,0
1501.3,0.11073,3.46362,7.50183,0
1501.4,0.11071,3.46362,7.50182,0
1501.5,0.1107,3.46361,7.50181,0
1501.6,0.11071,3.46362,7.5018,0
1501.7,0.11072,3.46362,7.50179,0
1501.8,0.11074,3.46361,7.50178,0
1501.9,0.11074,3.46359,7.50177,0
1502,0.11072,3.46357,7.50176,0
1502.1,0.11071,3.46356,7.50175,0
1502.2,0.11071,3.46357,7.50174,0
1502.3,0.11072,3.46357,7.50173,0
1502.4,0.11073,3.46356,7.50172,0
1502.5,0.11073,3.46354,7.50171,0
1502.6,0.11072,3.46353,7.50171,0
1502.7,0.1107,3.46353,7.5017,0
1502.8,0.11069,3.46353,7.50169,0
1502.9,0.11069,3.46353,7.50168,0
1503,0.11071,3.46352,7.50167,0
1503.1,0.11073,3.4635,7.50166,0
1503.2,0.11072,3.46349,7.50165,0
1503.3,0.1107,3.46347,7.50164,0
1503.4,0.11069,3.46346,7.50163,0
1503.5,0.11068,3.46347,7.50162,0
1503.6,0.1107,3.46346,7.50161,0
1503.7,0.11071,3.46345,7.5016,0
1503.8,0.11071,3.46343,7.5016,0
1503.9,0.11069,3.46342,7.50159,0
1504,0.11068,3.46342,7.50158,0
1504.1,0.11067,3.46342,7.50157,0
1504.2,0.11068,3.46342,7.50156,0
1504.3,0.1107,3.46341,7.50155,0
1504.4,0.11071,3.46339,7.50154,0
1504.5,0.11071,3.46338,7.50153,0
1504.6,0.1107,3.46337,7.50152,0
1504.7,0.11069,3.46338,7.50152,0
1504.8,0.11069,3.46338,7.50151,0
1504.9,0.1107,3.46338,7.5015,0
1505,0.11072,3.46337,7.50149,0
1505.1,0.11073,3.46335,7.50148,0
1505.2,0.11072,3.46333,7.50147,0
1505.3,0.1107,3.46333,7.50146,0
1505.4,0.1107,3.46333,7.50146,0
1505.5,0.11071,3.46333,7.50145,0
1505.6,0.11073,3.46331,7.50144,0
1505.7,0.11073,3.4633,7.50143,0
1505.8,0.11071,3.46328,7.50142,0
1505.9,0.1107,3.46328,7.50141,0
1506,0.11069,3.46328,7.5014,0
1506.1,0.11069,3.46328,7.50139,0
1506.2,0.11071,3.46327,7.50139,0
1506.3,0.11072,3.46325,7.50138,0
1506.4,0.11072,3.46323,7.50137,0
1506.5,0.11071,3.46322,7.50136,0
1506.6,0.11069,3.46321,7.50135,0
1506.7,0.11068,3.46321,7.50134,0
1506.8,0.11069,3.46322,7.50134,0
1506.9,0.11071,3.4632,7.50133,0
1507,0.11072,3.46319,7.50132,0
1507.1,0.1107,3.46317,7.50131,0
1507.2,0.11069,3.46316,7.5013,0
1507.3,0.11069,3.46317,7.50129,0
1507.4,0.1107,3.46316,7.50129,0
1507.5,0.11072,3.46315,7.50128,0
1507.6,0.11073,3.46313,7.50127,0
1507.7,0.11073,3.46311,7.50126,0
1507.8,0.11071,3.46311,7.50125,0
1507.9,0.1107,3.46311,7.50125,0
1508,0.1107,3.46312,7.50124,0
1508.1,0.11072,3.46312,7.50123,0
1508.2,0.11074,3.46311,7.50122,0
1508.3,0.11074,3.46309,7.50121,0
1508.4,0.11073,3.46308,7.5012,0
1508.5,0.11072,3.46307,7.5012,0
1508.6,0.11072,3.46308,7.50119,0
1508.7,0.11073,3.46307,7.50118,0
1508.8,0.11075,3.46306,7.50117,0
1508.9,0.11075,3.46304,7.50116,0
1509,0.11074,3.46303,7.50116,0
1509.1,0.11073,3.46303,7.50115,0
1509.2,0.11072,3.46303,7.50114,0
1509.3,0.11072,3.46303,7.50113,0
1509.4,0.11074,3.46302,7.50113,0
1509.5,0.11075,3.463,7.50112,0
1509.6,0.11074,3.46299,7.50111,0
1509.7,0.11072,3.46297,7.5011,0
1509.8,0.11071,3.46297,7.5011,0
1509.9,0.11071,3.46297,7.50109,0
1510,0.11072,3.46297,7.50108,0
1510.1,0.11074,3.46297,7.50107,0
1510.2,0.11074,3.46295,7.50106,0
1510.3,0.11072,3.46293,7.50106,0
1510.4,0.1107,3.46293,7.50105,0
1510.5,0.11069,3.46293,7.50104,0
1510.6,0.1107,3.46293,7.50104,0
1510.7,0.11071,3.46292,7.50103,0
1510.8,0.11072,3.4629,7.50102,0
1510.9,0.11072,3.46289,7.50101,0
1511,0.11071,3.46288,7.501,0
1511.1,0.1107,3.46288,7.501,0
1511.2,0.1107,3.46288,7.50099,0
1511.3,0.11072,3.46288,7.50098,0
1511.4,0.11073,3.46287,7.50098,0
1511.5,0.11074,3.46285,7.50097,0
1511.6,0.11072,3.46284,7.50096,0
1511.7,0.1107,3.46283,7.50095,0
1511.8,0.1107,3.46283,7.50095,0
1511.9,0.11071,3.46283,7.50094,0
1512,0.11073,3.46281,7.50093,0
1512.1,0.11073,3.4628,7.50092,0
1512.2,0.11071,3.46278,7.50092,0
1512.3,0.1107,3.46277,7.50091,0
1512.4,0.11069,3.46277,7.5009,0
1512.5,0.11069,3.46277,7.5009,0
1512.6,0.1107,3.46277,7.50089,0
1512.7,0.11071,3.46275,7.50088,0
1512.8,0.1107,3.46274,7.50088,0
1512.9,0.11068,3.46272,7.50087,0
1513,0.11066,3.46271,7.50086,0
1513.1,0.11065,3.46272,7.50086,0
1513.2,0.11067,3.46272,7.50085,0
1513.3,0.11068,3.46271,7.50084,0
1513.4,0.11068,3.46269,7.50083,0
1513.5,0.11066,3.46268,7.50083,0
1513.6,0.11065,3.46267,7.50082,0
1513.7,0.11064,3.46267,7.50081,0
1513.8,0.11066,3.46267,7.50081,0
1513.9,0.11067,3.46265,7.5008,0
1514,0.11068,3.46264,7.50079,0
1514.1,0.11068,3.46262,7.50079,0
1514.2,0.11066,3.46261,7.50078,0
1514.3,0.11065,3.46261,7.50077,0
1514.4,0.11066,3.46262,7.50077,0
1514.5,0.11068,3.46262,7.50076,0
1514.6,0.1107,3.46261,7.50075,0
1514.7,0.1107,3.46259,7.50075,0
1514.8,0.11068,3.46257,7.50074,0
1514.9,0.11067,3.46256,7.50073,0
1515,0.11067,3.46257,7.50073,0
1515.1,0.11068,3.46256,7.50072,0
1515.2,0.1107,3.46255,7.50071,0
1515.3,0.11069,3.46253,7.50071,0
1515.4,0.11068,3.46252,7.5007,0
1515.5,0.11066,3.46252,7.50069,0
1515.6,0.11065,3.46252,7.50069,0
1515.7,0.11065,3.46252,7.50068,0
1515.8,0.11066,3.46251,7.50068,0
1515.9,0.11068,3.46249,7.50067,0
1516,0.11068,3.46248,7.50066,0
1516.1,0.11066,3.46246,7.50066,0
1516.2,0.11064,3.46246,7.50065,0
1516.3,0.11063,3.46246,7.50065,0
1516.4,0.11064,3.46246,7.50064,0
1516.5,0.11066,3.46244,7.50063,0
1516.6,0.11066,3.46243,7.50063,0
1516.7,0.11064,3.46241,7.50062,0
1516.8,0.11062,3.4624,7.50061,0
1516.9,0.11061,3.4624,7.50061,0
1517,0.11063,3.46241,7.5006,0
1517.1,0.11064,3.46239,7.5006,0
1517.2,0.11065,3.46238,7.50059,0
1517.3,0.11064,3.46236,7.50058,0
1517.4,0.11062,3.46236,7.50058,0
1517.5,0.11061,3.46236,7.50057,0
1517.6,0.11062,3.46236,7.50057,0
1517.7,0.11063,3.46236,7.50056,0
1517.8,0.11065,3.46235,7.50056,0
1517.9,0.11066,3.46233,7.50055,0
1518,0.11064,3.46232,7.50054,0
1518.1,0.11062,3.46231,7.50054,0
1518.2,0.11062,3.46232,7.50053,0
1518.3,0.11064,3.46231,7.50053,0
1518.4,0.11065,3.46231,7.50052,0
1518.5,0.11065,3.46229,7.50052,0
1518.6,0.11063,3.46228,7.50051,0
1518.7,0.11062,3.46227,7.50051,0
1518.8,0.11061,3.46227,7.5005,0
1518.9,0.11061,3.46227,7.50049,0
1519,0.11063,3.46226,7.50049,0
1519.1,0.11063,3.46224,7.50048,0
1519.2,0.11062,3.46223,7.50048,0
1519.3,0.11061,3.46221,7.50047,0
1519.4,0.11059,3.46221,7.50047,0
1519.5,0.11058,3.46221,7.50046,0
1519.6,0.1106,3.46221,7.50046,0
1519.7,0.11061,3.46221,7.50045,0
1519.8,0.11061,3.46219,7.50045,0
1519.9,0.11059,3.46217,7.50044,0
1520,0.11058,3.46217,7.50044,0
1520.1,0.11057,3.46217,7.50043,0
1520.2,0.11057,3.46217,7.50043,0
1520.3,0.11059,3.46216,7.50042,0
1520.4,0.11059,3.46214,7.50042,0
1520.5,0.11059,3.46213,7.50041,0
1520.6,0.11058,3.46212,7.50041,0
1520.7,0.11058,3.46212,7.5004,0
1520.8,0.11057,3.46213,7.5004,0
1520.9,0.11059,3.46213,7.50039,0
1521,0.1106,3.46212,7.50039,0
1521.1,0.11061,3.4621,7.50038,0
1521.2,0.11059,3.46208,7.50037,0
1521.3,0.11057,3.46208,7.50037,0
1521.4,0.11057,3.46208,7.50037,0
1521.5,0.11059,3.46208,7.50036,0
1521.6,0.1106,3.46207,7.50036,0
1521.7,0.11061,3.46205,7.50035,0
1521.8,0.11059,3.46204,7.50035,0
1521.9,0.11058,3.46203,7.50034,0
1522,0.11057,3.46203,7.50034,0
1522.1,0.11057,3.46204,7.50033,0
1522.2,0.11059,3.46203,7.50033,0
1522.3,0.1106,3.46201,7.50032,0
1522.4,0.11059,3.462,7.50032,0
1522.5,0.11058,3.46198,7.50031,0
1522.6,0.11056,3.46198,7.50031,0
1522.7,0.11054,3.46198,7.50031,0
1522.8,0.11055,3.46198,7.5003,0
1522.9,0.11057,3.46197,7.5003,0
1523,0.11057,3.46195,7.50029,0
1523.1,0.11055,3.46194,7.50029,0
1523.2,0.11054,3.46194,7.50028,0
1523.3,0.11053,3.46194,7.50028,0
1523.4,0.11054,3.46194,7.50028,0
1523.5,0.11056,3.46193,7.50027,0
1523.6,0.11057,3.46191,7.50027,0
1523.7,0.11056,3.46189,7.50026,0
1523.8,0.11054,3.46189,7.50026,0
1523.9,0.11053,3.46189,7.50026,0
1524,0.11054,3.46189,7.50025,0
1524.1,0.11055,3.46189,7.50025,0
1524.2,0.11057,3.46189,7.50024,0
1524.3,0.11058,3.46187,7.50024,0
1524.4,0.11056,3.46185,7.50023,0
1524.5,0.11054,3.46185,7.50023,0
1524.6,0.11054,3.46186,7.50023,0
1524.7,0.11056,3.46185,7.50022,0
1524.8,0.11057,3.46184,7.50022,0
1524.9,0.11057,3.46183,7.50022,0
1525,0.11056,3.46182,7.50021,0
1525.1,0.11054,3.46181,7.50021,1
1525.2,0.11053,3.46182,7.5002,1
1525.3,0.11053,3.46182,7.5002,1
1525.4,0.11054,3.4618,7.5002,1
1525.5,0.11056,3.46179,7.50019,1
1525.6,0.11056,3.46177,7.50019,1
1525.7,0.11054,3.46176,7.50018,1
1525.8,0.11052,3.46176,7.50018,1
1525.9,0.11052,3.46176,7.50018,1
1526,0.11053,3.46176,7.50017,1
1526.1,0.11055,3.46175,7.50017,1
1526.2,0.11055,3.46173,7.50017,1
1526.3,0.11053,3.46172,7.50016,1
1526.4,0.11051,3.46172,7.50016,1
1526.5,0.1105,3.46172,7.50016,1
1526.6,0.11051,3.46172,7.50015,1
1526.7,0.11053,3.46171,7.50015,1
1526.8,0.11054,3.4617,7.50015,1
1526.9,0.11053,3.46168,7.50014,1
1527,0.11051,3.46167,7.50014,1
1527.1,0.1105,3.46168,7.50014,1
1527.2,0.11051,3.46168,7.50013,1
1527.3,0.11052,3.46169,7.50013,1
1527.4,0.11054,3.46168,7.50013,1
1527.5,0.11055,3.46166,7.50012,1
1527.6,0.11053,3.46165,7.50012,1
1527.7,0.11051,3.46165,7.50012,1
1527.8,0.1105,3.46165,7.50011,1
1527.9,0.11052,3.46165,7.50011,1
1528,0.11053,3.46164,7.50011,1
1528.1,0.11054,3.46162,7.5001,1
1528.2,0.11053,3.46161,7.5001,1
1528.3,0.11051,3.46161,7.5001,1
1528.4,0.1105,3.46162,7.50009,1
1528.5,0.11051,3.46162,7.50009,1
1528.6,0.11052,3.46161,7.50009,1
1528.7,0.11053,3.4616,7.50009,1
1528.8,0.11052,3.46158,7.50008,1
1528.9,0.11051,3.46157,7.50008,1
1529,0.11049,3.46156,7.50008,1
1529.1,0.11048,3.46157,7.50007,1
1529.2,0.1105,3.46157,7.50007,1
1529.3,0.11051,3.46156,7.50007,1
1529.4,0.11051,3.46154,7.50006,1
1529.5,0.11049,3.46153,7.50006,1
1529.6,0.11048,3.46153,7.50006,1
1529.7,0.11047,3.46153,7.50006,1
1529.8,0.11047,3.46154,7.50005,1
1529.9,0.11048,3.46153,7.50005,1
1530,0.11049,3.46152,7.50005,1
1530.1,0.11048,3.46151,7.50005,1
1530.2,0.11047,3.4615,7.50004,1
1530.3,0.11046,3.4615,7.50004,1
1530.4,0.11046,3.46151,7.50004,1
1530.5,0.11048,3.46151,7.50004,1
1530.6,0.11049,3.4615,7.50003,1
1530.7,0.1105,3.46148,7.50003,1
1530.8,0.11048,3.46147,7.50003,1
1530.9,0.11046,3.46146,7.50002,1
1531,0.11045,3.46147,7.50002,1
1531.1,0.11047,3.46147,7.50002,1
1531.2,0.11048,3.46146,7.50002,1
1531.3,0.11049,3.46145,7.50001,1
1531.4,0.11048,3.46144,7.50001,1
1531.5,0.11046,3.46143,7.50001,1
1531.6,0.11045,3.46144,7.50001,1
1531.7,0.11045,3.46144,7.50001,1
1531.8,0.11046,3.46143,7.5,1
1531.9,0.11047,3.46142,7.5,1
1532,0.11046,3.4614,7.5,1
1532.1,0.11045,3.46139,7.5,1
1532.2,0.11043,3.46139,7.49999,1
1532.3,0.11041,3.46138,7.49999,1
1532.4,0.11042,3.46139,7.49999,1
1532.5,0.11044,3.46138,7.49999,1
1532.6,0.11044,3.46137,7.49998,1
1532.7,0.11042,3.46136,7.49998,1
1532.8,0.11041,3.46136,7.49998,1
1532.9,0.1104,3.46136,7.49998,1
1533,0.1104,3.46137,7.49998,1
1533.1,0.11042,3.46136,7.49998,1
1533.2,0.11043,3.46134,7.49997,1
1533.3,0.11042,3.46133,7.49997,1
1533.4,0.1104,3.46132,7.49997,1
1533.5,0.11039,3.46132,7.49997,1
1533.6,0.1104,3.46133,7.49996,1
1533.7,0.11041,3.46133,7.49996,1
1533.8,0.11043,3.46132,7.49996,1
1533.9,0.11043,3.46131,7.49996,1
1534,0.11041,3.4613,7.49996,1
1534.1,0.11039,3.4613,7.49995,1
1534.2,0.11039,3.4613,7.49995,1
1534.3,0.11041,3.46131,7.49995,1
1534.4,0.11042,3.4613,7.49995,1
1534.5,0.11043,3.46128,7.49995,1
1534.6,0.11042,3.46127,7.49995,1
1534.7,0.1104,3.46127,7.49994,1
1534.8,0.11039,3.46127,7.49994,1
1534.9,0.11039,3.46128,7.49994,1
1535,0.11041,3.46127,7.49994,1
1535.1,0.11042,3.46125,7.49994,1
1535.2,0.11043,3.46124,7.49994,1
1535.3,0.11041,3.46123,7.49993,1
1535.4,0.11039,3.46123,7.49993,1
1535.5,0.11038,3.46123,7.49993,1
1535.6,0.1104,3.46123,7.49993,1
1535.7,0.11041,3.46122,7.49993,1
1535.8,0.11041,3.46121,7.49993,1
1535.9,0.11039,3.46119,7.49992,1
1536,0.11038,3.46119,7.49992,1
1536.1,0.11037,3.46119,7.49992,1
1536.2,0.11037,3.4612,7.49992,1
1536.3,0.11039,3.46119,7.49992,1
1536.4,0.1104,3.46117,7.49992,1
1536.5,0.11039,3.46116,7.49992,1
1536.6,0.11037,3.46115,7.49991,1
1536.7,0.11036,3.46116,7.49991,1
1536.8,0.11037,3.46116,7.49991,1
1536.9,0.11038,3.46117,7.49991,1
1537,0.1104,3.46116,7.49991,1
1537.1,0.1104,3.46114,7.49991,1
1537.2,0.11038,3.46113,7.49991,1
1537.3,0.11036,3.46113,7.49991,1
1537.4,0.11035,3.46114,7.4999,1
1537.5,0.11037,3.46114,7.4999,1
1537.6,0.11038,3.46113,7.4999,1
1537.7,0.11039,3.46112,7.4999,1
1537.8,0.11038,3.4611,7.4999,1
1537.9,0.11036,3.4611,7.4999,1
1538,0.11035,3.46111,7.4999,1
1538.1,0.11036,3.46111,7.4999,1
1538.2,0.11037,3.4611,7.4999,1
1538.3,0.11038,3.46108,7.49989,1
1538.4,0.11037,3.46106,7.49989,1
1538.5,0.11036,3.46105,7.49989,1
1538.6,0.11034,3.46105,7.49989,1
1538.7,0.11034,3.46105,7.49989,1
1538.8,0.11035,3.46106,7.49989,1
1538.9,0.11037,3.46105,7.49989,1
1539,0.11038,3.46104,7.49989,1
1539.1,0.11036,3.46102,7.49989,1
1539.2,0.11034,3.46102,7.49988,1
1539.3,0.11033,3.46102,7.49988,1
1539.4,0.11033,3.46102,7.49988,1
1539.5,0.11035,3.46101,7.49988,1
1539.6,0.11035,3.461,7.49988,1
1539.7,0.11034,3.46099,7.49988,1
1539.8,0.11033,3.46098,7.49988,1
1539.9,0.11032,3.46098,7.49988,1
1540,0.11031,3.46098,7.49988,1
1540.1,0.11033,3.46098,7.49988,1
1540.2,0.11034,3.46098,7.49988,1
1540.3,0.11035,3.46096,7.49987,1
1540.4,0.11033,3.46094,7.49987,1
1540.5,0.11031,3.46094,7.49987,1
1540.6,0.11031,3.46094,7.49987,1
1540.7,0.11032,3.46095,7.49987,1
1540.8,0.11034,3.46094,7.49987,1
1540.9,0.11034,3.46092,7.49987,1
1541,0.11033,3.46091,7.49987,1
1541.1,0.11032,3.46091,7.49987,1
1541.2,0.11031,3.46091,7.49987,1
1541.3,0.11031,3.46092,7.49987,1
1541.4,0.11032,3.46091,7.49987,1
1541.5,0.11033,3.4609,7.49987,1
1541.6,0.11032,3.46088,7.49986,1
1541.7,0.11031,3.46087,7.49986,1
1541.8,0.11029,3.46086,7.49986,1
1541.9,0.11028,3.46087,7.49986,1
1542,0.1103,3.46087,7.49986,1
1542.1,0.11031,3.46086,7.49986,1
1542.2,0.11031,3.46085,7.49986,1
1542.3,0.1103,3.46083,7.49986,1
1542.4,0.11028,3.46083,7.49986,1
1542.5,0.11027,3.46083,7.49986,1
1542.6,0.11028,3.46083,7.49986,1
1542.7,0.11029,3.46082,7.49986,1
1542.8,0.11031,3.46081,7.49986,1
1542.9,0.1103,3.46079,7.49986,1
1543,0.11028,3.46079,7.49985,1
1543.1,0.11027,3.4608,7.49985,1
1543.2,0.11027,3.4608,7.49985,1
1543.3,0.11029,3.4608,7.49985,1
1543.4,0.1103,3.4608,7.49985,1
1543.5,0.1103,3.46078,7.49985,1
1543.6,0.11029,3.46077,7.49985,1
1543.7,0.11027,3.46076,7.49985,1
1543.8,0.11027,3.46077,7.49985,1
1543.9,0.11028,3.46077,7.49985,1
1544,0.1103,3.46076,7.49985,1
1544.1,0.1103,3.46075,7.49985,1
1544.2,0.1103,3.46074,7.49985,1
1544.3,0.11028,3.46073,7.49985,1
1544.4,0.11027,3.46073,7.49985,1
1544.5,0.11027,3.46073,7.49985,1
1544.6,0.11028,3.46073,7.49985,1
1544.7,0.1103,3.46071,7.49985,1
1544.8,0.1103,3.4607,7.49985,1
1544.9,0.11028,3.46068,7.49985,1
1545,0.11026,3.46068,7.49985,1
1545.1,0.11026,3.46069,7.49985,1
1545.2,0.11028,3.46069,7.49985,1
1545.3,0.11029,3.46068,7.49985,1
1545.4,0.11029,3.46066,7.49985,1
1545.5,0.11027,3.46065,7.49984,1
1545.6,0.11025,3.46065,7.49984,1
1545.7,0.11024,3.46066,7.49984,1
1545.8,0.11025,3.46066,7.49984,1
1545.9,0.11027,3.46065,7.49984,1
1546,0.11027,3.46063,7.49984,1
1546.1,0.11026,3.46062,7.49984,1
1546.2,0.11025,3.46062,7.49984,1
1546.3,0.11023,3.46063,7.49984,1
1546.4,0.11024,3.46063,7.49984,1
1546.5,0.11025,3.46063,7.49984,1
1546.6,0.11027,3.46062,7.49984,1
1546.7,0.11026,3.46061,7.49984,1
1546.8,0.11025,3.4606,7.49984,1
1546.9,0.11023,3.4606,7.49984,1
1547,0.11023,3.4606,7.49984,1
1547.1,0.11024,3.4606,7.49984,1
1547.2,0.11025,3.4606,7.49984,1
1547.3,0.11026,3.46058,7.49984,1
1547.4,0.11025,3.46057,7.49984,1
1547.5,0.11023,3.46057,7.49984,1
1547.6,0.11022,3.46058,7.49984,1
1547.7,0.11023,3.46058,7.49984,1
1547.8,0.11024,3.46057,7.49984,1
1547.9,0.11026,3.46055,7.49984,1
1548,0.11026,3.46054,7.49984,1
1548.1,0.11025,3.46053,7.49984,1
1548.2,0.11023,3.46053,7.49984,1
1548.3,0.11023,3.46053,7.49984,1
1548.4,0.11024,3.46053,7.49984,1
1548.5,0.11026,3.46052,7.49984,1
1548.6,0.11025,3.46051,7.49984,1
1548.7,0.11024,3.4605,7.49984,1
1548.8,0.11022,3.4605,7.49984,1
1548.9,0.11021,3.4605,7.49984,1
1549,0.11021,3.46051,7.49984,1
1549.1,0.11022,3.4605,7.49984,1
1549.2,0.11023,3.46048,7.49984,1
1549.3,0.11022,3.46047,7.49983,1
1549.4,0.1102,3.46047,7.49983,1
1549.5,0.11019,3.46047,7.49983,1
1549.6,0.11019,3.46047,7.49983,1
1549.7,0.1102,3.46048,7.49983,1
1549.8,0.11022,3.46047,7.49983,1
1549.9,0.11022,3.46045,7.49983,1
1550,0.1102,3.46044,7.49983,1
1550.1,0.11019,3.46044,7.49983,1
1550.2,0.11019,3.46045,7.49983,1
1550.3,0.1102,3.46045,7.49983,1
1550.4,0.11021,3.46044,7.49983,1
1550.5,0.11022,3.46043,7.49983,1
1550.6,0.11022,3.46042,7.49983,1
1550.7,0.1102,3.46042,7.49983,1
1550.8,0.11019,3.46042,7.49983,1
1550.9,0.11019,3.46043,7.49983,1
1551,0.11021,3.46042,7.49983,1
1551.1,0.11022,3.46041,7.49983,1
1551.2,0.11022,3.46039,7.49983,1
1551.3,0.1102,3.46038,7.49983,1
1551.4,0.11018,3.46038,7.49983,1
1551.5,0.11018,3.46038,7.49983,1
1551.6,0.1102,3.46038,7.49982,1
1551.7,0.11021,3.46037,7.49982,1
1551.8,0.11021,3.46036,7.49982,1
1551.9,0.1102,3.46035,7.49982,1
1552,0.11018,3.46035,7.49982,1
1552.1,0.11017,3.46035,7.49982,1
1552.2,0.11017,3.46035,7.49982,1
1552.3,0.11019,3.46034,7.49982,1
1552.4,0.1102,3.46033,7.49982,1
1552.5,0.11019,3.46032,7.49982,1
1552.6,0.11017,3.46032,7.49982,1
1552.7,0.11015,3.46032,7.49982,1
1552.8,0.11015,3.46033,7.49982,1
1552.9,0.11017,3.46033,7.49982,1
1553,0.11018,3.46032,7.49982,1
1553.1,0.11018,3.46031,7.49982,1
1553.2,0.11016,3.46029,7.49981,1
1553.3,0.11015,3.46029,7.49981,1
1553.4,0.11014,3.4603,7.49981,1
1553.5,0.11014,3.4603,7.49981,1
1553.6,0.11016,3.46029,7.49981,1
1553.7,0.11018,3.46028,7.49981,1
1553.8,0.11017,3.46026,7.49981,1
1553.9,0.11015,3.46026,7.49981,1
1554,0.11014,3.46026,7.49981,1
1554.1,0.11015,3.46027,7.49981,1
1554.2,0.11017,3.46026,7.49981,1
1554.3,0.11018,3.46024,7.49981,1
1554.4,0.11019,3.46023,7.49981,1
1554.5,0.11017,3.46022,7.4998,1
1554.6,0.11015,3.46022,7.4998,1
1554.7,0.11014,3.46022,7.4998,1
1554.8,0.11016,3.46023,7.4998,1
1554.9,0.11017,3.46022,7.4998,1
1555,0.11017,3.46021,7.4998,1
1555.1,0.11015,3.4602,7.4998,1
1555.2,0.11014,3.46019,7.4998,1
1555.3,0.11013,3.4602,7.4998,1
1555.4,0.11013,3.4602,7.4998,1
1555.5,0.11015,3.46019,7.49979,1
1555.6,0.11015,3.46017,7.49979,1
1555.7,0.11014,3.46016,7.49979,1
1555.8,0.11013,3.46016,7.49979,1
1555.9,0.11011,3.46017,7.49979,1
1556,0.11011,3.46017,7.49979,1
1556.1,0.11013,3.46017,7.49979,1
1556.2,0.11014,3.46017,7.49979,1
1556.3,0.11015,3.46015,7.49978,1
1556.4,0.11013,3.46014,7.49978,1
1556.5,0.11012,3.46014,7.49978,1
1556.6,0.11011,3.46015,7.49978,1
1556.7,0.11012,3.46015,7.49978,1
1556.8,0.11013,3.46014,7.49978,1
1556.9,0.11014,3.46012,7.49978,1
1557,0.11013,3.46012,7.49978,1
1557.1,0.11011,3.46012,7.49977,1
1557.2,0.11011,3.46012,7.49977,1
1557.3,0.11011,3.46013,7.49977,1
1557.4,0.11013,3.46012,7.49977,1
1557.5,0.11014,3.4601,7.49977,1
1557.6,0.11014,3.46009,7.49977,1
1557.7,0.11013,3.46008,7.49976,1
1557.8,0.11011,3.46008,7.49976,1
1557.9,0.11011,3.46008,7.49976,1
1558,0.11013,3.46009,7.49976,1
1558.1,0.11014,3.46008,7.49976,1
1558.2,0.11014,3.46006,7.49976,1
1558.3,0.11013,3.46005,7.49975,1
1558.4,0.11011,3.46004,7.49975,1
1558.5,0.1101,3.46005,7.49975,1
1558.6,0.1101,3.46005,7.49975,1
1558.7,0.11012,3.46004,7.49975,1
1558.8,0.11013,3.46003,7.49974,1
1558.9,0.11012,3.46002,7.49974,1
1559,0.1101,3.46002,7.49974,1
1559.1,0.11008,3.46002,7.49974,1
1559.2,0.11008,3.46002,7.49973,1
1559.3,0.1101,3.46003,7.49973,1
1559.4,0.11011,3.46002,7.49973,1
1559.5,0.11012,3.46,7.49973,1
1559.6,0.11011,3.46,7.49973,1
1559.7,0.11009,3.45999,7.49972,1
1559.8,0.11009,3.46,7.49972,1
1559.9,0.1101,3.46,7.49972,1
1560,0.11012,3.45999,7.49972,1
1560.1,0.11013,3.45998,7.49972,1
1560.2,0.11012,3.45996,7.49971,1
1560.3,0.11011,3.45996,7.49971,1
1560.4,0.1101,3.45996,7.49971,1
1560.5,0.1101,3.45997,7.4997,1
1560.6,0.11012,3.45997,7.4997,1
1560.7,0.11014,3.45995,7.4997,1
1560.8,0.11014,3.45994,7.4997,1
1560.9,0.11012,3.45993,7.49969,1
1561,0.1101,3.45992,7.49969,1
1561.1,0.1101,3.45993,7.49969,1
1561.2,0.11012,3.45993,7.49968,1
1561.3,0.11013,3.45992,7.49968,1
1561.4,0.11013,3.45991,7.49968,1
1561.5,0.11012,3.4599,7.49968,1
1561.6,0.1101,3.4599,7.49967,1
1561.7,0.11008,3.45991,7.49967,1
1561.8,0.11009,3.45991,7.49967,1
1561.9,0.1101,3.4599,7.49966,1
1562,0.11011,3.45989,7.49966,1
1562.1,0.1101,3.45988,7.49966,1
1562.2,0.11009,3.45988,7.49965,1
1562.3,0.11007,3.45988,7.49965,1
1562.4,0.11007,3.45989,7.49965,1
1562.5,0.11009,3.4599,7.49964,1
1562.6,0.1101,3.45989,7.49964,1
1562.7,0.1101,3.45988,7.49964,1
1562.8,0.11009,3.45987,7.49963,1
1562.9,0.11007,3.45987,7.49963,1
1563,0.11007,3.45987,7.49962,1
1563.1,0.11008,3.45988,7.49962,1
1563.2,0.1101,3.45987,7.49962,1
1563.3,0.11011,3.45985,7.49961,1
1563.4,0.1101,3.45984,7.49961,1
1563.5,0.11009,3.45984,7.49961,1
1563.6,0.11008,3.45985,7.4996,1
1563.7,0.11009,3.45985,7.4996,1
1563.8,0.11011,3.45984,7.49959,1
1563.9,0.11012,3.45983,7.49959,1
1564,0.11013,3.45981,7.49959,1
1564.1,0.11011,3.4598,7.49958,1
1564.2,0.11009,3.4598,7.49958,1
1564.3,0.11008,3.45981,7.49957,1
1564.4,0.1101,3.45982,7.49957,1
1564.5,0.11012,3.45981,7.49956,1
1564.6,0.11012,3.45979,7.49956,1
1564.7,0.1101,3.45978,7.49956,1
1564.8,0.11008,3.45978,7.49955,1
1564.9,0.11007,3.45978,7.49955,1
1565,0.11008,3.45979,7.49954,1
1565.1,0.11009,3.45978,7.49954,1
1565.2,0.1101,3.45978,7.49953,1
1565.3,0.11009,3.45977,7.49953,1
1565.4,0.11007,3.45976,7.49952,1
1565.5,0.11006,3.45977,7.49952,1
1565.6,0.11006,3.45977,7.49951,1
1565.7,0.11007,3.45978,7.49951,1
1565.8,0.11009,3.45977,7.4995,1
1565.9,0.1101,3.45976,7.4995,1
1566,0.11009,3.45975,7.49949,1
1566.1,0.11008,3.45975,7.49949,1
1566.2,0.11006,3.45976,7.49948,1
1566.3,0.11006,3.45976,7.49947,1
1566.4,0.11007,3.45975,7.49947,1
1566.5,0.11009,3.45974,7.49946,1
1566.6,0.11009,3.45973,7.49946,1
1566.7,0.11007,3.45973,7.49945,1
1566.8,0.11006,3.45974,7.49945,1
1566.9,0.11007,3.45974,7.49944,1
1567,0.11008,3.45974,7.49943,1
1567.1,0.1101,3.45972,7.49943,1
1567.2,0.1101,3.45971,7.49942,1
1567.3,0.11008,3.4597,7.49942,1
1567.4,0.11006,3.4597,7.49941,1
1567.5,0.11006,3.4597,7.4994,1
1567.6,0.11008,3.45971,7.4994,1
1567.7,0.11009,3.45971,7.49939,1
1567.8,0.1101,3.45969,7.49938,1
1567.9,0.11008,3.45968,7.49938,1
1568,0.11007,3.45968,7.49937,1
1568.1,0.11006,3.45969,7.49936,1
1568.2,0.11006,3.45969,7.49936,1
1568.3,0.11007,3.45968,7.49935,1
1568.4,0.11009,3.45967,7.49935,1
1568.5,0.11008,3.45966,7.49934,1
1568.6,0.11006,3.45966,7.49933,1
1568.7,0.11004,3.45966,7.49932,1
1568.8,0.11004,3.45967,7.49932,1
1568.9,0.11006,3.45967,7.49931,1
1569,0.11007,3.45966,7.4993,1
1569.1,0.11007,3.45965,7.4993,1
1569.2,0.11005,3.45964,7.49929,1
1569.3,0.11004,3.45964,7.49928,1
1569.4,0.11003,3.45965,7.49927,1
1569.5,0.11004,3.45965,7.49926,1
1569.6,0.11006,3.45964,7.49926,1
1569.7,0.11006,3.45963,7.49925,1
1569.8,0.11006,3.45962,7.49924,1
1569.9,0.11004,3.45962,7.49923,1
1570,0.11003,3.45963,7.49922,1
1570.1,0.11003,3.45963,7.49922,1
1570.2,0.11005,3.45963,7.49921,1
1570.3,0.11006,3.45962,7.4992,1
1570.4,0.11006,3.4596,7.49919,1
1570.5,0.11005,3.45959,7.49918,1
1570.6,0.11003,3.45959,7.49918,1
1570.7,0.11001,3.4596,7.49917,1
1570.8,0.11003,3.4596,7.49916,1
1570.9,0.11005,3.45959,7.49915,1
1571,0.11005,3.45958,7.49914,1
1571.1,0.11004,3.45956,7.49913,1
1571.2,0.11002,3.45956,7.49912,1
1571.3,0.11001,3.45957,7.49911,1
1571.4,0.11002,3.45957,7.4991,1
1571.5,0.11003,3.45957,7.49909,1
1571.6,0.11005,3.45955,7.49909,1
1571.7,0.11004,3.45954,7.49908,1
1571.8,0.11003,3.45954,7.49907,1
1571.9,0.11001,3.45955,7.49906,1
1572,0.11001,3.45956,7.49905,1
1572.1,0.11002,3.45956,7.49904,1
1572.2,0.11004,3.45956,7.49903,1
1572.3,0.11004,3.45954,7.49902,1
1572.4,0.11002,3.45953,7.49901,1
1572.5,0.11,3.45954,7.499,1
1572.6,0.11,3.45954,7.49899,1
1572.7,0.11001,3.45954,7.49898,1
1572.8,0.11002,3.45954,7.49897,1
1572.9,0.11003,3.45952,7.49896,1
1573,0.11003,3.45951,7.49895,1
1573.1,0.11002,3.45952,7.49894,1
1573.2,0.11001,3.45952,7.49892,1
1573.3,0.11001,3.45953,7.49891,1
1573.4,0.11002,3.45952,7.4989,1
1573.5,0.11004,3.45951,7.49889,1
1573.6,0.11005,3.45949,7.49888,1
1573.7,0.11003,3.45948,7.49887,1
1573.8,0.11001,3.45948,7.49886,1
1573.9,0.11001,3.45949,7.49885,1
1574,0.11003,3.45949,7.49883,1
1574.1,0.11004,3.45948,7.49882,1
1574.2,0.11004,3.45947,7.49881,1
1574.3,0.11003,3.45946,7.4988,1
1574.4,0.11001,3.45946,7.49879,1
1574.5,0.11,3.45947,7.49877,1
1574.6,0.11,3.45947,7.49876,1
1574.7,0.11002,3.45946,7.49875,1
1574.8,0.11002,3.45945,7.49874,1
1574.9,0.11001,3.45943,7.49873,1
1575,0.11,3.45944,7.49871,1
1575.1,0.10998,3.45944,7.4987,1
1575.2,0.10998,3.45945,7.49869,1
1575.3,0.10999,3.45945,7.49867,1
1575.4,0.11001,3.45945,7.49866,1
1575.5,0.11001,3.45943,7.49865,1
1575.6,0.10999,3.45942,7.49863,1
1575.7,0.10997,3.45942,7.49862,1
1575.8,0.10996,3.45943,7.49861,1
1575.9,0.10997,3.45943,7.49859,1
1576,0.10999,3.45942,7.49858,1
1576.1,0.10999,3.45941,7.49856,1
1576.2,0.10999,3.4594,7.49856,1
1576.3,0.10998,3.45941,7.49856,1
1576.4,0.10997,3.45941,7.49855,1
1576.5,0.10997,3.45942,7.49855,1
1576.6,0.10999,3.45941,7.49854,1
1576.7,0.11001,3.45939,7.49854,1
1576.8,0.11001,3.45938,7.49853,1
1576.9,0.10999,3.45937,7.49853,1
1577,0.10998,3.45937,7.49852,1
1577.1,0.10997,3.45938,7.49852,1
1577.2,0.10999,3.45938,7.49852,1
1577.3,0.11,3.45937,7.49851,1
1577.4,0.11,3.45936,7.49851,1
1577.5,0.10999,3.45935,7.49851,1
1577.6,0.10997,3.45935,7.4985,1
1577.7,0.10996,3.45936,7.4985,1
1577.8,0.10996,3.45936,7.49849,1
1577.9,0.10998,3.45935,7.49849,1
1578,0.10998,3.45934,7.49849,1
1578.1,0.10997,3.45933,7.49848,1
1578.2,0.10996,3.45933,7.49848,1
1578.3,0.10994,3.45933,7.49847,1
1578.4,0.10994,3.45934,7.49847,1
1578.5,0.10995,3.45935,7.49846,1
1578.6,0.10997,3.45934,7.49846,1
1578.7,0.10997,3.45933,7.49846,1
1578.8,0.10996,3.45932,7.49846,1
1578.9,0.10994,3.45932,7.49845,1
1579,0.10993,3.45933,7.49845,1
1579.1,0.10994,3.45933,7.49844,1
1579.2,0.10996,3.45933,7.49844,1
1579.3,0.10998,3.45932,7.49844,1
1579.4,0.10997,3.4593,7.49843,1
1579.5,0.10996,3.4593,7.49843,1
1579.6,0.10995,3.45931,7.49843,1
1579.7,0.10996,3.45932,7.49842,1
1579.8,0.10997,3.45932,7.49842,1
1579.9,0.10999,3.4593,7.49842,1
1580,0.10999,3.45929,7.49841,1
1580.1,0.10997,3.45928,7.49841,1
1580.2,0.10995,3.45928,7.49841,1
1580.3,0.10995,3.45929,7.4984,1
1580.4,0.10997,3.45929,7.4984,1
1580.5,0.10998,3.45928,7.4984,1
1580.6,0.10998,3.45927,7.4984,1
1580.7,0.10997,3.45926,7.49839,1
1580.8,0.10995,3.45926,7.49839,1
1580.9,0.10994,3.45927,7.49839,1
1581,0.10994,3.45927,7.49838,1
1581.1,0.10995,3.45927,7.49838,1
1581.2,0.10997,3.45925,7.49838,1
1581.3,0.10996,3.45925,7.49837,1
1581.4,0.10994,3.45925,7.49836,1
1581.5,0.10993,3.45925,7.49835,1
1581.6,0.10992,3.45926,7.49834,1
1581.7,0.10993,3.45927,7.49833,1
1581.8,0.10995,3.45927,7.49832,1
1581.9,0.10995,3.45925,7.49831,1
1582,0.10993,3.45924,7.49831,1
1582.1,0.10991,3.45924,7.4983,1
1582.2,0.10991,3.45925,7.49829,1
1582.3,0.10992,3.45925,7.49828,1
1582.4,0.10994,3.45925,7.49828,1
1582.5,0.10994,3.45923,7.49827,1
1582.6,0.10994,3.45923,7.49827,1
1582.7,0.10993,3.45922,7.49826,1
1582.8,0.10992,3.45923,7.49826,1
1582.9,0.10992,3.45923,7.49825,1
1583,0.10994,3.45923,7.49825,1
1583.1,0.10995,3.45921,7.49826,1
1583.2,0.10996,3.4592,7.49826,1
1583.3,0.10994,3.45919,7.49826,1
1583.4,0.10993,3.45919,7.49826,1
1583.5,0.10992,3.4592,7.49826,1
1583.6,0.10993,3.4592,7.49826,1
1583.7,0.10995,3.45919,7.49826,1
1583.8,0.10994,3.45918,7.49827,1
1583.9,0.10993,3.45917,7.49827,1
1584,0.10991,3.45916,7.49827,1
1584.1,0.1099,3.45917,7.49827,1
1584.2,0.1099,3.45918,7.49827,1
1584.3,0.10992,3.45917,7.49827,1
1584.4,0.10992,3.45916,7.49827,1
1584.5,0.10991,3.45915,7.49827,1
1584.6,0.1099,3.45915,7.49828,1
1584.7,0.10988,3.45916,7.49828,1
1584.8,0.10987,3.45917,7.49828,1
1584.9,0.10989,3.45917,7.49828,1
1585,0.1099,3.45917,7.49829,1
1585.1,0.1099,3.45915,7.49829,1
1585.2,0.10989,3.45914,7.49829,1
1585.3,0.10987,3.45914,7.4983,1
1585.4,0.10986,3.45915,7.4983,1
1585.5,0.10986,3.45916,7.49831,1
1585.6,0.10988,3.45915,7.49831,1
1585.7,0.10988,3.45914,7.49831,1
1585.8,0.10988,3.45913,7.49832,1
1585.9,0.10987,3.45913,7.49832,1
1586,0.10986,3.45914,7.49833,1
1586.1,0.10985,3.45915,7.49834,1
1586.2,0.10987,3.45914,7.49834,1
1586.3,0.10988,3.45913,7.49835,1
1586.4,0.10989,3.45912,7.49836,1
1586.5,0.10987,3.45911,7.49836,1
1586.6,0.10985,3.45911,7.49837,1
1586.7,0.10985,3.45911,7.49837,1
1586.8,0.10986,3.45912,7.49837,1
1586.9,0.10988,3.45912,7.49837,1
1587,0.10988,3.45911,7.49837,1
1587.1,0.10987,3.4591,7.49837,1
1587.2,0.10985,3.4591,7.49838,1
1587.3,0.10984,3.45911,7.49838,1
1587.4,0.10985,3.45912,7.49838,1
1587.5,0.10986,3.45911,7.49838,1
1587.6,0.10987,3.4591,7.49838,1
1587.7,0.10986,3.45909,7.49838,1
1587.8,0.10985,3.45909,7.49838,1
1587.9,0.10983,3.45909,7.49838,1
1588,0.10983,3.4591,7.49838,1
1588.1,0.10984,3.45911,7.49838,1
1588.2,0.10986,3.4591,7.49838,1
1588.3,0.10986,3.45909,7.49838,1
1588.4,0.10984,3.45908,7.49838,1
1588.5,0.10983,3.45908,7.49838,1
1588.6,0.10983,3.45909,7.49838,1
1588.7,0.10984,3.45909,7.49838,1
1588.8,0.10985,3.45908,7.49838,1
1588.9,0.10986,3.45907,7.49838,1
1589,0.10985,3.45906,7.49838,1
1589.1,0.10983,3.45906,7.49838,1
1589.2,0.10982,3.45907,7.49838,1
1589.3,0.10983,3.45907,7.49838,1
1589.4,0.10984,3.45907,7.49838,1
1589.5,0.10986,3.45906,7.49838,1
1589.6,0.10986,3.45905,7.49839,1
1589.7,0.10984,3.45904,7.49839,1
1589.8,0.10982,3.45904,7.49839,1
1589.9,0.10981,3.45905,7.49839,1
1590,0.10982,3.45906,7.49839,1
1590.1,0.10983,3.45906,7.49839,1
1590.2,0.10984,3.45905,7.49839,1
1590.3,0.10982,3.45903,7.49839,1
1590.4,0.10981,3.45904,7.49839,1
1590.5,0.10979,3.45905,7.49839,1
1590.6,0.10979,3.45905,7.49839,1
1590.7,0.10981,3.45904,7.49839,1
1590.8,0.10982,3.45903,7.49839,1
1590.9,0.10982,3.45903,7.49839,1
1591,0.1098,3.45903,7.49839,1
1591.1,0.10978,3.45904,7.49839,1
1591.2,0.10977,3.45905,7.49839,1
1591.3,0.10978,3.45906,7.49839,1
1591.4,0.1098,3.45905,7.49839,1
1591.5,0.10979,3.45904,7.49839,1
1591.6,0.10978,3.45903,7.49839,1
1591.7,0.10976,3.45903,7.49839,1
1591.8,0.10976,3.45904,7.49839,1
1591.9,0.10977,3.45905,7.49839,1
1592,0.10978,3.45904,7.49839,1
1592.1,0.10979,3.45903,7.49839,1
1592.2,0.10978,3.45902,7.49839,1
1592.3,0.10976,3.45902,7.49839,1
1592.4,0.10975,3.45903,7.49839,1
1592.5,0.10975,3.45903,7.49839,1
1592.6,0.10977,3.45903,7.49839,1
1592.7,0.10978,3.45902,7.49839,1
1592.8,0.10979,3.459,7.49839,1
1592.9,0.10977,3.459,7.49839,1
1593,0.10975,3.459,7.49839,1
1593.1,0.10975,3.459,7.49839,1
1593.2,0.10976,3.45901,7.49839,1
1593.3,0.10978,3.45901,7.49839,1
1593.4,0.10977,3.45899,7.49839,1
1593.5,0.10976,3.45899,7.49839,1
1593.6,0.10974,3.45899,7.49839,1
1593.7,0.10973,3.459,7.49839,1
1593.8,0.10973,3.459,7.49839,1
1593.9,0.10975,3.459,7.49839,1
1594,0.10975,3.45899,7.49839,1
1594.1,0.10974,3.45898,7.49839,1
1594.2,0.10972,3.45898,7.49839,1
1594.3,0.10971,3.45899,7.49839,1
1594.4,0.10969,3.45899,7.49839,1
1594.5,0.1097,3.459,7.49839,1
1594.6,0.10972,3.45899,7.49839,1
1594.7,0.10972,3.45898,7.49839,1
1594.8,0.1097,3.45897,7.49839,1
1594.9,0.10969,3.45897,7.49839,1
1595,0.10968,3.45898,7.49839,1
1595.1,0.10968,3.45898,7.49839,1
1595.2,0.10969,3.45897,7.49839,1
1595.3,0.1097,3.45896,7.49839,1
1595.4,0.10969,3.45895,7.49839,1
1595.5,0.10967,3.45895,7.49839,1
1595.6,0.10966,3.45896,7.49839,1
1595.7,0.10966,3.45897,7.49839,1
1595.8,0.10967,3.45896,7.49839,1
1595.9,0.10969,3.45895,7.49839,1
1596,0.10969,3.45893,7.49839,1
1596.1,0.10968,3.45892,7.4984,1
1596.2,0.10966,3.45892,7.4984,1
1596.3,0.10965,3.45893,7.4984,1
1596.4,0.10965,3.45893,7.4984,1
1596.5,0.10967,3.45893,7.4984,1
1596.6,0.10967,3.45892,7.4984,1
1596.7,0.10966,3.45891,7.4984,1
1596.8,0.10964,3.45891,7.4984,1
1596.9,0.10963,3.45892,7.4984,1
1597,0.10963,3.45893,7.4984,1
1597.1,0.10964,3.45892,7.4984,1
1597.2,0.10965,3.4589,7.4984,1
1597.3,0.10964,3.4589,7.4984,1
1597.4,0.10962,3.45889,7.4984,1
1597.5,0.1096,3.45889,7.4984,1
1597.6,0.10959,3.4589,7.4984,1
1597.7,0.1096,3.4589,7.4984,1
1597.8,0.10962,3.4589,7.4984,1
1597.9,0.10961,3.45889,7.4984,1
1598,0.1096,3.45887,7.49841,1
1598.1,0.10958,3.45887,7.49841,1
1598.2,0.10957,3.45888,7.49841,1
1598.3,0.10958,3.45888,7.49841,1
1598.4,0.10959,3.45887,7.49841,1
1598.5,0.1096,3.45886,7.49841,1
1598.6,0.10959,3.45885,7.49841,1
1598.7,0.10957,3.45885,7.49841,1
1598.8,0.10956,3.45885,7.49841,1
1598.9,0.10956,3.45886,7.49841,1
1599,0.10957,3.45886,7.49841,1
1599.1,0.10958,3.45885,7.49841,1
1599.2,0.10959,3.45884,7.49842,1
1599.3,0.10957,3.45883,7.49842,1
1599.4,0.10955,3.45883,7.49842,1
1599.5,0.10955,3.45883,7.49842,1
1599.6,0.10956,3.45883,7.49842,1
1599.7,0.10957,3.45883,7.49842,1
1599.8,0.10958,3.45881,7.49842,1
1599.9,0.10957,3.4588,7.49842,1
1600,0.10955,3.45881,7.49842,1
1600.1,0.10954,3.45881,7.49843,1
1600.2,0.10953,3.45881,7.49843,1
1600.3,0.10955,3.45881,7.49843,1
1600.4,0.10956,3.45879,7.49843,1
1600.5,0.10956,3.45878,7.49843,1
1600.6,0.10954,3.45878,7.49843,1
1600.7,0.10952,3.45879,7.49843,1
1600.8,0.10951,3.45879,7.49843,1
1600.9,0.10952,3.4588,7.49844,1
1601,0.10953,3.45879,7.49844,1
1601.1,0.10953,3.45878,7.49844,1
1601.2,0.10952,3.45877,7.49844,1
1601.3,0.1095,3.45877,7.49844,1
1601.4,0.10949,3.45878,7.49844,1
1601.5,0.10949,3.45878,7.49844,1
1601.6,0.10951,3.45877,7.49844,1
1601.7,0.10951,3.45876,7.49845,1
1601.8,0.10951,3.45875,7.49845,1
1601.9,0.10949,3.45875,7.49845,1
1602,0.10948,3.45876,7.49845,1
1602.1,0.10949,3.45876,7.49845,1
1602.2,0.1095,3.45876,7.49845,1
1602.3,0.10951,3.45875,7.49845,1
1602.4,0.10952,3.45874,7.49846,1
1602.5,0.1095,3.45873,7.49846,1
1602.6,0.10948,3.45873,7.49846,1
1602.7,0.10948,3.45874,7.49846,1
1602.8,0.10949,3.45874,7.49846,1
1602.9,0.1095,3.45874,7.49846,1
1603,0.10951,3.45872,7.49847,1
1603.1,0.1095,3.45871,7.49847,1
1603.2,0.10948,3.45871,7.49847,1
1603.3,0.10947,3.45872,7.49847,1
1603.4,0.10946,3.45872,7.49847,1
1603.5,0.10948,3.45872,7.49847,1
1603.6,0.10948,3.45871,7.49847,1
1603.7,0.10947,3.45871,7.49848,1
1603.8,0.10945,3.4587,7.49848,1
1603.9,0.10943,3.45871,7.49848,1
1604,0.10941,3.45872,7.49848,1
1604.1,0.10943,3.45872,7.49848,1
1604.2,0.10944,3.45872,7.49848,1
1604.3,0.10944,3.4587,7.49848,1
1604.4,0.10942,3.4587,7.49849,1
1604.5,0.1094,3.4587,7.49849,1
1604.6,0.10939,3.45871,7.49849,1
1604.7,0.10938,3.45871,7.49849,1
1604.8,0.1094,3.4587,7.49849,1
1604.9,0.1094,3.45869,7.49849,1
1605,0.10939,3.45868,7.49849,1
1605.1,0.10937,3.45868,7.4985,1
1605.2,0.10936,3.45869,7.4985,1
1605.3,0.10936,3.45869,7.4985,1
1605.4,0.10938,3.45868,7.4985,1
1605.5,0.10939,3.45867,7.4985,1
1605.6,0.10939,3.45866,7.4985,1
1605.7,0.10938,3.45865,7.49851,1
1605.8,0.10936,3.45865,7.49851,1
1605.9,0.10935,3.45866,7.49851,1
1606,0.10936,3.45866,7.49851,1
1606.1,0.10938,3.45866,7.49851,1
1606.2,0.10938,3.45865,7.49851,1
1606.3,0.10937,3.45864,7.49852,1
1606.4,0.10935,3.45863,7.49852,1
1606.5,0.10934,3.45864,7.49852,1
1606.6,0.10934,3.45865,7.49852,1
1606.7,0.10935,3.45864,7.49852,1
1606.8,0.10936,3.45863,7.49852,1
1606.9,0.10935,3.45862,7.49853,1
1607,0.10933,3.45861,7.49853,1
1607.1,0.10931,3.45862,7.49853,1
1607.2,0.1093,3.45862,7.49853,1
1607.3,0.10932,3.45863,7.49853,1
1607.4,0.10933,3.45862,7.49853,1
1607.5,0.10932,3.45861,7.49854,1
1607.6,0.1093,3.4586,7.49854,1
1607.7,0.10928,3.4586,7.49854,1
1607.8,0.10927,3.45861,7.49854,1
1607.9,0.10928,3.45861,7.49854,1
1608,0.10929,3.4586,7.49855,1
1608.1,0.1093,3.45859,7.49855,1
1608.2,0.10928,3.45858,7.49855,1
1608.3,0.10926,3.45857,7.49855,1
1608.4,0.10925,3.45858,7.49855,1
1608.5,0.10925,3.45859,7.49856,1
1608.6,0.10927,3.45859,7.49856,1
1608.7,0.10928,3.45857,7.49856,1
1608.8,0.10928,3.45856,7.49856,1
1608.9,0.10926,3.45855,7.49856,1
1609,0.10924,3.45855,7.49857,1
1609.1,0.10924,3.45856,7.49857,1
1609.2,0.10925,3.45856,7.49857,1
1609.3,0.10926,3.45856,7.49857,1
1609.4,0.10927,3.45854,7.49858,1
1609.5,0.10926,3.45854,7.49858,1
1609.6,0.10924,3.45854,7.49858,1
1609.7,0.10923,3.45855,7.49858,1
1609.8,0.10923,3.45855,7.49858,1
1609.9,0.10924,3.45854,7.49859,1
1610,0.10925,3.45853,7.49859,1
1610.1,0.10925,3.45852,7.49859,1
1610.2,0.10923,3.45851,7.49859,1
1610.3,0.10921,3.45852,7.49859,1
1610.4,0.1092,3.45853,7.4986,1
1610.5,0.1092,3.45854,7.4986,1
1610.6,0.10921,3.45854,7.4986,1
1610.7,0.10922,3.45852,7.4986,1
1610.8,0.1092,3.45851,7.49861,1
1610.9,0.10918,3.45851,7.49861,1
1611,0.10916,3.45852,7.49861,1
1611.1,0.10916,3.45852,7.49861,1
1611.2,0.10917,3.45851,7.49862,1
1611.3,0.10917,3.4585,7.49862,1
1611.4,0.10916,3.45849,7.49862,1
1611.5,0.10914,3.45849,7.49862,1
1611.6,0.10913,3.45849,7.49862,1
1611.7,0.10913,3.4585,7.49863,1
1611.8,0.10914,3.45849,7.49863,1
1611.9,0.10915,3.45848,7.49863,1
1612,0.10916,3.45847,7.49863,1
1612.1,0.10914,3.45846,7.49864,1
1612.2,0.10912,3.45846,7.49864,1
1612.3,0.10911,3.45847,7.49864,1
1612.4,0.10912,3.45847,7.49864,1
1612.5,0.10913,3.45847,7.49865,1
1612.6,0.10913,3.45845,7.49865,1
1612.7,0.10912,3.45844,7.49865,1
1612.8,0.1091,3.45844,7.49865,1
1612.9,0.10909,3.45844,7.49866,1
1613,0.10909,3.45845,7.49866,1
1613.1,0.1091,3.45845,7.49866,1
1613.2,0.10911,3.45844,7.49866,1
1613.3,0.1091,3.45843,7.49867,1
1613.4,0.10908,3.45843,7.49867,1
1613.5,0.10906,3.45844,7.49867,1
1613.6,0.10905,3.45844,7.49868,1
1613.7,0.10906,3.45845,7.49868,1
1613.8,0.10908,3.45844,7.49868,1
1613.9,0.10907,3.45843,7.49868,1
1614,0.10905,3.45842,7.49869,1
1614.1,0.10903,3.45842,7.49869,1
1614.2,0.10902,3.45843,7.49869,1
1614.3,0.10903,3.45843,7.4987,1
1614.4,0.10904,3.45843,7.4987,1
1614.5,0.10904,3.45843,7.4987,1
1614.6,0.10903,3.45842,7.4987,1
1614.7,0.10901,3.45842,7.49871,1
1614.8,0.109,3.45842,7.49871,1
1614.9,0.10899,3.45842,7.49871,1
1615,0.10901,3.45842,7.49872,1
1615.1,0.10902,3.45841,7.49872,1
1615.2,0.10902,3.4584,7.49872,1
1615.3,0.109,3.45839,7.49872,1
1615.4,0.10898,3.45839,7.49873,1
1615.5,0.10896,3.4584,7.49873,1
1615.6,0.10898,3.45841,7.49873,1
1615.7,0.10899,3.4584,7.49874,1
1615.8,0.10899,3.45839,7.49874,1
1615.9,0.10898,3.45838,7.49874,1
1616,0.10896,3.45838,7.49875,1
1616.1,0.10895,3.45839,7.49875,1
1616.2,0.10895,3.45839,7.49875,1
1616.3,0.10896,3.45839,7.49875,1
1616.4,0.10897,3.45838,7.49876,1
1616.5,0.10896,3.45837,7.49876,1
1616.6,0.10894,3.45837,7.49876,1
1616.7,0.10892,3.45837,7.49877,1
1616.8,0.10891,3.45838,7.49877,1
1616.9,0.10891,3.45838,7.49877,1
1617,0.10893,3.45838,7.49878,1
1617.1,0.10893,3.45836,7.49878,1
1617.2,0.10891,3.45835,7.49878,1
1617.3,0.10889,3.45835,7.49879,1
1617.4,0.10888,3.45836,7.49879,1
1617.5,0.10888,3.45837,7.49879,1
1617.6,0.1089,3.45836,7.49879,1
1617.7,0.1089,3.45835,7.4988,1
1617.8,0.10889,3.45834,7.4988,1
1617.9,0.10887,3.45834,7.4988,1
1618,0.10886,3.45835,7.49881,1
1618.1,0.10886,3.45836,7.49881,1
1618.2,0.10887,3.45835,7.49881,1
1618.3,0.10888,3.45834,7.49882,1
1618.4,0.10889,3.45833,7.49882,1
1618.5,0.10887,3.45832,7.49882,1
1618.6,0.10885,3.45832,7.49883,1
1618.7,0.10884,3.45832,7.49883,1
1618.8,0.10886,3.45832,7.49883,1
1618.9,0.10887,3.45832,7.49884,1
1619,0.10888,3.45831,7.49884,1
1619.1,0.10887,3.4583,7.49884,1
1619.2,0.10885,3.4583,7.49885,1
1619.3,0.10884,3.45831,7.49885,1
1619.4,0.10884,3.45831,7.49885,1
1619.5,0.10885,3.45831,7.49886,1
1619.6,0.10886,3.45829,7.49886,1
1619.7,0.10887,3.45828,7.49886,1
1619.8,0.10885,3.45828,7.49887,1
1619.9,0.10882,3.45829,7.49887,1
1620,0.10881,3.4583,7.49887,1
1620.1,0.10882,3.4583,7.49888,1
1620.2,0.10884,3.4583,7.49888,1
1620.3,0.10883,3.45828,7.49888,1
1620.4,0.10881,3.45828,7.49889,1
1620.5,0.10879,3.45828,7.49889,1
1620.6,0.10877,3.45829,7.49889,1
1620.7,0.10877,3.45829,7.4989,1
1620.8,0.10879,3.45829,7.4989,1
1620.9,0.10879,3.45827,7.4989,1
1621,0.10878,3.45827,7.49891,1
1621.1,0.10876,3.45827,7.49891,1
1621.2,0.10874,3.45827,7.49891,1
1621.3,0.10874,3.45828,7.49892,1
1621.4,0.10875,3.45827,7.49892,1
1621.5,0.10876,3.45826,7.49892,1
1621.6,0.10876,3.45825,7.49893,1
1621.7,0.10874,3.45824,7.49893,1
1621.8,0.10872,3.45824,7.49893,1
1621.9,0.10871,3.45825,7.49894,1
1622,0.10871,3.45825,7.49894,1
1622.1,0.10873,3.45824,7.49894,1
1622.2,0.10874,3.45823,7.49895,1
1622.3,0.10873,3.45822,7.49895,1
1622.4,0.10871,3.45822,7.49895,1
1622.5,0.1087,3.45823,7.49896,1
1622.6,0.1087,3.45824,7.49896,1
1622.7,0.10871,3.45823,7.49896,1
1622.8,0.10872,3.45822,7.49897,1
1622.9,0.10872,3.45821,7.49897,1
1623,0.1087,3.4582,7.49897,1
1623.1,0.10868,3.45821,7.49898,1
1623.2,0.10868,3.45822,7.49898,1
1623.3,0.10869,3.45822,7.49898,1
1623.4,0.1087,3.45822,7.49899,1
1623.5,0.1087,3.4582,7.49899,1
1623.6,0.10868,3.45819,7.49899,1
1623.7,0.10866,3.45819,7.499,1
1623.8,0.10865,3.4582,7.499,1
1623.9,0.10865,3.4582,7.49901,1
1624,0.10866,3.4582,7.49901,1
1624.1,0.10866,3.45818,7.49901,1
1624.2,0.10865,3.45817,7.49902,1
1624.3,0.10863,3.45817,7.49902,1
1624.4,0.10861,3.45818,7.49902,1
1624.5,0.1086,3.45818,7.49903,1
1624.6,0.10861,3.45818,7.49903,1
1624.7,0.10862,3.45817,7.49903,1
1624.8,0.10862,3.45815,7.49904,1
1624.9,0.1086,3.45814,7.49904,1
1625,0.10858,3.45814,7.49904,1
1625.1,0.10857,3.45815,7.49905,1
1625.2,0.10858,3.45815,7.49905,1
1625.3,0.1086,3.45815,7.49906,1
1625.4,0.1086,3.45814,7.49906,1
1625.5,0.10859,3.45812,7.49906,1
1625.6,0.10857,3.45812,7.49907,1
1625.7,0.10856,3.45813,7.49907,1
1625.8,0.10856,3.45814,7.49907,1
1625.9,0.10857,3.45814,7.49908,1
1626,0.10858,3.45813,7.49908,1
1626.1,0.10858,3.45812,7.49908,1
1626.2,0.10855,3.45811,7.49909,1
1626.3,0.10853,3.45812,7.49909,1
1626.4,0.10852,3.45813,7.49909,1
1626.5,0.10853,3.45813,7.4991,1
1626.6,0.10854,3.45813,7.4991,1
1626.7,0.10854,3.45811,7.49911,1
1626.8,0.10852,3.4581,7.49911,1
1626.9,0.1085,3.4581,7.49911,1
1627,0.10848,3.45811,7.49912,1
1627.1,0.10849,3.45811,7.49912,1
1627.2,0.1085,3.45811,7.49912,1
1627.3,0.10851,3.45809,7.49913,1
1627.4,0.1085,3.45808,7.49913,1
1627.5,0.10848,3.45808,7.49913,1
1627.6,0.10846,3.45809,7.49914,1
1627.7,0.10845,3.4581,7.49914,1
1627.8,0.10846,3.4581,7.49915,1
1627.9,0.10848,3.45809,7.49915,1
1628,0.10847,3.45808,7.49915,1
1628.1,0.10845,3.45807,7.49916,1
1628.2,0.10843,3.45807,7.49916,1
1628.3,0.10843,3.45808,7.49916,1
1628.4,0.10844,3.45809,7.49917,1
1628.5,0.10845,3.45808,7.49917,1
1628.6,0.10845,3.45807,7.49917,1
1628.7,0.10844,3.45806,7.49918,1
1628.8,0.10842,3.45806,7.49918,1
1628.9,0.10841,3.45807,7.49918,1
1629,0.10842,3.45808,7.49919,1
1629.1,0.10843,3.45807,7.49919,1
1629.2,0.10844,3.45806,7.4992,1
1629.3,0.10844,3.45805,7.4992,1
1629.4,0.10842,3.45805,7.4992,1
1629.5,0.1084,3.45806,7.49921,1
1629.6,0.1084,3.45807,7.49921,1
1629.7,0.10841,3.45807,7.49921,1
1629.8,0.10842,3.45807,7.49922,1
1629.9,0.10842,3.45806,7.49922,1
1630,0.1084,3.45804,7.49922,1
1630.1,0.10838,3.45804,7.49923,1
1630.2,0.10836,3.45805,7.49923,1
1630.3,0.10836,3.45806,7.49923,1
1630.4,0.10838,3.45805,7.49924,1
1630.5,0.10838,3.45804,7.49924,1
1630.6,0.10837,3.45803,7.49925,1
1630.7,0.10835,3.45803,7.49925,1
1630.8,0.10833,3.45803,7.49925,1
1630.9,0.10831,3.45804,7.49926,1
1631,0.10833,3.45803,7.49926,1
1631.1,0.10834,3.45802,7.49926,1
1631.2,0.10833,3.45801,7.49927,1
1631.3,0.10831,3.458,7.49927,1
1631.4,0.10829,3.458,7.49927,1
1631.5,0.10828,3.45801,7.49928,1
1631.6,0.10828,3.45802,7.49928,1
1631.7,0.10829,3.45802,7.49928,1
1631.8,0.10831,3.45801,7.49929,1
1631.9,0.1083,3.45799,7.49929,1
1632,0.10827,3.458,7.49929,1
1632.1,0.10826,3.458,7.4993,1
1632.2,0.10826,3.45801,7.4993,1
1632.3,0.10827,3.45801,7.49931,1
1632.4,0.10829,3.458,7.49931,1
1632.5,0.10828,3.45799,7.49931,1
1632.6,0.10826,3.45798,7.49932,1
1632.7,0.10824,3.45799,7.49932,1
1632.8,0.10823,3.458,7.49932,1
1632.9,0.10824,3.458,7.49933,1
1633,0.10826,3.458,7.49933,1
1633.1,0.10825,3.45799,7.49933,1
1633.2,0.10823,3.45798,7.49934,1
1633.3,0.10821,3.45798,7.49934,1
1633.4,0.1082,3.45799,7.49934,1
1633.5,0.10819,3.45799,7.49935,1
1633.6,0.1082,3.45799,7.49935,1
1633.7,0.10821,3.45797,7.49935,1
1633.8,0.1082,3.45796,7.49936,1
1633.9,0.10817,3.45796,7.49936,1
1634,0.10815,3.45796,7.49936,1
1634.1,0.10815,3.45797,7.49937,1
1634.2,0.10816,3.45796,7.49937,1
1634.3,0.10818,3.45795,7.49938,1
1634.4,0.10818,3.45794,7.49938,1
1634.5,0.10816,3.45793,7.49938,1
1634.6,0.10814,3.45793,7.49939,1
1634.7,0.10814,3.45794,7.49939,1
1634.8,0.10815,3.45794,7.49939,1
1634.9,0.10816,3.45794,7.4994,1
1635,0.10816,3.45793,7.4994,1
1635.1,0.10815,3.45792,7.4994,1
1635.2,0.10813,3.45793,7.49941,1
1635.3,0.10812,3.45793,7.49941,1
1635.4,0.10812,3.45794,7.49941,1
1635.5,0.10814,3.45794,7.49942,1
1635.6,0.10815,3.45792,7.49942,1
1635.7,0.10814,3.45792,7.49942,1
1635.8,0.10812,3.45792,7.49943,1
1635.9,0.1081,3.45792,7.49943,1
1636,0.1081,3.45793,7.49943,1
1636.1,0.10811,3.45793,7.49944,1
1636.2,0.10812,3.45793,7.49944,1
1636.3,0.10812,3.45792,7.49944,1
1636.4,0.1081,3.45791,7.49945,1
1636.5,0.10808,3.45791,7.49945,1
1636.6,0.10806,3.45792,7.49945,1
1636.7,0.10806,3.45793,7.49946,1
1636.8,0.10807,3.45792,7.49946,1
1636.9,0.10808,3.45791,7.49946,1
1637,0.10807,3.4579,7.49947,1
1637.1,0.10805,3.45791,7.49947,1
1637.2,0.10803,3.45792,7.49947,1
1637.3,0.10802,3.45792,7.49948,1
1637.4,0.10803,3.45792,7.49948,1
1637.5,0.10804,3.45791,7.49948,1
1637.6,0.10804,3.4579,7.49949,1
1637.7,0.10802,3.45789,7.49949,1
1637.8,0.108,3.45789,7.49949,1
1637.9,0.10799,3.4579,7.4995,1
1638,0.108,3.4579,7.4995,1
1638.1,0.10801,3.45789,7.4995,1
1638.2,0.10802,3.45788,7.49951,1
1638.3,0.10801,3.45787,7.49951,1
1638.4,0.10799,3.45787,7.49951,1
1638.5,0.10797,3.45788,7.49952,1
1638.6,0.10798,3.45788,7.49952,1
1638.7,0.10799,3.45787,7.49952,1
1638.8,0.108,3.45786,7.49953,1
1638.9,0.108,3.45785,7.49953,1
1639,0.10798,3.45786,7.49953,1
1639.1,0.10796,3.45786,7.49954,1
1639.2,0.10795,3.45787,7.49954,1
1639.3,0.10796,3.45788,7.49954,1
1639.4,0.10797,3.45787,7.49955,1
1639.5,0.10798,3.45786,7.49955,1
1639.6,0.10796,3.45786,7.49955,1
1639.7,0.10793,3.45786,7.49956,1
1639.8,0.10792,3.45787,7.49956,1
1639.9,0.10792,3.45788,7.49956,1
1640,0.10793,3.45787,7.49957,1
1640.1,0.10794,3.45786,7.49957,1
1640.2,0.10792,3.45785,7.49957,1
1640.3,0.1079,3.45785,7.49958,1
1640.4,0.10788,3.45786,7.49958,1
1640.5,0.10788,3.45787,7.49958,1
1640.6,0.10789,3.45786,7.49959,1
1640.7,0.1079,3.45785,7.49959,1
1640.8,0.1079,3.45784,7.49959,1
1640.9,0.10788,3.45783,7.49959,1
1641,0.10786,3.45783,7.4996,1
1641.1,0.10785,3.45784,7.4996,1
1641.2,0.10785,3.45785,7.4996,1
1641.3,0.10786,3.45784,7.49961,1
1641.4,0.10787,3.45783,7.49961,1
1641.5,0.10786,3.45782,7.49961,1
1641.6,0.10784,3.45782,7.49962,1
1641.7,0.10783,3.45783,7.49962,1
1641.8,0.10783,3.45783,7.49962,1
1641.9,0.10784,3.45782,7.49962,1
1642,0.10784,3.45781,7.49963,1
1642.1,0.10784,3.45781,7.49963,1
1642.2,0.10782,3.45781,7.49963,1
1642.3,0.1078,3.45782,7.49964,1
1642.4,0.10779,3.45783,7.49964,1
1642.5,0.1078,3.45783,7.49964,1
1642.6,0.10781,3.45783,7.49964,1
1642.7,0.10781,3.45782,7.49965,1
1642.8,0.10779,3.45781,7.49965,1
1642.9,0.10776,3.45781,7.49965,1
1643,0.10775,3.45782,7.49966,1
1643.1,0.10775,3.45782,7.49966,1
1643.2,0.10776,3.45782,7.49966,1
1643.3,0.10776,3.45781,7.49966,1
1643.4,0.10775,3.4578,7.49967,1
1643.5,0.10773,3.4578,7.49967,1
1643.6,0.10771,3.4578,7.49967,1
1643.7,0.1077,3.45781,7.49967,1
1643.8,0.10771,3.4578,7.49968,1
1643.9,0.10772,3.4578,7.49968,1
1644,0.10772,3.45779,7.49968,1
1644.1,0.1077,3.45778,7.49969,1
1644.2,0.10767,3.45778,7.49969,1
1644.3,0.10767,3.45779,7.49969,1
1644.4,0.10767,3.4578,7.49969,1
1644.5,0.10768,3.45779,7.4997,1
1644.6,0.10769,3.45778,7.4997,1
1644.7,0.10769,3.45777,7.4997,1
1644.8,0.10767,3.45776,7.4997,1
1644.9,0.10766,3.45777,7.49971,1
1645,0.10766,3.45778,7.49971,1
1645.1,0.10767,3.45777,7.49971,1
1645.2,0.10768,3.45776,7.49971,1
1645.3,0.10768,3.45775,7.49972,1
1645.4,0.10766,3.45775,7.49972,1
1645.5,0.10764,3.45776,7.49972,1
1645.6,0.10764,3.45776,7.49972,1
1645.7,0.10765,3.45777,7.49973,1
1645.8,0.10766,3.45777,7.49973,1
1645.9,0.10766,3.45775,7.49973,1
1646,0.10765,3.45774,7.49973,1
1646.1,0.10763,3.45775,7.49974,1
1646.2,0.10761,3.45776,7.49974,1
1646.3,0.1076,3.45776,7.49974,1
1646.4,0.10762,3.45775,7.49974,1
1646.5,0.10763,3.45774,7.49974,1
1646.6,0.10762,3.45774,7.49975,1
1646.7,0.1076,3.45774,7.49975,1
1646.8,0.10758,3.45774,7.49975,1
1646.9,0.10757,3.45775,7.49975,1
1647,0.10758,3.45775,7.49976,1
1647.1,0.10759,3.45774,7.49976,1
1647.2,0.1076,3.45773,7.49976,1
1647.3,0.10758,3.45772,7.49976,1
1647.4,0.10756,3.45772,7.49977,1
1647.5,0.10755,3.45773,7.49977,1
1647.6,0.10756,3.45774,7.49977,1
1647.7,0.10757,3.45774,7.49977,1
1647.8,0.10757,3.45773,7.49978,1
1647.9,0.10757,3.45772,7.49978,1
1648,0.10755,3.45772,7.49978,1
1648.1,0.10754,3.45773,7.49978,1
1648.2,0.10754,3.45773,7.49978,1
1648.3,0.10755,3.45773,7.49979,1
1648.4,0.10756,3.45773,7.49979,1
1648.5,0.10757,3.45772,7.49979,1
1648.6,0.10755,3.45772,7.49979,1
1648.7,0.10753,3.45773,7.49979,1
1648.8,0.10752,3.45773,7.4998,1
1648.9,0.10753,3.45774,7.4998,1
1649,0.10754,3.45774,7.4998,1
1649.1,0.10755,3.45773,7.4998,1
1649.2,0.10753,3.45772,7.4998,1
1649.3,0.10751,3.45772,7.49981,1
1649.4,0.10749,3.45773,7.49981,1
1649.5,0.10749,3.45773,7.49981,1
1649.6,0.1075,3.45773,7.49981,1
1649.7,0.1075,3.45772,7.49981,1
1649.8,0.10749,3.4577,7.49982,1
1649.9,0.10747,3.4577,7.49982,1
1650,0.10745,3.45771,7.49982,1
1650.1,0.10744,3.45771,7.49982,1
1650.2,0.10745,3.45771,7.49982,1
1650.3,0.10747,3.45771,7.49982,1
1650.4,0.10746,3.45769,7.49983,1
1650.5,0.10744,3.45769,7.49983,1
1650.6,0.10742,3.45769,7.49983,1
1650.7,0.10741,3.4577,7.49983,1
1650.8,0.10741,3.45771,7.49983,1
1650.9,0.10742,3.45771,7.49983,1
1651,0.10742,3.45769,7.49984,1
1651.1,0.10742,3.45769,7.49984,1
1651.2,0.10741,3.45769,7.49984,1
1651.3,0.10739,3.45769,7.49984,1
1651.4,0.10739,3.4577,7.49984,1
1651.5,0.1074,3.4577,7.49984,1
1651.6,0.10741,3.45769,7.49985,1
1651.7,0.10741,3.45768,7.49985,1
1651.8,0.10739,3.45768,7.49985,1
1651.9,0.10737,3.45769,7.49985,1
1652,0.10736,3.4577,7.49985,1
1652.1,0.10737,3.4577,7.49985,1
1652.2,0.10738,3.4577,7.49985,1
1652.3,0.10738,3.45769,7.49986,1
1652.4,0.10736,3.45768,7.49986,1
1652.5,0.10734,3.45769,7.49986,1
1652.6,0.10732,3.45769,7.49986,1
1652.7,0.10732,3.4577,7.49986,1
1652.8,0.10733,3.4577,7.49986,1
1652.9,0.10734,3.45768,7.49986,1
1653,0.10733,3.45767,7.49987,1
1653.1,0.10731,3.45767,7.49987,1
1653.2,0.10729,3.45767,7.49987,1
1653.3,0.10728,3.45768,7.49987,1
1653.4,0.10729,3.45768,7.49987,1
1653.5,0.1073,3.45767,7.49987,1
1653.6,0.1073,3.45766,7.49987,1
1653.7,0.10729,3.45765,7.49988,1
1653.8,0.10727,3.45765,7.49988,1
1653.9,0.10726,3.45766,7.49988,1
1654,0.10727,3.45766,7.49988,1
1654.1,0.10728,3.45766,7.49988,1
1654.2,0.10729,3.45765,7.49988,1
1654.3,0.10728,3.45764,7.49988,1
1654.4,0.10726,3.45764,7.49988,1
1654.5,0.10725,3.45764,7.49988,1
1654.6,0.10724,3.45765,7.49989,1
1654.7,0.10725,3.45765,7.49989,1
1654.8,0.10727,3.45764,7.49989,1
1654.9,0.10727,3.45763,7.49989,1
1655,0.10725,3.45763,7.49989,1
1655.1,0.10723,3.45763,7.49989,1
1655.2,0.10722,3.45764,7.49989,1
1655.3,0.10723,3.45765,7.49989,1
1655.4,0.10725,3.45765,7.49989,1
1655.5,0.10725,3.45764,7.49989,1
1655.6,0.10723,3.45762,7.49989,1
1655.7,0.10721,3.45762,7.4999,1
1655.8,0.1072,3.45763,7.4999,1
1655.9,0.10719,3.45764,7.4999,1
1656,0.10721,3.45763,7.4999,1
1656.1,0.10722,3.45762,7.4999,1
1656.2,0.10721,3.45761,7.4999,1
1656.3,0.10719,3.45762,7.4999,1
1656.4,0.10717,3.45762,7.4999,1
1656.5,0.10716,3.45763,7.4999,1
1656.6,0.10718,3.45763,7.4999,1
1656.7,0.10719,3.45762,7.4999,1
1656.8,0.10718,3.45761,7.4999,1
1656.9,0.10716,3.4576,7.4999,1
1657,0.10714,3.4576,7.4999,1
1657.1,0.10714,3.45761,7.4999,1
1657.2,0.10715,3.45761,7.49991,1
1657.3,0.10716,3.4576,7.49991,1
1657.4,0.10717,3.45759,7.49991,1
1657.5,0.10716,3.45758,7.49991,1
1657.6,0.10714,3.45759,7.49991,1
1657.7,0.10713,3.4576,7.49992,1
1657.8,0.10713,3.4576,7.49992,1
1657.9,0.10714,3.45759,7.49992,1
1658,0.10716,3.45758,7.49992,1
1658.1,0.10716,3.45758,7.49992,1
1658.2,0.10714,3.45758,7.49993,1
1658.3,0.10712,3.45759,7.49993,1
1658.4,0.10712,3.4576,7.49993,1
1658.5,0.10713,3.4576,7.49993,1
1658.6,0.10714,3.4576,7.49993,1
1658.7,0.10714,3.45759,7.49994,1
1658.8,0.10712,3.45758,7.49994,1
1658.9,0.1071,3.45758,7.49994,1
1659,0.10709,3.45759,7.49994,1
1659.1,0.10708,3.45759,7.49994,1
1659.2,0.10709,3.45759,7.49995,1
1659.3,0.1071,3.45758,7.49995,1
1659.4,0.10709,3.45757,7.49995,1
1659.5,0.10707,3.45757,7.49995,1
1659.6,0.10705,3.45758,7.49995,1
1659.7,0.10704,3.45758,7.49996,1
1659.8,0.10705,3.45758,7.49996,1
1659.9,0.10706,3.45758,7.49996,1
1660,0.10706,3.45757,7.49996,1
1660.1,0.10704,3.45756,7.49996,1
1660.2,0.10702,3.45756,7.49997,1
1660.3,0.10701,3.45757,7.49997,1
1660.4,0.10701,3.45757,7.49997,1
1660.5,0.10702,3.45756,7.49997,1
1660.6,0.10703,3.45755,7.49997,1
1660.7,0.10702,3.45755,7.49997,1
1660.8,0.107,3.45755,7.49998,1
1660.9,0.10699,3.45756,7.49998,1
1661,0.107,3.45757,7.49998,1
1661.1,0.10701,3.45757,7.49998,1
1661.2,0.10702,3.45756,7.49998,1
1661.3,0.10702,3.45755,7.49998,1
1661.4,0.107,3.45755,7.49999,1
1661.5,0.10698,3.45756,7.49999,1
1661.6,0.10698,3.45757,7.49999,1
1661.7,0.10699,3.45758,7.49999,1
1661.8,0.107,3.45757,7.49999,1
1661.9,0.107,3.45756,7.49999,1
1662,0.10698,3.45755,7.5,1
1662.1,0.10696,3.45755,7.5,1
1662.2,0.10695,3.45756,7.5,1
1662.3,0.10696,3.45756,7.5,1
1662.4,0.10697,3.45756,7.5,1
1662.5,0.10697,3.45755,7.5,1
1662.6,0.10696,3.45755,7.5,1
1662.7,0.10694,3.45754,7.50001,1
1662.8,0.10692,3.45755,7.50001,1
1662.9,0.10691,3.45756,7.50001,1
1663,0.10692,3.45755,7.50001,1
1663.1,0.10693,3.45754,7.50001,1
1663.2,0.10694,3.45753,7.50001,1
1663.3,0.10692,3.45752,7.50002,1
1663.4,0.1069,3.45753,7.50002,1
1663.5,0.10689,3.45753,7.50002,1
1663.6,0.1069,3.45754,7.50002,1
1663.7,0.10692,3.45753,7.50002,1
1663.8,0.10692,3.45752,7.50002,1
1663.9,0.10692,3.45752,7.50003,1
1664,0.1069,3.45752,7.50003,1
1664.1,0.10689,3.45753,7.50003,1
1664.2,0.1069,3.45753,7.50003,1
1664.3,0.10691,3.45753,7.50004,1
1664.4,0.10692,3.45753,7.50004,1
1664.5,0.10692,3.45752,7.50004,1
1664.6,0.10691,3.45752,7.50004,1
1664.7,0.10689,3.45752,7.50004,1
1664.8,0.10688,3.45753,7.50005,1
1664.9,0.1069,3.45754,7.50005,1
1665,0.10691,3.45753,7.50005,1
1665.1,0.10691,3.45752,7.50005,1
1665.2,0.10689,3.45752,7.50005,1
1665.3,0.10687,3.45752,7.50006,1
1665.4,0.10686,3.45753,7.50006,1
1665.5,0.10686,3.45753,7.50006,1
1665.6,0.10688,3.45753,7.50006,1
1665.7,0.10689,3.45752,7.50006,1
1665.8,0.10689,3.45751,7.50007,1
1665.9,0.10687,3.45751,7.50007,1
1666,0.10685,3.45751,7.50007,1
1666.1,0.10684,3.45752,7.50007,1
1666.2,0.10685,3.45752,7.50007,1
1666.3,0.10687,3.45752,7.50008,1
1666.4,0.10687,3.45751,7.50008,1
1666.5,0.10685,3.4575,7.50008,1
1666.6,0.10683,3.4575,7.50008,1
1666.7,0.10683,3.45751,7.50008,1
1666.8,0.10684,3.45752,7.50009,1
1666.9,0.10685,3.45751,7.50009,1
1667,0.10686,3.4575,7.50009,1
1667.1,0.10685,3.45749,7.50009,1
1667.2,0.10683,3.45749,7.50009,1
1667.3,0.10682,3.4575,7.50009,1
1667.4,0.10682,3.45751,7.50009,1
1667.5,0.10683,3.45751,7.5001,1
1667.6,0.10684,3.4575,7.5001,1
1667.7,0.10686,3.4575,7.5001,1
1667.8,0.10686,3.45749,7.5001,1
1667.9,0.10685,3.4575,7.5001,1
1668,0.10686,3.45751,7.5001,1
1668.1,0.10687,3.45752,7.5001,1
1668.2,0.10689,3.45752,7.50011,1
1668.3,0.10689,3.45751,7.50011,1
1668.4,0.10689,3.4575,7.50011,1
1668.5,0.10689,3.4575,7.50011,1
1668.6,0.10689,3.45751,7.50011,1
1668.7,0.10689,3.45751,7.50011,1
1668.8,0.1069,3.45751,7.50011,1
1668.9,0.10692,3.4575,7.50012,1
1669,0.10692,3.45749,7.50012,1
1669.1,0.10692,3.45749,7.50012,1
1669.2,0.10691,3.4575,7.50012,1
1669.3,0.10692,3.4575,7.50012,1
1669.4,0.10693,3.4575,7.50012,1
1669.5,0.10694,3.45749,7.50012,1
1669.6,0.10695,3.45748,7.50013,1
1669.7,0.10694,3.45747,7.50013,1
1669.8,0.10694,3.45747,7.50013,1
1669.9,0.10693,3.45748,7.50013,1
1670,0.10693,3.45749,7.50013,1
1670.1,0.10694,3.45749,7.50013,1
1670.2,0.10695,3.45747,7.50014,1
1670.3,0.10696,3.45746,7.50014,1
1670.4,0.10696,3.45747,7.50014,1
1670.5,0.10695,3.45748,7.50014,1
1670.6,0.10696,3.45748,7.50014,1
1670.7,0.10697,3.45748,7.50015,1
1670.8,0.10698,3.45747,7.50015,1
1670.9,0.10698,3.45747,7.50015,1
1671,0.10697,3.45747,7.50015,1
1671.1,0.10697,3.45748,7.50015,1
1671.2,0.10697,3.45749,7.50015,1
1671.3,0.10698,3.45749,7.50016,1
1671.4,0.10699,3.45749,7.50016,1
1671.5,0.10699,3.45748,7.50016,1
1671.6,0.10699,3.45747,7.50016,1
1671.7,0.10699,3.45748,7.50016,1
1671.8,0.10698,3.45748,7.50017,1
1671.9,0.10698,3.45749,7.50017,1
1672,0.10699,3.45748,7.50017,1
1672.1,0.107,3.45747,7.50017,1
1672.2,0.10701,3.45747,7.50017,1
1672.3,0.107,3.45747,7.50017,1
1672.4,0.10699,3.45748,7.50018,1
1672.5,0.107,3.45749,7.50018,1
1672.6,0.10701,3.45749,7.50018,1
1672.7,0.10702,3.45749,7.50018,1
1672.8,0.10702,3.45748,7.50018,1
1672.9,0.10701,3.45747,7.50019,1
1673,0.10701,3.45747,7.50019,1
1673.1,0.107,3.45748,7.50019,1
1673.2,0.107,3.45749,7.50019,1
1673.3,0.10701,3.45749,7.50019,1
1673.4,0.10702,3.45749,7.50019,1
1673.5,0.10702,3.45748,7.5002,1
1673.6,0.10702,3.45748,7.5002,1
1673.7,0.10701,3.45749,7.5002,1
1673.8,0.107,3.45749,7.5002,1
1673.9,0.10701,3.45749,7.5002,1
1674,0.10702,3.45748,7.50021,1
1674.1,0.10702,3.45747,7.50021,1
1674.2,0.10701,3.45747,7.50021,1
1674.3,0.107,3.45748,7.50021,1
1674.4,0.107,3.45749,7.50021,1
1674.5,0.10701,3.4575,7.50022,1
1674.6,0.10702,3.45749,7.50022,1
1674.7,0.10703,3.45748,7.50022,1
1674.8,0.10702,3.45748,7.50022,1
1674.9,0.10701,3.45748,7.50022,1
1675,0.10701,3.45749,7.50023,1
1675.1,0.107,3.45749,7.50023,2
1675.2,0.10701,3.45749,7.50023,2
1675.3,0.10702,3.45748,7.50023,2
1675.4,0.10702,3.45747,7.50023,2
1675.5,0.10701,3.45748,7.50023,2
1675.6,0.107,3.45749,7.50024,2
1675.7,0.107,3.4575,7.50024,2
1675.8,0.10701,3.4575,7.50024,2
1675.9,0.10702,3.4575,7.50024,2
1676,0.10702,3.45749,7.50024,2
1676.1,0.10701,3.45748,7.50025,2
1676.2,0.107,3.45748,7.50025,2
1676.3,0.10699,3.45749,7.50025,2
1676.4,0.10699,3.4575,7.50025,2
1676.5,0.107,3.4575,7.50025,2
1676.6,0.10701,3.45749,7.50026,2
1676.7,0.10702,3.45748,7.50026,2
1676.8,0.10701,3.45749,7.50026,2
1676.9,0.107,3.4575,7.50026,2
1677,0.107,3.4575,7.50026,2
1677.1,0.10701,3.45749,7.50026,2
1677.2,0.10701,3.45748,7.50027,2
1677.3,0.10701,3.45748,7.50027,2
1677.4,0.10701,3.45748,7.50027,2
1677.5,0.107,3.45749,7.50027,2
1677.6,0.107,3.4575,7.50027,2
1677.7,0.107,3.45751,7.50028,2
1677.8,0.10701,3.45751,7.50028,2
1677.9,0.10702,3.4575,7.50028,2
1678,0.10701,3.45749,7.50028,2
1678.1,0.107,3.4575,7.50028,2
1678.2,0.10699,3.45751,7.50029,2
1678.3,0.10699,3.45751,7.50029,2
1678.4,0.107,3.45751,7.50029,2
1678.5,0.107,3.4575,7.50029,2
1678.6,0.107,3.45749,7.50029,2
1678.7,0.10699,3.45749,7.5003,2
1678.8,0.10698,3.4575,7.5003,2
1678.9,0.10698,3.4575,7.5003,2
1679,0.10699,3.4575,7.5003,2
1679.1,0.10699,3.45749,7.5003,2
1679.2,0.10699,3.45748,7.50031,2
1679.3,0.10698,3.45748,7.50031,2
1679.4,0.10698,3.45748,7.50031,2
1679.5,0.10697,3.45749,7.50031,2
1679.6,0.10696,3.45749,7.50031,2
1679.7,0.10696,3.45749,7.50031,2
1679.8,0.10697,3.45748,7.50032,2
1679.9,0.10697,3.45747,7.50032,2
1680,0.10696,3.45748,7.50032,2
1680.1,0.10695,3.45749,7.50032,2
1680.2,0.10695,3.45749,7.50032,2
1680.3,0.10696,3.45749,7.50033,2
1680.4,0.10696,3.45748,7.50033,2
1680.5,0.10696,3.45747,7.50033,2
1680.6,0.10695,3.45747,7.50033,2
1680.7,0.10694,3.45748,7.50033,2
1680.8,0.10694,3.45749,7.50034,2
1680.9,0.10695,3.45749,7.50034,2
1681,0.10695,3.45749,7.50034,2
1681.1,0.10696,3.45748,7.50034,2
1681.2,0.10695,3.45748,7.50034,2
1681.3,0.10694,3.45748,7.50034,2
1681.4,0.10693,3.45749,7.50035,2
1681.5,0.10692,3.45749,7.50035,2
1681.6,0.10693,3.45749,7.50035,2
1681.7,0.10693,3.45748,7.50035,2
1681.8,0.10693,3.45747,7.50035,2
1681.9,0.10692,3.45748,7.50036,2
1682,0.10691,3.45749,7.50036,2
1682.1,0.10691,3.4575,7.50036,2
1682.2,0.10691,3.4575,7.50036,2
1682.3,0.10692,3.45749,7.50036,2
1682.4,0.10691,3.45748,7.50037,2
1682.5,0.1069,3.45747,7.50037,2
1682.6,0.10689,3.45747,7.50037,2
1682.7,0.10688,3.45748,7.50037,2
1682.8,0.10688,3.45749,7.50037,2
1682.9,0.10688,3.45749,7.50037,2
1683,0.10689,3.45748,7.50038,2
1683.1,0.10688,3.45747,7.50038,2
1683.2,0.10687,3.45747,7.50038,2
1683.3,0.10686,3.45747,7.50038,2
1683.4,0.10685,3.45748,7.50038,2
1683.5,0.10686,3.45748,7.50039,2
1683.6,0.10686,3.45747,7.50039,2
1683.7,0.10686,3.45747,7.50039,2
1683.8,0.10685,3.45747,7.50039,2
1683.9,0.10684,3.45747,7.50039,2
1684,0.10684,3.45748,7.50039,2
1684.1,0.10684,3.45749,7.5004,2
1684.2,0.10685,3.45748,7.5004,2
1684.3,0.10685,3.45747,7.5004,2
1684.4,0.10685,3.45747,7.5004,2
1684.5,0.10684,3.45747,7.5004,2
1684.6,0.10683,3.45748,7.50041,2
1684.7,0.10683,3.45749,7.50041,2
1684.8,0.10683,3.45748,7.50041,2
1684.9,0.10684,3.45747,7.50041,2
1685,0.10684,3.45746,7.50041,2
1685.1,0.10683,3.45747,7.50041,2
1685.2,0.10681,3.45748,7.50042,2
1685.3,0.10681,3.45748,7.50042,2
1685.4,0.10682,3.45748,7.50042,2
1685.5,0.10682,3.45747,7.50042,2
1685.6,0.10682,3.45746,7.50042,2
1685.7,0.10681,3.45745,7.50043,2
1685.8,0.1068,3.45745,7.50043,2
1685.9,0.10679,3.45746,7.50043,2
1686,0.10679,3.45747,7.50043,2
1686.1,0.10679,3.45746,7.50043,2
1686.2,0.10679,3.45745,7.50043,2
1686.3,0.10679,3.45744,7.50044,2
1686.4,0.10678,3.45745,7.50044,2
1686.5,0.10677,3.45746,7.50044,2
1686.6,0.10676,3.45746,7.50044,2
1686.7,0.10677,3.45745,7.50044,2
1686.8,0.10677,3.45744,7.50044,2
1686.9,0.10677,3.45744,7.50045,2
1687,0.10676,3.45744,7.50045,2
1687.1,0.10675,3.45745,7.50045,2
1687.2,0.10674,3.45745,7.50045,2
1687.3,0.10675,3.45746,7.50045,2
1687.4,0.10675,3.45746,7.50045,2
1687.5,0.10676,3.45745,7.50046,2
1687.6,0.10675,3.45744,7.50046,2
1687.7,0.10674,3.45745,7.50046,2
1687.8,0.10673,3.45746,7.50046,2
1687.9,0.10672,3.45746,7.50046,2
1688,0.10673,3.45746,7.50046,2
1688.1,0.10673,3.45745,7.50047,2
1688.2,0.10673,3.45745,7.50047,2
1688.3,0.10672,3.45745,7.50047,2
1688.4,0.10671,3.45746,7.50047,2
1688.5,0.1067,3.45746,7.50047,2
1688.6,0.10671,3.45746,7.50048,2
1688.7,0.10672,3.45746,7.50048,2
1688.8,0.10671,3.45745,7.50048,2
1688.9,0.1067,3.45744,7.50048,2
1689,0.10669,3.45744,7.50048,2
1689.1,0.10668,3.45745,7.50048,2
1689.2,0.10667,3.45746,7.50049,2
1689.3,0.10668,3.45746,7.50049,2
1689.4,0.10668,3.45745,7.50049,2
1689.5,0.10668,3.45744,7.50049,2
1689.6,0.10667,3.45744,7.50049,2
1689.7,0.10666,3.45745,7.50049,2
1689.8,0.10665,3.45746,7.5005,2
1689.9,0.10666,3.45745,7.5005,2
1690,0.10666,3.45744,7.5005,2
1690.1,0.10666,3.45743,7.5005,2
1690.2,0.10665,3.45743,7.5005,2
1690.3,0.10664,3.45744,7.5005,2
1690.4,0.10663,3.45745,7.50051,2
1690.5,0.10663,3.45746,7.50051,2
1690.6,0.10664,3.45745,7.50051,2
1690.7,0.10664,3.45744,7.50051,2
1690.8,0.10664,3.45744,7.50051,2
1690.9,0.10663,3.45744,7.50051,2
1691,0.10662,3.45745,7.50052,2
1691.1,0.10662,3.45745,7.50052,2
1691.2,0.10662,3.45745,7.50052,2
1691.3,0.10663,3.45744,7.50052,2
1691.4,0.10662,3.45743,7.50052,2
1691.5,0.10661,3.45744,7.50052,2
1691.6,0.1066,3.45745,7.50053,2
1691.7,0.10659,3.45745,7.50053,2
1691.8,0.1066,3.45744,7.50053,2
1691.9,0.1066,3.45743,7.50053,2
1692,0.1066,3.45742,7.50053,2
1692.1,0.10659,3.45742,7.50053,2
1692.2,0.10658,3.45742,7.50053,2
1692.3,0.10657,3.45743,7.50054,2
1692.4,0.10657,3.45744,7.50054,2
1692.5,0.10657,3.45743,7.50054,2
1692.6,0.10658,3.45742,7.50054,2
1692.7,0.10658,3.45742,7.50054,2
1692.8,0.10657,3.45742,7.50054,2
1692.9,0.10656,3.45743,7.50055,2
1693,0.10656,3.45743,7.50055,2
1693.1,0.10656,3.45743,7.50055,2
1693.2,0.10657,3.45742,7.50055,2
1693.3,0.10657,3.45741,7.50055,2
1693.4,0.10656,3.45741,7.50055,2
1693.5,0.10655,3.45741,7.50055,2
1693.6,0.10654,3.45742,7.50056,2
1693.7,0.10655,3.45743,7.50056,2
1693.8,0.10656,3.45743,7.50056,2
1693.9,0.10656,3.45741,7.50056,2
1694,0.10656,3.45741,7.50056,2
1694.1,0.10655,3.45741,7.50056,2
1694.2,0.10654,3.45742,7.50057,2
1694.3,0.10654,3.45743,7.50057,2
1694.4,0.10654,3.45742,7.50057,2
1694.5,0.10655,3.45741,7.50057,2
1694.6,0.10655,3.4574,7.50057,2
1694.7,0.10654,3.4574,7.50057,2
1694.8,0.10653,3.45741,7.50057,2
1694.9,0.10652,3.45752,7.50058,2
1695,0.10653,3.45763,7.50058,2
1695.1,0.10653,3.45774,7.50058,2
1695.2,0.10653,3.45784,7.50058,2
1695.3,0.10652,3.45796,7.50058,2
1695.4,0.10651,3.45808,7.50058,2
1695.5,0.1065,3.45821,7.50058,2
1695.6,0.1065,3.45834,7.50059,2
1695.7,0.10651,3.45845,7.50059,2
1695.8,0.10651,3.45854,7.50059,2
1695.9,0.10651,3.45864,7.50059,2
1696,0.1065,3.45875,7.50059,2
1696.1,0.10649,3.45887,7.50059,2
1696.2,0.10649,3.45898,7.50059,2
1696.3,0.1065,3.45906,7.5006,2
1696.4,0.10651,3.45914,7.5006,2
1696.5,0.10651,3.45922,7.5006,2
1696.6,0.1065,3.4593,7.5006,2
1696.7,0.10649,3.4594,7.5006,2
1696.8,0.10649,3.45949,7.5006,2
1696.9,0.10649,3.45958,7.5006,2
1697,0.1065,3.45965,7.50061,2
1697.1,0.1065,3.45971,7.50061,2
1697.2,0.10651,3.45977,7.50061,2
1697.3,0.1065,3.45984,7.50061,2
1697.4,0.10649,3.45992,7.50061,2
1697.5,0.10649,3.46,7.50061,2
1697.6,0.10649,3.46007,7.50061,2
1697.7,0.1065,3.46012,7.50062,2
1697.8,0.1065,3.46017,7.50062,2
1697.9,0.10649,3.46022,7.50062,2
1698,0.10648,3.46029,7.50062,2
1698.1,0.10648,3.46037,7.50062,2
1698.2,0.10649,3.46042,7.50062,2
1698.3,0.1065,3.46046,7.50062,2
1698.4,0.10649,3.4605,7.50062,2
1698.5,0.10649,3.46054,7.50063,2
1698.6,0.10648,3.4606,7.50063,2
1698.7,0.10647,3.46066,7.50063,2
1698.8,0.10646,3.46072,7.50063,2
1698.9,0.10647,3.46075,7.50063,2
1699,0.10647,3.46079,7.50063,2
1699.1,0.10647,3.46083,7.50063,2
1699.2,0.10647,3.46088,7.50063,2
1699.3,0.10646,3.46094,7.50064,2
1699.4,0.10646,3.46099,7.50064,2
1699.5,0.10646,3.46102,7.50064,2
1699.6,0.10647,3.46105,7.50064,2
1699.7,0.10647,3.46108,7.50064,2
1699.8,0.10646,3.46112,7.50064,2
1699.9,0.10645,3.46117,7.50064,2
1700,0.10644,3.46122,7.50064,2
1700.1,0.10644,3.46124,7.50065,2
1700.2,0.10644,3.46127,7.50065,2
1700.3,0.10644,3.46129,7.50065,2
1700.4,0.10644,3.46131,7.50065,2
1700.5,0.10644,3.46133,7.50065,2
1700.6,0.10644,3.46135,7.50065,2
1700.7,0.10644,3.46137,7.50065,2
1700.8,0.10644,3.46139,7.50065,2
1700.9,0.10644,3.46142,7.50066,2
1701,0.10644,3.46144,7.50066,2
1701.1,0.10644,3.46146,7.50066,2
1701.2,0.10644,3.46148,7.50066,2
1701.3,0.10644,3.4615,7.50066,2
1701.4,0.10644,3.46152,7.50066,2
1701.5,0.10644,3.46154,7.50066,2
1701.6,0.10644,3.46156,7.50066,2
1701.7,0.10644,3.46158,7.50067,2
1701.8,0.10644,3.4616,7.50067,2
1701.9,0.10644,3.46162,7.50067,2
1702,0.10644,3.46164,7.50067,2
1702.1,0.10644,3.46166,7.50067,2
1702.2,0.10644,3.46168,7.50067,2
1702.3,0.10644,3.4617,7.50067,2
1702.4,0.10644,3.46171,7.50067,2
1702.5,0.10644,3.46173,7.50068,2
1702.6,0.10644,3.46175,7.50068,2
1702.7,0.10644,3.46177,7.50068,2
1702.8,0.10644,3.46179,7.50068,2
1702.9,0.10644,3.46181,7.50068,2
1703,0.10644,3.46183,7.50068,2
1703.1,0.10644,3.46184,7.50068,2
1703.2,0.10644,3.46186,7.50068,2
1703.3,0.10644,3.46188,7.50069,2
1703.4,0.10644,3.4619,7.50069,2
1703.5,0.10644,3.46191,7.50069,2
1703.6,0.10644,3.46193,7.50069,2
1703.7,0.10644,3.46195,7.50069,2
1703.8,0.10644,3.46196,7.50069,2
1703.9,0.10644,3.46198,7.50069,2
1704,0.10644,3.462,7.5007,2
1704.1,0.10645,3.46201,7.5007,2
1704.2,0.10645,3.46203,7.5007,2
1704.3,0.10645,3.46205,7.5007,2
1704.4,0.10645,3.46206,7.5007,2
1704.5,0.10645,3.46208,7.5007,2
1704.6,0.10645,3.46209,7.5007,2
1704.7,0.10645,3.46211,7.5007,2
1704.8,0.10645,3.46212,7.50071,2
1704.9,0.10645,3.46214,7.50071,2
1705,0.10645,3.46216,7.50071,2
1705.1,0.10645,3.46217,7.50071,2
1705.2,0.10645,3.46218,7.50071,2
1705.3,0.10645,3.4622,7.50071,2
1705.4,0.10645,3.46221,7.50072,2
1705.5,0.10645,3.46223,7.50072,2
1705.6,0.10645,3.46224,7.50072,2
1705.7,0.10646,3.46226,7.50072,2
1705.8,0.10646,3.46227,7.50072,2
1705.9,0.10646,3.46228,7.50072,2
1706,0.10646,3.4623,7.50072,2
1706.1,0.10646,3.46231,7.50073,2
1706.2,0.10646,3.46232,7.50073,2
1706.3,0.10646,3.46234,7.50073,2
1706.4,0.10646,3.46235,7.50073,2
1706.5,0.10646,3.46236,7.50073,2
1706.6,0.10646,3.46237,7.50073,2
1706.7,0.10646,3.46239,7.50073,2
1706.8,0.10647,3.4624,7.50073,2
1706.9,0.10647,3.46241,7.50074,2
1707,0.10647,3.46242,7.50074,2
1707.1,0.10647,3.46243,7.50074,2
1707.2,0.10647,3.46244,7.50074,2
1707.3,0.10647,3.46245,7.50074,2
1707.4,0.10647,3.46247,7.50074,2
1707.5,0.10647,3.46248,7.50074,2
1707.6,0.10647,3.46249,7.50075,2
1707.7,0.10648,3.4625,7.50075,2
1707.8,0.10648,3.46251,7.50075,2
1707.9,0.10648,3.46252,7.50075,2
1708,0.10648,3.46253,7.50075,2
1708.1,0.10648,3.46254,7.50075,2
1708.2,0.10648,3.46255,7.50075,2
1708.3,0.10648,3.46256,7.50075,2
1708.4,0.10649,3.46257,7.50076,2
1708.5,0.10649,3.46257,7.50076,2
1708.6,0.10649,3.46258,7.50076,2
1708.7,0.10649,3.46259,7.50076,2
1708.8,0.10649,3.4626,7.50076,2
1708.9,0.10649,3.46261,7.50076,2
1709,0.10649,3.46262,7.50076,2
1709.1,0.1065,3.46262,7.50077,2
1709.2,0.1065,3.46263,7.50077,2
1709.3,0.1065,3.46264,7.50077,2
1709.4,0.1065,3.46265,7.50077,2
1709.5,0.1065,3.46265,7.50077,2
1709.6,0.1065,3.46266,7.50077,2
1709.7,0.10651,3.46267,7.50077,2
1709.8,0.10651,3.46267,7.50077,2
1709.9,0.10651,3.46268,7.50078,2
1710,0.10651,3.46269,7.50078,2
1710.1,0.10651,3.46269,7.50078,2
1710.2,0.10651,3.4627,7.50078,2
1710.3,0.10652,3.4627,7.50078,2
1710.4,0.10652,3.46271,7.50078,2
1710.5,0.10652,3.46271,7.50078,2
1710.6,0.10652,3.46272,7.50078,2
1710.7,0.10652,3.46272,7.50079,2
1710.8,0.10653,3.46273,7.50079,2
1710.9,0.10653,3.46273,7.50079,2
1711,0.10653,3.46274,7.50079,2
1711.1,0.10653,3.46274,7.50079,2
1711.2,0.10653,3.46274,7.50079,2
1711.3,0.10654,3.46275,7.50079,2
1711.4,0.10654,3.46275,7.5008,2
1711.5,0.10654,3.46275,7.5008,2
1711.6,0.10654,3.46276,7.5008,2
1711.7,0.10655,3.46276,7.5008,2
1711.8,0.10655,3.46276,7.5008,2
1711.9,0.10655,3.46276,7.5008,2
1712,0.10655,3.46277,7.5008,2
1712.1,0.10655,3.46277,7.5008,2
1712.2,0.10656,3.46277,7.50081,2
1712.3,0.10656,3.46277,7.50081,2
1712.4,0.10656,3.46277,7.50081,2
1712.5,0.10656,3.46277,7.50081,2
1712.6,0.10657,3.46277,7.50081,2
1712.7,0.10657,3.46277,7.50081,2
1712.8,0.10657,3.46278,7.50081,2
1712.9,0.10657,3.46278,7.50081,2
1713,0.10658,3.46278,7.50082,2
1713.1,0.10658,3.46278,7.50082,2
1713.2,0.10658,3.46278,7.50082,2
1713.3,0.10658,3.46277,7.50082,2
1713.4,0.10659,3.46277,7.50082,2
1713.5,0.10659,3.46277,7.50082,2
1713.6,0.10659,3.46277,7.50082,2
1713.7,0.1066,3.46277,7.50082,2
1713.8,0.1066,3.46277,7.50083,2
1713.9,0.1066,3.46277,7.50083,2
1714,0.1066,3.46276,7.50083,2
1714.1,0.10661,3.46276,7.50083,2
1714.2,0.10661,3.46276,7.50083,2
1714.3,0.10661,3.46276,7.50083,2
1714.4,0.10662,3.46275,7.50083,2
1714.5,0.10662,3.46275,7.50083,2
1714.6,0.10662,3.46275,7.50084,2
1714.7,0.10662,3.46274,7.50084,2
1714.8,0.10663,3.46274,7.50084,2
1714.9,0.10663,3.46274,7.50084,2
1715,0.10663,3.46273,7.50084,2
1715.1,0.10664,3.46273,7.50084,2
1715.2,0.10664,3.46272,7.50084,2
1715.3,0.10664,3.46272,7.50084,2
1715.4,0.10665,3.46271,7.50085,2
1715.5,0.10665,3.46271,7.50085,2
1715.6,0.10665,3.4627,7.50085,2
1715.7,0.10666,3.4627,7.50085,2
1715.8,0.10666,3.46269,7.50085,2
1715.9,0.10666,3.46268,7.50085,2
1716,0.10667,3.46268,7.50085,2
1716.1,0.10667,3.46267,7.50086,2
1716.2,0.10667,3.46266,7.50086,2
1716.3,0.10668,3.46266,7.50086,2
1716.4,0.10668,3.46265,7.50086,2
1716.5,0.10668,3.46264,7.50086,2
1716.6,0.10669,3.46263,7.50086,2
1716.7,0.10669,3.46263,7.50086,2
1716.8,0.1067,3.46262,7.50086,2
1716.9,0.1067,3.46261,7.50087,2
1717,0.1067,3.4626,7.50087,2
1717.1,0.10671,3.46259,7.50087,2
1717.2,0.10671,3.46258,7.50087,2
1717.3,0.10671,3.46257,7.50087,2
1717.4,0.10672,3.46256,7.50087,2
1717.5,0.10672,3.46255,7.50087,2
1717.6,0.10673,3.46254,7.50088,2
1717.7,0.10673,3.46253,7.50088,2
1717.8,0.10673,3.46252,7.50088,2
1717.9,0.10674,3.46251,7.50088,2
1718,0.10674,3.4625,7.50088,2
1718.1,0.10675,3.46249,7.50088,2
1718.2,0.10675,3.46248,7.50088,2
1718.3,0.10675,3.46247,7.50088,2
1718.4,0.10676,3.46246,7.50089,2
1718.5,0.10676,3.46244,7.50089,2
1718.6,0.10677,3.46243,7.50089,2
1718.7,0.10677,3.46242,7.50089,2
1718.8,0.10677,3.46241,7.50089,2
1718.9,0.10678,3.46239,7.50089,2
1719,0.10678,3.46238,7.50089,2
1719.1,0.10679,3.46237,7.5009,2
1719.2,0.10679,3.46235,7.5009,2
1719.3,0.1068,3.46234,7.5009,2
1719.4,0.1068,3.46233,7.5009,2
1719.5,0.1068,3.46231,7.5009,2
1719.6,0.10681,3.4623,7.5009,2
1719.7,0.10681,3.46228,7.5009,2
1719.8,0.10682,3.46227,7.50091,2
1719.9,0.10682,3.46225,7.50091,2
1720,0.10683,3.46224,7.50091,2
1720.1,0.10683,3.46222,7.50091,2
1720.2,0.10684,3.46221,7.50091,2
1720.3,0.10684,3.46219,7.50091,2
1720.4,0.10685,3.46217,7.50091,2
1720.5,0.10685,3.46216,7.50091,2
1720.6,0.10686,3.46214,7.50092,2
1720.7,0.10686,3.46212,7.50092,2
1720.8,0.10687,3.46211,7.50092,2
1720.9,0.10687,3.46209,7.50092,2
1721,0.10687,3.46207,7.50092,2
1721.1,0.10688,3.46205,7.50092,2
1721.2,0.10688,3.46204,7.50092,2
1721.3,0.10689,3.46202,7.50093,2
1721.4,0.10689,3.462,7.50093,2
1721.5,0.1069,3.46198,7.50093,2
1721.6,0.10691,3.46196,7.50093,2
1721.7,0.10691,3.46194,7.50093,2
1721.8,0.10692,3.46192,7.50093,2
1721.9,0.10692,3.4619,7.50093,2
1722,0.10693,3.46188,7.50094,2
1722.1,0.10693,3.46186,7.50094,2
1722.2,0.10694,3.46184,7.50094,2
1722.3,0.10694,3.46182,7.50094,2
1722.4,0.10695,3.4618,7.50094,2
1722.5,0.10695,3.46178,7.50094,2
1722.6,0.10696,3.46176,7.50094,2
1722.7,0.10696,3.46174,7.50094,2
1722.8,0.10697,3.46171,7.50095,2
1722.9,0.10697,3.46169,7.50095,2
1723,0.10698,3.46167,7.50095,2
1723.1,0.10699,3.46165,7.50095,2
1723.2,0.10699,3.46163,7.50095,2
1723.3,0.107,3.4616,7.50095,2
1723.4,0.107,3.46158,7.50095,2
1723.5,0.10701,3.46156,7.50096,2
1723.6,0.10701,3.46153,7.50096,2
1723.7,0.10702,3.46151,7.50096,2
1723.8,0.10703,3.46149,7.50096,2
1723.9,0.10703,3.46146,7.50096,2
1724,0.10704,3.46144,7.50096,2
1724.1,0.10704,3.46141,7.50096,2
1724.2,0.10705,3.46139,7.50097,2
1724.3,0.10705,3.46136,7.50097,2
1724.4,0.10706,3.46134,7.50097,2
1724.5,0.10707,3.46131,7.50097,2
1724.6,0.10707,3.46129,7.50097,2
1724.7,0.10708,3.46126,7.50097,2
1724.8,0.10708,3.46123,7.50097,2
1724.9,0.10709,3.46121,7.50097,2
1725,0.1071,3.46118,7.50098,2
1725.1,0.1071,3.46115,7.50098,2
1725.2,0.10711,3.46113,7.50098,2
1725.3,0.10712,3.4611,7.50098,2
1725.4,0.10712,3.46107,7.50098,2
1725.5,0.10713,3.46105,7.50098,2
1725.6,0.10713,3.46102,7.50098,2
1725.7,0.10714,3.46099,7.50099,2
1725.8,0.10715,3.46096,7.50099,2
1725.9,0.10715,3.46093,7.50099,2
1726,0.10716,3.4609,7.50099,2
1726.1,0.10717,3.46087,7.50099,2
1726.2,0.10717,3.46085,7.50099,2
1726.3,0.10718,3.46082,7.50099,2
1726.4,0.10719,3.46079,7.501,2
1726.5,0.10719,3.46076,7.501,2
1726.6,0.1072,3.46073,7.501,2
1726.7,0.10721,3.4607,7.501,2
1726.8,0.10721,3.46067,7.501,2
1726.9,0.10722,3.46064,7.501,2
1727,0.10723,3.4606,7.501,2
1727.1,0.10723,3.46057,7.501,2
1727.2,0.10724,3.46054,7.50101,2
1727.3,0.10725,3.46051,7.50101,2
1727.4,0.10726,3.46048,7.50101,2
1727.5,0.10726,3.46045,7.50101,2
1727.6,0.10727,3.46041,7.50101,2
1727.7,0.10728,3.46038,7.50101,2
1727.8,0.10728,3.46035,7.50101,2
1727.9,0.10729,3.46032,7.50102,2
1728,0.1073,3.46028,7.50102,2
1728.1,0.10731,3.46025,7.50102,2
1728.2,0.10731,3.46022,7.50102,2
1728.3,0.10732,3.46018,7.50102,2
1728.4,0.10733,3.46015,7.50102,2
1728.5,0.10733,3.46012,7.50102,2
1728.6,0.10734,3.46008,7.50102,2
1728.7,0.10735,3.46005,7.50103,2
1728.8,0.10736,3.46001,7.50103,2
1728.9,0.10736,3.45998,7.50103,2
1729,0.10737,3.45994,7.50103,2
1729.1,0.10738,3.45991,7.50103,2
1729.2,0.10739,3.45987,7.50103,2
1729.3,0.10739,3.45984,7.50103,2
1729.4,0.1074,3.4598,7.50104,2
1729.5,0.10741,3.45977,7.50104,2
1729.6,0.10742,3.45973,7.50104,2
1729.7,0.10743,3.45969,7.50104,2
1729.8,0.10743,3.45966,7.50104,2
1729.9,0.10744,3.45962,7.50104,2
1730,0.10745,3.45958,7.50104,2
1730.1,0.10746,3.45955,7.50105,2
1730.2,0.10746,3.45951,7.50105,2
1730.3,0.10747,3.45947,7.50105,2
1730.4,0.10748,3.45943,7.50105,2
1730.5,0.10749,3.4594,7.50105,2
1730.6,0.1075,3.45936,7.50105,2
1730.7,0.10751,3.45932,7.50105,2
1730.8,0.10751,3.45928,7.50105,2
1730.9,0.10752,3.45924,7.50106,2
1731,0.10753,3.4592,7.50106,2
1731.1,0.10754,3.45916,7.50106,2
1731.2,0.10755,3.45913,7.50106,2
1731.3,0.10755,3.45909,7.50106,2
1731.4,0.10756,3.45905,7.50106,2
1731.5,0.10757,3.45901,7.50106,2
1731.6,0.10758,3.45897,7.50107,2
1731.7,0.10759,3.45893,7.50107,2
1731.8,0.1076,3.45889,7.50107,2
1731.9,0.10761,3.45885,7.50107,2
1732,0.10761,3.4588,7.50107,2
1732.1,0.10762,3.45876,7.50107,2
1732.2,0.10763,3.45872,7.50107,2
1732.3,0.10764,3.45868,7.50108,2
1732.4,0.10765,3.45864,7.50108,2
1732.5,0.10766,3.4586,7.50108,2
1732.6,0.10767,3.45856,7.50108,2
1732.7,0.10767,3.45852,7.50108,2
1732.8,0.10768,3.45847,7.50108,2
1732.9,0.10769,3.45843,7.50108,2
1733,0.1077,3.45839,7.50108,2
1733.1,0.10771,3.45835,7.50109,2
1733.2,0.10772,3.4583,7.50109,2
1733.3,0.10773,3.45826,7.50109,2
1733.4,0.10774,3.45822,7.50109,2
1733.5,0.10775,3.45817,7.50109,2
1733.6,0.10776,3.45813,7.50109,2
1733.7,0.10776,3.45809,7.50109,2
1733.8,0.10777,3.45804,7.5011,2
1733.9,0.10778,3.458,7.5011,2
1734,0.10779,3.45796,7.5011,2
1734.1,0.1078,3.45791,7.5011,2
1734.2,0.10781,3.45787,7.5011,2
1734.3,0.10782,3.45782,7.5011,2
1734.4,0.10783,3.45778,7.5011,2
1734.5,0.10784,3.45773,7.50111,2
1734.6,0.10785,3.45769,7.50111,2
1734.7,0.10786,3.45764,7.50111,2
1734.8,0.10787,3.4576,7.50111,2
1734.9,0.10788,3.45755,7.50111,2
1735,0.10789,3.45751,7.50111,2
1735.1,0.1079,3.45746,7.50111,2
1735.2,0.10791,3.45742,7.50111,2
1735.3,0.10792,3.45737,7.50112,2
1735.4,0.10793,3.45733,7.50112,2
1735.5,0.10794,3.45728,7.50112,2
1735.6,0.10795,3.45723,7.50112,2
1735.7,0.10796,3.45719,7.50112,2
1735.8,0.10797,3.45714,7.50112,2
1735.9,0.10798,3.45709,7.50112,2
1736,0.10799,3.45705,7.50113,2
1736.1,0.108,3.457,7.50113,2
1736.2,0.10801,3.45695,7.50113,2
1736.3,0.10802,3.4569,7.50113,2
1736.4,0.10803,3.45686,7.50113,2
1736.5,0.10804,3.45681,7.50113,2
1736.6,0.10805,3.45676,7.50113,2
1736.7,0.10806,3.45671,7.50114,2
1736.8,0.10807,3.45667,7.50114,2
1736.9,0.10808,3.45662,7.50114,2
1737,0.10809,3.45657,7.50114,2
1737.1,0.1081,3.45652,7.50114,2
1737.2,0.10811,3.45647,7.50114,2
1737.3,0.10812,3.45643,7.50114,2
1737.4,0.10813,3.45638,7.50114,2
1737.5,0.10814,3.45633,7.50115,2
1737.6,0.10815,3.45628,7.50115,2
1737.7,0.10816,3.45623,7.50115,2
1737.8,0.10817,3.45618,7.50115,2
1737.9,0.10818,3.45613,7.50115,2
1738,0.10819,3.45608,7.50115,2
1738.1,0.1082,3.45603,7.50115,2
1738.2,0.10821,3.45598,7.50116,2
1738.3,0.10822,3.45593,7.50116,2
1738.4,0.10824,3.45588,7.50116,2
1738.5,0.10825,3.45583,7.50116,2
1738.6,0.10826,3.45578,7.50116,2
1738.7,0.10827,3.45573,7.50116,2
1738.8,0.10828,3.45568,7.50116,2
1738.9,0.10829,3.45563,7.50117,2
1739,0.1083,3.45558,7.50117,2
1739.1,0.10831,3.45553,7.50117,2
1739.2,0.10832,3.45548,7.50117,2
1739.3,0.10833,3.45543,7.50117,2
1739.4,0.10835,3.45538,7.50117,2
1739.5,0.10836,3.45533,7.50117,2
1739.6,0.10837,3.45528,7.50118,2
1739.7,0.10838,3.45523,7.50118,2
1739.8,0.10839,3.45518,7.50118,2
1739.9,0.1084,3.45513,7.50118,2
1740,0.10841,3.45508,7.50118,2
1740.1,0.10843,3.45503,7.50118,2
1740.2,0.10844,3.45498,7.50118,2
1740.3,0.10845,3.45492,7.50118,2
1740.4,0.10846,3.45487,7.50119,2
1740.5,0.10847,3.45482,7.50119,2
1740.6,0.10848,3.45477,7.50119,2
1740.7,0.10849,3.45472,7.50119,2
1740.8,0.10851,3.45467,7.50119,2
1740.9,0.10852,3.45461,7.50119,2
1741,0.10853,3.45456,7.50119,2
1741.1,0.10854,3.45451,7.5012,2
1741.2,0.10855,3.45446,7.5012,2
1741.3,0.10857,3.45441,7.5012,2
1741.4,0.10858,3.45436,7.5012,2
1741.5,0.10859,3.4543,7.5012,2
1741.6,0.1086,3.45425,7.5012,2
1741.7,0.10861,3.4542,7.5012,2
1741.8,0.10863,3.45415,7.50121,2
1741.9,0.10864,3.4541,7.50121,2
1742,0.10865,3.45404,7.50121,2
1742.1,0.10866,3.45399,7.50121,2
1742.2,0.10867,3.45394,7.50121,2
1742.3,0.10869,3.45389,7.50121,2
1742.4,0.1087,3.45383,7.50121,2
1742.5,0.10871,3.45378,7.50121,2
1742.6,0.10872,3.45373,7.50122,2
1742.7,0.10874,3.45368,7.50122,2
1742.8,0.10875,3.45362,7.50122,2
1742.9,0.10876,3.45357,7.50122,2
1743,0.10877,3.45352,7.50122,2
1743.1,0.10879,3.45347,7.50122,2
1743.2,0.1088,3.45341,7.50122,2
1743.3,0.10881,3.45336,7.50123,2
1743.4,0.10882,3.45331,7.50123,2
1743.5,0.10884,3.45326,7.50123,2
1743.6,0.10885,3.4532,7.50123,2
1743.7,0.10886,3.45315,7.50123,2
1743.8,0.10887,3.4531,7.50123,2
1743.9,0.10889,3.45305,7.50123,2
1744,0.1089,3.45299,7.50124,2
1744.1,0.10891,3.45294,7.50124,2
1744.2,0.10893,3.45289,7.50124,2
1744.3,0.10894,3.45284,7.50124,2
1744.4,0.10895,3.45278,7.50124,2
1744.5,0.10896,3.45273,7.50124,2
1744.6,0.10898,3.45268,7.50124,2
1744.7,0.10899,3.45263,7.50125,2
1744.8,0.109,3.45257,7.50125,2
1744.9,0.10902,3.45252,7.50125,2
1745,0.10903,3.45247,7.50125,2
1745.1,0.10904,3.45242,7.50125,2
1745.2,0.10906,3.45237,7.50125,2
1745.3,0.10907,3.45231,7.50125,2
1745.4,0.10908,3.45226,7.50125,2
1745.5,0.1091,3.45221,7.50126,2
1745.6,0.10911,3.45216,7.50126,2
1745.7,0.10912,3.4521,7.50126,2
1745.8,0.10914,3.45205,7.50126,2
1745.9,0.10915,3.452,7.50126,2
1746,0.10916,3.45195,7.50126,2
1746.1,0.10918,3.4519,7.50126,2
1746.2,0.10919,3.45184,7.50127,2
1746.3,0.1092,3.45179,7.50127,2
1746.4,0.10922,3.45174,7.50127,2
1746.5,0.10923,3.45169,7.50127,2
1746.6,0.10925,3.45164,7.50127,2
1746.7,0.10926,3.45159,7.50127,2
1746.8,0.10927,3.45153,7.50127,2
1746.9,0.10929,3.45148,7.50128,2
1747,0.1093,3.45143,7.50128,2
1747.1,0.10931,3.45138,7.50128,2
1747.2,0.10933,3.45133,7.50128,2
1747.3,0.10934,3.45128,7.50128,2
1747.4,0.10936,3.45123,7.50128,2
1747.5,0.10937,3.45117,7.50128,2
1747.6,0.10938,3.45112,7.50129,2
1747.7,0.1094,3.45107,7.50129,2
1747.8,0.10941,3.45102,7.50129,2
1747.9,0.10943,3.45097,7.50129,2
1748,0.10944,3.45092,7.50129,2
1748.1,0.10946,3.45087,7.50129,2
1748.2,0.10947,3.45082,7.50129,2
1748.3,0.10948,3.45077,7.5013,2
1748.4,0.1095,3.45072,7.5013,2
1748.5,0.10951,3.45067,7.5013,2
1748.6,0.10953,3.45062,7.5013,2
1748.7,0.10954,3.45057,7.5013,2
1748.8,0.10956,3.45052,7.5013,2
1748.9,0.10957,3.45047,7.5013,2
1749,0.10959,3.45042,7.5013,2
1749.1,0.1096,3.45037,7.50131,2
1749.2,0.10961,3.45032,7.50131,2
1749.3,0.10963,3.45027,7.50131,2
1749.4,0.10964,3.45022,7.50131,2
1749.5,0.10966,3.45018,7.50131,2
1749.6,0.10967,3.45013,7.50131,2
1749.7,0.10969,3.45008,7.50131,2
1749.8,0.1097,3.45003,7.50132,2
1749.9,0.10972,3.44998,7.50132,2
1750,0.10973,3.44993,7.50132,2
1750.1,0.10975,3.44989,7.50132,2
1750.2,0.10976,3.44984,7.50132,2
1750.3,0.10978,3.44979,7.50132,2
1750.4,0.10979,3.44974,7.50132,2
1750.5,0.10981,3.4497,7.50133,2
1750.6,0.10982,3.44965,7.50133,2
1750.7,0.10984,3.4496,7.50133,2
1750.8,0.10985,3.44955,7.50133,2
1750.9,0.10987,3.44951,7.50133,2
1751,0.10988,3.44946,7.50133,2
1751.1,0.1099,3.44942,7.50133,2
1751.2,0.10991,3.44937,7.50134,2
1751.3,0.10993,3.44932,7.50134,2
1751.4,0.10995,3.44928,7.50134,2
1751.5,0.10996,3.44923,7.50134,2
1751.6,0.10998,3.44919,7.50134,2
1751.7,0.10999,3.44914,7.50134,2
1751.8,0.11001,3.4491,7.50134,2
1751.9,0.11002,3.44905,7.50135,2
1752,0.11004,3.44901,7.50135,2
1752.1,0.11005,3.44896,7.50135,2
1752.2,0.11007,3.44892,7.50135,2
1752.3,0.11009,3.44888,7.50135,2
1752.4,0.1101,3.44883,7.50135,2
1752.5,0.11012,3.44879,7.50135,2
1752.6,0.11013,3.44875,7.50135,2
1752.7,0.11015,3.4487,7.50136,2
1752.8,0.11016,3.44866,7.50136,2
1752.9,0.11018,3.44862,7.50136,2
1753,0.1102,3.44858,7.50136,2
1753.1,0.11021,3.44853,7.50136,2
1753.2,0.11023,3.44849,7.50136,2
1753.3,0.11024,3.44845,7.50136,2
1753.4,0.11026,3.44841,7.50137,2
1753.5,0.11028,3.44837,7.50137,2
1753.6,0.11029,3.44833,7.50137,2
1753.7,0.11031,3.44829,7.50137,2
1753.8,0.11032,3.44825,7.50137,2
1753.9,0.11034,3.44821,7.50137,2
1754,0.11036,3.44817,7.50137,2
1754.1,0.11037,3.44813,7.50138,2
1754.2,0.11039,3.44809,7.50138,2
1754.3,0.11041,3.44805,7.50138,2
1754.4,0.11042,3.44801,7.50138,2
1754.5,0.11044,3.44797,7.50138,2
1754.6,0.11045,3.44794,7.50138,2
1754.7,0.11047,3.4479,7.50138,2
1754.8,0.11049,3.44786,7.50139,2
1754.9,0.1105,3.44782,7.50139,2
1755,0.11052,3.44779,7.50139,2
1755.1,0.11054,3.44775,7.50139,2
1755.2,0.11055,3.44772,7.50139,2
1755.3,0.11057,3.44768,7.50139,2
1755.4,0.11059,3.44764,7.50139,2
1755.5,0.1106,3.44761,7.5014,2
1755.6,0.11062,3.44757,7.5014,2
1755.7,0.11064,3.44754,7.5014,2
1755.8,0.11065,3.44751,7.5014,2
1755.9,0.11067,3.44747,7.5014,2
1756,0.11069,3.44744,7.5014,2
1756.1,0.1107,3.44741,7.5014,2
1756.2,0.11072,3.44737,7.50141,2
1756.3,0.11074,3.44734,7.50141,2
1756.4,0.11075,3.44731,7.50141,2
1756.5,0.11077,3.44728,7.50141,2
1756.6,0.11079,3.44725,7.50141,2
1756.7,0.11081,3.44722,7.50141,2
1756.8,0.11082,3.44719,7.50141,2
1756.9,0.11084,3.44716,7.50141,2
1757,0.11086,3.44713,7.50142,2
1757.1,0.11087,3.4471,7.50142,2
1757.2,0.11089,3.44707,7.50142,2
1757.3,0.11091,3.44704,7.50142,2
1757.4,0.11093,3.44701,7.50142,2
1757.5,0.11094,3.44698,7.50142,2
1757.6,0.11096,3.44696,7.50142,2
1757.7,0.11098,3.44693,7.50143,2
1757.8,0.11099,3.4469,7.50143,2
1757.9,0.11101,3.44688,7.50143,2
1758,0.11103,3.44685,7.50143,2
1758.1,0.11105,3.44683,7.50143,2
1758.2,0.11106,3.4468,7.50143,2
1758.3,0.11108,3.44678,7.50143,2
1758.4,0.1111,3.44675,7.50144,2
1758.5,0.11112,3.44673,7.50144,2
1758.6,0.11113,3.44671,7.50144,2
1758.7,0.11115,3.44668,7.50144,2
1758.8,0.11117,3.44666,7.50144,2
1758.9,0.11119,3.44664,7.50144,2
1759,0.11121,3.44662,7.50144,2
1759.1,0.11122,3.4466,7.50145,2
1759.2,0.11124,3.44658,7.50145,2
1759.3,0.11126,3.44656,7.50145,2
1759.4,0.11128,3.44654,7.50145,2
1759.5,0.11129,3.44652,7.50145,2
1759.6,0.11131,3.4465,7.50145,2
1759.7,0.11133,3.44648,7.50145,2
1759.8,0.11135,3.44647,7.50146,2
1759.9,0.11137,3.44645,7.50146,2
1760,0.11138,3.44643,7.50146,2
1760.1,0.1114,3.44642,7.50146,2
1760.2,0.11142,3.4464,7.50146,2
1760.3,0.11144,3.44639,7.50146,2
1760.4,0.11146,3.44637,7.50146,2
1760.5,0.11147,3.44636,7.50147,2
1760.6,0.11149,3.44635,7.50147,2
1760.7,0.11151,3.44633,7.50147,2
1760.8,0.11153,3.44632,7.50147,2
1760.9,0.11155,3.44631,7.50147,2
1761,0.11157,3.4463,7.50147,2
1761.1,0.11158,3.44629,7.50147,2
1761.2,0.1116,3.44628,7.50148,2
1761.3,0.11162,3.44627,7.50148,2
1761.4,0.11164,3.44626,7.50148,2
1761.5,0.11166,3.44625,7.50148,2
1761.6,0.11168,3.44625,7.50148,2
1761.7,0.11169,3.44624,7.50148,2
1761.8,0.11171,3.44623,7.50148,2
1761.9,0.11173,3.44623,7.50149,2
1762,0.11175,3.44622,7.50149,2
1762.1,0.11177,3.44622,7.50149,2
1762.2,0.11179,3.44621,7.50149,2
1762.3,0.1118,3.44621,7.50149,2
1762.4,0.11182,3.44621,7.50149,2
1762.5,0.11184,3.4462,7.50149,2
1762.6,0.11186,3.4462,7.50149,2
1762.7,0.11188,3.4462,7.5015,2
1762.8,0.1119,3.4462,7.5015,2
1762.9,0.11192,3.4462,7.5015,2
1763,0.11194,3.4462,7.5015,2
1763.1,0.11195,3.4462,7.5015,2
1763.2,0.11197,3.4462,7.5015,2
1763.3,0.11199,3.44621,7.5015,2
1763.4,0.11201,3.44621,7.50151,2
1763.5,0.11203,3.44621,7.50151,2
1763.6,0.11205,3.44622,7.50151,2
1763.7,0.11207,3.44623,7.50151,2
1763.8,0.11209,3.44623,7.50151,2
1763.9,0.1121,3.44624,7.50151,2
1764,0.11212,3.44625,7.50151,2
1764.1,0.11214,3.44625,7.50152,2
1764.2,0.11216,3.44626,7.50152,2
1764.3,0.11218,3.44627,7.50152,2
1764.4,0.1122,3.44628,7.50152,2
1764.5,0.11222,3.44629,7.50152,2
1764.6,0.11224,3.44631,7.50152,2
1764.7,0.11226,3.44632,7.50152,2
1764.8,0.11228,3.44633,7.50153,2
1764.9,0.1123,3.44634,7.50153,2
1765,0.11232,3.44636,7.50153,2
1765.1,0.11233,3.44637,7.50153,2
1765.2,0.11235,3.44639,7.50153,2
1765.3,0.11237,3.44641,7.50153,2
1765.4,0.11239,3.44643,7.50153,2
1765.5,0.11241,3.44644,7.50154,2
1765.6,0.11243,3.44646,7.50154,2
1765.7,0.11245,3.44648,7.50154,2
1765.8,0.11247,3.4465,7.50154,2
1765.9,0.11249,3.44652,7.50154,2
1766,0.11251,3.44655,7.50154,2
1766.1,0.11253,3.44657,7.50154,2
1766.2,0.11255,3.44659,7.50155,2
1766.3,0.11257,3.44662,7.50155,2
1766.4,0.11259,3.44664,7.50155,2
1766.5,0.11261,3.44667,7.50155,2
1766.6,0.11263,3.4467,7.50155,2
1766.7,0.11264,3.44673,7.50155,2
1766.8,0.11266,3.44675,7.50155,2
1766.9,0.11268,3.44678,7.50156,2
1767,0.1127,3.44681,7.50156,2
1767.1,0.11272,3.44685,7.50156,2
1767.2,0.11274,3.44688,7.50156,2
1767.3,0.11276,3.44691,7.50156,2
1767.4,0.11278,3.44694,7.50156,2
1767.5,0.1128,3.44698,7.50156,2
1767.6,0.11282,3.44701,7.50157,2
1767.7,0.11284,3.44705,7.50157,2
1767.8,0.11286,3.44709,7.50157,2
1767.9,0.11288,3.44713,7.50157,2
1768,0.1129,3.44717,7.50157,2
1768.1,0.11292,3.44721,7.50157,2
1768.2,0.11294,3.44725,7.50157,2
1768.3,0.11296,3.44729,7.50157,2
1768.4,0.11298,3.44733,7.50158,2
1768.5,0.113,3.44737,7.50158,2
1768.6,0.11302,3.44742,7.50158,2
1768.7,0.11304,3.44746,7.50158,2
1768.8,0.11306,3.44751,7.50158,2
1768.9,0.11308,3.44756,7.50158,2
1769,0.1131,3.44761,7.50158,2
1769.1,0.11312,3.44766,7.50159,2
1769.2,0.11314,3.44771,7.50159,2
1769.3,0.11316,3.44776,7.50159,2
1769.4,0.11318,3.44781,7.50159,2
1769.5,0.1132,3.44786,7.50159,2
1769.6,0.11322,3.44792,7.50159,2
1769.7,0.11324,3.44797,7.50159,2
1769.8,0.11326,3.44803,7.5016,2
1769.9,0.11328,3.44809,7.5016,2
1770,0.1133,3.44814,7.5016,2
1770.1,0.11332,3.4482,7.5016,2
1770.2,0.11334,3.44826,7.5016,2
1770.3,0.11336,3.44832,7.5016,2
1770.4,0.11338,3.44839,7.5016,2
1770.5,0.1134,3.44845,7.50161,2
1770.6,0.11342,3.44851,7.50161,2
1770.7,0.11344,3.44858,7.50161,2
1770.8,0.11346,3.44865,7.50161,2
1770.9,0.11348,3.44871,7.50161,2
1771,0.1135,3.44878,7.50161,2
1771.1,0.11352,3.44885,7.50161,2
1771.2,0.11354,3.44892,7.50162,2
1771.3,0.11356,3.44899,7.50162,2
1771.4,0.11358,3.44907,7.50162,2
1771.5,0.1136,3.44914,7.50162,2
1771.6,0.11363,3.44922,7.50162,2
1771.7,0.11365,3.44929,7.50162,2
1771.8,0.11367,3.44937,7.50162,2
1771.9,0.11369,3.44945,7.50163,2
1772,0.11371,3.44953,7.50163,2
1772.1,0.11373,3.44961,7.50163,2
1772.2,0.11375,3.44969,7.50163,2
1772.3,0.11377,3.44977,7.50163,2
1772.4,0.11379,3.44986,7.50163,2
1772.5,0.11381,3.44994,7.50163,2
1772.6,0.11383,3.45003,7.50164,2
1772.7,0.11385,3.45012,7.50164,2
1772.8,0.11387,3.4502,7.50164,2
1772.9,0.11389,3.45029,7.50164,2
1773,0.11391,3.45039,7.50164,2
1773.1,0.11393,3.45048,7.50164,2
1773.2,0.11395,3.45057,7.50164,2
1773.3,0.11397,3.45067,7.50165,2
1773.4,0.11399,3.45076,7.50165,2
1773.5,0.11401,3.45086,7.50165,2
1773.6,0.11404,3.45096,7.50165,2
1773.7,0.11406,3.45106,7.50165,2
1773.8,0.11408,3.45116,7.50165,2
1773.9,0.1141,3.45126,7.50165,2
1774,0.11412,3.45136,7.50165,2
1774.1,0.11414,3.45147,7.50166,2
1774.2,0.11416,3.45157,7.50166,2
1774.3,0.11418,3.45168,7.50166,2
1774.4,0.1142,3.45179,7.50166,2
1774.5,0.11422,3.4519,7.50166,2
1774.6,0.11424,3.45201,7.50166,2
1774.7,0.11426,3.45212,7.50166,2
1774.8,0.11428,3.45224,7.50167,2
1774.9,0.1143,3.45235,7.50167,2
1775,0.11432,3.45247,7.50167,2
1775.1,0.11435,3.45258,7.50167,2
1775.2,0.11437,3.4527,7.50167,2
1775.3,0.11439,3.45282,7.50167,2
1775.4,0.11441,3.45295,7.50167,2
1775.5,0.11443,3.45307,7.50168,2
1775.6,0.11445,3.45319,7.50168,2
1775.7,0.11447,3.45332,7.50168,2
1775.8,0.11449,3.45345,7.50168,2
1775.9,0.11451,3.45357,7.50168,2
1776,0.11453,3.4537,7.50168,2
1776.1,0.11455,3.45383,7.50168,2
1776.2,0.11457,3.45397,7.50169,2
1776.3,0.11459,3.4541,7.50169,2
1776.4,0.11462,3.45424,7.50169,2
1776.5,0.11464,3.45437,7.50169,2
1776.6,0.11466,3.45451,7.50169,2
1776.7,0.11468,3.45465,7.50169,2
1776.8,0.1147,3.45479,7.50169,2
1776.9,0.11472,3.45494,7.5017,2
1777,0.11474,3.45508,7.5017,2
1777.1,0.11476,3.45523,7.5017,2
1777.2,0.11478,3.45537,7.5017,2
1777.3,0.1148,3.45552,7.5017,2
1777.4,0.11482,3.45567,7.5017,2
1777.5,0.11484,3.45582,7.5017,2
1777.6,0.11487,3.45598,7.50171,2
1777.7,0.11489,3.45613,7.50171,2
1777.8,0.11491,3.45629,7.50171,2
1777.9,0.11493,3.45644,7.50171,2
1778,0.11495,3.4566,7.50171,2
1778.1,0.11497,3.45676,7.50171,2
1778.2,0.11499,3.45693,7.50171,2
1778.3,0.11501,3.45709,7.50171,2
1778.4,0.11503,3.45725,7.50172,2
1778.5,0.11505,3.45742,7.50172,2
1778.6,0.11507,3.45759,7.50172,2
1778.7,0.1151,3.45776,7.50172,2
1778.8,0.11512,3.45793,7.50172,2
1778.9,0.11514,3.4581,7.50172,2
1779,0.11516,3.45828,7.50172,2
1779.1,0.11518,3.45846,7.50173,2
1779.2,0.1152,3.45863,7.50173,2
1779.3,0.11522,3.45881,7.50173,2
1779.4,0.11524,3.45899,7.50173,2
1779.5,0.11526,3.45918,7.50173,2
1779.6,0.11528,3.45936,7.50173,2
1779.7,0.1153,3.45955,7.50173,2
1779.8,0.11533,3.45974,7.50174,2
1779.9,0.11535,3.45993,7.50174,2
1780,0.11537,3.46012,7.50174,2
1780.1,0.11539,3.46031,7.50174,2
1780.2,0.11541,3.4605,7.50174,2
1780.3,0.11543,3.4607,7.50174,2
1780.4,0.11545,3.4609,7.50174,2
1780.5,0.11547,3.4611,7.50175,2
1780.6,0.11549,3.4613,7.50175,2
1780.7,0.11551,3.4615,7.50175,2
1780.8,0.11553,3.46171,7.50175,2
1780.9,0.11555,3.46191,7.50175,2
1781,0.11558,3.46212,7.50175,2
1781.1,0.1156,3.46233,7.50175,2
1781.2,0.11562,3.46254,7.50175,2
1781.3,0.11564,3.46276,7.50176,2
1781.4,0.11566,3.46297,7.50176,2
1781.5,0.11568,3.46319,7.50176,2
1781.6,0.1157,3.46341,7.50176,2
1781.7,0.11572,3.46363,7.50176,2
1781.8,0.11574,3.46385,7.50176,2
1781.9,0.11576,3.46408,7.50176,2
1782,0.11578,3.4643,7.50177,2
1782.1,0.1158,3.46453,7.50177,2
1782.2,0.11583,3.46476,7.50177,2
1782.3,0.11585,3.46499,7.50177,2
1782.4,0.11587,3.46523,7.50177,2
1782.5,0.11589,3.46546,7.50177,2
1782.6,0.11591,3.4657,7.50177,2
1782.7,0.11593,3.46594,7.50178,2
1782.8,0.11595,3.46618,7.50178,2
1782.9,0.11597,3.46643,7.50178,2
1783,0.11599,3.46667,7.50178,2
1783.1,0.11601,3.46692,7.50178,2
1783.2,0.11603,3.46717,7.50178,2
1783.3,0.11605,3.46742,7.50178,2
1783.4,0.11607,3.46767,7.50179,2
1783.5,0.11609,3.46793,7.50179,2
1783.6,0.11612,3.46818,7.50179,2
1783.7,0.11614,3.46844,7.50179,2
1783.8,0.11616,3.4687,7.50179,2
1783.9,0.11618,3.46897,7.50179,2
1784,0.1162,3.46923,7.50179,2
1784.1,0.11622,3.4695,7.50179,2
1784.2,0.11624,3.46977,7.5018,2
1784.3,0.11626,3.47004,7.5018,2
1784.4,0.11628,3.47031,7.5018,2
1784.5,0.1163,3.47058,7.5018,2
1784.6,0.11632,3.47086,7.5018,2
1784.7,0.11634,3.47114,7.5018,2
1784.8,0.11636,3.47142,7.5018,2
1784.9,0.11638,3.47171,7.50181,2
1785,0.1164,3.47199,7.50181,2
1785.1,0.11642,3.47228,7.50181,2
1785.2,0.11644,3.47257,7.50181,2
1785.3,0.11647,3.47286,7.50181,2
1785.4,0.11649,3.47315,7.50181,2
1785.5,0.11651,3.47345,7.50181,2
1785.6,0.11653,3.47375,7.50182,2
1785.7,0.11655,3.47405,7.50182,2
1785.8,0.11657,3.47435,7.50182,2
1785.9,0.11659,3.47465,7.50182,2
1786,0.11661,3.47496,7.50182,2
1786.1,0.11663,3.47527,7.50182,2
1786.2,0.11665,3.47558,7.50182,2
1786.3,0.11667,3.47589,7.50182,2
1786.4,0.11669,3.47621,7.50183,2
1786.5,0.11671,3.47653,7.50183,2
1786.6,0.11673,3.47685,7.50183,2
1786.7,0.11675,3.47717,7.50183,2
1786.8,0.11677,3.47749,7.50183,2
1786.9,0.11679,3.47782,7.50183,2
1787,0.11681,3.47815,7.50183,2
1787.1,0.11683,3.47848,7.50184,2
1787.2,0.11685,3.47881,7.50184,2
1787.3,0.11687,3.47915,7.50184,2
1787.4,0.11689,3.47949,7.50184,2
1787.5,0.11691,3.47983,7.50184,2
1787.6,0.11693,3.48017,7.50184,2
1787.7,0.11695,3.48051,7.50184,2
1787.8,0.11697,3.48086,7.50184,2
1787.9,0.11699,3.48121,7.50185,2
1788,0.11701,3.48156,7.50185,2
1788.1,0.11703,3.48192,7.50185,2
1788.2,0.11705,3.48227,7.50185,2
1788.3,0.11707,3.48263,7.50185,2
1788.4,0.11709,3.48299,7.50185,2
1788.5,0.11711,3.48336,7.50185,2
1788.6,0.11713,3.48372,7.50186,2
1788.7,0.11715,3.48409,7.50186,2
1788.8,0.11717,3.48446,7.50186,2
1788.9,0.11719,3.48484,7.50186,2
1789,0.11721,3.48521,7.50186,2
1789.1,0.11723,3.48559,7.50186,2
1789.2,0.11725,3.48597,7.50186,2
1789.3,0.11727,3.48636,7.50186,2
1789.4,0.11729,3.48674,7.50187,2
1789.5,0.11731,3.48713,7.50187,2
1789.6,0.11733,3.48752,7.50187,2
1789.7,0.11735,3.48791,7.50187,2
1789.8,0.11737,3.48831,7.50187,2
1789.9,0.11739,3.48871,7.50187,2
1790,0.11741,3.48911,7.50187,2
1790.1,0.11743,3.48951,7.50188,2
1790.2,0.11745,3.48992,7.50188,2
1790.3,0.11747,3.49033,7.50188,2
1790.4,0.11749,3.49074,7.50188,2
1790.5,0.1175,3.49115,7.50188,2
1790.6,0.11752,3.49157,7.50188,2
1790.7,0.11754,3.49199,7.50188,2
1790.8,0.11756,3.49241,7.50188,2
1790.9,0.11758,3.49283,7.50189,2
1791,0.1176,3.49326,7.50189,2
1791.1,0.11762,3.49369,7.50189,2
1791.2,0.11764,3.49412,7.50189,2
1791.3,0.11766,3.49456,7.50189,2
1791.4,0.11768,3.49499,7.50189,2
1791.5,0.1177,3.49543,7.50189,2
1791.6,0.11772,3.49588,7.5019,2
1791.7,0.11774,3.49632,7.5019,2
1791.8,0.11775,3.49677,7.5019,2
1791.9,0.11777,3.49722,7.5019,2
1792,0.11779,3.49768,7.5019,2
1792.1,0.11781,3.49813,7.5019,2
1792.2,0.11783,3.49859,7.5019,2
1792.3,0.11785,3.49905,7.5019,2
1792.4,0.11787,3.49952,7.50191,2
1792.5,0.11789,3.49999,7.50191,2
1792.6,0.11791,3.50046,7.50191,2
1792.7,0.11792,3.50093,7.50191,2
1792.8,0.11794,3.50141,7.50191,2
1792.9,0.11796,3.50189,7.50191,2
1793,0.11798,3.50237,7.50191,2
1793.1,0.118,3.50285,7.50191,2
1793.2,0.11802,3.50334,7.50192,2
1793.3,0.11804,3.50383,7.50192,2
1793.4,0.11805,3.50432,7.50192,2
1793.5,0.11807,3.50482,7.50192,2
1793.6,0.11809,3.50532,7.50192,2
1793.7,0.11811,3.50582,7.50192,2
1793.8,0.11813,3.50633,7.50192,2
1793.9,0.11815,3.50683,7.50193,2
1794,0.11816,3.50734,7.50193,2
1794.1,0.11818,3.50786,7.50193,2
1794.2,0.1182,3.50837,7.50193,2
1794.3,0.11822,3.50889,7.50193,2
1794.4,0.11824,3.50942,7.50193,2
1794.5,0.11826,3.50994,7.50193,2
1794.6,0.11827,3.51047,7.50193,2
1794.7,0.11829,3.511,7.50194,2
1794.8,0.11831,3.51154,7.50194,2
1794.9,0.11833,3.51208,7.50194,2
1795,0.11835,3.51262,7.50194,2
1795.1,0.11836,3.51316,7.50194,2
1795.2,0.11838,3.51371,7.50194,2
1795.3,0.1184,3.51426,7.50194,2
1795.4,0.11842,3.51481,7.50194,2
1795.5,0.11843,3.51537,7.50195,2
1795.6,0.11845,3.51593,7.50195,2
1795.7,0.11847,3.51649,7.50195,2
1795.8,0.11849,3.51705,7.50195,2
1795.9,0.1185,3.51762,7.50195,2
1796,0.11852,3.51819,7.50195,2
1796.1,0.11854,3.51877,7.50195,2
1796.2,0.11856,3.51935,7.50195,2
1796.3,0.11857,3.51993,7.50196,2
1796.4,0.11859,3.52051,7.50196,2
1796.5,0.11861,3.5211,7.50196,2
1796.6,0.11863,3.52169,7.50196,2
1796.7,0.11864,3.52229,7.50196,2
1796.8,0.11866,3.52288,7.50196,2
1796.9,0.11868,3.52349,7.50196,2
1797,0.11869,3.52409,7.50196,2
1797.1,0.11871,3.5247,7.50197,2
1797.2,0.11873,3.52531,7.50197,2
1797.3,0.11874,3.52592,7.50197,2
1797.4,0.11876,3.52654,7.50197,2
1797.5,0.11878,3.52716,7.50197,2
1797.6,0.11879,3.52778,7.50197,2
1797.7,0.11881,3.52841,7.50197,2
1797.8,0.11883,3.52904,7.50197,2
1797.9,0.11884,3.52968,7.50198,2
1798,0.11886,3.53031,7.50198,2
1798.1,0.11888,3.53095,7.50198,2
1798.2,0.11889,3.5316,7.50198,2
1798.3,0.11891,3.53225,7.50198,2
1798.4,0.11893,3.5329,7.50198,2
1798.5,0.11894,3.53355,7.50198,2
1798.6,0.11896,3.53421,7.50198,2
1798.7,0.11897,3.53487,7.50199,2
1798.8,0.11899,3.53554,7.50199,2
1798.9,0.11901,3.5362,7.50199,2
1799,0.11902,3.53688,7.50199,2
1799.1,0.11904,3.53755,7.50199,2
1799.2,0.11905,3.53823,7.50199,2
1799.3,0.11907,3.53891,7.50199,2
1799.4,0.11909,3.5396,7.50199,2
1799.5,0.1191,3.54029,7.502,2
1799.6,0.11912,3.54098,7.502,2
1799.7,0.11913,3.54168,7.502,2
1799.8,0.11915,3.54238,7.502,2
1799.9,0.11916,3.54308,7.502,2
1800,0.11918,3.54379,7.502,2
